티커	종목명	CIK	유니버스	종합판정	종합판정사유	현재가	EPS(FY)	EPS기준연도	배당수익률(%)	현금및현금성자산	유가증권성자산	현금성자산합계	장기부채	단기위험부채	주주지분	총부채	주주지분비중	부채비중	주주대부채배수	주당순현금(린치식)	주당순현금(보수형)	순현금차감PER(린치식)	순현금차감PER(보수형)	연간이익증가율(1년,%)	연간이익증가율(3년CAGR,%)	연간이익증가율(5년CAGR,%)	그레이엄적정PER(1년)	그레이엄적정PER(3년)	그레이엄적정PER(5년)	그레이엄내재가치(1년)	그레이엄내재가치(3년)	그레이엄내재가치(5년)	그레이엄괴리율(1년,%)	그레이엄괴리율(3년,%)	그레이엄괴리율(5년,%)	그레이엄사용기준	그레이엄적정PER(선택)	그레이엄내재가치(선택)	그레이엄괴리율(선택,%)	배당감안점수(1년)	배당감안점수(3년)	배당감안점수(5년)	주당잉여현금흐름	잉여현금흐름수익률(%)	배당감안점수기준	배당감안점수	배당감안점수판정	사용연성장률기준	사용연성장률(%)	린치PER배수	린치PER판정	하드필터통과	하드필터사유	발행주식수	3M수익률(보조,%)	6M수익률(보조,%)	12M수익률(보조,%)	52주고점대비(보조,%)	50일이평(보조)	200일이평(보조)	50일선상회(보조)	200일선상회(보조)	추세판정(보조)	비고
BRK-B	BERKSHIRE HATHAWAY INC	0001067983	S&P 500	제외	PEG=매우 유망, PEGY=판정불가	513.1400146484375	3035.0	2013		31583000000.0		31583000000.0			717419000000.0	502473000000.0	58.81004220045709	41.18995779954291	1.4277762188217078	19217.429611745007	19217.429611745007	-6.162863129191621	-6.162863129191621	10.08342401160682	4.546670945333653		28.66684802321364	17.593341890667304		87003.88375045339	53395.79263817527		16855.193761309278	10305.696518280258		3년	17.593341890667304	53395.79263817527	10305.696518280258				15237.402157404884	2969.443372652264	판정불가		판정불가	3년	4.546670945333653	-1.355467154603898	매우 유망	N	순현금차감PER<=0/불가	1643456.0	9.523611944220288	5.304850427921837		-0.1303950708121171	492.02220153808594	490.4805502319336	Y	Y	강한 상승추세	
CVNA	CARVANA CO.	0001690820	S&P 500	제외	PEG=매우 유망, PEGY=판정불가	66.12999725341797	8.45	2025		2327000000.0		2327000000.0	4830000000.0	211000000.0	3441000000.0	8998000000.0	27.662995417638076	72.33700458236193	0.3824183151811514	-11.160306228458557	-12.101107113078916	9.14678147714515	9.25811885994046	431.4465408805031			871.3930817610062			7363.271540880502			11034.540823680325			1년	871.3930817610062	7363.271540880502	11034.540823680325				3.9638482769075742	5.99402456001569	판정불가		판정불가	1년	431.4465408805031	0.0212002661059195	매우 유망	N	주당순현금<=0	224277000.0	-12.189617053211865	-18.936484250030304		-30.89142484460561	66.72879974365235	72.29271001815796	N	N	주의	단기위험부채 존재
BXP	BXP, Inc.	0001037540	S&P 500	제외	PEG=매우 유망, PEGY=안심	70.41000366210938	1.74	2025	3.99	1478206000.0		1478206000.0	3300000000.0	750000000.0	5147190000.0	18473924000.0	21.790631889757613	78.20936811024238	0.2786192040196766	-11.467271777376329	-16.188142431814892	47.055905424991785	49.769049479266826	1833.3333333333333	-31.442996126467893	-20.67539892344771	3675.1666666666665	-54.385992252935786	-32.85079784689542	6394.79	-94.63162652010827	-57.16038825359803	8982.217962504252	-234.40082601647924	-181.18219752963665	1년	3675.1666666666665	6394.79	8982.217962504252	39.045542036420265	-0.5834123449229686	-0.35458671494579197			1년	39.045542036420265	안심	1년	1833.3333333333333	0.0256668575045409	매우 유망	N	주당순현금<=0 | FCF<=0	158869000.0	20.194608161967164	11.65556950325637		-10.79437046766072	66.03460037231446	63.925700149536134	Y	Y	강한 상승추세	단기위험부채 존재
EQT	EQT Corp	0000033213	S&P 500	제외	PEG=매우 유망, PEGY=안심	53.560001373291016	3.31	2025	1.24	110795000.0		110795000.0	7293209000.0	53650000.0	23752677000.0	14432726000.0	62.20355196984565	37.79644803015435	1.6457512600183777	-11.665122125911742	-11.75225631255918	19.705475377402642	19.731799905090693	635.5555555555555	-8.914070517873663		1279.611111111111	-9.328141035747326		4235.512777777778	-30.876146828323648		7807.977350967579	-157.64777079285287		1년	1279.611111111111	4235.512777777778	7807.977350967579	32.315665740589246	-0.3894384870650694		4.608492213143376	8.604354172853908	1년	32.315665740589246	안심	1년	635.5555555555555	0.0310051186008083	매우 유망	N	주당순현금<=0	615717000.0	-9.343263856945494	-2.173513473441069		-21.15412758328793	52.44279991149902	56.384850101470946	Y	N	주의	단기위험부채 존재
AIG	AMERICAN INTERNATIONAL GROUP, INC.	0000005272	S&P 500	제외	PEG=매우 유망, PEGY=안심	78.79000091552734	5.43	2025	2.55	1345000000.0	13230000000.0	14575000000.0	9191000000.0	250000000.0	41139000000.0	120092000000.0	25.51556462466895	74.48443537533105	0.3425623688505479	9.439817854436424	9.001490502354494	12.771672755265364	12.852396024525387	350.2304147465438	-25.267844119025785		708.9608294930875	-42.03568823805157		3849.6573041474653	-228.25378713262		4785.9718992449	-389.6989268693325		1년	708.9608294930875	3849.6573041474653	4785.9718992449	27.622099431032115	-1.7787681030004407				1년	27.622099431032115	안심	1년	350.2304147465438	0.0364664866827971	매우 유망	N	FCF<=0	570349988.0	1.5858733827375016	6.5882073420125975		-9.007963682001108	76.98720001220703	77.5066499710083	Y	Y	상승전환	단기위험부채 존재
BKNG	Booking Holdings Inc.	0001075531	S&P 500	매우 유망	PEG=매우 유망, PEGY=안심	192.7100067138672	165.57	2025	83.0	17203000000.0	0.0	17203000000.0	16856000000.0	1880000000.0	-5578000000.0	34842000000.0	-19.060962274466924	119.06096227446692	-0.1600941392572183	10.631453169521125	-46.96835074604002	1.0997073959313044	1.4475953219780588	-4.1229949620707655	29.43673092572357	158.29965811243966	0.2540100758584689	67.37346185144713	325.0993162248793	42.05644825988669	11155.024078744102	53826.693787353266	-78.17630284122637	5688.502771061032	27831.4472067215	3년	67.37346185144713	11155.024078744102	5688.502771061032	71.72544745062028	102.242406790858	219.42169253857867	278.4092649897362	144.470580296909	3년	102.242406790858	안심	3년	29.436730925723566	0.0373583397798535	매우 유망	Y		32639000.0	16.38483185336228	-5.944649671562551		-15.786404632365436	175.6390005493164	185.34219429016113	Y	Y	상승전환	단기위험부채 존재
EXE	EXPAND ENERGY Corp	0000895126	S&P 500	제외	PEG=매우 유망, PEGY=안심	94.66000366210938	7.57	2025	2.45	616000000.0	0.0	616000000.0	5009000000.0	0.0	18578000000.0	9709000000.0	65.67681267013116	34.323187329868844	1.9134823359769286	-18.27599118026376	-18.27599118026376	14.918889675346517	14.918889675346517	266.3736263736264	-39.005602482843		541.2472527472528	-69.51120496568599		4097.241703296704	-526.199821590243		4228.376869624772	-655.884007218638		1년	541.2472527472528	4097.241703296704	4228.376869624772	18.01901027647237	-2.4502897520082323		7.650705162873903	8.082299669228025	1년	18.01901027647237	안심	1년	266.3736263736264	0.0560073828571176	매우 유망	N	주당순현금<=0	240370000.0	-6.0633057303742905	-11.483073217643923		-22.971760003049525	90.27299987792969	102.52624988555908	Y	N	주의	
SOLV	Solventum Corp	0001964738	S&P 500	제외	PEG=매우 유망, PEGY=판정불가	88.06999969482422	8.88	2025		878000000.0		878000000.0	5035000000.0	0.0	5049000000.0	9245000000.0	35.322512942493354	64.67748705750664	0.5461330448891293	-23.713633770678836	-23.713633770678836	12.588247011880974	12.588247011880974	221.73913043478265			451.9782608695653			4013.5669565217404			4457.246474882881			1년	451.9782608695653	4013.5669565217404	4457.246474882881				-0.05704506560182544	-0.06477241489666762	판정불가		판정불가	1년	221.73913043478265	0.0567705257398553	매우 유망	N	주당순현금<=0 | FCF<=0	175300000.0	30.59014903112123	14.51046093008177		-0.5420704013449074	78.6077995300293	75.34610002517701	Y	Y	강한 상승추세	
CMCSA	COMCAST CORP	0001166691	S&P 500	매우 유망	PEG=매우 유망, PEGY=안심	24.559999465942383	5.39	2025	5.51	9481000000.0	14000000.0	9495000000.0		2781000000.0	96903000000.0					2.559989215421947	1.8101914262604475	4.08163455482754	4.220743606620025	30.193236714975846	64.538600212299	49.1602769351271	68.88647342995169	137.577200424598	106.8205538702542	371.2980917874396	741.5411102885832	575.7627853606701	1411.8000808685795	2919.3042606409103	2244.3110662892586	3년	137.577200424598	741.5411102885832	2919.3042606409103	8.747288919520726	17.161899055722483	13.394211608304328	5.9026691830682125	24.03366983477955	3년	17.161899055722483	안심	3년	64.538600212299	0.0632433077476277	매우 유망	Y		3709000000.0	-9.272258061243155	-16.99898837684052		-24.38423703176147	23.77059989929199	26.963108358383177	Y	N	주의	단기위험부채 존재
PGR	PROGRESSIVE CORP/OH/	0000080661	S&P 500	매우 유망	PEG=매우 유망, PEGY=안심	210.4600067138672	19.23	2025	6.57	138000000.0	10005000000.0	10143000000.0	2707900000.0	0.0	30323000000.0	92716000000.0	24.645031250253986	75.35496874974602	0.3270525044221062	12.642577792892364	12.642577792892364	10.286917780601915	10.286917780601915	33.541666666666664	153.53179173781882	14.762613935523516	75.58333333333333	315.56358347563764	38.025227871047036	1453.4675	6068.287710236512	731.2251319602345	590.6145840696827	2783.34482402954	247.4413706326534	3년	315.56358347563764	6068.287710236512	2783.34482402954	3.899289128402038	15.563630929346346	2.0737614891557237	29.246726747151843	13.896572181960678	3년	15.563630929346346	안심	3년	153.53179173781882	0.0670018741015446	매우 유망	Y		588100000.0	5.6313997748248745	3.6544590588504233		-16.708875726495442	210.82719970703124	210.73510009765624	N	N	중립/개선	
T	AT&T INC.	0000732717	S&P 500	제외	PEG=매우 유망, PEGY=안심	23.59000015258789	3.04	2025	4.77	18234000000.0	1890000000.0	20124000000.0	61300000000.0	0.0	126491000000.0	279032000000.0	31.19206555485139	68.80793444514862	0.4533207660770091	-5.73561777406324	-5.73561777406324	9.646584844293136	9.646584844293136	104.02684563758389			216.55369127516778			658.3232214765101			2690.6876524724826			1년	216.55369127516778	658.3232214765101	2690.6876524724826	11.278275928081166			2.7353391837303245	11.595333471967994	1년	11.278275928081166	안심	1년	104.02684563758389	0.0927316865677211	매우 유망	N	주당순현금<=0	7179000000.0	-9.616858973932684	-10.304179327328155		-20.357868047925322	22.81539993286133	25.182399940490722	Y	N	주의	
MOS	MOSAIC CO	0001285785	S&P 500	제외	PEG=매우 유망, PEGY=불리(<1)	21.809999465942383	1.7	2025	3.98	276600000.0		276600000.0	3834100000.0	759900000.0	12084900000.0					-11.155534650360615	-13.538413295703982	19.391490656648823	20.79318397743904	209.09090909090904	-44.713769482781785	-0.5780734258513109	426.6818181818181	-80.92753896556357	7.343853148297378	725.3590909090907	-137.57681624145806	12.484550352105542	3225.809760068001	-730.7969720783004	-42.75767694721445	1년	426.6818181818181	725.3590909090907	3225.809760068001	10.98785610985779	-2.100600217075899	0.175433989804299	-1.6763875823142051	-7.686325645867092	5년	0.175433989804299	불리(<1)	1년	209.09090909090904	0.0927419118361465	매우 유망	N	주당순현금<=0 | FCF<=0	318900000.0	-5.050064789238795	-20.022005501165463		-39.29863823908565	22.172400016784668	25.01710000038147	N	N	주의	단기위험부채 존재
GPN	GLOBAL PAYMENTS INC	0001123360	S&P 500	제외	PEG=매우 유망, PEGY=안심	86.19000244140625	5.78	2025	1.19	8336402000.0		8336402000.0	9090364000.0	35137000.0	22888767000.0	29559003000.0	43.641068056849704	56.3589319431503	0.7743416447435659	-3.1154424647119106	-3.2606318799378533	15.450769014899334	15.475888290889982	-6.168831168831167	143.56933796914083	56.79044787371208	-3.8376623376623336	295.63867593828166	122.08089574742417	-22.18168831168829	1708.791546923268	705.6275774201117	-125.73580192989073	1882.5867252816704	718.68842955401	3년	295.63867593828166	1708.791546923268	1882.5867252816704	-0.3222384053525122	9.369070098035115	3.7525930144836765	10.570125780965919	12.263749253460933	3년	9.369070098035117	안심	3년	143.56933796914083	0.1076188637034765	매우 유망	N	주당순현금<=0	242008000.0	20.04178102788554	19.724968744280467		-4.243972452131084	74.06439979553222	74.46635009765625	Y	Y	상승전환	단기위험부채 존재
APA	APA Corp	0001841666	S&P 500	제외	PEG=매우 유망, PEGY=안심	36.869998931884766	3.99	2025	2.68	516000000.0		516000000.0			6093000000.0					1.4373259052924792	1.4373259052924792	8.880369179597063	8.880369179597063	75.77092511013217	-28.726114714581406		160.04185022026434	-48.95222942916281		638.5669823788547	-195.31939542235963		1631.941960612939	-629.7515624646509		1년	160.04185022026434	638.5669823788547	1631.941960612939	8.834196363184509	-2.9329990890945394				1년	8.834196363184509	안심	1년	75.77092511013217	0.1172002211493333	매우 유망	N	FCF<=0	359000000.0	-12.25607203658986	42.410196218955676		-16.94075368587932	35.40740001678467	31.413700075149535	Y	Y	강한 상승추세	
AIZ	ASSURANT, INC.	0001267238	S&P 500	매우 유망	PEG=매우 유망, PEGY=안심	282.3900146484375	16.93	2025	1.26	1834100000.0	402500000.0	2236600000.0	2006900000.0	0.0	5871600000.0	30418000000.0	16.17984215863498	83.82015784136502	0.19303044250115065	4.496282384855581	4.496282384855581	16.414278338073355	16.414278338073355	17.08160442600276	137.11065981498948	49.9928022766621	42.66320885200552	282.72131962997895	108.4856045533242	722.2881258644534	4786.471941335543	1836.6612850877787	155.77679393645298	1594.98625767433	550.3988065492814	3년	282.72131962997895	4786.471941335543	1594.9862576743299	1.1174176560329747	8.429896031069184	3.1224523686661176	31.288018127789123	11.079718299084073	3년	8.429896031069184	안심	3년	137.11065981498948	0.1197155520965473	매우 유망	Y		51086649.0	23.249834438938464	17.47161502784116		-0.24373744402873543	266.7233996582031	237.53884979248048	Y	Y	강한 상승추세	
DASH	DoorDash, Inc.	0001792789	S&P 500	보류	PEG=매우 유망, PEGY=판정불가	200.5	2.13	2025		4378000000.0	1128000000.0	5506000000.0			10033000000.0	9613000000.0	51.0689198819098	48.9310801180902	1.0436908353271612	12.52257292704339	12.52257292704339	88.25231317979184	88.25231317979184	634.4827586206897			1277.4655172413793			2721.0015517241377			1257.1080058474502			1년	1277.4655172413793	2721.0015517241377	1257.1080058474502				4.944437621393449	2.466053676505461	판정불가		판정불가	1년	634.4827586206897	0.1390933196855414	매우 유망	Y		439686000.0	16.18473169750021	-3.452592205019578		-28.83509372126859	175.48800079345702	190.69435012817382	Y	Y	상승전환	
EIX	EDISON INTERNATIONAL	0000827052	S&P 500	제외	PEG=매우 유망, PEGY=안심	71.45999908447266	11.55	2025	4.78	158000000.0	10000000.0	168000000.0	36070000000.0	2390000000.0	17579000000.0	74767000000.0	19.03601671972798	80.96398328027202	0.2351170971150374	-93.01036269430051	-99.20207253886011	14.239858162664342	14.775936937085087	248.9425981873112	93.26535131289802	52.72616154177432	506.3851963746224	195.03070262579604	113.95232308354863	5848.7490181268895	2252.6046153279444	1316.1493316149867	8084.647485389834	3052.25950767946	1741.798696441586	3년	195.03070262579604	2252.6046153279444	3052.25950767946	17.817775661034993	6.885275835820073	4.038394265228738	-1.8523316062176165	-2.5921237474800143	3년	6.885275835820073	안심	3년	93.26535131289802	0.15268111857415	매우 유망	N	주당순현금<=0 | FCF<=0	386000000.0	3.565216064453125	17.629628122588727		-11.09728598375389	74.22559951782226	67.14599990844727	N	Y	상승전환	단기위험부채 존재
PSX	Phillips 66	0001534701	S&P 500	제외	PEG=매우 유망, PEGY=안심	206.19000244140625	10.79	2025	2.4	1116000000.0		1116000000.0	1100000000.0	0.0	29093000000.0	43439000000.0	40.110571885512606	59.889428114487394	0.6697437786321048	0.03921059274162915	0.03921059274162915	19.105726770033794	19.105726770033794	116.2324649298597	-22.599870532058443		240.9649298597194	-36.699741064116886		2600.011593186372	-395.99020608182116		1160.978496726691	-292.0511185765911		1년	240.9649298597194	2600.011593186372	1160.978496726691	6.2092620897273445	-1.0572678430501137				1년	6.2092620897273445	안심	1년	116.2324649298597	0.164375132038739	매우 유망	N	FCF<=0	408053000.0	15.532022766349108	44.95921996524077		-2.864277433777529	186.28080078125	160.50095024108887	Y	Y	강한 상승추세	
MCHP	MICROCHIP TECHNOLOGY INC	0000827054	S&P 500	제외	PEG=매우 유망, PEGY=안심	75.22000122070312	0.22	2026	2.45	240300000.0	0.0	240300000.0	5496400000.0	0.0	6432400000.0					-9.64068231841526	-9.64068231841526	385.7303797232654	385.7303797232654	2300.0	-62.033647476478926	-29.795234328396646	4608.5	-115.56729495295785	-51.09046865679329	1013.87	-25.424804889650726	-11.239903104494525	1247.8728842681116	-133.80059090274642	-114.94270529392243	1년	4608.5	1013.87	1247.8728842681116	5.9690657543018695	-0.1544696778076594	-0.07089209397511013	1.5975788701393985	2.123875092014343	1년	5.9690657543018695	안심	1년	2300.0	0.1677088607492458	매우 유망	N	주당순현금<=0	545200000.0	-21.070305548835243	-3.662910531866892		-26.914105558739	88.51180023193359	75.49755004882813	N	N	주의	
TTD	Trade Desk, Inc.	0001671933	S&P 500	보류	PEG=매우 유망, PEGY=판정불가	18.299999237060547	0.9	2025		658175000.0	644882000.0	1303057000.0			2484391000.0	3668829000.0	40.37546195325375	59.62453804674625	0.6771618410124866	2.6401668723191727	2.6401668723191727	17.399813738601527	17.399813738601527	15.384615384615383	101.50381586419562	-28.890526663955164	39.26923076923077	211.50763172839123	-49.28105332791033	35.34230769230769	190.35686855555213	-44.352947995119294	93.12737249045142	940.2015108833872	-342.3658461433003	3년	211.50763172839123	190.35686855555213	940.2015108833872				1.6122143405646023	8.80991479660611	판정불가		판정불가	3년	101.50381586419562	0.1714202918428323	매우 유망	Y		493551000.0	-24.06639440914179	-38.48739752248556		-79.61230080043192	19.28840015411377	29.11845006942749	N	N	주의	
ACGL	ARCH CAPITAL GROUP LTD.	0000947484	S&P 500	제외	PEG=매우 유망, PEGY=안심	101.12000274658203	11.6	2025	4.944620118860713	993000000.0		993000000.0			24206000000.0	55035000000.0	30.54731767645537	69.45268232354464	0.4398291996002544	2.641660015961692	2.641660015961692	8.489512304363823	8.489512304363823	3.663985701519215	45.06349306453876	17.271170538952106	15.827971403038429	98.62698612907752	43.04234107790421	183.60446827524578	1144.0730390972992	499.29115650368885	81.57086954930072	1031.4013133133249	393.7610195234745	3년	98.62698612907752	1144.0730390972992	1031.4013133133249	1.0140283106669024	5.890575499571871	2.6168512231725423			3년	5.890575499571871	안심	3년	45.06349306453876	0.1883900187720771	매우 유망	N	FCF<=0	375900000.0	7.976509449002944	4.560028646321657		-5.033809580550264	96.58539993286132	94.81404983520508	Y	Y	강한 상승추세	
PODD	INSULET CORP	0001145197	S&P 500	제외	PEG=매우 유망, PEGY=판정불가	169.6999969482422	3.48	2025		907200000.0	0.0	907200000.0	1374300000.0	18400000.0	1515200000.0	1675200000.0	47.492477432296894	52.50752256770311	0.9044890162368673	-6.49778816459394	-6.753748991458698	50.631547446217276	50.70509940796003	-39.7923875432526	267.70008870907657	103.38356182130251	-71.0847750865052	543.9001774181531	215.26712364260501	-247.3750173010381	1892.7726174151728	749.1295902762654	-245.77196331741033	1015.3639666784796	341.4434907177676	3년	543.9001774181531	1892.7726174151728	1015.3639666784796				5.2541524079793005	3.09614172213674	판정불가		판정불가	3년	267.70008870907657	0.1891353405610604	매우 유망	N	주당순현금<=0	71886000.0	-0.986056623738063	-33.87109337651286		-51.90182148817346	155.58679931640626	231.40500091552735	Y	N	주의	단기위험부채 존재
UAL	United Airlines Holdings, Inc.	0000100517	S&P 500	제외	PEG=매우 유망, PEGY=안심	128.38999938964844	10.2	2025	1.674585256033069	5942000000.0	6298000000.0	12240000000.0	17170000000.0	4096000000.0	15282000000.0					-15.007610350076103	-27.476407914764078	14.058589190169075	15.281020323962013	7.936507936507938	65.99631084110487		24.373015873015873	140.49262168220974		248.6047619047619	1433.0247411585392		93.63249714666317	1016.149815383579		3년	140.49262168220974	1433.0247411585392	1016.149815383579	0.6836456391557323	4.813491253052548				3년	4.813491253052548	안심	3년	65.99631084110487	0.2130208342102189	매우 유망	N	주당순현금<=0 | FCF<=0	328500000.0	42.5446872706343	19.599442212008466		-5.671883907196163	118.91840026855469	105.68094993591309	Y	Y	강한 상승추세	단기위험부채 존재
FCX	FREEPORT-MCMORAN INC	0000831259	S&P 500	제외	PEG=매우 유망, PEGY=안심	63.63999938964844	2.9	2021	96.0	3824000000.0		3824000000.0	8913000000.0	466000000.0	18899000000.0	27401000000.0	40.81857451403887	59.18142548596113	0.6897193533082734	-3.5266805266805266	-3.8496188496188495	23.16092410907895	23.27228215147148	607.3170731707318	106.36118797315696		1223.1341463414635	221.22237594631395		3547.089024390244	641.5448902443104		5473.678595866245	908.0843752312528		3년	221.22237594631395	641.5448902443104	908.0843752312527	30.3665376156142	8.73718108224501				3년	8.73718108224501	안심	3년	106.36118797315697	0.2177572905158244	매우 유망	N	주당순현금<=0 | FCF<=0	1443000000.0	14.522223752280961	4.739962389193431		-11.266036940225632	63.645400314331056	57.20964998245239	N	Y	상승전환	단기위험부채 존재
EOG	EOG RESOURCES INC	0000821189	S&P 500	제외	PEG=매우 유망, PEGY=안심	145.67999267578125	9.12	2025	2.74	3396000000.0		3396000000.0	7909000000.0	27000000.0	29833000000.0					-8.265567765567766	-8.315018315018316	16.879995662428623	16.8854178717982	-18.93333333333334	-11.640253534777134	73.5055490536587	-29.36666666666668	-14.780507069554268	155.5110981073174	-267.8240000000001	-134.79822447433492	1418.2612147387345	-283.8440509782679	-192.53036192439663	873.5456384152573	5년	155.5110981073174	1418.2612147387345	873.5456384152573	-0.9593209416147156	-0.5272663401559549	4.516917573821746			5년	4.516917573821746	안심	5년	73.5055490536587	0.2296424675381488	매우 유망	N	주당순현금<=0 | FCF<=0	546000000.0	2.87408519729373	34.378736052656535		-2.808730889992872	137.42799896240234	124.1437996673584	Y	Y	강한 상승추세	단기위험부채 존재
DAL	DELTA AIR LINES, INC.	0000027904	S&P 500	제외	PEG=매우 유망, PEGY=안심	91.58999633789062	7.66	2025	89.0	4310000000.0	0.0	4310000000.0	11936000000.0	1372000000.0	20853000000.0					-11.660550458715596	-13.758409785932722	13.479183654909427	13.753055629741953	43.71482176360225	54.92464741024845		95.9296435272045	118.34929482049691		734.8210694183865	906.5555983250064		702.2940264213029	889.7976139016023		3년	118.34929482049691	906.5555983250064	889.7976139016023	9.845909452777912	10.677549256317743				3년	10.677549256317745	안심	3년	54.924647410248454	0.2454122928496821	매우 유망	N	주당순현금<=0 | FCF<=0	654000000.0	33.708023850935206	32.58539940674501		-2.2101294504392355	85.08579971313476	71.07469987869263	Y	Y	강한 상승추세	단기위험부채 존재
GEV	GE Vernova Inc.	0001996810	S&P 500	제외	PEG=매우 유망, PEGY=안심	1006.760009765625	17.69	2025	20.0	8848000000.0		8848000000.0		63000000.0	11178000000.0	50720000000.0	18.058741801027498	81.9412581989725	0.22038643533123028	32.05797101449275	31.829710144927535	55.09904119565473	55.111944580028116	217.02508960573476			442.5501792114695			7828.712670250897			677.6145848376945			1년	442.5501792114695	7828.712670250897	677.6145848376945	4.3018006205238155					1년	4.301800620523816	안심	1년	217.02508960573476	0.2538832781765098	매우 유망	N	FCF<=0	276000000.0	-6.256338233726211	33.35100054747884		-14.308085872516596	1024.4619946289063	838.3088485717774	N	Y	중립/개선	단기위험부채 존재
POOL	POOL CORP	0000945841	S&P 500	제외	PEG=매우 유망, PEGY=안심	195.5800018310547	10.85	2025	2.8	16358000.0		16358000.0	1186424000.0	13029000.0	1185229000.0	2440897000.0	32.68581952199124	67.31418047800877	0.48557108308953634	-31.379156833297575	-31.72857219480798	20.917894807774402	20.95009898855877	-3.982300884955761	81.32295304049583	49.55892924246974	0.5353982300884779	171.14590608099167	107.61785848493948	5.809070796459984	1856.9330809787596	1167.6537645615933	-97.02982373347253	849.4493627128655	497.02104183956004	3년	171.14590608099167	1856.9330809787596	849.4493627128655	-0.056521026414012944	4.021578357360821	2.503068770716347	8.300686547951084	4.244138700398089	3년	4.021578357360821	안심	3년	81.32295304049583	0.2572200593522232	매우 유망	N	주당순현금<=0	37288000.0	-3.7642051160303946	-22.878550029994106		-41.37641487514705	196.04960052490233	225.00890022277832	N	N	주의	단기위험부채 존재
EG	EVEREST GROUP, LTD.	0001095073	S&P 500	제외	PEG=매우 유망, PEGY=안심	372.04998779296875	37.8	2025	2.14	656095000.0	331000000.0	987095000.0		50000000.0	15461000000.0	47054000000.0	24.73166440054387	75.26833559945612	0.32857992944276787	23.728245192307693	22.526322115384616	9.214860915361404	9.24665782215831	18.942731277533024	35.51207914489844	88.45989078523058	46.38546255506605	79.52415828979689	185.41978157046117	1753.3704845814966	3006.013183354322	7008.867743363432	371.27282411232835	707.959489848727	1783.8510881133511	3년	79.52415828979689	3006.013183354322	707.959489848727	2.2879055333746363	4.086017085958561	9.831932529138697			3년	4.086017085958561	안심	3년	35.51207914489844	0.2594852550807401	매우 유망	N	FCF<=0	41600000.0	7.0585864280548805	12.144314215509876		-6.684229645878226	356.0505987548828	337.70129943847655	Y	Y	강한 상승추세	단기위험부채 존재
INCY	INCYTE CORP	0000879169	S&P 500	보류	PEG=매우 유망, PEGY=판정불가	118.43000030517578	6.41	2025		3097817000.0	284870000.0	3382687000.0	316153000.0	689118000.0	5167478000.0	1790495000.0	74.26700276071782	25.732997239282184	2.8860611171770936	15.279192825112107	11.845620328849028	16.09216965367608	16.627828389442552	4173.333333333333	61.56160063417288	56.62815181550294	8355.166666666666	131.62320126834578	121.75630363100588	53556.61833333333	843.7047201300965	780.4579062747476	45122.171911953235	612.4079354521658	559.0035499988419	3년	131.62320126834578	843.7047201300965	612.4079354521658				6.800189337319382	5.7419482561820026	판정불가		판정불가	3년	61.56160063417288	0.261399467978474	매우 유망	Y		200700000.0	21.916822163163484	15.350153323561088		-8.85091435300993	109.56039993286133	101.42030002593994	Y	Y	강한 상승추세	단기위험부채 존재
PRU	PRUDENTIAL FINANCIAL INC	0001137774	S&P 500	제외	PEG=매우 유망, PEGY=안심	122.9800033569336	9.99	2025	4.59	19712000000.0	7800000000.0	27512000000.0	18856000000.0		32438000000.0	738159000000.0	4.209463571750215	95.79053642824978	0.043944461830039326	24.47271699180096	24.47271699180096	9.860589225739002	9.860589225739002	33.2		37.53520846738611	74.9		83.57041693477223	748.2510000000001		834.8684651783745	508.43306194121504		578.8652157987641	5년	83.57041693477223	834.8684651783745	578.8652157987641	3.8324281779588922		4.2720782199736185			5년	4.2720782199736185	안심	5년	37.53520846738611	0.2627023967192495	매우 유망	N	FCF<=0	353700000.0	25.93958160291663	10.0787701514488		-0.7665593043676533	110.99360000610352	105.84460014343261	Y	Y	강한 상승추세	
UHS	UNIVERSAL HEALTH SERVICES INC	0000352915	S&P 500	제외	PEG=매우 유망, PEGY=안심	169.0399932861328	23.1	2025	47.0	137797000.0		137797000.0	4004393000.0	748158000.0	7275792000.0					-59.98256337066799	-71.58874996121746	9.9143963920693	10.416828712006504	37.336504161712256	36.21405696848752	45.03135209620262	83.17300832342451	80.92811393697504	98.56270419240523	1921.2964922711064	1869.4394319441235	2276.798466844561	1036.592858838406	1005.915467459666	1246.8992884959716	3년	80.92811393697504	1869.4394319441235	1005.9154674596659	8.506468858676511	8.393254987772316	9.282597594122837	13.174350780304676	7.793629498082471	3년	8.393254987772316	안심	3년	36.21405696848752	0.2737720438418853	매우 유망	N	주당순현금<=0	64462000.0	1.7883939488939404	-16.258796802230723		-30.772381703450314	151.3366000366211	191.57265029907228	Y	N	중립/개선	단기위험부채 존재
NXPI	NXP Semiconductors N.V.	0001413447	S&P 500	제외	PEG=매우 유망, PEGY=안심	224.1699981689453	7.95	2025	1.77	3267000000.0		3267000000.0	10972000000.0	307000000.0	10056000000.0					-30.295166534948553	-31.502254935497444	32.008196818099854	32.160031837036826	-18.293936279547793	-9.000664080454257	113.31378642177046	-28.087872559095587	-9.501328160908514	235.12757284354092	-223.29858684480993	-75.53555887922269	1869.2642041061504	-199.61127210097104	-133.6956593193597	733.860114812234	5년	235.12757284354092	1869.2642041061504	733.860114812234	-0.5162407733697736	-0.22590038800203494	3.595447349808015	9.526955031042224	4.249879604255629	5년	3.595447349808015	안심	5년	113.31378642177046	0.2824739851068136	매우 유망	N	주당순현금<=0	254331000.0	-22.902053019724544	-2.990307948483295		-32.614906928591694	289.23400024414065	241.4285501098633	N	N	주의	단기위험부채 존재
PYPL	PayPal Holdings, Inc.	0001633917	S&P 500	매우 유망	PEG=매우 유망, PEGY=안심	57.869998931884766	5.41	2025	98.0	8049000000.0	2373000000.0	10422000000.0	9987000000.0		20256000000.0	59917000000.0	25.26536365110449	74.7346363488955	0.3380676602633643	0.4493801652892562	0.4493801652892562	10.613792747984382	10.613792747984382	35.58897243107769	37.30414865193261	32.59424256515169	79.67794486215539	83.10829730386523	73.68848513030338	431.05768170426063	449.6158884139109	398.6547045549413	644.872454916808	676.9412419432153	588.8797510160201	3년	83.10829730386523	449.6158884139109	676.9412419432153	12.586355848756044	12.747954653403951	12.304201303530471	5.74793388429752	9.93249350334888	3년	12.747954653403951	안심	3년	37.304148651932614	0.2845204389199889	매우 유망	Y		968000000.0	14.844214393407862	10.58665566019994		-23.985286983198193	47.31559997558594	52.075325107574464	Y	Y	상승전환	
DIS	Walt Disney Co	0001744489	S&P 500	제외	PEG=매우 유망, PEGY=안심	98.13999938964844	6.85	2025	1.56	5695000000.0		5695000000.0	35315000000.0	6711000000.0	109869000000.0					-16.35560463832137	-20.06129210381005	16.714686719411652	17.255662991745766	151.8382352941176	58.50904212609996		312.1764705882352	125.51808425219991		2138.408823529411	859.7988771275693		2078.937066261043	776.094235250483		3년	125.51808425219991	859.7988771275693	776.094235250483	9.177452013860846	3.5937880939364897		5.564329099944782	5.669787176024472	3년	3.5937880939364897	안심	3년	58.509042126099956	0.2856769844802415	매우 유망	N	주당순현금<=0	1811000000.0	-3.1290082374268224	-6.04116586209239		-17.77126045717685	99.03260055541992	104.62705020904541	N	N	주의	단기위험부채 존재
IBM	INTERNATIONAL BUSINESS MACHINES CORP	0000051143	S&P 500	제외	PEG=매우 유망, PEGY=안심	226.30999755859375	11.17	2025	3.02	13587000000.0	608000000.0	14195000000.0	54836000000.0	6424000000.0	32648000000.0	119139000000.0	21.509088393604195	78.49091160639581	0.2740328523825112	-42.839739881982034	-49.61128804767315	24.09576879503812	24.701995130373046	73.71695178849146	83.76390990316042	12.386209881346621	155.9339035769829	176.02781980632085	33.27241976269325	1741.7817029548992	1966.230747236604	371.65292874928355	669.6441702730945	768.8218675480869	64.22293878248095	3년	176.02781980632085	1966.230747236604	768.8218675480869	3.1846650107421923	3.601624444580131	0.6393740748591147	12.756736597321586	5.636841825345674	3년	3.601624444580131	안심	3년	83.76390990316042	0.2876628947108041	매우 유망	N	주당순현금<=0	948675228.0	-1.3813832264094383	-28.093925059970005		-31.260823738212707	260.46399871826173	270.2413498687744	N	N	주의	단기위험부채 존재
NOC	NORTHROP GRUMMAN CORP /DE/	0001133421	S&P 500	제외	PEG=매우 유망, PEGY=안심	548.469970703125	29.08	2025	1.73	4403000000.0	250000000.0	4653000000.0	15162000000.0	534000000.0	16674000000.0	34703000000.0	32.45421102828114	67.54578897171886	0.4804771921735873	-73.08066759388039	-76.7941585535466	21.373818373349568	21.50151751226519	2.6111503175723305	-2.5984458859345416	71.32693092917182	13.722300635144661	3.3031082281309168	151.15386185834365	399.0445024700067	96.05438727404706	4395.554302840633	-27.24405641416585	-82.48684660877464	701.4211420190682	5년	151.15386185834365	4395.554302840633	701.4211420190682	0.2031059795560531	-0.04063129342473421	3.4180570665026573	22.99721835883171	4.192976751188373	5년	3.4180570665026573	안심	5년	71.32693092917182	0.2996598633211056	매우 유망	N	주당순현금<=0	143800000.0	-3.268082768408287	-19.933731122422426		-28.586500774045476	535.4713977050782	605.9622491455078	Y	N	주의	단기위험부채 존재
AWK	American Water Works Company, Inc.	0001410636	S&P 500	제외	PEG=매우 유망, PEGY=안심	131.3000030517578	5.69	2025	2.67	98000000.0		98000000.0	5212881000.0	1588000000.0	10837000000.0					-26.230158974358975	-34.373748717948715	27.685441480864107	29.11665233211011	366.3934426229509	91.51777276233976	48.04865146769342	741.2868852459018	191.5355455246795	104.59730293538684	4217.922377049182	1089.8372540354264	595.1586537023511	3112.431286377425	730.0359700721546	353.2815231297006	3년	191.5355455246795	1089.8372540354264	730.0359700721546	13.33059625861642	3.402068658628448	1.83196108693985	-5.471794871794872	-4.167398891558226	3년	3.402068658628448	안심	3년	91.51777276233975	0.3025143712004415	매우 유망	N	주당순현금<=0 | FCF<=0	195000000.0	3.5080840608323394	3.73706515630734		-10.680270032817818	129.3825996398926	131.2754001235962	Y	Y	상승전환	단기위험부채 존재
NVR	NVR INC	0000906163	S&P 500	매우 유망	PEG=매우 유망, PEGY=안심	6204.10009765625	436.55	2025	0.013233184298721307	2809782000.0		2809782000.0	600115000.0		3864869000.0	1992061000.0	65.98796639194937	34.012033608050636	1.9401358693333186	719.9716008227812	719.9716008227812	12.5624292677436	12.5624292677436	-13.842783556020443	-3.895748108815445	41.51016978111202	-19.185567112040886	0.7085037823691112	91.52033956222404	-8375.45932276145	309.2973261932355	39953.2042358889	-234.99877808105455	-95.0146303037554	543.9806516175037	5년	91.52033956222404	39953.2042358889	543.9806516175037	-1.1008659294290868	-0.3090576545163769	3.3053641203003536	357.3721703051348	5.760257969405439	5년	3.3053641203003536	안심	5년	41.51016978111202	0.3026349767776609	매우 유망	Y		3069103.0	4.584869744641984	-19.61914039147373		-27.37796912494147	6390.13439453125	6933.821945800782	N	N	중립/개선	
CPB	CAMPBELL'S Co	0000016732	S&P 500	제외	PEG=매우 유망, PEGY=안심	22.3700008392334	2.01	2025	7.1	132000000.0		132000000.0	2244000000.0	332000000.0	3902000000.0	10992000000.0	26.19846918222103	73.80153081777897	0.3549854439592431	-7.04	-8.146666666666667	14.631841213548956	15.182421644726404	6.3492063492063435	-7.137412911717755	48.32269407146974	21.19841269841269	-5.77482582343551	105.14538814293948	42.6088095238095	-11.607399905105373	211.34223016730834	90.47299027848257	-151.88824081198896	844.7573636056729	5년	105.14538814293948	211.34223016730834	844.7573636056729	0.9191738861102795	-0.0025569517309353565	3.7878140736074157	2.35	10.505140419478556	5년	3.787814073607416	안심	5년	48.32269407146974	0.3027944011546276	매우 유망	N	주당순현금<=0	300000000.0	9.12195531333364	-18.743188226345254		-34.26387998331981	21.89859977722168	25.01394992828369	Y	N	중립/개선	단기위험부채 존재
DHI	HORTON D R INC /DE/	0000882184	S&P 500	매우 유망	PEG=매우 유망, PEGY=안심	146.66000366210938	11.57	2025	1.26	2985400000.0		2985400000.0			24190400000.0	10729000000.0	69.27495890536493	30.725041094635074	2.254674247366949	9.633430138754436	9.633430138754436	11.843264781620997	11.843264781620997	-19.316596931659692	-11.176320062438394	38.872760394269434	-30.133193863319384	-13.852640124876789	86.24552078853887	-348.6410529986053	-160.27504624482447	997.8606755233948	-337.72060840925724	-209.2834053202964	580.3904613437556	5년	86.24552078853887	997.8606755233948	580.3904613437556	-1.5246300124675816	-0.8372961548429673	3.3886568555445598	10.595353339787028	7.224432752775398	5년	3.38865685554456	안심	5년	38.872760394269434	0.3046674499443809	매우 유망	Y		309900000.0	2.1807321879974584	-2.0765176748568814		-20.310797102620835	151.01720001220704	150.1138999938965	N	N	중립/개선	
SMCI	Super Micro Computer, Inc.	0001375365	S&P 500	보류	PEG=매우 유망, PEGY=판정불가	28.639999389648438	1.68	2025		5169911000.0		5169911000.0	120179000.0	170123000.0	6301693000.0	7716558000.0	44.95348956157227	55.04651043842773	0.8166455821364914	8.035830567057394	7.765107367576806	12.26438620392324	12.425530965518828	-12.5	-31.902283387417853	37.6467852709161	-16.5	-55.304566774835706	83.7935705418322	-27.72	-92.91167218172399	140.7731985102781	-196.7877115598649	-424.4122701179446	391.52654158630594	5년	83.7935705418322	140.7731985102781	391.52654158630594				2.4384231749739818	8.514047580096383	판정불가		판정불가	5년	37.6467852709161	0.325775125702381	매우 유망	Y		628402000.0	2.578794095225745	-3.6014800666333002		-51.19291199607869	32.2919998550415	32.65364990234375	N	N	중립/개선	단기위험부채 존재
HIG	HARTFORD INSURANCE GROUP, INC.	0000874766	S&P 500	제외	PEG=매우 유망, PEGY=안심	142.89999389648438	13.32	2025	1.69	177000000.0	1843000000.0	2020000000.0	4371000000.0	0.0	18979000000.0	67018000000.0	22.06937451306441	77.93062548693558	0.2831925751290698	-8.205933682373473	-8.205933682373473	11.34428885727161	11.34428885727161	28.69565217391305	34.78299680616526	55.39512065939527	65.8913043478261	78.06599361233052	119.29024131879054	877.6721739130436	1039.8390349162426	1588.94601436629	514.1862920923722	627.6690548143016	1011.9286789594336	3년	78.06599361233052	1039.8390349162426	627.6690548143016	2.678497749502919	3.2150976817543144	5.032058102329094	20.080279232111693	14.05198046870295	3년	3.2150976817543144	안심	3년	34.78299680616526	0.326144665466572	매우 유망	N	주당순현금<=0	286500000.0	6.793211646170327	4.177295184098284		-1.908291405178686	134.77719970703126	134.80934951782226	Y	Y	상승전환	
CRM	Salesforce, Inc.	0001108524	S&P 500	제외	PEG=매우 유망, PEGY=안심	185.9499969482422	7.8	2025	96.0	7327000000.0	57139000.0	7384139000.0	10439000000.0	4000000000.0	59142000000.0	53163000000.0	52.66194737545078	47.33805262454922	1.1124654364877828	-3.19546129707113	-7.379561715481172	24.249417723758118	24.78584085432351	85.7142857142857	74.02472751880647	12.233911375838758	179.9285714285714	156.54945503761294	32.96782275167752	1403.4428571428568	1221.085749293381	257.14901746308465	654.7420705435638	556.6742507843446	38.28933674823356	3년	156.54945503761294	1221.085749293381	556.6742507843446	7.493552537397753	7.011497325654401	4.4633612488681615	15.064853556485355	8.101561604584779	3년	7.011497325654401	안심	3년	74.02472751880647	0.3275853695996029	매우 유망	N	주당순현금<=0	956000000.0	0.25339725659339063	-11.79260988485228		-30.15438182219382	171.14220031738282	204.78285079956055	Y	N	중립/개선	단기위험부채 존재
STE	STERIS plc	0001757898	S&P 500	제외	PEG=매우 유망, PEGY=안심	232.63999938964844	7.93	2026	1.13	220531000.0		220531000.0	1812800000.0	118900000.0	7183600000.0	3540000000.0	66.98869782535716	33.01130217464284	2.029265536723164	-16.13241134751773	-17.33707193515704	31.371048012252988	31.52295981397295	27.903225806451605	94.9679101546837	50.70740889939833	64.3064516129032	198.4358203093674	109.91481779879666	509.9501612903224	1573.5960550532834	871.6245051444575	119.20141103345152	576.4082097583182	274.66665553268626	3년	198.4358203093674	1573.5960550532834	576.4082097583182	0.925478351730925	3.063267447015143	1.6523964669319158	9.852077001013171	4.2349024358927805	3년	3.063267447015143	안심	3년	94.9679101546837	0.3303331405435356	매우 유망	N	주당순현금<=0	98700000.0	9.606595707725996	-11.958822287534176		-13.40405558345601	213.68820068359375	234.51090042114257	Y	N	중립/개선	단기위험부채 존재
LULU	lululemon athletica inc.	0001397187	S&P 500	보류	PEG=매우 유망, PEGY=판정불가	123.66999816894531	13.26	2025		881320000.0		881320000.0		0.0	4961840000.0	3494903000.0	58.673179497118454	41.326820502881546	1.4197361128477672	7.4018208082776225	7.4018208082776225	8.768339167471169	8.768339167471169	-9.426229508196727	25.676965842053367	24.12698368466455	-10.352459016393453	59.85393168410673	56.7539673693291	-137.27360655737718	793.6631341312552	752.5576073173038	-210.99992608542615	541.7588306640337	508.5207556073838	3년	59.85393168410673	793.6631341312552	541.7588306640337				7.740744784492895	6.259193740682586	판정불가		판정불가	3년	25.676965842053367	0.3414865767788851	매우 유망	Y		119068000.0	-4.116915595043702	-30.941480397338594		-42.71354670569056	118.67359970092774	158.86754943847657	Y	N	주의	
FOX	Fox Corp	0001754301	S&P 500	제외	PEG=매우 유망, PEGY=안심	52.619998931884766	4.91	2025	1.08	5351000000.0		5351000000.0	6602000000.0	0.0	11962000000.0					-2.713665943600868	-2.713665943600868	11.269585514355525	11.269585514355525	56.86900958466454	32.515398101492245	89.67509021173869	122.23801916932908	73.53079620298449	187.85018042347738	600.1886741214058	361.03620935665384	922.344385879274	1040.6094380547872	586.1197580486573	1652.8399935416664	3년	73.53079620298449	361.03620935665384	586.1197580486573	5.142071064711955	2.981067764976578	8.05309921080347	6.492407809110629	12.338289511398289	3년	2.981067764976578	안심	3년	32.515398101492245	0.3465922661988974	매우 유망	N	주당순현금<=0	461000000.0	-6.153024401136065	-19.393382481843958		-22.343569549934415	52.298300170898436	56.61600008010864	Y	N	주의	
CF	CF Industries Holdings, Inc.	0001324404	S&P 500	제외	PEG=매우 유망, PEGY=안심	118.30000305175781	8.97	2025	1.92	287000000.0	3100000.0	290100000.0	3215000000.0	0.0	4838000000.0					-18.032675709001232	-18.032675709001232	15.198737877453627	15.198737877453627	33.08605341246291	-18.18627213243168	43.58035462807208	74.67210682492582	-27.872544264863357	95.66070925614416	669.8087982195847	-250.01672205582435	858.0765620276131	466.19508109947765	-311.34126424869044	625.3394250989099	5년	95.66070925614416	858.0765620276131	625.3394250989099	2.3032210762968806	-1.0702383489724943	2.9936929628590407	11.109741060419235	9.391158726816412	5년	2.9936929628590407	안심	5년	43.58035462807208	0.3487520468147689	매우 유망	N	주당순현금<=0	162200000.0	-6.029070120493407	31.678548390438866		-14.02616438638712	114.7643995666504	103.2661499786377	Y	Y	강한 상승추세	
LDOS	Leidos Holdings, Inc.	0001336920	S&P 500	제외	PEG=매우 유망, PEGY=안심	118.72000122070312	11.14	2025	1.49	1108000000.0		1108000000.0	1331000000.0	18000000.0	4916000000.0	8531000000.0	36.55834015021938	63.44165984978062	0.5762513187199625	-1.7153846153846153	-1.853846153846154	10.811075927835525	10.823505150318606	20.824295010845983	30.95874508346872	20.63678102465594	50.148590021691966	70.41749016693744	49.77356204931188	558.6552928416485	784.4508404596831	554.4774812293343	370.56543724514944	560.7571027575813	367.046391111931	3년	70.41749016693744	784.4508404596831	560.7571027575813	2.0640216718294297	3.0014353150478015	2.04667705345456	12.53076923076923	10.554893111460007	3년	3.001435315047801	안심	3년	30.95874508346872	0.3492091135699295	매우 유망	N	주당순현금<=0	130000000.0	-20.22041316548152	-36.86449401215851		-40.50613911045122	113.87900009155274	159.51365016937257	Y	N	주의	단기위험부채 존재
EPAM	EPAM Systems, Inc.	0001352010	S&P 500	보류	PEG=매우 유망, PEGY=판정불가	107.26000213623047	6.72	2025		1296077000.0	1690000.0	1297767000.0	25034000.0	2861000.0	3677226000.0	1224328000.0	75.02163599544144	24.978364004558554	3.0034647578099984	22.633204701865452	22.58232710330233	12.593273427732889	12.60084449894764	-14.285714285714288	-1.770708271929189	35.70732296450074	-20.071428571428577	4.958583456141622	79.91464592900148	-134.88000000000002	33.3216808252717	537.0264206428899	-225.75051026820745	-68.93373096995657	400.6772421660172	5년	79.91464592900148	537.0264206428899	400.6772421660172				10.895577330037522	10.15809911713324	판정불가		판정불가	5년	35.70732296450074	0.3526804134897702	매우 유망	Y		56233000.0	-3.019888231438028	-49.025756548998785		-51.55374657039064	91.76140014648438	144.95724994659423	Y	N	주의	단기위험부채 존재
APP	AppLovin Corp	0001751008	S&P 500	제외	PEG=매우 유망, PEGY=판정불가	406.1600036621094	9.75	2025		2487096000.0		2487096000.0	3512987000.0	0.0	2134671000.0	5124939000.0	29.404761412803165	70.59523858719683	0.41652612840855274	-2.9999444395707227	-2.9999444395707227	41.965122882223596	41.965122882223596	115.23178807947019			238.96357615894038			2329.8948675496686			473.63966085837023			1년	238.96357615894038	2329.8948675496686	473.63966085837023				11.598438459513993	2.855632842952924	판정불가		판정불가	1년	115.23178807947019	0.3641800893802163	매우 유망	N	주당순현금<=0	341970000.0	-14.492630807976969	-15.908901933310693		-44.634675957056416	489.09780151367187	519.3624760437011	N	N	주의	
TMUS	T-Mobile US, Inc.	0001283699	S&P 500	제외	PEG=매우 유망, PEGY=안심	177.08999633789062	9.72	2025	2.36	5598000000.0	0.0	5598000000.0	81147000000.0	5135000000.0	59203000000.0	6830508000.0	89.65599707348578	10.344002926514218	8.66743732676984	-66.79390530320666	-71.33382911069539	25.090936382828936	25.55800673339362	0.6211180124223654	67.7257264346652	74.54322774580642	9.74223602484473	143.9514528693304	157.58645549161284	94.6945341614908	1399.2081218898916	1531.7403473784768	-46.52745151069286	690.1113280392076	764.9502394567173	3년	143.9514528693304	1399.2081218898916	690.1113280392076	0.11881254517318465	2.7932686674311844	3.0649803806618947	15.90962588427648	8.983921290461067	3년	2.7932686674311844	안심	3년	67.7257264346652	0.3704786600854563	매우 유망	N	주당순현금<=0	1131076251.0	-8.913693032748316	-9.179962383200701		-31.628126458071172	183.31580017089843	198.8054998779297	N	N	주의	단기위험부채 존재
EXC	EXELON CORP	0001109357	S&P 500	제외	PEG=매우 유망, PEGY=안심	45.630001068115234	1.74	2021	3.67	626000000.0		626000000.0	35272000000.0	612000000.0	28798000000.0	87772000000.0	24.704469417517373	75.29553058248263	0.32810007747345393	-34.23517786561265	-34.8399209486166	45.89952812283212	46.24708161881139	-13.432835820895514	121.5523810846817	51.225599028568624	-18.365671641791028	251.6047621693634	110.95119805713725	-31.95626865671639	437.7922861746923	193.0550846194188	-170.0334602425561	859.4395702975501	323.0880563233637	3년	251.6047621693634	437.7922861746923	859.4395702975501	-0.2127001348416721	2.728184497879216	1.1959948451248135	-2.2480237154150196	-4.926635246094407	3년	2.728184497879216	안심	3년	121.5523810846817	0.3776110983038281	매우 유망	N	주당순현금<=0 | FCF<=0	1012000000.0	-2.1025520905457395	3.917105959189593		-9.266255244734555	46.26139999389648	46.18900001525879	N	N	판정불가	단기위험부채 존재
FOXA	Fox Corp	0001754301	S&P 500	제외	PEG=매우 유망, PEGY=안심	58.70000076293945	4.91	2025	96.0	5351000000.0		5351000000.0	6602000000.0	0.0	11962000000.0					-2.713665943600868	-2.713665943600868	12.507875092981735	12.507875092981735	56.86900958466454	32.515398101492245	89.67509021173869	122.23801916932908	73.53079620298449	187.85018042347738	600.1886741214058	361.03620935665384	922.344385879274	922.4679153672822	515.0531595641748	1471.2851343974783	3년	73.53079620298449	361.03620935665384	515.0531595641748	12.221820928675607	10.274758673725742	14.844654973883006	6.492407809110629	11.060319803623656	3년	10.274758673725742	안심	3년	32.515398101492245	0.3846754406616877	매우 유망	N	주당순현금<=0	461000000.0	-5.869146586898144	-18.900244555939814		-22.874786109309543	58.20980010986328	62.98964998245239	Y	N	주의	
BSX	BOSTON SCIENTIFIC CORP	0000885725	S&P 500	제외	PEG=매우 유망, PEGY=판정불가	48.43000030517578	1.94	2025		1965000000.0		1965000000.0	3815000000.0	250000000.0	24233000000.0					-1.2378721980595517	-1.405152224824356	25.601996135688314	25.688222953608317	55.199999999999996	62.7532758644933		118.89999999999999	134.0065517289866		230.66599999999997	259.97271035423404		376.28742214843305	436.80096782169625		3년	134.0065517289866	259.97271035423404	436.80096782169625				2.4476413516226163	5.053977568034485	판정불가		판정불가	3년	62.753275864493304	0.4079786398876156	매우 유망	N	주당순현금<=0	1494500000.0	-14.810903069378645	-47.284207187010686		-55.21546090390335	46.44699996948242	72.93290006637574	Y	N	주의	단기위험부채 존재
CBOE	Cboe Global Markets, Inc.	0001374310	S&P 500	매우 유망	PEG=매우 유망, PEGY=안심	297.8299865722656	10.42	2025	93.0	2216500000.0	36100000.0	2252600000.0	1442900000.0	304700000.0	5138300000.0	4167000000.0	55.21906870278228	44.78093129721771	1.2330933525317975	7.704091341579448	4.804947668886775	27.84317612578562	28.12140488516112	44.521497919556175	68.19298103960483	66.67733196826208	97.54299583911235	144.88596207920966	141.85466393652416	1016.3980166435507	1509.7117248653647	1478.1255982185817	241.26785833129375	406.9038689625188	396.29844705376183	3년	144.88596207920966	1509.7117248653647	406.9038689625188	4.939145494690788	5.789317293091562	5.734882085538531	16.0	5.372192432382141	3년	5.789317293091562	안심	3년	68.19298103960483	0.4082997355639135	매우 유망	Y		105100000.0	-12.12121703282627	12.848579652644032		-18.781026272746082	283.0568002319336	279.2577005767822	Y	Y	강한 상승추세	단기위험부채 존재
CAH	CARDINAL HEALTH INC	0000721371	S&P 500	매우 유망	PEG=매우 유망, PEGY=안심	235.60000610351562	6.45	2025	89.0	3874000000.0	200000000.0	4074000000.0	2502000000.0	855000000.0	-2781000000.0					6.4958677685950414	2.9628099173553717	35.52002144727451	36.06778235444345	86.95652173913044			182.41304347826087			1176.5641304347828			399.3905347854004			1년	182.41304347826087	1176.5641304347828	399.3905347854004	4.9537279137153165			7.644628099173554	3.2447486846900726	1년	4.9537279137153165	안심	1년	86.95652173913044	0.4084802466436568	매우 유망	Y		242000000.0	19.55749975763721	7.614312330618578		-1.7145719808257853	222.41700073242188	209.09610008239747	Y	Y	강한 상승추세	단기위험부채 존재
NDSN	NORDSON CORP	0000072331	S&P 500	제외	PEG=매우 유망, PEGY=안심	302.6199951171875	8.51	2025	1.1	108442000.0	279000.0	108721000.0	1681254000.0	315000000.0	3043571000.0					-27.6290146883126	-33.16348654157003	38.807169189835506	39.45751840878467	4.9321824907521625	-1.1482071165261345	93.96062427456746	18.364364981504323	6.2035857669477315	196.42124854913493	156.2807459926018	52.79251487672519	1671.5448251531382	-48.35742894910723	-82.55484907522992	452.35769351785365	5년	196.42124854913493	1671.5448251531382	452.35769351785365	0.15543989980934067	-0.0012422219278689552	2.449563476520365	11.615626537353293	3.8383539504239375	5년	2.449563476520365	안심	5년	93.96062427456746	0.413015233662507	매우 유망	N	주당순현금<=0	56916000.0	7.91668947522326	9.284601897752287		-0.6630841104643292	291.12280029296875	269.0578507232666	Y	Y	강한 상승추세	단기위험부채 존재
ECL	ECOLAB INC.	0000031462	S&P 500	제외	PEG=매우 유망, PEGY=안심	279.42999267578125	7.28	2025	1.05	646200000.0		646200000.0	6613200000.0	74400000.0	9770800000.0	14891800000.0	39.61788294826985	60.382117051730155	0.6561194751473965	-20.922159887798035	-21.18302945301543	41.257163813678474	41.292997545164376	338.5542168674699	98.55590630677445	47.57731615945522	685.6084337349398	205.6118126135489	103.65463231891044	4991.229397590362	1496.853995826636	754.605723281668	1686.2182043506032	435.6812207211468	170.0517993990812	3년	205.6118126135489	1496.853995826636	435.6812207211468	8.231399967316147	2.4142693559015544	1.1786393359238434	6.677068723702665	2.3895318679874054	3년	2.4142693559015544	안심	3년	98.55590630677445	0.4186168577787466	매우 유망	N	주당순현금<=0	285200000.0	9.327437176521602	-1.4877494487953946		-9.378956658111981	269.04999908447263	270.78999954223633	Y	Y	상승전환	단기위험부채 존재
AOS	SMITH A O CORP	0000091142	S&P 500	제외	PEG=매우 유망, PEGY=안심	60.72999954223633	3.85	2025	2.39	174500000.0	18700000.0	193200000.0	112700000.0	42300000.0	1858000000.0	1284800000.0	59.119256713758425	40.88074328624157	1.4461394769613947	0.5672415936205122	0.2691755139913486	15.626690376263847	15.704110137206488		36.61380704310213	39.07395391564303		81.72761408620426	86.64790783128606		314.6513142318864	333.59444515045135		418.11512696135225	449.30750479990377	3년	81.72761408620426	314.6513142318864	418.11512696135225		2.4959736261458754	2.6534059943124415			3년	2.495973626145876	안심	3년	36.61380704310213	0.4267977475783372	매우 유망	N	FCF<=0	141914840.0	3.177028393635273	-18.712354053745205		-24.53088278739598	59.482200088500974	65.8196498298645	Y	N	중립/개선	단기위험부채 존재
TRV	TRAVELERS COMPANIES, INC.	0000086312	S&P 500	제외	PEG=매우 유망, PEGY=안심	373.82000732421875	27.43	2025	1.34	842000000.0		842000000.0	5861000000.0	100000000.0	32894000000.0	110814000000.0	22.88947031480502	77.11052968519499	0.29683974949013664	-22.051845342706503	-22.491212653778557	14.432076291174818	14.448094056799027	27.759664648346536	32.58155699339016	40.000996302713745	64.01932929669307	73.66311398678032	88.50199260542749	1756.0502026082909	2020.579216657384	2427.609657166876	369.75821737792825	440.5219563074136	549.4060268586372	3년	73.66311398678032	2020.579216657384	440.52195630741363	2.016318654450359	2.3504280540793094	2.864521740921899			3년	2.350428054079309	안심	3년	32.58155699339016	0.4429523209741837	매우 유망	N	주당순현금<=0 | FCF<=0	227600000.0	23.974400171650622	30.875608631379126		-5.89094049256671	330.5542004394531	300.7623503112793	Y	Y	강한 상승추세	단기위험부채 존재
EXPE	Expedia Group, Inc.	0001324424	S&P 500	매우 유망	PEG=매우 유망, PEGY=안심	298.0299987792969	9.81	2025	60.0	5413000000.0	320000000.0	5733000000.0	4469000000.0	1692000000.0	1284000000.0					9.579894348317076	-3.243824985031415	29.40368037013046	30.710889272612466	9.608938547486048	65.34957812135467		27.717877094972096	139.19915624270934		271.91237430167627	1365.5437227409786		-8.763421328254195	358.19002393521407		3년	139.19915624270934	1365.5437227409786	358.19002393521407	2.367354619260446	4.263057431704714		23.570784353849767	7.908863017277961	3년	4.263057431704714	안심	3년	65.34957812135467	0.4499444558850494	매우 유망	Y		131943000.0	20.90466481918738	7.72038324172839		-2.0508070002574597	252.37319763183595	248.1468492126465	Y	Y	강한 상승추세	단기위험부채 존재
AES	AES CORP	0000874761	S&P 500	제외	PEG=매우 유망, PEGY=안심	14.710000038146973	1.26	2025	4.79	1382000000.0	174000000.0	1556000000.0			4063000000.0					2.179271708683473	2.179271708683473	9.945022483701191	9.945022483701191	-46.61016949152542		21.802033073406225	-84.72033898305084		52.10406614681245	-106.74762711864406		65.65112334498369	-825.680671936226		346.3026728397875	5년	52.10406614681245	65.65112334498369	346.3026728397875	-4.205135741026641		2.673903766129003	-2.273109243697479	-15.452816028570343	5년	2.673903766129003	안심	5년	21.802033073406225	0.4561511511434212	매우 유망	N	FCF<=0	714000000.0	3.011206675186062	-0.13577396273509734		-14.872688347082686	14.70980001449585	14.526649985313416	Y	Y	상승전환	
DECK	DECKERS OUTDOOR CORP	0000910521	S&P 500	보류	PEG=매우 유망, PEGY=판정불가	99.5	7.02	2026		1907249000.0	26120000.0	1933369000.0		0.0	2499638000.0					13.259963650080588	13.259963650080588	12.284905462951484	12.284905462951484	10.90047393364928	26.59610321922323	42.853544612930364	30.30094786729856	61.69220643844646	94.20708922586073	212.71265402843588	433.0792891978941	661.3337663655423	113.78156183762398	335.25556703305944	564.6570516236605	3년	61.69220643844646	433.0792891978941	335.25556703305944				7.526024484757039	7.563843703273405	판정불가		판정불가	3년	26.59610321922323	0.4619062184294785	매우 유망	Y		145805000.0	1.8945196571561906	-14.40860215053763		-19.69978447315126	106.00140014648437	102.17924991607666	N	N	중립/개선	
FSLR	FIRST SOLAR, INC.	0001274494	S&P 500	보류	PEG=매우 유망, PEGY=판정불가	232.72999572753906	14.21	2025		2803514000.0	509032000.0	3312546000.0	282593000.0	0.0	9537993000.0	3783317000.0	71.59951236027088	28.40048763972913	2.5210663024007767	28.17591154672345	28.17591154672345	14.395079815680196	14.395079815680196	18.21963394342763		30.670348455238837	44.93926788685526		69.84069691047767	638.5869966722133		992.4363030978878	174.3896396663101		326.43248456024116	5년	69.84069691047767	992.4363030978878	326.43248456024116				11.040200117168974	4.743780483755915	판정불가		판정불가	5년	30.670348455238837	0.4693484274131667	매우 유망	Y		107537000.0	10.095083210892719	0.9455617640099723		-26.87195735191231	245.0684030151367	234.2722013092041	N	N	중립/개선	
D	DOMINION ENERGY, INC	0000715957	S&P 500	제외	PEG=매우 유망, PEGY=안심	68.75	0.65	2025	3.86	250000000.0		250000000.0	30948000000.0	2457000000.0	29083000000.0	82440000000.0	26.07802874743326	73.92197125256673	0.3527777777777778	-35.89150005845902	-38.764176312405006	160.98692316686004	165.4064250960077	333.33333333333337	-15.82903888645284	-4.5403361201187264	675.1666666666667	-23.158077772905678	-0.5806722402374529	438.8583333333334	-15.05275055238869	-0.3774369561543444	538.3393939393941	-121.89490989438356	-100.54899920895177	1년	675.1666666666667	438.8583333333334	538.3393939393941	2.0945386538249355	-0.07434789516442368	-0.004226033436352905	0.445457734128376	0.6479385223685469	1년	2.0945386538249355	안심	1년	333.33333333333337	0.48296076950058	매우 유망	N	주당순현금<=0	855300000.0	9.21366031257489	14.526072627058717		-4.1009936410717485	68.75620025634765	63.295150203704836	N	Y	상승전환	단기위험부채 존재
SYY	SYSCO CORP	0000096021	S&P 500	제외	PEG=헐값, PEGY=안심	84.9800033569336	3.73	2025	2.58	1071000000.0	15000000.0	1086000000.0	10588184000.0	8782000.0	1830000000.0					-19.39911484586042	-19.417043674283057	27.983677802357647	27.98848445877122	-4.113110539845763	55.60535751644491		0.27377892030847484	119.71071503288982		1.0211953727506111	446.520967072679		-98.7983109762171	425.4423975452185		3년	119.71071503288982	446.520967072679	425.4423975452185	-0.05478588449573261	2.0792605577935417				3년	2.0792605577935417	안심	3년	55.60535751644491	0.5032550648394206	헐값	N	주당순현금<=0 | FCF<=0	489825648.0	17.22997083906186	2.558535760277536		-6.779289224342689	80.43420028686523	78.59085014343262	Y	Y	강한 상승추세	단기위험부채 존재
SPG	SIMON PROPERTY GROUP INC.	0001063761	S&P 500	제외	PEG=헐값, PEGY=안심	229.16000366210938	9.35	2025	3.84	823147000.0	1000000000.0	1823147000.0	28430175000.0		5208268000.0	33901073000.0	13.317197034846483	86.68280296515351	0.1536313614616269	-81.57151298527937	-81.57151298527937	33.233317288490774	33.233317288490774	358.3333333333333	65.56992936260015		725.1666666666666	139.6398587252003		6780.3083333333325	1305.6326790806227		2858.766025912063	469.7471889578711		3년	139.6398587252003	1305.6326790806227	469.7471889578711	10.897898942479621	2.0885645799385157				3년	2.088564579938516	안심	3년	65.56992936260015	0.5068377777976749	헐값	N	주당순현금<=0 | FCF<=0	326180391.0	13.721408321677785	19.841021963814608		-3.1854640402811385	218.8802001953125	197.13280075073243	Y	Y	강한 상승추세	
KLAC	KLA CORP	0000319201	S&P 500	양호	PEG=헐값, PEGY=안심	182.75	30.37	2025	50.0	2078908000.0	1475936000.0	3554844000.0	3469670000.0	0.0	4692453000.0	11375473000.0	29.203849955495187	70.79615004450481	0.41250618765479025	0.636814953271028	0.636814953271028	5.996482879378629	5.996482879378629	49.7534516765286	11.48114331133121	63.1164678859619	108.0069033530572	31.46228662266242	134.7329357719238	3280.169654832347	955.5096447302577	4091.839259393326	1694.8944759684525	422.8506947908387	2139.036530447784	3년	31.46228662266242	955.5096447302577	422.8506947908387	16.635326687844277	10.25286731373142	18.86380235903939	28.012291588785047	15.328203331756523	3년	10.25286731373142	안심	3년	11.48114331133121	0.5222896985756161	헐값	Y		133750000.0	6.664253740554993	29.568579086441595		-39.428588652752715	221.23928039550782	162.93402996063233	N	Y	상승전환	
RCL	ROYAL CARIBBEAN CRUISES LTD	0000884887	S&P 500	제외	PEG=헐값, PEGY=양호	324.0	15.61	2025	1.57	825000000.0		825000000.0	7856962000.0	0.0	10037000000.0	31374000000.0	24.237521431503705	75.76247856849629	0.3199145789507235	-25.66409489051095	-25.66409489051095	22.40000607882838	22.40000607882838	42.68738574040219			93.87477148080438			1465.3851828153563			352.279377412147			1년	93.87477148080438	1465.3851828153563	352.279377412147	1.9757756129464876			4.510948905109489	1.3922681805893484	1년	1.975775612946488	양호	1년	42.68738574040219	0.5247453244162366	헐값	N	주당순현금<=0	274000000.0	24.865109558312536	-3.008528112624076		-11.436692750031385	295.08440063476564	286.3999500274658	Y	Y	상승전환	
BDX	BECTON DICKINSON & CO	0000010795	S&P 500	제외	PEG=헐값, PEGY=불리(<1)	170.2100067138672	5.82	2025	2.54	641000000.0		641000000.0	17621000000.0	752000000.0	25390000000.0					-58.854316503124686	-61.460820979588156	39.35813113694018	39.80598413976896	-0.6825938566552906	-0.3412995832631105	74.47134006583379	7.134812286689419	7.817400833473779	157.44268013166757	41.52460750853242	45.497272850817396	916.3163983663053	-75.60389761435256	-73.26991889066726	438.34461090568306	5년	157.44268013166757	916.3163983663053	438.34461090568306	0.04719243748851206	0.05586394356700706	1.95668183018867	13.472716622358401	7.915349327849339	3년	0.055863943567007	불리(<1)	5년	74.47134006583379	0.5285003748038776	헐값	N	주당순현금<=0	288509000.0	16.335185260120078	7.229517793749962		-8.188139989081233	152.1154000854492	155.162653427124	Y	Y	상승전환	단기위험부채 존재
FISV	FISERV INC	0000798354	S&P 500	제외	PEG=헐값, PEGY=판정불가	54.349998474121094	6.34	2025		798000000.0		798000000.0	3228000000.0	2000000.0	25792000000.0	54324000000.0	32.19331968645464	67.80668031354537	0.47478094396583465	-4.426229508196721	-4.429872495446266	9.270698419923946	9.271273023591068	17.843866171003718	17.481865339726866	35.26712030178827	44.187732342007436	43.46373067945373	79.03424060357654	280.1502230483271	275.56005250773666	501.07708542667524	415.45580664868174	407.0102304399242	821.9449852703574	3년	43.46373067945373	275.56005250773666	407.0102304399242				7.830601092896175	14.40773010623862	판정불가		판정불가	3년	17.481865339726866	0.5303037313104477	헐값	N	주당순현금<=0	549000000.0	-13.46919712497795	-13.647919192903624		-61.17857251848493	52.16560020446777	62.97899997711182	Y	N	주의	단기위험부채 존재
EME	EMCOR Group, Inc.	0000105634	S&P 500	제외	PEG=헐값, PEGY=안심	817.4199829101562	28.19	2025	20.0	1111968000.0		1111968000.0	0.0		3673944000.0	5616418000.0	39.54575720515519	60.4542427948448	0.654143619652241	24.630614870271227	24.630614870271227	28.123070877612097	28.123070877612097	30.994423791821568	51.54328097260492	63.67289600664736	70.48884758364314	111.58656194520984	135.84579201329473	1987.0806133829	3145.6251812354653	3829.4928768547784	143.09175881760927	284.823621516628	368.4853510946873	3년	111.58656194520984	3145.6251812354653	284.823621516628	1.813259441465073	2.5439355923807847	2.9752403772255454			3년	2.5439355923807847	안심	3년	51.54328097260492	0.5456205027491249	헐값	N	FCF<=0	45145767.0	-10.19928656202016	11.719764648391973		-13.385962075745027	801.9691967773438	745.8496002197265	Y	Y	강한 상승추세	
WFC	WELLS FARGO & COMPANY/MN	0000072971	S&P 500	제외	PEG=헐값, PEGY=양호	87.88999938964844	6.26	2025	2.31	172593000000.0		172593000000.0	174712000000.0	18323000000.0	181117000000.0	1965593000000.0	8.436957017948396	91.5630429820516	0.09214369404042444	-0.6535484069950344	-6.304783641242328	14.14433670872899	15.047089941036864	16.573556797020476	25.8582131723802	72.48768573284212	41.64711359404095	60.21642634476039	153.47537146568425	260.71093109869634	376.95482891820006	960.7558253751833	196.63321527955603	328.8938804596206	993.1344089738836	3년	60.21642634476039	376.95482891820006	328.8938804596206	1.3350613171819319	1.9914834998940996	5.288172027655544			3년	1.9914834998941	양호	3년	25.858213172380196	0.5469959047223305	헐값	N	주당순현금<=0 | FCF<=0	3242300000.0	11.000251390379589	-4.746935529174645		-8.818342207514151	83.67600021362304	84.83055011749268	Y	Y	상승전환	단기위험부채 존재
CCL	Carnival Corp Ltd.	0000815097	S&P 500	제외	PEG=헐값, PEGY=양호	28.739999771118164	2.02	2025	1.62	1928000000.0	0.0	1928000000.0	24037000000.0	0.0	12284000000.0					-15.769614835948644	-15.769614835948644	22.034462676765745	22.034462676765745	40.277777777777786			89.05555555555557			179.89222222222224			525.9297969897768			1년	89.05555555555557	179.89222222222224	525.9297969897768	1.9014658261649795			1.8594864479315263	6.470029445860294	1년	1.9014658261649795	양호	1년	40.277777777777786	0.547062521630046	헐값	N	주당순현금<=0	1402000000.0	11.959484556680389	-11.432976593511867		-15.445724177985532	27.67060001373291	27.957050075531004	Y	Y	상승전환	
CB	Chubb Ltd	0000896159	S&P 500	제외	PEG=헐값, PEGY=양호	348.2300109863281	25.68	2025	1.16	2012000000.0		2012000000.0	15728000000.0	1499000000.0	73757000000.0	192548000000.0	27.69643829443683	72.30356170556317	0.3830577310592683	-34.16075806677187	-37.89413341979688	14.89060627153816	15.035986931702688	13.12775330396476	26.95518164431085	26.943805197471637	34.75550660792952	62.41036328862171	62.38761039494327	892.5214096916301	1602.6981292518055	1602.1138349421433	156.3022661842524	360.2412424800254	360.07345271715934	3년	62.41036328862171	1602.6981292518055	360.2412424800254	0.95951454517163	1.8881153078400903	1.8873513062519909			3년	1.8881153078400903	양호	3년	26.955181644310855	0.5524209210692136	헐값	N	주당순현금<=0 | FCF<=0	401513338.0	7.108149672803354	11.881128027735954		-4.200822287117434	338.1600006103516	318.86815063476564	Y	Y	강한 상승추세	단기위험부채 존재
SYF	Synchrony Financial	0001601712	S&P 500	제외	PEG=헐값, PEGY=양호	77.83999633789062	9.28	2025	1.79	14973000000.0		14973000000.0	15182000000.0		16766000000.0	102329000000.0	14.077837020865697	85.92216297913431	0.16384407157306335	-0.5589729874297941	-0.5589729874297941	8.448164797987115	8.448164797987115	8.538011695906416	14.698468785789576	32.527017334119954	25.576023391812832	37.89693757157915	73.55403466823991	237.34549707602307	351.6835806642545	682.5814417212663	204.91457893413215	351.803182438054	776.9032294892364	3년	37.89693757157915	351.6835806642545	351.80318243805397	1.2225154152257065	1.9517219632976581	4.062067698098932			3년	1.951721963297658	양호	3년	14.698468785789576	0.5747649582489006	헐값	N	주당순현금<=0 | FCF<=0	373900000.0	4.8491360152341345	5.875951975076199		-12.01537779602171	73.74000030517578	74.41345008850098	Y	Y	상승전환	
CDW	CDW Corp	0001402057	S&P 500	제외	PEG=헐값, PEGY=불리(<1)	147.6999969482422	8.08	2025	1.7	618700000.0	0.0	618700000.0	4622300000.0	1007500000.0	2606100000.0	5981100000.0	30.34865846841811	69.65134153158189	0.4357225259567638	-30.307342922028766	-37.934140802422405	22.03061137008304	22.974521998844626	1.3801756587202048	-0.2054237502367883	37.39960471779868	11.26035131744041	8.089152499526424	83.29920943559736	90.98363864491851	65.36035219617351	673.0576122396267	-38.399701743527125	-55.74789874973563	355.6923670590752	5년	83.29920943559736	673.0576122396267	355.6923670590752	0.1398134444377244	0.06784088850992145	1.7747852776748114	8.236941710825132	5.576805606645723	3년	0.0678408885099214	불리(<1)	5년	37.39960471779868	0.5890600057491664	헐값	N	주당순현금<=0	132100000.0	9.164814203101578	16.45509328698711		-14.197747489289192	132.9549998474121	132.81080028533935	Y	Y	강한 상승추세	단기위험부채 존재
VICI	VICI PROPERTIES INC.	0001705696	S&P 500	제외	PEG=헐값, PEGY=안심	26.540000915527344	2.61	2025	6.83	563479000.0	44484000.0	607963000.0	16773241000.0		27797640000.0	18501581000.0	60.03910951331125	39.96089048668875	1.5024467368491374	-15.211615261302986	-15.211615261302986	15.996787807214687	15.996787807214687	1.9531249999999931	27.13904027900833	8.322953223006625	12.406249999999986	62.77808055801666	25.14590644601325	32.38031249999996	163.85079025642347	65.63081582409458	22.00569473626399	517.3729638440285	147.2901792015274	3년	62.77808055801666	163.85079025642347	517.3729638440285	0.5490555420156745	2.1234913339094246	0.9472497482383628	2.359351998855903	8.889796222559863	3년	2.123491333909425	안심	3년	27.13904027900833	0.5894382278354913	헐값	N	주당순현금<=0	1062693062.0	-5.517975182060464	-5.044722035506033		-21.780133578487316	27.130600090026856	28.388050031661987	N	N	주의	
CINF	CINCINNATI FINANCIAL CORP	0000020286	S&P 500	양호	PEG=헐값, PEGY=양호	178.02999877929688	15.17	2025	2.12	1139000000.0	148000000.0	1287000000.0	790000000.0		15911000000.0	25091000000.0	38.80542412565241	61.19457587434759	0.6341317603921724	3.1515535827520607	3.1515535827520607	11.52791332871093	11.52791332871093	4.404679972470754		18.581314428449215	17.30935994494151		45.66262885689843	262.5829903647627		692.7020797591491	47.493676439489185		289.0928969886077	5년	45.66262885689843	692.7020797591491	289.0928969886077	0.5659896796951678		1.795755557676809	19.60684844641725	11.013227310484783	5년	1.795755557676809	양호	5년	18.581314428449215	0.6204035442756911	헐값	Y		157700000.0	11.568584701240624	9.57041079557477		-7.29052756808608	174.44839874267578	165.57604949951173	Y	Y	강한 상승추세	
META	Meta Platforms, Inc.	0001326801	S&P 500	양호	PEG=헐값, PEGY=안심	590.239990234375	23.49	2025	38.0	35873000000.0	45719000000.0	81592000000.0	58744000000.0		217243000000.0	148778000000.0	59.35260545159977	40.64739454840023	1.4601822850152577	8.876456876456876	8.876456876456876	24.74940542179302	24.74940542179302	-1.550712489522217	39.8395285030712	18.41272352127048	5.398575020955565	88.1790570061424	45.32544704254096	126.81252724224622	2071.326049074285	1064.694751029287	-78.51509058342675	250.9294665466151	80.38336416455172	3년	88.1790570061424	2071.326049074285	250.9294665466151	1.4727338652904551	3.14510701071347	2.279356718266711	17.913364413364413	3.0349289627514557	3년	3.14510701071347	안심	3년	39.8395285030712	0.6212273676854662	헐값	Y		2574000000.0	-3.304333775257706	-16.445122142462722		-25.28607718552215	601.8877954101563	633.8951480102539	N	N	주의	
GL	GLOBE LIFE INC.	0000320335	S&P 500	제외	PEG=헐값, PEGY=안심	184.08999633789062	14.07	2025	72.0	61710000.0	314711000.0	376421000.0	2320793000.0	304656000.0	5974579000.0	24839113000.0	19.389364312462135	80.61063568753787	0.24053109303862824	-23.56100803984325	-27.252689706410393	14.758422485979663	15.020802135344777	17.839195979899504	23.497404952300016	48.78096035818152	44.17839195979901	55.49480990460003	106.06192071636303	621.589974874372	780.8119753577224	1492.2912244792278	237.65548766347186	324.14687972754905	710.6313510595005	3년	55.49480990460003	780.8119753577224	324.14687972754905	6.087316992398458	6.470705459409465	8.183866566560354	15.194269876451488	8.253718387045295	3년	6.470705459409465	안심	3년	23.497404952300016	0.6280873362798751	헐값	N	주당순현금<=0	82524992.0	20.59613737208956	28.33937061113023		-0.3626316241963967	171.2525991821289	148.75544967651368	Y	Y	강한 상승추세	단기위험부채 존재
STLD	STEEL DYNAMICS INC	0001022671	S&P 500	제외	PEG=헐값, PEGY=양호	258.3800048828125	7.99	2025	84.0	769878000.0	0.0	769878000.0	4176508000.0	34655000.0	8957182000.0	7489369000.0	54.46237329638293	45.537626703617065	1.1959862039111706	-22.955109026710872	-23.188626991186222	35.21090286727451	35.24012914568194	-18.800813008130078	-27.445943360831997	55.10698446728479	-29.101626016260155	-46.39188672166399	118.71396893456958	-232.52199186991865	-370.67117490609525	948.5246117872109	-189.9922546155916	-243.4596980808217	267.1044948766107	5년	118.71396893456958	948.5246117872109	267.1044948766107	1.8516760912844108	1.6061518459877413	3.950679282256426	3.379349613217973	1.3078990437943008	3년	1.6061518459877413	양호	5년	55.10698446728479	0.6389553557984664	헐값	N	주당순현금<=0	148404000.0	12.42711541571866	38.50442275850601		-8.622154491726274	249.0368002319336	199.07675064086914	Y	Y	강한 상승추세	단기위험부채 존재
TEL	TE Connectivity plc	0001385157	S&P 500	제외	PEG=헐값, PEGY=양호	204.97000122070312	6.16	2025	1.45	1255000000.0		1255000000.0	4842000000.0	500000000.0	9585000000.0	12351000000.0	43.695295404814004	56.304704595185996	0.7760505222249211	-11.996655518394649	-13.668896321070234	35.22185986024314	35.493327523015154	-40.36786060019361	-6.225079756818797	54.9338540505395	-72.23572120038722	-3.950159513637594	118.367708101079	-444.9720425943853	-24.33298260400758	729.1450819026467	-317.09130113887153	-111.87148483148364	255.7325840660623	5년	118.367708101079	729.1450819026467	255.7325840660623	-1.104934854508417	-0.1355714824761055	1.6008198963446298	10.7123745819398	5.2263133717822265	5년	1.6008198963446298	양호	5년	54.9338540505395	0.6411685556931579	헐값	N	주당순현금<=0	299000000.0	-0.15101206178739224	-9.756528501614225		-17.682730433452566	205.89320037841796	219.6142497253418	N	N	주의	단기위험부채 존재
AKAM	AKAMAI TECHNOLOGIES INC	0001086222	S&P 500	보류	PEG=헐값, PEGY=판정불가	117.87999725341797	3.07	2025		930231000.0	375005000.0	1305236000.0			4977371000.0	6502272000.0	43.35823857937046	56.64176142062954	0.7654818192779386	8.87776742414452	8.87776742414452	35.50561232223891	35.50561232223891	-6.116207951070342	55.27737277287406	35.18418669731969	-3.7324159021406835	119.05474554574812	78.86837339463938	-11.458516819571898	365.4980688254467	242.12590632154289	-109.72049294753413	210.05944803315555	105.4003325102066	3년	119.05474554574812	365.4980688254467	210.05944803315555				6.8763322745420785	5.833332571054753	판정불가		판정불가	3년	55.27737277287406	0.6423172908040661	헐값	Y		147023000.0	11.438834008087827	21.99110069750969		-26.846222105055727	128.08980056762695	105.34105010986327	N	Y	상승전환	
IT	GARTNER INC	0000749251	S&P 500	제외	PEG=헐값, PEGY=양호	151.52999877929688	9.65	2025	0.7886227213269599	1722521000.0		1722521000.0	2976674000.0	5000000.0	319908000.0	7765492000.0	3.9566131545749132	96.04338684542509	0.041196101934043584	-16.588228291779643	-16.654361484028833	17.42157793482658	17.42843111537054	-39.6875	-1.0484370535091214	26.662227247373906	-70.875	6.403125892981757	61.82445449474781	-683.94375	61.79016486727396	596.6059858743164	-551.3586454891764	-59.22248705533799	293.7213691549432	5년	61.82445449474781	596.6059858743164	293.7213691549432	-2.2327987409746792	-0.014913363941780501	1.5756810359769584			5년	1.5756810359769584	양호	5년	26.662227247373906	0.653417952415904	헐값	N	주당순현금<=0 | FCF<=0	75605000.0	2.586143045020295	-25.133397554944835		-54.99688080996161	145.43339950561523	183.6127997970581	Y	N	중립/개선	단기위험부채 존재
AVY	Avery Dennison Corp	0000008818	S&P 500	제외	PEG=헐값, PEGY=불리(<1)	172.27000427246094	8.79	2025	2.36	202800000.0		202800000.0	954200000.0	250000000.0	2242100000.0					-9.596424010217113	-12.789272030651341	20.690151112932657	21.053387520263062	0.6872852233676829	-1.5437973187936491	30.981755136467836	9.874570446735365	5.412405362412701	70.46351027293568	86.79747422680386	47.57504313560764	619.3742552991046	-49.615445478525885	-72.38344345753698	259.5369129494575	5년	70.46351027293568	619.3742552991046	259.5369129494575	0.1472819220475841	0.039448850651273015	1.6114795370260553	9.098339719029374	5.281441628479621	3년	0.039448850651273	불리(<1)	5년	30.981755136467836	0.667817269286297	헐값	N	주당순현금<=0	78300000.0	7.360087912530977	-7.921317203226785		-12.75259208151911	160.71559997558595	172.45414993286133	Y	N	중립/개선	단기위험부채 존재
GE	GENERAL ELECTRIC CO	0000040545	S&P 500	양호	PEG=헐값, PEGY=안심	368.92999267578125	8.14	2025	52.0	43299000000.0		43299000000.0	20469000000.0	25000000.0	18677000000.0	111271000000.0	14.37267214578139	85.62732785421862	0.16785146174654672	21.376404494382022	21.35299625468165	42.697001005085895	42.69987671020879	365.14285714285717	61.56813006403801	69.60524644031413	738.7857142857143	131.636260128076	147.71049288062827	6013.715714285715	1071.5191574425387	1202.363412048314	1530.042510414874	190.43969823949732	225.90557447709628	3년	131.636260128076	1071.5191574425387	190.43969823949735	9.769839738701291	2.659861990084742	2.8480980766267168	6.709737827715355	1.8187021822354055	3년	2.659861990084742	안심	3년	61.56813006403801	0.6934919244855423	헐값	Y		1068000000.0	31.516471953733216	19.506981596825334		-2.574733333838364	346.5396014404297	315.4335006713867	Y	Y	강한 상승추세	단기위험부채 존재
EXPD	EXPEDITORS INTERNATIONAL OF WASHINGTON INC	0000746515	S&P 500	제외	PEG=헐값, PEGY=안심	170.58999633789062	5.95	2025	96.0	1314285000.0	40000.0	1314325000.0			2355633000.0					9.646492818295915	9.646492818295915	27.04932832262096	27.04932832262096	4.020979020979029	-10.357841347469254	38.67934932316548	16.541958041958058	-12.215682694938508	85.85869864633096	98.42465034965045	-72.68331203488412	510.85925694566924	-42.30338679725452	-142.607018931473	199.466128092178	5년	85.85869864633096	510.85925694566924	199.466128092178	3.6977250535767627	3.166147330205958	4.979027490695032			3년	3.166147330205958	안심	5년	38.67934932316548	0.6993222170472455	헐값	N	FCF<=0	136249000.0	22.102919003695387	4.304489853115379		-6.679434633493997	166.6597998046875	151.7253997039795	Y	Y	강한 상승추세	
L	LOEWS CORP	0000060086	S&P 500	제외	PEG=헐값, PEGY=안심	116.25	7.97	2025	22.0	495000000.0	4628000000.0	5123000000.0	9191000000.0	10000000.0	18686000000.0	66707000000.0	21.882355696602765	78.11764430339724	0.2801205270811159	-19.45480631276901	-19.502630320420852	17.026951858565745	17.032952361407887	24.33697347893915	24.20001937499827	40.610600779906946	57.1739469578783	56.90003874999654	89.72120155981389	455.67635725429005	453.4933088374724	715.0779764317167	291.97966215422804	290.101771042987	515.1208399412617	3년	56.90003874999654	453.4933088374724	290.101771042987	2.721389821492237	2.713346449720326	3.6771467553312807	12.91248206599713	11.107511454621187	3년	2.713346449720326	안심	3년	24.20001937499827	0.7035924886967972	헐값	N	주당순현금<=0	209100000.0	10.556346469846911	9.89790257281824		-2.6381921990144774	111.64619995117188	107.51104999542237	Y	Y	강한 상승추세	단기위험부채 존재
BLDR	Builders FirstSource, Inc.	0001316835	S&P 500	제외	PEG=헐값, PEGY=판정불가	72.4800033569336	3.89	2025		181753000.0		181753000.0	353830000.0	30074000.0	4352251000.0	6885279000.0	38.72960517124315	61.27039482875686	0.632109606596915	-1.538847453989376	-1.8077927420364508	19.027982213604876	19.097119819786645	-57.064017660044144	-38.61797619693695	26.944391684631476	-105.62803532008829	-68.7359523938739	62.38878336926295	-410.89305739514344	-267.3828548121695	242.69236730643289	-666.9054061320439	-468.9056876769461	234.84044711101194	5년	62.38878336926295	242.69236730643289	234.84044711101194				7.630734560283307	10.52805492116928	판정불가		판정불가	5년	26.944391684631476	0.7061945371161614	헐값	N	주당순현금<=0	111822000.0	-1.722029346530718	-36.011295572532966		-51.42416721693137	76.53500091552735	95.5000503540039	N	N	주의	단기위험부채 존재
EFX	EQUIFAX INC	0000033185	S&P 500	제외	PEG=헐값, PEGY=보통	174.11000061035156	5.32	2025	1.3	180800000.0		180800000.0	4055300000.0		4604300000.0	7126000000.0	39.251340545425094	60.748659454574906	0.6461268593881561	-31.22078968573731	-31.22078968573731	38.59601321355054	38.59601321355054	9.917355371900834	-1.9860869276462576	54.21135723165227	28.33471074380167	4.527826144707484	116.92271446330454	150.74066115702487	24.088035089843817	622.0288409447802	-13.422169531562956	-86.16504795508473	257.26198309357653	5년	116.92271446330454	622.0288409447802	257.26198309357653	0.29063507958284596	-0.017776108735639614	1.4382666138212166			5년	1.4382666138212166	보통	5년	54.21135723165227	0.7119543797552363	헐값	N	주당순현금<=0 | FCF<=0	124100000.0	1.0856915104207499	-12.582215087101966		-33.629394456440295	167.80100006103515	191.63935028076173	Y	N	중립/개선	
TRGP	Targa Resources Corp.	0001389170	S&P 500	제외	PEG=헐값, PEGY=보통	264.6000061035156	8.49	2025	1.85	166100000.0		166100000.0	5632400000.0		3067900000.0					-25.201936376210234	-25.201936376210234	34.13450441457313	34.13450441457313	47.90940766550523			104.31881533101046			885.6667421602788			234.719093624583			1년	104.31881533101046	885.6667421602788	234.719093624583	1.4577451326424216			2.6929460580912865	1.017742250934705	1년	1.4577451326424216	보통	1년	47.90940766550523	0.71248020123509	헐값	N	주당순현금<=0	216900000.0	2.1700497639890015	33.18568910364847		-7.34644633910333	269.50579956054685	223.12834983825684	N	Y	상승전환	
JBL	JABIL INC	0000898293	S&P 500	제외	PEG=헐값, PEGY=불리(<1)	318.3900146484375	5.92	2025	10.0	1933000000.0		1933000000.0	2386000000.0	2400000.0	1513000000.0	17026000000.0	8.161173741841523	91.83882625815848	0.08886409021496534	-4.084761045987376	-4.106402164111812	54.47209048892312	54.475746083200896	-47.00089525514772	-4.9779916366686106	76.05596028525254	-85.50179051029544	-1.455983273337221	160.61192057050508	-506.17059982094895	-8.619420978156349	950.8225697773901	-258.978164054503	-102.70718947881385	198.6345444367271	5년	160.61192057050508	950.8225697773901	198.6345444367271	-0.6792633607970643	0.0921941551766333	1.5798174718987879	10.568079350766457	3.3192244934049224	3년	0.0921941551766333	불리(<1)	5년	76.05596028525254	0.7162106728338214	헐값	N	주당순현금<=0	110900000.0	-6.57569658075956	30.90618084469272		-17.436400016333863	347.27680114746096	278.76039993286133	N	Y	중립/개선	단기위험부채 존재
KVUE	Kenvue Inc.	0001944048	S&P 500	제외	PEG=헐값, PEGY=양호	19.010000228881836	0.76	2025	4.37	1062000000.0		1062000000.0	7687000000.0	700000000.0	10765000000.0	16311000000.0	39.75845767469345	60.24154232530654	0.6599840598369199	-3.4433471933471935	-3.807172557172557	29.54387818714346	30.0225957711242	40.74074074074073			89.98148148148147			68.38592592592592			259.73658654683965			1년	89.98148148148147	68.38592592592592	259.73658654683965	1.5269065372863426			0.895010395010395	4.708103020696488	1년	1.5269065372863426	양호	1년	40.74074074074073	0.7251679191389759	헐값	N	주당순현금<=0	1924000000.0	10.84548484970147	9.378602685981585		-14.292155242009684	18.56239994049072	17.534699931144715	Y	Y	강한 상승추세	단기위험부채 존재
PKG	PACKAGING CORP OF AMERICA	0000075677	S&P 500	제외	PEG=헐값, PEGY=보통	251.08999633789062	8.58	2025	2.44	529000000.0	71800000.0	600800000.0	3967300000.0	0.0	4598000000.0					-37.572544642857146	-37.572544642857146	33.64365279495895	33.64365279495895	-3.9193729003359428	-8.031890655223496	45.85079043342193	0.6612541993281145	-7.563781310446991	100.20158086684386	5.673561030235222	-64.89724364363519	859.7295638375202	-97.74042729181438	-125.846208367578	242.39897103689714	5년	100.20158086684386	859.7295638375202	242.39897103689714	-0.043971827594107345	-0.16620937950178125	1.4353610985028846	8.131696428571429	3.238558503791861	5년	1.4353610985028846	보통	5년	45.85079043342193	0.7337638561283155	헐값	N	주당순현금<=0	89600000.0	15.147206800468549	12.23404030388262		-1.2972220054543904	231.23259979248047	217.6631502532959	Y	Y	강한 상승추세	
MPC	Marathon Petroleum Corp	0001510295	S&P 500	보류	PEG=헐값, PEGY=보통	307.0299987792969	13.22	2025	1.26	3672000000.0	0.0	3672000000.0	3292000000.0	0.0	17314000000.0	59869000000.0	22.43240091730044	77.56759908269956	0.2891980824800815	1.2418300653594772	1.2418300653594772	23.130723805895414	23.130723805895414	31.150793650793656	-22.2431402744799		70.80158730158732	-35.9862805489598		935.9969841269844	-475.73862885724856		204.8552219158915	-254.94858181568927		1년	70.80158730158732	935.9969841269844	204.8552219158915	1.4012010139748847	-0.9071545037052341		15.57843137254902	5.073911811382086	1년	1.4012010139748847	보통	1년	31.150793650793656	0.7425404330045405	헐값	Y		306000000.0	21.576782664845418	73.55151909086565		-3.981114147344089	275.0241979980469	222.42054916381835	Y	Y	강한 상승추세	
DE	DEERE & CO	0000315189	S&P 500	제외	PEG=헐값, PEGY=보통	605.0599975585938	18.5	2025	1.09	8276000000.0		8276000000.0	32888000000.0		25950000000.0	79989000000.0	24.495228386146746	75.50477161385325	0.3244196076960582	-90.5852042694148	-90.5852042694148	37.602443342054514	37.602443342054514	-27.790788446526154	-7.374709270152346	50.57565655156788	-47.08157689305231	-6.249418540304692	109.65131310313576	-871.0091725214677	-115.6142429956368	2028.5492924080115	-243.95418240107995	-119.10789730971116	235.26415571896533	5년	109.65131310313576	2028.5492924080115	235.26415571896533	-0.710081209448005	-0.16713566224893522	1.3739973246308996	22.447552447552447	3.709971331459346	5년	1.3739973246308996	보통	5년	50.57565655156788	0.7434889807849427	헐값	N	주당순현금<=0	271700000.0	4.611072500338209	13.679661354362382		-8.668809117472664	589.7719982910156	548.6263998413086	Y	Y	강한 상승추세	
ZBH	ZIMMER BIOMET HOLDINGS, INC.	0001136869	S&P 500	제외	PEG=헐값, PEGY=보통	96.9800033569336	3.55	2025	1.02	591900000.0	164600000.0	756500000.0	6932000000.0	500000.0	12697700000.0	10386000000.0	55.00721288181703	44.99278711818296	1.222578471018679	-31.07951685958732	-31.082033215903373	36.07310428634393	36.07381311910901	-19.864559819413092	47.77871617006642	17.426534933980655	-31.229119638826184	104.05743234013283	43.35306986796131	-110.86337471783294	369.40388480747157	153.90339803126264	-214.31570517666594	280.90727162370325	58.69601227463692	3년	104.05743234013283	369.40388480747157	280.90727162370325	-0.5223991722427674	1.3527728521146427	0.5113653315654316	7.411172622043281	7.641959543728372	3년	1.3527728521146427	보통	3년	47.77871617006642	0.7550036329553763	헐값	N	주당순현금<=0	198700000.0	17.309792554663183	12.479705386094086		-9.961930943035247	88.93900009155273	91.10019996643067	Y	Y	상승전환	단기위험부채 존재
PTC	PTC INC.	0000857005	S&P 500	제외	PEG=헐값, PEGY=판정불가	139.85499572753906	6.08	2025		184415000.0		184415000.0	1172434000.0	25000000.0	3826229000.0	2790943000.0	57.82272245605827	42.177277543941734	1.3709448741876848	-8.180522781655448	-8.387515834968578	24.34794712322278	24.381992033307178	94.87179487179486	31.89223724402268	40.26105826759165	198.24358974358972	72.28447448804536	89.0221165351833	1205.3210256410255	439.4896048873158	541.2544685339145	761.8362321423202	214.2466256575597	287.01117948504947	3년	72.28447448804536	439.4896048873158	214.2466256575597				7.093138594268776	5.071780637773853	판정불가		판정불가	3년	31.89223724402268	0.763444312072717	헐값	N	주당순현금<=0	120777000.0	1.204857990243391	-10.874969819355652		-35.410799189035494	126.80350006103515	153.79797576904298	Y	N	중립/개선	단기위험부채 존재
ROP	ROPER TECHNOLOGIES INC	0000882835	S&P 500	제외	PEG=헐값, PEGY=안심	392.57000732421875	14.2	2025	93.0	297400000.0		297400000.0	8595800000.0	705200000.0	19881500000.0	14695500000.0	57.49920467362698	42.50079532637302	1.3528971453846415	-76.69500924214418	-83.21256931608133	33.046832152560775	33.50581525635916	231.7757009345794	-7.702444377568895	42.57857188588412	472.0514018691588	-6.90488875513779	93.65714377176823	6703.129906542054	-98.04942032295662	1329.9314415591089	1607.499243824305	-124.97628919521068	238.77561116398147	5년	93.65714377176823	1329.9314415591089	238.77561116398147	9.827740808415513	2.581111412696223	4.102619314916036			3년	2.581111412696223	안심	5년	42.57857188588412	0.7761376365823262	헐값	N	주당순현금<=0 | FCF<=0	108200000.0	10.511498235808613	5.356813493289425		-28.15599363086139	347.1586004638672	383.0941505432129	Y	Y	상승전환	단기위험부채 존재
FE	FIRSTENERGY CORP	0001031296	S&P 500	제외	PEG=헐값, PEGY=보통	48.43000030517578	1.76	2025	3.85	57000000.0		57000000.0		325000000.0	12510000000.0	41978000000.0	22.95918367346939	77.04081632653062	0.2980132450331126	0.0986159169550173	-0.46366782006920415	27.461013856943616	27.780493252980104	3.529411764705886	35.33748646850903	-2.4264922046119075	15.558823529411772	79.17497293701805	3.647015590776185	27.38352941176472	139.34795236915178	6.4187474397660855	-43.457507249203545	187.73064524275767	-86.74634028635325	3년	79.17497293701805	139.34795236915178	187.73064524275767	0.2687232089517327	1.427022566342733	0.051837408582354784			3년	1.427022566342733	보통	3년	35.33748646850903	0.7771071629957461	헐값	N	FCF<=0	578000000.0	3.5271517078558245	3.0644787726595624		-6.70390975239007	47.56219985961914	47.4749998664856	Y	Y	강한 상승추세	단기위험부채 존재
ADBE	ADOBE INC.	0000796343	S&P 500	보류	PEG=헐값, PEGY=보통	251.33999633789062	16.7	2025	0.010344553345599132	5431000000.0	1164000000.0	6595000000.0	1000000000.0	0.0	11623000000.0	17873000000.0	39.40534309736913	60.59465690263086	0.650310524254462	13.103044496487119	13.103044496487119	14.265685739006198	14.265685739006198	35.11326860841424	18.24924207604421	29.19321269200992	78.72653721682848	44.99848415208843	66.88642538401984	1314.7331715210355	751.4746853398767	1117.0033039131313	423.0895164626187	198.987306552526	344.419240943841	3년	44.99848415208843	751.4746853398767	198.987306552526	2.4621047879754205	1.2799655735765456	2.047119064560997	23.072599531615925	9.179836026017172	3년	1.2799655735765456	보통	3년	18.249242076044215	0.7817138749960891	헐값	Y		427000000.0	-1.0316625873019847	-14.329541156601422		-31.6007178515877	228.29519989013673	276.024049987793	Y	N	주의	
UDR	UDR, Inc.	0000074208	S&P 500	제외	PEG=헐값, PEGY=보통	38.689998626708984	1.13	2025	4.53	1222000.0		1222000.0	5821369000.0		3288462000.0	6456911000.0	33.74382899453926	66.25617100546074	0.5092933757333808	-17.58071064149849	-17.58071064149849	49.79708784797122	49.79708784797122	334.6153846153846	63.19306474930446	41.38706836756314	677.7307692307692	134.8861294986089	91.27413673512628	765.8357692307691	152.42132633342806	103.13977451069269	1879.4153435355445	293.9553676494746	166.57993841202128	3년	134.8861294986089	152.42132633342806	293.9553676494746	6.810546545428191	1.35998042608557	0.9220834059161522			3년	1.35998042608557	보통	3년	63.19306474930446	0.7880150780077384	헐값	N	주당순현금<=0 | FCF<=0	331053000.0	6.408135250949587	5.278907827779555		-6.1833243161318325	39.03480003356933	36.80665004730225	N	Y	상승전환	
NSC	NORFOLK SOUTHERN CORP	0000702165	S&P 500	제외	PEG=헐값, PEGY=보통	336.6499938964844	12.75	2025	1.61	1530000000.0	0.0	1530000000.0	9736000000.0	0.0	15547000000.0	29689000000.0	34.36864444247944	65.63135555752055	0.5236619623429553	-36.4225477141589	-36.4225477141589	29.260591498873982	29.260591498873982	10.19878997407087	-2.7909035954415184	37.019144491250344	28.89757994814174	2.918192809116963	82.53828898250069	368.4441443388072	37.20695831624128	1052.3631845268837	9.444274771648775	-88.94788088792245	212.5986049625393	5년	82.53828898250069	1052.3631845268837	212.5986049625393	0.4035731804849297	-0.04035815870253212	1.3201764732861565	9.573901464713716	2.843873945727018	5년	1.3201764732861565	보통	5년	37.019144491250344	0.7904178203196961	헐값	N	주당순현금<=0	225300000.0	8.01835010612022	15.508656646528252		-3.995325848203901	320.12739807128906	302.21429962158203	Y	Y	강한 상승추세	
BIIB	BIOGEN INC.	0000875045	S&P 500	제외	PEG=헐값, PEGY=판정불가	201.82000732421875	8.79	2025		2913700000.0	1134989000.0	4048689000.0	6286800000.0		14799400000.0	11182700000.0	56.95998398897702	43.04001601102298	1.3234192100297781	-15.214894629503739	-15.214894629503739	24.6911151255657	24.6911151255657	-21.37745974955278	-25.041283434599325	30.526946389639487	-34.25491949910556	-41.58256686919865	69.55389277927898	-301.1007423971379	-365.51076278025613	611.3787175298622	-249.19271205526573	-281.1072983428607	202.93266046101058	5년	69.55389277927898	611.3787175298622	202.93266046101058				13.941536369816452	6.907905987447382	판정불가		판정불가	5년	30.526946389639487	0.8088301663197337	헐값	N	주당순현금<=0	147100000.0	7.804070341539782	12.691948992752899		-6.836540287484794	200.8006005859375	183.63035026550293	Y	Y	강한 상승추세	
VRT	Vertiv Holdings Co	0001674101	S&P 500	제외	PEG=헐값, PEGY=보통	263.04998779296875	3.41	2025	10.0	1728400000.0		1728400000.0	2892100000.0	20900000.0	3941300000.0	8271100000.0	32.27293570469359	67.7270642953064	0.4765146111158129	-2.9788598174833623	-3.032360006694845	78.01432481244929	78.03001401749665	166.40624999999997		95.30556878636357	341.31249999999994		199.11113757272713	1163.875625		678.9689791229996	342.4541642313317		158.11405080063196	5년	199.11113757272713	678.9689791229996	158.11405080063196	2.261203316494634		1.3498234976656394	4.8477826951533824	1.8429131040176245	5년	1.3498234976656394	보통	5년	95.30556878636357	0.8185704760581805	헐값	N	주당순현금<=0	390652824.0	-20.521501398080723	38.44007967881136		-30.08266748754188	304.69039947509765	246.75050025939942	N	Y	중립/개선	단기위험부채 존재
PLTR	Palantir Technologies Inc.	0001321655	S&P 500	보류	PEG=헐값, PEGY=판정불가	125.6500015258789	0.63	2025		1423796000.0	5753247000.0	7177043000.0	0.0		7387268000.0	1412381000.0	83.9495757160314	16.0504242839686	5.230364894458365	2.7978525625907094	2.7978525625907094	195.0034110528384	195.0034110528384	231.57894736842107			471.65789473684214			297.14447368421054			136.4858496424376			1년	471.65789473684214	297.14447368421054	136.4858496424376				0.8188809670368397	0.651715843288854	판정불가		판정불가	1년	231.57894736842107	0.8420601840918022	헐값	Y		2565197000.0	-13.956034666698436	-14.963450056120664		-39.35225119806318	130.48829971313478	152.62049983978272	N	N	주의	
PFG	PRINCIPAL FINANCIAL GROUP INC	0001126328	S&P 500	제외	PEG=헐값, PEGY=보통	115.12999725341797	5.25	2025	2.96	4431000000.0		4431000000.0	3926300000.0	27700000.0	11883900000.0	328985200000.0	3.486352972446021	96.51364702755399	0.036122901577335394	2.236154186973859	2.113424900310146	21.50358915551316	21.526966162496727	-21.40718562874251	-34.694566556534845	25.297404962923697	-34.31437125748502	-60.88913311306969	59.09480992584739	-180.15044910179637	-319.6679488436159	310.2477521106988	-256.47568261923857	-377.6582615041499	169.47603536183374	5년	59.09480992584739	310.2477521106988	169.47603536183374	-0.8578654240151793	-1.4757799884954848	1.314078536311645			5년	1.314078536311645	보통	5년	25.297404962923697	0.8500314236590347	헐값	N	FCF<=0	225700000.0	15.755075722086609	19.927080472310376		0.0	109.15039993286133	95.11470008850098	Y	Y	강한 상승추세	단기위험부채 존재
SW	Smurfit Westrock plc	0002005951	S&P 500	제외	PEG=헐값, PEGY=보통	46.880001068115234	1.33	2025	3.94	892000000.0		892000000.0	13223000000.0		18327000000.0	26803000000.0	40.60935076445823	59.39064923554177	0.6837667425288214	-23.44296577946768	-23.44296577946768	52.87441116359618	52.87441116359618	62.195121951219534			132.89024390243907			176.74402439024396			277.0136953142134			1년	132.89024390243907	176.74402439024396	277.0136953142134	1.2507963776011428					1년	1.2507963776011428	보통	1년	62.195121951219534	0.8501375912578206	헐값	N	주당순현금<=0 | FCF<=0	526000000.0	23.465892970669522	11.725457795501315		-9.56789944034182	43.89900001525879	41.280650005340576	Y	Y	강한 상승추세	
TXT	TEXTRON INC	0000217346	S&P 500	제외	PEG=헐값, PEGY=양호	86.38999938964844	5.11	2025	9.0	1262000000.0		1262000000.0			7875000000.0	10254000000.0	43.43868939268575	56.561310607314255	0.7679929783499122	7.001076235174028	7.001076235174028	15.535992789525324	15.535992789525324	18.013856812933028			44.527713625866056			227.53661662817555			163.38305155195988			1년	44.527713625866056	227.53661662817555	163.38305155195988	1.738791796501496					1년	1.738791796501496	양호	1년	18.013856812933028	0.8624467792133929	헐값	N	FCF<=0	180258000.0	-5.003302099853624	-1.3362245335404088		-14.270117825202288	90.85220016479492	89.59099994659424	N	N	주의	
CLX	CLOROX CO /DE/	0000021076	S&P 500	제외	PEG=헐값, PEGY=보통	98.26000213623047	6.52	2025	5.19	167000000.0		167000000.0	2484000000.0	202000000.0	321000000.0	5079000000.0	5.944444444444445	94.05555555555556	0.06320141760189013	-18.64233588388166	-20.26760642705995	17.929806444802473	18.17908106798933	189.77777777777774	20.46094189649925	22.02423977466943	388.0555555555555	49.4218837929985	52.54847954933886	2530.122222222222	322.2306823303502	342.61608666168934	2474.9258774840937	227.9367752135812	248.68316630675076	3년	49.4218837929985	322.2306823303502	227.9367752135812	10.87394771259761	1.4306312773351213	1.5178211688145884	6.12292516514197	6.23135053127006	3년	1.4306312773351213	보통	3년	20.46094189649925	0.8762942847645817	헐값	N	주당순현금<=0	124287000.0	13.62164468319531	-13.266836135435934		-22.727273272712566	95.51580032348633	104.13665016174316	Y	N	중립/개선	단기위험부채 존재
AMP	AMERIPRISE FINANCIAL INC	0000820027	S&P 500	제외	PEG=헐값, PEGY=보통	552.0700073242188	36.28	2025	1.25	2318000000.0		2318000000.0	2249000000.0		6549000000.0	184355000000.0	3.4305200519632906	96.5694799480367	0.03552385343494888	0.7026476578411406	0.7026476578411406	15.197556771399604	15.197556771399604	9.773071104387304	17.245791047295555	90.92651621947032	28.046142208774608	42.99158209459111	190.35303243894063	1017.5140393343428	1559.7345983917655	6906.008016884766	84.3088785543785	182.52478448367643	1150.9297598608753	3년	42.99158209459111	1559.7345983917655	182.52478448367643	0.725318633132643	1.2170239812561794	6.065219403749028			3년	1.2170239812561794	보통	3년	17.245791047295555	0.8812328022368594	헐값	N	FCF<=0	98200000.0	17.815150054149353	3.737460055277775		0.0	485.48700073242185	476.48399993896487	Y	Y	강한 상승추세	
EBAY	EBAY INC	0001065088	S&P 500	제외	PEG=헐값, PEGY=보통	107.12999725341797	4.34	2025	1.09	1867000000.0	2625000000.0	4492000000.0	6973000000.0	750000000.0	4615000000.0	12995000000.0	26.20670073821692	73.79329926178308	0.3551365909965371	-5.301282051282051	-6.903846153846154	25.90582472458526	26.275079126097726	10.15228426395939		29.104348914704946	28.80456852791878		66.70869782940989	125.0118274111675		289.5157485796389	16.69171158051068		170.2471352582826	5년	66.70869782940989	289.5157485796389	170.2471352582826	0.43396743332746274		1.1655428551575806	3.0641025641025643	2.8601723538313677	5년	1.1655428551575806	보통	5년	29.104348914704946	0.8901015034044057	헐값	N	주당순현금<=0	468000000.0	-2.012260624523121	14.235443215924072		-9.944520781859023	111.39579986572265	96.6850500869751	N	Y	중립/개선	단기위험부채 존재
PCAR	PACCAR INC	0000075362	S&P 500	보류	PEG=헐값, PEGY=보통	132.05999755859375	4.51	2025	1.06	3435900000.0		3435900000.0			19264000000.0					6.5222095671981775	6.5222095671981775	27.835429709843808	27.835429709843808	-42.911392405063296	-7.777639865294905	30.977934086980994	-77.32278481012659	-7.05527973058981	70.45586817396199	-348.7257594936709	-31.81931158496004	317.75596546456853	-364.06615624761366	-124.0945874399567	140.6148503248179	5년	70.45586817396199	317.75596546456853	140.6148503248179	-1.5035295966802638	-0.2413341534626734	1.150976809804772	6.971905846621109	5.27934724785054	5년	1.150976809804772	보통	5년	30.977934086980994	0.898556683337451	헐값	Y		526800000.0	15.467337927068803	5.978650920272366		-4.449756787875458	121.47339996337891	116.11174995422363	Y	Y	강한 상승추세	
RJF	RAYMOND JAMES FINANCIAL INC	0000720005	S&P 500	보류	PEG=헐값, PEGY=보통	177.67999267578125	10.3	2025	1.23	11389000000.0		11389000000.0	1190836000.0		12503000000.0	75726000000.0	14.171077536864296	85.8289224631357	0.1651084171882841	49.36187802516941	49.36187802516941	12.458069383554548	12.458069383554548	6.185567010309293	13.848488040155704	12.055643508520287	20.871134020618584	36.19697608031141	32.611287017040574	214.97268041237143	372.82885362720754	335.89625627551794	20.988681491359262	109.83164621552022	89.04562703828974	3년	36.19697608031141	372.82885362720754	109.83164621552022	0.5952420701796955	1.2103390642582452	1.0664287619121942	10.871248789932237	6.118442839970944	3년	1.2103390642582452	보통	3년	13.848488040155704	0.8995978006718542	헐값	Y		206600000.0	13.309097278309178	6.1790346385643735		0.0	159.4813998413086	158.3497001647949	Y	Y	강한 상승추세	
BBY	BEST BUY CO INC	0000764478	S&P 500	보류	PEG=헐값, PEGY=보통	85.25	5.04	2026	4.45	1738000000.0	0.0	1738000000.0	1144000000.0	110000000.0	2964000000.0					2.8005657708628005	2.281942479962282	16.359014728003412	16.461916174610657	17.757009345794387	-7.119053945313414		44.014018691588774	-5.738107890626829		221.83065420560743	-28.920063768759217		160.21191109162163	-133.92382846775274		1년	44.014018691588774	221.83065420560743	160.21191109162163	1.3574784126687263	-0.16315493259777555		5.931164545025931	6.957377765426312	1년	1.3574784126687265	보통	1년	17.757009345794387	0.9212708294191398	헐값	Y		212100000.0	47.90076492490394	29.36266771787912		-5.4563582886261734	78.25560035705567	70.88050020217895	Y	Y	강한 상승추세	단기위험부채 존재
GILD	GILEAD SCIENCES, INC.	0000882095	S&P 500	제외	PEG=헐값, PEGY=보통	131.14999389648438	6.78	2025	2.52	5412000000.0	68000000.0	5480000000.0	22129000000.0	2807000000.0	22703000000.0					-13.26613545816733	-15.502788844621515	21.30031406410792	21.630203944115912	1684.2105263157894	23.0389935777624	40.69054645685804	3376.9210526315787	54.5779871555248	89.88109291371607	22895.524736842104	370.0387529144582	609.393809954995	17357.511095969516	182.1492719294572	364.65408945118565	3년	54.5779871555248	370.0387529144582	182.1492719294572	79.18805897599479	1.1999350573346976	2.0286342411105545	7.534661354581673	5.74507183014337	3년	1.1999350573346976	보통	3년	23.0389935777624	0.924533182936746	헐값	N	주당순현금<=0	1255000000.0	-1.1606063128998145	-8.216114174057843		-15.82157167678908	129.74620040893555	131.83449989318848	Y	N	주의	단기위험부채 존재
DLTR	DOLLAR TREE, INC.	0000935703	S&P 500	제외	PEG=헐값, PEGY=판정불가	129.35000610351562	6.22	2025		717800000.0	0.0	717800000.0	2431700000.0	0.0	3754900000.0	9711300000.0	27.883887065393353	72.11611293460665	0.3866526623624026	-8.30780416868638	-8.30780416868638	22.131480751157877	22.131480751157877	136.22597553873032	-4.80407167954946	23.90309540249904	280.95195107746065	-1.1081433590989196	56.30619080499808	1747.5211357018052	-6.89265169359528	350.22450680708806	1251.0019739027357	-105.3286829287656	170.75724026391774	5년	56.30619080499808	350.22450680708806	170.75724026391774				9.05186621425109	6.997963499906683	판정불가		판정불가	5년	23.90309540249904	0.925883463145282	헐값	N	주당순현금<=0	206300000.0	37.53322903384855	10.348067528146498		-8.398838642068329	117.2788003540039	113.64594997406006	Y	Y	강한 상승추세	
RL	RALPH LAUREN CORP	0001037038	S&P 500	제외	PEG=헐값, PEGY=안심	380.1700134277344	15.11	2026	98.0	1988000000.0	77000000.0	2065000000.0	1238900000.0	0.0	2841400000.0	4898100000.0	36.71296595387299	63.28703404612701	0.5801024887201159	13.260032102728731	13.260032102728731	24.282593072468938	24.282593072468938	30.146425495262708	25.853438682213326		68.79285099052541	60.20687736442665		1039.459978466839	909.7259169764867		173.41977056389467	139.29449584255923		3년	60.20687736442665	909.7259169764867	139.29449584255923	5.277295761322636	5.100502994576621				3년	5.100502994576621	안심	3년	25.853438682213326	0.9392403606710508	헐값	N	FCF<=0	62300000.0	7.304751547779276	6.627588578137167		-8.226912872001357	386.0433984375	360.86434982299807	N	Y	상승전환	
TROW	PRICE T ROWE GROUP INC	0001113169	S&P 500	양호	PEG=헐값, PEGY=양호	113.51000213623047	9.24	2025	4.65	3378200000.0		3378200000.0			10860100000.0	2288600000.0	82.59447702054196	17.405522979458045	4.745302805208424	15.334543803903768	15.334543803903768	10.62504960306566	10.62504960306566	0.9836065573770475	11.309540391033558	22.643785680119024	10.467213114754095	31.119080782067115	53.78757136023805	96.71704918032785	287.54030642630016	496.99715936859957	-14.794249528555504	153.31715356784596	337.8443749583601	3년	31.119080782067115	287.54030642630016	153.31715356784596	0.530219318293966	1.5020673773069944	2.56881489496707	6.71448025419882	5.91532034872165	3년	1.5020673773069944	양호	3년	11.309540391033558	0.9394766927477816	헐값	Y		220300000.0	10.118354792300321	6.43225552011546		-6.714331154219922	111.55400009155274	102.55634979248048	Y	Y	강한 상승추세	
ORCL	ORACLE CORP	0001341439	S&P 500	제외	PEG=헐값, PEGY=보통	141.85000610351562	5.83	2026	1.54	31289000000.0	605000000.0	31894000000.0	0.0	0.0	42508000000.0					10.945092656142759	10.945092656142759	22.453672975535657	22.453672975535657	34.331797235023046	23.834995611269672	5.082750468287545	77.16359447004609	56.169991222539345	18.66550093657509	449.86375576036875	327.4710488274044	108.81987046023278	217.14045569520724	130.85726805568908	-23.28525500321725	3년	56.169991222539345	327.4710488274044	130.85726805568908	1.597591506481237	1.1301044438883978	0.2949517647069745	-8.128345916266301	-5.730240089192952	3년	1.1301044438883978	보통	3년	23.834995611269672	0.9420464489164454	헐값	N	FCF<=0	2914000000.0	-21.321198410391105	-11.376978466097952		-56.79651207481338	163.99300033569335	182.33574962615967	N	N	주의	
BA	BOEING CO	0000012927	S&P 500	제외	PEG=헐값, PEGY=보통	233.49000549316406	2.48	2025	3.5204933001899557	10921000000.0	18479000000.0	29400000000.0	53848000000.0	6109000000.0	5454000000.0	162778000000.0	3.2419515906605163	96.75804840933948	0.03350575630613473	-32.07136298045389	-40.08526826708645	107.08119696516853	110.3126103871978	113.50762527233115			235.5152505446623			584.0778213507625			150.1511018071661			1년	235.5152505446623	584.0778213507625	150.1511018071661	1.0928913935337137			-2.462285189557917	-1.0545569967147934	1년	1.0928913935337137	보통	1년	113.50762527233115	0.9433832899618494	헐값	N	주당순현금<=0 | FCF<=0	762300000.0	5.508360719974892	0.20169994510581546		-7.400352510411256	219.12899932861328	218.47305030822753	Y	Y	강한 상승추세	단기위험부채 존재
JPM	JPMORGAN CHASE & CO	0000019617	S&P 500	제외	PEG=헐값, PEGY=보통	352.6400146484375	20.02	2025	1.71	278793000000.0		278793000000.0	267889000000.0	64776000000.0	362438000000.0	4062462000000.0	8.19087437004226	91.80912562995775	0.08921634220824712	3.9201869494876864	-19.367966924321408	17.418572812135356	18.58181726137657	1.3670886075949347	18.30758541328956	17.65495483894246	11.23417721518987	45.115170826579124	43.80990967788492	224.9082278481012	903.205719948114	877.074391751256	-36.22158050545619	156.126838257014	148.71663887198125	3년	45.115170826579124	903.205719948114	156.12683825701401	0.17665561012272807	1.1492092738702162	1.1117417625312607			3년	1.1492092738702162	보통	3년	18.307585413289562	0.951440204642778	헐값	N	FCF<=0	2781500000.0	14.623767802540911	14.441486948967297		-1.3069835554742504	328.6994012451172	312.10555084228514	Y	Y	강한 상승추세	단기위험부채 존재
DG	DOLLAR GENERAL CORP	0000029534	S&P 500	제외	PEG=헐값, PEGY=보통	127.72000122070312	6.85	2025	1.86	1138501000.0		1138501000.0	4172068000.0		8511962000.0	22451768000.0	27.490105358753613	72.50989464124639	0.3791221252598014	-13.738109902451837	-13.738109902451837	20.650819142066418	20.650819142066418	34.050880626223076	-13.760458357934102	21.193089282505095	76.60176125244615	-19.020916715868204	50.88617856501019	524.7220645792561	-130.2932795036972	348.5703231703198	310.8378167586486	-202.01478097275256	172.91756955747454	5년	50.88617856501019	348.5703231703198	172.91756955747454	1.7389567154298202	-0.5762705235112183	1.1163280799619795			5년	1.1163280799619797	보통	5년	21.193089282505095	0.9744128789715276	헐값	N	주당순현금<=0 | FCF<=0	220814000.0	11.56533671866602	-11.002713323482617		-18.253970346736047	115.68439971923829	123.39214962005616	Y	Y	상승전환	
C	CITIGROUP INC	0000831001	S&P 500	제외	PEG=헐값, PEGY=불리(<1)	133.57000732421875	6.99	2025	2.02	188105000000.0		188105000000.0	315827000000.0	51878000000.0	212291000000.0	2443380000000.0	7.993874241199306	92.00612575880069	0.08688415228085684	-68.18749666328546	-95.88382894666596	28.8637344760378	32.826013772658754	17.67676767676767	-0.047641741369786	29.48968947668986	43.85353535353534	8.404716517260429	67.47937895337972	306.53621212121203	58.7489684556504	471.6808588841243	129.49479322640664	-56.01634705832789	253.13381224813313	5년	67.47937895337972	471.6808588841243	253.13381224813313	0.6824053794258538	0.06833343967557745	1.0916705703085194	-39.58784902034061	-29.638277195154867	3년	0.0683334396755774	불리(<1)	5년	29.48968947668986	0.9787737676537134	헐값	N	주당순현금<=0 | FCF<=0	1873100000.0	6.320154616245333	14.918698672007524		-8.306439896218865	135.3226008605957	118.964400100708	N	Y	상승전환	단기위험부채 존재
FIX	COMFORT SYSTEMS USA INC	0001035983	S&P 500	보류	PEG=헐값, PEGY=보통	1770.9599609375	28.88	2025	21.0	981898000.0		981898000.0	139063000.0	500000.0	2448774000.0	3992395000.0	38.0175399838135	61.9824600161865	0.6133596500346283	23.80015813401858	23.786039025216727	60.49722308876321	60.49771197757214	97.80821917808218	61.78475841689988	89.88133018013103	204.11643835616437	132.06951683379975	188.26266036026206	5894.882739726027	3814.167646160137	5437.025631204368	232.863693688785	115.37288986144078	207.01008216618004	3년	132.06951683379975	3814.167646160137	115.37288986144078	1.9638623578434908	1.3684059232840453	1.8328333850537712	29.126394261994182	1.6446670113634547	3년	1.368405923284045	보통	3년	61.78475841689988	0.979160955531316	헐값	Y		35413000.0	-6.394988945634306	50.558545409562264		-14.301892922437142	1816.3727954101562	1402.791398010254	N	Y	중립/개선	단기위험부채 존재
XYZ	Block, Inc.	0001512673	S&P 500	보류	PEG=헐값, PEGY=판정불가	82.08999633789062	2.1	2025		6564092000.0	1081851000.0	7645943000.0	4109829000.0	455000.0	22204278000.0	17380005000.0	56.093672329495014	43.906327670504986	1.2775760421242686	5.677421737273577	5.676691210234443	36.38694028600812	36.387288156026756	-53.94736842105262		36.69521853880895	-99.39473684210525		81.8904370776179	-208.72894736842102		171.96991786299762	-354.26843303692186		109.48949389052504	5년	81.8904370776179	171.96991786299762	109.48949389052504				3.8929480860191576	4.742292922021088	판정불가		판정불가	5년	36.69521853880895	0.9915989530768212	헐값	Y		622838000.0	14.17245423610185	35.91058652990009		-1.2154057217522163	75.65039932250977	67.69704986572266	Y	Y	강한 상승추세	단기위험부채 존재
JCI	Johnson Controls International plc	0000833444	S&P 500	제외	PEG=헐값, PEGY=보통	146.38999938964844	5.03	2025	1.09	379000000.0	100000000.0	479000000.0	9195000000.0	723000000.0	12927000000.0	8245000000.0	61.05705648970338	38.942943510296615	1.5678593086719224	-13.325179636141263	-14.430515211741325	31.75252068107151	31.972269304451242	99.60317460317462	31.9394360396549	43.04007850240077	207.70634920634924	72.3788720793098	94.58015700480153	1044.7629365079367	364.0657265589283	475.7381897341517	613.684637518903	148.69576342430958	224.97997931393684	3년	72.3788720793098	364.0657265589283	148.69576342430958	3.171186804806977	1.0402146138698398	1.389813392947661			3년	1.0402146138698398	보통	3년	31.9394360396549	0.994147819067584	헐값	N	주당순현금<=0 | FCF<=0	654100000.0	1.3781202058710917	19.0356118016767		-1.2279922014526545	142.3061996459961	130.8927499771118	Y	Y	강한 상승추세	단기위험부채 존재
PH	Parker-Hannifin Corp	0000076334	S&P 500	제외	PEG=보통, PEGY=안심	997.52001953125	27.12	2025	82.0	467000000.0	8390000.0	475390000.0	8796284000.0	1800000000.0	13682000000.0	15803000000.0	46.40325589282686	53.596744107173144	0.8657849775359109	-63.90855606758833	-77.73344086021505	39.138221814116456	39.64798895248765	24.175824175824182	39.03778474522208	64.23010312898325	56.851648351648365	86.57556949044417	136.9602062579665	1541.8167032967037	2347.929444580846	3714.3607937160514	54.56498848225895	135.3766740124348	272.3595237177783	3년	86.57556949044417	2347.929444580846	135.3766740124348	2.712842312563328	3.092572404543068	3.7362480038947674	25.6605222734255	2.5724318079835404	3년	3.092572404543068	안심	3년	39.03778474522208	1.0025728168119648	보통	N	주당순현금<=0	130200000.0	14.954770329155863	4.781514656643915		-2.492619842540733	932.4572021484375	908.2647491455078	Y	Y	강한 상승추세	단기위험부채 존재
HSIC	HENRY SCHEIN INC	0001000228	S&P 500	제외	PEG=보통, PEGY=판정불가	86.51000213623047	3.27	2025		80209000.0		80209000.0	363524000.0	764000000.0	3245000000.0	6421000000.0	33.57128077798469	66.4287192220153	0.5053729948606136	-2.327636739241161	-8.604446893240233	27.16747366222374	29.08698747078615	7.213114754098368	-5.784216280166666	26.993797939062315	22.926229508196734	-3.0684325603333313	62.48759587812463	74.96877049180333	-10.033774472289993	204.33443852146755	-13.340921696259745	-111.59839813261064	136.1974725184894	5년	62.48759587812463	204.33443852146755	136.1974725184894						판정불가		판정불가	5년	26.993797939062315	1.0064339120991233	보통	N	주당순현금<=0 | FCF<=0	121717876.0	20.119419839710663	14.871869526914704		-1.9827781074589712	82.06039993286133	76.39010000228882	Y	Y	강한 상승추세	단기위험부채 존재
GOOG	Alphabet Inc.	0001652044	S&P 500	보류	PEG=보통, PEGY=양호	372.4700012207031	10.81	2025	25.0	30708000000.0	96135000000.0	126843000000.0	46547000000.0	0.0	415265000000.0	180016000000.0	69.75949173583568	30.24050826416432	2.306822726868723	6.565494685200327	6.565494685200327	33.848705507447065	33.848705507447065	34.45273631840798	33.33790189024399	-28.686657181224508	77.40547263681596	75.17580378048798	-48.873314362449015	836.7531592039805	812.6504388670751	-528.3205282580739	124.64981245782836	118.17876237113327	-241.84243738464806	3년	75.17580378048798	812.6504388670751	118.17876237113327	1.7564257015775024	1.7234898946847184	-0.10891575101486245	5.99067865903516	1.6083654091341029	3년	1.7234898946847184	양호	3년	33.33790189024399	1.0153220085320531	보통	Y		12230000000.0	-1.8886347990409003	7.993623604555178		-6.658482045723901	356.4549987792969	326.14039909362793	Y	Y	강한 상승추세	
NVDA	NVIDIA CORP	0001045810	S&P 500	보류	PEG=보통, PEGY=안심	206.63999938964844	4.9	2026	50.0	10605000000.0	34621000000.0	45226000000.0	7469000000.0	0.0	157293000000.0	49510000000.0	76.05934149891442	23.940658501085572	3.1769945465562515	1.5402219140083218	1.5402219140083218	41.85709744400818	41.85709744400818	66.66666666666669	41.21547046890686	-6.616661124591561	141.83333333333337	90.93094093781372	-4.7333222491831215	694.9833333333336	445.5616105952872	-23.1932790209973	236.32565591661944	115.62215055717208	-111.22400265655399	3년	90.93094093781372	445.5616105952872	115.62215055717209	2.78726127206337	2.179211556437349	1.0364631454305187	4.184517622583014	2.02502789147445	3년	2.179211556437349	안심	3년	41.21547046890686	1.015567624675918	보통	Y		24514000000.0	4.11124739911366	11.330207806768367		-12.344110216948078	205.83779907226562	193.24545013427735	Y	Y	강한 상승추세	
GOOGL	Alphabet Inc.	0001652044	S&P 500	보류	PEG=보통, PEGY=양호	373.510009765625	10.81	2025	25.0	30708000000.0	96135000000.0	126843000000.0	46547000000.0	0.0	415265000000.0	180016000000.0	69.75949173583568	30.24050826416432	2.306822726868723	6.565494685200327	6.565494685200327	33.94491351345279	33.94491351345279	34.45273631840798	33.33790189024399	-28.686657181224508	77.40547263681596	75.17580378048798	-48.873314362449015	836.7531592039805	812.6504388670751	-528.3205282580739	124.02429314519239	117.57126117637593	-241.447488539756	3년	75.17580378048798	812.6504388670751	117.57126117637591	1.75144757092535	1.7186051119889865	-0.10860705771907299	5.99067865903516	1.6038870451676168	3년	1.7186051119889865	양호	3년	33.33790189024399	1.018207853187859	보통	Y		12230000000.0	-2.541419500163078	8.676425590617121		-7.2301390155969925	358.4297998046875	326.91294982910154	Y	Y	강한 상승추세	
CPRT	COPART INC	0000900075	S&P 500	제외	PEG=보통, PEGY=판정불가	29.350000381469727	1.59	2025		186319000.0		186319000.0	325386000.0	50370000.0	5987440000.0	883411000.0	87.14262614630996	12.85737385369003	6.777638041636339	-0.1422588620886838	-0.19378495299024207	18.548590719219124	18.580997065698092	13.571428571428584	-29.408420975097684	18.170645193625703	35.64285714285717	-50.31684195019537	44.841290387251405	56.6721428571429	-80.00377870081064	71.29765171572974	93.0907738349576	-372.5852731208871	142.92214919609978	5년	44.841290387251405	71.29765171572974	142.92214919609978				1.2590083708159985	4.289636642086315	판정불가		판정불가	5년	18.170645193625703	1.0207997856744242	보통	N	주당순현금<=0	977563000.0	-11.835387280568977	-26.033265736539402		-41.264759526742424	29.886000175476074	35.79435008049011	N	N	주의	단기위험부채 존재
LLY	ELI LILLY & Co	0000059478	S&P 500	제외	PEG=보통, PEGY=안심	1121.3599853515625	22.95	2025	60.0	7268000000.0	154800000.0	7422800000.0	40868000000.0	1000000000.0	26535000000.0					-37.19025909040365	-38.30223507172245	50.48149213254755	50.52994424502331	95.98633646456018	49.27183319275166	27.579995682880675	200.47267292912036	107.04366638550331	63.65999136576135	4600.8478437233125	2456.652143547301	1460.996801844223	310.2917799658136	119.07792106360074	30.287937944047428	3년	107.04366638550331	2456.652143547301	119.07792106360074	3.0899707967227297	2.1645919836489833	1.7348931654580424			3년	2.1645919836489838	안심	3년	49.27183319275166	1.0245507191718175	보통	N	주당순현금<=0 | FCF<=0	899300000.0	15.851352250345485	7.396586642236946		-9.242777997547446	1149.3728051757812	1026.3392044067382	N	Y	상승전환	단기위험부채 존재
INTU	INTUIT INC.	0000896878	S&P 500	제외	PEG=보통, PEGY=보통	318.3900146484375	13.67	2025	1.52	2884000000.0	485000000.0	3369000000.0	5973000000.0	0.0	19710000000.0	17248000000.0	53.33080794415282	46.66919205584718	1.1427411873840445	-9.201413427561837	-9.201413427561837	23.964259552011654	23.964259552011654	31.064237775647175	23.370799285623757	52.08691360323674	70.62847555129434	55.24159857124751	112.67382720647348	965.4912607861937	755.1526524689534	1540.2512179124924	203.24168986652356	137.17849735419122	383.7624130936455	3년	55.24159857124751	755.1526524689534	137.17849735419122	1.3597014213990988	1.0386633992008454	2.2369526371924464	21.636042402826856	6.7954525605073135	3년	1.0386633992008454	보통	3년	23.370799285623754	1.0253932379091957	보통	N	주당순현금<=0	283000000.0	-21.769571171741852	-34.63827848580887		-59.43404428386905	290.6790020751953	465.2909512329102	Y	N	주의	
ICE	Intercontinental Exchange, Inc.	0001571949	S&P 500	제외	PEG=보통, PEGY=보통	151.8000030517578	5.77	2025	1.36	837000000.0	16000000.0	853000000.0	18609000000.0	1035000000.0	28915000000.0	107896000000.0	21.134996454963417	78.86500354503659	0.26798954548824794	-30.88	-32.68	31.66031248730638	31.97227089285231	20.711297071129692	30.77318536913174	44.058395353098234	49.922594142259385	70.04637073826348	96.61679070619647	288.05336820083664	404.16755915978024	557.4788823747535	89.75847326078235	166.25003361954813	267.2456331800436	3년	70.04637073826348	404.16755915978024	166.25003361954813	0.6971282131210415	1.014935824844273	1.4345529713677938	7.459130434782609	4.913788066420091	3년	1.014935824844273	보통	3년	30.77318536913174	1.028827926245962	보통	N	주당순현금<=0	575000000.0	-2.965992915645932	-12.345530966761253		-19.44812655345932	140.25100036621095	154.69275047302247	Y	N	주의	단기위험부채 존재
IEX	IDEX CORP /DE/	0000832101	S&P 500	제외	PEG=보통, PEGY=불리(<1)	232.6999969482422	6.41	2025	1.27	580000000.0		580000000.0	1820100000.0	0.0	4027500000.0	2900800000.0	58.131143281901764	41.868856718098236	1.3884100937672366	-16.46879150066401	-16.46879150066401	38.8718858734643	38.8718858734643	-3.4638554216867403	-5.969686551893727	37.169267564172536	1.5722891566265194	-3.439373103787453	82.83853512834507	10.07837349397599	-22.046381595277573	530.9950101726919	-95.66894128657094	-109.47416496966316	128.18866228468292	5년	82.83853512834507	530.9950101726919	128.18866228468292	-0.05643810101799987	-0.12090194355869789	0.9888706632165977	8.191235059760956	3.5200838707285733	5년	0.9888706632165976	불리(<1)	5년	37.169267564172536	1.045807152544833	보통	N	주당순현금<=0	75300000.0	8.570892996897195	17.39481158066798		-0.457717972649585	220.9814013671875	198.04495025634765	Y	Y	강한 상승추세	
RMD	RESMED INC	0000943819	S&P 500	보류	PEG=보통, PEGY=보통	215.19000244140625	9.51	2025	1.14	1209450000.0		1209450000.0	1078611000.0	9900000.0	5967859000.0	2206532000.0	73.00677200295411	26.9932279970459	2.704632880919017	0.8880073299850686	0.8208158001900366	22.53438434399802	22.54144969939182	37.42774566473988	21.51639654394364	17.368222766330476	83.35549132947976	51.53279308788728	43.23644553266095	792.7107225433525	490.076862265808	411.17859701560565	268.3771148983552	127.74146415061742	91.0769981647102	3년	51.53279308788728	490.076862265808	127.74146415061742	1.7115065171510802	1.005414490055865	0.8213325238352961	11.278152572281797	5.241020699998694	3년	1.005414490055865	보통	3년	21.51639654394364	1.0473121880783016	보통	Y		147340000.0	2.750327062533997	-15.525634842941516		-26.738843702483493	199.32840057373048	231.73720031738281	Y	N	중립/개선	단기위험부채 존재
PEG	PUBLIC SERVICE ENTERPRISE GROUP INC	0000788784	S&P 500	제외	PEG=보통, PEGY=보통	76.62000274658203	4.22	2025	3.5	132000000.0		132000000.0	21670000000.0	1529000000.0	13130000000.0					-42.99001996007984	-46.041916167664674	28.343607276460162	29.066805429916283	19.20903954802259	27.00332083242836	2.3351713791253115	46.91807909604518	62.506641664856716	13.170342758250623	197.99429378531067	263.77802782569535	55.578846439817625	158.4107108951299	244.2678391674455	-27.461701321464705	3년	62.506641664856716	263.77802782569535	244.2678391674455	0.8012049887130219	1.07619755435159	0.2058725737415759	0.05189620758483034	0.06773193125100142	3년	1.07619755435159	보통	3년	27.003320832428358	1.0496341339774125	보통	N	주당순현금<=0	501000000.0	-4.760713917893867	-4.594689234449945		-14.998886992026128	79.61039993286133	80.92185005187989	N	N	주의	단기위험부채 존재
FFIV	F5, INC.	0001048695	S&P 500	보류	PEG=보통, PEGY=판정불가	406.3500061035156	11.8	2025		1344273000.0	0.0	1344273000.0	0.0	0.0	3591999000.0	1628778000.0	68.80200016204483	31.197999837955155	2.2053336918843454	22.906976347897213	22.906976347897213	32.495172013188	32.495172013188	23.560209424083766	30.824915840645065	56.42360566588014	55.62041884816753	70.14983168129012	121.34721133176028	656.3209424083769	827.7680138392235	1431.8970937147715	61.516164033521	103.70813372852608	252.38023187084755	3년	70.14983168129012	827.7680138392235	103.70813372852608				15.445538818076477	3.8010430875056525	판정불가		판정불가	3년	30.824915840645062	1.0541852630248083	보통	Y		58684000.0	23.162493596886023	44.75278011417565		-5.776098663923679	401.49480102539064	311.2986500549316	Y	Y	강한 상승추세	
DXCM	DEXCOM INC	0001093557	S&P 500	보류	PEG=보통, PEGY=판정불가	87.30999755859375	2.09	2025		917700000.0	1730000000.0	2647700000.0	4600000.0		2746000000.0	3593900000.0	43.31298600924305	56.68701399075695	0.7640724561061799	6.518125770653514	6.518125770653514	38.6563979846604	38.6563979846604	47.183098591549296	36.597938323358605	-16.208656508885298	102.86619718309859	81.69587664671721	-23.917313017770596	214.99035211267605	170.74438219163895	-49.987184207140544	146.23795455771943	95.56108918346078	-157.252531903456	3년	81.69587664671721	170.74438219163895	95.56108918346078				2.656473489519112	3.042576524797578	판정불가		판정불가	3년	36.597938323358605	1.056245235540713	보통	Y		405500000.0	45.41971390279231	20.377773373843922		0.0	73.4502001953125	67.85180002212525	Y	Y	강한 상승추세	
DLR	DIGITAL REALTY TRUST, INC.	0001297996	S&P 500	제외	PEG=보통, PEGY=불리(<1)	191.22000122070312	3.58	2025	2.59	3451647000.0		3451647000.0	2940210000.0		22925663000.0	24564494000.0	48.2745571887665	51.72544281123349	0.93328456104164	1.470449383283977	1.470449383283977	53.002668111010934	53.002668111010934	122.36024844720497	47.747457450932274	86.18839525621738	253.22049689440993	103.99491490186455	180.87679051243475	906.5293788819876	372.3017953486751	647.5389100345164	374.07665155052763	94.69814505385878	238.63555376047572	3년	103.99491490186455	372.3017953486751	94.69814505385878	2.3574331802599846	0.9497155378197842	1.674979740081694			3년	0.9497155378197842	불리(<1)	3년	47.747457450932274	1.1100626282662105	보통	N	FCF<=0	347810000.0	-3.672355794600446	15.813700268810127		-6.223334909274147	185.20559936523438	176.22949966430664	Y	Y	강한 상승추세	
LMT	LOCKHEED MARTIN CORP	0000936468	S&P 500	제외	PEG=보통, PEGY=불리(<1)	586.2899780273438	21.49	2025	2.37	4121000000.0	3000000.0	4124000000.0	20532000000.0	0.0	6721000000.0	53119000000.0	11.231617647058824	88.76838235294117	0.1265272313108304	-70.26980728051392	-70.26980728051392	30.5518746071595	30.5518746071595	-3.6754818467055146	-0.2623064045820689	27.492062613344558	1.1490363065889708	7.975387190835862	63.484125226689116	24.69279022859698	171.39107073106265	1364.2738511215491	-95.78829740332942	-70.76684283300692	132.69608935016132	5년	63.484125226689116	1364.2738511215491	132.69608935016132	-0.042730008010689755	0.0689873738524711	0.9774216147884657	32.61241970021413	5.56250676669304	3년	0.0689873738524711	불리(<1)	5년	27.492062613344558	1.1112980148797464	보통	N	주당순현금<=0	233500000.0	13.150622484353969	-7.816041190669221		-13.360430404725221	529.9594018554687	545.493151550293	Y	Y	상승전환	
SWKS	SKYWORKS SOLUTIONS, INC.	0000004127	S&P 500	보류	PEG=보통, PEGY=보통	61.290000915527344	3.08	2025	4.56	1161300000.0	212900000.0	1374200000.0	496400000.0		5757100000.0	2159900000.0	72.71820133889099	27.281798661109008	2.665447474420112	5.659574468085107	5.659574468085107	18.06182676865008	18.06182676865008	-16.531165311653112	-26.666925336211623	16.101965535917493	-24.562330623306224	-44.833850672423246	40.70393107183499	-75.65197831978317	-138.0882600710636	125.36810770125176	-223.4328229559829	-325.30308045089294	104.5490387152054	5년	40.70393107183499	125.36810770125176	104.5490387152054	-0.6627881811175086	-1.223958441157382	1.1439576849325384	7.129593810444875	11.632556214628229	5년	1.1439576849325384	보통	5년	16.101965535917493	1.1217156519408058	보통	Y		155100000.0	-10.980388854235567	7.84796575888107		-26.528407742948477	68.3246002960205	64.48464990615845	N	N	판정불가	
PPG	PPG INDUSTRIES INC	0000079879	S&P 500	제외	PEG=보통, PEGY=보통	114.01000213623047	6.94	2025	2.68	2163000000.0	56000000.0	2219000000.0	6602000000.0	4000000.0	7941000000.0	14001000000.0	36.19086683073557	63.80913316926442	0.567173773301907	-19.299867899603697	-19.31748128577719	19.208914990754202	19.2114529426524	46.10526315789475	17.118429805639778	43.51289451505902	100.7105263157895	42.736859611279556	95.52578903011803	698.9310526315792	296.5938057022801	662.9489758690191	513.0436273445789	160.1471801990499	481.48317116673843	3년	42.736859611279556	296.5938057022801	160.1471801990499	2.539719873890664	1.0306896467171272	2.4047633370907713	5.121092029942757	4.4917918901743095	3년	1.0306896467171272	보통	3년	17.118429805639778	1.1221189798859763	보통	N	주당순현금<=0	227100000.0	9.540738019292515	-2.103723997511897		-13.339917716665294	116.23599990844727	109.57469985961914	N	Y	상승전환	단기위험부채 존재
NEM	NEWMONT Corp /DE/	0001164727	S&P 500	제외	PEG=보통, PEGY=불리(<1)	95.37000274658203	6.39	2025	1.11	7647000000.0	594000000.0	8241000000.0	5115000000.0	0.0	33867000000.0	23079000000.0	59.47213149299336	40.52786850700664	1.4674379305862473	2.82129963898917	2.82129963898917	14.483365118559133	14.483365118559133	118.83561643835617		12.729803073711565	246.17123287671234		33.95960614742313	1573.0341780821918		217.0018832820338	1549.401418454471		127.53683237134115	5년	33.95960614742313	217.0018832820338	127.53683237134115	8.281612419247557		0.9555654338905741			5년	0.955565433890574	불리(<1)	5년	12.729803073711565	1.1377524879759424	보통	N	FCF<=0	1108000000.0	-11.963443981736777	-15.48958437207919		-27.722618452207147	98.55899993896485	104.25844989776611	N	N	주의	
MET	METLIFE INC	0001099219	S&P 500	제외	PEG=보통, PEGY=보통	96.30999755859375	4.71	2025	2.47	22032000000.0	3601000000.0	25633000000.0	23692000000.0	355000000.0	28398000000.0	716245000000.0	3.813639556136296	96.1863604438637	0.03964844431723782	2.882815980989158	2.355562156542403	19.835919655542376	19.94786314268606	-20.707070707070713	17.4111403260089	102.01265397268551	-32.914141414141426	43.3222806520178	212.52530794537103	-155.02560606060612	204.04794187100384	1000.9942004226975	-260.9652268616148	111.86579487437297	939.346096768101	3년	43.3222806520178	204.04794187100384	111.86579487437297	-0.9193962782549925	1.002279736521008	5.267346096730731			3년	1.002279736521008	보통	3년	17.4111403260089	1.1392659690365785	보통	N	FCF<=0	673300000.0	21.98860200302779	20.643862394511657		-1.210380891406615	88.74759902954102	79.79119964599609	Y	Y	강한 상승추세	단기위험부채 존재
XYL	Xylem Inc.	0001524472	S&P 500	제외	PEG=보통, PEGY=불리(<1)	119.08000183105469	3.92	2025	1.47	1479000000.0		1479000000.0	1408000000.0	534000000.0	11480000000.0	5885000000.0	66.10999136193493	33.89000863806507	1.9507221750212405	0.2909907620679197	-1.8975876455978427	30.303319150251728	30.86162996853381	7.397260273972603	25.99210498948732	36.73964338359592	23.294520547945204	60.48420997897464	81.97928676719184	91.3145205479452	237.0981031175806	321.358804127392	-23.316661787175562	99.10824611336892	169.86798722368283	3년	60.48420997897464	237.0981031175806	99.10824611336892	0.29261679982996	0.9062408264033082	1.2609062127532162			3년	0.9062408264033082	불리(<1)	3년	25.99210498948732	1.1658662952657397	보통	N	FCF<=0	243994000.0	3.6920982483217957	-14.869890138467944		-22.144488913359705	115.16720031738281	128.20790019989013	Y	N	중립/개선	단기위험부채 존재
MSFT	MICROSOFT CORP	0000789019	S&P 500	보류	PEG=보통, PEGY=안심	487.6499938964844	17.95	2026	78.0	20935000000.0	55908000000.0	76843000000.0	31067000000.0	0.0	442387000000.0	315989000000.0	58.33346519404623	41.66653480595377	1.4000075952010989	6.141956259224473	6.141956259224473	26.824960314053477	26.824960314053477	31.5982404692082	22.855998285745223	17.396112163192925	71.6964809384164	54.21199657149045	43.29222432638585	1286.9518328445743	973.1053384582535	777.0954266586259	163.90892011735804	99.5499539911445	59.35515972211483	3년	54.21199657149045	973.1053384582535	99.5499539911445	4.0856813648961925	3.7597818265142866	3.5562442980843976	8.987924325774856	1.8431096971740681	3년	3.759781826514287	안심	3년	22.855998285745226	1.173650784301275	보통	Y		7453000000.0	17.898070609067762	15.18293679775402		-10.039296159616718	400.73679809570314	433.4534994506836	Y	Y	상승전환	
CCI	CROWN CASTLE INC.	0001051470	S&P 500	제외	PEG=보통, PEGY=불리(<1)	76.73999786376953	1.01	2025	5.57	99000000.0		99000000.0	24337000000.0		7089221000.0	33153000000.0	17.616376094152457	82.38362390584754	0.21383346906765602	-55.464530892448515	-55.464530892448515	130.89557302595847	130.89557302595847	111.24721603563475	-36.03957271499858	-15.540072887114587	230.9944320712695	-63.579145429997155	-22.580145774229173	233.3043763919822	-64.21493688429713	-22.805947231971466	204.01926359986234	-183.67857528259623	-129.71846216683124	1년	230.9944320712695	233.3043763919822	204.01926359986234	0.8924458890024357	-0.23277771746303463	-0.07616814424378873			1년	0.8924458890024357	불리(<1)	1년	111.24721603563475	1.176618864637745	보통	N	주당순현금<=0 | FCF<=0	437000000.0	-14.903528937596244	-9.675142783994472		-28.407504323252297	83.05639999389649	86.98694980621337	N	N	주의	
WBD	Warner Bros. Discovery, Inc.	0001437107	S&P 500	제외	PEG=보통, PEGY=판정불가	26.09000015258789	0.29	2025		4566000000.0		4566000000.0	32567000000.0	0.0	35919000000.0	62919000000.0	36.34128574030232	63.65871425969769	0.5708768416535546	-11.067588932806323	-11.067588932806323	128.12961753584213	128.12961753584213	106.27705627705627			221.05411255411255			64.10569264069264			145.70982087301343			1년	221.05411255411255	64.10569264069264	145.70982087301343				1.2205533596837945	4.6782420565173	판정불가		판정불가	1년	106.27705627705627	1.2056188045124046	보통	N	주당순현금<=0	2530000000.0	-3.2269991150920774	-5.196221952722979		-12.97531504017584	26.581000061035155	26.508650035858153	N	N	주의	
GS	GOLDMAN SACHS GROUP INC	0000886982	S&P 500	제외	PEG=보통, PEGY=불리(<1)	1027.06005859375	51.32	2025	1.96	164259000000.0		164259000000.0	236027000000.0	69709000000.0	124972000000.0	1684348000000.0	6.907125328852828	93.09287467114717	0.07419606874588862	-225.9697732997481	-445.4565491183879	24.416013871658187	28.692841147937216	26.591021213616184	19.517790861873507	15.71173099479697	61.68204242723237	47.535581723747015	39.92346198959394	3165.522417365565	2439.526054062697	2048.872069305961	208.212006773956	137.52516064181236	99.48902229839172	3년	47.535581723747015	2439.526054062697	137.52516064181236	1.169356364380095	0.8796600040764503	0.7237762514261225	-148.6712846347607	-14.475422677649574	3년	0.8796600040764503	불리(<1)	3년	19.517790861873507	1.2509619579617988	보통	N	주당순현금<=0 | FCF<=0	317600000.0	13.704654907813785	8.530854992021442		-10.850893914729953	1050.2842004394531	917.7635510253906	N	Y	상승전환	단기위험부채 존재
CBRE	CBRE GROUP, INC.	0001138118	S&P 500	제외	PEG=보통, PEGY=판정불가	148.42999267578125	3.85	2025		1864000000.0		1864000000.0	5050000000.0	2465000000.0	8878000000.0	21251000000.0	29.46662683793023	70.53337316206976	0.41776857559644254	-10.593461930091989	-18.789596160373456	41.30479340412292	43.43365943796226	22.611464968152863	-3.5428381522206065	32.860400171986704	53.722929936305725	1.414323695558787	74.22080034397341	206.83328025477704	5.44514622790133	285.75008132429764	39.34736270355232	-96.33150542572938	92.515054520327	5년	74.22080034397341	285.75008132429764	92.515054520327				4.318714363628149	2.9095968313234426	판정불가		판정불가	5년	32.860400171986704	1.2569777966165796	보통	N	주당순현금<=0	300751541.0	5.9835697546728905	-12.358294673560033		-13.507375940870482	136.14440048217773	147.95560054779054	Y	Y	상승전환	단기위험부채 존재
WST	WEST PHARMACEUTICAL SERVICES INC	0000105770	S&P 500	보류	PEG=보통, PEGY=불리(<1)	347.94000244140625	6.79	2025	26.0	791300000.0	7500000.0	798800000.0	202800000.0	0.0	3176000000.0	1094000000.0	74.37939110070258	25.620608899297427	2.903107861060329	8.198074277854195	8.198074277854195	50.03563006826982	50.03563006826982	1.4947683109118033	-4.229866358140244	39.39782987966147	11.489536621823607	0.04026728371951194	87.29565975932294	78.01395366218229	0.2734148564554861	592.7375297658028	-77.57833157591014	-99.9214189646097	70.35624694105731	5년	87.29565975932294	592.7375297658028	70.35624694105731	0.5495037890678558	0.4350926252383764	1.3070252096442294	6.449793672627235	1.8537085783096736	3년	0.4350926252383764	불리(<1)	5년	39.39782987966147	1.2700098005677198	보통	Y		72700000.0	15.910457369225695	46.50105365953947		-4.86684209226399	339.0334002685547	285.32625045776365	Y	Y	강한 상승추세	
FDS	FACTSET RESEARCH SYSTEMS INC	0001013237	S&P 500	제외	PEG=보통, PEGY=불리(<1)	269.67999267578125	15.55	2025	1.76	337651000.0	17445000.0	355096000.0	1368260000.0	0.0	2186413000.0	2117859000.0	50.79634837203597	49.203651627964035	1.0323694825765077	-26.394789631366418	-26.394789631366418	19.04017892650467	19.04017892650467	11.79007907979871	14.904095738686006	46.6827292996804	32.08015815959742	38.30819147737201	101.8654585993608	498.84645938173986	595.6923774731348	1584.0078812200607	84.97718515643487	120.88860636736112	487.3657387422175	3년	38.30819147737201	595.6923774731348	120.88860636736113	0.7116571294892861	0.8752068876563412	2.544237083415547	17.33682428031783	6.428665363084896	3년	0.8752068876563412	불리(<1)	3년	14.904095738686006	1.2775131923691811	보통	N	주당순현금<=0	38385000.0	20.15683021843917	8.409711622006988		-31.926496823794647	246.06079925537108	247.6197998046875	Y	Y	상승전환	
HBAN	HUNTINGTON BANCSHARES INC /MD/	0000049196	S&P 500	제외	PEG=보통, PEGY=불리(<1)	17.360000610351562	1.39	2025	3.64	2672000000.0		2672000000.0	17221000000.0	1261000000.0	24342000000.0	200727000000.0	10.8153499593458	89.1846500406542	0.12126918650704688	-9.668163175256307	-10.506128242546032	19.444722147919332	20.04757471431482	13.93442622950819	-1.3987851140241592	15.035833064612024	36.36885245901638	5.702429771951682	38.57166612922405	50.55270491803277	7.926377383012837	53.61461591962142	191.20220703154115	-54.341145712365744	208.83994259569127	5년	38.57166612922405	53.61461591962142	208.83994259569127	0.9038147264752111	0.11526083370729268	0.960457697597413	1.4719211927412688	8.478808415845213	3년	0.1152608337072926	불리(<1)	5년	15.035833064612024	1.2932254610942684	보통	N	주당순현금<=0	1504836000.0	7.425747365533697	-2.908269434128674		-9.911778941565053	17.229600067138673	16.789599976539613	Y	Y	상승전환	단기위험부채 존재
AMZN	AMAZON COM INC	0001018724	S&P 500	보류	PEG=보통, PEGY=판정불가	284.0199890136719	7.17	2025		86810000000.0	36219000000.0	123029000000.0	65648000000.0	455000000.0	411065000000.0					5.29980604045442	5.257781472245313	38.873107806585416	38.87896897369966	29.656419529837247		-12.638188158251552	67.8128390596745		-16.776376316503104	486.2180560578662		-120.28661818932726	71.19149174900544		-142.3514621654101	1년	67.8128390596745	486.2180560578662	71.19149174900544				12.263507896924356	4.3178326777324205	판정불가		판정불가	1년	29.656419529837247	1.3107822327464471	보통	Y		10827000000.0	4.399927130234738	16.8998934660719		0.0	247.00919982910156	235.35034996032715	Y	Y	강한 상승추세	단기위험부채 존재
MTB	M&T BANK CORP	0000036270	S&P 500	제외	PEG=보통, PEGY=불리(<1)	249.47999572753906	17.0	2025	2.44	1420888000.0		1420888000.0	10911000000.0	2149000000.0	29177000000.0	184333000000.0	13.665402088895135	86.33459791110486	0.15828419219564593	-59.76479775302127	-73.29831035763992	18.190870204738843	18.98695918148112	16.12021857923497	13.816843747424093	11.330076475388973	40.74043715846994	36.13368749484818	31.160152950777945	692.587431693989	614.2726874124191	529.722600163225	177.61241123732194	146.22121930901258	112.33069153237571	3년	36.13368749484818	614.2726874124191	146.22121930901258	1.020304051996364	0.893681476721717	0.7569773364553927			3년	0.893681476721717	불리(<1)	3년	13.816843747424091	1.3165720433170718	보통	N	주당순현금<=0 | FCF<=0	158791000.0	16.535871446984075	10.614526538109192		-1.79499200090818	234.07599975585939	213.36075019836426	Y	Y	강한 상승추세	단기위험부채 존재
JNJ	JOHNSON & JOHNSON	0000200406	S&P 500	제외	PEG=보통, PEGY=불리(<1)	254.41000366210938	11.03	2025	2.09	19709000000.0	393000000.0	20102000000.0	39438000000.0	8495000000.0	81544000000.0	117666000000.0	40.933688067868076	59.066311932131924	0.693012424999575	-7.959166872478801	-11.455915040750803	23.786869495429574	24.103891088201287	90.50086355785837	17.90172233284293	14.890675456717407	189.50172711571673	44.30344466568586	38.281350913434814	2090.2040500863554	488.666994662515	422.24330057518597	721.5887818870625	92.0785297859318	65.96961381124844	3년	44.30344466568586	488.666994662515	92.0785297859318	3.892519928931751	0.8404520122618133	0.7138676007778193	8.108174857989628	3.1870503287120626	3년	0.8404520122618133	불리(<1)	3년	17.90172233284293	1.3287475391007273	보통	N	주당순현금<=0	2429400000.0	13.474579449187662	10.253522713806884		-4.800923155630066	245.70320037841796	226.75165023803712	Y	Y	강한 상승추세	단기위험부채 존재
HOOD	Robinhood Markets, Inc.	0001783879	S&P 500	제외	PEG=보통, PEGY=판정불가	90.33999633789062	2.05	2025		4261000000.0		4261000000.0			7972000000.0	28986000000.0	21.570431300395043	78.42956869960496	0.2750293245014835	4.637662377147143	4.637662377147143	41.806016566216336	41.806016566216336	31.410256410256395			71.32051282051279			146.2070512820512			61.840886881604476			1년	71.32051282051279	146.2070512820512	61.840886881604476						판정불가		판정불가	1년	31.410256410256395	1.33096705802648	보통	N	FCF<=0	918781846.0	18.014360204282397	0.4782478681651492		-40.74511848380128	96.92760040283203	99.069075050354	N	N	중립/개선	
JBHT	HUNT J B TRANSPORT SERVICES INC	0000728535	S&P 500	제외	PEG=보통, PEGY=보통	266.9100036621094	6.12	2025	66.0	17284000.0		17284000.0	766938000.0	699859000.0	3565085000.0	4362070000.0	44.97307041429113	55.02692958570887	0.8172920196145408	-7.673962001474081	-14.838188928015724	44.86666105614108	46.03728637093547	10.071942446043176	-12.736907999542591	33.56042305195701	28.64388489208635	-16.973815999085183	75.62084610391402	175.30057553956848	-103.87975391440132	462.7995781559538	-34.32221605246105	-138.91939323709514	73.39161957444944	5년	75.62084610391402	462.7995781559538	73.39161957444944	1.695511559259008	1.1871418720864915	2.2190290230730185	9.700116698059126	3.634227479288802	3년	1.1871418720864917	보통	5년	33.56042305195701	1.3368919988487682	보통	N	주당순현금<=0	97688000.0	11.987080541746554	26.073400027258398		-10.555946386994297	279.65879821777344	225.05479957580567	N	Y	상승전환	단기위험부채 존재
SWK	STANLEY BLACK & DECKER, INC.	0000093556	S&P 500	제외	PEG=보통, PEGY=불리(<1)	98.11000061035156	2.65	2025	3.55	280100000.0		280100000.0	4703300000.0	605600000.0	9054600000.0					-29.12337534073401	-33.110786288995115	48.01259469852286	49.517278075225164	35.8974358974359		-1.0951545801409002	80.2948717948718		6.3096908397182	212.78141025641025		16.720680725253228	116.88044942684441		-82.95721066024636	1년	80.2948717948718	212.78141025641025	116.88044942684441	0.8216060003657649		0.05112919714656922	4.5292932485284245	4.616545938590627	5년	0.0511291971465692	불리(<1)	1년	35.8974358974359	1.337493709458851	보통	N	주당순현금<=0	151878000.0	31.040466156294457	23.954515121864507		0.0	86.38160034179687	78.19265018463135	Y	Y	강한 상승추세	단기위험부채 존재
WTW	WILLIS TOWERS WATSON PLC	0001140536	S&P 500	제외	PEG=보통, PEGY=불리(<1)	341.6300048828125	16.26	2025	1.14	3132000000.0	0.0	3132000000.0	5756000000.0	988000000.0	7976000000.0	21478000000.0	27.079513818157125	72.92048618184288	0.37135673712636186	-26.505050505050505	-36.484848484848484	22.64053231167669	23.2542960250714	1793.7500000000005		16.276465322384226	3596.000000000001		41.05293064476845	58470.96000000002		667.5206522839351	17015.2882253586		95.39286442738279	5년	41.05293064476845	667.5206522839351	95.39286442738279	79.27772966160778		0.7692604167880722	16.454545454545453	4.816481345129438	5년	0.7692604167880722	불리(<1)	5년	16.276465322384226	1.390998098373378	보통	N	주당순현금<=0	99000000.0	31.386054656301667	7.902473291696044		-2.371899513243181	276.93199920654297	298.4551495361328	Y	Y	상승전환	단기위험부채 존재
MCK	MCKESSON CORP	0000927653	S&P 500	보류	PEG=보통, PEGY=안심	827.1400146484375	38.38	2026	44.0	3975000000.0		3975000000.0	3072000000.0	0.0	-2172000000.0					7.2763900080580175	7.2763900080580175	21.361741131849385	21.361741131849385	49.22239502332816	15.31382381030486	56.03117347520965	106.94479004665632	39.12764762060972	120.5623469504193	4104.54104199067	1501.719115679001	4627.182875957093	396.2329193728149	81.55561199844534	459.4195413123378	3년	39.12764762060972	1501.719115679001	81.55561199844534	4.363988611599539	2.776638076653342	4.682725666311334	46.08380338436744	5.571463424358042	3년	2.776638076653342	안심	3년	15.31382381030486	1.3949318861481743	보통	Y		124100000.0	2.3878244284786687	-2.2882180829203125		-16.92795823797453	791.5060009765625	836.1014492797851	Y	N	중립/개선	
CSCO	CISCO SYSTEMS, INC.	0000858877	S&P 500	제외	PEG=보통, PEGY=불리(<1)	115.86000061035156	2.55	2025	1.45	8346000000.0	7764000000.0	16110000000.0	22861000000.0	31000000.0	46843000000.0	75448000000.0	38.30453590206965	61.69546409793034	0.6208647015162762	-1.6885942971485743	-1.6963481740870434	46.097488199019665	46.10052893507397	0.3937007874015664	-3.299135343193793	32.687404272277206	9.287401574803132	1.9017293136124138	73.87480854455441	23.682874015747984	4.849409749711655	188.38076178861374	-79.55905930348146	-95.8144228170508	62.59344104628184	5년	73.87480854455441	188.38076178861374	62.59344104628184	0.039995688690056985	-0.04011358135632904	0.7405480343070665	3.3236618309154577	2.868687910759862	5년	0.7405480343070665	불리(<1)	5년	32.687404272277206	1.4102523349679317	보통	N	주당순현금<=0	3998000000.0	25.07827274719738	43.675597082437754		-10.876922607421879	117.69960006713868	89.74654998779297	N	Y	상승전환	단기위험부채 존재
TDG	TransDigm Group INC	0001260221	S&P 500	제외	PEG=보통, PEGY=보통	1285.56005859375	32.08	2025	16.996483247854872	2808000000.0		2808000000.0	19384000000.0	124000000.0	-9686000000.0	32588000000.0	-42.293249497860444	142.29324949786044	-0.2972259727507058	-284.8109965635739	-286.94158075601376	48.951716183208354	49.01813090242406	25.214676034348155	33.77548076206609		58.92935206869631	76.05096152413218		1890.4536143637774	2439.71484569416		47.0529207660441	89.77836386445594		3년	76.05096152413218	2439.71484569416	89.77836386445594	0.8623019287867684	1.0371845558978992		31.20274914089347	2.427171638719514	3년	1.0371845558978992	보통	3년	33.77548076206609	1.4493269993120868	보통	N	주당순현금<=0	58200000.0	11.815058566613423	-10.446385901777077		-20.10092889911389	1265.3602026367187	1280.6832489013673	Y	Y	상승전환	단기위험부채 존재
HCA	HCA Healthcare, Inc.	0000860730	S&P 500	제외	PEG=보통, PEGY=안심	406.6099853515625	28.33	2025	77.0	1040000000.0	103000000.0	1143000000.0	41603000000.0	4698000000.0	-6027000000.0	45623000000.0	-15.221234468128095	115.22123446812809	-0.13210442101571576	-168.93880874339757	-188.55508465729974	20.315876953581366	21.008297564732167	28.772727272727266	13.944298430482704	20.983259927461795	66.04545454545453	36.38859686096541	50.46651985492359	1871.0677272727269	1030.88894907115	1429.7165074899851	360.1627590761125	153.5326200068167	251.61864169514328	3년	36.38859686096541	1030.88894907115	153.5326200068167	5.2064071619650765	4.476513548407304	4.822989435865279	32.117580742813004	7.89886670270617	3년	4.476513548407304	안심	3년	13.944298430482704	1.4569307344405495	보통	N	주당순현금<=0	239495000.0	-4.815302138888056	-18.162427220168365		-25.410455907857777	387.25820007324216	457.22864944458007	Y	N	주의	단기위험부채 존재
NTRS	NORTHERN TRUST CORP	0000073124	S&P 500	보류	PEG=보통, PEGY=불리(<1)	182.1999969482422	8.74	2025	1.8	5873100000.0		5873100000.0	1421600000.0		12957900000.0	164174800000.0	7.315363001862446	92.68463699813756	0.07892746024359402	23.155164963319883	23.155164963319883	18.19734919735953	18.19734919735953	-10.542476970317292	12.490113204685828	9.86611256684804	-12.584953940634584	33.48022640937165	28.23222513369608	-109.99249744114627	292.61717881790827	246.74964766850374	-160.36909949696212	60.60218645395064	35.427909880041476	3년	33.48022640937165	292.61717881790827	60.60218645395064	-0.4804258507929189	0.7852854308450239	0.6410885695670893	28.398432689485546	15.5864067865779	3년	0.7852854308450239	불리(<1)	3년	12.490113204685827	1.4569402934260482	보통	Y		192246525.0	12.999250025432897	20.168845017716386		-4.67221666218528	176.30999969482423	151.39175048828125	Y	Y	강한 상승추세	
SBAC	SBA COMMUNICATIONS CORP	0001034054	S&P 500	제외	PEG=보통, PEGY=불리(<1)	179.5399932861328	3.47	2025	2.76	264568000.0	6648000.0	271216000.0	10964466000.0	1935802000.0	-4853519000.0					-99.44156677485051	-117.44350106478942	80.39814410979346	85.58602142677873	115.527950310559	54.54935861402714	29.8495127277137	239.555900621118	117.59871722805428	68.1990254554274	831.2589751552796	408.06754878134836	236.6506183303331	362.993765311388	127.28504179623718	31.809416943211687	3년	117.59871722805428	408.06754878134836	127.28504179623718	1.4712771248677383	0.7128194219976549	0.4056003168827061	9.917969367542987	5.524100333309428	3년	0.7128194219976549	불리(<1)	3년	54.54935861402714	1.473860484385593	보통	N	주당순현금<=0	107533000.0	-17.608191331809152	-0.8832980616687913		-22.074653627465924	189.745400390625	194.30259963989258	N	N	주의	단기위험부채 존재
DVA	DAVITA INC.	0000927066	S&P 500	제외	PEG=보통, PEGY=판정불가	233.67999267578125	9.84	2025		676438000.0	337399000.0	1013837000.0	4417624000.0	87345000.0	-651082000.0	16321665000.0	-4.154803940606422	104.15480394060641	-0.03989066066482801	-44.85454305857547	-46.00556104632009	28.30635525755658	28.423328630294854	-8.294501397949679	18.926802949554716	45.67357145242303	-8.089002795899358	46.353605899109425	99.84714290484607	-79.59578751164968	456.1194820472367	982.4958861836852	-134.06187521671342	95.1897878908609	320.44501753594574	3년	46.353605899109425	456.1194820472367	95.1897878908609				17.27134479804968	7.391024195217588	판정불가		판정불가	3년	18.926802949554713	1.495569818790898	보통	N	주당순현금<=0	75885000.0	51.661468002840614	110.1627732213816		-3.021254081691127	217.6002001953125	157.1840998840332	Y	Y	강한 상승추세	단기위험부채 존재
EW	Edwards Lifesciences Corp	0001099800	S&P 500	보류	PEG=보통, PEGY=판정불가	88.81999969482422	1.83	2025		2938000000.0	1288300000.0	4226300000.0	598300000.0	0.0	10337600000.0	3359600000.0	75.47235931431241	24.527640685687587	3.0770329801166807	6.193240013656538	6.193240013656538	45.151234798452286	45.151234798452286	181.53846153846155	-9.143970358393016	30.15204668909448	371.5769230769231	-9.787940716786032	68.80409337818895	679.9857692307693	-17.91193151171844	125.91149088208579	665.5773154324767	-120.1665520977954	41.76029195530722	5년	68.80409337818895	125.91149088208579	41.76029195530722				2.278934790030727	2.5657901349480943	판정불가		판정불가	5년	30.15204668909448	1.4974517406403054	보통	Y		585800000.0	6.588260822194725	7.465212407786104		-6.68207668623606	87.70760009765625	83.75774997711181	Y	Y	강한 상승추세	
ZTS	Zoetis Inc.	0001555280	S&P 500	제외	PEG=보통, PEGY=불리(<1)	77.0999984741211	6.02	2025	2.74	1564000000.0	0.0	1564000000.0	9042000000.0	0.0	3331000000.0	12136000000.0	21.53617378935799	78.46382621064201	0.2744726433750824	-16.84860364775198	-16.84860364775198	15.606080086689882	15.606080086689882	10.05484460694698	10.268140283428306	11.973196718056611	28.60968921389396	29.03628056685661	32.446393436113226	172.23032906764163	174.79840901247678	195.3272884854016	123.38564523506625	126.7164882903967	153.3427916356755	3년	29.03628056685661	174.79840901247678	126.7164882903967	0.8198628057701339	0.8335302786586807	0.9427861856613953	5.1438034404677415	6.671599925120983	3년	0.8335302786586807	불리(<1)	3년	10.268140283428306	1.5198545847563505	보통	N	주당순현금<=0	443835000.0	-31.57614637441599	-38.29038180923754		-50.816534080218446	77.13219955444336	110.13385021209717	N	N	주의	
ESS	ESSEX PROPERTY TRUST, INC.	0000920522	S&P 500	제외	PEG=보통, PEGY=불리(<1)	285.8800048828125	10.4	2025	3.65	76241000.0		76241000.0	638959000.0		5541372000.0	7422114000.0	42.74600211702315	57.25399788297685	0.7466029220246415	-8.737930546901023	-8.737930546901023	28.32864763747245	28.32864763747245	-9.878682842287684	18.3737118876667	3.6579731144279037	-11.257365684575369	45.2474237753334	15.815946228855807	-117.07660311958384	470.5732072634674	164.4858407801004	-140.95305761855423	64.60514874286645	-42.46332798002918	3년	45.2474237753334	470.5732072634674	64.60514874286645	-0.21987222694134304	0.777436048819156	0.25797112548221657			3년	0.777436048819156	불리(<1)	3년	18.3737118876667	1.541803192009774	보통	N	주당순현금<=0 | FCF<=0	64399459.0	8.013749340315535	15.060773226187308		-4.173225035974493	286.67499877929686	263.75384994506834	N	Y	상승전환	
CME	CME GROUP INC.	0001156375	S&P 500	보류	PEG=보통, PEGY=불리(<1)	266.1700134277344	11.16	2025	1.94	4416900000.0	125000000.0	4541900000.0		0.0	28728200000.0	169696000000.0	14.478173529236857	85.52182647076314	0.16929214595511974	12.605534123393744	12.605534123393744	22.720831478883568	22.720831478883568	15.408479834539815	14.67730855550884	56.73155320469705	39.31695966907963	37.854617111017674	121.9631064093941	438.77726990692867	422.45752695895726	1361.1082675288383	64.84849824229259	58.71717535666549	411.36799746917455	3년	37.854617111017674	422.45752695895726	58.71717535666549	0.7635495140511587	0.731368857295242	2.5822801977658956	11.63886653159779	4.372718918150321	3년	0.731368857295242	불리(<1)	3년	14.677308555508839	1.5480243801480722	보통	Y		360310000.0	-8.308930520236968	-8.460287001895795		-18.46779991588643	252.33700164794922	278.5525995635986	Y	N	주의	
BR	BROADRIDGE FINANCIAL SOLUTIONS, INC.	0001383312	S&P 500	제외	PEG=보통, PEGY=불리(<1)	157.33999633789062	7.1	2025	2.53	561500000.0	700000.0	562200000.0	2753000000.0	400000000.0	2655100000.0	5889900000.0	31.071971913399647	68.92802808660035	0.45078863817721865	-18.519019442096365	-21.900253592561285	24.768875461969998	25.245105624007312	21.16040955631398	15.988691932754072	29.22853605343554	50.82081911262796	40.477383865508145	66.95707210687108	360.8278156996585	287.3894254451078	475.39521195878467	129.33000133340155	82.6550350413976	202.1451779736059	3년	40.477383865508145	287.3894254451078	82.6550350413976	0.9564588264286811	0.7476597781432418	1.2821953141230586	9.530853761622993	6.057489502640704	3년	0.7476597781432418	불리(<1)	3년	15.988691932754072	1.5491495843527412	보통	N	주당순현금<=0	118300000.0	2.2684368514271025	-20.671574446413064		-41.04687785148212	147.30700012207032	183.19115013122558	Y	N	중립/개선	단기위험부채 존재
ISRG	INTUITIVE SURGICAL INC	0001035267	S&P 500	제외	PEG=보통, PEGY=판정불가	375.4100036621094	7.87	2025		3368000000.0	2566900000.0	5934900000.0			17824000000.0	2517000000.0	87.62597709060518	12.374022909394819	7.0814461660707195	16.3631100082713	16.3631100082713	45.62222282767955	45.62222282767955	22.58566978193147	29.189521389942357	21.11377974023332	53.67133956386294	66.87904277988471	50.72755948046664	422.3934423676013	526.3380666776927	399.22589311127246	12.515233543904113	40.20352722178051	6.343967719783716	3년	66.87904277988471	526.3380666776927	40.20352722178051						판정불가		판정불가	3년	29.189521389942353	1.5629657717991672	보통	N	FCF<=0	362700000.0	-17.008953554385343	-24.423732136361288		-36.67706517300999	397.92079833984377	481.5710005187988	N	N	주의	
MMM	3M CO	0000066740	S&P 500	제외	PEG=보통, PEGY=불리(<1)	177.22999572753906	6.0	2025	1.77	2398000000.0	404000000.0	2802000000.0	10932000000.0	1670000000.0	4702000000.0	32986000000.0	12.476119719804712	87.52388028019529	0.1425453222579276	-15.019397746166636	-18.10456308886015	32.04156557895095	32.5557598027332	351.12781954887214	-16.156804116139433	20.313637898738858	710.7556390977443	-23.813608232278867	49.127275797477715	4264.533834586466	-142.8816493936732	294.7636547848663	2306.2144881741465	-180.61933805682048	66.31702414416078	5년	49.127275797477715	294.7636547848663	66.31702414416078	11.013750831847652	-0.4490044058768011	0.6892184417245283	2.5789765379641603	1.4551580432969695	5년	0.6892184417245283	불리(<1)	5년	20.313637898738858	1.5773425586630254	보통	N	주당순현금<=0	541300000.0	25.197795128656296	15.511962580908477		-2.877027686825895	161.2829995727539	159.21535018920898	Y	Y	강한 상승추세	단기위험부채 존재
CHD	CHURCH & DWIGHT CO INC /DE/	0000313927	S&P 500	제외	PEG=보통, PEGY=불리(<1)	100.01000213623047	3.02	2025	1.24	409000000.0		409000000.0	2205100000.0	0.0	4002200000.0	4910200000.0	44.90597369956465	55.09402630043535	0.8150788155268625	-7.352026197298404	-7.352026197298404	35.55034050779101	35.55034050779101	27.426160337552734	21.59038130727984	38.621625217033674	63.35232067510547	51.680762614559676	85.74325043406735	191.3240084388185	156.07590309597023	258.9446163108834	91.30487386471904	56.06029373278941	158.9187189078921	3년	51.680762614559676	156.07590309597023	56.060293732789404	0.8063540300344076	0.6421986676126621	1.1212726699002455	4.474007367990176	4.473559916432983	3년	0.6421986676126621	불리(<1)	3년	21.590381307279838	1.646582336913344	보통	N	주당순현금<=0	244300000.0	7.664983091145849	2.7429688707523825		-4.987649528265548	97.16419982910156	93.10714977264405	Y	Y	강한 상승추세	
MCO	MOODYS CORP /DE/	0001059556	S&P 500	제외	PEG=보통, PEGY=안심	483.3599853515625	13.67	2025	86.0	2384000000.0	64000000.0	2448000000.0	6994000000.0	129900000.0	4054000000.0	11625000000.0	25.856240831685696	74.1437591683143	0.3487311827956989	-25.26959421901056	-25.99166203446359	37.20772345066372	37.26054479780733	21.403197158081706	22.48000431974093	7.800452654910939	51.30639431616341	53.46000863948186	24.100905309821876	701.3584103019539	730.7983181017171	329.45937558526504	45.10063545947736	51.1913150134232	-31.839749758011283	3년	53.46000863948186	730.7983181017171	51.1913150134232	2.8865834078909716	2.915523828368108	2.5209941365879964	14.313507504168983	2.961252056013352	3년	2.915523828368108	안심	3년	22.48000431974093	1.6551475222800365	보통	N	주당순현금<=0	179900000.0	7.518459822164991	-6.51581147602619		-10.424195535105307	468.7178021240234	471.77109985351564	Y	Y	상승전환	단기위험부채 존재
VMC	Vulcan Materials CO	0001396009	S&P 500	제외	PEG=보통, PEGY=안심	283.5899963378906	8.11	2025	77.0	183300000.0	0.0	183300000.0	4361700000.0	0.0	8525100000.0	8151500000.0	51.120132401088945	48.87986759891105	1.0458320554499172	-31.48756593820648	-31.48756593820648	38.850500897175976	38.850500897175976	18.394160583941606	23.456661319602468	56.64065143238312	45.28832116788321	55.413322639204935	121.78130286476625	367.28828467153284	449.402046603952	987.6463662332542	29.513836670711658	58.46893487332336	248.26558728697097	3년	55.413322639204935	449.402046603952	58.46893487332336	2.4554164909332163	2.5857237101132102	3.4398694571811146	8.555388093443858	3.0168158975714783	3년	2.5857237101132102	안심	3년	23.456661319602468	1.6562672908914386	보통	N	주당순현금<=0	132700000.0	-1.435425019216674	-7.299299199043297		-14.159881184943346	287.0602001953125	290.2876998901367	N	N	주의	
LIN	LINDE PLC	0001707925	S&P 500	제외	PEG=보통, PEGY=불리(<1)	480.4599914550781	14.61	2025	1.34	5056000000.0		5056000000.0	20683000000.0	4510000000.0	38245000000.0	47076000000.0	44.824837964862105	55.175162035137895	0.812409720452035	-33.0943783818126	-42.6455172121687	35.15088089232654	35.804620716444	7.268722466960355	21.083080176239765	25.40817902227086	23.03744493392071	50.66616035247953	59.31635804454172	336.57707048458155	740.2326027497259	866.6119910307546	-29.946909946600474	54.06748031358941	80.37131216820177	3년	50.66616035247953	740.2326027497259	54.067480313589414	0.2449077305723978	0.6379094807019399	0.7609533059556981	10.7773271635659	2.2431268690919826	3년	0.6379094807019399	불리(<1)	3년	21.083080176239765	1.6672554768321246	보통	N	주당순현금<=0	472195000.0	-2.6522128784615684	4.411506352445804		-12.1066920495972	513.9728009033203	474.19705032348634	N	Y	중립/개선	단기위험부채 존재
GNRC	GENERAC HOLDINGS INC.	0001474735	S&P 500	제외	PEG=보통, PEGY=불리(<1)	201.2100067138672	2.69	2025	5.466924920708673	341413000.0		341413000.0	1193750000.0	50618000.0	2632422000.0	2934633000.0	47.28571928964237	52.71428071035763	0.8970191502651268	-14.379177897293332	-15.233118564899213	80.14467829411173	80.46212835641873	-50.09276437847866	47.98739628823825	6.42832098504873	-91.68552875695732	104.4747925764765	21.35664197009746	-246.6340723562152	281.03719203072177	57.449366899562165	-222.57545058727808	39.6735662507947	-71.44805676525887	3년	104.4747925764765	281.03719203072177	39.6735662507947	-0.5568160033533839	0.6669728090090074	0.14842215551860732	4.523398856608908	2.2480983577727596	3년	0.6669728090090074	불리(<1)	3년	47.98739628823825	1.6701193332665822	보통	N	주당순현금<=0	59275781.0	-21.72948964050111	17.694196778214266		-31.91784499685314	248.96140167236328	204.64245025634764	N	N	판정불가	단기위험부채 존재
FAST	FASTENAL CO	0000815556	S&P 500	보류	PEG=보통, PEGY=불리(<1)	48.11000061035156	1.09	2025	2.01	276800000.0	27165000.0	303965000.0	100000000.0	25000000.0	3943600000.0					0.1773093413120836	0.15557652669780128	43.97494611838484	43.994884480416296	-45.49999999999999	-16.762013813238276	26.237828742825165	-82.49999999999999	-25.024027626476553	60.97565748565033	-89.925	-27.276190112859446	66.46346665935887	-286.91539983196617	-156.69546823283676	38.14896241148311	5년	60.97565748565033	66.46346665935887	38.14896241148311	-0.9889722180197942	-0.3354640565908692	0.6423618727531639	0.9132998013505995	1.8983574927539906	5년	0.6423618727531639	불리(<1)	5년	26.237828742825165	1.6760131544958712	보통	Y		1150334204.0	7.196968505713919	7.3883960483482225		-4.524704915486177	46.248999710083005	44.284499931335446	Y	Y	강한 상승추세	단기위험부채 존재
ALL	ALLSTATE CORP	0000899051	S&P 500	제외	PEG=보통, PEGY=불리(<1)	262.67999267578125	14.37	2025	1.64	678000000.0	4887000000.0	5565000000.0	7490000000.0		30610000000.0	89169000000.0	25.555397857721303	74.4446021422787	0.3432807365788559	-7.207038562336204	-7.207038562336204	18.781282619214856	18.781282619214856	103.25318246110325		11.203898286185531	215.0063649222065		30.907796572371062	3089.6414639321074		444.1450367449721	1076.19976780857		69.08217189314765	5년	30.907796572371062	444.1450367449721	69.08217189314765	5.584985040041332		0.6838669406446781	36.997379258704605	14.084582111424627	5년	0.6838669406446781	불리(<1)	5년	11.203898286185531	1.6763167729193225	보통	N	주당순현금<=0	267100000.0	19.470595583438598	30.842797301848357		-4.26765601789837	236.04680084228517	214.2134503173828	Y	Y	강한 상승추세	
AXP	AMERICAN EXPRESS CO	0000004962	S&P 500	제외	PEG=보통, PEGY=불리(<1)	344.7200012207031	15.38	2025	1.13	654000000.0	742000000.0	1396000000.0	56387000000.0	1371000000.0	33474000000.0	266578000000.0	11.156066281844481	88.84393371815553	0.12556925177621558	-79.01005747126437	-80.97988505747126	27.55071903068709	27.67879624695542	9.77872947894362	16.01301181321386	54.27257678866031	28.05745895788724	40.52602362642772	117.04515357732062	431.52371877230576	623.2902433744584	1800.1544620191912	25.180934452372416	80.81058284036263	422.2077209458648	3년	40.52602362642772	623.2902433744584	80.81058284036263	0.3959508086447051	0.6222346427372473	2.0109303400376124	22.992816091954023	6.669997682331502	3년	0.6222346427372473	불리(<1)	3년	16.01301181321386	1.7205207460068423	보통	N	주당순현금<=0	696000000.0	7.99160754628665	-2.2985533146858694		-10.436751253322607	334.2432000732422	339.504049987793	Y	Y	상승전환	단기위험부채 존재
GRMN	GARMIN LTD	0001121788	S&P 500	보류	PEG=보통, PEGY=불리(<1)	304.760009765625	8.59	2025	1.43	2278646000.0	167989000.0	2446635000.0			8972564000.0					12.63653313775721	12.63653313775721	34.00738959579369	34.00738959579369	17.671232876712327	19.45038186480894	37.78102526893068	43.842465753424655	47.40076372961788	84.06205053786135	376.60678082191777	407.1725604374176	722.093014120229	23.574868340352918	33.60432713942776	136.93824352990177	3년	47.40076372961788	407.1725604374176	33.60432713942776	0.5616788910806292	0.6139954319631635	1.1530148516245016	7.039258119163706	2.309770932405873	3년	0.6139954319631635	불리(<1)	3년	19.45038186480894	1.7484175802904085	보통	Y		193616000.0	27.728416584116154	47.28398050573905		0.0	244.32779968261718	229.61245002746583	Y	Y	강한 상승추세	
KDP	Keurig Dr Pepper Inc.	0001418135	S&P 500	제외	PEG=보통, PEGY=불리(<1)	30.90999984741211	1.53	2025	2.96	1026000000.0		1026000000.0	13036000000.0	0.0	25516000000.0	29943000000.0	46.0087632304946	53.9912367695054	0.8521524229369135	-8.812738479600823	-8.812738479600823	25.962574069943095	25.962574069943095	45.714285714285715	14.847977704937376	38.520495126762675	99.92857142857143	38.195955409874756	85.54099025352535	152.8907142857143	58.439811777108375	130.8777150878938	394.6318830167022	89.06441949400772	323.4154504496101	3년	38.195955409874756	58.439811777108375	89.06441949400772	1.8747865902339784	0.6859095580030985	1.5977034871432374	1.1043439976518932	3.5727725755532562	3년	0.6859095580030985	불리(<1)	3년	14.847977704937376	1.7485596076366547	보통	N	주당순현금<=0	1362800000.0	7.066155001306473	12.522754350362387		-12.18750233677296	31.014000091552735	28.645350008010865	N	Y	상승전환	
TJX	TJX COMPANIES INC /DE/	0000109198	S&P 500	보류	PEG=보통, PEGY=불리(<1)	157.5	4.87	2026	1.22	6230000000.0	0.0	6230000000.0	1870000000.0	999000000.0	10190000000.0					3.8652482269503547	2.979609929078014	31.547176955451675	31.72903286877248	14.319248826291089	17.920914155588186		37.138497652582174	44.34182831117637		180.8644835680752	215.94470387542893		14.834592741635056	37.10774849233582		3년	44.34182831117637	215.94470387542893	37.10774849233582	0.4925717711044109	0.6067393663343444		4.35904255319149	2.767646065518406	3년	0.6067393663343444	불리(<1)	3년	17.920914155588186	1.760355341338125	보통	Y		1128000000.0	1.8494572048886049	4.881135992828756		-6.478239667994268	157.53220001220703	154.51395011901855	N	Y	상승전환	단기위험부채 존재
PNR	PENTAIR plc	0000077360	S&P 500	제외	PEG=보통, PEGY=불리(<1)	67.06999969482422	3.96	2025	1.62	82500000.0		82500000.0	1638600000.0	3694000.0	4663800000.0	2999600000.0	60.85810475767936	39.14189524232064	1.5548073076410187	-9.402416918429003	-9.424737160120847	19.311216316478085	19.31685274114774	5.882352941176464	10.942784716109877	45.36942418564116	20.264705882352928	30.385569432219754	99.23884837128232	80.24823529411759	120.32685495159022	392.98583955027794	19.648480183771856	79.40488370223717	485.9338621416523	3년	30.385569432219754	120.32685495159022	79.40488370223717	0.38849717274280515	0.6505434204778788	2.433271080162129	4.507552870090635	6.720669286716102	3년	0.6505434204778788	불리(<1)	3년	10.942784716109877	1.7647442417512127	보통	N	주당순현금<=0	165500000.0	-12.986509987597783	-36.4325672098594		-40.429876653035535	71.3158000946045	90.94865007400513	N	N	주의	단기위험부채 존재
CPT	CAMDEN PROPERTY TRUST	0000906345	S&P 500	제외	PEG=보통, PEGY=불리(<1)	110.72000122070312	3.54	2025	3.83	25203000.0	0.0	25203000.0	3900800000.0		4362523000.0	4604736000.0	48.64945910450451	51.35054089549549	0.9473991559993885	-35.741529409594776	-35.741529409594776	41.373313737372285	41.373313737372285	136.0	-16.313493007414216	23.343513504709378	280.5	-24.126986014828432	55.187027009418756	992.97	-85.40953049249265	195.3620756133424	796.829831152791	-177.14010978219014	76.44695941062938	5년	55.187027009418756	195.3620756133424	76.44695941062938	3.37971478155235	-0.30172814018853766	0.6567884235041026			5년	0.6567884235041026	불리(<1)	5년	23.343513504709378	1.7723687451345116	보통	N	주당순현금<=0 | FCF<=0	108434000.0	6.073964489472661	3.1873234591574207		-5.834325993810053	112.315	106.58149982452393	N	Y	상승전환	
TYL	TYLER TECHNOLOGIES INC	0000860731	S&P 500	보류	PEG=보통, PEGY=불리(<1)	305.5400085449219	7.2	2025	0.007636970395832574	1015400000.0	81800000.0	1097200000.0	597934000.0	0.0	3702789000.0	1936119000.0	65.66500109595688	34.334998904043125	1.9124800696651394	11.395645028759244	11.395645028759244	40.853383821689256	40.853383821689256	19.008264462809922	22.991144762697367	41.04203232039028	46.516528925619845	54.482289525394734	90.58406464078055	334.9190082644629	392.2724845828421	652.20526541362	9.615434606895867	28.3866183191418	113.45985703136807	3년	54.482289525394734	392.2724845828421	28.3866183191418	0.4654669859467093	0.5629590399041324	1.0048046318501687	14.55144709212088	4.762534098699372	3년	0.5629590399041324	불리(<1)	3년	22.991144762697367	1.7769182110484982	보통	Y		43812000.0	-6.634069199412718	-15.801365621235552		-50.055576751089184	304.8096008300781	374.67569946289063	Y	N	주의	
ABBV	AbbVie Inc.	0001551152	S&P 500	제외	PEG=보통, PEGY=불리(<1)	245.10000610351562	1.02	2025	2.76	5229000000.0	28000000.0	5257000000.0	64503000000.0	2499000000.0	-3270000000.0					-33.41567963902989	-34.82515510434292	273.05459386524075	274.43643255672407	5200.0	-9.58502599188228	152.18545481323272	10408.5	-10.670051983764559	312.87090962646545	10616.67	-10.88345302343985	319.12832781899476	4231.566599601043	-104.44041319968116	30.203312881279153	5년	312.87090962646545	319.12832781899476	30.203312881279153	19.053918582185407	-0.024995096750690816	0.5674522908400588	10.048505358150027	4.099757285973358	5년	0.5674522908400588	불리(<1)	5년	152.18545481323272	1.794222675224402	보통	N	주당순현금<=0	1773000000.0	17.745965503232885	8.624360382248764		-6.912260741828691	238.72960021972656	224.76904960632325	Y	Y	강한 상승추세	단기위험부채 존재
SBUX	STARBUCKS CORP	0000829224	S&P 500	제외	PEG=보통, PEGY=불리(<1)	103.37000274658203	1.63	2025	2.36	6455700000.0	247200000.0	6702900000.0	14575900000.0	0.0	-8096600000.0	40108900000.0	-25.292153328564332	125.29215332856434	-0.201865421390265	-6.9073521670468505	-6.9073521670468505	67.6548189654165	67.6548189654165	-50.755287009063444	-16.7980082334351	37.63685261204004	-93.01057401812689	-25.096016466870203	83.77370522408008	-151.60723564954682	-40.90650684099843	136.55113951525053	-246.66463347323435	-139.57289905591205	32.09938655996181	5년	83.77370522408008	136.55113951525053	32.09938655996181	-0.7153265317848525	-0.21340694505169636	0.5911900027769709	2.142481137041586	2.0726333366692575	5년	0.5911900027769709	불리(<1)	5년	37.63685261204004	1.7975684540575454	보통	N	주당순현금<=0	1139800000.0	-1.5242435510284924	12.73857562894034		-4.613822896814224	102.2802001953125	94.99895015716552	Y	Y	강한 상승추세	
TT	Trane Technologies plc	0001466258	S&P 500	제외	PEG=보통, PEGY=안심	461.2099914550781	12.98	2025	92.0	1763300000.0		1763300000.0	3922100000.0	763300000.0	8579200000.0	12819800000.0	40.0915930650965	59.9084069349035	0.6692148083433439	-9.598932859048466	-12.992885726989773	36.271873984139184	36.533349551777185	15.480427046263348	20.16860829862783	29.821435131157937	39.460854092526695	48.83721659725566	68.14287026231588	512.2018861209965	633.9070714323785	884.4944560048601	11.056112315573063	37.444349250209406	91.77695028122778	3년	48.83721659725566	633.9070714323785	37.444349250209406	2.9631892494240013	3.0924403946616175	3.3585646880121915	12.556247220987105	2.7224577640595378	3년	3.092440394661617	안심	3년	20.16860829862783	1.7984321697896697	보통	N	주당순현금<=0	224900000.0	-5.1983573576406705	8.497023084136956		-8.391928001645354	469.7070007324219	440.033250579834	N	Y	중립/개선	단기위험부채 존재
NFLX	NETFLIX INC	0001065280	S&P 500	제외	PEG=보통, PEGY=판정불가	73.33000183105469	2.53	2025		9033681000.0	28678000.0	9062359000.0	13463971000.0	998865000.0	26615488000.0	28981505000.0	47.87217179173701	52.127828208263	0.9183611410104479	-1.0132943879675764	-1.2432429383707544	29.384702062854654	29.47559081795472	-87.24155320221885	-36.64720009551697	16.282594168366128	-165.9831064044377	-64.79440019103394	41.065188336732255	-419.93725920322737	-163.92983248331586	103.8949264919326	-672.6677331479176	-323.5508364789006	41.68133628483546	5년	41.065188336732255	103.8949264919326	41.68133628483546				2.1780274838317877	2.9701724116273103	판정불가		판정불가	5년	16.282594168366128	1.8046695605755092	보통	N	주당순현금<=0	4343863000.0	-19.4352839644488	-11.394393501408018		-41.95131319805262	76.81579925537109	91.06031482696534	N	N	주의	단기위험부채 존재
TGT	TARGET CORP	0000027419	S&P 500	제외	PEG=보통, PEGY=불리(<1)	149.35000610351562	8.13	2025	3.21	5488000000.0	4611000000.0	10099000000.0	14654000000.0	970000000.0	16165000000.0					-9.997805092186129	-12.126865671641792	19.599976776839082	19.861853846882827	-8.23927765237019	10.780448872111425	-1.2094597080639313	-7.978555304740379	30.06089774422285	6.081080583872137	-64.86565462753929	244.3950986605318	49.43918514688048	-143.43197320164847	63.63916215118177	-66.89709867663896	3년	30.06089774422285	244.3950986605318	63.63916215118177	-0.25659610261952914	0.7137992575911453	0.10206850317802768	6.222563652326603	4.166430129245322	3년	0.7137992575911453	불리(<1)	3년	10.780448872111425	1.818103959246392	보통	N	주당순현금<=0	455600000.0	16.898875709366166	36.35534352963532		0.0	133.1461996459961	114.61295009613038	Y	Y	강한 상승추세	단기위험부채 존재
WDAY	Workday, Inc.	0001327811	S&P 500	보류	PEG=보통, PEGY=판정불가	165.0500030517578	2.59	2026		1501000000.0	3942000000.0	5443000000.0	2987000000.0	0.0	7805000000.0	10269000000.0	43.18357862122386	56.81642137877614	0.7600545330606681	9.160180070640802	9.160180070640802	60.18912084213013	60.18912084213013	32.82051282051282			74.14102564102564			192.0252564102564			16.343685464846345			1년	74.14102564102564	192.0252564102564	16.343685464846345				10.357418589645565	6.275321658974824	판정불가		판정불가	1년	32.82051282051282	1.8338872756586528	보통	Y		268117000.0	29.056223191378905	-4.804476638863253		-33.36428542738532	137.000399017334	165.2212995529175	Y	N	중립/개선	
WAB	WESTINGHOUSE AIR BRAKE TECHNOLOGIES CORP	0000943452	S&P 500	제외	PEG=보통, PEGY=보통	296.4700012207031	6.83	2025	43.0	473000000.0		473000000.0	4291000000.0	1250000000.0	11142000000.0	10879000000.0	50.59715725898006	49.40284274101994	1.0241750160860372	-22.314436002337814	-29.62010520163647	46.67414893455943	47.743793034017514	13.079470198675496	25.44351122642632	25.77438254899549	34.65894039735099	59.387022452852634	60.04876509799098	236.72056291390726	405.61336335298347	410.1330656192784	-20.1536202856208	36.814302183319406	38.33880795040721	3년	59.387022452852634	405.61336335298347	36.814302183319406	1.2015102895031469	1.4664115530502575	1.473500516215565	8.760958503798948	2.9550910607231957	3년	1.4664115530502575	보통	3년	25.443511226426317	1.834422478847275	보통	N	주당순현금<=0	171100000.0	13.061551308274444	26.864648946647975		-3.0478456011585497	269.86099914550783	243.21789962768554	Y	Y	강한 상승추세	단기위험부채 존재
FICO	FAIR ISAAC CORP	0000814547	S&P 500	제외	PEG=보통, PEGY=불리(<1)	1045.4599609375	26.54	2025	0.007652134274779997	134136000.0		134136000.0	2656150000.0	399541000.0	-1745784000.0	3613917000.0	-93.4507339680847	193.45073396808473	-0.48307252214148805	-102.68368551769065	-118.9509791946582	43.26087590260704	43.87381085652442	29.7799511002445	23.23712626480905		68.059902200489	54.9742525296181		1806.3098044009782	1459.0166621360643		72.77656456409846	39.55739259758104		3년	54.9742525296181	1459.0166621360643	39.55739259758104	0.6885575618390145	0.53731640689418		31.3458328243964	2.9982815215885945	3년	0.53731640689418	불리(<1)	3년	23.23712626480905	1.8617136822173448	보통	N	주당순현금<=0	24561000.0	-1.3717017983490565	-27.944535752791865		-44.37711506595259	1214.270390625	1372.7483953857422	N	N	주의	단기위험부채 존재
BALL	BALL Corp	0000009389	S&P 500	제외	PEG=보통, PEGY=불리(<1)	65.1500015258789	3.3	2025	1.23	1212000000.0		1212000000.0	6337000000.0	2000000.0	5421000000.0	14103000000.0	27.76582667486171	72.2341733251383	0.3843863007870666	-18.570724566260346	-18.577971678286204	25.369916997617953	25.372113092171247	3099.9999999999995	13.617128057248994	13.396657763302722	6208.499999999999	35.73425611449799	35.29331552660544	20488.049999999996	117.92304517784335	116.46794123779794	31347.50501941543	81.0023674842155	78.76890024558864	3년	35.73425611449799	117.92304517784335	81.0023674842155	122.24044723091455	0.585225724571469	0.5765354992953291	2.855362138187932	4.382750685053667	3년	0.585225724571469	불리(<1)	3년	13.617128057248994	1.8630886697222795	보통	N	주당순현금<=0	275972000.0	6.925982602275904	14.923272365690377		-3.8518307675141417	59.67859977722168	57.32639976501465	Y	Y	강한 상승추세	단기위험부채 존재
LH	LABCORP HOLDINGS INC.	0000920148	S&P 500	제외	PEG=보통, PEGY=안심	307.4200134277344	10.46	2025	93.0	532300000.0		532300000.0	5084600000.0	500100000.0	8619800000.0	9756000000.0	46.90843391852327	53.09156608147673	0.8835383353833538	-54.32338902147971	-60.29116945107398	34.58349927812754	35.1540327800008	18.325791855203633		-8.010928076671341	45.151583710407266		-7.521856153342682	472.28556561086003		-78.67861536396447	53.628763574913066		-125.59319885738654	1년	45.151583710407266	472.28556561086003	53.628763574913066	3.2190435953255903		2.4575035406287036	14.391408114558473	4.681350428065569	5년	2.457503540628704	안심	1년	18.325791855203633	1.8871489729546125	보통	N	주당순현금<=0	83800000.0	21.505086795861097	13.737098564130434		-2.5702739463562607	275.09279968261717	268.3994004058838	Y	Y	강한 상승추세	단기위험부채 존재
MS	MORGAN STANLEY	0000895421	S&P 500	제외	PEG=보통, PEGY=불리(<1)	211.22999572753906	10.21	2025	2.19	111695000000.0		111695000000.0	341681000000.0	941000000.0	111632000000.0	1307618000000.0	7.865562797252069	92.13443720274793	0.08537049811183388	-144.46356783919597	-145.05464824120602	34.83776332681048	34.89565562867238	28.427672955974852	18.408680655257537	41.34141455266054	65.35534591194971	45.317361310515075	91.18282910532108	667.2780817610067	462.690258980359	930.9766851653283	215.9011955014732	119.04571715144708	340.74075841301186	3년	45.317361310515075	462.690258980359	119.04571715144709	0.8788644858957427	0.591274487458418	1.249546767520508			3년	0.591274487458418	불리(<1)	3년	18.408680655257537	1.8924638858820544	보통	N	주당순현금<=0 | FCF<=0	1592000000.0	12.35040790337285	14.116687608000644		-7.578213560686953	214.65399871826173	184.67869918823243	N	Y	상승전환	단기위험부채 존재
ALLE	Allegion plc	0001579241	S&P 500	제외	PEG=보통, PEGY=불리(<1)	161.27999877929688	7.44	2025	1.35	356200000.0		356200000.0	1979900000.0	200000.0	1318300000.0	3156100000.0	29.463168246021816	70.53683175397819	0.41769905896517856	-18.749422632794456	-18.75173210161663	24.197502877969264	24.19781329044536	9.090909090909092	12.754839878198432	17.023921536797502	26.681818181818183	34.009679756396864	42.547843073595004	198.5127272727273	253.03201738759267	316.55595246754683	23.085769329885373	56.88989292085349	96.27725375961644	3년	34.009679756396864	253.03201738759267	56.88989292085349	0.43148704821170075	0.5829047711795192	0.7593313090800841	7.98729792147806	4.95244170506738	3년	0.5829047711795192	불리(<1)	3년	12.754839878198432	1.8971232182482765	보통	N	주당순현금<=0	86600000.0	21.729935914009957	-2.5616272255434613		-10.285367443803617	138.072000579834	151.94415054321288	Y	Y	상승전환	단기위험부채 존재
SCHW	SCHWAB CHARLES CORP	0000316709	S&P 500	보류	PEG=보통, PEGY=불리(<1)	105.87000274658203	4.65	2025	1.22	46030000000.0		46030000000.0	18914000000.0	17050000000.0	49425000000.0	441570000000.0	10.066293954113585	89.93370604588642	0.11193015829879747	14.989496959646214	5.564400221116639	19.54419479288942	21.571097317304382	55.51839464882943	9.933056473764434	52.16529750329273	119.53678929765886	28.36611294752887	112.83059500658545	555.8460702341138	131.90242520600924	524.6622667806224	425.02697252651103	24.589044851297736	395.57216696828783	3년	28.36611294752887	131.90242520600924	24.589044851297736	2.9030817206893587	0.5706582743343382	2.7315168554662272	4.844112769485903	4.575529086441148	3년	0.5706582743343382	불리(<1)	3년	9.933056473764434	1.967591228793503	보통	Y		1809000000.0	15.730213010052063	0.6655934105011863		-1.2498800012439304	95.47899978637696	95.62084987640381	Y	Y	상승전환	단기위험부채 존재
CFG	CITIZENS FINANCIAL GROUP INC/RI	0000759944	S&P 500	제외	PEG=보통, PEGY=불리(<1)	72.69999694824219	3.86	2025	2.57	4074000000.0		4074000000.0	11224000000.0	58000000.0	26317000000.0	200034000000.0	11.626632972684018	88.37336702731598	0.13156263435216015	-16.365648187670065	-16.49840449464697	23.074001330547215	23.1083941561889	27.392739273927397	-1.9905807112054583	11.698377840871576	63.285478547854794	4.518838577589083	31.89675568174315	244.2819471947195	17.44271690949386	123.12147693152856	236.01369662867086	-76.00726596740853	69.35554621712473	5년	31.89675568174315	123.12147693152856	69.35554621712473	1.2985497766380172	0.025111348504061128	0.6183746649083335	4.772360345635256	6.564457422237411	3년	0.0251113485040611	불리(<1)	5년	11.698377840871576	1.972410332818256	보통	N	주당순현금<=0	436890731.0	14.380106006089477	12.087567474736316		-2.2849523424342877	68.3916000366211	61.54330007553101	Y	Y	강한 상승추세	단기위험부채 존재
O	REALTY INCOME CORP	0000726728	S&P 500	제외	PEG=보통, PEGY=불리(<1)	63.47999954223633	1.17	2025	5.09	434842000.0		434842000.0	3975000000.0	516800000.0	39438695000.0	32671644000.0	54.69215031703013	45.30784968296987	1.2071230636572803	-3.897418790885291	-4.466372501744953	57.58753703685609	58.07382225981307	19.38775510204081	-6.251173723614811	28.805493048681363	47.27551020408162	-4.0023474472296225	66.11098609736273	55.31234693877549	-4.682746513258658	77.34985373391439	-12.866497577755176	-107.376727389771	21.849171852072512	5년	66.11098609736273	77.34985373391439	21.849171852072512	0.42505299517107353	-0.0201636288572588	0.5885907748926336			5년	0.5885907748926336	불리(<1)	5년	28.805493048681363	1.999185951774302	보통	N	주당순현금<=0 | FCF<=0	908334000.0	0.04727939942656967	4.873617747285408		-6.039073658667471	62.76619987487793	61.372549839019776	Y	Y	강한 상승추세	단기위험부채 존재
MU	MICRON TECHNOLOGY INC	0000723125	S&P 500	보류	PEG=보통, PEGY=불리(<1)	829.5	7.59	2025	6.0	9642000000.0	665000000.0	10307000000.0	3038000000.0	224000000.0	54165000000.0	28633000000.0	65.41824681755598	34.58175318244402	1.8916983899696154	6.461333333333333	6.262222222222222	108.43724198506808	108.46347533304055	984.2857142857143	-0.6929629272242499	54.22135148690352	1977.0714285714287	7.1140741455515	116.94270297380704	15005.972142857143	53.995822764735884	887.5951155711955	1709.038233014725	-93.49055783426934	7.003630569161601	5년	116.94270297380704	887.5951155711955	7.003630569161601	9.13233955564895	0.04894109233713759	0.555356724170429	1.4826666666666666	0.17874221418525216	3년	0.0489410923371375	불리(<1)	5년	54.22135148690352	1.999899283426377	보통	Y		1125000000.0	43.89799330979738	89.4700829439635		-31.64738785477098	966.7954028320313	521.314900894165	N	Y	상승전환	단기위험부채 존재
J	JACOBS SOLUTIONS INC.	0000052988	S&P 500	제외	PEG=보통, PEGY=불리(<1)	138.72000122070312	2.38	2025	1.07	1235448000.0		1235448000.0	2236456000.0	0.0	3640807000.0					-8.209559426565626	-8.209559426565626	61.73510951565914	61.73510951565914	-5.179282868525893	-21.81636262954282	30.86908124949421	-1.8585657370517854	-35.13272525908564	70.23816249898843	-4.423386454183249	-83.61588611662381	167.16682674759247	-103.18871569727399	-160.27673398271617	20.506650285873707	5년	70.23816249898843	167.16682674759247	20.506650285873707	-0.06656314212066913	-0.3360545205525309	0.5173568411892563	4.98205557195814	3.591447180015306	5년	0.5173568411892563	불리(<1)	5년	30.86908124949421	1.999901098989484	보통	N	주당순현금<=0	121932000.0	6.103713777154707	1.3442404093029658		-15.640963779398964	126.0777995300293	133.87684993743898	Y	Y	상승전환	
VLTO	Veralto Corp	0001967680	S&P 500	보류	PEG=불리, PEGY=안심	94.81999969482422	3.76	2025	55.00000000000001	2031000000.0		2031000000.0	1973000000.0	700000000.0	3105000000.0					0.2317219336795845	-2.5649220934878145	25.156456851368258	25.900245156465967	12.574850299401197			33.6497005988024			126.522874251497			33.43479715113655			1년	33.6497005988024	126.522874251497	33.43479715113655	2.6861831417140056			4.051138633639632	4.272451641719173	1년	2.6861831417140056	안심	1년	12.574850299401197	2.0005372829421426	불리	Y		250300000.0	7.4569378857117785	-6.562872922544427		-13.603644924989322	88.68660003662109	93.77495025634765	Y	Y	상승전환	단기위험부채 존재
STX	Seagate Technology Holdings plc	0001137789	S&P 500	제외	PEG=불리, PEGY=불리(<1)	831.0599975585938	6.77	2027	35.0	891000000.0	411000000.0	1302000000.0	4995000000.0	0.0	-453000000.0	8476000000.0	-5.6462669824255265	105.64626698242552	-0.05344502123643228	-17.018433179723502	-17.018433179723502	125.27007839561556	125.27007839561556		62.4216285007507	-1.6572902196046346		133.3432570015014	5.185419560790731		902.7338499001644	35.105290426553246		8.624389641196428	-95.77584163241136	3년	133.3432570015014	902.7338499001644	8.624389641196428		0.777692723980609	0.2661665914752262	3.769585253456221	0.45358761876761455	3년	0.777692723980609	불리(<1)	3년	62.4216285007507	2.006837716419222	불리	N	주당순현금<=0	217000000.0	12.527421979020414	91.952875419066		-24.03751527496726	891.96599609375	521.4190494537354	N	Y	상승전환	
MA	Mastercard Inc	0001141391	S&P 500	제외	PEG=불리, PEGY=안심	570.969970703125	16.52	2025	61.0	10566000000.0		10566000000.0	18251000000.0	749000000.0	7737000000.0	46411000000.0	14.288616384723351	85.71138361527665	0.16670616879619055	-8.48233995584989	-9.309050772626932	35.075805729962156	35.125848757612104	18.9344852411807	17.359895932136805	20.99686615184875	46.3689704823614	43.21979186427361	50.4937323036975	766.0153923686103	713.9909615978	834.1564576570827	34.16036423514448	25.04877633381504	46.09462851957955	3년	43.21979186427361	713.9909615978	25.048776333815038	2.2789066017918937	2.2340155643296	2.3377044217634633	18.939293598233995	3.3170384731286426	3년	2.2340155643296	안심	3년	17.359895932136805	2.0205078340953357	불리	N	주당순현금<=0	906000000.0	13.121603548392557	2.8089338140505404		-4.673108428396755	515.5905975341797	527.9571481323242	Y	Y	상승전환	단기위험부채 존재
AON	Aon plc	0000315293	S&P 500	제외	PEG=불리, PEGY=안심	357.6300048828125	17.02	2025	91.0	1195000000.0	1603000000.0	2798000000.0	14660000000.0		9352000000.0	41236000000.0	18.48659761208192	81.51340238791809	0.22679212338733146	-54.63841547673883	-54.63841547673883	24.222586390102897	24.222586390102897	36.269015212169734	11.921526017460929	15.032502900053736	81.03803042433947	32.343052034921854	38.56500580010747	1379.2672778222577	550.47874563437	656.3763987178291	285.66878030108614	53.92409420869196	83.53504732716968	3년	32.343052034921854	550.47874563437	53.924094208691955	5.254146405446223	4.248989945165956	4.377422839675682	14.822662367572548	4.144692046303444	3년	4.248989945165956	안심	3년	11.921526017460927	2.031836054765569	불리	N	주당순현금<=0	217100000.0	13.562171228879016	2.293990408536306		-6.19787134174884	341.33080139160154	336.54905014038087	Y	Y	강한 상승추세	
TXN	TEXAS INSTRUMENTS INC	0000097476	S&P 500	제외	PEG=불리, PEGY=불리(<1)	269.0400085449219	5.45	2025	2.06	3225000000.0	1656000000.0	4881000000.0	13548000000.0	0.0	16273000000.0	18312000000.0	47.05219025589128	52.94780974410872	0.888652249890782	-9.49288061336254	-9.49288061336254	51.106952139134755	51.106952139134755	4.8076923076923075	-16.644237941707228	24.802935181675736	18.115384615384613	-24.788475883414456	58.10587036335147	98.72884615384615	-135.0971935646088	316.67699348026554	-63.3032846349463	-150.21453660192384	17.706282865877053	5년	58.10587036335147	316.67699348026554	17.706282865877053	0.1343788275418096	-0.2853670064691543	0.5256219370809563	2.8510405257393208	1.0597087552735784	5년	0.5256219370809563	불리(<1)	5년	24.802935181675736	2.060520328130046	불리	N	주당순현금<=0	913000000.0	-4.218735264885476	19.568025915732502		-19.032138698296897	297.4319989013672	227.01785041809083	N	Y	중립/개선	
OKE	ONEOK INC /NEW/	0001039684	S&P 500	제외	PEG=불리, PEGY=불리(<1)	88.23999786376953	5.42	2025	4.71	78000000.0		78000000.0	30755000000.0	820000000.0	22485000000.0					-49.01262182457261	-50.32273526122384	25.323361566114787	25.5650799123604	4.835589941972921	12.173263216522322	51.01846065815958	18.17117988394584	32.846526433044644	110.53692131631917	98.48779497098644	178.02817326710198	599.1101135344499	11.61355094663319	101.7545076802394	578.9552674960325	3년	32.846526433044644	178.02817326710198	101.75450768023939	0.3769479781367527	0.6667070314674902	2.2006738920763933	3.909570218884806	4.430610056134234	3년	0.6667070314674902	불리(<1)	3년	12.173263216522322	2.080244312120379	불리	N	주당순현금<=0	625900000.0	-2.6370952908291057	17.153476130235745		-7.3498531677969385	89.2481999206543	81.93159969329834	N	Y	중립/개선	단기위험부채 존재
FTNT	Fortinet, Inc.	0001262039	S&P 500	제외	PEG=불리, PEGY=판정불가	163.2100067138672	2.42	2025		2495300000.0	775500000.0	3270800000.0	496600000.0	499700000.0	1237500000.0	9151700000.0	11.911408000616024	88.08859199938398	0.1352207786531464	3.628302380329584	2.9747580434213967	65.94285303038744	66.21291267373793	7.079646017699122	31.674951451459886	-3.62054294817038	22.659292035398245	71.84990290291978	1.2589141036592402	54.83548672566375	173.87676502506585	3.046572130855361	-66.40188440050801	6.53560313241035	-98.13334231632226	3년	71.84990290291978	173.87676502506585	6.53560313241035						판정불가		판정불가	3년	31.674951451459886	2.081861218680673	불리	N	FCF<=0	764600000.0	82.88885098699524	100.77500907333877		-2.1698705733117496	150.33559951782226	100.94469993591309	Y	Y	강한 상승추세	단기위험부채 존재
ADI	ANALOG DEVICES INC	0000006281	S&P 500	제외	PEG=불리, PEGY=불리(<1)	361.8800048828125	4.56	2025	1.2	2499406000.0	1152915000.0	3652321000.0	8145066000.0	446639000.0	33815755000.0					-9.0450243502735	-9.944220861711788	81.34320816515044	81.54040038257112	39.02439024390244	-4.58825332599776		86.54878048780488	-0.6765066519955205		394.6624390243902	-3.0848703330995733		9.058923869583136	-100.85245669599747		1년	86.54878048780488	394.6624390243902	9.058923869583136	0.49450213670249143	-0.04165379510381023		8.613997330428884	2.3803463065659987	1년	0.4945021367024914	불리(<1)	1년	39.02439024390244	2.0844197092319803	불리	N	주당순현금<=0	496709000.0	-8.850935747129164	14.208174465860491		-18.76627548751707	396.86720275878906	331.8674510192871	N	Y	중립/개선	단기위험부채 존재
KIM	KIMCO REALTY CORP	0000879101	S&P 500	제외	PEG=불리, PEGY=불리(<1)	25.40999984741211	0.45	2020	4.08	211648000.0	223991000.0	435639000.0	7718700000.0		10391836000.0	9120372000.0	53.258124349637924	46.74187565036207	1.1394092258517525	-10.785262091668777	-10.785262091668777	80.43391542017974	80.43391542017974	104.54545454545455	38.33153542625083	-12.352677767919173	217.5909090909091	85.16307085250166	-16.205355535838347	97.9159090909091	38.32338188362575	-7.292409991127256	285.34399716213056	50.82007915686315	-128.69897691821495	3년	85.16307085250166	38.32338188362575	50.82007915686315	1.3504931841003223	0.5272842333323782	-0.10285061624444648	1.631347931743768	6.420102091853861	3년	0.5272842333323782	불리(<1)	3년	38.33153542625083	2.0983744722392643	불리	N	주당순현금<=0	675279000.0	8.589744707902192	21.987517717144513		-3.6770255656304762	25.133400001525878	22.67974998474121	Y	Y	강한 상승추세	
HPQ	HP INC	0000047217	S&P 500	제외	PEG=불리, PEGY=불리(<1)	27.1200008392334	2.65	2025	4.4	3690000000.0	5000000.0	3695000000.0	8821000000.0	788000000.0	-346000000.0					-5.378803777544596	-6.2056663168940185	12.263699855387923	12.575723455142422	-5.693950177935949	-3.836586737518144	5.789648870565345	-2.8879003558718974	0.8268265249637121	20.079297741130688	-7.652935943060528	2.191090291153837	53.21013901399632	-128.21878947728254	-91.92075876345817	96.20257141371242	5년	20.079297741130688	53.21013901399632	96.20257141371242	-0.10551058760358241	0.04594154040995442	0.8308788530965746			3년	0.0459415404099544	불리(<1)	5년	5.789648870565345	2.1182113336331576	불리	N	주당순현금<=0 | FCF<=0	953000000.0	30.384624201870846	36.90056320222759		-7.5979540485602515	24.754000091552733	22.467049999237062	Y	Y	강한 상승추세	단기위험부채 존재
BX	Blackstone Inc.	0001393818	S&P 500	제외	PEG=불리, PEGY=불리(<1)	134.67999267578125	3.87	2025	4.09	2631241000.0		2631241000.0	12576587000.0		8665526000.0	25827803000.0	25.122324377562975	74.87767562243702	0.3355115415740162	-12.746916027812693	-12.746916027812693	38.094808450541066	38.094808450541066	6.906077348066299	17.923308120835912	20.871508213597355	22.3121546961326	44.346616241671825	50.24301642719471	86.34803867403316	171.62140485526996	194.44047357324354	-35.88651368440367	27.429027463952103	44.37220385163319	3년	44.346616241671825	171.62140485526996	27.429027463952103	0.2886502858346862	0.5778558553304198	0.6552469805959301	5.8284613995335155	4.327637152137754	3년	0.5778558553304198	불리(<1)	3년	17.923308120835912	2.125433998774797	불리	N	주당순현금<=0	780215856.0	9.415871868315984	-4.67157853945479		-28.619886631430514	121.80460037231445	131.8459003829956	Y	Y	상승전환	
ADP	AUTOMATIC DATA PROCESSING INC	0000008670	S&P 500	제외	PEG=불리, PEGY=불리(<1)	269.7799987792969	9.98	2025	2.55	3347800000.0	2032200000.0	5380000000.0	3974700000.0	0.0	6188000000.0	47181300000.0	11.594680837110474	88.40531916288953	0.13115365621549216	3.4384634206019085	3.4384634206019085	26.687528593055607	26.687528593055607	9.670329670329679	12.54965474117824	11.853901524507116	27.840659340659357	33.59930948235648	32.20780304901423	277.84978021978037	335.3211086339177	321.433874429162	2.9912452654005994	24.294280580911053	19.146666129286483	3년	33.59930948235648	335.3211086339177	24.294280580911053	0.4579041340496979	0.5657944192369817	0.5397240690265779			3년	0.5657944192369817	불리(<1)	3년	12.54965474117824	2.1265548051682903	불리	N	FCF<=0	408700000.0	27.664200941175253	8.975602455903232		-12.70103231241041	236.4622003173828	235.81280044555663	Y	Y	강한 상승추세	
MDLZ	Mondelez International, Inc.	0001103982	S&P 500	제외	PEG=불리, PEGY=불리(<1)	61.72999954223633	1.89	2025	3.21	4475000000.0		4475000000.0	23095000000.0	2688000000.0	25838000000.0	45596000000.0	36.170451045720526	63.82954895427948	0.5666725151329064	-14.345146379044683	-16.41602465331279	40.251399958349744	41.34710274896779	-44.73684210526316	-1.2049365987475746	18.761141546758097	-80.97368421052632	6.090126802504851	46.022283093516194	-153.0402631578947	11.510339656734168	86.9821150467456	-347.9187822659596	-81.35373442071926	40.907363829205124	5년	46.022283093516194	86.9821150467456	40.907363829205124	-1.0316869015297152	0.04981350719048706	0.5458478852783456	2.4922958397534667	4.037414317568901	3년	0.049813507190487	불리(<1)	5년	18.761141546758097	2.1454664609843603	불리	N	주당순현금<=0	1298000000.0	0.5702158162765203	5.179759731914335		-5.016153913971088	61.03260009765625	58.632900123596194	Y	Y	강한 상승추세	단기위험부채 존재
CRH	CRH PUBLIC LTD CO	0000849395	S&P 500	제외	PEG=불리, PEGY=불리(<1)	98.58999633789062	5.51	2025	1.64	4096000000.0		4096000000.0	16478000000.0	120000000.0	24004000000.0	32851000000.0	42.2196816462932	57.7803183537068	0.7306931295850964	-18.289512555391433	-18.466765140324963	21.21225206774629	21.24442132091027	9.76095617529881			28.02191235059762			154.40073705179287			56.608928681390736			1년	28.02191235059762	154.40073705179287	56.608928681390736	0.5374703326590307			4.301329394387001	4.362845678222114	1년	0.5374703326590307	불리(<1)	1년	9.76095617529881	2.173173579185435	불리	N	주당순현금<=0	677000000.0	-11.019861351595406	-20.874801328053493		-24.95814227908554	104.8263996887207	113.87495002746581	N	N	주의	단기위험부채 존재
MO	ALTRIA GROUP, INC.	0000764180	S&P 500	제외	PEG=불리, PEGY=불리(<1)	68.26000213623047	4.12	2025	6.21	4474000000.0		4474000000.0	24140000000.0	0.0	-3502000000.0	38469000000.0	-10.015157148168273	110.01515714816827	-0.0910343393381684	-11.68508615567439	-11.68508615567439	19.404147643666224	19.404147643666224	-37.00305810397553	8.90191356086536	11.413340246469872	-65.50611620795107	26.30382712173072	31.326680492939744	-269.8851987767584	108.37176774153056	129.06592363091175	-495.3782454300731	58.76320590387134	89.07987048305004	3년	26.30382712173072	108.37176774153056	58.76320590387134	-1.5869317565220034	0.7787981125673455	0.9082254253111895	5.3915626856803325	7.8985680002178675	3년	0.7787981125673455	불리(<1)	3년	8.90191356086536	2.1797726422519808	불리	N	주당순현금<=0	1683000000.0	-7.015394726832147	9.689864435723639		-8.88947703615327	71.70220016479492	65.57950029373168	N	Y	중립/개선	
MSI	Motorola Solutions, Inc.	0000068505	S&P 500	제외	PEG=불리, PEGY=불리(<1)	437.19000244140625	12.75	2025	1.11	1165000000.0	246000000.0	1411000000.0	8413000000.0	749000000.0	2410000000.0					-41.43195266272189	-45.86390532544379	37.53897687091201	37.886581001321574	38.13651137594799	17.15090983184706	40.00784395357051	84.77302275189598	42.80181966369412	88.51568790714101	1080.8560400866738	545.7232007121	1128.575020816048	147.22798647060418	24.825178449783916	158.1429160121985	3년	42.80181966369412	545.7232007121	24.825178449783913	1.0454869750688145	0.4864519854827735	1.0953373634813066			3년	0.4864519854827735	불리(<1)	3년	17.15090983184706	2.188745509069548	불리	N	주당순현금<=0 | FCF<=0	169000000.0	-0.09140837309624672	8.301132177372693		-10.832140867600515	412.72300048828123	415.8906005859375	Y	Y	중립/개선	단기위험부채 존재
QCOM	QUALCOMM INC/DE	0000804328	S&P 500	제외	PEG=불리, PEGY=불리(<1)	151.57000732421875	5.01	2025	2.49	5520000000.0	4635000000.0	10155000000.0	14811000000.0	1000000000.0	4909000000.0	28937000000.0	14.503929563316198	85.49607043668381	0.16964439990323807	-4.213574660633484	-5.118552036199095	31.09452734228588	31.2751615489856	-44.147157190635454	-23.90448036479093	14.194083679524194	-79.79431438127091	-39.30896072958187	36.88816735904839	-399.76951505016723	-196.93789325520515	184.80971846883241	-363.7523888186088	-229.93196789516637	21.930269537766534	5년	36.88816735904839	184.80971846883241	21.930269537766534	-1.339694176151226	-0.6886896889945352	0.5365601314941126			5년	0.5365601314941126	불리(<1)	5년	14.194083679524194	2.190668171637002	불리	N	주당순현금<=0 | FCF<=0	1105000000.0	-9.983369207224458	-0.6879752500073999		-39.618355212956516	197.4906005859375	168.95869979858398	N	N	주의	단기위험부채 존재
HRL	HORMEL FOODS CORP /DE/	0000048465	S&P 500	제외	PEG=불리, PEGY=불리(<1)	25.229999542236328	0.87	2025	4.68	670679000.0	32909000.0	703588000.0	2850778000.0	185000000.0	7901171000.0					-3.900464308550834	-4.236524879381503	33.48329178251398	33.86956830071015	-40.816326530612244	-21.81034655991424	15.135740743060389	-73.13265306122449	-35.12069311982848	38.77148148612078	-63.625408163265305	-30.55500301425078	33.731188892925076	-352.1815668555723	-221.10584054153517	33.694766170951816	5년	38.77148148612078	33.731188892925076	33.694766170951816	-1.0792345855757157	-0.511608794953077	0.5918098158260767	0.970668270069174	3.8472781913619336	5년	0.5918098158260767	불리(<1)	5년	15.135740743060389	2.212200403727567	불리	N	주당순현금<=0	550496000.0	22.12003740840618	3.147998718660916		-13.74359130859375	24.430399894714355	23.3298499584198	Y	Y	강한 상승추세	단기위험부채 존재
GEN	Gen Digital Inc.	0000849399	S&P 500	제외	PEG=불리, PEGY=불리(<1)	28.170000076293945	1.57	2026	1.82	1006000000.0	0.0	1006000000.0	8015000000.0	181000000.0	2611000000.0	12978000000.0	16.748989672204758	83.25101032779524	0.2011866235167206	-11.323101777059774	-11.615508885298869	25.154841944811288	25.341088510568667	52.42718446601942	-10.088488131506812	11.281344719290054	113.35436893203884	-11.676976263013625	31.062689438580108	177.96635922330097	-18.332852732931393	48.76842241857077	531.7584619854722	-165.07934924841956	73.12183985264214	5년	31.062689438580108	48.76842241857077	73.12183985264214	2.1565305234290704	-0.3287036408198287	0.5208279482746851	2.4604200323101777	8.734185394556347	5년	0.5208279482746851	불리(<1)	5년	11.281344719290054	2.22977336219492	불리	N	주당순현금<=0	619000000.0	43.5048460551938	18.411092863421665		-12.406715765078701	25.66440013885498	24.28305006980896	Y	Y	강한 상승추세	단기위험부채 존재
DRI	DARDEN RESTAURANTS INC	0000940944	S&P 500	제외	PEG=불리, PEGY=불리(<1)	206.24000549316406	10.38	2026	3.01	219500000.0		219500000.0	901000000.0	0.0	2207500000.0	10654900000.0	17.162426918770993	82.83757308122901	0.20718167228223633	-5.859845227858985	-5.859845227858985	20.43351163015636	20.43351163015636	17.155756207674962	9.114765771480716	16.82500139829013	42.811512415349924	26.729531542961432	42.15000279658026	444.3834988713322	277.4525374159397	437.51702902850315	115.46910736775632	34.52896141681687	112.13974853341675	3년	26.729531542961432	277.4525374159397	34.52896141681687	0.9868962600590767	0.5933765077162088	0.9707093796358072	9.622527944969905	4.665694185742663	3년	0.5933765077162088	불리(<1)	3년	9.114765771480716	2.241803261043853	불리	N	주당순현금<=0	116300000.0	7.366343601976677	2.6580446784041145		-5.680050288546445	203.41200042724608	196.8025	Y	Y	강한 상승추세	
ETN	Eaton Corp plc	0001551182	S&P 500	제외	PEG=불리, PEGY=불리(<1)	438.2300109863281	10.45	2025	1.06	622000000.0	181000000.0	803000000.0	8024000000.0	1000000.0	19425000000.0					-18.458588957055216	-18.461145194274028	43.702258367787884	43.702502983789685	9.999999999999993	19.3940377642204	24.525465160026606	28.499999999999986	47.28807552844079	57.55093032005321	297.8249999999998	494.16038927220626	601.407221844556	-32.03911358565278	12.762790517243472	37.23551714109299	3년	47.28807552844079	494.16038927220626	12.762790517243472	0.25307616615419837	0.4680315967217082	0.5854494965616049	9.082310838445808	2.0724985990813756	3년	0.4680315967217082	불리(<1)	3년	19.394037764220396	2.2533862674235454	불리	N	주당순현금<=0	391200000.0	3.7378109207619303	21.92021144273326		0.0	404.6026007080078	374.6085009765625	Y	Y	강한 상승추세	단기위험부채 존재
MRSH	MARSH & MCLENNAN COMPANIES, INC.	0000062709	S&P 500	제외	PEG=불리, PEGY=불리(<1)	192.83999633789062	8.43	2025	2.09	2687000000.0	414000000.0	3101000000.0	18320000000.0	268000000.0	15315000000.0					-30.807692307692307	-31.350202429149796	26.529974928301655	26.594329628355922	3.0562347188264063	11.754120579715522	63.117645068661396	14.612469437652813	32.008241159431044	134.7352901373228	123.1831173594132	269.8294729740037	1135.8184958576312	-36.12159318672976	39.924018926661645	488.9952900991926	3년	32.008241159431044	269.8294729740037	39.924018926661645	0.1939781222083442	0.5218293879707698	2.4578856649841443	10.123481781376519	5.249679513392203	3년	0.5218293879707698	불리(<1)	3년	11.754120579715522	2.257078677079876	불리	N	주당순현금<=0	494000000.0	14.874606509204913	2.4382450666085687		-8.697509489151711	172.18559936523437	177.2012995147705	Y	Y	상승전환	단기위험부채 존재
MRK	Merck & Co., Inc.	0000310158	S&P 500	제외	PEG=불리, PEGY=불리(<1)	127.7699966430664	7.28	2025	2.61	14565000000.0	498000000.0	15063000000.0	46750000000.0	2300000000.0	52606000000.0					-12.639409652971679	-13.55684084563223	19.287006359345888	19.413027127568494	8.011869436201781	8.433903046142621	21.232013056721488	24.523738872403563	25.367806092285242	50.964026113442976	178.53281899109794	184.67762835183657	371.0181101058649	39.72984556761061	44.53911967122082	190.3796821270392	3년	25.367806092285242	184.67762835183657	44.53911967122082	0.5507267036833194	0.5726084619032173	1.2361697099336717	4.93019545273235	3.8586488082215133	3년	0.5726084619032173	불리(<1)	3년	8.433903046142621	2.28684231414862	불리	N	주당순현금<=0	2507000000.0	12.96083100840617	12.70176726437322		-3.072379347689702	123.15199996948242	111.80345008850098	Y	Y	강한 상승추세	단기위험부채 존재
NUE	NUCOR CORP	0000073309	S&P 500	제외	PEG=불리, PEGY=안심	261.2799987792969	7.52	2025	87.0	2260000000.0	439000000.0	2699000000.0	4233276000.0	122000000.0	20936000000.0	12980000000.0	61.7289774737587	38.271022526241296	1.6129429892141756	-6.641887445887446	-7.170025974025974	35.62791040228515	35.69814158953761	516.3934426229508	15.425826725292405	42.054467881799674	1041.2868852459017	39.351653450584806	92.60893576359935	7830.47737704918	295.92443394839773	696.419196942267	2896.9677792533907	13.2595052552664	166.54133504131408	3년	39.351653450584806	295.92443394839773	13.2595052552664	16.93597619983488	2.874876061177107	3.6222856301312074	-0.8138528138528138	-0.31148684080493855	3년	2.874876061177107	안심	3년	15.425826725292403	2.3096272917333582	불리	N	주당순현금<=0 | FCF<=0	231000000.0	15.707896729195658	44.385493526440435		-1.9035131248498316	243.43259979248046	191.9499496459961	Y	Y	강한 상승추세	단기위험부채 존재
RVTY	REVVITY, INC.	0000031791	S&P 500	제외	PEG=불리, PEGY=불리(<1)	115.22000122070312	2.07	2025	25.0	919860000.0	0.0	919860000.0	2631236000.0	588828000.0	7250360000.0	4918051000.0	59.58345752785635	40.416542472143654	1.4742344070852458	-14.677953600068614	-19.728153008276514	62.75263517911678	65.19234503815441	-5.909090909090924	27.023182791188983	-9.341040767937725	-3.3181818181818485	62.546365582377966	-10.18208153587545	-6.868636363636426	129.47097675552237	-21.076908779262183	-105.96132293947784	12.368491046551554	-118.29275174098419	3년	62.546365582377966	129.47097675552237	12.368491046551554	0.30422481918754973	0.8290198912395887	0.2495346878639666	4.3690638535100135	3.79193178894444	3년	0.8290198912395887	불리(<1)	3년	27.023182791188983	2.322177800594885	불리	N	주당순현금<=0	116595000.0	33.18691292974651	7.591750080148185		-2.148618920846601	106.43259994506836	99.04094997406006	Y	Y	강한 상승추세	단기위험부채 존재
USB	US BANCORP DE	0000036104	S&P 500	제외	PEG=불리, PEGY=불리(<1)	63.939998626708984	4.62	2025	3.3	8252000000.0		8252000000.0	39829000000.0	17162000000.0	65193000000.0	626694000000.0	9.422492401215806	90.5775075987842	0.1040268456375839	-20.26765083440308	-31.28305519897304	18.22676395262166	20.611050611619486	21.899736147757256	7.780088648706851	8.588568965361265	52.29947229551451	24.060177297413702	25.67713793072253	241.62356200527705	111.1580191140513	118.62837723993809	277.89109664501336	73.84739052468234	85.53077852332748	3년	24.060177297413702	111.1580191140513	73.84739052468234	1.3825677565837262	0.6079021310369874	0.6522588977541054			3년	0.6079021310369874	불리(<1)	3년	7.780088648706851	2.3427450220186343	불리	N	주당순현금<=0 | FCF<=0	1558000000.0	15.749450912188422	11.471405066843655		-0.822091800773761	59.79459999084472	54.754099979400635	Y	Y	강한 상승추세	단기위험부채 존재
ROK	ROCKWELL AUTOMATION, INC	0001024478	S&P 500	제외	PEG=불리, PEGY=불리(<1)	480.9800109863281	7.67	2025	1.15	468000000.0	300000.0	468300000.0	2614000000.0	608000000.0	3654000000.0					-18.971706454465075	-24.347480106100797	65.18275325173315	65.88363638753962	-7.3671497584541	-1.270785701033128	27.797562094762206	-6.2342995169082	5.958428597933744	64.09512418952441	-47.817077294685895	45.701147346151814	491.60960253365226	-109.94159345554282	-90.49832710252674	2.2099861334208937	5년	64.09512418952441	491.60960253365226	2.2099861334208937	-0.0953802877034623	-0.0018530315920632973	0.44409848695663245	12.232537577365164	2.5432527959489097	5년	0.4440984869566324	불리(<1)	5년	27.797562094762206	2.3449089898432245	불리	N	주당순현금<=0	113100000.0	20.15188576846039	12.077366381681864		-2.8480197075951397	464.5366003417969	412.0915997314453	Y	Y	강한 상승추세	단기위험부채 존재
EQR	EQUITY RESIDENTIAL	0000906107	S&P 500	제외	PEG=불리, PEGY=불리(<1)	67.56999969482422	2.94	2025	4.23	55904000.0		55904000.0	8241242000.0	587400000.0	11041499000.0	9336889000.0	54.18239656640162	45.81760343359838	1.182567234118345	-20.96595126674197	-22.470519529418997	30.11426903454632	30.6260269470215	8.088235294117638	12.771101671748507	3.713728933664817	24.676470588235276	34.042203343497015	15.927457867329634	72.5488235294117	100.08407782988122	46.82672612994912	7.36839404628391	48.1191035694907	-30.698939852835316	3년	34.042203343497015	100.08407782988122	48.1191035694907	0.40904978566760075	0.5645530247553171	0.2637862112658944			3년	0.5645530247553171	불리(<1)	3년	12.771101671748507	2.358000884227816	불리	N	주당순현금<=0 | FCF<=0	390411000.0	3.5714314950163972	9.673752678832592		-3.6778357447403653	67.46839950561524	63.270399780273436	Y	Y	강한 상승추세	단기위험부채 존재
STT	STATE STREET CORP	0000093751	S&P 500	제외	PEG=불리, PEGY=불리(<1)	183.6699981689453	9.4	2025	2.0	4433000000.0		4433000000.0	11534000000.0	2380000000.0	27841000000.0	338206000000.0	7.605853893079304	92.39414610692069	0.08231965133675925	-24.5693189721091	-32.80407170462841	22.15311884479302	23.02915636952912	14.494518879415338	9.345182660480011	8.263522928949719	37.489037758830676	27.190365320960023	25.027045857899438	352.3969549330084	255.58943401702422	235.25423106425472	91.86419036649787	39.15687731532789	28.085279800493403	3년	27.190365320960023	255.58943401702422	39.15687731532789	0.7445686991063244	0.5121257525843428	0.4632992311762959	37.51656465491888	20.426071230430345	3년	0.5121257525843428	불리(<1)	3년	9.345182660480011	2.3705388807943466	불리	N	주당순현금<=0	289019000.0	24.03430301040612	38.53522072129254		-1.5649275021462405	171.9136004638672	140.18825019836424	Y	Y	강한 상승추세	단기위험부채 존재
ZBRA	ZEBRA TECHNOLOGIES CORP	0000877212	S&P 500	제외	PEG=불리, PEGY=판정불가	291.6400146484375	8.18	2025		125000000.0	0.0	125000000.0	2361000000.0	141000000.0	3588000000.0	4914000000.0	42.201834862385326	57.798165137614674	0.7301587301587301	-43.66130504148459	-46.4145447601113	40.99038138018607	41.326963252878826	-19.64636542239686	-2.4059043989460127	17.195332607402314	-30.792730844793716	3.6881912021079746	42.89066521480463	-251.88453831041258	30.169404033243232	350.84564145710186	-186.36830532807753	-89.6552590461184	20.300927113871815	5년	42.89066521480463	350.84564145710186	20.300927113871815				16.22654046935317	5.563893723196296	판정불가		판정불가	5년	17.195332607402314	2.383808578529058	불리	N	주당순현금<=0	51212395.0	30.35356019208082	20.507425836993566		-14.56526038103705	255.17300018310547	246.42595001220704	Y	Y	강한 상승추세	단기위험부채 존재
SPGI	S&P Global Inc.	0000064040	S&P 500	제외	PEG=불리, PEGY=안심	416.25	14.66	2025	94.0	1745000000.0	56000000.0	1801000000.0	12370000000.0	400000000.0	31127000000.0	25048000000.0	55.41076991544281	44.58923008455719	1.2426940274672629	-34.64110127826942	-35.95214683710259	30.756555339581812	30.845985459556793		12.852521260492766	50.79787589706457		34.20504252098553	110.09575179412914		501.44592335764787	1614.0037213019332		20.46748909493041	287.74864175421817	3년	34.20504252098553	501.44592335764787	20.467489094930414		3.474138117248133	4.707870380748345	18.297194362504097	4.395722369370354	3년	3.474138117248133	안심	3년	12.852521260492766	2.39303672145045	불리	N	주당순현금<=0	305100000.0	3.584754518117572	-16.617470431366165		-22.010769627673877	411.3620227050781	434.56590805053713	Y	N	중립/개선	단기위험부채 존재
NEE	NEXTERA ENERGY INC	0000753308	S&P 500	제외	PEG=불리, PEGY=불리(<1)	86.55000305175781	3.3	2025	2.87	2812000000.0		2812000000.0	89556000000.0	400000000.0	54608000000.0	146242000000.0	27.18844909136171	72.8115509086383	0.373408459949946	-41.89317106152806	-42.086351782092144	38.92217397372299	38.98071358601514	-2.077151335311581	16.260329205681433		4.345697329376838	41.02065841136287		14.340801186943565	135.36817275749746		-83.43061735264456	56.4045846151454		3년	41.02065841136287	135.36817275749746	56.404584615145396	0.020370102277012702	0.49150207330650747				3년	0.4915020733065074	불리(<1)	3년	16.260329205681433	2.3936891732870578	불리	N	주당순현금<=0 | FCF<=0	2070600000.0	-9.381215458138703	0.25483750264903016		-11.575392847964672	87.33700057983398	87.70605022430419	N	N	판정불가	단기위험부채 존재
LHX	L3HARRIS TECHNOLOGIES, INC. /DE/	0000202058	S&P 500	제외	PEG=불리, PEGY=불리(<1)	277.8599853515625	8.53	2025	1.8	1069000000.0		1069000000.0	10443000000.0	0.0	19635000000.0	21560000000.0	47.66355140186916	52.336448598130836	0.9107142857142857	-49.75583864118896	-49.75583864118896	38.4074822969228	38.4074822969228	8.386277001270638	15.822311734425586	10.447613089419638	25.272554002541277	40.14462346885117	29.395226178839277	215.57488564167707	342.4336381893005	250.741279305499	-22.416001941078044	23.239637314468343	-9.759845776912258	3년	40.14462346885117	342.4336381893005	23.239637314468343	0.26521595251992763	0.4588249653593535	0.3188861221033724	14.235668789808917	5.123324530445515	3년	0.4588249653593535	불리(<1)	3년	15.822311734425586	2.427425457264709	불리	N	주당순현금<=0	188400000.0	-9.966952968794185	-18.334119055153366		-26.585294523889758	297.3070001220703	316.0135005187988	N	N	주의	
HWM	Howmet Aerospace Inc.	0000004281	S&P 500	제외	PEG=불리, PEGY=불리(<1)	286.3399963378906	3.71	2025	20.0	742000000.0		742000000.0	2859000000.0	0.0	5353000000.0	5826000000.0	47.884426156185704	52.1155738438143	0.9188122210779265	-5.214285714285714	-5.214285714285714	78.58605985233864	78.58605985233864	32.02846975088968			72.55693950177935			269.1862455516014			-5.990693233804201			1년	72.55693950177935	269.1862455516014	-5.990693233804201	0.6620572382512873			3.5246305418719213	1.2309249797268074	1년	0.6620572382512873	불리(<1)	1년	32.02846975088968	2.4536314242785733	불리	N	주당순현금<=0	406000000.0	19.457655395681673	38.18830513011502		-1.0094770549514687	269.8352020263672	236.7592504119873	Y	Y	강한 상승추세	
IDXX	IDEXX LABORATORIES INC /DE	0000874716	S&P 500	제외	PEG=불리, PEGY=판정불가	567.8400268554688	13.08	2025		180070000.0	0.0	180070000.0	374842000.0	74995000.0	1605383000.0	1745376000.0	47.91102553182726	52.08897446817274	0.919792067726381	-2.4038506633755015	-3.3294291885220613	43.596626721624176	43.667389605809696	22.58669165885661	17.66051173291583	14.281792796945748	53.67338331771322	43.82102346583166	37.063585593891496	702.0478537956889	573.1789869330781	484.79169956810074	23.63479511710782	0.940222567115412	-14.625303493884578	3년	43.82102346583166	573.1789869330781	0.9402225671154119				13.046948472693613	2.2976450858781092	판정불가		판정불가	3년	17.66051173291583	2.4685936274637146	불리	N	주당순현금<=0	81025000.0	0.8381928859228394	-11.21950460750557		-25.9351969165575	557.3894006347656	620.1591979980469	Y	N	중립/개선	단기위험부채 존재
ROST	ROSS STORES, INC.	0000745732	S&P 500	보류	PEG=불리, PEGY=안심	252.91000366210938	6.61	2025	71.0	4594392000.0	0.0	4594392000.0	1017863000.0	499743000.0	6187443000.0					11.024514820477412	9.484076001183665	36.59387123171437	36.82691795172855	4.588607594936709	14.703265747939431	58.06122059198926	17.67721518987342	37.906531495878866	124.62244118397852	116.8463924050633	250.56217318775933	823.7543362260981	-53.79922078480873	-0.9283264561914196	225.7104599652939	3년	37.906531495878866	250.56217318775933	-0.9283264561914195	2.0656083942665036	2.342011458838605	3.5268534387839607	6.804867824028408	2.690628178203575	3년	2.342011458838605	안심	3년	14.703265747939431	2.488826078440619	불리	Y		324416000.0	11.897176746016381	33.033508416252324		0.0	230.0390008544922	202.93295013427735	Y	Y	강한 상승추세	단기위험부채 존재
LVS	LAS VEGAS SANDS CORP	0001300514	S&P 500	보류	PEG=불리, PEGY=불리(<1)	47.279998779296875	0.58	2025	2.45	3841000000.0		3841000000.0			1590000000.0	19986000000.0	7.369299221357063	92.63070077864293	0.0795556889822876	5.542568542568542	5.542568542568542	71.96108661504884	71.96108661504884	28.888888888888875			66.27777777777774			38.44111111111109			-18.694771354470053			1년	66.27777777777774	38.44111111111109	-18.694771354470053	0.4354977163773836			2.676767676767677	5.661522305156634	1년	0.4354977163773836	불리(<1)	1년	28.888888888888875	2.4909606905209225	불리	Y		693000000.0	-8.831472767357607	-15.025163015919984		-31.961432964804327	48.16020004272461	55.827799777984616	N	N	주의	
ABNB	Airbnb, Inc.	0001559720	S&P 500	보류	PEG=불리, PEGY=판정불가	150.63999938964844	4.030497592295345	2025		6560000000.0	4454000000.0	11014000000.0	0.0	1999000000.0	8199000000.0	14009000000.0	36.919128242074926	63.080871757925074	0.5852666143193661	17.67897271268058	14.470304975922954	32.98873740332576	33.78483457576702	-1.825115293410216	13.128576286013535		4.849769413179568	34.757152572027074		19.546983943007856	140.08861975659707		-87.02404140851911	-7.004367814526447		3년	34.757152572027074	140.08861975659707	-7.0043678145264465				7.417335473515249	4.92388177347865	판정불가		판정불가	3년	13.128576286013537	2.5127429421627494	불리	Y		623000000.0	8.483363623447016	14.720891166286986		-1.613220044972119	141.49420013427735	132.68562496185302	Y	Y	강한 상승추세	단기위험부채 존재
DPZ	DOMINOS PIZZA INC	0001286681	S&P 500	제외	PEG=불리, PEGY=불리(<1)	364.4100036621094	17.57	2025	2.29	125675000.0		125675000.0	1536443000.0	100000.0	-3901142000.0	5617601000.0	-227.278484368109	327.278484368109	-0.6944498194157969	-41.20516930398778	-41.2080900655378	23.085667214917308	23.085833450634443	5.272618334331929	9.073110679208952	7.235872833479218	19.045236668663858	26.646221358417904	22.971745666958434	334.624808268424	468.17410926740257	403.6135713684597	-8.173539445778498	28.47454915137457	10.758093167689475	3년	26.646221358417904	468.17410926740257	28.474549151374575	0.32758933341312213	0.49221495629402595	0.4126314715012381	19.613030638847075	5.382132883770336	3년	0.4922149562940259	불리(<1)	3년	9.073110679208952	2.5444048938825525	불리	N	주당순현금<=0	34237646.0	10.286904198618974	-10.95009956134244		-22.13128870738125	315.60979919433595	372.27415069580076	Y	N	중립/개선	단기위험부채 존재
ATO	ATMOS ENERGY CORP	0000731802	S&P 500	제외	PEG=불리, PEGY=불리(<1)	172.88999938964844	7.46	2025	2.32	202687000.0		202687000.0	3529452000.0	0.0	13558890000.0					-20.718084609492255	-20.718084609492255	25.952826273343256	25.952826273343256	9.224011713030746	10.031474661040264	69.70420030995797	26.948023426061493	28.562949322080527	147.90840061991594	201.03225475841873	213.07960194272073	1103.3966686245728	16.27754957957115	23.24576476080351	538.2073413846268	3년	28.562949322080527	213.07960194272073	23.24576476080351	0.44480749770547595	0.475920215045201	2.775196795577354			3년	0.475920215045201	불리(<1)	3년	10.031474661040264	2.5871396928447155	불리	N	주당순현금<=0 | FCF<=0	160573000.0	-7.924591012535254	3.8253632919471148		-10.08892535953062	173.7247998046875	176.36259986877442	N	N	판정불가	
KO	COCA COLA CO	0000021344	S&P 500	제외	PEG=불리, PEGY=불리(<1)	86.86000061035156	3.04	2025	2.42	10270000000.0	2348000000.0	12618000000.0	35547000000.0	2373000000.0	32169000000.0					-5.316253188036169	-5.866450266635752	30.321136117890703	30.502121999008985	23.577235772357728	11.551776147388226	11.17422496891589	55.654471544715456	31.603552294776453	30.84844993783178	169.189593495935	96.07479897612042	93.77928781100861	94.78424166137039	10.608793807296712	7.966022509827675	3년	31.603552294776453	96.07479897612042	10.608793807296713	0.8573964930363642	0.4607932926083304	0.4483415435378342	1.2279156039879435	1.4136721107063939	3년	0.4607932926083304	불리(<1)	3년	11.551776147388226	2.6248029507346446	불리	N	주당순현금<=0	4313000000.0	11.088371784413752	15.305984998056443		-2.492143214044251	82.12179977416992	76.17875007629395	Y	Y	강한 상승추세	단기위험부채 존재
MDT	Medtronic plc	0001613103	S&P 500	제외	PEG=불리, PEGY=불리(<1)	86.68000030517578	3.73	2026	3.37	1949000000.0	7271000000.0	9220000000.0	22140000000.0	0.0	49463000000.0	42956000000.0	53.52038000843983	46.47961999156018	1.1514805847844305	-10.030277152395	-10.030277152395	25.927688326426484	25.927688326426484	3.3240997229916927	9.77073559217516	6.995481881143495	15.148199445983385	28.04147118435032	22.490963762286988	56.502783933518025	104.5946875176267	83.89129483333046	-34.81450884334599	20.66761323186244	-3.2172421112449	3년	28.04147118435032	104.5946875176267	20.667613231862436	0.2581834384428639	0.5068224913357056	0.39978426733009603	4.212405869109541	4.859720644068817	3년	0.5068224913357056	불리(<1)	3년	9.77073559217516	2.6536065869176246	불리	N	주당순현금<=0	1288100000.0	10.702422639598907	-15.607047923457952		-17.721877968068068	80.98259979248047	90.06049983978272	Y	N	중립/개선	
ROL	ROLLINS INC	0000084839	S&P 500	제외	PEG=불리, PEGY=불리(<1)	38.189998626708984	1.09	2025	1.92	100004000.0		100004000.0	486147000.0	123683000.0	1374321000.0	1766202000.0	43.7608958762601	56.2391041237399	0.7781222079920643	-0.7975738773554313	-1.0530396759661838	35.768415141343496	36.00278743364694	13.54166666666668	13.271785112236143	15.512803857109425	35.58333333333336	35.04357022447229	39.52560771421885	38.785833333333365	38.1974915446748	43.08291240849855	1.5601852004458294	0.0196201053554778	12.812029216381294	3년	35.04357022447229	38.1974915446748	0.019620105355477868	0.432271505616559	0.424726257850784	0.48737982346216513	1.3426108186150074	3.5156084495798443	3년	0.424726257850784	불리(<1)	3년	13.271785112236145	2.6950719016966453	불리	N	주당순현금<=0	484147000.0	-29.473688733955903	-39.86773793731847		-41.783537324662035	44.64759994506836	54.76594997406006	N	N	주의	단기위험부채 존재
NWSA	NEWS CORP	0001564708	S&P 500	보류	PEG=불리, PEGY=안심	27.940000534057617	1.31	2025	73.0	2403000000.0		2403000000.0	1937000000.0	25000000.0	8774000000.0					0.8176873135637831	0.7738199684155115	20.70405589350674	20.73754241652069	184.7826086956522	7.653296278279198		378.0652173913044	23.806592556558396		495.26543478260874	31.1866362490915		1672.603526542178	11.620027390752474		3년	23.806592556558396	31.1866362490915	11.620027390752474	12.450826544401796	3.89553122794524		1.2124934198982278	4.33963277280633	3년	3.89553122794524	안심	3년	7.653296278279198	2.705246881956847	불리	Y		569900000.0	8.294578915812734	4.370564274512856		-9.958105331005507	26.69020008087158	25.783850021362305	Y	Y	강한 상승추세	단기위험부채 존재
WELL	WELLTOWER INC.	0000766704	S&P 500	제외	PEG=불리, PEGY=불리(<1)	233.10000610351562	1.39	2025	1.45	5033678000.0		5033678000.0	19197302000.0		42129498000.0	24100108000.0	63.61127680572341	36.38872319427659	1.7481041163798934	-20.843541259210532	-20.843541259210532	182.69319954152962	182.69319954152962	-11.464968152866252	66.71109926452392	28.940704466365673	-14.429936305732504	141.92219852904785	66.38140893273135	-20.05761146496818	197.27185595537648	92.27015841649657	-108.60472369788825	-15.370291381386105	-60.41606349185551	3년	141.92219852904785	197.27185595537648	-15.370291381386103	-0.05481850543971485	0.3730905115000168	0.16634830712161944			3년	0.3730905115000168	불리(<1)	3년	66.71109926452392	2.738572764587668	불리	N	주당순현금<=0 | FCF<=0	679521000.0	7.350099824412193	24.36643825021907		-7.525687574683737	224.26599945068358	204.47259979248048	Y	Y	강한 상승추세	
RSG	REPUBLIC SERVICES, INC.	0001060391	S&P 500	제외	PEG=불리, PEGY=불리(<1)	209.6199951171875	6.85	2025	1.19	76000000.0		76000000.0	13710000000.0		11968000000.0					-43.67520053304631	-43.67520053304631	36.97740082485165	36.97740082485165	5.546995377503843	13.459076140014382	56.06006028771993	19.593990755007688	35.418152280028764	120.62012057543986	134.21883667180265	242.614343118197	826.2478259417629	-35.97040368369059	15.74007669571984	294.16460508924797	3년	35.418152280028764	242.614343118197	15.74007669571984	0.18219223707513985	0.39616294853718	1.5482445767049018	7.716998539248097	3.681422917185896	3년	0.39616294853718	불리(<1)	3년	13.459076140014382	2.747395173351931	불리	N	주당순현금<=0	312168000.0	1.4863190607943944	-2.832244347730073		-11.56393865893378	212.465	214.40884971618652	N	N	중립/개선	
CASY	CASEYS GENERAL STORES INC	0000726958	S&P 500	제외	PEG=불리, PEGY=불리(<1)	860.3699951171875	19.16	2026	30.0	522991000.0		522991000.0	2330237000.0	101357000.0	3951719000.0	4984336000.0	44.222187531298765	55.777812468701235	0.79282757021196	-48.47547934636911	-51.19416244767903	47.4345237193923	47.5764174094398	30.874316939890704	17.173098488337637	17.985950946001218	70.24863387978141	42.84619697667527	44.471901892002435	1345.9638251366118	820.9331340730982	852.0816402507667	56.440116784091664	-4.583709481723353	-0.9633477356787545	3년	42.84619697667527	820.9331340730982	-4.583709481723353	1.2833335757728692	0.9944887139037977	1.011625018728363	19.35590141349151	2.2497183215757217	3년	0.9944887139037976	불리(<1)	3년	17.173098488337637	2.76214124967637	불리	N	주당순현금<=0	37281653.0	0.9077783082990232	37.47004366062712		-6.101850132277919	824.6881982421875	693.4575988769532	Y	Y	강한 상승추세	단기위험부채 존재
ETR	ENTERGY CORP /DE/	0000065984	S&P 500	제외	PEG=불리, PEGY=불리(<1)	108.05999755859375	3.91	2025	2.38	1928916000.0		1928916000.0	27902021000.0	657774000.0	16923076000.0					-57.69853670100379	-59.15976350773198	42.39348702291497	42.767202318753384	59.59183673469387	-10.03626231922775	15.165895704950483	127.68367346938774	-11.572524638455501	38.831791409900966	499.24316326530607	-45.24857133636101	151.83230441271277	362.00552891424945	-141.8735631673744	40.50741055253515	5년	38.831791409900966	151.83230441271277	40.50741055253515	1.4618244708484633	-0.1805999661006727	0.41388187047379216	-5.629813158795977	-5.209895693124834	5년	0.4138818704737921	불리(<1)	5년	15.165895704950483	2.7953170618914918	불리	N	주당순현금<=0 | FCF<=0	450151884.0	-7.164951768004013	13.163682035847524		-8.35383410871774	112.1438005065918	104.20955017089844	N	Y	중립/개선	단기위험부채 존재
BRO	BROWN & BROWN, INC.	0000079282	S&P 500	제외	PEG=불리, PEGY=안심	71.77999877929688	3.16	2025	94.0	1079000000.0	10000000.0	1089000000.0	6894000000.0	25000000.0	5578800000.0	3863400000.0	59.08368812353053	40.91631187646947	1.4440130455039601	-18.54632587859425	-18.62619808306709	28.584279955028833	28.60955596910252	-8.670520231213867	10.064241629820891	56.18583117469611	-8.841040462427735	28.628483259641783	120.87166234939222	-27.937687861271645	90.46600710046803	381.95445302407944	-138.9212710175325	26.03233301608896	432.1182216768783	3년	28.628483259641783	90.46600710046803	26.03233301608896	2.985189058567631	3.6406109159840097	5.254140786858405	4.415335463258786	6.151205821045901	3년	3.6406109159840097	안심	3년	10.064241629820891	2.840182202137523	불리	N	주당순현금<=0	313000000.0	24.531574495796814	0.6732057601605224		-25.961834926495765	63.682000427246095	70.79580011367798	Y	Y	상승전환	단기위험부채 존재
PNC	PNC FINANCIAL SERVICES GROUP, INC.	0000713676	S&P 500	제외	PEG=불리, PEGY=불리(<1)	251.72000122070312	16.59	2025	3.2	39713000000.0		39713000000.0	57101000000.0	14000000.0	60585000000.0	512936000000.0	10.563693395708265	89.43630660429174	0.11811415069326388	-43.90909090909091	-43.94444444444444	17.81971622241073	17.821847237199975	20.742358078602617	6.201879866723403	-0.4401788836301823	49.984716157205234	20.903759733446805	7.619642232739635	829.2464410480349	346.7933739778825	126.40986464115055	229.4320820859078	37.76949479426583	-49.78155727469711	3년	20.903759733446805	346.7933739778825	37.76949479426583	1.3435880672719034	0.527611088155223	0.15487458284543082			3년	0.527611088155223	불리(<1)	3년	6.201879866723403	2.8732765879622395	불리	N	주당순현금<=0 | FCF<=0	396000000.0	15.446711140910828	10.582961745439734		-1.3636347057813025	239.98600006103516	216.84855018615724	Y	Y	강한 상승추세	단기위험부채 존재
CMI	CUMMINS INC	0000026172	S&P 500	보류	PEG=불리, PEGY=불리(<1)	648.8499755859375	20.5	2025	1.39	2101000000.0	764000000.0	2865000000.0	1630000000.0	24000000.0	12349000000.0	20584000000.0	37.49734309051711	62.50265690948289	0.5999319860085504	8.904109589041095	8.731074260994953	31.216871512043724	31.22531225975329	-27.74057102573141	10.67954284093311	43.57635272286971	-46.98114205146282	29.85908568186622	95.65270544573941	-963.1134120549877	612.1112564782575	1960.880461637658	-248.43391358460912	-5.662128456505444	202.20860528921256	3년	29.85908568186622	612.1112564782575	-5.662128456505444	-0.8441131269533253	0.3866352474262702	1.4404503252518857	17.202595529920693	2.6512439203509346	3년	0.3866352474262702	불리(<1)	3년	10.67954284093311	2.923053165945837	불리	Y		138700000.0	-1.1998850543092354	9.026594233591535		-10.822035536940156	668.3158020019531	580.7016020202636	N	Y	중립/개선	단기위험부채 존재
NRG	NRG ENERGY, INC.	0001013871	S&P 500	제외	PEG=불리, PEGY=불리(<1)	138.47000122070312	4.01	2025	1.41	4708000000.0		4708000000.0	10892000000.0		1681000000.0	27459000000.0	5.768702814001372	94.23129718599863	0.061218544011071054	-31.07537688442211	-31.07537688442211	42.28064291898385	42.28064291898385	-19.63927855711424	-8.120643852977938	14.13919505192036	-30.778557114228477	-7.741287705955877	36.77839010384072	-123.42201402805618	-31.042563700883065	147.48134431640128	-189.1326734599631	-122.418259137158	6.507794479856499	5년	36.77839010384072	147.48134431640128	6.507794479856499	-0.43114951189470585	-0.15871669373231986	0.3677615565523681	3.849246231155779	2.779841263249924	5년	0.3677615565523681	불리(<1)	5년	14.13919505192036	2.990314707713249	불리	N	주당순현금<=0	199000000.0	-10.56065452139916	-7.135671213262529		-24.756831962615422	135.7041993713379	152.97819984436035	Y	N	주의	
FRT	FEDERAL REALTY INVESTMENT TRUST	0000034903	S&P 500	제외	PEG=불리, PEGY=불리(<1)	123.6500015258789	4.68	2024	3.74	107415000.0		107415000.0	4963602000.0		3248731000.0	5629819000.0	36.59078340494788	63.40921659505212	0.5770578059436724	-56.20261558937562	-56.20261558937562	38.430046392148405	38.430046392148405	67.14285714285715	12.808740658788563	19.50578386760935	142.7857142857143	34.11748131757713	47.5115677352187	668.2371428571429	159.66981256626096	222.3541370008235	440.4263118567665	29.130457416810795	79.82542196272165	3년	34.11748131757713	159.66981256626096	29.130457416810795	1.8444645218367246	0.43061984599034	0.604885657186161			3년	0.43061984599034	불리(<1)	3년	12.808740658788565	3.0002985785944603	불리	N	주당순현금<=0 | FCF<=0	86405000.0	8.019568626959606	23.243296391136003		-2.7373521613487606	122.83459991455078	108.77534976959228	Y	Y	강한 상승추세	
INVH	Invitation Homes Inc.	0001687229	S&P 500	제외	PEG=불리, PEGY=불리(<1)	30.489999771118164	0.96	2025	4.04	129971000.0		129971000.0	8380020000.0		9530132000.0	9112398000.0	51.12037904726451	48.87962095273549	1.0458423787020716	-13.454578621849206	-13.454578621849206	45.775602492674345	45.775602492674345	29.729729729729726	15.0739165329576	22.36032947934692	67.95945945945945	38.647833065915194	53.22065895869384	65.24108108108108	37.101919743278586	51.09183260034608	113.97534132775257	21.685536312872	67.56914720853204	3년	38.647833065915194	37.101919743278586	21.685536312872	0.737723326200546	0.417556853260784	0.5767336319291891	1.9605145330390512	6.430024754858018	3년	0.417556853260784	불리(<1)	3년	15.073916532957599	3.0367424678643142	불리	N	주당순현금<=0	613177806.0	6.795098374431197	16.152380080450147		-2.5567309715615494	29.64680000305176	27.716649951934816	Y	Y	강한 상승추세	
HST	HOST HOTELS & RESORTS, INC.	0001070750	S&P 500	제외	PEG=불리, PEGY=불리(<1)	25.09000015258789	1.1	2025	3.18	768000000.0		768000000.0	1274000000.0		6558000000.0	6317000000.0	50.935922330097085	49.064077669902915	1.038151021054298	-0.7290015847860539	-0.7290015847860539	23.47181976124904	23.47181976124904	11.111111111111121	7.721734501594191		30.722222222222243	23.943469003188383		33.79444444444447	26.337815903507224		34.692882578395555	4.97335888134951		3년	23.943469003188383	26.337815903507224	4.97335888134951	0.6088625107246745	0.4644605579151764		2.175479037602651	8.670701571830254	3년	0.4644605579151764	불리(<1)	3년	7.721734501594191	3.039708210170029	불리	N	주당순현금<=0	694100000.0	20.27804131576696	34.38671692586481		-1.7619449757571015	24.100599937438965	20.20309995651245	Y	Y	강한 상승추세	
FDX	FEDEX CORP	0001048911	S&P 500	제외	PEG=불리, PEGY=불리(<1)	309.239990234375	18.55	2026	1.59	13311000000.0		13311000000.0	23293000000.0	745000000.0	31647000000.0					-41.76569037656904	-44.88284518828452	18.92213911649294	19.090179807151458	10.350981558596088	6.216255240021917	-0.9430705522987193	29.201963117192175	20.932510480043835	6.6138588954025614	541.6964158239149	388.29806940481313	122.68708250971751	75.17023442322568	25.56528316745823	-60.32625585819862	3년	20.932510480043835	388.29806940481313	25.56528316745823	0.6310587553067969	0.4125461287417456	0.03418902290689763			3년	0.4125461287417456	불리(<1)	3년	6.216255240021917	3.0439771833478035	불리	N	주당순현금<=0 | FCF<=0	239000000.0	7.257353373128539	14.454765738894725		-8.711441997232471	320.403017578125	276.8194883728027	N	Y	상승전환	단기위험부채 존재
MSCI	MSCI Inc.	0001408198	S&P 500	제외	PEG=불리, PEGY=불리(<1)	574.4299926757812	15.69	2025	1.43	515332000.0	70898000.0	586230000.0	6202286000.0	0.0	-2654540000.0	8356999000.0	-46.55079501667614	146.55079501667615	-0.3176427327561006	-73.28221723471998	-73.28221723471998	41.28184894267057	41.28184894267057	11.672597864768674	13.538386829039872	53.02284334613518	31.84519572953735	35.576773658079745	114.54568669227037	499.65112099644097	558.1995786952712	1797.221824201722	-13.017926054140915	-2.8254816404878813	212.87047109604998	3년	35.576773658079745	558.1995786952712	-2.8254816404878813	0.31739367785984274	0.3625900295751518	1.3190504965452394	20.214089983819616	3.518982337544623	3년	0.3625900295751518	불리(<1)	3년	13.538386829039872	3.049244305393971	불리	N	주당순현금<=0	76636000.0	-1.3464589610470257	-8.05442294105142		-10.77924647374402	595.3093981933594	572.7090492248535	N	Y	중립/개선	
MAA	MID AMERICA APARTMENT COMMUNITIES INC.	0000912595	S&P 500	제외	PEG=불리, PEGY=불리(<1)	133.47000122070312	3.78	2025	4.62	60258000.0		60258000.0			5662851000.0	6135738000.0	47.996001894802845	52.003998105197155	0.9229290755244113	0.5143705878838061	0.5143705878838061	35.17344725735961	35.17344725735961	-15.812917594654795	-11.64378965026387	11.534580200891554	-23.12583518930959	-14.787579300527739	31.56916040178311	-87.41565701559024	-55.89704975599485	119.33142631874014	-165.49461018663033	-141.87986007699564	-10.593073179480783	5년	31.56916040178311	119.33142631874014	-10.593073179480783	-0.3182206598277857	-0.19969011279649956	0.4592833930291381			5년	0.4592833930291381	불리(<1)	5년	11.534580200891554	3.04939119107611	불리	N	FCF<=0	117149000.0	3.4170182438653995	0.8767316782661627		-8.469349529009696	134.99840118408204	132.12725017547606	N	Y	상승전환	
PCG	PG&E Corp	0001004980	S&P 500	제외	PEG=불리, PEGY=불리(<1)	17.43000030517578	1.18	2025	1.15	713000000.0		713000000.0	57387000000.0	2675000000.0	32540000000.0					-25.737511353315167	-26.952316076294277	36.58263699872115	37.61213252666955	2.6086956521739157	11.995586155825675		13.717391304347831	32.491172311651354		16.18652173913044	38.3395833277486		-7.134128194341416	119.96318219434444		3년	32.491172311651354	38.3395833277486	119.96318219434445	0.10274534480128679	0.35933949092530476		-1.3946412352406903	-8.001383883088952	3년	0.3593394909253047	불리(<1)	3년	11.995586155825677	3.0496748156783258	불리	N	주당순현금<=0 | FCF<=0	2202000000.0	7.526226339344766	15.583556985139513		-8.79121010737045	17.02200008392334	16.716199984550475	Y	Y	강한 상승추세	단기위험부채 존재
JKHY	JACK HENRY & ASSOCIATES INC	0000779152	S&P 500	보류	PEG=불리, PEGY=불리(<1)	156.52999877929688	6.24	2025	1.54	50992000.0		50992000.0	0.0	0.0	2130832000.0	913138000.0	70.00174114725178	29.998258852748222	2.3335268053678635	0.6980902183585461	0.6980902183585461	24.973062269381142	24.973062269381142	19.311663479923514	8.098386987445227	50.80610407826143	47.12332695984703	24.696773974890455	110.11220815652285	294.04956022944543	154.10786960331643	687.1001788967027	87.8550837044645	-1.5473897622624966	338.95750607236357	3년	24.696773974890455	154.10786960331643	-1.5473897622624966	0.8349662230045862	0.385951345633035	2.096102733161471	8.051831063043329	5.143953955047426	3년	0.385951345633035	불리(<1)	3년	8.098386987445227	3.0837081888154265	불리	Y		73045000.0	2.6291597131563815	-12.640916855861583		-18.727936750340714	140.40759948730468	159.395899810791	Y	N	중립/개선	
NWS	NEWS CORP	0001564708	S&P 500	보류	PEG=불리, PEGY=안심	31.790000915527344	1.31	2025	64.0	2403000000.0		2403000000.0	1937000000.0	25000000.0	8774000000.0					0.8176873135637831	0.7738199684155115	23.64298748241493	23.67647400542888	184.7826086956522	7.653296278279198		378.0652173913044	23.806592556558396		495.26543478260874	31.1866362490915		1457.9283438796751	-1.8979699561478824		3년	23.806592556558396	31.1866362490915	-1.8979699561478824	10.522469247200275	3.0306363073436953		1.2124934198982278	3.8140716734172972	3년	3.0306363073436957	안심	3년	7.653296278279198	3.089255481917777	불리	Y		569900000.0	6.606308654808779	2.946896954313738		-9.610456154082103	30.334999923706054	29.391799993515015	Y	Y	강한 상승추세	단기위험부채 존재
ADM	Archer-Daniels-Midland Co	0000007084	S&P 500	제외	PEG=불리, PEGY=불리(<1)	78.05999755859375	2.23	2025	2.62	1015000000.0	433000000.0	1448000000.0	6606000000.0	798000000.0	22740000000.0					-10.65702479338843	-12.305785123966942	39.783418095059275	40.52277250339044	-38.9041095890411	-33.86721254408997	12.82075623743526	-69.3082191780822	-59.23442508817995	34.141512474870524	-154.5573287671233	-132.0927679466413	76.13557281896126	-297.99812144640254	-269.2195389161897	-2.4653148857556206	5년	34.141512474870524	76.13557281896126	-2.4653148857556206	-0.9120410293138499	-0.7854330784103888	0.3881204023379996	8.685950413223141	11.127274769260982	5년	0.3881204023379996	불리(<1)	5년	12.82075623743526	3.1030476953376493	불리	N	주당순현금<=0	484000000.0	2.3469267002912186	14.659217771916522		-10.604674952580584	80.1968000793457	69.6588002204895	N	Y	상승전환	단기위험부채 존재
WMT	Walmart Inc.	0000104169	S&P 500	제외	PEG=불리, PEGY=양호	110.70999908447266	2.73	2026	89.0	10727000000.0		10727000000.0	34624000000.0	6596000000.0	99617000000.0					-2.9789329344303166	-3.801171777611568	41.6442974428216	41.94548383226528	13.278008298755179	-13.852054624316834	-10.485413986679248	35.05601659751036	-19.204109248633667	-12.470827973358496	95.70292531120327	-52.42721824876991	-34.04536036726869	-13.555301144767295	-147.35544998854846	-130.75183872171456	1년	35.05601659751036	95.70292531120327	-13.555301144767295	2.455990725721446	1.8045194658131212	1.885362242480444	1.8602592869608576	1.6802992524112155	3년	1.8045194658131207	양호	1년	13.278008298755179	3.136336151162504	불리	N	주당순현금<=0	8022000000.0	-15.054095350980823	-10.760921116265433		-17.50372458862952	115.23179916381837	118.02214965820312	N	N	주의	단기위험부채 존재
GD	GENERAL DYNAMICS CORP	0000040533	S&P 500	제외	PEG=불리, PEGY=불리(<1)	382.42999267578125	15.45	2025	1.66	2333000000.0		2333000000.0	7007000000.0	0.0	25622000000.0					-17.157015692392402	-17.157015692392402	25.863236787584057	25.863236787584057	13.352898019075557	8.220181851997577	7.03040276544542	35.205796038151114	24.940363703995153	22.56080553089084	543.9295487894346	385.3286192267251	348.56444545226344	42.229835318008234	0.757949587233675	-8.85535859427964	3년	24.940363703995153	385.3286192267251	0.757949587233675	0.5804725117113985	0.3820164480240413	0.33601373396609613	14.532440121134258	3.8000262530283955	3년	0.3820164480240413	불리(<1)	3년	8.220181851997577	3.146309565073559	불리	N	주당순현금<=0	272425000.0	9.553686085240987	10.410831788819808		-2.73659291915197	360.59960083007815	349.6987001037598	Y	Y	강한 상승추세	
MLM	MARTIN MARIETTA MATERIALS INC	0000916076	S&P 500	제외	PEG=불리, PEGY=안심	542.27001953125	18.77	2025	63.0	67000000.0		67000000.0	5293000000.0	30000000.0	10032000000.0	8677000000.0	53.621251803944624	46.378748196055376	1.1561599631208943	-86.23762376237623	-86.73267326732673	33.484690638978485	33.51106514643456	-42.085775995063244	10.610393458663768	10.217788506018909	-75.67155199012649	29.720786917327537	28.935577012037818	-1420.3550308546742	557.8591704382378	543.1207805159498	-361.9276337796546	2.874794907611422	0.15688881075064387	3년	29.720786917327537	557.8591704382378	2.874794907611422	0.6245906295037159	2.1983298054716442	2.1866048964116263	16.138613861386137	2.9761213565405487	3년	2.198329805471644	안심	3년	10.610393458663768	3.155838732034676	불리	N	주당순현금<=0	60600000.0	-10.114532102061213	-17.125914237739636		-23.42008575658996	574.8611987304688	610.9558489990235	N	N	주의	단기위험부채 존재
AMT	AMERICAN TOWER CORP /MA/	0001053507	S&P 500	제외	PEG=불리, PEGY=불리(<1)	173.0	5.4	2025	4.03	1474800000.0	4026000.0	1478826000.0	18294659000.0	3387800000.0	3652500000.0	52835100000.0	6.466020861215559	93.53397913878445	0.06913018050500519	-35.873241359595696	-43.1004401000945	38.6802298814066	40.01860001853601	106.10687022900764	12.230302192084208	7.337360126949077	220.71374045801528	32.96060438416842	23.174720253898155	1191.8541984732826	177.98726367450948	125.14348937105004	588.9330627013194	2.8828113725488214	-27.66272290690749	3년	32.96060438416842	177.98726367450948	2.8828113725488214	2.847368554082712	0.42037759966624333	0.2938803663215381	8.071559464711994	4.665641309082077	3년	0.4203775996662433	불리(<1)	3년	12.230302192084208	3.162655286346197	불리	N	주당순현금<=0	468757000.0	-4.356482015752794	-0.40299191740962303		-18.771714024581275	176.1565997314453	178.89130020141602	N	N	주의	단기위험부채 존재
NDAQ	NASDAQ, INC.	0001120193	S&P 500	제외	PEG=불리, PEGY=불리(<1)	94.13999938964844	3.09	2025	1.23	604000000.0	291000000.0	895000000.0	8573000000.0	431000000.0	12227000000.0	18821000000.0	39.38095851584643	60.61904148415357	0.6496466712714521	-13.270015025137837	-14.014919489299652	34.760522464332126	35.001591870209744	60.10362694300518	10.989871033323162	-11.180293383285411	128.70725388601036	30.479742066646324	-13.860586766570822	397.705414507772	94.18240298593713	-42.82921310870384	322.4616710073013	0.0450431236069803	-145.49523410493384	3년	30.479742066646324	94.18240298593713	0.04504312360698037	1.7644621713019357	0.3515445156459316	-0.28625269926524943	3.4376217615263296	3.6516058889037217	3년	0.3515445156459316	불리(<1)	3년	10.989871033323162	3.162959998250416	불리	N	주당순현금<=0	578597687.0	3.110620200396519	-2.7579777257295213		-6.773622241928257	88.16020004272461	89.24855003356933	Y	Y	상승전환	단기위험부채 존재
CAT	CATERPILLAR INC	0000018230	S&P 500	제외	PEG=불리, PEGY=안심	830.030029296875	18.81	2025	80.0	9980000000.0		9980000000.0	30696000000.0	5514000000.0	21318000000.0	77267000000.0	21.623979307196837	78.37602069280317	0.2759004490921092	-43.8619521490578	-55.53673512597925	46.458903851458416	47.07957280291623	-14.693877551020417	14.168748532167829	67.65638212373489	-20.887755102040835	36.83749706433566	143.81276424746977	-392.8986734693881	692.9133197801536	2705.1180954949064	-147.33547698294913	-16.519487810925824	225.9060515902579	3년	36.83749706433566	692.9133197801536	-16.519487810925824	1.4056750597857577	2.026925749975733	3.1782149358459244	18.882066483167478	2.274865464706455	3년	2.026925749975733	안심	3년	14.168748532167829	3.278970174816856	불리	N	주당순현금<=0	472300000.0	-5.115571743901015	20.13577188923299		-22.05559111020018	919.2285986328125	739.6316488647461	N	Y	중립/개선	단기위험부채 존재
DTE	DTE ENERGY CO	0000936340	S&P 500	제외	PEG=불리, PEGY=불리(<1)	141.72000122070312	7.03	2025	3.28	208000000.0		208000000.0	10982000000.0	882000000.0	12303000000.0					-52.04830917874396	-56.309178743961354	27.563059800774838	28.16915788971045	3.8404726735598333	8.394043095201798	37.69982747513958	16.180945347119668	25.288086190403597	83.89965495027916	113.75204579025127	177.77524591853728	589.8145743004625	-19.734656498412562	25.44118288687047	316.18301525550623	3년	25.288086190403597	177.77524591853728	25.44118288687047	0.2583338977975031	0.42353944662100335	1.4867662651150064			3년	0.4235394466210033	불리(<1)	3년	8.394043095201798	3.2836452574958104	불리	N	주당순현금<=0 | FCF<=0	207000000.0	-3.4144310316337245	6.612509613508277		-8.23026099713815	147.24940032958983	141.61215011596678	N	Y	중립/개선	단기위험부채 존재
AZO	AUTOZONE INC	0000866787	S&P 500	제외	PEG=불리, PEGY=판정불가	2990.27001953125	144.87	2025		271803000.0		271803000.0	8799775000.0	180910000.0	-3414313000.0					-494.51852710930706	-505.0091040881415	24.05459064430563	24.127004373710164	-3.1293881644934842	7.323782044011162	36.18199999564493	2.2412236710130315	23.147564088022325	80.86399999128986	324.6860732196579	3353.3876094317943	11714.767678738162	-89.14191457296705	12.143304368127472	291.7628709856293	3년	23.147564088022325	3353.3876094317943	12.143304368127472				103.80284140330531	3.4713534471906082	판정불가		판정불가	3년	7.323782044011162	3.2844492776755505	불리	N	주당순현금<=0	17245000.0	-14.127974294787549	-19.668438185606586		-31.329830643260483	3073.7171923828123	3477.1204943847656	N	N	주의	단기위험부채 존재
DELL	Dell Technologies Inc.	0001571996	S&P 500	제외	PEG=불리, PEGY=양호	429.0199890136719	8.68	2026	62.0	11528000000.0	2187000000.0	13715000000.0	23513000000.0		-2470000000.0	103756000000.0	-2.438639101159094	102.43863910115908	-0.023805852191680483	-14.324561403508772	-14.324561403508772	51.07656110797012	51.07656110797012	303.72093023255815		15.515817208402405	615.9418604651163		39.531634416804806	5346.3753488372095		343.13458673786573	1146.1832748466256		-20.018974517541455	5년	39.531634416804806	343.13458673786573	-20.018974517541455	7.160249678114882		1.5176397064896885	12.502923976608187	2.914298703273182	5년	1.5176397064896885	양호	5년	15.515817208402405	3.2919027352494346	불리	N	주당순현금<=0	684000000.0	102.71214810571188	260.0369048579445		-7.927719786853748	402.70899810791013	215.75264945983886	Y	Y	강한 상승추세	
DUK	Duke Energy CORP	0001326160	S&P 500	제외	PEG=불리, PEGY=불리(<1)	124.27999877929688	6.31	2025	3.46	245000000.0	44000000.0	289000000.0	80108000000.0	2624000000.0	51842000000.0					-102.72715572715573	-106.10424710424711	35.97577725934273	36.510973991052936	10.507880910683006			29.515761821366013			186.24445709281952			49.85875355821532			1년	29.515761821366013	186.24445709281952	49.85875355821532	0.3882579328305025			-2.18018018018018	-1.754248633403885	1년	0.3882579328305025	불리(<1)	1년	10.507880910683006	3.423694802514118	불리	N	주당순현금<=0 | FCF<=0	777000000.0	-2.487248524794128	4.0087044950728234		-6.878471057064961	125.56240051269532	124.66120037078858	N	N	판정불가	단기위험부채 존재
PM	Philip Morris International Inc.	0001413329	S&P 500	제외	PEG=불리, PEGY=불리(<1)	187.41000366210938	7.26	2025	3.08	4872000000.0		4872000000.0	14828000000.0	168000000.0	-9994000000.0	77213000000.0	-14.867820110385457	114.86782011038545	-0.12943416264100605	-6.390243902439025	-6.498074454428755	26.694248975833112	26.709101668944644	60.61946902654868	7.709372585660357	41.71851076645543	129.73893805309734	23.918745171320715	91.93702153291086	941.9046902654867	173.6500899437884	667.4627763289328	402.5904017181989	-7.342144735843126	256.1510929439679	3년	23.918745171320715	173.6500899437884	-7.342144735843126	2.38626189049998	0.4041834102704373	1.6782083214632673	6.844672657252889	3.6522450901785812	3년	0.4041834102704373	불리(<1)	3년	7.709372585660357	3.462570874507368	불리	N	주당순현금<=0	1558000000.0	10.76895854234239	4.151384416667203		-6.374578919697238	183.57600036621093	170.11329986572267	Y	Y	강한 상승추세	단기위험부채 존재
IQV	IQVIA HOLDINGS INC.	0001478242	S&P 500	제외	PEG=불리, PEGY=판정불가	233.36000061035156	7.84	2025		1980000000.0	46000000.0	2026000000.0	13884000000.0	1840000000.0	6503000000.0	23314000000.0	21.80970587248885	78.19029412751115	0.27893111435189155	-68.34582132564842	-78.95100864553314	38.48288545102041	39.83558791529142	4.672897196261677	11.081058953610356	66.64690241687414	17.845794392523352	30.66211790722071	141.79380483374828	139.9110280373831	240.39100439261037	1111.6634298965864	-40.04498299989429	3.012942991030698	376.3727403963995	3년	30.66211790722071	240.39100439261037	3.012942991030698						판정불가		판정불가	3년	11.081058953610356	3.472852695047	불리	N	주당순현금<=0 | FCF<=0	173500000.0	44.99813413095444	0.9211628777272995		-5.7359820198258245	195.18759979248046	197.59849975585936	Y	Y	상승전환	단기위험부채 존재
ABT	ABBOTT LABORATORIES	0000001800	S&P 500	제외	PEG=불리, PEGY=불리(<1)	107.12000274658203	3.72	2025	2.38	8522000000.0	417000000.0	8939000000.0	9896000000.0	0.0	52130000000.0					-0.5474828375286042	-0.5474828375286042	28.942872468846943	28.942872468846943	-51.30890052356021	-1.6467472577444189	8.273103706617114	-94.11780104712042	5.206505484511163	25.046207413234228	-350.118219895288	19.368200402381525	93.17189157723134	-426.8467241581167	-81.91915617459269	-13.021014574045786	5년	25.046207413234228	93.17189157723134	-13.021014574045786	-1.6905336737473275	0.025334484096035316	0.36807347709125027	4.230549199084668	3.9493550136411435	3년	0.0253344840960353	불리(<1)	5년	8.273103706617114	3.4984297907081032	불리	N	주당순현금<=0	1748000000.0	22.366919838107634	-2.0930452781991904		-21.592734171379146	93.67879974365235	108.21839977264405	Y	N	중립/개선	
FIS	Fidelity National Information Services, Inc.	0001136893	S&P 500	제외	PEG=불리, PEGY=불리(<1)	44.779998779296875	0.73	2025	3.93	599000000.0		599000000.0	9069000000.0	2729000000.0	13899000000.0	19586000000.0	41.50813797222637	58.491862027773635	0.7096395384458286	-16.319845857418112	-21.578034682080926	83.69841731056849	90.90141570051753	-72.03065134099617		23.901501752560208	-135.56130268199234		56.303003505120415	-98.95975095785441		41.1011925587379	-320.99096394707016		-8.215288791521358	5년	56.303003505120415	41.1011925587379	-8.215288791521358	-0.813643238776		0.33252124289626156	8.05587668593449	17.98989929776184	5년	0.3325212428962615	불리(<1)	5년	23.901501752560208	3.5018057935042988	불리	N	주당순현금<=0	519000000.0	-5.287648190665162	-20.14979080385899		-43.28774151657407	41.223600158691404	52.42540002822876	Y	N	주의	단기위험부채 존재
BAC	BANK OF AMERICA CORP /DE/	0000070858	S&P 500	제외	PEG=불리, PEGY=불리(<1)	62.47999954223633	3.81	2025	2.07	161560000000.0		161560000000.0	317816000000.0	45999000000.0	303243000000.0	3108495000000.0	8.888226469910645	91.11177353008935	0.09755299590316215	-20.343449335364344	-26.33220065356924	21.738438025616972	23.3102887653033	18.691588785046733	6.09903426261329	15.29664601415619	45.883177570093466	20.69806852522658	39.093292028312376	174.8149065420561	78.85964108111328	148.94544262787016	179.7933864002058	26.215815715242364	138.38899442882263	3년	20.69806852522658	78.85964108111328	26.215815715242364	0.9550635036694402	0.3757875452222809	0.7988911619910785			3년	0.3757875452222809	불리(<1)	3년	6.09903426261329	3.564242647212573	불리	N	주당순현금<=0 | FCF<=0	7680900000.0	19.71642304328647	15.63946132491365		-0.22356977329355265	57.47219985961914	53.62780002593994	Y	Y	강한 상승추세	단기위험부채 존재
PLD	Prologis, Inc.	0001045609	S&P 500	제외	PEG=불리, PEGY=불리(<1)	144.14999389648438	1.49	2025	2.96	1145647000.0		1145647000.0	35037073000.0		53193178000.0	40970248000.0	56.49027468478048	43.50972531521952	1.2983367345006065	-35.42045625564362	-35.42045625564362	120.51708063901208	120.51708063901208	8.759124087591232	33.234053078207104	31.425771273344495	26.018248175182464	74.96810615641421	71.35154254668899	38.76718978102187	111.70247817305717	106.31379839456659	-73.10635350504351	-22.509550535762145	-26.24779542418042	3년	74.96810615641421	111.70247817305717	-22.509550535762145	0.09724035817540111	0.30032301551196783	0.28531865434362025			3년	0.3003230155119678	불리(<1)	3년	33.234053078207104	3.626313057736552	불리	N	주당순현금<=0 | FCF<=0	956832000.0	3.8844044414998224	11.158237228529334		-3.9384271346543875	143.92899963378906	135.43874992370604	Y	Y	강한 상승추세	
CPAY	CORPAY, INC.	0001175454	S&P 500	보류	PEG=불리, PEGY=판정불가	385.7799987792969	15.03	2025		2408097000.0		2408097000.0	474939000.0	3345530000.0	3883864000.0					27.205353373300685	-19.876326381266008	23.857261836726295	26.98977545978462	7.587687902648523	6.564477917470324	43.85131319574005	23.675375805297044	21.628955834940648	96.2026263914801	355.84089835361453	325.0832061991579	1445.9254746639458	-7.760666836128638	-15.733525007050286	274.80571290352293	3년	21.628955834940648	325.0832061991579	-15.733525007050286				18.282881589687296	4.739198933987984	판정불가		판정불가	3년	6.564477917470324	3.634296913884645	불리	Y		71058000.0	24.1128640880361	26.53918226062515		-1.7996709213123463	356.93779846191404	321.27614959716794	Y	Y	강한 상승추세	단기위험부채 존재
GEHC	GE HealthCare Technologies Inc.	0001932393	S&P 500	제외	PEG=불리, PEGY=보통	69.7300033569336	4.55	2025	21.0	4492000000.0		4492000000.0	9495000000.0	508000000.0	10379000000.0	26307000000.0	28.291446328299624	71.70855367170039	0.3945337742806097	-10.923580786026202	-12.032751091703057	17.726062449002153	17.969836142557508	4.838709677419354			18.177419354838708			82.70725806451613			18.61071860437842			1년	18.177419354838708	82.70725806451613	18.61071860437842	1.4576677562632574					1년	1.4576677562632574	보통	1년	4.838709677419354	3.6633862394604457	불리	N	주당순현금<=0 | FCF<=0	458000000.0	14.31148091300589	-12.95718034494272		-20.905171891567065	64.15430030822753	73.07252502441406	Y	N	중립/개선	단기위험부채 존재
SO	SOUTHERN CO	0000092122	S&P 500	제외	PEG=불리, PEGY=불리(<1)	92.94000244140625	3.92	2025	3.22	1639000000.0		1639000000.0		722000000.0	36016000000.0	116853000000.0	23.560041604249392	76.43995839575061	0.3082163059570572	1.477908025247971	0.8268710550045085	23.33216694289752	23.49824780265351	-1.754385964912288	6.338245126558739	5.994587569440402	4.991228070175424	21.17649025311748	20.489175138880803	19.565614035087663	83.01184179222051	80.31756654441274	-78.94812403580175	-10.682333105645135	-13.581273472583867	3년	21.17649025311748	83.01184179222051	-10.682333105645137	0.06281517009005697	0.4096595549805261	0.394930637689672	-2.6465284039675385	-2.847566531576147	3년	0.4096595549805261	불리(<1)	3년	6.338245126558739	3.681171440519119	불리	N	FCF<=0	1109000000.0	-3.1774096158350584	5.386098047968546		-6.799035997092695	94.5081997680664	92.8014501953125	N	Y	중립/개선	단기위험부채 존재
AEE	AMEREN CORP	0001002910	S&P 500	제외	PEG=불리, PEGY=불리(<1)	109.5	5.35	2025	2.74	13000000.0		13000000.0	18214000000.0	643000000.0	13401000000.0					-66.8662747979427	-69.22850844966936	32.96565884073696	33.4071978410597	21.04072398190045	8.922553391323573	8.85719705051664	50.5814479638009	26.345106782647147	26.21439410103328	270.61074660633477	140.94632128716222	140.24700844052805	147.1331019235934	28.718101632111612	28.079459763039317	3년	26.345106782647147	140.94632128716222	28.718101632111615	0.721378695835852	0.3537788656876986	0.3517963073798947	-2.8471711976487875	-2.6001563448847373	3년	0.3537788656876986	불리(<1)	3년	8.922553391323573	3.6946440547829353	불리	N	주당순현금<=0 | FCF<=0	272200000.0	-2.5714026206451024	6.933592156565305		-7.454360816069238	110.90699951171875	107.37314964294434	N	Y	중립/개선	단기위험부채 존재
PWR	QUANTA SERVICES, INC.	0001050915	S&P 500	제외	PEG=불리, PEGY=불리(<1)	680.2000122070312	6.8	2025	7.000000000000001	439508000.0		439508000.0	1040532000.0	0.0	8938249000.0	15899027000.0	35.98723547622533	64.01276452377466	0.5621884282604213	-3.972635516983826	-3.972635516983826	100.61362466529634	100.61362466529634	12.769485903814253	26.99606847284017	17.23954045081646	34.038971807628506	62.49213694568034	42.97908090163292	231.46500829187383	424.9465312306263	292.2577501311038	-65.97103732167778	-37.52623881146211	-57.03355705878026	3년	62.49213694568034	424.9465312306263	-37.52623881146211	0.19648915312990553	0.3378873247627475	0.2409170778952879	10.713234759503209	1.575012432702286	3년	0.3378873247627475	불리(<1)	3년	26.99606847284017	3.7269732356220793	불리	N	주당순현금<=0	151291000.0	-10.185651347219626	42.36976533650938		-13.376799364993097	680.4933972167969	562.5887504577637	N	Y	중립/개선	
CARR	CARRIER GLOBAL Corp	0001783180	S&P 500	제외	PEG=불리, PEGY=불리(<1)	63.16999816894531	1.72	2025	1.55	1555000000.0		1555000000.0	11365000000.0	325000000.0	14128000000.0	23062000000.0	37.98870664157031	62.01129335842969	0.612609487468563	-11.375231910946196	-11.75208719851577	43.34025004644855	43.55935195782621	-72.03252032520325	-25.140280284035853	11.456573996486764	-135.5650406504065	-41.78056056807171	31.413147992973528	-233.17186991869917	-71.86256417708333	54.03061454791447	-469.11805711168705	-213.76059246493907	-14.467918135105807	5년	31.413147992973528	54.03061454791447	-14.467918135105807	-1.6262601219343642	-0.5443042035695159	0.30010380610511883			5년	0.3001038061051188	불리(<1)	5년	11.456573996486764	3.7830026725039385	불리	N	주당순현금<=0 | FCF<=0	862400000.0	-4.128094165881036	4.655396835950065		-16.88158135665091	68.17099960327148	60.91964998245239	N	Y	중립/개선	단기위험부채 존재
WMB	WILLIAMS COMPANIES, INC.	0000107263	S&P 500	보류	PEG=불리, PEGY=불리(<1)	70.43000030517578	2.14	2025	2.94	152000000.0		152000000.0		700000000.0	12807000000.0					0.12408163265306123	-0.4473469387755102	32.85323302454333	33.12025572147257	17.582417582417587	8.61732445982799	65.95600451405528	43.664835164835175	25.73464891965598	140.41200902811056	93.44274725274728	55.072148688063805	300.4816993201566	32.674637012432804	-21.80583778299849	326.6387874743126	3년	25.73464891965598	55.072148688063805	-21.805837782998495	0.6246696502315652	0.3517865182764198	2.097084462359788	0.8204081632653061	1.1648561120409588	3년	0.3517865182764198	불리(<1)	3년	8.61732445982799	3.8124632741516975	불리	Y		1225000000.0	-6.603902818049923	6.165215847244654		-11.29723053944719	73.48519973754883	68.54569982528686	N	Y	중립/개선	단기위험부채 존재
SHW	SHERWIN WILLIAMS CO	0000089800	S&P 500	제외	PEG=불리, PEGY=안심	354.2200012207031	10.26	2025	94.0	207200000.0		207200000.0	9320700000.0	1200500000.0	4598300000.0					-36.39576677316294	-41.19009584664537	38.07171228010391	38.538995815531045	-2.7488151658767856	9.945304600039684	18.130624645897143	3.0023696682464287	28.390609200079368	44.761249291794286	30.804312796208357	291.2876503928143	459.25041773380934	-91.3036212833687	-17.766458870479664	29.651181794126046	3년	28.390609200079368	291.2876503928143	-17.766458870479664	2.396823766757941	2.7302503190632956	2.945247742495051	13.284496805111822	3.750351973161074	3년	2.730250319063296	안심	3년	9.945304600039684	3.8281092245230974	불리	N	주당순현금<=0	250400000.0	14.08419348827261	-0.6005119033631656		-5.599234909382156	324.1921990966797	332.68664932250977	Y	Y	상승전환	단기위험부채 존재
KEY	KEYCORP /NEW/	0000091576	S&P 500	보류	PEG=불리, PEGY=불리(<1)	22.809999465942383	1.52	2025	3.63	1287000000.0	10163000000.0	11450000000.0	9917000000.0	343000000.0	20381000000.0	164000000000.0	11.053741979922009	88.94625802007799	0.12427439024390244	1.3835814995388063	1.074013036171676	14.096327609476036	14.299991072217571	575.0	-7.651730931537582	3.659228783256574	1158.5	-6.803461863075164	15.818457566513148	1760.92	-10.34126203187425	24.044055501099987	7619.94757224449	-145.33652903988354	5.410153722275068	5년	15.818457566513148	24.044055501099987	5.410153722275068	41.04827980948917	-0.2853034522859724	0.5171012610657901	1.8556057162764419	8.135053747138606	5년	0.5171012610657901	불리(<1)	5년	3.659228783256574	3.852267361356631	불리	Y		1107994000.0	5.309324222676182	3.6818157542835683		-4.918717450745447	22.565200004577637	20.84235001564026	Y	Y	강한 상승추세	단기위험부채 존재
TER	TERADYNE, INC	0000097210	S&P 500	보류	PEG=불리, PEGY=불리(<1)	365.79998779296875	3.47	2025	14.000000000000002	293751000.0	586882000.0	880633000.0	171059000.0	200000000.0	2795752000.0	1387847000.0	66.82648121868276	33.173518781317235	2.014452601763739	4.442639886300315	3.190440711499571	104.13756423823298	104.49842855373751	4.518072289156637	-6.31450812985902	27.007110355932152	17.536144578313277	-4.129016259718039	62.514220711864304	60.850421686747076	-14.327686421221596	216.92434587016916	-83.36511106687448	-103.91680888445808	-40.69864595158448	5년	62.514220711864304	216.92434587016916	-40.69864595158448	0.17782317480360202	0.07380134081645187	0.39377827449585034	2.819990107626519	0.7709103886636935	3년	0.0738013408164518	불리(<1)	5년	27.007110355932152	3.855931377544026	불리	Y		159719000.0	8.404452686811181	46.59559555262525		-24.39649665971153	380.87439819335935	290.54479911804196	N	Y	상승전환	단기위험부채 존재
ALGN	ALIGN TECHNOLOGY INC	0001097149	S&P 500	보류	PEG=불리, PEGY=판정불가	172.88999938964844	5.65	2025		1094908000.0	318202000.0	1413110000.0			4049147000.0	2184546000.0	64.95582955400594	35.04417044599405	1.8535416512172322	19.467542844547307	19.467542844547307	27.15441708762852	27.15441708762852	0.533807829181499	7.016113370463617	-24.086097409967156	9.567615658362998	22.532226740927236	-39.67219481993431	54.05702846975094	127.3070810862389	-224.14790073262887	-68.73328205183189	-26.36527182852125	-229.64769594767515	3년	22.532226740927236	127.3070810862389	-26.36527182852125				6.761145092852813	3.910662916722544	판정불가		판정불가	3년	7.016113370463617	3.870293373813341	불리	Y		72588000.0	0.58761605663471	5.65910543941357		-12.46518951036444	173.9422006225586	166.92159973144533	N	Y	상승전환	
AMD	ADVANCED MICRO DEVICES INC	0000002488	S&P 500	보류	PEG=불리, PEGY=판정불가	484.6400146484375	2.65	2025		5539000000.0	5013000000.0	10552000000.0	2348000000.0	874000000.0	62999000000.0					5.014669926650367	4.480440097799511	180.99069612142912	181.19229228325963	165.0	46.66355102918431	12.817266899716717	338.5	101.82710205836862	34.134533799433434	897.025	269.84182045467685	90.4565145684986	85.09098978356346	-44.32118432267244	-81.33531862115913	3년	101.82710205836862	269.84182045467685	-44.32118432267244				4.1167481662591685	0.8494445447814492	판정불가		판정불가	3년	46.66355102918431	3.878631011348321	불리	Y		1636000000.0	41.898460655655235	96.79214124358231		-16.572268156281357	512.9488012695313	313.15620025634763	N	Y	상승전환	단기위험부채 존재
MAR	MARRIOTT INTERNATIONAL INC /MD/	0001048286	S&P 500	제외	PEG=불리, PEGY=안심	346.8299865722656	9.51	2025	78.0	358000000.0		358000000.0	1816000000.0	355000000.0	-3771000000.0					-5.328947368421052	-6.626461988304094	37.030382117842976	37.16681898639008	14.1656662665066	9.516775967882673		36.831332533013196	27.533551935765345		350.2659723889555	261.8440789091284		0.9906830290678847	-24.503621645595373		3년	27.533551935765345	261.8440789091284	-24.503621645595373	2.488920205392557	2.363377609482268		8.998538011695906	2.594509805979815	3년	2.363377609482268	안심	3년	9.516775967882673	3.891063763906342	불리	N	주당순현금<=0	273600000.0	-0.1180750125677199	8.625380466131638		-13.839623587735684	378.4759991455078	335.4530001831055	N	Y	중립/개선	단기위험부채 존재
EQIX	EQUINIX INC	0001101239	S&P 500	제외	PEG=불리, PEGY=불리(<1)	1031.43994140625	13.76	2025	2.02	1727000000.0	1500000000.0	3227000000.0	15334000000.0	1299000000.0	14156000000.0	25963000000.0	35.28502704454249	64.71497295545751	0.5452374532989254	-123.38595436340104	-136.62444075293254	83.92630056465487	84.88839986621966	61.882352941176464	21.50878828113374	89.03782666520712	132.26470588235293	51.51757656226748	186.57565333041424	1819.9623529411763	708.8818534968005	2567.2809898265	76.44869855048142	-31.27260007690593	148.90261534048284	3년	51.51757656226748	708.8818534968005	-31.27260007690593	0.7614103387286514	0.28035059478175983	1.0849736739564528	39.70668446745411	3.8496361129198275	3년	0.2803505947817598	불리(<1)	3년	21.50878828113374	3.9019539114748807	불리	N	주당순현금<=0	98123000.0	-4.778435385787061	27.27855267793837		-7.572092087099014	1053.6034033203125	932.3121499633789	N	Y	중립/개선	단기위험부채 존재
ADSK	Autodesk, Inc.	0000769397	S&P 500	보류	PEG=불리, PEGY=불리(<1)	234.7100067138672	5.23	2026	0.025563460561417582	2249000000.0	348000000.0	2597000000.0	2500000000.0		3045000000.0					0.4511627906976744	0.4511627906976744	44.791365950892825	44.791365950892825	2.148437500000006	11.430299124308885	4.988943736048346	12.796875000000012	31.36059824861777	18.47788747209669	66.92765625000007	164.01592884027096	96.6393514790657	-71.48495831641684	-30.11975452745768	-58.82606249639887	3년	31.36059824861777	164.01592884027096	-30.119754527457676	0.048536161253597346	0.25576050968014635	0.11195254018614739	11.204651162790698	4.773827635074028	3년	0.2557605096801463	불리(<1)	3년	11.430299124308885	3.918652124828016	불리	Y		215000000.0	-5.182995443259697	-8.162147361794435		-28.177116626378428	215.7072003173828	253.47724975585936	Y	N	주의	
RTX	RTX Corp	0000101829	S&P 500	제외	PEG=불리, PEGY=불리(<1)	216.64999389648438	4.96	2025	1.36	7435000000.0	750000000.0	8185000000.0	41078000000.0	204000000.0	65245000000.0	103941000000.0	38.56406558462284	61.43593441537716	0.627711875006013	-24.250221173695074	-24.40061928634621	48.568591748020054	48.59891394815133	39.718309859154935	12.323650810265118	122.97071854507217	87.93661971830987	33.147301620530236	254.44143709014435	436.16563380281696	164.41061603782998	1262.0295279671159	101.32270763470106	-24.112337563053167	482.5199923938678	3년	33.147301620530236	164.41061603782998	-24.112337563053167	0.8457793067642224	0.2817386775646618	2.559899599109555	5.853730462990268	2.701929669006678	3년	0.2817386775646618	불리(<1)	3년	12.323650810265118	3.941087953219538	불리	N	주당순현금<=0	1356400000.0	25.303644617936328	7.73782775969043		-0.8829755322548039	191.27880035400392	188.1382498931885	Y	Y	강한 상승추세	단기위험부채 존재
CHTR	CHARTER COMMUNICATIONS, INC. /MO/	0001091667	S&P 500	제외	PEG=불리, PEGY=판정불가	144.10000610351562	36.21	2025		477000000.0		477000000.0	94006000000.0	750000000.0	16054000000.0					-679.0075792662888	-684.4524753354194	22.731499181712355	22.881869136673156	3.545896482699463	5.610772798941088	43.025880490420356	15.591792965398927	19.721545597882177	94.55176098084071	564.5788232770951	714.1171660993136	3423.7192651162422	291.7965297458242	395.5705314726501	2275.9327689804404	3년	19.721545597882177	714.1171660993136	395.5705314726501				32.07406777789203	22.25820015222714	판정불가		판정불가	3년	5.610772798941088	4.051402542266982	불리	N	주당순현금<=0	137743676.0	-12.84625057748805	-32.54060873003316		-49.034444691016255	136.24379959106446	191.69580013275146	Y	N	주의	단기위험부채 존재
TFC	TRUIST FINANCIAL CORP	0000092230	S&P 500	제외	PEG=불리, PEGY=불리(<1)	51.91999816894531	3.82	2025	4.01	20295000000.0		20295000000.0	41963000000.0	27839000000.0	65189000000.0	482349000000.0	11.9058403252377	88.0941596747623	0.1351490310957419	-16.633146541797803	-38.00337760036847	17.945849400718092	23.540150724951253	13.69047619047619	-4.818353706579703	4.400488140687586	35.88095238095238	-1.1367074131594066	17.30097628137517	137.06523809523807	-4.3422223182689335	66.08972939485315	163.99314893893876	-108.36329443645114	27.29147096615869	5년	17.30097628137517	66.08972939485315	27.29147096615869	0.9863270216548187	-0.045044048265966044	0.46865923996615316	3.9725186151838487	7.651230268262826	5년	0.4686592399661531	불리(<1)	5년	4.400488140687586	4.078149702254171	불리	N	주당순현금<=0	1302700000.0	4.931282638000423	-1.405244361205904		-6.970082617140627	50.290999755859374	48.78675004959106	Y	Y	상승전환	단기위험부채 존재
UBER	Uber Technologies, Inc	0001543151	S&P 500	제외	PEG=불리, PEGY=판정불가	71.61000061035156	4.73	2025		7105000000.0	528000000.0	7633000000.0	10521000000.0	0.0	27041000000.0	33719000000.0	44.504608294930875	55.49539170506912	0.8019514220469172	-1.362464021844714	-1.362464021844714	15.427582374671516	15.427582374671516	3.728070175438615			15.95614035087723			75.4725438596493			5.3938600982771145			1년	15.95614035087723	75.4725438596493	5.3938600982771145				4.605864350855243	6.431873078617797	판정불가		판정불가	1년	3.728070175438615	4.138222095794221	불리	N	주당순현금<=0	2119689000.0	-3.1381031857804498	-11.41761027420143		-28.461536761296824	71.75920028686524	78.4626501083374	N	N	주의	
MKC	MCCORMICK & CO INC	0000063754	S&P 500	제외	PEG=불리, PEGY=불리(<1)	51.52000045776367	2.93	2025	3.77	95900000.0		95900000.0	3105800000.0	381400000.0	5736500000.0	7432300000.0	43.56129639754571	56.43870360245429	0.7718337526741386	-11.17260579064588	-12.588344469190794	21.396793941436705	21.879981203738723	0.34246575342466545	5.153167622194932	31.68223228750233	9.184931506849331	18.806335244389864	71.86446457500466	26.91184931506854	55.10256226606231	210.56288120476367	-47.7642680979186	6.953730156185922	308.70124094308596	3년	18.806335244389864	55.10256226606231	6.953730156185922	0.19220009150345307	0.41703292776561546	1.6568945975988525	2.599109131403118	5.0448546356941115	3년	0.4170329277656154	불리(<1)	3년	5.153167622194932	4.152163389616849	불리	N	주당순현금<=0	269400000.0	7.288629668128488	-15.679211547632088		-28.70191124457213	49.66819999694824	58.50960004806519	Y	N	중립/개선	단기위험부채 존재
YUM	YUM BRANDS INC	0001041061	S&P 500	제외	PEG=불리, PEGY=불리(<1)	148.8000030517578	5.55	2025	1.96	709000000.0	0.0	709000000.0	2884000000.0	38000000.0	-7926000000.0	15521000000.0	-104.35813034891378	204.35813034891373	-0.5106629727466013	-7.740213523131673	-7.875444839857651	28.205444427908017	28.22981043092171	6.321839080459772	6.690461655968871	38.731105019357614	21.143678160919542	21.880923311937742	85.96221003871523	117.34741379310346	121.43912438125447	477.0902657148695	-21.137492347842258	-18.387686901448696	220.62517199607913	3년	21.880923311937742	121.43912438125447	-18.387686901448696	0.29362554813230546	0.30669474746547976	1.4426684579767017	5.832740213523132	3.919852213641623	3년	0.3066947474654797	불리(<1)	3년	6.690461655968871	4.215769535536405	불리	N	주당순현금<=0	281000000.0	-3.6269372189749016	-4.719213167445013		-11.512845021847395	153.65880035400392	154.24445014953614	N	N	주의	단기위험부채 존재
BMY	BRISTOL MYERS SQUIBB CO	0000014272	S&P 500	제외	PEG=불리, PEGY=불리(<1)	65.47000122070312	3.46	2025	3.86	10209000000.0	130000000.0	10339000000.0	42850000000.0	2261000000.0	18473000000.0	71533000000.0	20.524187276403797	79.4758127235962	0.25824444661904294	-15.944580676802355	-17.053457577243748	23.530225981938003	23.850710635244763	178.4580498866213	5.459253851176027		365.4160997732426	19.418507702352052		1264.3397052154194	67.1880366501381		1831.174097512627	2.624156709029801		3년	19.418507702352052	67.1880366501381	2.6241567090298012	7.748248997972657	0.3960545835101441		6.299656694458068	9.62220341683142	3년	0.3960545835101441	불리(<1)	3년	5.459253851176027	4.310154212167501	불리	N	주당순현금<=0	2039000000.0	14.098989198317247	17.140815773258055		0.0	58.259999923706054	55.67490001678467	Y	Y	강한 상승추세	단기위험부채 존재
OTIS	Otis Worldwide Corp	0001781335	S&P 500	제외	PEG=불리, PEGY=불리(<1)	72.19000244140625	3.5	2025	2.45	1096000000.0		1096000000.0	6900000000.0	215000000.0	-5392000000.0	15924000000.0	-51.196353968856826	151.1963539688568	-0.33860838985179603	-14.697391744745506	-15.24183337553811	24.82496976747193	24.98052451912696	-14.00491400491401	5.744740983915486	43.261010500751794	-19.50982800982802	19.989481967830972	95.02202100150359	-68.28439803439807	69.9631868874084	332.57707350526255	-194.58982646498978	-3.084659203059692	360.6968586477083	3년	19.989481967830972	69.9631868874084	-3.084659203059692	-0.46545531024389697	0.3301007437540982	1.8413319705487323			3년	0.3301007437540982	불리(<1)	3년	5.744740983915486	4.321338392275397	불리	N	주당순현금<=0 | FCF<=0	394900000.0	-4.862934825482624	-16.204293484869137		-22.89040768689592	72.01439926147461	82.27414970397949	Y	N	주의	단기위험부채 존재
COST	COSTCO WHOLESALE CORP /NEW	0000909832	S&P 500	보류	PEG=불리, PEGY=보통	954.0800170898438	18.21	2025	62.0	14161000000.0	1123000000.0	15284000000.0	5713000000.0	36000000.0	29164000000.0	47935000000.0	37.82669035914863	62.17330964085137	0.6084072181078544	21.517390844935846	21.436456139009852	51.21156651537111	51.216011035191315	9.963768115942043	11.49058481522638	42.2175267261373	28.427536231884087	31.481169630452758	92.9350534522746	517.6654347826093	573.2720989705448	1692.3473233659206	-45.74192672417519	-39.91362477969592	77.38001981510484	3년	31.481169630452758	573.2720989705448	-39.91362477969592	1.4052248937618843	1.435038797205476	2.0350388362921192	17.619035842833792	1.8467042100489401	3년	1.435038797205476	보통	3년	11.490584815226379	4.456828554758131	불리	Y		444803000.0	-5.796854452672607	-1.474654929750574		-12.81525843285458	957.4315979003907	957.9176483154297	N	N	주의	단기위험부채 존재
WM	WASTE MANAGEMENT INC	0000823768	S&P 500	보류	PEG=불리, PEGY=불리(<1)	226.42999267578125	6.7	2025	1.56	201000000.0	177000000.0	378000000.0		743000000.0	9990000000.0	35844000000.0	21.7960466029585	78.20395339704149	0.2787077335118848	0.9351806036615536	-0.9030183077684315	33.65594210031637	33.93030014679846	-1.6152716593245144	7.521507767680924	13.738220149762249	5.269456681350971	23.543015535361846	35.9764402995245	35.305359765051506	157.73820408692438	241.04215000681415	-84.4078254175434	-30.33687709702606	6.453278189146805	3년	23.543015535361846	157.73820408692438	-30.33687709702606	-0.0016422555981279402	0.2698337114026457	0.4545473754430556	8.000989609104403	3.533537900414454	3년	0.2698337114026457	불리(<1)	3년	7.521507767680924	4.474627048174062	불리	Y		404200000.0	-0.6232229052867577	1.4653114178215576		-8.145715094118767	225.46879943847657	223.22784965515137	Y	Y	강한 상승추세	단기위험부채 존재
AME	AMETEK INC/	0001037868	S&P 500	제외	PEG=불리, PEGY=양호	243.77000427246094	6.4	2025	56.00000000000001	457951000.0	4563000.0	462514000.0	1074334000.0	273315000.0	10628786000.0	5438757000.0	66.1506616164027	33.84933838359729	1.9542674916345775	-2.6456051440160167	-3.8274618501334	38.50243897132452	38.68710408165536	7.925801011804396	8.504416556765815	11.164911034441637	24.35160202360879	25.50883311353163	30.829822068883274	155.85025295109628	163.25653192660243	197.31086124085297	-36.06668161809483	-33.0284575356814	-19.058597127348254	3년	25.50883311353163	163.25653192660243	-33.0284575356814	1.6603052357128454	1.6753332588828151	1.7444326341108958	7.227891671243065	2.96504555300597	3년	1.6753332588828151	양호	3년	8.504416556765815	4.527346316390551	불리	N	주당순현금<=0	231259000.0	5.789181973133717	7.048130583928103		0.0	233.43440032958983	219.53114990234374	Y	Y	강한 상승추세	단기위험부채 존재
LOW	LOWES COMPANIES INC	0000060667	S&P 500	제외	PEG=불리, PEGY=불리(<1)	212.05999755859375	11.85	2025	2.41	982000000.0	370000000.0	1352000000.0	39819000000.0	0.0	-9917000000.0	64061000000.0	-18.31597222222222	118.31597222222223	-0.15480557593543653	-68.69107142857143	-68.69107142857143	23.692073332250228	23.692073332250228	-3.1071136549468585	5.228278564465261	8.863759852581033	2.285772690106283	18.95655712893052	26.227519705162067	27.086406377759452	224.63520197782665	310.79610850617047	-87.22700806865977	5.93002195794059	46.56046028685594	3년	18.95655712893052	224.63520197782665	5.93002195794059	-0.02942391934934332	0.3223980635779921	0.47584522023384573	13.6625	6.442752125480408	3년	0.3223980635779921	불리(<1)	3년	5.228278564465261	4.531524676836613	불리	N	주당순현금<=0	560000000.0	-5.211873591314086	-21.184866021411075		-26.21177259133186	214.27879943847657	239.16235069274902	N	N	주의	
BEN	FRANKLIN RESOURCES INC	0000038777	S&P 500	보류	PEG=불리, PEGY=불리(<1)	35.2400016784668	0.91	2025	3.9	4647200000.0	58700000.0	4705900000.0	1850750000.0	0.0	12077800000.0	18179500000.0	39.916978712575144	60.083021287424856	0.6643637063725625	5.518264398917665	5.518264398917665	32.6612497577463	32.6612497577463	7.058823529411772	-28.882967962082805	-10.560604841265263	22.617647058823543	-49.26593592416561	-12.621209682530527	20.582058823529426	-44.83200169099071	-11.48530081110278	-41.59461451982286	-227.2190679786064	-132.5916579570449	1년	22.617647058823543	20.582058823529426	-41.59461451982286	0.33552982848773744	-0.7649115740330045	-0.20392988298574097	1.761886354851179	4.999677272795846	1년	0.3355298284877374	불리(<1)	1년	7.058823529411772	4.627010382347388	불리	Y		517400000.0	18.653201256615183	30.18101985869133		0.0	32.648200302124025	27.152700071334838	Y	Y	강한 상승추세	
SNA	Snap-on Inc	0000091440	S&P 500	제외	PEG=불리, PEGY=불리(<1)	409.4100036621094	19.19	2025	2.38	1624500000.0		1624500000.0	1186400000.0	193600000.0	5931800000.0	2455500000.0	70.72359400522218	29.27640599477782	2.415719812665445	8.266037735849057	4.613207547169812	20.90380228901825	21.094153002341823	-1.6401845207585868	4.491988613427633	38.10274863898202	5.219630958482826	17.483977226855266	84.70549727796404	100.16471809328544	335.5175229833526	1625.49849276413	-75.53437453962349	-18.04852837444125	297.0343856340335	3년	17.483977226855266	335.5175229833526	-18.048528374441254	0.035391431138347154	0.32874347539336474	1.9366212940240786			3년	0.3287434753933647	불리(<1)	3년	4.491988613427633	4.653574193516823	불리	N	FCF<=0	53000000.0	10.020963408101347	10.19864765527949		-2.3610202366093014	393.74440124511716	369.48159942626955	Y	Y	강한 상승추세	단기위험부채 존재
ED	CONSOLIDATED EDISON INC	0001047862	S&P 500	제외	PEG=불리, PEGY=불리(<1)	107.94999694824219	5.64	2025	3.23	1629000000.0		1629000000.0	25551000000.0	400000000.0	24190000000.0					-66.69082798996376	-67.80596598829105	30.964685272731554	31.162404775981074	7.633587786259531	6.569042175811535	11.45025129540247	23.76717557251906	21.63808435162307	31.40050259080494	134.0468702290075	122.03879574315411	177.09883461213985	24.174964352502727	13.051226672722338	64.05635907248042	3년	21.63808435162307	122.03879574315411	13.051226672722338	0.35083798496819657	0.31645863955997866	0.474096576990897	0.9339280735991079	0.8651487725811516	3년	0.3164586395599786	불리(<1)	3년	6.569042175811535	4.713729101443347	불리	N	주당순현금<=0	358700000.0	-1.5324275720744018	2.399922996813486		-6.504419015919105	109.24879989624023	106.30114978790283	N	Y	중립/개선	단기위험부채 존재
VRTX	VERTEX PHARMACEUTICALS INC / MA	0000875320	S&P 500	보류	PEG=불리, PEGY=판정불가	470.7200012207031	15.32	2025		5084800000.0	1523300000.0	6608100000.0			18665800000.0	6977200000.0	72.79101509183793	27.20898490816207	2.675256549905406	25.61279069767442	25.61279069767442	29.053995464949654	29.053995464949654	836.5384615384615	6.118290879552779	46.11882992489094	1681.576923076923	20.736581759105558	100.73765984978188	25761.758461538462	317.68443254949716	1543.3009488986584	5372.8412633266735	-32.510955190844605	227.8596500884741	3년	20.736581759105558	317.68443254949716	-32.510955190844605				12.37906976744186	2.6298159702879875	판정불가		판정불가	3년	6.118290879552779	4.7487110431521975	불리	Y		258000000.0	9.50796662483826	-0.273301099178469		-11.116150729710006	469.1075994873047	453.22709991455076	Y	Y	상승전환	
KMI	KINDER MORGAN, INC.	0001506307	S&P 500	제외	PEG=불리, PEGY=불리(<1)	31.399999618530273	1.37	2025	3.67	63000000.0	0.0	63000000.0	30777000000.0	1000000000.0	31162000000.0	40299000000.0	43.60700242090091	56.39299757909909	0.7732698081838258	-13.816464237516868	-14.266306792622583	33.0047181431001	33.33307037310428	17.09401709401711	6.94673115572082		42.68803418803422	22.39346231144164		58.48260683760689	30.679043366675046		86.25034250985848	-2.296039046541154		3년	22.39346231144164	30.679043366675046	-2.296039046541154	0.6291226910040435	0.32167313502540346		1.3004948268106162	4.141703320413887	3년	0.3216731350254034	불리(<1)	3년	6.94673115572082	4.751114934960428	불리	N	주당순현금<=0	2223000000.0	-3.2953543638631233	6.045251507198324		-8.481497051253584	32.082600326538085	30.477300109863283	N	Y	중립/개선	단기위험부채 존재
HLT	Hilton Worldwide Holdings Inc.	0001585689	S&P 500	보류	PEG=불리, PEGY=불리(<1)	314.3399963378906	6.12	2025	19.0	918000000.0		918000000.0		46000000.0	-5388000000.0	22120000000.0	-32.201769065264166	132.2017690652642	-0.24358047016274864	3.857142857142857	3.6638655462184873	50.732492398815	50.76407365876996	-0.3257328990227944	10.548046712372283		7.848534201954411	29.596093424744566		48.033029315960995	181.12809175943676		-84.7194025973299	-42.37828661016513		3년	29.596093424744566	181.12809175943676	-42.37828661016513	0.3680928379030989	0.5824284460556577		8.521008403361344	2.7107617556252483	3년	0.5824284460556577	불리(<1)	3년	10.548046712372283	4.8096575396569445	불리	Y		238000000.0	0.9506042162829687	3.766548026930172		-10.244990222646223	332.9185986328125	306.091199798584	N	Y	상승전환	단기위험부채 존재
CMS	CMS ENERGY CORP	0000811156	S&P 500	제외	PEG=불리, PEGY=불리(<1)	71.73999786376953	3.53	2025	3.17	509000000.0		509000000.0	17807000000.0	950000000.0	9144000000.0					-57.46843853820598	-60.62458471760797	36.60295648781177	37.49704888990864	6.006006006005998	7.393158422805435	45.03820062775774	20.512012012011994	23.28631684561087	98.57640125551548	72.40740240240234	82.20069846500637	347.9746964319696	0.9303102293091392	14.58140634615177	385.04977250313726	3년	23.28631684561087	82.20069846500637	14.58140634615177	0.25069029626231065	0.28858757423933246	1.3170575618341198	-0.46179401993355484	-0.6437050929531352	3년	0.2885875742393324	불리(<1)	3년	7.393158422805435	4.9509227848958055	불리	N	주당순현금<=0 | FCF<=0	301000000.0	-5.218660919841467	1.6867395613557878		-10.257698683018045	74.09539978027344	74.0544497680664	N	N	판정불가	단기위험부채 존재
CL	COLGATE PALMOLIVE CO	0000021665	S&P 500	제외	PEG=불리, PEGY=불리(<1)	89.87999725341797	2.63	2025	2.32	1288000000.0	107000000.0	1395000000.0	6871000000.0	1115000000.0	54000000.0	15965000000.0	0.33709969411324053	99.66290030588677	0.0033823989978077045	-6.751325360621379	-8.126001726051042	36.74194776199215	37.264638395235366	-25.07122507122507	7.281634513092983	28.522420757238454	-41.64245014245014	23.063269026185964	65.5448415144769	-109.51964387464386	60.65639753886908	172.38293318307424	-221.85096486579948	-32.51401936757132	91.79232137384032	3년	23.063269026185964	60.65639753886908	-32.51401936757132	-0.6192166299566775	0.2613262251443684	0.8394334714378837	4.3175933916902975	4.803731112181478	3년	0.2613262251443684	불리(<1)	3년	7.281634513092983	5.045837949697569	불리	N	주당순현금<=0	811100000.0	5.282879655309025	-2.1874003151390764		-9.340329022835704	90.87220016479492	86.09695030212403	N	Y	상승전환	단기위험부채 존재
HUBB	HUBBELL INC	0000048898	S&P 500	제외	PEG=불리, PEGY=불리(<1)	476.0400085449219	4.19	2025	1.2	482500000.0	15400000.0	497900000.0	2036300000.0	56100000.0	3847900000.0	4370900000.0	46.818270307100796	53.181729692899204	0.8803450090370404	-28.755140186915888	-29.80373831775701	120.47616914840995	120.72643123214291	-70.84203201113432	-25.34455002230137	23.13753669964718	-133.18406402226864	-42.18910004460274	54.77507339929436	-558.0412282533057	-176.7723291868855	229.50755754304336	-217.22569915058844	-137.13392278250166	-51.78817884560522	5년	54.77507339929436	229.50755754304336	-51.78817884560522	-0.5780564945200489	-0.20040934396377286	0.20201120994863891			5년	0.2020112099486389	불리(<1)	5년	23.13753669964718	5.206957452400155	불리	N	주당순현금<=0 | FCF<=0	53500000.0	-7.744184390519015	-3.944790640939344		-14.66522732300679	488.12300170898436	481.1713510131836	N	N	주의	단기위험부채 존재
PSA	Public Storage	0001393311	S&P 500	제외	PEG=불리, PEGY=불리(<1)	325.8999938964844	9.01	2025	3.7	318095000.0		318095000.0	10253881000.0	700000000.0	9248128000.0	10866770000.0	45.976509550284575	54.023490449715425	0.851046631151667	-56.484781298677674	-60.464269877545455	42.440041642082356	42.8817162901254	-15.319548872180459	-27.352783933755788	7.4520805832128945	-22.139097744360917	-46.205567867511576	23.404161166425787	-199.47327067669187	-416.3121664862793	210.87149210949633	-161.2068961069237	-227.74230570207143	-35.29564404457294	5년	23.404161166425787	210.87149210949633	-35.29564404457294	-0.2737874050683975	-0.5573223545167861	0.26277261170627136			5년	0.2627726117062713	불리(<1)	5년	7.4520805832128945	5.6950594090039655	불리	N	주당순현금<=0 | FCF<=0	175902000.0	10.339927566210626	19.899928929667322		-1.3828811412043063	317.3060009765625	294.08280014038087	Y	Y	강한 상승추세	단기위험부채 존재
AMGN	AMGEN INC	0000318154	S&P 500	제외	PEG=불리, PEGY=불리(<1)	378.8699951171875	14.23	2025	2.62	9129000000.0	0.0	9129000000.0	50005000000.0	0.0	8658000000.0					-75.41697416974169	-75.41697416974169	31.92459376577155	31.92459376577155	88.22751322751324	5.524568667280372	38.82227702083121	184.95502645502648	19.549137334560744	86.14455404166242	2631.910026455027	278.1842242707994	1225.8370040128561	594.6736506914348	-26.575282324810438	223.55082741078377	3년	19.549137334560744	278.1842242707994	-26.575282324810434	2.8456905009991647	0.25511894456783024	1.2981301289184826	14.944649446494465	3.944532330112857	3년	0.2551189445678302	불리(<1)	3년	5.524568667280372	5.778658152055761	불리	N	주당순현금<=0	542000000.0	16.989343207264064	9.919346398955797		-3.6199467731834467	356.68520202636716	344.2541011047363	Y	Y	강한 상승추세	
PAYX	PAYCHEX INC	0000723531	S&P 500	제외	PEG=불리, PEGY=불리(<1)	117.66999816894531	4.89	2026	4.07	1088200000.0	36300000.0	1124500000.0	4556100000.0	0.0	3735100000.0	12439400000.0	23.09252217997465	76.90747782002535	0.3002636783124588	-9.532222222222222	-9.532222222222222	26.01272400637373	26.01272400637373	6.768558951965057	4.379080767859933	10.04574277704604	22.037117903930113	17.258161535719864	28.59148555409208	107.76150655021824	84.39240990967014	139.81236435951027	-8.420575994656598	-28.28043577556337	18.817342173128914	3년	17.258161535719864	84.39240990967014	-28.280435775563372	0.4166637430708662	0.32480568993042436	0.5426476202026113	6.4494444444444445	5.4809590760633995	3년	0.3248056899304243	불리(<1)	3년	4.379080767859933	5.940224760706163	불리	N	주당순현금<=0	360000000.0	27.23831520073483	14.833606682119527		-16.658406307643293	104.57160003662109	103.54094989776611	Y	Y	강한 상승추세	
AAPL	Apple Inc.	0000320193	S&P 500	제외	PEG=불리, PEGY=보통	303.4200134277344	7.46	2025	35.0	35934000000.0	18763000000.0	54697000000.0	78328000000.0	7979000000.0	73733000000.0	285508000000.0	20.524661717342955	79.47533828265705	0.2582519579136136	-1.5749068441701954	-2.106673663586809	40.8840375699604	40.9553199854318	22.69736842105263	6.880679389561806	59.17805489937251	53.89473684210526	22.26135877912361	126.85610979874502	402.0547368421052	166.06973649226214	946.3465790986379	32.507652445234214	-45.26737553789773	211.89326254645016	3년	22.26135877912361	166.06973649226214	-45.26737553789773	1.4112443841272138	1.0243772846039476	2.303540953806626	6.582405496092323	2.1694038642115006	3년	1.0243772846039476	보통	3년	6.880679389561806	5.941860571498607	불리	N	주당순현금<=0	15004697000.0	9.605183016734898	12.37361670076973		-10.779809042582734	309.5228002929687	278.23874938964843	N	Y	상승전환	단기위험부채 존재
CHRW	C. H. ROBINSON WORLDWIDE, INC.	0001043277	S&P 500	제외	PEG=불리, PEGY=불리(<1)	147.0	4.83	2025	1.71	160871000.0		160871000.0	1089438000.0	0.0	1845647000.0	3212734000.0	36.48691152366735	63.51308847633265	0.574478621635031	-7.642400948132541	-7.642400948132541	32.0170602377086	32.0170602377086	25.129533678756484	-13.256194627034546	5.361231500071417	58.75906735751297	-18.01238925406909	19.222463000142834	283.8062953367876	-86.99984009715371	92.84449629068989	93.06550703182832	-159.18356469194129	-36.8404787138164	5년	19.222463000142834	92.84449629068989	-36.8404787138164	0.8382885086728169	-0.360626320508834	0.2208582376886421	7.365236786225741	5.010365160697782	5년	0.2208582376886421	불리(<1)	5년	5.361231500071417	5.971960031437198	불리	N	주당순현금<=0	121502000.0	-8.831558551247864	-25.94458438287154		-29.806130605821725	185.25259979248048	171.9287504196167	N	N	주의	
PNW	PINNACLE WEST CAPITAL CORP	0000764622	S&P 500	제외	PEG=불리, PEGY=불리(<1)	100.80999755859375	5.05	2025	3.6	6604000.0		6604000.0	9205676000.0	757005000.0	7046458000.0					-75.42015725049397	-81.62659156684786	34.897060358235194	36.1260572525627	-3.62595419847329	5.834499340033372	0.7285270633833552	1.2480916030534202	20.168998680066743	9.95705412676671	6.3028625954197715	101.85344333433704	50.28312334017188	-93.74778023205847	1.0350618004298706	-50.120896182994315	3년	20.168998680066743	101.85344333433704	1.0350618004298706	-0.0007437359538842941	0.2703522658694938	0.1240370111106475			3년	0.2703522658694938	불리(<1)	3년	5.834499340033372	5.981157649430052	불리	N	주당순현금<=0 | FCF<=0	121971000.0	-0.9919486734017435	9.934570243762897		-7.826648050674745	104.36900039672851	97.43865020751953	N	Y	중립/개선	단기위험부채 존재
REGN	REGENERON PHARMACEUTICALS, INC.	0000872589	S&P 500	제외	PEG=불리, PEGY=안심	759.239990234375	41.48	2025	49.0	3118100000.0	5487100000.0	8605200000.0	1985900000.0		31256900000.0	9301800000.0	77.06583297788144	22.934167022118558	3.360306607323314	60.951197053407	60.951197053407	16.834348919502606	16.834348919502606	8.189880020865917	2.765976893685007	32.28413389720095	24.879760041731835	14.031953787370014	73.0682677944019	1032.0124465310364	582.0454431001082	3030.8717481117906	35.927040172430516	-23.338410701939903	299.19811747220666	3년	14.031953787370014	582.0454431001082	-23.338410701939903	3.397213654910728	3.0750210264273474	4.828469119054151			3년	3.0750210264273474	안심	3년	2.765976893685007	6.086221818387946	불리	N	FCF<=0	108600000.0	7.054323361443937	0.5589216966385813		-6.528620781483219	645.8730017089844	710.6655990600586	Y	Y	상승전환	
PG	PROCTER & GAMBLE Co	0000080424	S&P 500	제외	PEG=불리, PEGY=불리(<1)	144.97000122070312	6.51	2025	3.01	4239000000.0		4239000000.0	24995000000.0	4108000000.0	52284000000.0	72946000000.0	41.75037930208417	58.24962069791584	0.7167493762509254	-8.45664928292047	-10.130378096479792	23.567841859235575	23.824943059475103	8.139534883720936	3.864775179637992	43.49588337951526	24.77906976744187	16.229550359275983	95.49176675903053	161.31174418604658	105.65437283888664	621.6514016012887	11.272499708725746	-27.11983724271489	328.8138210434883	3년	16.229550359275983	105.65437283888664	-27.119837242714894	0.4730825567446578	0.2917015151705102	1.9732771314947921	5.721968709256845	3.9470019045841687	3년	0.2917015151705102	불리(<1)	3년	3.8647751796379914	6.098114576859589	불리	N	주당순현금<=0	2454400000.0	1.0807440186493045	-5.36588621300349		-13.2954522328254	147.38320098876954	148.02740074157714	N	N	중립/개선	단기위험부채 존재
NI	NISOURCE INC.	0001111711	S&P 500	제외	PEG=불리, PEGY=불리(<1)	44.529998779296875	1.95	2025	2.7	110100000.0		110100000.0	6427700000.0	736000000.0	9450100000.0					-13.31422550052687	-14.865331928345627	29.663704758883974	30.45914395263718	20.37037037037036	4.679561967174672	61.04691919843306	49.24074074074072	17.859123934349345	130.59383839686612	96.0194444444444	34.82529167198122	254.65798487388892	115.62867073126056	-21.79363883528248	471.879613417564	3년	17.859123934349345	34.82529167198122	-21.79363883528248	0.7777305821337445	0.24877411729782573	2.1489871112387444	-0.8851422550052687	-1.9877437216926082	3년	0.2487741172978257	불리(<1)	3년	4.679561967174672	6.33899176182802	불리	N	주당순현금<=0 | FCF<=0	474500000.0	-7.383533520302155	1.1355894023669766		-9.2705845191694	46.64299995422363	45.22699993133545	N	N	판정불가	단기위험부채 존재
REG	REGENCY CENTERS CORP	0000910606	S&P 500	제외	PEG=불리, PEGY=불리(<1)	80.30000305175781	0.46	2018	3.76	120661000.0		120661000.0	4739301000.0		6906890000.0	5819677000.0	54.27143077940815	45.72856922059185	1.1868167253955846	-27.255045438451553	-27.255045438451553	233.81532280480297	233.81532280480297	-7.9999999999999964	36.71886432341158	-1.6538041668570203	-7.499999999999993	81.93772864682316	5.1923916662859595	-3.449999999999997	37.691355177538654	2.3885001664915415	-104.29638837968199	-53.06182597123379	-97.02552917096152	3년	81.93772864682316	37.691355177538654	-53.06182597123379	-0.01813396978922418	0.1731232317789742	0.009007946134057705			3년	0.1731232317789742	불리(<1)	3년	36.71886432341158	6.3677166250407335	불리	N	주당순현금<=0 | FCF<=0	169460000.0	1.968257843501986	11.558765360939338		-2.8785646403402088	79.67239974975585	75.24230010986328	Y	Y	강한 상승추세	
AMCR	Amcor plc	0001748790	S&P 500	제외	PEG=불리, PEGY=불리(<1)	46.02000045776367	0.32	2025	5.79	827000000.0		827000000.0	5314400000.0	116000000.0	11728000000.0	25326000000.0	31.651103794462138	68.34889620553787	0.4630814183052989	-2.816949152542373	-2.8897677338355305	152.61546753220637	152.84302559874752	-36.633663366336634	-15.4270585896647	23.14429789759256	-64.76732673267327	-22.3541171793294	54.78859579518512	-20.725544554455446	-7.153317497385408	17.532350654459236	-145.03595034397486	-115.54393182579516	-61.902758626545186	5년	54.78859579518512	17.532350654459236	-61.902758626545186	-0.20210050701333868	-0.06314601491903825	0.18958955055775437	0.664030131826742	1.442916395527151	5년	0.1895895505577543	불리(<1)	5년	23.14429789759256	6.594084996982399	불리	N	주당순현금<=0	1593000000.0	24.681659842895655	5.188572474888398		-9.01542350378347	41.83759994506836	42.05229978561401	Y	Y	상승전환	단기위험부채 존재
SNPS	SYNOPSYS INC	0000883241	S&P 500	제외	PEG=불리, PEGY=판정불가	392.07000732421875	8.04	2025		2888030000.0	72929000.0	2960959000.0	13462398000.0	22117000.0	28327602000.0	19897446000.0	58.74043297997339	41.25956702002661	1.4236803055025253	-63.39304945187618	-63.52656106630608	56.649633927375	56.66623984956777	-44.589937973811175	8.526334391298395	13.492100704033394	-80.67987594762235	25.55266878259679	35.48420140806679	-648.6662026188836	205.44345701207817	285.29297932085694	-265.4465249830944	-47.600312909885865	-27.234174001752574	3년	25.55266878259679	205.44345701207817	-47.600312909885865				8.144311102525716	2.077259405305862	판정불가		판정불가	3년	8.526334391298395	6.644078372669637	불리	N	주당순현금<=0	165656000.0	-21.191958326790207	-14.374632601402016		-38.35571282596162	443.9538000488281	449.2125512695313	N	N	주의	단기위험부채 존재
HD	HOME DEPOT, INC.	0000354950	S&P 500	제외	PEG=불리, PEGY=불리(<1)	340.0199890136719	14.23	2025	2.81	1389000000.0		1389000000.0	8707000000.0	4464000000.0	12813000000.0	92282000000.0	12.191826442742281	87.80817355725772	0.13884614551050042	-7.354773869346734	-11.841206030150754	24.4114380100505	24.72671785269309	-4.560697518443995	-5.176454930934304	3.5714638909686514	-0.6213950368879892	-1.8529098618686088	15.642927781937303	-8.842451374916088	-26.366907334390305	222.5988623369678	-102.6005681020596	-107.75451684792866	-34.5335952210688	5년	15.642927781937303	222.5988623369678	-34.5335952210688	-0.07171627979159646	-0.09694041497924066	0.26141286262371444			5년	0.2614128626237144	불리(<1)	5년	3.5714638909686514	6.835135046942792	불리	N	주당순현금<=0 | FCF<=0	995000000.0	8.83425337676762	-10.076168040705602		-19.696760136326553	331.5553991699219	348.885699005127	Y	N	중립/개선	단기위험부채 존재
VRSN	VERISIGN INC/CA	0001014473	S&P 500	보류	PEG=불리, PEGY=불리(<1)	298.8900146484375	6.24	2022	1.12	307900000.0	272600000.0	580500000.0	0.0		-2154200000.0	3480100000.0	-162.47077456821782	262.4707745682178	-0.6190052009999713	6.188699360341151	6.188699360341151	46.907262065400054	46.907262065400054	-10.857142857142854	6.608652379326085	11.139222486886503	-13.214285714285708	21.71730475865217	30.778444973773006	-82.45714285714283	135.51598169398954	192.05749663634356	-127.5877877533417	-54.66025124546663	-35.743087014048704	3년	21.71730475865217	135.51598169398954	-54.660251245466625	-0.20758284385831183	0.16476451702831169	0.26135020350994237	11.389125799573561	3.8104738336507356	3년	0.1647645170283116	불리(<1)	3년	6.608652379326085	7.097855867277953	불리	Y		93800000.0	9.024264564198624	19.079687110931264		-3.583866242439515	276.1455999755859	257.0864501953125	Y	Y	강한 상승추세	
GWW	W.W. GRAINGER, INC.	0000277135	S&P 500	제외	PEG=불리, PEGY=양호	1371.25	35.4	2025	72.0	585000000.0		585000000.0	2362000000.0	0.0	3736000000.0					-37.020833333333336	-37.020833333333336	39.78166195856874	39.78166195856874	-8.550762076982696	5.601826190477133	62.54354736477112	-8.601524153965393	19.703652380954267	133.58709472954223	-304.4939550503749	697.509294285781	4728.983153425795	-122.20557557340929	-49.13332402656109	244.86659277489844	3년	19.703652380954267	697.509294285781	-49.133324026561084	1.5949368326817905	1.9506934192768721	3.382049435362798	27.729166666666668	2.022181707687633	3년	1.950693419276872	양호	3년	5.601826190477133	7.101552352016184	불리	N	주당순현금<=0	48000000.0	20.05971092975716	25.093500411529867		-2.195390159532551	1334.39	1135.4972494506835	Y	Y	강한 상승추세	
COR	Cencora, Inc.	0001140859	S&P 500	제외	PEG=불리, PEGY=양호	308.3699951171875	7.96	2025	77.0	4356138000.0		4356138000.0	7542988000.0	13976000.0	1508019000.0					-16.324904976077537	-16.39649820197322	40.79081659463129	40.79981071848753	5.7104913678618825	-0.3327811631230859		19.920982735723765	7.834437673753828		158.57102257636117	62.36212388308047		-48.577674518527445	-79.77685090296107		1년	19.920982735723765	158.57102257636117	-48.577674518527445	2.027674321644933	1.879521550126739		16.428837071111705	5.327638009939449	3년	1.879521550126739	양호	1년	5.7104913678618825	7.143136022269157	불리	N	주당순현금<=0	195214000.0	1.5510740295975989	-15.18043866542591		-17.713143397681787	289.3264001464844	324.50200004577636	Y	N	중립/개선	단기위험부채 존재
WRB	BERKLEY W R CORP	0000011544	S&P 500	보류	PEG=불리, PEGY=안심	72.08999633789062	4.45	2025	55.00000000000001	2539938000.0		2539938000.0			9700818000.0	34359177000.0	22.01729255756838	77.98270744243162	0.2823355751507086	6.35205233818752	6.35205233818752	14.77257168532654	14.77257168532654	2.0642201834862353		-2.067551596878059	12.62844036697247		4.364896806243882	56.19655963302749		19.423790787785276	-22.04666044144258		-73.05619118532802	1년	12.62844036697247	56.19655963302749	-22.04666044144258	3.8628494346835773		3.5831573222758	8.808458439307659	12.218697304438503	5년	3.5831573222758	안심	1년	2.0642201834862353	7.156490283113757	불리	Y		399861000.0	8.70023623283689	6.374501857476789		-8.118790238225559	69.84780014038085	69.84715000152588	Y	Y	강한 상승추세	
AVB	AVALONBAY COMMUNITIES INC	0000915912	S&P 500	제외	PEG=불리, PEGY=불리(<1)	188.77999877929688	7.4	2025	3.84	187234000.0		187234000.0	9328552000.0	740000000.0	11611340000.0	10357820000.0	52.85290834970476	47.14709165029523	1.121021604932312	-64.00300751159544	-69.18412314049935	34.15986571498545	34.86001647564814	-2.631578947368412	-3.0476001690547427	4.670255670459733	3.236842105263176	2.4047996618905145	17.840511340919466	23.952631578947503	17.79551749798981	132.01978392280407	-87.31188063680911	-90.57340946442392	-30.06685836609805	5년	17.840511340919466	132.01978392280407	-30.06685836609805	0.03537546261786008	0.023196807550611726	0.24913024370369244			3년	0.0231968075506117	불리(<1)	5년	4.670255670459733	7.31434596419489	불리	N	주당순현금<=0 | FCF<=0	142826382.0	3.475113052537271	7.677384720950076		-4.089825218143006	187.8713998413086	179.99589988708496	Y	Y	강한 상승추세	단기위험부채 존재
LNT	ALLIANT ENERGY CORP	0000352541	S&P 500	제외	PEG=불리, PEGY=불리(<1)	71.2699966430664	3.14	2025	3.02	556000000.0		556000000.0	10954000000.0	88000000.0	7334000000.0					-40.33359193173003	-40.67494181536075	35.54254413210077	35.65125428612329	16.72862453531599	4.774516892465397	4.91716309026109	41.95724907063198	18.049033784930792	18.33432618052218	131.74576208178442	56.67396608468269	57.56978420683964	84.8544524866362	-20.47990914252935	-19.22297331489997	3년	18.049033784930792	56.67396608468269	-20.47990914252935	0.5556333970330427	0.21930104000140116	0.22331443300066198	-1.221877424359969	-1.714434519310225	3년	0.2193010400014011	불리(<1)	3년	4.774516892465397	7.444217903635444	불리	N	주당순현금<=0 | FCF<=0	257800000.0	-3.270906151095765	9.460906120365632		-8.663337488125212	73.96019989013672	70.28319984436035	N	Y	중립/개선	단기위험부채 존재
EXR	Extra Space Storage Inc.	0001289490	S&P 500	제외	PEG=불리, PEGY=불리(<1)	149.72999572753906	4.59	2025	4.38	138920000.0		138920000.0		500000000.0	13433166000.0	14940010000.0	47.34459758752422	52.65540241247578	0.8991403620211766	0.6557453781291385	-1.7044093084859584	32.47805018505663	32.992245105887804	13.89578163771711	-10.535332538619723	4.348871143162825	36.29156327543422	-12.570665077239447	17.19774228632565	166.57827543424307	-57.69935270452906	78.93763709423473	11.252441185774508	-138.5356003145312	-47.28001112223625	5년	17.19774228632565	78.93763709423473	-47.28001112223625	0.5627117863782943	-0.1895228470781732	0.26876216686120635			5년	0.2687621668612063	불리(<1)	5년	4.348871143162825	7.468156474610136	불리	N	FCF<=0	211850521.0	7.464288925435425	10.747040759815473		-2.0412235861237527	146.47299987792968	140.71179931640626	Y	Y	강한 상승추세	단기위험부채 존재
ES	EVERSOURCE ENERGY	0000072741	S&P 500	제외	PEG=불리, PEGY=불리(<1)	71.94999694824219	4.56	2025	4.4	135400000.0	91975000.0	227375000.0	26872433000.0	1150000000.0	16197271000.0					-71.76940909951273	-74.86697490193806	31.5174136069638	32.19670435310971	100.88105726872246	4.032716713858986	5.134994887862021	210.26211453744492	16.56543342771797	18.769989775724042	958.7952422907488	75.53837643039394	85.59115337730162	1232.5855218318716	4.9873240227280125	18.959217522791995	3년	16.56543342771797	75.53837643039394	4.9873240227280125	3.3404091649658882	0.2675573833252539	0.3025310073589051	-0.12147036955823949	-0.1688260941075789	3년	0.2675573833252539	불리(<1)	3년	4.032716713858986	7.815429608196844	불리	N	주당순현금<=0 | FCF<=0	371259264.0	3.6146232986582705	5.949040006291351		-5.589820479473562	71.78940017700195	70.40170022964477	Y	Y	강한 상승추세	단기위험부채 존재
KEYS	Keysight Technologies, Inc.	0001601046	S&P 500	제외	PEG=불리, PEGY=판정불가	321.8900146484375	4.91	2025		1873000000.0		1873000000.0	2534000000.0	0.0	5881000000.0	5420000000.0	52.03964250951243	47.96035749048757	1.0850553505535054	-3.820809248554913	-3.820809248554913	66.33621667963185	66.33621667963185	39.886039886039896	-7.381515092017421	8.205839717989182	88.27207977207979	-6.263030184034843	24.911679435978364	433.4159116809118	-30.75147820361108	122.31634603065378	34.64720617515298	-109.55341166366944	-62.00057769289753	5년	24.911679435978364	122.31634603065378	-62.00057769289753				7.404624277456647	2.300358489077036	판정불가		판정불가	5년	8.205839717989182	8.084025396475493	불리	N	주당순현금<=0	173000000.0	-8.384798902322643	44.17720261951437		-13.780999141299722	332.81839965820313	269.63419914245605	N	Y	중립/개선	
AVGO	Broadcom Inc.	0001730168	S&P 500	제외	PEG=불리, PEGY=불리(<1)	392.2300109863281	4.77	2025	67.0	16178000000.0		16178000000.0	39440000000.0	3152000000.0	24941000000.0	89800000000.0	21.736781098299648	78.26321890170036	0.27773942093541204	-4.793323717288275	-5.442818874922728	83.23340350180638	83.369566008648	287.8048780487805	-43.55912867705002	10.237702081843047	584.109756097561	-78.61825735410004	28.975404163686093	2786.203536585366	-375.00908757905717	138.21267786078266	610.3494017653034	-195.6094834854768	-64.76233995628644	5년	28.975404163686093	138.21267786078266	-64.76233995628644	4.262770271566275	0.28162817254542827	0.9279652018575306	5.545847929116011	1.4139274848372887	3년	0.2816281725454282	불리(<1)	5년	10.237702081843047	8.130086501483959	불리	N	주당순현금<=0	4853000000.0	-5.827128214567079	18.459130904756684		-18.55181904585311	394.79680114746094	366.18585021972655	N	Y	중립/개선	단기위험부채 존재
MPWR	MONOLITHIC POWER SYSTEMS, INC.	0001280452	S&P 500	보류	PEG=불리, PEGY=불리(<1)	1344.3699951171875	12.86	2025	56.00000000000001	1099302000.0	157243000.0	1256545000.0			3531497000.0	662702000.0	84.19955753172418	15.800442468275827	5.328936686474464	26.010577739137634	26.010577739137634	102.51628439953731	102.51628439953731	-64.85378518720962	12.425319328361194	29.728257539054503	-121.20757037441925	33.35063865672239	67.956515078109	-1558.7293550150314	428.8892131254499	873.9207839044818	-215.94496758157402	-68.09738281252967	-34.99402790313667	3년	33.35063865672239	428.8892131254499	-68.09738281252967	-0.08636467112584482	0.6674580504857823	0.8362403889409927	13.790163323604297	1.0257714300148613	3년	0.6674580504857823	불리(<1)	3년	12.425319328361194	8.250595553350534	불리	Y		48309000.0	-14.550946838237023	14.58805924616935		-20.446302217078404	1441.5820092773438	1212.7147009277344	N	Y	중립/개선	
TDY	TELEDYNE TECHNOLOGIES INC	0001094285	S&P 500	제외	PEG=불리, PEGY=판정불가	670.5599975585938	18.88	2025		352400000.0		352400000.0	2025300000.0	450100000.0	10513900000.0	4771400000.0	68.78438761424374	31.21561238575625	2.203525170809406	-35.29324894514768	-44.78902953586498	37.38629483600325	37.88924931644379	9.703660662405566	4.530504261422341	40.24408367454113	27.907321324811132	17.56100852284468	88.98816734908226	526.8902266124342	331.5518409113076	1680.096599550673	-21.425341724713554	-50.55597677785178	150.55127142502496	3년	17.56100852284468	331.5518409113076	-50.55597677785178				22.658227848101266	3.3790008247727874	판정불가		판정불가	3년	4.530504261422341	8.252126624038516	불리	N	주당순현금<=0	47400000.0	5.172681010186464	9.348860772596446		-2.6183982622012936	631.1747998046875	599.251848449707	Y	Y	강한 상승추세	단기위험부채 존재
CI	Cigna Group	0001739940	S&P 500	보류	PEG=불리, PEGY=불리(<1)	282.05999755859375	22.18	2025	2.24	7676000000.0	1056000000.0	8732000000.0		0.0	41713000000.0	116045000000.0	26.441131353085108	73.5588686469149	0.3594553836873627	32.513786336911636	32.513786336911636	11.250956321987472	11.250956321987472	83.00330033003301	1.3586099967532128	-0.6888681408957265	174.50660066006603	11.217219993506426	7.122263718208547	3870.5564026402644	248.7979394559725	157.97180926986556	1272.2457761264832	-11.79254711427541	-43.993543700910905	3년	11.217219993506426	248.7979394559725	-11.79254711427541	7.57653819733031	0.3198492549224937	0.1378666679269685	31.839829015910606	11.288317837163833	3년	0.3198492549224937	불리(<1)	3년	1.3586099967532128	8.281225921253965	불리	Y		268563000.0	0.9701061019751434	3.874194845188539		-9.305467022960212	286.46439758300784	279.8314495849609	N	Y	상승전환	
EA	ELECTRONIC ARTS INC.	0000712515	S&P 500	제외	PEG=불리, PEGY=불리(<1)	209.91000366210938	3.51	2026	36.0	2732000000.0		2732000000.0			6764000000.0	6367000000.0	51.51168989414363	48.48831010585637	1.0623527564001884	10.798418972332016	10.798418972332016	56.72694720506478	56.72694720506478	-17.41176470588236	6.816467042447916	4.108225464616777	-26.323529411764717	22.13293408489583	16.716450929233552	-92.39558823529416	77.68659863798436	58.674742761609764	-144.016762718952	-62.99052104108582	-72.04766722025403	3년	22.13293408489583	77.68659863798436	-62.99052104108582	0.32767910508073345	0.7547817951082182	0.7070400830777612			3년	0.7547817951082182	불리(<1)	3년	6.816467042447916	8.322045254794208	불리	N	FCF<=0	253000000.0	4.008520485728773	3.0992128533559926		0.0	205.1175994873047	202.810599899292	Y	Y	강한 상승추세	
CDNS	CADENCE DESIGN SYSTEMS INC	0000813672	S&P 500	보류	PEG=불리, PEGY=판정불가	336.1499938964844	4.06	2025		3001317000.0	154213000.0	3155530000.0			5474181000.0					11.545523065214846	11.545523065214846	79.95184010622403	79.95184010622403	5.454545454545442	9.527334351951566	13.985265633616972	19.409090909090885	27.554668703903133	36.470531267233945	78.80090909090899	111.87195493784671	148.0703569449698	-76.55781332092621	-66.71963201870619	-55.9511052704147	3년	27.554668703903133	111.87195493784671	-66.71963201870619				5.8062214611872145	1.7272710297817855	판정불가		판정불가	3년	9.527334351951566	8.391837333791775	불리	Y		273312000.0	-3.822498782824446	16.238456052640625		-19.27039984849316	371.03239990234374	327.67835021972655	N	Y	중립/개선	
PEP	PEPSICO INC	0000077476	S&P 500	제외	PEG=불리, PEGY=불리(<1)	139.6300048828125	6.0	2025	4.24	9159000000.0	371000000.0	9530000000.0	42321000000.0	4898000000.0	20406000000.0	86852000000.0	19.025154300844694	80.97484569915531	0.23495141159673927	-23.882738528769117	-27.450109249817917	27.252123901930272	27.84668568877174	-13.66906474820144	-2.230046768668525	3.222947933334197	-18.83812949640288	4.039906462662949	14.945895866668394	-113.02877697841727	24.239438775977696	89.67537520001036	-180.94877392096285	-82.64023639022201	-35.77642908823761	5년	14.945895866668394	89.67537520001036	-35.77642908823761	-0.34599375748227745	0.07375400312153686	0.27384830482168754			3년	0.0737540031215368	불리(<1)	5년	3.222947933334197	8.455651306081592	불리	N	주당순현금<=0 | FCF<=0	1373000000.0	-9.677205388102706	-10.032211579631756		-18.100768148305868	141.31519927978516	149.6892997741699	N	N	주의	단기위험부채 존재
VST	Vistra Corp.	0001692819	S&P 500	제외	PEG=불리, PEGY=불리(<1)	155.94000244140625	2.18	2025	62.0	785000000.0		785000000.0	17043000000.0	1800000000.0	5097000000.0	36440000000.0	12.270987312516551	87.72901268748345	0.13987376509330407	-47.03519351216827	-52.24268202993816	93.10788805209839	95.49664425291027	-68.85714285714286		10.892615869362698	-129.21428571428572		30.285231738725397	-281.6871428571429		66.02180519042138	-280.6381547050351		-57.66204684059257	5년	30.285231738725397	66.02180519042138	-57.66204684059257	-0.07364728167076409		0.7828833560114234	3.8130388146781753	2.4451960721950785	5년	0.7828833560114234	불리(<1)	5년	10.892615869362698	8.547798726105809	불리	N	주당순현금<=0	345656067.0	-3.052535577119919	1.0890755830383902		-28.441628234361616	156.3883999633789	163.547149810791	N	N	판정불가	단기위험부채 존재
NTAP	NetApp, Inc.	0001002047	S&P 500	보류	PEG=불리, PEGY=불리(<1)	182.9199981689453	6.35	2026	1.17	2070000000.0	1514000000.0	3584000000.0	2487000000.0	0.0	1351000000.0	9393000000.0	12.57446016381236	87.42553983618764	0.14383051208346642	5.45771144278607	5.45771144278607	27.946816807269176	27.946816807269176	11.992945326278655	3.1252593706817544	14.4759458626317	32.48589065255731	14.750518741363509	37.4518917252634	206.2854056437389	93.66579400765828	237.8195124554226	12.773566427227511	-48.79412041041661	30.012855256958826	3년	14.750518741363509	93.66579400765828	-48.79412041041661	0.4709998071356332	0.15369404681410892	0.5598471543478996	9.298507462686567	5.083373909778003	3년	0.1536940468141089	불리(<1)	3년	3.1252593706817544	8.942239184830527	불리	Y		201000000.0	64.88191287498466	87.68725619461672		0.0	162.7409991455078	121.30419975280762	Y	Y	강한 상승추세	
ULTA	Ulta Beauty, Inc.	0001403568	S&P 500	보류	PEG=불리, PEGY=불리(<1)	534.4099731445312	25.64	2025	0.18712225636731333	424243000.0	70000000.0	494243000.0		62287000.0	2803451000.0	4195843000.0	40.053339665400536	59.946660334599464	0.6681496423960572	10.985374852748327	9.600942410704363	20.41437590841587	20.468370933456583	1.1838989739542254	2.213584866040041	53.28338358172324	10.86779794790845	12.927169732080083	115.06676716344649	278.65033938437267	331.45263193053336	2950.311910070768	-47.85831975687855	-37.977835634274	452.06902159980007	3년	12.927169732080083	331.45263193053336	-37.977835634273994	0.06715959559441306	0.11759884961350486	2.619257432995893	23.73699184281301	4.44171947299968	3년	0.1175988496135048	불리(<1)	3년	2.2135848660400415	9.222314545787372	불리	Y		44991000.0	3.167948483500238	-19.70642197460012		-24.392353412911095	479.91119567871095	554.7277993774414	Y	N	중립/개선	단기위험부채 존재
DGX	QUEST DIAGNOSTICS INC	0001022079	S&P 500	제외	PEG=불리, PEGY=불리(<1)	231.9499969482422	8.75	2025	1.48	420000000.0		420000000.0	5167000000.0	504000000.0	7170000000.0					-42.008849557522126	-46.469026548672566	31.309582457801636	31.81931697107597	13.784135240572166	3.161245578286187	15.756447866281853	36.06827048114433	14.822491156572374	40.012895732563706	315.5973667100129	129.69679762000828	350.11283765993244	36.06267336163664	-44.084156358515024	50.94323874384761	3년	14.822491156572374	129.69679762000828	-44.084156358515024	0.487522797889267	0.14823722368516268	0.5505166953124577	12.026548672566372	5.184974706100126	3년	0.1482372236851626	불리(<1)	3년	3.161245578286187	9.904191775817546	불리	N	주당순현금<=0	113000000.0	21.12271381109252	25.37837672877956		-1.6911102194952954	207.6848001098633	194.2769504547119	Y	Y	강한 상승추세	단기위험부채 존재
CIEN	CIENA CORP	0000936395	S&P 500	제외	PEG=불리, PEGY=판정불가	390.760009765625	0.85	2025		1091952000.0	216148000.0	1308100000.0	1524158000.0	11580000.0	2729323000.0	3135344000.0	46.53841386049711	53.46158613950289	0.8705019289749386	-1.487511015642212	-1.5672367261511346	461.4676715073732	461.5614664609131	46.55172413793104	-5.273176281409042	-18.193805923142392	101.60344827586208	-2.0463525628180843	-27.887611846284784	86.36293103448277	-1.7393996783953716	-23.704470069342065	-77.89872840716669	-100.4451324687597	-106.0662476908934	1년	101.60344827586208	86.36293103448277	-77.89872840716669				4.580386649041639	1.1721738495679026	판정불가		판정불가	1년	46.55172413793104	9.913009239788016	불리	N	주당순현금<=0	145248000.0	-27.43681590325592	45.539880062014944		-37.67782938347288	460.22899841308595	352.3864996337891	N	Y	중립/개선	단기위험부채 존재
EVRG	Evergy, Inc.	0001711269	S&P 500	제외	PEG=불리, PEGY=불리(<1)	83.2300033569336	3.66	2025	3.35	19800000.0		19800000.0	13039200000.0	1394000000.0	10221300000.0					-55.73373287671233	-61.701198630136986	37.968233943619104	39.598689067505624	-3.43007915567282	3.827192527443257	6.116382445678448	1.6398416886543599	16.154385054886514	20.732764891356894	6.001820580474957	59.12504930088465	75.88191950236623	-92.78887379742612	-28.961856402521512	-8.828647793098066	3년	16.154385054886514	59.12504930088465	-28.961856402521512	-0.002109109309422541	0.18903150823662282	0.24932374941999	-3.2178938356164384	-3.8662666175999463	3년	0.1890315082366228	불리(<1)	3년	3.827192527443257	9.920649058380048	불리	N	주당순현금<=0 | FCF<=0	233600000.0	1.4010739525152083	9.570832490895897		-5.559961476447606	84.53399978637695	80.03885002136231	N	Y	상승전환	단기위험부채 존재
CTSH	COGNIZANT TECHNOLOGY SOLUTIONS CORP	0001058290	S&P 500	보류	PEG=불리, PEGY=불리(<1)	55.16999816894531	4.56	2025	2.38	1901000000.0	13000000.0	1914000000.0	543000000.0	33000000.0	15015000000.0	5677000000.0	72.56427604871448	27.435723951285524	2.6448828606658448	2.803680981595092	2.736196319018405	11.483841488453997	11.498640756562919	1.1086474501108607	1.1211696562825724	12.15182468925482	10.717294900221722	10.742339312565145	32.80364937850964	48.87086474501105	48.985067265297054	149.58464116600393	-11.417679233275724	-11.210678102087924	171.1340332256958	3년	10.742339312565145	48.985067265297054	-11.210678102087924	0.30378749598889815	0.30487791561758265	1.2654149488100566	5.306748466257669	9.618902741317815	3년	0.3048779156175826	불리(<1)	3년	1.1211696562825724	10.24273304588943	불리	Y		489000000.0	6.382563670724406	-33.45797161729169		-36.36678187903458	47.65099998474121	63.993849983215334	Y	N	중립/개선	단기위험부채 존재
A	AGILENT TECHNOLOGIES, INC.	0001090872	S&P 500	제외	PEG=불리, PEGY=안심	139.8000030517578	4.57	2025	74.0	1789000000.0	0.0	1789000000.0	2729000000.0	304000000.0	6741000000.0	5986000000.0	52.966134988606896	47.0338650113931	1.1261276311393251	-3.2982456140350878	-4.364912280701755	31.312527060348557	31.545933333142138	3.160270880361187	3.018045520401325	14.719612881567535	14.820541760722374	14.53609104080265	37.93922576313507	67.72987584650126	66.42993605646811	173.38226173752727	-51.55230731903075	-52.482164087025154	24.021643742980746	3년	14.53609104080265	66.42993605646811	-52.482164087025154	2.4641981380694817	2.4596560147306104	2.83335844183315	4.042105263157895	2.891348479914837	3년	2.4596560147306104	안심	3년	3.0180455204013246	10.37510098793499	불리	N	주당순현금<=0	285000000.0	24.62114697044415	3.2572595331930687		-11.068698622311867	132.20139999389647	131.01625019073487	Y	Y	강한 상승추세	단기위험부채 존재
XEL	XCEL ENERGY INC	0000072903	S&P 500	제외	PEG=불리, PEGY=불리(<1)	77.69000244140625	3.42	2025	3.03	129000000.0		129000000.0	9263144000.0	1550000000.0	23609000000.0					-15.50788455008489	-18.13946349745331	27.250844149558816	28.02031167802911	-0.5813953488372098	2.5625825491252474	44.65267498881473	7.33720930232558	13.625165098250495	97.80534997762946	25.093255813953483	46.598064636016694	334.49429692349275	-67.70079157497929	-40.02051335863849	330.549988945834	3년	13.625165098250495	46.598064636016694	-40.02051335863849	0.08985426791640992	0.20522602963900438	1.749768731094031	6.932088285229202	8.92275462400375	3년	0.2052260296390043	불리(<1)	3년	2.5625825491252474	10.634133194601302	불리	N	주당순현금<=0	589000000.0	-4.287293096022848	4.281882471686238		-7.412705218974802	79.5086003112793	79.0349002456665	N	N	판정불가	단기위험부채 존재
MAS	MASCO CORP /DE/	0000062996	S&P 500	제외	PEG=불리, PEGY=불리(<1)	74.7300033569336	3.86	2025	1.79	647000000.0	0.0	647000000.0	2945000000.0	206000000.0	-185000000.0	5125000000.0	-3.7449392712550607	103.74493927125505	-0.03609756097560975	-10.942857142857143	-11.923809523809524	22.19504158025667	22.449174321436043	2.659574468085109	2.0689294926649726	39.146125181238034	13.819148936170219	12.637858985329945	86.79225036247607	53.341914893617044	48.78213568337359	335.0180863991576	-28.62048374487611	-34.72215510231542	348.3046585706783	3년	12.637858985329945	48.78213568337359	-34.72215510231542	0.20047605912318603	0.17386448584523656	1.8443815495102414	4.3	5.7540476473175985	3년	0.1738644858452365	불리(<1)	3년	2.0689294926649726	10.727790221438337	불리	N	주당순현금<=0	210000000.0	9.11082740223732	12.257779329303208		-9.71365665363515	75.03760040283203	68.53915021896363	N	Y	상승전환	단기위험부채 존재
HII	HUNTINGTON INGALLS INDUSTRIES, INC.	0001501585	S&P 500	제외	PEG=불리, PEGY=불리(<1)	325.95001220703125	15.39	2025	1.69	627000000.0		627000000.0	2214000000.0	231000000.0	5073000000.0	7676000000.0	39.79135618479881	60.20864381520119	0.6608910891089109	-40.38167938931298	-46.25954198473283	23.80322882367409	24.18515621778844	10.243553008595986	2.146574918873223	20.13587083183459	28.987106017191973	12.793149837746446	48.77174166366918	446.1115616045845	196.88657600291782	750.5971042038688	36.865023745184324	-39.59608264169574	130.2798208601132	3년	12.793149837746446	196.88657600291782	-39.59608264169574	0.5013417758151859	0.1611787605493866	0.9169290012507518	20.203562340966922	6.1983621979846335	3년	0.1611787605493866	불리(<1)	3년	2.146574918873223	11.088934569387796	불리	N	주당순현금<=0	39300000.0	-10.298038751958105	-22.448246092363057		-28.16212189745305	292.37720153808596	347.38285186767575	Y	N	주의	단기위험부채 존재
AMAT	APPLIED MATERIALS INC /DE	0000006951	S&P 500	보류	PEG=불리, PEGY=불리(<1)	518.2100219726562	8.66	2025	42.0	7241000000.0	1332000000.0	8573000000.0	6455000000.0	100000000.0	20415000000.0	15884000000.0	56.24121876635721	43.7587812336428	1.2852556031226392	2.621287128712871	2.4975247524752477	59.536805409231334	59.551096676695266	0.5807200929152232	5.191743203490939	47.74832161975129	9.661440185830447	18.88348640698188	103.99664323950257	83.66807200929168	163.53099228446308	900.6109304540923	-83.85440874130634	-68.4431050441761	73.79265013551084	3년	18.88348640698188	163.53099228446308	-68.4431050441761	0.7151999473306133	0.7926482262377775	1.5074426819319329	7.051980198019802	1.3608343912715577	3년	0.7926482262377775	불리(<1)	3년	5.191743203490939	11.467594423622234	불리	Y		808000000.0	32.40584994315674	57.79842618876609		-28.325031539051693	545.4121984863282	374.9660996246338	N	Y	상승전환	단기위험부채 존재
FITB	FIFTH THIRD BANCORP	0000035527	S&P 500	제외	PEG=불리, PEGY=불리(<1)	56.900001525878906	3.53	2025	2.83	3499000000.0		3499000000.0	13589000000.0	926000000.0	21724000000.0	192652000000.0	10.133597044445274	89.86640295555472	0.11276290928721218	-15.003653753999819	-16.38059957919346	20.36930744472485	20.759377083589907	12.420382165605085	1.7598909234150195	14.04197322404901	33.34076433121017	12.019781846830039	36.58394644809802	117.69289808917188	42.42982991931004	129.141330961786	106.84164311602613	-25.430880876141337	126.96191124538147	3년	12.019781846830039	42.42982991931004	-25.430880876141337	0.748694191345939	0.22533367596666565	0.8283037246029901	5.843841353143636	10.270371171230595	3년	0.2253336759666656	불리(<1)	3년	1.7598909234150195	11.574187453162594	불리	N	주당순현금<=0	672502856.0	15.182185765866851	9.528394013943364		-4.160346050940122	54.6939998626709	49.24430004119873	Y	Y	강한 상승추세	단기위험부채 존재
SYK	STRYKER CORP	0000310764	S&P 500	제외	PEG=불리, PEGY=불리(<1)	341.20001220703125	2.2	2025	1.08	4011000000.0	89000000.0	4100000000.0	14859000000.0	0.0	11730000000.0	25424000000.0	31.571297841416808	68.42870215858319	0.46137507866582755	-27.83699870633894	-27.83699870633894	167.7440958697137	167.7440958697137	56.02836879432627	14.384834642672196	8.105373722329045	120.55673758865254	37.26966928534439	24.71074744465809	265.2248226950356	81.99327242775767	54.3636443782478	-22.267053573812856	-75.96914727599533	-84.06692777453321	3년	37.26966928534439	81.99327242775767	-75.96914727599533	0.34044935231987034	0.092193019149143	0.05475825348549552	11.08150064683053	3.247801949112055	3년	0.092193019149143	불리(<1)	3년	14.384834642672196	11.661176512387962	불리	N	주당순현금<=0	386500000.0	17.29923215055338	-7.317868574306741		-13.475676985432216	317.5876007080078	343.03005065917966	Y	N	중립/개선	
CMG	CHIPOTLE MEXICAN GRILL INC	0001058090	S&P 500	보류	PEG=불리, PEGY=판정불가	37.459999084472656	1.14	2025		350545000.0	698591000.0	1049136000.0	0.0		2830607000.0	6163924000.0	31.47031234869278	68.52968765130723	0.4592215932578014	0.7814118109720128	0.7814118109720128	32.17419936271987	32.17419936271987	2.702702702702685	-67.10947685223975	-29.806686048388155	13.90540540540537	-125.7189537044795	-51.11337209677631	15.85216216216212	-143.31960722310663	-58.26924419032499	-57.68242779073394	-482.5937285794363	-255.5505755857796	1년	13.90540540540537	15.85216216216212	-57.68242779073394				1.0781861678990865	2.8782333001871314	판정불가		판정불가	1년	2.702702702702685	11.90445376420643	불리	Y		1342616000.0	17.135708632512127	-2.726562666385346		-14.940966608233541	32.8896000289917	34.9127000617981	Y	Y	상승전환	
MTD	METTLER TOLEDO INTERNATIONAL INC/	0001037646	S&P 500	제외	PEG=불리, PEGY=판정불가	1445.0	42.05	2025		69807000.0		69807000.0	2088241000.0		-23636000.0	3736282000.0	-0.6366348959744613	100.63663489597445	-0.006326074959010053	-97.64234285817118	-97.64234285817118	36.68590589436793	36.68590589436793	3.8784584980237167	3.064056292120587	36.02403387418598	16.256916996047433	14.628112584241174	80.54806774837196	683.6033596837946	615.1121341673413	3387.046248819041	-52.69180901842252	-57.43168621679299	134.39766427813433	3년	14.628112584241174	615.1121341673413	-57.43168621679299				41.05359847381745	2.841079479156917	판정불가		판정불가	3년	3.064056292120587	11.972986915647745	불리	N	주당순현금<=0	20671708.0	14.633407525451414	4.2861999607608725		-4.051740265062509	1238.5335986328125	1319.2096484375	Y	Y	상승전환	
DOV	DOVER Corp	0000029905	S&P 500	제외	PEG=불리, PEGY=불리(<1)	205.72000122070312	7.94	2025	1.02	513075000.0	0.0	513075000.0	2621295000.0	706677000.0	7405206000.0					-15.30168315466297	-20.430819367528688	27.836484178257695	28.482471106830204	-59.17737789203083	2.2834886521603703	44.73784358388186	-109.85475578406167	13.06697730432074	97.97568716776372	-872.2467609254496	103.75179979630668	777.926956112044	-523.9970619043867	-49.56649855110668	278.1484306319144	3년	13.06697730432074	103.75179979630668	-49.566498551106676	-2.0892501193615516	0.11867478058671768	1.643808294569831	8.100640890714706	3.9377021401162033	3년	0.1186747805867176	불리(<1)	3년	2.2834886521603703	12.190331732948207	불리	N	주당순현금<=0	137777000.0	-6.855020985152905	-0.7717567272769066		-11.82546681522365	214.30999908447265	206.949349899292	N	N	주의	단기위험부채 존재
ITW	ILLINOIS TOOL WORKS INC	0000049826	S&P 500	제외	PEG=불리, PEGY=불리(<1)	288.489990234375	10.49	2025	2.24	851000000.0		851000000.0	6683000000.0	1825000000.0	3226000000.0					-19.952104002736913	-26.195689360246323	29.403440823366246	29.998634851727484	-10.418445772843727	2.3985109954127504	39.022413479712895	-12.336891545687454	13.2970219908255	86.54482695942579	-129.4139923142614	139.4857606837595	907.8552348043766	-144.85909275712578	-51.64970522185588	214.69210909772536	3년	13.2970219908255	139.4857606837595	-51.64970522185588	-0.27814587489857656	0.15775402012565248	1.4033192144955564	9.261033185083818	3.2101748755857944	3년	0.1577540201256524	불리(<1)	3년	2.3985109954127504	12.25903941220262	불리	N	주당순현금<=0	292300000.0	14.639378991220898	9.189659575544496		-3.7082829248347826	266.20799926757815	262.3244007110596	Y	Y	강한 상승추세	단기위험부채 존재
VRSK	Verisk Analytics, Inc.	0001442145	S&P 500	제외	PEG=불리, PEGY=불리(<1)	193.11000061035156	6.48	2025	1.03	2178200000.0		2178200000.0	4773500000.0	195263000.0	309000000.0	5885700000.0	4.988135018644971	95.01186498135503	0.052500127427493756	-18.526903375906187	-19.9208149598809	32.660016047262	32.87512585960377	-3.4277198211624373	2.5985568006018145	8.497453996787208	1.6445603576751253	13.697113601203629	25.494907993574415	10.656751117734812	88.75729613579952	165.20700379836222	-94.48151256586783	-54.03795978702839	-14.449275917248183	3년	13.697113601203629	88.75729613579952	-54.03795978702839	-0.07341453285548664	0.11110088847938607	0.2917161456075257	8.508540875329475	4.406059162361879	3년	0.111100888479386	불리(<1)	3년	2.5985568006018145	12.568521126687736	불리	N	주당순현금<=0	140082773.0	8.075894630661807	-9.824886241324437		-29.271508085654887	185.89900024414064	198.94755043029784	Y	N	중립/개선	단기위험부채 존재
UNP	UNION PACIFIC CORP	0000100885	S&P 500	제외	PEG=불리, PEGY=불리(<1)	291.2300109863281	11.98	2025	1.94	1266000000.0		1266000000.0	31814000000.0	0.0	18467000000.0	51231000000.0	26.49573875864444	73.50426124135556	0.3604653432492046	-51.26363483806008	-51.26363483806008	28.58878512724442	28.58878512724442	8.025247971145182	2.239111936305682	42.34446727212804	24.550495942290365	12.978223872611364	93.18893454425609	294.11494138863856	155.47912199388415	1116.403435840188	0.9906020305187058	-46.61294642426699	283.34079377986836	3년	12.978223872611364	155.47912199388415	-46.61294642426699	0.34857192870530695	0.1461801163534959	1.5490153595203322	9.228058399060245	3.1686495384891695	3년	0.1461801163534959	불리(<1)	3년	2.239111936305682	12.767912431574612	불리	N	주당순현금<=0	595900000.0	10.561484733854298	23.80649418692864		-5.235583741515359	277.8568017578125	251.0240008544922	Y	Y	강한 상승추세	
WEC	WEC ENERGY GROUP, INC.	0000783325	S&P 500	제외	PEG=불리, PEGY=불리(<1)	109.27999877929688	4.81	2025	3.48	27600000.0		27600000.0	18498100000.0	1924700000.0	9491800000.0					-57.042927733168625	-62.987029030265596	34.57857100051258	35.81435089595894	-0.41407867494824974	2.627012926537597	44.632634440111204	7.671842650103501	13.754025853075195	97.76526888022241	36.90156314699784	66.15686435329168	470.25094331386975	-66.23209776793222	-39.46114102096318	330.3174858773506	3년	13.754025853075195	66.15686435329168	-39.46114102096318	0.08866535650088901	0.17661264620932626	1.3914003108861264	2.107782581840642	1.9287908175196302	3년	0.1766126462093262	불리(<1)	3년	2.6270129265375974	13.162695413945729	불리	N	주당순현금<=0	323800000.0	-6.149092676043488	-0.5098302779172337		-8.052166443155684	113.65140014648438	112.46625019073487	N	N	주의	단기위험부채 존재
GLW	CORNING INC /NY	0000024741	S&P 500	제외	PEG=불리, PEGY=보통	146.63999938964844	1.83	2025	81.0	1526000000.0		1526000000.0	3458000000.0	75000000.0	11807000000.0	18669000000.0	38.741960887255544	61.258039112744456	0.6324388022925705	-2.2181400688863375	-2.304247990815155	81.34324560575669	81.39029911500742	215.51724137931038	5.9197116093949065	27.64725090252995	439.53448275862075	20.33942321878981	63.7945018050599	804.348103448276	37.221144490385356	116.74393830325963	448.5188944327398	-74.61733180216252	-20.387384895542503	3년	20.33942321878981	37.221144490385356	-74.61733180216252	3.6452595316448217	1.068554751683569	1.3356640750371158			3년	1.068554751683569	보통	3년	5.9197116093949065	13.74108250081989	불리	N	주당순현금<=0 | FCF<=0	871000000.0	-8.327085999718209	32.874228505480694		-42.64930267531584	181.8013999938965	135.55315029144288	N	Y	중립/개선	단기위험부채 존재
TRMB	TRIMBLE INC.	0000864749	S&P 500	제외	PEG=불리, PEGY=판정불가	57.790000915527344	1.76	2025		253400000.0	0.0	253400000.0	1392200000.0	0.0	5836200000.0	3475800000.0	62.67396907216495	37.32603092783505	1.6790954600379768	-4.715527950310559	-4.715527950310559	35.5145050374079	35.5145050374079	-71.10016420361248	-0.7462964697448338	2.573740723547502	-133.70032840722496	7.0074070605103325	13.647481447095004	-235.31257799671593	12.333036426498186	24.019567346887207	-507.18562773632146	-78.65887483800942	-58.436464844503064	5년	13.647481447095004	24.019567346887207	-58.436464844503064				1.4944099378881988	2.5859316736689517	판정불가		판정불가	5년	2.573740723547502	13.798788942678216	불리	N	주당순현금<=0	241500000.0	-15.659655944575768	-14.86446191242673		-31.585178074599884	53.16960014343262	67.23429992675781	Y	N	주의	
AFL	AFLAC INC	0000004977	S&P 500	제외	PEG=불리, PEGY=불리(<1)	126.70999908447266	6.82	2025	1.91	6245000000.0		6245000000.0			29490000000.0	86980000000.0	25.31982484760024	74.68017515239977	0.3390434582662681	11.675559660333759	11.675559660333759	16.86721985691186	16.86721985691186	-29.179646936656283	1.1501008285269565	38.25795257148448	-49.859293873312566	10.800201657053913	85.01590514296896	-340.0403842159917	73.65737530110769	579.8084730750484	-368.36112909234566	-41.86932694080191	357.58699176417207	3년	10.800201657053913	73.65737530110769	-41.86932694080191	-1.6167244612918064	0.1814229525960075	2.3814210588489146			3년	0.1814229525960075	불리(<1)	3년	1.1501008285269565	14.665861843187534	불리	N	FCF<=0	534878000.0	11.806226980710743	13.1844596146389		-2.192206793040763	119.83080001831054	113.4051000213623	Y	Y	강한 상승추세	
LUV	SOUTHWEST AIRLINES CO	0000092380	S&P 500	보류	PEG=불리, PEGY=불리(<1)	47.06999969482422	0.79	2025	1.6	3231000000.0	0.0	3231000000.0	2883000000.0	271000000.0	7981000000.0					0.6236559139784946	0.13799283154121864	58.792840228918635	59.40760362440886	3.947368421052635	-3.1641996800259364		16.39473684210527	2.171600639948127		12.951842105263164	1.7155645055590205		-72.48387042864728	-96.35529102043384		1년	16.39473684210527	12.951842105263164	-72.48387042864728	0.09435448941492083	-0.026605274960956014		0.7078853046594982	1.5038991061164946	1년	0.0943544894149208	불리(<1)	1년	3.947368421052635	14.89418619132604	불리	Y		558000000.0	22.737944113837337	-5.177275838887596		-14.105838777108282	46.39620018005371	41.84284998893738	Y	Y	상승전환	단기위험부채 존재
AJG	Arthur J. Gallagher & Co.	0000354190	S&P 500	제외	PEG=불리, PEGY=불리(<1)	247.7899932861328	5.74	2025	1.12	738400000.0		738400000.0	12104000000.0	640000000.0	23321000000.0	47318000000.0	33.014340520109286	66.98565947989071	0.49285684094847626	-44.3795392424834	-46.87856306130418	50.90061542310387	51.33598542638275	-11.69230769230769	3.4145178584730878	51.46625205903632	-14.88461538461538	15.329035716946175	111.43250411807264	-85.43769230769229	87.98866501527104	639.622573637737	-134.47987998814546	-64.49063021133905	158.13091366411226	3년	15.329035716946175	87.98866501527104	-64.49063021133905	-0.20770490895693378	0.08908571774192857	1.0331162329162593	6.68566966028895	2.698119311286612	3년	0.0890857177419285	불리(<1)	3년	3.4145178584730873	14.907116475257135	불리	N	주당순현금<=0	256100000.0	19.687965390121008	1.0274346515167565		-20.191321657404814	231.39579986572267	234.74505043029785	Y	Y	상승전환	단기위험부채 존재
LII	LENNOX INTERNATIONAL INC	0001069202	S&P 500	보류	PEG=불리, PEGY=불리(<1)	435.0	4.07	2025	1.31	34200000.0	500000.0	34700000.0		0.0	1163100000.0	2918700000.0	28.49478171394973	71.50521828605028	0.3984993318943365	0.980225988700565	0.980225988700565	106.63876511334138	106.63876511334138	-81.94321206743567	-33.564279747458514	7.0876315210889995	-155.38642413487133	-58.62855949491703	22.675263042178	-632.4227462289264	-238.61823714431233	92.28832058166446	-245.38453936297157	-154.854767159612	-78.7842941191576	5년	22.675263042178	92.28832058166446	-78.7842941191576	-0.7561341504820913	-0.30246299001284327	0.0787483942838568	18.045197740112993	4.148321319566206	5년	0.0787483942838568	불리(<1)	5년	7.0876315210889995	15.045754677855566	불리	Y		35400000.0	-15.511010298660445	-12.1726680338341		-29.091883747556977	524.2758026123047	508.8035498046875	N	N	주의	
APH	AMPHENOL CORP /DE/	0000820313	S&P 500	보류	PEG=불리, PEGY=보통	163.33999633789062	3.34	2025	62.0	11130600000.0	303600000.0	11434200000.0	3541500000.0	1100000.0	13413100000.0	22727200000.0	37.11396972354961	62.88603027645039	0.5901782885705235	6.178238747553816	6.1773776908023486	47.0544184402206	47.05467624164319	73.95833333333334	2.961536144628707	23.76838535152701	156.41666666666669	14.423072289257414	56.03677070305402	522.4316666666667	48.17306144611976	187.1628141482004	219.84307480082649	-70.50749202512081	14.58480368827062	3년	14.423072289257414	48.17306144611976	-70.50749202512081	2.8893850533092666	1.380561874909959	1.8227488128556903	3.4270841487279844	2.0981291940515305	3년	1.380561874909959	보통	3년	2.961536144628707	15.888517357980753	불리	Y		1277500000.0	15.819327626533909	12.702687223129772		-7.361621170115063	154.72979949951173	142.33384986877442	Y	Y	강한 상승추세	단기위험부채 존재
VTR	Ventas, Inc.	0000740260	S&P 500	제외	PEG=불리, PEGY=불리(<1)	90.8499984741211	0.54	2025	2.14	741067000.0		741067000.0	13011016000.0	0.0	12527253000.0	14630983000.0	46.12690235109526	53.87309764890473	0.8562140356529702	-26.52302454524821	-26.52302454524821	217.35745003586905	217.35745003586905	184.21052631578948		13.239815312499648	376.92105263157896		34.979630624999295	203.53736842105266		18.88900053749962	124.03673289992506		-79.20858463978928	5년	34.979630624999295	18.88900053749962	-79.20858463978928	0.8573459353936903		0.07075816959557457	3.220825092139252	3.5452120486900327	5년	0.0707581695955745	불리(<1)	5년	13.239815312499648	16.416954837025777	불리	N	주당순현금<=0	462615000.0	3.485587796653644	17.36209039683889		-9.628966898156655	89.06600021362304	82.95810024261475	Y	Y	강한 상승추세	
COO	COOPER COMPANIES, INC.	0000711404	S&P 500	제외	PEG=불리, PEGY=불리(<1)	74.2300033569336	1.87	2025	0.04041492475184941	110600000.0		110600000.0	2455700000.0	47100000.0	8238900000.0	4155700000.0	66.47168928404305	33.52831071595695	1.9825540823447314	-11.7255	-11.961	45.965509816542024	46.09144564541903	-4.59183673469387	-37.77093222139564	2.6595962043162835	-0.68367346938774	-67.04186444279128	13.819192408632567	-1.278469387755074	-125.3682865080197	25.8418898041429	-101.72230813678883	-268.8916621829971	-65.186732270666	5년	13.819192408632567	25.8418898041429	-65.186732270666	-0.0990181949054345	-0.8208440947839845	0.058739936527288455	2.1685	2.921325477479514	5년	0.0587399365272884	불리(<1)	5년	2.6595962043162835	17.282890441016637	불리	N	주당순현금<=0	200000000.0	20.65995254323174	-7.960319959678197		-11.966314485779073	68.30099975585938	73.09974988937378	Y	Y	상승전환	단기위험부채 존재
TSCO	TRACTOR SUPPLY CO /DE/	0000916365	S&P 500	제외	PEG=불리, PEGY=불리(<1)	32.11000061035156	2.06	2025	3.12	194109000.0	15900000.0	210009000.0	1764974000.0		2581293000.0	8352386000.0	23.608640787789728	76.39135921221028	0.30904857605958347	-2.9218889168661613	-2.9218889168661613	17.005771615154234	17.005771615154234	0.980392156862746	-40.358393897568654	-20.235562235652548	10.460784313725492	-72.21678779513731	-31.971124471305096	21.549215686274515	-148.76658285798285	-65.8605164108885	-32.88939496523236	-563.302958673952	-305.1090475210284	1년	10.460784313725492	21.549215686274515	-32.88939496523236	0.24111767755417768	-2.189750323612759	-1.0064560799111566	1.3914310625392257	4.333326179042983	1년	0.2411176775541776	불리(<1)	1년	0.980392156862746	17.345887047457303	불리	N	주당순현금<=0	532178000.0	-0.6190057395193516	-39.3922218048472		-48.74700745683486	30.6157999420166	44.27524990081787	Y	N	주의	
ANET	Arista Networks, Inc.	0001596532	S&P 500	보류	PEG=불리, PEGY=판정불가	184.88999938964844	2.75	2025		1963900000.0	8779100000.0	10743000000.0	0.0	98793000.0	12370500000.0	7078100000.0	63.60612074905134	36.39387925094865	1.7477147822155663	8.4212589166732	8.343816728070863	64.17045108108191	64.1986118769373	23.318385650224215	-13.642192783183182	3.548578845590522	55.13677130044843	-18.784385566366364	15.597157691181044	151.62612107623318	-51.6570603075075	42.892183650747874	-17.9911722771511	-127.93934797881754	-76.80124193177464	5년	15.597157691181044	42.892183650747874	-76.80124193177464				3.4147127067492358	1.8468888084924824	판정불가		판정불가	5년	3.548578845590522	18.083422652654416	불리	Y		1275700000.0	7.1081013900684775	33.620008610293354		-1.1071925812384031	167.4698001098633	146.07614978790284	Y	Y	강한 상승추세	단기위험부채 존재
LITE	Lumentum Holdings Inc.	0001633978	S&P 500	제외	PEG=불리, PEGY=판정불가	779.8900146484375	0.37	2025		520700000.0	356400000.0	877100000.0	2562600000.0	10600000.0	1134700000.0	3084000000.0	26.89691137080143	73.10308862919857	0.3679312581063554	-24.216954022988507	-24.36925287356322	2173.2620774903407	2173.6736960054077	104.55665024630541	-48.31605646443386		217.61330049261082	-88.13211292886773		80.516921182266	-32.608881783681056		-89.67586202285693	-104.18121544976836		1년	217.61330049261082	80.516921182266	-89.67586202285693				-1.5043103448275863	-0.19288749907968836	판정불가		판정불가	1년	104.55665024630541	20.785498314748608	불리	N	주당순현금<=0 | FCF<=0	69600000.0	-20.10796979041728	84.18827403432178		-25.942698158657684	824.3840002441407	604.2657500457764	N	Y	중립/개선	단기위험부채 존재
HSY	HERSHEY CO	0000047111	S&P 500	제외	PEG=불리, PEGY=불리(<1)	177.6699981689453	0.9006880540124623	2014	3.32	587998000.0	0.0	587998000.0	4089755000.0	218546000.0	4636750000.0	9104547000.0	33.743175771544706	66.25682422845529	0.5092784956791371	-15.574647411235695	-16.54666714108443	214.55224671771566	215.63144358895036	9.97663734289587			28.45327468579174			25.62752460702782			-85.57577257210373			1년	28.45327468579174	25.62752460702782	-85.57577257210373	0.061973890025911166			8.106961932422156	4.5629324117588475	1년	0.0619738900259111	불리(<1)	1년	9.97663734289587	21.50546715727753	불리	N	주당순현금<=0	224837000.0	-2.3844824289182776	-10.272206909832738		-24.805316113573227	179.4047998046875	191.85480026245116	N	N	주의	단기위험부채 존재
TSLA	Tesla, Inc.	0001318605	S&P 500	보류	PEG=불리, PEGY=판정불가	322.0799865722656	1.08	2025		16513000000.0	27546000000.0	44059000000.0	0.0	50841000.0	82137000000.0	54941000000.0	59.919899619194915	40.08010038080509	1.4950037312753681	12.488378684807257	12.473967970521542	286.6588961920911	286.67223944605934	-47.05882352941176	-33.18021688674605	11.032151746146003	-85.61764705882352	-57.860433773492105	30.564303492292005	-92.46705882352941	-62.489268475371475	33.00944777167537	-128.70934633586194	-119.40178560624432	-89.75116457157795	5년	30.564303492292005	33.00944777167537	-89.75116457157795				1.7630385487528344	0.5473915245451796	판정불가		판정불가	5년	11.032151746146003	25.983951525343475	불리	Y		3528000000.0	-17.943497348109528	-23.643349271842375		-34.25328991549419	388.8569989013672	411.0639001464844	N	N	주의	단기위험부채 존재
ACN	Accenture plc	0001467373	S&P 500	보류	PEG=불리, PEGY=불리(<1)	165.75999450683594	2.25	2025	3.93	11478729000.0	5945000.0	11484674000.0		99963000.0	31195446000.0					18.246493818420028	18.087675704682475	65.56155586151819	65.63214168984598	-15.41353383458647	-4.705085797437691	2.4863174611353456	-22.32706766917294	-0.9101715948753828	13.472634922270691	-50.23590225563912	-2.0478860884696113	30.313428575109054	-130.30640921840003	-101.23545255570406	-81.71245802384549	5년	13.472634922270691	30.313428575109054	-81.71245802384549	-0.17515651792709835	-0.011822260580192137	0.09786707128622993	17.276845866001423	10.422807938310427	5년	0.0978670712862299	불리(<1)	5년	2.4863174611353456	26.36893996295241	불리	Y		629418129.0	-7.97246335755718	-37.86873975869849		-42.55216275110448	154.09880004882814	210.6262998199463	Y	N	주의	단기위험부채 존재
ELV	Elevance Health, Inc.	0001156039	S&P 500	보류	PEG=불리, PEGY=불리(<1)	382.7699890136719	25.21	2025	1.83	9491000000.0	25884000000.0	35375000000.0	30797000000.0	150000000.0	43882000000.0	77468000000.0	36.16151627523691	63.83848372476309	0.5664532452109258	20.382902938557436	19.715048975957256	14.37473566343175	14.401227292253655	-1.8302180685358211	0.5345551244794411	63.01431604750667	4.839563862928358	9.569110248958882	134.52863209501334	122.00540498442392	241.23726937625344	3391.4668151152864	-68.12566071368096	-36.975918619461865	786.0325815653612	3년	9.569110248958882	241.23726937625344	-36.975918619461865	-1.517026406098165e-05	0.1644938160841936	4.510991893399873	14.131789848619768	3.6919795841452463	3년	0.1644938160841936	불리(<1)	3년	0.5345551244794411	26.891025836540457	불리	Y		224600000.0	2.9228274524288	11.976714755758033		-10.314210419622949	396.3522009277344	351.3068997192383	N	Y	상승전환	단기위험부채 존재
PHM	PULTEGROUP INC/MI/	0000822416	S&P 500	보류	PEG=불리, PEGY=안심	129.2899932861328	11.12	2025	82.0	1980869000.0		1980869000.0	43900000.0		12985442000.0	5062981000.0	71.9477928902708	28.0522071097292	2.564781894302981	9.707317439873307	9.707317439873307	10.753837755958589	10.753837755958589	-24.302246426140233	0.3319275999318138	47.00020978752231	-40.104492852280465	9.163855199863628	102.50041957504462	-445.96196051735876	101.90206982248354	1139.8046656744962	-444.93153660422615	-21.183328088691923	781.5876903574311	3년	9.163855199863628	101.90206982248354	-21.183328088691923	5.365317469281146	7.656050748423516	11.995737030349433	8.762951232102317	6.777749003907017	3년	7.656050748423516	안심	3년	0.33192759993181387	32.398142721990254	불리	Y		199537000.0	12.279627939975391	1.7470635056584527		-9.308364548061121	125.43460006713867	124.21465000152588	Y	Y	강한 상승추세	
URI	UNITED RENTALS, INC.	0001067701	S&P 500	제외	PEG=불리, PEGY=불리(<1)	1115.9200439453125	10.27	2025	73.0	459000000.0		459000000.0	14302000000.0		8968000000.0	20898000000.0	30.027455969999327	69.97254403000068	0.4291319743516126	-214.2746579159185	-214.2746579159185	129.52236629612764	129.52236629612764	-1.9102196752626655	3.924142525332664	20.2179802192882	4.679560649474669	16.348285050665325	48.9359604385764	48.05908787010485	167.89688747033287	502.57231370417963	-95.69332156628418	-84.9543980878113	-54.96341190114791	3년	16.348285050665325	167.89688747033287	-84.9543980878113	0.5488610373455068	0.5939062474311241	0.719705660767218	77.28623614636865	6.925786176680253	3년	0.5939062474311241	불리(<1)	3년	3.9241425253326634	33.006539762504566	불리	N	주당순현금<=0	64604000.0	20.61261956134459	43.25400805214652		-2.2486113791788997	1064.7754052734374	903.9614514160156	Y	Y	강한 상승추세	
ON	ON SEMICONDUCTOR CORP	0001097864	S&P 500	제외	PEG=불리, PEGY=판정불가	80.4000015258789	0.29	2025		2147600000.0	400000000.0	2547600000.0	2980500000.0	0.0	7673300000.0	4832200000.0	61.359401863180196	38.6405981368198	1.587951657630065	-1.0512384652744051	-1.0512384652744051	280.86634479708044	280.86634479708044	-92.01101928374655	-59.13642526295217	6.668390127527379	-175.5220385674931	-109.77285052590435	21.83678025505476	-50.901391184572994	-31.834126652512257	6.33266627396588	-163.31018683897537	-139.594684139733	-92.12354955997415	5년	21.83678025505476	6.33266627396588	-92.12354955997415				3.4448761534725594	4.28467175136027	판정불가		판정불가	5년	6.668390127527379	42.11906313604134	불리	N	주당순현금<=0	411800000.0	-21.207368870530352	30.667971917677427		-39.96863591226213	104.54960006713867	75.16784999847413	N	Y	중립/개선	
NOW	ServiceNow, Inc.	0001373715	S&P 500	보류	PEG=불리, PEGY=판정불가	114.19000244140625	1.67	2025		3726000000.0	2558000000.0	6284000000.0		0.0	12964000000.0	13074000000.0	49.788770258852445	50.211229741147555	0.9915863545969099	6.003682080002599	6.003682080002599	64.78222776131955	64.78222776131955	-75.58479532163743	1.437568278374224	23.132555206176452	-142.66959064327486	11.375136556748448	54.765110412352904	-238.258216374269	18.996478049769905	91.45773438862935	-308.6506798145707	-83.36414953706873	-19.907406573917363	3년	11.375136556748448	18.996478049769905	-83.36414953706873				4.37187288321004	3.8285951394504587	판정불가		판정불가	3년	1.4375682783742239	45.0637571347798	불리	Y		1046691000.0	24.16005319754333	-3.228811490333683		-40.59719867899509	105.84120056152344	124.57765998840333	Y	N	중립/개선	
RF	REGIONS FINANCIAL CORP	0001281761	S&P 500	제외	PEG=불리, PEGY=불리(<1)	31.479999542236328	2.3	2025	3.54	3538000000.0		3538000000.0	4134000000.0	750000000.0	19043000000.0	139711000000.0	11.995288307696184	88.00471169230381	0.13630279648703394	-0.6651785714285714	-1.5022321428571428	13.97616439724561	14.340100732649338	19.170984455958546	0.2915468391792686	17.429746204664866	46.84196891191709	9.083093678358537	43.35949240932973	107.73652849740931	20.891115460224633	99.72683254145838	242.23802434577718	-33.63686224901217	216.79426299754584	3년	9.083093678358537	20.891115460224633	-33.63686224901217	1.624979773451604	0.27414866699295415	1.5003934991489893			3년	0.2741486669929541	불리(<1)	3년	0.2915468391792686	47.93797263105238	불리	N	주당순현금<=0 | FCF<=0	896000000.0	13.81055573354104	8.104390916854998		-2.83951216146624	29.717800102233888	27.674549989700317	Y	Y	강한 상승추세	단기위험부채 존재
WSM	WILLIAMS SONOMA INC	0000719955	S&P 500	보류	PEG=불리, PEGY=불리(<1)	239.8000030517578	8.84	2025	1.33	1019801000.0		1019801000.0	299620000.0	0.0	2082559000.0	3329353000.0	38.48102112525111	61.51897887474889	0.6255146270161199	5.847855919060031	5.847855919060031	26.46517501501106	26.46517501501106	0.5688282138794165	-18.483779224854192	0.5286435792482447	9.637656427758833	-28.467558449708385	9.55728715849649	85.19688282138807	-251.65321669542212	84.48641848110897	-64.47169235314838	-204.94295808707977	-64.76796605258022	5년	9.55728715849649	84.48641848110897	-64.76796605258022	0.07174818276479941	-0.6481642088187424	0.07022978605635599	8.57024189422913	3.5739123374320183	5년	0.0702297860563559	불리(<1)	5년	0.5286435792482447	50.06241644445157	불리	Y		123153000.0	36.49040908388208	12.040370237554598		-0.15405551068340406	220.44080047607423	198.6831999206543	Y	Y	강한 상승추세	
DHR	DANAHER CORP /DE/	0000313616	S&P 500	보류	PEG=불리, PEGY=양호	197.5	5.05	2025	82.0	19912300000.0		19912300000.0	18416000000.0	764600000.0	52534000000.0	8444400000.0	86.15181769282238	13.848182307177623	6.221164321917484	2.089512637899735	1.0217846669459574	38.69514601229709	38.90657729367407	-4.536862003780722	-19.44272804312125	0.6459964100776094	-0.5737240075614434	-30.3854560862425	9.791992820155219	-2.8973062381852888	-153.44655323552462	49.449563741783855	-101.46699050034698	-177.69445733444286	-74.96224620669172	5년	9.791992820155219	49.449563741783855	-74.96224620669172	2.001882560970359	1.616669748112552	2.1358233506552273	7.345342829213797	3.719160926184201	3년	1.616669748112552	양호	5년	0.6459964100776094	59.899939703454834	불리	Y		716100000.0	13.479664225967557	-11.601467362534478		-18.405289192345776	188.20300018310547	203.66429985046386	Y	N	중립/개선	단기위험부채 존재
WAT	WATERS CORP /DE/	0001000697	S&P 500	제외	PEG=불리, PEGY=판정불가	374.739990234375	3.77	2025		587831000.0	934000.0	588765000.0	947445000.0		2561242000.0	2515308000.0	50.45241354857137	49.54758645142863	1.0182617794719375	-6.0017067416294365	-6.0017067416294365	100.99249256657943	100.99249256657943	-2.8350515463917496	-0.3511881428137187	1.5554382507588116	2.829896907216501	7.797623714372563	11.610876501517623	10.668711340206208	29.397041403184563	43.77300441072144	-97.15303634033464	-92.1553497973892	-88.31909976211925	5년	11.610876501517623	43.77300441072144	-88.31909976211925						판정불가		판정불가	5년	1.5554382507588116	64.92864150493331	불리	N	주당순현금<=0 | FCF<=0	59763000.0	24.135412804119373	-1.2048212157953486		-9.162752103455873	368.6838012695313	354.59410064697266	Y	Y	상승전환	
LEN	LENNAR CORP /NEW/	0000920760	S&P 500	제외	PEG=불리, PEGY=불리(<1)	85.19999694824219	14.31	2024	2.43	3756305000.0		3756305000.0	5874995000.0		21959417000.0	12289828000.0	64.1164995023978	35.88350049760221	1.7867961211499461	-7.788757402975527	-7.788757402975527	6.498165922516962	6.498165922516962	4.224326292789512	0.0933489456862446	46.369977497318125	16.948652585579026	8.68669789137249	101.23995499463625	242.53521849963587	124.30664682554033	1448.7437559732448	184.66575960909086	45.899825443720246	1600.4035303585006	3년	8.68669789137249	124.30664682554033	45.899825443720246	1.0240314532030392	0.3883170998977609	7.509807856432238	0.10360673335318489	0.12160415148386042	3년	0.3883170998977609	불리(<1)	3년	0.09334894568624463	69.61156202404217	불리	N	주당순현금<=0	272019000.0	0.9957282264262401	-21.6911814720159		-40.1685389044489	87.74239929199219	102.89264999389648	N	N	중립/개선	
WDC	WESTERN DIGITAL CORP	0000106040	S&P 500	제외	PEG=불리, PEGY=불리(<1)	527.219970703125	0.75	2025	11.0	2114000000.0	24000000.0	2138000000.0	2485000000.0	255000000.0	5311000000.0	8462000000.0	38.56095258839759	61.43904741160241	0.6276294020326164	-0.9665738161559888	-1.6768802228412256	704.248726025708	705.1958012346216	128.73563218390805	-45.95080650627739	8.88624888199654	265.9712643678161	-83.40161301255478	26.27249776399308	199.4784482758621	-62.55120975941608	19.70437332299481	-62.16409480660825	-111.86434756558916	-96.26258973143294	5년	26.27249776399308	19.70437332299481	-96.26258973143294	0.19841801201754267	-0.04962849802159463	0.028237536181599864	3.562674094707521	0.6757471819506711	5년	0.0282375361815998	불리(<1)	5년	8.88624888199654	79.25151944061679	불리	N	주당순현금<=0	359000000.0	19.183467800352826	95.10045119666553		-29.348862347778127	562.6467993164063	333.9091491699219	N	Y	상승전환	단기위험부채 존재
CTVA	Corteva, Inc.	0001755672	S&P 500	보류	PEG=불리, PEGY=안심	76.04000091552734	1.6	2025	91.0	4521000000.0	9000000.0	4530000000.0		782000000.0	24144000000.0					6.648077487525683	5.5004402700322865	43.369952142501035	44.08722540343441	23.076923076923077	0.4201730021000882	11.94783991051851	54.65384615384615	9.340346004200176	32.39567982103702	87.44615384615385	14.944553606720284	51.83308771365924	15.000200938053077	-80.34645788165868	-31.834446226216528	3년	9.340346004200176	14.944553606720284	-80.34645788165868	2.630321626874282	2.107915007646769	2.37371347730018	3.2917522747285	4.328974533266116	3년	2.107915007646769	안심	3년	0.42017300210008823	103.21927378896658	불리	Y		681400000.0	-6.91639289634185	3.8797870023044467		-15.987184707965984	81.94440017700195	75.28860004425049	N	Y	중립/개선	단기위험부채 존재
TMO	THERMO FISHER SCIENTIFIC INC.	0000097745	S&P 500	제외	PEG=불리, PEGY=불리(<1)	574.030029296875	17.74	2025	33.0	9852000000.0	253000000.0	10105000000.0	19107000000.0	693000000.0	53407000000.0					-23.814814814814813	-25.64814814814815	33.70038580110991	33.803730408400405	7.3200241984270855	0.2075477652143886	2.137246520494207	23.14004839685417	8.915095530428777	12.774493040988414	410.5044585601929	158.1537947098065	226.61950654713445	-28.487285053184983	-72.44851547165088	-60.52131509135177	3년	8.915095530428777	158.1537947098065	-72.44851547165088	1.1964261903820448	0.9853758933561143	1.0426363284938114	16.64814814814815	2.9002225142368143	3년	0.9853758933561144	불리(<1)	3년	0.20754776521438867	162.3741203202007	불리	N	주당순현금<=0	378000000.0	24.087769503493007	-1.3304209523569699		-10.230664111548348	507.2566027832031	530.9619004821777	Y	Y	상승전환	단기위험부채 존재
CNP	CENTERPOINT ENERGY INC	0001130310	S&P 500	제외	PEG=불리, PEGY=불리(<1)	41.91999816894531	1.6	2025	2.28	38000000.0	510000000.0	548000000.0	20566000000.0	500000000.0	11153000000.0					-30.53153359261801	-31.294135590635246	45.28220735097708	45.75883359973785	1.2658227848101276	0.2092056307007928		11.031645569620256	8.918411261401586		17.65063291139241	14.269458018242538		-57.894480719543196	-65.9602608742157		3년	8.918411261401586	14.269458018242538	-65.9602608742157	0.0783049898015543	0.05497094281220108		-3.6360863265461756	-8.673870432656217	3년	0.054970942812201	불리(<1)	3년	0.2092056307007928	216.44832024497455	불리	N	주당순현금<=0 | FCF<=0	655650000.0	-3.231767164684851	6.449967069418472		-6.927181800980875	43.15780014038086	41.39145013809204	N	Y	중립/개선	단기위험부채 존재
MCD	MCDONALDS CORP	0000063908	S&P 500	제외	PEG=불리, PEGY=불리(<1)	265.2300109863281	11.95	2025	2.75	774000000.0		774000000.0	39973000000.0	798000000.0	-1791000000.0					-54716638.74930207	-55830541.59687325	4578820.416678917	4672034.044090732	4.91659350307286	12.78230543570502	13.62338129334184	18.33318700614572	34.06461087141004	35.74676258668368	219.08158472344135	407.07209991335	427.17381291086997	-17.399398390578657	53.478898711176925	61.05787249425918	3년	34.06461087141004	407.07209991335	53.478898711176925	1.6743599454449774e-06	3.3922067306083217e-06	3.575895056661271e-06	10030709.10106086	3781890.693198333	3년	3.3922067306083217e-06	불리(<1)	3년	12.782305435705021	358215.5378550745	불리	N	주당순현금<=0	716.4	-6.642025593731226	-16.7331139915331		-22.233620804280374	274.5827996826172	300.3061000061035	N	N	주의	단기위험부채 존재
GM	General Motors Co	0001467858	S&P 500	보류	PEG=판정불가, PEGY=안심	87.68000030517578	3.27	2025	81.0	20945000000.0	5966000000.0	26911000000.0			61119000000.0	218116000000.0	21.88801547083997	78.11198452916003	0.28021328100643694	27.65775950668037	27.65775950668037	18.355425320640798	18.355425320640798	-48.665620094191524	-18.898461530269618	-5.460789481150885	-88.83124018838305	-29.296923060539235	-2.421578962301769	-290.47815541601256	-95.8009384079633	-7.918563206726785	-431.29351551663433	-209.26201878937283	-109.03120800543536	판정불가				1.761570725874069	3.3832797325538837	4.115361491182924	18.051387461459402	20.5878049710657	3년	3.383279732553884	안심	판정불가			판정불가	Y		973000000.0	15.825632549397062	4.0465216541455185		-2.9014425891882967	80.73299987792969	77.54615003585815	Y	Y	강한 상승추세	
HUM	HUMANA INC	0000049071	S&P 500	보류	PEG=판정불가, PEGY=안심	374.5	9.84	2025	97.0	4200000000.0	15703000000.0	19903000000.0	12369000000.0	1694000000.0	17657000000.0	31172000000.0	36.1608879968871	63.83911200311291	0.5664378288207366	62.35412907817854	48.33396785460083	31.722141353843647	33.14695448632106	-1.4028056112224505	-23.616654426020823	-17.217108695019935	5.694388777555099	-38.733308852041645	-25.93421739003987	56.03278557114218	-381.1357591040898	-255.1926991179923	-85.03797448033586	-201.7718982921468	-168.14224275513814	판정불가				3.0135794845134067	2.3133162656148243	2.51505377316885	3.103636634499197	0.8287414244323623	3년	2.3133162656148243	안심	판정불가			판정불가	Y		120826000.0	57.37938705402461	100.05342206471472		-8.529141781657923	369.05800048828127	265.8278002166748	Y	Y	강한 상승추세	단기위험부채 존재
CEG	Constellation Energy Corp	0001868275	S&P 500	제외	PEG=판정불가, PEGY=불리(<1)	273.7099914550781	7.4	2025	65.0	3641000000.0		3641000000.0	7250000000.0	1650000000.0	14517000000.0	42396000000.0	25.50735332876496	74.49264667123504	0.3424143787149731	-11.493630573248408	-16.748407643312103	38.54103000382791	39.25113501329597	-37.76282590412111			-67.02565180824222			-495.98982338099245			-281.209980952557			판정불가				0.7067059207596083			4.101910828025478	1.4986339396012485	1년	0.7067059207596083	불리(<1)	판정불가			판정불가	N	주당순현금<=0	314000000.0	-14.745366185286436	1.0447380837466769		-32.241618224089294	263.0531005859375	307.4325003814697	Y	N	판정불가	단기위험부채 존재
IBKR	Interactive Brokers Group, Inc.	0001381197	S&P 500	제외	PEG=판정불가, PEGY=불리(<1)	87.75	2.22	2025	40.0	4963000000.0		4963000000.0		16000000.0	5363000000.0	182768000000.0	2.850673201120496	97.14932679887951	0.02934321106539438	11.1814650484052	11.145417609200186	34.49033105927693	34.50656864450442	-67.96536796536795	-16.033270923831843	-1.7104104038610624	-127.43073593073589	-23.566541847663686	5.079179192277875	-282.8962337662337	-52.31772290181339	11.275777806856883	-422.3888703888703	-159.6213366402432	-87.15011076141666	판정불가				-0.8108176148644431	0.6948825465020225	1.110154307603844			3년	0.6948825465020225	불리(<1)	판정불가			판정불가	N	FCF<=0	443859546.0	7.3788530215650905	16.58031608014321		-9.916849706337638	90.3665998840332	76.1103498840332	N	Y	상승전환	단기위험부채 존재
ODFL	OLD DOMINION FREIGHT LINE, INC.	0000878927	S&P 500	제외	PEG=판정불가, PEGY=불리(<1)	211.52000427246094	4.84	2025	55.00000000000001	120091000.0	0.0	120091000.0	45000000.0	20000000.0	4311057000.0	1159103000.0	78.81043698904602	21.189563010953975	3.719304496666819	0.3548757549693286	0.2603569031843401	43.62915878460571	43.648687472991035	-11.67883211678833	-26.48103950985108	-3.150049031832014	-14.85766423357666	-44.46207901970216	2.199901936335972	-71.91109489051104	-215.19646245535844	10.647525371866104	-133.99730211705256	-201.7381137049155	-94.96618515658173	판정불가				0.9929407096085772	0.6536674390387668	1.18842426516055			3년	0.6536674390387668	불리(<1)	판정불가			판정불가	N	FCF<=0	211598000.0	10.063488569961287	13.641002913868716		-14.959993605209664	226.38019927978516	188.56529975891112	N	Y	상승전환	단기위험부채 존재
VZ	VERIZON COMMUNICATIONS INC	0000732712	S&P 500	제외	PEG=판정불가, PEGY=불리(<1)	47.36000061035156	4.06	2025	6.05	19048000000.0	350000000.0	19398000000.0	89658000000.0	441000000.0	105741000000.0					-16.606003308910424	-16.71023398723706	15.75517337912857	15.7808459599972	-1.932367149758456	-7.0765828174263685	-1.1420692869857585	4.635265700483088	-5.653165634852737	6.215861426028483	18.819178743961334	-22.95185247750211	25.236397389675638	-60.26355890745493	-148.46252572151676	-46.71368863082389	판정불가				0.26135116073659437	-0.06515845892158312	0.31151232645373167			5년	0.3115123264537316	불리(<1)	판정불가			판정불가	N	주당순현금<=0 | FCF<=0	4231000000.0	-0.44145277658159676	6.164537014962224		-7.8240567812256305	45.459200134277346	44.65899995803833	Y	Y	강한 상승추세	단기위험부채 존재
UPS	UNITED PARCEL SERVICE INC	0001090727	S&P 500	제외	PEG=판정불가, PEGY=불리(<1)	106.87000274658203	6.56	2025	6.29	5887000000.0	206000000.0	6093000000.0	17321000000.0	2341000000.0	16227000000.0					-13.209411764705882	-15.963529411764705	18.304788797452424	18.724623804626027	-2.8148148148148207	-20.79061596362501		2.8703703703703587	-33.08123192725003		18.82962962962955	-217.01288144276018		-82.38080925825393	-303.0624832651656		판정불가				0.18985114898833685	-0.7921760870381167		5.605882352941176	5.245515307260031	1년	0.1898511489883368	불리(<1)	판정불가			판정불가	N	주당순현금<=0	850000000.0	10.964599164862099	-3.083335449342428		-10.941664377848303	108.88779968261719	103.42925006866454	N	Y	상승전환	단기위험부채 존재
LRCX	LAM RESEARCH CORP	0000707549	S&P 500	제외	PEG=판정불가, PEGY=불리(<1)	294.6099853515625	4.15	2025	35.0	6390659000.0	2574947000.0	8965606000.0	3719694000.0	749670000.0	9861619000.0	11483641000.0	46.20051008982791	53.79948991017209	0.858753682738776	4.066150857812551	3.4850752862863157	70.01056252861444	70.15058073862076	-85.68965517241381	-49.77203332215717	-22.764985950471615	-162.87931034482762	-91.04406664431433	-37.02997190094323	-675.9491379310347	-377.8328765739045	-153.67438338891444	-329.4386380435865	-228.24849643946416	-152.16197380599047	판정불가				-0.7240286799823402	-0.21099720940136135	0.1747595449547736			5년	0.1747595449547736	불리(<1)	판정불가			판정불가	N	FCF<=0	1290142000.0	13.93818966101259	24.046309621710527		-32.01255521640874	337.9733984375	241.85504905700682	N	Y	상승전환	단기위험부채 존재
TPL	Texas Pacific Land Corp	0001811074	S&P 500	보류	PEG=판정불가, PEGY=불리(<1)	406.1499938964844	6.97	2025	60.0	144809000.0		144809000.0			1458907000.0	164371000.0	89.87413123322068	10.12586876677932	8.875695834423347	2.0978453048822923	2.0978453048822923	57.970179137962994	57.970179137962994	-64.65517241379311	-50.58674419585327		-120.81034482758622	-92.67348839170654		-842.0481034482759	-645.9342140901946		-307.32441612762625	-259.03834144949514		판정불가				-0.0803028812920223	0.16238100251069018		7.633813495643156	1.8795552407637826	3년	0.1623810025106901	불리(<1)	판정불가			판정불가	Y		69027492.0	-6.164081395346377	20.633837095155783		-24.757774240130427	395.75500122070315	385.70411682128906	Y	Y	강한 상승추세	
IR	Ingersoll Rand Inc.	0001699150	S&P 500	제외	PEG=판정불가, PEGY=불리(<1)	87.77999877929688	1.45	2025	10.0	1248800000.0		1248800000.0	2778100000.0	0.0	10089800000.0	8143200000.0	55.33812318323918	44.661876816760824	1.2390460752529717	-3.813715710723192	-3.813715710723192	63.168078958634524	63.168078958634524	-29.611650485436897	-0.455587184000239		-50.723300970873794	7.588825631999522		-73.548786407767	11.003797166399307		-183.78763662629902	-87.46434572861423		판정불가				-0.3104677363748792	0.1510955054094632				3년	0.1510955054094632	불리(<1)	판정불가			판정불가	N	주당순현금<=0 | FCF<=0	401000000.0	16.172580221733067	-1.3042541379213346		-11.117864640978514	77.98039993286133	81.5681999206543	Y	Y	상승전환	
TECH	BIO-TECHNE Corp	0000842023	S&P 500	보류	PEG=판정불가, PEGY=불리(<1)	72.13999938964844	0.46	2025	44.0	162186000.0	1072000.0	163258000.0		12500000.0	2068850000.0					1.0221704640082145	0.943907035569163	154.60397592530484	154.7741138132158	-56.19047619047619	-58.90886842633716	-20.841196114496352	-103.88095238095238	-109.31773685267432	-33.182392228992704	-47.7852380952381	-50.28615895223019	-15.263900425336644	-166.23958760678187	-169.70634790363732	-121.15871992580985	판정불가				-0.0788496939843635	-0.09643263271275901	0.14979436167083157	1.6062786052830944	2.226613000933271	5년	0.1497943616708315	불리(<1)	판정불가			판정불가	Y		159717000.0	31.786622538644018	10.559386037775376		0.0	62.85179992675781	59.695949954986574	Y	Y	강한 상승추세	단기위험부채 존재
PFE	PFIZER INC	0000078003	S&P 500	제외	PEG=판정불가, PEGY=불리(<1)	25.030000686645508	1.36	2025	6.88	1142000000.0	8525000000.0	9667000000.0	61641000000.0	0.0	86476000000.0	121385000000.0	41.60280187240512	58.39719812759488	0.7124109239197595	-9.097496936810783	-9.097496936810783	25.09374825254139	25.09374825254139	-3.5460992907801296	-37.11932514902995	-4.476866683376013	1.4078014184397407	-65.7386502980599	-0.4537333667520258	1.9146099290780476	-89.40456440536147	-0.6170773787827551	-92.35073960625351	-457.18962026662	-102.4653510261867	판정불가				0.1328578208272344	-1.2050541371780694	0.0957662160486769	1.588482408541922	6.346313883201129	5년	0.0957662160486769	불리(<1)	판정불가			판정불가	N	주당순현금<=0	5713000000.0	-4.828891966754989	-6.114025394208045		-12.329242187319412	25.069599990844726	25.83370002746582	N	N	주의	
SLB	SLB LIMITED/NV	0000087347	S&P 500	제외	PEG=판정불가, PEGY=불리(<1)	49.310001373291016	2.35	2025	2.38	3130000000.0	1176000000.0	4306000000.0	9742000000.0	1178000000.0	26109000000.0	27577000000.0	48.632790671683495	51.36720932831651	0.946767233564202	-3.7828810020876826	-4.602644398051496	22.59271590441647	22.941551392060642	-24.43729903536977	-0.5610216224331555		-40.37459807073954	7.377956755133689		-94.88030546623791	17.33819837456417		-292.4159456982499	-64.8383737747055		판정불가				-0.976301349899149	0.08051171825744363		3.336812804453723	6.767010163299493	3년	0.0805117182574436	불리(<1)	판정불가			판정불가	N	주당순현금<=0	1437000000.0	-11.360775792698263	2.622272957828975		-14.997409412116403	50.69059989929199	46.83610008239746	N	Y	중립/개선	단기위험부채 존재
NKE	NIKE, Inc.	0000320187	S&P 500	보류	PEG=판정불가, PEGY=불리(<1)	42.63999938964844	2.1	2026	3.93	7563000000.0	2583000000.0	10146000000.0	5942000000.0	5000000.0	14865000000.0					2.838622552329507	2.8352464550979066	18.953036589199492	18.95464425454787	-2.77777777777778	-13.36921346091703	-10.018369318341202	2.94444444444444	-18.23842692183406	-11.536738636682404	6.183333333333325	-38.30069653585152	-24.22715113703305	-85.49874901068965	-189.8233984148453	-156.81789747613033	판정불가				0.0607935418052652	-0.4980317225945749	-0.3212345045442849	1.4746792707629979	3.458441116021687	1년	0.0607935418052652	불리(<1)	판정불가			판정불가	Y		1481000000.0	-1.0443275965326904	-31.424896782930478		-46.141214632016855	43.50839981079102	54.436299896240236	N	N	주의	단기위험부채 존재
BF-B	BROWN FORMAN CORP	0000014693	S&P 500	제외	PEG=판정불가, PEGY=불리(<1)	27.809999465942383	1.53	2026	3.22	308000000.0		308000000.0	2083000000.0	68000000.0	4020000000.0	3874000000.0	50.92475297694451	49.07524702305548	1.0376871450696954	-3.8030308548999106	-3.9487244313129777	20.662111320811956	20.757335880559058	-16.847826086956523	-2.0882960100536807	-4.036359234531672	-25.195652173913047	4.323407979892639	0.42728153093665533	-38.549347826086965	6.614814209235737	0.6537407423330827	-238.61685928220373	-76.21425984802124	-97.64926014064226	판정불가				-0.6595563190693812	0.05477194331086621	-0.03950996206807736	1.9132994667186594	6.879897531324258	3년	0.0547719433108662	불리(<1)	판정불가			판정불가	N	주당순현금<=0	466733000.0	12.773721159859797	2.5442426451211198		-11.036470689951939	26.479599952697754	27.22679997444153	Y	Y	상승전환	단기위험부채 존재
FTV	Fortive Corp	0001659166	S&P 500	제외	PEG=판정불가, PEGY=불리(<1)	59.459999084472656	0.58	2025	41.0	375500000.0		375500000.0	2306500000.0	899500000.0	6453400000.0					-5.771069934249851	-8.459354453078303	112.46736037710778	117.1023336854327	-75.42372881355932	-34.87672497401558	-29.666922875134137	-142.34745762711864	-61.25344994803116	-50.833845750268274	-82.56152542372881	-35.52700096985807	-29.483630535155598	-238.8522144213905	-159.74941392008122	-149.58565588483995	판정불가				-0.3060775028251318	0.05444490744205982	0.10076769906278212	2.9231918708906157	4.9162326200808435	3년	0.0544449074420598	불리(<1)	판정불가			판정불가	N	주당순현금<=0	334600000.0	-1.0319619302367578	10.726253705211143		-7.224212073609793	60.88739974975586	56.89949989318848	N	Y	중립/개선	단기위험부채 존재
EMR	EMERSON ELECTRIC CO	0000032604	S&P 500	제외	PEG=판정불가, PEGY=불리(<1)	154.85000610351562	1.12	2025	1.48	2354000000.0	99000000.0	2453000000.0	8319000000.0	4192000000.0	20282000000.0					-10.35115581436386	-17.74836774307394	147.5010374266781	154.10569093445497	-35.26011560693641	-3.335847899742972	-1.3703810340970568	-62.02023121387282	1.8283042005140562	5.759237931805886	-69.46265895953756	2.047700704575743	6.450346483622593	-144.85802791192822	-98.67762310373637	-95.83445513117344	판정불가				-0.2290161221661123	-0.012581931165504535	0.0007431742028081268	4.706193753308629	3.0391950712372506	5년	0.0007431742028081	불리(<1)	판정불가			판정불가	N	주당순현금<=0	566700000.0	14.314187530350587	4.184889333487729		-4.230314945025326	142.3340005493164	139.7059008026123	Y	Y	강한 상승추세	단기위험부채 존재
CSX	CSX CORP	0000277948	S&P 500	제외	PEG=판정불가, PEGY=판정불가	49.83000183105469	1.54	2025	1.11	1958000000.0	5000000.0	1963000000.0	9832000000.0		13160000000.0	30522000000.0	30.126825694794196	69.87317430520581	0.4311644060022279	-4.201281366791244	-4.201281366791244	35.08524882977008	35.08524882977008	-13.966480446927374	-7.566647873326204	-15.619198935967571	-19.432960893854748	-6.633295746652408	-22.738397871935142	-29.92675977653631	-10.21527544984471	-35.01713272278012	-160.057713579865	-120.50025100235582	-170.2731917239405	판정불가				-0.3664354928564326	-0.1840274214571821	-0.4135412864353527	0.9135077415910304	1.8332484608132624	판정불가		판정불가	판정불가			판정불가	N	주당순현금<=0	1873000000.0	11.426655793528662	29.799433767354945		-6.3873712951732164	48.21159996032715	41.37364990234375	Y	Y	강한 상승추세	
APTV	Aptiv PLC	0001521332	S&P 500	제외	PEG=판정불가, PEGY=판정불가	57.22999954223633	0.64	2025	1.537655088308276	1851000000.0		1851000000.0	7470000000.0	81000000.0	9207000000.0	13914000000.0	39.820942000778516	60.179057999221484	0.6617076326002588	-25.99703895623207	-26.371796058110483	130.0422476538569	130.62780562554187	-43.85964912280701	-9.379349728076658	-9.25361634386701	-79.21929824561401	-10.258699456153316	-10.007232687734021	-50.70035087719297	-6.565567651938123	-6.404628920149774	-188.59051421060312	-111.47224830413056	-111.19103437249392	판정불가				-0.3254480355272721	-0.06030113121884207	-0.05933426555419806	6.204312019987046	10.841013576119636	판정불가		판정불가	판정불가			판정불가	N	주당순현금<=0	216140000.0	-3.8635969834093675	-26.609390768706966		-35.45731281826071	61.896799926757815	70.63179992675781	N	N	주의	단기위험부채 존재
AXON	AXON ENTERPRISE, INC.	0001069183	S&P 500	제외	PEG=판정불가, PEGY=판정불가	575.8800048828125	1.51	2025		1201147000.0	505417000.0	1706564000.0	1730170000.0	80552000.0	3242658000.0	3757655000.0	46.32161447638127	53.67838552361873	0.8629472370401221	-0.28658492169479177	-1.264513779288576	381.56727801623003	382.214913021259	-68.54166666666667	-9.393302099393695		-128.58333333333334	-10.286604198787394		-194.16083333333336	-15.532772340168965		-133.71550178632157	-102.6972237633654		판정불가							0.9115090445550564	0.15828107189457674	판정불가		판정불가	판정불가			판정불가	N	주당순현금<=0	82370000.0	46.255239335317455	25.194029676469487		-33.88061308039006	495.98940124511716	514.1986506652833	Y	Y	상승전환	단기위험부채 존재
UNH	UNITEDHEALTH GROUP INC	0000731766	S&P 500	제외	PEG=판정불가, PEGY=판정불가	415.3599853515625	13.23	2025	2.24	24365000000.0	3756000000.0	28121000000.0	72320000000.0	3620000000.0	32454000000.0	207883000000.0	13.503538780961733	86.49646121903827	0.1561166617760952	-48.51701427003293	-52.49066959385291	35.062509419621726	35.36286129594976	-14.700193423597675	-14.517352798270888	-3.7667253412291712	-20.90038684719535	-20.534705596541777	0.9665493175416575	-276.5121179883945	-271.6741550422477	12.78744747107613	-166.5716794443628	-165.40691559691325	-96.92135787701052	판정불가				-0.3553708399611776	-0.350156135470447	-0.04354295703589268	17.64544456641054	4.248229292351153	판정불가		판정불가	판정불가			판정불가	N	주당순현금<=0	911000000.0	12.032362872977064	45.43926281652277		-4.810363345560176	410.80499877929685	344.96869918823245	Y	Y	강한 상승추세	단기위험부채 존재
KR	KROGER CO	0000056873	S&P 500	제외	PEG=판정불가, PEGY=판정불가	58.220001220703125	1.54	2025	2.49	3334000000.0		3334000000.0	14509000000.0	1366000000.0	5927000000.0	44017000000.0	11.86729136633029	88.13270863366971	0.13465252061703434	-17.061068702290076	-19.146564885496183	48.88381163830727	50.23802993909046	-47.97297297297297	-20.45740326595622		-87.44594594594594	-32.41480653191244		-134.66675675675674	-49.91880205914516		-331.30668830846577	-185.741671268454		판정불가				-0.9304301659106043	-0.3675532382560009				판정불가		판정불가	판정불가			판정불가	N	주당순현금<=0 | FCF<=0	655000000.0	-13.811993204361372	-7.675230014564938		-22.989414820381747	60.0752001953125	65.13065000534057	N	N	주의	단기위험부채 존재
DVN	DEVON ENERGY CORP/DE	0001090012	S&P 500	제외	PEG=판정불가, PEGY=판정불가	44.56999969482422	4.17	2025	2.3	1384000000.0	2343000000.0	3727000000.0	7391000000.0	998000000.0	15528000000.0					-5.788309636650869	-7.3649289099526065	12.076333173015607	12.454419329682693	-8.552631578947361	-22.960449726899977		-8.605263157894722	-37.420899453799954		-35.88394736842099	-156.0451507223458		-180.5114373213426	-450.1125236499988		판정불가				-0.517759115235308	-1.7108214414840304		10.552922590837282	23.67718793604291	판정불가		판정불가	판정불가			판정불가	N	주당순현금<=0	633000000.0	-13.051109726429043	11.036373623658346		-14.403687428378277	43.81240020751953	41.88445004463196	Y	Y	강한 상승추세	단기위험부채 존재
CVS	CVS HEALTH Corp	0000064803	S&P 500	제외	PEG=판정불가, PEGY=판정불가	105.37000274658203	1.39	2025	2.55	8453000000.0	2145000000.0	10598000000.0	71348000000.0	0.0	75214000000.0	178156000000.0	29.68544026522477	70.31455973477523	0.4221805608567772	-47.7970102281668	-47.7970102281668	110.19209566528694	110.19209566528694	-62.02185792349728	-23.78711813669546	-23.938579568888617	-115.54371584699456	-39.07423627339092	-39.377159137777234	-160.60576502732243	-54.31318842001338	-54.734251201510354	-252.42076572170546	-151.54520926666217	-151.9448133005632	판정불가				-0.5397107439007741	-0.19272814450506584	-0.1941026662552758	6.142407553107789	5.829370212583615	판정불가		판정불가	판정불가			판정불가	N	주당순현금<=0	1271000000.0	28.48433118139324	39.71095903575457		-4.728748462652832	101.34840057373047	84.7046002960205	Y	Y	강한 상승추세	
COP	CONOCOPHILLIPS	0001163165	S&P 500	제외	PEG=판정불가, PEGY=판정불가	119.16000366210938	6.35	2025	2.79	6497000000.0	484000000.0	6981000000.0	16147000000.0	961000000.0	64487000000.0	57452000000.0	52.88463904083189	47.11536095916811	1.1224500452551696	-7.312640512634768	-8.079326911570183	19.916951838542385	20.037689854122764	-18.693982074263765	-24.182162850978774		-28.88796414852753	-39.86432570195755		-183.43857234314981	-253.1384682074304		-253.9430737710524	-312.4357673949314		판정불가				-0.7985148632777782	-1.0740681116465638				판정불가		판정불가	판정불가			판정불가	N	주당순현금<=0 | FCF<=0	1253446000.0	-4.603314251398283	17.06454719555106		-10.941703330145103	113.54960021972656	107.8912504196167	Y	Y	강한 상승추세	단기위험부채 존재
SRE	SEMPRA	0001032208	S&P 500	제외	PEG=판정불가, PEGY=판정불가	87.7300033569336	2.75	2025	2.97	29000000.0		29000000.0		4166000000.0	31594000000.0					0.04435430833279802	-6.327371502509842	31.88569056312756	34.202681767070345	-37.782805429864254	-25.38521336020446	-26.568336591560993	-67.06561085972851	-42.27042672040892	-44.636673183121985	-184.4304298642534	-116.24367348112453	-122.75085125358547	-310.2250345459234	-232.5016175004368	-239.91889496933894	판정불가				-1.0918002657317887	-0.7029866050988179	-0.7400917519675733			판정불가		판정불가	판정불가			판정불가	N	FCF<=0	653826000.0	-7.045978056800106	1.7513362501181406		-12.050121947936244	91.67860046386718	91.90500026702881	N	N	판정불가	단기위험부채 존재
CTAS	CINTAS CORP	0000723254	S&P 500	제외	PEG=판정불가, PEGY=판정불가	204.00999450683594	4.4	2025	1.02	263973000.0	0.0	263973000.0	2424999000.0	0.0	4684481000.0					-5.267120983899036	-5.267120983899036	47.562980793348856	47.562980793348856	-70.95709570957096	-27.715987825710187	-11.511595525071694	-133.41419141914193	-46.93197565142037	-14.523191050143389	-587.0224422442245	-206.50069286624966	-63.90204062063091	-387.7420018873412	-201.2208707546092	-131.32299511850127	판정불가				-1.4704102758704913	-0.5612765932753171	-0.22058322144811465	4.282429817249431	2.099127460692097	판정불가		판정불가	판정불가			판정불가	N	주당순현금<=0	410286000.0	22.242192613663537	6.8618671590998215		-9.837808523139824	183.59079925537108	185.01329978942871	Y	Y	상승전환	
CVX	CHEVRON CORP	0000093410	S&P 500	제외	PEG=판정불가, PEGY=판정불가	193.17999267578125	6.63	2025	3.62	8178000000.0	0.0	8178000000.0	33477000000.0	977000000.0	186450000000.0	131836000000.0	58.57939086230623	41.42060913769377	1.414257107315149	-13.63092672413793	-14.157327586206897	31.193200512808325	31.27259732458343	-31.79012345679013	-28.68529133996226		-55.08024691358026	-48.87058267992452		-365.1820370370371	-324.0119631678995		-289.0371937480768	-267.72542470880865		판정불가				-0.9030853837913528	-0.8035498418852574				판정불가		판정불가	판정불가			판정불가	N	주당순현금<=0 | FCF<=0	1856000000.0	0.4680642303921623	11.003846480956536		-8.51053835668727	182.78640014648437	175.58220008850097	Y	Y	강한 상승추세	단기위험부채 존재
ORLY	O REILLY AUTOMOTIVE INC	0000898173	S&P 500	제외	PEG=판정불가, PEGY=판정불가	89.76000213623047	2.97	2025		193793000.0		193793000.0	6016904000.0	25000.0	-763352000.0					-6.803343540685509	-6.803372749056861	32.51291100232861	32.51292083679708	-92.6955238563699	-29.203737570730283	-11.269579863367396	-176.8910477127398	-49.907475141460566	-14.039159726734791	-525.3664117068373	-148.2252011701379	-41.69630438840233	-685.3012468844182	-265.13502411148977	-146.4531009314361	판정불가							1.861365386210611	2.0737136162113514	판정불가		판정불가	판정불가			판정불가	N	주당순현금<=0	855919000.0	-4.490318227246359	-8.417508234040017		-16.750136903831493	88.27379989624023	93.04909973144531	Y	N	주의	단기위험부채 존재
KMB	KIMBERLY CLARK CORP	0000055785	S&P 500	제외	PEG=판정불가, PEGY=판정불가	107.55999755859375	1.5	2025	4.68	688000000.0		688000000.0	6439000000.0	963000000.0	1502000000.0					-17.259903961584634	-20.150060024009605	83.21326768011892	85.14003838840223	-80.13245033112582	-35.99237051910854	-26.238981580201248	-151.76490066225165	-63.48474103821708	-43.977963160402496	-227.64735099337747	-95.22711155732563	-65.96694474060374	-311.64685399826794	-188.5339473027138	-161.33037024723617	판정불가				-0.906735817912757	-0.3762906011512105	-0.2590810598025831			판정불가		판정불가	판정불가			판정불가	N	주당순현금<=0 | FCF<=0	333200000.0	12.451642281984165	8.100500058888183		-21.357026980621885	105.54099990844726	103.56860000610351	Y	Y	강한 상승추세	단기위험부채 존재
VLO	VALERO ENERGY CORP/TX	0001035002	S&P 500	제외	PEG=판정불가, PEGY=판정불가	307.5400085449219	7.57	2025	1.53	4688000000.0		4688000000.0	8261000000.0		23725000000.0					-11.563106796116505	-11.563106796116505	42.15364799749516	42.15364799749516	-11.77156177156177	-36.119777156007146		-15.043123543123539	-63.73955431201429		-113.8764452214452	-482.50842614194823		-137.02817261410442	-256.8928961226419		판정불가				-0.24295789944847335	-0.8205642642853241		14.475728155339805	4.706941455789599	판정불가		판정불가	판정불가			판정불가	N	주당순현금<=0	309000000.0	22.219132288356235	70.64699060139203		-2.3062196726708506	271.4340023803711	219.30395118713378	Y	Y	강한 상승추세	
TPR	TAPESTRY, INC.	0001116132	S&P 500	제외	PEG=판정불가, PEGY=판정불가	155.6300048828125	0.82	2025	1.05	1100000000.0	19600000.0	1119600000.0	2396600000.0	16700000.0	857800000.0	5722700000.0	13.035483625864297	86.9645163741357	0.1498942806717109	-5.739325842696629	-5.81438202247191	196.79186673842577	196.883398664981	-76.57142857142858	-36.28355598173916		-144.64285714285717	-64.06711196347831		-118.60714285714288	-52.53503181005221		-176.21097419257464	-133.7563645581136		판정불가				-0.38376295638178526	-0.17903969592692226		4.916404494382022	3.1590338238979143	판정불가		판정불가	판정불가			판정불가	N	주당순현금<=0	222500000.0	11.371116906407842	20.020056358791827		-3.0282263343548665	144.11820007324218	135.08735019683837	Y	Y	강한 상승추세	단기위험부채 존재
IRM	IRON MOUNTAIN INC	0001020569	S&P 500	제외	PEG=판정불가, PEGY=판정불가	124.08000183105469	0.49	2025	2.83	158535000.0		158535000.0	16215885000.0	216074000.0	-981007000.0					-53.91701587557418	-54.64254438982459	363.2592198094467	364.7398902466924	-19.672131147540984	-36.34769139588404	-16.260604064943717	-30.84426229508197	-64.19538279176808	-24.021208129887434	-15.113688524590165	-31.45573756796636	-11.770391983644842	-112.18059985618692	-125.35117432605776	-109.48613137487797	판정불가				-0.046363946815653534	-0.09226934808004673	-0.036972507048792735	-3.1282033201708437	-2.5211180480398077	판정불가		판정불가	판정불가			판정불가	N	주당순현금<=0 | FCF<=0	297816000.0	-3.228824949488429	38.760908490094835		-6.748832024880103	125.27500030517578	107.16029991149902	N	Y	중립/개선	단기위험부채 존재
FANG	Diamondback Energy, Inc.	0001539838	S&P 500	제외	PEG=판정불가, PEGY=판정불가	198.75	5.73	2025	2.17	104000000.0		104000000.0	13726000000.0	763000000.0	36972000000.0	28092000000.0	56.824050165990414	43.17594983400959	1.316104228961982	-47.12206697823086	-49.76148388502797	42.90961029288496	43.37024151571169	-63.10367031551834	-38.48028199276532		-117.70734063103669	-68.46056398553064		-674.4630618158403	-392.2790316370906		-439.3524839324982	-297.37309767903935		판정불가				-1.4200471619203223	-0.8462039562914905				판정불가		판정불가	판정불가			판정불가	N	주당순현금<=0 | FCF<=0	289079000.0	-6.9914372552374315	25.28366160153226		-6.9914372552374315	191.6734002685547	173.9475498199463	Y	Y	강한 상승추세	단기위험부채 존재
COF	CAPITAL ONE FINANCIAL CORP	0000927628	S&P 500	보류	PEG=판정불가, PEGY=판정불가	217.67999267578125	4.03	2025	1.53	62093000000.0		62093000000.0	31377000000.0	1087000000.0	113616000000.0	555393000000.0	16.98273117402008	83.01726882597991	0.20456865678897646	56.74487345279882	54.7367448734528	39.93427276004526	40.43256769288547	-65.22864538395167	-39.17672229952939	-4.896815963113765	-121.95729076790334	-69.85344459905878	-1.2936319262275298	-491.4878817946505	-281.5093817342069	-5.213336662696945	-325.7845912952995	-229.32257956912693	-102.39495444602566	판정불가				-1.595087151497672	-0.9427171123345309	-0.08430893391608989	48.29115093293922	22.18446920147844	판정불가		판정불가	판정불가			판정불가	Y		541300000.0	14.616677956231738	-2.6824035213095065		-15.608284633854142	197.66579895019532	207.41639915466308	Y	Y	상승전환	단기위험부채 존재
MGM	MGM Resorts International	0000789570	S&P 500	제외	PEG=판정불가, PEGY=판정불가	44.5	0.76	2025	0.026966292134831465	2062994000.0		2062994000.0	6230141000.0	0.0	2429917000.0	38097468000.0	5.995740904576005	94.00425909542399	0.06378158779475844	-15.028931566134704	-15.028931566134704	78.32754153438776	78.32754153438776	-68.33333333333333	-39.83701324007897		-128.16666666666666	-71.17402648015793		-97.40666666666667	-54.09226012492003		-318.89138576779027	-221.55564073015736		판정불가				-0.8720606532915409	-0.5082509442794975		5.267157154449554	11.836308212246188	판정불가		판정불가	판정불가			판정불가	N	주당순현금<=0	277275000.0	16.37028777919287	32.87547855995585		-12.211479176184914	46.22299995422363	38.267649993896484	N	Y	상승전환	
WY	WEYERHAEUSER CO	0000106535	S&P 500	제외	PEG=판정불가, PEGY=판정불가	25.229999542236328	0.45	2025	3.36	464000000.0		464000000.0	5050000000.0	522000000.0	9426000000.0	7187000000.0	56.738698609522665	43.261301390477335	1.3115347154584667	-6.338044714587592	-7.059470650264592	70.15120945960871	71.7543782055576	-16.66666666666667	-43.761896821361546		-24.833333333333343	-79.02379364272309		-11.175000000000004	-35.56070713922539		-144.29250972158155	-240.9461267714053		판정불가				-0.18968549179937252	-0.5759258768677956		0.268116152339728	1.062687900136057	판정불가		판정불가	판정불가			판정불가	N	주당순현금<=0	723567000.0	7.2248143050656966	-2.3606834626526574		-6.900372003360033	24.166199989318848	24.116350059509276	Y	Y	상승전환	단기위험부채 존재
TSN	TYSON FOODS, INC.	0000100493	S&P 500	보류	PEG=판정불가, PEGY=판정불가	59.61000061035156	1.33	2025	3.52	1229000000.0		1229000000.0			18085000000.0					3.442577030812325	3.442577030812325	42.23114554852574	42.23114554852574	-40.888888888888886	-46.97317852013001	-5.767715060111856	-73.27777777777777	-85.44635704026003	-3.0354301202237117	-97.45944444444444	-113.64365486354583	-4.037122059897537	-263.4951240505778	-290.64528384489074	-106.77255832672559	판정불가				-0.8848656223627683	-1.028936770616371	-0.05322410820064345	3.2969187675070026	5.5308148527924645	판정불가		판정불가	판정불가			판정불가	Y		357000000.0	-13.294544566761369	-9.324608233363385		-13.294544566761369	58.6884001159668	59.975000057220456	Y	N	주의	
OXY	OCCIDENTAL PETROLEUM CORP /DE/	0000797468	S&P 500	제외	PEG=판정불가, PEGY=판정불가	55.470001220703125	1.61	2025	1.82	1968000000.0		1968000000.0	35745000000.0	440000000.0	36034000000.0					-33.773622637736224	-34.213578642135786	55.43082227232257	55.704086871328514	-34.01639344262294	-49.362988839182776		-59.53278688524588	-90.22597767836555		-95.84778688524588	-145.26382406216854		-272.79211244991376	-361.8781699394511		판정불가				-0.5808391815738781	-0.8576995052610232		4.104589541045895	7.399656482275206	판정불가		판정불가	판정불가			판정불가	N	주당순현금<=0	1000100000.0	-7.964159947906946	26.64384060940399		-16.2590534275321	54.69499992370606	50.302799968719484	Y	Y	강한 상승추세	단기위험부채 존재
DOC	HEALTHPEAK PROPERTIES, INC.	0000765880	S&P 500	제외	PEG=판정불가, PEGY=판정불가	21.639999389648438	0.1	2025	5.59	467457000.0		467457000.0	9847894000.0		7500094000.0	12033567000.0	38.395741586792155	61.604258413207845	0.6232644069709339	-13.47678738700427	-13.47678738700427	351.1678677665271	351.1678677665271	-72.22222222222223	-52.27593913804323	-33.51833999568201	-135.94444444444446	-96.05187827608646	-58.536679991364025	-13.594444444444447	-9.605187827608646	-5.853667999136403	-162.82090955578948	-144.3862666290246	-127.05022257041524	판정불가				-0.1897446444801791	-0.13294479200210377	-0.07952988459140597			판정불가		판정불가	판정불가			판정불가	N	주당순현금<=0 | FCF<=0	696044000.0	32.84222328693407	27.895976903496166		-5.170904123383558	21.01219997406006	18.250000042915346	Y	Y	강한 상승추세	
GPC	GENUINE PARTS CO	0000040987	S&P 500	제외	PEG=판정불가, PEGY=판정불가	128.52000427246094	0.47	2025	3.42	333547000.0		333547000.0	3498423000.0	943540000.0	4422991000.0					-22.728014362657092	-29.503885098743268	321.80429496833625	336.2210412153281	-92.73570324574962	-61.61464058703222	-16.81535450665752	-176.97140649149924	-114.72928117406444	-25.13070901331504	-83.17656105100464	-53.92276215181028	-11.811433236258068	-164.71876617329647	-141.95670740680544	-109.19034612792105	판정불가				-0.2775466475813748	-0.18083860749204186	-0.0416257791337917	3.0227935368043086	2.3520023625240634	판정불가		판정불가	판정불가			판정불가	N	주당순현금<=0	139250000.0	24.149930873349756	-9.018823962759303		-13.895210369597821	113.30080093383789	119.11005027770996	Y	Y	상승전환	단기위험부채 존재
CSGP	COSTAR GROUP, INC.	0001057352	S&P 500	보류	PEG=판정불가, PEGY=판정불가	30.030000686645508	0.02	2025		1633000000.0	0.0	1633000000.0	993000000.0	0.0	8334000000.0	2167000000.0	79.3638701076088	20.6361298923912	3.845869866174435	1.5212740670311387	1.5212740670311387	1425.4363309807184	1425.4363309807184	-94.11764705882352	-72.19119357371476	-53.398733410393206	-179.73529411764704	-135.8823871474295	-98.29746682078641	-3.5947058823529408	-2.71764774294859	-1.9659493364157283	-111.97038228491125	-109.04977582686884	-106.54661768719171	판정불가							0.2923698597575469	0.9735925843237335	판정불가		판정불가	판정불가			판정불가	Y		420700000.0	-15.1215382135508	-50.91533093028606		-68.98688410742704	30.62660011291504	48.56420000076294	N	N	주의	
APD	Air Products & Chemicals, Inc.	0000002969	S&P 500	제외	PEG=판정불가, PEGY=판정불가	292.94000244140625	-1.77	2025	2.46	1856000000.0	0.0	1856000000.0	4918100000.0	34700000.0	15024900000.0	23709700000.0	38.78935112276879	61.21064887723121	0.6337026617797779	-13.749887741356085	-13.905702739110911			-110.30267753201397			-212.10535506402795			375.4264784633295			28.158146833641172			판정불가							-23.661427929950605	-8.077226644620977	판정불가		판정불가	판정불가			판정불가	N	주당순현금<=0 | FCF<=0 | 순현금차감PER<=0/불가	222700000.0	-1.8133077095471295	8.099934683213593		-6.763423353664145	289.5070007324219	276.373949432373	Y	Y	강한 상승추세	단기위험부채 존재
ALB	ALBEMARLE CORP	0000915913	S&P 500	제외	PEG=판정불가, PEGY=판정불가	118.70999908447266	-5.76	2025	1.39	613110000.0		613110000.0	3119464000.0	367178000.0	9533365000.0					-21.300941664400327	-24.421505303236334			48.57142857142857			105.64285714285714			-608.5028571428571			-612.596126557			1년	105.64285714285714	-608.5028571428571	-612.596126557				5.885113543649714	4.957555040887445	판정불가		판정불가	1년	48.57142857142857		판정불가	N	주당순현금<=0 | 순현금차감PER<=0/불가	117664000.0	-37.7471301250054	-28.024007544927066		-44.9448094922946	142.7031999206543	152.60644989013673	N	N	주의	단기위험부채 존재
ARE	ALEXANDRIA REAL ESTATE EQUITIES, INC.	0001035443	S&P 500	제외	PEG=판정불가, PEGY=판정불가	53.029998779296875	-8.44	2025	5.6	549062000.0		549062000.0	12400555000.0		15470070000.0	14925399000.0	50.89597400191456	49.10402599808544	1.036492893757815	-69.58899516755037	-69.58899516755037			-568.8888888888889			-1129.2777777777778			9531.104444444445			17873.042926347243			판정불가									판정불가		판정불가	판정불가			판정불가	N	주당순현금<=0 | FCF<=0 | 순현금차감PER<=0/불가	170307000.0	28.901311536334575	-2.06833373041877		-39.35963335632475	50.98379997253418	51.654300136566164	Y	Y	상승전환	
AEP	AEP		S&P 500	판정불가																																																												SEC ticker mapping 없음
APO	Apollo Global Management, Inc.	0001858681	S&P 500	제외	PEG=판정불가, PEGY=판정불가	129.4199981689453	5.54	2025	1.79	8980000000.0		8980000000.0	13364000000.0		23341000000.0	418434000000.0	5.283458774262916	94.71654122573709	0.055781795934364796	-7.384732856185598	-7.384732856185598	24.693994769879225	24.693994769879225	-24.42019099590723			-40.34038199181446			-223.4857162346521			-272.6825215550638			판정불가				-0.9164248719899568					판정불가		판정불가	판정불가			판정불가	N	주당순현금<=0 | FCF<=0	593657223.0	0.17802904496682093	-2.830545989455524		-15.245579073055026	125.35320007324219	126.94015014648437	Y	Y	상승전환	
ARES	Ares Management Corp	0001176948	S&P 500	보류	PEG=판정불가, PEGY=판정불가	138.57000732421875	0.039510671963162464	2014	4.22	488896000.0		488896000.0			4275463000.0	19931981000.0	17.661769660605227	82.33823033939478	0.21450266283115563	6.083971489795992	6.083971489795992	3353.170909316483	3353.170909316483													판정불가							40.42582623597222	29.17357588167403	판정불가		판정불가	판정불가			판정불가	Y		80358036.0	15.4942519146136	-5.393591746190096		-28.112673130780475	124.1052001953125	134.23150035858154	Y	Y	상승전환	
BKR	Baker Hughes Co	0001701605	S&P 500	제외	PEG=판정불가, PEGY=판정불가	60.810001373291016	2.98	2024	1.52	7023000000.0		7023000000.0			18834000000.0									56.020942408376975		111.75011009858267	120.54188481675395		232.00022019716533	359.21481675392675		691.3606561875526	490.7166726552668		1036.919323424341	5년	232.00022019716533	691.3606561875526	1036.919323424341						판정불가		판정불가	5년	111.75011009858267		판정불가	N	주당순현금<=0 | FCF<=0 | 순현금차감PER<=0/불가		-11.882336631075729	7.723650223958889		-12.71709061075238	59.66300025939941	56.595550079345706	Y	Y	강한 상승추세	
BAX	BAXTER INTERNATIONAL INC	0000010456	S&P 500	제외	PEG=판정불가, PEGY=판정불가	28.100000381469727	-1.87	2025	76.0	1966000000.0	5148000000.0	7114000000.0	9438000000.0	1000000.0	6129000000.0	13953000000.0	30.519868538990142	69.48013146100986	0.43926037411309393	-4.530214424951267	-4.5321637426900585			-87.00000000000001			-165.50000000000003			309.48500000000007			1001.3700918099879			판정불가									판정불가		판정불가	판정불가			판정불가	N	주당순현금<=0 | FCF<=0 | 순현금차감PER<=0/불가	513000000.0	69.07339929331704	41.41922090907093		0.0	21.42819999694824	19.604549980163576	Y	Y	강한 상승추세	단기위험부채 존재
BLK	BlackRock, Inc.	0002012383	S&P 500	제외	PEG=판정불가, PEGY=판정불가	1126.6300048828125	35.31	2025	2.1	11468000000.0		11468000000.0	12768000000.0		55888000000.0	108456000000.0	34.006717616706425	65.99328238329359	0.5153057461090211	-8.081234006422008	-8.081234006422008	32.135690707709834	32.135690707709834	-15.94858367055462			-23.39716734110924			-826.1539788145673			-173.32966237664692			판정불가				-0.4309409060634299			22.080417839085364	1.9598641739869231	판정불가		판정불가	판정불가			판정불가	N	주당순현금<=0	160866521.0	7.068662854151819	0.622507769354419		-6.316364105506745	1034.8356005859375	1053.9655026245118	Y	Y	상승전환	
BK	BK		S&P 500	판정불가																																																												SEC ticker mapping 없음
BG	Bunge Global SA	0001996862	S&P 500	제외	PEG=판정불가, PEGY=판정불가	105.4000015258789	0.49	2025	2.71	1135000000.0	861000000.0	1996000000.0	8831000000.0	3883000000.0	15904000000.0					-41.05920370735475	-64.3851565962587	298.89633721068094	346.50032269824	-88.76146788990825			-169.0229357798165			-82.82123853211009			-178.5780240352036			판정불가				-0.2878973649959911			-5.2803277335427685	-5.009798536147352	판정불가		판정불가	판정불가			판정불가	N	주당순현금<=0 | FCF<=0	166466940.0	-17.41106467833722	-7.527637812209931		-19.79301530430606	117.54100051879882	112.02825031280517	N	N	주의	단기위험부채 존재
CNC	CENTENE CORP	0001071739	S&P 500	제외	PEG=판정불가, PEGY=판정불가	63.7599983215332	-13.53	2025		17888000000.0	2432000000.0	20320000000.0	17351000000.0	50000000.0	19953000000.0	56691000000.0	26.03334899013621	73.96665100986378	0.35196062867121763	6.020895691885885	5.919499671476894			-314.42155309033285			-620.3431061806657			8393.242226624407			13063.805595317617			판정불가							8.762644083745002	13.743168623619079	판정불가		판정불가	판정불가			판정불가	N	순현금차감PER<=0/불가	493116000.0	19.044056547258915	48.97196135069877		-7.217699084783535	63.72540000915527	46.733950004577636	Y	Y	강한 상승추세	단기위험부채 존재
CRL	CHARLES RIVER LABORATORIES INTERNATIONAL, INC.	0001100682	S&P 500	제외	PEG=판정불가, PEGY=판정불가	230.8699951171875	-2.91	2025		213770000.0	1063000.0	214833000.0	1626760000.0	166000.0	3164630000.0	3924228000.0	44.64231051038122	55.35768948961878	0.8064337749998216	-28.4869461706077	-28.490295375675895			-1555.0			-3101.5			9025.365			3809.284528471882			판정불가									판정불가		판정불가	판정불가			판정불가	N	주당순현금<=0 | FCF<=0 | 순현금차감PER<=0/불가	49564000.0	33.97747522306416	8.277832189961831		-3.976208397379677	206.01739959716798	187.51460029602052	Y	Y	강한 상승추세	단기위험부채 존재
COHR	COHERENT CORP.	0000820318	S&P 500	제외	PEG=판정불가, PEGY=판정불가	288.1400146484375	-0.52	2025		909200000.0		909200000.0	3498615000.0	188306000.0	5644514000.0	6429653000.0	46.74868253851383	53.25131746148616	0.8778878113640036	-16.732351135666054	-17.949151885237956			71.73913043478261			151.97826086956522			-79.02869565217392			-127.42718526914688			1년	151.97826086956522	-79.02869565217392	-127.42718526914688				1.2456075732609608	0.4322924654462654	판정불가		판정불가	1년	71.73913043478261		판정불가	N	주당순현금<=0 | 순현금차감PER<=0/불가	154755000.0	-12.655733167459715	29.536059830037775		-32.50251709782124	346.01160034179685	255.84070041656494	N	Y	중립/개선	단기위험부채 존재
COIN	Coinbase Global, Inc.	0001679788	S&P 500	보류	PEG=판정불가, PEGY=판정불가	146.5	4.45	2025		11285452000.0	309765000.0	11595217000.0	5937034000.0	452105000.0	14793058000.0	14878774000.0	49.855559980253325	50.144440019746675	0.9942390414694114	19.700576931781384	18.126444505569115	28.49425237488059	28.847989998748513	-53.05907172995781			-97.61814345991561			-434.4007383966245			-396.5192753560577			판정불가							8.437931958956717	5.759680518059193	판정불가		판정불가	판정불가			판정불가	Y		287209000.0	-27.828959044521252	-22.01639544127231		-62.1710940284536	163.45419921875	211.45729972839356	N	N	주의	단기위험부채 존재
CAG	CONAGRA BRANDS INC.	0000023217	S&P 500	제외	PEG=판정불가, PEGY=판정불가	14.90999984741211	-4.0	2026	8.44	218000000.0		218000000.0	6456000000.0	34200000.0	8932700000.0	10916800000.0	45.0021411118668	54.9978588881332	0.8182526014949436	-13.022964509394573	-13.094363256784968			-266.6666666666667			-524.8333333333334			2099.3333333333335			13980.035914270713			판정불가							2.04321503131524	13.703655615193554	판정불가		판정불가	판정불가			판정불가	N	주당순현금<=0 | 순현금차감PER<=0/불가	479000000.0	7.653425536078573	-18.879213665914897		-25.524477989559312	13.853799991607666	16.12090003490448	Y	N	중립/개선	단기위험부채 존재
STZ	CONSTELLATION BRANDS, INC.	0000016918	S&P 500	제외	PEG=판정불가, PEGY=판정불가	131.36000061035156			3.16	102400000.0		102400000.0	9692900000.0	272000000.0	8082400000.0	13513600000.0	37.42544915725134	62.57455084274866	0.5980937721998579																	판정불가									판정불가		판정불가	판정불가			판정불가	N	주당순현금<=0 | FCF<=0 | 순현금차감PER<=0/불가		-11.327122214413487	-15.61094852888848		-24.165800897909527	137.72120025634766	145.2640504837036	N	N	주의	단기위험부채 존재 | EPS 없음
CTRA	CTRA		S&P 500	판정불가																																																												SEC ticker mapping 없음
CRWD	CrowdStrike Holdings, Inc.	0001535527	S&P 500	제외	PEG=판정불가, PEGY=판정불가	202.5399932861328	-0.65	2026		5230125000.0	0.0	5230125000.0	745471000.0		4428390000.0	6614079000.0	40.10325951560289	59.89674048439711	0.6695399314099514	17.897380435476663	17.897380435476663															판정불가							5.228916576208416	2.5816711511495942	판정불가		판정불가	판정불가			판정불가	N	순현금차감PER<=0/불가	250576000.0	72.6536505850395	84.60976686267409		-3.8864910584421097	182.19879943847656	133.05184997558592	Y	Y	강한 상승추세	
DDOG	Datadog, Inc.	0001561550	S&P 500	보류	PEG=판정불가, PEGY=판정불가	273.6000061035156	0.31	2025		401305000.0	4073531000.0	4474836000.0			3732206000.0	2911638000.0	56.175400867329216	43.824599132670784	1.2818234959153576	12.311363736408858	12.311363736408858	842.8665882809896	842.8665882809896	-40.38461538461539			-72.26923076923077			-22.40346153846154			-108.188399502442			판정불가							2.752776004754149	1.006131558240041	판정불가		판정불가	판정불가			판정불가	Y		363472000.0	86.51578263679028	112.0108482242991		-1.401846649521954	246.10180053710937	167.82420028686522	Y	Y	강한 상승추세	
DOW	DOW INC.	0001751788	S&P 500	제외	PEG=판정불가, PEGY=판정불가	29.889999389648438	-3.7	2025	4.62	3816000000.0	21000000.0	3837000000.0	15060000000.0	62000000.0	16008000000.0					-15.77150084317032	-15.858628442945475			-335.6687898089172			-662.8375796178344			2452.4990445859876			8105.082283927184			판정불가									판정불가		판정불가	판정불가			판정불가	N	주당순현금<=0 | FCF<=0 | 순현금차감PER<=0/불가	711600000.0	-26.343030948868773	3.4972308110518213		-28.61237126307481	31.30960014343262	30.544300088882448	N	N	판정불가	단기위험부채 존재
DD	DuPont de Nemours, Inc.	0001666700	S&P 500	제외	PEG=판정불가, PEGY=판정불가	141.27999877929688	-0.3	2025	1.75	715000000.0	0.0	715000000.0	7859000000.0	60000000.0	13919000000.0	7472000000.0	65.0694217194147	34.930578280585294	1.8628211991434689	-17.041984732824428	-17.185114503816795			-117.96407185628743			-227.42814371257487			68.22844311377246			-51.70693395860177			판정불가									판정불가		판정불가	판정불가			판정불가	N	주당순현금<=0 | FCF<=0 | 순현금차감PER<=0/불가	419200000.0	3.706968516579745	5.994452618818857		-8.609869897080413	139.83699981689452	132.99387866973876	Y	Y	강한 상승추세	단기위험부채 존재
SATS	SATS		S&P 500	판정불가																																																												SEC ticker mapping 없음
ERIE	ERIE INDEMNITY CO	0000922621	S&P 500	제외	PEG=판정불가, PEGY=판정불가	236.86000061035156			2.41	266417000.0	33902000.0	300319000.0	0.0	0.0	2283374000.0	1072107000.0	68.04908148787014	31.950918512129856	2.1298004770046273																	판정불가									판정불가		판정불가	판정불가			판정불가	N	주당순현금<=0 | FCF<=0 | 순현금차감PER<=0/불가		12.442443614191156	-15.986235319510712		-35.80333746316505	229.569599609375	259.7096997833252	Y	N	중립/개선	EPS 없음
EL	ESTEE LAUDER COMPANIES INC	0001001250	S&P 500	제외	PEG=판정불가, PEGY=판정불가	84.68000030517578	-3.15	2025	1.67	2181000000.0	534000000.0	2715000000.0	1080100000.0	1000000000.0	5590000000.0	8745000000.0	38.99546564352982	61.004534356470174	0.6392224128073185	4.540127742293807	1.763121355179117			-391.6666666666667			-774.8333333333334			2440.725			2782.292148327754			판정불가							1.8605942793668426	2.197206273809047	판정불가		판정불가	판정불가			판정불가	N	순현금차감PER<=0/불가	360100000.0	4.1190193024709165	-28.69653184408103		-29.203243982052772	83.9797998046875	92.23779991149902	Y	N	중립/개선	단기위험부채 존재
XOM	ExxonMobil Holdings Corp	0002115436	S&P 500	제외	PEG=판정불가, PEGY=판정불가	155.05999755859375			2.65																											판정불가									판정불가		판정불가	판정불가			판정불가	N	주당순현금<=0 | FCF<=0 | 순현금차감PER<=0/불가		0.8914015846344991	12.037575431231694		-9.570189272342555	146.37059936523437	139.36919979095458	Y	Y	강한 상승추세	EPS 없음
F	FORD MOTOR CO	0000037996	S&P 500	제외	PEG=판정불가, PEGY=판정불가	14.430000305175781	-2.06	2025	4.09	23356000000.0	15131000000.0	38487000000.0	291000000.0		35952000000.0	253180000000.0	12.434459001424955	87.56554099857505	0.14200173789398846	9.59939683337522	9.59939683337522			-241.0958904109589			-473.6917808219178			975.8050684931507			6662.335743978792			판정불가									판정불가		판정불가	판정불가			판정불가	N	FCF<=0 | 순현금차감PER<=0/불가	3979000000.0	25.478263523267653	4.4894993969615715		-17.25917509580216	14.554199981689454	13.356799993515015	N	Y	상승전환	
GIS	GENERAL MILLS INC	0000040704	S&P 500	제외	PEG=판정불가, PEGY=판정불가	36.0	-3.74	2026	6.83	453800000.0		453800000.0	12416000000.0	68400000.0	7368400000.0	22636100000.0	24.55764968588045	75.44235031411955	0.32551543772999764	-22.246977868700018	-22.37418634926539			-805.6603773584906			-1602.8207547169811			5994.54962264151			16551.526729559748			판정불가							3.0245490050213872	8.401525013948298	판정불가		판정불가	판정불가			판정불가	N	주당순현금<=0 | 순현금차감PER<=0/불가	537700000.0	4.559975837665631	-21.087240589918444		-29.56368700823545	35.259800033569334	40.90630001068115	Y	N	중립/개선	단기위험부채 존재
GDDY	GoDaddy Inc.	0001609711	S&P 500	제외	PEG=판정불가, PEGY=판정불가	88.44999694824219	6.22	2025		932400000.0	0.0	932400000.0	3765200000.0	15100000.0	215100000.0					-20.14492856685701	-20.252309399022906	17.458991240369645	17.47625503975323													판정불가							11.203874243534038	12.666901786429852	판정불가		판정불가	판정불가			판정불가	N	주당순현금<=0	140621000.0	0.19256702684185	-11.691300205390364		-44.0720832362875	86.89619964599609	100.37265003204345	Y	N	중립/개선	단기위험부채 존재
HAL	HALLIBURTON CO	0000045012	S&P 500	제외	PEG=판정불가, PEGY=판정불가	31.889999389648438	-1.29	2019	2.11	2206000000.0		2206000000.0	7158000000.0	0.0	10461000000.0	14505000000.0	41.90098534006248	58.099014659937524	0.7211995863495346	-5.805392731535756	-5.805392731535756			-168.25396825396825			-328.0079365079365			423.1302380952381			1226.843042313093			판정불가									판정불가		판정불가	판정불가			판정불가	N	주당순현금<=0 | FCF<=0 | 순현금차감PER<=0/불가	853000000.0	-24.035255508843633	-2.863242122993359		-25.802699559570208	36.00319980621338	33.78349998474121	N	N	주의	
HAS	HASBRO, INC.	0000046080	S&P 500	제외	PEG=판정불가, PEGY=판정불가	91.47000122070312	-2.3	2025	2.98	4580369000.0		4580369000.0	2767900000.0	0.0	2995530000.0	4986500000.0	37.528423220659406	62.4715767793406	0.6007279655068686	12.927738944365192	12.927738944365192			-183.63636363636363			-358.77272727272725			825.1772727272726			802.1288528642806			판정불가							5.919400855920114	6.471412241088206	판정불가		판정불가	판정불가			판정불가	N	순현금차감PER<=0/불가	140200000.0	-2.6604235048676483	-2.5255703427926823		-13.658675559032819	84.80759963989257	87.4986498260498	Y	Y	중립/개선	
HPE	Hewlett Packard Enterprise Co	0001645590	S&P 500	제외	PEG=판정불가, PEGY=판정불가	50.2400016784668	-0.04	2025	1.19	5773000000.0		5773000000.0	21748000000.0	4609000000.0	24688000000.0	14276000000.0	63.361051226773434	36.63894877322657	1.7293359484449426	-12.06570996978852	-15.546827794561933			-102.07253886010363			-195.64507772020727			7.825803108808291			-84.42316312230045			판정불가									판정불가		판정불가	판정불가			판정불가	N	주당순현금<=0 | FCF<=0 | 순현금차감PER<=0/불가	1324000000.0	74.99130365921292	128.25988712413167		-10.525377892800691	46.28760032653808	29.57940011024475	Y	Y	강한 상승추세	단기위험부채 존재
HON	HONEYWELL INTERNATIONAL INC	0000773840	S&P 500	제외	PEG=판정불가, PEGY=판정불가	246.77000427246094	-0.18	2025	1.15	12487000000.0	443000000.0	12930000000.0	29046000000.0	5893000000.0	13904000000.0					-25.07156191661481	-34.23926571250778			-102.06659012629163			-195.63318025258326			35.21397244546498			-85.73004342675907			판정불가							8.434971997510889	3.4181512548007102	판정불가		판정불가	판정불가			판정불가	N	주당순현금<=0 | 순현금차감PER<=0/불가	642800000.0	12.264517809388442	3.399190942225405		-5.138208534154964	234.1847381591797	227.61979957580567	Y	Y	강한 상승추세	단기위험부채 존재
INTC	INTEL CORP	0000050863	S&P 500	제외	PEG=판정불가, PEGY=판정불가	91.0	-0.06	2025	0.5494505494505495	14265000000.0	23151000000.0	37416000000.0	44086000000.0	0.0	114281000000.0					-1.4724061810154525	-1.4724061810154525			98.63013698630138			205.76027397260276			-12.345616438356165			-113.56661147072107			1년	205.76027397260276	-12.345616438356165	-113.56661147072107				-1.0924944812362032	-1.2005433859738497	판정불가		판정불가	1년	98.63013698630138		판정불가	N	주당순현금<=0 | FCF<=0 | 순현금차감PER<=0/불가	4530000000.0	-4.9906022553949825	86.43720024518475		-35.43351892743728	112.25239959716797	67.3121499633789	N	Y	중립/개선	
IFF	INTERNATIONAL FLAVORS & FRAGRANCES INC	0000051253	S&P 500	제외	PEG=판정불가, PEGY=판정불가	80.58000183105469	-1.41	2025	2.02	590000000.0		590000000.0	4740000000.0	314000000.0	14154000000.0					-16.2109375	-17.4375			-248.42105263157896			-488.3421052631579			688.5623684210526			754.5077597102857			판정불가							1.0	1.2410027020061576	판정불가		판정불가	판정불가			판정불가	N	주당순현금<=0 | 순현금차감PER<=0/불가	256000000.0	14.966480298548923	15.526884345598123		-3.8768936287867817	76.925	72.12979986190796	Y	Y	강한 상승추세	단기위험부채 존재
IP	INTERNATIONAL PAPER CO /NEW/	0000051434	S&P 500	제외	PEG=판정불가, PEGY=판정불가	41.45000076293945	-4.52	2025	4.53	1145000000.0		1145000000.0	8839000000.0	992000000.0	14827000000.0					-15.214554083448686	-17.176191417836662			-387.8980891719745			-767.296178343949			3468.178726114649			8267.137906582517			판정불가							2.301759936721376	5.553099865752922	판정불가		판정불가	판정불가			판정불가	N	주당순현금<=0 | 순현금차감PER<=0/불가	505700000.0	32.8525632992142	1.8677860945701896		-16.566021521096708	36.801800117492675	38.616950035095215	Y	Y	상승전환	단기위험부채 존재
IVZ	Invesco Ltd.	0000914208	S&P 500	제외	PEG=판정불가, PEGY=판정불가	30.90999984741211	-1.6	2025	2.91	1037500000.0	363900000.0	1401400000.0	1186000000.0	0.0	12231000000.0	14089100000.0	46.4701881831756	53.5298118168244	0.8681179067506086	0.4734065934065934	0.4734065934065934			-235.5932203389831			-462.6864406779662			740.298305084746			2295.012322029261			판정불가							3.167032967032967	10.245981826810398	판정불가		판정불가	판정불가			판정불가	N	순현금차감PER<=0/불가	455000000.0	18.70199216844437	12.76906245707421		0.0	28.27879997253418	26.175449953079223	Y	Y	강한 상승추세	
KKR	KKR & Co. Inc.	0001404912	S&P 500	제외	PEG=판정불가, PEGY=판정불가	106.55999755859375			74.0	5363009000.0		5363009000.0	36914472000.0		30902561000.0	328512161000.0	8.59802314942458	91.40197685057542	0.09406824059703531																	판정불가									판정불가		판정불가	판정불가			판정불가	N	주당순현금<=0 | FCF<=0 | 순현금차감PER<=0/불가		3.125903097166427	-6.820569263840815		-28.646042472442936	96.20300003051757	107.0951000213623	Y	N	중립/개선	EPS 없음
KHC	Kraft Heinz Co	0001637459	S&P 500	제외	PEG=판정불가, PEGY=판정불가	26.420000076293945	-4.93	2025	6.19	2615000000.0		2615000000.0		0.0	41664000000.0	39997000000.0	51.020683067804704	48.979316932195296	1.0416781258594394	2.203032855939343	2.203032855939343			-318.14159292035396			-627.7831858407079			3094.97110619469			11614.500746620875			판정불가							3.08424599831508	11.673906091629812	판정불가		판정불가	판정불가			판정불가	N	순현금차감PER<=0/불가	1187000000.0	17.841213141785172	12.425532239548698		-5.844616610342335	24.514599990844726	23.971299991607665	Y	Y	강한 상승추세	
LYV	Live Nation Entertainment, Inc.	0001335258	S&P 500	제외	PEG=판정불가, PEGY=판정불가	181.69000244140625	-0.24	2025		7094200000.0		7094200000.0	1715688000.0		271007000.0					23.19881058106669	23.19881058106669			-108.75912408759125			-209.0182481751825			50.1643795620438			-72.39012665090284			판정불가							1.4389441534685132	0.7919776179939029	판정불가		판정불가	판정불가			판정불가	N	순현금차감PER<=0/불가	231844300.0	15.300165205100381	26.226204918515904		-2.62607534843996	174.8232000732422	156.2419507598877	Y	Y	강한 상승추세	
LYB	LyondellBasell Industries N.V.	0001489393	S&P 500	제외	PEG=판정불가, PEGY=판정불가	60.619998931884766	-2.34	2025	6.64	3443000000.0	0.0	3443000000.0	5772000000.0	226000000.0	10082000000.0					-4.071678321678322	-4.466783216783217			-156.38554216867468			-304.27108433734935			711.9943373493975			1074.5205376024915			판정불가							0.6713286713286714	1.1074376165578708	판정불가		판정불가	판정불가			판정불가	N	주당순현금<=0 | 순현금차감PER<=0/불가	572000000.0	-20.27880299577143	20.63681379479556		-26.41417704178228	60.8518000793457	58.27754997253418	N	Y	중립/개선	단기위험부채 존재
MRNA	Moderna, Inc.	0001682852	S&P 500	제외	PEG=판정불가, PEGY=판정불가	55.13999938964844	-7.26	2025		2595000000.0	3204000000.0	5799000000.0	590000000.0		8650000000.0	3688000000.0	70.10860755389852	29.891392446101474	2.3454446854663775	13.390745501285346	13.390745501285346			21.76724137931034			52.03448275862068			-377.77034482758614			-785.1112604446381			1년	52.03448275862068	-377.77034482758614	-785.1112604446381				-5.308483290488432	-9.62728209874628	판정불가		판정불가	1년	21.76724137931034		판정불가	N	FCF<=0 | 순현금차감PER<=0/불가	389000000.0	16.575053444070843	29.588720043083217		-32.59169030255491	58.54559989929199	45.00079995155335	N	Y	상승전환	
TAP	MOLSON COORS BEVERAGE CO	0000024545	S&P 500	제외	PEG=판정불가, PEGY=판정불가	41.91999816894531	-10.75	2025	4.62	896500000.0		896500000.0	3865400000.0	7000000.0	10230300000.0	12195700000.0	45.618032640684916	54.38196735931508	0.838844838754643	-14.911602209944752	-14.946760421898544			-300.9345794392524			-593.3691588785048			6378.718457943926			15116.409199820373			판정불가									판정불가		판정불가	판정불가			판정불가	N	주당순현금<=0 | FCF<=0 | 순현금차감PER<=0/불가	199100000.0	2.9216760129716635	-13.44208568079388		-22.912840482593566	40.34119995117187	44.544449996948245	Y	N	중립/개선	단기위험부채 존재
MNST	Monster Beverage Corp	0000865752	S&P 500	보류	PEG=판정불가, PEGY=판정불가	93.55000305175781	2.28	2010	0.00556707624810937	2088117000.0	677084000.0	2765201000.0	373951000.0		8254108000.0					2.429018813531603	2.429018813531603	39.965343964134306	39.965343964134306													판정불가							1.9969526162297564	2.1346366125984146	판정불가		판정불가	판정불가			판정불가	Y		984451000.0	24.401604851321146	15.35142393573472		-6.393835534869863	93.60979995727538	80.71750019073487	N	Y	상승전환	
NCLH	Norwegian Cruise Line Holdings Ltd.	0001513761	S&P 500	제외	PEG=판정불가, PEGY=판정불가	19.760000228881836	0.92	2025		209893000.0	240000000.0	449893000.0	1552480000.0		2209888000.0	20331513000.0	9.803685227905754	90.19631477209424	0.1086927470670776	-2.307911555273571	-2.307911555273571	23.986860634951526	23.986860634951526	-51.322751322751316			-94.14550264550263			-86.61386243386242			-538.3292582520565			판정불가							-2.4487259618083104	-12.392337719860832	판정불가		판정불가	판정불가			판정불가	N	주당순현금<=0 | FCF<=0	477742311.0	14.883717165050193	-16.412856433767885		-26.6518194611719	19.358199920654297	20.266100058555605	Y	N	중립/개선	
OMC	OMNICOM GROUP INC.	0000029989	S&P 500	제외	PEG=판정불가, PEGY=판정불가	79.2699966430664	-0.27	2025	4.07	5316800000.0	0.0	5316800000.0	9272900000.0	62000000.0	12045800000.0					-19.307467057101025	-19.610053684724257			-103.61930294906168			-198.73860589812335			53.65942359249331			-32.308028428323645			판정불가							13.608589555880917	17.16739009988495	판정불가		판정불가	판정불가			판정불가	N	주당순현금<=0 | 순현금차감PER<=0/불가	204900000.0	3.9333946925939944	3.5938318356541377		-8.060779957363174	77.3168000793457	76.81869998931884	Y	Y	강한 상승추세	단기위험부채 존재
PANW	Palo Alto Networks Inc	0001327567	S&P 500	제외	PEG=판정불가, PEGY=판정불가	347.1300048828125	1.6	2025		2268600000.0	634600000.0	2903200000.0	1991500000.0		7824400000.0	15751800000.0	33.18770624612957	66.81229375387043	0.4967305323836006	1.2853517552516565	1.2853517552516565	216.15290820472552	216.15290820472552	-78.02197802197801			-147.54395604395603			-236.07032967032967			-168.00631646636958			판정불가									판정불가		판정불가	판정불가			판정불가	N	FCF<=0	709300000.0	88.08518068635449	97.88508066708275		-3.22013717765659	307.2801986694336	215.0097999572754	Y	Y	강한 상승추세	
PSKY	Paramount Skydance Corp	0002041610	S&P 500	제외	PEG=판정불가, PEGY=판정불가	8.220000267028809	-0.53	2025	2.52	3274000000.0		3274000000.0		0.0	11693000000.0					2.970961887477314	2.970961887477314															판정불가							0.29310344827586204	3.5657352646511145	판정불가		판정불가	판정불가			판정불가	N	순현금차감PER<=0/불가	1102000000.0	-26.145550920852656	-26.475849350170776		-58.33755469972455	9.649799966812134	11.71110000371933	N	N	주의	
PPL	PPL Corp	0000922224	S&P 500	제외	PEG=판정불가, PEGY=판정불가	35.20000076293945	1.59	2025	3.24	1071000000.0	0.0	1071000000.0	17990000000.0	456000000.0	13933000000.0					-22.76053746024742	-23.373978271280745	36.45316869382822	36.838980524666795													판정불가							-1.8847161760037021	-5.354307202140853	판정불가		판정불가	판정불가			판정불가	N	주당순현금<=0 | FCF<=0	743348000.0	-6.878302980418994	-1.730873638098751		-11.580006157559353	35.87120002746582	36.51665002822876	N	N	주의	단기위험부채 존재
Q	Qnity Electronics, Inc.	0002058873	S&P 500	제외	PEG=판정불가, PEGY=판정불가	133.3000030517578	3.3	2025	24.0	915000000.0		915000000.0	4100000000.0		7095000000.0	6704000000.0	51.41676933111094	48.58323066888905	1.0583233890214798	-15.181124880838894	-15.181124880838894	44.994281191695976	44.994281191695976													판정불가									판정불가		판정불가	판정불가			판정불가	N	주당순현금<=0 | FCF<=0	209800000.0	-5.501201361932939	32.412839451981036		-24.106124165920484	147.79579986572264		N	판정불가	판정불가	
SNDK	Sandisk Corp	0002023554	S&P 500	제외	PEG=판정불가, PEGY=판정불가	1288.030029296875	-11.32	2025		1481000000.0		1481000000.0	1829000000.0	20000000.0	9216000000.0	3769000000.0	70.97420100115518	29.02579899884482	2.445210931281507	-2.4	-2.537931034482759															판정불가							-0.8275862068965517	-0.06425208947560984	판정불가		판정불가	판정불가			판정불가	N	주당순현금<=0 | FCF<=0 | 순현금차감PER<=0/불가	145000000.0	2.561594789271582	93.61885157311136		-44.8381143770075	1707.1249951171876	848.8901490783692	N	Y	상승전환	단기위험부채 존재
SJM	J M SMUCKER Co	0000091419	S&P 500	제외	PEG=판정불가, PEGY=판정불가	117.5	-1.3	2026	3.76	101300000.0	18600000.0	119900000.0	6392800000.0	420900000.0	5543800000.0	10675600000.0	34.18005598234213	65.81994401765786	0.519296339315823	-57.86808118081181	-61.75092250922509			88.76404494382022			186.02808988764045			-241.83651685393258			-305.8183122161128			1년	186.02808988764045	-241.83651685393258	-305.8183122161128				10.666051660516604	9.077490774907748	판정불가		판정불가	1년	88.76404494382022		판정불가	N	주당순현금<=0 | 순현금차감PER<=0/불가	108400000.0	21.246512805510353	12.129018965004468		-7.004351864660885	111.72140014648437	104.57005012512207	Y	Y	강한 상승추세	단기위험부채 존재
TTWO	TAKE TWO INTERACTIVE SOFTWARE INC	0000946581	S&P 500	제외	PEG=판정불가, PEGY=판정불가	245.14999389648438	-1.62	2026	0.00040791353248911534	1545500000.0	443800000.0	1989300000.0	2488000000.0	30000000.0	3510900000.0	5872300000.0	37.416872708670816	62.58312729132919	0.5978747679784752	-2.9318048206937095	-3.1081716637272194			93.66692728694292			195.83385457388584			-317.2508444096951			-229.41091262831344			1년	195.83385457388584	-317.2508444096951	-229.41091262831344				2.7131099353321577	1.1067142577526556	판정불가		판정불가	1년	93.66692728694292		판정불가	N	주당순현금<=0 | 순현금차감PER<=0/불가	170100000.0	8.868461617483202	10.522517738058724		-6.534756982747192	234.3004000854492	229.7085001373291	Y	Y	강한 상승추세	단기위험부채 존재
TKO	TKO Group Holdings, Inc.	0001973266	S&P 500	제외	PEG=판정불가, PEGY=판정불가	183.91000366210938	-0.08	2025	1.71	831100000.0		831100000.0	3724063000.0	38061000.0	3737381000.0	6245742000.0	37.436992412093886	62.56300758790611	0.5983886302059868	-14.911329390520558	-15.107508915779817			-500.0			-991.5			79.32000000000001			-56.870209112859605			판정불가									판정불가		판정불가	판정불가			판정불가	N	주당순현금<=0 | FCF<=0 | 순현금차감PER<=0/불가	194011072.0	-1.1236539451024874	-8.283463124099255		-18.247689289932513	194.49359893798828	196.74364990234375	N	N	주의	단기위험부채 존재
VTRS	Viatris Inc	0001792044	S&P 500	제외	PEG=판정불가, PEGY=판정불가	17.6299991607666	-3.0	2025	2.73	1322400000.0	40700000.0	1363100000.0	12480600000.0	0.0	0.0	22481800000.0	0.0	100.0	0.0	-9.211616538238463	-9.211616538238463			-466.03773584905656			-923.5754716981131			2770.7264150943392			15615.975876279395			판정불가							1.6050211285110614	9.103920617777673	판정불가		판정불가	판정불가			판정불가	N	주당순현금<=0 | 순현금차감PER<=0/불가	1206900000.0	15.986838039433815	28.874259996151828		-1.2878020253350608	16.49760000228882	13.986299991607666	Y	Y	강한 상승추세	
V	VISA INC.	0001403161	S&P 500	제외	PEG=판정불가, PEGY=판정불가	365.6700134277344			73.0	17164000000.0	3604000000.0	20768000000.0	19602000000.0	5569000000.0	26437000000.0	61718000000.0	29.98922352674267	70.01077647325732	0.4283515343983927																	판정불가									판정불가		판정불가	판정불가			판정불가	N	주당순현금<=0 | FCF<=0 | 순현금차감PER<=0/불가		11.87700982080575	9.53451277228854		-0.8298748318338545	341.1432012939453	330.3909991455078	Y	Y	강한 상승추세	단기위험부채 존재 | EPS 없음
WYNN	WYNN RESORTS LTD	0001174922	S&P 500	제외	PEG=판정불가, PEGY=판정불가	98.36000061035156	3.14	2025	1.01	1463442000.0	0.0	1463442000.0	10537402000.0	9410000.0	-275492000.0	14139396000.0	-1.9871170487043188	101.9871170487043	-0.01948400058955842	-87.04622852373781	-87.13649837399154	59.04656978792654	59.07531814787997	-27.81609195402298			-47.13218390804596			-147.99505747126432			-250.46264391308785			판정불가				-0.4539822050679752			6.640445881258214	6.751164945152881	판정불가		판정불가	판정불가			판정불가	N	주당순현금<=0	104243000.0	-4.911061205680333	-9.910239663473686		-26.233685831892405	100.39499984741211	109.97589992523193	N	N	주의	단기위험부채 존재
