티커	종목명	CIK	유니버스	종합판정	종합판정사유	현재가	EPS(FY)	EPS기준연도	배당수익률(%)	현금및현금성자산	유가증권성자산	현금성자산합계	장기부채	단기위험부채	주주지분	총부채	주주지분비중	부채비중	주주대부채배수	주당순현금(린치식)	주당순현금(보수형)	순현금차감PER(린치식)	순현금차감PER(보수형)	연간이익증가율(1년,%)	연간이익증가율(3년CAGR,%)	연간이익증가율(5년CAGR,%)	그레이엄적정PER(1년)	그레이엄적정PER(3년)	그레이엄적정PER(5년)	그레이엄내재가치(1년)	그레이엄내재가치(3년)	그레이엄내재가치(5년)	그레이엄괴리율(1년,%)	그레이엄괴리율(3년,%)	그레이엄괴리율(5년,%)	그레이엄사용기준	그레이엄적정PER(선택)	그레이엄내재가치(선택)	그레이엄괴리율(선택,%)	배당감안점수(1년)	배당감안점수(3년)	배당감안점수(5년)	주당잉여현금흐름	잉여현금흐름수익률(%)	배당감안점수기준	배당감안점수	배당감안점수판정	사용연성장률기준	사용연성장률(%)	린치PER배수	린치PER판정	하드필터통과	하드필터사유	발행주식수	3M수익률(보조,%)	6M수익률(보조,%)	12M수익률(보조,%)	52주고점대비(보조,%)	50일이평(보조)	200일이평(보조)	50일선상회(보조)	200일선상회(보조)	추세판정(보조)	비고
BRK-B	BERKSHIRE HATHAWAY INC	0001067983	S&P 500	제외	PEG=매우 유망, PEGY=판정불가	504.32000732421875	3035.0	2013		31583000000.0		31583000000.0			717419000000.0	502473000000.0	58.81004220045709	41.18995779954291	1.4277762188217078	19217.429611745007	19217.429611745007	-6.165769227156767	-6.165769227156767	10.08342401160682	4.546670945333653		28.66684802321364	17.593341890667304		87003.88375045339	53395.79263817527		17151.721622560985	10487.68081034073		3년	17.593341890667304	53395.79263817527	10487.68081034073				15237.402157404884	3021.3757011644825	판정불가		판정불가	3년	4.546670945333653	-1.3561063251091066	매우 유망	N	순현금차감PER<=0/불가	1643456.0	5.084179282754264	2.091138948978033		-4.741032903209663	501.0651983642578	492.28489959716796	Y	Y	강한 상승추세	
CVNA	CARVANA CO.	0001690820	S&P 500	제외	PEG=매우 유망, PEGY=판정불가	75.7699966430664	8.45	2025		2327000000.0		2327000000.0	4830000000.0	211000000.0	3441000000.0	8998000000.0	27.662995417638076	72.33700458236193	0.3824183151811514	-11.160306228458557	-12.101107113078916	10.287609807281061	10.39894719007637	431.4465408805031			871.3930817610062			7363.271540880502			9617.925124857853			1년	871.3930817610062	7363.271540880502	9617.925124857853				3.9638482769075742	5.231422004121601	판정불가		판정불가	1년	431.4465408805031	0.0238444600489459	매우 유망	N	주당순현금<=0	224277000.0	3.79451594940603	13.126698667492875		-20.81722780865999	67.65279968261719	72.60894996643066	Y	Y	상승전환	단기위험부채 존재
SNDK	Sandisk Corp	0002023554	S&P 500	보류	PEG=매우 유망, PEGY=판정불가	1480.77001953125	73.76	2026		4762000000.0		4762000000.0	0.0	0.0	15736000000.0	6771000000.0	69.91602612520549	30.083973874794506	2.324028946979767	30.72258064516129	30.72258064516129	19.65899456190467	19.65899456190467	751.5901060070672			1511.6802120141344			111501.53243816257			7429.969608208255			1년	1511.6802120141344	111501.53243816257	7429.969608208255				74.15483870967742	5.007856569999421	판정불가		판정불가	1년	751.5901060070672	0.0261565371933193	매우 유망	Y		155000000.0	-6.866292180724942	134.15826055500509		-36.58372507360814	1636.4203955078126	952.0283988952636	N	Y	중립/개선	
BXP	BXP, Inc.	0001037540	S&P 500	제외	PEG=매우 유망, PEGY=안심	72.12999725341797	1.74	2025	4.0	1478206000.0		1478206000.0	3300000000.0	750000000.0	5147190000.0	18473924000.0	21.790631889757613	78.20936811024238	0.2786192040196766	-11.467271777376329	-16.188142431814892	48.044407488962236	50.75755154323728	1833.3333333333333	-31.442996126467893	-20.67539892344771	3675.1666666666665	-54.385992252935786	-32.85079784689542	6394.79	-94.63162652010827	-57.16038825359803	8765.645700127869	-231.1959380611567	-179.24634747007343	1년	3675.1666666666665	6394.79	8765.645700127869	38.242397593423206	-0.57120063626079	-0.34708303827617665			1년	38.242397593423206	안심	1년	1833.3333333333333	0.0262060404485248	매우 유망	N	주당순현금<=0 | FCF<=0	158869000.0	18.791165684009382	19.618570756277354		-8.61523251674422	68.04859992980957	63.678700065612794	Y	Y	강한 상승추세	단기위험부채 존재
EQT	EQT Corp	0000033213	S&P 500	제외	PEG=매우 유망, PEGY=안심	54.0	3.31	2025	1.23	110795000.0		110795000.0	7293209000.0	53650000.0	23752677000.0	14432726000.0	62.20355196984565	37.79644803015435	1.6457512600183777	-11.665122125911742	-11.75225631255918	19.838405476106264	19.864730003794314	635.5555555555555	-8.914070517873663		1279.611111111111	-9.328141035747326		4235.512777777778	-30.876146828323648		7743.542181069959	-157.17804968208085		1년	1279.611111111111	4235.512777777778	7743.542181069959	32.09862588616367	-0.38733307105394615		4.608492213143376	8.534244839154399	1년	32.09862588616367	안심	1년	635.5555555555555	0.0312142743505168	매우 유망	N	주당순현금<=0	615717000.0	-2.1207145328561827	-9.060291295622914		-20.5064040079423	52.06979995727539	56.31665004730225	Y	N	주의	단기위험부채 존재
AIG	AMERICAN INTERNATIONAL GROUP, INC.	0000005272	S&P 500	제외	PEG=매우 유망, PEGY=안심	76.37999725341797	5.43	2025	2.58	1345000000.0	13230000000.0	14575000000.0	9191000000.0	250000000.0	41139000000.0	120092000000.0	25.51556462466895	74.48443537533105	0.3425623688505479	9.439817854436424	9.001490502354494	12.327841509941353	12.408564779201376	350.2304147465438	-25.267844119025785		708.9608294930875	-42.03568823805157		3849.6573041474653	-228.25378713262		4940.138049985587	-398.8397425248739		1년	708.9608294930875	3849.6573041474653	4940.138049985587	28.618993394912827	-1.840374415969736				1년	28.618993394912827	안심	1년	350.2304147465438	0.0351992316797009	매우 유망	N	FCF<=0	570349988.0	1.4746919886488463	-4.703685839910654		-11.791199348977099	77.70059967041016	77.39594993591308	N	N	중립/개선	단기위험부채 존재
BKNG	Booking Holdings Inc.	0001075531	S&P 500	매우 유망	PEG=매우 유망, PEGY=안심	213.77999877929688	165.57	2025	79.0	17203000000.0	0.0	17203000000.0	16856000000.0	1880000000.0	-5578000000.0	34842000000.0	-19.060962274466924	119.06096227446692	-0.1600941392572183	10.631453169521125	-46.96835074604002	1.2269647013938259	1.5748526274405805	-4.1229949620707655	29.43673092572357	158.29965811243966	0.2540100758584689	67.37346185144713	325.0993162248793	42.05644825988669	11155.024078744102	53826.693787353266	-80.3272296285748	5117.992395191457	25078.54527771941	3년	67.37346185144713	11155.024078744102	5117.992395191457	61.02620959907757	88.37803630580405	193.40381825399575	278.4092649897362	130.231671147665	3년	88.37803630580405	안심	3년	29.436730925723566	0.0416814185138211	매우 유망	Y		32639000.0	26.97036584844199	28.38097123124552		-6.33018517362125	190.02820007324217	185.8292381286621	Y	Y	강한 상승추세	단기위험부채 존재
EXE	EXPAND ENERGY Corp	0000895126	S&P 500	제외	PEG=매우 유망, PEGY=안심	94.66000366210938	7.57	2025	2.39	616000000.0	0.0	616000000.0	5009000000.0	0.0	18578000000.0	9709000000.0	65.67681267013116	34.323187329868844	1.9134823359769286	-18.27599118026376	-18.27599118026376	14.918889675346517	14.918889675346517	266.3736263736264	-39.005602482843		541.2472527472528	-69.51120496568599		4097.241703296704	-526.199821590243		4228.376869624772	-655.884007218638		1년	541.2472527472528	4097.241703296704	4228.376869624772	18.014988529458638	-2.454311499021963		7.650705162873903	8.082299669228025	1년	18.01498852945864	안심	1년	266.3736263736264	0.0560073828571176	매우 유망	N	주당순현금<=0	240370000.0	2.18048821866319	-10.740215994232017		-22.971760003049525	91.1920997619629	101.78412487030029	Y	N	중립/개선	
SOLV	Solventum Corp	0001964738	S&P 500	제외	PEG=매우 유망, PEGY=판정불가	91.61000061035156	8.88	2025		878000000.0		878000000.0	5035000000.0	0.0	5049000000.0	9245000000.0	35.322512942493354	64.67748705750664	0.5461330448891293	-23.713633770678836	-23.713633770678836	12.98689576362955	12.98689576362955	221.73913043478265			451.9782608695653			4013.5669565217404			4281.144994849201			1년	451.9782608695653	4013.5669565217404	4281.144994849201				-0.05704506560182544	-0.0622694740986385	판정불가		판정불가	1년	221.73913043478265	0.0585683534438195	매우 유망	N	주당순현금<=0 | FCF<=0	175300000.0	20.7141933682073	22.01651355375929		0.0	81.47139938354492	76.65264993667603	Y	Y	강한 상승추세	
CMCSA	COMCAST CORP	0001166691	S&P 500	매우 유망	PEG=매우 유망, PEGY=안심	27.100000381469727	5.39	2025	4.89	9481000000.0	14000000.0	9495000000.0		2781000000.0	96903000000.0					2.559989215421947	1.8101914262604475	4.552877767355803	4.69198681914829	30.193236714975846	64.538600212299	49.1602769351271	68.88647342995169	137.577200424598	106.8205538702542	371.2980917874396	741.5411102885832	575.7627853606701	1270.1036404461586	2636.314021588095	2024.585893933646	3년	137.577200424598	741.5411102885832	2636.314021588095	7.705727785297277	15.249388136466791	11.87167319155114	5.9026691830682125	21.78106678959423	3년	15.249388136466791	안심	3년	64.538600212299	0.0705450343264211	매우 유망	Y		3709000000.0	7.454405706980882	-11.984411901062197		-16.56403705846905	24.23720001220703	26.87703001022339	Y	Y	상승전환	단기위험부채 존재
PGR	PROGRESSIVE CORP/OH/	0000080661	S&P 500	매우 유망	PEG=매우 유망, PEGY=안심	222.08999633789062	19.23	2025	18.0	138000000.0	10005000000.0	10143000000.0	2707900000.0	0.0	30323000000.0	92716000000.0	24.645031250253986	75.35496874974602	0.3270525044221062	12.642577792892364	12.642577792892364	10.891701432397205	10.891701432397205	33.541666666666664	153.53179173781882	14.762613935523516	75.58333333333333	315.56358347563764	38.025227871047036	1453.4675	6068.287710236512	731.2251319602345	554.4497834061267	2632.3552660175383	229.24721690198913	3년	315.56358347563764	6068.287710236512	2632.3552660175383	4.732196065653869	15.748851802676121	3.008034524162736	29.246726747151843	13.168862726556801	3년	15.74885180267612	안심	3년	153.53179173781882	0.070941016900243	매우 유망	Y		588100000.0	12.787563967034021	8.580230579751191		-10.810810313963637	215.80519927978514	210.59249992370604	Y	Y	강한 상승추세	
COHR	COHERENT CORP.	0000820318	S&P 500	제외	PEG=매우 유망, PEGY=판정불가	288.1400146484375	4.12	2026		1162018000.0	825000000.0	1987018000.0	3214308000.0	7916000.0	10903495000.0	7061652000.0	60.69248974138648	39.307510258613526	1.5440430935990614	-6.281328849923486	-6.321843316085513	71.46149114037888	71.47132474867063	892.3076923076924			1793.1153846153848			7387.635384615385			2463.904702243148			1년	1793.1153846153848	7387.635384615385	2463.904702243148				-5.237784499480518	-1.8177914323601292	판정불가		판정불가	1년	892.3076923076924	0.0800861538642177	매우 유망	N	주당순현금<=0 | FCF<=0	195387000.0	-24.209579620313093	7.555065775691583		-32.50251709782124	325.8744012451172	271.33465042114256	N	Y	중립/개선	단기위험부채 존재
T	AT&T INC.	0000732717	S&P 500	제외	PEG=매우 유망, PEGY=안심	25.770000457763672	3.04	2025	4.32	18234000000.0	1890000000.0	20124000000.0	61300000000.0	0.0	126491000000.0	279032000000.0	31.19206555485139	68.80793444514862	0.4533207660770091	-5.73561777406324	-5.73561777406324	10.3636902078378	10.3636902078378	104.02684563758389			216.55369127516778			658.3232214765101			2454.6108256982143			1년	216.55369127516778	658.3232214765101	2454.6108256982143	10.454465876994652			2.7353391837303245	10.614432033920492	1년	10.454465876994652	안심	1년	104.02684563758389	0.0996251510301827	매우 유망	N	주당순현금<=0	7179000000.0	3.5355608264145744	-7.534984995456107		-12.997975261263939	23.002600021362305	25.11944993019104	Y	Y	상승전환	
MOS	MOSAIC CO	0001285785	S&P 500	제외	PEG=매우 유망, PEGY=불리(<1)	24.270000457763672	1.7	2025	3.67	276600000.0		276600000.0	3834100000.0	759900000.0	12084900000.0					-11.155534650360615	-13.538413295703982	20.838550063602522	22.240243384392738	209.09090909090904	-44.713769482781785	-0.5780734258513109	426.6818181818181	-80.92753896556357	7.343853148297378	725.3590909090907	-137.57681624145806	12.484550352105542	2888.7065398758873	-666.8595535499834	-48.55974406002993	1년	426.6818181818181	725.3590909090907	2888.7065398758873	10.209967029449235	-1.9696077393825273	0.14837532192554878	-1.6763875823142051	-6.907241659230993	5년	0.1483753219255487	불리(<1)	1년	209.09090909090904	0.0996626307389686	매우 유망	N	주당순현금<=0 | FCF<=0	318900000.0	2.3187232728945517	-10.044474167726502		-32.45198928020178	22.28740001678467	24.549400005340576	Y	N	중립/개선	단기위험부채 존재
TTD	Trade Desk, Inc.	0001671933	S&P 500	보류	PEG=매우 유망, PEGY=판정불가	13.25	0.9	2025		658175000.0	644882000.0	1303057000.0			2484391000.0	3668829000.0	40.37546195325375	59.62453804674625	0.6771618410124866	2.6401668723191727	2.6401668723191727	11.78870347520092	11.78870347520092	15.384615384615383	101.50381586419562	-28.890526663955164	39.26923076923077	211.50763172839123	-49.28105332791033	35.34230769230769	190.35686855555213	-44.352947995119294	166.73439767779394	1336.655611740016	-434.7392301518438	3년	211.50763172839123	190.35686855555213	1336.655611740016				1.6122143405646023	12.167655400487565	판정불가		판정불가	3년	101.50381586419562	0.1161404955550962	매우 유망	Y		493551000.0	-40.556305716569206	-47.337042605893096		-76.06575170896505	17.26440013885498	26.200075092315675	N	N	주의	
GPN	GLOBAL PAYMENTS INC	0001123360	S&P 500	제외	PEG=매우 유망, PEGY=안심	93.81999969482422	5.78	2025	1.06	8336402000.0		8336402000.0	9090364000.0	35137000.0	22888767000.0	29559003000.0	43.641068056849704	56.3589319431503	0.7743416447435659	-3.1154424647119106	-3.2606318799378533	16.77083774386438	16.795957019855027	-6.168831168831167	143.56933796914083	56.79044787371208	-3.8376623376623336	295.63867593828166	122.08089574742417	-22.18168831168829	1708.791546923268	705.6275774201117	-123.64281430807975	1721.3510471984548	652.1078445058225	3년	295.63867593828166	1708.791546923268	1721.3510471984548	-0.3046258777800313	8.62385887801303	3.4494667921330704	10.570125780965919	11.266388632858886	3년	8.62385887801303	안심	3년	143.56933796914083	0.1168135061503811	매우 유망	N	주당순현금<=0	242008000.0	27.715764857197065	20.374643002296857		-1.065066030505668	80.60180007934571	75.01440013885498	Y	Y	강한 상승추세	단기위험부채 존재
AIZ	ASSURANT, INC.	0001267238	S&P 500	매우 유망	PEG=매우 유망, PEGY=안심	285.1499938964844	16.93	2025	1.22	1834100000.0	402500000.0	2236600000.0	2006900000.0	0.0	5871600000.0	30418000000.0	16.17984215863498	83.82015784136502	0.19303044250115065	4.496282384855581	4.496282384855581	16.57730132968865	16.57730132968865	17.08160442600276	137.11065981498948	49.9928022766621	42.66320885200552	282.72131962997895	108.4856045533242	722.2881258644534	4786.471941335543	1836.6612850877787	153.30111917402306	1578.580411638773	544.1035680872316	3년	282.72131962997895	4786.471941335543	1578.580411638773	1.1040159107939975	8.34458257492431	3.089332893101483	31.288018127789123	10.972477221636327	3년	8.34458257492431	안심	3년	137.11065981498948	0.1209045405518233	매우 유망	Y		51086649.0	13.127825382208268	27.225265553167		-5.444842997958077	276.9431994628906	243.42759979248046	Y	Y	강한 상승추세	
APA	APA Corp	0001841666	S&P 500	제외	PEG=매우 유망, PEGY=안심	41.349998474121094	3.99	2025	2.33	516000000.0		516000000.0			6093000000.0					1.4373259052924792	1.4373259052924792	10.003176082413185	10.003176082413185	75.77092511013217	-28.726114714581406		160.04185022026434	-48.95222942916281		638.5669823788547	-195.31939542235963		1444.297475073674	-572.3564755258705		1년	160.04185022026434	638.5669823788547	1444.297475073674	7.807612748859155	-2.638773375287178				1년	7.807612748859155	안심	1년	75.77092511013217	0.1320186610876623	매우 유망	N	FCF<=0	359000000.0	12.916438231017956	48.52729255562656		-6.848391433490897	36.351799964904785	32.81930006980896	Y	Y	강한 상승추세	
EIX	EDISON INTERNATIONAL	0000827052	S&P 500	제외	PEG=매우 유망, PEGY=안심	74.77999877929688	11.55	2025	4.75	158000000.0	10000000.0	168000000.0	36070000000.0	2390000000.0	17579000000.0	74767000000.0	19.03601671972798	80.96398328027202	0.2351170971150374	-93.01036269430051	-99.20207253886011	14.527304023688085	15.06338279810883	248.9425981873112	93.26535131289802	52.72616154177432	506.3851963746224	195.03070262579604	113.95232308354863	5848.7490181268895	2252.6046153279444	1316.1493316149867	7721.274556835293	2912.308975794723	1660.0285545596553	3년	195.03070262579604	2252.6046153279444	2912.308975794723	17.463157498021825	6.746974604033557	3.956423122146699	-1.8523316062176165	-2.477041503684059	3년	6.746974604033557	안심	3년	93.26535131289802	0.1557631405359757	매우 유망	N	주당순현금<=0 | FCF<=0	386000000.0	4.353886349069791	-0.5585082260500362		-6.966905530570877	74.1852001953125	68.30584999084472	Y	Y	상승전환	단기위험부채 존재
PODD	INSULET CORP	0001145197	S&P 500	제외	PEG=매우 유망, PEGY=판정불가	143.0500030517578	3.48	2025		907200000.0	0.0	907200000.0	1374300000.0	18400000.0	1515200000.0	1675200000.0	47.492477432296894	52.50752256770311	0.9044890162368673	-6.49778816459394	-6.753748991458698	42.97350322308959	43.04705518483233	-39.7923875432526	267.70008870907657	103.38356182130251	-71.0847750865052	543.9001774181531	215.26712364260501	-247.3750173010381	1892.7726174151728	749.1295902762654	-272.92905419340246	1223.1545452888504	423.68372897218194	3년	543.9001774181531	1892.7726174151728	1223.1545452888504				5.2541524079793005	3.6729481271512188	판정불가		판정불가	3년	267.70008870907657	0.1605285356098297	매우 유망	N	주당순현금<=0	71886000.0	-2.0272526309420114	-42.34644290388807		-59.45524627794021	154.23299926757812	217.42595077514648	N	N	주의	단기위험부채 존재
DASH	DoorDash, Inc.	0001792789	S&P 500	보류	PEG=매우 유망, PEGY=판정불가	233.5	2.13	2025		4378000000.0	1128000000.0	5506000000.0			10033000000.0	9613000000.0	51.0689198819098	48.9310801180902	1.0436908353271612	12.52257292704339	12.52257292704339	103.7452709262707	103.7452709262707	634.4827586206897			1277.4655172413793			2721.0015517241377			1065.3111570553053			1년	1277.4655172413793	2721.0015517241377	1065.3111570553053				4.944437621393449	2.1175321719029765	판정불가		판정불가	1년	634.4827586206897	0.1635115683077092	매우 유망	Y		439686000.0	48.17870115926319	34.92430561311131		-17.122166503322767	194.68580078125	187.44690017700196	Y	Y	강한 상승추세	
MCHP	MICROCHIP TECHNOLOGY INC	0000827054	S&P 500	제외	PEG=매우 유망, PEGY=안심	73.5	0.22	2026	2.45	240300000.0	0.0	240300000.0	5496400000.0	0.0	6432400000.0					-9.64068231841526	-9.64068231841526	377.91219235643297	377.91219235643297	2300.0	-62.033647476478926	-29.795234328396646	4608.5	-115.56729495295785	-51.09046865679329	1013.87	-25.424804889650726	-11.239903104494525	1279.4149659863945	-134.59157127843636	-115.29238517618303	1년	4608.5	1013.87	1279.4149659863945	6.09255283785185	-0.1576653219493956	-0.0723586983470637	1.5975788701393985	2.1735766940672088	1년	6.09255283785185	안심	1년	2300.0	0.164309648850623	매우 유망	N	주당순현금<=0	545200000.0	-24.109446403719204	-2.610310307193564		-28.58530770730463	83.56420013427734	76.64940013885499	N	N	주의	
ACGL	ARCH CAPITAL GROUP LTD.	0000947484	S&P 500	제외	PEG=매우 유망, PEGY=안심	100.55999755859375	11.6	2025	4.9721560475243916	993000000.0		993000000.0			24206000000.0	55035000000.0	30.54731767645537	69.45268232354464	0.4398291996002544	2.641660015961692	2.641660015961692	8.441235995054488	8.441235995054488	3.663985701519215	45.06349306453876	17.271170538952106	15.827971403038429	98.62698612907752	43.04234107790421	183.60446827524578	1144.0730390972992	499.29115650368885	82.58201345745273	1037.7019360314491	396.5107086570528	3년	98.62698612907752	1144.0730390972992	1037.7019360314493	1.0230897174422453	5.927526388478869	2.635079341403121			3년	5.927526388478869	안심	3년	45.06349306453876	0.1873187234501588	매우 유망	N	FCF<=0	375900000.0	10.021877330189422	1.2077263897653179		-5.5597347968663	99.0945997619629	95.77714977264404	Y	Y	강한 상승추세	
PSX	Phillips 66	0001534701	S&P 500	제외	PEG=매우 유망, PEGY=안심	236.89999389648438	10.79	2025	2.1	1116000000.0		1116000000.0	1100000000.0	0.0	29093000000.0	43439000000.0	40.110571885512606	59.889428114487394	0.6697437786321048	0.03921059274162915	0.03921059274162915	21.9518798242579	21.9518798242579	116.2324649298597	-22.599870532058443		240.9649298597194	-36.699741064116886		2600.011593186372	-395.99020608182116		997.5144196594919	-267.1550089844463		1년	240.9649298597194	2600.011593186372	997.5144196594919	5.3905390279650005	-0.9338548997250378				1년	5.3905390279650005	안심	1년	116.2324649298597	0.188861862625943	매우 유망	N	FCF<=0	408053000.0	35.65824158079758	55.947592775665164		-2.7064813536524013	201.64840057373047	167.99790031433105	Y	Y	강한 상승추세	
UAL	United Airlines Holdings, Inc.	0000100517	S&P 500	제외	PEG=매우 유망, PEGY=안심	117.41000366210938	10.2	2025	1.8311897904265624	5942000000.0	6298000000.0	12240000000.0	17170000000.0	4096000000.0	15282000000.0					-15.007610350076103	-27.476407914764078	12.982119020802498	14.204550154595438	7.936507936507938	65.99631084110487		24.373015873015873	140.49262168220974		248.6047619047619	1433.0247411585392		111.74069853554714	1120.5303606689229		3년	140.49262168220974	1433.0247411585392	1120.5303606689229	0.752396254516137	5.224686395406243				3년	5.224686395406243	안심	3년	65.99631084110487	0.1967097683999144	매우 유망	N	주당순현금<=0 | FCF<=0	328500000.0	4.253241696597909	4.022327283645621		-13.738885360654384	123.58459991455078	107.72544982910156	N	Y	상승전환	단기위험부채 존재
DAL	DELTA AIR LINES, INC.	0000027904	S&P 500	제외	PEG=매우 유망, PEGY=안심	83.62000274658203	7.66	2025	94.0	4310000000.0	0.0	4310000000.0	11936000000.0	1372000000.0	20853000000.0					-11.660550458715596	-13.758409785932722	12.438714517662875	12.712586492495399	43.71482176360225	54.92464741024845		95.9296435272045	118.34929482049691		734.8210694183865	906.5555983250064		778.7623119857196	984.1372501175408		3년	118.34929482049691	906.5555983250064	984.1372501175407	11.071467358467654	11.972671870455475				3년	11.972671870455477	안심	3년	54.924647410248454	0.2264687185837431	매우 유망	N	주당순현금<=0 | FCF<=0	654000000.0	2.224938419223088	20.524655602321374		-10.719624730902154	87.63979965209961	73.35369983673095	N	Y	상승전환	단기위험부채 존재
EOG	EOG RESOURCES INC	0000821189	S&P 500	제외	PEG=매우 유망, PEGY=안심	146.8300018310547	9.12	2025	2.72	3396000000.0		3396000000.0	7909000000.0	27000000.0	29833000000.0					-8.265567765567766	-8.315018315018316	17.006093157524393	17.01151536689397	-18.93333333333334	-11.640253534777134	73.5055490536587	-29.36666666666668	-14.780507069554268	155.5110981073174	-267.8240000000001	-134.79822447433492	1418.2612147387345	-282.4041385684673	-191.8056410769757	865.9205864279782	5년	155.5110981073174	1418.2612147387345	865.9205864279782	-0.9533837773997909	-0.5245327925791317	4.482249294273241			5년	4.482249294273241	안심	5년	73.5055490536587	0.231357950201964	매우 유망	N	주당순현금<=0 | FCF<=0	546000000.0	9.329857404744768	19.861225984534435		-4.0640320788492	139.47039916992188	127.17779968261719	Y	Y	강한 상승추세	단기위험부채 존재
GEV	GE Vernova Inc.	0001996810	S&P 500	제외	PEG=매우 유망, PEGY=안심	926.72998046875	17.69	2025	21.0	8848000000.0		8848000000.0		63000000.0	11178000000.0	50720000000.0	18.058741801027498	81.9412581989725	0.22038643533123028	32.05797101449275	31.829710144927535	50.57501466671889	50.58791805109228	217.02508960573476			442.5501792114695			7828.712670250897			744.7673902047551			1년	442.5501792114695	7828.712670250897	744.7673902047551	4.706377075207616					1년	4.706377075207616	안심	1년	217.02508960573476	0.2330376398350878	매우 유망	N	FCF<=0	276000000.0	-10.191011899220214	5.789884834386205		-21.119963908598237	1035.477999267578	871.8624984741211	N	Y	중립/개선	단기위험부채 존재
POOL	POOL CORP	0000945841	S&P 500	제외	PEG=매우 유망, PEGY=안심	186.36000061035156	10.85	2025	2.76	16358000.0		16358000.0	1186424000.0	13029000.0	1185229000.0	2440897000.0	32.68581952199124	67.31418047800877	0.48557108308953634	-31.379156833297575	-31.72857219480798	20.068125110013746	20.100329290798115	-3.982300884955761	81.32295304049583	49.55892924246974	0.5353982300884779	171.14590608099167	107.61785848493948	5.809070796459984	1856.9330809787596	1167.6537645615933	-96.88287680970457	896.4225557507399	526.558145920469	3년	171.14590608099167	1856.9330809787596	896.4225557507399	-0.06090757747697358	4.189875864314772	2.6070661287816685	8.300686547951084	4.4541138231194095	3년	4.189875864314772	안심	3년	81.32295304049583	0.2467707376541105	매우 유망	N	주당순현금<=0	37288000.0	1.0574247109799595	-13.220022998672142		-44.14003856546708	199.64440063476562	218.02205017089844	N	N	중립/개선	단기위험부채 존재
PRU	PRUDENTIAL FINANCIAL INC	0001137774	S&P 500	제외	PEG=매우 유망, PEGY=안심	120.1500015258789	9.99	2025	4.57	19712000000.0	7800000000.0	27512000000.0	18856000000.0		32438000000.0	738159000000.0	4.209463571750215	95.79053642824978	0.043944461830039326	24.47271699180096	24.47271699180096	9.577305759166961	9.577305759166961	33.2		37.53520846738611	74.9		83.57041693477223	748.2510000000001		834.8684651783745	522.7640370348522		594.855143217417	5년	83.57041693477223	834.8684651783745	594.855143217417	3.9436978362989277		4.396352118870688			5년	4.396352118870688	안심	5년	37.53520846738611	0.2551552568966965	매우 유망	N	FCF<=0	353700000.0	18.386051881838416	19.125521315481286		-3.9798576175570366	117.1165998840332	107.44615020751954	Y	Y	강한 상승추세	
EG	EVEREST GROUP, LTD.	0001095073	S&P 500	제외	PEG=매우 유망, PEGY=안심	375.3900146484375	37.8	2025	2.12	656095000.0	331000000.0	987095000.0		50000000.0	15461000000.0	47054000000.0	24.73166440054387	75.26833559945612	0.32857992944276787	23.728245192307693	22.526322115384616	9.30322141418333	9.335018320980236	18.942731277533024	35.51207914489844	88.45989078523058	46.38546255506605	79.52415828979689	185.41978157046117	1753.3704845814966	3006.013183354322	7008.867743363432	367.07968144106695	700.770682770966	1767.0895521628136	3년	79.52415828979689	3006.013183354322	700.770682770966	2.2640255820872546	4.045058960708603	9.736400624318799			3년	4.045058960708603	안심	3년	35.51207914489844	0.2619734365938921	매우 유망	N	FCF<=0	41600000.0	9.337963280240235	11.78643202334606		-5.846500337323713	367.1643988037109	340.65054916381837	Y	Y	강한 상승추세	단기위험부채 존재
FCX	FREEPORT-MCMORAN INC	0000831259	S&P 500	제외	PEG=매우 유망, PEGY=안심	79.91000366210938	2.9	2021	77.0	3824000000.0		3824000000.0	8913000000.0	466000000.0	18899000000.0	27401000000.0	40.81857451403887	59.18142548596113	0.6897193533082734	-3.5266805266805266	-3.8496188496188495	28.771270409927553	28.882628452320077	607.3170731707318	106.36118797315696		1223.1341463414635	221.22237594631395		3547.089024390244	641.5448902443104		4338.854788930706	702.8342646022294		3년	221.22237594631395	641.5448902443104	702.8342646022294	23.784736072502643	6.3730654003338				3년	6.3730654003338	안심	3년	106.36118797315697	0.270505350289889	매우 유망	N	주당순현금<=0 | FCF<=0	1443000000.0	25.58541933162404	16.11450743455787		0.0	65.13480041503907	59.53775011062622	Y	Y	강한 상승추세	단기위험부채 존재
APP	AppLovin Corp	0001751008	S&P 500	제외	PEG=매우 유망, PEGY=판정불가	310.5400085449219	9.75	2025		2487096000.0		2487096000.0	3512987000.0	0.0	2134671000.0	5124939000.0	29.404761412803165	70.59523858719683	0.41652612840855274	-2.9999444395707227	-2.9999444395707227	32.15794389584539	32.15794389584539	115.23178807947019			238.96357615894038			2329.8948675496686			650.2720433565752			1년	238.96357615894038	2329.8948675496686	650.2720433565752				11.598438459513993	3.734925658648649	판정불가		판정불가	1년	115.23178807947019	0.2790718119696928	매우 유망	N	주당순현금<=0	341970000.0	-45.311096772154734	-26.347744480084355		-57.66902687027915	419.92819946289063	497.09192611694334	N	N	주의	
UHS	UNIVERSAL HEALTH SERVICES INC	0000352915	S&P 500	제외	PEG=매우 유망, PEGY=안심	175.75999450683594	23.1	2025	45.0	137797000.0		137797000.0	4004393000.0	748158000.0	7275792000.0					-59.98256337066799	-71.58874996121746	10.205305535822681	10.707737855759886	37.336504161712256	36.21405696848752	45.03135209620262	83.17300832342451	80.92811393697504	98.56270419240523	1921.2964922711064	1869.4394319441235	2276.798466844561	993.1364089206205	963.631935805172	1195.4019902157017	3년	80.92811393697504	1869.4394319441235	963.6319358051721	8.068009710507393	7.958023077644249	8.822014370875465	13.174350780304676	7.495648152055602	3년	7.958023077644249	안심	3년	36.21405696848752	0.2818050886898162	매우 유망	N	주당순현금<=0	64462000.0	13.915355599819579	-23.824384448745562		-28.020312974532857	158.9547998046875	188.22980018615723	Y	N	중립/개선	단기위험부채 존재
NXPI	NXP Semiconductors N.V.	0001413447	S&P 500	제외	PEG=매우 유망, PEGY=안심	224.75	7.95	2025	1.82	3267000000.0		3267000000.0	10972000000.0	307000000.0	10056000000.0					-30.295166534948553	-31.502254935497444	32.081153023263965	32.23298804220094	-18.293936279547793	-9.000664080454257	113.31378642177046	-28.087872559095587	-9.501328160908514	235.12757284354092	-223.29858684480993	-75.53555887922269	1869.2642041061504	-199.3542099420734	-133.6087025046597	731.7082109482316	5년	235.12757284354092	1869.2642041061504	731.7082109482316	-0.5135082354303648	-0.22382811725149426	3.5888294394618563	9.526955031042224	4.2389121383947606	5년	3.5888294394618563	안심	5년	113.31378642177046	0.2831178273740957	매우 유망	N	주당순현금<=0	254331000.0	-31.736724982889243	-4.390184626992822		-32.44055943478589	263.17660064697264	242.753150100708	N	N	주의	단기위험부채 존재
INCY	INCYTE CORP	0000879169	S&P 500	보류	PEG=매우 유망, PEGY=판정불가	129.72000122070312	6.41	2025		3097817000.0	284870000.0	3382687000.0	316153000.0	689118000.0	5167478000.0	1790495000.0	74.26700276071782	25.732997239282184	2.8860611171770936	15.279192825112107	11.845620328849028	17.853480248922157	18.38913898468863	4173.333333333333	61.56160063417288	56.62815181550294	8355.166666666666	131.62320126834578	121.75630363100588	53556.61833333333	843.7047201300965	780.4579062747476	41186.32271766104	550.4044959841108	501.6480873654106	3년	131.62320126834578	843.7047201300965	550.4044959841108				6.800189337319382	5.242205730286472	판정불가		판정불가	3년	61.56160063417288	0.2900100072935998	매우 유망	Y		200700000.0	33.264851141368126	29.74594605442875		-0.161618923201301	117.02600006103516	103.89660007476806	Y	Y	강한 상승추세	단기위험부채 존재
IBM	INTERNATIONAL BUSINESS MACHINES CORP	0000051143	S&P 500	제외	PEG=매우 유망, PEGY=안심	234.19000244140625	11.17	2025	2.93	13587000000.0	608000000.0	14195000000.0	54836000000.0	6424000000.0	32648000000.0	119139000000.0	21.509088393604195	78.49091160639581	0.2740328523825112	-42.839739881982034	-49.61128804767315	24.801230288575496	25.40745662391042	73.71695178849146	83.76390990316042	12.386209881346621	155.9339035769829	176.02781980632085	33.27241976269325	1741.7817029548992	1966.230747236604	371.65292874928355	643.7472500093972	739.5878247315659	58.69717958701939	3년	176.02781980632085	1966.230747236604	739.5878247315659	3.090449582406334	3.495548764897173	0.6175584720247496	12.756736597321586	5.447173860683181	3년	3.495548764897173	안심	3년	83.76390990316042	0.2960849167290332	매우 유망	N	주당순현금<=0	948675228.0	-8.23275656664566	-1.4102849791240324		-28.867358798851594	245.72119873046876	265.29069984436035	N	N	주의	단기위험부채 존재
NOC	NORTHROP GRUMMAN CORP /DE/	0001133421	S&P 500	제외	PEG=매우 유망, PEGY=안심	542.52001953125	29.08	2025	1.8	4403000000.0	250000000.0	4653000000.0	15162000000.0	534000000.0	16674000000.0	34703000000.0	32.45421102828114	67.54578897171886	0.4804771921735873	-73.08066759388039	-76.7941585535466	21.16921207445428	21.2969112133699	2.6111503175723305	-2.5984458859345416	71.32693092917182	13.722300635144661	3.3031082281309168	151.15386185834365	399.0445024700067	96.05438727404706	4395.554302840633	-26.44612399468862	-82.2947755260644	710.2105258048347	5년	151.15386185834365	4395.554302840633	710.2105258048347	0.20837574407861117	-0.037717317164489915	3.454400223871202	22.99721835883171	4.238962163774499	5년	3.454400223871202	안심	5년	71.32693092917182	0.2967912932560559	매우 유망	N	주당순현금<=0	143800000.0	-1.5997400686692531	-22.899168520172697		-29.36121380502955	541.9621984863281	604.0426000976563	Y	N	주의	단기위험부채 존재
PYPL	PayPal Holdings, Inc.	0001633917	S&P 500	매우 유망	PEG=매우 유망, PEGY=안심	62.27000045776367	5.41	2025	91.0	8049000000.0	2373000000.0	10422000000.0	9987000000.0		20256000000.0	59917000000.0	25.26536365110449	74.7346363488955	0.3380676602633643	0.4493801652892562	0.4493801652892562	11.427101717647766	11.427101717647766	35.58897243107769	37.30414865193261	32.59424256515169	79.67794486215539	83.10829730386523	73.68848513030338	431.05768170426063	449.6158884139109	398.6547045549413	592.239727855209	622.0425326941745	540.2034713735706	3년	83.10829730386523	449.6158884139109	622.0425326941745	11.077959710079107	11.228056931862477	10.815887144355724	5.74793388429752	9.230662987061022	3년	11.228056931862476	안심	3년	37.304148651932614	0.3063225440223459	매우 유망	Y		968000000.0	42.29890961198268	31.593408409456636		-18.205697222761998	52.84700012207031	51.39517511367798	Y	Y	강한 상승추세	
DHI	HORTON D R INC /DE/	0000882184	S&P 500	매우 유망	PEG=매우 유망, PEGY=안심	150.8000030517578	11.57	2025	1.21	2985400000.0		2985400000.0			24190400000.0	10729000000.0	69.27495890536493	30.725041094635074	2.254674247366949	9.633430138754436	9.633430138754436	12.201086682195623	12.201086682195623	-19.316596931659692	-11.176320062438394	38.872760394269434	-30.133193863319384	-13.852640124876789	86.24552078853887	-348.6410529986053	-160.27504624482447	997.8606755233948	-331.19432754848435	-206.28318501413733	561.7113099002441	5년	86.24552078853887	997.8606755233948	561.7113099002441	-1.4840151048251837	-0.8168387228148867	3.285179544930208	10.595353339787028	7.026096236981158	5년	3.285179544930208	안심	5년	38.872760394269434	0.3138724021254299	매우 유망	Y		309900000.0	2.0228709441516557	-4.229647769678923		-18.061286376323505	151.51579986572267	149.80419998168946	N	Y	상승전환	
CPB	CAMPBELL'S Co	0000016732	S&P 500	제외	PEG=매우 유망, PEGY=안심	23.469999313354492	2.01	2025	6.46	132000000.0		132000000.0	2244000000.0	332000000.0	3902000000.0	10992000000.0	26.19846918222103	73.80153081777897	0.3549854439592431	-7.04	-8.146666666666667	15.17910413599726	15.729684567174708	6.3492063492063435	-7.137412911717755	48.32269407146974	21.19841269841269	-5.77482582343551	105.14538814293948	42.6088095238095	-11.607399905105373	211.34223016730834	81.54584904297364	-149.4563282688327	800.4782119744419	5년	105.14538814293948	211.34223016730834	800.4782119744419	0.8438710370811211	-0.04462799027192057	3.609086121331267	2.35	10.012782568182027	5년	3.609086121331267	안심	5년	48.32269407146974	0.3141195752361657	매우 유망	N	주당순현금<=0	300000000.0	14.487801528558508	-11.400530327887559		-31.031442388316687	22.474799880981447	24.41699993133545	Y	N	중립/개선	단기위험부채 존재
AWK	American Water Works Company, Inc.	0001410636	S&P 500	제외	PEG=매우 유망, PEGY=안심	137.60000610351562	5.69	2025	2.56	98000000.0		98000000.0	5212881000.0	1588000000.0	10837000000.0					-26.230158974358975	-34.373748717948715	28.79264764110274	30.223858492348743	366.3934426229509	91.51777276233976	48.04865146769342	741.2868852459018	191.5355455246795	104.59730293538684	4217.922377049182	1089.8372540354264	595.1586537023511	2965.3504287463948	692.0328529749836	332.528072167829	3년	191.5355455246795	1089.8372540354264	692.0328529749836	12.814154753043761	3.267423473346706	1.7576935646393075	-5.471794871794872	-3.9765949339264384	3년	3.267423473346706	안심	3년	91.51777276233975	0.3146126350329095	매우 유망	N	주당순현금<=0 | FCF<=0	195000000.0	11.164976135490345	2.5182572284846216		-5.384024593689995	133.2610008239746	131.2093003463745	Y	Y	강한 상승추세	단기위험부채 존재
NVR	NVR INC	0000906163	S&P 500	매우 유망	PEG=매우 유망, PEGY=안심	6433.740234375	436.55	2025	0.012760850921730684	2809782000.0		2809782000.0	600115000.0		3864869000.0	1992061000.0	65.98796639194937	34.012033608050636	1.9401358693333186	719.9716008227812	719.9716008227812	13.08846325404242	13.08846325404242	-13.842783556020443	-3.895748108815445	41.51016978111202	-19.185567112040886	0.7085037823691112	91.52033956222404	-8375.45932276145	309.2973261932355	39953.2042358889	-230.18025312884077	-95.1925736053084	520.9949855050392	5년	91.52033956222404	39953.2042358889	520.9949855050392	-1.0566574880994726	-0.2966725109377863	3.172483264542859	357.3721703051348	5.554656502849176	5년	3.172483264542859	안심	5년	41.51016978111202	0.3153073890822278	매우 유망	Y		3069103.0	5.504357961025774	-11.662550581189656		-24.68991882974365	6439.397392578125	6844.934545898437	N	N	중립/개선	
HIG	HARTFORD INSURANCE GROUP, INC.	0000874766	S&P 500	제외	PEG=매우 유망, PEGY=안심	138.22000122070312	13.32	2025	1.73	177000000.0	1843000000.0	2020000000.0	4371000000.0	0.0	18979000000.0	67018000000.0	22.06937451306441	77.93062548693558	0.2831925751290698	-8.205933682373473	-8.205933682373473	10.992938055786531	10.992938055786531	28.69565217391305	34.78299680616526	55.39512065939527	65.8913043478261	78.06599361233052	119.29024131879054	877.6721739130436	1039.8390349162426	1588.94601436629	534.9820331079425	652.3072100512262	1049.5774854097538	3년	78.06599361233052	1039.8390349162426	652.3072100512262	2.767745257865563	3.321495729428341	5.196528932438166	20.080279232111693	14.5277666435905	3년	3.321495729428341	안심	3년	34.78299680616526	0.3160434426351108	매우 유망	N	주당순현금<=0	286500000.0	4.958613910119958	-2.013325100697627		-5.1208071321644955	137.82480010986328	135.96514961242676	Y	Y	상승전환	
DIS	Walt Disney Co	0001744489	S&P 500	제외	PEG=매우 유망, PEGY=안심	111.25	6.85	2025	1.36	5695000000.0		5695000000.0	35315000000.0	6711000000.0	109869000000.0					-16.35560463832137	-20.06129210381005	18.628555421652756	19.16953169398687	151.8382352941176	58.50904212609996		312.1764705882352	125.51808425219991		2138.408823529411	859.7988771275693		1822.1652346331787	672.8529232607365		3년	125.51808425219991	859.7988771275693	672.8529232607365	8.223838715698204	3.2138317100268354		5.564329099944782	5.001644134781827	3년	3.2138317100268354	안심	3년	58.509042126099956	0.3183876328295392	매우 유망	N	주당순현금<=0	1811000000.0	6.786331036776705	5.90194837518232		-6.386735587159098	100.29180053710938	104.08955024719238	Y	Y	상승전환	단기위험부채 존재
LULU	lululemon athletica inc.	0001397187	S&P 500	보류	PEG=매우 유망, PEGY=판정불가	118.33000183105469	13.26	2025		881320000.0		881320000.0		0.0	4961840000.0	3494903000.0	58.673179497118454	41.326820502881546	1.4197361128477672	7.4018208082776225	7.4018208082776225	8.365624511521649	8.365624511521649	-9.426229508196727	25.676965842053367	24.12698368466455	-10.352459016393453	59.85393168410673	56.7539673693291	-137.27360655737718	793.6631341312552	752.5576073173038	-216.00913076412286	570.7201232569956	535.9820803449034	3년	59.85393168410673	793.6631341312552	570.7201232569956				7.740744784492895	6.541658636619241	판정불가		판정불가	3년	25.676965842053367	0.3258026887982437	매우 유망	Y		119068000.0	-9.699322425425638	-35.17940298390192		-45.187141395846965	117.63920028686523	154.8319995880127	Y	N	주의	
WDC	WESTERN DIGITAL CORP	0000106040	S&P 500	매우 유망	PEG=매우 유망, PEGY=안심	450.75	24.28	2026	14.000000000000002	1579000000.0	24000000.0	1603000000.0	0.0	255000000.0	8864000000.0	4997000000.0	63.94921001370753	36.05078998629247	1.7738643185911547	4.185378590078329	3.519582245430809	18.392282595136805	18.419704190880115	3137.3333333333335		55.622865998828615	6283.166666666667		119.74573199765723	152555.28666666668		2907.4263729031177	33744.76687003143		545.0197166729047	5년	119.74573199765723	2907.4263729031177	545.0197166729047	171.33998007221751		3.785439117667643	9.167101827676241	2.0337441658738196	5년	3.785439117667643	안심	5년	55.622865998828615	0.3306604624710301	매우 유망	Y		383000000.0	-15.048997222014526	54.923519879167394		-39.59636951106441	544.3052001953125	361.13994888305666	N	Y	중립/개선	단기위험부채 존재
STE	STERIS plc	0001757898	S&P 500	제외	PEG=매우 유망, PEGY=안심	236.44000244140625	7.93	2026	1.08	220531000.0		220531000.0	1812800000.0	118900000.0	7183600000.0	3540000000.0	66.98869782535716	33.01130217464284	2.029265536723164	-16.13241134751773	-17.33707193515704	31.85024133529937	32.002153137019334	27.903225806451605	94.9679101546837	50.70740889939833	64.3064516129032	198.4358203093674	109.91481779879666	509.9501612903224	1573.5960550532834	871.6245051444575	115.67846219960032	565.5371505687776	268.6451091796366	3년	198.4358203093674	1573.5960550532834	565.5371505687776	0.9099844959205923	3.015610121868513	1.6259659810490277	9.852077001013171	4.166840170564911	3년	3.015610121868513	안심	3년	94.9679101546837	0.3353789852111277	매우 유망	N	주당순현금<=0	98700000.0	11.07248924924491	-6.032903970414372		-11.989574608920039	221.08860076904296	234.13735054016112	Y	Y	상승전환	단기위험부채 존재
CAH	CARDINAL HEALTH INC	0000721371	S&P 500	매우 유망	PEG=매우 유망, PEGY=안심	237.9199981689453	7.23	2026	89.0	4856000000.0	200000000.0	5056000000.0	2502000000.0	855000000.0	-2883000000.0					10.776371308016877	7.168776371308017	31.416822525716242	31.915798312259653	12.093023255813957	93.36569678851458	28.29655427495148	32.686046511627914	195.23139357702917	65.09310854990295	236.32011627906982	1411.522975561921	470.62317481579834	-0.6724453186736423	493.2763056595219	97.80732113221191	3년	195.23139357702917	1411.522975561921	493.2763056595219	3.217799100245235	5.804714866986918	3.733558802101593	19.09282700421941	8.02489372526883	3년	5.804714866986918	안심	3년	93.36569678851458	0.3364921336888795	매우 유망	Y		237000000.0	19.055245460807946	5.190558790932864		-0.9739433910725626	232.1902001953125	214.30965003967285	Y	Y	강한 상승추세	단기위험부채 존재
CRM	Salesforce, Inc.	0001108524	S&P 500	제외	PEG=매우 유망, PEGY=안심	205.69000244140625	7.8	2025	84.0	7327000000.0	57139000.0	7384139000.0	10439000000.0	4000000000.0	59142000000.0	53163000000.0	52.66194737545078	47.33805262454922	1.1124654364877828	-3.19546129707113	-7.379561715481172	26.780187658779152	27.31661078934454	85.7142857142857	74.02472751880647	12.233911375838758	179.9285714285714	156.54945503761294	32.96782275167752	1403.4428571428568	1221.085749293381	257.14901746308465	582.3097090208104	493.6534273906798	25.017752156591676	3년	156.54945503761294	1221.085749293381	493.6534273906798	6.337307560227253	5.90080732563509	3.5934741235575736	15.064853556485355	7.324057259796472	3년	5.90080732563509	안심	3년	74.02472751880647	0.36177353914576	매우 유망	N	주당순현금<=0	956000000.0	15.875166923902473	7.2698839329367715		-22.739738589437543	176.24320007324218	200.35950073242188	Y	Y	상승전환	단기위험부채 존재
EXC	EXELON CORP	0001109357	S&P 500	제외	PEG=매우 유망, PEGY=안심	44.310001373291016	1.74	2021	3.79	626000000.0		626000000.0	35272000000.0	612000000.0	28798000000.0	87772000000.0	24.704469417517373	75.29553058248263	0.32810007747345393	-34.23517786561265	-34.8399209486166	45.14090760856533	45.488461104544605	-13.432835820895514	121.5523810846817	51.225599028568624	-18.365671641791028	251.6047621693634	110.95119805713725	-31.95626865671639	437.7922861746923	193.0550846194188	-172.11976453690397	888.0213780326867	335.6918949133405	3년	251.6047621693634	437.7922861746923	888.0213780326867	-0.21361634782606406	2.7766916467780196	1.2187526113925455	-2.2480237154150196	-5.07340023864245	3년	2.77669164677802	안심	3년	121.5523810846817	0.3713699987260396	매우 유망	N	주당순현금<=0 | FCF<=0	1012000000.0	-4.070139227782688	-9.014372322123688		-11.891030887593335	46.15340003967285	46.01099998474121	N	N	주의	단기위험부채 존재
CF	CF Industries Holdings, Inc.	0001324404	S&P 500	제외	PEG=매우 유망, PEGY=안심	127.26000213623047	8.97	2025	1.86	287000000.0	3100000.0	290100000.0	3215000000.0	0.0	4838000000.0					-18.032675709001232	-18.032675709001232	16.197622948186364	16.197622948186364	33.08605341246291	-18.18627213243168	43.58035462807208	74.67210682492582	-27.872544264863357	95.66070925614416	669.8087982195847	-250.01672205582435	858.0765620276131	426.33096572052665	-296.461353024483	574.2704287471655	5년	95.66070925614416	858.0765620276131	574.2704287471655	2.1574803614240072	-1.007942473081195	2.8053717989009	11.109741060419235	8.729955110739647	5년	2.8053717989009	안심	5년	43.58035462807208	0.3716725824381599	매우 유망	N	주당순현금<=0	162200000.0	9.386286867866534	32.369464264769675		-7.514537433600433	116.83240005493164	106.13410003662109	Y	Y	강한 상승추세	
EPAM	EPAM Systems, Inc.	0001352010	S&P 500	보류	PEG=매우 유망, PEGY=판정불가	111.8499984741211	6.72	2025		1296077000.0	1690000.0	1297767000.0	25034000.0	2861000.0	3677226000.0	1224328000.0	75.02163599544144	24.978364004558554	3.0034647578099984	22.633204701865452	22.58232710330233	13.276308597061853	13.283879668276601	-14.285714285714288	-1.770708271929189	35.70732296450074	-20.071428571428577	4.958583456141622	79.91464592900148	-134.88000000000002	33.3216808252717	537.0264206428899	-220.5900776397484	-70.20859966039124	380.130914590171	5년	79.91464592900148	537.0264206428899	380.130914590171				10.895577330037522	9.741240481606665	판정불가		판정불가	5년	35.70732296450074	0.3718091275075648	매우 유망	Y		56233000.0	10.001965124332933	-14.670432627639574		-49.48057743559985	93.14160018920899	140.78360008239747	Y	N	중립/개선	단기위험부채 존재
TMUS	T-Mobile US, Inc.	0001283699	S&P 500	제외	PEG=매우 유망, PEGY=안심	181.61000061035156	9.72	2025	2.23	5598000000.0	0.0	5598000000.0	81147000000.0	5135000000.0	59203000000.0	6830508000.0	89.65599707348578	10.344002926514218	8.66743732676984	-66.79390530320666	-71.33382911069539	25.55595739851422	26.023027749078903	0.6211180124223654	67.7257264346652	74.54322774580642	9.74223602484473	143.9514528693304	157.58645549161284	94.6945341614908	1399.2081218898916	1531.7403473784768	-47.858304144461684	670.4466258396886	743.4229074558845	3년	143.9514528693304	1399.2081218898916	670.4466258396886	0.11156373318215519	2.7373549479595045	3.0041225436645114	15.90962588427648	8.76032477881598	3년	2.7373549479595045	안심	3년	67.7257264346652	0.3773448989604854	매우 유망	N	주당순현금<=0	1131076251.0	-4.821548695537858	-16.94411526170574		-29.028097603060033	181.51820007324218	195.72529998779297	Y	N	주의	단기위험부채 존재
LDOS	Leidos Holdings, Inc.	0001336920	S&P 500	제외	PEG=매우 유망, PEGY=안심	134.5399932861328	11.14	2025	1.24	1108000000.0		1108000000.0	1331000000.0	18000000.0	4916000000.0	8531000000.0	36.55834015021938	63.44165984978062	0.5762513187199625	-1.7153846153846153	-1.853846153846154	12.231182935504256	12.24361215798734	20.824295010845983	30.95874508346872	20.63678102465594	50.148590021691966	70.41749016693744	49.77356204931188	558.6552928416485	784.4508404596831	554.4774812293343	315.23362622259754	483.06145354961706	312.12836992647965	3년	70.41749016693744	784.4508404596831	483.06145354961706	1.803937945102473	2.6325127547559863	1.7886071314617307	12.53076923076923	9.313787614155315	3년	2.6325127547559863	안심	3년	30.95874508346872	0.3950800622740821	매우 유망	N	주당순현금<=0	130000000.0	3.0010705217286437	-20.807585043566455		-32.578305573246816	118.22979995727539	155.42244995117187	Y	N	중립/개선	단기위험부채 존재
TECH	BIO-TECHNE Corp	0000842023	S&P 500	보류	PEG=매우 유망, PEGY=불리(<1)	72.33000183105469	1.16	2026	44.0	264712000.0	1072000.0	265784000.0		12500000.0	2108221000.0					1.6927946805597132	1.6131814099828672	60.89414409525429	60.962776225061916	152.17391304347825	-12.974116606482456	-19.679629541091302	312.8478260869565	-17.44823321296491	-30.859259082182604	362.9034782608695	-20.239950527039294	-35.796740535331814	401.7329864148543	-127.9827872454848	-149.49086081726404	1년	312.8478260869565	362.9034782608695	401.7329864148543	3.221556291794022	0.5095052053771376	0.39938767216869503	1.676483513683929	2.3178258969214287	3년	0.5095052053771376	불리(<1)	1년	152.17391304347825	0.4001615183402425	매우 유망	Y		157009000.0	50.40549303712647	24.987045388042795		-0.20695573804020428	69.60060005187988	60.470550022125245	Y	Y	강한 상승추세	단기위험부채 존재
DECK	DECKERS OUTDOOR CORP	0000910521	S&P 500	보류	PEG=매우 유망, PEGY=판정불가	88.73999786376953	7.02	2026		1907249000.0	26120000.0	1933369000.0		0.0	2499638000.0					13.259963650080588	13.259963650080588	10.752141625881615	10.752141625881615	10.90047393364928	26.59610321922323	42.853544612930364	30.30094786729856	61.69220643844646	94.20708922586073	212.71265402843588	433.0792891978941	661.3337663655423	139.7032444771801	388.0316651153654	645.2487968061462	3년	61.69220643844646	433.0792891978941	388.0316651153654				7.526024484757039	8.480983396360593	판정불가		판정불가	3년	26.59610321922323	0.4042750750835612	매우 유망	Y		145805000.0	-22.409726560558695	-25.69083970489793		-28.383507996856373	100.50179992675781	102.38079990386963	N	N	주의	
FSLR	FIRST SOLAR, INC.	0001274494	S&P 500	보류	PEG=매우 유망, PEGY=판정불가	206.82000732421875	14.21	2025		2803514000.0	509032000.0	3312546000.0	282593000.0	0.0	9537993000.0	3783317000.0	71.59951236027088	28.40048763972913	2.5210663024007767	28.17591154672345	28.17591154672345	12.571716803483131	12.571716803483131	18.21963394342763		30.670348455238837	44.93926788685526		69.84069691047767	638.5869966722133		992.4363030978878	208.76461370158475		379.855075888334	5년	69.84069691047767	992.4363030978878	379.855075888334				11.040200117168974	5.338071620828224	판정불가		판정불가	5년	30.670348455238837	0.409898075394567	매우 유망	Y		107537000.0	-24.427230907111465	-1.5705253520153062		-35.01335197982128	227.51920104980468	232.95035118103027	N	N	주의	
BSX	BOSTON SCIENTIFIC CORP	0000885725	S&P 500	제외	PEG=매우 유망, PEGY=판정불가	49.86000061035156	1.94	2025		1965000000.0		1965000000.0	3815000000.0	250000000.0	24233000000.0					-1.2378721980595517	-1.405152224824356	26.339109695057275	26.425336512977278	55.199999999999996	62.7532758644933		118.89999999999999	134.0065517289866		230.66599999999997	259.97271035423404		362.6273509353123	421.4053493217576		3년	134.0065517289866	259.97271035423404	421.40534932175757				2.4476413516226163	4.909027921500778	판정불가		판정불가	3년	62.753275864493304	0.4197248563076261	매우 유망	N	주당순현금<=0	1494500000.0	-1.1890576397289743	-32.1448035758061		-53.89310071040712	46.512399978637696	68.93650007247925	Y	N	주의	단기위험부채 존재
CBOE	Cboe Global Markets, Inc.	0001374310	S&P 500	매우 유망	PEG=매우 유망, PEGY=안심	308.82000732421875	10.42	2025	1.12	2216500000.0	36100000.0	2252600000.0	1442900000.0	304700000.0	5138300000.0	4167000000.0	55.21906870278228	44.78093129721771	1.2330933525317975	7.704091341579448	4.804947668886775	28.89788061253736	29.176109371912858	44.521497919556175	68.19298103960483	66.67733196826208	97.54299583911235	144.88596207920966	141.85466393652416	1016.3980166435507	1509.7117248653647	1478.1255982185817	229.12311137162558	388.8646101482583	378.63660487085997	3년	144.88596207920966	1509.7117248653647	388.8646101482583	1.5794064115468243	2.3985489444348165	2.3461004935721195	16.0	5.181011469636483	3년	2.3985489444348165	안심	3년	68.19298103960483	0.4237662025033657	매우 유망	Y		105100000.0	-11.179497496117385	6.025343829612018		-15.78402044070144	276.93040069580076	283.4267507171631	Y	Y	중립/개선	단기위험부채 존재
ECL	ECOLAB INC.	0000031462	S&P 500	제외	PEG=매우 유망, PEGY=안심	289.5400085449219	7.28	2025	1.02	646200000.0		646200000.0	6613200000.0	74400000.0	9770800000.0	14891800000.0	39.61788294826985	60.382117051730155	0.6561194751473965	-20.922159887798035	-21.18302945301543	42.645902257241744	42.68173598872765	338.5542168674699	98.55590630677445	47.57731615945522	685.6084337349398	205.6118126135489	103.65463231891044	4991.229397590362	1496.853995826636	754.605723281668	1623.8479140322252	416.976566847894	160.62226324918808	3년	205.6118126135489	1496.853995826636	416.976566847894	7.962645855612222	2.334946642848091	1.1395541795859851	6.677068723702665	2.306095367358091	3년	2.334946642848091	안심	3년	98.55590630677445	0.4327077275764485	매우 유망	N	주당순현금<=0	285200000.0	10.267355987253236	-5.539599725090893		-6.100209886903352	277.03039978027346	271.87239959716794	Y	Y	상승전환	단기위험부채 존재
AOS	SMITH A O CORP	0000091142	S&P 500	제외	PEG=매우 유망, PEGY=안심	62.150001525878906	3.85	2025	2.3	174500000.0	18700000.0	193200000.0	112700000.0	42300000.0	1858000000.0	1284800000.0	59.119256713758425	40.88074328624157	1.4461394769613947	0.5672415936205122	0.2691755139913486	15.995522060326854	16.072941821269495		36.61380704310213	39.07395391564303		81.72761408620426	86.64790783128606		314.6513142318864	333.59444515045135		406.27724297137365	436.7569379890433	3년	81.72761408620426	314.6513142318864	406.27724297137365		2.4327938091885546	2.586596033540001			3년	2.4327938091885546	안심	3년	36.61380704310213	0.4368713158262065	매우 유망	N	FCF<=0	141914840.0	7.1367062991431585	-18.545217509729728		-22.766247566690602	61.145600204467776	65.40719987869262	Y	N	중립/개선	단기위험부채 존재
TRV	TRAVELERS COMPANIES, INC.	0000086312	S&P 500	제외	PEG=매우 유망, PEGY=안심	369.6600036621094	27.43	2025	1.35	842000000.0		842000000.0	5861000000.0	100000000.0	32894000000.0	110814000000.0	22.88947031480502	77.11052968519499	0.29683974949013664	-22.051845342706503	-22.491212653778557	14.280417389894854	14.296435155519065	27.759664648346536	32.58155699339016	40.000996302713745	64.01932929669307	73.66311398678032	88.50199260542749	1756.0502026082909	2020.579216657384	2427.609657166876	375.0446857143415	446.6047710436941	556.7141787364833	3년	73.66311398678032	2020.579216657384	446.6047710436941	2.0384323408463674	2.3760900026214147	2.895643395687765			3년	2.3760900026214147	안심	3년	32.58155699339016	0.438297574078241	매우 유망	N	주당순현금<=0 | FCF<=0	227600000.0	23.24464914756512	21.295442911422512		-6.938219997456995	354.03039978027346	309.02184982299804	Y	Y	강한 상승추세	단기위험부채 존재
NDSN	NORDSON CORP	0000072331	S&P 500	제외	PEG=매우 유망, PEGY=안심	333.5799865722656	8.51	2025	98.0	108442000.0	279000.0	108721000.0	1681254000.0	315000000.0	3043571000.0					-27.6290146883126	-33.16348654157003	42.445241041196034	43.0955902601452	4.9321824907521625	-1.1482071165261345	93.96062427456746	18.364364981504323	6.2035857669477315	196.42124854913493	156.2807459926018	52.79251487672519	1671.5448251531382	-53.15044298715874	-84.1739561718915	401.0926591637776	5년	196.42124854913493	1671.5448251531382	401.0926591637776	2.425058262499897	2.2818056985345545	4.522547629974735	11.615626537353293	3.4821113390856633	3년	2.2818056985345545	안심	5년	93.96062427456746	0.4517343447736626	매우 유망	N	주당순현금<=0	56916000.0	15.529541405571589	14.699309553273121		-0.3346356719200916	300.4572003173828	275.5949006652832	Y	Y	강한 상승추세	단기위험부채 존재
AES	AES CORP	0000874761	S&P 500	제외	PEG=매우 유망, PEGY=안심	14.729999542236328	1.26	2025	4.77	1382000000.0	174000000.0	1556000000.0			4063000000.0					2.179271708683473	2.179271708683473	9.96089510599433	9.96089510599433	-46.61016949152542		21.802033073406225	-84.72033898305084		52.10406614681245	-106.74762711864406		65.65112334498369	-824.6953865311357		345.6967100150802	5년	52.10406614681245	65.65112334498369	345.6967100150802	-4.200442735949159		2.66763506599076	-2.273109243697479	-15.431835127894189	5년	2.66763506599076	안심	5년	21.802033073406225	0.456879185186838	매우 유망	N	FCF<=0	714000000.0	0.3405942508251769	-10.018333615881915		-14.756950480794229	14.723999977111816	14.562799983024597	Y	Y	상승전환	
AMCR	Amcor plc	0001748790	S&P 500	제외	PEG=매우 유망, PEGY=안심	47.27000045776367	2.38	2026	5.43	1115000000.0		1115000000.0	5314400000.0	135000000.0	11790000000.0	25294000000.0	31.79268687304498	68.20731312695501	0.46611844706254446	-9.054333764553688	-9.345407503234153	23.665686648032505	23.78798653823438	643.75	50.01313255128406	31.642491466477107	1296.0	108.52626510256812	71.78498293295422	3084.48	258.2925109441121	170.84825938043105	6425.237931309141	446.41952283224464	261.43062772568845	3년	108.52626510256812	258.2925109441121	446.41952283224464	27.431276753339876	2.3427645846858804	1.566508169310152	3.9215178956446746	8.295997160289007	3년	2.3427645846858804	안심	3년	50.01313255128406	0.4731894492664587	매우 유망	N	주당순현금<=0	463800000.0	19.158060598973847	-3.1749267651570157		-6.544091050741652	44.53780014038086	42.588099822998046	Y	Y	상승전환	단기위험부채 존재
D	DOMINION ENERGY, INC	0000715957	S&P 500	제외	PEG=매우 유망, PEGY=안심	66.93000030517578	0.65	2025	4.01	250000000.0		250000000.0	30948000000.0	2457000000.0	29083000000.0	82440000000.0	26.07802874743326	73.92197125256673	0.3527777777777778	-35.89150005845902	-38.764176312405006	158.18692363636126	162.60642556550889	333.33333333333337	-15.82903888645284	-4.5403361201187264	675.1666666666667	-23.158077772905678	-0.5806722402374529	438.8583333333334	-15.05275055238869	-0.3774369561543444	555.6974919054287	-122.49028908374986	-100.56392791638035	1년	675.1666666666667	438.8583333333334	555.6974919054287	2.1325614379404416	-0.07471565041382526	-0.0033525914021683536	0.445457734128376	0.6655576454463697	1년	2.1325614379404416	안심	1년	333.33333333333337	0.4745607709090837	매우 유망	N	주당순현금<=0	855300000.0	-0.40178073709491446	5.285513019477217		-6.6397014564491315	69.11060028076172	63.90810018539429	N	Y	중립/개선	단기위험부채 존재
RCL	ROYAL CARIBBEAN CRUISES LTD	0000884887	S&P 500	제외	PEG=매우 유망, PEGY=안심	292.2900085449219	15.61	2025	1.71	825000000.0		825000000.0	7856962000.0	0.0	10037000000.0	31374000000.0	24.237521431503705	75.76247856849629	0.3199145789507235	-25.66409489051095	-25.66409489051095	20.368616491699733	20.368616491699733	42.68738574040219			93.87477148080438			1465.3851828153563			401.34631358435297			1년	93.87477148080438	1465.3851828153563	401.34631358435297	2.179695697962316			4.510948905109489	1.5433127281927612	1년	2.179695697962316	안심	1년	42.68738574040219	0.477157739655664	매우 유망	N	주당순현금<=0	274000000.0	6.2216063821516565	-6.616610688523361		-20.104414096111523	303.66239990234374	287.20824989318845	N	Y	상승전환	
SMCI	Super Micro Computer, Inc.	0001375365	S&P 500	보류	PEG=매우 유망, PEGY=판정불가	38.459999084472656	1.68	2025		5169911000.0		5169911000.0	120179000.0	170123000.0	6301693000.0	7716558000.0	44.95348956157227	55.04651043842773	0.8166455821364914	8.035830567057394	7.765107367576806	18.109624117509085	18.270768879104672	-12.5	-31.902283387417853	37.6467852709161	-16.5	-55.304566774835706	83.7935705418322	-27.72	-92.91167218172399	140.7731985102781	-172.07488471103815	-341.5800166236482	266.02496583810904	5년	83.7935705418322	140.7731985102781	266.02496583810904				2.4384231749739818	6.340154012012027	판정불가		판정불가	5년	37.6467852709161	0.4810403859768504	매우 유망	Y		628402000.0	0.7069925830655688	14.464288187675844		-34.45807961067725	30.70739990234375	31.374499912261964	Y	Y	상승전환	단기위험부채 존재
SPG	SIMON PROPERTY GROUP INC.	0001063761	S&P 500	제외	PEG=매우 유망, PEGY=안심	218.99000549316406	9.35	2025	4.03	823147000.0	1000000000.0	1823147000.0	28430175000.0		5208268000.0	33901073000.0	13.317197034846483	86.68280296515351	0.1536313614616269	-81.57151298527937	-81.57151298527937	32.14561694956614	32.14561694956614	358.3333333333333	65.56992936260015		725.1666666666666	139.6398587252003		6780.3083333333325	1305.6326790806227		2996.172502514041	496.206514603416		3년	139.6398587252003	1305.6326790806227	496.206514603416	11.272558056728291	2.1651452349412605				3년	2.1651452349412605	안심	3년	65.56992936260015	0.4902493759266026	매우 유망	N	주당순현금<=0 | FCF<=0	326180391.0	5.909948719931757	8.95566919152715		-7.482041268868567	223.1511996459961	200.59975067138672	N	Y	상승전환	
EME	EMCOR Group, Inc.	0000105634	S&P 500	제외	PEG=매우 유망, PEGY=안심	739.8699951171875	28.19	2025	21.0	1111968000.0		1111968000.0	0.0		3673944000.0	5616418000.0	39.54575720515519	60.4542427948448	0.654143619652241	24.630614870271227	24.630614870271227	25.37209578740391	25.37209578740391	30.994423791821568	51.54328097260492	63.67289600664736	70.48884758364314	111.58656194520984	135.84579201329473	1987.0806133829	3145.6251812354653	3829.4928768547784	168.57159048167208	325.1591768817753	417.5899687955622	3년	111.58656194520984	3145.6251812354653	325.1591768817753	2.049275874862274	2.859175748840557	3.3372448502533083			3년	2.859175748840557	안심	3년	51.54328097260492	0.4922483650369307	매우 유망	N	FCF<=0	45145767.0	-13.491805220737362	-7.723870493718699		-21.603179325331123	794.8201977539062	754.7553503417969	N	N	주의	
EXPE	Expedia Group, Inc.	0001324424	S&P 500	양호	PEG=헐값, PEGY=안심	337.9700012207031	9.81	2025	56.99999999999999	5413000000.0	320000000.0	5733000000.0	4469000000.0	1692000000.0	1284000000.0					9.579894348317076	-3.243824985031415	33.475036378428754	34.78224528091076	9.608938547486048	65.34957812135467		27.717877094972096	139.19915624270934		271.91237430167627	1365.5437227409786		-19.54541133249561	304.0428788971845		3년	139.19915624270934	1365.5437227409786	304.04287889718455	1.9898092953353357	3.654949818073879		23.570784353849767	6.974223827178506	3년	3.654949818073879	안심	3년	65.34957812135467	0.5122456386216504	헐값	Y		131943000.0	49.17461372822276	65.882984248787		-0.3420527955083852	283.621399230957	256.4372994995117	Y	Y	강한 상승추세	단기위험부채 존재
NWSA	NEWS CORP	0001564708	S&P 500	양호	PEG=헐값, PEGY=안심	30.920000076293945	1.03	2026	65.0	2095000000.0		2095000000.0	1989000000.0	0.0	8526000000.0					0.18982808022922637	0.18982808022922637	29.83511844278128	29.83511844278128	-21.37404580152672	58.22968332827563	12.961341039942953	-34.24809160305344	124.95936665655125	34.4226820798859	-35.27553435114504	128.7081476562478	35.45536254228248	-214.08646269115127	316.261796050017	14.668054510988672	3년	124.95936665655125	128.7081476562478	316.261796050017	1.4622349927029952	4.1303567661247715	2.613072952583032	1.2034383954154728	3.8921034684541835	3년	4.130356766124772	안심	3년	58.22968332827563	0.512369580898849	헐값	Y		558400000.0	16.196916073221534	31.128075387348296		-0.3544976084995821	27.586800079345704	26.027850036621093	Y	Y	강한 상승추세	
FISV	FISERV INC	0000798354	S&P 500	제외	PEG=헐값, PEGY=판정불가	52.439998626708984	6.34	2025		798000000.0		798000000.0	3228000000.0	2000000.0	25792000000.0	54324000000.0	32.19331968645464	67.80668031354537	0.47478094396583465	-4.426229508196721	-4.429872495446266	8.96943661433844	8.97001121800556	17.843866171003718	17.481865339726866	35.26712030178827	44.187732342007436	43.46373067945373	79.03424060357654	280.1502230483271	275.56005250773666	501.07708542667524	434.2300350588486	425.4768492068326	855.5245967749976	3년	43.46373067945373	275.56005250773666	425.4768492068326				7.830601092896175	14.932496754315046	판정불가		판정불가	3년	17.481865339726866	0.513070913202594	헐값	N	주당순현금<=0	549000000.0	-5.717368511765308	-14.883950483360097		-62.04949963360353	51.43520027160645	58.748600006103516	Y	N	주의	단기위험부채 존재
CCL	Carnival Corp Ltd.	0000815097	S&P 500	제외	PEG=헐값, PEGY=안심	26.139999389648438	2.02	2025	1.75	1928000000.0	0.0	1928000000.0	24037000000.0	0.0	12284000000.0					-15.769614835948644	-15.769614835948644	20.74733377504806	20.74733377504806	40.277777777777786			89.05555555555557			179.89222222222224			588.1875532616133			1년	89.05555555555557	179.89222222222224	588.1875532616133	2.0256953608334394			1.8594864479315263	7.113567296669072	1년	2.02569536083344	안심	1년	40.277777777777786	0.515106217863262	헐값	N	주당순현금<=0	1402000000.0	-6.57612645708009	-17.539436086674254		-23.095033542735777	27.728800048828123	27.878600082397462	N	N	주의	
WFC	WELLS FARGO & COMPANY/MN	0000072971	S&P 500	제외	PEG=헐값, PEGY=안심	84.79000091552734	6.26	2025	2.36	172593000000.0		172593000000.0	174712000000.0	18323000000.0	181117000000.0	1965593000000.0	8.436957017948396	91.5630429820516	0.09214369404042444	-0.6535484069950344	-6.304783641242328	13.649129284747984	14.551882517055859	16.573556797020476	25.8582131723802	72.48768573284212	41.64711359404095	60.21642634476039	153.47537146568425	260.71093109869634	376.95482891820006	960.7558253751833	207.47839165426063	344.57462536619624	1033.1003833014972	3년	60.21642634476039	376.95482891820006	344.57462536619624	1.3871622432485489	2.067400240974508	5.483696737818987			3년	2.067400240974508	안심	3년	25.858213172380196	0.5278450291115614	헐값	N	주당순현금<=0 | FCF<=0	3242300000.0	11.404546361277035	-2.2706329785582846		-12.034441900169623	86.09819976806641	84.91875007629395	N	N	중립/개선	단기위험부채 존재
CB	Chubb Ltd	0000896159	S&P 500	제외	PEG=헐값, PEGY=양호	343.1099853515625	25.68	2025	1.18	2012000000.0		2012000000.0	15728000000.0	1499000000.0	73757000000.0	192548000000.0	27.69643829443683	72.30356170556317	0.3830577310592683	-34.16075806677187	-37.89413341979688	14.691228326259125	14.836608986423652	13.12775330396476	26.95518164431085	26.943805197471637	34.75550660792952	62.41036328862171	62.38761039494327	892.5214096916301	1602.6981292518055	1602.1138349421433	160.12691200960575	367.1091479921882	366.93885440278325	3년	62.41036328862171	1602.6981292518055	367.10914799218824	0.9738976882137934	1.9151006995121018	1.9143263294875827			3년	1.9151006995121016	양호	3년	26.955181644310855	0.545024274743103	헐값	N	주당순현금<=0 | FCF<=0	401513338.0	7.011190508189102	2.561719551546515		-5.609357537396842	345.96959899902345	324.37245040893555	N	Y	상승전환	단기위험부채 존재
CDW	CDW Corp	0001402057	S&P 500	제외	PEG=헐값, PEGY=불리(<1)	142.08999633789062	8.08	2025	1.9	618700000.0	0.0	618700000.0	4622300000.0	1007500000.0	2606100000.0	5981100000.0	30.34865846841811	69.65134153158189	0.4357225259567638	-30.307342922028766	-37.934140802422405	21.33630436385141	22.280214992612997	1.3801756587202048	-0.2054237502367883	37.39960471779868	11.26035131744041	8.089152499526424	83.29920943559736	90.98363864491851	65.36035219617351	673.0576122396267	-35.967597304627255	-54.00073623709139	373.68402391896245	5년	83.29920943559736	673.0576122396267	373.68402391896245	0.15373682352776957	0.07942220081159941	1.841912453422872	8.236941710825132	5.796989178068277	3년	0.0794222008115994	불리(<1)	5년	37.39960471779868	0.5704954510842021	헐값	N	주당순현금<=0	132100000.0	24.432956738748256	16.869546140767653		-16.794523169778575	136.62179946899414	131.53930004119874	Y	Y	강한 상승추세	단기위험부채 존재
AKAM	AKAMAI TECHNOLOGIES INC	0001086222	S&P 500	보류	PEG=헐값, PEGY=판정불가	105.73999786376953	3.07	2025		930231000.0	375005000.0	1305236000.0			4977371000.0	6502272000.0	43.35823857937046	56.64176142062954	0.7654818192779386	8.87776742414452	8.87776742414452	31.551215126913686	31.551215126913686	-6.116207951070342	55.27737277287406	35.18418669731969	-3.7324159021406835	119.05474554574812	78.86837339463938	-11.458516819571898	365.4980688254467	242.12590632154289	-110.8365018451528	245.65734462784587	128.98232571697852	3년	119.05474554574812	365.4980688254467	245.65734462784587				6.8763322745420785	6.503056944829168	판정불가		판정불가	3년	55.27737277287406	0.5707799329854661	헐값	Y		147023000.0	-26.788061188138144	5.69771780895445		-34.380043276478865	118.64240020751953	108.73110004425048	N	N	판정불가	
BDX	BECTON DICKINSON & CO	0000010795	S&P 500	제외	PEG=헐값, PEGY=불리(<1)	189.77999877929688	5.82	2025	2.2	641000000.0		641000000.0	17621000000.0	752000000.0	25390000000.0					-58.854316503124686	-61.460820979588156	42.72067272893841	43.16852573176719	-0.6825938566552906	-0.3412995832631105	74.47134006583379	7.134812286689419	7.817400833473779	157.44268013166757	41.52460750853242	45.497272850817396	916.3163983663053	-78.11960808534775	-76.02630775452366	382.83085902636566	5년	157.44268013166757	916.3163983663053	382.83085902636566	0.03551924739042883	0.043508219744812934	1.7947128443484845	13.472716622358401	7.099123568878504	3년	0.0435082197448129	불리(<1)	5년	74.47134006583379	0.5736525311773991	헐값	N	주당순현금<=0	288509000.0	28.891599904285403	4.8740007394980855		-1.156250635782874	163.1434002685547	158.1619915008545	Y	Y	강한 상승추세	단기위험부채 존재
STLD	STEEL DYNAMICS INC	0001022671	S&P 500	제외	PEG=헐값, PEGY=안심	231.0800018310547	7.99	2025	92.0	769878000.0	0.0	769878000.0	4176508000.0	34655000.0	8957182000.0	7489369000.0	54.46237329638293	45.537626703617065	1.1959862039111706	-22.955109026710872	-23.188626991186222	31.794131521622724	31.823357800030152	-18.800813008130078	-27.445943360831997	55.10698446728479	-29.101626016260155	-46.39188672166399	118.71396893456958	-232.52199186991865	-370.67117490609525	948.5246117872109	-200.62402199560233	-260.4081582001619	310.4745561152836	5년	118.71396893456958	948.5246117872109	310.4745561152836	2.3022860977375093	2.0303764735723555	4.626859657016877	3.379349613217973	1.462415434672125	3년	2.0303764735723555	안심	5년	55.10698446728479	0.5769528459772256	헐값	N	주당순현금<=0	148404000.0	-10.51041718741672	20.64950832967525		-18.276986189598375	244.86000061035156	206.93040069580078	N	Y	중립/개선	단기위험부채 존재
NWS	NEWS CORP	0001564708	S&P 500	양호	PEG=헐값, PEGY=안심	35.150001525878906	1.03	2026	56.99999999999999	2095000000.0		2095000000.0	1989000000.0	0.0	8526000000.0					0.18982808022922637	0.18982808022922637	33.94191596665017	33.94191596665017	-21.37404580152672	58.22968332827563	12.961341039942953	-34.24809160305344	124.95936665655125	34.4226820798859	-35.27553435114504	128.7081476562478	35.45536254228248	-200.35713462252264	266.16825624171724	0.8687368510603255	3년	124.95936665655125	128.7081476562478	266.16825624171724	1.0496152967168313	3.3949080376457013	2.0612077735589196	1.2034383954154728	3.4237221711909487	3년	3.3949080376457013	안심	3년	58.22968332827563	0.582897141571237	헐값	Y		558400000.0	15.359377479451553	33.853774636374446		0.0	31.314599876403808	29.659899988174438	Y	Y	강한 상승추세	
VICI	VICI PROPERTIES INC.	0001705696	S&P 500	제외	PEG=헐값, PEGY=안심	26.290000915527344	2.61	2025	6.72	563479000.0	44484000.0	607963000.0	16773241000.0		27797640000.0	18501581000.0	60.03910951331125	39.96089048668875	1.5024467368491374	-15.211615261302986	-15.211615261302986	15.901002366601661	15.901002366601661	1.9531249999999931	27.13904027900833	8.322953223006625	12.406249999999986	62.77808055801666	25.14590644601325	32.38031249999996	163.85079025642347	65.63081582409458	23.165885783121333	523.2437601767076	149.64174035205855	3년	62.77808055801666	163.85079025642347	523.2437601767076	0.5454451738348871	2.129365149339616	0.9460380469222949	2.359351998855903	8.974332128921409	3년	2.129365149339616	안심	3년	27.13904027900833	0.5859087942362083	헐값	N	주당순현금<=0	1062693062.0	-8.173238958546314	-13.06216562661291		-22.172877840244354	26.581800079345705	28.044400024414063	N	N	주의	
GL	GLOBE LIFE INC.	0000320335	S&P 500	제외	PEG=헐값, PEGY=안심	172.24000549316406	14.07	2025	76.0	61710000.0	314711000.0	376421000.0	2320793000.0	304656000.0	5974579000.0	24839113000.0	19.389364312462135	80.61063568753787	0.24053109303862824	-23.56100803984325	-27.252689706410393	13.916205652665765	14.178585302030879	17.839195979899504	23.497404952300016	48.78096035818152	44.17839195979901	55.49480990460003	106.06192071636303	621.589974874372	780.8119753577224	1492.2912244792278	260.8859469637221	353.3278857731525	766.4022160278289	3년	55.49480990460003	780.8119753577224	353.3278857731525	6.743159617070177	7.149750976354712	8.966593586828655	15.194269876451488	8.821568388218918	3년	7.149750976354712	안심	3년	23.497404952300016	0.5922443640442768	헐값	N	주당순현금<=0	82524992.0	11.561633638242274	19.486654724974485		-7.407804785937699	178.20559967041015	152.3139998626709	N	Y	상승전환	단기위험부채 존재
SYF	Synchrony Financial	0001601712	S&P 500	제외	PEG=헐값, PEGY=양호	80.7699966430664	9.28	2025	1.7	14973000000.0		14973000000.0	15182000000.0		16766000000.0	102329000000.0	14.077837020865697	85.92216297913431	0.16384407157306335	-0.5589729874297941	-0.5589729874297941	8.763897589493126	8.763897589493126	8.538011695906416	14.698468785789576	32.527017334119954	25.576023391812832	37.89693757157915	73.55403466823991	237.34549707602307	351.6835806642545	682.5814417212663	193.85354332114818	335.4136378368221	745.0928192280192	3년	37.89693757157915	351.6835806642545	335.4136378368221	1.1682030274042199	1.8711387962188644	3.9054561038177913			3년	1.8711387962188644	양호	3년	14.698468785789576	0.5962456169561029	헐값	N	주당순현금<=0 | FCF<=0	373900000.0	12.040505959373382	10.932563317375287		-8.703520370060557	76.33340026855468	74.89690010070801	Y	Y	강한 상승추세	
CINF	CINCINNATI FINANCIAL CORP	0000020286	S&P 500	양호	PEG=헐값, PEGY=양호	171.4199981689453	15.17	2025	2.2	1139000000.0	148000000.0	1287000000.0	790000000.0		15911000000.0	25091000000.0	38.80542412565241	61.19457587434759	0.6341317603921724	3.1515535827520607	3.1515535827520607	11.092184877138646	11.092184877138646	4.404679972470754		18.581314428449215	17.30935994494151		45.66262885689843	262.5829903647627		692.7020797591491	53.18107173584872		304.096422330169	5년	45.66262885689843	692.7020797591491	304.096422330169	0.5954354390615337		1.8735095617888753	19.60684844641725	11.437900277593897	5년	1.8735095617888755	양호	5년	18.581314428449215	0.5969537257362042	헐값	Y		157700000.0	5.204367006554134	4.683968347447509		-10.732698402002782	177.56859893798827	167.01319953918457	N	Y	상승전환	
META	Meta Platforms, Inc.	0001326801	S&P 500	양호	PEG=헐값, PEGY=안심	570.0499877929688	23.49	2025	38.0	35873000000.0	45719000000.0	81592000000.0	58744000000.0		217243000000.0	148778000000.0	59.35260545159977	40.64739454840023	1.4601822850152577	8.876456876456876	8.876456876456876	23.889890630758273	23.889890630758273	-1.550712489522217	39.8395285030712	18.41272352127048	5.398575020955565	88.1790570061424	45.32544704254096	126.81252724224622	2071.326049074285	1064.694751029287	-77.75413911800624	263.35866913947746	86.77217328806677	3년	88.1790570061424	2071.326049074285	263.35866913947746	1.5257201497418855	3.258262237619986	2.361363825108475	17.913364413364413	3.1424199275433025	3년	3.258262237619986	안심	3년	39.8395285030712	0.5996529459156782	헐값	Y		2574000000.0	-10.26509161134117	-12.795057953473076		-26.94008487113505	592.86439453125	623.4571981811523	N	N	주의	
TEL	TE Connectivity plc	0001385157	S&P 500	제외	PEG=헐값, PEGY=양호	201.41000366210938	6.16	2025	1.54	1255000000.0		1255000000.0	4842000000.0	500000000.0	9585000000.0	12351000000.0	43.695295404814004	56.304704595185996	0.7760505222249211	-11.996655518394649	-13.668896321070234	34.64393817865325	34.91540584142526	-40.36786060019361	-6.225079756818797	54.9338540505395	-72.23572120038722	-3.950159513637594	118.367708101079	-444.9720425943853	-24.33298260400758	729.1450819026467	-320.9284715276019	-112.08131779036616	262.0202912690868	5년	118.367708101079	729.1450819026467	262.0202912690868	-1.1207692497303436	-0.13523519562523723	1.6301222383931313	10.7123745819398	5.318690426077921	5년	1.6301222383931313	양호	5년	54.9338540505395	0.6306482364550756	헐값	N	주당순현금<=0	299000000.0	-3.516165910366764	-16.91006240366473		-19.112448328470133	206.24320068359376	217.67119995117187	N	N	주의	단기위험부채 존재
GE	GENERAL ELECTRIC CO	0000040545	S&P 500	양호	PEG=헐값, PEGY=안심	349.5400085449219	8.14	2025	55.00000000000001	43299000000.0		43299000000.0	20469000000.0	25000000.0	18677000000.0	111271000000.0	14.37267214578139	85.62732785421862	0.16785146174654672	21.376404494382022	21.35299625468165	40.31493907254789	40.31781477767078	365.14285714285717	61.56813006403801	69.60524644031413	738.7857142857143	131.636260128076	147.71049288062827	6013.715714285715	1071.5191574425387	1202.363412048314	1620.46563119336	206.55121910166972	243.9844889440717	3년	131.636260128076	1071.5191574425387	206.55121910166974	10.421517849420486	2.8914375848186284	3.090795851534922	6.709737827715355	1.9195907946695148	3년	2.8914375848186284	안심	3년	61.56813006403801	0.6548020709840573	헐값	Y		1068000000.0	10.191992043359765	1.939395611535244		-8.31016016324927	360.2324011230469	320.0599005126953	N	Y	상승전환	단기위험부채 존재
L	LOEWS CORP	0000060086	S&P 500	제외	PEG=헐값, PEGY=안심	110.80999755859375	7.97	2025	22.0	495000000.0	4628000000.0	5123000000.0	9191000000.0	10000000.0	18686000000.0	66707000000.0	21.882355696602765	78.11764430339724	0.2801205270811159	-19.45480631276901	-19.502630320420852	16.344391953746893	16.350392456589034	24.33697347893915	24.20001937499827	40.610600779906946	57.1739469578783	56.90003874999654	89.72120155981389	455.67635725429005	453.4933088374724	715.0779764317167	311.223145288257	309.2530627461441	545.3190074781836	3년	56.90003874999654	453.4933088374724	309.2530627461441	2.8350380736137795	2.8266588017308947	3.830708475242708	12.91248206599713	11.652813239319231	3년	2.8266588017308947	안심	3년	24.20001937499827	0.6753875565336427	헐값	N	주당순현금<=0	209100000.0	3.580102899119919	1.2425771112581252		-7.194308088365764	113.70839965820312	108.58944995880127	N	Y	상승전환	단기위험부채 존재
BLDR	Builders FirstSource, Inc.	0001316835	S&P 500	제외	PEG=헐값, PEGY=판정불가	69.36000061035156	3.89	2025		181753000.0		181753000.0	353830000.0	30074000.0	4352251000.0	6885279000.0	38.72960517124315	61.27039482875686	0.632109606596915	-1.538847453989376	-1.8077927420364508	18.225924952272734	18.295062558454504	-57.064017660044144	-38.61797619693695	26.944391684631476	-105.62803532008829	-68.7359523938739	62.38878336926295	-410.89305739514344	-267.3828548121695	242.69236730643289	-692.4063635804238	-485.50007563331	249.9024872704694	5년	62.38878336926295	242.69236730643289	249.9024872704694				7.630734560283307	11.001635659075335	판정불가		판정불가	5년	26.944391684631476	0.6764274052128044	헐값	N	주당순현금<=0	111822000.0	-10.468569101021574	-32.41741940313497		-53.51518163030454	75.45740081787109	91.71865047454834	N	N	주의	단기위험부채 존재
JBL	JABIL INC	0000898293	S&P 500	제외	PEG=헐값, PEGY=불리(<1)	308.67999267578125	5.92	2025	10.0	1933000000.0		1933000000.0	2386000000.0	2400000.0	1513000000.0	17026000000.0	8.161173741841523	91.83882625815848	0.08886409021496534	-4.084761045987376	-4.106402164111812	52.831884074623076	52.83553966890085	-47.00089525514772	-4.9779916366686106	76.05596028525254	-85.50179051029544	-1.455983273337221	160.61192057050508	-506.17059982094895	-8.619420978156349	950.8225697773901	-263.9790760111232	-102.79234844585788	208.02857079761446	5년	160.61192057050508	950.8225697773901	208.02857079761446	-0.700351613485624	0.0950563935262651	1.62886411856336	10.568079350766457	3.42363599893775	3년	0.0950563935262651	불리(<1)	5년	76.05596028525254	0.6946448887960109	헐값	N	주당순현금<=0	110900000.0	-16.882980069650223	11.207977998582574		-19.954363310089228	338.3138000488281	288.98594978332517	N	Y	중립/개선	단기위험부채 존재
AVY	Avery Dennison Corp	0000008818	S&P 500	제외	PEG=헐값, PEGY=불리(<1)	179.9499969482422	8.79	2025	2.18	202800000.0		202800000.0	954200000.0	250000000.0	2242100000.0					-9.596424010217113	-12.789272030651341	21.563870416206974	21.92710682353738	0.6872852233676829	-1.5437973187936491	30.981755136467836	9.874570446735365	5.412405362412701	70.46351027293568	86.79747422680386	47.57504313560764	619.3742552991046	-51.76578177338407	-73.5620761642517	244.19242334149692	5년	70.46351027293568	619.3742552991046	244.19242334149692	0.13296709579615582	0.02950317679187098	1.5378387319348814	9.098339719029374	5.0560377178813	3년	0.0295031767918709	불리(<1)	5년	30.981755136467836	0.6960183605229224	헐값	N	주당순현금<=0	78300000.0	12.104405780354632	-6.660094810436512		-8.863003428957917	167.58	172.98779998779298	Y	Y	상승전환	단기위험부채 존재
PKG	PACKAGING CORP OF AMERICA	0000075677	S&P 500	제외	PEG=헐값, PEGY=보통	246.5399932861328	8.58	2025	2.41	529000000.0	71800000.0	600800000.0	3967300000.0	0.0	4598000000.0					-37.572544642857146	-37.572544642857146	33.11334940897319	33.11334940897319	-3.9193729003359428	-8.031890655223496	45.85079043342193	0.6612541993281145	-7.563781310446991	100.20158086684386	5.673561030235222	-64.89724364363519	859.7295638375202	-97.69872589245571	-126.32321141029476	248.7180933114261	5년	100.20158086684386	859.7295638375202	248.7180933114261	-0.04558200626865389	-0.16977716708114257	1.4574421281691312	8.131696428571429	3.2983275127836285	5년	1.4574421281691312	보통	5년	45.85079043342193	0.7221980056604639	헐값	N	주당순현금<=0	89600000.0	13.09692512203917	6.764245297524907		-4.230276074848738	241.58539947509766	221.677550201416	Y	Y	강한 상승추세	
KVUE	Kenvue Inc.	0001944048	S&P 500	제외	PEG=헐값, PEGY=양호	19.329999923706055	0.76	2025	4.32	1062000000.0		1062000000.0	7687000000.0	700000000.0	10765000000.0	16311000000.0	39.75845767469345	60.24154232530654	0.6599840598369199	-3.4433471933471935	-3.807172557172557	29.964930417175328	30.443648001156067	40.74074074074073			89.98148148148147			68.38592592592592			253.7813046861854			1년	89.98148148148147	68.38592592592592	253.7813046861854	1.5037825922970531			0.895010395010395	4.630162434262434	1년	1.5037825922970531	양호	1년	40.74074074074073	0.7355028375124855	헐값	N	주당순현금<=0	1924000000.0	9.270770718695198	2.983481365397389		-7.022611484018093	19.075400009155274	17.85909993171692	Y	Y	강한 상승추세	단기위험부채 존재
FE	FIRSTENERGY CORP	0001031296	S&P 500	제외	PEG=헐값, PEGY=보통	46.619998931884766	1.76	2025	3.99	57000000.0		57000000.0		325000000.0	12510000000.0	41978000000.0	22.95918367346939	77.04081632653062	0.2980132450331126	0.0986159169550173	-0.46366782006920415	26.432603985755538	26.75208338179203	3.529411764705886	35.33748646850903	-2.4264922046119075	15.558823529411772	79.17497293701805	3.647015590776185	27.38352941176472	139.34795236915178	6.4187474397660855	-41.26226932828965	198.90166358165163	-86.23177265802956	3년	79.17497293701805	139.34795236915178	198.90166358165163	0.28447487688909034	1.4878400361047481	0.05915072900992513			3년	1.487840036104748	보통	3년	35.33748646850903	0.7480046440006686	헐값	N	FCF<=0	578000000.0	-0.3420261897974175	-7.938389625228592		-10.190716492154007	47.885599822998046	47.522449798583985	N	N	주의	단기위험부채 존재
SYY	SYSCO CORP	0000096021	S&P 500	제외	PEG=헐값, PEGY=보통	83.45999908447266	3.66	2026	2.62	1786000000.0	18000000.0	1804000000.0	10588184000.0	8782000.0	2666000000.0					-18.27707233642588	-18.29534486455809	27.797014049425826	27.80200654345102	-1.8766756032171539	36.47073516767034	66.04148830392411	4.746648793565692	81.44147033534068	140.58297660784822	17.372734584450434	298.0757814273469	514.5336943847245	-79.18435804574247	257.1480765601908	516.503354935276	3년	81.44147033534068	298.0757814273469	257.14807656019076	0.02674115987642206	1.4062926002830076	2.470103018325538			3년	1.4062926002830076	보통	3년	36.47073516767034	0.7621731210416242	헐값	N	주당순현금<=0 | FCF<=0	480612203.0	10.954530351033288	-6.361492587982642		-8.446691825701647	82.73600021362304	79.12765014648437	Y	Y	상승전환	단기위험부채 존재
TRGP	Targa Resources Corp.	0001389170	S&P 500	제외	PEG=헐값, PEGY=보통	286.9100036621094	8.49	2025	1.7	166100000.0		166100000.0	5632400000.0		3067900000.0					-25.201936376210234	-25.201936376210234	36.76230153572669	36.76230153572669	47.90940766550523			104.31881533101046			885.6667421602788			208.69148194753024			1년	104.31881533101046	885.6667421602788	208.69148194753024	1.3494641410656332			2.6929460580912865	0.9386030545183564	1년	1.3494641410656332	보통	1년	47.90940766550523	0.7673294938729862	헐값	N	주당순현금<=0	216900000.0	8.822306202956899	24.66759556053706		-5.075267605588296	273.2946002197266	233.10979995727538	Y	Y	강한 상승추세	
DE	DEERE & CO	0000315189	S&P 500	제외	PEG=헐값, PEGY=안심	630.6599731445312	18.5	2025	100.0	8276000000.0		8276000000.0	32888000000.0		25950000000.0	79989000000.0	24.495228386146746	75.50477161385325	0.3244196076960582	-90.5852042694148	-90.5852042694148	38.98622580615925	38.98622580615925	-27.790788446526154	-7.374709270152346	50.57565655156788	-47.08157689305231	-6.249418540304692	109.65131310313576	-871.0091725214677	-115.6142429956368	2028.5492924080115	-238.1107426524205	-118.33226269604096	221.65499298987848	5년	109.65131310313576	2028.5492924080115	221.65499298987848	1.8521724034662996	2.375846566692132	3.862278367242698	22.447552447552447	3.5593748459453978	3년	2.375846566692132	안심	5년	50.57565655156788	0.7708496234034681	헐값	N	주당순현금<=0	271700000.0	19.129555846146083	1.130512332799527		-4.804603474625024	607.9267993164062	560.6692997741699	Y	Y	강한 상승추세	
EFX	EQUIFAX INC	0000033185	S&P 500	제외	PEG=헐값, PEGY=보통	191.88999938964844	5.32	2025	1.15	180800000.0		180800000.0	4055300000.0		4604300000.0	7126000000.0	39.251340545425094	60.748659454574906	0.6461268593881561	-31.22078968573731	-31.22078968573731	41.93811824725296	41.93811824725296	9.917355371900834	-1.9860869276462576	54.21135723165227	28.33471074380167	4.527826144707484	116.92271446330454	150.74066115702487	24.088035089843817	622.0288409447802	-21.444232822715502	-87.44695650296445	224.15907182411289	5년	116.92271446330454	622.0288409447802	224.15907182411289	0.26389728090925424	-0.01993620511814508	1.3200725150627988			5년	1.3200725150627988	보통	5년	54.21135723165227	0.7736039160216162	헐값	N	주당순현금<=0 | FCF<=0	124100000.0	17.227684359242733	-3.1445567742185876		-26.85167185918056	173.26420013427733	188.5821002960205	Y	Y	상승전환	
ZBH	ZIMMER BIOMET HOLDINGS, INC.	0001136869	S&P 500	제외	PEG=헐값, PEGY=안심	100.23999786376953	3.55	2025	95.0	591900000.0	164600000.0	756500000.0	6932000000.0	500000.0	12697700000.0	10386000000.0	55.00721288181703	44.99278711818296	1.222578471018679	-31.07951685958732	-31.082033215903373	36.9914125981287	36.99212143089378	-19.864559819413092	47.77871617006642	17.426534933980655	-31.229119638826184	104.05743234013283	43.35306986796131	-110.86337471783294	369.40388480747157	153.90339803126264	-210.59794201961282	268.51944600947354	53.53491750910049	3년	104.05743234013283	369.40388480747157	268.51944600947354	2.0311589880832996	3.859780044660669	3.03926038606236	7.411172622043281	7.39342855146045	3년	3.859780044660669	안심	3년	47.77871617006642	0.774223661984957	헐값	N	주당순현금<=0	198700000.0	21.414729685073077	0.3905852735185844		-6.788174623033494	93.15280029296875	90.94305004119873	Y	Y	강한 상승추세	단기위험부채 존재
EXPD	EXPEDITORS INTERNATIONAL OF WASHINGTON INC	0000746515	S&P 500	제외	PEG=헐값, PEGY=안심	189.0500030517578	5.95	2025	86.0	1314285000.0	40000.0	1314325000.0			2355633000.0					9.646492818295915	9.646492818295915	30.15185045940536	30.15185045940536	4.020979020979029	-10.357841347469254	38.67934932316548	16.541958041958058	-12.215682694938508	85.85869864633096	98.42465034965045	-72.68331203488412	510.85925694566924	-47.9372394811843	-138.44660717354498	170.2244108432027	5년	85.85869864633096	510.85925694566924	170.2244108432027	2.9855872077296834	2.50870701134482	4.135048012758828			3년	2.50870701134482	안심	5년	38.67934932316548	0.7795335492199474	헐값	N	FCF<=0	136249000.0	17.051581624415356	33.25580429857538		0.0	173.98399993896484	156.7206997680664	Y	Y	강한 상승추세	
UDR	UDR, Inc.	0000074208	S&P 500	제외	PEG=헐값, PEGY=보통	38.16999816894531	1.13	2025	4.51	1222000.0		1222000.0	5821369000.0		3288462000.0	6456911000.0	33.74382899453926	66.25617100546074	0.5092933757333808	-17.58071064149849	-17.58071064149849	49.336910451720186	49.336910451720186	334.6153846153846	63.19306474930446	41.38706836756314	677.7307692307692	134.8861294986089	91.27413673512628	765.8357692307691	152.42132633342806	103.13977451069269	1906.3814670388026	299.32233074466416	170.21163075298773	3년	134.8861294986089	152.42132633342806	299.32233074466416	6.873664798026699	1.3722599191847837	0.9302785267123042			3년	1.3722599191847835	보통	3년	63.19306474930446	0.7807329909927057	헐값	N	주당순현금<=0 | FCF<=0	331053000.0	0.3681288302450625	1.3273162312287923		-7.444237110990393	38.91939987182617	37.0114999961853	N	Y	상승전환	
VRT	Vertiv Holdings Co	0001674101	S&P 500	제외	PEG=헐값, PEGY=보통	255.75	3.41	2025	10.0	1728400000.0		1728400000.0	2892100000.0	20900000.0	3941300000.0	8271100000.0	32.27293570469359	67.7270642953064	0.4765146111158129	-2.9788598174833623	-3.032360006694845	75.87356592888074	75.8892551339281	166.40624999999997		95.30556878636357	341.31249999999994		199.11113757272713	1163.875625		678.9689791229996	355.0833333333333		165.48151676363622	5년	199.11113757272713	678.9689791229996	165.48151676363622	2.3250027574208447		1.3879085225158734	4.8477826951533824	1.895516205338566	5년	1.3879085225158734	보통	5년	95.30556878636357	0.7961084215231798	헐값	N	주당순현금<=0	390652824.0	-20.023140604077796	-2.4562349370454872		-32.022966660867006	292.0879995727539	253.8699503326416	N	Y	중립/개선	단기위험부채 존재
TPR	TAPESTRY, INC.	0001116132	S&P 500	제외	PEG=헐값, PEGY=보통	130.1199951171875	7.27	2026	1.4	974700000.0	177300000.0	1152000000.0	2396600000.0	0.0	692100000.0	5999600000.0	10.342663299311086	89.65733670068892	0.11535769051270085	-5.921027592768792	-5.921027592768792	18.712657869319983	18.712657869319983	786.5853658536585	23.28234739020967	60.15373226239535	1581.670731707317	55.06469478041934	128.8074645247907	11498.746219512193	400.32033105364854	936.4302670952284	8737.032470802274	207.65473876103027	619.6666940018472	3년	55.06469478041934	400.32033105364854	207.65473876103027	42.1097511297733	1.3190187926578396	3.289416858484583	8.622740247383444	6.626760352717281	3년	1.3190187926578396	보통	3년	23.28234739020967	0.803727285556642	헐값	N	주당순현금<=0	210200000.0	-6.273864869977164	-17.078768394391663		-21.034108459080837	144.62620025634766	137.48000019073487	N	N	주의	
ROP	ROPER TECHNOLOGIES INC	0000882835	S&P 500	제외	PEG=헐값, PEGY=안심	413.3699951171875	14.2	2025	88.0	297400000.0		297400000.0	8595800000.0	705200000.0	19881500000.0	14695500000.0	57.49920467362698	42.50079532637302	1.3528971453846415	-76.69500924214418	-83.21256931608133	34.51162002530505	34.97060312910344	231.7757009345794	-7.702444377568895	42.57857188588412	472.0514018691588	-6.90488875513779	93.65714377176823	6703.129906542054	-98.04942032295662	1329.9314415591089	1521.5811466049352	-123.71953007744558	221.72907014745533	5년	93.65714377176823	1329.9314415591089	221.72907014745533	9.265740081170033	2.3266817252726564	3.7836117745310025			3년	2.3266817252726564	안심	5년	42.57857188588412	0.8105396328885923	헐값	N	주당순현금<=0 | FCF<=0	108200000.0	30.55713520688763	20.081921579112727		-21.807964265118372	370.03560241699216	377.2569007873535	Y	Y	상승전환	단기위험부채 존재
TXT	TEXTRON INC	0000217346	S&P 500	제외	PEG=헐값, PEGY=양호	81.80000305175781	5.11	2025	10.0	1262000000.0		1262000000.0			7875000000.0	10254000000.0	43.43868939268575	56.561310607314255	0.7679929783499122	7.001076235174028	7.001076235174028	14.637754758626963	14.637754758626963	18.013856812933028			44.527713625866056			227.53661662817555			178.16211263978184			1년	44.527713625866056	227.53661662817555	178.16211263978184	1.9138083179336418					1년	1.9138083179336416	양호	1년	18.013856812933028	0.8125830526263428	헐값	N	FCF<=0	180258000.0	-11.3951437151664	-15.35595657245028		-18.825041404438558	89.30580017089844	90.06949993133544	N	N	주의	
NSC	NORFOLK SOUTHERN CORP	0000702165	S&P 500	제외	PEG=헐값, PEGY=보통	351.239990234375	12.75	2025	1.53	1530000000.0	0.0	1530000000.0	9736000000.0	0.0	15547000000.0	29689000000.0	34.36864444247944	65.63135555752055	0.5236619623429553	-36.4225477141589	-36.4225477141589	30.404904937139914	30.404904937139914	10.19878997407087	-2.7909035954415184	37.019144491250344	28.89757994814174	2.918192809116963	82.53828898250069	368.4441443388072	37.20695831624128	1052.3631845268837	4.898119400627543	-89.40696977829494	199.613715347351	5년	82.53828898250069	1052.3631845268837	199.613715347351	0.3857532196966032	-0.04147040084645393	1.2678593987038635	9.573901464713716	2.7257435744504077	5년	1.2678593987038635	보통	5년	37.019144491250344	0.8213292164092626	헐값	N	주당순현금<=0	225300000.0	7.848193973659012	12.63106729514838		-0.49295163969511613	329.81859802246095	306.75519958496096	Y	Y	강한 상승추세	
PTC	PTC INC.	0000857005	S&P 500	제외	PEG=헐값, PEGY=판정불가	151.13999938964844	6.08	2025		184415000.0		184415000.0	1172434000.0	25000000.0	3826229000.0	2790943000.0	57.82272245605827	42.177277543941734	1.3709448741876848	-8.180522781655448	-8.387515834968578	26.20403325185919	26.238078161943587	94.87179487179486	31.89223724402268	40.26105826759165	198.24358974358972	72.28447448804536	89.0221165351833	1205.3210256410255	439.4896048873158	541.2544685339145	697.4864566021546	190.78311940063196	258.1146425298881	3년	72.28447448804536	439.4896048873158	190.78311940063193				7.093138594268776	4.693091585889331	판정불가		판정불가	3년	31.89223724402268	0.8216429926618087	헐값	N	주당순현금<=0	120777000.0	6.242095617672616	-1.9271956452796446		-30.19904851904548	130.52900039672852	149.69630073547364	Y	Y	상승전환	단기위험부채 존재
PFG	PRINCIPAL FINANCIAL GROUP INC	0001126328	S&P 500	제외	PEG=헐값, PEGY=보통	111.58999633789062	5.25	2025	3.0	4431000000.0		4431000000.0	3926300000.0	27700000.0	11883900000.0	328985200000.0	3.486352972446021	96.51364702755399	0.036122901577335394	2.236154186973859	2.113424900310146	20.829303266841286	20.852680273824852	-21.40718562874251	-34.694566556534845	25.297404962923697	-34.31437125748502	-60.88913311306969	59.09480992584739	-180.15044910179637	-319.6679488436159	310.2477521106988	-261.4396048157463	-386.4664928168583	178.0246996077313	5년	59.09480992584739	310.2477521106988	178.0246996077313	-0.8837158589958883	-1.5216335443629676	1.3585382381930688			5년	1.3585382381930688	보통	5년	25.297404962923697	0.8233770735523689	헐값	N	FCF<=0	225700000.0	6.713203273934654	17.86015629299744		-3.3099447214322453	111.73279968261718	97.71095008850098	N	Y	상승전환	단기위험부채 존재
IT	GARTNER INC	0000749251	S&P 500	제외	PEG=헐값, PEGY=보통	195.7899932861328	9.65	2025	0.6103478425751793	1722521000.0		1722521000.0	2976674000.0	5000000.0	319908000.0	7765492000.0	3.9566131545749132	96.04338684542509	0.041196101934043584	-16.588228291779643	-16.654361484028833	22.008105862996107	22.014959043540067	-39.6875	-1.0484370535091214	26.662227247373906	-70.875	6.403125892981757	61.82445449474781	-683.94375	61.79016486727396	596.6059858743164	-449.3251818035798	-68.4405909463554	204.7173023814451	5년	61.82445449474781	596.6059858743164	204.7173023814451	-1.7755799795169194	-0.0199058116887076	1.2392059207514323			5년	1.2392059207514323	보통	5년	26.662227247373906	0.8254413878781937	헐값	N	주당순현금<=0 | FCF<=0	75605000.0	22.391693312554594	31.103520883411772		-25.86239690971528	154.1770002746582	179.04109996795654	Y	Y	상승전환	단기위험부채 존재
ADBE	ADOBE INC.	0000796343	S&P 500	보류	PEG=헐값, PEGY=보통	273.9200134277344	16.7	2025	0.009491821964611331	5431000000.0	1164000000.0	6595000000.0	1000000000.0	0.0	11623000000.0	17873000000.0	39.40534309736913	60.59465690263086	0.650310524254462	13.103044496487119	13.103044496487119	15.617782570733368	15.617782570733368	35.11326860841424	18.24924207604421	29.19321269200992	78.72653721682848	44.99848415208843	66.88642538401984	1314.7331715210355	751.4746853398767	1117.0033039131313	379.9697382710185	174.34092015993966	307.7844805625418	3년	44.99848415208843	751.4746853398767	174.34092015993966	2.2488954671578307	1.1690989943876167	1.86983679544229	23.072599531615925	8.423115654418197	3년	1.1690989943876169	보통	3년	18.249242076044215	0.8558044496124492	헐값	Y		427000000.0	14.976497276648226	6.248794081571352		-25.455826539629957	235.2951983642578	269.8254499053955	Y	Y	상승전환	
MPC	Marathon Petroleum Corp	0001510295	S&P 500	보류	PEG=헐값, PEGY=보통	354.8800048828125	13.22	2025	1.1	3672000000.0	0.0	3672000000.0	3292000000.0	0.0	17314000000.0	59869000000.0	22.43240091730044	77.56759908269956	0.2891980824800815	1.2418300653594772	1.2418300653594772	26.75024015260613	26.75024015260613	31.150793650793656	-22.2431402744799		70.80158730158732	-35.9862805489598		935.9969841269844	-475.73862885724856		163.7502736836545	-234.0561942942786		1년	70.80158730158732	935.9969841269844	163.7502736836545	1.20562632211179	-0.7903906714056187		15.57843137254902	4.389774334480548	1년	1.20562632211179	보통	1년	31.150793650793656	0.8587338240072284	헐값	Y		306000000.0	43.647035215160045	81.27394245183332		-3.093849659111625	301.38059875488284	234.4519992828369	Y	Y	강한 상승추세	
FIX	COMFORT SYSTEMS USA INC	0001035983	S&P 500	양호	PEG=헐값, PEGY=양호	1561.9599609375	28.88	2025	22.0	981898000.0		981898000.0	139063000.0	500000.0	2448774000.0	3992395000.0	38.0175399838135	61.9824600161865	0.6133596500346283	23.80015813401858	23.786039025216727	53.26038098350005	53.26086987230898	97.80821917808218	61.78475841689988	89.88133018013103	204.11643835616437	132.06951683379975	188.26266036026206	5894.882739726027	3814.167646160137	5437.025631204368	277.4029352319552	144.19112791283362	248.08994898569776	3년	132.06951683379975	3814.167646160137	144.19112791283362	2.2494810770354516	1.5731160173799021	2.1006483264697566	29.126394261994182	1.8647337313635302	3년	1.573116017379902	양호	3년	61.78475841689988	0.8620310631324218	헐값	Y		35413000.0	-16.34254430523665	7.67682250281172		-24.415562781878275	1773.162392578125	1466.5678479003907	N	Y	중립/개선	단기위험부채 존재
BA	BOEING CO	0000012927	S&P 500	제외	PEG=헐값, PEGY=보통	211.0800018310547	2.48	2025	3.894258067412358	10921000000.0	18479000000.0	29400000000.0	53848000000.0	6109000000.0	5454000000.0	162778000000.0	3.2419515906605163	96.75804840933948	0.03350575630613473	-32.07136298045389	-40.08526826708645	98.04490516593089	101.27631858796015	113.50762527233115			235.5152505446623			584.0778213507625			176.7092174929247			1년	235.5152505446623	584.0778213507625	176.7092174929247	1.1974297199946589			-2.462285189557917	-1.1665175138328328	1년	1.1974297199946589	보통	1년	113.50762527233115	0.8637737326518671	헐값	N	주당순현금<=0 | FCF<=0	762300000.0	-5.893892572820237	-8.369508043155694		-16.287921102346026	221.48739959716798	219.65000022888182	N	N	주의	단기위험부채 존재
PCAR	PACCAR INC	0000075362	S&P 500	보류	PEG=헐값, PEGY=보통	129.22000122070312	4.51	2025	1.08	3435900000.0		3435900000.0			19264000000.0					6.5222095671981775	6.5222095671981775	27.205718770178482	27.205718770178482	-42.911392405063296	-7.777639865294905	30.977934086980994	-77.32278481012659	-7.05527973058981	70.45586817396199	-348.7257594936709	-31.81931158496004	317.75596546456853	-369.8698004947855	-124.6241381244176	145.90308192448686	5년	70.45586817396199	317.75596546456853	145.90308192448686	-1.537595560640608	-0.24618499962722967	1.1783527705256316	6.971905846621109	5.395376706980016	5년	1.1783527705256316	보통	5년	30.977934086980994	0.8782289578701167	헐값	Y		526800000.0	15.107784394918555	3.724513823607767		-6.5045981162390465	126.89360000610351	118.73049995422363	Y	Y	강한 상승추세	
RJF	RAYMOND JAMES FINANCIAL INC	0000720005	S&P 500	보류	PEG=헐값, PEGY=보통	174.7100067138672	10.3	2025	1.22	11389000000.0		11389000000.0	1190836000.0		12503000000.0	75726000000.0	14.171077536864296	85.8289224631357	0.1651084171882841	49.36187802516941	49.36187802516941	12.169721231912405	12.169721231912405	6.185567010309293	13.848488040155704	12.055643508520287	20.871134020618584	36.19697608031141	32.611287017040574	214.97268041237143	372.82885362720754	335.89625627551794	23.045430800334632	113.3986831319921	92.25931164070924	3년	36.19697608031141	372.82885362720754	113.3986831319921	0.6085239644512012	1.2381950048816175	1.0908749062967724	10.871248789932237	6.222453421192249	3년	1.2381950048816175	보통	3년	13.848488040155704	0.8787761665117902	헐값	Y		206600000.0	20.15819398056489	10.338518854733136		-3.571026726715898	168.8788000488281	159.70035011291503	Y	Y	강한 상승추세	
BIIB	BIOGEN INC.	0000875045	S&P 500	제외	PEG=헐값, PEGY=판정불가	220.77000427246094	8.79	2025		2913700000.0	1134989000.0	4048689000.0	6286800000.0		14799400000.0	11182700000.0	56.95998398897702	43.04001601102298	1.3234192100297781	-15.214894629503739	-15.214894629503739	26.84697370898347	26.84697370898347	-21.37745974955278	-25.041283434599325	30.526946389639487	-34.25491949910556	-41.58256686919865	69.55389277927898	-301.1007423971379	-365.51076278025613	611.3787175298622	-236.3866180051968	-265.56178634175546	176.9301561344972	5년	69.55389277927898	611.3787175298622	176.9301561344972				13.941536369816452	6.314959505373137	판정불가		판정불가	5년	30.526946389639487	0.8794516610444548	헐값	N	주당순현금<=0	147100000.0	12.08305980822435	15.75001794045785		-0.3565595300766722	206.05060028076173	188.6703002166748	Y	Y	강한 상승추세	
SW	Smurfit Westrock plc	0002005951	S&P 500	제외	PEG=헐값, PEGY=보통	49.43000030517578	1.33	2025	3.72	892000000.0		892000000.0	13223000000.0		18327000000.0	26803000000.0	40.60935076445823	59.39064923554177	0.6837667425288214	-23.44296577946768	-23.44296577946768	54.791703823040194	54.791703823040194	62.195121951219534			132.89024390243907			176.74402439024396			257.56427938305563			1년	132.89024390243907	176.74402439024396	257.56427938305563	1.2030128167597132					1년	1.2030128167597132	보통	1년	62.195121951219534	0.8809646497037832	헐값	N	주당순현금<=0 | FCF<=0	526000000.0	23.946837967103107	7.526645622350792		-4.648919445058686	46.38739990234375	41.94694999694824	Y	Y	강한 상승추세	
EBAY	EBAY INC	0001065088	S&P 500	제외	PEG=헐값, PEGY=보통	106.0	4.34	2025	1.16	1867000000.0	2625000000.0	4492000000.0	6973000000.0	750000000.0	4615000000.0	12995000000.0	26.20670073821692	73.79329926178308	0.3551365909965371	-5.301282051282051	-6.903846153846154	25.64545669384379	26.014711095356258	10.15228426395939		29.104348914704946	28.80456852791878		66.70869782940989	125.0118274111675		289.5157485796389	17.935686236950477		173.12806469777254	5년	66.70869782940989	289.5157485796389	173.12806469777254	0.44110285884185135		1.180105672361449	3.0641025641025643	2.890662796323174	5년	1.180105672361449	보통	5년	29.104348914704946	0.881155485353821	헐값	N	주당순현금<=0	468000000.0	-3.9507073090235267	24.223599818818652		-10.894417606097873	109.91720001220703	97.85450004577636	N	Y	중립/개선	단기위험부채 존재
RL	RALPH LAUREN CORP	0001037038	S&P 500	제외	PEG=헐값, PEGY=보통	362.6000061035156	15.11	2026	1.08	1988000000.0	77000000.0	2065000000.0	1238900000.0	0.0	2841400000.0	4898100000.0	36.71296595387299	63.28703404612701	0.5801024887201159	13.260032102728731	13.260032102728731	23.119786499059355	23.119786499059355	30.146425495262708	25.853438682213326		68.79285099052541	60.20687736442665		1039.459978466839	909.7259169764867		186.6684944760018	150.88965848411397		3년	60.20687736442665	909.7259169764867	150.88965848411397	1.3506364125176147	1.164951877185766				3년	1.164951877185766	보통	3년	25.853438682213326	0.8942634975271327	헐값	N	FCF<=0	62300000.0	-3.6227851273958556	-3.837484005526137		-12.468314760768706	388.7589996337891	365.46399963378906	N	N	주의	
AMP	AMERIPRISE FINANCIAL INC	0000820027	S&P 500	제외	PEG=헐값, PEGY=보통	560.260009765625	36.28	2025	1.21	2318000000.0		2318000000.0	2249000000.0		6549000000.0	184355000000.0	3.4305200519632906	96.5694799480367	0.03552385343494888	0.7026476578411406	0.7026476578411406	15.42330105037993	15.42330105037993	9.773071104387304	17.245791047295555	90.92651621947032	28.046142208774608	42.99158209459111	190.35303243894063	1017.5140393343428	1559.7345983917655	6906.008016884766	81.61461135875146	178.39477585492017	1132.6433970851808	3년	42.99158209459111	1559.7345983917655	178.39477585492017	0.7121089751481413	1.1966174418180682	5.973851895810635			3년	1.1966174418180682	보통	3년	17.245791047295555	0.8943226209851693	헐값	N	FCF<=0	98200000.0	26.42101062575253	17.147937222294818		-1.825888947201293	520.9024029541016	483.6860006713867	Y	Y	강한 상승추세	
BBY	BEST BUY CO INC	0000764478	S&P 500	보류	PEG=헐값, PEGY=보통	85.29000091552734	5.04	2026	4.39	1738000000.0	0.0	1738000000.0	1144000000.0	110000000.0	2964000000.0					2.8005657708628005	2.281942479962282	16.36695141759217	16.469852864199417	17.757009345794387	-7.119053945313414		44.014018691588774	-5.738107890626829		221.83065420560743	-28.920063768759217		160.089871994857	-133.90791822994836		1년	44.014018691588774	221.83065420560743	160.089871994857	1.353154217955915	-0.16674173923312718		5.931164545025931	6.954114762995789	1년	1.353154217955915	보통	1년	17.757009345794387	0.9217177903591384	헐값	Y		212100000.0	32.15060382034773	36.836191897933325		-5.411996620288995	82.53260025024414	71.15270013809204	Y	Y	강한 상승추세	단기위험부채 존재
CLX	CLOROX CO /DE/	0000021076	S&P 500	제외	PEG=헐값, PEGY=보통	104.93000030517578	6.52	2025	4.67	167000000.0		167000000.0	2484000000.0	202000000.0	321000000.0	5079000000.0	5.944444444444445	94.05555555555556	0.06320141760189013	-18.64233588388166	-20.26760642705995	18.952812298935193	19.202086922122046	189.77777777777774	20.46094189649925	22.02423977466943	388.0555555555555	49.4218837929985	52.54847954933886	2530.122222222222	322.2306823303502	342.61608666168934	2311.247703100808	207.0910906253527	226.51871310896152	3년	49.4218837929985	322.2306823303502	207.0910906253527	10.259573867499453	1.325974293425106	1.4084579825743941	6.12292516514197	5.835247448140863	3년	1.325974293425106	보통	3년	20.46094189649925	0.9262922691832632	헐값	N	주당순현금<=0	124287000.0	8.052723350503864	-16.880543345374733		-17.481914687580023	99.3256004333496	103.43225021362305	Y	Y	상승전환	단기위험부채 존재
TROW	PRICE T ROWE GROUP INC	0001113169	S&P 500	양호	PEG=헐값, PEGY=양호	112.87000274658203	9.24	2025	4.63	3378200000.0		3378200000.0			10860100000.0	2288600000.0	82.59447702054196	17.405522979458045	4.745302805208424	15.334543803903768	15.334543803903768	10.555785599856954	10.555785599856954	0.9836065573770475	11.309540391033558	22.643785680119024	10.467213114754095	31.119080782067115	53.78757136023805	96.71704918032785	287.54030642630016	496.99715936859957	-14.311112938059479	154.75352124504803	340.3270552623867	3년	31.119080782067115	287.54030642630016	154.75352124504803	0.531803768111122	1.5100288121851926	2.583776017626639	6.71448025419882	5.9488616025591	3년	1.5100288121851926	양호	3년	11.309540391033558	0.9333523056538888	헐값	Y		220300000.0	8.009572006298594	18.473818330712135		-7.240300408035916	113.92320053100586	103.29554988861084	N	Y	상승전환	
GOOG	Alphabet Inc.	0001652044	S&P 500	양호	PEG=헐값, PEGY=양호	343.3399963378906	10.81	2025	26.0	30708000000.0	96135000000.0	126843000000.0	46547000000.0	0.0	415265000000.0	180016000000.0	69.75949173583568	30.24050826416432	2.306822726868723	6.565494685200327	6.565494685200327	31.15397795122019	31.15397795122019	34.45273631840798	33.33790189024399	-28.686657181224508	77.40547263681596	75.17580378048798	-48.873314362449015	836.7531592039805	812.6504388670751	-528.3205282580739	143.70978276020833	136.6897091905724	-253.87677925473577	3년	75.17580378048798	812.6504388670751	136.6897091905724	1.9404499936753745	1.9046653362582846	-0.08623801382382633	5.99067865903516	1.744824000388106	3년	1.9046653362582848	양호	3년	33.33790189024399	0.934491260241458	헐값	Y		12230000000.0	-10.781381826279212	9.682777266329644		-13.958503161158797	349.6213995361328	332.68979934692385	N	Y	중립/개선	
DG	DOLLAR GENERAL CORP	0000029534	S&P 500	제외	PEG=헐값, PEGY=보통	122.58000183105469	6.85	2025	1.88	1138501000.0		1138501000.0	4172068000.0		8511962000.0	22451768000.0	27.490105358753613	72.50989464124639	0.3791221252598014	-13.738109902451837	-13.738109902451837	19.900454267665186	19.900454267665186	34.050880626223076	-13.760458357934102	21.193089282505095	76.60176125244615	-19.020916715868204	50.88617856501019	524.7220645792561	-130.2932795036972	348.5703231703198	328.0649834729582	-206.2924437570765	184.3614928728221	5년	50.88617856501019	348.5703231703198	184.3614928728221	1.805530674975826	-0.5969943297846122	1.1594252559347298			5년	1.1594252559347298	보통	5년	21.193089282505095	0.9390067678379016	헐값	N	주당순현금<=0 | FCF<=0	220814000.0	17.492571340651253	-20.80883316244948		-21.54378038829632	120.64039993286133	125.05204963684082	Y	N	중립/개선	
GOOGL	Alphabet Inc.	0001652044	S&P 500	양호	PEG=헐값, PEGY=양호	346.9599914550781	10.81	2025	25.0	30708000000.0	96135000000.0	126843000000.0	46547000000.0	0.0	415265000000.0	180016000000.0	69.75949173583568	30.24050826416432	2.306822726868723	6.565494685200327	6.565494685200327	31.48885261515983	31.48885261515983	34.45273631840798	33.33790189024399	-28.686657181224508	77.40547263681596	75.17580378048798	-48.873314362449015	836.7531592039805	812.6504388670751	-528.3205282580739	141.16704513820503	134.22021526429836	-252.2713111798301	3년	75.17580378048798	812.6504388670751	134.22021526429836	1.8880566099059883	1.8526525117704065	-0.11707816814670544	5.99067865903516	1.726619439293706	3년	1.8526525117704065	양호	3년	33.33790189024399	0.9445361234437712	헐값	Y		12230000000.0	-10.768201158118707	10.885266290501017		-13.824450930686849	351.3205993652344	333.6911494445801	N	Y	중립/개선	
DLTR	DOLLAR TREE, INC.	0000935703	S&P 500	제외	PEG=헐값, PEGY=판정불가	134.47999572753906	6.22	2025		717800000.0	0.0	717800000.0	2431700000.0	0.0	3754900000.0	9711300000.0	27.883887065393353	72.11611293460665	0.3866526623624026	-8.30780416868638	-8.30780416868638	22.956237925438174	22.956237925438174	136.22597553873032	-4.80407167954946	23.90309540249904	280.95195107746065	-1.1081433590989196	56.30619080499808	1747.5211357018052	-6.89265169359528	350.22450680708806	1199.4654902000004	-105.12541040494976	160.42870161645047	5년	56.30619080499808	350.22450680708806	160.42870161645047				9.05186621425109	6.731013163169987	판정불가		판정불가	5년	23.90309540249904	0.960387662722466	헐값	N	주당순현금<=0	206300000.0	40.27327826725609	5.309317886706655		-4.765958973406958	124.63819931030274	116.10144973754883	Y	Y	강한 상승추세	
JPM	JPMORGAN CHASE & CO	0000019617	S&P 500	제외	PEG=헐값, PEGY=보통	356.69000244140625	20.02	2025	1.68	278793000000.0		278793000000.0	267889000000.0	64776000000.0	362438000000.0	4062462000000.0	8.19087437004226	91.80912562995775	0.08921634220824712	3.9201869494876864	-19.367966924321408	17.620869904691236	18.784114353932452	1.3670886075949347	18.30758541328956	17.65495483894246	11.23417721518987	45.115170826579124	43.80990967788492	224.9082278481012	903.205719948114	877.074391751256	-36.94574383675162	153.21868114217315	145.89261985141667	3년	45.115170826579124	903.205719948114	153.21868114217315	0.1729249818014775	1.1343132048190327	1.0972758407231007			3년	1.1343132048190327	보통	3년	18.307585413289562	0.9624901103506618	헐값	N	FCF<=0	2781500000.0	19.182706460930653	17.603038838524874		-2.324878253095508	345.5188000488281	316.53070068359375	Y	Y	강한 상승추세	단기위험부채 존재
ORCL	ORACLE CORP	0001341439	S&P 500	제외	PEG=헐값, PEGY=보통	144.75999450683594	5.83	2026	1.4	31289000000.0	605000000.0	31894000000.0	0.0	0.0	42508000000.0					10.945092656142759	10.945092656142759	22.952813353463668	22.952813353463668	34.331797235023046	23.834995611269672	5.082750468287545	77.16359447004609	56.169991222539345	18.66550093657509	449.86375576036875	327.4710488274044	108.81987046023278	210.7652478800868	126.2165385837593	-24.82738699254784	3년	56.169991222539345	327.4710488274044	126.2165385837593	1.5567502198867043	1.0994293040535534	0.28243816426578805	-8.128345916266301	-5.615049892726033	3년	1.0994293040535534	보통	3년	23.834995611269672	0.9629879412526976	헐값	N	FCF<=0	2914000000.0	-24.19355392894228	-2.116441203414854		-55.91021215633798	143.80540023803712	172.01819988250733	Y	N	주의	
JCI	Johnson Controls International plc	0000833444	S&P 500	제외	PEG=헐값, PEGY=보통	141.82000732421875	5.03	2025	1.12	379000000.0	100000000.0	479000000.0	9195000000.0	723000000.0	12927000000.0	8245000000.0	61.05705648970338	38.942943510296615	1.5678593086719224	-13.325179636141263	-14.430515211741325	30.843973550767394	31.06372217414713	99.60317460317462	31.9394360396549	43.04007850240077	207.70634920634924	72.3788720793098	94.58015700480153	1044.7629365079367	364.0657265589283	475.7381897341517	636.682331512982	156.70970790928482	235.45209784579484	3년	72.3788720793098	364.0657265589283	156.70970790928482	3.265570645020497	1.0718280504695992	1.431724691039429			3년	1.0718280504695992	보통	3년	31.9394360396549	0.9657018837925812	헐값	N	주당순현금<=0 | FCF<=0	654100000.0	2.6193997510233658	-1.847877408428522		-8.361325692632803	145.11479949951172	133.901849899292	N	Y	상승전환	단기위험부채 존재
C	CITIGROUP INC	0000831001	S&P 500	제외	PEG=헐값, PEGY=불리(<1)	133.25	6.99	2025	2.03	188105000000.0		188105000000.0	315827000000.0	51878000000.0	212291000000.0	2443380000000.0	7.993874241199306	92.00612575880069	0.08688415228085684	-68.18749666328546	-95.88382894666596	28.817953742959293	32.78023303958025	17.67676767676767	-0.047641741369786	29.48968947668986	43.85353535353534	8.404716517260429	67.47937895337972	306.53621212121203	58.7489684556504	471.6808588841243	130.04593780203527	-55.91071785692277	253.98188283986815	5년	67.47937895337972	471.6808588841243	253.98188283986815	0.6838364671045516	0.0687890013396436	1.0937518242214075	-39.58784902034061	-29.709455174739674	3년	0.0687890013396436	불리(<1)	5년	29.48968947668986	0.9772213358075016	헐값	N	주당순현금<=0 | FCF<=0	1873100000.0	6.2684429768012695	16.53839799524541		-8.52611953392135	136.82200088500977	121.84244995117187	N	Y	상승전환	단기위험부채 존재
FOX	Fox Corp	0001754301	S&P 500	제외	PEG=헐값, PEGY=안심	62.689998626708984	3.84	2026	94.0	4205000000.0		4205000000.0	6606000000.0	0.0	11628000000.0					-5.469248291571754	-5.469248291571754	17.749803884968944	17.749803884968944	-21.792260692464364	18.120452257112785	54.94321165488696	-35.08452138492873	44.74090451422557	118.38642330977392	-134.7245621181263	171.80507333462617	454.60386550953183	-314.9059899017562	174.05499616876506	625.1617091531543	3년	44.74090451422557	171.80507333462617	174.05499616876506	4.068086598336068	6.316714989288399	8.391259566592533	3.343963553530752	5.334126059632838	3년	6.316714989288399	안심	3년	18.120452257112785	0.979545302353127	헐값	N	주당순현금<=0	439000000.0	6.943022465001203	26.340185361079715		-7.482295380286907	52.06190010070801	56.92170003890991	Y	Y	상승전환	
FFIV	F5, INC.	0001048695	S&P 500	보류	PEG=헐값, PEGY=판정불가	382.75	11.8	2025		1344273000.0	0.0	1344273000.0	0.0	0.0	3591999000.0	1628778000.0	68.80200016204483	31.197999837955155	2.2053336918843454	22.906976347897213	22.906976347897213	30.495171495940912	30.495171495940912	23.560209424083766	30.824915840645065	56.42360566588014	55.62041884816753	70.14983168129012	121.34721133176028	656.3209424083769	827.7680138392235	1431.8970937147715	71.47509925757724	116.26858624146922	274.1076665486013	3년	70.14983168129012	827.7680138392235	116.26858624146922				15.445538818076477	4.035411840124488	판정불가		판정불가	3년	30.824915840645062	0.98930266845143	헐값	Y		58684000.0	-1.391213185984097	37.4080117657293		-11.248436828628861	403.19560180664064	320.87295051574705	N	Y	중립/개선	
BR	BROADRIDGE FINANCIAL SOLUTIONS, INC.	0001383312	S&P 500	제외	PEG=헐값, PEGY=보통	184.82000732421875	9.6	2026	2.35	402900000.0	900000.0	403800000.0	3254600000.0	400000000.0	2840500000.0	6104700000.0	31.754460492778254	68.24553950722175	0.46529723000311235	-24.345004269854826	-27.760888129803586	21.78802204104933	22.14384327646066	35.21126760563381	21.898526092374706	34.26713142263553	78.92253521126761	52.297052184749404	77.03426284527106	757.6563380281691	502.0517009735943	739.5289233146021	309.94281354997327	171.64358893941326	300.13466833019356	3년	52.297052184749404	502.0517009735943	171.64358893941326	1.7239411422875917	1.1129292070060193	1.6806083339574232	10.917164816396243	5.906917207964887	3년	1.1129292070060193	보통	3년	21.898526092374702	0.9949538132904822	헐값	N	주당순현금<=0	117100000.0	25.642419888248824	4.2296411517098065		-28.40596099400654	154.4747998046875	178.84905006408692	Y	Y	상승전환	단기위험부채 존재
XYZ	Block, Inc.	0001512673	S&P 500	보류	PEG=헐값, PEGY=판정불가	82.72000122070312	2.1	2025		6564092000.0	1081851000.0	7645943000.0	4109829000.0	455000.0	22204278000.0	17380005000.0	56.093672329495014	43.906327670504986	1.2775760421242686	5.677421737273577	5.676691210234443	36.68694261115693	36.687290481175566	-53.94736842105262		36.69521853880895	-99.39473684210525		81.8904370776179	-208.72894736842102		171.96991786299762	-352.3318958996587		107.89399821715313	5년	81.8904370776179	171.96991786299762	107.89399821715313				3.8929480860191576	4.706175082894984	판정불가		판정불가	5년	36.69521853880895	0.9997744685007594	헐값	Y		622838000.0	15.821903306448505	59.26069196730053		-2.2684288549039477	78.97299926757813	68.07059978485107	Y	Y	강한 상승추세	단기위험부채 존재
PEG	PUBLIC SERVICE ENTERPRISE GROUP INC	0000788784	S&P 500	제외	PEG=보통, PEGY=보통	73.27999877929688	4.22	2025	3.64	132000000.0		132000000.0	21670000000.0	1529000000.0	13130000000.0					-42.99001996007984	-46.041916167664674	27.5521371420324	28.27533529548852	19.20903954802259	27.00332083242836	2.3351713791253115	46.91807909604518	62.506641664856716	13.170342758250623	197.99429378531067	263.77802782569535	55.578846439817625	170.1887241860165	259.95910510333977	-24.155503049053262	3년	62.506641664856716	263.77802782569535	259.95910510333977	0.8293018951754941	1.1121939715406024	0.21686780042952958	0.05189620758483034	0.07081906174852734	3년	1.1121939715406024	보통	3년	27.003320832428358	1.0203240302557517	보통	N	주당순현금<=0	501000000.0	-8.193436407581721	-14.760965756913668		-15.72167757186065	78.4368000793457	80.32155006408692	N	N	주의	단기위험부채 존재
IEX	IDEX CORP /DE/	0000832101	S&P 500	제외	PEG=보통, PEGY=불리(<1)	230.27000427246094	6.41	2025	1.25	580000000.0		580000000.0	1820100000.0	0.0	4027500000.0	2900800000.0	58.131143281901764	41.868856718098236	1.3884100937672366	-16.46879150066401	-16.46879150066401	38.49279185228158	38.49279185228158	-3.4638554216867403	-5.969686551893727	37.169267564172536	1.5722891566265194	-3.439373103787453	82.83853512834507	10.07837349397599	-22.046381595277573	530.9950101726919	-95.623236501941	-109.57414391202762	130.5966909803875	5년	82.83853512834507	530.9950101726919	130.5966909803875	-0.05751350616974068	-0.12261221711342242	0.9980899206170548	8.191235059760956	3.557230602240703	5년	0.9980899206170548	불리(<1)	5년	37.169267564172536	1.0356080271375805	보통	N	주당순현금<=0	75300000.0	8.74616494567222	11.68397150666376		-4.261599791254289	228.1386019897461	203.47535034179688	Y	Y	강한 상승추세	
GILD	GILEAD SCIENCES, INC.	0000882095	S&P 500	제외	PEG=보통, PEGY=보통	148.77000427246094	6.78	2025	2.24	5412000000.0	68000000.0	5480000000.0	22129000000.0	2807000000.0	22703000000.0					-13.26613545816733	-15.502788844621515	23.899135653484993	24.229025533492983	1684.2105263157894	23.0389935777624	40.69054645685804	3376.9210526315787	54.5779871555248	89.88109291371607	22895.524736842104	370.0387529144582	609.393809954995	15289.879733357198	148.73209806242954	309.6214239793505	3년	54.5779871555248	370.0387529144582	148.73209806242954	70.5653355321187	1.0577367292392514	1.7963221381438483	7.534661354581673	5.064637452575799	3년	1.0577367292392514	보통	3년	23.0389935777624	1.0373341861839318	보통	N	주당순현금<=0	1255000000.0	11.279827627846718	1.121539702308394		-4.512194250061386	132.78300048828126	133.3110499191284	Y	Y	상승전환	단기위험부채 존재
HSIC	HENRY SCHEIN INC	0001000228	S&P 500	제외	PEG=보통, PEGY=판정불가	89.6500015258789	3.27	2025		80209000.0		80209000.0	363524000.0	764000000.0	3245000000.0	6421000000.0	33.57128077798469	66.4287192220153	0.5053729948606136	-2.327636739241161	-8.604446893240233	28.127718123889927	30.047231932452338	7.213114754098368	-5.784216280166666	26.993797939062315	22.926229508196734	-3.0684325603333313	62.48759587812463	74.96877049180333	-10.033774472289993	204.33443852146755	-16.376163730279035	-111.19216319186964	127.92463473911168	5년	62.48759587812463	204.33443852146755	127.92463473911168						판정불가		판정불가	5년	26.993797939062315	1.0420066930702898	보통	N	주당순현금<=0 | FCF<=0	121717876.0	18.474961933686075	9.44939264768947		-1.2012302882429715	85.99239990234375	78.37169998168946	Y	Y	강한 상승추세	단기위험부채 존재
NVDA	NVIDIA CORP	0001045810	S&P 500	보류	PEG=보통, PEGY=안심	213.0500030517578	4.9	2026	48.0	10605000000.0	34621000000.0	45226000000.0	7469000000.0	0.0	157293000000.0	49510000000.0	76.05934149891442	23.940658501085572	3.1769945465562515	1.5402219140083218	1.5402219140083218	43.16526145668357	43.16526145668357	66.66666666666669	41.21547046890686	-6.616661124591561	141.83333333333337	90.93094093781372	-4.7333222491831215	694.9833333333336	445.5616105952872	-23.1932790209973	226.2066760752386	109.13475907674297	-110.88630776286014	3년	90.93094093781372	445.5616105952872	109.13475907674295	2.656457132357114	2.066834937590608	0.9587185963633444	4.184517622583014	1.964101179367943	3년	2.066834937590608	안심	3년	41.21547046890686	1.0473072602494649	보통	Y		24514000000.0	0.21166365725460157	8.943549658167548		-9.625011416258832	207.80639923095703	195.42565017700196	Y	Y	강한 상승추세	
LMT	LOCKHEED MARTIN CORP	0000936468	S&P 500	제외	PEG=보통, PEGY=불리(<1)	556.52001953125	21.49	2025	2.45	4121000000.0	3000000.0	4124000000.0	20532000000.0	0.0	6721000000.0	53119000000.0	11.231617647058824	88.76838235294117	0.1265272313108304	-70.26980728051392	-70.26980728051392	29.166581052199344	29.166581052199344	-3.6754818467055146	-0.2623064045820689	27.492062613344558	1.1490363065889708	7.975387190835862	63.484125226689116	24.69279022859698	171.39107073106265	1364.2738511215491	-95.56300054589315	-69.20307181843643	145.14371509414167	5년	63.484125226689116	1364.2738511215491	145.14371509414167	-0.04201664379216313	0.07500685772880347	1.0265880172844852	32.61241970021413	5.860062271916682	3년	0.0750068577288034	불리(<1)	5년	27.492062613344558	1.060909159942113	보통	N	주당순현금<=0	233500000.0	4.778401962354795	-14.050962234555985		-17.759714867422392	549.1815991210938	553.3349513244628	Y	Y	상승전환	
DXCM	DEXCOM INC	0001093557	S&P 500	보류	PEG=보통, PEGY=판정불가	89.16000366210938	2.09	2025		917700000.0	1730000000.0	2647700000.0	4600000.0		2746000000.0	3593900000.0	43.31298600924305	56.68701399075695	0.7640724561061799	6.518125770653514	6.518125770653514	39.54156836911764	39.54156836911764	47.183098591549296	36.597938323358605	-16.208656508885298	102.86619718309859	81.69587664671721	-23.917313017770596	214.99035211267605	170.74438219163895	-49.987184207140544	141.1286936768501	91.50333689835944	-156.0645829452604	3년	81.69587664671721	170.74438219163895	91.50333689835945				2.656473489519112	2.9794452449625037	판정불가		판정불가	3년	36.597938323358605	1.0804315811385548	보통	Y		405500000.0	26.900086750969333	21.869873153500997		-3.443786876647703	78.220400390625	69.62000005722047	Y	Y	강한 상승추세	
ICE	Intercontinental Exchange, Inc.	0001571949	S&P 500	제외	PEG=보통, PEGY=불리(<1)	161.77999877929688	5.77	2025	1.28	837000000.0	16000000.0	853000000.0	18609000000.0	1035000000.0	28915000000.0	107896000000.0	21.134996454963417	78.86500354503659	0.26798954548824794	-30.88	-32.68	33.38994779537208	33.701906200918	20.711297071129692	30.77318536913174	44.058395353098234	49.922594142259385	70.04637073826348	96.61679070619647	288.05336820083664	404.16755915978024	557.4788823747535	78.05252217476162	149.82541859896585	244.5907322173219	3년	70.04637073826348	404.16755915978024	149.82541859896585	0.6586202891331784	0.9599651238021516	1.3578456495634963	7.459130434782609	4.610662931799428	3년	0.9599651238021516	불리(<1)	3년	30.77318536913174	1.0850338499200407	보통	N	주당순현금<=0	575000000.0	8.062248028950014	0.9043827927913917		-9.488646185879091	143.5263998413086	154.81610054016113	Y	Y	상승전환	단기위험부채 존재
FOXA	Fox Corp	0001754301	S&P 500	제외	PEG=보통, PEGY=안심	70.33000183105469	3.84	2026	84.0	4205000000.0		4205000000.0	6606000000.0	0.0	11628000000.0					-5.469248291571754	-5.469248291571754	19.739388052767303	19.739388052767303	-21.792260692464364	18.120452257112785	54.94321165488696	-35.08452138492873	44.74090451422557	118.38642330977392	-134.7245621181263	171.80507333462617	454.60386550953183	-291.5605838341351	144.28418720552983	546.386824504245	3년	44.74090451422557	171.80507333462617	144.28418720552983	3.151452271024917	5.173435568728095	7.038881412304383	3.343963553530752	4.754675766344431	3년	5.173435568728095	안심	3년	18.120452257112785	1.0893430126733752	보통	N	주당순현금<=0	439000000.0	7.406839073730032	29.951964558557687		-7.594269784450313	58.076799926757815	63.37124994277954	Y	Y	상승전환	
XYL	Xylem Inc.	0001524472	S&P 500	제외	PEG=보통, PEGY=불리(<1)	112.80999755859375	3.92	2025	1.51	1479000000.0		1479000000.0	1408000000.0	534000000.0	11480000000.0	5885000000.0	66.10999136193493	33.89000863806507	1.9507221750212405	0.2909907620679197	-1.8975876455978427	28.703828264419855	29.262139082701935	7.397260273972603	25.99210498948732	36.73964338359592	23.294520547945204	60.48420997897464	81.97928676719184	91.3145205479452	237.0981031175806	321.358804127392	-19.054585121751966	110.174725865437	184.867308822055	3년	60.48420997897464	237.0981031175806	110.174725865437	0.31031610807864596	0.9581336933923151	1.3325624384050778			3년	0.9581336933923152	불리(<1)	3년	25.99210498948732	1.1043287288978445	보통	N	FCF<=0	243994000.0	2.4613979309996425	-12.04584251515678		-26.243870670511804	117.95100036621093	125.78885021209717	N	N	중립/개선	단기위험부채 존재
DLR	DIGITAL REALTY TRUST, INC.	0001297996	S&P 500	제외	PEG=보통, PEGY=불리(<1)	192.32000732421875	3.58	2025	2.59	3451647000.0		3451647000.0	2940210000.0		22925663000.0	24564494000.0	48.2745571887665	51.72544281123349	0.93328456104164	1.470449383283977	1.470449383283977	53.30993238573597	53.30993238573597	122.36024844720497	47.747457450932274	86.18839525621738	253.22049689440993	103.99491490186455	180.87679051243475	906.5293788819876	372.3017953486751	647.5389100345164	371.36509170038335	93.5845367981074	236.69867167947652	3년	103.99491490186455	372.3017953486751	93.58453679810741	2.343845562269699	0.9442416299969079	1.6653256022506537			3년	0.944241629996908	불리(<1)	3년	47.747457450932274	1.116497824842715	보통	N	FCF<=0	347810000.0	0.31818923842719116	7.088374211210047		-5.683878245177176	187.28800018310548	177.94254959106445	Y	Y	강한 상승추세	
PPG	PPG INDUSTRIES INC	0000079879	S&P 500	제외	PEG=보통, PEGY=보통	113.6500015258789	6.94	2025	2.61	2163000000.0	56000000.0	2219000000.0	6602000000.0	4000000.0	7941000000.0	14001000000.0	36.19086683073557	63.80913316926442	0.567173773301907	-19.299867899603697	-19.31748128577719	19.15704170396003	19.159579655858227	46.10526315789475	17.118429805639778	43.51289451505902	100.7105263157895	42.736859611279556	95.52578903011803	698.9310526315792	296.5938057022801	662.9489758690191	514.985519795552	160.97122896627823	483.32509192097194	3년	42.736859611279556	296.5938057022801	160.97122896627823	2.542942898528253	1.0298265311789572	2.4076209274798814	5.121092029942757	4.506020203419573	3년	1.0298265311789572	보통	3년	17.118429805639778	1.119088720254507	보통	N	주당순현금<=0	227100000.0	0.6821441275660645	-7.6916837308680375		-13.613557589751512	116.96980041503906	110.73940002441407	N	Y	상승전환	단기위험부채 존재
LLY	ELI LILLY & Co	0000059478	S&P 500	제외	PEG=보통, PEGY=양호	1233.6600341796875	22.95	2025	55.00000000000001	7268000000.0	154800000.0	7422800000.0	40868000000.0	1000000000.0	26535000000.0					-37.19025909040365	-38.30223507172245	55.37474044749853	55.42319255997429	95.98633646456018	49.27183319275166	27.579995682880675	200.47267292912036	107.04366638550331	63.65999136576135	4600.8478437233125	2456.652143547301	1460.996801844223	272.94292724515554	99.1352621859743	18.42782949645454	3년	107.04366638550331	2456.652143547301	99.1352621859743	2.726628337115407	1.8830216150920485	1.491293593713108			3년	1.8830216150920485	양호	3년	49.27183319275166	1.123861988874501	보통	N	주당순현금<=0 | FCF<=0	899300000.0	13.919771000377512	19.909031314608438		-3.645901314243305	1183.3154028320312	1056.221104736328	Y	Y	강한 상승추세	단기위험부채 존재
MET	METLIFE INC	0001099219	S&P 500	제외	PEG=보통, PEGY=보통	95.87000274658203	4.71	2025	2.46	22032000000.0	3601000000.0	25633000000.0	23692000000.0	355000000.0	28398000000.0	716245000000.0	3.813639556136296	96.1863604438637	0.03964844431723782	2.882815980989158	2.355562156542403	19.742502498002732	19.854445985146416	-20.707070707070713	17.4111403260089	102.01265397268551	-32.914141414141426	43.3222806520178	212.52530794537103	-155.02560606060612	204.04794187100384	1000.9942004226975	-261.7039758206674	112.83815169002756	944.1161695475023	3년	43.3222806520178	204.04794187100384	112.83815169002756	-0.9242531796015573	1.0065157812703422	5.2917634926602934			3년	1.0065157812703422	보통	3년	17.4111403260089	1.1339006020479443	보통	N	FCF<=0	673300000.0	15.228372912347243	27.300499076489682		-4.082035343905943	92.71919952392578	81.19504970550537	Y	Y	강한 상승추세	단기위험부채 존재
RMD	RESMED INC	0000943819	S&P 500	보류	PEG=보통, PEGY=불리(<1)	236.58999633789062	10.43	2026	1.14	1469234000.0		1469234000.0	1078611000.0	259950000.0	6585393000.0	2380557000.0	73.44891506198451	26.55108493801549	2.766324435835815	2.6745107973763127	0.8946896353403536	22.427179821717576	22.597824228432433	9.674027339642482	19.643471363879893	26.342032619655285	27.848054679284964	47.78694272775979	61.18406523931057	290.45521030494217	498.4178126505346	638.1498004460092	22.767325246551383	110.6673233718257	169.72814164746976	3년	47.78694272775979	498.4178126505346	110.6673233718257	0.48218400287541346	0.9267090882177713	1.2253895870154299	11.294069316828022	4.773688444839475	3년	0.9267090882177712	불리(<1)	3년	19.643471363879893	1.1417116357018404	보통	Y		146054000.0	14.793784246207696	-6.312122329409786		-17.035457727800164	208.57720001220704	229.02060028076173	Y	Y	상승전환	단기위험부채 존재
INTU	INTUIT INC.	0000896878	S&P 500	제외	PEG=보통, PEGY=불리(<1)	357.4599914550781	13.67	2025	1.3	2884000000.0	485000000.0	3369000000.0	5973000000.0	0.0	19710000000.0	17248000000.0	53.33080794415282	46.66919205584718	1.1427411873840445	-9.201413427561837	-9.201413427561837	26.822341249644474	26.822341249644474	31.064237775647175	23.370799285623757	52.08691360323674	70.62847555129434	55.24159857124751	112.67382720647348	965.4912607861937	755.1526524689534	1540.2512179124924	170.09771271354342	111.2551531697368	330.8877230267755	3년	55.24159857124751	755.1526524689534	111.25515316973681	1.2066149436554559	0.9197854525823976	1.9903897689745622	21.636042402826856	6.052717204729707	3년	0.9197854525823976	불리(<1)	3년	23.370799285623754	1.1476860898867027	보통	N	주당순현금<=0	283000000.0	16.160263443060607	-6.235086128122913		-49.08630264183138	302.80120056152344	439.52330139160154	Y	N	중립/개선	
CPRT	COPART INC	0000900075	S&P 500	제외	PEG=보통, PEGY=판정불가	33.33000183105469	1.59	2025		186319000.0		186319000.0	325386000.0	50370000.0	5987440000.0	883411000.0	87.14262614630996	12.85737385369003	6.777638041636339	-0.1422588620886838	-0.19378495299024207	21.05173628499583	21.084142631474798	13.571428571428584	-29.408420975097684	18.170645193625703	35.64285714285717	-50.31684195019537	44.841290387251405	56.6721428571429	-80.00377870081064	71.29765171572974	70.03342257347119	-340.0353264495426	113.91433483000685	5년	44.841290387251405	71.29765171572974	113.91433483000685				1.2590083708159985	3.7774026452135923	판정불가		판정불가	5년	18.170645193625703	1.1585574458512249	보통	N	주당순현금<=0	977563000.0	1.4611975014602763	-7.003343501247072		-33.29997795308098	29.62220012664795	34.77435010910034	Y	N	중립/개선	단기위험부채 존재
PLTR	Palantir Technologies Inc.	0001321655	S&P 500	보류	PEG=보통, PEGY=판정불가	172.72999572753906	0.63	2025		1423796000.0	5753247000.0	7177043000.0	0.0		7387268000.0	1412381000.0	83.9495757160314	16.0504242839686	5.230364894458365	2.7978525625907094	2.7978525625907094	269.7335605792831	269.7335605792831	231.57894736842107			471.65789473684214			297.14447368421054			72.02829909920247			1년	471.65789473684214	297.14447368421054	72.02829909920247				0.8188809670368397	0.4740815071451322	판정불가		판정불가	1년	231.57894736842107	1.1647585570469043	보통	Y		2565197000.0	30.352428411449562	28.720465448207456		-16.628052015695094	140.72279937744142	151.35579982757568	Y	Y	상승전환	
CCI	CROWN CASTLE INC.	0001051470	S&P 500	제외	PEG=보통, PEGY=불리(<1)	76.29000091552734	1.01	2025	5.56	99000000.0		99000000.0	24337000000.0		7089221000.0	33153000000.0	17.616376094152457	82.38362390584754	0.21383346906765602	-55.464530892448515	-55.464530892448515	130.4500314930454	130.4500314930454	111.24721603563475	-36.03957271499858	-15.540072887114587	230.9944320712695	-63.579145429997155	-22.580145774229173	233.3043763919822	-64.21493688429713	-22.805947231971466	205.81252273192416	-184.172153773336	-129.89375666310912	1년	230.9944320712695	233.3043763919822	205.81252273192416	0.8954173080583888	-0.23364940863677383	-0.07650494808540272			1년	0.8954173080583888	불리(<1)	1년	111.24721603563475	1.172613896704252	보통	N	주당순현금<=0 | FCF<=0	437000000.0	-16.044900836764963	-11.331938512613904		-24.75589173016971	77.74160018920898	85.38874988555908	N	N	주의	
MSFT	MICROSOFT CORP	0000789019	S&P 500	보류	PEG=보통, PEGY=안심	491.7099914550781	17.95	2026	75.0	20935000000.0	55908000000.0	76843000000.0	31067000000.0	0.0	442387000000.0	315989000000.0	58.33346519404623	41.66653480595377	1.4000075952010989	6.141956259224473	6.141956259224473	27.05114402205313	27.05114402205313	31.5982404692082	22.855998285745223	17.396112163192925	71.6964809384164	54.21199657149045	43.29222432638585	1286.9518328445743	973.1053384582535	777.0954266586259	161.72985198779477	97.90229105953708	58.03938096906054	3년	54.21199657149045	973.1053384582535	97.90229105953708	3.9406185698580893	3.6174439870627753	3.4156083043241376	8.987924325774856	1.8278913347230568	3년	3.6174439870627753	안심	3년	22.855998285745226	1.1835468170700871	보통	Y		7453000000.0	19.153312684587643	22.743380919474966		-9.290315861179844	423.80339782714844	431.10044921875	Y	Y	상승전환	
DVA	DAVITA INC.	0000927066	S&P 500	제외	PEG=보통, PEGY=판정불가	177.8000030517578	9.84	2025		676438000.0	337399000.0	1013837000.0	4417624000.0	87345000.0	-651082000.0	16321665000.0	-4.154803940606422	104.15480394060641	-0.03989066066482801	-44.85454305857547	-46.00556104632009	22.627494523407854	22.744467896146126	-8.294501397949679	18.926802949554716	45.67357145242303	-8.089002795899358	46.353605899109425	99.84714290484607	-79.59578751164968	456.1194820472367	982.4958861836852	-144.76703382759743	156.53513735568373	452.584853385902	3년	46.353605899109425	456.1194820472367	156.53513735568373				17.27134479804968	9.71391704252219	판정불가		판정불가	3년	18.926802949554713	1.1955265019515726	보통	N	주당순현금<=0	75885000.0	-8.783088076139256	18.92181766057679		-26.211820178570132	213.23280029296876	161.7619499206543	N	Y	중립/개선	단기위험부채 존재
AMZN	AMAZON COM INC	0001018724	S&P 500	보류	PEG=보통, PEGY=판정불가	261.05999755859375	7.17	2025		86810000000.0	36219000000.0	123029000000.0	65648000000.0	455000000.0	411065000000.0					5.29980604045442	5.257781472245313	35.67087747812264	35.67673864523688	29.656419529837247		-12.638188158251552	67.8128390596745		-16.776376316503104	486.2180560578662		-120.28661818932726	86.24762912929114		-146.07623508551114	1년	67.8128390596745	486.2180560578662	86.24762912929114				12.263507896924356	4.697582169467333	판정불가		판정불가	1년	29.656419529837247	1.2028045881342575	보통	Y		10827000000.0	-3.969103661087736	23.936573449982234		-8.083935054998149	250.59019958496094	238.44404998779297	Y	Y	강한 상승추세	단기위험부채 존재
SWKS	SKYWORKS SOLUTIONS, INC.	0000004127	S&P 500	보류	PEG=보통, PEGY=보통	65.69999694824219	3.08	2025	4.13	1161300000.0	212900000.0	1374200000.0	496400000.0		5757100000.0	2159900000.0	72.71820133889099	27.281798661109008	2.665447474420112	5.659574468085107	5.659574468085107	19.493643662388664	19.493643662388664	-16.531165311653112	-26.666925336211623	16.101965535917493	-24.562330623306224	-44.833850672423246	40.70393107183499	-75.65197831978317	-138.0882600710636	125.36810770125176	-215.14761314126244	-310.1800098710022	90.81904646055847	5년	40.70393107183499	125.36810770125176	90.81904646055847	-0.6361645635074428	-1.1561166155763232	1.0378750061464066	7.129593810444875	10.851741463643444	5년	1.0378750061464066	보통	5년	16.101965535917493	1.2106375224133723	보통	Y		155100000.0	-16.49720806632957	9.829483924131011		-21.24191034482632	65.45840034484863	63.85789995193481	Y	Y	강한 상승추세	
WST	WEST PHARMACEUTICAL SERVICES INC	0000105770	S&P 500	보류	PEG=보통, PEGY=불리(<1)	348.4800109863281	6.79	2025	25.0	791300000.0	7500000.0	798800000.0	202800000.0	0.0	3176000000.0	1094000000.0	74.37939110070258	25.620608899297427	2.903107861060329	8.198074277854195	8.198074277854195	50.11516004543063	50.11516004543063	1.4947683109118033	-4.229866358140244	39.39782987966147	11.489536621823607	0.04026728371951194	87.29565975932294	78.01395366218229	0.2734148564554861	592.7375297658028	-77.61307644551152	-99.92154073466608	70.09226098453539	5년	87.29565975932294	592.7375297658028	70.09226098453539	0.5286777152241685	0.41444811556086264	1.2849969913551758	6.449793672627235	1.8508360506451775	3년	0.4144481155608626	불리(<1)	5년	39.39782987966147	1.2720284390918144	보통	Y		72700000.0	11.438719743110127	40.58415528556858		-4.719193883333972	348.66	290.852600402832	N	Y	상승전환	
HBAN	HUNTINGTON BANCSHARES INC /MD/	0000049196	S&P 500	제외	PEG=보통, PEGY=불리(<1)	16.950000762939453	1.39	2025	3.64	2672000000.0		2672000000.0	17221000000.0	1261000000.0	24342000000.0	200727000000.0	10.8153499593458	89.1846500406542	0.12126918650704688	-9.668163175256307	-10.506128242546032	19.149758228917815	19.752610795313302	13.93442622950819	-1.3987851140241592	15.035833064612024	36.36885245901638	5.702429771951682	38.57166612922405	50.55270491803277	7.926377383012837	53.61461591962142	198.24603328965256	-53.2367137095146	216.31040416734248	5년	38.57166612922405	53.61461591962142	216.31040416734248	0.9177361938162366	0.11703619749054638	0.9752516371935118	1.4719211927412688	8.683900451258797	3년	0.1170361974905463	불리(<1)	5년	15.035833064612024	1.2736080632597755	보통	N	주당순현금<=0	1504836000.0	5.739239157116138	-1.9097217048208104		-12.0394376736484	17.580200119018556	16.94010001182556	N	Y	상승전환	단기위험부채 존재
MTB	M&T BANK CORP	0000036270	S&P 500	제외	PEG=보통, PEGY=불리(<1)	240.41000366210938	17.0	2025	2.48	1420888000.0		1420888000.0	10911000000.0	2149000000.0	29177000000.0	184333000000.0	13.665402088895135	86.33459791110486	0.15828419219564593	-59.76479775302127	-73.29831035763992	17.65734125971357	18.45343023645584	16.12021857923497	13.816843747424093	11.330076475388973	40.74043715846994	36.13368749484818	31.160152950777945	692.587431693989	614.2726874124191	529.722600163225	188.0859453200643	155.51045216727545	120.34133026666298	3년	36.13368749484818	614.2726874124191	155.51045216727545	1.0533986009361807	0.9229500357795346	0.7821152840772018			3년	0.9229500357795346	불리(<1)	3년	13.816843747424091	1.277957656791586	보통	N	주당순현금<=0 | FCF<=0	158791000.0	11.766618707771425	8.039726337477205		-5.383916278856371	243.56420013427734	218.67880027770997	N	Y	상승전환	단기위험부채 존재
GS	GOLDMAN SACHS GROUP INC	0000886982	S&P 500	제외	PEG=보통, PEGY=불리(<1)	1058.8800048828125	51.32	2025	1.93	164259000000.0		164259000000.0	236027000000.0	69709000000.0	124972000000.0	1684348000000.0	6.907125328852828	93.09287467114717	0.07419606874588862	-225.9697732997481	-445.4565491183879	25.03604400199845	29.312871278277484	26.591021213616184	19.517790861873507	15.71173099479697	61.68204242723237	47.535581723747015	39.92346198959394	3165.522417365565	2439.526054062697	2048.872069305961	198.9500607026664	130.38739449355097	93.49426373696726	3년	47.535581723747015	2439.526054062697	130.38739449355097	1.139198397771611	0.8566765124778292	0.7046532987954788	-148.6712846347607	-14.0404279945974	3년	0.8566765124778292	불리(<1)	3년	19.517790861873507	1.2827293918239704	보통	N	주당순현금<=0 | FCF<=0	317600000.0	6.263112388188685	14.923267193918344		-8.088913499256234	1053.3156030273437	938.9190011596679	Y	Y	강한 상승추세	단기위험부채 존재
CBRE	CBRE GROUP, INC.	0001138118	S&P 500	제외	PEG=보통, PEGY=판정불가	151.74000549316406	3.85	2025		1864000000.0		1864000000.0	5050000000.0	2465000000.0	8878000000.0	21251000000.0	29.46662683793023	70.53337316206976	0.41776857559644254	-10.593461930091989	-18.789596160373456	42.16453699305352	44.29340302689286	22.611464968152863	-3.5428381522206065	32.860400171986704	53.722929936305725	1.414323695558787	74.22080034397341	206.83328025477704	5.44514622790133	285.75008132429764	36.3076794300597	-96.41152891078112	88.31558651628674	5년	74.22080034397341	285.75008132429764	88.31558651628674				4.318714363628149	2.8461277232672226	판정불가		판정불가	5년	32.860400171986704	1.2831413121072863	보통	N	주당순현금<=0	300751541.0	16.5885613593278	3.0562346048057742		-11.578576450391864	142.50840087890626	147.39315044403077	Y	Y	상승전환	단기위험부채 존재
WBD	Warner Bros. Discovery, Inc.	0001437107	S&P 500	제외	PEG=보통, PEGY=판정불가	28.899999618530273	0.29	2025		4566000000.0		4566000000.0	32567000000.0	0.0	35919000000.0	62919000000.0	36.34128574030232	63.65871425969769	0.5708768416535546	-11.067588932806323	-11.067588932806323	137.81927086667793	137.81927086667793	106.27705627705627			221.05411255411255			64.10569264069264			121.81900860506923			1년	221.05411255411255	64.10569264069264	121.81900860506923				1.2205533596837945	4.223368082334482	판정불가		판정불가	1년	106.27705627705627	1.2967923246518371	보통	N	주당순현금<=0	2530000000.0	6.484894135823471	0.0		-3.602401401589528	26.811000061035156	27.058600006103514	Y	Y	상승전환	
JBHT	HUNT J B TRANSPORT SERVICES INC	0000728535	S&P 500	제외	PEG=보통, PEGY=보통	262.17999267578125	6.12	2025	69.0	17284000.0		17284000.0	766938000.0	699859000.0	3565085000.0	4362070000.0	44.97307041429113	55.02692958570887	0.8172920196145408	-7.673962001474081	-14.838188928015724	44.09378344399597	45.26440875879035	10.071942446043176	-12.736907999542591	33.56042305195701	28.64388489208635	-16.973815999085183	75.62084610391402	175.30057553956848	-103.87975391440132	462.7995781559538	-33.13731770663758	-139.62154123745887	76.51979215983276	5년	75.62084610391402	462.7995781559538	76.51979215983276	1.7932673558501366	1.2759869443255605	2.3259610548552767	9.700116698059126	3.6997928785719925	3년	1.2759869443255605	보통	5년	33.56042305195701	1.313862562928113	보통	N	주당순현금<=0	97688000.0	-3.2081820054106203	19.580384344712076		-12.141017573710933	277.8779992675781	233.5294496154785	N	Y	중립/개선	단기위험부채 존재
SWK	STANLEY BLACK & DECKER, INC.	0000093556	S&P 500	제외	PEG=보통, PEGY=불리(<1)	98.45999908447266	2.65	2025	3.41	280100000.0		280100000.0	4703300000.0	605600000.0	9054600000.0					-29.12337534073401	-33.110786288995115	48.144669594417614	49.64935297111992	35.8974358974359		-1.0951545801409002	80.2948717948718		6.3096908397182	212.78141025641025		16.720680725253228	116.10949851203718		-83.01779313352633	1년	80.2948717948718	212.78141025641025	116.10949851203718	0.8164441926504279		0.048081032424979124	4.5292932485284245	4.600135375425475	5년	0.0480810324249791	불리(<1)	1년	35.8974358974359	1.3411729387016336	보통	N	주당순현금<=0	151878000.0	23.911402238755876	15.482050923656931		-5.3269239572378275	93.42980041503907	80.75240013122558	Y	Y	강한 상승추세	단기위험부채 존재
CSCO	CISCO SYSTEMS, INC.	0000858877	S&P 500	제외	PEG=보통, PEGY=불리(<1)	111.11000061035156	2.55	2025	1.52	8346000000.0	7764000000.0	16110000000.0	22861000000.0	31000000.0	46843000000.0	75448000000.0	38.30453590206965	61.69546409793034	0.6208647015162762	-1.6885942971485743	-1.6963481740870434	44.234743100980445	44.237783837034755	0.3937007874015664	-3.299135343193793	32.687404272277206	9.287401574803132	1.9017293136124138	73.87480854455441	23.682874015747984	4.849409749711655	188.38076178861374	-78.68520035491605	-95.63548760411054	69.54438012221848	5년	73.87480854455441	188.38076178861374	69.54438012221848	0.043262391804399336	-0.04022031594333729	0.7733153144845327	3.3236618309154577	2.9913255446475167	5년	0.7733153144845327	불리(<1)	5년	32.687404272277206	1.353265702364037	보통	N	주당순현금<=0	3998000000.0	-7.153002163925071	40.43225069927274		-14.530768761268032	115.80419998168945	93.3101000213623	N	Y	중립/개선	단기위험부채 존재
TDG	TransDigm Group INC	0001260221	S&P 500	제외	PEG=보통, PEGY=보통	1192.5999755859375	32.08	2025	18.32131514950338	2808000000.0		2808000000.0	19384000000.0	124000000.0	-9686000000.0	32588000000.0	-42.293249497860444	142.29324949786044	-0.2972259727507058	-284.8109965635739	-286.94158075601376	46.05395798471046	46.120372703926165	25.214676034348155	33.77548076206609		58.92935206869631	76.05096152413218		1890.4536143637774	2439.71484569416		58.51531553444622	104.57109639764175		3년	76.05096152413218	2439.71484569416	104.57109639764175	0.9453257241930245	1.1312121301032407		31.20274914089347	2.6163633892046003	3년	1.1312121301032407	보통	3년	33.77548076206609	1.3635322709139517	보통	N	주당순현금<=0	58200000.0	-3.8931153156228415	-7.91587033771134		-17.75172582165948	1263.7962036132812	1274.6950982666015	N	N	주의	단기위험부채 존재
FDS	FACTSET RESEARCH SYSTEMS INC	0001013237	S&P 500	제외	PEG=보통, PEGY=불리(<1)	296.0799865722656	15.55	2025	1.52	337651000.0	17445000.0	355096000.0	1368260000.0	0.0	2186413000.0	2117859000.0	50.79634837203597	49.203651627964035	1.0323694825765077	-26.394789631366418	-26.394789631366418	20.737927730137105	20.737927730137105	11.79007907979871	14.904095738686006	46.6827292996804	32.08015815959742	38.30819147737201	101.8654585993608	498.84645938173986	595.6923774731348	1584.0078812200607	68.48368076373986	101.19305744690764	434.99322921424294	3년	38.30819147737201	595.6923774731348	101.19305744690763	0.6418230043523597	0.7919834591195878	2.3243754114173356	17.33682428031783	5.855452940614867	3년	0.7919834591195878	불리(<1)	3년	14.904095738686006	1.39142475288242	보통	N	주당순현금<=0	38385000.0	25.601320128338756	43.296870375173334		-22.12929734845733	259.49919830322267	248.2351495361328	Y	Y	강한 상승추세	
LRCX	LAM RESEARCH CORP	0000707549	S&P 500	제외	PEG=보통, PEGY=불리(<1)	314.6600036621094	5.76	2026	34.0	5579171000.0	2574947000.0	8154118000.0	3721914000.0	147000.0	12470921000.0	11058822000.0	53.00066813309435	46.99933186690564	1.12768982085072	3.5145483870456156	3.5144318223268223	54.018308207476345	54.0183284444067	38.79518072289155	-44.23206854382806	-26.525939643495455	86.0903614457831	-79.96413708765613	-44.55187928699091	495.88048192771066	-460.5934296248993	-256.6188246930676	57.59247319535432	-246.3781301291464	-181.55431948975377	1년	86.0903614457831	495.88048192771066	57.59247319535432	1.347602010105463	-0.18941853018662116	0.1383616148769003			5년	0.1383616148769003	불리(<1)	1년	38.79518072289155	1.392397385472217	보통	N	FCF<=0	1261102000.0	-1.3388483716590072	26.126346420878722		-27.385592178575415	335.189599609375	255.11459930419923	N	Y	중립/개선	단기위험부채 존재
WTW	WILLIS TOWERS WATSON PLC	0001140536	S&P 500	제외	PEG=보통, PEGY=불리(<1)	346.82000732421875	16.26	2025	1.09	3132000000.0	0.0	3132000000.0	5756000000.0	988000000.0	7976000000.0	21478000000.0	27.079513818157125	72.92048618184288	0.37135673712636186	-26.505050505050505	-36.484848484848484	22.959720653706594	23.573484367101305	1793.7500000000005		16.276465322384226	3596.000000000001		41.05293064476845	58470.96000000002		667.5206522839351	16759.16578201887		92.46889977137762	5년	41.05293064476845	667.5206522839351	92.46889977137762	78.17342497632885		0.7563883543844686	16.454545454545453	4.7444049094789404	5년	0.7563883543844686	불리(<1)	5년	16.276465322384226	1.4106085196600526	보통	N	주당순현금<=0	99000000.0	36.52181408050388	16.83735736522387		-1.1204540772006388	302.99319915771486	299.5433996582031	Y	Y	강한 상승추세	단기위험부채 존재
JNJ	JOHNSON & JOHNSON	0000200406	S&P 500	제외	PEG=보통, PEGY=불리(<1)	273.1400146484375	11.03	2025	1.96	19709000000.0	393000000.0	20102000000.0	39438000000.0	8495000000.0	81544000000.0	117666000000.0	40.933688067868076	59.066311932131924	0.693012424999575	-7.959166872478801	-11.455915040750803	25.484966593011453	25.801988185783166	90.50086355785837	17.90172233284293	14.890675456717407	189.50172711571673	44.30344466568586	38.281350913434814	2090.2040500863554	488.666994662515	422.24330057518597	665.2500322139499	78.90714229165046	54.588591173161305	3년	44.30344466568586	488.666994662515	78.90714229165046	3.628055121061575	0.7793505343769789	0.6612006099838577	8.108174857989628	2.968504950995839	3년	0.7793505343769789	불리(<1)	3년	17.90172233284293	1.4236041716643164	보통	N	주당순현금<=0	2429400000.0	18.094177256744224	11.40841729754316		-0.0987487692679756	256.1675994873047	232.67930000305176	Y	Y	강한 상승추세	단기위험부채 존재
NTRS	NORTHERN TRUST CORP	0000073124	S&P 500	보류	PEG=보통, PEGY=불리(<1)	186.82000732421875	8.74	2025	1.76	5873100000.0		5873100000.0	1421600000.0		12957900000.0	164174800000.0	7.315363001862446	92.68463699813756	0.07892746024359402	23.155164963319883	23.155164963319883	18.725954503535338	18.725954503535338	-10.542476970317292	12.490113204685828	9.86611256684804	-12.584953940634584	33.48022640937165	28.23222513369608	-109.99249744114627	292.61717881790827	246.74964766850374	-158.87618730806417	56.63053599504613	32.0788127581429	3년	33.48022640937165	292.61717881790827	56.63053599504613	-0.46900023006353125	0.7609819409737164	0.6208555384801937	28.398432689485546	15.200958985191123	3년	0.7609819409737164	불리(<1)	3년	12.490113204685827	1.4992621921561171	보통	Y		192246525.0	11.24211302152367	28.18718284800774		-2.428575686446266	182.01059967041016	156.19155044555663	Y	Y	강한 상승추세	
HCA	HCA Healthcare, Inc.	0000860730	S&P 500	제외	PEG=보통, PEGY=안심	428.760009765625	28.33	2025	73.0	1040000000.0	103000000.0	1143000000.0	41603000000.0	4698000000.0	-6027000000.0	45623000000.0	-15.221234468128095	115.22123446812809	-0.13210442101571576	-168.93880874339757	-188.55508465729974	21.097734504377783	21.790155115528584	28.772727272727266	13.944298430482704	20.983259927461795	66.04545454545453	36.38859686096541	50.46651985492359	1871.0677272727269	1030.88894907115	1429.7165074899851	336.3904479560762	140.434957923121	233.45379114799383	3년	36.38859686096541	1030.88894907115	140.434957923121	4.82386993976104	4.121025336272089	4.454661229524917	32.117580742813004	7.4908060479729865	3년	4.121025336272089	안심	3년	13.944298430482704	1.51300078735101	보통	N	주당순현금<=0	239495000.0	9.335717566989054	-20.683722005230166		-21.34720049801767	398.48699951171875	454.2842495727539	Y	N	중립/개선	단기위험부채 존재
SBAC	SBA COMMUNICATIONS CORP	0001034054	S&P 500	제외	PEG=보통, PEGY=불리(<1)	187.6199951171875	3.47	2025	2.7	264568000.0	6648000.0	271216000.0	10964466000.0	1935802000.0	-4853519000.0					-99.44156677485051	-117.44350106478942	82.72667489684092	87.9145522138262	115.527950310559	54.54935861402714	29.8495127277137	239.555900621118	117.59871722805428	68.1990254554274	831.2589751552796	408.06754878134836	236.6506183303331	343.05457669161274	117.49683370712664	26.132941311783455	3년	117.59871722805428	408.06754878134836	117.49683370712663	1.429139397394948	0.6920302149870806	0.3934584916933084	9.917969367542987	5.286200631946622	3년	0.6920302149870806	불리(<1)	3년	54.54935861402714	1.516547160200122	보통	N	주당순현금<=0	107533000.0	-6.283717294115143	-4.843537627654126		-16.147488215782126	183.2547994995117	193.3386496734619	Y	N	주의	단기위험부채 존재
ZTS	Zoetis Inc.	0001555280	S&P 500	제외	PEG=보통, PEGY=불리(<1)	77.29000091552734	6.02	2025	2.75	1564000000.0	0.0	1564000000.0	9042000000.0	0.0	3331000000.0	12136000000.0	21.53617378935799	78.46382621064201	0.2744726433750824	-16.84860364775198	-16.84860364775198	15.637641954033112	15.637641954033112	10.05484460694698	10.268140283428306	11.973196718056611	28.60968921389396	29.03628056685661	32.446393436113226	172.23032906764163	174.79840901247678	195.3272884854016	122.8364950543571	126.1591498795807	152.71999763446877	3년	29.03628056685661	174.79840901247678	126.1591498795807	0.8188475375371078	0.8324874250027697	0.9415228179117724	5.1438034404677415	6.6551990937217935	3년	0.8324874250027697	불리(<1)	3년	10.268140283428306	1.5229283514241243	보통	N	주당순현금<=0	443835000.0	-2.755413121425343	-40.06203742172253		-50.581838918304015	75.80599960327149	104.78450023651124	Y	N	주의	
MCK	MCKESSON CORP	0000927653	S&P 500	보류	PEG=보통, PEGY=안심	905.0900268554688	38.38	2026	43.0	3975000000.0		3975000000.0	3072000000.0	0.0	-2172000000.0					7.2763900080580175	7.2763900080580175	23.392747182058642	23.392747182058642	49.22239502332816	15.31382381030486	56.03117347520965	106.94479004665632	39.12764762060972	120.5623469504193	4104.54104199067	1501.719115679001	4627.182875957093	353.4953341880224	65.91930870085771	411.2400687954983	3년	39.12764762060972	1501.719115679001	65.91930870085771	3.9423499217765783	2.4928163997356143	4.233413574920471	46.08380338436744	5.091626469962908	3년	2.4928163997356143	안심	3년	15.31382381030486	1.5275575500821277	보통	Y		124100000.0	19.64652423865605	-6.036913330888316		-9.099215153691276	825.4048010253906	841.1444995117188	Y	Y	상승전환	
EW	Edwards Lifesciences Corp	0001099800	S&P 500	보류	PEG=보통, PEGY=판정불가	90.87000274658203	1.83	2025		2938000000.0	1288300000.0	4226300000.0	598300000.0	0.0	10337600000.0	3359600000.0	75.47235931431241	24.527640685687587	3.0770329801166807	6.193240013656538	6.193240013656538	46.271455045314475	46.271455045314475	181.53846153846155	-9.143970358393016	30.15204668909448	371.5769230769231	-9.787940716786032	68.80409337818895	679.9857692307693	-17.91193151171844	125.91149088208579	648.306095166643	-119.71160005537932	38.56221753753803	5년	68.80409337818895	125.91149088208579	38.56221753753803				2.278934790030727	2.5079065930989493	판정불가		판정불가	5년	30.15204668909448	1.5346041189983342	보통	Y		585800000.0	5.039880363759219	8.95683583217346		-4.528259660406175	89.20040008544922	84.72215003967285	Y	Y	강한 상승추세	
ISRG	INTUITIVE SURGICAL INC	0001035267	S&P 500	제외	PEG=보통, PEGY=판정불가	371.8399963378906	7.87	2025		3368000000.0	2566900000.0	5934900000.0			17824000000.0	2517000000.0	87.62597709060518	12.374022909394819	7.0814461660707195	16.3631100082713	16.3631100082713	45.16860055014223	45.16860055014223	22.58566978193147	29.189521389942357	21.11377974023332	53.67133956386294	66.87904277988471	50.72755948046664	422.3934423676013	526.3380666776927	399.22589311127246	13.595483683194963	41.5496105479223	7.3649680085776215	3년	66.87904277988471	526.3380666776927	41.5496105479223						판정불가		판정불가	3년	29.189521389942353	1.5474251854539036	보통	N	FCF<=0	362700000.0	-11.159955278312594	-26.53851740054174		-37.279242363063915	386.7265985107422	471.43629989624026	N	N	주의	
TJX	TJX COMPANIES INC /DE/	0000109198	S&P 500	보류	PEG=보통, PEGY=불리(<1)	139.47999572753906	4.87	2026	1.36	6230000000.0	0.0	6230000000.0	1870000000.0	999000000.0	10190000000.0					3.8652482269503547	2.979609929078014	27.8469707393406	28.028826652661408	14.319248826291089	17.920914155588186		37.138497652582174	44.34182831117637		180.8644835680752	215.94470387542893		29.67055427889229	54.821272218316096		3년	44.34182831117637	215.94470387542893	54.821272218316096	0.5630504291851159	0.6923882075384673		4.35904255319149	3.1252098413499136	3년	0.6923882075384673	불리(<1)	3년	17.920914155588186	1.553881152355011	보통	Y		1128000000.0	-11.164893568946432	-10.486465683883972		-17.178319164824817	154.88280029296874	155.20320022583007	N	N	주의	단기위험부채 존재
ESS	ESSEX PROPERTY TRUST, INC.	0000920522	S&P 500	제외	PEG=보통, PEGY=불리(<1)	292.0	10.4	2025	3.53	76241000.0		76241000.0	638959000.0		5541372000.0	7422114000.0	42.74600211702315	57.25399788297685	0.7466029220246415	-8.737930546901023	-8.737930546901023	28.91710870643279	28.91710870643279	-9.878682842287684	18.3737118876667	3.6579731144279037	-11.257365684575369	45.2474237753334	15.815946228855807	-117.07660311958384	470.5732072634674	164.4858407801004	-140.09472709574788	61.15520796694089	-43.669232609554655	3년	45.2474237753334	470.5732072634674	61.15520796694089	-0.21954763551016362	0.7574654890305159	0.2485716392811047			3년	0.7574654890305159	불리(<1)	3년	18.3737118876667	1.573830529357724	보통	N	주당순현금<=0 | FCF<=0	64399459.0	5.47990252630175	12.337940302341588		-2.1218070114223275	288.9753973388672	266.04634956359865	Y	Y	강한 상승추세	
MMM	3M CO	0000066740	S&P 500	제외	PEG=보통, PEGY=불리(<1)	179.3699951171875	6.0	2025	1.74	2398000000.0	404000000.0	2802000000.0	10932000000.0	1670000000.0	4702000000.0	32986000000.0	12.476119719804712	87.52388028019529	0.1425453222579276	-15.019397746166636	-18.10456308886015	32.39823214389236	32.912426367674605	351.12781954887214	-16.156804116139433	20.313637898738858	710.7556390977443	-23.813608232278867	49.127275797477715	4264.533834586466	-142.8816493936732	294.7636547848663	2277.5068019600076	-179.65749750972816	64.33275509222645	5년	49.127275797477715	294.7636547848663	64.33275509222645	10.891576366934391	-0.44498737005492	0.6807049779997443	2.5789765379641603	1.4377970720684035	5년	0.6807049779997443	불리(<1)	5년	20.313637898738858	1.5949005444221172	보통	N	주당순현금<=0	541300000.0	15.59579637417654	8.354477704460095		-2.399610235826255	169.96459899902345	160.67760009765624	Y	Y	강한 상승추세	단기위험부채 존재
VMC	Vulcan Materials CO	0001396009	S&P 500	제외	PEG=보통, PEGY=안심	274.0899963378906	8.11	2025	75.0	183300000.0	0.0	183300000.0	4361700000.0	0.0	8525100000.0	8151500000.0	51.120132401088945	48.87986759891105	1.0458320554499172	-31.48756593820648	-31.48756593820648	37.67910755562234	37.67910755562234	18.394160583941606	23.456661319602468	56.64065143238312	45.28832116788321	55.413322639204935	121.78130286476625	367.28828467153284	449.402046603952	987.6463662332542	34.00280549413044	63.96149170287173	260.336524290989	3년	55.413322639204935	449.402046603952	63.96149170287173	2.478672310538992	2.6130306078576724	3.4937306102076238	8.555388093443858	3.1213791848488373	3년	2.6130306078576724	안심	3년	23.456661319602468	1.6063286689540226	보통	N	주당순현금<=0	132700000.0	-0.5659341894197811	-10.290316030183766		-17.035444989286475	287.97260009765625	289.2021496582031	N	N	주의	
CME	CME GROUP INC.	0001156375	S&P 500	보류	PEG=보통, PEGY=불리(<1)	277.32000732421875	11.16	2025	1.86	4416900000.0	125000000.0	4541900000.0		0.0	28728200000.0	169696000000.0	14.478173529236857	85.52182647076314	0.16929214595511974	12.605534123393744	12.605534123393744	23.719934874625896	23.719934874625896	15.408479834539815	14.67730855550884	56.73155320469705	39.31695966907963	37.854617111017674	121.9631064093941	438.77726990692867	422.45752695895726	1361.1082675288383	58.22056047833142	52.33575501282033	390.80781464769944	3년	37.854617111017674	422.45752695895726	52.33575501282033	0.7280154825809643	0.6971903018671194	2.4701397164194843	11.63886653159779	4.196908345668196	3년	0.6971903018671194	불리(<1)	3년	14.677308555508839	1.6160956748247337	보통	Y		360310000.0	-0.6377637908888789	-9.773548756837558		-15.052375610204349	252.642001953125	278.6416999053955	Y	N	주의	
NEM	NEWMONT Corp /DE/	0001164727	S&P 500	제외	PEG=보통, PEGY=안심	135.13999938964844	6.39	2025	79.0	7647000000.0	594000000.0	8241000000.0	5115000000.0	0.0	33867000000.0	23079000000.0	59.47213149299336	40.52786850700664	1.4674379305862473	2.82129963898917	2.82129963898917	20.707151760666555	20.707151760666555	118.83561643835617		12.729803073711565	246.17123287671234		33.95960614742313	1573.0341780821918		217.0018832820338	1064.0033929160165		60.57561363187032	5년	33.95960614742313	217.0018832820338	60.57561363187032	9.55397529920783		4.429860954993977			5년	4.429860954993977	안심	5년	12.729803073711565	1.6266670930227576	보통	N	FCF<=0	1108000000.0	26.028159245516026	8.241891102353716		0.0	102.92120010375976	106.88889999389649	Y	Y	상승전환	
ALL	ALLSTATE CORP	0000899051	S&P 500	제외	PEG=보통, PEGY=불리(<1)	257.6199951171875	14.37	2025	1.66	678000000.0	4887000000.0	5565000000.0	7490000000.0		30610000000.0	89169000000.0	25.555397857721303	74.4446021422787	0.3432807365788559	-7.207038562336204	-7.207038562336204	18.42916031172747	18.42916031172747	103.25318246110325		11.203898286185531	215.0063649222065		30.907796572371062	3089.6414639321074		444.1450367449721	1099.3018874667223		72.40316946009457	5년	30.907796572371062	444.1450367449721	72.40316946009457	5.69278147709971		0.6980186871563291	36.997379258704605	14.361221939265642	5년	0.6980186871563291	불리(<1)	5년	11.203898286185531	1.6448882202412285	보통	N	주당순현금<=0	267100000.0	23.35168187139014	23.068835266674537		-6.357453805984026	251.29440032958985	219.6345002746582	Y	Y	강한 상승추세	
GRMN	GARMIN LTD	0001121788	S&P 500	보류	PEG=보통, PEGY=불리(<1)	288.45001220703125	8.59	2025	1.44	2278646000.0	167989000.0	2446635000.0			8972564000.0					12.63653313775721	12.63653313775721	32.10867043879791	32.10867043879791	17.671232876712327	19.45038186480894	37.78102526893068	43.842465753424655	47.40076372961788	84.06205053786135	376.60678082191777	407.1725604374176	722.093014120229	30.562234315876236	41.15879466324126	150.33558105796027	3년	47.40076372961788	407.1725604374176	41.15879466324126	0.5952047411349561	0.6506149765568131	1.2215088551763478	7.039258119163706	2.4403736596521166	3년	0.6506149765568131	불리(<1)	3년	19.45038186480894	1.650798974640764	보통	Y		193616000.0	21.212762418533117	14.46883047703107		-7.890532368794934	265.18379943847657	235.0251502227783	Y	Y	강한 상승추세	
PNR	PENTAIR plc	0000077360	S&P 500	제외	PEG=보통, PEGY=불리(<1)	62.459999084472656	3.96	2025	1.67	82500000.0		82500000.0	1638600000.0	3694000.0	4663800000.0	2999600000.0	60.85810475767936	39.14189524232064	1.5548073076410187	-9.402416918429003	-9.424737160120847	18.147074748207487	18.152711172877147	5.882352941176464	10.942784716109877	45.36942418564116	20.264705882352928	30.385569432219754	99.23884837128232	80.24823529411759	120.32685495159022	392.98583955027794	28.479405171920714	92.64626435369748	529.1800277146864	3년	30.385569432219754	120.32685495159022	92.64626435369748	0.4161746753108218	0.6950312869216417	2.5921215864439846	4.507552870090635	7.216703388026781	3년	0.6950312869216417	불리(<1)	3년	10.942784716109877	1.6583598434036186	보통	N	주당순현금<=0	165500000.0	-13.78881750803429	-38.04800706850314		-44.524379504351586	69.20000007629395	87.54480016708374	N	N	주의	단기위험부채 존재
HOOD	Robinhood Markets, Inc.	0001783879	S&P 500	제외	PEG=보통, PEGY=판정불가	112.08999633789062	2.05	2025		4261000000.0		4261000000.0			7972000000.0	28986000000.0	21.570431300395043	78.42956869960496	0.2750293245014835	4.637662377147143	4.637662377147143	52.41577266377732	52.41577266377732	31.410256410256395			71.32051282051279			146.2070512820512			30.43719873209392			1년	71.32051282051279	146.2070512820512	30.43719873209392						판정불가		판정불가	1년	31.410256410256395	1.6687470480712787	보통	N	FCF<=0	918781846.0	47.04183576255259	44.57629060071962		-26.479082118723706	100.91540008544922	95.7637749862671	Y	Y	강한 상승추세	
GNRC	GENERAC HOLDINGS INC.	0001474735	S&P 500	제외	PEG=보통, PEGY=불리(<1)	201.77999877929688	2.69	2025	5.451481844854004	341413000.0		341413000.0	1193750000.0	50618000.0	2632422000.0	2934633000.0	47.28571928964237	52.71428071035763	0.8970191502651268	-14.379177897293332	-15.233118564899213	80.356571255238	80.67402131754501	-50.09276437847866	47.98739628823825	6.42832098504873	-91.68552875695732	104.4747925764765	21.35664197009746	-246.6340723562152	281.03719203072177	57.449366899562165	-222.22919707021055	39.279013644020736	-71.52871084988003	3년	104.4747925764765	281.03719203072177	39.279013644020736	-0.5555399121228028	0.6650218805796654	0.14783859794326845	4.523398856608908	2.2417478858033473	3년	0.6650218805796654	불리(<1)	3년	47.98739628823825	1.6745349293921463	보통	N	주당순현금<=0	59275781.0	-28.07186409392012	-14.70961314668051		-31.724980393432432	231.07720092773437	207.13770027160643	N	N	주의	단기위험부채 존재
AXP	AMERICAN EXPRESS CO	0000004962	S&P 500	제외	PEG=보통, PEGY=불리(<1)	335.95001220703125	15.38	2025	1.13	654000000.0	742000000.0	1396000000.0	56387000000.0	1371000000.0	33474000000.0	266578000000.0	11.156066281844481	88.84393371815553	0.12556925177621558	-79.01005747126437	-80.97988505747126	26.980498678692822	27.108575894961152	9.77872947894362	16.01301181321386	54.27257678866031	28.05745895788724	40.52602362642772	117.04515357732062	431.52371877230576	623.2902433744584	1800.1544620191912	28.448787942408703	85.53065061070812	435.8399751775675	3년	40.52602362642772	623.2902433744584	85.53065061070812	0.4043190457246262	0.635385283918126	2.053430422040832	22.992816091954023	6.844118248694857	3년	0.635385283918126	불리(<1)	3년	16.01301181321386	1.6849109332716936	보통	N	주당순현금<=0	696000000.0	7.490242216060028	2.708739480980049		-12.715321411003233	342.8751983642578	338.4346496582031	N	N	중립/개선	단기위험부채 존재
CHD	CHURCH & DWIGHT CO INC /DE/	0000313927	S&P 500	제외	PEG=보통, PEGY=불리(<1)	102.55999755859375	3.02	2025	1.2	409000000.0		409000000.0	2205100000.0	0.0	4002200000.0	4910200000.0	44.90597369956465	55.09402630043535	0.8150788155268625	-7.352026197298404	-7.352026197298404	36.39470985294442	36.39470985294442	27.426160337552734	21.59038130727984	38.621625217033674	63.35232067510547	51.680762614559676	85.74325043406735	191.3240084388185	156.07590309597023	258.9446163108834	86.54837460337576	52.18009634487579	152.48110615734493	3년	51.680762614559676	156.07590309597023	52.18009634487579	0.78654728814212	0.6262003845989182	1.0941597110661403	4.474007367990176	4.362331780901343	3년	0.6262003845989182	불리(<1)	3년	21.590381307279838	1.6856909257398278	보통	N	주당순현금<=0	244300000.0	4.6423786584954385	-1.032519273553223		-2.565081249136114	98.7716000366211	94.31174980163574	Y	Y	상승전환	
LIN	LINDE PLC	0001707925	S&P 500	제외	PEG=보통, PEGY=불리(<1)	487.20001220703125	14.61	2025	1.31	5056000000.0		5056000000.0	20683000000.0	4510000000.0	38245000000.0	47076000000.0	44.824837964862105	55.175162035137895	0.812409720452035	-33.0943783818126	-42.6455172121687	35.61221017035208	36.26594999446954	7.268722466960355	21.083080176239765	25.40817902227086	23.03744493392071	50.66616035247953	59.31635804454172	336.57707048458155	740.2326027497259	866.6119910307546	-30.91603816677324	51.93608050140415	77.87601997483029	3년	50.66616035247953	740.2326027497259	51.93608050140415	0.24089272825033264	0.6288034376165307	0.7502533230727227	10.7773271635659	2.2120950109882536	3년	0.6288034376165307	불리(<1)	3년	21.083080176239765	1.6891369701513714	보통	N	주당순현금<=0	472195000.0	-4.0699358317844325	-4.145430039559916		-10.873701311389382	506.4303991699219	477.942550201416	N	Y	중립/개선	단기위험부채 존재
EL	ESTEE LAUDER COMPANIES INC	0001001250	S&P 500	보류	PEG=보통, PEGY=불리(<1)	104.8499984741211	0.5	2026	1.34	2181000000.0	534000000.0	2715000000.0	1080100000.0	1000000000.0	5590000000.0	8745000000.0	38.99546564352982	61.004534356470174	0.6392224128073185	4.4816337719298245	1.740405701754386	200.73672940438254	206.21918554473342	115.87301587301589	-43.62040735317784	-42.25870639790483	240.24603174603178	-78.74081470635568	-76.01741279580966	120.12301587301589	-39.37040735317784	-38.00870639790483	14.566540411218476	-137.5492684083302	-136.25055503199275	1년	240.24603174603178	120.12301587301589	14.566540411218476	0.5839141457609942	-0.21062616432294406	-0.20384264762765172	3.607456140350877	3.4405876898903944	1년	0.5839141457609942	불리(<1)	1년	115.87301587301589	1.7323854729419312	보통	Y		364800000.0	14.967107437103921	-7.146652342971427		-12.340107065389539	85.59899963378906	91.71399990081787	Y	Y	상승전환	단기위험부채 존재
CPT	CAMDEN PROPERTY TRUST	0000906345	S&P 500	제외	PEG=보통, PEGY=불리(<1)	108.27999877929688	3.54	2025	3.88	25203000.0	0.0	25203000.0	3900800000.0		4362523000.0	4604736000.0	48.64945910450451	51.35054089549549	0.9473991559993885	-35.741529409594776	-35.741529409594776	40.68404751098634	40.68404751098634	136.0	-16.313493007414216	23.343513504709378	280.5	-24.126986014828432	55.187027009418756	992.97	-85.40953049249265	195.3620756133424	817.0391680775081	-178.8783999403064	80.42304933115277	5년	55.187027009418756	195.3620756133424	80.42304933115277	3.438202650860309	-0.30561101385147754	0.6691446689850101			5년	0.6691446689850101	불리(<1)	5년	23.343513504709378	1.7428416464718834	보통	N	주당순현금<=0 | FCF<=0	108434000.0	0.17578170769134704	-0.5145144959902925		-7.909510892099291	112.03980010986328	107.16634983062744	N	Y	상승전환	
MCO	MOODYS CORP /DE/	0001059556	S&P 500	제외	PEG=보통, PEGY=안심	513.1099853515625	13.67	2025	81.0	2384000000.0	64000000.0	2448000000.0	6994000000.0	129900000.0	4054000000.0	11625000000.0	25.856240831685696	74.1437591683143	0.3487311827956989	-25.26959421901056	-25.99166203446359	39.38402191445304	39.43684326159664	21.403197158081706	22.48000431974093	7.800452654910939	51.30639431616341	53.46000863948186	24.100905309821876	701.3584103019539	730.7983181017171	329.45937558526504	36.6877336876247	42.42527702925196	-35.791665531604764	3년	53.46000863948186	730.7983181017171	42.42527702925196	2.600120357959228	2.6274615767915295	2.2547329688114766	14.313507504168983	2.7895593367495937	3년	2.627461576791529	안심	3년	22.48000431974093	1.7519579335608826	보통	N	주당순현금<=0	179900000.0	13.630522660498091	10.73440031907884		-4.910954340982943	480.9040020751953	472.3402500915527	Y	Y	강한 상승추세	단기위험부채 존재
FAST	FASTENAL CO	0000815556	S&P 500	보류	PEG=보통, PEGY=불리(<1)	50.310001373291016	1.09	2025	1.87	276800000.0	27165000.0	303965000.0	100000000.0	25000000.0	3943600000.0					0.1773093413120836	0.15557652669780128	45.99329544218251	46.013233804213954	-45.49999999999999	-16.762013813238276	26.237828742825165	-82.49999999999999	-25.024027626476553	60.97565748565033	-89.925	-27.276190112859446	66.46346665935887	-278.7417959557841	-154.2162380606494	32.10786095236233	5년	60.97565748565033	66.46346665935887	32.10786095236233	-0.9486165229200988	-0.32378662302984584	0.6111288280736288	0.9132998013505995	1.8153444174530666	5년	0.6111288280736288	불리(<1)	5년	26.237828742825165	1.7529383202014972	보통	Y		1150334204.0	12.248999812244033	12.726865716419876		-3.951889371159767	48.09899978637695	45.011949920654295	Y	Y	강한 상승추세	단기위험부채 존재
TT	Trane Technologies plc	0001466258	S&P 500	제외	PEG=보통, PEGY=안심	455.25	12.98	2025	93.0	1763300000.0		1763300000.0	3922100000.0	763300000.0	8579200000.0	12819800000.0	40.0915930650965	59.9084069349035	0.6692148083433439	-9.598932859048466	-12.992885726989773	35.81270669176028	36.074182259398285	15.480427046263348	20.16860829862783	29.821435131157937	39.460854092526695	48.83721659725566	68.14287026231588	512.2018861209965	633.9070714323785	884.4944560048601	12.510024408785615	39.2437279368212	94.28763448761343	3년	48.83721659725566	633.9070714323785	39.2437279368212	3.0291043896780443	3.160012709250637	3.4295490756474	12.556247220987105	2.758099334648458	3년	3.160012709250637	안심	3년	20.16860829862783	1.7756657356569714	보통	N	주당순현금<=0	224900000.0	-0.530937055293712	-1.0369090751684906		-9.575734372803623	473.8817993164063	443.4408003234863	N	Y	중립/개선	단기위험부채 존재
KDP	Keurig Dr Pepper Inc.	0001418135	S&P 500	제외	PEG=보통, PEGY=불리(<1)	31.84000015258789	1.53	2025	2.83	1026000000.0		1026000000.0	13036000000.0	0.0	25516000000.0	29943000000.0	46.0087632304946	53.9912367695054	0.8521524229369135	-8.812738479600823	-8.812738479600823	26.570417406659292	26.570417406659292	45.714285714285715	14.847977704937376	38.520495126762675	99.92857142857143	38.195955409874756	85.54099025352535	152.8907142857143	58.439811777108375	130.8777150878938	380.1844018624719	83.54212153594635	311.04809818054076	3년	38.195955409874756	58.439811777108375	83.54212153594635	1.827005009794056	0.6653255548972588	1.5562606523599092	1.1043439976518932	3.4684170614306176	3년	0.6653255548972588	불리(<1)	3년	14.847977704937376	1.78949739383188	보통	N	주당순현금<=0	1362800000.0	5.780730063343609	5.60530864159261		-4.955223425110777	31.15040008544922	28.909950037002563	Y	Y	강한 상승추세	
PH	Parker-Hannifin Corp	0000076334	S&P 500	제외	PEG=보통, PEGY=안심	1016.3099975585938	28.48	2026	79.0	501000000.0	8390000.0	509390000.0	8796284000.0	1000000000.0	15404000000.0	15464000000.0	49.90281197356486	50.09718802643515	0.9961200206932229	-64.69081967213114	-72.49722092115535	37.95648936905635	38.23059053650804	5.014749262536871	21.091002216465117	16.36215183053762	18.52949852507374	50.68200443293023	41.22430366107524	527.7201179941002	1443.4234862498529	1174.0681682674228	-48.07488667219617	42.02590643772888	15.522642804636376	3년	50.68200443293023	1443.4234862498529	42.02590643772888	2.2134488900079643	2.636993143471886	2.5124070591280936	30.483996877439502	2.999478205534625	3년	2.636993143471886	안심	3년	21.091002216465114	1.7996531876244768	보통	N	주당순현금<=0	128100000.0	18.633562852824316	0.44574123542564514		-5.3600526898335055	986.4904016113281	930.4502987670899	Y	Y	강한 상승추세	단기위험부채 존재
SBUX	STARBUCKS CORP	0000829224	S&P 500	제외	PEG=보통, PEGY=불리(<1)	105.76000213623047	1.63	2025	2.31	6455700000.0	247200000.0	6702900000.0	14575900000.0	0.0	-8096600000.0	40108900000.0	-25.292153328564332	125.29215332856434	-0.201865421390265	-6.9073521670468505	-6.9073521670468505	69.12107625967934	69.12107625967934	-50.755287009063444	-16.7980082334351	37.63685261204004	-93.01057401812689	-25.096016466870203	83.77370522408008	-151.60723564954682	-40.90650684099843	136.55113951525053	-243.350257741353	-138.67861763874245	29.114161078928213	5년	83.77370522408008	136.55113951525053	29.114161078928213	-0.700875762221359	-0.2096033368896839	0.5779257901304177	2.142481137041586	2.025795285330872	5년	0.5779257901304177	불리(<1)	5년	37.63685261204004	1.836526475053004	보통	N	주당순현금<=0	1139800000.0	3.5847245022604612	7.9955088396347795		-2.5702448982862225	104.61340042114257	96.78235027313232	Y	Y	강한 상승추세	
WAB	WESTINGHOUSE AIR BRAKE TECHNOLOGIES CORP	0000943452	S&P 500	제외	PEG=보통, PEGY=보통	296.94000244140625	6.83	2025	42.0	473000000.0		473000000.0	4291000000.0	1250000000.0	11142000000.0	10879000000.0	50.59715725898006	49.40284274101994	1.0241750160860372	-22.314436002337814	-29.62010520163647	46.74296316892299	47.81260726838107	13.079470198675496	25.44351122642632	25.77438254899549	34.65894039735099	59.387022452852634	60.04876509799098	236.72056291390726	405.61336335298347	410.1330656192784	-20.280002368283746	36.59775039337154	38.11984314919241	3년	59.387022452852634	405.61336335298347	36.59775039337154	1.178347850982948	1.4428591311743384	1.4499376580827297	8.760958503798948	2.950413696964829	3년	1.4428591311743384	보통	3년	25.443511226426317	1.83712706760278	보통	N	주당순현금<=0	171100000.0	13.85299843603407	12.986570221782824		-2.894144954450173	281.21219970703123	250.96449981689454	Y	Y	강한 상승추세	단기위험부채 존재
BALL	BALL Corp	0000009389	S&P 500	제외	PEG=보통, PEGY=불리(<1)	64.08000183105469	3.3	2025	1.24	1212000000.0		1212000000.0	6337000000.0	2000000.0	5421000000.0	14103000000.0	27.76582667486171	72.2341733251383	0.3843863007870666	-18.570724566260346	-18.577971678286204	25.04567466585304	25.047870760406333	3099.9999999999995	13.617128057248994	13.396657763302722	6208.499999999999	35.73425611449799	35.29331552660544	20488.049999999996	117.92304517784335	116.46794123779794	31872.61144594881	84.02472192298698	81.75396053337005	3년	35.73425611449799	117.92304517784335	84.02472192298698	123.82337634642326	0.5932013513497011	0.5843986220606051	2.855362138187932	4.455933296812355	3년	0.5932013513497011	불리(<1)	3년	13.617128057248994	1.839277310204932	보통	N	주당순현금<=0	275972000.0	13.395865748304093	-2.9531985223261725		-5.4309329828195585	62.234399948120114	58.47264976501465	Y	Y	상승전환	단기위험부채 존재
ALLE	Allegion plc	0001579241	S&P 500	제외	PEG=보통, PEGY=불리(<1)	160.3699951171875	7.44	2025	1.3	356200000.0		356200000.0	1979900000.0	200000.0	1318300000.0	3156100000.0	29.463168246021816	70.53683175397819	0.41769905896517856	-18.749422632794456	-18.75173210161663	24.07519055779327	24.07550097026937	9.090909090909092	12.754839878198432	17.023921536797502	26.681818181818183	34.009679756396864	42.547843073595004	198.5127272727273	253.03201738759267	316.55595246754683	23.784207343566766	57.780149087548494	97.39100960639753	3년	34.009679756396864	253.03201738759267	57.780149087548494	0.43160236119275486	0.5837893513016786	0.7611122118768007	7.98729792147806	4.980543845275723	3년	0.5837893513016786	불리(<1)	3년	12.754839878198432	1.8875337352485675	보통	N	주당순현금<=0	86600000.0	22.214596574691427	3.0456789087323743		-10.79157183857582	148.9284002685547	151.43495056152344	Y	Y	상승전환	단기위험부채 존재
CFG	CITIZENS FINANCIAL GROUP INC/RI	0000759944	S&P 500	제외	PEG=보통, PEGY=불리(<1)	69.83000183105469	3.86	2025	2.62	4074000000.0		4074000000.0	11224000000.0	58000000.0	26317000000.0	200034000000.0	11.626632972684018	88.37336702731598	0.13156263435216015	-16.365648187670065	-16.49840449464697	22.33047927946237	22.364872105104055	27.392739273927397	-1.9905807112054583	11.698377840871576	63.285478547854794	4.518838577589083	31.89675568174315	244.2819471947195	17.44271690949386	123.12147693152856	249.8237731480093	-75.0211707688417	76.31601561375612	5년	31.89675568174315	123.12147693152856	76.31601561375612	1.3440257550374435	0.028186555286944807	0.6412033374509957	4.772360345635256	6.834254934120451	3년	0.0281865552869448	불리(<1)	5년	11.698377840871576	1.908852627536491	보통	N	주당순현금<=0	436890731.0	10.70069721633542	10.735807659895013		-6.556940058566552	71.19640014648438	63.27520009994507	N	Y	상승전환	단기위험부채 존재
MS	MORGAN STANLEY	0000895421	S&P 500	제외	PEG=보통, PEGY=불리(<1)	216.77000427246094	10.21	2025	2.15	111695000000.0		111695000000.0	341681000000.0	941000000.0	111632000000.0	1307618000000.0	7.865562797252069	92.13443720274793	0.08537049811183388	-144.46356783919597	-145.05464824120602	35.380369452659835	35.43826175452173	28.427672955974852	18.408680655257537	41.34141455266054	65.35534591194971	45.317361310515075	91.18282910532108	667.2780817610067	462.690258980359	930.9766851653283	207.82768307846524	113.44754802827693	329.4767111759485	3년	45.317361310515075	462.690258980359	113.44754802827693	0.8642553322369582	0.5810759178975157	1.2292526964946922			3년	0.5810759178975157	불리(<1)	3년	18.408680655257537	1.921939443419872	보통	N	주당순현금<=0 | FCF<=0	1592000000.0	7.519470074011303	24.77408024140031		-5.154232606432807	216.909599609375	188.9310494232178	N	Y	상승전환	단기위험부채 존재
ABBV	AbbVie Inc.	0001551152	S&P 500	제외	PEG=보통, PEGY=불리(<1)	265.7900085449219	1.02	2025	2.62	5229000000.0	28000000.0	5257000000.0	64503000000.0	2499000000.0	-3270000000.0					-33.41567963902989	-34.82515510434292	293.3389099842665	294.7207486757498	5200.0	-9.58502599188228	152.18545481323272	10408.5	-10.670051983764559	312.87090962646545	10616.67	-10.88345302343985	319.12832781899476	3894.3826549844325	-104.09475626379702	20.067842115689615	5년	312.87090962646545	319.12832781899476	20.067842115689615	17.735867363381992	-0.0237439553868113	0.5277358357319043	10.048505358150027	3.780618170397366	5년	0.5277358357319043	불리(<1)	5년	152.18545481323272	1.9275095004595688	보통	N	주당순현금<=0	1773000000.0	23.393693628725742	17.129389515963787		-0.06767405156790085	249.54340026855468	227.05269958496095	Y	Y	강한 상승추세	단기위험부채 존재
FTNT	Fortinet, Inc.	0001262039	S&P 500	제외	PEG=보통, PEGY=판정불가	153.66000366210938	2.42	2025		2495300000.0	775500000.0	3270800000.0	496600000.0	499700000.0	1237500000.0	9151700000.0	11.911408000616024	88.08859199938398	0.1352207786531464	3.628302380329584	2.9747580434213967	61.996570777594954	62.266630420945454	7.079646017699122	31.674951451459886	-3.62054294817038	22.659292035398245	71.84990290291978	1.2589141036592402	54.83548672566375	173.87676502506585	3.046572130855361	-64.31375412026917	13.156814318065567	-98.01732913038671	3년	71.84990290291978	173.87676502506585	13.156814318065567						판정불가		판정불가	3년	31.674951451459886	1.9572743741249696	보통	N	FCF<=0	764600000.0	20.112564133162603	98.65547083820465		-8.69332117635122	156.33099975585938	106.85234992980958	N	Y	상승전환	단기위험부채 존재
TGT	TARGET CORP	0000027419	S&P 500	제외	PEG=보통, PEGY=불리(<1)	163.47000122070312	8.13	2025	2.73	5488000000.0	4611000000.0	10099000000.0	14654000000.0	970000000.0	16165000000.0					-9.997805092186129	-12.126865671641792	21.336753544020816	21.59863061406456	-8.23927765237019	10.780448872111425	-1.2094597080639313	-7.978555304740379	30.06089774422285	6.081080583872137	-64.86565462753929	244.3950986605318	49.43918514688048	-139.68046378121898	49.50455547533188	-69.75641721557709	3년	30.06089774422285	244.3950986605318	49.50455547533188	-0.2582059937564424	0.6332007746275651	0.07126390098657576	6.222563652326603	3.8065477493484767	3년	0.6332007746275651	불리(<1)	3년	10.780448872111425	1.979208268332696	보통	N	주당순현금<=0	455600000.0	27.38252855003458	40.38989848266521		-3.778914704814862	142.2393992614746	119.57364997863769	Y	Y	강한 상승추세	단기위험부채 존재
O	REALTY INCOME CORP	0000726728	S&P 500	제외	PEG=보통, PEGY=불리(<1)	62.83000183105469	1.17	2025	5.15	434842000.0		434842000.0	3975000000.0	516800000.0	39438695000.0	32671644000.0	54.69215031703013	45.30784968296987	1.2071230636572803	-3.897418790885291	-4.466372501744953	57.031983437555546	57.51826866051252	19.38775510204081	-6.251173723614811	28.805493048681363	47.27551020408162	-4.0023474472296225	66.11098609736273	55.31234693877549	-4.682746513258658	77.34985373391439	-11.965071897488755	-107.45304214036187	23.109742924888856	5년	66.11098609736273	77.34985373391439	23.109742924888856	0.43024551528893007	-0.019308003285919185	0.5953763309995928			5년	0.5953763309995928	불리(<1)	5년	28.805493048681363	1.979899574750251	보통	N	주당순현금<=0 | FCF<=0	908334000.0	1.0291095328483157	-4.788598477057649		-7.001178061672975	63.2107999420166	61.66104984283447	N	Y	상승전환	단기위험부채 존재
STX	Seagate Technology Holdings plc	0001137789	S&P 500	제외	PEG=보통, PEGY=불리(<1)	821.6699829101562	6.77	2027	37.0	891000000.0	411000000.0	1302000000.0	4995000000.0	0.0	-453000000.0	8476000000.0	-5.6462669824255265	105.64626698242552	-0.05344502123643228	-17.018433179723502	-17.018433179723502	123.88307475478284	123.88307475478284	-51.29496402877698	62.4216285007507	-1.6572902196046346	-94.08992805755396	133.3432570015014	5.185419560790731	-636.9888129496403	902.7338499001644	35.105290426553246	-177.52368057715583	9.865745211100396	-95.72756810438435	3년	133.3432570015014	902.7338499001644	9.865745211100396	-0.11539077518920789	0.8025440819704248	0.28529086681415994	3.769585253456221	0.45877120156017653	3년	0.8025440819704248	불리(<1)	3년	62.4216285007507	1.984617795629811	보통	N	주당순현금<=0	217000000.0	-5.626764953652296	94.77775773897483		-24.89580330037481	887.781796875	571.3221493530274	N	Y	중립/개선	
TXN	TEXAS INSTRUMENTS INC	0000097476	S&P 500	제외	PEG=보통, PEGY=불리(<1)	260.04998779296875	5.45	2025	2.19	3225000000.0	1656000000.0	4881000000.0	13548000000.0	0.0	16273000000.0	18312000000.0	47.05219025589128	52.94780974410872	0.888652249890782	-9.49288061336254	-9.49288061336254	49.457407047033264	49.457407047033264	4.8076923076923075	-16.644237941707228	24.802935181675736	18.115384615384613	-24.788475883414456	58.10587036335147	98.72884615384615	-135.0971935646088	316.67699348026554	-62.03466610717696	-151.9504710271944	21.775431011509493	5년	58.10587036335147	316.67699348026554	21.775431011509493	0.1414892677458324	-0.2922562828245618	0.5457814469732684	2.8510405257393208	1.0963432645915345	5년	0.5457814469732684	불리(<1)	5년	24.802935181675736	1.994014284388894	보통	N	주당순현금<=0	913000000.0	-18.08159464697955	21.575500333496223		-21.737694490092952	288.571796875	235.4475	N	Y	중립/개선	
FICO	FAIR ISAAC CORP	0000814547	S&P 500	제외	PEG=불리, PEGY=불리(<1)	1137.1400146484375	26.54	2025	0.007035193465136577	134136000.0		134136000.0	2656150000.0	399541000.0	-1745784000.0	3613917000.0	-93.4507339680847	193.45073396808473	-0.48307252214148805	-102.68368551769065	-118.9509791946582	46.715286366470544	47.32822132038793	29.7799511002445	23.23712626480905		68.059902200489	54.9742525296181		1806.3098044009782	1459.0166621360643		58.84673664917366	28.305806087312767		3년	54.9742525296181	1459.0166621360643	28.305806087312767	0.6376282499916123	0.49757077963579527		31.3458328243964	2.7565499780682146	3년	0.4975707796357952	불리(<1)	3년	23.23712626480905	2.01037279025408	불리	N	주당순현금<=0	24561000.0	-11.054616791426064	-12.590890750940664		-39.4993490406159	1171.9699951171874	1330.2780462646485	N	N	주의	단기위험부채 존재
AON	Aon plc	0000315293	S&P 500	제외	PEG=불리, PEGY=안심	354.8299865722656	17.02	2025	91.0	1195000000.0	1603000000.0	2798000000.0	14660000000.0		9352000000.0	41236000000.0	18.48659761208192	81.51340238791809	0.22679212338733146	-54.63841547673883	-54.63841547673883	24.058072975852202	24.058072975852202	36.269015212169734	11.921526017460929	15.032502900053736	81.03803042433947	32.343052034921854	38.56500580010747	1379.2672778222577	550.47874563437	656.3763987178291	288.71215230321366	55.13873304568016	84.9833507755551	3년	32.343052034921854	550.47874563437	55.138733045680155	5.290075200117374	4.278045299836205	4.407356441493951	14.822662367572548	4.177398452358176	3년	4.278045299836205	안심	3년	11.921526017460927	2.0180363604974243	불리	N	주당순현금<=0	217100000.0	11.392596551094147	9.292793251353416		-6.932283091952629	351.0129998779297	337.706199798584	Y	Y	강한 상승추세	
KIM	KIMCO REALTY CORP	0000879101	S&P 500	제외	PEG=불리, PEGY=불리(<1)	24.059999465942383	0.45	2020	4.62	211648000.0	223991000.0	435639000.0	7718700000.0		10391836000.0	9120372000.0	53.258124349637924	46.74187565036207	1.1394092258517525	-10.785262091668777	-10.785262091668777	77.43391457246925	77.43391457246925	104.54545454545455	38.33153542625083	-12.352677767919173	217.5909090909091	85.16307085250166	-16.205355535838347	97.9159090909091	38.32338188362575	-7.292409991127256	306.9655497270973	59.282555005346495	-130.3092691313226	3년	85.16307085250166	38.32338188362575	59.282555005346495	1.4097886584732615	0.5546863498170834	-0.09986164086644846	1.631347931743768	6.780332368888818	3년	0.5546863498170834	불리(<1)	3년	38.33153542625083	2.020109909801309	불리	N	주당순현금<=0	675279000.0	-1.4742039689878528	3.1732409125305505		-8.794540442118803	25.093199996948243	22.901749973297118	N	Y	중립/개선	
NFLX	NETFLIX INC	0001065280	S&P 500	제외	PEG=불리, PEGY=판정불가	82.2300033569336	2.53	2025		9033681000.0	28678000.0	9062359000.0	13463971000.0	998865000.0	26615488000.0	28981505000.0	47.87217179173701	52.127828208263	0.9183611410104479	-1.0132943879675764	-1.2432429383707544	32.902489227233666	32.99337798233374	-87.24155320221885	-36.64720009551697	16.282594168366128	-165.9831064044377	-64.79440019103394	41.065188336732255	-419.93725920322737	-163.92983248331586	103.8949264919326	-610.6861754345514	-299.3552545191443	26.346737505237172	5년	41.065188336732255	103.8949264919326	26.346737505237172				2.1780274838317877	2.6487016841987487	판정불가		판정불가	5년	16.282594168366128	2.0207154269776444	불리	N	주당순현금<=0	4343863000.0	-5.861471329852841	-0.5683114977655168		-34.90599220784084	74.53299942016602	88.13284473419189	Y	N	주의	단기위험부채 존재
LH	LABCORP HOLDINGS INC.	0000920148	S&P 500	제외	PEG=불리, PEGY=안심	337.67999267578125	10.46	2025	85.0	532300000.0		532300000.0	5084600000.0	500100000.0	8619800000.0	9756000000.0	46.90843391852327	53.09156608147673	0.8835383353833538	-54.32338902147971	-60.29116945107398	37.476422724403534	38.04695622627679	18.325791855203633		-8.010928076671341	45.151583710407266		-7.521856153342682	472.28556561086003		-78.67861536396447	39.861873920471936		-123.29975629900783	1년	45.151583710407266	472.28556561086003	39.861873920471936	2.7570879060428823		2.0543335336324846	14.391408114558473	4.2618480297043195	5년	2.0543335336324846	안심	1년	18.325791855203633	2.0450097338501667	불리	N	주당순현금<=0	83800000.0	30.757015556933688	19.414383666976587		-0.489185972777717	295.17179931640624	272.73755043029786	Y	Y	강한 상승추세	단기위험부채 존재
TYL	TYLER TECHNOLOGIES INC	0000860731	S&P 500	보류	PEG=불리, PEGY=불리(<1)	350.05999755859375	7.2	2025	0.006665714495439973	1015400000.0	81800000.0	1097200000.0	597934000.0	0.0	3702789000.0	1936119000.0	65.66500109595688	34.334998904043125	1.9124800696651394	11.395645028759244	11.395645028759244	47.03671562914368	47.03671562914368	19.008264462809922	22.991144762697367	41.04203232039028	46.516528925619845	54.482289525394734	90.58406464078055	334.9190082644629	392.2724845828421	652.20526541362	-4.325255498979585	12.05864346644827	86.31242357374826	3년	54.482289525394734	392.2724845828421	12.05864346644827	0.40425718341447764	0.4889331699627322	0.8726948190543342	14.55144709212088	4.156843739246507	3년	0.4889331699627322	불리(<1)	3년	22.991144762697367	2.045862270653862	불리	Y		43812000.0	15.7031934167968	4.461225526105195		-38.162866515536095	311.43860229492185	361.3709999084473	Y	N	중립/개선	
VLTO	Veralto Corp	0001967680	S&P 500	보류	PEG=불리, PEGY=안심	98.7699966430664	3.76	2025	52.0	2031000000.0		2031000000.0	1973000000.0	700000000.0	3105000000.0					0.2317219336795845	-2.5649220934878145	26.206987954624157	26.950776259721867	12.574850299401197			33.6497005988024			126.522874251497			28.09848997841271			1년	33.6497005988024	126.522874251497	28.09848997841271	2.4640317464642907			4.051138633639632	4.101588307509596	1년	2.4640317464642907	안심	1년	12.574850299401197	2.0840795182963023	불리	Y		250300000.0	16.942928858289008	4.662492072083513		-9.468379445949305	93.00799942016602	93.44945011138915	Y	Y	상승전환	단기위험부채 존재
HRL	HORMEL FOODS CORP /DE/	0000048465	S&P 500	제외	PEG=불리, PEGY=불리(<1)	23.780000686645508	0.87	2025	4.86	670679000.0	32909000.0	703588000.0	2850778000.0	185000000.0	7901171000.0					-3.900464308550834	-4.236524879381503	31.816626431260165	32.20290294945633	-40.816326530612244	-21.81034655991424	15.135740743060389	-73.13265306122449	-35.12069311982848	38.77148148612078	-63.625408163265305	-30.55500301425078	33.731188892925076	-367.5584790836292	-228.49033697215165	41.84687938999097	5년	38.77148148612078	33.731188892925076	41.84687938999097	-1.1301112205687773	-0.5327512203889835	0.628468287995938	0.970668270069174	4.081868133058073	5년	0.628468287995938	불리(<1)	5년	15.135740743060389	2.1020858490753302	불리	N	주당순현금<=0	550496000.0	13.45420670491313	-6.045036790125858		-18.05651167629915	24.886799926757813	23.450149974823	N	Y	상승전환	단기위험부채 존재
ROK	ROCKWELL AUTOMATION, INC	0001024478	S&P 500	제외	PEG=불리, PEGY=불리(<1)	429.3999938964844	7.67	2025	1.28	468000000.0	300000.0	468300000.0	2614000000.0	608000000.0	3654000000.0					-18.971706454465075	-24.347480106100797	58.457848807164204	59.15873194297069	-7.3671497584541	-1.270785701033128	27.797562094762206	-6.2342995169082	5.958428597933744	64.09512418952441	-47.817077294685895	45.701147346151814	491.60960253365226	-111.13578900194703	-89.35697531538182	14.487566260227936	5년	64.09512418952441	491.60960253365226	14.487566260227936	-0.10412887033414235	0.00015762295662413663	0.49741074446103556	12.232537577365164	2.848751222924811	3년	0.0001576229566241	불리(<1)	5년	27.797562094762206	2.102984736858604	불리	N	주당순현금<=0	113100000.0	-5.849849469672752	6.715042667575166		-13.266541661383457	460.03780151367187	418.66379974365236	N	Y	중립/개선	단기위험부채 존재
SCHW	SCHWAB CHARLES CORP	0000316709	S&P 500	보류	PEG=불리, PEGY=불리(<1)	112.2699966430664	4.65	2025	1.13	46030000000.0		46030000000.0	18914000000.0	17050000000.0	49425000000.0	441570000000.0	10.066293954113585	89.93370604588642	0.11193015829879747	14.989496959646214	5.564400221116639	20.92053756632692	22.947440090741882	55.51839464882943	9.933056473764434	52.16529750329273	119.53678929765886	28.36611294752887	112.83059500658545	555.8460702341138	131.90242520600924	524.6622667806224	395.09761009549453	17.486798922208123	367.3218869406857	3년	28.36611294752887	131.90242520600924	17.486798922208123	2.7077886726968723	0.5288132027530307	2.5475109009184957	4.844112769485903	4.314699309100823	3년	0.5288132027530307	불리(<1)	3년	9.933056473764434	2.1061530880835155	불리	Y		1809000000.0	31.141216963723785	17.74514781302021		-1.214258569541915	102.33879974365234	96.86489986419677	Y	Y	강한 상승추세	단기위험부채 존재
ETN	Eaton Corp plc	0001551182	S&P 500	제외	PEG=불리, PEGY=불리(<1)	409.20001220703125	10.45	2025	1.08	622000000.0	181000000.0	803000000.0	8024000000.0	1000000.0	19425000000.0					-18.458588957055216	-18.461145194274028	40.92426805397957	40.92451266998137	9.999999999999993	19.3940377642204	24.525465160026606	28.499999999999986	47.28807552844079	57.55093032005321	297.8249999999998	494.16038927220626	601.407221844556	-27.21774410668448	20.762554870646	46.971457454473196	3년	47.28807552844079	494.16038927220626	20.762554870646	0.2707439992667761	0.5002908723306893	0.6256792455335477	9.082310838445808	2.2195284866831066	3년	0.5002908723306893	불리(<1)	3년	19.394037764220396	2.110146868409207	불리	N	주당순현금<=0	391200000.0	0.6964138897675332	9.549437406447847		-11.035737931785816	416.96300048828124	379.4725010681152	N	Y	상승전환	단기위험부채 존재
MA	Mastercard Inc	0001141391	S&P 500	제외	PEG=불리, PEGY=안심	599.3699951171875	16.52	2025	57.99999999999999	10566000000.0		10566000000.0	18251000000.0	749000000.0	7737000000.0	46411000000.0	14.288616384723351	85.71138361527665	0.16670616879619055	-8.48233995584989	-9.309050772626932	36.7949355371088	36.84497856475875	18.9344852411807	17.359895932136805	20.99686615184875	46.3689704823614	43.21979186427361	50.4937323036975	766.0153923686103	713.9909615978	834.1564576570827	27.803426699536505	19.12357432210168	39.17220822740555	3년	43.21979186427361	713.9909615978	19.12357432210168	2.0908987641407863	2.0481051218620583	2.146949437434889	18.939293598233995	3.1598668189139207	3년	2.0481051218620583	안심	3년	17.359895932136805	2.1195366424399853	불리	N	주당순현금<=0	906000000.0	21.07506156500849	17.664260759184856		-0.0816841006802349	542.1387939453125	528.8852975463867	Y	Y	강한 상승추세	단기위험부채 존재
CRH	CRH PUBLIC LTD CO	0000849395	S&P 500	제외	PEG=불리, PEGY=불리(<1)	96.19999694824219	5.51	2025	1.63	4096000000.0		4096000000.0	16478000000.0	120000000.0	24004000000.0	32851000000.0	42.2196816462932	57.7803183537068	0.7306931295850964	-18.289512555391433	-18.466765140324963	20.778495372710278	20.810664625874256	9.76095617529881			28.02191235059762			154.40073705179287			60.499731756607034			1년	28.02191235059762	154.40073705179287	60.499731756607034	0.5482089040123319			4.301329394387001	4.471236518542943	1년	0.5482089040123319	불리(<1)	1년	9.76095617529881	2.128735648387868	불리	N	주당순현금<=0	677000000.0	-9.458826401654408	-19.940084873201958		-26.777292302546307	102.49199951171875	112.20059993743897	N	N	주의	단기위험부채 존재
OKE	ONEOK INC /NEW/	0001039684	S&P 500	제외	PEG=불리, PEGY=불리(<1)	91.69999694824219	5.42	2025	4.6	78000000.0		78000000.0	30755000000.0	820000000.0	22485000000.0					-49.01262182457261	-50.32273526122384	25.961737780962142	26.203456127207755	4.835589941972921	12.173263216522322	51.01846065815958	18.17117988394584	32.846526433044644	110.53692131631917	98.48779497098644	178.02817326710198	599.1101135344499	7.402179115202645	94.14196204126988	553.3371139288073	3년	32.846526433044644	178.02817326710198	94.14196204126988	0.3634421555899113	0.646076289578051	2.1423242591620677	3.909570218884806	4.26343549508673	3년	0.646076289578051	불리(<1)	3년	12.173263216522322	2.13268515756114	불리	N	주당순현금<=0	625900000.0	3.956465139997789	11.448709660549428		-5.532093091031875	90.3295997619629	83.86824970245361	Y	Y	강한 상승추세	단기위험부채 존재
ADI	ANALOG DEVICES INC	0000006281	S&P 500	제외	PEG=불리, PEGY=불리(<1)	373.6600036621094	4.56	2025	1.19	2499406000.0	1152915000.0	3652321000.0	8145066000.0	446639000.0	33815755000.0					-9.0450243502735	-9.944220861711788	83.92654123078572	84.12373344820641	39.02439024390244	-4.58825332599776		86.54878048780488	-0.6765066519955205		394.6624390243902	-3.0848703330995733		5.620734131682115	-100.8255821610196		1년	86.54878048780488	394.6624390243902	5.620734131682115	0.4791617723565986	-0.040490806318981505		8.613997330428884	2.3053035502880013	1년	0.4791617723565986	불리(<1)	1년	39.02439024390244	2.150617619038884	불리	N	주당순현금<=0	496709000.0	-10.36749201556274	3.5643060710190078		-16.121937135900566	386.9072009277344	343.15480125427246	N	Y	중립/개선	단기위험부채 존재
J	JACOBS SOLUTIONS INC.	0000052988	S&P 500	제외	PEG=불리, PEGY=보통	150.8699951171875	2.38	2025	95.0	1235448000.0		1235448000.0	2236456000.0	0.0	3640807000.0					-8.209559426565626	-8.209559426565626	66.8401489679635	66.8401489679635	-5.179282868525893	-21.81636262954282	30.86908124949421	-1.8585657370517854	-35.13272525908564	70.23816249898843	-4.423386454183249	-83.61588611662381	167.16682674759247	-102.9319192664833	-155.42247552382804	10.801903730258955	5년	70.23816249898843	167.16682674759247	10.801903730258955	1.3438138382145917	1.094905360033445	1.8831358576089245	4.98205557195814	3.302217626565411	3년	1.094905360033445	보통	5년	30.86908124949421	2.1652782092132616	불리	N	주당순현금<=0	121932000.0	30.172556627188875	13.053577045566778		-8.25225439233015	134.2291993713379	132.90699977874755	Y	Y	강한 상승추세	
MO	ALTRIA GROUP, INC.	0000764180	S&P 500	제외	PEG=불리, PEGY=불리(<1)	68.06999969482422	4.12	2025	6.19	4474000000.0		4474000000.0	24140000000.0	0.0	-3502000000.0	38469000000.0	-10.015157148168273	110.01515714816827	-0.0910343393381684	-11.68508615567439	-11.68508615567439	19.358030546237526	19.358030546237526	-37.00305810397553	8.90191356086536	11.413340246469872	-65.50611620795107	26.30382712173072	31.326680492939744	-269.8851987767584	108.37176774153056	129.06592363091175	-496.48185689250045	59.20635849476981	89.60764537909265	3년	26.30382712173072	108.37176774153056	59.20635849476981	-1.5917455048114093	0.7796202989151013	0.9093559494300572	5.3915626856803325	7.920615116574307	3년	0.7796202989151013	불리(<1)	3년	8.90191356086536	2.17459205977234	불리	N	주당순현금<=0	1683000000.0	-5.602552879395473	-2.338590135991503		-9.143084145136093	70.0849998474121	65.94675022125244	N	Y	중립/개선	
WDAY	Workday, Inc.	0001327811	S&P 500	보류	PEG=불리, PEGY=판정불가	194.4199981689453	2.59	2026		1501000000.0	3942000000.0	5443000000.0	2987000000.0	0.0	7805000000.0	10269000000.0	43.18357862122386	56.81642137877614	0.7600545330606681	9.160180070640802	9.160180070640802	71.52888729664268	71.52888729664268	32.82051282051282			74.14102564102564			192.0252564102564			-1.2317363343496979			1년	74.14102564102564	192.0252564102564	-1.2317363343496979				10.357418589645565	5.327342190717063	판정불가		판정불가	1년	32.82051282051282	2.1793957848195817	불리	Y		268117000.0	56.160641099554475	46.01577700416153		-21.50672362525513	153.12279891967773	161.28749950408937	Y	Y	상승전환	
MDLZ	Mondelez International, Inc.	0001103982	S&P 500	제외	PEG=불리, PEGY=불리(<1)	62.9900016784668	1.89	2025	3.21	4475000000.0		4475000000.0	23095000000.0	2688000000.0	25838000000.0	45596000000.0	36.170451045720526	63.82954895427948	0.5666725151329064	-14.345146379044683	-16.41602465331279	40.91806775529708	42.01377054591513	-44.73684210526316	-1.2049365987475746	18.761141546758097	-80.97368421052632	6.090126802504851	46.022283093516194	-153.0402631578947	11.510339656734168	86.9821150467456	-342.9596111762158	-81.72671955862324	38.088764453042614	5년	46.022283093516194	86.9821150467456	38.088764453042614	-1.0148778860626249	0.04900190823387202	0.5369545228321249	2.4922958397534667	3.9566530772223505	3년	0.049001908233872	불리(<1)	5년	18.761141546758097	2.181000961658843	불리	N	주당순현금<=0	1298000000.0	1.188757716412514	4.7737904151224475		-3.077390754028153	61.355	58.88395011901856	Y	Y	강한 상승추세	단기위험부채 존재
AEP	AMERICAN ELECTRIC POWER CO INC	0000004904	S&P 500	제외	PEG=불리, PEGY=불리(<1)	122.7699966430664	6.66	2025	3.12	197000000.0	220000000.0	417000000.0	44128000000.0	1508000000.0	31138000000.0	82204000000.0	27.472605036085472	72.52739496391453	0.37878935331614033	-81.32765295651676	-84.13340209651417	30.645292732670146	31.06657638732441	19.35483870967742	14.044924681547055	8.545142209229773	47.20967741935484	36.58984936309411	25.590284418459547	314.41645161290324	243.68839675820678	170.4312942269406	156.10202835389612	98.49181674793944	38.821616752537324	3년	36.58984936309411	243.68839675820678	98.49181674793945	0.7333863280645899	0.5601161924372149	0.380650376258076	12.919842193728178	10.523615335178754	3년	0.5601161924372149	불리(<1)	3년	14.044924681547055	2.1819478158493446	불리	N	주당순현금<=0	537467865.0	-5.24813637166578	-7.31542320674391		-11.478841674305784	130.57000030517577	126.8351501083374	N	N	주의	단기위험부채 존재
NUE	NUCOR CORP	0000073309	S&P 500	제외	PEG=불리, PEGY=안심	247.5500030517578	7.52	2025	92.0	2260000000.0	439000000.0	2699000000.0	4233276000.0	122000000.0	20936000000.0	12980000000.0	61.7289774737587	38.271022526241296	1.6129429892141756	-6.641887445887446	-7.170025974025974	33.80211309809113	33.872344285343594	516.3934426229508	15.425826725292405	42.054467881799674	1041.2868852459017	39.351653450584806	92.60893576359935	7830.47737704918	295.92443394839773	696.419196942267	3063.190175930631	19.54127663109977	181.32465698118355	3년	39.351653450584806	295.92443394839773	19.54127663109977	17.998680758727716	3.1780802109486745	3.965860580750793	-0.8138528138528138	-0.3287629989172948	3년	3.1780802109486745	안심	3년	15.425826725292403	2.1912675216731627	불리	N	주당순현금<=0 | FCF<=0	231000000.0	0.438187944052304	41.07021260481396		-9.896625227154576	247.44419982910156	201.62359977722167	Y	Y	강한 상승추세	단기위험부채 존재
BX	Blackstone Inc.	0001393818	S&P 500	제외	PEG=불리, PEGY=불리(<1)	143.41000366210938	3.87	2025	3.64	2631241000.0		2631241000.0	12576587000.0		8665526000.0	25827803000.0	25.122324377562975	74.87767562243702	0.3355115415740162	-12.746916027812693	-12.746916027812693	40.35062524287392	40.35062524287392	6.906077348066299	17.923308120835912	20.871508213597355	22.3121546961326	44.346616241671825	50.24301642719471	86.34803867403316	171.62140485526996	194.44047357324354	-39.78938953416446	19.67185027038276	35.583619418466704	3년	44.346616241671825	171.62140485526996	19.671850270382762	0.2613609401239397	0.5343983641156609	0.6074629095846833	5.8284613995335155	4.0641944429944	3년	0.5343983641156609	불리(<1)	3년	17.923308120835912	2.251293398006485	불리	N	주당순현금<=0	780215856.0	21.533901408567257	21.30773319345465		-23.99299913661841	129.63180038452148	130.93535037994386	Y	Y	상승전환	
MU	MICRON TECHNOLOGY INC	0000723125	S&P 500	보류	PEG=불리, PEGY=불리(<1)	932.969970703125	7.59	2025	6.0	9642000000.0	665000000.0	10307000000.0	3038000000.0	224000000.0	54165000000.0	28633000000.0	65.41824681755598	34.58175318244402	1.8916983899696154	6.461333333333333	6.262222222222222	122.06964919233093	122.09588254030339	984.2857142857143	-0.6929629272242499	54.22135148690352	1977.0714285714287	7.1140741455515	116.94270297380704	15005.972142857143	53.995822764735884	887.5951155711955	1508.4089106906642	-94.21248009471918	-4.86348505919576	5년	116.94270297380704	887.5951155711955	-4.86348505919576	8.112464653072252	0.043475483937977656	0.4933359920779305	1.4826666666666666	0.15891901274692338	3년	0.0434754839379776	불리(<1)	5년	54.22135148690352	2.251320666948246	불리	Y		1125000000.0	0.4911620609965084	117.47551764641608		-23.121236225899477	961.9096032714843	578.0377505493165	N	Y	상승전환	단기위험부채 존재
MRSH	MARSH & MCLENNAN COMPANIES, INC.	0000062709	S&P 500	제외	PEG=불리, PEGY=불리(<1)	193.39999389648438	8.43	2025	2.03	2687000000.0	414000000.0	3101000000.0	18320000000.0	268000000.0	15315000000.0					-30.807692307692307	-31.350202429149796	26.59640405743496	26.660758757489226	3.0562347188264063	11.754120579715522	63.117645068661396	14.612469437652813	32.008241159431044	134.7352901373228	123.1831173594132	269.8294729740037	1135.8184958576312	-36.30655571512279	39.5188632314164	487.2898302497196	3년	32.008241159431044	269.8294729740037	39.518863231416404	0.19123768415619935	0.5182700845553669	2.4494907254369798	10.123481781376519	5.234478852566574	3년	0.5182700845553669	불리(<1)	3년	11.754120579715522	2.2627302380522845	불리	N	주당순현금<=0	494000000.0	20.430909961265353	6.791820750098787		-6.579079361843288	180.86699920654297	177.59799942016602	Y	Y	강한 상승추세	단기위험부채 존재
HWM	Howmet Aerospace Inc.	0000004281	S&P 500	제외	PEG=불리, PEGY=불리(<1)	264.0400085449219	3.71	2025	21.0	742000000.0		742000000.0	2859000000.0	0.0	5353000000.0	5826000000.0	47.884426156185704	52.1155738438143	0.9188122210779265	-5.214285714285714	-5.214285714285714	72.57528147148453	72.57528147148453	32.02846975088968			72.55693950177935			269.1862455516014			1.9490368278048287			1년	72.55693950177935	269.1862455516014	1.9490368278048287	0.7306684683231305			3.5246305418719213	1.3348850279529763	1년	0.7306684683231305	불리(<1)	1년	32.02846975088968	2.265961565943017	불리	N	주당순현금<=0	406000000.0	2.333160137810486	1.6946516901264808		-9.776178352384445	278.1300018310547	243.37165077209474	N	Y	상승전환	
HPQ	HP INC	0000047217	S&P 500	제외	PEG=불리, PEGY=불리(<1)	29.520000457763672	2.65	2025	4.2	3690000000.0	5000000.0	3695000000.0	8821000000.0	788000000.0	-346000000.0					-5.378803777544596	-6.2056663168940185	13.169360088795573	13.481383688550071	-5.693950177935949	-3.836586737518144	5.789648870565345	-2.8879003558718974	0.8268265249637121	20.079297741130688	-7.652935943060528	2.191090291153837	53.21013901399632	-125.92457935090522	-92.57760752988882	80.25114562626034	5년	20.079297741130688	53.21013901399632	80.25114562626034	-0.11344136449021498	0.027595362267529344	0.75855233687964			3년	0.0275953622675293	불리(<1)	5년	5.789648870565345	2.274638822355667	불리	N	주당순현금<=0 | FCF<=0	953000000.0	15.81012445206753	62.108742130222595		-5.686897197074947	26.016399993896485	22.62254997253418	Y	Y	강한 상승추세	단기위험부채 존재
GEN	Gen Digital Inc.	0000849399	S&P 500	제외	PEG=불리, PEGY=불리(<1)	29.309999465942383	1.57	2026	1.72	1006000000.0	0.0	1006000000.0	8015000000.0	181000000.0	2611000000.0	12978000000.0	16.748989672204758	83.25101032779524	0.2011866235167206	-11.323101777059774	-11.615508885298869	25.88095620573386	26.06720277149124	52.42718446601942	-10.088488131506812	11.281344719290054	113.35436893203884	-11.676976263013625	31.062689438580108	177.96635922330097	-18.332852732931393	48.76842241857077	507.1864976664166	-162.5481169122292	66.388342910885	5년	31.062689438580108	48.76842241857077	66.388342910885	2.0921632120386358	-0.3233453997983581	0.5023517916393537	2.4604200323101777	8.394473139343232	5년	0.5023517916393537	불리(<1)	5년	11.281344719290054	2.294137520811665	불리	N	주당순현금<=0	619000000.0	19.146337444858432	31.49393567554708		-4.744884530714755	26.643000106811524	24.438300065994262	Y	Y	강한 상승추세	단기위험부채 존재
USB	US BANCORP \DE\	0000036104	S&P 500	제외	PEG=불리, PEGY=불리(<1)	62.40999984741211	4.62	2025	3.33	8252000000.0		8252000000.0	39829000000.0	17162000000.0	65193000000.0	626694000000.0	9.422492401215806	90.5775075987842	0.1040268456375839	-20.26765083440308	-31.28305519897304	17.895595385674284	20.27988204467211	21.899736147757256	7.780088648706851	8.588568965361265	52.29947229551451	24.060177297413702	25.67713793072253	241.62356200527705	111.1580191140513	118.62837723993809	287.1552036468979	78.10930842144614	90.07911797784939	3년	24.060177297413702	111.1580191140513	78.10930842144614	1.4098293800246553	0.6208281093346947	0.6660057242299005			3년	0.6208281093346947	불리(<1)	3년	7.780088648706851	2.3001788531868157	불리	N	주당순현금<=0 | FCF<=0	1558000000.0	14.11592871558951	11.34701284018269		-4.601037000581942	62.50720001220703	56.106549968719484	N	Y	상승전환	단기위험부채 존재
LHX	L3HARRIS TECHNOLOGIES, INC. /DE/	0000202058	S&P 500	제외	PEG=불리, PEGY=불리(<1)	262.1700134277344	8.53	2025	1.9	1069000000.0		1069000000.0	10443000000.0	0.0	19635000000.0	21560000000.0	47.66355140186916	52.336448598130836	0.9107142857142857	-49.75583864118896	-49.75583864118896	36.56809520151505	36.56809520151505	8.386277001270638	15.822311734425586	10.447613089419638	25.272554002541277	40.14462346885117	29.395226178839277	215.57488564167707	342.4336381893005	250.741279305499	-17.772866994531768	30.61510495123436	-4.359283494252719	3년	40.14462346885117	342.4336381893005	30.61510495123436	0.28129102553978447	0.4846386347651855	0.3376608221285769	14.235668789808917	5.429937849750653	3년	0.4846386347651855	불리(<1)	3년	15.822311734425586	2.3111727170658365	불리	N	주당순현금<=0	188400000.0	-15.169058798552381	-23.12856683434856		-30.730816471783296	288.28279968261717	315.304450378418	N	N	주의	
QCOM	QUALCOMM INC/DE	0000804328	S&P 500	제외	PEG=불리, PEGY=불리(<1)	160.55999755859375	5.01	2025	2.32	5520000000.0	4635000000.0	10155000000.0	14811000000.0	1000000000.0	4909000000.0	28937000000.0	14.503929563316198	85.49607043668381	0.16964439990323807	-4.213574660633484	-5.118552036199095	32.88893657070404	33.06957077740376	-44.147157190635454	-23.90448036479093	14.194083679524194	-79.79431438127091	-39.30896072958187	36.88816735904839	-399.76951505016723	-196.93789325520515	184.80971846883241	-348.9845049382726	-222.6568860549066	15.103214548436394	5년	36.88816735904839	184.80971846883241	15.103214548436394	-1.271769827544171	-0.6562839244859441	0.5021166812135296			5년	0.5021166812135296	불리(<1)	5년	14.194083679524194	2.317087690426137	불리	N	주당순현금<=0 | FCF<=0	1105000000.0	-31.208225468161753	10.108345558920352		-36.0369712270742	176.6163998413086	168.05059982299804	N	N	판정불가	단기위험부채 존재
NEE	NEXTERA ENERGY INC	0000753308	S&P 500	제외	PEG=불리, PEGY=불리(<1)	84.22000122070312	3.3	2025	2.96	2812000000.0		2812000000.0	89556000000.0	400000000.0	54608000000.0	146242000000.0	27.18844909136171	72.8115509086383	0.373408459949946	-41.89317106152806	-42.086351782092144	38.21611281279733	38.27465242508948	-2.077151335311581	16.260329205681433		4.345697329376838	41.02065841136287		14.340801186943565	135.36817275749746		-82.97221446320962	60.73162051227921		3년	41.02065841136287	135.36817275749746	60.73162051227921	0.02310147735362509	0.5029378393305657				3년	0.5029378393305657	불리(<1)	3년	16.260329205681433	2.350266856801672	불리	N	주당순현금<=0 | FCF<=0	2070600000.0	-3.913291780335071	-11.449899400445585		-13.95586066205967	87.09900039672851	87.86350025177002	N	N	주의	단기위험부채 존재
ROST	ROSS STORES, INC.	0000745732	S&P 500	보류	PEG=불리, PEGY=안심	241.19000244140625	6.61	2025	74.0	4594392000.0	0.0	4594392000.0	1017863000.0	499743000.0	6187443000.0					11.024514820477412	9.484076001183665	34.82079994265187	35.05384666266605	4.588607594936709	14.703265747939431	58.06122059198926	17.67721518987342	37.906531495878866	124.62244118397852	116.8463924050633	250.56217318775933	823.7543362260981	-51.55421401289239	3.88580399331846	241.537513117368	3년	37.906531495878866	250.56217318775933	3.8858039933184596	2.256944347182381	2.547421825289175	3.7925958280535643	6.804867824028408	2.821372260519611	3년	2.547421825289175	안심	3년	14.703265747939431	2.3682357742552385	불리	Y		324416000.0	3.3066351909619707	19.679454127096264		-5.500918199724714	234.54040130615235	209.84230018615722	Y	Y	강한 상승추세	단기위험부채 존재
IDXX	IDEXX LABORATORIES INC /DE	0000874716	S&P 500	제외	PEG=불리, PEGY=판정불가	550.010009765625	13.08	2025		180070000.0	0.0	180070000.0	374842000.0	74995000.0	1605383000.0	1745376000.0	47.91102553182726	52.08897446817274	0.919792067726381	-2.4038506633755015	-3.3294291885220613	42.233475567966394	42.30423845215192	22.58669165885661	17.66051173291583	14.281792796945748	53.67338331771322	43.82102346583166	37.063585593891496	702.0478537956889	573.1789869330781	484.79169956810074	27.642741282990755	4.212464638111979	-11.857658777031288	3년	43.82102346583166	573.1789869330781	4.212464638111979				13.046948472693613	2.3721292778386505	판정불가		판정불가	3년	17.66051173291583	2.3914072370423582	불리	N	주당순현금<=0	81025000.0	-0.17785812557741254	-16.333018089944453		-28.26081089633744	559.8114038085937	613.4388485717774	N	N	주의	단기위험부채 존재
DRI	DARDEN RESTAURANTS INC	0000940944	S&P 500	제외	PEG=불리, PEGY=불리(<1)	220.41000366210938	10.38	2026	2.87	219500000.0		219500000.0	901000000.0	0.0	2207500000.0	10654900000.0	17.162426918770993	82.83757308122901	0.20718167228223633	-5.859845227858985	-5.859845227858985	21.79863669460196	21.79863669460196	17.155756207674962	9.114765771480716	16.82500139829013	42.811512415349924	26.729531542961432	42.15000279658026	444.3834988713322	277.4525374159397	437.51702902850315	101.61675581321452	25.8801927344809	98.50143902688777	3년	26.729531542961432	277.4525374159397	25.8801927344809	0.9186701208995323	0.5497942802289342	0.9034969330521134	9.622527944969905	4.365740113920298	3년	0.5497942802289342	불리(<1)	3년	9.114765771480716	2.3915739845787303	불리	N	주당순현금<=0	116300000.0	7.031521148609787	3.9375677636742656		-3.193073281596781	208.84380004882811	199.60994979858398	Y	Y	강한 상승추세	
MSI	Motorola Solutions, Inc.	0000068505	S&P 500	제외	PEG=불리, PEGY=불리(<1)	485.3900146484375	12.75	2025	1.01	1165000000.0	246000000.0	1411000000.0	8413000000.0	749000000.0	2410000000.0					-41.43195266272189	-45.86390532544379	41.31936998518897	41.66697411559853	38.13651137594799	17.15090983184706	40.00784395357051	84.77302275189598	42.80181966369412	88.51568790714101	1080.8560400866738	545.7232007121	1128.575020816048	122.67784821851468	12.429836676257366	132.50890763244522	3년	42.80181966369412	545.7232007121	12.429836676257366	0.9474130750294631	0.4395253325100766	0.9927025501181033			3년	0.4395253325100766	불리(<1)	3년	17.15090983184706	2.4091649008884737	불리	N	주당순현금<=0 | FCF<=0	169000000.0	18.761475079276945	2.9830540124177185		-1.0014222449062138	431.3486004638672	418.8781509399414	Y	Y	강한 상승추세	단기위험부채 존재
DPZ	DOMINOS PIZZA INC	0001286681	S&P 500	제외	PEG=불리, PEGY=불리(<1)	349.9100036621094	17.57	2025	2.28	125675000.0		125675000.0	1536443000.0	100000.0	-3901142000.0	5617601000.0	-227.278484368109	327.278484368109	-0.6944498194157969	-41.20516930398778	-41.2080900655378	22.260396867734613	22.260563103451748	5.272618334331929	9.073110679208952	7.235872833479218	19.045236668663858	26.646221358417904	22.971745666958434	334.624808268424	468.17410926740257	403.6135713684597	-4.368321920983298	33.79843513119303	15.347822909975783	3년	26.646221358417904	468.17410926740257	33.79843513119303	0.33928498126999207	0.5100138486598478	0.4274799272456828	19.613030638847075	5.605164308987976	3년	0.5100138486598478	불리(<1)	3년	9.073110679208952	2.4534470761769005	불리	N	주당순현금<=0	34237646.0	12.251380178318128	-13.375748490553185		-25.12090460033727	327.1159997558594	367.20015060424805	Y	N	중립/개선	단기위험부채 존재
STT	STATE STREET CORP	0000093751	S&P 500	제외	PEG=불리, PEGY=불리(<1)	192.9499969482422	9.4	2025	1.93	4433000000.0		4433000000.0	11534000000.0	2380000000.0	27841000000.0	338206000000.0	7.605853893079304	92.39414610692069	0.08231965133675925	-24.5693189721091	-32.80407170462841	23.14035275748418	24.01639028222028	14.494518879415338	9.345182660480011	8.263522928949719	37.489037758830676	27.190365320960023	25.027045857899438	352.3969549330084	255.58943401702422	235.25423106425472	82.63641384121763	32.464077771187895	21.924972679507437	3년	27.190365320960023	255.58943401702422	32.464077771187895	0.7097782411334775	0.48725197833612666	0.4405085365715902	37.51656465491888	19.44367206441703	3년	0.4872519783361266	불리(<1)	3년	9.345182660480011	2.47617982421497	불리	N	주당순현금<=0	289019000.0	22.182117012071668	46.59626508605299		-0.04662056621460575	180.9866000366211	146.0110500717163	Y	Y	강한 상승추세	단기위험부채 존재
SPGI	S&P Global Inc.	0000064040	S&P 500	제외	PEG=불리, PEGY=안심	432.989990234375	14.66	2025	89.0	1745000000.0	56000000.0	1801000000.0	12370000000.0	400000000.0	31127000000.0	25048000000.0	55.41076991544281	44.58923008455719	1.2426940274672629	-34.64110127826942	-35.95214683710259	31.898437347383656	31.987867467358633		12.852521260492766	50.79787589706457		34.20504252098553	110.09575179412914		501.44592335764787	1614.0037213019332		15.81004980882308	272.7577444523099	3년	34.20504252098553	501.44592335764787	15.810049808823079		3.1930254184958318	4.382593240371724	18.297194362504097	4.225777679664126	3년	3.193025418495832	안심	3년	12.852521260492766	2.48188170249801	불리	N	주당순현금<=0	305100000.0	10.069849225686545	8.040511681455008		-17.136726174922945	418.34696228027343	431.2498434448242	Y	Y	상승전환	단기위험부채 존재
LVS	LAS VEGAS SANDS CORP	0001300514	S&P 500	보류	PEG=불리, PEGY=불리(<1)	47.27000045776367	0.58	2025	2.55	3841000000.0		3841000000.0			1590000000.0	19986000000.0	7.369299221357063	92.63070077864293	0.0795556889822876	5.542568542568542	5.542568542568542	71.94384812964677	71.94384812964677	28.888888888888875			66.27777777777774			38.44111111111109			-18.677574066328397			1년	66.27777777777774	38.44111111111109	-18.677574066328397	0.4369920390167936			2.676767676767677	5.662719802931675	1년	0.4369920390167936	불리(<1)	1년	28.888888888888875	2.490363973718543	불리	Y		693000000.0	-7.4226416247412335	-14.163790231133111		-31.97582110963173	46.66240005493164	55.052249851226804	Y	N	주의	
RVTY	REVVITY, INC.	0000031791	S&P 500	제외	PEG=불리, PEGY=불리(<1)	124.83999633789062	2.07	2025	23.0	919860000.0	0.0	919860000.0	2631236000.0	588828000.0	7250360000.0	4918051000.0	59.58345752785635	40.416542472143654	1.4742344070852458	-14.677953600068614	-19.728153008276514	67.39997581543925	69.83968567447688	-5.909090909090924	27.023182791188983	-9.341040767937725	-3.3181818181818485	62.546365582377966	-10.18208153587545	-6.868636363636426	129.47097675552237	-21.076908779262183	-105.50195175033956	3.70953264456817	-116.8831379345892	3년	62.546365582377966	129.47097675552237	3.70953264456817	0.25357440984413643	0.7421839872490017	0.20265525420164068	4.3690638535100135	3.4997308408154315	3년	0.7421839872490017	불리(<1)	3년	27.023182791188983	2.494153865451233	불리	N	주당순현금<=0	116595000.0	28.9802615528888	27.949161349144692		0.0	112.11259948730469	100.89464988708497	Y	Y	강한 상승추세	단기위험부채 존재
ATO	ATMOS ENERGY CORP	0000731802	S&P 500	제외	PEG=불리, PEGY=불리(<1)	167.55999755859375	7.46	2025	2.38	202687000.0		202687000.0	3529452000.0	0.0	13558890000.0					-20.718084609492255	-20.718084609492255	25.238348816097318	25.238348816097318	9.224011713030746	10.031474661040264	69.70420030995797	26.948023426061493	28.562949322080527	147.90840061991594	201.03225475841873	213.07960194272073	1103.3966686245728	19.976281742377154	27.166152451279025	558.5084057659574	3년	28.562949322080527	213.07960194272073	27.166152451279025	0.45977697659957734	0.4917704700683143	2.856137730531001			3년	0.4917704700683143	불리(<1)	3년	10.031474661040264	2.51591612089863	불리	N	주당순현금<=0 | FCF<=0	160573000.0	-4.925106482084729	-7.964407445042044		-12.860781419207889	173.35139923095704	175.94134979248048	N	N	주의	
ADP	AUTOMATIC DATA PROCESSING INC	0000008670	S&P 500	제외	PEG=불리, PEGY=불리(<1)	282.7799987792969	10.94	2026	2.4	4230100000.0	2032200000.0	6262300000.0	4964100000.0	0.0	6031200000.0	57162100000.0	9.544049764769365	90.45595023523063	0.10551046934944658	3.2189437143565582	3.2189437143565582	25.55402697120113	25.55402697120113	9.619238476953898	10.041893559840132	12.503420358905348	27.738476953907796	28.583787119680263	33.5068407178107	303.45893787575125	312.70663108930205	366.564837452849	7.312730456793659	10.583008854654596	29.628983321039005	3년	28.583787119680263	312.70663108930205	10.583008854654597	0.4703461607244657	0.4868858271873116	0.5832122027460174			3년	0.4868858271873116	불리(<1)	3년	10.041893559840132	2.544741867549525	불리	N	FCF<=0	403300000.0	29.92419329622804	31.985997096521302		-7.010853961298979	251.7597998046875	235.85765029907228	Y	Y	강한 상승추세	
NRG	NRG ENERGY, INC.	0001013871	S&P 500	제외	PEG=불리, PEGY=불리(<1)	113.61000061035156	4.01	2025	1.7	4708000000.0		4708000000.0	10892000000.0		1681000000.0	27459000000.0	5.768702814001372	94.23129718599863	0.061218544011071054	-31.07537688442211	-31.07537688442211	36.081141519893684	36.081141519893684	-19.63927855711424	-8.120643852977938	14.13919505192036	-30.778557114228477	-7.741287705955877	36.77839010384072	-123.42201402805618	-31.042563700883065	147.48134431640128	-208.63657544669584	-127.32379503046548	29.813699079377987	5년	36.77839010384072	147.48134431640128	29.813699079377987	-0.49719265526073353	-0.17795013080275895	0.438988191190882	3.849246231155779	3.388122709687808	5년	0.438988191190882	불리(<1)	5년	14.13919505192036	2.551852590433937	불리	N	주당순현금<=0	199000000.0	-17.67391260119452	-38.11754296173277		-38.26549944903193	131.32960006713867	148.84305000305176	N	N	주의	
ROL	ROLLINS INC	0000084839	S&P 500	제외	PEG=불리, PEGY=불리(<1)	36.36000061035156	1.09	2025	1.96	100004000.0		100004000.0	486147000.0	123683000.0	1374321000.0	1766202000.0	43.7608958762601	56.2391041237399	0.7781222079920643	-0.7975738773554313	-1.0530396759661838	34.08951787863027	34.32389017093371	13.54166666666668	13.271785112236143	15.512803857109425	35.58333333333336	35.04357022447229	39.52560771421885	38.785833333333365	38.1974915446748	43.08291240849855	6.6717070469222595	5.053605345100309	18.489856120170135	3년	35.04357022447229	38.1974915446748	5.053605345100309	0.4547341127515395	0.44681726407707606	0.5125564966720348	1.3426108186150074	3.692548944107473	3년	0.446817264077076	불리(<1)	3년	13.271785112236145	2.568570662525335	불리	N	주당순현금<=0	484147000.0	-27.828503692979723	-38.50837146363926		-44.57316851204589	40.942200088500975	53.16459999084473	N	N	주의	단기위험부채 존재
CMI	CUMMINS INC	0000026172	S&P 500	보류	PEG=불리, PEGY=불리(<1)	572.6699829101562	20.5	2025	1.54	2101000000.0	764000000.0	2865000000.0	1630000000.0	24000000.0	12349000000.0	20584000000.0	37.49734309051711	62.50265690948289	0.5999319860085504	8.904109589041095	8.731074260994953	27.50077430834708	27.509215056056647	-27.74057102573141	10.67954284093311	43.57635272286971	-46.98114205146282	29.85908568186622	95.65270544573941	-963.1134120549877	612.1112564782575	1960.880461637658	-268.1794822142942	6.887260506945236	242.4102048570777	3년	29.85908568186622	612.1112564782575	6.887260506945236	-0.9527212118452596	0.4443345014189005	1.6405484520912532	17.202595529920693	3.00392827340132	3년	0.4443345014189005	불리(<1)	3년	10.67954284093311	2.5750890949133773	불리	Y		138700000.0	-14.25170265107447	-3.6574067085999085		-21.29221652677854	656.1704016113281	596.4187516784668	N	N	주의	단기위험부채 존재
CASY	CASEYS GENERAL STORES INC	0000726958	S&P 500	제외	PEG=불리, PEGY=보통	824.9199829101562	19.16	2026	30.0	522991000.0		522991000.0	2330237000.0	101357000.0	3951719000.0	4984336000.0	44.222187531298765	55.777812468701235	0.79282757021196	-48.47547934636911	-51.19416244767903	45.58431431401489	45.72620800406238	30.874316939890704	17.173098488337637	17.985950946001218	70.24863387978141	42.84619697667527	44.471901892002435	1345.9638251366118	820.9331340730982	852.0816402507667	63.16295556186127	-0.4833012800821268	3.292641456543377	3년	42.84619697667527	820.9331340730982	-0.4833012800821268	1.3354224552013259	1.0348537473521737	1.052685593018736	19.35590141349151	2.346397446356879	3년	1.0348537473521735	보통	3년	17.173098488337637	2.654402427434484	불리	N	주당순현금<=0	37281653.0	5.1684104356281235	22.076537548715947		-9.970756042432317	838.0665991210938	717.9190985107422	N	Y	상승전환	단기위험부채 존재
MRK	Merck & Co., Inc.	0000310158	S&P 500	제외	PEG=불리, PEGY=불리(<1)	156.4499969482422	7.28	2025	2.26	14565000000.0	498000000.0	15063000000.0	46750000000.0	2300000000.0	52606000000.0					-12.639409652971679	-13.55684084563223	23.226566840826077	23.352587609048683	8.011869436201781	8.433903046142621	21.232013056721488	24.523738872403563	25.367806092285242	50.964026113442976	178.53281899109794	184.67762835183657	371.0181101058649	14.114939260856186	18.04258993557721	137.14804560118176	3년	25.367806092285242	184.67762835183657	18.04258993557721	0.4422465664682991	0.46041686313043934	1.011428560136095	4.93019545273235	3.151291498179696	3년	0.4604168631304393	불리(<1)	3년	8.433903046142621	2.75395231765785	불리	N	주당순현금<=0	2507000000.0	30.11477023269591	27.756000422899962		0.0	129.3413999938965	115.9898000717163	Y	Y	강한 상승추세	단기위험부채 존재
KO	COCA COLA CO	0000021344	S&P 500	제외	PEG=불리, PEGY=불리(<1)	91.63999938964844	3.04	2025	2.3	10270000000.0	2348000000.0	12618000000.0	35547000000.0	2373000000.0	32169000000.0					-5.316253188036169	-5.866450266635752	31.893504137396253	32.07449001851454	23.577235772357728	11.551776147388226	11.17422496891589	55.654471544715456	31.603552294776453	30.84844993783178	169.189593495935	96.07479897612042	93.77928781100861	84.62417571234344	4.839371034492745	2.3344483147190287	3년	31.603552294776453	96.07479897612042	4.839371034492745	0.8113638332395017	0.434313397728741	0.42247552701858465	1.2279156039879435	1.3399341031932042	3년	0.434313397728741	불리(<1)	3년	11.551776147388226	2.760917778397839	불리	N	주당순현금<=0	4313000000.0	12.276398316448244	13.880946936125472		-0.3804744888019407	84.68139953613282	77.72395000457763	Y	Y	강한 상승추세	단기위험부채 존재
ETR	ENTERGY CORP /DE/	0000065984	S&P 500	제외	PEG=불리, PEGY=불리(<1)	106.23999786376953	3.91	2025	2.42	1928916000.0		1928916000.0	27902021000.0	657774000.0	16923076000.0					-57.69853670100379	-59.15976350773198	41.92801395518499	42.3017292510234	59.59183673469387	-10.03626231922775	15.165895704950483	127.68367346938774	-11.572524638455501	38.831791409900966	499.24316326530607	-45.24857133636101	151.83230441271277	369.92015559477	-142.5909000811378	42.91444603322168	5년	38.831791409900966	151.83230441271277	42.91444603322168	1.4790072527874942	-0.1816509202503233	0.41943068717128534	-5.629813158795977	-5.299146528612537	5년	0.4194306871712853	불리(<1)	5년	15.165895704950483	2.764624969793163	불리	N	주당순현금<=0 | FCF<=0	450151884.0	-4.7260372805146496	-0.018825778335007648		-9.897383967336793	111.25260009765626	105.07590015411377	N	Y	중립/개선	단기위험부채 존재
MDT	Medtronic plc	0001613103	S&P 500	제외	PEG=불리, PEGY=불리(<1)	91.13999938964844	3.73	2026	3.1	1949000000.0	7271000000.0	9220000000.0	22140000000.0	0.0	49463000000.0	42956000000.0	53.52038000843983	46.47961999156018	1.1514805847844305	-10.030277152395	-10.030277152395	27.12339853674087	27.12339853674087	3.3240997229916927	9.77073559217516	6.995481881143495	15.148199445983385	28.04147118435032	22.490963762286988	56.502783933518025	104.5946875176267	83.89129483333046	-38.00440606549363	14.7626598837858	-7.9533734966661385	3년	28.04147118435032	104.5946875176267	14.762659883785801	0.2368471529955851	0.4745251807121697	0.3722056388865996	4.212405869109541	4.621906843668446	3년	0.4745251807121697	불리(<1)	3년	9.77073559217516	2.7759832697205	불리	N	주당순현금<=0	1288100000.0	19.952613007263587	-5.700985048360419		-13.488371419353463	84.82339965820313	89.81554985046387	Y	Y	상승전환	
HST	HOST HOTELS & RESORTS, INC.	0001070750	S&P 500	제외	PEG=불리, PEGY=불리(<1)	23.0	1.1	2025	3.45	768000000.0		768000000.0	1274000000.0		6558000000.0	6317000000.0	50.935922330097085	49.064077669902915	1.038151021054298	-0.7290015847860539	-0.7290015847860539	21.571819622532775	21.571819622532775	11.111111111111121	7.721734501594191		30.722222222222243	23.943469003188383		33.79444444444447	26.337815903507224		46.93236714975857	14.51224305872707		3년	23.943469003188383	26.337815903507224	14.51224305872707	0.6750061592347713	0.5178855885631822		2.175479037602651	9.458604511315874	3년	0.5178855885631822	불리(<1)	3년	7.721734501594191	2.793649486145783	불리	N	주당순현금<=0	694100000.0	-2.0442911055977397	16.692039920586165		-9.945187253235844	23.94219985961914	20.7516499710083	N	Y	중립/개선	
PNC	PNC FINANCIAL SERVICES GROUP, INC.	0000713676	S&P 500	제외	PEG=불리, PEGY=불리(<1)	244.11000061035156	16.59	2025	3.28	39713000000.0		39713000000.0	57101000000.0	14000000.0	60585000000.0	512936000000.0	10.563693395708265	89.43630660429174	0.11811415069326388	-43.90909090909091	-43.94444444444444	17.361006119315398	17.363137134104644	20.742358078602617	6.201879866723403	-0.4401788836301823	49.984716157205234	20.903759733446805	7.619642232739635	829.2464410480349	346.7933739778825	126.40986464115055	239.7019536170819	42.06438618278248	-48.21602379046895	3년	20.903759733446805	346.7933739778825	42.06438618278248	1.3836961932681986	0.5461595832383305	0.16357468552529955			3년	0.5461595832383305	불리(<1)	3년	6.201879866723403	2.799313513386002	불리	N	주당순현금<=0 | FCF<=0	396000000.0	10.557063965768897	9.984232469837329		-5.004475444317147	248.42239990234376	222.34390014648437	N	Y	상승전환	단기위험부채 존재
WELL	WELLTOWER INC.	0000766704	S&P 500	제외	PEG=불리, PEGY=불리(<1)	241.14999389648438	1.39	2025	1.42	5033678000.0		5033678000.0	19197302000.0		42129498000.0	24100108000.0	63.61127680572341	36.38872319427659	1.7481041163798934	-20.843541259210532	-20.843541259210532	188.4845576659676	188.4845576659676	-11.464968152866252	66.71109926452392	28.940704466365673	-14.429936305732504	141.92219852904785	66.38140893273135	-20.05761146496818	197.27185595537648	92.27015841649657	-108.31748371247237	-18.195371781739688	-61.73744111471788	3년	141.92219852904785	197.27185595537648	-18.195371781739688	-0.05329332162408736	0.36146780462124584	0.1610779410383896			3년	0.3614678046212458	불리(<1)	3년	66.71109926452392	2.825385276872528	불리	N	주당순현금<=0 | FCF<=0	679521000.0	12.592213158550924	15.79831639687126		-4.332135165009454	233.14699951171875	209.02649963378906	Y	Y	강한 상승추세	
RSG	REPUBLIC SERVICES, INC.	0001060391	S&P 500	제외	PEG=불리, PEGY=불리(<1)	220.9600067138672	6.85	2025	1.2	76000000.0		76000000.0	13710000000.0		11968000000.0					-43.67520053304631	-43.67520053304631	38.63287697035234	38.63287697035234	5.546995377503843	13.459076140014382	56.06006028771993	19.593990755007688	35.418152280028764	120.62012057543986	134.21883667180265	242.614343118197	826.2478259417629	-39.25650226576535	9.800115743285232	273.9354638107497	3년	35.418152280028764	242.614343118197	9.800115743285232	0.17464387606135637	0.3794456248045947	1.482158844438701	7.716998539248097	3.4924865608106392	3년	0.3794456248045947	불리(<1)	3년	13.459076140014382	2.870395900019856	불리	N	주당순현금<=0	312168000.0	7.470817195704793	-0.28430418089037124		-5.934434884983542	215.3868002319336	214.37729972839355	Y	Y	상승전환	
ZBRA	ZEBRA TECHNOLOGIES CORP	0000877212	S&P 500	제외	PEG=불리, PEGY=판정불가	360.5199890136719	8.18	2025		125000000.0	0.0	125000000.0	2361000000.0	141000000.0	3588000000.0	4914000000.0	42.201834862385326	57.798165137614674	0.7301587301587301	-43.66130504148459	-46.4145447601113	49.41091614366216	49.74749801635492	-19.64636542239686	-2.4059043989460127	17.195332607402314	-30.792730844793716	3.6881912021079746	42.89066521480463	-251.88453831041258	30.169404033243232	350.84564145710186	-169.86701042556075	-91.63169728375334	-2.6834427636141744	5년	42.89066521480463	350.84564145710186	-2.6834427636141744				16.22654046935317	4.500871231508281	판정불가		판정불가	5년	17.195332607402314	2.8735074378492427	불리	N	주당순현금<=0	51212395.0	42.774542337535834	50.83887590456415		-5.884197955562853	296.34159912109374	253.0351496887207	Y	Y	강한 상승추세	단기위험부채 존재
BRO	BROWN & BROWN, INC.	0000079282	S&P 500	제외	PEG=불리, PEGY=안심	73.33999633789062	3.16	2025	88.0	1079000000.0	10000000.0	1089000000.0	6894000000.0	25000000.0	5578800000.0	3863400000.0	59.08368812353053	40.91631187646947	1.4440130455039601	-18.54632587859425	-18.62619808306709	29.07795006850787	29.103226082581557	-8.670520231213867	10.064241629820891	56.18583117469611	-8.841040462427735	28.628483259641783	120.87166234939222	-27.937687861271645	90.46600710046803	381.95445302407944	-138.0933859507678	23.35152933969997	420.7996619802737	3년	28.628483259641783	90.46600710046803	23.351529339699972	2.728166173402364	3.372460623901643	4.9585968348866825	4.415335463258786	6.020364990088814	3년	3.372460623901643	안심	3년	10.064241629820891	2.8892340961238783	불리	N	주당순현금<=0	313000000.0	29.096980399601115	4.696635464386678		-24.352760550323705	68.04700019836426	69.73235017776489	Y	Y	상승전환	단기위험부채 존재
FRT	FEDERAL REALTY INVESTMENT TRUST	0000034903	S&P 500	제외	PEG=불리, PEGY=불리(<1)	117.75	4.68	2024	3.95	107415000.0		107415000.0	4963602000.0		3248731000.0	5629819000.0	36.59078340494788	63.40921659505212	0.5770578059436724	-56.20261558937562	-56.20261558937562	37.16936230542215	37.16936230542215	67.14285714285715	12.808740658788563	19.50578386760935	142.7857142857143	34.11748131757713	47.5115677352187	668.2371428571429	159.66981256626096	222.3541370008235	467.5050045495905	35.60069007750399	88.8357851387036	3년	34.11748131757713	159.66981256626096	35.60069007750399	1.9126735766593004	0.4508751191661917	0.6310515546344925			3년	0.4508751191661917	불리(<1)	3년	12.808740658788565	2.9018748443406754	불리	N	주당순현금<=0 | FCF<=0	86405000.0	-2.7341794361029015	9.037876034170145		-7.378272206456593	121.83720001220703	110.37739971160889	N	Y	중립/개선	
WMT	Walmart Inc.	0000104169	S&P 500	제외	PEG=불리, PEGY=양호	105.37999725341797	2.73	2026	93.0	10727000000.0		10727000000.0	34624000000.0	6596000000.0	99617000000.0					-2.9789329344303166	-3.801171777611568	39.69191581972465	39.99310220916833	13.278008298755179	-13.852054624316834	-10.485413986679248	35.05601659751036	-19.204109248633667	-12.470827973358496	95.70292531120327	-52.42721824876991	-34.04536036726869	-9.183025426488921	-149.750635429125	-132.30723216418042	1년	35.05601659751036	95.70292531120327	-9.183025426488921	2.6775731557392097	1.9940570703405325	2.0788763734179754	1.8602592869608576	1.765286900214377	3년	1.9940570703405325	양호	1년	13.278008298755179	2.9892974101730143	불리	N	주당순현금<=0	8022000000.0	-11.101740813624005	-16.19880934121831		-21.475410097020664	113.00359939575195	118.56444961547851	N	N	주의	단기위험부채 존재
MSCI	MSCI Inc.	0001408198	S&P 500	제외	PEG=불리, PEGY=불리(<1)	563.989990234375	15.69	2025	1.44	515332000.0	70898000.0	586230000.0	6202286000.0	0.0	-2654540000.0	8356999000.0	-46.55079501667614	146.55079501667615	-0.3176427327561006	-73.28221723471998	-73.28221723471998	40.61645681766061	40.61645681766061	11.672597864768674	13.538386829039872	53.02284334613518	31.84519572953735	35.576773658079745	114.54568669227037	499.65112099644097	558.1995786952712	1797.221824201722	-11.407803392254712	-1.0266869340531335	218.66200736202038	3년	35.576773658079745	558.1995786952712	-1.0266869340531337	0.3228395308737795	0.36877630405533196	1.3409058202845001	20.214089983819616	3.5841221180927927	3년	0.3687763040553319	불리(<1)	3년	13.538386829039872	3.0000957522160774	불리	N	주당순현금<=0	76636000.0	-6.542161563192684	1.278574026185253		-12.400792870197508	581.2493957519531	573.3672492980957	N	N	판정불가	
MAA	MID AMERICA APARTMENT COMMUNITIES INC.	0000912595	S&P 500	제외	PEG=불리, PEGY=불리(<1)	131.97999572753906	3.78	2025	4.6	60258000.0		60258000.0			5662851000.0	6135738000.0	47.996001894802845	52.003998105197155	0.9229290755244113	0.5143705878838061	0.5143705878838061	34.77926590996171	34.77926590996171	-15.812917594654795	-11.64378965026387	11.534580200891554	-23.12583518930959	-14.787579300527739	31.56916040178311	-87.41565701559024	-55.89704975599485	119.33142631874014	-166.23402018897778	-142.35266825692986	-9.583701938368572	5년	31.56916040178311	119.33142631874014	-9.583701938368572	-0.32240236535421285	-0.202528416456494	0.4639137652491447			5년	0.4639137652491447	불리(<1)	5년	11.534580200891554	3.015217312137071	불리	N	FCF<=0	117149000.0	1.0721349952925285	-1.5442053540420275		-9.491160952905153	134.6516015625	132.24880039215088	N	N	중립/개선	
INVH	Invitation Homes Inc.	0001687229	S&P 500	제외	PEG=불리, PEGY=불리(<1)	30.209999084472656	0.96	2025	3.94	129971000.0		129971000.0	8380020000.0		9530132000.0	9112398000.0	51.12037904726451	48.87962095273549	1.0458423787020716	-13.454578621849206	-13.454578621849206	45.48393511075194	45.48393511075194	29.729729729729726	15.0739165329576	22.36032947934692	67.95945945945945	38.647833065915194	53.22065895869384	65.24108108108108	37.101919743278586	51.09183260034608	115.95856689255481	22.813375927403577	69.12225802286196	3년	38.647833065915194	37.101919743278586	22.813375927403577	0.7402554253000537	0.41803587325193636	0.5782333787810234	1.9605145330390512	6.489621292463782	3년	0.4180358732519363	불리(<1)	3년	15.073916532957599	3.0173933238455914	불리	N	주당순현금<=0	613177806.0	2.7201606297557968	17.915683430463925		-3.451587725965033	29.890200042724608	27.849699954986573	Y	Y	강한 상승추세	
GD	GENERAL DYNAMICS CORP	0000040533	S&P 500	제외	PEG=불리, PEGY=불리(<1)	376.5799865722656	15.45	2025	1.66	2333000000.0		2333000000.0	7007000000.0	0.0	25622000000.0					-17.157015692392402	-17.157015692392402	25.484595615835474	25.484595615835474	13.352898019075557	8.220181851997577	7.03040276544542	35.205796038151114	24.940363703995153	22.56080553089084	543.9295487894346	385.3286192267251	348.56444545226344	44.43931387337672	2.3231804573822235	-7.439466280459383	3년	24.940363703995153	385.3286192267251	2.3231804573822235	0.5890969684348033	0.38769231424878037	0.3410061080210128	14.532440121134258	3.8590580060859088	3년	0.3876923142487803	불리(<1)	3년	8.220181851997577	3.1002471812278087	불리	N	주당순현금<=0	272425000.0	9.889399716775781	9.745284868070225		-4.896839303144585	374.88160095214846	353.5156002807617	Y	Y	강한 상승추세	
MLM	MARTIN MARIETTA MATERIALS INC	0000916076	S&P 500	제외	PEG=불리, PEGY=안심	531.739990234375	18.77	2025	63.0	67000000.0		67000000.0	5293000000.0	30000000.0	10032000000.0	8677000000.0	53.621251803944624	46.378748196055376	1.1561599631208943	-86.23762376237623	-86.73267326732673	32.923687479848226	32.9500619873043	-42.085775995063244	10.610393458663768	10.217788506018909	-75.67155199012649	29.720786917327537	28.935577012037818	-1420.3550308546742	557.8591704382378	543.1207805159498	-367.11457797797465	4.912021041026127	2.1402923403520013	3년	29.720786917327537	557.8591704382378	4.912021041026127	0.6352333412755735	2.235788245278384	2.2238635496353103	16.138613861386137	3.0350573885316994	3년	2.235788245278384	안심	3년	10.610393458663768	3.1029657484534514	불리	N	주당순현금<=0	60600000.0	-7.425272606830912	-21.023629106687835		-24.907147020335174	566.493798828125	604.531298828125	N	N	주의	단기위험부채 존재
PCG	PG&E Corp	0001004980	S&P 500	제외	PEG=불리, PEGY=불리(<1)	18.360000610351562	1.18	2025	1.1	713000000.0		713000000.0	57387000000.0	2675000000.0	32540000000.0					-25.737511353315167	-26.952316076294277	37.37077285056503	38.40026837851343	2.6086956521739157	11.995586155825675		13.717391304347831	32.491172311651354		16.18652173913044	38.3395833277486		-11.83811982008155	108.82125301309812		3년	32.491172311651354	38.3395833277486	108.82125301309813	0.09924053931140045	0.35042320928687126		-1.3946412352406903	-7.596084906742197	3년	0.3504232092868712	불리(<1)	3년	11.995586155825677	3.115376969921212	불리	N	주당순현금<=0 | FCF<=0	2202000000.0	11.070779477852666	-1.5549544992514264		-3.924646656440911	17.334000015258788	16.817749977111816	Y	Y	상승전환	단기위험부채 존재
ADM	Archer-Daniels-Midland Co	0000007084	S&P 500	제외	PEG=불리, PEGY=불리(<1)	79.16000366210938	2.23	2025	2.66	1015000000.0	433000000.0	1448000000.0	6606000000.0	798000000.0	22740000000.0					-10.65702479338843	-12.305785123966942	40.276694374662696	41.01604878299386	-38.9041095890411	-33.86721254408997	12.82075623743526	-69.3082191780822	-59.23442508817995	34.141512474870524	-154.5573287671233	-132.0927679466413	76.13557281896126	-295.24674282083635	-266.86806699816844	-3.8206552592616627	5년	34.141512474870524	76.13557281896126	-3.8206552592616627	-0.8998779604872833	-0.7748206010600969	0.38436014866140333	8.685950413223141	10.972650342840682	5년	0.3843601486614033	불리(<1)	5년	12.82075623743526	3.141522514643792	불리	N	주당순현금<=0	484000000.0	-0.4902569134971557	17.361018893526214		-9.344933647770636	80.00460006713867	71.12295026779175	N	Y	중립/개선	단기위험부채 존재
DTE	DTE ENERGY CO	0000936340	S&P 500	제외	PEG=불리, PEGY=불리(<1)	136.13999938964844	7.03	2025	3.44	208000000.0		208000000.0	10982000000.0	882000000.0	12303000000.0					-52.04830917874396	-56.309178743961354	26.769318430781283	27.375416519716897	3.8404726735598333	8.394043095201798	37.69982747513958	16.180945347119668	25.288086190403597	83.89965495027916	113.75204579025127	177.77524591853728	589.8145743004625	-16.44480218875295	30.58266983660249	333.2412053362399	3년	25.288086190403597	177.77524591853728	30.582669836602495	0.2719707897078255	0.4420748748535251	1.5368276028960846			3년	0.4420748748535251	불리(<1)	3년	8.394043095201798	3.1890851794748536	불리	N	주당순현금<=0 | FCF<=0	207000000.0	-6.284852078402048	-6.766199557409447		-11.843549927851015	145.53100006103514	141.55110000610352	N	N	주의	단기위험부채 존재
CAT	CATERPILLAR INC	0000018230	S&P 500	제외	PEG=불리, PEGY=안심	811.2899780273438	18.81	2025	80.0	9980000000.0		9980000000.0	30696000000.0	5514000000.0	21318000000.0	77267000000.0	21.623979307196837	78.37602069280317	0.2759004490921092	-43.8619521490578	-55.53673512597925	45.46262255057956	46.083291502037376	-14.693877551020417	14.168748532167829	67.65638212373489	-20.887755102040835	36.83749706433566	143.81276424746977	-392.8986734693881	692.9133197801536	2705.1180954949064	-148.42888290383218	-14.59116486746498	233.4341812125446	3년	36.83749706433566	692.9133197801536	-14.591164867464979	1.4364794370655385	2.071344397860025	3.2478632740436253	18.882066483167478	2.3274127617204554	3년	2.071344397860025	안심	3년	14.168748532167829	3.208654769146626	불리	N	주당순현금<=0	472300000.0	-10.84039601314517	5.828256027123269		-23.8153855359579	901.830400390625	763.6263488769531	N	Y	중립/개선	단기위험부채 존재
AMT	AMERICAN TOWER CORP /MA/	0001053507	S&P 500	제외	PEG=불리, PEGY=불리(<1)	178.57000732421875	5.4	2025	3.91	1474800000.0	4026000.0	1478826000.0	18294659000.0	3387800000.0	3652500000.0	52835100000.0	6.466020861215559	93.53397913878445	0.06913018050500519	-35.873241359595696	-43.1004401000945	39.71171271922489	41.0500828563543	106.10687022900764	12.230302192084208	7.337360126949077	220.71374045801528	32.96060438416842	23.174720253898155	1191.8541984732826	177.98726367450948	125.14348937105004	567.4436633187258	-0.326339041164525	-29.919088179329812	3년	32.96060438416842	177.98726367450948	-0.32633904116452506	2.7703884495454467	0.40643681893555056	0.2832252591690437	8.071559464711994	4.520109275717815	3년	0.4064368189355505	불리(<1)	3년	12.230302192084208	3.246993581640805	불리	N	주당순현금<=0	468757000.0	-3.465233296232595	-2.142694265051559		-13.921422052962896	171.5566000366211	177.87040031433105	Y	Y	중립/개선	단기위험부채 존재
FIS	Fidelity National Information Services, Inc.	0001136893	S&P 500	제외	PEG=불리, PEGY=불리(<1)	40.470001220703125	0.73	2025	4.25	599000000.0		599000000.0	9069000000.0	2729000000.0	13899000000.0	19586000000.0	41.50813797222637	58.491862027773635	0.7096395384458286	-16.319845857418112	-21.578034682080926	77.79431106591952	84.99730945586856	-72.03065134099617		23.901501752560208	-135.56130268199234		56.303003505120415	-98.95975095785441		41.1011925587379	-344.5261872323094		1.5596523820015973	5년	56.303003505120415	41.1011925587379	1.5596523820015973	-0.8712803084477706		0.36187095645986056	8.05587668593449	19.90579798108177	5년	0.3618709564598605	불리(<1)	5년	23.901501752560208	3.2547875807672453	불리	N	주당순현금<=0	519000000.0	-3.688717801463437	-17.525980288579866		-42.18571254185268	41.45180000305176	50.55775007247925	N	N	주의	단기위험부채 존재
FDX	FEDEX CORP	0001048911	S&P 500	제외	PEG=불리, PEGY=불리(<1)	333.7099914550781	18.55	2026	1.46	13311000000.0		13311000000.0	23293000000.0	745000000.0	31647000000.0					-41.76569037656904	-44.88284518828452	20.241276648606316	20.40931733926483	10.350981558596088	6.216255240021917	-0.9430705522987193	29.201963117192175	20.932510480043835	6.6138588954025614	541.6964158239149	388.29806940481313	122.68708250971751	62.32550109211654	16.35793933280638	-63.235418281974674	3년	20.932510480043835	388.29806940481313	16.35793933280638	0.5835097145124646	0.37923770191394796	0.025538381628555682			3년	0.3792377019139479	불리(<1)	3년	6.216255240021917	3.2561849324151866	불리	N	주당순현금<=0 | FCF<=0	239000000.0	0.5716900352713328	8.244888044092203		-1.6620051707666894	319.5419989013672	287.0866514587402	Y	Y	강한 상승추세	단기위험부채 존재
ABNB	Airbnb, Inc.	0001559720	S&P 500	보류	PEG=불리, PEGY=판정불가	190.5	4.030497592295345	2025		6560000000.0	4454000000.0	11014000000.0	0.0	1999000000.0	8199000000.0	14009000000.0	36.919128242074926	63.080871757925074	0.5852666143193661	17.67897271268058	14.470304975922954	42.878335324571886	43.67443249701315	-1.825115293410216	13.128576286013535		4.849769413179568	34.757152572027074		19.546983943007856	140.08861975659707		-89.73911604041582	-26.46266679443724		3년	34.757152572027074	140.08861975659707	-26.46266679443724				7.417335473515249	3.8936144217927815	판정불가		판정불가	3년	13.128576286013537	3.2660308620251617	불리	Y		623000000.0	44.20892596380443	44.29631406983514		0.0	155.94890045166017	136.85194999694824	Y	Y	강한 상승추세	단기위험부채 존재
NDAQ	NASDAQ, INC.	0001120193	S&P 500	제외	PEG=불리, PEGY=불리(<1)	98.7300033569336	3.09	2025	1.17	604000000.0	291000000.0	895000000.0	8573000000.0	431000000.0	12227000000.0	18821000000.0	39.38095851584643	60.61904148415357	0.6496466712714521	-13.270015025137837	-14.014919489299652	36.24596064144707	36.48703004732468	60.10362694300518	10.989871033323162	-11.180293383285411	128.70725388601036	30.479742066646324	-13.860586766570822	397.705414507772	94.18240298593713	-42.82921310870384	302.82123061413023	-4.606097656611796	-143.38013942313518	3년	30.479742066646324	94.18240298593713	-4.606097656611796	1.690495323027502	0.3354821011260055	-0.2761767989075917	3.4376217615263296	3.4818410256692376	3년	0.3354821011260055	불리(<1)	3년	10.989871033323162	3.2981242938650634	불리	N	주당순현금<=0	578597687.0	9.057776083293145	17.549715285232082		-2.2281639187977986	90.46140014648438	89.94985000610352	Y	Y	강한 상승추세	단기위험부채 존재
PWR	QUANTA SERVICES, INC.	0001050915	S&P 500	제외	PEG=불리, PEGY=불리(<1)	603.780029296875	6.8	2025	7.000000000000001	439508000.0		439508000.0	1040532000.0	0.0	8938249000.0	15899027000.0	35.98723547622533	64.01276452377466	0.5621884282604213	-3.972635516983826	-3.972635516983826	89.37539188439101	89.37539188439101	12.769485903814253	26.99606847284017	17.23954045081646	34.038971807628506	62.49213694568034	42.97908090163292	231.46500829187383	424.9465312306263	292.2577501311038	-61.664017181650784	-29.618981978338567	-51.59532678292636	3년	62.49213694568034	424.9465312306263	-29.618981978338567	0.22119607519468568	0.38037392347118115	0.2712104522257181	10.713234759503209	1.7743605683644723	3년	0.3803739234711811	불리(<1)	3년	26.99606847284017	3.310681774803933	불리	N	주당순현금<=0	151291000.0	-17.698531485578172	7.287170308003188		-23.10885375098365	668.3488037109375	580.8838012695312	N	Y	중립/개선	
AZO	AUTOZONE INC	0000866787	S&P 500	제외	PEG=불리, PEGY=판정불가	3027.340087890625	144.87	2025		271803000.0		271803000.0	8799775000.0	180910000.0	-3414313000.0					-494.51852710930706	-505.0091040881415	24.310475702353365	24.382889431757896	-3.1293881644934842	7.323782044011162	36.18199999564493	2.2412236710130315	23.147564088022325	80.86399999128986	324.6860732196579	3353.3876094317943	11714.767678738162	-89.27487286550976	10.770098901189227	286.96569723359755	3년	23.147564088022325	3353.3876094317943	10.770098901189229				103.80284140330531	3.4288463928620763	판정불가		판정불가	3년	7.323782044011162	3.3193882008316518	불리	N	주당순현금<=0	17245000.0	-0.004620759807749675	-17.552057793417784		-30.478533651457973	3051.60439453125	3413.7506970214845	N	N	주의	단기위험부채 존재
DUK	Duke Energy CORP	0001326160	S&P 500	제외	PEG=불리, PEGY=불리(<1)	121.58999633789062	6.31	2025	3.56	245000000.0	44000000.0	289000000.0	80108000000.0	2624000000.0	51842000000.0					-102.72715572715573	-106.10424710424711	35.549469423937616	36.084666155647824	10.507880910683006			29.515761821366013			186.24445709281952			53.174161281540286			1년	29.515761821366013	186.24445709281952	53.174161281540286	0.3957268881546302			-2.18018018018018	-1.7930588418816975	1년	0.3957268881546302	불리(<1)	1년	10.507880910683006	3.3831245068447315	불리	N	주당순현금<=0 | FCF<=0	777000000.0	-2.999602857599337	-5.693009194802667		-8.894057979050896	125.45520004272461	124.39205028533935	N	N	주의	단기위험부채 존재
JKHY	JACK HENRY & ASSOCIATES INC	0000779152	S&P 500	보류	PEG=불리, PEGY=불리(<1)	173.6199951171875	6.24	2025	1.4	50992000.0		50992000.0	0.0	0.0	2130832000.0	913138000.0	70.00174114725178	29.998258852748222	2.3335268053678635	0.6980902183585461	0.6980902183585461	27.71184373378669	27.71184373378669	19.311663479923514	8.098386987445227	50.80610407826143	47.12332695984703	24.696773974890455	110.11220815652285	294.04956022944543	154.10786960331643	687.1001788967027	69.36388002486242	-11.238409205518671	295.74945180302177	3년	24.696773974890455	154.10786960331643	-11.238409205518673	0.74739391860353	0.3427555047831283	1.8838913996404711	8.051831063043329	4.637617376736257	3년	0.3427555047831283	불리(<1)	3년	8.098386987445227	3.4218967032259417	불리	Y		73045000.0	27.418172696665756	10.910950915805184		-9.854626368042297	148.48579940795898	159.7581996154785	Y	Y	상승전환	
DELL	Dell Technologies Inc.	0001571996	S&P 500	제외	PEG=불리, PEGY=보통	451.5	8.68	2026	57.99999999999999	11528000000.0	2187000000.0	13715000000.0	23513000000.0		-2470000000.0	103756000000.0	-2.438639101159094	102.43863910115908	-0.023805852191680483	-14.324561403508772	-14.324561403508772	53.666424124828204	53.666424124828204	303.72093023255815		15.515817208402405	615.9418604651163		39.531634416804806	5346.3753488372095		343.13458673786573	1084.1362898864252		-24.001198950638823	5년	39.531634416804806	343.13458673786573	-24.001198950638823	6.7401720187503935		1.3698661389736806	12.502923976608187	2.7691968940438954	5년	1.3698661389736806	보통	5년	15.515817208402405	3.4588203382394704	불리	N	주당순현금<=0	684000000.0	47.87763303062973	265.64624856292374		-8.69750033695168	429.97059814453127	239.96199935913086	Y	Y	강한 상승추세	
ALGN	ALIGN TECHNOLOGY INC	0001097149	S&P 500	보류	PEG=불리, PEGY=판정불가	159.61000061035156	5.65	2025		1094908000.0	318202000.0	1413110000.0			4049147000.0	2184546000.0	64.95582955400594	35.04417044599405	1.8535416512172322	19.467542844547307	19.467542844547307	24.803974825806062	24.803974825806062	0.533807829181499	7.016113370463617	-24.086097409967156	9.567615658362998	22.532226740927236	-39.67219481993431	54.05702846975094	127.3070810862389	-224.14790073262887	-66.1318036068944	-20.23865635021973	-240.43474711827776	3년	22.532226740927236	127.3070810862389	-20.23865635021973				6.761145092852813	4.236041016852372	판정불가		판정불가	3년	7.016113370463617	3.5352870622395662	불리	Y		72588000.0	-2.0076155294897036	-15.123638383339234		-19.188899271207582	174.07700073242188	169.71729988098144	N	N	주의	
CARR	CARRIER GLOBAL Corp	0001783180	S&P 500	제외	PEG=불리, PEGY=불리(<1)	58.52000045776367	1.72	2025	1.6	1555000000.0		1555000000.0	11365000000.0	325000000.0	14128000000.0	23062000000.0	37.98870664157031	62.01129335842969	0.612609487468563	-11.375231910946196	-11.75208719851577	40.63676300506388	40.85586491644153	-72.03252032520325	-25.140280284035853	11.456573996486764	-135.5650406504065	-41.78056056807171	31.413147992973528	-233.17186991869917	-71.86256417708333	54.03061454791447	-498.4481683095492	-222.80000617728896	-7.671541139322757	5년	31.413147992973528	54.03061454791447	-7.671541139322757	-1.733221721337067	-0.5792853205631172	0.32129955810849753			5년	0.3212995581084975	불리(<1)	5년	11.456573996486764	3.547025752858177	불리	N	주당순현금<=0 | FCF<=0	862400000.0	-9.2853844056884	-4.8455277109533785		-22.99999939767938	66.89359954833985	61.27875	N	N	주의	단기위험부채 존재
SO	SOUTHERN CO	0000092122	S&P 500	제외	PEG=불리, PEGY=불리(<1)	89.97000122070312	3.92	2025	3.37	1639000000.0		1639000000.0		722000000.0	36016000000.0	116853000000.0	23.560041604249392	76.43995839575061	0.3082163059570572	1.477908025247971	0.8268710550045085	22.574513570269172	22.74059443002516	-1.754385964912288	6.338245126558739	5.994587569440402	4.991228070175424	21.17649025311748	20.489175138880803	19.565614035087663	83.01184179222051	80.31756654441274	-78.25318020493103	-7.733866104340414	-10.728503440399251	3년	21.17649025311748	83.01184179222051	-7.733866104340414	0.07156805527874097	0.43005334738838324	0.4148300932505427	-2.6465284039675385	-2.9415675981546414	3년	0.4300533473883832	불리(<1)	3년	6.338245126558739	3.561634666932752	불리	N	FCF<=0	1109000000.0	-4.021758831854538	-6.20308284176817		-9.777376534945104	94.29500015258789	92.50610008239747	N	N	주의	단기위험부채 존재
BAC	BANK OF AMERICA CORP /DE/	0000070858	S&P 500	제외	PEG=불리, PEGY=불리(<1)	62.43000030517578	3.81	2025	2.05	161560000000.0		161560000000.0	317816000000.0	45999000000.0	303243000000.0	3108495000000.0	8.888226469910645	91.11177353008935	0.09755299590316215	-20.343449335364344	-26.33220065356924	21.725314866283497	23.297165605969823	18.691588785046733	6.09903426261329	15.29664601415619	45.883177570093466	20.69806852522658	39.093292028312376	174.8149065420561	78.85964108111328	148.94544262787016	180.01746866492167	26.31690004104548	138.579916546183	3년	20.69806852522658	78.85964108111328	26.31690004104548	0.9547198239799298	0.37509395434632553	0.7984531465215833			3년	0.3750939543463255	불리(<1)	3년	6.09903426261329	3.562090968968376	불리	N	주당순현금<=0 | FCF<=0	7680900000.0	22.172215595647458	20.77771708996967		-3.6722686978444163	60.79319976806641	54.506200008392334	Y	Y	강한 상승추세	단기위험부채 존재
PM	Philip Morris International Inc.	0001413329	S&P 500	제외	PEG=불리, PEGY=불리(<1)	193.9199981689453	7.26	2025	3.07	4872000000.0		4872000000.0	14828000000.0	168000000.0	-9994000000.0	77213000000.0	-14.867820110385457	114.86782011038545	-0.12943416264100605	-6.390243902439025	-6.498074454428755	27.590942434074975	27.60579512718651	60.61946902654868	7.709372585660357	41.71851076645543	129.73893805309734	23.918745171320715	91.93702153291086	941.9046902654867	173.6500899437884	667.4627763289328	385.71818232222165	-10.452716798964456	244.1949167859581	3년	23.918745171320715	173.6500899437884	-10.452716798964456	2.3083469938994114	0.39068518994653	1.6233048535211092	6.844672657252889	3.5296373359542486	3년	0.39068518994653	불리(<1)	3년	7.709372585660357	3.57888299307195	불리	N	주당순현금<=0	1558000000.0	6.526041156318518	2.1707033988108027		-3.1223460344566467	186.44179992675782	173.0323999786377	Y	Y	강한 상승추세	단기위험부채 존재
PLD	Prologis, Inc.	0001045609	S&P 500	제외	PEG=불리, PEGY=불리(<1)	143.3300018310547	1.49	2025	2.99	1145647000.0		1145647000.0	35037073000.0		53193178000.0	40970248000.0	56.49027468478048	43.50972531521952	1.2983367345006065	-35.42045625564362	-35.42045625564362	119.96675039375725	119.96675039375725	8.759124087591232	33.234053078207104	31.425771273344495	26.018248175182464	74.96810615641421	71.35154254668899	38.76718978102187	111.70247817305717	106.31379839456659	-72.95249474236569	-22.06622706617793	-25.82585848294321	3년	74.96810615641421	111.70247817305717	-22.066227066177934	0.09793650364811936	0.3019507735210948	0.2868775819998822			3년	0.3019507735210948	불리(<1)	3년	33.234053078207104	3.6097538302490175	불리	N	주당순현금<=0 | FCF<=0	956832000.0	-2.177178779953004	2.3566400632188733		-4.484869943377956	142.66439910888673	136.7161999130249	Y	Y	강한 상승추세	
AEE	AMEREN CORP	0001002910	S&P 500	제외	PEG=불리, PEGY=불리(<1)	106.83000183105469	5.35	2025	2.8	13000000.0		13000000.0	18214000000.0	643000000.0	13401000000.0					-66.8662747979427	-69.22850844966936	32.46659376242942	32.90813276275216	21.04072398190045	8.922553391323573	8.85719705051664	50.5814479638009	26.345106782647147	26.21439410103328	270.61074660633477	140.94632128716222	140.24700844052805	153.3096901320751	31.93514824614574	31.280544825151612	3년	26.345106782647147	140.94632128716222	31.93514824614574	0.7343155292591584	0.3610650836087707	0.35905205011085684	-2.8471711976487875	-2.6651419534293557	3년	0.3610650836087707	불리(<1)	3년	8.922553391323573	3.638711066049818	불리	N	주당순현금<=0 | FCF<=0	272200000.0	-3.860691873191391	-4.136755661662372		-9.710951566434245	110.899599609375	107.74674964904786	N	N	주의	단기위험부채 존재
KEY	KEYCORP /NEW/	0000091576	S&P 500	보류	PEG=불리, PEGY=불리(<1)	21.889999389648438	1.52	2025	3.75	1287000000.0	10163000000.0	11450000000.0	9917000000.0	343000000.0	20381000000.0	164000000000.0	11.053741979922009	88.94625802007799	0.12427439024390244	1.3835814995388063	1.074013036171676	13.491064401387915	13.69472786412945	575.0	-7.651730931537582	3.659228783256574	1158.5	-6.803461863075164	15.818457566513148	1760.92	-10.34126203187425	24.044055501099987	7944.404061668095	-147.24194755694936	9.84036624720137	5년	15.818457566513148	24.044055501099987	9.84036624720137	42.89876489956272	-0.28920853206631975	0.549195271982716	1.8556057162764419	8.476956455073905	5년	0.549195271982716	불리(<1)	5년	3.659228783256574	3.686860046335059	불리	Y		1107994000.0	1.813950649527607	1.9562183964892066		-8.753649026699616	22.870600051879883	21.25375002861023	N	Y	상승전환	단기위험부채 존재
IQV	IQVIA HOLDINGS INC.	0001478242	S&P 500	제외	PEG=불리, PEGY=판정불가	259.4200134277344	7.84	2025		1980000000.0	46000000.0	2026000000.0	13884000000.0	1840000000.0	6503000000.0	23314000000.0	21.80970587248885	78.19029412751115	0.27893111435189155	-68.34582132564842	-78.95100864553314	41.8068666777274	43.15956914199841	4.672897196261677	11.081058953610356	66.64690241687414	17.845794392523352	30.66211790722071	141.79380483374828	139.9110280373831	240.39100439261037	1111.6634298965864	-46.067758540010416	-7.335212416225101	328.51876199068124	3년	30.66211790722071	240.39100439261037	-7.335212416225101						판정불가		판정불가	3년	11.081058953610356	3.772822331579255	불리	N	주당순현금<=0 | FCF<=0	173500000.0	56.6356847457802	60.224820925283296		-0.3150848591341182	216.10499969482422	200.01584968566894	Y	Y	강한 상승추세	단기위험부채 존재
SHW	SHERWIN WILLIAMS CO	0000089800	S&P 500	제외	PEG=불리, PEGY=안심	350.45001220703125	10.26	2025	92.0	207200000.0		207200000.0	9320700000.0	1200500000.0	4598300000.0					-36.39576677316294	-41.19009584664537	37.70426695713394	38.171550492561074	-2.7488151658767856	9.945304600039684	18.130624645897143	3.0023696682464287	28.390609200079368	44.761249291794286	30.804312796208357	291.2876503928143	459.25041773380934	-91.21006941839956	-16.8818261530738	31.045912893991677	3년	28.390609200079368	291.2876503928143	-16.8818261530738	2.3671375161753727	2.7038134627028163	2.920906134340309	13.284496805111822	3.7906966307262944	3년	2.7038134627028163	안심	3년	9.945304600039684	3.791162611247069	불리	N	주당순현금<=0	250400000.0	13.059331814986109	-1.9034255543649459		-6.603949058914626	340.69880126953126	334.1577995300293	Y	Y	상승전환	단기위험부채 존재
ABT	ABBOTT LABORATORIES	0000001800	S&P 500	제외	PEG=불리, PEGY=불리(<1)	116.12999725341797	3.72	2025	2.16	8522000000.0	417000000.0	8939000000.0	9896000000.0	0.0	52130000000.0					-0.5474828375286042	-0.5474828375286042	31.364914002942626	31.364914002942626	-51.30890052356021	-1.6467472577444189	8.273103706617114	-94.11780104712042	5.206505484511163	25.046207413234228	-350.118219895288	19.368200402381525	93.17189157723134	-401.4881840832759	-83.32196602044483	-19.769315611097138	5년	25.046207413234228	93.17189157723134	-19.769315611097138	-1.5670025595781678	0.016363913582145596	0.3326361330255294	4.230549199084668	3.64294264973829	3년	0.0163639135821455	불리(<1)	5년	8.273103706617114	3.791190720582396	불리	N	주당순현금<=0	1748000000.0	35.53921199788179	1.193791470621619		-14.997803100632511	101.03879974365235	106.9947498703003	Y	Y	상승전환	
AVB	AVALONBAY COMMUNITIES INC	0000915912	S&P 500	제외	PEG=불리, PEGY=불리(<1)	68.13999938964844	7.4	2025	3.8699999999999997	187234000.0		187234000.0	9328552000.0	740000000.0	11611340000.0	10357820000.0	52.85290834970476	47.14709165029523	1.121021604932312	-64.00300751159544	-69.18412314049935	17.857163094762686	18.557313855425377	-2.631578947368412	-3.0476001690547427	4.670255670459733	3.236842105263176	2.4047996618905145	17.840511340919466	23.952631578947503	17.79551749798981	132.01978392280407	-64.84791342310125	-73.88388955475507	93.74785016927956	5년	17.840511340919466	132.01978392280407	93.74785016927956	0.06935150035084818	0.0460543383392437	0.4782537755375319			3년	0.0460543383392437	불리(<1)	5년	4.670255670459733	3.8235943286173137	불리	N	주당순현금<=0 | FCF<=0	142826382.0				-1.1504570129777014			판정불가	판정불가	판정불가	단기위험부채 존재
AMD	ADVANCED MICRO DEVICES INC	0000002488	S&P 500	보류	PEG=불리, PEGY=판정불가	479.17999267578125	2.65	2025		5539000000.0	5013000000.0	10552000000.0	2348000000.0	874000000.0	62999000000.0					5.014669926650367	4.480440097799511	178.93031047137015	179.13190663320066	165.0	46.66355102918431	12.817266899716717	338.5	101.82710205836862	34.134533799433434	897.025	269.84182045467685	90.4565145684986	87.20001120892739	-43.68675141300088	-81.12264369315967	3년	101.82710205836862	269.84182045467685	-43.68675141300088				4.1167481662591685	0.8591235504785794	판정불가		판정불가	3년	46.66355102918431	3.834476942388366	불리	Y		1636000000.0	-3.30145206987007	127.2503041301126		-17.512176614574916	508.9524005126953	332.0110004425049	N	Y	중립/개선	단기위험부채 존재
RTX	RTX Corp	0000101829	S&P 500	제외	PEG=불리, PEGY=불리(<1)	210.27999877929688	4.96	2025	1.4	7435000000.0	750000000.0	8185000000.0	41078000000.0	204000000.0	65245000000.0	103941000000.0	38.56406558462284	61.43593441537716	0.627711875006013	-24.250221173695074	-24.40061928634621	47.284318538909666	47.31464073904094	39.718309859154935	12.323650810265118	122.97071854507217	87.93661971830987	33.147301620530236	254.44143709014435	436.16563380281696	164.41061603782998	1262.0295279671159	107.42136025053073	-21.813478698756285	500.1662237461307	3년	33.147301620530236	164.41061603782998	-21.813478698756285	0.8695971757596379	0.29023683187846094	2.6302741032997883	5.853730462990268	2.7837790075004496	3년	0.2902368318784609	불리(<1)	3년	12.323650810265118	3.836875879307103	불리	N	주당순현금<=0	1356400000.0	19.078092270268332	7.2966646410373315		-6.745313026447331	204.39339965820312	191.89439987182618	Y	Y	강한 상승추세	단기위험부채 존재
WMB	WILLIAMS COMPANIES, INC.	0000107263	S&P 500	보류	PEG=불리, PEGY=불리(<1)	71.08000183105469	2.14	2025	2.96	152000000.0		152000000.0		700000000.0	12807000000.0					0.12408163265306123	-0.4473469387755102	33.15697205532786	33.4239947522571	17.582417582417587	8.61732445982799	65.95600451405528	43.664835164835175	25.73464891965598	140.41200902811056	93.44274725274728	55.072148688063805	300.4816993201566	31.461374290401835	-22.52089579434575	322.7373263641038	3년	25.73464891965598	55.072148688063805	-22.52089579434575	0.6195504688467688	0.3491671205835479	2.078477021335289	0.8204081632653061	1.1542039140844136	3년	0.3491671205835479	불리(<1)	3년	8.61732445982799	3.847710761025436	불리	Y		1225000000.0	-4.423827879552622	-3.9069884303848945		-10.478588834929026	73.28239959716797	69.5660498046875	N	Y	중립/개선	단기위험부채 존재
GEHC	GE HealthCare Technologies Inc.	0001932393	S&P 500	제외	PEG=불리, PEGY=보통	73.91000366210938	4.55	2025	19.0	4492000000.0		4492000000.0	9495000000.0	508000000.0	10379000000.0	26307000000.0	28.291446328299624	71.70855367170039	0.3945337742806097	-10.923580786026202	-12.032751091703057	18.644743834755072	18.888517528310427	4.838709677419354			18.177419354838708			82.70725806451613			11.902657240587766			1년	18.177419354838708	82.70725806451613	11.902657240587766	1.2785753394467332					1년	1.2785753394467332	보통	1년	4.838709677419354	3.853247059182716	불리	N	주당순현금<=0 | FCF<=0	458000000.0	15.701318763753846	-12.043312226824455		-16.16379243201479	67.02410026550292	72.82952503204346	Y	Y	상승전환	단기위험부채 존재
TER	TERADYNE, INC	0000097210	S&P 500	보류	PEG=불리, PEGY=불리(<1)	366.42999267578125	3.47	2025	14.000000000000002	293751000.0	586882000.0	880633000.0	171059000.0	200000000.0	2795752000.0	1387847000.0	66.82648121868276	33.173518781317235	2.014452601763739	4.442639886300315	3.190440711499571	104.31912184134897	104.67998615685352	4.518072289156637	-6.31450812985902	27.007110355932152	17.536144578313277	-4.129016259718039	62.514220711864304	60.850421686747076	-14.327686421221596	216.92434587016916	-83.39371151296892	-103.91007469574107	-40.80060306032189	5년	62.514220711864304	216.92434587016916	-40.80060306032189	0.17751369032150566	0.0736728965359703	0.39309294050899657	2.819990107626519	0.7695849586531138	3년	0.0736728965359703	불리(<1)	5년	27.007110355932152	3.8626539628455703	불리	Y		159719000.0	-2.501129295779836	6.8869916711814305		-24.266287316213486	384.9685986328125	309.30089912414553	N	Y	중립/개선	단기위험부채 존재
CPAY	CORPAY, INC.	0001175454	S&P 500	보류	PEG=불리, PEGY=판정불가	412.3699951171875	15.03	2025		2408097000.0		2408097000.0	474939000.0	3345530000.0	3883864000.0					27.205353373300685	-19.876326381266008	25.626390002919948	28.758903625978277	7.587687902648523	6.564477917470324	43.85131319574005	23.675375805297044	21.628955834940648	96.2026263914801	355.84089835361453	325.0832061991579	1445.9254746639458	-13.708343825430003	-21.167104772796183	250.63789601206122	3년	21.628955834940648	325.0832061991579	-21.167104772796186				18.282881589687296	4.433611030427095	판정불가		판정불가	3년	6.564477917470324	3.9037971221929695	불리	Y		71058000.0	16.951216102964196	24.866009119511734		-3.026525118226553	374.2057989501953	331.79184967041016	Y	Y	강한 상승추세	단기위험부채 존재
TFC	TRUIST FINANCIAL CORP	0000092230	S&P 500	제외	PEG=불리, PEGY=불리(<1)	50.29999923706055	3.82	2025	4.09	20295000000.0		20295000000.0	41963000000.0	27839000000.0	65189000000.0	482349000000.0	11.9058403252377	88.0941596747623	0.1351490310957419	-16.633146541797803	-38.00337760036847	17.5217659106959	23.116067234929062	13.69047619047619	-4.818353706579703	4.400488140687586	35.88095238095238	-1.1367074131594066	17.30097628137517	137.06523809523807	-4.3422223182689335	66.08972939485315	172.49550730459998	-108.63264887501155	31.391114109916106	5년	17.30097628137517	66.08972939485315	31.391114109916106	1.0147650802492665	-0.04156851029125385	0.48456806145918735	3.9725186151838487	7.897651442222957	5년	0.4845680614591873	불리(<1)	5년	4.400488140687586	3.981777782488941	불리	N	주당순현금<=0	1302700000.0	3.7969463213990418	-0.5339142958138199		-9.872786240187036	51.3005997467041	49.44460000991821	N	Y	상승전환	단기위험부채 존재
MAR	MARRIOTT INTERNATIONAL INC /MD/	0001048286	S&P 500	제외	PEG=불리, PEGY=안심	357.7699890136719	9.51	2025	81.0	358000000.0		358000000.0	1816000000.0	355000000.0	-3771000000.0					-5.328947368421052	-6.626461988304094	38.180750408211665	38.31718727675877	14.1656662665066	9.516775967882673		36.831332533013196	27.533551935765345		350.2659723889555	261.8440789091284		-2.097441611970874	-26.81217347743433		3년	27.533551935765345	261.8440789091284	-26.81217347743433	2.4925038206173915	2.370743764858401		8.998538011695906	2.5151740749702833	3년	2.370743764858401	안심	3년	9.516775967882673	4.0119417055801785	불리	N	주당순현금<=0	273600000.0	-7.279841757184913	2.973171338843672		-11.121880702760967	369.4749993896484	342.5391003417969	N	Y	중립/개선	단기위험부채 존재
EQIX	EQUINIX INC	0001101239	S&P 500	제외	PEG=불리, PEGY=불리(<1)	1073.43994140625	13.76	2025	1.96	1727000000.0	1500000000.0	3227000000.0	15334000000.0	1299000000.0	14156000000.0	25963000000.0	35.28502704454249	64.71497295545751	0.5452374532989254	-123.38595436340104	-136.62444075293254	86.97862614605022	87.94072544761501	61.882352941176464	21.50878828113374	89.03782666520712	132.26470588235293	51.51757656226748	186.57565333041424	1819.9623529411763	708.8818534968005	2567.2809898265	69.54486997725755	-33.96166602780436	139.16391507318588	3년	51.51757656226748	708.8818534968005	-33.96166602780436	0.7340004754038715	0.26982247617622873	1.0462090595959523	39.70668446745411	3.6990131385866576	3년	0.2698224761762287	불리(<1)	3년	21.50878828113374	4.043864536169284	불리	N	주당순현금<=0	98123000.0	0.30086998853231517	11.756123722450562		-3.8084486828604547	1053.349599609375	951.5283493041992	Y	Y	강한 상승추세	단기위험부채 존재
CHTR	CHARTER COMMUNICATIONS, INC. /MO/	0001091667	S&P 500	제외	PEG=불리, PEGY=판정불가	155.13999938964844	36.21	2025		477000000.0		477000000.0	94006000000.0	750000000.0	16054000000.0					-679.0075792662888	-684.4524753354194	23.036387148741706	23.186757103702508	3.545896482699463	5.610772798941088	43.025880490420356	15.591792965398927	19.721545597882177	94.55176098084071	564.5788232770951	714.1171660993136	3423.7192651162422	263.91570549069246	360.3049947845768	2106.857856507563	3년	19.721545597882177	714.1171660993136	360.30499478457676				32.07406777789203	20.67427349753628	판정불가		판정불가	3년	5.610772798941088	4.105742287958858	불리	N	주당순현금<=0	137743676.0	5.408348355745662	-31.277962618095934		-45.12979955150794	140.17640060424804	184.48325031280518	Y	N	중립/개선	단기위험부채 존재
ADSK	Autodesk, Inc.	0000769397	S&P 500	보류	PEG=불리, PEGY=불리(<1)	251.2100067138672	5.23	2026	0.0238843988680519	2249000000.0	348000000.0	2597000000.0	2500000000.0		3045000000.0					0.4511627906976744	0.4511627906976744	47.94624166791004	47.94624166791004	2.148437500000006	11.430299124308885	4.988943736048346	12.796875000000012	31.36059824861777	18.47788747209669	66.92765625000007	164.01592884027096	96.6393514790657	-73.35788604701887	-34.70963558108252	-61.53045304873556	3년	31.36059824861777	164.01592884027096	-34.70963558108252	0.045307448994943274	0.23889637904284608	0.10455101297900969	11.204651162790698	4.460272625824576	3년	0.238896379042846	불리(<1)	3년	11.430299124308885	4.194662024718363	불리	Y		215000000.0	5.995783423572654	11.743254055413011		-23.12800264842404	221.80100006103515	248.97009994506837	Y	Y	상승전환	
OTIS	Otis Worldwide Corp	0001781335	S&P 500	제외	PEG=불리, PEGY=불리(<1)	71.45999908447266	3.5	2025	2.44	1096000000.0		1096000000.0	6900000000.0	215000000.0	-5392000000.0	15924000000.0	-51.196353968856826	151.1963539688568	-0.33860838985179603	-14.697391744745506	-15.24183337553811	24.61639737977662	24.771952131431647	-14.00491400491401	5.744740983915486	43.261010500751794	-19.50982800982802	19.989481967830972	95.02202100150359	-68.28439803439807	69.9631868874084	332.57707350526255	-195.55611378287213	-2.094615471929806	365.4031314947599	3년	19.989481967830972	69.9631868874084	-2.094615471929806	-0.46980530199008985	0.3324914225929578	1.8565271674683417			3년	0.3324914225929578	불리(<1)	3년	5.744740983915486	4.285031727052494	불리	N	주당순현금<=0 | FCF<=0	394900000.0	-0.4596765940189762	-20.09392950842147		-23.67015916683298	72.56799942016602	80.7331496810913	N	N	주의	단기위험부채 존재
MKC	MCCORMICK & CO INC	0000063754	S&P 500	제외	PEG=불리, PEGY=불리(<1)	54.47999954223633	2.93	2025	3.42	95900000.0		95900000.0	3105800000.0	381400000.0	5736500000.0	7432300000.0	43.56129639754571	56.43870360245429	0.7718337526741386	-11.17260579064588	-12.588344469190794	22.407032536819862	22.89021979912188	0.34246575342466545	5.153167622194932	31.68223228750233	9.184931506849331	18.806335244389864	71.86446457500466	26.91184931506854	55.10256226606231	210.56288120476367	-50.60233197284669	1.14273628681536	286.49574701541997	3년	18.806335244389864	55.10256226606231	1.14273628681536	0.16791450395058233	0.3826105758585954	1.5665721121179863	2.599109131403118	4.770758357639348	3년	0.3826105758585954	불리(<1)	3년	5.153167622194932	4.34820564351754	불리	N	주당순현금<=0	269400000.0	14.574133367755193	-21.077791531736644		-23.963714749456123	51.76099990844727	57.56159999847412	Y	N	중립/개선	단기위험부채 존재
WM	WASTE MANAGEMENT INC	0000823768	S&P 500	보류	PEG=불리, PEGY=불리(<1)	222.1300048828125	6.7	2025	1.56	201000000.0	177000000.0	378000000.0		743000000.0	9990000000.0	35844000000.0	21.7960466029585	78.20395339704149	0.2787077335118848	0.9351806036615536	-0.9030183077684315	33.014152877485216	33.2885109239673	-1.6152716593245144	7.521507767680924	13.738220149762249	5.269456681350971	23.543015535361846	35.9764402995245	35.305359765051506	157.73820408692438	241.04215000681415	-84.10599244182374	-28.98833988224996	8.513998428073233	3년	23.543015535361846	157.73820408692438	-28.98833988224996	-0.0016741807530129965	0.2750792304555624	0.4633836950635566	8.000989609104403	3.601940050073572	3년	0.2750792304555624	불리(<1)	3년	7.521507767680924	4.389299844818792	불리	Y		404200000.0	3.0335398933222457	-2.6172735909502087		-9.890061322989219	228.08160095214845	224.58379981994628	N	N	중립/개선	단기위험부채 존재
YUM	YUM BRANDS INC	0001041061	S&P 500	제외	PEG=불리, PEGY=불리(<1)	156.27000427246094	5.55	2025	1.91	709000000.0	0.0	709000000.0	2884000000.0	38000000.0	-7926000000.0	15521000000.0	-104.35813034891378	204.35813034891373	-0.5106629727466013	-7.740213523131673	-7.875444839857651	29.55139059380047	29.575756596814163	6.321839080459772	6.690461655968871	38.731105019357614	21.143678160919542	21.880923311937742	85.96221003871523	117.34741379310346	121.43912438125447	477.0902657148695	-24.907269095286455	-22.28890954048859	205.2986834780204	3년	21.880923311937742	121.43912438125447	-22.28890954048859	0.27856012576906325	0.2910340759995621	1.3752687844031146	5.832740213523132	3.7324758776825737	3년	0.2910340759995621	불리(<1)	3년	6.690461655968871	4.416943420852925	불리	N	주당순현금<=0	281000000.0	2.7956846997470475	-5.4227390224308785		-7.07064648591439	153.35320037841797	154.70220008850097	Y	Y	상승전환	단기위험부채 존재
BMY	BRISTOL MYERS SQUIBB CO	0000014272	S&P 500	제외	PEG=불리, PEGY=불리(<1)	67.91999816894531	3.46	2025	3.75	10209000000.0	130000000.0	10339000000.0	42850000000.0	2261000000.0	18473000000.0	71533000000.0	20.524187276403797	79.4758127235962	0.25824444661904294	-15.944580676802355	-17.053457577243748	24.238317585476207	24.558802238782967	178.4580498866213	5.459253851176027		365.4160997732426	19.418507702352052		1264.3397052154194	67.1880366501381		1761.51316151464	-1.0776818883100003		3년	19.418507702352052	67.1880366501381	-1.0776818883100003	7.517355494830293	0.37994608407533553		6.299656694458068	9.275113168861104	3년	0.3799460840753355	불리(<1)	3년	5.459253851176027	4.439859044153957	불리	N	주당순현금<=0	2039000000.0	18.080663470818735	10.799345863421262		0.0	60.993200073242186	57.35290002822876	Y	Y	강한 상승추세	단기위험부채 존재
SNA	Snap-on Inc	0000091440	S&P 500	제외	PEG=불리, PEGY=불리(<1)	394.55999755859375	19.19	2025	2.47	1624500000.0		1624500000.0	1186400000.0	193600000.0	5931800000.0	2455500000.0	70.72359400522218	29.27640599477782	2.415719812665445	8.266037735849057	4.613207547169812	20.129961429012226	20.320312142335798	-1.6401845207585868	4.491988613427633	38.10274863898202	5.219630958482826	17.483977226855266	84.70549727796404	100.16471809328544	335.5175229833526	1625.49849276413	-74.61356480305366	-14.964130915596208	311.9775199772341	3년	17.483977226855266	335.5175229833526	-14.964130915596208	0.041222904582690616	0.3458520592788467	2.0155403070224818			3년	0.3458520592788467	불리(<1)	3년	4.491988613427633	4.481302861908183	불리	N	FCF<=0	53000000.0	6.027461473536566	2.095949459869817		-5.902554230546686	402.9439996337891	374.5619491577148	N	Y	상승전환	단기위험부채 존재
COST	COSTCO WHOLESALE CORP /NEW	0000909832	S&P 500	보류	PEG=불리, PEGY=보통	960.010009765625	18.21	2025	61.0	14161000000.0	1123000000.0	15284000000.0	5713000000.0	36000000.0	29164000000.0	47935000000.0	37.82669035914863	62.17330964085137	0.6084072181078544	21.517390844935846	21.436456139009852	51.537211363025214	51.541655882845426	9.963768115942043	11.49058481522638	42.2175267261373	28.427536231884087	31.481169630452758	92.9350534522746	517.6654347826093	573.2720989705448	1692.3473233659206	-46.07707945576618	-40.284778998241656	76.28434142880312	3년	31.481169630452758	573.2720989705448	-40.284778998241656	1.3769423342694516	1.4065678545276108	2.0027767121328868	17.619035842833792	1.835297097280816	3년	1.4065678545276108	보통	3년	11.490584815226379	4.485168700441803	불리	Y		444803000.0	-4.351940596153458	-3.4933048834751013		-12.273370048576249	947.6895983886719	959.5657485961914	Y	Y	중립/개선	단기위험부채 존재
AME	AMETEK INC/	0001037868	S&P 500	제외	PEG=불리, PEGY=양호	241.77000427246094	6.4	2025	56.00000000000001	457951000.0	4563000.0	462514000.0	1074334000.0	273315000.0	10628786000.0	5438757000.0	66.1506616164027	33.84933838359729	1.9542674916345775	-2.6456051440160167	-3.8274618501334	38.18993897132452	38.37460408165536	7.925801011804396	8.504416556765815	11.164911034441637	24.35160202360879	25.50883311353163	30.829822068883274	155.85025295109628	163.25653192660243	197.31086124085297	-35.53780444349003	-32.47444718467983	-18.38902355376768	3년	25.50883311353163	163.25653192660243	-32.47444718467983	1.6738911538927577	1.6890421481217843	1.7587069485728533	7.227891671243065	2.9895733728397693	3년	1.6890421481217843	양호	3년	8.504416556765815	4.490600703341836	불리	N	주당순현금<=0	231259000.0	6.798303320832244	3.7550424167742236		-6.479183603990135	241.08180023193358	224.32444976806642	Y	Y	강한 상승추세	단기위험부채 존재
LOW	LOWES COMPANIES INC	0000060667	S&P 500	제외	PEG=불리, PEGY=불리(<1)	214.60000610351562	11.85	2025	2.3	982000000.0	370000000.0	1352000000.0	39819000000.0	0.0	-9917000000.0	64061000000.0	-18.31597222222222	118.31597222222223	-0.15480557593543653	-68.69107142857143	-68.69107142857143	23.90642004490186	23.90642004490186	-3.1071136549468585	5.228278564465261	8.863759852581033	2.285772690106283	18.95655712893052	26.227519705162067	27.086406377759452	224.63520197782665	310.79610850617047	-87.37818937214107	4.676232800044944	44.82576871701167	3년	18.95655712893052	224.63520197782665	4.676232800044944	-0.03376137679463968	0.3149061444718778	0.4669774826851062	13.6625	6.366495625079191	3년	0.3149061444718778	불리(<1)	3년	5.228278564465261	4.572522246114667	불리	N	주당순현금<=0	560000000.0	-1.0330152518931657	-18.409240716544684		-25.327953246380343	215.71399963378906	237.3130005645752	N	N	주의	
BEN	FRANKLIN RESOURCES INC	0000038777	S&P 500	보류	PEG=불리, PEGY=불리(<1)	35.029998779296875	0.91	2025	3.81	4647200000.0	58700000.0	4705900000.0	1850750000.0	0.0	12077800000.0	18179500000.0	39.916978712575144	60.083021287424856	0.6643637063725625	5.518264398917665	5.518264398917665	32.430477341076056	32.430477341076056	7.058823529411772	-28.882967962082805	-10.560604841265263	22.617647058823543	-49.26593592416561	-12.621209682530527	20.582058823529426	-44.83200169099071	-11.48530081110278	-41.24447747427941	-227.98173923285125	-132.78704313826788	1년	22.617647058823543	20.582058823529426	-41.24447747427941	0.33514226186382556	-0.7731297846277978	-0.20815619734079668	1.761886354851179	5.029650060657363	1년	0.3351422618638255	불리(<1)	1년	7.058823529411772	4.594317623319103	불리	Y		517400000.0	10.609405414930828	28.503295983771725		-2.0687773804771714	33.55400032043457	28.0675000667572	Y	Y	강한 상승추세	
UBER	Uber Technologies, Inc	0001543151	S&P 500	제외	PEG=불리, PEGY=판정불가	80.3499984741211	4.73	2025		7105000000.0	528000000.0	7633000000.0	10521000000.0	0.0	27041000000.0	33719000000.0	44.504608294930875	55.49539170506912	0.8019514220469172	-1.362464021844714	-1.362464021844714	17.27536204988706	17.27536204988706	3.728070175438615			15.95614035087723			75.4725438596493			-6.07026099203064			1년	15.95614035087723	75.4725438596493	-6.07026099203064				4.605864350855243	5.732251945640904	판정불가		판정불가	1년	3.728070175438615	4.633861820440271	불리	N	주당순현금<=0	2119689000.0	13.601010406631708	10.325410481947683		-19.730270031028997	73.3402001953125	76.95965015411377	Y	Y	상승전환	
ED	CONSOLIDATED EDISON INC	0001047862	S&P 500	제외	PEG=불리, PEGY=불리(<1)	107.08999633789062	5.64	2025	3.26	1629000000.0		1629000000.0	25551000000.0	400000000.0	24190000000.0					-66.69082798996376	-67.80596598829105	30.812202895009644	31.009922398259167	7.633587786259531	6.569042175811535	11.45025129540247	23.76717557251906	21.63808435162307	31.40050259080494	134.0468702290075	122.03879574315411	177.09883461213985	25.172168095012815	13.959099744570905	65.37383571604313	3년	21.63808435162307	122.03879574315411	13.959099744570903	0.3535478402300103	0.31899835949098754	0.47741641016471914	0.9339280735991079	0.8720964660904234	3년	0.3189983594909875	불리(<1)	3년	6.569042175811535	4.690516831885484	불리	N	주당순현금<=0	358700000.0	-0.8517783354725417	-3.522525821720157		-7.249266250607178	109.85599990844726	106.97804973602295	N	Y	중립/개선	단기위험부채 존재
KMI	KINDER MORGAN, INC.	0001506307	S&P 500	제외	PEG=불리, PEGY=불리(<1)	30.940000534057617	1.37	2025	3.81	63000000.0	0.0	63000000.0	30777000000.0	1000000000.0	31162000000.0	40299000000.0	43.60700242090091	56.39299757909909	0.7732698081838258	-13.816464237516868	-14.266306792622583	32.668952388010574	32.997304618014745	17.09401709401711	6.94673115572082		42.68803418803422	22.39346231144164		58.48260683760689	30.679043366675046		89.01941120922537	-0.8434297442733385		3년	22.39346231144164	30.679043366675046	-0.8434297442733385	0.6398741179618859	0.3292646494433814		1.3004948268106162	4.203279910674466	3년	0.3292646494433814	불리(<1)	3년	6.94673115572082	4.7027805820737445	불리	N	주당순현금<=0	2223000000.0	-3.9726897521749183	-5.584375642791617		-9.822211321322804	31.99780029296875	30.881350135803224	N	Y	중립/개선	단기위험부채 존재
CMS	CMS ENERGY CORP	0000811156	S&P 500	제외	PEG=불리, PEGY=불리(<1)	68.73999786376953	3.53	2025	3.33	509000000.0		509000000.0	17807000000.0	950000000.0	9144000000.0					-57.46843853820598	-60.62458471760797	35.75309813087125	36.64719053296813	6.006006006005998	7.393158422805435	45.03820062775774	20.512012012011994	23.28631684561087	98.57640125551548	72.40740240240234	82.20069846500637	347.9746964319696	5.335182794013105	19.582049781138423	406.21866052657384	3년	23.28631684561087	82.20069846500637	19.582049781138423	0.2611243918452136	0.2999224957667781	1.3528394224945193	-0.46179401993355484	-0.6717981295966121	3년	0.2999224957667781	불리(<1)	3년	7.393158422805435	4.835970783553729	불리	N	주당순현금<=0 | FCF<=0	301000000.0	-7.3834589959626555	-10.249378312396573		-14.010513179363492	73.36339965820312	73.7553497314453	N	N	주의	단기위험부채 존재
HLT	Hilton Worldwide Holdings Inc.	0001585689	S&P 500	보류	PEG=불리, PEGY=불리(<1)	329.30999755859375	6.12	2025	18.0	918000000.0		918000000.0		46000000.0	-5388000000.0	22120000000.0	-32.201769065264166	132.2017690652642	-0.24358047016274864	3.857142857142857	3.6638655462184873	53.17857102964884	53.210152289603805	-0.3257328990227944	10.548046712372283		7.848534201954411	29.596093424744566		48.033029315960995	181.12809175943676		-85.41403854360222	-44.99769423878216		3년	29.596093424744566	181.12809175943676	-44.99769423878216	0.33235693924763804	0.5368336561066258		8.521008403361344	2.5875340762605337	3년	0.5368336561066258	불리(<1)	3년	10.548046712372283	5.041556269112203	불리	Y		238000000.0	-2.200642562142452	5.093343272444595		-5.9705338327984965	329.31279907226565	310.93865005493166	N	Y	중립/개선	단기위험부채 존재
HUBB	HUBBELL INC	0000048898	S&P 500	제외	PEG=불리, PEGY=불리(<1)	464.19000244140625	4.19	2025	1.22	482500000.0	15400000.0	497900000.0	2036300000.0	56100000.0	3847900000.0	4370900000.0	46.818270307100796	53.181729692899204	0.8803450090370404	-28.755140186915888	-29.80373831775701	117.6480054005542	117.89826748428716	-70.84203201113432	-25.34455002230137	23.13753669964718	-133.18406402226864	-42.18910004460274	54.77507339929436	-558.0412282533057	-176.7723291868855	229.50755754304336	-220.21827814435665	-138.0818906605381	-50.55741047072344	5년	54.77507339929436	229.50755754304336	-50.55741047072344	-0.5917825106689515	-0.20505702532027567	0.2070373961438401			5년	0.2070373961438401	불리(<1)	5년	23.13753669964718	5.084724745238252	불리	N	주당순현금<=0 | FCF<=0	53500000.0	-4.142487879936763	-12.068577197618158		-16.789455452813375	494.25240295410157	485.0974513244629	N	N	주의	단기위험부채 존재
CL	COLGATE PALMOLIVE CO	0000021665	S&P 500	제외	PEG=불리, PEGY=불리(<1)	91.33000183105469	2.63	2025	2.29	1288000000.0	107000000.0	1395000000.0	6871000000.0	1115000000.0	54000000.0	15965000000.0	0.33709969411324053	99.66290030588677	0.0033823989978077045	-6.751325360621379	-8.126001726051042	37.29328030101752	37.81597093426073	-25.07122507122507	7.281634513092983	28.522420757238454	-41.64245014245014	23.063269026185964	65.5448415144769	-109.51964387464386	60.65639753886908	172.38293318307424	-219.91639294745335	-33.58546334963036	88.74732259608842	3년	23.063269026185964	60.65639753886908	-33.58546334963036	-0.6108667536709959	0.2566584230680246	0.826219107263615	4.3175933916902975	4.727464475120812	3년	0.2566584230680246	불리(<1)	3년	7.281634513092983	5.121553441601759	불리	N	주당순현금<=0	811100000.0	0.04381741168384412	-5.523943766460182		-7.877746224203852	91.87320007324219	87.25065013885498	N	Y	상승전환	단기위험부채 존재
VRTX	VERTEX PHARMACEUTICALS INC / MA	0000875320	S&P 500	보류	PEG=불리, PEGY=판정불가	552.8499755859375	15.32	2025		5084800000.0	1523300000.0	6608100000.0			18665800000.0	6977200000.0	72.79101509183793	27.20898490816207	2.675256549905406	25.61279069767442	25.61279069767442	34.41495984910333	34.41495984910333	836.5384615384615	6.118290879552779	46.11882992489094	1681.576923076923	20.736581759105558	100.73765984978188	25761.758461538462	317.68443254949716	1543.3009488986584	4559.810002566228	-42.53695458468645	179.1536614002727	3년	20.736581759105558	317.68443254949716	-42.53695458468645				12.37906976744186	2.2391372549708293	판정불가		판정불가	3년	6.118290879552779	5.624930315771277	불리	Y		258000000.0	26.446634198435447	14.449847750101675		0.0	495.0703997802734	461.280199432373	Y	Y	강한 상승추세	
PSA	Public Storage	0001393311	S&P 500	제외	PEG=불리, PEGY=불리(<1)	322.6700134277344	9.01	2025	3.69	318095000.0		318095000.0	10253881000.0	700000000.0	9248128000.0	10866770000.0	45.976509550284575	54.023490449715425	0.851046631151667	-56.484781298677674	-60.464269877545455	42.08155324377492	42.52322789181796	-15.319548872180459	-27.352783933755788	7.4520805832128945	-22.139097744360917	-46.205567867511576	23.404161166425787	-199.47327067669187	-416.3121664862793	210.87149210949633	-161.8195873107887	-229.02102741552625	-34.64794268627524	5년	23.404161166425787	210.87149210949633	-34.64794268627524	-0.27635740546009446	-0.5623077598081815	0.26477351058473897			5년	0.2647735105847389	불리(<1)	5년	7.4520805832128945	5.646953595559732	불리	N	주당순현금<=0 | FCF<=0	175902000.0	5.17618059275462	7.790214414144581		-2.360271057632113	322.25660095214846	296.42945022583007	Y	Y	강한 상승추세	단기위험부채 존재
CHRW	C. H. ROBINSON WORLDWIDE, INC.	0001043277	S&P 500	제외	PEG=불리, PEGY=불리(<1)	143.66000366210938	4.83	2025	1.76	160871000.0		160871000.0	1089438000.0	0.0	1845647000.0	3212734000.0	36.48691152366735	63.51308847633265	0.574478621635031	-7.642400948132541	-7.642400948132541	31.32554960874574	31.32554960874574	25.129533678756484	-13.256194627034546	5.361231500071417	58.75906735751297	-18.01238925406909	19.222463000142834	283.8062953367876	-86.99984009715371	92.84449629068989	97.55414736331525	-160.55954189015526	-35.372063257730645	5년	19.222463000142834	92.84449629068989	-35.372063257730645	0.8583898451776639	-0.36699099522981515	0.22732981827981238	7.365236786225741	5.126852706720581	5년	0.2273298182798123	불리(<1)	5년	5.361231500071417	5.842976489324971	불리	N	주당순현금<=0	121502000.0	-18.601620946930208	-18.333238206251355		-31.40100997125661	173.85320037841797	172.8237505340576	N	N	주의	
PNW	PINNACLE WEST CAPITAL CORP	0000764622	S&P 500	제외	PEG=불리, PEGY=불리(<1)	97.66999816894531	5.05	2025	3.73	6604000.0		6604000.0	9205676000.0	757005000.0	7046458000.0					-75.42015725049397	-81.62659156684786	34.275278300879066	35.504275195206574	-3.62595419847329	5.834499340033372	0.7285270633833552	1.2480916030534202	20.168998680066743	9.95705412676671	6.3028625954197715	101.85344333433704	50.28312334017188	-93.54677719506316	4.283244848797274	-48.51732949437111	3년	20.168998680066743	101.85344333433704	4.283244848797274	0.00303559319382803	0.27904950197845857	0.13007996679837336			3년	0.2790495019784585	불리(<1)	3년	5.834499340033372	5.874587741522141	불리	N	주당순현금<=0 | FCF<=0	121971000.0	-4.990276975215302	-2.124464101745649		-10.697635808555706	103.88240036010743	98.13725017547607	N	N	주의	단기위험부채 존재
PG	PROCTER & GAMBLE Co	0000080424	S&P 500	제외	PEG=불리, PEGY=불리(<1)	145.39999389648438	6.62	2026	2.97	4239000000.0		4239000000.0	22842000000.0	4837000000.0	54311000000.0	72210000000.0	42.92647070446803	57.07352929553197	0.7521257443567373	-7.679256965944273	-9.675954592363261	23.123753906711276	23.42536986236369	1.6897081413210495	3.912707147347039	3.77650968724621	11.879416282642099	16.325414294694077	16.053019374492422	78.6417357910907	108.07424263087479	106.27098825913984	-45.91352194479551	-25.671081727956025	-26.911284236505484	3년	16.325414294694077	108.07424263087479	-25.671081727956025	0.20151175108158578	0.29764661806703674	0.29175668079083605	6.252631578947368	4.300297002349841	3년	0.2976466180670367	불리(<1)	3년	3.9127071473470387	5.909911740363713	불리	N	주당순현금<=0	2422500000.0	-1.4170530333165954	-11.01046915990369		-13.038279575152234	147.49460052490235	147.6324006652832	N	N	주의	단기위험부채 존재
NI	NISOURCE INC.	0001111711	S&P 500	제외	PEG=불리, PEGY=불리(<1)	40.650001525878906	1.95	2025	2.94	110100000.0		110100000.0	6427700000.0	736000000.0	9450100000.0					-13.31422550052687	-14.865331928345627	27.67396257764399	28.469401771397198	20.37037037037036	4.679561967174672	61.04691919843306	49.24074074074072	17.859123934349345	130.59383839686612	96.0194444444444	34.82529167198122	254.65798487388892	136.21018656866664	-14.328928992018652	526.464883923231	3년	17.859123934349345	34.82529167198122	-14.328928992018653	0.8423213807913907	0.2753332467584539	2.31217047500541	-0.8851422550052687	-2.177471640294436	3년	0.2753332467584539	불리(<1)	3년	4.679561967174672	5.913793378903025	불리	N	주당순현금<=0 | FCF<=0	474500000.0	-14.366967599423209	-12.637002810398146		-17.176039100800967	45.20780006408691	45.13849994659424	N	N	주의	단기위험부채 존재
AAPL	Apple Inc.	0000320193	S&P 500	제외	PEG=불리, PEGY=보통	309.8999938964844	7.46	2025	35.0	35934000000.0	18763000000.0	54697000000.0	78328000000.0	7979000000.0	73733000000.0	285508000000.0	20.524661717342955	79.47533828265705	0.2582519579136136	-1.5749068441701954	-2.106673663586809	41.752667659605166	41.82395007507657	22.69736842105263	6.880679389561806	59.17805489937251	53.89473684210526	22.26135877912361	126.85610979874502	402.0547368421052	166.06973649226214	946.3465790986379	29.73692957748273	-46.41182969892724	205.37160301292076	3년	22.26135877912361	166.06973649226214	-46.41182969892724	1.3818845993611477	1.0030659533182473	2.2556176689636485	6.582405496092323	2.1240418282457396	3년	1.003065953318247	보통	3년	6.880679389561806	6.068102478796672	불리	N	주당순현금<=0	15004697000.0	-0.3056175610030021	13.00732286078441		-8.87438069495693	310.8775994873047	281.9018493652344	N	Y	중립/개선	단기위험부채 존재
REG	REGENCY CENTERS CORP	0000910606	S&P 500	제외	PEG=불리, PEGY=불리(<1)	76.72000122070312	0.46	2018	3.94	120661000.0		120661000.0	4739301000.0		6906890000.0	5819677000.0	54.27143077940815	45.72856922059185	1.1868167253955846	-27.255045438451553	-27.255045438451553	226.03271012859713	226.03271012859713	-7.9999999999999964	36.71886432341158	-1.6538041668570203	-7.499999999999993	81.93772864682316	5.1923916662859595	-3.449999999999997	37.691355177538654	2.3885001664915415	-104.49687166984691	-50.87153991419968	-96.88673080228394	3년	81.93772864682316	37.691355177538654	-50.87153991419968	-0.01796200203806845	0.17988044429622363	0.010114446850822125			3년	0.1798804442962236	불리(<1)	3년	36.71886432341158	6.155765280150043	불리	N	주당순현금<=0 | FCF<=0	169460000.0	-2.8245672118277554	-1.5526742971054386		-7.208513621763446	79.20660034179687	75.69440013885497	N	Y	중립/개선	
PAYX	PAYCHEX INC	0000723531	S&P 500	제외	PEG=불리, PEGY=불리(<1)	124.98999786376953	4.89	2026	3.78	1088200000.0	36300000.0	1124500000.0	4556100000.0	0.0	3735100000.0	12439400000.0	23.09252217997465	76.90747782002535	0.3002636783124588	-9.532222222222222	-9.532222222222222	27.50965645930302	27.50965645930302	6.768558951965057	4.379080767859933	10.04574277704604	22.037117903930113	17.258161535719864	28.59148555409208	107.76150655021824	84.39240990967014	139.81236435951027	-13.783895998085505	-32.48066937191884	11.858842106626888	3년	17.258161535719864	84.39240990967014	-32.480669371918836	0.3834493159727489	0.29658970041775107	0.5025778056334306	6.4494444444444445	5.159968441213907	3년	0.296589700417751	불리(<1)	3년	4.379080767859933	6.282061902399451	불리	N	주당순현금<=0	360000000.0	32.362593942423956	37.00536365733909		-10.375740824239355	112.00900024414062	103.48394996643066	Y	Y	강한 상승추세	
AMGN	AMGEN INC	0000318154	S&P 500	제외	PEG=불리, PEGY=불리(<1)	442.239990234375	14.23	2025	2.27	9129000000.0	0.0	9129000000.0	50005000000.0	0.0	8658000000.0					-75.41697416974169	-75.41697416974169	36.37786116683884	36.37786116683884	88.22751322751324	5.524568667280372	38.82227702083121	184.95502645502648	19.549137334560744	86.14455404166242	2631.910026455027	278.1842242707994	1225.8370040128561	495.1316218734962	-37.0965470301839	177.18818539300264	3년	19.549137334560744	278.1842242707994	-37.0965470301839	2.4877084667640808	0.21426682100776467	1.1295957404524353	14.944649446494465	3.3793075652371947	3년	0.2142668210077646	불리(<1)	3년	5.524568667280372	6.584742331521583	불리	N	주당순현금<=0	542000000.0	31.595546464070967	15.067781772271506		-0.3604916448984419	382.494599609375	354.18005081176756	Y	Y	강한 상승추세	
REGN	REGENERON PHARMACEUTICALS, INC.	0000872589	S&P 500	제외	PEG=불리, PEGY=안심	833.5599975585938	41.48	2025	45.0	3118100000.0	5487100000.0	8605200000.0	1985900000.0		31256900000.0	9301800000.0	77.06583297788144	22.934167022118558	3.360306607323314	60.951197053407	60.951197053407	18.626055942747996	18.626055942747996	8.189880020865917	2.765976893685007	32.28413389720095	24.879760041731835	14.031953787370014	73.0682677944019	1032.0124465310364	582.0454431001082	3030.8717481117906	23.807818219886776	-30.173539420694883	263.6057100855227	3년	14.031953787370014	582.0454431001082	-30.173539420694883	2.8556705823475874	2.564470816607987	4.149248457899715			3년	2.564470816607987	안심	3년	2.765976893685007	6.733988264787419	불리	N	FCF<=0	108600000.0	32.7874614531684	6.2834659076936195		-0.8658043223870426	705.0393981933594	726.3997988891601	Y	Y	상승전환	
GWW	W.W. GRAINGER, INC.	0000277135	S&P 500	제외	PEG=불리, PEGY=안심	1301.6800537109375	35.4	2025	75.0	585000000.0		585000000.0	2362000000.0	0.0	3736000000.0					-37.020833333333336	-37.020833333333336	37.816409238538725	37.816409238538725	-8.550762076982696	5.601826190477133	62.54354736477112	-8.601524153965393	19.703652380954267	133.58709472954223	-304.4939550503749	697.509294285781	4728.983153425795	-123.39238080681181	-46.414689823565816	263.29842651763903	3년	19.703652380954267	697.509294285781	-46.414689823565816	1.757153554793321	2.13139818966037	3.637139277216209	27.729166666666668	2.1302597813966697	3년	2.13139818966037	안심	3년	5.601826190477133	6.750728771775358	불리	N	주당순현금<=0	48000000.0	4.466186456635035	16.514795389261216		-7.157476907699579	1343.1515966796876	1162.6861993408204	N	Y	상승전환	
WRB	BERKLEY W R CORP	0000011544	S&P 500	보류	PEG=불리, PEGY=안심	68.4800033569336	4.45	2025	56.99999999999999	2539938000.0		2539938000.0			9700818000.0	34359177000.0	22.01729255756838	77.98270744243162	0.2823355751507086	6.35205233818752	6.35205233818752	13.961337307583387	13.961337307583387	2.0642201834862353		-2.067551596878059	12.62844036697247		4.364896806243882	56.19655963302749		19.423790787785276	-17.937270913790638		-71.635820917613	1년	12.62844036697247	56.19655963302749	-17.937270913790638	4.230556062233687		3.9346122218022943	8.808458439307659	12.862818352090228	5년	3.9346122218022943	안심	1년	2.0642201834862353	6.76349229567374	불리	Y		399861000.0	4.885897375822523	-4.330816421935568		-12.719851955127181	71.07199996948242	69.56589996337891	N	N	중립/개선	
HD	HOME DEPOT, INC.	0000354950	S&P 500	제외	PEG=불리, PEGY=불리(<1)	337.8800048828125	14.23	2025	2.76	1389000000.0		1389000000.0	8707000000.0	4464000000.0	12813000000.0	92282000000.0	12.191826442742281	87.80817355725772	0.13884614551050042	-7.354773869346734	-11.841206030150754	24.261052617860802	24.57633246050339	-4.560697518443995	-5.176454930934304	3.5714638909686514	-0.6213950368879892	-1.8529098618686088	15.642927781937303	-8.842451374916088	-26.366907334390305	222.5988623369678	-102.61703896268824	-107.80363056509816	-34.11895965427958	5년	15.642927781937303	222.5988623369678	-34.11895965427958	-0.07422173913090378	-0.09960222950735984	0.2609723490030056			5년	0.2609723490030056	불리(<1)	5년	3.5714638909686514	6.7930275535505205	불리	N	주당순현금<=0 | FCF<=0	995000000.0	6.301714140214187	-10.035413293498053		-20.20216471404961	340.49519714355466	345.63229888916015	N	N	중립/개선	단기위험부채 존재
SNPS	SYNOPSYS INC	0000883241	S&P 500	제외	PEG=불리, PEGY=판정불가	408.7900085449219	8.04	2025		2888030000.0	72929000.0	2960959000.0	13462398000.0	22117000.0	28327602000.0	19897446000.0	58.74043297997339	41.25956702002661	1.4236803055025253	-63.39304945187618	-63.52656106630608	58.7292360692535	58.74584199144627	-44.589937973811175	8.526334391298395	13.492100704033394	-80.67987594762235	25.55266878259679	35.48420140806679	-648.6662026188836	205.44345701207817	285.29297932085694	-258.67956384936986	-49.74352290474291	-30.21038348360069	3년	25.55266878259679	205.44345701207817	-49.74352290474291				8.144311102525716	1.9922970063566852	판정불가		판정불가	3년	8.526334391298395	6.887981795458316	불리	N	주당순현금<=0	165656000.0	-22.271443978435755	-8.989915549941118		-33.22279432885604	417.9507995605469	445.99535140991213	N	N	주의	단기위험부채 존재
VRSN	VERISIGN INC/CA	0001014473	S&P 500	보류	PEG=불리, PEGY=불리(<1)	293.75	6.24	2022	1.11	307900000.0	272600000.0	580500000.0	0.0		-2154200000.0	3480100000.0	-162.47077456821782	262.4707745682178	-0.6190052009999713	6.188699360341151	6.188699360341151	46.083541769176094	46.083541769176094	-10.857142857142854	6.608652379326085	11.139222486886503	-13.214285714285708	21.71730475865217	30.778444973773006	-82.45714285714283	135.51598169398954	192.05749663634356	-128.0705167173252	-53.86689984885462	-34.61872454932985	3년	21.71730475865217	135.51598169398954	-53.86689984885462	-0.2115102807411046	0.16749260328095836	0.2658047106761148	11.389125799573561	3.8771492083654677	3년	0.1674926032809583	불리(<1)	3년	6.608652379326085	6.973213164205717	불리	Y		93800000.0	-0.6426497330318304	36.946386946386944		-5.241935483870963	273.86919860839845	260.00094993591307	Y	Y	강한 상승추세	
EXR	Extra Space Storage Inc.	0001289490	S&P 500	제외	PEG=불리, PEGY=불리(<1)	144.8699951171875	4.59	2025	4.43	138920000.0		138920000.0		500000000.0	13433166000.0	14940010000.0	47.34459758752422	52.65540241247578	0.8991403620211766	0.6557453781291385	-1.7044093084859584	31.41922652267067	31.933421443501846	13.89578163771711	-10.535332538619723	4.348871143162825	36.29156327543422	-12.570665077239447	17.19774228632565	166.57827543424307	-57.69935270452906	78.93763709423473	14.984662834768114	-139.82836656952685	-45.51139659362803	5년	17.19774228632565	78.93763709423473	-45.51139659362803	0.5832664793480536	-0.19431835898997693	0.27941079761554266			5년	0.2794107976155426	불리(<1)	5년	4.348871143162825	7.224685553644677	불리	N	FCF<=0	211850521.0	0.3046475550227079	-1.3617485303272447		-5.220811689679472	147.2107992553711	140.9772492980957	N	Y	상승전환	단기위험부채 존재
LNT	ALLIANT ENERGY CORP	0000352541	S&P 500	제외	PEG=불리, PEGY=불리(<1)	68.33999633789062	3.14	2025	3.13	556000000.0		556000000.0	10954000000.0	88000000.0	7334000000.0					-40.33359193173003	-40.67494181536075	34.609423015802754	34.71813316982527	16.72862453531599	4.774516892465397	4.91716309026109	41.95724907063198	18.049033784930792	18.33432618052218	131.74576208178442	56.67396608468269	57.56978420683964	92.77987875562546	-17.07057488784176	-15.759749353512209	3년	18.049033784930792	56.67396608468269	-17.07057488784176	0.5737924185054599	0.22839204481554556	0.2325136448124759	-1.221877424359969	-1.787938966690444	3년	0.2283920448155455	불리(<1)	3년	4.774516892465397	7.248780095514886	불리	N	주당순현금<=0 | FCF<=0	257800000.0	-7.335598185911019	-4.097678516424342		-12.41830397667163	73.06639968872071	70.41124984741211	N	N	주의	단기위험부채 존재
AVGO	Broadcom Inc.	0001730168	S&P 500	제외	PEG=불리, PEGY=불리(<1)	356.739990234375	4.77	2025	72.0	16178000000.0		16178000000.0	39440000000.0	3152000000.0	24941000000.0	89800000000.0	21.736781098299648	78.26321890170036	0.27773942093541204	-4.793323717288275	-5.442818874922728	75.79314757896505	75.92931008580666	287.8048780487805	-43.55912867705002	10.237702081843047	584.109756097561	-78.61825735410004	28.975404163686093	2786.203536585366	-375.00908757905717	138.21267786078266	681.0179999037548	-205.1211240244413	-61.256746749928936	5년	28.975404163686093	138.21267786078266	-61.256746749928936	4.747195353958852	0.37524330670287676	1.0850281946156644	5.545847929116011	1.5545910413554809	3년	0.3752433067028767	불리(<1)	5년	10.237702081843047	7.403335921777512	불리	N	주당순현금<=0	4853000000.0	-15.436400080211188	7.351567167783957		-25.92146836208624	387.46	369.22085037231443	N	N	판정불가	단기위험부채 존재
COR	Cencora, Inc.	0001140859	S&P 500	제외	PEG=불리, PEGY=양호	328.05999755859375	7.96	2025	74.0	4356138000.0		4356138000.0	7542988000.0	13976000.0	1508019000.0					-16.324904976077537	-16.39649820197322	43.26443499179288	43.273429115649115	5.7104913678618825	-0.3327811631230859		19.920982735723765	7.834437673753828		158.57102257636117	62.36212388308047		-51.66401763200669	-80.9906345341778		1년	19.920982735723765	158.57102257636117	-51.66401763200669	1.842402226747736	1.7027200020259443		16.428837071111705	5.007875752415502	3년	1.7027200020259443	양호	1년	5.7104913678618825	7.576306871818618	불리	N	주당순현금<=0	195214000.0	22.864306790055156	-9.632813083847392		-12.458973299908271	304.21380004882815	323.30615028381345	Y	Y	상승전환	단기위험부채 존재
TDY	TELEDYNE TECHNOLOGIES INC	0001094285	S&P 500	제외	PEG=불리, PEGY=판정불가	626.9000244140625	18.88	2025		352400000.0		352400000.0	2025300000.0	450100000.0	10513900000.0	4771400000.0	68.78438761424374	31.21561238575625	2.203525170809406	-35.29324894514768	-44.78902953586498	35.07379625843274	35.57675073887328	9.703660662405566	4.530504261422341	40.24408367454113	27.907321324811132	17.56100852284468	88.98816734908226	526.8902266124342	331.5518409113076	1680.096599550673	-15.95306969322634	-47.11248556399477	168.00072326061715	3년	17.56100852284468	331.5518409113076	-47.112485563994774				22.658227848101266	3.614328755095994	판정불가		판정불가	3년	4.530504261422341	7.741698105680935	불리	N	주당순현금<=0	47400000.0	2.3476791654609475	-7.452239526539184		-9.315776727337777	647.1823999023437	609.5985980224609	N	Y	상승전환	단기위험부채 존재
ES	EVERSOURCE ENERGY	0000072741	S&P 500	제외	PEG=불리, PEGY=불리(<1)	71.02999877929688	4.56	2025	4.42	135400000.0	91975000.0	227375000.0	26872433000.0	1150000000.0	16197271000.0					-71.76940909951273	-74.86697490193806	31.31565962254597	31.994950368691878	100.88105726872246	4.032716713858986	5.134994887862021	210.26211453744492	16.56543342771797	18.769989775724042	958.7952422907488	75.53837643039394	85.59115337730162	1249.8455001666266	6.347145894096684	20.500006825635598	3년	16.56543342771797	75.53837643039394	6.347145894096684	3.36256871284008	0.2699198042047112	0.30511874899109015	-0.12147036955823949	-0.1710127715694745	3년	0.2699198042047112	불리(<1)	3년	4.032716713858986	7.765400310645525	불리	N	주당순현금<=0 | FCF<=0	371259264.0	2.025274313543557	-5.192204330913697		-6.797008748726219	72.68660034179688	70.26545026779175	N	Y	상승전환	단기위험부채 존재
VST	Vistra Corp.	0001692819	S&P 500	제외	PEG=불리, PEGY=불리(<1)	139.02999877929688	2.18	2025	68.0	785000000.0		785000000.0	17043000000.0	1800000000.0	5097000000.0	36440000000.0	12.270987312516551	87.72901268748345	0.13987376509330407	-47.03519351216827	-52.24268202993816	85.35100563828675	87.73976183909863	-68.85714285714286		10.892615869362698	-129.21428571428572		30.285231738725397	-281.6871428571429		66.02180519042138	-302.60889400157953		-52.51254709767519	5년	30.285231738725397	66.02180519042138	-52.51254709767519	-0.010042563069208456		0.9243314156567249	3.8130388146781753	2.7426014875618194	5년	0.9243314156567248	불리(<1)	5년	10.892615869362698	7.835675714807011	불리	N	주당순현금<=0	345656067.0	-13.187634044393882	-20.71738235892211		-36.201358320720956	152.9550003051758	159.32954971313475	N	N	주의	단기위험부채 존재
MPWR	MONOLITHIC POWER SYSTEMS, INC.	0001280452	S&P 500	보류	PEG=불리, PEGY=불리(<1)	1304.1500244140625	12.86	2025	62.0	1099302000.0	157243000.0	1256545000.0			3531497000.0	662702000.0	84.19955753172418	15.800442468275827	5.328936686474464	26.010577739137634	26.010577739137634	99.38875946150272	99.38875946150272	-64.85378518720962	12.425319328361194	29.728257539054503	-121.20757037441925	33.35063865672239	67.956515078109	-1558.7293550150314	428.8892131254499	873.9207839044818	-219.52070895488794	-67.11350649108455	-32.989244523679474	3년	33.35063865672239	428.8892131254499	-67.11350649108455	-0.02871335956572645	0.7488303479347594	0.9229238601633274	13.790163323604297	1.0574062082926414	3년	0.7488303479347594	불리(<1)	3년	12.425319328361194	7.998889753653627	불리	Y		48309000.0	-19.50536122502935	5.860633638039281		-22.826337033219513	1368.0556079101561	1238.1771008300782	N	Y	중립/개선	
KEYS	Keysight Technologies, Inc.	0001601046	S&P 500	제외	PEG=불리, PEGY=판정불가	320.1199951171875	4.91	2025		1873000000.0		1873000000.0	2534000000.0	0.0	5881000000.0	5420000000.0	52.03964250951243	47.96035749048757	1.0850553505535054	-3.820809248554913	-3.820809248554913	65.97572390340986	65.97572390340986	39.886039886039896	-7.381515092017421	8.205839717989182	88.27207977207979	-6.263030184034843	24.911679435978364	433.4159116809118	-30.75147820361108	122.31634603065378	35.39170257773172	-109.6062347471778	-61.79046985619346	5년	24.911679435978364	122.31634603065378	-61.79046985619346				7.404624277456647	2.313077717855771	판정불가		판정불가	5년	8.205839717989182	8.040094148899245	불리	N	주당순현금<=0	173000000.0	-7.918883722890024	5.936859777693715		-14.255103054250974	331.67460083007813	282.8525991821289	N	Y	중립/개선	
CI	Cigna Group	0001739940	S&P 500	보류	PEG=불리, PEGY=불리(<1)	279.32000732421875	22.18	2025	2.22	7676000000.0	1056000000.0	8732000000.0		0.0	41713000000.0	116045000000.0	26.441131353085108	73.5588686469149	0.3594553836873627	32.513786336911636	32.513786336911636	11.127422046316822	11.127422046316822	83.00330033003301	1.3586099967532128	-0.6888681408957265	174.50660066006603	11.217219993506426	7.122263718208547	3870.5564026402644	248.7979394559725	157.97180926986556	1285.7068241257573	-10.927275908602551	-43.444148243021885	3년	11.217219993506426	248.7979394559725	-10.927275908602551	7.6588539533504925	0.321602791900729	0.13759987288440081	31.839829015910606	11.39905061614607	3년	0.321602791900729	불리(<1)	3년	1.3586099967532128	8.19029896210758	불리	Y		268563000.0	-2.250216159503504	-1.8000263933488747		-10.186492821794612	284.0215985107422	278.983649597168	N	Y	중립/개선	
CDNS	CADENCE DESIGN SYSTEMS INC	0000813672	S&P 500	보류	PEG=불리, PEGY=판정불가	331.8999938964844	4.06	2025		3001317000.0	154213000.0	3155530000.0			5474181000.0					11.545523065214846	11.545523065214846	78.90504207666737	78.90504207666737	5.454545454545442	9.527334351951566	13.985265633616972	19.409090909090885	27.554668703903133	36.470531267233945	78.80090909090899	111.87195493784671	148.0703569449698	-76.25763466705997	-66.29347484328721	-55.387056442323654	3년	27.554668703903133	111.87195493784671	-66.29347484328721				5.8062214611872145	1.749388842410797	판정불가		판정불가	3년	9.527334351951566	8.281964205497268	불리	Y		273312000.0	-11.268545721705458	9.95891794437458		-20.291077542598845	351.4302008056641	327.0098501586914	N	Y	중립/개선	
PEP	PEPSICO INC	0000077476	S&P 500	제외	PEG=불리, PEGY=불리(<1)	142.27000427246094	6.0	2025	4.09	9159000000.0	371000000.0	9530000000.0	42321000000.0	4898000000.0	20406000000.0	86852000000.0	19.025154300844694	80.97484569915531	0.23495141159673927	-23.882738528769117	-27.450109249817917	27.69212380020501	28.286685587046478	-13.66906474820144	-2.230046768668525	3.222947933334197	-18.83812949640288	4.039906462662949	14.945895866668394	-113.02877697841727	24.239438775977696	89.67537520001036	-179.44666731151293	-82.96236870172802	-36.96817845856442	5년	14.945895866668394	89.67537520001036	-36.96817845856442	-0.3459129685145537	0.06716542381331203	0.2640804290092065			3년	0.067165423813312	불리(<1)	5년	3.222947933334197	8.592172251308142	불리	N	주당순현금<=0 | FCF<=0	1373000000.0	-3.7024509390289784	-15.901161073265547		-16.552290639602695	140.03139953613282	148.95269981384277	Y	N	주의	단기위험부채 존재
NTAP	NetApp, Inc.	0001002047	S&P 500	보류	PEG=불리, PEGY=불리(<1)	187.42999267578125	6.35	2026	1.11	2070000000.0	1514000000.0	3584000000.0	2487000000.0	0.0	1351000000.0	9393000000.0	12.57446016381236	87.42553983618764	0.14383051208346642	5.45771144278607	5.45771144278607	28.657052162676408	28.657052162676408	11.992945326278655	3.1252593706817544	14.4759458626317	32.48589065255731	14.750518741363509	37.4518917252634	206.2854056437389	93.66579400765828	237.8195124554226	10.0599763670556	-50.02625104420586	26.88444846007425	3년	14.750518741363509	93.66579400765828	-50.026251044205864	0.45723283929895014	0.14779117358755595	0.5438781970369998	9.298507462686567	4.961056301576686	3년	0.1477911735875559	불리(<1)	3년	3.1252593706817544	9.169495636589376	불리	Y		201000000.0	31.30866292754726	83.9713366006134		-9.489090680665925	174.14220001220704	127.59489978790283	Y	Y	강한 상승추세	
ULTA	Ulta Beauty, Inc.	0001403568	S&P 500	보류	PEG=불리, PEGY=불리(<1)	537.219970703125	25.64	2025	0.1861434895451073	424243000.0	70000000.0	494243000.0		62287000.0	2803451000.0	4195843000.0	40.053339665400536	59.946660334599464	0.6681496423960572	10.985374852748327	9.600942410704363	20.523970196972567	20.577965222013283	1.1838989739542254	2.213584866040041	53.28338358172324	10.86779794790845	12.927169732080083	115.06676716344649	278.65033938437267	331.45263193053336	2950.311910070768	-48.13105346406442	-38.30225047354047	449.1813541870636	3년	12.927169732080083	331.45263193053336	-38.30225047354047	0.06675328654011707	0.11692320406600111	2.6052233831033087	23.73699184281301	4.41848649292496	3년	0.1169232040660011	불리(<1)	3년	2.2135848660400415	9.27182441109141	불리	Y		44991000.0	5.88744737168978	-21.490061617613996		-23.994798514991402	493.16039489746095	555.3900994873047	Y	N	중립/개선	단기위험부채 존재
EVRG	Evergy, Inc.	0001711269	S&P 500	제외	PEG=불리, PEGY=불리(<1)	81.41000366210938	3.66	2025	3.42	19800000.0		19800000.0	13039200000.0	1394000000.0	10221300000.0					-55.73373287671233	-61.701198630136986	37.470966267437625	39.10142139132414	-3.43007915567282	3.827192527443257	6.116382445678448	1.6398416886543599	16.154385054886514	20.732764891356894	6.001820580474957	59.12504930088465	75.88191950236623	-92.62766206793775	-27.373729712282035	-6.7904236716256	3년	16.154385054886514	59.12504930088465	-27.373729712282035	-0.00026898574221126913	0.1934082103919772	0.25450057459461867	-3.2178938356164384	-3.9527007626387585	3년	0.1934082103919772	불리(<1)	3년	3.827192527443257	9.790718914386566	불리	N	주당순현금<=0 | FCF<=0	233600000.0	-3.2790716013752275	-1.678743162339691		-7.6250922509225045	84.61179962158204	80.4489499282837	N	Y	중립/개선	단기위험부채 존재
CIEN	CIENA CORP	0000936395	S&P 500	제외	PEG=불리, PEGY=판정불가	387.6600036621094	0.85	2025		1091952000.0	216148000.0	1308100000.0	1524158000.0	11580000.0	2729323000.0	3135344000.0	46.53841386049711	53.46158613950289	0.8705019289749386	-1.487511015642212	-1.5672367261511346	457.8206055032372	457.91440045677706	46.55172413793104	-5.273176281409042	-18.193805923142392	101.60344827586208	-2.0463525628180843	-27.887611846284784	86.36293103448277	-1.7393996783953716	-23.704470069342065	-77.7219908634789	-100.44869206571836	-106.11475773755687	1년	101.60344827586208	86.36293103448277	-77.7219908634789				4.580386649041639	1.1815473883743697	판정불가		판정불가	1년	46.55172413793104	9.834664858958428	불리	N	주당순현금<=0	145248000.0	-33.40090841801321	9.716134603486971		-38.172248219759275	418.91880004882813	370.5948499298096	N	Y	중립/개선	단기위험부채 존재
HII	HUNTINGTON INGALLS INDUSTRIES, INC.	0001501585	S&P 500	제외	PEG=불리, PEGY=불리(<1)	291.1499938964844	15.39	2025	1.87	627000000.0		627000000.0	2214000000.0	231000000.0	5073000000.0	7676000000.0	39.79135618479881	60.20864381520119	0.6608910891089109	-40.38167938931298	-46.25954198473283	21.54201905690691	21.923946451021262	10.243553008595986	2.146574918873223	20.13587083183459	28.987106017191973	12.793149837746446	48.77174166366918	446.1115616045845	196.88657600291782	750.5971042038688	53.22396392122035	-32.376239007266136	157.80426582139532	3년	12.793149837746446	196.88657600291782	-32.376239007266136	0.5623220820943466	0.18645303897757945	1.0215324187441455	20.203562340966922	6.939228151984818	3년	0.1864530389775794	불리(<1)	3년	2.146574918873223	10.035530960277274	불리	N	주당순현금<=0	39300000.0	-8.316539824017477	-33.15808740717231		-35.831885295932665	296.5880010986328	348.8027519226074	N	N	주의	단기위험부채 존재
DGX	QUEST DIAGNOSTICS INC	0001022079	S&P 500	제외	PEG=불리, PEGY=불리(<1)	244.50999450683594	8.75	2025	1.41	420000000.0		420000000.0	5167000000.0	504000000.0	7170000000.0					-42.008849557522126	-46.469026548672566	32.74501075021235	33.25474526348668	13.784135240572166	3.161245578286187	15.756447866281853	36.06827048114433	14.822491156572374	40.012895732563706	315.5973667100129	129.69679762000828	350.11283765993244	29.073401415167723	-46.95644328093825	43.189581418171464	3년	14.822491156572374	129.69679762000828	-46.95644328093825	0.46401375026189695	0.13960128500664923	0.5242462125675292	12.026548672566372	4.918632752343437	3년	0.1396012850066492	불리(<1)	3년	3.161245578286187	10.3582622543246	불리	N	주당순현금<=0	113000000.0	26.04257311361957	17.66602065252838		0.0	220.9347998046875	198.8364005279541	Y	Y	강한 상승추세	단기위험부채 존재
MAS	MASCO CORP /DE/	0000062996	S&P 500	제외	PEG=불리, PEGY=불리(<1)	72.91999816894531	3.86	2025	1.75	647000000.0	0.0	647000000.0	2945000000.0	206000000.0	-185000000.0	5125000000.0	-3.7449392712550607	103.74493927125505	-0.03609756097560975	-10.942857142857143	-11.923809523809524	21.72612831911981	21.98026106029918	2.659574468085109	2.0689294926649726	39.146125181238034	13.819148936170219	12.637858985329945	86.79225036247607	53.341914893617044	48.78213568337359	335.0180863991576	-26.848716081929435	-33.10184187011046	359.4323845469224	3년	12.637858985329945	48.78213568337359	-33.10184187011046	0.2029618164504956	0.1757758877500586	1.8823475853839964	4.3	5.896873433865849	3년	0.1757758877500586	불리(<1)	3년	2.0689294926649726	10.501144865567433	불리	N	주당순현금<=0	210000000.0	4.43998637592502	1.47508704368291		-11.900445661001758	76.56180023193359	69.17095022201538	N	Y	상승전환	단기위험부채 존재
XEL	XCEL ENERGY INC	0000072903	S&P 500	제외	PEG=불리, PEGY=불리(<1)	77.19000244140625	3.42	2025	3.06	129000000.0		129000000.0	9263144000.0	1550000000.0	23609000000.0					-15.50788455008489	-18.13946349745331	27.10464531914946	27.874112847619752	-0.5813953488372098	2.5625825491252474	44.65267498881473	7.33720930232558	13.625165098250495	97.80534997762946	25.093255813953483	46.598064636016694	334.49429692349275	-67.49157271629653	-39.63199486696665	333.33888631160784	3년	13.625165098250495	46.598064636016694	-39.63199486696665	0.09144575116102528	0.20743981273028825	1.7603135708662339	6.932088285229202	8.980551970433275	3년	0.2074398127302882	불리(<1)	3년	2.5625825491252474	10.577081830359685	불리	N	주당순현금<=0	589000000.0	-4.703700689621915	-7.612208711005852		-8.008581727350862	79.25280044555664	78.80550025939941	N	N	주의	단기위험부채 존재
AMAT	APPLIED MATERIALS INC /DE	0000006951	S&P 500	보류	PEG=불리, PEGY=불리(<1)	480.0400085449219	8.66	2025	44.0	7241000000.0	1332000000.0	8573000000.0	6455000000.0	100000000.0	20415000000.0	15884000000.0	56.24121876635721	43.7587812336428	1.2852556031226392	2.621287128712871	2.4975247524752477	55.12918261157148	55.143473879035405	0.5807200929152232	5.191743203490939	47.74832161975129	9.661440185830447	18.88348640698188	103.99664323950257	83.66807200929168	163.53099228446308	900.6109304540923	-82.57060442463889	-65.93388272361886	87.61163953479382	3년	18.88348640698188	163.53099228446308	-65.93388272361886	0.8086591888550482	0.8922995203844308	1.6642423717070232	7.051980198019802	1.4690400950944658	3년	0.8922995203844308	불리(<1)	3년	5.191743203490939	10.618626625157903	불리	Y		808000000.0	7.0920264461621585	21.544497710582867		-33.60442482089601	557.59759765625	397.97754943847656	N	Y	상승전환	단기위험부채 존재
FITB	FIFTH THIRD BANCORP	0000035527	S&P 500	제외	PEG=불리, PEGY=불리(<1)	54.88999938964844	3.53	2025	2.91	3499000000.0		3499000000.0	13589000000.0	926000000.0	21724000000.0	192652000000.0	10.133597044445274	89.86640295555472	0.11276290928721218	-15.003653753999819	-16.38059957919346	19.79990174041027	20.189971379275324	12.420382165605085	1.7598909234150195	14.04197322404901	33.34076433121017	12.019781846830039	36.58394644809802	117.69289808917188	42.42982991931004	129.141330961786	114.41592165761124	-22.70025434303108	135.27296847837172	3년	12.019781846830039	42.42982991931004	-22.70025434303108	0.7742655679102086	0.2358542473917477	0.8561645126476143	5.843841353143636	10.646459133037832	3년	0.2358542473917477	불리(<1)	3년	1.7598909234150195	11.250641432929894	불리	N	주당순현금<=0	672502856.0	10.022048629323965	6.458490938059636		-7.545897966709136	56.520399780273436	50.425950050354004	N	Y	상승전환	단기위험부채 존재
SYK	STRYKER CORP	0000310764	S&P 500	제외	PEG=불리, PEGY=불리(<1)	330.5899963378906	2.2	2025	1.07	4011000000.0	89000000.0	4100000000.0	14859000000.0	0.0	11730000000.0	25424000000.0	31.571297841416808	68.42870215858319	0.46137507866582755	-27.83699870633894	-27.83699870633894	162.9213613837407	162.9213613837407	56.02836879432627	14.384834642672196	8.105373722329045	120.55673758865254	37.26966928534439	24.71074744465809	265.2248226950356	81.99327242775767	54.3636443782478	-19.772278159332558	-75.19789668893861	-83.5555688373935	3년	37.26966928534439	81.99327242775767	-75.19789668893861	0.3504658217275651	0.09486070157657402	0.0563178066055906	11.08150064683053	3.3520374994966	3년	0.094860701576574	불리(<1)	3년	14.384834642672196	11.32591131082169	불리	N	주당순현금<=0	386500000.0	8.057133326723221	-13.915580191983478		-16.166252622616483	327.40779968261717	340.17505035400393	Y	N	중립/개선	
A	AGILENT TECHNOLOGIES, INC.	0001090872	S&P 500	제외	PEG=불리, PEGY=양호	154.77000427246094	4.57	2025	66.0	1789000000.0	0.0	1789000000.0	2729000000.0	304000000.0	6741000000.0	5986000000.0	52.966134988606896	47.0338650113931	1.1261276311393251	-3.2982456140350878	-4.364912280701755	34.588238487198254	34.821644759991834	3.160270880361187	3.018045520401325	14.719612881567535	14.820541760722374	14.53609104080265	37.93922576313507	67.72987584650126	66.42993605646811	173.38226173752727	-56.23837050022438	-57.0782876380082	12.025752375312248	3년	14.53609104080265	66.42993605646811	-57.0782876380082	1.9995314565082196	1.995419499201909	2.333730088956203	4.042105263157895	2.611685179023497	3년	1.995419499201909	양호	3년	3.0180455204013246	11.460476077444612	불리	N	주당순현금<=0	285000000.0	33.606706807048226	24.09397270497269		-2.6603746714082166	138.49520034790038	131.37665019989015	Y	Y	강한 상승추세	단기위험부채 존재
MTD	METTLER TOLEDO INTERNATIONAL INC/	0001037646	S&P 500	제외	PEG=불리, PEGY=판정불가	1402.25	42.05	2025		69807000.0		69807000.0	2088241000.0		-23636000.0	3736282000.0	-0.6366348959744613	100.63663489597445	-0.006326074959010053	-97.64234285817118	-97.64234285817118	35.669259045378624	35.669259045378624	3.8784584980237167	3.064056292120587	36.02403387418598	16.256916996047433	14.628112584241174	80.54806774837196	683.6033596837946	615.1121341673413	3387.046248819041	-51.24953755152115	-56.13391804832653	141.54367971610205	3년	14.628112584241174	615.1121341673413	-56.13391804832653				41.05359847381745	2.9276946674143307	판정불가		판정불가	3년	3.064056292120587	11.641189209579588	불리	N	주당순현금<=0	20671708.0	28.19516966070983	1.6189436461046425		-6.890347949262221	1326.4558081054688	1321.2401000976563	Y	Y	강한 상승추세	
CTSH	COGNIZANT TECHNOLOGY SOLUTIONS CORP	0001058290	S&P 500	보류	PEG=불리, PEGY=불리(<1)	63.060001373291016	4.56	2025	2.12	1901000000.0	13000000.0	1914000000.0	543000000.0	33000000.0	15015000000.0	5677000000.0	72.56427604871448	27.435723951285524	2.6448828606658448	2.803680981595092	2.736196319018405	13.214105349056124	13.228904617165048	1.1086474501108607	1.1211696562825724	12.15182468925482	10.717294900221722	10.742339312565145	32.80364937850964	48.87086474501105	48.985067265297054	149.58464116600393	-22.50100906957759	-22.319907709287467	137.21001888426906	3년	10.742339312565145	48.985067265297054	-22.319907709287467	0.24433341227610852	0.24528105162367933	1.0800447182959874	5.306748466257669	8.415395418156994	3년	0.2452810516236793	불리(<1)	3년	1.1211696562825724	11.78599980387422	불리	Y		489000000.0	18.623027754505994	2.8208046479469395		-27.266431842049176	49.448400039672855	63.15474994659424	Y	N	중립/개선	단기위험부채 존재
CMG	CHIPOTLE MEXICAN GRILL INC	0001058090	S&P 500	보류	PEG=불리, PEGY=판정불가	37.43000030517578	1.14	2025		350545000.0	698591000.0	1049136000.0	0.0		2830607000.0	6163924000.0	31.47031234869278	68.52968765130723	0.4592215932578014	0.7814118109720128	0.7814118109720128	32.1478846440384	32.1478846440384	2.702702702702685	-67.10947685223975	-29.806686048388155	13.90540540540537	-125.7189537044795	-51.11337209677631	15.85216216216212	-143.31960722310663	-58.26924419032499	-57.64851180092002	-482.90036349074927	-255.67524369554332	1년	13.90540540540537	15.85216216216212	-57.64851180092002				1.0781861678990865	2.880540099140731	판정불가		판정불가	1년	2.702702702702685	11.894717318294289	불리	Y		1342616000.0	14.499852791654867	-0.18666585286458703		-12.239158344544876	33.95040012359619	34.57585008621216	Y	Y	상승전환	
ITW	ILLINOIS TOOL WORKS INC	0000049826	S&P 500	제외	PEG=불리, PEGY=불리(<1)	281.6499938964844	10.49	2025	2.42	851000000.0		851000000.0	6683000000.0	1825000000.0	3226000000.0					-19.952104002736913	-26.195689360246323	28.75139160145103	29.346585629812267	-10.418445772843727	2.3985109954127504	39.022413479712895	-12.336891545687454	13.2970219908255	86.54482695942579	-129.4139923142614	139.4857606837595	907.8552348043766	-145.94851593067148	-50.475496642465714	222.334548012823	3년	13.2970219908255	139.4857606837595	-50.475496642465714	-0.2781933439506998	0.16759227039186406	1.4414054823565958	9.261033185083818	3.2881354112464676	3년	0.167592270391864	불리(<1)	3년	2.3985109954127504	11.987183571990805	불리	N	주당순현금<=0	292300000.0	12.529466399601773	-2.7921573170988645		-5.991325714736229	278.4740008544922	265.657350769043	Y	Y	상승전환	단기위험부채 존재
DOV	DOVER Corp	0000029905	S&P 500	제외	PEG=불리, PEGY=불리(<1)	202.05999755859375	7.94	2025	1.03	513075000.0	0.0	513075000.0	2621295000.0	706677000.0	7405206000.0					-15.30168315466297	-20.430819367528688	27.37552653819354	28.02151346676605	-59.17737789203083	2.2834886521603703	44.73784358388186	-109.85475578406167	13.06697730432074	97.97568716776372	-872.2467609254496	103.75179979630668	777.926956112044	-531.6771114839362	-48.65297384445403	284.99800332149323	3년	13.06697730432074	103.75179979630668	-48.65297384445403	-2.1240642736462183	0.12103835327285806	1.6718525402617515	8.100640890714706	4.009027510933066	3년	0.121038353272858	불리(<1)	3년	2.2834886521603703	11.988466205993191	불리	N	주당순현금<=0	137777000.0	-5.300650427620834	-10.88078270798858		-13.394196702673167	211.98460021972656	209.4613998413086	N	N	주의	단기위험부채 존재
VRSK	Verisk Analytics, Inc.	0001442145	S&P 500	제외	PEG=불리, PEGY=불리(<1)	188.49000549316406	6.48	2025	1.06	2178200000.0		2178200000.0	4773500000.0	195263000.0	309000000.0	5885700000.0	4.988135018644971	95.01186498135503	0.052500127427493756	-18.526903375906187	-19.9208149598809	31.94705383781948	32.162163650161254	-3.4277198211624373	2.5985568006018145	8.497453996787208	1.6445603576751253	13.697113601203629	25.494907993574415	10.656751117734812	88.75729613579952	165.20700379836222	-94.3462513623189	-52.91140455772416	-12.352379975736294	3년	13.697113601203629	88.75729613579952	-52.91140455772416	-0.07411387081833158	0.11451938007099581	0.299165426812313	8.508540875329475	4.514054128794671	3년	0.1145193800709958	불리(<1)	3년	2.5985568006018145	12.294152596710868	불리	N	주당순현금<=0	140082773.0	9.90670874236972	-3.7432343769237097		-30.963628049703985	188.30339965820312	195.56200057983398	Y	N	중립/개선	단기위험부채 존재
LUV	SOUTHWEST AIRLINES CO	0000092380	S&P 500	보류	PEG=불리, PEGY=불리(<1)	40.81999969482422	0.79	2025	1.77	3231000000.0	0.0	3231000000.0	2883000000.0	271000000.0	7981000000.0					0.6236559139784946	0.13799283154121864	50.881447823855346	51.49621121934557	3.947368421052635	-3.1641996800259364		16.39473684210527	2.171600639948127		12.951842105263164	1.7155645055590205		-68.27084222907185	-95.7972451778912		1년	16.39473684210527	12.951842105263164	-68.27084222907185	0.11236646490181229	-0.027400943559083974		0.7078853046594982	1.7341629347176468	1년	0.1123664649018122	불리(<1)	1년	3.947368421052635	12.889966782043343	불리	Y		558000000.0	-6.5476203991982835	-18.17999560189638		-25.51094842494419	46.937000045776365	42.80219995498657	N	N	주의	단기위험부채 존재
WEC	WEC ENERGY GROUP, INC.	0000783325	S&P 500	제외	PEG=불리, PEGY=불리(<1)	106.66999816894531	4.81	2025	3.54	27600000.0		27600000.0	18498100000.0	1924700000.0	9491800000.0					-57.042927733168625	-62.987029030265596	34.035951331000824	35.27173122644718	-0.41407867494824974	2.627012926537597	44.632634440111204	7.671842650103501	13.754025853075195	97.76526888022241	36.90156314699784	66.15686435329168	470.25094331386975	-65.4058650225599	-37.979876732995166	340.8464904715572	3년	13.754025853075195	66.15686435329168	-37.979876732995166	0.09184174976195188	0.18119114305233253	1.4153456141604692	2.107782581840642	1.9759844548814083	3년	0.1811911430523325	불리(<1)	3년	2.6270129265375974	12.956141550418712	불리	N	주당순현금<=0	323800000.0	-5.718579861769991	-7.5810086109967205		-10.248212420320646	112.51479995727539	111.95025012969971	N	N	주의	단기위험부채 존재
AFL	AFLAC INC	0000004977	S&P 500	제외	PEG=불리, PEGY=불리(<1)	116.18000030517578	6.82	2025	2.06	6245000000.0		6245000000.0			29490000000.0	86980000000.0	25.31982484760024	74.68017515239977	0.3390434582662681	11.675559660333759	11.675559660333759	15.323231766105868	15.323231766105868	-29.179646936656283	1.1501008285269565	38.25795257148448	-49.859293873312566	10.800201657053913	85.01590514296896	-340.0403842159917	73.65737530110769	579.8084730750484	-392.6840965078247	-36.600641153702696	399.06048506802944	3년	10.800201657053913	73.65737530110769	-36.600641153702696	-1.7698385921854571	0.20949241501570967	2.631165095385788			3년	0.2094924150157096	불리(<1)	3년	1.1501008285269565	13.323381208003989	불리	N	FCF<=0	534878000.0	1.158033825620275	3.326216455498998		-10.320341514187724	121.5456004333496	114.45185009002685	N	Y	상승전환	
UNP	UNION PACIFIC CORP	0000100885	S&P 500	제외	PEG=불리, PEGY=불리(<1)	309.5899963378906	11.98	2025	1.83	1266000000.0		1266000000.0	31814000000.0	0.0	18467000000.0	51231000000.0	26.49573875864444	73.50426124135556	0.3604653432492046	-51.26363483806008	-51.26363483806008	30.121338161598555	30.121338161598555	8.025247971145182	2.239111936305682	42.34446727212804	24.550495942290365	12.978223872611364	93.18893454425609	294.11494138863856	155.47912199388415	1116.403435840188	-4.998564272846329	-49.779022632180855	260.60707679382847	3년	12.978223872611364	155.47912199388415	-49.779022632180855	0.3271849317673926	0.13509067606741854	1.4665506238512904	9.228058399060245	2.980735330022944	3년	0.1350906760674185	불리(<1)	3년	2.239111936305682	13.45235924707536	불리	N	주당순현금<=0	595900000.0	10.809255916842408	17.157992937706943		-0.08713258453347805	287.79039978027345	257.2369507598877	Y	Y	강한 상승추세	
LII	LENNOX INTERNATIONAL INC	0001069202	S&P 500	보류	PEG=불리, PEGY=불리(<1)	389.05999755859375	4.07	2025	1.36	34200000.0	500000.0	34700000.0		0.0	1163100000.0	2918700000.0	28.49478171394973	71.50521828605028	0.3984993318943365	0.980225988700565	0.980225988700565	95.35129522601797	95.35129522601797	-81.94321206743567	-33.564279747458514	7.0876315210889995	-155.38642413487133	-58.62855949491703	22.675263042178	-632.4227462289264	-238.61823714431233	92.28832058166446	-262.55147026100553	-161.3319895753034	-76.27915458777909	5년	22.675263042178	92.28832058166446	-76.27915458777909	-0.8451192181125966	-0.3377434954724256	0.08859482717109375	18.045197740112993	4.638152946421927	5년	0.0885948271710937	불리(<1)	5년	7.0876315210889995	13.453195886708208	불리	Y		35400000.0	-22.676684409148308	-27.945182190417704		-32.9738512849863	496.8074011230469	501.8947996520996	N	N	주의	
GLW	CORNING INC /NY	0000024741	S&P 500	제외	PEG=불리, PEGY=보통	147.16000366210938	1.83	2025	77.0	1526000000.0		1526000000.0	3458000000.0	75000000.0	11807000000.0	18669000000.0	38.741960887255544	61.258039112744456	0.6324388022925705	-2.2181400688863375	-2.304247990815155	81.62740094589928	81.67445445515001	215.51724137931038	5.9197116093949065	27.64725090252995	439.53448275862075	20.33942321878981	63.7945018050599	804.348103448276	37.221144490385356	116.74393830325963	446.58064924700653	-74.70702394391893	-20.668703861062255	3년	20.33942321878981	37.221144490385356	-74.70702394391893	3.5835667678943235	1.0158318242222626	1.282011306128535			3년	1.0158318242222626	보통	3년	5.9197116093949065	13.789084052059584	불리	N	주당순현금<=0 | FCF<=0	871000000.0	-22.908479159390915	-8.27151381879676		-42.445929736407095	172.8468000793457	141.23380020141602	N	Y	중립/개선	단기위험부채 존재
TRMB	TRIMBLE INC.	0000864749	S&P 500	제외	PEG=불리, PEGY=판정불가	59.43000030517578	1.76	2025		253400000.0	0.0	253400000.0	1392200000.0	0.0	5836200000.0	3475800000.0	62.67396907216495	37.32603092783505	1.6790954600379768	-4.715527950310559	-4.715527950310559	36.446322872435424	36.446322872435424	-71.10016420361248	-0.7462964697448338	2.573740723547502	-133.70032840722496	7.0074070605103325	13.647481447095004	-235.31257799671593	12.333036426498186	24.019567346887207	-495.94914485676435	-79.24779343232798	-59.583430550991714	5년	13.647481447095004	24.019567346887207	-59.583430550991714				1.4944099378881988	2.5145716476768216	판정불가		판정불가	5년	2.573740723547502	14.160837002337916	불리	N	주당순현금<=0	241500000.0	8.290814774972844	-11.483466122374397		-28.84338757919539	54.420800018310544	65.55684988021851	Y	N	중립/개선	
APH	AMPHENOL CORP /DE/	0000820313	S&P 500	보류	PEG=불리, PEGY=보통	158.77999877929688	3.34	2025	64.0	11130600000.0	303600000.0	11434200000.0	3541500000.0	1100000.0	13413100000.0	22727200000.0	37.11396972354961	62.88603027645039	0.5901782885705235	6.178238747553816	6.1773776908023486	45.68914971010271	45.6894075115253	73.95833333333334	2.961536144628707	23.76838535152701	156.41666666666669	14.423072289257414	56.03677070305402	522.4316666666667	48.17306144611976	187.1628141482004	229.02863753818465	-69.6604976593557	17.875560893759324	3년	14.423072289257414	48.17306144611976	-69.6604976593557	3.0194988133654896	1.4655894576611541	1.9209896859192326	3.4270841487279844	2.158385297314184	3년	1.465589457661154	보통	3년	2.961536144628707	15.427517166376116	불리	Y		1277500000.0	13.220188647979292	4.022536303852231		-9.947826574592389	161.08559936523437	144.80754989624023	N	Y	상승전환	단기위험부채 존재
AJG	Arthur J. Gallagher & Co.	0000354190	S&P 500	제외	PEG=불리, PEGY=불리(<1)	268.510009765625	5.74	2025	1.03	738400000.0		738400000.0	12104000000.0	640000000.0	23321000000.0	47318000000.0	33.014340520109286	66.98565947989071	0.49285684094847626	-44.3795392424834	-46.87856306130418	54.51037439165652	54.945744394935396	-11.69230769230769	3.4145178584730878	51.46625205903632	-14.88461538461538	15.329035716946175	111.43250411807264	-85.43769230769229	87.98866501527104	639.622573637737	-131.81918334525722	-67.23076912772305	138.21181720415038	3년	15.329035716946175	87.98866501527104	-67.23076912772305	-0.19560143938287988	0.08153526568244182	0.9630506604458676	6.68566966028895	2.489914497461263	3년	0.0815352656824418	불리(<1)	3년	3.4145178584730873	15.964296176219914	불리	N	주당순현금<=0	256100000.0	32.36874620975001	23.09632043050589		-13.517778837798112	245.97999938964844	233.53830024719238	Y	Y	강한 상승추세	단기위험부채 존재
VTR	Ventas, Inc.	0000740260	S&P 500	제외	PEG=불리, PEGY=불리(<1)	93.83000183105469	0.54	2025	2.23	741067000.0		741067000.0	13011016000.0	0.0	12527253000.0	14630983000.0	46.12690235109526	53.87309764890473	0.8562140356529702	-26.52302454524821	-26.52302454524821	222.87597477093126	222.87597477093126	184.21052631578948		13.239815312499648	376.92105263157896		34.979630624999295	203.53736842105266		18.88900053749962	116.9214158042235		-79.86891168188384	5년	34.979630624999295	18.88900053749962	-79.86891168188384	0.8365214173820681		0.06940997264689162	3.220825092139252	3.4326175309454836	5년	0.0694099726468916	불리(<1)	5년	13.239815312499648	16.83376765539283	불리	N	주당순현금<=0	462615000.0	6.564450402005395	8.586966617846548		-6.664674256041058	91.59100006103516	84.56220016479492	Y	Y	강한 상승추세	
COO	COOPER COMPANIES, INC.	0000711404	S&P 500	제외	PEG=불리, PEGY=불리(<1)	73.04000091552734	1.87	2025	0.041073383932039895	110600000.0		110600000.0	2455700000.0	47100000.0	8238900000.0	4155700000.0	66.47168928404305	33.52831071595695	1.9825540823447314	-11.7255	-11.961	45.32914487461355	45.45508070349055	-4.59183673469387	-37.77093222139564	2.6595962043162835	-0.68367346938774	-67.04186444279128	13.819192408632567	-1.278469387755074	-125.3682865080197	25.8418898041429	-101.75036880028748	-271.64332548819567	-64.61953795149904	5년	13.819192408632567	25.8418898041429	-64.61953795149904	-0.10039376130632616	-0.8323532010548493	0.05957909851859626	2.1685	2.968921101887617	5년	0.0595790985185962	불리(<1)	5년	2.6595962043162835	17.043619178373188	불리	N	주당순현금<=0	200000000.0	20.131581960622658	-12.495507550787988		-13.377607708873452	72.10460006713868	73.40869997024537	Y	N	중립/개선	단기위험부채 존재
ANET	Arista Networks, Inc.	0001596532	S&P 500	보류	PEG=불리, PEGY=판정불가	190.94000244140625	2.75	2025		1963900000.0	8779100000.0	10743000000.0	0.0	98793000.0	12370500000.0	7078100000.0	63.60612074905134	36.39387925094865	1.7477147822155663	8.4212589166732	8.343816728070863	66.37045219081202	66.39861298666742	23.318385650224215	-13.642192783183182	3.548578845590522	55.13677130044843	-18.784385566366364	15.597157691181044	151.62612107623318	-51.6570603075075	42.892183650747874	-20.589651651040132	-127.054079630778	-77.53630297354259	5년	15.597157691181044	42.892183650747874	-77.53630297354259				3.4147127067492358	1.7883694684654192	판정불가		판정불가	5년	3.548578845590522	18.703389463442303	불리	Y		1275700000.0	23.737933680482072	43.68274762463402		-9.292160360377078	178.54460052490234	149.48944972991944	Y	Y	강한 상승추세	단기위험부채 존재
TSCO	TRACTOR SUPPLY CO /DE/	0000916365	S&P 500	제외	PEG=불리, PEGY=불리(<1)	35.380001068115234	2.06	2025	2.67	194109000.0	15900000.0	210009000.0	1764974000.0		2581293000.0	8352386000.0	23.608640787789728	76.39135921221028	0.30904857605958347	-2.9218889168661613	-2.9218889168661613	18.593150478146306	18.593150478146306	0.980392156862746	-40.358393897568654	-20.235562235652548	10.460784313725492	-72.21678779513731	-31.971124471305096	21.549215686274515	-148.76658285798285	-65.8605164108885	-39.092099955602166	-520.4821321841412	-286.1518214318048	1년	10.460784313725492	21.549215686274515	-39.092099955602166	0.19632994210170462	-2.0270041885513796	-0.9447329679979977	1.3914310625392257	3.9328180342911168	1년	0.1963299421017046	불리(<1)	1년	0.980392156862746	18.96501348770921	불리	N	주당순현금<=0	532178000.0	15.357029605819395	-31.659260662012446		-43.527533589124054	32.00719985961914	42.686299877166746	Y	N	중립/개선	
HSY	HERSHEY CO	0000047111	S&P 500	제외	PEG=불리, PEGY=불리(<1)	187.17999267578125	0.9006880540124623	2014	3.06	587998000.0	0.0	587998000.0	4089755000.0	218546000.0	4636750000.0	9104547000.0	33.743175771544706	66.25682422845529	0.5092784956791371	-15.574647411235695	-16.54666714108443	225.11083519290415	226.19003206413888	9.97663734289587			28.45327468579174			25.62752460702782			-86.30861971908618			1년	28.45327468579174	25.62752460702782	-86.30861971908618	0.05791208287119716			8.106961932422156	4.331104952260795	1년	0.0579120828711971	불리(<1)	1년	9.97663734289587	22.56379854813509	불리	N	주당순현금<=0	224837000.0	-5.378634240468383	-18.489813110398913		-20.78043268883656	178.83419982910155	192.29944999694825	Y	N	주의	단기위험부채 존재
ELV	Elevance Health, Inc.	0001156039	S&P 500	보류	PEG=불리, PEGY=불리(<1)	398.8699951171875	25.21	2025	1.71	9491000000.0	25884000000.0	35375000000.0	30797000000.0	150000000.0	43882000000.0	77468000000.0	36.16151627523691	63.83848372476309	0.5664532452109258	20.382902938557436	19.715048975957256	15.013371367656884	15.039862996478789	-1.8302180685358211	0.5345551244794411	63.01431604750667	4.839563862928358	9.569110248958882	134.52863209501334	122.00540498442392	241.23726937625344	3391.4668151152864	-69.4122379527247	-39.5198254244774	750.2687233014049	3년	9.569110248958882	241.23726937625344	-39.5198254244774	-0.008007399909843397	0.14950373700305966	4.311111372822059	14.131789848619768	3.5429563571127645	3년	0.1495037370030596	불리(<1)	3년	0.5345551244794411	28.085730881875207	불리	Y		224600000.0	1.8903093144836847	20.683181547221132		-6.541862009123312	394.7078015136719	355.9893000793457	Y	Y	강한 상승추세	단기위험부채 존재
TSLA	Tesla, Inc.	0001318605	S&P 500	보류	PEG=불리, PEGY=판정불가	350.25	1.08	2025		16513000000.0	27546000000.0	44059000000.0	0.0	50841000.0	82137000000.0	54941000000.0	59.919899619194915	40.08010038080509	1.4950037312753681	12.488378684807257	12.473967970521542	312.7422419585118	312.75558521248007	-47.05882352941176	-33.18021688674605	11.032151746146003	-85.61764705882352	-57.860433773492105	30.564303492292005	-92.46705882352941	-62.489268475371475	33.00944777167537	-126.4003023050762	-117.84133289803611	-90.57546102164872	5년	30.564303492292005	33.00944777167537	-90.57546102164872				1.7630385487528344	0.5033657526774687	판정불가		판정불가	5년	11.032151746146003	28.348254189647623	불리	Y		3528000000.0	-20.46280051527002	-16.087684446190398		-28.502899381699475	363.72999755859377	402.28474975585937	N	N	주의	단기위험부채 존재
ACN	Accenture plc	0001467373	S&P 500	보류	PEG=불리, PEGY=불리(<1)	186.92999267578125	2.25	2025	3.5	11478729000.0	5945000.0	11484674000.0		99963000.0	31195446000.0					18.246493818420028	18.087675704682475	74.970443936605	75.04102976493279	-15.41353383458647	-4.705085797437691	2.4863174611353456	-22.32706766917294	-0.9101715948753828	13.472634922270691	-50.23590225563912	-2.0478860884696113	30.313428575109054	-126.87417975924828	-101.09553638726211	-83.78353941965543	5년	13.472634922270691	30.313428575109054	-83.78353941965543	-0.15890974107957204	-0.016074145145208316	0.07984903312293809	17.276845866001423	9.242415098130916	5년	0.079849033122938	불리(<1)	5년	2.4863174611353456	30.15320654280837	불리	Y		629418129.0	5.993418024976616	-2.3864268011586143		-35.215225916693385	154.06399993896486	205.15609970092774	Y	N	중립/개선	단기위험부채 존재
URI	UNITED RENTALS, INC.	0001067701	S&P 500	제외	PEG=불리, PEGY=불리(<1)	1053.1400146484375	10.27	2025	73.0	459000000.0		459000000.0	14302000000.0		8968000000.0	20898000000.0	30.027455969999327	69.97254403000068	0.4291319743516126	-214.2746579159185	-214.2746579159185	123.40941310266368	123.40941310266368	-1.9102196752626655	3.924142525332664	20.2179802192882	4.679560649474669	16.348285050665325	48.9359604385764	48.05908787010485	167.89688747033287	502.57231370417963	-95.43659084246761	-84.05749614153815	-52.27868025962816	3년	16.348285050665325	167.89688747033287	-84.05749614153815	0.5760482813867537	0.6233247577422628	0.7553555103753765	77.28623614636865	7.338647764909833	3년	0.6233247577422628	불리(<1)	3년	3.9241425253326634	31.44875913807484	불리	N	주당순현금<=0	64604000.0	6.567233167590247	23.25211099017799		-9.58774203656283	1098.1002075195313	920.4210018920899	N	Y	상승전환	
PHM	PULTEGROUP INC/MI/	0000822416	S&P 500	보류	PEG=불리, PEGY=안심	130.86000061035156	11.12	2025	80.0	1980869000.0		1980869000.0	43900000.0		12985442000.0	5062981000.0	71.9477928902708	28.0522071097292	2.564781894302981	9.707317439873307	9.707317439873307	10.895025464971066	10.895025464971066	-24.302246426140233	0.3319275999318138	47.00020978752231	-40.104492852280465	9.163855199863628	102.50041957504462	-445.96196051735876	101.90206982248354	1139.8046656744962	-440.7931823607843	-22.128939823325457	771.010744580673	3년	9.163855199863628	101.90206982248354	-22.128939823325457	5.112218760106192	7.373266621377755	11.656715277614046	8.762951232102317	6.696432210935763	3년	7.373266621377755	안심	3년	0.33192759993181387	32.82349966441228	불리	Y		199537000.0	9.874057335765428	-2.785825706111489		-8.20706870693748	129.04559997558593	124.93799995422363	Y	Y	상승전환	
ON	ON SEMICONDUCTOR CORP	0001097864	S&P 500	제외	PEG=불리, PEGY=판정불가	72.51000213623047	0.29	2025		2147600000.0	400000000.0	2547600000.0	2980500000.0	0.0	7673300000.0	4832200000.0	61.359401863180196	38.6405981368198	1.587951657630065	-1.0512384652744051	-1.0512384652744051	253.65945035001684	253.65945035001684	-92.01101928374655	-59.13642526295217	6.668390127527379	-175.5220385674931	-109.77285052590435	21.83678025505476	-50.901391184572994	-31.834126652512257	6.33266627396588	-170.1991307198425	-143.90308331904734	-91.26649277699899	5년	21.83678025505476	6.33266627396588	-91.26649277699899				3.4448761534725594	4.750897878889024	판정불가		판정불가	5년	6.668390127527379	38.03908372170677	불리	N	주당순현금<=0	411800000.0	-41.940906004808184	4.061426260993395		-45.85977293990956	91.00720016479492	77.3302499961853	N	N	판정불가	
RF	REGIONS FINANCIAL CORP	0001281761	S&P 500	제외	PEG=불리, PEGY=불리(<1)	30.6299991607666	2.3	2025	3.57	3538000000.0		3538000000.0	4134000000.0	750000000.0	19043000000.0	139711000000.0	11.995288307696184	88.00471169230381	0.13630279648703394	-0.6651785714285714	-1.5022321428571428	13.606599013997903	13.970535349401631	19.170984455958546	0.2915468391792686	17.429746204664866	46.84196891191709	9.083093678358537	43.35949240932973	107.73652849740931	20.891115460224633	99.72683254145838	251.73532957652523	-31.79524638386646	225.585488977736	3년	9.083093678358537	20.891115460224633	-31.79524638386646	1.6713202492822468	0.28379956190424	1.5433501187961225			3년	0.28379956190424	불리(<1)	3년	0.2915468391792686	46.67037053909328	불리	N	주당순현금<=0 | FCF<=0	896000000.0	9.042360250555937	5.620686761264149		-5.46297000541357	30.70580005645752	28.245199975967406	N	Y	상승전환	단기위험부채 존재
WSM	WILLIAMS SONOMA INC	0000719955	S&P 500	보류	PEG=불리, PEGY=불리(<1)	234.74000549316406	8.84	2025	1.28	1019801000.0		1019801000.0	299620000.0	0.0	2082559000.0	3329353000.0	38.48102112525111	61.51897887474889	0.6255146270161199	5.847855919060031	5.847855919060031	25.89277710114299	25.89277710114299	0.5688282138794165	-18.483779224854192	0.5286435792482447	9.637656427758833	-28.467558449708385	9.55728715849649	85.19688282138807	-251.65321669542212	84.48641848110897	-63.70585293188591	-207.2050825621841	-64.00851303397907	5년	9.55728715849649	84.48641848110897	-64.00851303397907	0.0714032414003905	-0.6644238722502563	0.06985127829986246	8.57024189422913	3.65095070873154	5년	0.0698512782998624	불리(<1)	5년	0.5286435792482447	48.9796492713743	불리	Y		123153000.0	15.533031772347684	12.197688616558345		-6.767810536479346	232.6422006225586	202.78989990234376	Y	Y	강한 상승추세	
NOW	ServiceNow, Inc.	0001373715	S&P 500	보류	PEG=불리, PEGY=판정불가	127.0	1.67	2025		3726000000.0	2558000000.0	6284000000.0		0.0	12964000000.0	13074000000.0	49.788770258852445	50.211229741147555	0.9915863545969099	6.003682080002599	6.003682080002599	72.45288498203438	72.45288498203438	-75.58479532163743	1.437568278374224	23.132555206176452	-142.66959064327486	11.375136556748448	54.765110412352904	-238.258216374269	18.996478049769905	91.45773438862935	-287.604894782889	-85.04214326789771	-27.98603591446508	3년	11.375136556748448	18.996478049769905	-85.04214326789771				4.37187288321004	3.4424195930787715	판정불가		판정불가	3년	1.4375682783742239	50.39961306322985	불리	Y		1046691000.0	24.363490583876523	21.84591375776033		-33.93330758847546	109.91720016479492	119.81372993469239	Y	Y	상승전환	
DHR	DANAHER CORP /DE/	0000313616	S&P 500	보류	PEG=불리, PEGY=보통	215.97000122070312	5.05	2025	74.0	19912300000.0		19912300000.0	18416000000.0	764600000.0	52534000000.0	8444400000.0	86.15181769282238	13.848182307177623	6.221164321917484	2.089512637899735	1.0217846669459574	42.35257199659473	42.564003277971715	-4.536862003780722	-19.44272804312125	0.6459964100776094	-0.5737240075614434	-30.3854560862425	9.791992820155219	-2.8973062381852888	-153.44655323552462	49.449563741783855	-101.34153179692049	-171.04993858786673	-77.1035035133187	5년	9.791992820155219	49.449563741783855	-77.1035035133187	1.6401161658329584	1.288169038736663	1.762490278419912	7.345342829213797	3.401094035142166	3년	1.288169038736663	보통	5년	0.6459964100776094	65.561621296791	불리	Y		716100000.0	24.744408900633942	3.078463543678911		-10.774633960850633	196.83579986572266	202.99499984741212	Y	Y	상승전환	단기위험부채 존재
LEN	LENNAR CORP /NEW/	0000920760	S&P 500	제외	PEG=불리, PEGY=불리(<1)	87.68000030517578	14.31	2024	2.27	3756305000.0		3756305000.0	5874995000.0		21959417000.0	12289828000.0	64.1164995023978	35.88350049760221	1.7867961211499461	-7.788757402975527	-7.788757402975527	6.671471537956067	6.671471537956067	4.224326292789512	0.0933489456862446	46.369977497318125	16.948652585579026	8.68669789137249	101.23995499463625	242.53521849963587	124.30664682554033	1448.7437559732448	176.61407123115504	41.77309123275912	1552.3081100944348	3년	8.68669789137249	124.30664682554033	41.77309123275912	0.9734473505344781	0.35424702514886275	7.29074196308719	0.10360673335318489	0.11816461335832015	3년	0.3542470251488627	불리(<1)	3년	0.09334894568624463	71.46809735141055	불리	N	주당순현금<=0	272019000.0	-3.605979345108401	-20.81640237782445		-38.426963438696845	86.52179946899415	99.8325	Y	N	주의	
WAT	WATERS CORP /DE/	0001000697	S&P 500	제외	PEG=불리, PEGY=판정불가	414.44000244140625	3.77	2025		587831000.0	934000.0	588765000.0	947445000.0		2561242000.0	2515308000.0	50.45241354857137	49.54758645142863	1.0182617794719375	-6.0017067416294365	-6.0017067416294365	111.52299978329859	111.52299978329859	-2.8350515463917496	-0.3511881428137187	1.5554382507588116	2.829896907216501	7.797623714372563	11.610876501517623	10.668711340206208	29.397041403184563	43.77300441072144	-97.42575251487348	-92.90680406572464	-89.43803586698654	5년	11.610876501517623	43.77300441072144	-89.43803586698654						판정불가		판정불가	5년	1.5554382507588116	71.69876382356723	불리	N	주당순현금<=0 | FCF<=0	59763000.0	21.11754378172894	29.739543975061643		-0.4109074805137447	383.4358020019531	359.39385055541993	Y	Y	강한 상승추세	
CTVA	Corteva, Inc.	0001755672	S&P 500	보류	PEG=불리, PEGY=양호	83.05000305175781	1.6	2025	87.0	4521000000.0	9000000.0	4530000000.0		782000000.0	24144000000.0					6.648077487525683	5.5004402700322865	47.75120347764508	48.46847673857845	23.076923076923077	0.4201730021000882	11.94783991051851	54.65384615384615	9.340346004200176	32.39567982103702	87.44615384615385	14.944553606720284	51.83308771365924	5.2933782454605005	-82.00535453634282	-37.58809655749656	3년	9.340346004200176	14.944553606720284	-82.00535453634282	2.3052177758924137	1.830742821864714	2.0721538454385	3.2917522747285	3.963578752281368	3년	1.830742821864714	양호	3년	0.42017300210008823	113.64652949850976	불리	Y		681400000.0	3.955443342410181	6.9267477914832565		-8.242181978124686	82.15700042724609	76.54100008010865	Y	Y	강한 상승추세	단기위험부채 존재
TMO	THERMO FISHER SCIENTIFIC INC.	0000097745	S&P 500	제외	PEG=불리, PEGY=불리(<1)	628.1500244140625	17.74	2025	30.0	9852000000.0	253000000.0	10105000000.0	19107000000.0	693000000.0	53407000000.0					-23.814814814814813	-25.64814814814815	36.75111833308215	36.85446294037264	7.3200241984270855	0.2075477652143886	2.137246520494207	23.14004839685417	8.915095530428777	12.774493040988414	410.5044585601929	158.1537947098065	226.61950654713445	-34.64865993707301	-74.82228949090113	-63.92270990381241	3년	8.915095530428777	158.1537947098065	-74.82228949090113	1.015479960641982	0.8219490762549816	0.874456288084309	16.64814814814815	2.6503458570550116	3년	0.8219490762549816	불리(<1)	3년	0.20754776521438867	177.07306217014522	불리	N	주당순현금<=0	378000000.0	37.68879160462555	22.28430800701462		-1.7671416963411124	547.9140032958984	534.4228004455566	Y	Y	강한 상승추세	단기위험부채 존재
CNP	CENTERPOINT ENERGY INC	0001130310	S&P 500	제외	PEG=불리, PEGY=불리(<1)	38.93000030517578	1.6	2025	2.46	38000000.0	510000000.0	548000000.0	20566000000.0	500000000.0	11153000000.0					-30.53153359261801	-31.294135590635246	43.413458686121125	43.89008493488189	1.2658227848101276	0.2092056307007928		11.031645569620256	8.918411261401586		17.65063291139241	14.269458018242538		-54.66058881832132	-63.34585690628571		3년	8.918411261401586	14.269458018242538	-63.34585690628571	0.08582183722674089	0.06148336740454436		-3.6360863265461756	-9.340062414699632	3년	0.0614833674045443	불리(<1)	3년	0.2092056307007928	207.51572766323545	불리	N	주당순현금<=0 | FCF<=0	655650000.0	-9.612257764064825	-9.863390731619038		-13.565720439950447	42.49560020446777	41.46255016326904	N	N	주의	단기위험부채 존재
MCD	MCDONALDS CORP	0000063908	S&P 500	제외	PEG=불리, PEGY=불리(<1)	268.1000061035156	11.95	2025	2.73	774000000.0		774000000.0	39973000000.0	798000000.0	-1791000000.0					-54716638.74930207	-55830541.59687325	4578820.656845872	4672034.284257687	4.91659350307286	12.78230543570502	13.62338129334184	18.33318700614572	34.06461087141004	35.74676258668368	219.08158472344135	407.07209991335	427.17381291086997	-18.283633071290517	51.835915944058605	59.3337572494999	3년	34.06461087141004	407.07209991335	51.835915944058605	1.6699919206576277e-06	3.3878386157169774e-06	3.571526932135161e-06	10030709.10106086	3741405.771243407	3년	3.3878386157169774e-06	불리(<1)	3년	12.782305435705021	358215.5566440916	불리	N	주당순현금<=0	716.4	-4.563579208113855	-19.491907678028518		-21.39212806466513	271.946201171875	297.62995040893554	N	N	주의	단기위험부채 존재
GM	General Motors Co	0001467858	S&P 500	보류	PEG=판정불가, PEGY=안심	85.80999755859375	3.27	2025	83.0	20945000000.0	5966000000.0	26911000000.0			61119000000.0	218116000000.0	21.88801547083997	78.11198452916003	0.28021328100643694	27.65775950668037	27.65775950668037	17.78355903728238	17.78355903728238	-48.665620094191524	-18.898461530269618	-5.460789481150885	-88.83124018838305	-29.296923060539235	-2.421578962301769	-290.47815541601256	-95.8009384079633	-7.918563206726785	-438.5131845711393	-211.64309653143556	-109.22801938237994	판정불가				1.9306810202518006	3.604539357692382	4.360162684887309	18.051387461459402	21.03646192173977	3년	3.604539357692382	안심	판정불가			판정불가	Y		973000000.0	2.009028479353425	4.10044551850588		-4.972320422393006	82.35119995117188	79.23200008392334	Y	Y	강한 상승추세	
HUM	HUMANA INC	0000049071	S&P 500	보류	PEG=판정불가, PEGY=안심	389.7099914550781	9.84	2025	92.0	4200000000.0	15703000000.0	19903000000.0	12369000000.0	1694000000.0	17657000000.0	31172000000.0	36.1608879968871	63.83911200311291	0.5664378288207366	62.35412907817854	48.33396785460083	33.26787219277435	34.69268532525176	-1.4028056112224505	-23.616654426020823	-17.217108695019935	5.694388777555099	-38.733308852041645	-25.93421739003987	56.03278557114218	-381.1357591040898	-255.1926991179923	-85.62192738196678	-197.79984282184444	-165.48271912792575	판정불가				2.723263870433376	2.0555371013127726	2.2479012445293276	3.103636634499197	0.796396474955904	3년	2.055537101312773	안심	판정불가			판정불가	Y		120826000.0	27.243936864372785	121.35067412197395		-4.814132510924562	383.8179998779297	273.60870002746583	Y	Y	강한 상승추세	단기위험부채 존재
CTAS	CINTAS CORP	0000723254	S&P 500	제외	PEG=판정불가, PEGY=양호	204.75999450683594	4.4	2025	100.0	263973000.0	0.0	263973000.0	2424999000.0	0.0	4684481000.0					-5.267120983899036	-5.267120983899036	47.7334353388034	47.7334353388034	-70.95709570957096	-27.715987825710187	-11.511595525071694	-133.41419141914193	-46.93197565142037	-14.523191050143389	-587.0224422442245	-206.50069286624966	-63.90204062063091	-386.688053327051	-200.850116431975	-131.2082644730182	판정불가				0.6084394321147784	1.5143266278915566	1.8538033947662347	4.282429817249431	2.0914387244264465	3년	1.5143266278915566	양호	판정불가			판정불가	N	주당순현금<=0	410286000.0	20.546328606546304	4.055288025735382		-5.435738391361555	192.3589993286133	186.18664978027343	Y	Y	강한 상승추세	
ODFL	OLD DOMINION FREIGHT LINE, INC.	0000878927	S&P 500	제외	PEG=판정불가, PEGY=불리(<1)	198.33999633789062	4.84	2025	57.99999999999999	120091000.0	0.0	120091000.0	45000000.0	20000000.0	4311057000.0	1159103000.0	78.81043698904602	21.189563010953975	3.719304496666819	0.3548757549693286	0.2603569031843401	40.906016649363906	40.925545337749234	-11.67883211678833	-26.48103950985108	-3.150049031832014	-14.85766423357666	-44.46207901970216	2.199901936335972	-71.91109489051104	-215.19646245535844	10.647525371866104	-136.2564768671286	-208.4987730305043	-94.63168016110727	판정불가				1.132380311685322	0.7705213822289645	1.34087734423833			3년	0.7705213822289645	불리(<1)	판정불가			판정불가	N	FCF<=0	211598000.0	-9.619503715614275	3.463745172328414		-20.258915392273824	219.42899993896484	194.2858499145508	N	Y	중립/개선	단기위험부채 존재
CEG	Constellation Energy Corp	0001868275	S&P 500	제외	PEG=판정불가, PEGY=불리(<1)	278.4200134277344	7.4	2025	62.0	3641000000.0		3641000000.0	7250000000.0	1650000000.0	14517000000.0	42396000000.0	25.50735332876496	74.49264667123504	0.3424143787149731	-11.493630573248408	-16.748407643312103	39.17751945959227	39.88762446906033	-37.76282590412111			-67.02565180824222			-495.98982338099245			-278.14445781920404			판정불가				0.618650042937944			4.101910828025478	1.4732815998122037	1년	0.618650042937944	불리(<1)	판정불가			판정불가	N	주당순현금<=0	314000000.0	-3.5541012568785613	-14.553149841366475		-31.07562693053234	264.14330169677737	298.968550491333	Y	N	주의	단기위험부채 존재
IBKR	Interactive Brokers Group, Inc.	0001381197	S&P 500	제외	PEG=판정불가, PEGY=불리(<1)	98.19000244140625	2.22	2025	38.0	4963000000.0		4963000000.0		16000000.0	5363000000.0	182768000000.0	2.850673201120496	97.14932679887951	0.02934321106539438	11.1814650484052	11.145417609200186	39.19303486171218	39.209272446939664	-67.96536796536795	-16.033270923831843	-1.7104104038610624	-127.43073593073589	-23.566541847663686	5.079179192277875	-282.8962337662337	-52.31772290181339	11.275777806856883	-388.1110364927924	-153.2821281199513	-88.51636874784113	판정불가				-0.7645585005370744	0.5604753281718313	0.9259193559310298			3년	0.5604753281718313	불리(<1)	판정불가			판정불가	N	FCF<=0	443859546.0	21.29710456219902	33.3197561535753		0.0	92.0331999206543	77.89624988555909	Y	Y	강한 상승추세	단기위험부채 존재
VZ	VERIZON COMMUNICATIONS INC	0000732712	S&P 500	제외	PEG=판정불가, PEGY=불리(<1)	50.25	4.06	2025	5.64	19048000000.0	350000000.0	19398000000.0	89658000000.0	441000000.0	105741000000.0					-16.606003308910424	-16.71023398723706	16.466995888894196	16.492668469762826	-1.932367149758456	-7.0765828174263685	-1.1420692869857585	4.635265700483088	-5.653165634852737	6.215861426028483	18.819178743961334	-22.95185247750211	25.236397389675638	-62.54889802196749	-145.67532831343703	-49.778313652386785	판정불가				0.22515538810221453	-0.08724012728971656	0.2731482259036557			5년	0.2731482259036557	불리(<1)	판정불가			판정불가	N	주당순현금<=0 | FCF<=0	4231000000.0	4.166663042282637	2.0719083226652835		-2.199301371397744	45.76920036315918	45.33415000915527	Y	Y	강한 상승추세	단기위험부채 존재
TPL	Texas Pacific Land Corp	0001811074	S&P 500	보류	PEG=판정불가, PEGY=불리(<1)	372.7900085449219	6.97	2025	64.0	144809000.0		144809000.0			1458907000.0	164371000.0	89.87413123322068	10.12586876677932	8.875695834423347	2.0978453048822923	2.0978453048822923	53.18395455380769	53.18395455380769	-64.65517241379311	-50.58674419585327		-120.81034482758622	-92.67348839170654		-842.0481034482759	-645.9342140901946		-325.8773261480283	-273.27025920340844		판정불가				-0.012318986417797386	0.25220493505378894		7.633813495643156	2.047751635146967	3년	0.2522049350537889	불리(<1)	판정불가			판정불가	Y		69027492.0	-8.20014974347243	-26.94689056191696		-30.937952959542038	387.6044006347656	390.1218504333496	N	N	주의	
UPS	UNITED PARCEL SERVICE INC	0001090727	S&P 500	제외	PEG=판정불가, PEGY=불리(<1)	105.13999938964844	6.56	2025	6.39	5887000000.0	206000000.0	6093000000.0	17321000000.0	2341000000.0	16227000000.0					-13.209411764705882	-15.963529411764705	18.041068773529624	18.460903780703227	-2.8148148148148207	-20.79061596362501		2.8703703703703587	-33.08123192725003		18.82962962962955	-217.01288144276018		-82.09089809878445	-306.4037309326123		판정불가				0.19816925649276354	-0.7982130185520945		5.605882352941176	5.331826503218625	1년	0.1981692564927635	불리(<1)	판정불가			판정불가	N	주당순현금<=0	850000000.0	0.6413306797325324	-7.650416514017344		-12.383333841959631	108.22459976196289	104.52785007476807	N	Y	상승전환	단기위험부채 존재
IR	Ingersoll Rand Inc.	0001699150	S&P 500	제외	PEG=판정불가, PEGY=불리(<1)	78.56999969482422	1.45	2025	10.0	1248800000.0		1248800000.0	2778100000.0	0.0	10089800000.0	8143200000.0	55.33812318323918	44.661876816760824	1.2390460752529717	-3.813715710723192	-3.813715710723192	56.81635545210166	56.81635545210166	-29.611650485436897	-0.455587184000239		-50.723300970873794	7.588825631999522		-73.548786407767	11.003797166399307		-193.60924868708128	-85.99491255041436		판정불가				-0.3451761439005052	0.1679870653450495				3년	0.1679870653450495	불리(<1)	판정불가			판정불가	N	주당순현금<=0 | FCF<=0	401000000.0	10.724352745963838	-15.534290980131171		-20.44350142232274	81.84339950561524	82.0173498916626	N	N	중립/개선	
FTV	Fortive Corp	0001659166	S&P 500	제외	PEG=판정불가, PEGY=불리(<1)	59.5	0.58	2025	46.0	375500000.0		375500000.0	2306500000.0	899500000.0	6453400000.0					-5.771069934249851	-8.459354453078303	112.53632747284458	117.17130078116949	-75.42372881355932	-34.87672497401558	-29.666922875134137	-142.34745762711864	-61.25344994803116	-50.833845750268274	-82.56152542372881	-35.52700096985807	-29.483630535155598	-238.7588662583678	-159.70924532749257	-149.55232022715225	판정불가				-0.26145982790010075	0.09884163874699489	0.14513604177110803	2.9231918708906157	4.912927514101876	3년	0.0988416387469948	불리(<1)	판정불가			판정불가	N	주당순현금<=0	334600000.0	-0.6843596201908886	2.023320149777885		-7.161798408743203	61.07099983215332	57.78429990768433	N	Y	중립/개선	단기위험부채 존재
KLAC	KLA CORP	0000319201	S&P 500	제외	PEG=판정불가, PEGY=불리(<1)	183.33999633789062	3.66	2026	51.0	1649842000.0	1475936000.0	3125778000.0	3469670000.0	0.0	6349820000.0	11601715000.0	35.37201693337088	64.62798306662913	0.5473173578216669	-0.26059669620265635	-0.26059669620265635	50.164096457402536	50.164096457402536	-87.94863351992097	-46.684357143962295	-2.244895179579909	-167.39726703984195	-84.86871428792459	4.010209640840182	-612.6739973658216	-310.619494293804	14.677367285475068	-434.17367165028196	-269.4226576296755	-91.99445424967443	판정불가				-0.7365553479328859	0.08603051107882281	0.9719123489410617	2.854683082341833	1.5570432744422718	3년	0.0860305110788228	불리(<1)	판정불가			판정불가	N	주당순현금<=0	1319633000.0	-6.324883211815413	18.537769419716543		-39.23303784084715	217.45500061035156	169.133450050354	N	Y	중립/개선	
NKE	NIKE, Inc.	0000320187	S&P 500	보류	PEG=판정불가, PEGY=불리(<1)	39.47999954223633	2.1	2026	4.02	7563000000.0	2583000000.0	10146000000.0	5942000000.0	5000000.0	14865000000.0					2.838622552329507	2.8352464550979066	17.44827475709849	17.449882422446866	-2.77777777777778	-13.36921346091703	-10.018369318341202	2.94444444444444	-18.23842692183406	-11.536738636682404	6.183333333333325	-38.30069653585152	-24.22715113703305	-84.33806128412364	-197.01291028353947	-161.36563175770675	판정불가				0.07119455874666611	-0.5358245208233832	-0.3437800815178523	1.4746792707629979	3.7352565548673895	1년	0.0711945587466661	불리(<1)	판정불가			판정불가	Y		1481000000.0	-14.136581262966796	-37.728708845344116		-49.802925904272385	42.280399856567385	52.394349880218506	N	N	주의	단기위험부채 존재
SLB	SLB LIMITED/NV	0000087347	S&P 500	제외	PEG=판정불가, PEGY=불리(<1)	53.290000915527344	2.35	2025	2.19	3130000000.0	1176000000.0	4306000000.0	9742000000.0	1178000000.0	26109000000.0	27577000000.0	48.632790671683495	51.36720932831651	0.946767233564202	-3.7828810020876826	-4.602644398051496	24.28633273090001	24.635168218544187	-24.43729903536977	-0.5610216224331555		-40.37459807073954	7.377956755133689		-94.88030546623791	17.33819837456417		-278.04523144339487	-67.46444346651857		판정불가				-0.91604192703265	0.06707387219043826		3.336812804453723	6.2616114601744375	3년	0.0670738721904382	불리(<1)	판정불가			판정불가	N	주당순현금<=0	1437000000.0	-5.681414308801158	3.155247915078907		-8.13652394858595	49.56320014953613	48.239650077819825	Y	Y	강한 상승추세	단기위험부채 존재
PFE	PFIZER INC	0000078003	S&P 500	제외	PEG=판정불가, PEGY=불리(<1)	28.56999969482422	1.36	2025	6.15	1142000000.0	8525000000.0	9667000000.0	61641000000.0	0.0	86476000000.0	121385000000.0	41.60280187240512	58.39719812759488	0.7124109239197595	-9.097496936810783	-9.097496936810783	27.696688699731617	27.696688699731617	-3.5460992907801296	-37.11932514902995	-4.476866683376013	1.4078014184397407	-65.7386502980599	-0.4537333667520258	1.9146099290780476	-89.40456440536147	-0.6170773787827551	-93.29853010315257	-412.9316253425026	-102.15987884275177	판정불가				0.09401487439345421	-1.1181598451994748	0.060409146189385456	1.588482408541922	5.559966487607956	5년	0.0604091461893854	불리(<1)	판정불가			판정불가	N	주당순현금<=0	5713000000.0	9.004199514641243	5.463268858988712		0.0	25.444199981689454	26.031800022125243	Y	Y	상승전환	
BF-B	BROWN FORMAN CORP	0000014693	S&P 500	제외	PEG=판정불가, PEGY=불리(<1)	28.18000030517578	1.53	2026	3.21	308000000.0		308000000.0	2083000000.0	68000000.0	4020000000.0	3874000000.0	50.92475297694451	49.07524702305548	1.0376871450696954	-3.8030308548999106	-3.9487244313129777	20.903941934689993	20.999166494437095	-16.847826086956523	-2.0882960100536807	-4.036359234531672	-25.195652173913047	4.323407979892639	0.42728153093665533	-38.549347826086965	6.614814209235737	0.6537407423330827	-236.79683253589837	-76.5265644513822	-97.68012514104547	판정불가				-0.652404514400445	0.05365992660383623	-0.039531263391060854	1.9132994667186594	6.7895651029047235	3년	0.0536599266038362	불리(<1)	판정불가			판정불가	N	주당순현금<=0	466733000.0	8.635311198923002	0.2846972335232012		-8.7435198476987	27.200799980163573	27.256149969100953	Y	Y	상승전환	단기위험부채 존재
EMR	EMERSON ELECTRIC CO	0000032604	S&P 500	제외	PEG=판정불가, PEGY=불리(<1)	154.9600067138672	1.12	2025	1.41	2354000000.0	99000000.0	2453000000.0	8319000000.0	4192000000.0	20282000000.0					-10.35115581436386	-17.74836774307394	147.59925225734915	154.203905765126	-35.26011560693641	-3.335847899742972	-1.3703810340970568	-62.02023121387282	1.8283042005140562	5.759237931805886	-69.46265895953756	2.047700704575743	6.450346483622593	-144.82618478960188	-98.67856181217336	-95.83741210367064	판정불가				-0.22933798843314243	-0.013047816098587869	0.0002684225380347104	4.706193753308629	3.037037654495324	5년	0.0002684225380347	불리(<1)	판정불가			판정불가	N	주당순현금<=0	566700000.0	10.907533180658069	4.392349882259383		-5.7306228793829845	148.46540130615233	141.77455085754394	Y	Y	강한 상승추세	단기위험부채 존재
CSX	CSX CORP	0000277948	S&P 500	제외	PEG=판정불가, PEGY=판정불가	51.5099983215332	1.54	2025	1.09	1958000000.0	5000000.0	1963000000.0	9832000000.0		13160000000.0	30522000000.0	30.126825694794196	69.87317430520581	0.4311644060022279	-4.201281366791244	-4.201281366791244	36.17615564176912	36.17615564176912	-13.966480446927374	-7.566647873326204	-15.619198935967571	-19.432960893854748	-6.633295746652408	-22.738397871935142	-29.92675977653631	-10.21527544984471	-35.01713272278012	-158.0989337055089	-119.831636153586	-167.98123444733562	판정불가				-0.3559383306074718	-0.1790308494208335	-0.40162362965931364	0.9135077415910304	1.7734571371732084	판정불가		판정불가	판정불가			판정불가	N	주당순현금<=0	1873000000.0	9.27025665775545	22.00378217013079		-3.2312628883987893	49.55019996643066	42.554299907684324	Y	Y	강한 상승추세	
APTV	Aptiv PLC	0001521332	S&P 500	제외	PEG=판정불가, PEGY=판정불가	46.630001068115234	0.64	2025	1.8871970401942118	1851000000.0		1851000000.0	7470000000.0	81000000.0	9207000000.0	13914000000.0	39.820942000778516	60.179057999221484	0.6617076326002588	-25.99703895623207	-26.371796058110483	113.47975003804267	114.06530800972767	-43.85964912280701	-9.379349728076658	-9.25361634386701	-79.21929824561401	-10.258699456153316	-10.007232687734021	-50.70035087719297	-6.565567651938123	-6.404628920149774	-208.7290364911893	-114.08013618174148	-113.73499629732831	판정불가				-0.3698673293564892	-0.06602193506216568	-0.0649139542623534	6.204312019987046	13.305408273364685	판정불가		판정불가	판정불가			판정불가	N	주당순현금<=0	216140000.0	-24.66882080993108	-38.99790740606184		-47.41174914736115	56.07299987792969	67.78964990615844	N	N	주의	단기위험부채 존재
AXON	AXON ENTERPRISE, INC.	0001069183	S&P 500	제외	PEG=판정불가, PEGY=판정불가	613.260009765625	1.51	2025		1201147000.0	505417000.0	1706564000.0	1730170000.0	80552000.0	3242658000.0	3757655000.0	46.32161447638127	53.67838552361873	0.8629472370401221	-0.28658492169479177	-1.264513779288576	406.3222481372979	406.96988314232686	-68.54166666666667	-9.393302099393695		-128.58333333333334	-10.286604198787394		-194.16083333333336	-15.532772340168965		-131.66044259229255	-102.53282002622431		판정불가							0.9115090445550564	0.1486333741056124	판정불가		판정불가	판정불가			판정불가	N	주당순현금<=0	82370000.0	56.71573093310387	17.89380952755306		-21.567976644432562	546.9166027832031	506.0886512756348	Y	Y	강한 상승추세	단기위험부채 존재
UNH	UNITEDHEALTH GROUP INC	0000731766	S&P 500	제외	PEG=판정불가, PEGY=판정불가	396.5899963378906	13.23	2025	2.33	24365000000.0	3756000000.0	28121000000.0	72320000000.0	3620000000.0	32454000000.0	207883000000.0	13.503538780961733	86.49646121903827	0.1561166617760952	-48.51701427003293	-52.49066959385291	33.64376497414388	33.94411685047192	-14.700193423597675	-14.517352798270888	-3.7667253412291712	-20.90038684719535	-20.534705596541777	0.9665493175416575	-276.5121179883945	-271.6741550422477	12.78744747107613	-169.72241371232394	-168.50252339970373	-96.77565052342335	판정불가				-0.3676816026120886	-0.3622469960670927	-0.04270405949908795	17.64544456641054	4.4492913914492185	판정불가		판정불가	판정불가			판정불가	N	주당순현금<=0	911000000.0	3.2759527752788564	39.5460870174019		-9.11195352571914	413.417998046875	348.67204879760743	N	Y	상승전환	단기위험부채 존재
KR	KROGER CO	0000056873	S&P 500	제외	PEG=판정불가, PEGY=판정불가	58.45000076293945	1.54	2025	2.44	3334000000.0		3334000000.0	14509000000.0	1366000000.0	5927000000.0	44017000000.0	11.86729136633029	88.13270863366971	0.13465252061703434	-17.061068702290076	-19.146564885496183	49.03316199040878	50.387380291191974	-47.97297297297297	-20.45740326595622		-87.44594594594594	-32.41480653191244		-134.66675675675674	-49.91880205914516		-330.3965012813874	-185.40427956811328		판정불가				-0.9286158820815906	-0.3674534240618736				판정불가		판정불가	판정불가			판정불가	N	주당순현금<=0 | FCF<=0	655000000.0	-9.646006249758232	-13.522704645905325		-22.685182615515952	57.933800048828125	64.34265003204345	Y	N	주의	단기위험부채 존재
DVN	DEVON ENERGY CORP/DE	0001090012	S&P 500	제외	PEG=판정불가, PEGY=판정불가	46.90999984741211	4.17	2025	2.65	1384000000.0	2343000000.0	3727000000.0	7391000000.0	998000000.0	15528000000.0					-5.788309636650869	-7.3649289099526065	12.637484288744119	13.015570445411203	-8.552631578947361	-22.960449726899977		-8.605263157894722	-37.420899453799954		-35.88394736842099	-156.0451507223458		-176.49530480738343	-432.64794549120927		판정불가				-0.46707330700341065	-1.607159246479932		10.552922590837282	22.496104508982334	판정불가		판정불가	판정불가			판정불가	N	주당순현금<=0	633000000.0	5.963404929636629	10.065699256313021		-9.90973665768048	43.97699996948242	42.968600044250486	Y	Y	강한 상승추세	단기위험부채 존재
CVS	CVS HEALTH Corp	0000064803	S&P 500	제외	PEG=판정불가, PEGY=판정불가	92.9000015258789	1.39	2025	2.83	8453000000.0	2145000000.0	10598000000.0	71348000000.0	0.0	75214000000.0	178156000000.0	29.68544026522477	70.31455973477523	0.4221805608567772	-47.7970102281668	-47.7970102281668	101.22087176550052	101.22087176550052	-62.02185792349728	-23.78711813669546	-23.938579568888617	-115.54371584699456	-39.07423627339092	-39.377159137777234	-160.60576502732243	-54.31318842001338	-54.734251201510354	-272.8802609142939	-158.46414158010913	-158.91738460979806	판정불가				-0.5847791753920841	-0.20704344638768815	-0.20853979224552707	6.142407553107789	6.611848710677055	판정불가		판정불가	판정불가			판정불가	N	주당순현금<=0	1271000000.0	0.901489990013915	21.93201017065651		-16.003614098045173	101.70000045776368	85.8921002960205	N	Y	상승전환	
COP	CONOCOPHILLIPS	0001163165	S&P 500	제외	PEG=판정불가, PEGY=판정불가	131.83999633789062	6.35	2025	2.52	6497000000.0	484000000.0	6981000000.0	16147000000.0	961000000.0	64487000000.0	57452000000.0	52.88463904083189	47.11536095916811	1.1224500452551696	-7.312640512634768	-8.079326911570183	21.9138010788229	22.03453909440328	-18.693982074263765	-24.182162850978774		-28.88796414852753	-39.86432570195755		-183.43857234314981	-253.1384682074304		-239.1372705085777	-292.004304641109		판정불가				-0.7380728708856451	-0.9885169064490914				판정불가		판정불가	판정불가			판정불가	N	주당순현금<=0 | FCF<=0	1253446000.0	14.514027171990197	19.84364492114732		-2.2611039110078557	116.35399993896485	110.95550033569336	Y	Y	강한 상승추세	단기위험부채 존재
SRE	SEMPRA	0001032208	S&P 500	제외	PEG=판정불가, PEGY=판정불가	84.02999877929688	2.75	2025	3.11	29000000.0		29000000.0		4166000000.0	31594000000.0					0.04435430833279802	-6.327371502509842	30.540234353077846	32.85722555702063	-37.782805429864254	-25.38521336020446	-26.568336591560993	-67.06561085972851	-42.27042672040892	-44.636673183121985	-184.4304298642534	-116.24367348112453	-122.75085125358547	-319.48165243778743	-238.33592189669812	-246.0797965450269	판정불가				-1.1353156308170218	-0.729372705614473	-0.7681125272438147			판정불가		판정불가	판정불가			판정불가	N	FCF<=0	653826000.0	-7.92242295385972	-11.079366371114418		-15.759399720003131	90.01260040283204	91.35295024871826	N	N	주의	단기위험부채 존재
CVX	CHEVRON CORP	0000093410	S&P 500	제외	PEG=판정불가, PEGY=판정불가	199.88999938964844	6.63	2025	3.51	8178000000.0	0.0	8178000000.0	33477000000.0	977000000.0	186450000000.0	131836000000.0	58.57939086230623	41.42060913769377	1.414257107315149	-13.63092672413793	-14.157327586206897	32.205267890465514	32.284664702240626	-31.79012345679013	-28.68529133996226		-55.08024691358026	-48.87058267992452		-365.1820370370371	-324.0119631678995		-282.6914994007192	-262.09513440254625		판정불가				-0.8781210438296824	-0.7817134583567769				판정불가		판정불가	판정불가			판정불가	N	주당순현금<=0 | FCF<=0	1856000000.0	9.588819121940318	8.50613291993849		-5.332699423309528	186.26759979248047	179.07215003967286	Y	Y	강한 상승추세	단기위험부채 존재
ORLY	O REILLY AUTOMOTIVE INC	0000898173	S&P 500	제외	PEG=판정불가, PEGY=판정불가	90.31999969482422	2.97	2025		193793000.0		193793000.0	6016904000.0	25000.0	-763352000.0					-6.803343540685509	-6.803372749056861	32.70146236885849	32.70147220332696	-92.6955238563699	-29.203737570730283	-11.269579863367396	-176.8910477127398	-49.907475141460566	-14.039159726734791	-525.3664117068373	-148.2252011701379	-41.69630438840233	-681.6722912776354	-264.11116216891656	-146.16508473127433	판정불가							1.861365386210611	2.060856280447127	판정불가		판정불가	판정불가			판정불가	N	주당순현금<=0	855919000.0	1.4603494729058308	-1.2248498651339368		-16.2307550079135	88.99140060424804	92.56629985809326	Y	N	중립/개선	단기위험부채 존재
KMB	KIMBERLY CLARK CORP	0000055785	S&P 500	제외	PEG=판정불가, PEGY=판정불가	111.0199966430664	1.5	2025	4.6	688000000.0		688000000.0	6439000000.0	963000000.0	1502000000.0					-17.259903961584634	-20.150060024009605	85.51993373643403	87.44670444471734	-80.13245033112582	-35.99237051910854	-26.238981580201248	-151.76490066225165	-63.48474103821708	-43.977963160402496	-227.64735099337747	-95.22711155732563	-65.96694474060374	-305.0507637153625	-185.7747382784423	-159.4189756217432	판정불가				-0.8832145563151526	-0.36707664690032915	-0.2530285120062295			판정불가		판정불가	판정불가			판정불가	N	주당순현금<=0 | FCF<=0	333200000.0	10.820519370003012	1.657355163233487		-15.232499344653828	108.99779998779297	103.03959999084472	Y	Y	강한 상승추세	단기위험부채 존재
VLO	VALERO ENERGY CORP/TX	0001035002	S&P 500	제외	PEG=판정불가, PEGY=판정불가	340.4100036621094	7.57	2025	1.39	4688000000.0		4688000000.0	8261000000.0		23725000000.0					-11.563106796116505	-11.563106796116505	46.49578737889378	46.49578737889378	-11.77156177156177	-36.119777156007146		-15.043123543123539	-63.73955431201429		-113.8764452214452	-482.50842614194823		-133.4527317048176	-241.74331569317968		판정불가				-0.2232796207312828	-0.7469445967866827		14.475728155339805	4.252439117420415	판정불가		판정불가	판정불가			판정불가	N	주당순현금<=0	309000000.0	41.63685148082126	70.51192381428149		-2.7538878637415554	296.54460205078124	232.416251373291	Y	Y	강한 상승추세	
IRM	IRON MOUNTAIN INC	0001020569	S&P 500	제외	PEG=판정불가, PEGY=판정불가	120.9000015258789	0.49	2025	2.85	158535000.0		158535000.0	16215885000.0	216074000.0	-981007000.0					-53.91701587557418	-54.64254438982459	356.7694232682716	358.2500937055174	-19.672131147540984	-36.34769139588404	-16.260604064943717	-30.84426229508197	-64.19538279176808	-24.021208129887434	-15.113688524590165	-31.45573756796636	-11.770391983644842	-112.50098290640223	-126.01797946316252	-109.73564254349937	판정불가				-0.047151269280415985	-0.09389171047513105	-0.03758899499316021	-3.1282033201708437	-2.587430339693788	판정불가		판정불가	판정불가			판정불가	N	주당순현금<=0 | FCF<=0	297816000.0	-4.810645230757493	8.158886067434068		-9.138731591634153	124.4434001159668	108.77414981842041	N	Y	중립/개선	단기위험부채 존재
FANG	Diamondback Energy, Inc.	0001539838	S&P 500	제외	PEG=판정불가, PEGY=판정불가	199.88999938964844	5.73	2025	2.14	104000000.0		104000000.0	13726000000.0	763000000.0	36972000000.0	28092000000.0	56.824050165990414	43.17594983400959	1.316104228961982	-47.12206697823086	-49.76148388502797	43.10856306594752	43.56919428877424	-63.10367031551834	-38.48028199276532		-117.70734063103669	-68.46056398553064		-674.4630618158403	-392.2790316370906		-437.41711134887737	-296.247452516329		판정불가				-1.4141893391866498	-0.8429945098650568				판정불가		판정불가	판정불가			판정불가	N	주당순현금<=0 | FCF<=0	289079000.0	3.6558821746734083	19.14525499148474		-6.457954463986571	192.78820037841797	178.6490998840332	Y	Y	강한 상승추세	단기위험부채 존재
COF	CAPITAL ONE FINANCIAL CORP	0000927628	S&P 500	보류	PEG=판정불가, PEGY=판정불가	216.24000549316406	4.03	2025	1.48	62093000000.0		62093000000.0	31377000000.0	1087000000.0	113616000000.0	555393000000.0	16.98273117402008	83.01726882597991	0.20456865678897646	56.74487345279882	54.7367448734528	39.576955841281695	40.0752507741219	-65.22864538395167	-39.17672229952939	-4.896815963113765	-121.95729076790334	-69.85344459905878	-1.2936319262275298	-491.4878817946505	-281.5093817342069	-5.213336662696945	-327.2881378604052	-230.18376553042876	-102.41090294592216	판정불가				-1.6107516111043871	-0.9524917088294325	-0.08633347084137717	48.29115093293922	22.332200197093425	판정불가		판정불가	판정불가			판정불가	Y		541300000.0	14.533899363276937	5.0779982253565725		-16.166549024405306	209.2043994140625	207.55349922180176	Y	Y	강한 상승추세	단기위험부채 존재
MGM	MGM Resorts International	0000789570	S&P 500	제외	PEG=판정불가, PEGY=판정불가	43.34000015258789	0.76	2025	0.02768804789513473	2062994000.0		2062994000.0	6230141000.0	0.0	2429917000.0	38097468000.0	5.995740904576005	94.00425909542399	0.06378158779475844	-15.028931566134704	-15.028931566134704	76.80122594568762	76.80122594568762	-68.33333333333333	-39.83701324007897		-128.16666666666666	-71.17402648015793		-97.40666666666667	-54.09226012492003		-324.7500376643409	-224.80909075790603		판정불가				-0.8893822259262196	-0.5183423142273307		5.267157154449554	12.153108296966733	판정불가		판정불가	판정불가			판정불가	N	주당순현금<=0	277275000.0	3.3134668995677963	21.878510907877533		-14.499898743828965	45.82159996032715	39.216149988174436	N	Y	상승전환	
WY	WEYERHAEUSER CO	0000106535	S&P 500	제외	PEG=판정불가, PEGY=판정불가	24.43000030517578	0.45	2025	3.44	464000000.0		464000000.0	5050000000.0	522000000.0	9426000000.0	7187000000.0	56.738698609522665	43.261301390477335	1.3115347154584667	-6.338044714587592	-7.059470650264592	68.37343337725194	69.97660212320083	-16.66666666666667	-43.761896821361546		-24.833333333333343	-79.02379364272309		-11.175000000000004	-35.56070713922539		-145.74293843800095	-245.56163198938413		판정불가				-0.19344745485703846	-0.5897304673715094		0.268116152339728	1.097487306551218	판정불가		판정불가	판정불가			판정불가	N	주당순현금<=0	723567000.0	-0.32639707449608757	0.2873550618651244		-9.852398666826668	24.345000114440918	24.23110008239746	Y	Y	강한 상승추세	단기위험부채 존재
TSN	TYSON FOODS, INC.	0000100493	S&P 500	보류	PEG=판정불가, PEGY=판정불가	57.16999816894531	1.33	2025	3.53	1229000000.0		1229000000.0			18085000000.0					3.442577030812325	3.442577030812325	40.39655724671653	40.39655724671653	-40.888888888888886	-46.97317852013001	-5.767715060111856	-73.27777777777777	-85.44635704026003	-3.0354301202237117	-97.45944444444444	-113.64365486354583	-4.037122059897537	-270.47305853751857	-298.78198093992063	-107.06160956655495	판정불가				-0.924803781191662	-1.0754178445159732	-0.05539370710343737	3.2969187675070026	5.7668687652641655	판정불가		판정불가	판정불가			판정불가	Y		357000000.0	-13.405027149528859	-8.688711688826967		-16.843639026988633	57.967800064086916	60.437400035858154	N	N	주의	
OXY	OCCIDENTAL PETROLEUM CORP /DE/	0000797468	S&P 500	제외	PEG=판정불가, PEGY=판정불가	58.40999984741211	1.61	2025	1.86	1968000000.0		1968000000.0	35745000000.0	440000000.0	36034000000.0					-33.773622637736224	-34.213578642135786	57.25690837586853	57.53017297487447	-34.01639344262294	-49.362988839182776		-59.53278688524588	-90.22597767836555		-95.84778688524588	-145.26382406216854		-264.0948247485614	-348.6968403383835		판정불가				-0.5616159578775923	-0.8296464162428191		4.104589541045895	7.027203478460121	판정불가		판정불가	판정불가			판정불가	N	주당순현금<=0	1000100000.0	2.671823649272609	14.6643137457535		-11.820649560497799	54.91720008850098	51.67349996566772	Y	Y	강한 상승추세	단기위험부채 존재
DOC	HEALTHPEAK PROPERTIES, INC.	0000765880	S&P 500	제외	PEG=판정불가, PEGY=판정불가	21.65999984741211	0.1	2025	5.64	467457000.0		467457000.0	9847894000.0		7500094000.0	12033567000.0	38.395741586792155	61.604258413207845	0.6232644069709339	-13.47678738700427	-13.47678738700427	351.3678723441638	351.3678723441638	-72.22222222222223	-52.27593913804323	-33.51833999568201	-135.94444444444446	-96.05187827608646	-58.536679991364025	-13.594444444444447	-9.605187827608646	-5.853667999136403	-162.76290184770562	-144.34528114161668	-127.02524487707134	판정불가				-0.1894943375955703	-0.13272681656097307	-0.07934231382536665			판정불가		판정불가	판정불가			판정불가	N	주당순현금<=0 | FCF<=0	696044000.0	9.008550239436076	23.70073994450934		-5.083259697304943	21.42199996948242	18.476200032234193	Y	Y	강한 상승추세	
GPC	GENUINE PARTS CO	0000040987	S&P 500	제외	PEG=판정불가, PEGY=판정불가	137.9499969482422	0.47	2025	3.13	333547000.0		333547000.0	3498423000.0	943540000.0	4422991000.0					-22.728014362657092	-29.503885098743268	341.86810917212614	356.284855419118	-92.73570324574962	-61.61464058703222	-16.81535450665752	-176.97140649149924	-114.72928117406444	-25.13070901331504	-83.17656105100464	-53.92276215181028	-11.811433236258068	-160.2947175723475	-139.08862873845638	-108.56211199532657	판정불가				-0.26210606032466843	-0.17107369484875223	-0.040031094271408406	3.0227935368043086	2.191224069354955	판정불가		판정불가	판정불가			판정불가	N	주당순현금<=0	139250000.0	40.19308415555436	17.986656781254197		-7.577380393160715	124.58660064697266	119.42585037231446	Y	Y	강한 상승추세	단기위험부채 존재
CSGP	COSTAR GROUP, INC.	0001057352	S&P 500	보류	PEG=판정불가, PEGY=판정불가	32.810001373291016	0.02	2025		1633000000.0	0.0	1633000000.0	993000000.0	0.0	8334000000.0	2167000000.0	79.3638701076088	20.6361298923912	3.845869866174435	1.5212740670311387	1.5212740670311387	1564.4363653129938	1564.4363653129938	-94.11764705882352	-72.19119357371476	-53.398733410393206	-179.73529411764704	-135.8823871474295	-98.29746682078641	-3.5947058823529408	-2.71764774294859	-1.9659493364157283	-110.95612841174463	-108.28298576409354	-105.9919209208449	판정불가							0.2923698597575469	0.8910998095707202	판정불가		판정불가	판정불가			판정불가	Y		420700000.0	1.5160943165023255	-26.73067827670408		-63.67762569665838	30.07219997406006	45.17424994468689	Y	N	중립/개선	
APD	Air Products & Chemicals, Inc.	0000002969	S&P 500	제외	PEG=판정불가, PEGY=판정불가	303.8500061035156	-1.77	2025	2.36	1856000000.0	0.0	1856000000.0	4918100000.0	34700000.0	15024900000.0	23709700000.0	38.78935112276879	61.21064887723121	0.6337026617797779	-13.749887741356085	-13.905702739110911			-110.30267753201397			-212.10535506402795			375.4264784633295			23.556515031113467			판정불가							-23.661427929950605	-7.787206666005342	판정불가		판정불가	판정불가			판정불가	N	주당순현금<=0 | FCF<=0 | 순현금차감PER<=0/불가	222700000.0	6.341649256456483	8.401719349321212		-3.29100106863488	296.169599609375	280.638299407959	Y	Y	강한 상승추세	단기위험부채 존재
ALB	ALBEMARLE CORP	0000915913	S&P 500	제외	PEG=판정불가, PEGY=판정불가	133.17999267578125	-5.76	2025	1.16	613110000.0		613110000.0	3119464000.0	367178000.0	9533365000.0					-21.300941664400327	-24.421505303236334			48.57142857142857			105.64285714285714			-608.5028571428571			-556.9026059523978			1년	105.64285714285714	-608.5028571428571	-556.9026059523978				5.885113543649714	4.41891715520414	판정불가		판정불가	1년	48.57142857142857		판정불가	N	주당순현금<=0 | 순현금차감PER<=0/불가	117664000.0	-24.956335290628907	-32.005924339712834		-38.2339320602437	131.63919982910156	155.47209983825684	Y	N	주의	단기위험부채 존재
ARE	ALEXANDRIA REAL ESTATE EQUITIES, INC.	0001035443	S&P 500	제외	PEG=판정불가, PEGY=판정불가	52.900001525878906	-8.44	2025	5.33	549062000.0		549062000.0	12400555000.0		15470070000.0	14925399000.0	50.89597400191456	49.10402599808544	1.036492893757815	-69.58899516755037	-69.58899516755037			-568.8888888888889			-1129.2777777777778			9531.104444444445			17917.210150328232			판정불가									판정불가		판정불가	판정불가			판정불가	N	주당순현금<=0 | FCF<=0 | 순현금차감PER<=0/불가	170307000.0	5.948330067194596	-2.145763629198172		-39.50828659583819	50.626199874877926	50.177450065612796	Y	Y	상승전환	
APO	Apollo Global Management, Inc.	0001858681	S&P 500	제외	PEG=판정불가, PEGY=판정불가	133.17999267578125	5.54	2025	1.69	8980000000.0		8980000000.0	13364000000.0		23341000000.0	418434000000.0	5.283458774262916	94.71654122573709	0.055781795934364796	-7.384732856185598	-7.384732856185598	25.372694139344194	25.372694139344194	-24.42019099590723			-40.34038199181446			-223.4857162346521			-267.80727475989187			판정불가				-0.895852481059969					판정불가		판정불가	판정불가			판정불가	N	주당순현금<=0 | FCF<=0	593657223.0	2.233813086575198	13.625111949535217		-12.783238154927579	126.78319976806641	127.62475017547608	Y	Y	상승전환	
ARES	Ares Management Corp	0001176948	S&P 500	보류	PEG=판정불가, PEGY=판정불가	142.75999450683594	0.039510671963162464	2014	3.86	488896000.0		488896000.0			4275463000.0	19931981000.0	17.661769660605227	82.33823033939478	0.21450266283115563	6.083971489795992	6.083971489795992	3459.217882815787	3459.217882815787													판정불가							40.42582623597222	28.317335242007495	판정불가		판정불가	판정불가			판정불가	Y		80358036.0	12.7824241125992	19.785193943011016		-22.711282920375652	128.4802001953125	133.6031004714966	Y	Y	상승전환	
BKR	Baker Hughes Co	0001701605	S&P 500	제외	PEG=판정불가, PEGY=판정불가	61.81999969482422	2.98	2024	1.48	7023000000.0		7023000000.0			18834000000.0									56.020942408376975		111.75011009858267	120.54188481675395		232.00022019716533	359.21481675392675		691.3606561875526	481.06570450857095		1018.3446450994334	5년	232.00022019716533	691.3606561875526	1018.3446450994334						판정불가		판정불가	5년	111.75011009858267		판정불가	N	주당순현금<=0 | FCF<=0 | 순현금차감PER<=0/불가		-2.1835459674938273	-4.613482450861561		-11.267401579493875	59.32260025024414	57.89375007629395	Y	Y	중립/개선	
BAX	BAXTER INTERNATIONAL INC	0000010456	S&P 500	제외	PEG=판정불가, PEGY=판정불가	26.290000915527344	-1.87	2025	15.0	1966000000.0	5148000000.0	7114000000.0	9438000000.0	1000000.0	6129000000.0	13953000000.0	30.519868538990142	69.48013146100986	0.43926037411309393	-4.530214424951267	-4.5321637426900585			-87.00000000000001			-165.50000000000003			309.48500000000007			1077.1966117247746			판정불가									판정불가		판정불가	판정불가			판정불가	N	주당순현금<=0 | FCF<=0 | 순현금차감PER<=0/불가	513000000.0	36.00621323999922	26.82103953723103		-7.266311951406001	23.831199989318847	20.03739998817444	Y	Y	강한 상승추세	단기위험부채 존재
BLK	BlackRock, Inc.	0002012383	S&P 500	제외	PEG=판정불가, PEGY=판정불가	1176.6400146484375	35.31	2025	1.95	11468000000.0		11468000000.0	12768000000.0		55888000000.0	108456000000.0	34.006717616706425	65.99328238329359	0.5153057461090211	-8.081234006422008	-8.081234006422008	33.5520036435814	33.5520036435814	-15.94858367055462			-23.39716734110924			-826.1539788145673			-170.21297665636587			판정불가				-0.4172204980441635			22.080417839085364	1.876565267558291	판정불가		판정불가	판정불가			판정불가	N	주당순현금<=0	160866521.0	9.93142853884339	7.5755620995227035		-2.1578386573493424	1073.6666003417968	1056.3668521118163	Y	Y	강한 상승추세	
BK	BK		S&P 500	판정불가																																																												SEC ticker mapping 없음
BG	Bunge Global SA	0001996862	S&P 500	제외	PEG=판정불가, PEGY=판정불가	111.70999908447266	0.49	2025	2.61	1135000000.0	861000000.0	1996000000.0	8831000000.0	3883000000.0	15904000000.0					-41.05920370735475	-64.3851565962587	311.7738832486274	359.37786873618643	-88.76146788990825			-169.0229357798165			-82.82123853211009			-174.13950336664357			판정불가				-0.2763267628199821			-5.2803277335427685	-4.7268174530642515	판정불가		판정불가	판정불가			판정불가	N	주당순현금<=0 | FCF<=0	166466940.0	-7.814821915212233	-7.966714769943706		-14.991251829115503	113.12680068969726	113.31815036773682	N	N	주의	단기위험부채 존재
CNC	CENTENE CORP	0001071739	S&P 500	제외	PEG=판정불가, PEGY=판정불가	65.0	-13.53	2025		17888000000.0	2432000000.0	20320000000.0	17351000000.0	50000000.0	19953000000.0	56691000000.0	26.03334899013621	73.96665100986378	0.35196062867121763	6.020895691885885	5.919499671476894			-314.42155309033285			-620.3431061806657			8393.242226624407			12812.680348652933			판정불가							8.762644083745002	13.480990898069233	판정불가		판정불가	판정불가			판정불가	N	순현금차감PER<=0/불가	493116000.0	10.506630971165375	52.26048744666103		-5.413272925819457	65.00279983520508	49.148049945831296	N	Y	상승전환	단기위험부채 존재
CRL	CHARLES RIVER LABORATORIES INTERNATIONAL, INC.	0001100682	S&P 500	제외	PEG=판정불가, PEGY=판정불가	297.6400146484375	-2.91	2025		213770000.0	1063000.0	214833000.0	1626760000.0	166000.0	3164630000.0	3924228000.0	44.64231051038122	55.35768948961878	0.8064337749998216	-28.4869461706077	-28.490295375675895			-1555.0			-3101.5			9025.365			2932.3090161988002			판정불가									판정불가		판정불가	판정불가			판정불가	N	주당순현금<=0 | FCF<=0 | 순현금차감PER<=0/불가	49564000.0	80.94717290334515	77.63190438359628		-0.3148141088152312	238.5529998779297	195.2779503631592	Y	Y	강한 상승추세	단기위험부채 존재
COIN	Coinbase Global, Inc.	0001679788	S&P 500	보류	PEG=판정불가, PEGY=판정불가	187.16000366210938	4.45	2025		11285452000.0	309765000.0	11595217000.0	5937034000.0	452105000.0	14793058000.0	14878774000.0	49.855559980253325	50.144440019746675	0.9942390414694114	19.700576931781384	18.126444505569115	37.63133184951191	37.98506947337983	-53.05907172995781			-97.61814345991561			-434.4007383966245			-332.1012662410891			판정불가							8.437931958956717	4.508405532086972	판정불가		판정불가	판정불가			판정불가	Y		287209000.0	7.699392897225943	1.7505714787237947		-51.671957814551426	159.43419921875	197.22554992675782	Y	N	중립/개선	단기위험부채 존재
CAG	CONAGRA BRANDS INC.	0000023217	S&P 500	제외	PEG=판정불가, PEGY=판정불가	16.270000457763672	-4.0	2026	7.35	218000000.0		218000000.0	6456000000.0	34200000.0	8932700000.0	10916800000.0	45.0021411118668	54.9978588881332	0.8182526014949436	-13.022964509394573	-13.094363256784968			-266.6666666666667			-524.8333333333334			2099.3333333333335			12803.09326532059			판정불가							2.04321503131524	12.558174393537062	판정불가		판정불가	판정불가			판정불가	N	주당순현금<=0 | 순현금차감PER<=0/불가	479000000.0	22.055518011137607	-12.854845252934144		-18.731268302972314	14.602200050354003	15.924250030517578	Y	Y	상승전환	단기위험부채 존재
STZ	CONSTELLATION BRANDS, INC.	0000016918	S&P 500	제외	PEG=판정불가, PEGY=판정불가	135.00999450683594			2.99	102400000.0		102400000.0	9692900000.0	272000000.0	8082400000.0	13513600000.0	37.42544915725134	62.57455084274866	0.5980937721998579																	판정불가									판정불가		판정불가	판정불가			판정불가	N	주당순현금<=0 | FCF<=0 | 순현금차감PER<=0/불가		-6.060399832930486	-12.964157583398062		-19.000479697973372	135.1234002685547	145.1126504135132	N	N	주의	단기위험부채 존재 | EPS 없음
CTRA	CTRA		S&P 500	판정불가																																																												SEC ticker mapping 없음
CRWD	CrowdStrike Holdings, Inc.	0001535527	S&P 500	제외	PEG=판정불가, PEGY=판정불가	185.3800048828125	-0.65	2026		5230125000.0	0.0	5230125000.0	745471000.0		4428390000.0	6614079000.0	40.10325951560289	59.89674048439711	0.6695399314099514	17.897380435476663	17.897380435476663															판정불가							5.228916576208416	2.8206475555515613	판정불가		판정불가	판정불가			판정불가	N	순현금차감PER<=0/불가	250576000.0	14.900216369520326	104.10118755723462		-17.80250703400884	193.79284912109375	139.3360499191284	N	Y	상승전환	
DDOG	Datadog, Inc.	0001561550	S&P 500	보류	PEG=판정불가, PEGY=판정불가	222.99000549316406	0.31	2025		401305000.0	4073531000.0	4474836000.0			3732206000.0	2911638000.0	56.175400867329216	43.824599132670784	1.2818234959153576	12.311363736408858	12.311363736408858	679.6085217959845	679.6085217959845	-40.38461538461539			-72.26923076923077			-22.40346153846154			-110.04684559243545			판정불가							2.752776004754149	1.2344840293026216	판정불가		판정불가	판정불가			판정불가	Y		363472000.0	0.5319904186278146	102.11184790391155		-22.61321873452079	249.11420104980468	174.95052543640136	N	Y	상승전환	
DOW	DOW INC.	0001751788	S&P 500	제외	PEG=판정불가, PEGY=판정불가	30.15999984741211	-3.7	2025	4.45	3816000000.0	21000000.0	3837000000.0	15060000000.0	62000000.0	16008000000.0					-15.77150084317032	-15.858628442945475			-335.6687898089172			-662.8375796178344			2452.4990445859876			8031.628173056591			판정불가									판정불가		판정불가	판정불가			판정불가	N	주당순현금<=0 | FCF<=0 | 순현금차감PER<=0/불가	711600000.0	-12.554368281628836	0.4663537225637615		-27.967517036536815	30.14340003967285	31.154350099563597	Y	N	판정불가	단기위험부채 존재
DD	DuPont de Nemours, Inc.	0001666700	S&P 500	제외	PEG=판정불가, PEGY=판정불가	136.0399932861328	-0.3	2025	1.76	715000000.0	0.0	715000000.0	7859000000.0	60000000.0	13919000000.0	7472000000.0	65.0694217194147	34.930578280585294	1.8628211991434689	-17.041984732824428	-17.185114503816795			-117.96407185628743			-227.42814371257487			68.22844311377246			-49.84677559468294			판정불가									판정불가		판정불가	판정불가			판정불가	N	주당순현금<=0 | FCF<=0 | 순현금차감PER<=0/불가	419200000.0	-4.85382756244519	-10.629357380644732		-11.999484760458035	139.5229998779297	136.07299980163575	N	N	주의	단기위험부채 존재
SATS	SATS		S&P 500	판정불가																																																												SEC ticker mapping 없음
EA	EA		S&P 500	판정불가																																																												SEC ticker mapping 없음
EQR	EQR		S&P 500	판정불가																																																												SEC ticker mapping 없음
ERIE	ERIE INDEMNITY CO	0000922621	S&P 500	제외	PEG=판정불가, PEGY=판정불가	257.9800109863281			2.18	266417000.0	33902000.0	300319000.0	0.0	0.0	2283374000.0	1072107000.0	68.04908148787014	31.950918512129856	2.1298004770046273																	판정불가									판정불가		판정불가	판정불가			판정불가	N	주당순현금<=0 | FCF<=0 | 순현금차감PER<=0/불가		16.88641345599635	-4.388109115890559		-27.20243596372268	241.02240142822265	255.34464988708496	Y	Y	상승전환	EPS 없음
XOM	ExxonMobil Holdings Corp	0002115436	S&P 500	제외	PEG=판정불가, PEGY=판정불가	160.63999938964844			2.51																											판정불가									판정불가		판정불가	판정불가			판정불가	N	주당순현금<=0 | FCF<=0 | 순현금차감PER<=0/불가		8.613932399538049	7.768685107151385		-6.3159746625971795	149.5866000366211	143.04534984588622	Y	Y	강한 상승추세	EPS 없음
F	FORD MOTOR CO	0000037996	S&P 500	제외	PEG=판정불가, PEGY=판정불가	13.949999809265137	-2.06	2025	4.31	23356000000.0	15131000000.0	38487000000.0	291000000.0		35952000000.0	253180000000.0	12.434459001424955	87.56554099857505	0.14200173789398846	9.59939683337522	9.59939683337522			-241.0958904109589			-473.6917808219178			975.8050684931507			6895.01850777842			판정불가									판정불가		판정불가	판정불가			판정불가	N	FCF<=0 | 순현금차감PER<=0/불가	3979000000.0	-12.153654227122345	-3.326406692718342		-20.01147143302576	14.12519998550415	13.465099983215332	N	Y	중립/개선	
GIS	GENERAL MILLS INC	0000040704	S&P 500	제외	PEG=판정불가, PEGY=판정불가	39.779998779296875	-3.74	2026	5.96	453800000.0		453800000.0	12416000000.0	68400000.0	7368400000.0	22636100000.0	24.55764968588045	75.44235031411955	0.32551543772999764	-22.246977868700018	-22.37418634926539			-805.6603773584906			-1602.8207547169811			5994.54962264151			14969.255421298092			판정불가							3.0245490050213872	7.603190291185944	판정불가		판정불가	판정불가			판정불가	N	주당순현금<=0 | 순현금차감PER<=0/불가	537700000.0	18.21693009048937	-10.687027477296384		-22.167876532484264	36.81959999084473	40.163199996948244	Y	N	중립/개선	단기위험부채 존재
GDDY	GoDaddy Inc.	0001609711	S&P 500	제외	PEG=판정불가, PEGY=판정불가	99.79000091552734	6.22	2025		932400000.0	0.0	932400000.0	3765200000.0	15100000.0	215100000.0					-20.14492856685701	-20.252309399022906	19.28214300359877	19.299406802982357													판정불가							11.203874243534038	11.2274517895016	판정불가		판정불가	판정불가			판정불가	N	주당순현금<=0	140621000.0	14.215403203053235	26.12487038852922		-32.97286563492877	89.9663996887207	97.43259983062744	Y	Y	상승전환	단기위험부채 존재
HAL	HALLIBURTON CO	0000045012	S&P 500	제외	PEG=판정불가, PEGY=판정불가	33.79999923706055	-1.29	2019	1.96	2206000000.0		2206000000.0	7158000000.0	0.0	10461000000.0	14505000000.0	41.90098534006248	58.099014659937524	0.7211995863495346	-5.805392731535756	-5.805392731535756			-168.25396825396825			-328.0079365079365			423.1302380952381			1151.8646380065306			판정불가									판정불가		판정불가	판정불가			판정불가	N	주당순현금<=0 | FCF<=0 | 순현금차감PER<=0/불가	853000000.0	-14.64646328421172	-4.167851436416825		-21.35877245916352	33.96379978179932	34.43464997291565	N	N	주의	
HAS	HASBRO, INC.	0000046080	S&P 500	제외	PEG=판정불가, PEGY=판정불가	96.73999786376953	-2.3	2025	2.93	4580369000.0		4580369000.0	2767900000.0	0.0	2995530000.0	4986500000.0	37.528423220659406	62.4715767793406	0.6007279655068686	12.927738944365192	12.927738944365192			-183.63636363636363			-358.77272727272725			825.1772727272726			752.984588535238			판정불가							5.919400855920114	6.1188763558335895	판정불가		판정불가	판정불가			판정불가	N	순현금차감PER<=0/불가	140200000.0	9.94431209504878	-3.017546001233551		-8.684164966604657	87.66999984741211	88.95369979858398	Y	Y	상승전환	
HPE	Hewlett Packard Enterprise Co	0001645590	S&P 500	제외	PEG=판정불가, PEGY=판정불가	53.439998626708984	-0.04	2025	1.09	5773000000.0		5773000000.0	21748000000.0	4609000000.0	24688000000.0	14276000000.0	63.361051226773434	36.63894877322657	1.7293359484449426	-12.06570996978852	-15.546827794561933			-102.07253886010363			-195.64507772020727			7.825803108808291			-85.35590697995077			판정불가									판정불가		판정불가	판정불가			판정불가	N	주당순현금<=0 | FCF<=0 | 순현금차감PER<=0/불가	1324000000.0	43.65590734059515	159.04023655192034		-10.665331161255843	49.256200256347654	32.0622001171112	Y	Y	강한 상승추세	단기위험부채 존재
HON	HONEYWELL INTERNATIONAL INC	0000773840	S&P 500	제외	PEG=판정불가, PEGY=판정불가	215.67999267578125	-0.18	2025	1.3	12487000000.0	443000000.0	12930000000.0	29046000000.0	5893000000.0	13904000000.0					-25.07156191661481	-34.23926571250778			-102.06659012629163			-195.63318025258326			35.21397244546498			-83.67304634584255			판정불가							8.434971997510889	3.9108736479746984	판정불가		판정불가	판정불가			판정불가	N	주당순현금<=0 | 순현금차감PER<=0/불가	642800000.0	-11.1851130236161	-15.090473301335383		-17.08963758020157	233.05700103759764	229.51841934204103	N	N	주의	단기위험부채 존재
INTC	INTEL CORP	0000050863	S&P 500	제외	PEG=판정불가, PEGY=판정불가	87.4800033569336	-0.06	2025	0.5715591916016661	14265000000.0	23151000000.0	37416000000.0	44086000000.0	0.0	114281000000.0					-1.4724061810154525	-1.4724061810154525			98.63013698630138			205.76027397260276			-12.345616438356165			-114.11250110266218			1년	205.76027397260276	-12.345616438356165	-114.11250110266218				-1.0924944812362032	-1.2488505250492916	판정불가		판정불가	1년	98.63013698630138		판정불가	N	주당순현금<=0 | FCF<=0 | 순현금차감PER<=0/불가	4530000000.0	-28.159640495551653	86.60409847224145		-37.931033176118945	106.84559982299805	72.00459995269776	N	Y	중립/개선	
IFF	INTERNATIONAL FLAVORS & FRAGRANCES INC	0000051253	S&P 500	제외	PEG=판정불가, PEGY=판정불가	87.16000366210938	-1.41	2025	1.86	590000000.0		590000000.0	4740000000.0	314000000.0	14154000000.0					-16.2109375	-17.4375			-248.42105263157896			-488.3421052631579			688.5623684210526			689.9980948720265			판정불가							1.0	1.147315234034031	판정불가		판정불가	판정불가			판정불가	N	주당순현금<=0 | 순현금차감PER<=0/불가	256000000.0	13.194809950791386	9.113678842020612		-1.0332644894607834	79.82919982910157	73.76394983291625	Y	Y	강한 상승추세	단기위험부채 존재
IP	INTERNATIONAL PAPER CO /NEW/	0000051434	S&P 500	제외	PEG=판정불가, PEGY=판정불가	40.9900016784668	-4.52	2025	4.51	1145000000.0		1145000000.0	8839000000.0	992000000.0	14827000000.0					-15.214554083448686	-17.176191417836662			-387.8980891719745			-767.296178343949			3468.178726114649			8361.035823613009			판정불가							2.301759936721376	5.615418010413392	판정불가		판정불가	판정불가			판정불가	N	주당순현금<=0 | 순현금차감PER<=0/불가	505700000.0	26.434312133091286	-6.115433298847284		-17.491945598485913	39.31700012207031	38.36585006713867	Y	Y	상승전환	단기위험부채 존재
IVZ	Invesco Ltd.	0000914208	S&P 500	제외	PEG=판정불가, PEGY=판정불가	32.720001220703125	-1.6	2025	2.65	1037500000.0	363900000.0	1401400000.0	1186000000.0	0.0	12231000000.0	14089100000.0	46.4701881831756	53.5298118168244	0.8681179067506086	0.4734065934065934	0.4734065934065934			-235.5932203389831			-462.6864406779662			740.298305084746			2162.525297879062			판정불가							3.167032967032967	9.679195748406851	판정불가		판정불가	판정불가			판정불가	N	순현금차감PER<=0/불가	455000000.0	18.507788835164728	22.180733314991063		0.0	29.656800041198732	26.87654995918274	Y	Y	강한 상승추세	
KKR	KKR & Co. Inc.	0001404912	S&P 500	제외	PEG=판정불가, PEGY=판정불가	107.58000183105469			73.0	5363009000.0		5363009000.0	36914472000.0		30902561000.0	328512161000.0	8.59802314942458	91.40197685057542	0.09406824059703531																	판정불가									판정불가		판정불가	판정불가			판정불가	N	주당순현금<=0 | FCF<=0 | 순현금차감PER<=0/불가		13.206359268618595	11.331889567294184		-27.963034371817898	100.57620040893555	106.14695007324218	Y	Y	상승전환	EPS 없음
KHC	Kraft Heinz Co	0001637459	S&P 500	제외	PEG=판정불가, PEGY=판정불가	25.31999969482422	-4.93	2025	6.24	2615000000.0		2615000000.0		0.0	41664000000.0	39997000000.0	51.020683067804704	48.979316932195296	1.0416781258594394	2.203032855939343	2.203032855939343			-318.14159292035396			-627.7831858407079			3094.97110619469			12123.424737352378			판정불가							3.08424599831508	12.18106649087182	판정불가		판정불가	판정불가			판정불가	N	순현금차감PER<=0/불가	1187000000.0	3.8556216834096935	3.115452576423672		-9.474435765413158	25.0503999710083	23.992149991989137	Y	Y	강한 상승추세	
LYV	Live Nation Entertainment, Inc.	0001335258	S&P 500	제외	PEG=판정불가, PEGY=판정불가	186.77000427246094	-0.24	2025		7094200000.0		7094200000.0	1715688000.0		271007000.0					23.19881058106669	23.19881058106669			-108.75912408759125			-209.0182481751825			50.1643795620438			-73.1410941722399			판정불가							1.4389441534685132	0.7704364301289917	판정불가		판정불가	판정불가			판정불가	N	순현금차감PER<=0/불가	231844300.0	12.133769818745076	20.325990725188635		-0.8967432777247653	180.48640075683593	158.82345085144044	Y	Y	강한 상승추세	
LITE	Lumentum Holdings Inc.	0001633978	S&P 500	제외	PEG=판정불가, PEGY=판정불가	885.5650024414062	-92.96	2026		2043500000.0	694900000.0	2738400000.0	40500000.0	1596900000.0	4643900000.0	2663600000.0	63.54977762572699	36.450222374273004	1.7434674876107523	36.16487935656836	14.758713136729222			-25224.324324324323			-50440.14864864865			4688916.218378378			529383.0086387275			판정불가							4.022788203753351	0.4542623288706038	판정불가		판정불가	판정불가			판정불가	N	순현금차감PER<=0/불가	74600000.0	-1.8557918190527545	22.418748463342375		-15.907944127870532	812.50509765625	659.0926749420166	Y	Y	강한 상승추세	단기위험부채 존재
LYB	LyondellBasell Industries N.V.	0001489393	S&P 500	제외	PEG=판정불가, PEGY=판정불가	62.54999923706055	-2.34	2025	4.23	3443000000.0	0.0	3443000000.0	5772000000.0	226000000.0	10082000000.0					-4.071678321678322	-4.466783216783217			-156.38554216867468			-304.27108433734935			711.9943373493975			1038.2803293905472			판정불가							0.6713286713286714	1.0732672734085544	판정불가		판정불가	판정불가			판정불가	N	주당순현금<=0 | 순현금차감PER<=0/불가	572000000.0	-7.566128373614179	10.220262972793925		-24.07137494233732	59.873399810791014	59.66409996032715	Y	Y	강한 상승추세	단기위험부채 존재
MRNA	Moderna, Inc.	0001682852	S&P 500	제외	PEG=판정불가, PEGY=판정불가	158.8300018310547	-7.26	2025		2595000000.0	3204000000.0	5799000000.0	590000000.0		8650000000.0	3688000000.0	70.10860755389852	29.891392446101474	2.3454446854663775	13.390745501285346	13.390745501285346			21.76724137931034			52.03448275862068			-377.77034482758614			-337.84570954637104			1년	52.03448275862068	-377.77034482758614	-337.84570954637104				-5.308483290488432	-3.3422421641315556	판정불가		판정불가	1년	21.76724137931034		판정불가	N	FCF<=0 | 순현금차감PER<=0/불가	389000000.0	233.60638478236274	209.18825215795508		-8.917308530991141	71.56690032958984	49.97877505302429	Y	Y	강한 상승추세	
TAP	MOLSON COORS BEVERAGE CO	0000024545	S&P 500	제외	PEG=판정불가, PEGY=판정불가	42.0099983215332	-10.75	2025	4.47	896500000.0		896500000.0	3865400000.0	7000000.0	10230300000.0	12195700000.0	45.618032640684916	54.38196735931508	0.838844838754643	-14.911602209944752	-14.946760421898544			-300.9345794392524			-593.3691588785048			6378.718457943926			15083.81031373278			판정불가									판정불가		판정불가	판정불가			판정불가	N	주당순현금<=0 | FCF<=0 | 순현금차감PER<=0/불가	199100000.0	0.33436683357979113	-11.576510617360313		-22.747338182446207	40.94	44.29860000610351	Y	N	중립/개선	단기위험부채 존재
MNST	Monster Beverage Corp	0000865752	S&P 500	보류	PEG=판정불가, PEGY=판정불가	48.72999954223633	2.28	2010	0.00534373081153634	2088117000.0	677084000.0	2765201000.0	373951000.0		8254108000.0					2.429018813531603	2.429018813531603	20.30744768802839	20.30744768802839													판정불가							1.9969526162297564	4.097994325854475	판정불가		판정불가	판정불가			판정불가	Y		984451000.0	-44.25760631101574	-43.03250056034219		-51.24074609583265	80.03380012512207	78.83770013809205	N	N	주의	
NCLH	Norwegian Cruise Line Holdings Ltd.	0001513761	S&P 500	제외	PEG=판정불가, PEGY=판정불가	17.260000228881836	0.92	2025		209893000.0	240000000.0	449893000.0	1552480000.0		2209888000.0	20331513000.0	9.803685227905754	90.19631477209424	0.1086927470670776	-2.307911555273571	-2.307911555273571	21.2694693306037	21.2694693306037	-51.322751322751316			-94.14550264550263			-86.61386243386242			-601.8184315486163			판정불가							-2.4487259618083104	-14.187288118981373	판정불가		판정불가	판정불가			판정불가	N	주당순현금<=0 | FCF<=0	477742311.0	-4.903578007460618	-27.509447223758276		-35.93170049472828	19.447599983215333	19.945600056648253	N	N	주의	
OMC	OMNICOM GROUP INC.	0000029989	S&P 500	제외	PEG=판정불가, PEGY=판정불가	88.19999694824219	-0.27	2025	3.6	5316800000.0	0.0	5316800000.0	9272900000.0	62000000.0	12045800000.0					-19.307467057101025	-19.610053684724257			-103.61930294906168			-198.73860589812335			53.65942359249331			-39.1616491506435			판정불가							13.608589555880917	15.429240393133748	판정불가		판정불가	판정불가			판정불가	N	주당순현금<=0 | 순현금차감PER<=0/불가	204900000.0	17.835669667697807	6.637647109828326		-0.8320277410061694	80.85040023803711	77.52549999237061	Y	Y	강한 상승추세	단기위험부채 존재
PANW	Palo Alto Networks Inc	0001327567	S&P 500	제외	PEG=판정불가, PEGY=판정불가	339.8999938964844	1.6	2025		2268600000.0	634600000.0	2903200000.0	1991500000.0		7824400000.0	15751800000.0	33.18770624612957	66.81229375387043	0.4967305323836006	1.2853517552516565	1.2853517552516565	211.63415133827044	211.63415133827044	-78.02197802197801			-147.54395604395603			-236.07032967032967			-169.45287846701882			판정불가									판정불가		판정불가	판정불가			판정불가	N	FCF<=0	709300000.0	36.79719572849709	134.67274405582498		-14.166668207958487	338.47159973144534	227.31589988708495	Y	Y	강한 상승추세	
PSKY	Paramount Skydance Corp	0002041610	S&P 500	제외	PEG=판정불가, PEGY=판정불가	10.670000076293945	-0.53	2025	1.93	3274000000.0		3274000000.0		0.0	11693000000.0					2.970961887477314	2.970961887477314															판정불가							0.29310344827586204	2.7469863746961365	판정불가		판정불가	판정불가			판정불가	N	순현금차감PER<=0/불가	1102000000.0	0.47081159391397787	5.0196873675322		-45.91991726379666	9.419000024795531	11.198100025653838	Y	N	중립/개선	
PPL	PPL Corp	0000922224	S&P 500	제외	PEG=판정불가, PEGY=판정불가	34.9900016784668	1.59	2025	3.25	1071000000.0	0.0	1071000000.0	17990000000.0	456000000.0	13933000000.0					-22.76053746024742	-23.373978271280745	36.321093797933464	36.70690562877204													판정불가							-1.8847161760037021	-5.386442085150215	판정불가		판정불가	판정불가			판정불가	N	주당순현금<=0 | FCF<=0	743348000.0	-2.371647518142428	-8.59455905366805		-12.107509491466661	35.78880012512207	36.37025007247925	N	N	주의	단기위험부채 존재
Q	Qnity Electronics, Inc.	0002058873	S&P 500	제외	PEG=판정불가, PEGY=판정불가	126.62000274658203	3.3	2025	25.0	915000000.0		915000000.0	4100000000.0		7095000000.0	6704000000.0	51.41676933111094	48.58323066888905	1.0583233890214798	-15.181124880838894	-15.181124880838894	42.97003867497604	42.97003867497604													판정불가									판정불가		판정불가	판정불가			판정불가	N	주당순현금<=0 | FCF<=0	209800000.0	-20.419833913102103	5.639914985655903		-27.909358240384652	142.34379989624023	120.40250007629395	N	Y	중립/개선	
SJM	J M SMUCKER Co	0000091419	S&P 500	제외	PEG=판정불가, PEGY=판정불가	125.44999694824219	-1.3	2026	3.56	101300000.0	18600000.0	119900000.0	6392800000.0	420900000.0	5543800000.0	10675600000.0	34.18005598234213	65.81994401765786	0.519296339315823	-57.86808118081181	-61.75092250922509			88.76404494382022			186.02808988764045			-241.83651685393258			-292.7752273710368			1년	186.02808988764045	-241.83651685393258	-292.7752273710368				10.666051660516604	8.502233495403889	판정불가		판정불가	1년	88.76404494382022		판정불가	N	주당순현금<=0 | 순현금차감PER<=0/불가	108400000.0	21.819763894769473	17.682925650976667		-0.7123082997608776	116.55800003051758	105.91940017700195	Y	Y	강한 상승추세	단기위험부채 존재
TTWO	TAKE TWO INTERACTIVE SOFTWARE INC	0000946581	S&P 500	제외	PEG=판정불가, PEGY=판정불가	232.92999267578125	-1.62	2026	0.0004293135411685325	1545500000.0	443800000.0	1989300000.0	2488000000.0	30000000.0	3510900000.0	5872300000.0	37.416872708670816	62.58312729132919	0.5978747679784752	-2.9318048206937095	-3.1081716637272194			93.66692728694292			195.83385457388584			-317.2508444096951			-236.20008345223334			1년	195.83385457388584	-317.2508444096951	-236.20008345223334				2.7131099353321577	1.164774833916977	판정불가		판정불가	1년	93.66692728694292		판정불가	N	주당순현금<=0 | 순현금차감PER<=0/불가	170100000.0	6.623631565143384	12.358301779414326		-11.193722563820874	241.40839935302733	228.4978000640869	N	Y	상승전환	단기위험부채 존재
TKO	TKO Group Holdings, Inc.	0001973266	S&P 500	제외	PEG=판정불가, PEGY=판정불가	193.41000366210938	-0.08	2025	1.61	831100000.0		831100000.0	3724063000.0	38061000.0	3737381000.0	6245742000.0	37.436992412093886	62.56300758790611	0.5983886302059868	-14.911329390520558	-15.107508915779817			-500.0			-991.5			79.32000000000001			-58.98867768051262			판정불가									판정불가		판정불가	판정불가			판정불가	N	주당순현금<=0 | FCF<=0 | 순현금차감PER<=0/불가	194011072.0	3.0750395924267204	-6.6599114929878915		-14.024716442992968	191.95979858398437	197.16379959106445	Y	N	중립/개선	단기위험부채 존재
VTRS	Viatris Inc	0001792044	S&P 500	제외	PEG=판정불가, PEGY=판정불가	16.719999313354492	-3.0	2025	2.9	1322400000.0	40700000.0	1363100000.0	12480600000.0	0.0	0.0	22481800000.0	0.0	100.0	0.0	-9.211616538238463	-9.211616538238463			-466.03773584905656			-923.5754716981131			2770.7264150943392			16471.330914357888			판정불가							1.6050211285110614	9.599409057565625	판정불가		판정불가	판정불가			판정불가	N	주당순현금<=0 | 순현금차감PER<=0/불가	1206900000.0	2.6396462471483417	3.9800957256530545		-6.382985767292371	16.613400058746336	14.47560000896454	Y	Y	강한 상승추세	
V	VISA INC.	0001403161	S&P 500	제외	PEG=판정불가, PEGY=판정불가	384.1400146484375			70.0	17164000000.0	3604000000.0	20768000000.0	19602000000.0	5569000000.0	26437000000.0	61718000000.0	29.98922352674267	70.01077647325732	0.4283515343983927																	판정불가									판정불가		판정불가	판정불가			판정불가	N	주당순현금<=0 | FCF<=0 | 순현금차감PER<=0/불가		17.25528275220669	22.732364175858642		0.0	355.2522033691406	332.3104997253418	Y	Y	강한 상승추세	단기위험부채 존재 | EPS 없음
WYNN	WYNN RESORTS LTD	0001174922	S&P 500	제외	PEG=판정불가, PEGY=판정불가	98.73999786376953	3.14	2025	1.01	1463442000.0	0.0	1463442000.0	10537402000.0	9410000.0	-275492000.0	14139396000.0	-1.9871170487043188	101.9871170487043	-0.01948400058955842	-87.04622852373781	-87.13649837399154	59.16758802149915	59.19633638145257	-27.81609195402298			-47.13218390804596			-147.99505747126432			-249.8835939569813			판정불가				-0.45305365404252596			6.640445881258214	6.725183334943923	판정불가		판정불가	판정불가			판정불가	N	주당순현금<=0	104243000.0	-2.450111961099588	-8.106095236715728		-25.94870213318655	99.71099975585938	108.3596499633789	N	N	주의	단기위험부채 존재
