티커	종목명	CIK	유니버스	종합판정	종합판정사유	현재가	EPS(FY)	EPS기준연도	배당수익률(%)	현금및현금성자산	유가증권성자산	현금성자산합계	장기부채	단기위험부채	주주지분	총부채	주주지분비중	부채비중	주주대부채배수	주당순현금(린치식)	주당순현금(보수형)	순현금차감PER(린치식)	순현금차감PER(보수형)	연간이익증가율(1년,%)	연간이익증가율(3년CAGR,%)	연간이익증가율(5년CAGR,%)	그레이엄적정PER(1년)	그레이엄적정PER(3년)	그레이엄적정PER(5년)	그레이엄내재가치(1년)	그레이엄내재가치(3년)	그레이엄내재가치(5년)	그레이엄괴리율(1년,%)	그레이엄괴리율(3년,%)	그레이엄괴리율(5년,%)	그레이엄사용기준	그레이엄적정PER(선택)	그레이엄내재가치(선택)	그레이엄괴리율(선택,%)	배당감안점수(1년)	배당감안점수(3년)	배당감안점수(5년)	주당잉여현금흐름	잉여현금흐름수익률(%)	배당감안점수기준	배당감안점수	배당감안점수판정	사용연성장률기준	사용연성장률(%)	린치PER배수	린치PER판정	하드필터통과	하드필터사유	발행주식수	3M수익률(보조,%)	6M수익률(보조,%)	12M수익률(보조,%)	52주고점대비(보조,%)	50일이평(보조)	200일이평(보조)	50일선상회(보조)	200일선상회(보조)	추세판정(보조)	비고
BRK-B	BERKSHIRE HATHAWAY INC	0001067983	S&P 500	제외	PEG=매우 유망, PEGY=판정불가	505.5400085449219	3035.0	2013	0.0	31583000000.0		31583000000.0			717419000000.0	502473000000.0	58.81004220045709	41.18995779954291	1.4277762188217078	19217.429611745007	19217.429611745007	-6.165367249818809	-6.165367249818809	10.08342401160682	4.546670945333653		28.66684802321364	17.593341890667304		87003.88375045339	53395.79263817527		17110.088673470895	10462.129947313668		3년	17.593341890667304	53395.79263817527	10462.129947313668				15237.402157404884	3014.084325642626	판정불가		판정불가	3년	4.546670945333653	-1.356017913754339	매우 유망	N	순현금차감PER<=0/불가	1643456.0	2.036531655927054	5.375718300140053		-4.510591805388442	507.7339990234375	492.7945997619629	N	Y	상승전환	
CVNA	CARVANA CO.	0001690820	S&P 500	제외	PEG=매우 유망, PEGY=안심	63.720001220703125	8.45	2025	0.0	2327000000.0		2327000000.0	4830000000.0	211000000.0	3441000000.0	8998000000.0	27.662995417638076	72.33700458236193	0.3824183151811514	-11.160306228458557	-12.101107113078916	8.861574846054637	8.972912228849946	431.4465408805031			871.3930817610062			7363.271540880502			11455.667608003932			1년	871.3930817610062	7363.271540880502	11455.667608003932	48.68734377079627			3.9638482769075742	6.220728501209898	1년	48.68734377079627	안심	1년	431.4465408805031	0.0205392186665114	매우 유망	N	주당순현금<=0	224277000.0	-3.978299224482862	-0.5058982949892044		-33.40997011707601	68.81139999389649	71.81148998260498	N	N	주의	단기위험부채 존재
BXP	BXP, Inc.	0001037540	S&P 500	제외	PEG=매우 유망, PEGY=안심	59.790000915527344	1.74	2025	4.72	1478206000.0		1478206000.0	3300000000.0	750000000.0	5147190000.0	18473924000.0	21.790631889757613	78.20936811024238	0.2786192040196766	-11.467271777376329	-16.188142431814892	40.95245557063429	43.66559962490933	1833.3333333333333	-31.442996126467893	-20.67539892344771	3675.1666666666665	-54.385992252935786	-32.85079784689542	6394.79	-94.63162652010827	-57.16038825359803	10595.417130089532	-258.2733317796833	-195.60191901377542	1년	3675.1666666666665	6394.79	10595.417130089532	44.88261589498782	-0.6525370885361538	-0.3896078684690356			1년	44.88261589498782	안심	1년	1833.3333333333333	0.0223377030385277	매우 유망	N	주당순현금<=0 | FCF<=0	158869000.0	-10.6678609847493	13.799010037431092		-19.777268355281453	66.40259986877442	62.756950016021726	N	N	판정불가	단기위험부채 존재
BKNG	Booking Holdings Inc.	0001075531	S&P 500	매우 유망	PEG=매우 유망, PEGY=안심	157.6300048828125	165.57	2025	1.06	17203000000.0	0.0	17203000000.0	16856000000.0	1880000000.0	-5578000000.0	34842000000.0	-19.060962274466924	119.06096227446692	-0.1600941392572183	10.631453169521125	-46.96835074604002	0.8878332530850478	1.2357211791318023	-4.1229949620707655	29.43673092572357	158.29965811243966	0.2540100758584689	67.37346185144713	325.0993162248793	42.05644825988669	11155.024078744102	53826.693787353266	-73.31951598228213	6976.713654254547	34047.492304761305	3년	67.37346185144713	11155.024078744102	6976.713654254547	-3.4499664789840367	34.34961556097765	179.4927792563478	278.4092649897362	176.62199858251296	3년	34.34961556097765	안심	3년	29.436730925723566	0.0301607286259224	매우 유망	Y		32639000.0	-10.192570051375839	-12.911599512258288		-28.24706573907202	188.62679992675783	182.0628981781006	N	N	주의	단기위험부채 존재
SNDK	Sandisk Corp	0002023554	S&P 500	매우 유망	PEG=매우 유망, PEGY=안심	1704.1600341796875	73.76	2026	0.0	4762000000.0		4762000000.0	0.0	0.0	15736000000.0	6771000000.0	69.91602612520549	30.083973874794506	2.324028946979767	30.72258064516129	30.72258064516129	22.687601051173075	22.687601051173075	751.5901060070672			1511.6802120141344			111501.53243816257			6442.902673564623			1년	1511.6802120141344	111501.53243816257	6442.902673564623	33.12779100407382			74.15483870967742	4.351401113884971	1년	33.12779100407382	안심	1년	751.5901060070672	0.0301861358602819	매우 유망	Y		155000000.0	-1.3328094822418923	139.75240059740264		-27.016700891662204	1545.0198950195313	1153.327023010254	Y	Y	강한 상승추세	
EQT	EQT Corp	0000033213	S&P 500	제외	PEG=매우 유망, PEGY=안심	52.470001220703125	3.31	2025	1.29	110795000.0		110795000.0	7293209000.0	53650000.0	23752677000.0	14432726000.0	62.20355196984565	37.79644803015435	1.6457512600183777	-11.665122125911742	-11.75225631255918	19.37617019535192	19.402494723039972	635.5555555555555	-8.914070517873663		1279.611111111111	-9.328141035747326		4235.512777777778	-30.876146828323648		7972.255916217834	-158.8453327806305		1년	1279.611111111111	4235.512777777778	7972.255916217834	32.86746292661726	-0.3934766489459601		4.608492213143376	8.783099115547572	1년	32.86746292661726	안심	1년	635.5555555555555	0.0304869810766026	매우 유망	N	주당순현금<=0	615717000.0	4.626120885813001	-12.811563717804697		-22.7587207640491	52.78839996337891	55.48210008621216	N	N	중립/개선	단기위험부채 존재
AIG	AMERICAN INTERNATIONAL GROUP, INC.	0000005272	S&P 500	제외	PEG=매우 유망, PEGY=안심	75.11000061035156	5.43	2025	2.66	1345000000.0	13230000000.0	14575000000.0	9191000000.0	250000000.0	41139000000.0	120092000000.0	25.51556462466895	74.48443537533105	0.3425623688505479	9.439817854436424	9.001490502354494	12.093956308639989	12.174679577900012	350.2304147465438	-25.267844119025785		708.9608294930875	-42.03568823805157		3849.6573041474653	-228.25378713262		5025.359170369798	-403.89267111943326		1년	708.9608294930875	3849.6573041474653	5025.359170369798	29.17907140895134	-1.8693505699929325				1년	29.17907140895134	안심	1년	350.2304147465438	0.0345314278812483	매우 유망	N	FCF<=0	570349988.0	-5.056250751029068	-2.996254275707577		-13.25787759909579	76.42419982910157	77.00409992218017	N	N	주의	단기위험부채 존재
EXE	EXPAND ENERGY Corp	0000895126	S&P 500	제외	PEG=매우 유망, PEGY=안심	86.43000030517578	7.57	2025	2.66	616000000.0	0.0	616000000.0	5009000000.0	0.0	18578000000.0	9709000000.0	65.67681267013116	34.323187329868844	1.9134823359769286	-18.27599118026376	-18.27599118026376	13.831702970335474	13.831702970335474	266.3736263736264	-39.005602482843		541.2472527472528	-69.51120496568599		4097.241703296704	-526.199821590243		4640.5318625821465	-708.8161746295077		1년	541.2472527472528	4097.241703296704	4640.5318625821465	19.450506344057306	-2.6277026452051886		7.650705162873903	8.851909216545204	1년	19.450506344057302	안심	1년	266.3736263736264	0.0519259476196587	매우 유망	N	주당순현금<=0	240370000.0	-4.073249979021276	-15.2065142289742		-29.66880890679201	92.92310012817383	98.30672492980958	N	N	주의	
CMCSA	COMCAST CORP	0001166691	S&P 500	매우 유망	PEG=매우 유망, PEGY=안심	21.559999465942383	5.39	2025	6.12	9481000000.0	14000000.0	9495000000.0		2781000000.0	96903000000.0					2.559989215421947	1.8101914262604475	3.525048283955554	3.66415733574804	30.193236714975846	64.538600212299	49.1602769351271	68.88647342995169	137.577200424598	106.8205538702542	371.2980917874396	741.5411102885832	575.7627853606701	1622.1618784080533	3339.430095812253	2570.5139129070185	3년	137.577200424598	741.5411102885832	3339.430095812253	10.301486331480191	20.044718403973473	15.682133259489873	5.9026691830682125	27.377872584795114	3년	20.044718403973476	안심	3년	64.538600212299	0.0546192243457395	매우 유망	Y		3709000000.0	-7.665956686441289	-22.88984201750013		-33.62069036390779	24.652600021362304	26.64094285964966	N	N	주의	단기위험부채 존재
SOLV	Solventum Corp	0001964738	S&P 500	제외	PEG=매우 유망, PEGY=안심	88.02999877929688	8.88	2025	0.0	878000000.0		878000000.0	5035000000.0	0.0	5049000000.0	9245000000.0	35.322512942493354	64.67748705750664	0.5461330448891293	-23.713633770678836	-23.713633770678836	12.583742404276544	12.583742404276544	221.73913043478265			451.9782608695653			4013.5669565217404			4459.31729203393			1년	451.9782608695653	4013.5669565217404	4459.31729203393	17.621079906993753			-0.05704506560182544	-0.06480184754386416	1년	17.621079906993753	안심	1년	221.73913043478265	0.0567502108428157	매우 유망	N	주당순현금<=0 | FCF<=0	175300000.0	17.09230968603286	40.87053354909864		-4.7706658866703116	88.32579971313477	77.98284990310668	N	Y	상승전환	
PGR	PROGRESSIVE CORP/OH/	0000080661	S&P 500	매우 유망	PEG=매우 유망, PEGY=안심	212.0500030517578	19.23	2025	19.0	138000000.0	10005000000.0	10143000000.0	2707900000.0	0.0	30323000000.0	92716000000.0	24.645031250253986	75.35496874974602	0.3270525044221062	12.642577792892364	12.642577792892364	10.369600897496904	10.369600897496904	33.541666666666664	153.53179173781882	14.762613935523516	75.58333333333333	315.56358347563764	38.025227871047036	1453.4675	6068.287710236512	731.2251319602345	585.4362080085579	2761.724887009478	244.83618082370643	3년	315.56358347563764	6068.287710236512	2761.724887009478	5.06689381645822	16.638228746051926	3.255922216222748	29.246726747151843	13.792372707494474	3년	16.638228746051926	안심	3년	153.53179173781882	0.0675404147904736	매우 유망	Y		588100000.0	-7.611537511111521	7.047305251121827		-13.055064339486	214.26199951171876	208.99914985656739	N	Y	중립/개선	
MOS	MOSAIC CO	0001285785	S&P 500	제외	PEG=매우 유망, PEGY=불리(<1)	20.940000534057617	1.7	2025	4.13	276600000.0		276600000.0	3834100000.0	759900000.0	12084900000.0					-11.155534650360615	-13.538413295703982	18.879726579069548	20.281419899859767	209.09090909090904	-44.713769482781785	-0.5780734258513109	426.6818181818181	-80.92753896556357	7.343853148297378	725.3590909090907	-137.57681624145806	12.484550352105542	3363.987929366759	-757.0048363546977	-40.37941722207604	1년	426.6818181818181	725.3590909090907	3363.987929366759	11.293643909403334	-2.1495951921133107	0.18813442870970534	-1.6763875823142051	-8.00567115357836	5년	0.1881344287097053	불리(<1)	1년	209.09090909090904	0.0902943445085935	매우 유망	N	주당순현금<=0 | FCF<=0	318900000.0	0.9156652243740515	-21.337340819330166		-40.86416090287561	23.50620002746582	24.4664000415802	N	N	중립/개선	단기위험부채 존재
COHR	COHERENT CORP.	0000820318	S&P 500	제외	PEG=매우 유망, PEGY=안심	338.3599853515625	4.12	2026	0.0	1162018000.0	825000000.0	1987018000.0	3214308000.0	7916000.0	10903495000.0	7061652000.0	60.69248974138648	39.307510258613526	1.5440430935990614	-6.281328849923486	-6.321843316085513	83.65080441783641	83.66063802612815	892.3076923076924			1793.1153846153848			7387.635384615385			2083.365558707981			1년	1793.1153846153848	7387.635384615385	2083.365558707981	10.66705453124645			-5.237784499480518	-1.5479917029900445	1년	10.66705453124645	안심	1년	892.3076923076924	0.0937465911579201	매우 유망	N	주당순현금<=0 | FCF<=0	195387000.0	3.398116198824952	20.075224490304254		-20.73836966408862	299.3942016601562	290.6549006652832	Y	Y	강한 상승추세	단기위험부채 존재
T	AT&T INC.	0000732717	S&P 500	제외	PEG=매우 유망, PEGY=안심	24.43000030517578	3.04	2025	4.58	18234000000.0	1890000000.0	20124000000.0	61300000000.0	0.0	126491000000.0	279032000000.0	31.19206555485139	68.80793444514862	0.4533207660770091	-5.73561777406324	-5.73561777406324	9.922900683960204	9.922900683960204	104.02684563758389			216.55369127516778			658.3232214765101			2594.732759937938			1년	216.55369127516778	658.3232214765101	2594.732759937938	10.945070307227864			2.7353391837303245	11.196639990015928	1년	10.945070307227864	안심	1년	104.02684563758389	0.095387883994198	매우 유망	N	주당순현금<=0	7179000000.0	16.112163698370587	-10.676416949055378		-16.048110017440763	24.968999938964842	25.152699909210206	N	N	중립/개선	
TTD	Trade Desk, Inc.	0001671933	S&P 500	매우 유망	PEG=매우 유망, PEGY=안심	11.979999542236328	0.9	2025	0.0	658175000.0	644882000.0	1303057000.0			2484391000.0	3668829000.0	40.37546195325375	59.62453804674625	0.6771618410124866	2.6401668723191727	2.6401668723191727	10.377591855463507	10.377591855463507	15.384615384615383	101.50381586419562	-28.890526663955164	39.26923076923077	211.50763172839123	-49.28105332791033	35.34230769230769	190.35686855555213	-44.352947995119294	195.01092690117315	1488.9555578398451	-470.22495567508054	3년	211.50763172839123	190.35686855555213	1488.9555578398451	1.4824841445769348	9.781056846127239	-2.7839336010063955	1.6122143405646023	13.457549266847863	3년	9.78105684612724	안심	3년	101.50381586419562	0.1022384406646143	매우 유망	Y		493551000.0	-37.17881628761738	-42.12560820922822		-77.86809660845724	14.415800075531006	22.47682507991791	N	N	주의	
GPN	GLOBAL PAYMENTS INC	0001123360	S&P 500	제외	PEG=매우 유망, PEGY=안심	81.79000091552734	5.78	2025	1.22	8336402000.0		8336402000.0	9090364000.0	35137000.0	22888767000.0	29559003000.0	43.641068056849704	56.3589319431503	0.7743416447435659	-3.1154424647119106	-3.2606318799378533	14.68952307616596	14.714642352156607	-6.168831168831167	143.56933796914083	56.79044787371208	-3.8376623376623336	295.63867593828166	122.08089574742417	-22.18168831168829	1708.791546923268	705.6275774201117	-127.12029351191416	1989.2426064258232	762.7308589333351	3년	295.63867593828166	1708.791546923268	1989.2426064258232	-0.33689529218690173	9.856639811816926	3.9491035599266784	10.570125780965919	12.923493902246971	3년	9.856639811816926	안심	3년	143.56933796914083	0.1023165759761556	매우 유망	N	주당순현금<=0	242008000.0	9.962360763288224	25.695406945011957		-13.750923403712346	88.01039978027343	76.48170001983642	N	Y	상승전환	단기위험부채 존재
AIZ	ASSURANT, INC.	0001267238	S&P 500	매우 유망	PEG=매우 유망, PEGY=안심	270.9599914550781	16.93	2025	1.32	1834100000.0	402500000.0	2236600000.0	2006900000.0	0.0	5871600000.0	30418000000.0	16.17984215863498	83.82015784136502	0.19303044250115065	4.496282384855581	4.496282384855581	15.739144067939902	15.739144067939902	17.08160442600276	137.11065981498948	49.9928022766621	42.66320885200552	282.72131962997895	108.4856045533242	722.2881258644534	4786.471941335543	1836.6612850877787	166.5663377038451	1666.486600339697	577.8348623443453	3년	282.72131962997895	4786.471941335543	1666.486600339697	1.1691616994272387	8.795310546586075	3.2602028455400265	31.288018127789123	11.54709887602587	3년	8.795310546586075	안심	3년	137.11065981498948	0.1147915420228999	매우 유망	Y		51086649.0	-2.9512967018937686	21.131918502282577		-10.150218896347907	279.9195983886719	250.77329940795897	N	Y	중립/개선	
DASH	DoorDash, Inc.	0001792789	S&P 500	매우 유망	PEG=매우 유망, PEGY=안심	191.77000427246094	2.13	2025	0.0	4378000000.0	1128000000.0	5506000000.0			10033000000.0	9613000000.0	51.0689198819098	48.9310801180902	1.0436908353271612	12.52257292704339	12.52257292704339	84.15372363634627	84.15372363634627	634.4827586206897			1277.4655172413793			2721.0015517241377			1318.8879861827725			1년	1277.4655172413793	2721.0015517241377	1318.8879861827725	7.53956843742865			4.944437621393449	2.5783164787171535	1년	7.53956843742865	안심	1년	634.4827586206897	0.1326335861659805	매우 유망	Y		439686000.0	1.2780555008919947	23.008346234954825		-31.766585091003307	206.2018002319336	186.54502510070802	N	Y	상승전환	
EIX	EDISON INTERNATIONAL	0000827052	S&P 500	제외	PEG=매우 유망, PEGY=안심	54.25	11.55	2025	6.47	158000000.0	10000000.0	168000000.0	36070000000.0	2390000000.0	17579000000.0	74767000000.0	19.03601671972798	80.96398328027202	0.2351170971150374	-93.01036269430051	-99.20207253886011	12.749814951887489	13.285893726308233	248.9425981873112	93.26535131289802	52.72616154177432	506.3851963746224	195.03070262579604	113.95232308354863	5848.7490181268895	2252.6046153279444	1316.1493316149867	10681.10418087906	4052.266572033077	2326.0817172626485	3년	195.03070262579604	2252.6046153279444	4052.266572033077	20.032651387579534	7.8224940275021915	4.642903584495624	-1.8523316062176165	-3.414436140493302	3년	7.822494027502191	안심	3년	93.26535131289802	0.1367047330268756	매우 유망	N	주당순현금<=0 | FCF<=0	386000000.0	-27.31779147425376	-27.034295745301563		-32.508084282507056	63.36700065612793	68.13555000305176	N	N	주의	단기위험부채 존재
APA	APA Corp	0001841666	S&P 500	제외	PEG=매우 유망, PEGY=안심	44.099998474121094	3.99	2025	2.28	516000000.0		516000000.0			6093000000.0					1.4373259052924792	1.4373259052924792	10.692399140057296	10.692399140057296	75.77092511013217	-28.726114714581406		160.04185022026434	-48.95222942916281		638.5669823788547	-195.31939542235963		1347.997742570401	-542.9011387312805		1년	160.04185022026434	638.5669823788547	1347.997742570401	7.29966437726098	-2.473356481381754				1년	7.29966437726098	안심	1년	75.77092511013217	0.1411148026042445	매우 유망	N	FCF<=0	359000000.0	32.472205651252104	13.806447675151201		-6.981652360143786	41.92040000915527	35.534350080490114	Y	Y	강한 상승추세	
PODD	INSULET CORP	0001145197	S&P 500	제외	PEG=매우 유망, PEGY=안심	134.72999572753906	3.48	2025	0.0	907200000.0	0.0	907200000.0	1374300000.0	18400000.0	1515200000.0	1675200000.0	47.492477432296894	52.50752256770311	0.9044890162368673	-6.49778816459394	-6.753748991458698	40.58269652072787	40.65624848247062	-39.7923875432526	267.70008870907657	103.38356182130251	-71.0847750865052	543.9001774181531	215.26712364260501	-247.3750173010381	1892.7726174151728	749.1295902762654	-283.60797531775927	1304.8635622633562	456.02287095088354	3년	543.9001774181531	1892.7726174151728	1304.8635622633562	-0.9805259619189766	6.596409594723383	2.547478868697123	5.2541524079793005	3.8997643988682635	3년	6.596409594723383	안심	3년	267.70008870907657	0.1515976207420356	매우 유망	N	주당순현금<=0	71886000.0	-14.884072624859822	-33.79686533134202		-61.10116600484743	144.0770004272461	191.83570053100587	N	N	주의	단기위험부채 존재
ACGL	ARCH CAPITAL GROUP LTD.	0000947484	S&P 500	제외	PEG=매우 유망, PEGY=안심	94.81999969482422	11.6	2025	0.0	993000000.0		993000000.0			24206000000.0	55035000000.0	30.54731767645537	69.45268232354464	0.4398291996002544	2.641660015961692	2.641660015961692	7.9464085930053905	7.9464085930053905	3.663985701519215	45.06349306453876	17.271170538952106	15.827971403038429	98.62698612907752	43.04234107790421	183.60446827524578	1144.0730390972992	499.29115650368885	93.63474885696282	1106.5735528153025	426.5673466680498	3년	98.62698612907752	1144.0730390972992	1106.5735528153023	0.4610870003267059	5.670925744266998	2.173456138934837			3년	5.670925744266998	안심	3년	45.06349306453876	0.1763380522150103	매우 유망	N	FCF<=0	375900000.0	-6.764992585908713	-3.8336702208864537		-10.95041631715925	97.84379989624023	96.3567497253418	N	N	주의	
MCHP	MICROCHIP TECHNOLOGY INC	0000827054	S&P 500	제외	PEG=매우 유망, PEGY=안심	81.26000213623047	0.22	2026	2.23	240300000.0	0.0	240300000.0	5496400000.0	0.0	6432400000.0					-9.64068231841526	-9.64068231841526	413.1849293392988	413.1849293392988	2300.0	-62.033647476478926	-29.795234328396646	4608.5	-115.56729495295785	-51.09046865679329	1013.87	-25.424804889650726	-11.239903104494525	1147.6864057919552	-131.28821587652268	-113.8320241311969	1년	4608.5	1013.87	1147.6864057919552	5.571911840253634	-0.1447382109800269	-0.06671403618828665	1.5975788701393985	1.966008895078658	1년	5.571911840253634	안심	1년	2300.0	0.179645621451869	매우 유망	N	주당순현금<=0	545200000.0	-7.9311124298358955	14.887598302742955		-21.045468731120177	75.91480010986328	79.05380010604858	Y	Y	중립/개선	
UAL	United Airlines Holdings, Inc.	0000100517	S&P 500	제외	PEG=매우 유망, PEGY=안심	111.87000274658203	10.2	2025	0.0	5942000000.0	6298000000.0	12240000000.0	17170000000.0	4096000000.0	15282000000.0					-15.007610350076103	-27.476407914764078	12.438981676142955	13.661412809935895	7.936507936507938	65.99631084110487		24.373015873015873	140.49262168220974		248.6047619047619	1433.0247411585392		122.22647340764237	1180.9731885005451		3년	140.49262168220974	1433.0247411585392	1180.9731885005451	0.6380351819095909	5.305603992301147				3년	5.305603992301147	안심	3년	65.99631084110487	0.1884799546764288	매우 유망	N	주당순현금<=0 | FCF<=0	328500000.0	-13.312669429605073	16.168223469791478		-17.809123323099897	115.51659942626954	109.11834987640381	N	Y	중립/개선	단기위험부채 존재
POOL	POOL CORP	0000945841	S&P 500	제외	PEG=매우 유망, PEGY=안심	158.24000549316406	10.85	2025	3.26	16358000.0		16358000.0	1186424000.0	13029000.0	1185229000.0	2440897000.0	32.68581952199124	67.31418047800877	0.48557108308953634	-31.379156833297575	-31.72857219480798	17.476420490918123	17.508624671702492	-3.982300884955761	81.32295304049583	49.55892924246974	0.5353982300884779	171.14590608099167	107.61785848493948	5.809070796459984	1856.9330809787596	1167.6537645615933	-96.32894932077659	1073.491542288261	637.9004828283046	3년	171.14590608099167	1856.9330809787596	1073.491542288261	-0.04133002437948409	4.839832795534452	3.022296772380698	8.300686547951084	5.2456308517441705	3년	4.839832795534452	안심	3년	81.32295304049583	0.2149014495601937	매우 유망	N	주당순현금<=0	37288000.0	-23.91210051240241	-24.449745620064522		-47.71172622012831	181.7092007446289	207.90260032653808	N	N	주의	단기위험부채 존재
PSX	Phillips 66	0001534701	S&P 500	제외	PEG=매우 유망, PEGY=안심	269.7200012207031	10.79	2025	1.88	1116000000.0		1116000000.0	1100000000.0	0.0	29093000000.0	43439000000.0	40.110571885512606	59.889428114487394	0.6697437786321048	0.03921059274162915	0.03921059274162915	24.99358578572396	24.99358578572396	116.2324649298597	-22.599870532058443		240.9649298597194	-36.699741064116886		2600.011593186372	-395.99020608182116		863.9669217778428	-246.8152915207038		1년	240.9649298597194	2600.011593186372	863.9669217778428	4.72571106612978	-0.8290075185567567				1년	4.72571106612978	안심	1년	116.2324649298597	0.2150310225357975	매우 유망	N	FCF<=0	408053000.0	43.61322864963817	54.39038691031701		-1.6374276555530143	241.90360076904298	184.7066502380371	Y	Y	강한 상승추세	
DAL	DELTA AIR LINES, INC.	0000027904	S&P 500	제외	PEG=매우 유망, PEGY=안심	83.66000366210938	7.66	2025	1.04	4310000000.0	0.0	4310000000.0	11936000000.0	1372000000.0	20853000000.0					-11.660550458715596	-13.758409785932722	12.443936569298298	12.717808544130822	43.71482176360225	54.92464741024845		95.9296435272045	118.34929482049691		734.8210694183865	906.5555983250064		778.3421435005218	983.618884343411		3년	118.34929482049691	906.5555983250064	983.618884343411	3.596516384856977	4.497342709727766				3년	4.497342709727766	안심	3년	54.924647410248454	0.2265637952366057	매우 유망	N	주당순현금<=0 | FCF<=0	654000000.0	-5.999995885270371	22.88484343716317		-10.676916089045118	83.98440002441406	75.92834991455078	N	Y	중립/개선	단기위험부채 존재
EOG	EOG RESOURCES INC	0000821189	S&P 500	제외	PEG=매우 유망, PEGY=안심	144.27999877929688	9.12	2025	2.83	3396000000.0		3396000000.0	7909000000.0	27000000.0	29833000000.0					-8.265567765567766	-8.315018315018316	16.72648755974393	16.731909769113507	-18.93333333333334	-11.640253534777134	73.5055490536587	-29.36666666666668	-14.780507069554268	155.5110981073174	-267.8240000000001	-134.79822447433492	1418.2612147387345	-285.6279472317482	-193.4282129295925	882.9922558484554	5년	155.5110981073174	1418.2612147387345	882.9922558484554	-0.9627444659744134	-0.5267246636993291	4.563752478277474			5년	4.563752478277474	안심	5년	73.5055490536587	0.2275540795911023	매우 유망	N	주당순현금<=0 | FCF<=0	546000000.0	8.042538590032521	3.7612338099642706		-6.153249886730238	144.37600067138672	132.42404991149903	N	Y	상승전환	단기위험부채 존재
PRU	PRUDENTIAL FINANCIAL INC	0001137774	S&P 500	제외	PEG=매우 유망, PEGY=안심	113.54000091552734	9.99	2025	4.93	19712000000.0	7800000000.0	27512000000.0	18856000000.0		32438000000.0	738159000000.0	4.209463571750215	95.79053642824978	0.043944461830039326	24.47271699180096	24.47271699180096	8.915644036409047	8.915644036409047	33.2		37.53520846738611	74.9		83.57041693477223	748.2510000000001		834.8684651783745	559.0197234159717		635.3077844340592	5년	83.57041693477223	834.8684651783745	635.3077844340592	4.276752172281389		4.762999542598363			5년	4.762999542598363	안심	5년	37.53520846738611	0.2375274948627431	매우 유망	N	FCF<=0	353700000.0	-1.2695644212805668	17.475425890320338		-9.26236441483982	119.80659942626953	108.67840003967285	N	Y	중립/개선	
FCX	FREEPORT-MCMORAN INC	0000831259	S&P 500	제외	PEG=매우 유망, PEGY=안심	72.55999755859375	2.9	2021	83.0	3824000000.0		3824000000.0	8913000000.0	466000000.0	18899000000.0	27401000000.0	40.81857451403887	59.18142548596113	0.6897193533082734	-3.5266805266805266	-3.8496188496188495	26.236785546646303	26.348143589038827	607.3170731707318	106.36118797315696		1223.1341463414635	221.22237594631395		3547.089024390244	641.5448902443104		4788.491102174988	784.1578167450311		3년	221.22237594631395	641.5448902443104	784.1578167450311	26.3110384442263	7.217392833298587				3년	7.217392833298587	안심	3년	106.36118797315697	0.2466763116003164	매우 유망	N	주당순현금<=0 | FCF<=0	1443000000.0	19.874440809358653	11.459292257031617		-9.19785479499452	70.93240013122559	63.86155000686645	Y	Y	강한 상승추세	단기위험부채 존재
INCY	INCYTE CORP	0000879169	S&P 500	매우 유망	PEG=매우 유망, PEGY=안심	112.7300033569336	6.41	2025	0.0	3097817000.0	284870000.0	3382687000.0	316153000.0	689118000.0	5167478000.0	1790495000.0	74.26700276071782	25.732997239282184	2.8860611171770936	15.279192825112107	11.845620328849028	15.202934560346566	15.738593296113038	4173.333333333333	61.56160063417288	56.62815181550294	8355.166666666666	131.62320126834578	121.75630363100588	53556.61833333333	843.7047201300965	780.4579062747476	47408.752540136666	648.4296061437166	592.3249206367957	3년	131.62320126834578	843.7047201300965	648.4296061437166	274.50840604277374	4.049323529599507	3.724817178599501	6.800189337319382	6.032279903148897	3년	4.049323529599507	안심	3년	61.56160063417288	0.2469548290449648	매우 유망	Y		200700000.0	-4.885245907971036	17.561793799639002		-13.237889854860052	123.4315998840332	107.01655006408691	N	Y	중립/개선	단기위험부채 존재
GEV	GE Vernova Inc.	0001996810	S&P 500	제외	PEG=매우 유망, PEGY=안심	990.0	17.69	2025	20.0	8848000000.0		8848000000.0		63000000.0	11178000000.0	50720000000.0	18.058741801027498	81.9412581989725	0.22038643533123028	32.05797101449275	31.829710144927535	54.15161271823104	54.16451610260443	217.02508960573476			442.5501792114695			7828.712670250897			690.7790576011007			1년	442.5501792114695	7828.712670250897	690.7790576011007	4.377064277643135					1년	4.377064277643135	안심	1년	217.02508960573476	0.2495177530699663	매우 유망	N	FCF<=0	276000000.0	-7.56216126881365	8.701619544331596		-15.734639672509177	964.5466052246094	919.0206491088867	Y	Y	강한 상승추세	단기위험부채 존재
LULU	lululemon athletica inc.	0001397187	S&P 500	매우 유망	PEG=매우 유망, PEGY=안심	93.61000061035156	13.26	2025	0.0	881320000.0		881320000.0		0.0	4961840000.0	3494903000.0	58.673179497118454	41.326820502881546	1.4197361128477672	7.4018208082776225	7.4018208082776225	6.5013710257974315	6.5013710257974315	-9.426229508196727	25.676965842053367	24.12698368466455	-10.352459016393453	59.85393168410673	56.7539673693291	-137.27360655737718	793.6631341312552	752.5576073173038	-246.64416799736375	747.8401121209805	703.9286426776123	3년	59.85393168410673	793.6631341312552	747.8401121209805	-1.4498833354985372	3.949469387328796	3.711060880686352	7.740744784492895	8.269142969791744	3년	3.949469387328796	안심	3년	25.676965842053367	0.2531985697137774	매우 유망	Y		119068000.0	-19.65496618831305	-41.07390139072441		-56.63794770564024	111.02740066528321	143.81554985046387	N	N	주의	
APP	AppLovin Corp	0001751008	S&P 500	제외	PEG=매우 유망, PEGY=안심	281.9700012207031	9.75	2025	0.0	2487096000.0		2487096000.0	3512987000.0	0.0	2134671000.0	5124939000.0	29.404761412803165	70.59523858719683	0.41652612840855274	-2.9999444395707227	-2.9999444395707227	29.22768673438706	29.22768673438706	115.23178807947019			238.96357615894038			2329.8948675496686			726.291753542256			1년	238.96357615894038	2329.8948675496686	726.291753542256	3.9425558761000845			11.598438459513993	4.113359013122705	1년	3.942555876100085	안심	1년	115.23178807947019	0.2536425687869222	매우 유망	N	주당순현금<=0	341970000.0	-46.00137784371666	-31.300555612642388		-61.56352090994967	328.51379943847655	454.239500579834	N	N	주의	
EG	EVEREST GROUP, LTD.	0001095073	S&P 500	제외	PEG=매우 유망, PEGY=안심	366.8399963378906	37.8	2025	2.18	656095000.0	331000000.0	987095000.0		50000000.0	15461000000.0	47054000000.0	24.73166440054387	75.26833559945612	0.32857992944276787	23.728245192307693	22.526322115384616	9.077030453586852	9.108827360383756	18.942731277533024	35.51207914489844	88.45989078523058	46.38546255506605	79.52415828979689	185.41978157046117	1753.3704845814966	3006.013183354322	7008.867743363432	377.9660075469236	719.434416465736	1810.6062079740273	3년	79.52415828979689	3006.013183354322	719.434416465736	2.3270530362918667	4.152468071758441	9.985632553365908			3년	4.152468071758441	안심	3년	35.51207914489844	0.2556040274789383	매우 유망	N	FCF<=0	41600000.0	-1.1212947876305557	10.07621244321566		-7.990974390188077	373.19939697265625	348.6782989501953	N	Y	중립/개선	단기위험부채 존재
PYPL	PayPal Holdings, Inc.	0001633917	S&P 500	매우 유망	PEG=매우 유망, PEGY=안심	54.40999984741211	5.41	2025	1.03	8049000000.0	2373000000.0	10422000000.0	9987000000.0		20256000000.0	59917000000.0	25.26536365110449	74.7346363488955	0.3380676602633643	0.4493801652892562	0.4493801652892562	9.974236540133614	9.974236540133614	35.58897243107769	37.30414865193261	32.59424256515169	79.67794486215539	83.10829730386523	73.68848513030338	431.05768170426063	449.6158884139109	398.6547045549413	692.2398142126864	726.3478950097735	632.6864651220955	3년	83.10829730386523	449.6158884139109	726.3478950097735	3.671355926213792	3.8433165784354957	3.3711094006901567	5.74793388429752	10.564113031459433	3년	3.843316578435496	안심	3년	37.304148651932614	0.2673760667532853	매우 유망	Y		968000000.0	22.1872924746378	21.26142443196759		-28.530143425206422	56.47249984741211	50.2202250289917	N	Y	상승전환	
NOC	NORTHROP GRUMMAN CORP /DE/	0001133421	S&P 500	제외	PEG=매우 유망, PEGY=안심	483.1099853515625	29.08	2025	2.08	4403000000.0	250000000.0	4653000000.0	15162000000.0	534000000.0	16674000000.0	34703000000.0	32.45421102828114	67.54578897171886	0.4804771921735873	-73.08066759388039	-76.7941585535466	19.126226029760762	19.25392516867638	2.6111503175723305	-2.5984458859345416	71.32693092917182	13.722300635144661	3.3031082281309168	151.15386185834365	399.0445024700067	96.05438727404706	4395.554302840633	-17.40089947020672	-80.1174908019863	809.8454671024772	5년	151.15386185834365	4395.554302840633	809.8454671024772	0.24527318197917425	-0.027106543921829124	3.8380248573319835	22.99721835883171	4.76024488338747	5년	3.838024857331984	안심	5년	71.32693092917182	0.2681487312100004	매우 유망	N	주당순현금<=0	143800000.0	-9.229092106747938	-29.726387196599845		-37.09669369733074	535.5103985595703	597.4569505310059	N	N	주의	단기위험부채 존재
IBM	INTERNATIONAL BUSINESS MACHINES CORP	0000051143	S&P 500	제외	PEG=매우 유망, PEGY=안심	221.2899932861328	11.17	2025	3.05	13587000000.0	608000000.0	14195000000.0	54836000000.0	6424000000.0	32648000000.0	119139000000.0	21.509088393604195	78.49091160639581	0.2740328523825112	-42.839739881982034	-49.61128804767315	23.64635032838987	24.252576663724795	73.71695178849146	83.76390990316042	12.386209881346621	155.9339035769829	176.02781980632085	33.27241976269325	1741.7817029548992	1966.230747236604	371.65292874928355	687.1036900899252	788.5312517020255	67.9483664083844	3년	176.02781980632085	1966.230747236604	788.5312517020255	3.2464609008319076	3.671344993943163	0.6527946032675438	12.756736597321586	5.764714620794825	3년	3.671344993943163	안심	3년	83.76390990316042	0.282297595178251	매우 유망	N	주당순현금<=0	948675228.0	-25.06264733025436	-8.459506801661565		-32.785594902731305	232.11379852294922	254.6818994140625	N	N	주의	단기위험부채 존재
DHI	HORTON D R INC /DE/	0000882184	S&P 500	매우 유망	PEG=매우 유망, PEGY=안심	136.75	11.57	2025	1.35	2985400000.0		2985400000.0			24190400000.0	10729000000.0	69.27495890536493	30.725041094635074	2.254674247366949	9.633430138754436	9.633430138754436	10.986738968128398	10.986738968128398	-19.316596931659692	-11.176320062438394	38.872760394269434	-30.133193863319384	-13.852640124876789	86.24552078853887	-348.6410529986053	-160.27504624482447	997.8606755233948	-354.94775356387953	-217.2029588627601	629.6970204924277	5년	86.24552078853887	997.8606755233948	629.6970204924277	-1.6352984251086033	-0.8943800422439925	3.661028127723091	10.595353339787028	7.747973191800386	5년	3.661028127723091	안심	5년	38.872760394269434	0.282633362197454	매우 유망	Y		309900000.0	-8.55901223039618	-4.156148710531726		-18.494456434056072	143.66259979248048	148.34084999084473	N	N	주의	
UHS	UNIVERSAL HEALTH SERVICES INC	0000352915	S&P 500	제외	PEG=매우 유망, PEGY=안심	177.0800018310547	23.1	2025	45.0	137797000.0		137797000.0	4004393000.0	748158000.0	7275792000.0					-59.98256337066799	-71.58874996121746	10.262448710031284	10.76488102996849	37.336504161712256	36.21405696848752	45.03135209620262	83.17300832342451	80.92811393697504	98.56270419240523	1921.2964922711064	1869.4394319441235	2276.798466844561	984.9878430112863	955.7033050675508	1185.7456761361275	3년	80.92811393697504	1869.4394319441235	955.7033050675507	8.023085570330831	7.91371136297157	8.77289179610703	13.174350780304676	7.439773347683736	3년	7.91371136297157	안심	3년	36.21405696848752	0.2833830166822068	매우 유망	N	주당순현금<=0	64462000.0	14.097941567685268	-5.183118955075217		-27.479725144320476	173.36620025634767	180.33660041809082	Y	N	중립/개선	단기위험부채 존재
HIG	HARTFORD INSURANCE GROUP, INC.	0000874766	S&P 500	제외	PEG=매우 유망, PEGY=안심	126.79000091552734	13.32	2025	1.9	177000000.0	1843000000.0	2020000000.0	4371000000.0	0.0	18979000000.0	67018000000.0	22.06937451306441	77.93062548693558	0.2831925751290698	-8.205933682373473	-8.205933682373473	10.13482992476733	10.13482992476733	28.69565217391305	34.78299680616526	55.39512065939527	65.8913043478261	78.06599361233052	119.29024131879054	877.6721739130436	1039.8390349162426	1588.94601436629	592.22507104309	720.1270032398105	1153.2108233242386	3년	78.06599361233052	1039.8390349162426	720.1270032398105	3.0188619247713175	3.619498016095954	5.653288815373053	20.080279232111693	15.837431254133353	3년	3.619498016095954	안심	3년	34.78299680616526	0.2913731091442627	매우 유망	N	주당순현금<=0	286500000.0	-8.46809341260295	-8.718497849598206		-12.966771492290373	135.75600036621094	135.78094978332518	N	N	주의	
NVR	NVR INC	0000906163	S&P 500	매우 유망	PEG=매우 유망, PEGY=안심	6046.60009765625	436.55	2025	0.0	2809782000.0		2809782000.0	600115000.0		3864869000.0	1992061000.0	65.98796639194937	34.012033608050636	1.9401358693333186	719.9716008227812	719.9716008227812	12.201645852327268	12.201645852327268	-13.842783556020443	-3.895748108815445	41.51016978111202	-19.185567112040886	0.7085037823691112	91.52033956222404	-8375.45932276145	309.2973261932355	39953.2042358889	-238.515185186596	-94.88477291043073	560.7548637353303	5년	91.52033956222404	39953.2042358889	560.7548637353303	-1.1345013388812752	-0.3192805426386304	3.4020139810232752	357.3721703051348	5.9102994167525225	5년	3.4020139810232752	안심	5년	41.51016978111202	0.2939435303846737	매우 유망	Y		3069103.0	-6.564842563580708	-10.493670377377695		-25.32526354433604	6269.651826171875	6675.235451660156	N	N	주의	
AWK	American Water Works Company, Inc.	0001410636	S&P 500	제외	PEG=매우 유망, PEGY=안심	128.0399932861328	5.69	2025	2.8	98000000.0		98000000.0	5212881000.0	1588000000.0	10837000000.0					-26.230158974358975	-34.373748717948715	27.112504790947586	28.54371564219359	366.3934426229509	91.51777276233976	48.04865146769342	741.2868852459018	191.5355455246795	104.59730293538684	4217.922377049182	1089.8372540354264	595.1586537023511	3194.222585300618	751.1694089205015	364.8224655653812	3년	191.5355455246795	1089.8372540354264	751.1694089205015	13.617090913201736	3.478755411555736	1.875468602394528	-5.471794871794872	-4.273504497588479	3년	3.478755411555736	안심	3년	91.51777276233975	0.296253984036034	매우 유망	N	주당순현금<=0 | FCF<=0	195000000.0	-1.9226424411724286	-6.101501383820873		-11.957643034760624	135.53980041503905	131.90045028686524	N	N	주의	단기위험부채 존재
STE	STERIS plc	0001757898	S&P 500	제외	PEG=매우 유망, PEGY=안심	208.64999389648438	7.93	2026	1.22	220531000.0		220531000.0	1812800000.0	118900000.0	7183600000.0	3540000000.0	66.98869782535716	33.01130217464284	2.029265536723164	-16.13241134751773	-17.33707193515704	28.34582663858791	28.49773844030787	27.903225806451605	94.9679101546837	50.70740889939833	64.3064516129032	198.4358203093674	109.91481779879666	509.9501612903224	1573.5960550532834	871.6245051444575	144.40458960344822	654.179775262288	317.74480260799277	3년	198.4358203093674	1573.5960550532834	654.179775262288	1.0274255246733712	3.393371143522786	1.831924309757409	9.852077001013171	4.721819932523455	3년	3.393371143522786	안심	3년	94.9679101546837	0.2984779447333129	매우 유망	N	주당순현금<=0	98700000.0	-3.4027806034794605	-7.279031672073888		-22.333892188033722	223.7257992553711	227.75290016174316	N	N	주의	단기위험부채 존재
DIS	Walt Disney Co	0001744489	S&P 500	제외	PEG=매우 유망, PEGY=안심	104.02999877929688	6.85	2025	1.45	5695000000.0		5695000000.0	35315000000.0	6711000000.0	109869000000.0					-16.35560463832137	-20.06129210381005	17.574540644907774	18.115516917241887	151.8382352941176	58.50904212609996		312.1764705882352	125.51808425219991		2138.408823529411	859.7988771275693		1955.569401732011	726.4912882981586		3년	125.51808425219991	859.7988771275693	726.4912882981586	8.722175924326812	3.4116989648587546		5.564329099944782	5.348773589577457	3년	3.4116989648587546	안심	3년	58.509042126099956	0.3003730706619797	매우 유망	N	주당순현금<=0	1811000000.0	8.173027721747083	4.8900972567026635		-10.818690597086933	104.61980026245118	103.78025032043458	N	Y	상승전환	단기위험부채 존재
WDC	WESTERN DIGITAL CORP	0000106040	S&P 500	매우 유망	PEG=매우 유망, PEGY=안심	411.0400085449219	24.28	2026	14.000000000000002	1579000000.0	24000000.0	1603000000.0	0.0	255000000.0	8864000000.0	4997000000.0	63.94921001370753	36.05078998629247	1.7738643185911547	4.185378590078329	3.519582245430809	16.75678047589965	16.78420207164296	3137.3333333333335		55.622865998828615	6283.166666666667		119.74573199765723	152555.28666666668		2907.4263729031177	37014.461730066396		607.3341554257413	5년	119.74573199765723	2907.4263729031177	607.3341554257413	188.06317465731092		4.154907089638331	9.167101827676241	2.2302213013588883	5년	4.154907089638331	안심	5년	55.622865998828615	0.3012570491468839	매우 유망	Y		383000000.0	-28.891961383080634	21.329479315778556		-44.917784154594806	462.85719909667966	402.5831489562988	N	Y	중립/개선	단기위험부채 존재
NXPI	NXP Semiconductors N.V.	0001413447	S&P 500	제외	PEG=매우 유망, PEGY=안심	244.3800048828125	7.95	2025	1.68	3267000000.0		3267000000.0	10972000000.0	307000000.0	10056000000.0					-30.295166534948553	-31.502254935497444	34.55033602739133	34.702171046328296	-18.293936279547793	-9.000664080454257	113.31378642177046	-28.087872559095587	-9.501328160908514	235.12757284354092	-223.29858684480993	-75.53555887922269	1869.2642041061504	-191.37350944562272	-130.90905858498704	664.90063293129	5년	235.12757284354092	1869.2642041061504	664.90063293129	-0.48086178572550925	-0.21188401972850487	3.328297193133056	9.526955031042224	3.8984183814918425	5년	3.328297193133056	안심	5년	113.31378642177046	0.3049084945303119	매우 유망	N	주당순현금<=0	254331000.0	-15.887658258594817	19.63577606668658		-26.53981572766583	231.63220092773437	245.8701001739502	Y	N	판정불가	단기위험부채 존재
CAH	CARDINAL HEALTH INC	0000721371	S&P 500	매우 유망	PEG=매우 유망, PEGY=안심	233.44000244140625	7.23	2026	89.0	4856000000.0	200000000.0	5056000000.0	2502000000.0	855000000.0	-2883000000.0					10.776371308016877	7.168776371308017	30.79718272937612	31.296158515919533	12.093023255813957	93.36569678851458	28.29655427495148	32.686046511627914	195.23139357702917	65.09310854990295	236.32011627906982	1411.522975561921	470.62317481579834	1.2337704795845728	504.6619948593494	101.60348264814871	3년	195.23139357702917	1411.522975561921	504.6619948593494	3.282541268275998	5.921505820549089	3.8086780633693254	19.09282700421941	8.178901132856067	3년	5.921505820549089	안심	3년	93.36569678851458	0.3298554371541374	매우 유망	Y		237000000.0	-0.14116517304335607	8.511131475392153		-6.1019259610241345	232.85379974365233	218.38459999084472	Y	Y	강한 상승추세	단기위험부채 존재
CF	CF Industries Holdings, Inc.	0001324404	S&P 500	제외	PEG=매우 유망, PEGY=안심	116.0199966430664	8.97	2025	2.07	287000000.0	3100000.0	290100000.0	3215000000.0	0.0	4838000000.0					-18.032675709001232	-18.032675709001232	14.944556560988588	14.944556560988588	33.08605341246291	-18.18627213243168	43.58035462807208	74.67210682492582	-27.872544264863357	95.66070925614416	669.8087982195847	-250.01672205582435	858.0765620276131	477.32185623159455	-315.49450895520766	639.5936794132751	5년	95.66070925614416	858.0765620276131	639.5936794132751	2.352432022254485	-1.0784041712218981	3.0546476532624727	11.109741060419235	9.575712275357299	5년	3.0546476532624727	안심	5년	43.58035462807208	0.3429195720991706	매우 유망	N	주당순현금<=0	162200000.0	1.7540782835320456	-8.037418139429242		-16.694196105508386	124.16360076904297	112.86890003204346	N	Y	상승전환	
LDOS	Leidos Holdings, Inc.	0001336920	S&P 500	제외	PEG=매우 유망, PEGY=안심	116.69000244140625	11.14	2025	1.44	1108000000.0		1108000000.0	1331000000.0	18000000.0	4916000000.0	8531000000.0	36.55834015021938	63.44165984978062	0.5762513187199625	-1.7153846153846153	-1.853846153846154	10.628849825564709	10.64127904804779	20.824295010845983	30.95874508346872	20.63678102465594	50.148590021691966	70.41749016693744	49.77356204931188	558.6552928416485	784.4508404596831	554.4774812293343	378.7516335190472	572.251970217912	375.1713682650363	3년	70.41749016693744	784.4508404596831	572.251970217912	2.0947040720526022	3.048189184641846	2.077062089216507	12.53076923076923	10.738511413658875	3년	3.048189184641846	안심	3년	30.95874508346872	0.3433230189695343	매우 유망	N	주당순현금<=0	130000000.0	9.444756551694077	-27.359310953206027		-41.523427383190736	130.6606004333496	146.59905006408692	N	N	중립/개선	단기위험부채 존재
FSLR	FIRST SOLAR, INC.	0001274494	S&P 500	매우 유망	PEG=매우 유망, PEGY=안심	179.8000030517578	14.21	2025	0.0	2803514000.0	509032000.0	3312546000.0	282593000.0	0.0	9537993000.0	3783317000.0	71.59951236027088	28.40048763972913	2.5210663024007767	28.17591154672345	28.17591154672345	10.670238670305022	10.670238670305022	18.21963394342763		30.670348455238837	44.93926788685526		69.84069691047767	638.5869966722133		992.4363030978878	255.16517565819373		451.96678879488223	5년	69.84069691047767	992.4363030978878	451.96678879488223	1.7075188762302353		2.874382607822407	11.040200117168974	6.140266924239654	5년	2.874382607822407	안심	5년	30.670348455238837	0.3479007969497792	매우 유망	Y		107537000.0	-21.312908948902486	-10.449245868658895		-43.50353399787657	206.4608004760742	223.44985122680663	N	N	주의	
TMUS	T-Mobile US, Inc.	0001283699	S&P 500	제외	PEG=매우 유망, PEGY=안심	165.92999267578125	9.72	2025	2.84	5598000000.0	0.0	5598000000.0	81147000000.0	5135000000.0	59203000000.0	6830508000.0	89.65599707348578	10.344002926514218	8.66743732676984	-66.79390530320666	-71.33382911069539	23.942787857920564	24.409858208485247	0.6211180124223654	67.7257264346652	74.54322774580642	9.74223602484473	143.9514528693304	157.58645549161284	94.6945341614908	1399.2081218898916	1531.7403473784768	-42.93103215732729	743.2520844039768	823.1244591033155	3년	143.9514528693304	1399.2081218898916	743.2520844039768	0.14455785320243672	2.94726440602535	3.2320057382209613	15.90962588427648	9.588155599670928	3년	2.94726440602535	안심	3년	67.7257264346652	0.3535257444749315	매우 유망	N	주당순현금<=0	1131076251.0	-8.568439176681197	-16.04008066782583		-27.884742789030014	175.84040008544923	190.9058999633789	N	N	주의	단기위험부채 존재
BSX	BOSTON SCIENTIFIC CORP	0000885725	S&P 500	제외	PEG=매우 유망, PEGY=안심	42.189998626708984	1.94	2025	0.0	1965000000.0		1965000000.0	3815000000.0	250000000.0	24233000000.0					-1.2378721980595517	-1.405152224824356	22.38550042513842	22.471727243058425	55.199999999999996	62.7532758644933		118.89999999999999	134.0065517289866		230.66599999999997	259.97271035423404		446.73147074712995	516.1951145209438		3년	134.0065517289866	259.97271035423404	516.1951145209438	2.465881885669691	2.803300112693606		2.4476413516226163	5.801472935040822	3년	2.803300112693606	안심	3년	62.753275864493304	0.3567224199335298	매우 유망	N	주당순현금<=0	1494500000.0	-6.223611796613815	-32.56074536353619		-59.81139523947018	46.7729997253418	61.21795000076294	N	N	주의	단기위험부채 존재
EXC	EXELON CORP	0001109357	S&P 500	제외	PEG=매우 유망, PEGY=안심	41.68000030517578	1.74	2021	4.12	626000000.0		626000000.0	35272000000.0	612000000.0	28798000000.0	87772000000.0	24.704469417517373	75.29553058248263	0.32810007747345393	-34.23517786561265	-34.8399209486166	43.62941274183243	43.97696623781171	-13.432835820895514	121.5523810846817	51.225599028568624	-18.365671641791028	251.6047621693634	110.95119805713725	-31.95626865671639	437.7922861746923	193.0550846194188	-176.67050965147928	950.3653622102488	363.1839808202819	3년	251.6047621693634	437.7922861746923	950.3653622102487	-0.21345315546652432	2.880450897387061	1.2685387116270432	-2.2480237154150196	-5.393530947589418	3년	2.880450897387061	안심	3년	121.5523810846817	0.3589350727028308	매우 유망	N	주당순현금<=0 | FCF<=0	1012000000.0	-10.133679721216204	-15.232861791115637		-17.12070084232823	43.63980010986328	45.61600004196167	N	N	주의	단기위험부채 존재
EPAM	EPAM Systems, Inc.	0001352010	S&P 500	매우 유망	PEG=매우 유망, PEGY=안심	109.94999694824219	6.72	2025	0.0	1296077000.0	1690000.0	1297767000.0	25034000.0	2861000.0	3677226000.0	1224328000.0	75.02163599544144	24.978364004558554	3.0034647578099984	22.633204701865452	22.58232710330233	12.993570274758444	13.001141345973194	-14.285714285714288	-1.770708271929189	35.70732296450074	-20.071428571428577	4.958583456141622	79.91464592900148	-134.88000000000002	33.3216808252717	537.0264206428899	-222.67394610614986	-69.69378649372993	388.42786316373383	5년	79.91464592900148	537.0264206428899	388.42786316373383	-1.0994448780152433	-0.13627572980222383	2.7480763338669485	10.895577330037522	9.909574927197589	5년	2.7480763338669485	안심	5년	35.70732296450074	0.3638909107713368	매우 유망	Y		56233000.0	27.86370470950763	-18.08225603615726		-50.33875339687257	109.30320007324218	130.05779994964598	Y	N	중립/개선	단기위험부채 존재
DECK	DECKERS OUTDOOR CORP	0000910521	S&P 500	매우 유망	PEG=매우 유망, PEGY=안심	81.66000366210938	7.02	2026	0.0	1907249000.0	26120000.0	1933369000.0		0.0	2499638000.0					13.259963650080588	13.259963650080588	9.743595443308944	9.743595443308944	10.90047393364928	26.59610321922323	42.853544612930364	30.30094786729856	61.69220643844646	94.20708922586073	212.71265402843588	433.0792891978941	661.3337663655423	160.48572678075394	430.3444400882937	709.8625235212968	3년	61.69220643844646	433.0792891978941	430.3444400882937	1.1187321966589634	2.729598470499627	4.398124374340528	7.526024484757039	9.216292122515725	3년	2.729598470499627	안심	3년	26.59610321922323	0.3663542498310967	매우 유망	Y		145805000.0	-21.676575878629844	-23.21579235191029		-32.47891349954908	87.15240020751953	101.05695011138916	N	N	주의	
CBOE	Cboe Global Markets, Inc.	0001374310	S&P 500	매우 유망	PEG=매우 유망, PEGY=안심	278.20001220703125	10.42	2025	1.24	2216500000.0	36100000.0	2252600000.0	1442900000.0	304700000.0	5138300000.0	4167000000.0	55.21906870278228	44.78093129721771	1.2330933525317975	7.704091341579448	4.804947668886775	25.959301426626855	26.23753018600235	44.521497919556175	68.19298103960483	66.67733196826208	97.54299583911235	144.88596207920966	141.85466393652416	1016.3980166435507	1509.7117248653647	1478.1255982185817	265.3479410659286	442.6713366719285	431.3175892740754	3년	144.88596207920966	1509.7117248653647	442.6713366719285	1.7628170021793386	2.6746860363656144	2.616300448616781	16.0	5.7512578353494455	3년	2.6746860363656144	안심	3년	68.19298103960483	0.3806740962321374	매우 유망	Y		105100000.0	3.8641052334027925	-6.314194049242083		-24.134168817544165	287.3270004272461	287.3688507080078	N	N	중립/개선	단기위험부채 존재
EXPE	Expedia Group, Inc.	0001324424	S&P 500	매우 유망	PEG=매우 유망, PEGY=안심	260.07000732421875	9.81	2025	74.0	5413000000.0	320000000.0	5733000000.0	4469000000.0	1692000000.0	1284000000.0					9.579894348317076	-3.243824985031415	25.53416034412861	26.84136924661062	9.608938547486048	65.34957812135467		27.717877094972096	139.19915624270934		271.91237430167627	1365.5437227409786		4.553530451012033	425.067744947079		3년	139.19915624270934	1365.5437227409786	425.067744947079	3.274395453802784	5.457378517378861		23.570784353849767	9.063245929956478	3년	5.457378517378861	안심	3년	65.34957812135467	0.3907318314543894	매우 유망	Y		131943000.0	-2.8792260401168557	9.780504020552549		-23.312592934946352	297.6608013916016	259.83904930114744	N	Y	중립/개선	단기위험부채 존재
CRM	Salesforce, Inc.	0001108524	S&P 500	제외	PEG=매우 유망, PEGY=안심	224.99000549316406	7.8	2025	77.0	7327000000.0	57139000.0	7384139000.0	10439000000.0	4000000000.0	59142000000.0	53163000000.0	52.66194737545078	47.33805262454922	1.1124654364877828	-3.19546129707113	-7.379561715481172	29.254547024389126	29.79097015495452	85.7142857142857	74.02472751880647	12.233911375838758	179.9285714285714	156.54945503761294	32.96782275167752	1403.4428571428568	1221.085749293381	257.14901746308465	523.7800892828984	442.72888549730783	14.293529127851713	3년	156.54945503761294	1221.085749293381	442.72888549730783	5.562016926074191	5.162436027223363	3.0502578386001202	15.064853556485355	6.695787896650847	3년	5.162436027223363	안심	3년	74.02472751880647	0.3951996583433125	매우 유망	N	주당순현금<=0	956000000.0	38.45538799579327	27.56705319613544		-15.490366897547803	222.4120001220703	200.21395034790038	Y	Y	강한 상승추세	단기위험부채 존재
AOS	SMITH A O CORP	0000091142	S&P 500	제외	PEG=매우 유망, PEGY=안심	56.900001525878906	3.85	2025	2.53	174500000.0	18700000.0	193200000.0	112700000.0	42300000.0	1858000000.0	1284800000.0	59.119256713758425	40.88074328624157	1.4461394769613947	0.5672415936205122	0.2691755139913486	14.63188569669049	14.709305457633132		36.61380704310213	39.07395391564303		81.72761408620426	86.64790783128606		314.6513142318864	333.59444515045135		452.9899926079591	486.2819616950766	3년	81.72761408620426	314.6513142318864	452.9899926079591		2.675240078724498	2.84337608822718			3년	2.675240078724498	안심	3년	36.61380704310213	0.399627541584673	매우 유망	N	FCF<=0	141914840.0	-3.592000873334278	-14.782081194267105		-29.290417966043456	59.96220031738281	64.24944988250732	N	N	주의	단기위험부채 존재
TECH	BIO-TECHNE Corp	0000842023	S&P 500	보류	PEG=매우 유망, PEGY=불리(<1)	72.43000030517578	1.16	2026	44.0	264712000.0	1072000.0	265784000.0		12500000.0	2108221000.0					1.6927946805597132	1.6131814099828672	60.98034967639317	61.048981806200786	152.17391304347825	-12.974116606482456	-19.679629541091302	312.8478260869565	-17.44823321296491	-30.859259082182604	362.9034782608695	-20.239950527039294	-35.796740535331814	401.04028266162624	-127.9441535852002	-149.42253263082455	1년	312.8478260869565	362.9034782608695	401.04028266162624	3.217002101242812	0.5087849374128524	0.39882307313701165	1.676483513683929	2.314625854784276	3년	0.5087849374128524	불리(<1)	1년	152.17391304347825	0.4007280121591551	매우 유망	Y		157009000.0	1.7990144087787652	31.19000453949674		-0.2479001565386607	72.30720016479492	62.19350004196167	Y	Y	강한 상승추세	단기위험부채 존재
ECL	ECOLAB INC.	0000031462	S&P 500	제외	PEG=매우 유망, PEGY=안심	280.82000732421875	7.28	2025	1.05	646200000.0		646200000.0	6613200000.0	74400000.0	9770800000.0	14891800000.0	39.61788294826985	60.382117051730155	0.6561194751473965	-20.922159887798035	-21.18302945301543	41.44809989176055	41.48393362324645	338.5542168674699	98.55590630677445	47.57731615945522	685.6084337349398	205.6118126135489	103.65463231891044	4991.229397590362	1496.853995826636	754.605723281668	1677.3767065776672	433.02968335103486	168.71508567779622	3년	205.6118126135489	1496.853995826636	433.02968335103486	8.193480949774	2.403147709228887	1.1732097800971046	6.677068723702665	2.377704062942247	3년	2.403147709228887	안심	3년	98.55590630677445	0.4205541955318768	매우 유망	N	주당순현금<=0	285200000.0	2.853169461140026	2.672661803075438		-8.928165472471184	279.25520080566406	274.0163498687744	Y	Y	강한 상승추세	단기위험부채 존재
AMCR	Amcor plc	0001748790	S&P 500	제외	PEG=매우 유망, PEGY=안심	41.79999923706055	2.38	2026	6.22	1115000000.0		1115000000.0	5314400000.0	135000000.0	11790000000.0	25294000000.0	31.79268687304498	68.20731312695501	0.46611844706254446	-9.054333764553688	-9.345407503234153	21.36736680740094	21.489666697602818	643.75	50.01313255128406	31.642491466477107	1296.0	108.52626510256812	71.78498293295422	3084.48	258.2925109441121	170.84825938043105	7279.138890665938	517.9246786088595	308.7279007147786	3년	108.52626510256812	258.2925109441121	517.9246786088595	30.418816031878677	2.6317296397891563	1.7719774180767471	3.9215178956446746	9.381621931150166	3년	2.6317296397891563	안심	3년	50.01313255128406	0.4272351224049121	매우 유망	N	주당순현금<=0	463800000.0	-0.3575721648411134	7.069667666005275		-17.35864427866325	44.9286003112793	42.80834989547729	N	N	판정불가	단기위험부채 존재
TRV	TRAVELERS COMPANIES, INC.	0000086312	S&P 500	제외	PEG=매우 유망, PEGY=안심	360.6400146484375	27.43	2025	1.39	842000000.0		842000000.0	5861000000.0	100000000.0	32894000000.0	110814000000.0	22.88947031480502	77.11052968519499	0.29683974949013664	-22.051845342706503	-22.491212653778557	13.951580750679692	13.967598516303903	27.759664648346536	32.58155699339016	40.000996302713745	64.01932929669307	73.66311398678032	88.50199260542749	1756.0502026082909	2020.579216657384	2427.609657166876	386.92605681045694	460.27593572141575	573.1392964070782	3년	73.66311398678032	2020.579216657384	460.27593572141575	2.0893449401370825	2.434961141714005	2.9667603293409788			3년	2.434961141714005	안심	3년	32.58155699339016	0.4282048507844502	매우 유망	N	주당순현금<=0 | FCF<=0	227600000.0	6.8626297582548235	19.579567965639466		-9.208999159118648	370.4924005126953	320.8396501159668	N	Y	상승전환	단기위험부채 존재
FISV	FISERV INC	0000798354	S&P 500	제외	PEG=매우 유망, PEGY=판정불가	45.47999954223633	6.34	2025		798000000.0		798000000.0	3228000000.0	2000000.0	25792000000.0	54324000000.0	32.19331968645464	67.80668031354537	0.47478094396583465	-4.426229508196721	-4.429872495446266	7.871644960636128	7.872219564303249	17.843866171003718	17.481865339726866	35.26712030178827	44.187732342007436	43.46373067945373	79.03424060357654	280.1502230483271	275.56005250773666	501.07708542667524	515.9855450045848	505.8928216387288	1001.7526175683784	3년	43.46373067945373	275.56005250773666	505.89282163872883				7.830601092896175	17.217680676588525	판정불가		판정불가	3년	17.481865339726866	0.450274888157851	매우 유망	N	주당순현금<=0	549000000.0	-11.945792451818493	-19.68921298883175		-64.10135080447986	50.7428002166748	56.529950065612795	N	N	주의	단기위험부채 존재
D	DOMINION ENERGY, INC	0000715957	S&P 500	제외	PEG=매우 유망, PEGY=안심	62.0	0.65	2025	4.38	250000000.0		250000000.0	30948000000.0	2457000000.0	29083000000.0	82440000000.0	26.07802874743326	73.92197125256673	0.3527777777777778	-35.89150005845902	-38.764176312405006	150.60230778224465	155.0218097113923	333.33333333333337	-15.82903888645284	-4.5403361201187264	675.1666666666667	-23.158077772905678	-0.5806722402374529	438.8583333333334	-15.05275055238869	-0.3774369561543444	607.8360215053765	-124.27862992320756	-100.6087692841199	1년	675.1666666666667	438.8583333333334	607.8360215053765	2.2424180499387294	-0.07602166962147064	-0.0010646325576269123	0.445457734128376	0.7184802163360904	1년	2.2424180499387294	안심	1년	333.33333333333337	0.4518069233467339	매우 유망	N	주당순현금<=0	855300000.0	-10.727137905843708	-1.8987353614766667		-13.516532447221064	65.57760025024415	64.37010021209717	N	N	주의	단기위험부채 존재
NDSN	NORDSON CORP	0000072331	S&P 500	제외	PEG=매우 유망, PEGY=안심	334.2200012207031	8.51	2025	1.12	108442000.0	279000.0	108721000.0	1681254000.0	315000000.0	3043571000.0					-27.6290146883126	-33.16348654157003	42.52044840293957	43.17079762188874	4.9321824907521625	-1.1482071165261345	93.96062427456746	18.364364981504323	6.2035857669477315	196.42124854913493	156.2807459926018	52.79251487672519	1671.5448251531382	-53.24015755436451	-84.20426225722395	400.1330916905026	5년	196.42124854913493	1671.5448251531382	400.1330916905026	0.14233581060574507	-0.000663377682634789	2.236115277373092	11.615626537353293	3.475443269381979	5년	2.236115277373092	안심	5년	93.96062427456746	0.4525347583758942	매우 유망	N	주당순현금<=0	56916000.0	16.709154911265966	21.724876099102943		-0.14341528796575354	316.9331994628906	288.13025054931643	Y	Y	강한 상승추세	단기위험부채 존재
SPG	SIMON PROPERTY GROUP INC.	0001063761	S&P 500	제외	PEG=매우 유망, PEGY=안심	201.74000549316406	9.35	2025	4.42	823147000.0	1000000000.0	1823147000.0	28430175000.0		5208268000.0	33901073000.0	13.317197034846483	86.68280296515351	0.1536313614616269	-81.57151298527937	-81.57151298527937	30.300697163469884	30.300697163469884	358.3333333333333	65.56992936260015		725.1666666666666	139.6398587252003		6780.3083333333325	1305.6326790806227		3260.9141214993583	547.1858052590684		3년	139.6398587252003	1305.6326790806227	547.1858052590684	11.971781750641167	2.3098455122999306				3년	2.30984551229993	안심	3년	65.56992936260015	0.4621127010204289	매우 유망	N	주당순현금<=0 | FCF<=0	326180391.0	-8.178963484401425	3.9682603965445207		-14.76974731973597	213.8097998046875	204.03650047302247	N	N	판정불가	
AES	AES CORP	0000874761	S&P 500	제외	PEG=매우 유망, PEGY=안심	14.930000305175781	1.26	2025	4.72	1382000000.0	174000000.0	1556000000.0			4063000000.0					2.179271708683473	2.179271708683473	10.11962587023199	10.11962587023199	-46.61016949152542		21.802033073406225	-84.72033898305084		52.10406614681245	-106.74762711864406		65.65112334498369	-814.9874409690259		339.7262022976947	5년	52.10406614681245	65.65112334498369	339.7262022976947	-4.139497845938162		2.6208511474148213	-2.273109243697479	-15.225111836799229	5년	2.6208511474148213	안심	5년	21.802033073406225	0.4641597339183816	매우 유망	N	FCF<=0	714000000.0	1.3577784735564924	3.6805604214287024		-13.599538704219361	14.78819995880127	14.699199976921081	Y	Y	강한 상승추세	
RCL	ROYAL CARIBBEAN CRUISES LTD	0000884887	S&P 500	제외	PEG=매우 유망, PEGY=안심	288.7799987792969	15.61	2025	2.18	825000000.0		825000000.0	7856962000.0	0.0	10037000000.0	31374000000.0	24.237521431503705	75.76247856849629	0.3199145789507235	-25.66409489051095	-25.66409489051095	20.143760004471996	20.143760004471996	42.68738574040219			93.87477148080438			1465.3851828153563			407.43998511312833			1년	93.87477148080438	1465.3851828153563	407.43998511312833	2.227359029815757			4.510948905109489	1.5620711005532724	1년	2.227359029815757	안심	1년	42.68738574040219	0.4718902236593654	매우 유망	N	주당순현금<=0	274000000.0	0.24299230757414136	3.409005471876103		-17.02439450846689	281.39219940185546	286.8961498260498	Y	Y	상승전환	
NWSA	NEWS CORP	0001564708	S&P 500	매우 유망	PEG=매우 유망, PEGY=안심	28.950000762939453	1.03	2026	69.0	2095000000.0		2095000000.0	1989000000.0	0.0	8526000000.0					0.18982808022922637	0.18982808022922637	27.9224977502041	27.9224977502041	-21.37404580152672	58.22968332827563	12.961341039942953	-34.24809160305344	124.95936665655125	34.4226820798859	-35.27553435114504	128.7081476562478	35.45536254228248	-221.84985637825355	344.58771766601967	22.471024552340978	3년	124.95936665655125	128.7081476562478	344.58771766601967	1.7056480628823816	4.556529450426606	2.935315521310906	1.2034383954154728	4.156954624181091	3년	4.556529450426606	안심	3년	58.22968332827563	0.479523434685163	매우 유망	Y		558400000.0	8.345814022796105	18.501843640198622		-7.181788178144521	29.38520004272461	26.57470006942749	N	Y	상승전환	
WFC	WELLS FARGO & COMPANY/MN	0000072971	S&P 500	제외	PEG=헐값, PEGY=안심	81.51000213623047	6.26	2025	2.46	172593000000.0		172593000000.0	174712000000.0	18323000000.0	181117000000.0	1965593000000.0	8.436957017948396	91.5630429820516	0.09214369404042444	-0.6535484069950344	-6.304783641242328	13.125167818406629	14.027921050714504	16.573556797020476	25.8582131723802	72.48768573284212	41.64711359404095	60.21642634476039	153.47537146568425	260.71093109869634	376.95482891820006	960.7558253751833	219.8514590429788	362.46450624327366	1078.696847252487	3년	60.21642634476039	376.95482891820006	362.46450624327366	1.4501572140150445	2.1575505596710896	5.710226853460577			3년	2.1575505596710896	안심	3년	25.858213172380196	0.5075821647423786	헐값	N	주당순현금<=0 | FCF<=0	3242300000.0	-6.21332562229907	-3.720767056012697		-15.437283273824743	85.9602001953125	84.63905014038086	N	N	주의	단기위험부채 존재
CCL	Carnival Corp Ltd.	0000815097	S&P 500	제외	PEG=헐값, PEGY=안심	26.579999923706055	2.02	2025	1.76	1928000000.0	0.0	1928000000.0	24037000000.0	0.0	12284000000.0					-15.769614835948644	-15.769614835948644	20.965155821611237	20.965155821611237	40.277777777777786			89.05555555555557			179.89222222222224			576.7954203859149			1년	89.05555555555557	179.89222222222224	576.7954203859149	2.0051259401775843			1.8594864479315263	6.995810584156908	1년	2.0051259401775843	안심	1년	40.277777777777786	0.5205142135020719	헐값	N	주당순현금<=0	1402000000.0	-0.5239498250228847	-5.17303149275442		-21.80053365356288	25.244400024414062	27.458900060653686	Y	N	주의	
NWS	NEWS CORP	0001564708	S&P 500	양호	PEG=헐값, PEGY=안심	32.0	1.03	2026	63.0	2095000000.0		2095000000.0	1989000000.0	0.0	8526000000.0					0.18982808022922637	0.18982808022922637	30.883662058029877	30.883662058029877	-21.37404580152672	58.22968332827563	12.961341039942953	-34.24809160305344	124.95936665655125	34.4226820798859	-35.27553435114504	128.7081476562478	35.45536254228248	-210.23604484732826	302.2129614257744	10.798007944632747	3년	124.95936665655125	128.7081476562478	302.2129614257744	1.3478309055531956	3.925366204969058	2.4595963036123396	1.2034383954154728	3.7607449856733526	3년	3.925366204969058	안심	3년	58.22968332827563	0.5303766102233488	헐값	Y		558400000.0	6.3122910114644215	13.879002012761866		-9.399772716619614	33.02059997558594	30.18949999809265	N	Y	상승전환	
SYF	Synchrony Financial	0001601712	S&P 500	제외	PEG=헐값, PEGY=안심	71.87999725341797	9.28	2025	1.89	14973000000.0		14973000000.0	15182000000.0		16766000000.0	102329000000.0	14.077837020865697	85.92216297913431	0.16384407157306335	-0.5589729874297941	-0.5589729874297941	7.805923517332734	7.805923517332734	8.538011695906416	14.698468785789576	32.527017334119954	25.576023391812832	37.89693757157915	73.55403466823991	237.34549707602307	351.6835806642545	682.5814417212663	230.19686442007625	389.26487771607646	849.6125038997671	3년	37.89693757157915	351.6835806642545	389.26487771607646	1.3359100525071048	2.1251129029070754	4.4090897454604026			3년	2.1251129029070754	안심	3년	14.698468785789576	0.531070523813982	헐값	N	주당순현금<=0 | FCF<=0	373900000.0	5.303244951505959	4.400869784239392		-18.752123588083414	76.68699996948243	74.60765003204345	N	N	중립/개선	
CB	Chubb Ltd	0000896159	S&P 500	제외	PEG=헐값, PEGY=양호	334.2099914550781	25.68	2025	1.23	2012000000.0		2012000000.0	15728000000.0	1499000000.0	73757000000.0	192548000000.0	27.69643829443683	72.30356170556317	0.3830577310592683	-34.16075806677187	-37.89413341979688	14.344655355212227	14.490036015376754	13.12775330396476	26.95518164431085	26.943805197471637	34.75550660792952	62.41036328862171	62.38761039494327	892.5214096916301	1602.6981292518055	1602.1138349421433	167.05407752945524	379.5482391995536	379.37341070112404	3년	62.41036328862171	1602.6981292518055	379.54823919955356	1.0009130891212226	1.9648559652616249	1.9640628861281422			3년	1.9648559652616249	양호	3년	26.955181644310855	0.532166896313229	헐값	N	주당순현금<=0 | FCF<=0	401513338.0	-3.9074171405607427	0.4719747286867859		-8.057774015109187	341.71899841308596	330.1434004211426	N	Y	중립/개선	단기위험부채 존재
VICI	VICI PROPERTIES INC.	0001705696	S&P 500	제외	PEG=헐값, PEGY=안심	22.530000686645508	2.61	2025	8.17	563479000.0	44484000.0	607963000.0	16773241000.0		27797640000.0	18501581000.0	60.03910951331125	39.96089048668875	1.5024467368491374	-15.211615261302986	-15.211615261302986	14.460389252087547	14.460389252087547	1.9531249999999931	27.13904027900833	8.322953223006625	12.406249999999986	62.77808055801666	25.14590644601325	32.38031249999996	163.85079025642347	65.63081582409458	43.72086779026665	627.2560375621507	191.30410041663586	3년	62.77808055801666	163.85079025642347	627.2560375621507	0.7000589557807779	2.4417766121967297	1.1405608061778592	2.359351998855903	10.472045836440616	3년	2.4417766121967297	안심	3년	27.13904027900833	0.5328261096716989	헐값	N	주당순현금<=0	1062693062.0	-13.645072614494646	-19.044194220589706		-29.571738518777725	25.303000106811524	27.400050048828124	N	N	주의	
CDW	CDW Corp	0001402057	S&P 500	제외	PEG=헐값, PEGY=불리(<1)	133.9199981689453	8.08	2025	1.88	618700000.0	0.0	618700000.0	4622300000.0	1007500000.0	2606100000.0	5981100000.0	30.34865846841811	69.65134153158189	0.4357225259567638	-30.307342922028766	-37.934140802422405	20.325165976605703	21.269076605367292	1.3801756587202048	-0.2054237502367883	37.39960471779868	11.26035131744041	8.089152499526424	83.29920943559736	90.98363864491851	65.36035219617351	673.0576122396267	-32.0612007997946	-51.19447947294707	402.58185591560283	5년	83.29920943559736	673.0576122396267	402.58185591560283	0.16040093657649201	0.08238930258629383	1.9325600963362153	8.236941710825132	6.150643536026567	3년	0.0823893025862938	불리(<1)	5년	37.39960471779868	0.5434593795835719	헐값	N	주당순현금<=0	132100000.0	-2.7592238005198055	8.27067307431346		-15.96912701762233	142.41739959716796	131.57225025177001	N	Y	중립/개선	단기위험부채 존재
EME	EMCOR Group, Inc.	0000105634	S&P 500	제외	PEG=헐값, PEGY=안심	824.52001953125	28.19	2025	21.0	1111968000.0		1111968000.0	0.0		3673944000.0	5616418000.0	39.54575720515519	60.4542427948448	0.654143619652241	24.630614870271227	24.630614870271227	28.374934539233017	28.374934539233017	30.994423791821568	51.54328097260492	63.67289600664736	70.48884758364314	111.58656194520984	135.84579201329473	1987.0806133829	3145.6251812354653	3829.4928768547784	140.99846775249682	281.5098610975865	364.45116990996695	3년	111.58656194520984	3145.6251812354653	281.5098610975865	1.8324068279322625	2.5565972979533007	2.984073703837912			3년	2.5565972979533007	안심	3년	51.54328097260492	0.5505069526775799	헐값	N	FCF<=0	45145767.0	5.247577615294707	4.4767441275926245		-12.633640314569538	774.2402026367188	774.6239501953125	Y	Y	상승전환	
BLDR	Builders FirstSource, Inc.	0001316835	S&P 500	제외	PEG=헐값, PEGY=양호	56.220001220703125	3.89	2025	0.0	181753000.0		181753000.0	353830000.0	30074000.0	4352251000.0	6885279000.0	38.72960517124315	61.27039482875686	0.632109606596915	-1.538847453989376	-1.8077927420364508	14.84803307832712	14.917170684508887	-57.064017660044144	-38.61797619693695	26.944391684631476	-105.62803532008829	-68.7359523938739	62.38878336926295	-410.89305739514344	-267.3828548121695	242.69236730643289	-830.8663259933038	-575.6009409578335	331.6833191690877	5년	62.38878336926295	242.69236730643289	331.6833191690877	-3.843203834408036	-2.6008816112691413	1.814677509303287	7.630734560283307	13.572988962286386	5년	1.814677509303287	양호	5년	26.944391684631476	0.5510621004962651	헐값	N	주당순현금<=0	111822000.0	-24.577407391751183	-32.33842375912378		-56.60027471475757	65.1980005645752	85.10195035934449	N	N	주의	단기위험부채 존재
BDX	BECTON DICKINSON & CO	0000010795	S&P 500	제외	PEG=헐값, PEGY=불리(<1)	180.3000030517578	5.82	2025	2.32	641000000.0		641000000.0	17621000000.0	752000000.0	25390000000.0					-58.854316503124686	-61.460820979588156	41.09180748365679	41.53966048648556	-0.6825938566552906	-0.3412995832631105	74.47134006583379	7.134812286689419	7.817400833473779	157.44268013166757	41.52460750853242	45.497272850817396	916.3163983663053	-76.96915873228679	-74.76579474169131	408.217627763025	5년	157.44268013166757	916.3163983663053	408.217627763025	0.039847508387065855	0.04815316088307546	1.8687749400260762	13.472716622358401	7.472388460520911	3년	0.0481531608830754	불리(<1)	5년	74.47134006583379	0.5517801539133177	헐값	N	주당순현금<=0	288509000.0	19.52270186057079	14.774974380891791		-6.09374841054281	181.00740142822266	162.76750144958496	N	Y	상승전환	단기위험부채 존재
CINF	CINCINNATI FINANCIAL CORP	0000020286	S&P 500	양호	PEG=헐값, PEGY=양호	163.0800018310547	15.17	2025	2.32	1139000000.0	148000000.0	1287000000.0	790000000.0		15911000000.0	25091000000.0	38.80542412565241	61.19457587434759	0.6341317603921724	3.1515535827520607	3.1515535827520607	10.542415837066752	10.542415837066752	4.404679972470754		18.581314428449215	17.30935994494151		45.66262885689843	262.5829903647627		692.7020797591491	61.01483162649808		324.7621240995354	5년	45.66262885689843	692.7020797591491	324.7621240995354	0.6378689739051104		1.9825924865305493	19.60684844641725	12.022840462516841	5년	1.982592486530549	양호	5년	18.581314428449215	0.5673665271454434	헐값	Y		157700000.0	-7.0398400275550665	-0.10413364100785305		-15.075767917654826	170.4106002807617	167.42394958496095	N	N	주의	
GL	GLOBE LIFE INC.	0000320335	S&P 500	제외	PEG=헐값, PEGY=안심	166.27999877929688	14.07	2025	80.0	61710000.0	314711000.0	376421000.0	2320793000.0	304656000.0	5974579000.0	24839113000.0	19.389364312462135	80.61063568753787	0.24053109303862824	-23.56100803984325	-27.252689706410393	13.492608871296383	13.754988520661497	17.839195979899504	23.497404952300016	48.78096035818152	44.17839195979901	55.49480990460003	106.06192071636303	621.589974874372	780.8119753577224	1492.2912244792278	273.821252969461	369.57660638071854	797.4568411321334	3년	55.49480990460003	780.8119753577224	369.57660638071854	7.251317881750693	7.670674066041898	9.544555955530942	15.194269876451488	9.137761599709183	3년	7.670674066041898	안심	3년	23.497404952300016	0.5742169783721447	헐값	N	주당순현금<=0	82524992.0	-7.033434970438335	12.46533102127685		-10.611764885378216	174.2591995239258	157.65359970092774	N	Y	중립/개선	단기위험부채 존재
GE	GENERAL ELECTRIC CO	0000040545	S&P 500	양호	PEG=헐값, PEGY=안심	309.3900146484375	8.14	2025	61.0	43299000000.0		43299000000.0	20469000000.0	25000000.0	18677000000.0	111271000000.0	14.37267214578139	85.62732785421862	0.16785146174654672	21.376404494382022	21.35299625468165	35.3825073899331	35.385383095056	365.14285714285717	61.56813006403801	69.60524644031413	738.7857142857143	131.636260128076	147.71049288062827	6013.715714285715	1071.5191574425387	1202.363412048314	1843.7329679560446	246.33281835553584	288.62385827628276	3년	131.636260128076	1071.5191574425387	246.33281835553584	12.043885201423054	3.4640883053672624	3.6912377351039134	6.709737827715355	2.1686988946103147	3년	3.4640883053672624	안심	3년	61.56813006403801	0.5746886798921972	헐값	Y		1068000000.0	-13.828540751684038	0.4317396287685016		-18.84213481513538	339.7326007080078	323.9695004272461	N	N	판정불가	단기위험부채 존재
AKAM	AKAMAI TECHNOLOGIES INC	0001086222	S&P 500	양호	PEG=헐값, PEGY=양호	108.62000274658203	3.07	2025	0.0	930231000.0	375005000.0	1305236000.0			4977371000.0	6502272000.0	43.35823857937046	56.64176142062954	0.7654818192779386	8.87776742414452	8.87776742414452	32.48932746659202	32.48932746659202	-6.116207951070342	55.27737277287406	35.18418669731969	-3.7324159021406835	119.05474554574812	78.86837339463938	-11.458516819571898	365.4980688254467	242.12590632154289	-110.5491774349384	236.49241353655543	122.91097422123931	3년	119.05474554574812	365.4980688254467	236.49241353655546	-0.18825283340689303	1.7014009548124511	1.0829459838311126	6.8763322745420785	6.3306316522427615	3년	1.7014009548124511	양호	3년	55.27737277287406	0.5877509338239628	헐값	Y		147023000.0	-16.13650466063392	-6.362066597774108		-32.592774507879426	111.63599975585937	111.8856001663208	N	N	주의	
STLD	STEEL DYNAMICS INC	0001022671	S&P 500	제외	PEG=헐값, PEGY=양호	238.1699981689453	7.99	2025	88.0	769878000.0	0.0	769878000.0	4176508000.0	34655000.0	8957182000.0	7489369000.0	54.46237329638293	45.537626703617065	1.1959862039111706	-22.955109026710872	-23.188626991186222	32.68149026228488	32.7107165406923	-18.800813008130078	-27.445943360831997	55.10698446728479	-29.101626016260155	-46.39188672166399	118.71396893456958	-232.52199186991865	-370.67117490609525	948.5246117872109	-197.62858196143569	-255.6330258873162	298.255287852997	5년	118.71396893456958	948.5246117872109	298.255287852997	2.1173816260064253	1.852854816386652	4.37883901005681	3.379349613217973	1.4188813197289607	3년	1.852854816386652	양호	5년	55.10698446728479	0.5930553191798548	헐값	N	주당순현금<=0	148404000.0	7.254796355701432	26.983365999746823		-15.769560778286717	242.5139993286133	217.55645042419434	N	Y	상승전환	단기위험부채 존재
EFX	EQUIFAX INC	0000033185	S&P 500	제외	PEG=헐값, PEGY=양호	142.47999572753906	5.32	2025	1.57	180800000.0		180800000.0	4055300000.0		4604300000.0	7126000000.0	39.251340545425094	60.748659454574906	0.6461268593881561	-31.22078968573731	-31.22078968573731	32.65052357392413	32.65052357392413	9.917355371900834	-1.9860869276462576	54.21135723165227	28.33471074380167	4.527826144707484	116.92271446330454	150.74066115702487	24.088035089843817	622.0288409447802	5.797772092359188	-83.09374241145629	336.57275378802683	5년	116.92271446330454	622.0288409447802	336.57275378802683	0.3518276007394578	-0.012743652539114551	1.7084368373253667			5년	1.7084368373253669	양호	5년	54.21135723165227	0.6022819800361047	헐값	N	주당순현금<=0 | FCF<=0	124100000.0	-14.50858478534145	-22.72481182647982		-40.554072062129144	172.06899993896485	181.7841003417969	N	N	주의	
L	LOEWS CORP	0000060086	S&P 500	제외	PEG=헐값, PEGY=안심	106.45999908447266	7.97	2025	24.0	495000000.0	4628000000.0	5123000000.0	9191000000.0	10000000.0	18686000000.0	66707000000.0	21.882355696602765	78.11764430339724	0.2801205270811159	-19.45480631276901	-19.502630320420852	15.798595407433083	15.804595910275221	24.33697347893915	24.20001937499827	40.610600779906946	57.1739469578783	56.90003874999654	89.72120155981389	455.67635725429005	453.4933088374724	715.0779764317167	328.0258887591434	325.97530785026566	571.6870022367038	3년	56.90003874999654	453.4933088374724	325.97530785026566	3.059574109746306	3.050905357847232	4.089642092455149	12.91248206599713	12.128951885253619	3년	3.050905357847232	안심	3년	24.20001937499827	0.6528339982965081	헐값	N	주당순현금<=0	209100000.0	-7.546680265960093	-3.033064762989479		-10.837522844253577	110.29720016479492	109.00059997558594	N	N	주의	단기위험부채 존재
AVY	Avery Dennison Corp	0000008818	S&P 500	제외	PEG=헐값, PEGY=불리(<1)	168.4499969482422	8.79	2025	2.35	202800000.0		202800000.0	954200000.0	250000000.0	2242100000.0					-9.596424010217113	-12.789272030651341	20.255565524284336	20.618801931614737	0.6872852233676829	-1.5437973187936491	30.981755136467836	9.874570446735365	5.412405362412701	70.46351027293568	86.79747422680386	47.57504313560764	619.3742552991046	-48.472854972224674	-71.75717186256433	267.69027398048155	5년	70.46351027293568	619.3742552991046	267.69027398048155	0.14994818188247033	0.03980153900120916	1.6455603323692194	9.098339719029374	5.401210972906649	3년	0.0398015390012091	불리(<1)	5년	30.981755136467836	0.6537901237377616	헐값	N	주당순현금<=0	78300000.0	5.896768210304426	-3.913068681698395		-14.687262825130254	174.11379974365235	172.62654983520508	N	N	중립/개선	단기위험부채 존재
KVUE	Kenvue Inc.	0001944048	S&P 500	제외	PEG=헐값, PEGY=양호	17.389999389648438	0.76	2025	4.83	1062000000.0		1062000000.0	7687000000.0	700000000.0	10765000000.0	16311000000.0	39.75845767469345	60.24154232530654	0.6599840598369199	-3.4433471933471935	-3.807172557172557	27.412298135520565	27.891015719501308	40.74074074074073			89.98148148148147			68.38592592592592			293.2485815188314			1년	89.98148148148147	68.38592592592592	293.2485815188314	1.662419564950326			0.895010395010395	5.146695954130732	1년	1.662419564950326	양호	1년	40.74074074074073	0.6728473178718686	헐값	N	주당순현금<=0	1924000000.0	-9.849670480572726	3.9450081618106703		-12.304591747076532	18.60199996948242	18.034949951171875	N	N	판정불가	단기위험부채 존재
PKG	PACKAGING CORP OF AMERICA	0000075677	S&P 500	제외	PEG=헐값, PEGY=양호	229.74000549316406	8.58	2025	2.62	529000000.0	71800000.0	600800000.0	3967300000.0	0.0	4598000000.0					-37.572544642857146	-37.572544642857146	31.155308873662147	31.155308873662147	-3.9193729003359428	-8.031890655223496	45.85079043342193	0.6612541993281145	-7.563781310446991	100.20158086684386	5.673561030235222	-64.89724364363519	859.7295638375202	-97.53044272021486	-128.24812487678216	274.218483190165	5년	100.20158086684386	859.7295638375202	274.218483190165	-0.041706307762989225	-0.17370685288883658	1.555779486249864	8.131696428571429	3.539521299790945	5년	1.555779486249864	양호	5년	45.85079043342193	0.6794933866822102	헐값	N	주당순현금<=0	89600000.0	2.3386341803799615	8.855722421772594		-10.75631743403388	242.00339935302733	226.7391500854492	N	Y	상승전환	
TEL	TE Connectivity plc	0001385157	S&P 500	제외	PEG=헐값, PEGY=보통	219.50999450683594	6.16	2025	1.43	1255000000.0		1255000000.0	4842000000.0	500000000.0	9585000000.0	12351000000.0	43.695295404814004	56.304704595185996	0.7760505222249211	-11.996655518394649	-13.668896321070234	37.58224838071925	37.85371604349126	-40.36786060019361	-6.225079756818797	54.9338540505395	-72.23572120038722	-3.950159513637594	118.367708101079	-444.9720425943853	-24.33298260400758	729.1450819026467	-302.7115182586951	-111.08513653725676	232.16942287333518	5년	118.367708101079	729.1450819026467	232.16942287333518	-1.0360705460126176	-0.127588953918968	1.4997467282839774	10.7123745819398	4.880130677423983	5년	1.4997467282839774	보통	5년	54.9338540505395	0.6841363860278825	헐값	N	주당순현금<=0	299000000.0	10.356437818843943	-1.5782649382266367		-11.843375700065884	209.82460021972656	214.3023999786377	Y	Y	상승전환	단기위험부채 존재
JBL	JABIL INC	0000898293	S&P 500	제외	PEG=헐값, PEGY=불리(<1)	309.19000244140625	5.92	2025	11.0	1933000000.0		1933000000.0	2386000000.0	2400000.0	1513000000.0	17026000000.0	8.161173741841523	91.83882625815848	0.08886409021496534	-4.084761045987376	-4.106402164111812	52.918034372870544	52.92168996714832	-47.00089525514772	-4.9779916366686106	76.05596028525254	-85.50179051029544	-1.455983273337221	160.61192057050508	-506.17059982094895	-8.619420978156349	950.8225697773901	-263.70859207094577	-102.78774245936032	207.5204768167036	5년	160.61192057050508	950.8225697773901	207.5204768167036	-0.680314295150847	0.11379879155939868	1.6451094852057366	10.568079350766457	3.4179887018724626	3년	0.1137987915593986	불리(<1)	5년	76.05596028525254	0.6957776113061779	헐값	N	주당순현금<=0	110900000.0	-7.013324904310769	7.679176244371888		-19.82210965784037	316.5776007080078	302.56234992980956	N	Y	중립/개선	단기위험부채 존재
FE	FIRSTENERGY CORP	0001031296	S&P 500	제외	PEG=헐값, PEGY=양호	44.2599983215332	1.76	2025	4.26	57000000.0		57000000.0		325000000.0	12510000000.0	41978000000.0	22.95918367346939	77.04081632653062	0.2980132450331126	0.0986159169550173	-0.46366782006920415	25.091694548055788	25.411173944092276	3.529411764705886	35.33748646850903	-2.4264922046119075	15.558823529411772	79.17497293701805	3.647015590776185	27.38352941176472	139.34795236915178	6.4187474397660855	-38.130297220453826	214.83948859834624	-85.49763288932783	3년	79.17497293701805	139.34795236915178	214.83948859834626	0.31043785224579196	1.578111290677146	0.07307229855984997			3년	1.578111290677146	양호	3년	35.33748646850903	0.7100588371053564	헐값	N	FCF<=0	578000000.0	-7.075378272115973	-13.89105640541829		-14.737047868167707	46.12540000915527	47.426799812316894	N	N	주의	단기위험부채 존재
ZBH	ZIMMER BIOMET HOLDINGS, INC.	0001136869	S&P 500	제외	PEG=헐값, PEGY=보통	89.68000030517578	3.55	2025	1.05	591900000.0	164600000.0	756500000.0	6932000000.0	500000.0	12697700000.0	10386000000.0	55.00721288181703	44.99278711818296	1.222578471018679	-31.07951685958732	-31.082033215903373	34.01676539852482	34.0174742312899	-19.864559819413092	47.77871617006642	17.426534933980655	-31.229119638826184	104.05743234013283	43.35306986796131	-110.86337471783294	369.40388480747157	153.90339803126264	-223.62106862240339	311.91334026584724	71.61395797004728	3년	104.05743234013283	369.40388480747157	311.91334026584724	-0.5530966745071243	1.4354308999698113	0.5431596660504915	7.411172622043281	8.264019398777315	3년	1.435430899969811	보통	3년	47.77871617006642	0.7119648271302124	헐값	N	주당순현금<=0	198700000.0	0.5043112532923777	-3.5802620735104207		-13.752647230323689	96.03920059204101	91.33195014953613	N	N	중립/개선	단기위험부채 존재
INTU	INTUIT INC.	0000896878	S&P 500	제외	PEG=헐값, PEGY=양호	289.80999755859375	16.46	2026	1.94	4705000000.0	485000000.0	5190000000.0	6420000000.0	1249000000.0	18992000000.0	17794000000.0	51.62833686728647	48.371663132713536	1.0673260649657188	-4.44043321299639	-8.949458483754512	17.876696887702924	18.150635239510827	20.409656181419173	25.037201912000008	16.837325502259205	49.319312362838346	58.574403824000015	42.17465100451841	811.7958814923193	964.1346869430403	694.194755534373	180.1131390673265	232.6782012577436	139.53444028238562	3년	58.574403824000015	964.1346869430403	232.67820125774358	1.2502117321681012	1.5090708357066327	1.0503800349815076	31.27436823104693	10.791335183225998	3년	1.5090708357066327	양호	3년	25.037201912000008	0.7140053808942146	헐값	N	주당순현금<=0	277000000.0	6.009946734335658	-25.596264462374798		-57.59229849038936	322.85819946289064	389.93735137939456	N	N	중립/개선	단기위험부채 존재
SYY	SYSCO CORP	0000096021	S&P 500	제외	PEG=헐값, PEGY=양호	77.44999694824219	3.66	2026	2.88	1786000000.0	18000000.0	1804000000.0	10588184000.0	8782000.0	2666000000.0					-18.27707233642588	-18.29534486455809	26.15493696302406	26.159929457049255	-1.8766756032171539	36.47073516767034	66.04148830392411	4.746648793565692	81.44147033534068	140.58297660784822	17.372734584450434	298.0757814273469	514.5336943847245	-77.56909584378657	284.8622248836797	564.3430789656118	3년	81.44147033534068	298.0757814273469	284.8622248836797	0.03836080347665425	1.5045241830749407	2.635123472152132			3년	1.5045241830749407	양호	3년	36.47073516767034	0.7171486081314102	헐값	N	주당순현금<=0 | FCF<=0	480612203.0	-5.58332548971171	3.0605394220401205		-15.039497765581755	81.53759963989258	79.86140003204346	N	N	판정불가	단기위험부채 존재
UDR	UDR, Inc.	0000074208	S&P 500	제외	PEG=헐값, PEGY=보통	33.90999984741211	1.13	2025	5.14	1222000.0		1222000.0	5821369000.0		3288462000.0	6456911000.0	33.74382899453926	66.25617100546074	0.5092933757333808	-17.58071064149849	-17.58071064149849	45.56700043266425	45.56700043266425	334.6153846153846	63.19306474930446	41.38706836756314	677.7307692307692	134.8861294986089	91.27413673512628	765.8357692307691	152.42132633342806	103.13977451069269	2158.436368849512	349.4878414016281	204.1574018720143	3년	134.8861294986089	152.42132633342806	349.4878414016281	7.4561718214797015	1.4996173568695248	1.0210693687489394			3년	1.4996173568695248	보통	3년	63.19306474930446	0.7210759695456262	헐값	N	주당순현금<=0 | FCF<=0	331053000.0	-14.562859610197322	-3.169619062941742		-17.774009536187773	36.28939987182617	36.97534997940063	N	N	주의	
TPR	TAPESTRY, INC.	0001116132	S&P 500	제외	PEG=헐값, PEGY=보통	116.75	7.27	2026	1.58	974700000.0	177300000.0	1152000000.0	2396600000.0	0.0	692100000.0	5999600000.0	10.342663299311086	89.65733670068892	0.11535769051270085	-5.921027592768792	-5.921027592768792	16.873593891715103	16.873593891715103	786.5853658536585	23.28234739020967	60.15373226239535	1581.670731707317	55.06469478041934	128.8074645247907	11498.746219512193	400.32033105364854	936.4302670952284	9749.033164464407	242.88679319370323	702.081599225035	3년	55.06469478041934	400.32033105364854	242.88679319370323	46.70998786101199	1.4734470646716837	3.6586000977957918	8.622740247383444	7.385644751506162	3년	1.4734470646716835	보통	3년	23.28234739020967	0.7247376567712638	헐값	N	주당순현금<=0	210200000.0	-16.565421202793495	-22.461317446438688		-29.147954324011938	129.4131999206543	138.56755016326903	N	N	주의	
ROP	ROPER TECHNOLOGIES INC	0000882835	S&P 500	제외	PEG=헐값, PEGY=안심	362.2799987792969	14.2	2025	100.0	297400000.0		297400000.0	8595800000.0	705200000.0	19881500000.0	14695500000.0	57.49920467362698	42.50079532637302	1.3528971453846415	-76.69500924214418	-83.21256931608133	30.913732959256414	31.372716063054806	231.7757009345794	-7.702444377568895	42.57857188588412	472.0514018691588	-6.90488875513779	93.65714377176823	6703.129906542054	-98.04942032295662	1329.9314415591089	1750.2622085481569	-127.06454141916042	267.1004322734667	5년	93.65714377176823	1329.9314415591089	267.1004322734667	10.732307915444961	2.9856489911482753	4.6121434792038665			3년	2.9856489911482758	안심	5년	42.57857188588412	0.7260396859272095	헐값	N	주당순현금<=0 | FCF<=0	108200000.0	1.7811980374232483	1.8069390376547645		-30.330769465519836	390.52620178222656	368.30250091552733	N	N	중립/개선	단기위험부채 존재
PCAR	PACCAR INC	0000075362	S&P 500	보류	PEG=헐값, PEGY=보통	109.31999969482422	4.51	2025	1.28	3435900000.0		3435900000.0			19264000000.0					6.5222095671981775	6.5222095671981775	22.79330158040489	22.79330158040489	-42.911392405063296	-7.777639865294905	30.977934086980994	-77.32278481012659	-7.05527973058981	70.45586817396199	-348.7257594936709	-31.81931158496004	317.75596546456853	-418.995390109008	-129.1065785526768	190.66590409038645	5년	70.45586817396199	317.75596546456853	190.66590409038645	-1.8264748640387083	-0.2850679548276079	1.4152374535645476	6.971905846621109	6.377520916651809	5년	1.4152374535645476	보통	5년	30.977934086980994	0.7357915320113023	헐값	Y		526800000.0	-11.32381507357464	-11.973590831997772		-20.902977798744516	123.73559951782227	120.72514987945557	N	N	주의	
ADBE	ADOBE INC.	0000796343	S&P 500	보류	PEG=헐값, PEGY=보통	238.1199951171875	16.7	2025	0.0	5431000000.0	1164000000.0	6595000000.0	1000000000.0	0.0	11623000000.0	17873000000.0	39.40534309736913	60.59465690263086	0.650310524254462	13.103044496487119	13.103044496487119	13.474068899443138	13.474068899443138	35.11326860841424	18.24924207604421	29.19321269200992	78.72653721682848	44.99848415208843	66.88642538401984	1314.7331715210355	751.4746853398767	1117.0033039131313	452.1305217875582	215.5865533131935	369.09261163196874	3년	44.99848415208843	751.4746853398767	215.5865533131935	2.6059885006128636	1.3543972657582617	2.166621894980545	23.072599531615925	9.689484295622071	3년	1.3543972657582617	보통	3년	18.249242076044215	0.7383358083199824	헐값	Y		427000000.0	6.948125598375499	-0.4972639896145048		-33.8390173392515	258.76719848632814	258.7438998413086	N	N	중립/개선	
TXT	TEXTRON INC	0000217346	S&P 500	제외	PEG=헐값, PEGY=안심	75.52999877929688	5.11	2025	11.0	1262000000.0		1262000000.0			7875000000.0	10254000000.0	43.43868939268575	56.561310607314255	0.7679929783499122	7.001076235174028	7.001076235174028	13.410748051687445	13.410748051687445	18.013856812933028			44.527713625866056			227.53661662817555			201.25330372776915			1년	44.527713625866056	227.53661662817555	201.25330372776915	2.16347788364291					1년	2.16347788364291	안심	1년	18.013856812933028	0.7444684495359825	헐값	N	FCF<=0	180258000.0	-16.476834541187213	-17.336109763745956		-25.047135759239104	82.34839965820312	89.49424987792969	N	N	주의	
NSC	NORFOLK SOUTHERN CORP	0000702165	S&P 500	제외	PEG=헐값, PEGY=보통	316.30999755859375	12.75	2025	1.71	1530000000.0	0.0	1530000000.0	9736000000.0	0.0	15547000000.0	29689000000.0	34.36864444247944	65.63135555752055	0.5236619623429553	-36.4225477141589	-36.4225477141589	27.66529766845119	27.66529766845119	10.19878997407087	-2.7909035954415184	37.019144491250344	28.89757994814174	2.918192809116963	82.53828898250069	368.4441443388072	37.20695831624128	1052.3631845268837	16.481978812748732	-88.23718548151517	232.6999439314094	5년	82.53828898250069	1052.3631845268837	232.6999439314094	0.4304594917715762	-0.03907073794742335	1.3999178666136707	9.573901464713716	3.0267464002430815	5년	1.399917866613671	보통	5년	37.019144491250344	0.7473240683611696	헐값	N	주당순현금<=0	225300000.0	-2.3041022047176507	7.551850049013864		-10.38869405813314	330.02219848632814	311.6394995117187	N	Y	중립/개선	
TRGP	Targa Resources Corp.	0001389170	S&P 500	제외	PEG=헐값, PEGY=보통	285.7200012207031	8.49	2025	1.74	166100000.0		166100000.0	5632400000.0		3067900000.0					-25.201936376210234	-25.201936376210234	36.622136348281906	36.622136348281906	47.90940766550523			104.31881533101046			885.6667421602788			209.97715888855447			1년	104.31881533101046	885.6667421602788	209.97715888855447	1.3557212280936333			2.6929460580912865	0.9425122660597822	1년	1.3557212280936333	보통	1년	47.90940766550523	0.7644038641423205	헐값	N	주당순현금<=0	216900000.0	4.651678528342207	17.098361156025877		-5.4689822264009536	281.7479998779297	249.27889961242676	Y	Y	강한 상승추세	
CLX	CLOROX CO /DE/	0000021076	S&P 500	제외	PEG=헐값, PEGY=양호	83.5199966430664	6.52	2025	6.1	167000000.0		167000000.0	2484000000.0	202000000.0	321000000.0	5079000000.0	5.944444444444445	94.05555555555556	0.06320141760189013	-18.64233588388166	-20.26760642705995	15.66906940597363	15.918344029160485	189.77777777777774	20.46094189649925	22.02423977466943	388.0555555555555	49.4218837929985	52.54847954933886	2530.122222222222	322.2306823303502	342.61608666168934	2929.3610200141998	285.812614082643	310.22042676307075	3년	49.4218837929985	322.2306823303502	285.812614082643	12.500919659153585	1.6951192957491934	1.794888965387276	6.12292516514197	7.331088854456123	3년	1.6951192957491934	양호	3년	20.46094189649925	0.7658039148556752	헐값	N	주당순현금<=0	124287000.0	-10.261097113003325	-20.961485672087797		-34.31897276049438	95.0786001586914	101.20120025634766	N	N	주의	단기위험부채 존재
RJF	RAYMOND JAMES FINANCIAL INC	0000720005	S&P 500	보류	PEG=헐값, PEGY=보통	159.42999267578125	10.3	2025	1.34	11389000000.0		11389000000.0	1190836000.0		12503000000.0	75726000000.0	14.171077536864296	85.8289224631357	0.1651084171882841	49.36187802516941	49.36187802516941	10.686224723360374	10.686224723360374	6.185567010309293	13.848488040155704	12.055643508520287	20.871134020618584	36.19697608031141	32.611287017040574	214.97268041237143	372.82885362720754	335.89625627551794	34.838292848411825	133.85113890420658	110.6857377573871	3년	36.19697608031141	372.82885362720754	133.85113890420658	0.7042306525576054	1.4213146769179636	1.25354312259942	10.871248789932237	6.818822862295515	3년	1.4213146769179636	보통	3년	13.848488040155704	0.7716528109331583	헐값	Y		206600000.0	-5.506169083515822	7.8541366366583265		-12.004636758607933	172.04420013427733	160.8781002807617	N	N	판정불가	
IT	GARTNER INC	0000749251	S&P 500	제외	PEG=헐값, PEGY=보통	184.9199981689453	9.65	2025	0.0	1722521000.0		1722521000.0	2976674000.0	5000000.0	319908000.0	7765492000.0	3.9566131545749132	96.04338684542509	0.041196101934043584	-16.588228291779643	-16.654361484028833	20.88168149852072	20.88853467906468	-39.6875	-1.0484370535091214	26.662227247373906	-70.875	6.403125892981757	61.82445449474781	-683.94375	61.79016486727396	596.6059858743164	-469.85926712758237	-66.58546102146201	222.62924063477948	5년	61.82445449474781	596.6059858743164	222.62924063477948	-1.9005892797862807	-0.05020845919824003	1.2768237677249643			5년	1.2768237677249643	보통	5년	26.662227247373906	0.7831934408471993	헐값	N	주당순현금<=0 | FCF<=0	75605000.0	39.36241975020158	23.775104232649348		-28.372782061807044	183.94520050048828	172.45794986724854	Y	Y	강한 상승추세	단기위험부채 존재
META	Meta Platforms, Inc.	0001326801	S&P 500	양호	PEG=헐값, PEGY=안심	741.9000244140625	23.49	2025	28.000000000000004	35873000000.0	45719000000.0	81592000000.0	58744000000.0		217243000000.0	148778000000.0	59.35260545159977	40.64739454840023	1.4601822850152577	8.876456876456876	8.876456876456876	31.20577128725439	31.20577128725439	-1.550712489522217	39.8395285030712	18.41272352127048	5.398575020955565	88.1790570061424	45.32544704254096	126.81252724224622	2071.326049074285	1064.694751029287	-82.90705983701777	179.19207183072626	43.50919476922262	3년	88.1790570061424	2071.326049074285	179.19207183072626	0.8475767917097012	2.1739417327197876	1.4873121735730717	17.913364413364413	2.4145253839979346	3년	2.173941732719788	안심	3년	39.8395285030712	0.7832866617597836	헐값	Y		2574000000.0	23.010351243604465	29.014875256577444		-4.589822555432543	627.9737976074218	628.8062973022461	Y	Y	상승전환	
BA	BOEING CO	0000012927	S&P 500	제외	PEG=헐값, PEGY=보통	189.82000732421875	2.48	2025	0.0	10921000000.0	18479000000.0	29400000000.0	53848000000.0	6109000000.0	5454000000.0	162778000000.0	3.2419515906605163	96.75804840933948	0.03350575630613473	-32.07136298045389	-40.08526826708645	89.4723267357551	92.70374015778437	113.50762527233115			235.5152505446623			584.0778213507625			207.7008738879346			1년	235.5152505446623	584.0778213507625	207.7008738879346	1.2686338828268229			-2.462285189557917	-1.297168419845361	1년	1.2686338828268229	보통	1년	113.50762527233115	0.7882494812228713	헐값	N	주당순현금<=0 | FCF<=0	762300000.0	-14.920887990257247	-12.846646159545704		-24.719408320848135	211.5579998779297	220.60000007629395	N	N	주의	단기위험부채 존재
VRT	Vertiv Holdings Co	0001674101	S&P 500	제외	PEG=헐값, PEGY=보통	253.6199951171875	3.41	2025	10.0	1728400000.0		1728400000.0	2892100000.0	20900000.0	3941300000.0	8271100000.0	32.27293570469359	67.7270642953064	0.4765146111158129	-2.9788598174833623	-3.032360006694845	75.24893106588587	75.26462027093324	166.40624999999997		95.30556878636357	341.31249999999994		199.11113757272713	1163.875625		678.9689791229996	358.9053100731353		167.7111395768601	5년	199.11113757272713	678.9689791229996	167.7111395768601	2.3443024040506777		1.3994294310195707	4.8477826951533824	1.911435528935098	5년	1.3994294310195707	보통	5년	95.30556878636357	0.7895543988050001	헐값	N	주당순현금<=0	390652824.0	-20.19760326437551	-3.3091853144241457		-32.58911099295483	260.03239959716797	265.07584999084474	N	N	주의	단기위험부채 존재
EXPD	EXPEDITORS INTERNATIONAL OF WASHINGTON INC	0000746515	S&P 500	제외	PEG=헐값, PEGY=안심	191.8000030517578	5.95	2025	83.0	1314285000.0	40000.0	1314325000.0			2355633000.0					9.646492818295915	9.646492818295915	30.61403533335494	30.61403533335494	4.020979020979029	-10.357841347469254	38.67934932316548	16.541958041958058	-12.215682694938508	85.85869864633096	98.42465034965045	-72.68331203488412	510.85925694566924	-48.683707620645734	-137.89536542148556	166.34997331455327	5년	85.85869864633096	510.85925694566924	166.34997331455327	2.8425190626917116	2.3728384011298527	3.9746262783786643			3년	2.3728384011298527	안심	5년	38.67934932316548	0.7914826869908037	헐값	N	FCF<=0	136249000.0	12.413555585922499	30.814356458312343		-1.19513297124757	185.6638003540039	163.15004989624023	Y	Y	강한 상승추세	
AMP	AMERIPRISE FINANCIAL INC	0000820027	S&P 500	제외	PEG=헐값, PEGY=보통	496.6099853515625	36.28	2025	1.37	2318000000.0		2318000000.0	2249000000.0		6549000000.0	184355000000.0	3.4305200519632906	96.5694799480367	0.03552385343494888	0.7026476578411406	0.7026476578411406	13.668890234115803	13.668890234115803	9.773071104387304	17.245791047295555	90.92651621947032	28.046142208774608	42.99158209459111	190.35303243894063	1017.5140393343428	1559.7345983917655	6906.008016884766	104.89198150416152	214.0763666456668	1290.630116306629	3년	42.99158209459111	1559.7345983917655	214.07636664566678	0.8152140308051945	1.3619094694924772	6.752305025400673			3년	1.3619094694924772	보통	3년	17.245791047295555	0.7925928243378159	헐값	N	FCF<=0	98200000.0	-0.7097765284217239	9.602731993366277		-12.979254271193618	541.9660040283203	493.2078512573242	N	Y	중립/개선	
SW	Smurfit Westrock plc	0002005951	S&P 500	제외	PEG=헐값, PEGY=보통	42.40999984741211	1.33	2025	4.27	892000000.0		892000000.0	13223000000.0		18327000000.0	26803000000.0	40.60935076445823	59.39064923554177	0.6837667425288214	-23.44296577946768	-23.44296577946768	49.51350799013518	49.51350799013518	62.195121951219534			132.89024390243907			176.74402439024396			316.75082533872967			1년	132.89024390243907	176.74402439024396	316.75082533872967	1.3423634205934611					1년	1.3423634205934611	보통	1년	62.195121951219534	0.7960995402335458	헐값	N	주당순현금<=0 | FCF<=0	526000000.0	0.7842157842157915	8.10604216742874		-18.19058695489805	46.56540016174316	43.286350059509275	N	N	중립/개선	
PFG	PRINCIPAL FINANCIAL GROUP INC	0001126328	S&P 500	제외	PEG=헐값, PEGY=보통	109.69999694824219	5.25	2025	3.03	4431000000.0		4431000000.0	3926300000.0	27700000.0	11883900000.0	328985200000.0	3.486352972446021	96.51364702755399	0.036122901577335394	2.236154186973859	2.113424900310146	20.46930338309873	20.492680390082292	-21.40718562874251	-34.694566556534845	25.297404962923697	-34.31437125748502	-60.88913311306969	59.09480992584739	-180.15044910179637	-319.6679488436159	310.2477521106988	-264.2210156002042	-391.4019669430248	182.8147317607288	5년	59.09480992584739	310.2477521106988	182.8147317607288	-0.8977924301965421	-1.546929368523597	1.3838968739069701			5년	1.38389687390697	보통	5년	25.297404962923697	0.8091463694833081	헐값	N	FCF<=0	225700000.0	-1.7641275660475242	16.454352974678343		-7.433976060401159	113.73839950561523	101.82184997558593	N	Y	중립/개선	단기위험부채 존재
DE	DEERE & CO	0000315189	S&P 500	제외	PEG=헐값, PEGY=안심	682.7899780273438	18.5	2025	95.0	8276000000.0		8276000000.0	32888000000.0		25950000000.0	79989000000.0	24.495228386146746	75.50477161385325	0.3244196076960582	-90.5852042694148	-90.5852042694148	41.80406390793289	41.80406390793289	-27.790788446526154	-7.374709270152346	50.57565655156788	-47.08157689305231	-6.249418540304692	109.65131310313576	-871.0091725214677	-115.6142429956368	2028.5492924080115	-227.56619173554805	-116.93262155511704	197.09711004674034	5년	109.65131310313576	2028.5492924080115	197.09711004674034	1.607719567683466	2.096095033316116	3.4823326476625853	22.447552447552447	3.287621841258702	3년	2.096095033316116	안심	5년	50.57565655156788	0.8265649278385282	헐값	N	주당순현금<=0	271700000.0	15.16106424554724	12.057698716600918		-3.7619105790373863	651.257998046875	589.8708993530273	Y	Y	강한 상승추세	
DLTR	DOLLAR TREE, INC.	0000935703	S&P 500	제외	PEG=헐값, PEGY=보통	116.19000244140625	6.22	2025	0.0	717800000.0	0.0	717800000.0	2431700000.0	0.0	3754900000.0	9711300000.0	27.883887065393353	72.11611293460665	0.3866526623624026	-8.30780416868638	-8.30780416868638	20.015724535384667	20.015724535384667	136.22597553873032	-4.80407167954946	23.90309540249904	280.95195107746065	-1.1081433590989196	56.30619080499808	1747.5211357018052	-6.89265169359528	350.22450680708806	1404.0202246170593	-105.93222441584092	201.4239602789437	5년	56.30619080499808	350.22450680708806	201.4239602789437	6.805947758618687	-0.24001487785548872	1.1942158456588523	9.05186621425109	7.7905723591114295	5년	1.1942158456588523	보통	5년	23.90309540249904	0.8373695623242188	헐값	N	주당순현금<=0	206300000.0	-3.9116736678497688	10.007573773866696		-17.718294088859288	123.72739929199219	117.13409976959228	N	N	판정불가	
TROW	PRICE T ROWE GROUP INC	0001113169	S&P 500	양호	PEG=헐값, PEGY=양호	103.5999984741211	9.24	2025	5.0	3378200000.0		3378200000.0			10860100000.0	2288600000.0	82.59447702054196	17.405522979458045	4.745302805208424	15.334543803903768	15.334543803903768	9.552538384222654	9.552538384222654	0.9836065573770475	11.309540391033558	22.643785680119024	10.467213114754095	31.119080782067115	53.78757136023805	96.71704918032785	287.54030642630016	496.99715936859957	-6.643773547460608	177.54856241443545	379.72699487321677	3년	31.119080782067115	287.54030642630016	177.54856241443545	0.6263891665967871	1.7073514635618772	2.8938680556130065	6.71448025419882	6.4811586419820975	3년	1.7073514635618772	양호	3년	11.309540391033558	0.8446442608575064	헐값	Y		220300000.0	-11.490819501892124	12.841739711410938		-14.858647095422173	109.53120040893555	103.87794994354248	N	N	판정불가	
BR	BROADRIDGE FINANCIAL SOLUTIONS, INC.	0001383312	S&P 500	제외	PEG=헐값, PEGY=보통	158.66000366210938	9.6	2026	2.74	402900000.0	900000.0	403800000.0	3254600000.0	400000000.0	2840500000.0	6104700000.0	31.754460492778254	68.24553950722175	0.46529723000311235	-24.345004269854826	-27.760888129803586	19.063021659579604	19.418842894990934	35.21126760563381	21.898526092374706	34.26713142263553	78.92253521126761	52.297052184749404	77.03426284527106	757.6563380281691	502.0517009735943	739.5289233146021	377.53455221248674	216.43242744579143	366.1092312146554	3년	52.297052184749404	502.0517009735943	216.43242744579143	1.9908316888766913	1.2924774745767171	1.941304588721306	10.917164816396243	6.880855013495403	3년	1.2924774745767171	보통	3년	21.898526092374702	0.8705161972621321	헐값	N	주당순현금<=0	117100000.0	7.6975263196490396	-1.4350484817519216		-33.02659022801101	168.77920013427735	170.4218500518799	N	N	중립/개선	단기위험부채 존재
BIIB	BIOGEN INC.	0000875045	S&P 500	제외	PEG=헐값, PEGY=보통	222.88999938964844	8.79	2025	0.0	2913700000.0	1134989000.0	4048689000.0	6286800000.0		14799400000.0	11182700000.0	56.95998398897702	43.04001601102298	1.3234192100297781	-15.214894629503739	-15.214894629503739	27.088156316172036	27.088156316172036	-21.37745974955278	-25.041283434599325	30.526946389639487	-34.25491949910556	-41.58256686919865	69.55389277927898	-301.1007423971379	-365.51076278025613	611.3787175298622	-235.08939083030106	-263.98706257847084	174.29616366998658	5년	69.55389277927898	611.3787175298622	174.29616366998658	-0.7891810538907041	-0.9244366114222881	1.1269481035671092	13.941536369816452	6.254895422851319	5년	1.1269481035671092	보통	5년	30.526946389639487	0.8873523073819615	헐값	N	주당순현금<=0	147100000.0	12.055701214642855	23.89661309154951		-2.5361856617426293	216.1779998779297	195.70575027465821	Y	Y	강한 상승추세	
EBAY	EBAY INC	0001065088	S&P 500	제외	PEG=헐값, PEGY=보통	107.05999755859375	4.34	2025	1.16	1867000000.0	2625000000.0	4492000000.0	6973000000.0	750000000.0	4615000000.0	12995000000.0	26.20670073821692	73.79329926178308	0.3551365909965371	-5.301282051282051	-6.903846153846154	25.889695762644195	26.258950164156662	10.15228426395939		29.104348914704946	28.80456852791878		66.70869782940989	125.0118274111675		289.5157485796389	16.768008837987082		170.42383260020856	5년	66.70869782940989	289.5157485796389	170.42383260020856	0.4369415680921864		1.1689727524095848	3.0641025641025643	2.8620424378634852	5년	1.1689727524095848	보통	5년	29.104348914704946	0.8895473263641177	헐값	N	주당순현금<=0	468000000.0	-8.753093081212837	10.61059669999327		-10.003363834450607	107.1515998840332	101.29579998016358	N	Y	중립/개선	단기위험부채 존재
JPM	JPMORGAN CHASE & CO	0000019617	S&P 500	제외	PEG=헐값, PEGY=보통	331.2799987792969	20.02	2025	1.99	278793000000.0		278793000000.0	267889000000.0	64776000000.0	362438000000.0	4062462000000.0	8.19087437004226	91.80912562995775	0.08921634220824712	3.9201869494876864	-19.367966924321408	16.35163895253792	17.514883401779137	1.3670886075949347	18.30758541328956	17.65495483894246	11.23417721518987	45.115170826579124	43.80990967788492	224.9082278481012	903.205719948114	877.074391751256	-32.10932483794833	172.64118669290434	164.75319819581821	3년	45.115170826579124	903.205719948114	172.64118669290434	0.20530594011641162	1.241318101029817	1.2014058588233067			3년	1.241318101029817	보통	3년	18.307585413289562	0.893161964475566	헐값	N	FCF<=0	2781500000.0	-1.248994672000392	7.568918227814314		-9.283091783886944	351.3217999267578	321.9327508544922	N	Y	중립/개선	단기위험부채 존재
FOX	Fox Corp	0001754301	S&P 500	제외	PEG=헐값, PEGY=보통	56.70000076293945	3.84	2026	1.02	4205000000.0		4205000000.0	6606000000.0	0.0	11628000000.0					-5.469248291571754	-5.469248291571754	16.189908607945625	16.189908607945625	-21.792260692464364	18.120452257112785	54.94321165488696	-35.08452138492873	44.74090451422557	118.38642330977392	-134.7245621181263	171.80507333462617	454.60386550953183	-337.60945380125224	203.0071799345059	701.7704751190627	3년	44.74090451422557	171.80507333462617	203.0071799345059	-1.2830375510748608	1.1822458495978847	3.456672487170282	3.343963553530752	5.89764287219631	3년	1.1822458495978847	보통	3년	18.120452257112785	0.8934605151254231	헐값	N	주당순현금<=0	439000000.0	18.248174892132376	5.488373512445488		-16.322315561701206	57.57300010681152	56.69035007476807	N	Y	상승전환	
RL	RALPH LAUREN CORP	0001037038	S&P 500	제외	PEG=헐값, PEGY=보통	368.6700134277344	15.11	2026	1.09	1988000000.0	77000000.0	2065000000.0	1238900000.0	0.0	2841400000.0	4898100000.0	36.71296595387299	63.28703404612701	0.5801024887201159	13.260032102728731	13.260032102728731	23.521507698544383	23.521507698544383	30.146425495262708	25.853438682213326		68.79285099052541	60.20687736442665		1039.459978466839	909.7259169764867		181.9486100326928	146.75885855707344		3년	60.20687736442665	909.7259169764867	146.75885855707344	1.327994187090131	1.1454809371714172				3년	1.1454809371714172	보통	3년	25.853438682213326	0.909801902472909	헐값	N	FCF<=0	62300000.0	-4.878985964102512	-1.792749221675738		-11.003014260052046	362.62640197753905	365.2392497253418	Y	Y	중립/개선	
XYZ	Block, Inc.	0001512673	S&P 500	보류	PEG=헐값, PEGY=보통	76.2300033569336	2.1	2025	0.0	6564092000.0	1081851000.0	7645943000.0	4109829000.0	455000.0	22204278000.0	17380005000.0	56.093672329495014	43.906327670504986	1.2775760421242686	5.677421737273577	5.676691210234443	33.59646743793334	33.59681530795198	-53.94736842105262		36.69521853880895	-99.39473684210525		81.8904370776179	-208.72894736842102		171.96991786299762	-373.8146899864144		125.59348063751052	5년	81.8904370776179	171.96991786299762	125.59348063751052	-1.6057452623766433		1.0922344322837005	3.8929480860191576	5.106844962069741	5년	1.0922344322837003	보통	5년	36.69521853880895	0.915554363095062	헐값	Y		622838000.0	-0.41802701772312156	27.113559788651663		-10.159098729761984	79.64479934692383	70.19354972839355	N	Y	중립/개선	단기위험부채 존재
BBY	BEST BUY CO INC	0000764478	S&P 500	보류	PEG=헐값, PEGY=보통	84.8499984741211	5.04	2026	4.39	1738000000.0	0.0	1738000000.0	1144000000.0	110000000.0	2964000000.0					2.8005657708628005	2.281942479962282	16.279649345884582	16.382550792491827	17.757009345794387	-7.119053945313414		44.014018691588774	-5.738107890626829		221.83065420560743	-28.920063768759217		161.4386071830807	-134.08375284482736		1년	44.014018691588774	221.83065420560743	161.4386071830807	1.360410711265906	-0.16763591692491253		5.931164545025931	6.990176372053693	1년	1.360410711265906	보통	1년	17.757009345794387	0.9168013052682372	헐값	Y		212100000.0	6.075760395229168	31.591181849709216		-10.524099087031091	87.57899978637695	73.09270013809204	N	Y	상승전환	단기위험부채 존재
GOOG	Alphabet Inc.	0001652044	S&P 500	양호	PEG=헐값, PEGY=양호	343.8299865722656	10.81	2025	26.0	30708000000.0	96135000000.0	126843000000.0	46547000000.0	0.0	415265000000.0	180016000000.0	69.75949173583568	30.24050826416432	2.306822726868723	6.565494685200327	6.565494685200327	31.199305447462095	31.199305447462095	34.45273631840798	33.33790189024399	-28.686657181224508	77.40547263681596	75.17580378048798	-48.873314362449015	836.7531592039805	812.6504388670751	-528.3205282580739	143.36247328099554	136.35240397982955	-253.6574902977615	3년	75.17580378048798	812.6504388670751	136.35240397982957	1.937630836693049	1.901898168539865	-0.08611272407165249	5.99067865903516	1.7423374612429414	3년	1.901898168539865	양호	3년	33.33790189024399	0.9358508987811336	헐값	Y		12230000000.0	-4.148199168485089	13.128021208176023		-13.835710903770437	342.26940063476565	337.5691491699219	Y	Y	강한 상승추세	
DG	DOLLAR GENERAL CORP	0000029534	S&P 500	제외	PEG=헐값, PEGY=보통	123.2699966430664	6.85	2025	1.98	1138501000.0		1138501000.0	4172068000.0		8511962000.0	22451768000.0	27.490105358753613	72.50989464124639	0.3791221252598014	-13.738109902451837	-13.738109902451837	20.001183437301936	20.001183437301936	34.050880626223076	-13.760458357934102	21.193089282505095	76.60176125244615	-19.020916715868204	50.88617856501019	524.7220645792561	-130.2932795036972	348.5703231703198	325.66892096104414	-205.6974795586042	182.76980016444733	5년	50.88617856501019	348.5703231703198	182.76980016444733	1.8014374368981572	-0.5889880663742979	1.1585859084361778			5년	1.1585859084361778	보통	5년	21.193089282505095	0.9437596931096272	헐값	N	주당순현금<=0 | FCF<=0	220814000.0	6.51515861697336	0.17878389748275936		-21.102155460139294	124.32619979858399	126.70674968719483	N	N	중립/개선	
GOOGL	Alphabet Inc.	0001652044	S&P 500	양호	PEG=헐값, PEGY=양호	347.67999267578125	10.81	2025	25.0	30708000000.0	96135000000.0	126843000000.0	46547000000.0	0.0	415265000000.0	180016000000.0	69.75949173583568	30.24050826416432	2.306822726868723	6.565494685200327	6.565494685200327	31.55545772345799	31.55545772345799	34.45273631840798	33.33790189024399	-28.686657181224508	77.40547263681596	75.17580378048798	-48.873314362449015	836.7531592039805	812.6504388670751	-528.3205282580739	140.66761873878377	133.735174869521	-251.95597658411816	3년	75.17580378048798	812.6504388670751	133.735174869521	1.8840714287662337	1.8487420591866812	-0.11683104753330471	5.99067865903516	1.7230438291632129	3년	1.8487420591866808	양호	3년	33.33790189024399	0.9465340028699402	헐값	Y		12230000000.0	-3.12352573632827	9.567624054836998		-13.645621953131092	345.3233984375	339.3724493408203	Y	Y	강한 상승추세	
C	CITIGROUP INC	0000831001	S&P 500	제외	PEG=헐값, PEGY=불리(<1)	128.52000427246094	6.99	2025	2.08	188105000000.0		188105000000.0	315827000000.0	51878000000.0	212291000000.0	2443380000000.0	7.993874241199306	92.00612575880069	0.08688415228085684	-68.18749666328546	-95.88382894666596	28.14127338136572	32.103552677986684	17.67676767676767	-0.047641741369786	29.48968947668986	43.85353535353534	8.404716517260429	67.47937895337972	306.53621212121203	58.7489684556504	471.6808588841243	138.51245092659568	-54.28807461669294	267.0096819201517	5년	67.47937895337972	471.6808588841243	267.0096819201517	0.702056634361471	0.07221983991584327	1.1218287477209303	-39.58784902034061	-30.802869362200475	3년	0.0722198399158432	불리(<1)	5년	29.48968947668986	0.9542749985078685	헐값	N	주당순현금<=0 | FCF<=0	1873100000.0	-7.917175948904875	4.073209568146852		-11.773181926311372	133.76719955444335	126.04234985351563	N	Y	중립/개선	단기위험부채 존재
ORCL	ORACLE CORP	0001341439	S&P 500	제외	PEG=헐값, PEGY=보통	144.77000427246094	5.83	2026	1.4	31289000000.0	605000000.0	31894000000.0	0.0	0.0	42508000000.0					10.945092656142759	10.945092656142759	22.9545302943942	22.9545302943942	34.331797235023046	23.834995611269672	5.082750468287545	77.16359447004609	56.169991222539345	18.66550093657509	449.86375576036875	327.4710488274044	108.81987046023278	210.74376078190434	126.2008973979826	-24.832584617852927	3년	56.169991222539345	327.4710488274044	126.20089739798259	1.5566337788993758	1.0993470695164862	0.2824170386039534	-8.128345916266301	-5.614661653921445	3년	1.0993470695164862	보통	3년	23.834995611269672	0.9630599757081906	헐값	N	FCF<=0	2914000000.0	0.38136392116383533	0.7726580690909035		-53.74760246886232	144.63920013427733	162.48919986724854	Y	N	중립/개선	
LMT	LOCKHEED MARTIN CORP	0000936468	S&P 500	제외	PEG=헐값, PEGY=불리(<1)	510.1199951171875	21.49	2025	2.72	4121000000.0	3000000.0	4124000000.0	20532000000.0	0.0	6721000000.0	53119000000.0	11.231617647058824	88.76838235294117	0.1265272313108304	-70.26980728051392	-70.26980728051392	27.00743612832487	27.00743612832487	-3.6754818467055146	-0.2623064045820689	27.492062613344558	1.1490363065889708	7.975387190835862	63.484125226689116	24.69279022859698	171.39107073106265	1364.2738511215491	-95.1594153405172	-66.4018128339216	167.4417517800181	5년	63.484125226689116	1364.2738511215491	167.4417517800181	-0.03537847288300809	0.09100062604018715	1.118657190182475	32.61241970021413	6.393087903312285	3년	0.0910006260401871	불리(<1)	5년	27.492062613344558	0.9823721307551346	헐값	N	주당순현금<=0	233500000.0	-1.5706430160642104	-18.835322972603418		-24.61652343503724	553.2348016357422	563.2111515808106	N	N	주의	
HSIC	HENRY SCHEIN INC	0001000228	S&P 500	제외	PEG=헐값, PEGY=보통	84.83999633789062	3.27	2025	0.0	80209000.0		80209000.0	363524000.0	764000000.0	3245000000.0	6421000000.0	33.57128077798469	66.4287192220153	0.5053729948606136	-2.327636739241161	-8.604446893240233	26.656768525116753	28.576282333679163	7.213114754098368	-5.784216280166666	26.993797939062315	22.926229508196734	-3.0684325603333313	62.48759587812463	74.96877049180333	-10.033774472289993	204.33443852146755	-11.635108760228318	-111.82670309452712	140.84682619229346	5년	62.48759587812463	204.33443852146755	140.84682619229346	0.2705922417903719	-0.21698865242111456	1.0126432959654508			5년	1.0126432959654508	보통	5년	26.993797939062315	0.9875145611333984	헐값	N	주당순현금<=0 | FCF<=0	121717876.0	1.1686092540024395	12.326224955726683		-6.625582469757418	87.69239974975586	80.34019996643066	N	Y	상승전환	단기위험부채 존재
FOXA	Fox Corp	0001754301	S&P 500	제외	PEG=헐값, PEGY=안심	63.33000183105469	3.84	2026	92.0	4205000000.0		4205000000.0	6606000000.0	0.0	11628000000.0					-5.469248291571754	-5.469248291571754	17.91647138610064	17.91647138610064	-21.792260692464364	18.120452257112785	54.94321165488696	-35.08452138492873	44.74090451422557	118.38642330977392	-134.7245621181263	171.80507333462617	454.60386550953183	-312.73418320361134	171.28543876084228	617.833337068705	3년	44.74090451422557	171.80507333462617	171.28543876084228	3.918614206701542	6.146324791529139	8.20157097278003	3.343963553530752	5.280220206611451	3년	6.146324791529139	안심	3년	18.120452257112785	0.9887430584999845	헐값	N	주당순현금<=0	439000000.0	18.617723459523905	6.169321393192639		-16.791484268571523	64.48040000915528	63.11464988708496	N	Y	상승전환	
DXCM	DEXCOM INC	0001093557	S&P 500	보류	PEG=보통, PEGY=불리(<1)	83.38999938964844	2.09	2025	0.0	917700000.0	1730000000.0	2647700000.0	4600000.0		2746000000.0	3593900000.0	43.31298600924305	56.68701399075695	0.7640724561061799	6.518125770653514	6.518125770653514	36.78080077463872	36.78080077463872	47.183098591549296	36.597938323358605	-16.208656508885298	102.86619718309859	81.69587664671721	-23.917313017770596	214.99035211267605	170.74438219163895	-49.987184207140544	157.81311150766567	104.75402739100414	-159.94385966303972	3년	81.69587664671721	170.74438219163895	104.75402739100414	1.282818687952091	0.9950283178335203	-0.4406825345700894	2.656473489519112	3.1856020013940327	3년	0.9950283178335204	불리(<1)	3년	36.597938323358605	1.004996523292226	보통	Y		405500000.0	14.201593020158976	26.73251599100148		-9.692438058468566	86.8833999633789	73.24070003509522	N	Y	상승전환	
FIX	COMFORT SYSTEMS USA INC	0001035983	S&P 500	보류	PEG=보통, PEGY=보통	1817.9599609375	28.88	2025	21.0	981898000.0		981898000.0	139063000.0	500000.0	2448774000.0	3992395000.0	38.0175399838135	61.9824600161865	0.6133596500346283	23.80015813401858	23.786039025216727	62.12464691147789	62.12513580028682	97.80821917808218	61.78475841689988	89.88133018013103	204.11643835616437	132.06951683379975	188.26266036026206	5894.882739726027	3814.167646160137	5437.025631204368	224.25811714170572	109.8048212345236	199.07290303580504	3년	132.06951683379975	3814.167646160137	109.8048212345236	1.9124168117586786	1.3325590169528176	1.78482028780183	29.126394261994182	1.602147180786867	3년	1.3325590169528176	보통	3년	61.78475841689988	1.005501170568388	보통	Y		35413000.0	2.0511679497701385	19.197980552597937		-12.027526973184832	1658.2189916992188	1564.3235968017577	Y	Y	강한 상승추세	단기위험부채 존재
PEG	PUBLIC SERVICE ENTERPRISE GROUP INC	0000788784	S&P 500	제외	PEG=보통, PEGY=보통	71.7300033569336	4.22	2025	3.9	132000000.0		132000000.0	21670000000.0	1529000000.0	13130000000.0					-42.99001996007984	-46.041916167664674	27.184839648581384	27.90803780203751	19.20903954802259	27.00332083242836	2.3351713791253115	46.91807909604518	62.506641664856716	13.170342758250623	197.99429378531067	263.77802782569535	55.578846439817625	176.02716369616908	267.7373699721121	-22.516598579741675	3년	62.506641664856716	263.77802782569535	267.7373699721121	0.8500708426738325	1.1367851064017962	0.22936208047306575	0.05189620758483034	0.07234937286506334	3년	1.1367851064017962	보통	3년	27.003320832428358	1.0067220923411404	보통	N	주당순현금<=0	501000000.0	-10.527622558036976	-13.264805315741624		-17.50430606727731	72.76139999389649	78.777200050354	N	N	주의	단기위험부채 존재
GILD	GILEAD SCIENCES, INC.	0000882095	S&P 500	제외	PEG=보통, PEGY=보통	144.22999572753906	6.78	2025	2.27	5412000000.0	68000000.0	5480000000.0	22129000000.0	2807000000.0	22703000000.0					-13.26613545816733	-15.502788844621515	23.22951787399799	23.55940775400598	1684.2105263157894	23.0389935777624	40.69054645685804	3376.9210526315787	54.5779871555248	89.88109291371607	22895.524736842104	370.0387529144582	609.393809954995	15774.315617462413	156.56157794907534	322.51530749968555	3년	54.5779871555248	370.0387529144582	156.56157794907534	72.60075458576584	1.0895186768422807	1.8493946662985208	7.534661354581673	5.224059888911871	3년	1.0895186768422809	보통	3년	23.0389935777624	1.008269644921447	보통	N	주당순현금<=0	1255000000.0	6.963808695246754	1.9005246354422356		-7.426191975346185	143.77579986572266	136.94109981536866	Y	Y	강한 상승추세	단기위험부채 존재
XYL	Xylem Inc.	0001524472	S&P 500	제외	PEG=보통, PEGY=보통	104.56999969482422	3.92	2025	1.68	1479000000.0		1479000000.0	1408000000.0	534000000.0	11480000000.0	5885000000.0	66.10999136193493	33.89000863806507	1.9507221750212405	0.2909907620679197	-1.8975876455978427	26.601787993050078	27.16009881133216	7.397260273972603	25.99210498948732	36.73964338359592	23.294520547945204	60.48420997897464	81.97928676719184	91.3145205479452	237.0981031175806	321.358804127392	-12.676177857476956	126.736256870541	207.31453099860522	3년	60.48420997897464	237.0981031175806	126.73625687054101	0.3412274496866191	1.0402347765765545	1.4442504163116159			3년	1.0402347765765545	보통	3년	25.99210498948732	1.0234564689473726	보통	N	FCF<=0	243994000.0	-12.04474705050006	-18.28553669037023		-31.63125087854014	111.54219970703124	120.66190013885497	N	N	주의	단기위험부채 존재
PTC	PTC INC.	0000857005	S&P 500	제외	PEG=보통, PEGY=불리(<1)	193.0	6.08	2025	0.0	184415000.0		184415000.0	1172434000.0	25000000.0	3826229000.0	2790943000.0	57.82272245605827	42.177277543941734	1.3709448741876848	-8.180522781655448	-8.387515834968578	33.088901773298595	33.12294668338299	94.87179487179486	31.89223724402268	40.26105826759165	198.24358974358972	72.28447448804536	89.0221165351833	1205.3210256410255	439.4896048873158	541.2544685339145	524.5186661352463	127.71482118513772	180.44272981031838	3년	72.28447448804536	439.4896048873158	127.71482118513772	2.8671787151410557	0.9638348671263072	1.216754141416706	7.093138594268776	3.675201344180713	3년	0.9638348671263072	불리(<1)	3년	31.89223724402268	1.0375221255291582	보통	N	주당순현금<=0	120777000.0	55.90919991324714	33.73059188281522		-6.251515724698741	145.0999998474121	145.2901505279541	Y	Y	상승전환	단기위험부채 존재
ICE	Intercontinental Exchange, Inc.	0001571949	S&P 500	제외	PEG=보통, PEGY=보통	153.49000549316406	5.77	2025	1.37	837000000.0	16000000.0	853000000.0	18609000000.0	1035000000.0	28915000000.0	107896000000.0	21.134996454963417	78.86500354503659	0.26798954548824794	-30.88	-32.68	31.953207191189613	32.26516559673554	20.711297071129692	30.77318536913174	44.058395353098234	49.922594142259385	70.04637073826348	96.61679070619647	288.05336820083664	404.16755915978024	557.4788823747535	87.66913668112781	163.31848634781667	263.20207337511744	3년	70.04637073826348	404.16755915978024	163.31848634781667	0.6910510403230546	1.0059455120359406	1.4217162953715676	7.459130434782609	4.8596847793551055	3년	1.0059455120359406	보통	3년	30.77318536913174	1.038345780844694	보통	N	주당순현금<=0	575000000.0	13.60373384633402	-8.522551025187141		-12.34151905030555	155.53699951171876	154.92865028381348	N	N	중립/개선	단기위험부채 존재
MPC	Marathon Petroleum Corp	0001510295	S&P 500	보류	PEG=보통, PEGY=안심	432.3599853515625	13.22	2025	92.0	3672000000.0	0.0	3672000000.0	3292000000.0	0.0	17314000000.0	59869000000.0	22.43240091730044	77.56759908269956	0.2891980824800815	1.2418300653594772	1.2418300653594772	32.61105561922867	32.61105561922867	31.150793650793656	-22.2431402744799		70.80158730158732	-35.9862805489598		935.9969841269844	-475.73862885724856		116.48557124589188	-210.0329921767422		1년	70.80158730158732	935.9969841269844	116.48557124589188	3.776351035327401	2.139055556496273		15.57843137254902	3.603115898868813	3년	2.139055556496273	안심	1년	31.150793650793656	1.0468771994962578	보통	Y		306000000.0	52.615603240874286	86.37813316427945		-0.2560767448761547	370.334599609375	264.29354942321777	Y	Y	강한 상승추세	
LLY	ELI LILLY & Co	0000059478	S&P 500	제외	PEG=보통, PEGY=안심	1157.489990234375	22.95	2025	61.0	7268000000.0	154800000.0	7422800000.0	40868000000.0	1000000000.0	26535000000.0					-37.19025909040365	-38.30223507172245	52.05578428430409	52.10423639677985	95.98633646456018	49.27183319275166	27.579995682880675	200.47267292912036	107.04366638550331	63.65999136576135	4600.8478437233125	2456.652143547301	1460.996801844223	297.4848925295421	112.23960157529004	26.22111760537922	3년	107.04366638550331	2456.652143547301	112.23960157529005	3.015732807082014	2.118339675577627	1.7016359834115382			3년	2.118339675577627	안심	3년	49.27183319275166	1.0565018776683546	보통	N	주당순현금<=0 | FCF<=0	899300000.0	-4.885982441614988	21.41928092479435		-9.595105898863954	1174.9303955078126	1074.8372528076172	N	Y	중립/개선	단기위험부채 존재
PPG	PPG INDUSTRIES INC	0000079879	S&P 500	제외	PEG=보통, PEGY=보통	106.5199966430664	6.94	2025	2.81	2163000000.0	56000000.0	2219000000.0	6602000000.0	4000000.0	7941000000.0	14001000000.0	36.19086683073557	63.80913316926442	0.567173773301907	-19.299867899603697	-19.31748128577719	18.129663478770908	18.132201430669106	46.10526315789475	17.118429805639778	43.51289451505902	100.7105263157895	42.736859611279556	95.52578903011803	698.9310526315792	296.5938057022801	662.9489758690191	556.1500888641588	178.43955599822672	522.3704438242411	3년	42.736859611279556	296.5938057022801	178.43955599822672	2.698078936499429	1.0992167520911322	2.5550884918134984	5.121092029942757	4.807634426710338	3년	1.0992167520911322	보통	3년	17.118429805639778	1.059072805427398	보통	N	주당순현금<=0	227100000.0	-8.140740355240561	-3.5756354974100013		-19.033141821377054	110.66419998168945	111.99924995422363	N	N	주의	단기위험부채 존재
IEX	IDEX CORP /DE/	0000832101	S&P 500	제외	PEG=보통, PEGY=불리(<1)	236.27999877929688	6.41	2025	1.24	580000000.0		580000000.0	1820100000.0	0.0	4027500000.0	2900800000.0	58.131143281901764	41.868856718098236	1.3884100937672366	-16.46879150066401	-16.46879150066401	39.43038849921386	39.43038849921386	-3.4638554216867403	-5.969686551893727	37.169267564172536	1.5722891566265194	-3.439373103787453	82.83853512834507	10.07837349397599	-22.046381595277573	530.9950101726919	-95.73456342219218	-109.33061694141556	124.7312565244597	5년	82.83853512834507	530.9950101726919	124.7312565244597	-0.05639953108073176	-0.11995029042100419	0.9741031987280145	8.191235059760956	3.4667492390721484	5년	0.9741031987280144	불리(<1)	5년	37.169267564172536	1.0608330775186117	보통	N	주당순현금<=0	75300000.0	7.52707421164025	19.423801612457158		-1.7628494170326858	230.3092007446289	211.49020050048827	Y	Y	강한 상승추세	
RMD	RESMED INC	0000943819	S&P 500	보류	PEG=보통, PEGY=불리(<1)	220.69000244140625	10.43	2026	1.18	1469234000.0		1469234000.0	1078611000.0	259950000.0	6585393000.0	2380557000.0	73.44891506198451	26.55108493801549	2.766324435835815	2.6745107973763127	0.8946896353403536	20.902731701249277	21.073376107964133	9.674027339642482	19.643471363879893	26.342032619655285	27.848054679284964	47.78694272775979	61.18406523931057	290.45521030494217	498.4178126505346	638.1498004460092	31.612310069215187	125.84521597568325	189.16117331388384	3년	47.78694272775979	498.4178126505346	125.84521597568323	0.5192635821371508	0.9962081349700027	1.316671572549075	11.294069316828022	5.117617106296705	3년	0.9962081349700028	불리(<1)	3년	19.643471363879893	1.0641057944414494	보통	Y		146054000.0	5.8719144506407694	-4.338966033485336		-22.094746048998125	224.16800079345703	225.45710037231444	N	N	중립/개선	단기위험부채 존재
JCI	Johnson Controls International plc	0000833444	S&P 500	제외	PEG=보통, PEGY=불리(<1)	158.75999450683594	5.03	2025	1.02	379000000.0	100000000.0	479000000.0	9195000000.0	723000000.0	12927000000.0	8245000000.0	61.05705648970338	38.942943510296615	1.5678593086719224	-13.325179636141263	-14.430515211741325	34.21176424313662	34.43151286651635	99.60317460317462	31.9394360396549	43.04007850240077	207.70634920634924	72.3788720793098	94.58015700480153	1044.7629365079367	364.0657265589283	475.7381897341517	558.0769543066159	129.31830382700866	199.65873406078205	3년	72.3788720793098	364.0657265589283	129.31830382700866	2.9411863675917003	0.9633948078625336	1.2878633849243792			3년	0.9633948078625336	불리(<1)	3년	31.9394360396549	1.0711449069000616	보통	N	주당순현금<=0 | FCF<=0	654100000.0	12.972316150211727	14.2158233862129		0.0	146.56459930419922	138.03429973602294	Y	Y	강한 상승추세	단기위험부채 존재
DLR	DIGITAL REALTY TRUST, INC.	0001297996	S&P 500	제외	PEG=보통, PEGY=불리(<1)	184.64999389648438	3.58	2025	2.71	3451647000.0		3451647000.0	2940210000.0		22925663000.0	24564494000.0	48.2745571887665	51.72544281123349	0.93328456104164	1.470449383283977	1.470449383283977	51.16747053441352	51.16747053441352	122.36024844720497	47.747457450932274	86.18839525621738	253.22049689440993	103.99491490186455	180.87679051243475	906.5293788819876	372.3017953486751	647.5389100345164	390.9447109920794	101.6256743324829	250.6845011852693	3년	103.99491490186455	372.3017953486751	101.6256743324829	2.4443312741654273	0.986123740805133	1.7374006244148281			3년	0.986123740805133	불리(<1)	3년	47.747457450932274	1.0716271245855515	보통	N	FCF<=0	347810000.0	2.9665934372998137	-0.5279378120723544		-9.445348153462806	187.55459930419923	181.38584953308106	N	Y	상승전환	
SMCI	Super Micro Computer, Inc.	0001375365	S&P 500	제외	PEG=보통, PEGY=불리(<1)	43.459999084472656	3.26	2026	0.0	7521474000.0	23110000.0	7544584000.0	120179000.0	170123000.0	14479452000.0	15465851000.0	48.352998799177286	51.647001200822714	0.9362208390601978	10.646628369193	10.402671263128308	10.065451139656338	10.140284607774339	94.04761904761905	-34.17506232770905	9.298515353860616	196.5952380952381	-59.8501246554181	27.09703070772123	640.9004761904762	-195.11140637666298	88.3363201071712	1374.6904962992887	-548.9448009362067	103.25890926843554	5년	27.09703070772123	88.3363201071712	103.25890926843554	9.343606932538355	-3.3952837139176535	0.9238051255572527	-9.997712763211482	-23.00440168850223	5년	0.9238051255572528	불리(<1)	5년	9.298515353860616	1.0824793804827455	보통	N	FCF<=0	697348000.0	53.89518214132711	85.96490168503676		-25.93728892561146	37.05099964141846	32.12884986877442	Y	Y	강한 상승추세	단기위험부채 존재
CCI	CROWN CASTLE INC.	0001051470	S&P 500	제외	PEG=보통, PEGY=불리(<1)	68.27999877929688	1.01	2025	6.29	99000000.0		99000000.0	24337000000.0		7089221000.0	33153000000.0	17.616376094152457	82.38362390584754	0.21383346906765602	-55.464530892448515	-55.464530892448515	122.51933630865881	122.51933630865881	111.24721603563475	-36.03957271499858	-15.540072887114587	230.9944320712695	-63.579145429997155	-22.580145774229173	233.3043763919822	-64.21493688429713	-22.805947231971466	241.6877278309534	-194.04648217973852	-133.40062630300812	1년	230.9944320712695	233.3043763919822	241.6877278309534	0.9593360491239296	-0.24281532704398176	-0.07549888177496483			1년	0.9593360491239296	불리(<1)	1년	111.24721603563475	1.101324965016773	보통	N	주당순현금<=0 | FCF<=0	437000000.0	-10.954618534752303	-20.15902542153254		-30.939620832915026	73.63620025634765	82.79014987945557	N	N	주의	
CBRE	CBRE GROUP, INC.	0001138118	S&P 500	제외	PEG=보통, PEGY=불리(<1)	130.66000366210938	3.85	2025	0.0	1864000000.0		1864000000.0	5050000000.0	2465000000.0	8878000000.0	21251000000.0	29.46662683793023	70.53337316206976	0.41776857559644254	-10.593461930091989	-18.789596160373456	36.68921184213023	38.818077875969564	22.611464968152863	-3.5428381522206065	32.860400171986704	53.722929936305725	1.414323695558787	74.22080034397341	206.83328025477704	5.44514622790133	285.75008132429764	58.298847740471516	-95.83258374767642	118.69743863107165	5년	74.22080034397341	285.75008132429764	118.69743863107165	0.6162973755186563	-0.09656348485939305	0.8956420299618729	4.318714363628149	3.305307089074076	5년	0.8956420299618729	불리(<1)	5년	32.860400171986704	1.1165174997901444	보통	N	주당순현금<=0	300751541.0	-7.372744985455149	-8.302337971081231		-23.862243926693438	143.53080078125	144.84925060272218	N	N	주의	단기위험부채 존재
GS	GOLDMAN SACHS GROUP INC	0000886982	S&P 500	제외	PEG=보통, PEGY=불리(<1)	897.1799926757812	51.32	2025	2.24	164259000000.0		164259000000.0	236027000000.0	69709000000.0	124972000000.0	1684348000000.0	6.907125328852828	93.09287467114717	0.07419606874588862	-225.9697732997481	-445.4565491183879	21.885225369749207	26.16205264602824	26.591021213616184	19.517790861873507	15.71173099479697	61.68204242723237	47.535581723747015	39.92346198959394	3165.522417365565	2439.526054062697	2048.872069305961	252.83025069747703	171.91043870550084	128.3680070924601	3년	47.535581723747015	2439.526054062697	171.91043870550084	1.3173737408008501	0.9941771443646249	0.8202671296047378	-148.6712846347607	-16.570954083734996	3년	0.9941771443646248	불리(<1)	3년	19.517790861873507	1.121296232992244	보통	N	주당순현금<=0 | FCF<=0	317600000.0	-15.037357352275116	-0.9461780098502626		-22.124520688549197	997.4048034667969	959.9051504516601	N	N	주의	단기위험부채 존재
JBHT	HUNT J B TRANSPORT SERVICES INC	0000728535	S&P 500	제외	PEG=보통, PEGY=양호	225.92999267578125	6.12	2025	78.0	17284000.0		17284000.0	766938000.0	699859000.0	3565085000.0	4362070000.0	44.97307041429113	55.02692958570887	0.8172920196145408	-7.673962001474081	-14.838188928015724	38.17058082961688	39.34120614441127	10.071942446043176	-12.736907999542591	33.56042305195701	28.64388489208635	-16.973815999085183	75.62084610391402	175.30057553956848	-103.87975391440132	462.7995781559538	-22.409338634763753	-145.97873557384344	104.84202768956403	5년	75.62084610391402	462.7995781559538	104.84202768956403	2.307325184260948	1.7097746636807583	2.9226807826145604	9.700116698059126	4.2934169931033415	3년	1.7097746636807585	양호	5년	33.56042305195701	1.1373688815103014	보통	N	주당순현금<=0	97688000.0	-20.055905882190327	0.5787240193699583		-24.288733653982153	258.44520080566406	243.74904975891113	N	N	판정불가	단기위험부채 존재
MET	METLIFE INC	0001099219	S&P 500	제외	PEG=보통, PEGY=불리(<1)	97.16000366210938	4.71	2025	2.45	22032000000.0	3601000000.0	25633000000.0	23692000000.0	355000000.0	28398000000.0	716245000000.0	3.813639556136296	96.1863604438637	0.03964844431723782	2.882815980989158	2.355562156542403	20.016388042700683	20.128331529844367	-20.707070707070713	17.4111403260089	102.01265397268551	-32.914141414141426	43.3222806520178	212.52530794537103	-155.02560606060612	204.04794187100384	1000.9942004226975	-259.55701957333633	110.01228301783073	930.2533580626725	3년	43.3222806520178	204.04794187100384	110.01228301783073	-0.9121061536238785	0.9922439694733838	5.218856356593247			3년	0.9922439694733838	불리(<1)	3년	17.4111403260089	1.1496310791775104	보통	N	FCF<=0	673300000.0	6.593529386309593	30.696809857908924		-2.791389065852168	96.51399978637696	83.89174964904785	Y	Y	강한 상승추세	단기위험부채 존재
NVDA	NVIDIA CORP	0001045810	S&P 500	보류	PEG=보통, PEGY=양호	239.24000549316406	4.9	2026	42.0	10605000000.0	34621000000.0	45226000000.0	7469000000.0	0.0	157293000000.0	49510000000.0	76.05934149891442	23.940658501085572	3.1769945465562515	1.5402219140083218	1.5402219140083218	48.51015991411341	48.51015991411341	66.66666666666669	41.21547046890686	-6.616661124591561	141.83333333333337	90.93094093781372	-4.7333222491831215	694.9833333333336	445.5616105952872	-23.1932790209973	190.49628714926263	86.24042817455064	-109.69456549425635	3년	90.93094093781372	445.5616105952872	86.24042817455064	2.240080569906584	1.7154235445984665	0.7294005820235219	4.184517622583014	1.7490877472424153	3년	1.7154235445984665	양호	3년	41.21547046890686	1.176989110210684	보통	Y		24514000000.0	17.980080349812887	31.39279607166636		0.0	219.77400024414064	201.36200004577637	Y	Y	강한 상승추세	
AMZN	AMAZON COM INC	0001018724	S&P 500	보류	PEG=보통, PEGY=불리(<1)	256.2900085449219	7.17	2025	0.0	86810000000.0	36219000000.0	123029000000.0	65648000000.0	455000000.0	411065000000.0					5.29980604045442	5.257781472245313	35.00560704385878	35.01146821097302	29.656419529837247		-12.638188158251552	67.8128390596745		-16.776376316503104	486.2180560578662		-120.28661818932726	89.71401141166339		-146.933791477963	1년	67.8128390596745	486.2180560578662	89.71401141166339	0.8471905512931258		-0.3610332522563335	12.263507896924356	4.78501209100972	1년	0.8471905512931258	불리(<1)	1년	29.656419529837247	1.1803719936130432	보통	Y		10827000000.0	3.7443391799623527	15.837291997704806		-9.763390444823639	257.4275994873047	241.68219993591308	N	Y	상승전환	단기위험부채 존재
MTB	M&T BANK CORP	0000036270	S&P 500	제외	PEG=보통, PEGY=보통	218.74000549316406	17.0	2025	2.75	1420888000.0		1420888000.0	10911000000.0	2149000000.0	29177000000.0	184333000000.0	13.665402088895135	86.33459791110486	0.15828419219564593	-59.76479775302127	-73.29831035763992	16.382635485069727	17.178724461812	16.12021857923497	13.816843747424093	11.330076475388973	40.74043715846994	36.13368749484818	31.160152950777945	692.587431693989	614.2726874124191	529.722600163225	216.6258637200378	180.8232019687025	142.1699674775676	3년	36.13368749484818	614.2726874124191	180.8232019687025	1.1518426688082204	1.011244116523391	0.8594512456936989			3년	1.011244116523391	보통	3년	13.816843747424091	1.1857002789167377	보통	N	주당순현금<=0 | FCF<=0	158791000.0	-8.069259792905259	-0.1369557168388269		-13.912389843840177	237.42059997558593	224.04505012512206	N	N	주의	단기위험부채 존재
HBAN	HUNTINGTON BANCSHARES INC /MD/	0000049196	S&P 500	제외	PEG=보통, PEGY=불리(<1)	15.329999923706055	1.39	2025	4.05	2672000000.0		2672000000.0	17221000000.0	1261000000.0	24342000000.0	200727000000.0	10.8153499593458	89.1846500406542	0.12126918650704688	-9.668163175256307	-10.506128242546032	17.984289999253498	18.587142565648985	13.93442622950819	-1.3987851140241592	15.035833064612024	36.36885245901638	5.702429771951682	38.57166612922405	50.55270491803277	7.926377383012837	53.61461591962142	229.76324311560438	-48.29499398264432	249.73657003554632	5년	38.57166612922405	53.61461591962142	249.73657003554632	1.000007574958739	0.14741837937921867	1.0612502948631417	1.4719211927412688	9.601573385953607	3년	0.1474183793792186	불리(<1)	5년	15.035833064612024	1.1960953491550057	보통	N	주당순현금<=0	1504836000.0	-13.682433974432296	-6.238534764315295		-20.44629185501775	16.668400173187255	16.897650032043458	N	N	주의	단기위험부채 존재
WTW	WILLIS TOWERS WATSON PLC	0001140536	S&P 500	제외	PEG=보통, PEGY=불리(<1)	291.9800109863281	16.26	2025	1.33	3132000000.0	0.0	3132000000.0	5756000000.0	988000000.0	7976000000.0	21478000000.0	27.079513818157125	72.92048618184288	0.37135673712636186	-26.505050505050505	-36.484848484848484	19.587027151991304	20.200790865386015	1793.7500000000005		16.276465322384226	3596.000000000001		41.05293064476845	58470.96000000002		667.5206522839351	19925.672237795043		128.61861331842732	5년	41.05293064476845	667.5206522839351	128.61861331842732	91.64637318724014		0.8988840004030052	16.454545454545453	5.635504087749326	5년	0.8988840004030052	불리(<1)	5년	16.276465322384226	1.2033956245435071	보통	N	주당순현금<=0	99000000.0	0.9857178623404295	0.39887340378756964		-16.755520745166606	323.1525994873047	298.3911996459961	N	N	중립/개선	단기위험부채 존재
DVA	DAVITA INC.	0000927066	S&P 500	제외	PEG=보통, PEGY=불리(<1)	180.39999389648438	9.84	2025	0.0	676438000.0	337399000.0	1013837000.0	4417624000.0	87345000.0	-651082000.0	16321665000.0	-4.154803940606422	104.15480394060641	-0.03989066066482801	-44.85454305857547	-46.00556104632009	22.89172123527031	23.008694608008582	-8.294501397949679	18.926802949554716	45.67357145242303	-8.089002795899358	46.353605899109425	99.84714290484607	-79.59578751164968	456.1194820472367	982.4958861836852	-144.12183492496274	152.83785891310143	444.62079790726204	3년	46.353605899109425	456.1194820472367	152.83785891310143	-0.3623362923522747	0.8267968474294248	1.995200403805883	17.27134479804968	9.573916509088232	3년	0.8267968474294248	불리(<1)	3년	18.926802949554713	1.209486953305491	보통	N	주당순현금<=0	75885000.0	-21.38748594423334	21.53057863744896		-25.132806743857717	187.2126007080078	170.68944999694824	N	Y	중립/개선	단기위험부채 존재
FFIV	F5, INC.	0001048695	S&P 500	보류	PEG=보통, PEGY=불리(<1)	469.7900085449219	11.8	2025	0.0	1344273000.0	0.0	1344273000.0	0.0	0.0	3591999000.0	1628778000.0	68.80200016204483	31.197999837955155	2.2053336918843454	22.906976347897213	22.906976347897213	37.87144340652751	37.87144340652751	23.560209424083766	30.824915840645065	56.42360566588014	55.62041884816753	70.14983168129012	121.34721133176028	656.3209424083769	827.7680138392235	1431.8970937147715	39.705172624082905	76.19957827606105	204.79513562874163	3년	70.14983168129012	827.7680138392235	76.19957827606105	0.622110152263775	0.813935595476461	1.489872066934607	15.445538818076477	3.287753791511204	3년	0.813935595476461	불리(<1)	3년	30.824915840645062	1.2285984364827056	보통	Y		58684000.0	9.172244039065781	54.1508050568094		0.0	413.9724005126953	347.14369987487794	Y	Y	강한 상승추세	
SWK	STANLEY BLACK & DECKER, INC.	0000093556	S&P 500	제외	PEG=보통, PEGY=불리(<1)	89.98999786376953	2.65	2025	3.75	280100000.0		280100000.0	4703300000.0	605600000.0	9054600000.0					-29.12337534073401	-33.110786288995115	44.94844271868058	46.453126095382885	35.8974358974359		-1.0951545801409002	80.2948717948718		6.3096908397182	212.78141025641025		16.720680725253228	136.45006701581136		-81.41940090879248	1년	80.2948717948718	212.78141025641025	136.45006701581136	0.8820647279279025		0.05906423580623285	4.5292932485284245	5.03310740754217	5년	0.0590642358062328	불리(<1)	1년	35.8974358974359	1.2521351900203876	보통	N	주당순현금<=0	151878000.0	3.6512303387330025	25.877745912446915		-13.47115590022161	95.23980026245117	83.98835014343261	N	Y	상승전환	단기위험부채 존재
MSFT	MICROSOFT CORP	0000789019	S&P 500	보류	PEG=보통, PEGY=안심	529.2999877929688	17.95	2026	75.0	20935000000.0	55908000000.0	76843000000.0	31067000000.0	0.0	442387000000.0	315989000000.0	58.33346519404623	41.66653480595377	1.4000075952010989	6.141956259224473	6.141956259224473	29.145294235863194	29.145294235863194	31.5982404692082	22.855998285745223	17.396112163192925	71.6964809384164	54.21199657149045	43.29222432638585	1286.9518328445743	973.1053384582535	777.0954266586259	143.14223739373193	83.84760266400677	46.815689510761956	3년	54.21199657149045	973.1053384582535	83.84760266400677	3.657476901984383	3.357523087392054	3.1701897196666415	8.987924325774856	1.6980775615075976	3년	3.357523087392054	안심	3년	22.855998285745226	1.2751704769789234	보통	Y		7453000000.0	37.709441139881925	41.39930189396828		-2.355787879555582	493.3977990722656	433.3407992553711	Y	Y	강한 상승추세	
PLTR	Palantir Technologies Inc.	0001321655	S&P 500	보류	PEG=보통, PEGY=불리(<1)	189.39999389648438	0.63	2025	0.0	1423796000.0	5753247000.0	7177043000.0	0.0		7387268000.0	1412381000.0	83.9495757160314	16.0504242839686	5.230364894458365	2.7978525625907094	2.7978525625907094	296.1938751331645	296.1938751331645	231.57894736842107			471.65789473684214			297.14447368421054			56.88726676866387			1년	471.65789473684214	297.14447368421054	56.88726676866387	0.7818492102995259			0.8188809670368397	0.4323553291582443	1년	0.7818492102995259	불리(<1)	1년	231.57894736842107	1.2790190062568467	보통	Y		2565197000.0	43.24609903787231	26.207759480743654		-8.581909164907175	171.1055987548828	152.11277462005614	Y	Y	강한 상승추세	
TDG	TransDigm Group INC	0001260221	S&P 500	제외	PEG=보통, PEGY=불리(<1)	1103.3299560546875	32.08	2025	0.0	2808000000.0		2808000000.0	19384000000.0	124000000.0	-9686000000.0	32588000000.0	-42.293249497860444	142.29324949786044	-0.2972259727507058	-284.8109965635739	-286.94158075601376	43.27122670256426	43.33764142177996	25.214676034348155	33.77548076206609		58.92935206869631	76.05096152413218		1890.4536143637774	2439.71484569416		71.34073121006384	121.12286830479508		3년	76.05096152413218	2439.71484569416	121.12286830479508	0.5827122999693911	0.7805528831948862		31.20274914089347	2.8280523853869584	3년	0.7805528831948862	불리(<1)	3년	33.77548076206609	1.28114317624053	보통	N	주당순현금<=0	58200000.0	-14.847458974816984	-9.55422241217253		-23.908278892780178	1172.6350024414062	1245.7666485595703	N	N	주의	단기위험부채 존재
FDS	FACTSET RESEARCH SYSTEMS INC	0001013237	S&P 500	제외	PEG=보통, PEGY=불리(<1)	272.010009765625	15.55	2025	1.68	337651000.0	17445000.0	355096000.0	1368260000.0	0.0	2186413000.0	2117859000.0	50.79634837203597	49.203651627964035	1.0323694825765077	-26.394789631366418	-26.394789631366418	19.190019253825813	19.190019253825813	11.79007907979871	14.904095738686006	46.6827292996804	32.08015815959742	38.30819147737201	101.8654585993608	498.84645938173986	595.6923774731348	1584.0078812200607	83.39268463376273	118.9964913373621	482.3344084230235	3년	38.30819147737201	595.6923774731348	118.9964913373621	0.7019315041652838	0.8642042261307123	2.5202022290852355	17.33682428031783	6.373597903715364	3년	0.8642042261307123	불리(<1)	3년	14.904095738686006	1.2875668266149818	보통	N	주당순현금<=0	38385000.0	12.447299143804669	21.99399393480761		-13.248279267920694	283.1715997314453	248.88599960327147	N	Y	상승전환	
FICO	FAIR ISAAC CORP	0000814547	S&P 500	제외	PEG=보통, PEGY=불리(<1)	695.4600219726562	26.54	2025	0.0	134136000.0		134136000.0	2656150000.0	399541000.0	-1745784000.0	3613917000.0	-93.4507339680847	193.45073396808473	-0.48307252214148805	-102.68368551769065	-118.9509791946582	30.07323690619242	30.686171860109816	29.7799511002445	23.23712626480905		68.059902200489	54.9742525296181		1806.3098044009782	1459.0166621360643		159.72877625336713	109.79159348334608		3년	54.9742525296181	1459.0166621360643	109.79159348334608	0.9902476142869898	0.7726845745701642		31.3458328243964	4.507208442475913	3년	0.7726845745701642	불리(<1)	3년	23.23712626480905	1.294189159342658	보통	N	주당순현금<=0	24561000.0	-45.642131654957616	-36.31551984397034		-62.998589880260624	1005.7705981445313	1207.846146850586	N	N	주의	단기위험부채 존재
JNJ	JOHNSON & JOHNSON	0000200406	S&P 500	제외	PEG=보통, PEGY=불리(<1)	254.77999877929688	11.03	2025	2.12	19709000000.0	393000000.0	20102000000.0	39438000000.0	8495000000.0	81544000000.0	117666000000.0	40.933688067868076	59.066311932131924	0.693012424999575	-7.959166872478801	-11.455915040750803	23.82041393035138	24.13743552312309	90.50086355785837	17.90172233284293	14.890675456717407	189.50172711571673	44.30344466568586	38.281350913434814	2090.2040500863554	488.666994662515	422.24330057518597	720.3956590395443	91.79959062870655	65.72859039101972	3년	44.30344466568586	488.666994662515	91.79959062870655	3.8882978200409513	0.8405278930661969	0.7141217405564405	8.108174857989628	3.1824220491551745	3년	0.8405278930661969	불리(<1)	3년	17.90172233284293	1.330621349580977	보통	N	주당순현금<=0	2429400000.0	-1.6673127064662507	5.586405121034188		-8.494053987935013	265.5681994628906	242.14745010375975	N	Y	중립/개선	단기위험부채 존재
NTRS	NORTHERN TRUST CORP	0000073124	S&P 500	보류	PEG=보통, PEGY=불리(<1)	169.4600067138672	8.74	2025	1.92	5873100000.0		5873100000.0	1421600000.0		12957900000.0	164174800000.0	7.315363001862446	92.68463699813756	0.07892746024359402	23.155164963319883	23.155164963319883	16.73968441081777	16.73968441081777	-10.542476970317292	12.490113204685828	9.86611256684804	-12.584953940634584	33.48022640937165	28.23222513369608	-109.99249744114627	292.61717881790827	246.74964766850374	-164.90764374090244	72.67624644438474	45.60936969932967	3년	33.48022640937165	292.61717881790827	72.67624644438474	-0.5150919670113462	0.860835416668519	0.704082124704301	28.398432689485546	16.758191646620332	3년	0.860835416668519	불리(<1)	3년	12.490113204685827	1.3402348030390678	보통	Y		192246525.0	-7.328007137568504	11.67787042257713		-11.495270468748531	181.94160003662108	163.117300491333	N	Y	중립/개선	
WST	WEST PHARMACEUTICAL SERVICES INC	0000105770	S&P 500	보류	PEG=보통, PEGY=불리(<1)	372.6400146484375	6.79	2025	23.0	791300000.0	7500000.0	798800000.0	202800000.0	0.0	3176000000.0	1094000000.0	74.37939110070258	25.620608899297427	2.903107861060329	8.198074277854195	8.198074277854195	53.673334369747174	53.673334369747174	1.4947683109118033	-4.229866358140244	39.39782987966147	11.489536621823607	0.04026728371951194	87.29565975932294	78.01395366218229	0.2734148564554861	592.7375297658028	-79.06452592436067	-99.9266276176182	59.06438022363582	5년	87.29565975932294	592.7375297658028	59.06438022363582	0.4563675538056046	0.34971059395258086	1.1625480438724491	6.449793672627235	1.7308376500339642	3년	0.3497105939525808	불리(<1)	5년	39.39782987966147	1.3623424065155227	보통	Y		72700000.0	4.188338319338647	40.127110484583774		-1.093533021126758	353.6296020507813	303.3891508483887	Y	Y	강한 상승추세	
WBD	Warner Bros. Discovery, Inc.	0001437107	S&P 500	제외	PEG=보통, PEGY=불리(<1)	30.950000762939453	0.29	2025	0.0	4566000000.0		4566000000.0	32567000000.0	0.0	35919000000.0	62919000000.0	36.34128574030232	63.65871425969769	0.5708768416535546	-11.067588932806323	-11.067588932806323	144.88824033015786	144.88824033015786	106.27705627705627			221.05411255411255			64.10569264069264			107.12662701273628			1년	221.05411255411255	64.10569264069264	107.12662701273628	0.7335105736316626			1.2205533596837945	3.943629497887849	1년	0.7335105736316626	불리(<1)	1년	106.27705627705627	1.3633068642063733	보통	N	주당순현금<=0	2530000000.0	16.222312197956867	12.341203702485725		0.0	28.44100009918213	27.702100048065187	Y	Y	강한 상승추세	
NEM	NEWMONT Corp /DE/	0001164727	S&P 500	제외	PEG=보통, PEGY=안심	116.38999938964844	6.39	2025	90.0	7647000000.0	594000000.0	8241000000.0	5115000000.0	0.0	33867000000.0	23079000000.0	59.47213149299336	40.52786850700664	1.4674379305862473	2.82129963898917	2.82129963898917	17.772879460197068	17.772879460197068	118.83561643835617		12.729803073711565	246.17123287671234		33.95960614742313	1573.0341780821918		217.0018832820338	1251.5200501170336		86.44375326058609	5년	33.95960614742313	217.0018832820338	86.44375326058609	11.750240972828866		5.780144028083814			5년	5.780144028083814	안심	5년	12.729803073711565	1.396162953761634	보통	N	FCF<=0	1108000000.0	22.76131461528408	-1.4896336127807608		-13.874500580644689	118.74600021362305	111.67490001678466	N	Y	상승전환	
SBAC	SBA COMMUNICATIONS CORP	0001034054	S&P 500	제외	PEG=보통, PEGY=불리(<1)	169.6999969482422	3.47	2025	3.09	264568000.0	6648000.0	271216000.0	10964466000.0	1935802000.0	-4853519000.0					-99.44156677485051	-117.44350106478942	77.5624102948394	82.75028761182466	115.527950310559	54.54935861402714	29.8495127277137	239.555900621118	117.59871722805428	68.1990254554274	831.2589751552796	408.06754878134836	236.6506183303331	389.84030059164365	140.46408728328225	39.45234094642358	3년	117.59871722805428	408.06754878134836	140.46408728328223	1.529322643012955	0.7431352171099583	0.4246839751691591	9.917969367542987	5.844413403594773	3년	0.7431352171099583	불리(<1)	3년	54.54935861402714	1.421875751897375	보통	N	주당순현금<=0	107533000.0	-7.0035067286929875	-22.408672790972737		-24.15642594491969	179.6627990722656	191.01029975891115	N	N	주의	단기위험부채 존재
ZTS	Zoetis Inc.	0001555280	S&P 500	제외	PEG=보통, PEGY=불리(<1)	71.41000366210938	6.02	2025	2.97	1564000000.0	0.0	1564000000.0	9042000000.0	0.0	3331000000.0	12136000000.0	21.53617378935799	78.46382621064201	0.2744726433750824	-16.84860364775198	-16.84860364775198	14.660898224229463	14.660898224229463	10.05484460694698	10.268140283428306	11.973196718056611	28.60968921389396	29.03628056685661	32.446393436113226	172.23032906764163	174.79840901247678	195.3272884854016	141.18515646993055	144.78140323248013	173.52930747578657	3년	29.03628056685661	174.79840901247678	144.78140323248013	0.8884069998809048	0.9029556089237545	1.0192551977040947	5.1438034404677415	7.203197278642737	3년	0.9029556089237544	불리(<1)	3년	10.268140283428306	1.4278046286425017	보통	N	주당순현금<=0	443835000.0	-4.9134419267442	-38.86129983193124		-51.596282618467384	74.3181997680664	98.09065006256104	N	N	주의	
ALL	ALLSTATE CORP	0000899051	S&P 500	제외	PEG=보통, PEGY=불리(<1)	224.27000427246094	14.37	2025	1.92	678000000.0	4887000000.0	5565000000.0	7490000000.0		30610000000.0	89169000000.0	25.555397857721303	74.4446021422787	0.3432807365788559	-7.207038562336204	-7.207038562336204	16.108353711537728	16.108353711537728	103.25318246110325		11.203898286185531	215.0063649222065		30.907796572371062	3089.6414639321074		444.1450367449721	1277.6436460841044		98.04032116813516	5년	30.907796572371062	444.1450367449721	98.04032116813516	6.5291080854384385		0.8147262297068534	36.997379258704605	16.496802315907242	5년	0.8147262297068534	불리(<1)	5년	11.203898286185531	1.4377454436014845	보통	N	주당순현금<=0	267100000.0	-9.801317236570938	5.752815828213964		-18.479874881361813	252.21160034179687	224.88705032348633	N	N	판정불가	
PNR	PENTAIR plc	0000077360	S&P 500	제외	PEG=보통, PEGY=불리(<1)	52.939998626708984	3.96	2025	2.05	82500000.0		82500000.0	1638600000.0	3694000.0	4663800000.0	2999600000.0	60.85810475767936	39.14189524232064	1.5548073076410187	-9.402416918429003	-9.424737160120847	15.743034228570199	15.748670653239857	5.882352941176464	10.942784716109877	45.36942418564116	20.264705882352928	30.385569432219754	99.23884837128232	80.24823529411759	120.32685495159022	392.98583955027794	51.5833724514515	127.2891161181172	642.3231011419236	3년	30.385569432219754	120.32685495159022	127.28911611811719	0.5038643012527382	0.8253037202022203	3.01208925148528	4.507552870090635	8.51445596339043	3년	0.8253037202022203	불리(<1)	3년	10.942784716109877	1.4386680024320897	보통	N	주당순현금<=0	165500000.0	-29.00630435380911	-41.522148082900756		-52.64758749407152	60.60979988098145	80.52055004119873	N	N	주의	단기위험부채 존재
EW	Edwards Lifesciences Corp	0001099800	S&P 500	보류	PEG=보통, PEGY=불리(<1)	86.4800033569336	1.83	2025	0.0	2938000000.0	1288300000.0	4226300000.0	598300000.0	0.0	10337600000.0	3359600000.0	75.47235931431241	24.527640685687587	3.0770329801166807	6.193240013656538	6.193240013656538	43.872548275014786	43.872548275014786	181.53846153846155	-9.143970358393016	30.15204668909448	371.5769230769231	-9.787940716786032	68.80409337818895	679.9857692307693	-17.91193151171844	125.91149088208579	686.2924870900239	-120.71222342324566	45.59607538682033	5년	68.80409337818895	125.91149088208579	45.59607538682033	4.1378599756843135	-0.20842122734868504	0.6872645395495737	2.278934790030727	2.6352158898800644	5년	0.6872645395495737	불리(<1)	5년	30.15204668909448	1.4550437894779062	보통	Y		585800000.0	-5.310411011589366	5.837724055693183		-9.140572515599255	88.64160018920899	85.14675010681152	N	Y	중립/개선	
MMM	3M CO	0000066740	S&P 500	제외	PEG=보통, PEGY=불리(<1)	163.63999938964844	6.0	2025	1.91	2398000000.0	404000000.0	2802000000.0	10932000000.0	1670000000.0	4702000000.0	32986000000.0	12.476119719804712	87.52388028019529	0.1425453222579276	-15.019397746166636	-18.10456308886015	29.776566189302514	30.290760413084765	351.12781954887214	-16.156804116139433	20.313637898738858	710.7556390977443	-23.813608232278867	49.127275797477715	4264.533834586466	-142.8816493936732	294.7636547848663	2506.0461076096976	-187.31462351906583	80.12934238834548	5년	49.127275797477715	294.7636547848663	80.12934238834548	11.856230073825774	-0.47845691895990744	0.7463465651967247	2.5789765379641603	1.5760062011631257	5년	0.7463465651967247	불리(<1)	5년	20.313637898738858	1.465841142671503	보통	N	주당순현금<=0	541300000.0	5.343120411631719	9.700342829202736		-10.958754773872181	172.89380004882813	160.63845031738282	N	Y	상승전환	단기위험부채 존재
ESS	ESSEX PROPERTY TRUST, INC.	0000920522	S&P 500	제외	PEG=보통, PEGY=불리(<1)	272.489990234375	10.4	2025	3.81	76241000.0		76241000.0	638959000.0		5541372000.0	7422114000.0	42.74600211702315	57.25399788297685	0.7466029220246415	-8.737930546901023	-8.737930546901023	27.041146228968845	27.041146228968845	-9.878682842287684	18.3737118876667	3.6579731144279037	-11.257365684575369	45.2474237753334	15.815946228855807	-117.07660311958384	470.5732072634674	164.4858407801004	-142.96546930728852	72.69375908403697	-39.63600621122916	3년	45.2474237753334	470.5732072634674	72.69375908403697	-0.22442402370452696	0.8203687706071262	0.2761707307520699			3년	0.8203687706071262	불리(<1)	3년	18.3737118876667	1.4717301759325034	보통	N	주당순현금<=0 | FCF<=0	64399459.0	-6.399424702969359	8.173877267480956		-8.66154845337055	280.02519775390624	268.5402492523193	N	Y	중립/개선	
VMC	Vulcan Materials CO	0001396009	S&P 500	제외	PEG=보통, PEGY=안심	248.85000610351562	8.11	2025	85.0	183300000.0	0.0	183300000.0	4361700000.0	0.0	8525100000.0	8151500000.0	51.120132401088945	48.87986759891105	1.0458320554499172	-31.48756593820648	-31.48756593820648	34.56690160810384	34.56690160810384	18.394160583941606	23.456661319602468	56.64065143238312	45.28832116788321	55.413322639204935	121.78130286476625	367.28828467153284	449.402046603952	987.6463662332542	47.59424378665666	80.59153529496461	296.8842041428028	3년	55.413322639204935	449.402046603952	80.59153529496461	2.99113185659955	3.137587005893984	4.097580195014556	8.555388093443858	3.4379698145898465	3년	3.137587005893984	안심	3년	23.456661319602468	1.4736496868468092	보통	N	주당순현금<=0	132700000.0	-13.812213266843564	-14.946333473136908		-24.67536102506992	263.78040008544923	283.652200088501	N	N	주의	
LRCX	LAM RESEARCH CORP	0000707549	S&P 500	제외	PEG=보통, PEGY=불리(<1)	333.8900146484375	5.76	2026	38.0	5579171000.0	2574947000.0	8154118000.0	3721914000.0	147000.0	12470921000.0	11058822000.0	53.00066813309435	46.99933186690564	1.12768982085072	3.5145483870456156	3.5144318223268223	57.35685178149164	57.356872018421996	38.79518072289155	-44.23206854382806	-26.525939643495455	86.0903614457831	-79.96413708765613	-44.55187928699091	495.88048192771066	-460.5934296248993	-256.6188246930676	48.51611613777598	-237.94765024940068	-176.85729235217443	1년	86.0903614457831	495.88048192771066	48.51611613777598	1.3389016017729276	-0.10865429936025667	0.2000468993698689			5년	0.2000468993698689	불리(<1)	1년	38.79518072289155	1.4784530117589467	보통	N	FCF<=0	1261102000.0	-5.4591267792450715	35.45783082782936		-22.947863061686526	307.7071990966797	276.87364921569826	Y	Y	강한 상승추세	단기위험부채 존재
HCA	HCA Healthcare, Inc.	0000860730	S&P 500	제외	PEG=보통, PEGY=안심	432.20001220703125	28.33	2025	72.0	1040000000.0	103000000.0	1143000000.0	41603000000.0	4698000000.0	-6027000000.0	45623000000.0	-15.221234468128095	115.22123446812809	-0.13210442101571576	-168.93880874339757	-188.55508465729974	21.219160640678744	21.911581251829546	28.772727272727266	13.944298430482704	20.983259927461795	66.04545454545453	36.38859686096541	50.46651985492359	1871.0677272727269	1030.88894907115	1429.7165074899851	332.91709264840404	138.52126792105142	230.7997378781022	3년	36.38859686096541	1030.88894907115	138.52126792105142	4.749138242515507	4.050315650361822	4.382042320241727	32.117580742813004	7.431184598724197	3년	4.050315650361822	안심	3년	13.944298430482704	1.5217087289449391	보통	N	주당순현금<=0	239495000.0	5.66978848627564	-14.436170338740773		-20.716157919074362	418.4522003173828	445.58289978027346	Y	N	중립/개선	단기위험부채 존재
TJX	TJX COMPANIES INC /DE/	0000109198	S&P 500	보류	PEG=보통, PEGY=불리(<1)	137.02999877929688	4.87	2026	1.43	6230000000.0	0.0	6230000000.0	1870000000.0	999000000.0	10190000000.0					3.8652482269503547	2.979609929078014	27.34389128384939	27.525747197170197	14.319248826291089	17.920914155588186		37.138497652582174	44.34182831117637		180.8644835680752	215.94470387542893		31.988969699531978	57.58936422617473		3년	44.34182831117637	215.94470387542893	57.58936422617473	0.5759695524972097	0.7076869182484558		4.35904255319149	3.181086325638991	3년	0.7076869182484558	불리(<1)	3년	17.920914155588186	1.5258089540774284	보통	Y		1128000000.0	-9.191514697278357	-15.225192219301388		-18.633100291222604	140.2170002746582	152.36295009613036	N	N	주의	단기위험부채 존재
EL	ESTEE LAUDER COMPANIES INC	0001001250	S&P 500	보류	PEG=보통, PEGY=불리(<1)	93.36000061035156	0.5	2026	1.5	2181000000.0	534000000.0	2715000000.0	1080100000.0	1000000000.0	5590000000.0	8745000000.0	38.99546564352982	61.004534356470174	0.6392224128073185	4.4816337719298245	1.740405701754386	177.75673367684348	183.23918981719436	115.87301587301589	-43.62040735317784	-42.25870639790483	240.24603174603178	-78.74081470635568	-76.01741279580966	120.12301587301589	-39.37040735317784	-38.00870639790483	28.666468602932827	-142.17053030825767	-140.711981736738	1년	240.24603174603178	120.12301587301589	28.666468602932827	0.6603013761852565	-0.23695534049220043	-0.22929486582490294	3.607456140350877	3.8640275458084026	1년	0.6603013761852565	불리(<1)	1년	115.87301587301589	1.534064961868649	보통	Y		364800000.0	13.867548533753915	30.683087093850105		-21.946325446074955	94.21880004882813	91.99840007781982	N	Y	상승전환	단기위험부채 존재
MCO	MOODYS CORP /DE/	0001059556	S&P 500	제외	PEG=보통, PEGY=안심	452.32000732421875	13.67	2025	92.0	2384000000.0	64000000.0	2448000000.0	6994000000.0	129900000.0	4054000000.0	11625000000.0	25.856240831685696	74.1437591683143	0.3487311827956989	-25.26959421901056	-25.99166203446359	34.937059366732214	34.98988071387581	21.403197158081706	22.48000431974093	7.800452654910939	51.30639431616341	53.46000863948186	24.100905309821876	701.3584103019539	730.7983181017171	329.45937558526504	55.058011793678354	61.56665773528069	-27.162325289513088	3년	53.46000863948186	730.7983181017171	61.56665773528069	3.2459285129780144	3.276749858024718	2.8565785004201865	14.313507504168983	3.16446481968444	3년	3.276749858024718	안심	3년	22.48000431974093	1.5541393529027063	보통	N	주당순현금<=0	179900000.0	-7.124960468199393	1.050000504512938		-16.17649420821471	479.83300048828124	470.79154998779296	N	N	판정불가	단기위험부채 존재
SWKS	SKYWORKS SOLUTIONS, INC.	0000004127	S&P 500	보류	PEG=보통, PEGY=불리(<1)	82.79000091552734	3.08	2025	0.0	1161300000.0	212900000.0	1374200000.0	496400000.0		5757100000.0	2159900000.0	72.71820133889099	27.281798661109008	2.665447474420112	5.659574468085107	5.659574468085107	25.042346249169555	25.042346249169555	-16.531165311653112	-26.666925336211623	16.101965535917493	-24.562330623306224	-44.833850672423246	40.70393107183499	-75.65197831978317	-138.0882600710636	125.36810770125176	-191.37815857373008	-266.79340324196687	51.42904495093301	5년	40.70393107183499	125.36810770125176	51.42904495093301	-0.6601284539064032	-1.064873277882097	0.6429894937041477	7.129593810444875	8.61166050441209	5년	0.6429894937041477	불리(<1)	5년	16.101965535917493	1.5552353651055455	보통	Y		155100000.0	38.09841511579659	46.4273073486829		-9.46965152728887	75.09060012817383	65.96559999465943	Y	Y	강한 상승추세	
MCK	MCKESSON CORP	0000927653	S&P 500	보류	PEG=보통, PEGY=안심	921.6699829101562	38.38	2026	41.0	3975000000.0		3975000000.0	3072000000.0	0.0	-2172000000.0					7.2763900080580175	7.2763900080580175	23.82474186821517	23.82474186821517	49.22239502332816	15.31382381030486	56.03117347520965	106.94479004665632	39.12764762060972	120.5623469504193	4104.54104199067	1501.719115679001	4627.182875957093	345.33738953184263	62.93458000415184	402.043351932418	3년	39.12764762060972	1501.719115679001	62.93458000415184	3.786920148910187	2.36366984044573	4.0727061813274	46.08380338436744	5.000033009522418	3년	2.36366984044573	안심	3년	15.31382381030486	1.555767009163525	보통	Y		124100000.0	16.253577244028005	5.795586521597884		-7.434042658835061	881.0064025878906	848.5241995239257	Y	Y	강한 상승추세	
AXP	AMERICAN EXPRESS CO	0000004962	S&P 500	제외	PEG=보통, PEGY=불리(<1)	304.54998779296875	15.38	2025	1.25	654000000.0	742000000.0	1396000000.0	56387000000.0	1371000000.0	33474000000.0	266578000000.0	11.156066281844481	88.84393371815553	0.12556925177621558	-79.01005747126437	-80.97988505747126	24.93888460755742	25.06696182382575	9.77872947894362	16.01301181321386	54.27257678866031	28.05745895788724	40.52602362642772	117.04515357732062	431.52371877230576	623.2902433744584	1800.1544620191912	41.692246287546396	104.659421558791	491.0866964942797	3년	40.52602362642772	623.2902433744584	104.659421558791	0.44223026219871514	0.6922126664791785	2.226345631024528	22.992816091954023	7.549767530309145	3년	0.6922126664791785	불리(<1)	3년	16.01301181321386	1.5574137394302032	보통	N	주당순현금<=0	696000000.0	-12.162555745058167	-3.727005336476219		-20.873502506645213	326.3941986083984	331.4952493286133	N	N	주의	단기위험부채 존재
CME	CME GROUP INC.	0001156375	S&P 500	보류	PEG=보통, PEGY=불리(<1)	270.17999267578125	11.16	2025	1.93	4416900000.0	125000000.0	4541900000.0		0.0	28728200000.0	169696000000.0	14.478173529236857	85.52182647076314	0.16929214595511974	12.605534123393744	12.605534123393744	23.08014861580533	23.08014861580533	15.408479834539815	14.67730855550884	56.73155320469705	39.31695966907963	37.854617111017674	121.9631064093941	438.77726990692867	422.45752695895726	1361.1082675288383	62.401836479974236	56.36151395781204	403.77833460162316	3년	37.854617111017674	422.45752695895726	56.361513957812036	0.7512291243508887	0.7195494635652442	2.541645384576315	11.63886653159779	4.307819545159493	3년	0.7195494635652442	불리(<1)	3년	14.677308555508839	1.5725055127455676	보통	Y		360310000.0	12.711186478871085	-10.7757356579677		-17.239478114438768	271.10340209960935	278.3883502960205	N	N	중립/개선	
CHD	CHURCH & DWIGHT CO INC /DE/	0000313927	S&P 500	제외	PEG=보통, PEGY=불리(<1)	96.54000091552734	3.02	2025	1.29	409000000.0		409000000.0	2205100000.0	0.0	4002200000.0	4910200000.0	44.90597369956465	55.09402630043535	0.8150788155268625	-7.352026197298404	-7.352026197298404	34.40133348106813	34.40133348106813	27.426160337552734	21.59038130727984	38.621625217033674	63.35232067510547	51.680762614559676	85.74325043406735	191.3240084388185	156.07590309597023	258.9446163108834	98.1810717054243	61.66967227661091	168.22520598219216	3년	51.680762614559676	156.07590309597023	61.66967227661091	0.8347397449972664	0.6651015815962906	1.1601766902145811	4.474007367990176	4.634356044708286	3년	0.6651015815962906	불리(<1)	3년	21.590381307279838	1.593363868449544	보통	N	주당순현금<=0	244300000.0	0.9093788682275061	2.4840807251521158		-8.284249519031405	98.36040054321289	96.10569995880127	N	Y	상승전환	
GRMN	GARMIN LTD	0001121788	S&P 500	보류	PEG=보통, PEGY=불리(<1)	279.2099914550781	8.59	2025	1.47	2278646000.0	167989000.0	2446635000.0			8972564000.0					12.63653313775721	12.63653313775721	31.03299863996751	31.03299863996751	17.671232876712327	19.45038186480894	37.78102526893068	43.842465753424655	47.40076372961788	84.06205053786135	376.60678082191777	407.1725604374176	722.093014120229	34.88298855612757	45.83022560026375	158.62004807102542	3년	47.40076372961788	407.1725604374176	45.83022560026375	0.6168025558464809	0.6741334315616379	1.26481574417946	7.039258119163706	2.521134033377257	3년	0.6741334315616379	불리(<1)	3년	19.45038186480894	1.5954955977555738	보통	Y		193616000.0	14.191647674047147	10.451362344489844		-10.841107360460478	289.4729998779297	247.10510025024413	N	Y	상승전환	
CPT	CAMDEN PROPERTY TRUST	0000906345	S&P 500	제외	PEG=보통, PEGY=불리(<1)	97.6500015258789	3.54	2025	4.35	25203000.0	0.0	25203000.0	3900800000.0		4362523000.0	4604736000.0	48.64945910450451	51.35054089549549	0.9473991559993885	-35.741529409594776	-35.741529409594776	37.681223428099905	37.681223428099905	136.0	-16.313493007414216	23.343513504709378	280.5	-24.126986014828432	55.187027009418756	992.97	-85.40953049249265	195.3620756133424	916.866343557451	-187.4649556148319	100.0635663703171	5년	55.187027009418756	195.3620756133424	100.0635663703171	3.724666749947859	-0.3174921597288881	0.7349419945865553			5년	0.7349419945865553	불리(<1)	5년	23.343513504709378	1.614205308917957	보통	N	주당순현금<=0 | FCF<=0	108434000.0	-13.80527783851827	-4.51744917261686		-16.95016158769268	105.17040054321289	106.81969985961913	N	N	주의	
AON	Aon plc	0000315293	S&P 500	제외	PEG=보통, PEGY=불리(<1)	273.989990234375	17.02	2025	1.21	1195000000.0	1603000000.0	2798000000.0	14660000000.0		9352000000.0	41236000000.0	18.48659761208192	81.51340238791809	0.22679212338733146	-54.63841547673883	-54.63841547673883	19.308366963050165	19.308366963050165	36.269015212169734	11.921526017460929	15.032502900053736	81.03803042433947	32.343052034921854	38.56500580010747	1379.2672778222577	550.47874563437	656.3763987178291	403.4006084099688	100.91199140650448	139.5621818725404	3년	32.343052034921854	550.47874563437	100.91199140650447	1.9410763884844424	0.6800951133045239	0.8412157761004088	14.822662367572548	5.4099284265432575	3년	0.6800951133045239	불리(<1)	3년	11.921526017460927	1.619622096598209	보통	N	주당순현금<=0	217100000.0	-22.941277951487383	-16.91230527646097		-28.135659860364836	325.46619873046876	331.0229495239258	N	N	주의	
SBUX	STARBUCKS CORP	0000829224	S&P 500	제외	PEG=보통, PEGY=불리(<1)	96.11000061035156	1.63	2025	2.63	6455700000.0	247200000.0	6702900000.0	14575900000.0	0.0	-8096600000.0	40108900000.0	-25.292153328564332	125.29215332856434	-0.201865421390265	-6.9073521670468505	-6.9073521670468505	63.20082992478431	63.20082992478431	-50.755287009063444	-16.7980082334351	37.63685261204004	-93.01057401812689	-25.096016466870203	83.77370522408008	-151.60723564954682	-40.90650684099843	136.55113951525053	-257.7434550897484	-142.56217519635786	42.07797174911603	5년	83.77370522408008	136.55113951525053	42.07797174911603	-0.7614660609099222	-0.22417440166998653	0.6371253773085237	2.142481137041586	2.229196882151335	5년	0.6371253773085237	불리(<1)	5년	37.63685261204004	1.6792272875805334	보통	N	주당순현금<=0	1139800000.0	-9.679543931286839	-1.131569267031085		-11.460158536775644	101.97300033569336	98.85375022888184	N	N	주의	
ISRG	INTUITIVE SURGICAL INC	0001035267	S&P 500	제외	PEG=보통, PEGY=불리(<1)	404.760009765625	7.87	2025	0.0	3368000000.0	2566900000.0	5934900000.0			17824000000.0	2517000000.0	87.62597709060518	12.374022909394819	7.0814461660707195	16.3631100082713	16.3631100082713	49.35157557272601	49.35157557272601	22.58566978193147	29.189521389942357	21.11377974023332	53.67133956386294	66.87904277988471	50.72755948046664	422.3934423676013	526.3380666776927	399.22589311127246	4.356515509569947	30.03707233391637	-1.3672587510700662	3년	66.87904277988471	526.3380666776927	30.03707233391637	0.457648403720131	0.5914607801513402	0.4278238231547319			3년	0.5914607801513402	불리(<1)	3년	29.189521389942353	1.6907291802917594	보통	N	FCF<=0	362700000.0	-1.6498549942272067	-12.44267309110495		-31.726401883447096	382.3767993164063	445.714599609375	Y	N	주의	
BALL	BALL Corp	0000009389	S&P 500	제외	PEG=보통, PEGY=불리(<1)	57.43000030517578	3.3	2025	1.4	1212000000.0		1212000000.0	6337000000.0	2000000.0	5421000000.0	14103000000.0	27.76582667486171	72.2341733251383	0.3843863007870666	-18.570724566260346	-18.577971678286204	23.030522688313976	23.03271878286727	3099.9999999999995	13.617128057248994	13.396657763302722	6208.499999999999	35.73425611449799	35.29331552660544	20488.049999999996	117.92304517784335	116.46794123779794	35574.82133228118	105.33352699149424	102.79982695264147	3년	35.73425611449799	117.92304517784335	105.33352699149425	134.66476822836918	0.652053288606815	0.6424803276744893	2.855362138187932	4.97189991818718	3년	0.652053288606815	불리(<1)	3년	13.617128057248994	1.691290747321262	보통	N	주당순현금<=0	275972000.0	-5.8524585161052745	-7.520126060697796		-15.244984512081883	61.466400146484375	60.10809984207153	N	N	주의	단기위험부채 존재
NFLX	NETFLIX INC	0001065280	S&P 500	제외	PEG=보통, PEGY=불리(<1)	68.69000244140625	2.53	2025	0.0	9033681000.0	28678000.0	9062359000.0	13463971000.0	998865000.0	26615488000.0	28981505000.0	47.87217179173701	52.127828208263	0.9183611410104479	-1.0132943879675764	-1.2432429383707544	27.55071020923867	27.64159896433874	-87.24155320221885	-36.64720009551697	16.282594168366128	-165.9831064044377	-64.79440019103394	41.065188336732255	-419.93725920322737	-163.92983248331586	103.8949264919326	-711.3513528572678	-338.65166204230496	51.25188935690714	5년	41.065188336732255	103.8949264919326	51.25188935690714	-3.166580917139619	-1.3301726096058295	0.5910045165698136	2.1780274838317877	3.1708071137276237	5년	0.5910045165698136	불리(<1)	5년	16.282594168366128	1.6920344463761352	보통	N	주당순현금<=0	4343863000.0	-8.983700370521486	-30.88841647728153		-44.66508135552032	75.4786001586914	83.80459987640381	N	N	주의	단기위험부채 존재
LIN	LINDE PLC	0001707925	S&P 500	제외	PEG=보통, PEGY=불리(<1)	489.95001220703125	14.61	2025	1.33	5056000000.0		5056000000.0	20683000000.0	4510000000.0	38245000000.0	47076000000.0	44.824837964862105	55.175162035137895	0.812409720452035	-33.0943783818126	-42.6455172121687	35.80043741196741	36.45417723608487	7.268722466960355	21.083080176239765	25.40817902227086	23.03744493392071	50.66616035247953	59.31635804454172	336.57707048458155	740.2326027497259	866.6119910307546	-31.303793836347747	51.08329101070339	76.87763433804398	3년	50.66616035247953	740.2326027497259	51.08329101070339	0.24018484377752225	0.6260560427886699	0.7468673836184134	10.7773271635659	2.199678925410839	3년	0.6260560427886699	불리(<1)	3년	21.083080176239765	1.6980648516583372	보통	N	주당순현금<=0	472195000.0	-6.775627048668675	-2.1039798889359695		-10.370628004220562	479.6132019042969	486.85920013427733	Y	Y	중립/개선	단기위험부채 존재
HOOD	Robinhood Markets, Inc.	0001783879	S&P 500	제외	PEG=보통, PEGY=불리(<1)	114.11000061035156	2.05	2025	0.0	4261000000.0		4261000000.0			7972000000.0	28986000000.0	21.570431300395043	78.42956869960496	0.2750293245014835	4.637662377147143	4.637662377147143	53.40114060156314	53.40114060156314	31.410256410256395			71.32051282051279			146.2070512820512			28.12816624311536			1년	71.32051282051279	146.2070512820512	28.12816624311536	0.5881944852941393					1년	0.5881944852941393	불리(<1)	1년	31.410256410256395	1.7001179456824194	보통	N	FCF<=0	918781846.0	0.5108798003091719	63.833450266262034		-25.154141686147156	105.77979965209961	94.29912494659423	Y	Y	강한 상승추세	
O	REALTY INCOME CORP	0000726728	S&P 500	제외	PEG=보통, PEGY=불리(<1)	54.25	1.17	2025	6.06	434842000.0		434842000.0	3975000000.0	516800000.0	39438695000.0	32671644000.0	54.69215031703013	45.30784968296987	1.2071230636572803	-3.897418790885291	-4.466372501744953	49.6986485392182	50.18493376217518	19.38775510204081	-6.251173723614811	28.805493048681363	47.27551020408162	-4.0023474472296225	66.11098609736273	55.31234693877549	-4.682746513258658	77.34985373391439	1.9582432051161058	-108.63179080785004	42.580375546385966	5년	66.11098609736273	77.34985373391439	42.580375546385966	0.512041189248023	-0.0038466583948244116	0.7015380513047212			5년	0.7015380513047212	불리(<1)	5년	28.805493048681363	1.725318447256825	보통	N	주당순현금<=0 | FCF<=0	908334000.0	-14.120624390536118	-13.600893121528024		-19.701003610975853	60.15200004577637	61.78444984436035	N	N	주의	단기위험부채 존재
PH	Parker-Hannifin Corp	0000076334	S&P 500	제외	PEG=보통, PEGY=안심	984.9099731445312	28.48	2026	82.0	501000000.0	8390000.0	509390000.0	8796284000.0	1000000000.0	15404000000.0	15464000000.0	49.90281197356486	50.09718802643515	0.9961200206932229	-64.69081967213114	-72.49722092115535	36.853960421933365	37.12806158938506	5.014749262536871	21.091002216465117	16.36215183053762	18.52949852507374	50.68200443293023	41.22430366107524	527.7201179941002	1443.4234862498529	1174.0681682674228	-46.41945635810314	46.553850159667	19.205633030495605	3년	50.68200443293023	1443.4234862498529	46.553850159667	2.361069156918904	2.7972842276975816	2.6689710062204903	30.483996877439502	3.0951049038637475	3년	2.7972842276975816	안심	3년	21.091002216465114	1.7473783390512654	보통	N	주당순현금<=0	128100000.0	3.7653940682780718	1.9522784110426628		-8.284058813185148	987.9278002929688	946.0199987792969	N	Y	상승전환	단기위험부채 존재
KDP	Keurig Dr Pepper Inc.	0001418135	S&P 500	제외	PEG=보통, PEGY=불리(<1)	31.1299991607666	1.53	2025	2.98	1026000000.0		1026000000.0	13036000000.0	0.0	25516000000.0	29943000000.0	46.0087632304946	53.9912367695054	0.8521524229369135	-8.812738479600823	-8.812738479600823	26.10636447082838	26.10636447082838	45.714285714285715	14.847977704937376	38.520495126762675	99.92857142857143	38.195955409874756	85.54099025352535	152.8907142857143	58.439811777108375	130.8777150878938	391.13626215063874	87.72827932086989	320.423124369499	3년	38.195955409874756	58.439811777108375	87.72827932086989	1.8652266104955897	0.682897755635742	1.5896696444706389	1.1043439976518932	3.547523377526162	3년	0.682897755635742	불리(<1)	3년	14.847977704937376	1.7582437817203396	보통	N	주당순현금<=0	1362800000.0	1.3346349497927124	20.47213226370246		-7.0746293708459635	31.29180004119873	29.45345005989075	N	Y	상승전환	
FAST	FASTENAL CO	0000815556	S&P 500	보류	PEG=보통, PEGY=불리(<1)	50.810001373291016	1.09	2025	1.89	276800000.0	27165000.0	303965000.0	100000000.0	25000000.0	3943600000.0					0.1773093413120836	0.15557652669780128	46.45201103851278	46.47194940054423	-45.49999999999999	-16.762013813238276	26.237828742825165	-82.49999999999999	-25.024027626476553	60.97565748565033	-89.925	-27.276190112859446	66.46346665935887	-276.982872602854	-153.68271870820604	30.807842674643805	5년	60.97565748565033	66.46346665935887	30.807842674643805	-0.9388183423069345	-0.3201586644097728	0.6055244566161998	0.9132998013505995	1.7974803713165972	5년	0.6055244566161998	불리(<1)	5년	26.237828742825165	1.770421306344385	보통	Y		1150334204.0	9.622444543682352	5.458698736937739		-2.997326580391979	50.02119995117187	46.31714990615845	Y	Y	강한 상승추세	단기위험부채 존재
SCHW	SCHWAB CHARLES CORP	0000316709	S&P 500	보류	PEG=보통, PEGY=불리(<1)	96.80000305175781	4.65	2025	1.31	46030000000.0		46030000000.0	18914000000.0	17050000000.0	49425000000.0	441570000000.0	10.066293954113585	89.93370604588642	0.11193015829879747	14.989496959646214	5.564400221116639	17.593657224110018	19.620559748524983	55.51839464882943	9.933056473764434	52.16529750329273	119.53678929765886	28.36611294752887	112.83059500658545	555.8460702341138	131.90242520600924	524.6622667806224	474.2211288329293	36.26283166074136	442.0064568593988	3년	28.36611294752887	131.90242520600924	36.262831660741355	3.2300501211853136	0.6390403274628519	3.0394645537376497	4.844112769485903	5.004248571041691	3년	0.6390403274628519	불리(<1)	3년	9.933056473764434	1.7712229131666626	보통	Y		1809000000.0	-5.0142286593317875	0.10341893140819458		-14.826219311826605	106.09599975585938	98.3463998413086	N	N	판정불가	단기위험부채 존재
JKHY	JACK HENRY & ASSOCIATES INC	0000779152	S&P 500	보류	PEG=보통, PEGY=불리(<1)	144.42999267578125	6.98	2026	1.68	50992000.0		50992000.0	0.0	0.0	2051949000.0	1093762000.0	65.23005450913959	34.769945490860415	1.8760470742263857	0.7077995086267923	0.7077995086267923	20.590572086984878	20.590572086984878	11.858974358974363	11.613630584727662	11.119848679617505	32.21794871794873	31.727261169455325	30.73969735923501	224.88128205128214	221.45628296279818	214.56308756746037	55.70261957715337	53.3312291027576	48.55853939500987	3년	31.727261169455325	221.45628296279818	53.331229102757604	0.6575326951470295	0.6456173499487394	0.6216363792877896	9.64503143955693	6.677997596529864	3년	0.6456173499487394	불리(<1)	3년	11.613630584727662	1.7729659934303588	보통	Y		72043000.0	-3.8543526147461593	-8.577037231427		-25.010390395234317	157.0993994140625	157.2299996185303	N	N	주의	
MS	MORGAN STANLEY	0000895421	S&P 500	제외	PEG=보통, PEGY=불리(<1)	191.02000427246094	10.21	2025	2.42	111695000000.0		111695000000.0	341681000000.0	941000000.0	111632000000.0	1307618000000.0	7.865562797252069	92.13443720274793	0.08537049811183388	-144.46356783919597	-145.05464824120602	32.85833223424651	32.916224536108416	28.427672955974852	18.408680655257537	41.34141455266054	65.35534591194971	45.317361310515075	91.18282910532108	667.2780817610067	462.690258980359	930.9766851653283	249.3236660225576	142.22084003327828	387.3713037077686	3년	45.317361310515075	462.690258980359	142.22084003327828	0.9388082370116139	0.633893421819775	1.3318209287277922			3년	0.633893421819775	불리(<1)	3년	18.408680655257537	1.784936837657735	보통	N	주당순현금<=0 | FCF<=0	1592000000.0	-14.00531217147546	8.521758684189962		-16.420913707359595	208.48360076904297	194.0271996307373	N	N	판정불가	단기위험부채 존재
CFG	CITIZENS FINANCIAL GROUP INC/RI	0000759944	S&P 500	제외	PEG=보통, PEGY=불리(<1)	64.30999755859375	3.86	2025	2.86	4074000000.0		4074000000.0	11224000000.0	58000000.0	26317000000.0	200034000000.0	11.626632972684018	88.37336702731598	0.13156263435216015	-16.365648187670065	-16.49840449464697	20.900426359135704	20.93481918477739	27.392739273927397	-1.9905807112054583	11.698377840871576	63.285478547854794	4.518838577589083	31.89675568174315	244.2819471947195	17.44271690949386	123.12147693152856	279.8506553699536	-72.87713019487903	91.44997917213547	5년	31.89675568174315	123.12147693152856	91.44997917213547	1.4474699584634905	0.04159816043247907	0.6965588926614418	4.772360345635256	7.420868491383616	3년	0.041598160432479	불리(<1)	5년	11.698377840871576	1.7866089336005355	보통	N	주당순현금<=0	436890731.0	-6.198950045714047	4.3993492720801886		-13.943537174179799	69.66420013427734	65.17760015487671	N	N	판정불가	단기위험부채 존재
WAB	WESTINGHOUSE AIR BRAKE TECHNOLOGIES CORP	0000943452	S&P 500	제외	PEG=보통, PEGY=보통	291.1600036621094	6.83	2025	42.0	473000000.0		473000000.0	4291000000.0	1250000000.0	11142000000.0	10879000000.0	50.59715725898006	49.40284274101994	1.0241750160860372	-22.314436002337814	-29.62010520163647	45.896696876200174	46.96634097565825	13.079470198675496	25.44351122642632	25.77438254899549	34.65894039735099	59.387022452852634	60.04876509799098	236.72056291390726	405.61336335298347	410.1330656192784	-18.697430987595055	39.309437509039526	40.86174627722461	3년	59.387022452852634	405.61336335298347	39.309437509039526	1.200074819049496	1.4694632907537033	1.476672335087801	8.760958503798948	3.00898419893071	3년	1.4694632907537033	보통	3년	25.443511226426317	1.8038664737644632	보통	N	주당순현금<=0	171100000.0	12.083772558802174	7.973002932589157		-4.784330577845974	290.17820068359373	262.27654983520506	Y	Y	강한 상승추세	단기위험부채 존재
HRL	HORMEL FOODS CORP /DE/	0000048465	S&P 500	제외	PEG=보통, PEGY=불리(<1)	19.8799991607666	0.87	2025	5.83	670679000.0	32909000.0	703588000.0	2850778000.0	185000000.0	7901171000.0					-3.900464308550834	-4.236524879381503	27.33386605668671	27.72014257488288	-40.816326530612244	-21.81034655991424	15.135740743060389	-73.13265306122449	-35.12069311982848	38.77148148612078	-63.625408163265305	-30.55500301425078	33.731188892925076	-420.0473382757015	-253.6972047491401	69.67399555777622	5년	38.77148148612078	33.731188892925076	69.67399555777622	-1.2799626096819008	-0.5846354308890364	0.7670243462662875	0.970668270069174	4.8826373795065265	5년	0.7670243462662875	불리(<1)	5년	15.135740743060389	1.8059153179681051	보통	N	주당순현금<=0	550496000.0	-18.29017992969072	-8.133088163226743		-25.00943421679812	22.443799934387208	23.12504997253418	N	N	주의	단기위험부채 존재
ALLE	Allegion plc	0001579241	S&P 500	제외	PEG=보통, PEGY=불리(<1)	153.6699981689453	7.44	2025	1.43	356200000.0		356200000.0	1979900000.0	200000.0	1318300000.0	3156100000.0	29.463168246021816	70.53683175397819	0.41769905896517856	-18.749422632794456	-18.75173210161663	23.17465333356717	23.17496374604327	9.090909090909092	12.754839878198432	17.023921536797502	26.681818181818183	34.009679756396864	42.547843073595004	198.5127272727273	253.03201738759267	316.55595246754683	29.181186723567045	64.65934821539363	105.9972383936155	3년	34.009679756396864	253.03201738759267	64.65934821539363	0.45398345077594543	0.6120842315967892	0.7962976304835613	7.98729792147806	5.197695071680028	3년	0.6120842315967892	불리(<1)	3년	12.754839878198432	1.8169301657152983	보통	N	주당순현금<=0	86600000.0	13.838056089809703	10.236732350976684		-14.518554532578321	158.29360015869142	150.25080047607423	N	Y	상승전환	단기위험부채 존재
BX	Blackstone Inc.	0001393818	S&P 500	제외	PEG=보통, PEGY=불리(<1)	113.36000061035156	3.87	2025	4.68	2631241000.0		2631241000.0	12576587000.0		8665526000.0	25827803000.0	25.122324377562975	74.87767562243702	0.3355115415740162	-12.746916027812693	-12.746916027812693	32.58576657316905	32.58576657316905	6.906077348066299	17.923308120835912	20.871508213597355	22.3121546961326	44.346616241671825	50.24301642719471	86.34803867403316	171.62140485526996	194.44047357324354	-23.828477232604904	51.39502816798522	71.52476404934673	3년	44.346616241671825	171.62140485526996	51.395028167985224	0.3555563844738952	0.6936558656701161	0.7841309535015306	5.8284613995335155	5.14155025419194	3년	0.6936558656701161	불리(<1)	3년	17.923308120835912	1.8180665284266344	보통	N	주당순현금<=0	780215856.0	-7.196071064857968	-3.662783738983022		-31.259476021467236	131.69299987792968	127.99840045928956	N	N	주의	
LVS	LAS VEGAS SANDS CORP	0001300514	S&P 500	보류	PEG=보통, PEGY=불리(<1)	36.310001373291016	0.58	2025	3.28	3841000000.0		3841000000.0			1590000000.0	19986000000.0	7.369299221357063	92.63070077864293	0.0795556889822876	5.542568542568542	5.542568542568542	53.04729798400427	53.04729798400427	28.888888888888875			66.27777777777774			38.44111111111109			5.869208640095724			1년	66.27777777777774	38.44111111111109	5.869208640095724	0.6064189904373449			2.676767676767677	7.371984509856447	1년	0.6064189904373449	불리(<1)	1년	28.888888888888875	1.8362526225232252	보통	Y		693000000.0	-21.829922977608916	-33.498164124489925		-47.74787380987645	43.448200149536135	51.41489997863769	N	N	주의	
GNRC	GENERAC HOLDINGS INC.	0001474735	S&P 500	제외	PEG=보통, PEGY=불리(<1)	223.6199951171875	2.69	2025	0.0	341413000.0		341413000.0	1193750000.0	50618000.0	2632422000.0	2934633000.0	47.28571928964237	52.71428071035763	0.8970191502651268	-14.379177897293332	-15.233118564899213	88.47552900166575	88.79297906397275	-50.09276437847866	47.98739628823825	6.42832098504873	-91.68552875695732	104.4747925764765	21.35664197009746	-246.6340723562152	281.03719203072177	57.449366899562165	-210.29160081457263	25.676235653008096	-74.30937834094131	3년	104.4747925764765	281.03719203072177	25.676235653008096	-0.5661764890666611	0.5423804393114708	0.0726564854438757	4.523398856608908	2.0228060796792486	3년	0.5423804393114708	불리(<1)	3년	47.98739628823825	1.8437243077376797	보통	N	주당순현금<=0	59275781.0	-5.189521521873031	10.195635533512482		-24.33511922187096	201.58780029296875	213.2792003631592	Y	Y	중립/개선	단기위험부채 존재
TT	Trane Technologies plc	0001466258	S&P 500	제외	PEG=보통, PEGY=안심	476.3900146484375	12.98	2025	89.0	1763300000.0		1763300000.0	3922100000.0	763300000.0	8579200000.0	12819800000.0	40.0915930650965	59.9084069349035	0.6692148083433439	-9.598932859048466	-12.992885726989773	37.44136729641649	37.70284286405449	15.480427046263348	20.16860829862783	29.821435131157937	39.460854092526695	48.83721659725566	68.14287026231588	512.2018861209965	633.9070714323785	884.4944560048601	7.517343011269273	33.06472678697605	85.6660359805384	3년	48.83721659725566	633.9070714323785	33.06472678697605	2.790507788327035	2.9157217319111197	3.1735335462102725	12.556247220987105	2.6357074738968373	3년	2.91572173191112	안심	3년	20.16860829862783	1.856417990871676	보통	N	주당순현금<=0	224900000.0	0.9300878492452425	5.989279229898115		-5.3767880797050305	454.07819885253906	448.5483999633789	Y	Y	강한 상승추세	단기위험부채 존재
TGT	TARGET CORP	0000027419	S&P 500	제외	PEG=보통, PEGY=불리(<1)	154.3300018310547	8.13	2025	3.03	5488000000.0	4611000000.0	10099000000.0	14654000000.0	970000000.0	16165000000.0					-9.997805092186129	-12.126865671641792	20.212522376782385	20.474399446826133	-8.23927765237019	10.780448872111425	-1.2094597080639313	-7.978555304740379	30.06089774422285	6.081080583872137	-64.86565462753929	244.3950986605318	49.43918514688048	-142.03048911937927	58.35877390066484	-67.96527923261372	3년	30.06089774422285	244.3950986605318	58.35877390066484	-0.25772526334239	0.6832620201808726	0.09006992091334812	6.222563652326603	4.031985730900498	3년	0.6832620201808726	불리(<1)	3년	10.780448872111425	1.874924005165624	보통	N	주당순현금<=0	455600000.0	16.678004722183793	25.34925145243232		-9.158866098354835	156.28439880371093	129.36644969940187	N	Y	상승전환	단기위험부채 존재
CRH	CRH PUBLIC LTD CO	0000849395	S&P 500	제외	PEG=보통, PEGY=불리(<1)	83.5999984741211	5.51	2025	1.89	4096000000.0		4096000000.0	16478000000.0	120000000.0	24004000000.0	32851000000.0	42.2196816462932	57.7803183537068	0.7306931295850964	-18.289512555391433	-18.466765140324963	18.491744288477776	18.523913541641754	9.76095617529881			28.02191235059762			154.40073705179287			84.68988022719712			1년	28.02191235059762	154.40073705179287	84.68988022719712	0.6300625832555198			4.301329394387001	5.145130948439556	1년	0.6300625832555198	불리(<1)	1년	9.76095617529881	1.894460333227722	보통	N	주당순현금<=0	677000000.0	-19.892681118067436	-26.550695222043064		-36.36779162195184	92.08660018920898	107.92904991149902	N	N	주의	단기위험부채 존재
KIM	KIMCO REALTY CORP	0000879101	S&P 500	제외	PEG=보통, PEGY=불리(<1)	22.139999389648438	0.45	2020	5.08	211648000.0	223991000.0	435639000.0	7718700000.0		10391836000.0	9120372000.0	53.258124349637924	46.74187565036207	1.1394092258517525	-10.785262091668777	-10.785262091668777	73.16724773626048	73.16724773626048	104.54545454545455	38.33153542625083	-12.352677767919173	217.5909090909091	85.16307085250166	-16.205355535838347	97.9159090909091	38.32338188362575	-7.292409991127256	342.2579574988141	73.09567723630497	-132.93771541175752	3년	85.16307085250166	38.32338188362575	73.09567723630497	1.498285885244881	0.5933192346216515	-0.09939799559133826	1.631347931743768	7.368328711456537	3년	0.5933192346216515	불리(<1)	3년	38.33153542625083	1.908800336919269	보통	N	주당순현금<=0	675279000.0	-11.19133927546766	-2.337894507551108		-16.072782054610755	23.686599960327147	23.28929995536804	N	N	주의	
LH	LABCORP HOLDINGS INC.	0000920148	S&P 500	제외	PEG=보통, PEGY=안심	311.7099914550781	10.46	2025	93.0	532300000.0		532300000.0	5084600000.0	500100000.0	8619800000.0	9756000000.0	46.90843391852327	53.09156608147673	0.8835383353833538	-54.32338902147971	-60.29116945107398	34.993631020703425	35.56416452257668	18.325791855203633		-8.010928076671341	45.151583710407266		-7.521856153342682	472.28556561086003		-78.67861536396447	51.51441357596751		-125.2409667706475	1년	45.151583710407266	472.28556561086003	51.51441357596751	3.181315816850772		2.4287011505906952	14.391408114558473	4.616922302483359	5년	2.4287011505906952	안심	1년	18.325791855203633	1.9095290013766544	보통	N	주당순현금<=0	83800000.0	12.275325423363647	13.464614906090567		-8.14227770996393	319.8002008056641	280.88000061035154	N	Y	상승전환	단기위험부채 존재
GEN	Gen Digital Inc.	0000849399	S&P 500	제외	PEG=보통, PEGY=불리(<1)	22.799999237060547	1.57	2026	2.24	1006000000.0	0.0	1006000000.0	8015000000.0	181000000.0	2611000000.0	12978000000.0	16.748989672204758	83.25101032779524	0.2011866235167206	-11.323101777059774	-11.615508885298869	21.734459244662624	21.920705810420007	52.42718446601942	-10.088488131506812	11.281344719290054	113.35436893203884	-11.676976263013625	31.062689438580108	177.96635922330097	-18.332852732931393	48.76842241857077	680.5542332388472	-180.40725151925457	113.89659671259777	5년	31.062689438580108	48.76842241857077	113.89659671259777	2.5152309450461323	-0.361108047049028	0.6221155340043953	2.4604200323101777	10.791316292286785	5년	0.6221155340043953	불리(<1)	5년	11.281344719290054	1.9265840895277948	보통	N	주당순현금<=0	619000000.0	-12.273953682764404	20.69878228558735		-27.41165441635921	27.844800033569335	24.549350051879884	N	N	판정불가	단기위험부채 존재
ABBV	AbbVie Inc.	0001551152	S&P 500	제외	PEG=보통, PEGY=불리(<1)	265.760009765625	1.02	2025	2.6	5229000000.0	28000000.0	5257000000.0	64503000000.0	2499000000.0	-3270000000.0					-33.41567963902989	-34.82515510434292	293.3094994163283	294.69133810781165	5200.0	-9.58502599188228	152.18545481323272	10408.5	-10.670051983764559	312.87090962646545	10616.67	-10.88345302343985	319.12832781899476	3894.833537733119	-104.09521847663912	20.0813952785581	5년	312.87090962646545	319.12832781899476	20.0813952785581	17.737577577108556	-0.023814523586116857	0.5277205652092696	10.048505358150027	3.781044923580433	5년	0.5277205652092696	불리(<1)	5년	152.18545481323272	1.9273162456707045	보통	N	주당순현금<=0	1773000000.0	5.1515407096139665	28.77841549335347		-0.1952790356225198	257.9705990600586	231.72759941101074	Y	Y	강한 상승추세	단기위험부채 존재
TYL	TYLER TECHNOLOGIES INC	0000860731	S&P 500	보류	PEG=보통, PEGY=불리(<1)	330.9100036621094	7.2	2025	0.0	1015400000.0	81800000.0	1097200000.0	597934000.0	0.0	3702789000.0	1936119000.0	65.66500109595688	34.334998904043125	1.9124800696651394	11.395645028759244	11.395645028759244	44.37699425463196	44.37699425463196	19.008264462809922	22.991144762697367	41.04203232039028	46.516528925619845	54.482289525394734	90.58406464078055	334.9190082644629	392.2724845828421	652.20526541362	1.2115090381030313	18.54355572259752	97.09445414034197	3년	54.482289525394734	392.2724845828421	18.543555722597517	0.4283360056731622	0.5180870211888586	0.924849305586	14.55144709212088	4.397403200593263	3년	0.5180870211888586	불리(<1)	3년	22.991144762697367	1.930177671128089	보통	Y		43812000.0	6.398505923163333	0.9241181939044552		-36.202741116165896	337.05520202636717	344.26615020751956	N	N	중립/개선	
STX	Seagate Technology Holdings plc	0001137789	S&P 500	제외	PEG=보통, PEGY=불리(<1)	805.6300048828125	6.77	2027	33.0	891000000.0	411000000.0	1302000000.0	4995000000.0	0.0	-453000000.0	8476000000.0	-5.6462669824255265	105.64626698242552	-0.05344502123643228	-17.018433179723502	-17.018433179723502	121.51380178176308	121.51380178176308	-51.29496402877698	62.4216285007507	-1.6572902196046346	-94.08992805755396	133.3432570015014	5.185419560790731	-636.9888129496403	902.7338499001644	35.105290426553246	-179.0671659557041	12.053156464980065	-95.64250459717427	3년	133.3432570015014	902.7338499001644	12.053156464980063	-0.15055873292183267	0.7852739944070426	0.25793538940281363	3.769585253456221	0.4679052704851214	3년	0.7852739944070426	불리(<1)	3년	62.4216285007507	1.946661833410862	보통	N	주당순현금<=0	217000000.0	-9.488930268215523	62.32722641510131		-26.36192679262731	855.1968005371094	656.341399383545	N	Y	중립/개선	
HWM	Howmet Aerospace Inc.	0000004281	S&P 500	제외	PEG=보통, PEGY=불리(<1)	231.60000610351562	3.71	2025	24.0	742000000.0		742000000.0	2859000000.0	0.0	5353000000.0	5826000000.0	47.884426156185704	52.1155738438143	0.9188122210779265	-5.214285714285714	-5.214285714285714	63.8313455034505	63.8313455034505	32.02846975088968			72.55693950177935			269.1862455516014			16.228945793415186			1년	72.55693950177935	269.1862455516014	16.228945793415186	0.877757930825083			3.5246305418719213	1.5218611610470154	1년	0.877757930825083	불리(<1)	1년	32.02846975088968	1.992956454052177	보통	N	주당순현금<=0	406000000.0	-15.403435220231653	-7.359997558593745		-20.86109313727279	255.86340118408202	248.85395080566406	N	N	주의	
MA	Mastercard Inc	0001141391	S&P 500	제외	PEG=불리, PEGY=안심	566.5800170898438	16.52	2025	62.0	10566000000.0		10566000000.0	18251000000.0	749000000.0	7737000000.0	46411000000.0	14.288616384723351	85.71138361527665	0.16670616879619055	-8.48233995584989	-9.309050772626932	34.81007003908557	34.860113066735515	18.9344852411807	17.359895932136805	20.99686615184875	46.3689704823614	43.21979186427361	50.4937323036975	766.0153923686103	713.9909615978	834.1564576570827	35.199860436860696	26.01767447872787	47.22659333126617	3년	43.21979186427361	713.9909615978	26.01767447872787	2.3250308071861254	2.279797077197191	2.3842774823106616	18.939293598233995	3.3427394237292263	3년	2.279797077197191	안심	3년	17.359895932136805	2.005200386866654	불리	N	주당순현금<=0	906000000.0	8.29128514348103	11.725039940283954		-5.54795603547622	571.4979968261719	532.1658486938477	N	Y	상승전환	단기위험부채 존재
J	JACOBS SOLUTIONS INC.	0000052988	S&P 500	제외	PEG=불리, PEGY=불리(<1)	139.22999572753906	2.38	2025	1.04	1235448000.0		1235448000.0	2236456000.0	0.0	3640807000.0					-8.209559426565626	-8.209559426565626	61.94939292189272	61.94939292189272	-5.179282868525893	-21.81636262954282	30.86908124949421	-1.8585657370517854	-35.13272525908564	70.23816249898843	-4.423386454183249	-83.61588611662381	167.16682674759247	-103.1770355454434	-160.05594245671946	20.065238725370182	5년	70.23816249898843	167.16682674759247	20.065238725370182	-0.06681716596875775	-0.335376371738431	0.5150830338196525	4.98205557195814	3.578291837132271	5년	0.5150830338196525	불리(<1)	5년	30.86908124949421	2.006842782951558	불리	N	주당순현금<=0	121932000.0	10.64049569239911	6.168976952526362		-15.330823607139077	143.3793994140625	133.16934978485108	N	Y	상승전환	
CASY	CASEYS GENERAL STORES INC	0000726958	S&P 500	제외	PEG=불리, PEGY=양호	620.7999877929688	19.16	2026	42.0	522991000.0		522991000.0	2330237000.0	101357000.0	3951719000.0	4984336000.0	44.222187531298765	55.777812468701235	0.79282757021196	-48.47547934636911	-51.19416244767903	34.930869892449785	35.072763582497274	30.874316939890704	17.173098488337637	17.985950946001218	70.24863387978141	42.84619697667527	44.471901892002435	1345.9638251366118	820.9331340730982	852.0816402507667	116.81118743602146	32.23794301150535	37.25542155373371	3년	42.84619697667527	820.9331340730982	32.23794301150535	2.0862439774407764	1.6940058656004942	1.7172761838080368	19.35590141349151	3.117896551883717	3년	1.6940058656004942	양호	3년	17.173098488337637	2.034045860516759	불리	N	주당순현금<=0	37281653.0	-24.476887129809157	-18.140222874055123		-32.24778801854369	735.942001953125	732.9967987060547	N	N	주의	단기위험부채 존재
VLTO	Veralto Corp	0001967680	S&P 500	보류	PEG=불리, PEGY=안심	96.56999969482422	3.76	2025	54.0	2031000000.0		2031000000.0	1973000000.0	700000000.0	3105000000.0					0.2317219336795845	-2.5649220934878145	25.62188238328315	26.36567068838086	12.574850299401197			33.6497005988024			126.522874251497			31.016749147072996			1년	33.6497005988024	126.522874251497	31.016749147072996	2.59835906290935			4.051138633639632	4.19502811063668	1년	2.59835906290935	안심	1년	12.574850299401197	2.0375496942896603	불리	Y		250300000.0	5.264881124400134	8.725512301990701		-7.91456358765884	96.64859954833985	92.97314998626709	N	Y	상승전환	단기위험부채 존재
MRSH	MARSH & MCLENNAN COMPANIES, INC.	0000062709	S&P 500	제외	PEG=불리, PEGY=불리(<1)	171.74000549316406	8.43	2025	2.32	2687000000.0	414000000.0	3101000000.0	18320000000.0	268000000.0	15315000000.0					-30.807692307692307	-31.350202429149796	24.027010415285456	24.091365115339723	3.0562347188264063	11.754120579715522	63.117645068661396	14.612469437652813	32.008241159431044	134.7352901373228	123.1831173594132	269.8294729740037	1135.8184958576312	-28.27348700398383	57.11509511087327	561.359298665471	3년	32.008241159431044	269.8294729740037	57.11509511087327	0.22375795514726893	0.5857624538574252	2.7235034212592426	10.123481781376519	5.894655559318399	3년	0.5857624538574252	불리(<1)	3년	11.754120579715522	2.0441350973334127	불리	N	주당순현금<=0	494000000.0	-4.055862852980974	-2.3149946658029164		-17.041830765718924	183.41999877929686	176.99444931030274	N	N	주의	단기위험부채 존재
MDLZ	Mondelez International, Inc.	0001103982	S&P 500	제외	PEG=불리, PEGY=불리(<1)	59.619998931884766	1.89	2025	3.56	4475000000.0		4475000000.0	23095000000.0	2688000000.0	25838000000.0	45596000000.0	36.170451045720526	63.82954895427948	0.5666725151329064	-14.345146379044683	-16.41602465331279	39.13499751901029	40.23070030962834	-44.73684210526316	-1.2049365987475746	18.761141546758097	-80.97368421052632	6.090126802504851	46.022283093516194	-153.0402631578947	11.510339656734168	86.9821150467456	-356.6928310963938	-80.69382780451807	45.89419088403839	5년	46.022283093516194	86.9821150467456	45.89419088403839	-1.0521743890557553	0.06017793664375283	0.5703626667132236	2.4922958397534667	4.180301718221916	3년	0.0601779366437528	불리(<1)	5년	18.761141546758097	2.0859603570217065	불리	N	주당순현금<=0	1298000000.0	2.264150449568292	1.3428473164062815		-8.262808291117697	61.86159980773926	59.65150011062622	N	N	중립/개선	단기위험부채 존재
OKE	ONEOK INC /NEW/	0001039684	S&P 500	제외	PEG=불리, PEGY=불리(<1)	89.2300033569336	5.42	2025	4.83	78000000.0		78000000.0	30755000000.0	820000000.0	22485000000.0					-49.01262182457261	-50.32273526122384	25.50601940618196	25.74773775242757	4.835589941972921	12.173263216522322	51.01846065815958	18.17117988394584	32.846526433044644	110.53692131631917	98.48779497098644	178.02817326710198	599.1101135344499	10.37520034266981	99.51604456963	571.4222694107925	3년	32.846526433044644	178.02817326710198	99.51604456963001	0.37895328894912733	0.6666372727843686	2.1896188412929476	3.909570218884806	4.38145250678287	3년	0.6666372727843686	불리(<1)	3년	12.173263216522322	2.0952491499209165	불리	N	주당순현금<=0	625900000.0	-0.3016722268898375	2.8350890965071374		-8.491435337811758	92.10040008544922	86.91124984741211	N	Y	중립/개선	단기위험부채 존재
WDAY	Workday, Inc.	0001327811	S&P 500	보류	PEG=불리, PEGY=불리(<1)	188.9600067138672	2.59	2026	0.0	1501000000.0	3942000000.0	5443000000.0	2987000000.0	0.0	7805000000.0	10269000000.0	43.18357862122386	56.81642137877614	0.7600545330606681	9.160180070640802	9.160180070640802	69.4207824877322	69.4207824877322	32.82051282051282			74.14102564102564			192.0252564102564			1.6221684946438275			1년	74.14102564102564	192.0252564102564	1.6221684946438275	0.4727764747727058			10.357418589645565	5.481275519496194	1년	0.4727764747727058	불리(<1)	1년	32.82051282051282	2.1151644664230904	불리	Y		268117000.0	37.046707297746906	48.192301425878824		-23.08380831104949	186.9593994140625	157.10994960784913	Y	Y	강한 상승추세	
LHX	L3HARRIS TECHNOLOGIES, INC. /DE/	0000202058	S&P 500	제외	PEG=불리, PEGY=불리(<1)	237.89999389648438	8.53	2025	2.11	1069000000.0		1069000000.0	10443000000.0	0.0	19635000000.0	21560000000.0	47.66355140186916	52.336448598130836	0.9107142857142857	-49.75583864118896	-49.75583864118896	33.72284086021962	33.72284086021962	8.386277001270638	15.822311734425586	10.447613089419638	25.272554002541277	40.14462346885117	29.395226178839277	215.57488564167707	342.4336381893005	250.741279305499	-9.3842407850256	43.94016266276202	5.397766178422914	3년	40.14462346885117	342.4336381893005	43.94016266276202	0.31125126868099456	0.5317556669900556	0.3723770823896672	14.235668789808917	5.983887833138481	3년	0.5317556669900556	불리(<1)	3년	15.822311734425586	2.131347266205528	불리	N	주당순현금<=0	188400000.0	-17.928727393703824	-34.27632314993138		-37.143313519646334	262.5645999145508	310.1689005279541	N	N	주의	
ROL	ROLLINS INC	0000084839	S&P 500	제외	PEG=불리, PEGY=불리(<1)	30.350000381469727	1.09	2025	2.46	100004000.0		100004000.0	486147000.0	123683000.0	1374321000.0	1766202000.0	43.7608958762601	56.2391041237399	0.7781222079920643	-0.7975738773554313	-1.0530396759661838	28.575756200757024	28.810128493060464	13.54166666666668	13.271785112236143	15.512803857109425	35.58333333333336	35.04357022447229	39.52560771421885	38.785833333333365	38.1974915446748	43.08291240849855	27.795165884130135	25.856642716869203	41.953581110341396	3년	35.04357022447229	38.1974915446748	25.856642716869203	0.5599735158099777	0.550529091923712	0.6289528693778992	1.3426108186150074	4.423758819570698	3년	0.550529091923712	불리(<1)	3년	13.271785112236145	2.1531207715540184	불리	N	주당순현금<=0	484147000.0	-32.2090684137872	-44.51553938179729		-53.734754439906474	34.92800006866455	49.342749967575074	N	N	주의	단기위험부채 존재
USB	US BANCORP DE	0000036104	S&P 500	제외	PEG=불리, PEGY=불리(<1)	57.290000915527344	4.62	2025	3.77	8252000000.0		8252000000.0	39829000000.0	17162000000.0	65193000000.0	626694000000.0	9.422492401215806	90.5775075987842	0.1040268456375839	-20.26765083440308	-31.28305519897304	16.78737050864295	19.171657167640777	21.899736147757256	7.780088648706851	8.588568965361265	52.29947229551451	24.060177297413702	25.67713793072253	241.62356200527705	111.1580191140513	118.62837723993809	321.75520709372114	94.0269110450024	107.06646071598539	3년	24.060177297413702	111.1580191140513	94.02691104500241	1.5291100017445396	0.6880225013655537	0.7361825343044924			3년	0.6880225013655537	불리(<1)	3년	7.780088648706851	2.157735119307828	불리	N	주당순현금<=0 | FCF<=0	1558000000.0	-7.447496763670081	3.486272189120787		-12.427388384240668	61.872799987792966	57.702649993896486	N	N	판정불가	단기위험부채 존재
DPZ	DOMINOS PIZZA INC	0001286681	S&P 500	제외	PEG=불리, PEGY=불리(<1)	302.8699951171875	17.57	2025	2.68	125675000.0		125675000.0	1536443000.0	100000.0	-3901142000.0	5617601000.0	-227.278484368109	327.278484368109	-0.6944498194157969	-41.20516930398778	-41.2080900655378	19.58310554474532	19.583271780462454	5.272618334331929	9.073110679208952	7.235872833479218	19.045236668663858	26.646221358417904	22.971745666958434	334.624808268424	468.17410926740257	403.6135713684597	10.484634880701794	54.57923096220048	33.26297681362993	3년	26.646221358417904	468.17410926740257	54.57923096220048	0.4060958725959496	0.6001658241770867	0.5063483322817467	19.613030638847075	6.475725874152154	3년	0.6001658241770867	불리(<1)	3년	9.073110679208952	2.15836731603198	불리	N	주당순현금<=0	34237646.0	0.6613899900560272	-19.500849729313032		-30.917844568902154	329.52079833984374	352.43054977416995	N	N	중립/개선	단기위험부채 존재
AEP	AMERICAN ELECTRIC POWER CO INC	0000004904	S&P 500	제외	PEG=불리, PEGY=불리(<1)	121.66999816894531	6.66	2025	3.17	197000000.0	220000000.0	417000000.0	44128000000.0	1508000000.0	31138000000.0	82204000000.0	27.472605036085472	72.52739496391453	0.37878935331614033	-81.32765295651676	-84.13340209651417	30.48012779661593	30.901411451270192	19.35483870967742	14.044924681547055	8.545142209229773	47.20967741935484	36.58984936309411	25.590284418459547	314.41645161290324	243.68839675820678	170.4312942269406	158.41740473795286	100.28634866898938	40.07668019382034	3년	36.58984936309411	243.68839675820678	100.28634866898938	0.7390007961901738	0.5647917487884795	0.38435344783988906	12.919842193728178	10.618757613350404	3년	0.5647917487884795	불리(<1)	3년	14.044924681547055	2.1701880563775675	불리	N	주당순현금<=0	537467865.0	-9.099744026272704	-9.680059308897293		-12.271976330558898	123.2968000793457	127.1091000366211	N	N	주의	단기위험부채 존재
MO	ALTRIA GROUP, INC.	0000764180	S&P 500	제외	PEG=불리, PEGY=불리(<1)	68.55000305175781	4.12	2025	6.54	4474000000.0		4474000000.0	24140000000.0	0.0	-3502000000.0	38469000000.0	-10.015157148168273	110.01515714816827	-0.0910343393381684	-11.68508615567439	-11.68508615567439	19.474536215396164	19.474536215396164	-37.00305810397553	8.90191356086536	11.413340246469872	-65.50611620795107	26.30382712173072	31.326680492939744	-269.8851987767584	108.37176774153056	129.06592363091175	-493.7055970267208	58.09155786573172	88.27996773896882	3년	26.30382712173072	108.37176774153056	58.09155786573172	-1.5642507614580352	0.7929284369122641	0.9218879488527348	5.3915626856803325	7.865153093588488	3년	0.7929284369122641	불리(<1)	3년	8.90191356086536	2.1876797704496056	불리	N	주당순현금<=0	1683000000.0	-4.246393967929041	2.619760359358181		-8.502396253164745	68.24179946899415	67.45300008773803	Y	Y	강한 상승추세	
ROST	ROSS STORES, INC.	0000745732	S&P 500	보류	PEG=불리, PEGY=안심	224.2100067138672	6.61	2025	79.0	4594392000.0	0.0	4594392000.0	1017863000.0	499743000.0	6187443000.0					11.024514820477412	9.484076001183665	32.25196549067924	32.48501221069342	4.588607594936709	14.703265747939431	58.06122059198926	17.67721518987342	37.906531495878866	124.62244118397852	116.8463924050633	250.56217318775933	823.7543362260981	-47.885291063667566	11.753340923593258	267.40302018605206	3년	37.906531495878866	250.56217318775933	11.753340923593258	2.591736854583131	2.905350552201834	4.249701328484917	6.804867824028408	3.035041978618135	3년	2.905350552201834	안심	3년	14.703265747939431	2.1935239451955866	불리	Y		324416000.0	1.6364462876114372	-0.11582594797614476		-12.153739581136879	237.13399993896485	218.2981999206543	N	Y	상승전환	단기위험부채 존재
ROK	ROCKWELL AUTOMATION, INC	0001024478	S&P 500	제외	PEG=불리, PEGY=불리(<1)	450.739990234375	7.67	2025	1.21	468000000.0	300000.0	468300000.0	2614000000.0	608000000.0	3654000000.0					-18.971706454465075	-24.347480106100797	61.2401169085841	61.94100004439059	-7.3671497584541	-1.270785701033128	27.797562094762206	-6.2342995169082	5.958428597933744	64.09512418952441	-47.817077294685895	45.701147346151814	491.60960253365226	-110.60857219920115	-89.8608625069215	9.067225714325012	5년	64.09512418952441	491.60960253365226	9.067225714325012	-0.10054111698782608	-0.0009925797679953103	0.4736692801887219	12.232537577365164	2.713878919641568	5년	0.4736692801887219	불리(<1)	5년	27.797562094762206	2.203075100608314	불리	N	주당순현금<=0	113100000.0	-3.580906211718793	15.583247127585897		-8.956127805707293	437.35360046386717	424.3827996826172	Y	Y	강한 상승추세	단기위험부채 존재
DRI	DARDEN RESTAURANTS INC	0000940944	S&P 500	제외	PEG=불리, PEGY=불리(<1)	203.13999938964844	10.38	2026	3.24	219500000.0		219500000.0	901000000.0	0.0	2207500000.0	10654900000.0	17.162426918770993	82.83757308122901	0.20718167228223633	-5.859845227858985	-5.859845227858985	20.1348597897406	20.1348597897406	17.155756207674962	9.114765771480716	16.82500139829013	42.811512415349924	26.729531542961432	42.15000279658026	444.3834988713322	277.4525374159397	437.51702902850315	118.75726110392861	36.58193278013666	115.37709478343045	3년	26.729531542961432	277.4525374159397	36.58193278013666	1.0129574489546385	0.613600784932006	0.9965304753954102	9.622527944969905	4.736894739530184	3년	0.613600784932006	불리(<1)	3년	9.114765771480716	2.2090375435363097	불리	N	주당순현금<=0	116300000.0	0.6042002930697121	3.828267685572695		-10.778282710627995	211.8520001220703	204.18834999084473	N	N	중립/개선	
NUE	NUCOR CORP	0000073309	S&P 500	제외	PEG=불리, PEGY=안심	251.07000732421875	7.52	2025	89.0	2260000000.0	439000000.0	2699000000.0	4233276000.0	122000000.0	20936000000.0	12980000000.0	61.7289774737587	38.271022526241296	1.6129429892141756	-6.641887445887446	-7.170025974025974	34.27019877262051	34.34042995987297	516.3934426229508	15.425826725292405	42.054467881799674	1041.2868852459017	39.351653450584806	92.60893576359935	7830.47737704918	295.92443394839773	696.419196942267	3018.842214768134	17.86530661396617	177.38048218676613	3년	39.351653450584806	295.92443394839773	17.86530661396617	17.665302925135578	3.0471322158983605	3.82415254581199	-0.8138528138528138	-0.3241537380455988	3년	3.0471322158983605	안심	3년	15.425826725292403	2.2216118061556216	불리	N	주당순현금<=0 | FCF<=0	231000000.0	12.952136360909217	37.829382014029434		-8.61541229944861	255.946201171875	215.5575499725342	N	Y	상승전환	단기위험부채 존재
NEE	NEXTERA ENERGY INC	0000753308	S&P 500	제외	PEG=불리, PEGY=불리(<1)	77.87999725341797	3.3	2025	3.27	2812000000.0		2812000000.0	89556000000.0	400000000.0	54608000000.0	146242000000.0	27.18844909136171	72.8115509086383	0.373408459949946	-41.89317106152806	-42.086351782092144	36.294899489377585	36.353439101669736	-2.077151335311581	16.260329205681433		4.345697329376838	41.02065841136287		14.340801186943565	135.36817275749746		-81.58602761594965	73.8163553306449		3년	41.02065841136287	135.36817275749746	73.8163553306449	0.03286546268126544	0.5381012065179397				3년	0.5381012065179397	불리(<1)	3년	16.260329205681433	2.232113448028837	불리	N	주당순현금<=0 | FCF<=0	2070600000.0	-10.585535456056917	-17.298504016430293		-20.433184063357334	82.57559982299804	87.37190017700195	N	N	주의	단기위험부채 존재
IDXX	IDEXX LABORATORIES INC /DE	0000874716	S&P 500	제외	PEG=불리, PEGY=불리(<1)	515.4099731445312	13.08	2025	0.0	180070000.0	0.0	180070000.0	374842000.0	74995000.0	1605383000.0	1745376000.0	47.91102553182726	52.08897446817274	0.919792067726381	-2.4038506633755015	-3.3294291885220613	39.58821282935067	39.658975713536186	22.58669165885661	17.66051173291583	14.281792796945748	53.67338331771322	43.82102346583166	37.063585593891496	702.0478537956889	573.1789869330781	484.79169956810074	36.211538459854495	11.20836165355832	-5.940566766612509	3년	43.82102346583166	573.1789869330781	11.208361653558319	0.5705408262863246	0.4461053043501459	0.360758715189013	13.046948472693613	2.5313729171932398	3년	0.4461053043501459	불리(<1)	3년	17.66051173291583	2.2416232002816647	불리	N	주당순현금<=0	81025000.0	-7.731830348918756	-12.913971722565199		-32.773780707945086	542.6356042480469	586.219899597168	N	N	주의	단기위험부채 존재
TXN	TEXAS INSTRUMENTS INC	0000097476	S&P 500	제외	PEG=불리, PEGY=불리(<1)	297.2300109863281	5.45	2025	2.06	3225000000.0	1656000000.0	4881000000.0	13548000000.0	0.0	16273000000.0	18312000000.0	47.05219025589128	52.94780974410872	0.888652249890782	-9.49288061336254	-9.49288061336254	56.27942965131939	56.27942965131939	4.8076923076923075	-16.644237941707228	24.802935181675736	18.115384615384613	-24.788475883414456	58.10587036335147	98.72884615384615	-135.0971935646088	316.67699348026554	-66.78368855613728	-145.45207030619224	6.542738544268989	5년	58.10587036335147	316.67699348026554	6.542738544268989	0.12202846315680997	-0.25913976086936624	0.4773135646204256	2.8510405257393208	0.9592034519927606	5년	0.4773135646204256	불리(<1)	5년	24.802935181675736	2.269063287836123	불리	N	주당순현금<=0	913000000.0	-3.6625248234133823	42.283398597710665		-10.548329096464592	271.2024005126953	250.00730033874513	Y	Y	강한 상승추세	
MSI	Motorola Solutions, Inc.	0000068505	S&P 500	제외	PEG=불리, PEGY=불리(<1)	456.2799987792969	12.75	2025	1.06	1165000000.0	246000000.0	1411000000.0	8413000000.0	749000000.0	2410000000.0					-41.43195266272189	-45.86390532544379	39.03623148564853	39.38383561605809	38.13651137594799	17.15090983184706	40.00784395357051	84.77302275189598	42.80181966369412	88.51568790714101	1080.8560400866738	545.7232007121	1128.575020816048	136.88437866624196	19.602700572476103	147.34264570776	3년	42.80181966369412	545.7232007121	19.602700572476106	1.0041059263202288	0.4665130095496592	1.0520442776006411			3년	0.4665130095496592	불리(<1)	3년	17.15090983184706	2.276044353819831	불리	N	주당순현금<=0 | FCF<=0	169000000.0	9.364590523816707	1.9096302644831642		-7.116682711112022	462.63220153808595	431.8509512329102	N	Y	상승전환	단기위험부채 존재
STT	STATE STREET CORP	0000093751	S&P 500	제외	PEG=불리, PEGY=불리(<1)	175.75	9.4	2025	2.09	4433000000.0		4433000000.0	11534000000.0	2380000000.0	27841000000.0	338206000000.0	7.605853893079304	92.39414610692069	0.08231965133675925	-24.5693189721091	-32.80407170462841	21.31056584809671	22.18660337283281	14.494518879415338	9.345182660480011	8.263522928949719	37.489037758830676	27.190365320960023	25.027045857899438	352.3969549330084	255.58943401702422	235.25423106425472	100.51035842560934	45.42784296843483	33.85731497254891	3년	27.190365320960023	255.58943401702422	45.42784296843483	0.7782298695225183	0.5365968572580775	0.4858398881921013	37.51656465491888	21.346551723993674	3년	0.5365968572580775	불리(<1)	3년	9.345182660480011	2.2803798087561518	불리	N	주당순현금<=0	289019000.0	-2.4478261392469447	29.104527801416282		-9.52846444468759	185.83379913330077	155.4123498916626	N	Y	중립/개선	단기위험부채 존재
SPGI	S&P Global Inc.	0000064040	S&P 500	제외	PEG=불리, PEGY=안심	396.1300048828125	14.66	2025	99.0	1745000000.0	56000000.0	1801000000.0	12370000000.0	400000000.0	31127000000.0	25048000000.0	55.41076991544281	44.58923008455719	1.2426940274672629	-34.64110127826942	-35.95214683710259	29.384113653552653	29.47354377352763		12.852521260492766	50.79787589706457		34.20504252098553	110.09575179412914		501.44592335764787	1614.0037213019332		26.586200786782378	307.4429357552466	3년	34.20504252098553	501.44592335764787	26.586200786782378		3.806564410254701	5.097920517978714	18.297194362504097	4.618987235747762	3년	3.806564410254701	안심	3년	12.852521260492766	2.286252872724372	불리	N	주당순현금<=0	305100000.0	-8.506556563919121	-4.176714707541384		-23.362416564653554	415.5682006835938	423.2696450805664	N	N	주의	단기위험부채 존재
ETN	Eaton Corp plc	0001551182	S&P 500	제외	PEG=불리, PEGY=불리(<1)	445.0899963378906	10.45	2025	1.02	622000000.0	181000000.0	803000000.0	8024000000.0	1000000.0	19425000000.0					-18.458588957055216	-18.461145194274028	44.35871629616707	44.35896091216887	9.999999999999993	19.3940377642204	24.525465160026606	28.499999999999986	47.28807552844079	57.55093032005321	297.8249999999998	494.16038927220626	601.407221844556	-33.08656621122853	11.0248249428333	35.12036370010818	3년	47.28807552844079	494.16038927220626	11.0248249428333	0.248429190926614	0.460203528612579	0.5758837787249927	9.082310838445808	2.0405560478045346	3년	0.460203528612579	불리(<1)	3년	19.394037764220396	2.2872347076689423	불리	N	주당순현금<=0	391200000.0	9.674004155588435	15.433894869559461		-3.232888814991597	423.42900024414064	390.2756007385254	Y	Y	강한 상승추세	단기위험부채 존재
ADP	AUTOMATIC DATA PROCESSING INC	0000008670	S&P 500	제외	PEG=불리, PEGY=불리(<1)	262.3599853515625	10.94	2026	2.61	4230100000.0	2032200000.0	6262300000.0	4964100000.0	0.0	6031200000.0	57162100000.0	9.544049764769365	90.45595023523063	0.10551046934944658	3.2189437143565582	3.2189437143565582	23.687480954040765	23.687480954040765	9.619238476953898	10.041893559840132	12.503420358905348	27.738476953907796	28.583787119680263	33.5068407178107	303.45893787575125	312.70663108930205	366.564837452849	15.665099412593776	19.18991025642689	39.71827180949563	3년	28.583787119680263	312.70663108930205	19.18991025642689	0.5162743349823254	0.5341173079732604	0.6380340901689338			3년	0.5341173079732604	불리(<1)	3년	10.041893559840132	2.358865966153288	불리	N	FCF<=0	403300000.0	8.736731879523862	30.67037899524847		-10.439003493884503	271.6985986328125	237.9520999145508	N	Y	상승전환	
NRG	NRG ENERGY, INC.	0001013871	S&P 500	제외	PEG=불리, PEGY=불리(<1)	103.5999984741211	4.01	2025	1.96	4708000000.0		4708000000.0	10892000000.0		1681000000.0	27459000000.0	5.768702814001372	94.23129718599863	0.061218544011071054	-31.07537688442211	-31.07537688442211	33.584881635546935	33.584881635546935	-19.63927855711424	-8.120643852977938	14.13919505192036	-30.778557114228477	-7.741287705955877	36.77839010384072	-123.42201402805618	-31.042563700883065	147.48134431640128	-219.1332199284603	-129.96386501746656	42.356512054622854	5년	36.77839010384072	147.48134431640128	42.356512054622854	-0.5264058616899254	-0.1834350324598847	0.47935839782387796	3.849246231155779	3.715488694835557	5년	0.4793583978238779	불리(<1)	5년	14.13919505192036	2.375303651461085	불리	N	주당순현금<=0	199000000.0	-26.25284622370485	-35.37118122158074		-43.70483118985058	112.67280044555665	140.31159996032716	N	N	주의	
CMI	CUMMINS INC	0000026172	S&P 500	보류	PEG=불리, PEGY=불리(<1)	535.3099975585938	20.5	2025	1.68	2101000000.0	764000000.0	2865000000.0	1630000000.0	24000000.0	12349000000.0	20584000000.0	37.49734309051711	62.50265690948289	0.5999319860085504	8.904109589041095	8.731074260994953	25.67833599851476	25.68677674622433	-27.74057102573141	10.67954284093311	43.57635272286971	-46.98114205146282	29.85908568186622	95.65270544573941	-963.1134120549877	612.1112564782575	1960.880461637658	-279.91694839391965	14.347062313413495	266.3074612057894	3년	29.85908568186622	612.1112564782575	14.347062313413495	-1.0148855061028392	0.4813217975513673	1.7624332326474481	17.202595529920693	3.213576359189469	3년	0.4813217975513673	불리(<1)	3년	10.67954284093311	2.4044414991336045	불리	Y		138700000.0	-20.505207099325993	-10.280738179087056		-26.426974284938932	575.3794006347656	603.5754524230957	N	N	주의	단기위험부채 존재
ATO	ATMOS ENERGY CORP	0000731802	S&P 500	제외	PEG=불리, PEGY=불리(<1)	159.74000549316406	7.46	2025	2.53	202687000.0		202687000.0	3529452000.0	0.0	13558890000.0					-20.718084609492255	-20.718084609492255	24.190092507058488	24.190092507058488	9.224011713030746	10.031474661040264	69.70420030995797	26.948023426061493	28.562949322080527	147.90840061991594	201.03225475841873	213.07960194272073	1103.3966686245728	25.849660601784397	33.39150783479803	590.7453553779875	3년	28.562949322080527	213.07960194272073	33.39150783479803	0.4859018918427457	0.51928179511405	2.986106824059502			3년	0.51928179511405	불리(<1)	3년	10.031474661040264	2.411419389913504	불리	N	주당순현금<=0 | FCF<=0	160573000.0	-8.573715443497854	-15.775597169263778		-16.92755157806547	165.94660034179688	174.3866000366211	N	N	주의	
ADI	ANALOG DEVICES INC	0000006281	S&P 500	제외	PEG=불리, PEGY=불리(<1)	420.54998779296875	4.56	2025	1.05	2499406000.0	1152915000.0	3652321000.0	8145066000.0	446639000.0	33815755000.0					-9.0450243502735	-9.944220861711788	94.20943248755313	94.40662470497382	39.02439024390244	-4.58825332599776		86.54878048780488	-0.6765066519955205		394.6624390243902	-3.0848703330995733		-6.155641307811099	-100.73353237965571		1년	86.54878048780488	394.6624390243902	-6.155641307811099	0.4253755615096931	-0.03755731493728329		8.613997330428884	2.0482695471315626	1년	0.4253755615096931	불리(<1)	1년	39.02439024390244	2.414116707493549	불리	N	주당순현금<=0	496709000.0	6.836188431850543	21.472516152826415		-5.596215897131351	377.39599975585935	360.98465072631836	Y	Y	강한 상승추세	단기위험부채 존재
HPQ	HP INC	0000047217	S&P 500	제외	PEG=불리, PEGY=불리(<1)	31.729999542236328	2.65	2025	3.81	3690000000.0	5000000.0	3695000000.0	8821000000.0	788000000.0	-346000000.0					-5.378803777544596	-6.2056663168940185	14.0033220074645	14.315345607219	-5.693950177935949	-3.836586737518144	5.789648870565345	-2.8879003558718974	0.8268265249637121	20.079297741130688	-7.652935943060528	2.191090291153837	53.21013901399632	-124.11892862738172	-93.09457824530618	67.69662710888925	5년	20.079297741130688	53.21013901399632	67.69662710888925	-0.1345359463227158	-0.0018986021676836232	0.6855265390204004			5년	0.6855265390204004	불리(<1)	5년	5.789648870565345	2.4186824314437416	불리	N	주당순현금<=0 | FCF<=0	953000000.0	31.496065668442718	67.97247521153497		-10.569334972893396	30.79979999542236	23.6977499961853	Y	Y	강한 상승추세	단기위험부채 존재
FTNT	Fortinet, Inc.	0001262039	S&P 500	제외	PEG=불리, PEGY=불리(<1)	191.27000427246094	2.42	2025	0.0	2495300000.0	775500000.0	3270800000.0	496600000.0	499700000.0	1237500000.0	9151700000.0	11.911408000616024	88.08859199938398	0.1352207786531464	3.628302380329584	2.9747580434213967	77.53789334385593	77.80795298720643	7.079646017699122	31.674951451459886	-3.62054294817038	22.659292035398245	71.84990290291978	1.2589141036592402	54.83548672566375	173.87676502506585	3.046572130855361	-71.33084879971481	-9.09355301870476	-98.40718771223763	3년	71.84990290291978	173.87676502506585	-9.093553018704759	0.09130562764070904	0.4085093118404899	-0.04669385241245106			3년	0.4085093118404899	불리(<1)	3년	31.674951451459886	2.4479246152177523	불리	N	FCF<=0	764600000.0	16.82038066546514	129.03843776753928		0.0	165.05899993896483	119.64244987487793	Y	Y	강한 상승추세	단기위험부채 존재
BRO	BROWN & BROWN, INC.	0000079282	S&P 500	제외	PEG=불리, PEGY=불리(<1)	60.970001220703125	3.16	2025	1.08	1079000000.0	10000000.0	1089000000.0	6894000000.0	25000000.0	5578800000.0	3863400000.0	59.08368812353053	40.91631187646947	1.4440130455039601	-18.54632587859425	-18.62619808306709	25.16339465167638	25.188670665750067	-8.670520231213867	10.064241629820891	56.18583117469611	-8.841040462427735	28.628483259641783	120.87166234939222	-27.937687861271645	90.46600710046803	381.95445302407944	-145.8220228012478	48.377899441060165	526.4629250070968	3년	28.628483259641783	90.46600710046803	48.377899441060165	-0.30164929399572044	0.4428751281011469	2.275759370601497	4.415335463258786	7.241816261862732	3년	0.4428751281011469	불리(<1)	3년	10.064241629820891	2.500277276443352	불리	N	주당순현금<=0	313000000.0	-10.126762217040996	-10.020662192241591		-36.463107750728696	68.33340019226074	67.73040016174316	N	N	주의	단기위험부채 존재
MRK	Merck & Co., Inc.	0000310158	S&P 500	제외	PEG=불리, PEGY=불리(<1)	141.94000244140625	7.28	2025	2.44	14565000000.0	498000000.0	15063000000.0	46750000000.0	2300000000.0	52606000000.0					-12.639409652971679	-13.55684084563223	21.233435727249713	21.359456495472315	8.011869436201781	8.433903046142621	21.232013056721488	24.523738872403563	25.367806092285242	50.964026113442976	178.53281899109794	184.67762835183657	371.0181101058649	25.780481837597158	30.10964152129889	161.39080155294735	3년	25.367806092285242	184.67762835183657	30.10964152129889	0.49223637523665004	0.5121122735774554	1.1148461021944862	4.93019545273235	3.473436218072186	3년	0.5121122735774554	불리(<1)	3년	8.433903046142621	2.5176286247399013	불리	N	주당순현금<=0	2507000000.0	13.488448698925005	15.22974678499185		-9.274525273168422	142.68199966430663	123.27674999237061	N	Y	상승전환	단기위험부채 존재
MU	MICRON TECHNOLOGY INC	0000723125	S&P 500	보류	PEG=불리, PEGY=불리(<1)	1045.56005859375	7.59	2025	6.0	9642000000.0	665000000.0	10307000000.0	3038000000.0	224000000.0	54165000000.0	28633000000.0	65.41824681755598	34.58175318244402	1.8916983899696154	6.461333333333333	6.262222222222222	136.90365286698506	136.92988621495755	984.2857142857143	-0.6929629272242499	54.22135148690352	1977.0714285714287	7.1140741455515	116.94270297380704	15005.972142857143	53.995822764735884	887.5951155711955	1335.2090077962398	-94.83570338012348	-15.108165401326934	5년	116.94270297380704	887.5951155711955	-15.108165401326934	7.233449901061963	0.03876475873095981	0.43988126120648	1.4826666666666666	0.14180597800004077	3년	0.0387647587309598	불리(<1)	5년	54.22135148690352	2.5249029969319814	불리	Y		1125000000.0	5.437461492962092	157.06489080022558		-13.843567016755243	961.8132006835938	689.8717510223389	Y	Y	강한 상승추세	단기위험부채 존재
PNC	PNC FINANCIAL SERVICES GROUP, INC.	0000713676	S&P 500	제외	PEG=불리, PEGY=불리(<1)	220.16000366210938	16.59	2025	3.63	39713000000.0		39713000000.0	57101000000.0	14000000.0	60585000000.0	512936000000.0	10.563693395708265	89.43630660429174	0.11811415069326388	-43.90909090909091	-43.94444444444444	15.917365555828829	15.919496570618072	20.742358078602617	6.201879866723403	-0.4401788836301823	49.984716157205234	20.903759733446805	7.619642232739635	829.2464410480349	346.7933739778825	126.40986464115055	276.6562623793925	57.5187900660302	-42.582729588268855	3년	20.903759733446805	346.7933739778825	57.5187900660302	1.531180394966655	0.6176826078561121	0.2003988100406306			3년	0.6176826078561121	불리(<1)	3년	6.201879866723403	2.566538839495184	불리	N	주당순현금<=0 | FCF<=0	396000000.0	-12.25539020014914	-0.27178422705930183		-14.324628316041776	240.84880004882814	228.1885001373291	N	N	주의	단기위험부채 존재
QCOM	QUALCOMM INC/DE	0000804328	S&P 500	제외	PEG=불리, PEGY=불리(<1)	181.02999877929688	5.01	2025	2.04	5520000000.0	4635000000.0	10155000000.0	14811000000.0	1000000000.0	4909000000.0	28937000000.0	14.503929563316198	85.49607043668381	0.16964439990323807	-4.213574660633484	-5.118552036199095	36.97476515767073	37.15539936437046	-44.147157190635454	-23.90448036479093	14.194083679524194	-79.79431438127091	-39.30896072958187	36.88816735904839	-399.76951505016723	-196.93789325520515	184.80971846883241	-320.83053513000743	-208.78743555387328	2.0878968762208183	5년	36.88816735904839	184.80971846883241	2.0878968762208183	-1.1388079683827272	-0.5913352058236119	0.43905846623494493			5년	0.4390584662349449	불리(<1)	5년	14.194083679524194	2.604942030249478	불리	N	주당순현금<=0 | FCF<=0	1105000000.0	-5.274450211324366	41.973175238352		-27.882242172697858	171.94259979248048	169.3256999206543	Y	Y	강한 상승추세	단기위험부채 존재
KO	COCA COLA CO	0000021344	S&P 500	제외	PEG=불리, PEGY=불리(<1)	86.16999816894531	3.04	2025	2.45	10270000000.0	2348000000.0	12618000000.0	35547000000.0	2373000000.0	32169000000.0					-5.316253188036169	-5.866450266635752	30.094161630586015	30.275147511704297	23.577235772357728	11.551776147388226	11.17422496891589	55.654471544715456	31.603552294776453	30.84844993783178	169.189593495935	96.07479897612042	93.77928781100861	96.34396784391367	11.494488821684444	8.830555650174787	3년	31.603552294776453	96.07479897612042	11.494488821684445	0.8648599715735263	0.46526553287191785	0.45271987092237165	1.2279156039879435	1.4249920274809411	3년	0.4652655328719178	불리(<1)	3년	11.551776147388226	2.6051545014911053	불리	N	주당순현금<=0	4313000000.0	4.284159546406019	11.48919284284029		-6.326774464592566	88.06539978027344	80.1699500656128	N	Y	상승전환	단기위험부채 존재
CPRT	COPART INC	0000900075	S&P 500	제외	PEG=불리, PEGY=불리(<1)	26.81999969482422	1.55	2026	0.0	186319000.0		186319000.0	325386000.0	50370000.0	5987440000.0	913930000.0	86.75726703538574	13.242732964614273	6.551311369579727	-0.1453368308843509	-0.1979777605919361	17.396991306908753	17.43095319704268	-2.5157232704402537	6.587737291019979	-16.85169159402069	3.4685534591194926	21.67547458203996	-25.20338318804138	5.376257861635214	33.596985602161936	-39.06524394146414	-79.95429558982158	25.26840411801181	-245.65713790445355	3년	21.67547458203996	33.596985602161936	25.268404118011812	-0.14460680160489597	0.3786710687384108	-0.9686555161597677	1.324257467132078	4.937574504848469	3년	0.3786710687384108	불리(<1)	3년	6.587737291019979	2.640814370455137	불리	N	주당순현금<=0	956860000.0	-5.330039650364748	-19.143801099350497		-41.389858656958076	30.42640007019043	33.377000160217285	N	N	주의	단기위험부채 존재
WELL	WELLTOWER INC.	0000766704	S&P 500	제외	PEG=불리, PEGY=불리(<1)	225.77999877929688	1.39	2025	1.52	5033678000.0		5033678000.0	19197302000.0		42129498000.0	24100108000.0	63.61127680572341	36.38872319427659	1.7481041163798934	-20.843541259210532	-20.843541259210532	177.42700722194778	177.42700722194778	-11.464968152866252	66.71109926452392	28.940704466365673	-14.429936305732504	141.92219852904785	66.38140893273135	-20.05761146496818	197.27185595537648	92.27015841649657	-108.88369721561331	-12.626513853331844	-59.13271374109097	3년	141.92219852904785	197.27185595537648	-12.626513853331844	-0.05605103928978438	0.3845587001260297	0.17168020214792687			3년	0.3845587001260297	불리(<1)	3년	66.71109926452392	2.6596324926143304	불리	N	주당순현금<=0 | FCF<=0	679521000.0	-2.7313443353683686	10.29799811691483		-10.42964564646004	234.65260009765626	214.43459968566896	N	Y	중립/개선	
MDT	Medtronic plc	0001613103	S&P 500	제외	PEG=불리, PEGY=불리(<1)	87.08999633789062	3.73	2026	3.27	1949000000.0	7271000000.0	9220000000.0	22140000000.0	0.0	49463000000.0	42956000000.0	53.52038000843983	46.47961999156018	1.1514805847844305	-10.030277152395	-10.030277152395	26.037606833856735	26.037606833856735	3.3240997229916927	9.77073559217516	6.995481881143495	15.148199445983385	28.04147118435032	22.490963762286988	56.502783933518025	104.5946875176267	83.89129483333046	-35.12138441905628	20.099542904814925	-3.6728690309618117	3년	28.04147118435032	104.5946875176267	20.099542904814925	0.25325291087879	0.5008423268461937	0.3942559677871499	4.212405869109541	4.836842400091859	3년	0.5008423268461937	불리(<1)	3년	9.77073559217516	2.6648563547977706	불리	N	주당순현금<=0	1288100000.0	5.704572136254571	-1.7597350943450163		-17.33270280086049	90.07359970092773	88.5427498626709	N	N	중립/개선	
MAA	MID AMERICA APARTMENT COMMUNITIES INC.	0000912595	S&P 500	제외	PEG=불리, PEGY=불리(<1)	116.98999786376953	3.78	2025	5.25	60258000.0		60258000.0			5662851000.0	6135738000.0	47.996001894802845	52.003998105197155	0.9229290755244113	0.5143705878838061	0.5143705878838061	30.81365800949358	30.81365800949358	-15.812917594654795	-11.64378965026387	11.534580200891554	-23.12583518930959	-14.787579300527739	31.56916040178311	-87.41565701559024	-55.89704975599485	119.33142631874014	-174.7206245079024	-147.7793407784184	2.0013919973715266	5년	31.56916040178311	119.33142631874014	2.0013919973715266	-0.3427998581473319	-0.20749855951195295	0.5447123543631296			5년	0.5447123543631296	불리(<1)	5년	11.534580200891554	2.6714156452015363	불리	N	FCF<=0	117149000.0	-13.977942747228289	-7.217066173699704		-17.722768229096243	127.10460037231445	130.8719504928589	N	N	주의	
PCG	PG&E Corp	0001004980	S&P 500	제외	PEG=불리, PEGY=불리(<1)	12.5	1.18	2025	1.62	713000000.0		713000000.0	57387000000.0	2675000000.0	32540000000.0					-25.737511353315167	-26.952316076294277	32.40467063840269	33.43416616635109	2.6086956521739157	11.995586155825675		13.717391304347831	32.491172311651354		16.18652173913044	38.3395833277486		29.49217391304353	206.7166666219888		3년	32.491172311651354	38.3395833277486	206.7166666219888	0.13049648611958115	0.4201735702781648		-1.3946412352406903	-11.157129881925522	3년	0.4201735702781648	불리(<1)	3년	11.995586155825677	2.7013828434440703	불리	N	주당순현금<=0 | FCF<=0	2202000000.0	-27.24097917370728	-32.02827398115012		-34.58922239265151	15.260599994659424	16.4985999917984	N	N	주의	단기위험부채 존재
FRT	FEDERAL REALTY INVESTMENT TRUST	0000034903	S&P 500	제외	PEG=불리, PEGY=불리(<1)	106.19999694824219	4.68	2024	4.38	107415000.0		107415000.0	4963602000.0		3248731000.0	5629819000.0	36.59078340494788	63.40921659505212	0.5770578059436724	-56.20261558937562	-56.20261558937562	34.701412935388426	34.701412935388426	67.14285714285715	12.808740658788563	19.50578386760935	142.7857142857143	34.11748131757713	47.5115677352187	668.2371428571429	159.66981256626096	222.3541370008235	529.2251996794464	50.34822707582365	109.37301637512324	3년	34.11748131757713	159.66981256626096	50.34822707582365	2.0610935144349205	0.4953325874883764	0.6883230925519658			3년	0.4953325874883764	불리(<1)	3년	12.808740658788565	2.70919787196866	불리	N	주당순현금<=0 | FCF<=0	86405000.0	-12.035124662205144	-1.1081129045252158		-16.46346319307662	115.66179977416992	112.53189979553223	N	N	주의	
ETR	ENTERGY CORP /DE/	0000065984	S&P 500	제외	PEG=불리, PEGY=불리(<1)	103.25	3.91	2025	2.54	1928916000.0		1928916000.0	27902021000.0	657774000.0	16923076000.0					-57.69853670100379	-59.15976350773198	41.16330861918255	41.53702391502097	59.59183673469387	-10.03626231922775	15.165895704950483	127.68367346938774	-11.572524638455501	38.831791409900966	499.24316326530607	-45.24857133636101	151.83230441271277	383.52848742402523	-143.82428216596708	47.053079334346506	5년	38.831791409900966	151.83230441271277	47.053079334346506	1.5093985109287293	-0.1821102960546376	0.4301378168784844	-5.629813158795977	-5.452603543628064	5년	0.4301378168784844	불리(<1)	5년	15.165895704950483	2.714202274630304	불리	N	주당순현금<=0 | FCF<=0	450151884.0	-9.374177369058245	-9.911875534293934		-12.433214491384504	105.0668000793457	106.34590019226074	N	N	주의	단기위험부채 존재
INVH	Invitation Homes Inc.	0001687229	S&P 500	제외	PEG=불리, PEGY=불리(<1)	26.059999465942383	0.96	2025	4.6	129971000.0		129971000.0	8380020000.0		9530132000.0	9112398000.0	51.12037904726451	48.87962095273549	1.0458423787020716	-13.454578621849206	-13.454578621849206	41.161018841449575	41.161018841449575	29.729729729729726	15.0739165329576	22.36032947934692	67.95945945945945	38.647833065915194	53.22065895869384	65.24108108108108	37.101919743278586	51.09183260034608	150.34951043012933	42.37114544751548	96.05461875437722	3년	38.647833065915194	37.101919743278586	42.37114544751548	0.8340349849445255	0.47797447892970424	0.654996650670794	1.9605145330390512	7.52307971303389	3년	0.4779744789297042	불리(<1)	3년	15.073916532957599	2.7306120974900687	불리	N	주당순현금<=0	613177806.0	-12.048598703813983	1.7174028582980672		-14.808763203821929	28.692199935913084	27.845899925231933	N	N	판정불가	
HST	HOST HOTELS & RESORTS, INC.	0001070750	S&P 500	제외	PEG=불리, PEGY=불리(<1)	22.479999542236328	1.1	2025	3.56	768000000.0		768000000.0	1274000000.0		6558000000.0	6317000000.0	50.935922330097085	49.064077669902915	1.038151021054298	-0.7290015847860539	-0.7290015847860539	21.09909193365671	21.09909193365671	11.111111111111121	7.721734501594191		30.722222222222243	23.943469003188383		33.79444444444447	26.337815903507224		50.33116162191244	17.16110515937812		3년	23.943469003188383	26.337815903507224	17.16110515937812	0.6953432478157108	0.5347023718872881		2.175479037602651	9.677398051166652	3년	0.5347023718872881	불리(<1)	3년	7.721734501594191	2.7324290843334094	불리	N	주당순현금<=0	694100000.0	-2.9360980555091176	14.053782782495672		-11.98121089898102	22.839799919128417	21.411249961853027	N	Y	중립/개선	
GD	GENERAL DYNAMICS CORP	0000040533	S&P 500	제외	PEG=불리, PEGY=불리(<1)	331.3299865722656	15.45	2025	1.92	2333000000.0		2333000000.0	7007000000.0	0.0	25622000000.0					-17.157015692392402	-17.157015692392402	22.555793026838707	22.555793026838707	13.352898019075557	8.220181851997577	7.03040276544542	35.205796038151114	24.940363703995153	22.56080553089084	543.9295487894346	385.3286192267251	348.56444545226344	64.1655059406461	16.297538660202715	5.201599486450004	3년	24.940363703995153	385.3286192267251	16.297538660202715	0.6771164286222447	0.4495599795552286	0.39681170840659463	14.532440121134258	4.38609262973082	3년	0.4495599795552286	불리(<1)	3년	8.220181851997577	2.743953045437486	불리	N	주당순현금<=0	272425000.0	-11.55099274592455	-5.339695739684236		-16.32447267448649	367.2522003173828	355.1590501403809	N	N	주의	
ABNB	Airbnb, Inc.	0001559720	S&P 500	보류	PEG=불리, PEGY=불리(<1)	164.07000732421875	4.030497592295345	2025	0.0	6560000000.0	4454000000.0	11014000000.0	0.0	1999000000.0	8199000000.0	14009000000.0	36.919128242074926	63.080871757925074	0.5852666143193661	17.67897271268058	14.470304975922954	36.3208341549137	37.116931327354955	-1.825115293410216	13.128576286013535		4.849769413179568	34.757152572027074		19.546983943007856	140.08861975659707		-88.08619304539856	-14.616557869856162		3년	34.757152572027074	140.08861975659707	-14.616557869856162	-0.05024981765633	0.36146130978209995		7.417335473515249	4.520835705734962	3년	0.3614613097820999	불리(<1)	3년	13.128576286013537	2.7665478238952623	불리	Y		623000000.0	14.774404216058489	31.2875135805297		-13.874011903297244	170.13499969482422	143.65072494506836	N	Y	상승전환	단기위험부채 존재
RSG	REPUBLIC SERVICES, INC.	0001060391	S&P 500	제외	PEG=불리, PEGY=불리(<1)	214.74000549316406	6.85	2025	1.26	76000000.0		76000000.0	13710000000.0		11968000000.0					-43.67520053304631	-43.67520053304631	37.72484759506721	37.72484759506721	5.546995377503843	13.459076140014382	56.06006028771993	19.593990755007688	35.418152280028764	120.62012057543986	134.21883667180265	242.614343118197	826.2478259417629	-37.49705074116927	12.980505221194228	284.7666037095567	3년	35.418152280028764	242.614343118197	12.980505221194228	0.18043798216414547	0.3901692671632954	1.51942456873477	7.716998539248097	3.593647360455971	3년	0.3901692671632954	불리(<1)	3년	13.459076140014382	2.8029299487287767	불리	N	주당순현금<=0	312168000.0	-1.8062082875967334	-0.8175091490365327		-7.5472503796631285	216.67060028076173	215.16689994812012	N	N	주의	
FIS	Fidelity National Information Services, Inc.	0001136893	S&P 500	제외	PEG=불리, PEGY=불리(<1)	33.41999816894531	0.73	2025	5.24	599000000.0		599000000.0	9069000000.0	2729000000.0	13899000000.0	19586000000.0	41.50813797222637	58.491862027773635	0.7096395384458286	-16.319845857418112	-21.578034682080926	68.13677263885401	75.33977102880307	-72.03065134099617		23.901501752560208	-135.56130268199234		56.303003505120415	-98.95975095785441		41.1011925587379	-396.1093847390161		22.983826483061097	5년	56.303003505120415	41.1011925587379	22.983826483061097	-0.9802438353663638		0.42769125428084465	8.05587668593449	24.104958489854763	5년	0.4276912542808446	불리(<1)	5년	23.901501752560208	2.850731863806656	불리	N	주당순현금<=0	519000000.0	-19.682774143888803	-28.908744177433654		-51.261487067692215	39.558799743652344	46.45444997787476	N	N	주의	단기위험부채 존재
FDX	FEDEX CORP	0001048911	S&P 500	제외	PEG=불리, PEGY=불리(<1)	289.0299987792969	18.55	2026	1.69	13311000000.0		13311000000.0	23293000000.0	745000000.0	31647000000.0					-41.76569037656904	-44.88284518828452	17.832651706515684	18.0006923971742	10.350981558596088	6.216255240021917	-0.9430705522987193	29.201963117192175	20.932510480043835	6.6138588954025614	541.6964158239149	388.29806940481313	122.68708250971751	87.41875172533697	34.34524825961658	-57.5521284891257	3년	20.932510480043835	388.29806940481313	34.34524825961658	0.675221035926842	0.44335836140023605	0.04188549521372461			3년	0.443358361400236	불리(<1)	3년	6.216255240021917	2.868712917658897	불리	N	주당순현금<=0 | FCF<=0	239000000.0	-7.016470793831098	-3.9482012450613557		-14.828350204558149	312.3975988769531	299.655906829834	N	N	주의	단기위험부채 존재
MLM	MARTIN MARIETTA MATERIALS INC	0000916076	S&P 500	제외	PEG=불리, PEGY=안심	489.010009765625	18.77	2025	69.0	67000000.0		67000000.0	5293000000.0	30000000.0	10032000000.0	8677000000.0	53.621251803944624	46.378748196055376	1.1561599631208943	-86.23762376237623	-86.73267326732673	30.647183459136986	30.673557966593062	-42.085775995063244	10.610393458663768	10.217788506018909	-75.67155199012649	29.720786917327537	28.935577012037818	-1420.3550308546742	557.8591704382378	543.1207805159498	-390.4552059241954	14.079294758324302	11.065370783771744	3년	29.720786917327537	557.8591704382378	14.079294758324302	0.878195676311413	2.597641429751978	2.58483095556376	16.138613861386137	3.3002624770648614	3년	2.597641429751978	안심	3년	10.610393458663768	2.888411591759819	불리	N	주당순현금<=0	60600000.0	-14.493794563719787	-21.678195073588046		-30.941517577549583	518.6258020019532	588.0920489501954	N	N	주의	단기위험부채 존재
MSCI	MSCI Inc.	0001408198	S&P 500	제외	PEG=불리, PEGY=불리(<1)	554.9199829101562	15.69	2025	1.48	515332000.0	70898000.0	586230000.0	6202286000.0	0.0	-2654540000.0	8356999000.0	-46.55079501667614	146.55079501667615	-0.3176427327561006	-73.28221723471998	-73.28221723471998	40.038381143714226	40.038381143714226	11.672597864768674	13.538386829039872	53.02284334613518	31.84519572953735	35.576773658079745	114.54568669227037	499.65112099644097	558.1995786952712	1797.221824201722	-9.959789449979773	0.5910033673532045	223.87044610947075	3년	35.576773658079745	558.1995786952712	0.5910033673532045	0.3284997417242867	0.37509975178898225	1.3612649110487771	20.214089983819616	3.642703562018302	3년	0.3750997517889822	불리(<1)	3년	13.538386829039872	2.9573967452186998	불리	N	주당순현금<=0	76636000.0	-8.026849197888664	-0.3609088740162636		-13.809550940412352	560.2633972167969	572.7654490661621	N	N	주의	
RVTY	REVVITY, INC.	0000031791	S&P 500	제외	PEG=불리, PEGY=불리(<1)	153.3000030517578	2.07	2025	18.0	919860000.0	0.0	919860000.0	2631236000.0	588828000.0	7250360000.0	4918051000.0	59.58345752785635	40.416542472143654	1.4742344070852458	-14.677953600068614	-19.728153008276514	81.14877132938474	83.58848118842238	-5.909090909090924	27.023182791188983	-9.341040767937725	-3.3181818181818485	62.546365582377966	-10.18208153587545	-6.868636363636426	129.47097675552237	-21.076908779262183	-104.48051939132539	-15.544048155165513	-113.74879866906859	3년	62.546365582377966	129.47097675552237	-15.544048155165513	0.14899682266083605	0.5548227293354676	0.10670474845411224	4.3690638535100135	2.850008980126968	3년	0.5548227293354676	불리(<1)	3년	27.023182791188983	3.0029316663558827	불리	N	주당순현금<=0	116595000.0	35.72377794928625	69.57964653117008		-2.5800696128916223	129.65879974365234	106.84469993591308	Y	Y	강한 상승추세	단기위험부채 존재
AMT	AMERICAN TOWER CORP /MA/	0001053507	S&P 500	제외	PEG=불리, PEGY=불리(<1)	164.77999877929688	5.4	2025	4.41	1474800000.0	4026000.0	1478826000.0	18294659000.0	3387800000.0	3652500000.0	52835100000.0	6.466020861215559	93.53397913878445	0.06913018050500519	-35.873241359595696	-43.1004401000945	37.15800743312825	38.49637757025766	106.10687022900764	12.230302192084208	7.337360126949077	220.71374045801528	32.96060438416842	23.174720253898155	1191.8541984732826	177.98726367450948	125.14348937105004	623.3002835918387	8.015089812509446	-24.054199357857264	3년	32.96060438416842	177.98726367450948	8.015089812509446	2.974241028071819	0.4478254713208473	0.3161461267289513	8.071559464711994	4.898385437860625	3년	0.4478254713208473	불리(<1)	3년	12.230302192084208	3.038192094482992	불리	N	주당순현금<=0	468757000.0	-0.13333407315341272	-6.470651816556405		-15.11436074381647	172.76480010986327	176.7319002532959	N	N	주의	단기위험부채 존재
WMT	Walmart Inc.	0000104169	S&P 500	제외	PEG=불리, PEGY=양호	107.19999694824219	2.73	2026	94.0	10727000000.0		10727000000.0	34624000000.0	6596000000.0	99617000000.0					-2.9789329344303166	-3.801171777611568	40.35858237460531	40.659768764049	13.278008298755179	-13.852054624316834	-10.485413986679248	35.05601659751036	-19.204109248633667	-12.470827973358496	95.70292531120327	-52.42721824876991	-34.04536036726869	-10.724880563746542	-148.9059885646103	-131.75873258998908	1년	35.05601659751036	95.70292531120327	-10.724880563746542	2.658121321086276	1.985895952235289	2.0693141606943644	1.8602592869608576	1.7353165484314517	3년	1.985895952235289	양호	1년	13.278008298755179	3.0395057350874644	불리	N	주당순현금<=0	8022000000.0	-4.464844645849164	-15.763008683996615		-20.119225494776483	108.67299987792968	118.2270496749878	N	N	주의	단기위험부채 존재
ZBRA	ZEBRA TECHNOLOGIES CORP	0000877212	S&P 500	제외	PEG=불리, PEGY=불리(<1)	385.7799987792969	8.18	2025	0.0	125000000.0	0.0	125000000.0	2361000000.0	141000000.0	3588000000.0	4914000000.0	42.201834862385326	57.798165137614674	0.7301587301587301	-43.66130504148459	-46.4145447601113	52.49893689740605	52.8355187700988	-19.64636542239686	-2.4059043989460127	17.195332607402314	-30.792730844793716	3.6881912021079746	42.89066521480463	-251.88453831041258	30.169404033243232	350.84564145710186	-165.29227515875303	-92.17963499178116	-9.05551283963294	5년	42.89066521480463	350.84564145710186	-9.05551283963294	-0.3742240621136764	-0.04582767844704466	0.32753677738285647	16.22654046935317	4.206164269971992	5년	0.3275367773828564	불리(<1)	5년	17.195332607402314	3.0530922603268573	불리	N	주당순현금<=0	51212395.0	41.49275900067102	74.45057422630852		0.0	355.6145983886719	268.40839950561525	Y	Y	강한 상승추세	단기위험부채 존재
DTE	DTE ENERGY CO	0000936340	S&P 500	제외	PEG=불리, PEGY=불리(<1)	128.22000122070312	7.03	2025	3.73	208000000.0		208000000.0	10982000000.0	882000000.0	12303000000.0					-52.04830917874396	-56.309178743961354	25.642718406749232	26.248816495684846	3.8404726735598333	8.394043095201798	37.69982747513958	16.180945347119668	25.288086190403597	83.89965495027916	113.75204579025127	177.77524591853728	589.8145743004625	-11.283696219553441	38.64860725787662	360.00200334207113	3년	25.288086190403597	177.77524591853728	38.64860725787662	0.29522894388479753	0.4728064670401995	1.615656609333398			3년	0.4728064670401995	불리(<1)	3년	8.394043095201798	3.0548709502584184	불리	N	주당순현금<=0 | FCF<=0	207000000.0	-14.101964526868683	-13.819060174273057		-16.972086186719448	134.00940002441405	140.9242498779297	N	N	주의	단기위험부채 존재
ALGN	ALIGN TECHNOLOGY INC	0001097149	S&P 500	보류	PEG=불리, PEGY=불리(<1)	141.4499969482422	5.65	2025	0.0	1094908000.0	318202000.0	1413110000.0			4049147000.0	2184546000.0	64.95582955400594	35.04417044599405	1.8535416512172322	19.467542844547307	19.467542844547307	21.589814885609712	21.589814885609712	0.533807829181499	7.016113370463617	-24.086097409967156	9.567615658362998	22.532226740927236	-39.67219481993431	54.05702846975094	127.3070810862389	-224.14790073262887	-61.78364818945108	-9.998526806033304	-258.46440831995676	3년	22.532226740927236	127.3070810862389	-9.998526806033304	0.024724984072804566	0.32497329910596295	-1.1156231555288274	6.761145092852813	4.779883519776091	3년	0.3249732991059629	불리(<1)	3년	7.016113370463617	3.0771758872224555	불리	Y		72588000.0	-20.609531120881698	-20.00791976274192		-28.383372547080643	159.10680084228517	170.10480010986328	N	N	주의	
NDAQ	NASDAQ, INC.	0001120193	S&P 500	제외	PEG=불리, PEGY=불리(<1)	92.2699966430664	3.09	2025	1.26	604000000.0	291000000.0	895000000.0	8573000000.0	431000000.0	12227000000.0	18821000000.0	39.38095851584643	60.61904148415357	0.6496466712714521	-13.270015025137837	-14.014919489299652	34.15534358194312	34.39641298782073	60.10362694300518	10.989871033323162	-11.180293383285411	128.70725388601036	30.479742066646324	-13.860586766570822	397.705414507772	94.18240298593713	-42.82921310870384	331.02354934100606	2.0726199332905537	-146.41726960756557	3년	30.479742066646324	94.18240298593713	2.0726199332905537	1.7966040012388058	0.3586516705338983	-0.2904463062854377	3.4376217615263296	3.72561166857336	3년	0.3586516705338983	불리(<1)	3년	10.989871033323162	3.1078930297160268	불리	N	주당순현금<=0	578597687.0	5.427331103966981	4.745147552444395		-8.625476752144646	94.89080047607422	90.64610008239747	N	Y	상승전환	단기위험부채 존재
AZO	AUTOZONE INC	0000866787	S&P 500	제외	PEG=불리, PEGY=불리(<1)	2898.570068359375	144.87	2025	0.0	271803000.0		271803000.0	8799775000.0	180910000.0	-3414313000.0					-494.51852710930706	-505.0091040881415	23.421609687779952	23.494023417184486	-3.1293881644934842	7.323782044011162	36.18199999564493	2.2412236710130315	23.147564088022325	80.86399999128986	324.6860732196579	3353.3876094317943	11714.767678738162	-88.79840522870526	15.691100451121809	304.1567877422008	3년	23.147564088022325	3353.3876094317943	15.691100451121809	-0.13361114826049802	0.31269336914244156	1.5448126955391377	103.80284140330531	3.58117412914772	3년	0.3126933691424415	불리(<1)	3년	7.323782044011162	3.1980211244724823	불리	N	주당순현금<=0	17245000.0	-3.7144631828067487	-16.345492533901883		-29.268151880164574	2957.1270166015624	3291.160400390625	N	N	주의	단기위험부채 존재
BAC	BANK OF AMERICA CORP /DE/	0000070858	S&P 500	제외	PEG=불리, PEGY=불리(<1)	54.09000015258789	3.81	2025	2.37	161560000000.0		161560000000.0	317816000000.0	45999000000.0	303243000000.0	3108495000000.0	8.888226469910645	91.11177353008935	0.09755299590316215	-20.343449335364344	-26.33220065356924	19.536338448281427	21.108189187967753	18.691588785046733	6.09903426261329	15.29664601415619	45.883177570093466	20.69806852522658	39.093292028312376	174.8149065420561	78.85964108111328	148.94544262787016	223.19265307617533	45.79338298881537	175.365949727667	3년	20.69806852522658	78.85964108111328	45.79338298881537	1.0780724771329646	0.4335016146978296	0.9042966808199563			3년	0.4335016146978296	불리(<1)	3년	6.09903426261329	3.203185554807914	불리	N	주당순현금<=0 | FCF<=0	7680900000.0	-8.708860501961368	4.259828525390863		-16.54065392660148	60.54839981079102	55.29609992980957	N	N	판정불가	단기위험부채 존재
ABT	ABBOTT LABORATORIES	0000001800	S&P 500	제외	PEG=불리, PEGY=불리(<1)	98.16000366210938	3.72	2025	2.52	8522000000.0	417000000.0	8939000000.0	9896000000.0	0.0	52130000000.0					-0.5474828375286042	-0.5474828375286042	26.53427056441881	26.53427056441881	-51.30890052356021	-1.6467472577444189	8.273103706617114	-94.11780104712042	5.206505484511163	25.046207413234228	-350.118219895288	19.368200402381525	93.17189157723134	-456.68113980565863	-80.26874523247616	-5.081613588818046	5년	25.046207413234228	93.17189157723134	-5.081613588818046	-1.8387127094793325	0.032910373026291954	0.40676089739923543	4.230549199084668	4.309850286525302	3년	0.0329103730262919	불리(<1)	5년	8.273103706617114	3.207293357533496	불리	N	주당순현금<=0	1748000000.0	3.9830530460316815	-5.214362711267039		-26.8935722509378	106.65240005493165	103.73759998321533	N	N	중립/개선	
ADM	Archer-Daniels-Midland Co	0000007084	S&P 500	제외	PEG=불리, PEGY=불리(<1)	82.20999908447266	2.23	2025	2.52	1015000000.0	433000000.0	1448000000.0	6606000000.0	798000000.0	22740000000.0					-10.65702479338843	-12.305785123966942	41.64440532639511	42.383759734726276	-38.9041095890411	-33.86721254408997	12.82075623743526	-69.3082191780822	-59.23442508817995	34.141512474870524	-154.5573287671233	-132.0927679466413	76.13557281896126	-288.00307807850976	-260.67725266717605	-7.388914162703952	5년	34.141512474870524	76.13557281896126	-7.388914162703952	-0.8736854159370137	-0.7527352665598384	0.368374962187585	8.685950413223141	10.565564420330583	5년	0.368374962187585	불리(<1)	5년	12.82075623743526	3.248201943407817	불리	N	주당순현금<=0	484000000.0	4.089637364209486	14.626321368133821		-6.674988645548141	81.79539978027344	74.64830018997192	Y	Y	강한 상승추세	단기위험부채 존재
DUK	Duke Energy CORP	0001326160	S&P 500	제외	PEG=불리, PEGY=불리(<1)	115.66000366210938	6.31	2025	3.81	245000000.0	44000000.0	289000000.0	80108000000.0	2624000000.0	51842000000.0					-102.72715572715573	-106.10424710424711	34.609692454717134	35.14488918642734	10.507880910683006			29.515761821366013			186.24445709281952			61.027538644142254			1년	29.515761821366013	186.24445709281952	61.027538644142254	0.413695698955324			-2.18018018018018	-1.8849905854658164	1년	0.413695698955324	불리(<1)	1년	10.507880910683006	3.293689065273916	불리	N	주당순현금<=0 | FCF<=0	777000000.0	-7.664057408908798	-12.1124632994834		-13.337331152635334	120.27099960327149	123.98950016021729	N	N	주의	단기위험부채 존재
PLD	Prologis, Inc.	0001045609	S&P 500	제외	PEG=불리, PEGY=불리(<1)	128.67999267578125	1.49	2025	3.34	1145647000.0		1145647000.0	35037073000.0		53193178000.0	40970248000.0	56.49027468478048	43.50972531521952	1.2983367345006065	-35.42045625564362	-35.42045625564362	110.13452948417776	110.13452948417776	8.759124087591232	33.234053078207104	31.425771273344495	26.018248175182464	74.96810615641421	71.35154254668899	38.76718978102187	111.70247817305717	106.31379839456659	-69.87317999100398	-13.193592997397952	-17.381252373527822	3년	74.96810615641421	111.70247817305717	-13.193592997397952	0.10985768173031897	0.332085252912997	0.31566640758508935			3년	0.332085252912997	불리(<1)	3년	33.234053078207104	3.313906047661619	불리	N	주당순현금<=0 | FCF<=0	956832000.0	-8.970011233603358	-6.3532572255766695		-14.247637765330678	137.92739990234375	137.92454998016356	N	N	주의	
KEY	KEYCORP /NEW/	0000091576	S&P 500	보류	PEG=불리, PEGY=불리(<1)	20.139999389648438	1.52	2025	4.06	1287000000.0	10163000000.0	11450000000.0	9917000000.0	343000000.0	20381000000.0	164000000000.0	11.053741979922009	88.94625802007799	0.12427439024390244	1.3835814995388063	1.074013036171676	12.339748611914231	12.543412074655764	575.0	-7.651730931537582	3.659228783256574	1158.5	-6.803461863075164	15.818457566513148	1760.92	-10.34126203187425	24.044055501099987	8643.396491387573	-151.34688354156282	19.384589025648925	5년	15.818457566513148	24.044055501099987	19.384589025648925	46.92640168057459	-0.2910700245602821	0.6255580260203624	1.8556057162764419	9.213534123691119	5년	0.6255580260203624	불리(<1)	5년	3.659228783256574	3.372226592766448	불리	Y		1107994000.0	-12.813856895845477	-5.401603928725907		-16.04835522384951	21.720000076293946	21.602850017547606	N	N	주의	단기위험부채 존재
SO	SOUTHERN CO	0000092122	S&P 500	제외	PEG=불리, PEGY=불리(<1)	85.44000244140625	3.92	2025	3.63	1639000000.0		1639000000.0		722000000.0	36016000000.0	116853000000.0	23.560041604249392	76.43995839575061	0.3082163059570572	1.477908025247971	0.8268710550045085	21.41890163677507	21.584982496531058	-1.754385964912288	6.338245126558739	5.994587569440402	4.991228070175424	21.17649025311748	20.489175138880803	19.565614035087663	83.01184179222051	80.31756654441274	-77.1001714934342	-2.841948244150561	-5.995360195016863	3년	21.17649025311748	83.01184179222051	-2.8419482441505606	0.08756817071643797	0.46539478520428945	0.4493501923047032	-2.6465284039675385	-3.0975284741857267	3년	0.4653947852042894	불리(<1)	3년	6.338245126558739	3.379311025227603	불리	N	FCF<=0	1109000000.0	-10.22380573157774	-12.071622875966948		-14.320094870127386	88.83919982910156	92.1480499267578	N	N	주의	단기위험부채 존재
RTX	RTX Corp	0000101829	S&P 500	제외	PEG=불리, PEGY=불리(<1)	183.2899932861328	4.96	2025	1.58	7435000000.0	750000000.0	8185000000.0	41078000000.0	204000000.0	65245000000.0	103941000000.0	38.56406558462284	61.43593441537716	0.627711875006013	-24.250221173695074	-24.40061928634621	41.8427851733524	41.87310737348367	39.718309859154935	12.323650810265118	122.97071854507217	87.93661971830987	33.147301620530236	254.44143709014435	436.16563380281696	164.41061603782998	1262.0295279671159	137.96478246464966	-10.30027712360181	588.5425141551343	3년	33.147301620530236	164.41061603782998	-10.30027712360181	0.986987593872116	0.3322831105210383	2.9766354708240685	5.853730462990268	3.1936988801412896	3년	0.3322831105210383	불리(<1)	3년	12.323650810265118	3.3953238222636912	불리	N	주당순현금<=0	1356400000.0	-6.101436397700022	-9.922352499181686		-18.714803840079984	205.25599914550781	194.96504959106446	N	N	주의	단기위험부채 존재
CAT	CATERPILLAR INC	0000018230	S&P 500	제외	PEG=불리, PEGY=양호	863.4400024414062	18.81	2025	77.0	9980000000.0		9980000000.0	30696000000.0	5514000000.0	21318000000.0	77267000000.0	21.623979307196837	78.37602069280317	0.2759004490921092	-43.8619521490578	-55.53673512597925	48.2350853051815	48.855754256639315	-14.693877551020417	14.168748532167829	67.65638212373489	-20.887755102040835	36.83749706433566	143.81276424746977	-392.8986734693881	692.9133197801536	2705.1180954949064	-145.50387662819114	-19.74968523337841	213.2954331332915	3년	36.83749706433566	692.9133197801536	-19.74968523337841	1.2917178865709718	1.8900919933145492	2.9989867584663656	18.882066483167478	2.1868417527306803	3년	1.8900919933145488	양호	3년	14.168748532167829	3.404329267025356	불리	N	주당순현금<=0	472300000.0	-7.987085437509778	11.905438621651898		-18.918209912099982	822.4398010253906	797.8988491821289	Y	Y	강한 상승추세	단기위험부채 존재
CARR	CARRIER GLOBAL Corp	0001783180	S&P 500	제외	PEG=불리, PEGY=불리(<1)	55.72999954223633	1.72	2025	1.72	1555000000.0		1555000000.0	11365000000.0	325000000.0	14128000000.0	23062000000.0	37.98870664157031	62.01129335842969	0.612609487468563	-11.375231910946196	-11.75208719851577	39.014669449524725	39.23377136090238	-72.03252032520325	-25.140280284035853	11.456573996486764	-135.5650406504065	-41.78056056807171	31.413147992973528	-233.17186991869917	-71.86256417708333	54.03061454791447	-518.3956070948542	-228.94772073812877	-3.049318155895442	5년	31.413147992973528	54.03061454791447	-3.049318155895442	-1.8022072547909231	-0.6002942127790131	0.337733836590208			5년	0.337733836590208	불리(<1)	5년	11.456573996486764	3.405439484918339	불리	N	주당순현금<=0 | FCF<=0	862400000.0	-16.49685147429423	0.5230896874294455		-26.671053233899567	59.22860000610351	61.63629997253418	N	N	판정불가	단기위험부채 존재
GEHC	GE HealthCare Technologies Inc.	0001932393	S&P 500	제외	PEG=불리, PEGY=양호	65.73999786376953	4.55	2025	24.0	4492000000.0		4492000000.0	9495000000.0	508000000.0	10379000000.0	26307000000.0	28.291446328299624	71.70855367170039	0.3945337742806097	-10.923580786026202	-12.032751091703057	16.849138164790272	17.092911858345627	4.838709677419354			18.177419354838708			82.70725806451613			25.809645196379826			1년	18.177419354838708	82.70725806451613	25.809645196379826	1.7115836664977766					1년	1.7115836664977766	양호	1년	4.838709677419354	3.4821552207233237	불리	N	주당순현금<=0 | FCF<=0	458000000.0	1.638833570798437	-5.722078446977896		-25.431040003433925	68.82109977722168	71.19495002746582	N	N	중립/개선	단기위험부채 존재
CTAS	CINTAS CORP	0000723254	S&P 500	제외	PEG=불리, PEGY=불리(<1)	195.9600067138672	4.91	2026	1.06	289018000.0	0.0	289018000.0	1429086000.0	0.0	5139887000.0					-2.8066873955248317	-2.8066873955248317	40.482015093562524	40.482015093562524	11.590909090909085	-27.696811943297327	-13.671080138691515	31.68181818181817	-46.89362388659465	-18.84216027738303	155.55772727272722	-230.24769328317976	-92.51500696195068	-20.617614848387777	-217.4972879131292	-147.2111674792078	1년	31.68181818181817	155.55772727272722	-20.617614848387777	0.3125069011922986	-0.6579912556658557	-0.311523033365425	4.631188807401335	2.3633336643857175	1년	0.3125069011922986	불리(<1)	1년	11.590909090909085	3.492566008072062	불리	N	주당순현금<=0	406197000.0	10.28195397683418	12.24011158956575		-9.499834748715863	201.17319946289064	188.16644989013673	N	Y	상승전환	
SHW	SHERWIN WILLIAMS CO	0000089800	S&P 500	제외	PEG=불리, PEGY=안심	321.1600036621094	10.26	2025	100.0	207200000.0		207200000.0	9320700000.0	1200500000.0	4598300000.0					-36.39576677316294	-41.19009584664537	34.84949029583551	35.316773831262644	-2.7488151658767856	9.945304600039684	18.130624645897143	3.0023696682464287	28.390609200079368	44.761249291794286	30.804312796208357	291.2876503928143	459.25041773380934	-90.40842183181147	-9.301392741520695	42.997388372489894	3년	28.390609200079368	291.2876503928143	-9.301392741520697	2.790605659037276	3.1548611950051413	3.389737515329275	13.284496805111822	4.136410715416595	3년	3.1548611950051413	안심	3년	9.945304600039684	3.50411492632377	불리	N	주당순현금<=0	250400000.0	-3.273799101632646	-4.322700624179776		-13.805690176804564	338.90040100097656	333.1635998535156	N	N	주의	단기위험부채 존재
PM	Philip Morris International Inc.	0001413329	S&P 500	제외	PEG=불리, PEGY=불리(<1)	190.39999389648438	7.26	2025	3.38	4872000000.0		4872000000.0	14828000000.0	168000000.0	-9994000000.0	77213000000.0	-14.867820110385457	114.86782011038545	-0.12943416264100605	-6.390243902439025	-6.498074454428755	27.10609336073325	27.120946053844783	60.61946902654868	7.709372585660357	41.71851076645543	129.73893805309734	23.918745171320715	91.93702153291086	941.9046902654867	173.6500899437884	667.4627763289328	394.6978573841637	-8.797218744556512	250.55819208261914	3년	23.918745171320715	173.6500899437884	-8.797218744556512	2.3610731422942837	0.409109953178453	1.6637775929668481	6.844672657252889	3.594891216737204	3년	0.409109953178453	불리(<1)	3년	7.709372585660357	3.515992132894358	불리	N	주당순현금<=0	1558000000.0	5.0946601649418	18.304952782515137		-4.880853455478862	189.8079998779297	178.2197499847412	Y	Y	강한 상승추세	단기위험부채 존재
AEE	AMEREN CORP	0001002910	S&P 500	제외	PEG=불리, PEGY=불리(<1)	101.68000030517578	5.35	2025	3.01	13000000.0		13000000.0	18214000000.0	643000000.0	13401000000.0					-66.8662747979427	-69.22850844966936	31.503976654788506	31.945515655111244	21.04072398190045	8.922553391323573	8.85719705051664	50.5814479638009	26.345106782647147	26.21439410103328	270.61074660633477	140.94632128716222	140.24700844052805	166.1396005056463	38.61754608982597	37.92978758811933	3년	26.345106782647147	140.94632128716222	38.61754608982597	0.763418670774212	0.37876340254048096	0.3766888599669167	-2.8471711976487875	-2.8001290215415735	3년	0.3787634025404809	불리(<1)	3년	8.922553391323573	3.530825232766156	불리	N	주당순현금<=0 | FCF<=0	272200000.0	-9.027464114643102	-9.90607854396055		-14.063555977490704	105.55900009155273	107.87284976959228	N	N	주의	단기위험부채 존재
TFC	TRUIST FINANCIAL CORP	0000092230	S&P 500	제외	PEG=불리, PEGY=불리(<1)	46.25	3.82	2025	4.49	20295000000.0		20295000000.0	41963000000.0	27839000000.0	65189000000.0	482349000000.0	11.9058403252377	88.0941596747623	0.1351490310957419	-16.633146541797803	-38.00337760036847	16.461556686334504	22.05585801056766	13.69047619047619	-4.818353706579703	4.400488140687586	35.88095238095238	-1.1367074131594066	17.30097628137517	137.06523809523807	-4.3422223182689335	66.08972939485315	196.3572715572715	-109.38858879625715	42.89671220508788	5년	17.30097628137517	66.08972939485315	42.89671220508788	1.1044202281044686	-0.01994669840989489	0.5400757844528756	3.9725186151838487	8.58922943823535	5년	0.5400757844528756	불리(<1)	5년	4.400488140687586	3.740847869609836	불리	N	주당순현금<=0	1302700000.0	-9.96690488289429	-6.167581373628428		-17.129548715377997	50.16199996948242	49.76315000534058	N	N	주의	단기위험부채 존재
MKC	MCCORMICK & CO INC	0000063754	S&P 500	제외	PEG=불리, PEGY=불리(<1)	45.400001525878906	2.93	2025	4.22	95900000.0		95900000.0	3105800000.0	381400000.0	5736500000.0	7432300000.0	43.56129639754571	56.43870360245429	0.7718337526741386	-11.17260579064588	-12.588344469190794	19.30805710461597	19.791244366917986	0.34246575342466545	5.153167622194932	31.68223228750233	9.184931506849331	18.806335244389864	71.86446457500466	26.91184931506854	55.10256226606231	210.56288120476367	-40.72280085777476	21.37127844511799	363.7948769335143	3년	18.806335244389864	55.10256226606231	21.37127844511799	0.236298542556823	0.4854536927982304	1.8594430342201131	2.599109131403118	5.724909788651821	3년	0.4854536927982304	불리(<1)	3년	5.153167622194932	3.746832728952047	불리	N	주당순현금<=0	269400000.0	-11.913075825729468	-10.116802544964298		-36.63642629584438	51.48940010070801	55.277049980163575	N	N	주의	단기위험부채 존재
CPAY	CORPAY, INC.	0001175454	S&P 500	보류	PEG=불리, PEGY=불리(<1)	406.7900085449219	15.03	2025	0.0	2408097000.0		2408097000.0	474939000.0	3345530000.0	3883864000.0					27.205353373300685	-19.876326381266008	25.25513341128551	28.387647034343836	7.587687902648523	6.564477917470324	43.85131319574005	23.675375805297044	21.628955834940648	96.2026263914801	355.84089835361453	325.0832061991579	1445.9254746639458	-12.524670990212151	-20.085744642064157	255.44763742747435	3년	21.628955834940648	325.0832061991579	-20.085744642064153	0.30044141042857797	0.2599264795226511	1.736332668753381	18.282881589687296	4.494427396357331	3년	0.2599264795226511	불리(<1)	3년	6.564477917470324	3.847241734803152	불리	Y		71058000.0	15.841782749364697	33.847719982957884		-4.338722159993525	402.85100036621094	347.6692497253418	Y	Y	강한 상승추세	단기위험부채 존재
IQV	IQVIA HOLDINGS INC.	0001478242	S&P 500	제외	PEG=불리, PEGY=불리(<1)	266.0899963378906	7.84	2025	0.0	1980000000.0	46000000.0	2026000000.0	13884000000.0	1840000000.0	6503000000.0	23314000000.0	21.80970587248885	78.19029412751115	0.27893111435189155	-68.34582132564842	-78.95100864553314	42.65762980402284	44.01033226829385	4.672897196261677	11.081058953610356	66.64690241687414	17.845794392523352	30.66211790722071	141.79380483374828	139.9110280373831	240.39100439261037	1111.6634298965864	-47.419658776003345	-9.658007553446978	317.7772352196797	3년	30.66211790722071	240.39100439261037	-9.658007553446978	0.10954422966606077	0.259767338328895	1.5623676871655205			3년	0.259767338328895	불리(<1)	3년	11.081058953610356	3.849598669459693	불리	N	주당순현금<=0 | FCF<=0	173500000.0	30.570688014246628	55.95475556961021		-3.2470340457097846	254.95619995117187	206.0547996520996	Y	Y	강한 상승추세	단기위험부채 존재
ADSK	Autodesk, Inc.	0000769397	S&P 500	보류	PEG=불리, PEGY=불리(<1)	231.27999877929688	5.23	2026	0.0	2249000000.0	348000000.0	2597000000.0	2500000000.0		3045000000.0					0.4511627906976744	0.4511627906976744	44.13553269380481	44.13553269380481	2.148437500000006	11.430299124308885	4.988943736048346	12.796875000000012	31.36059824861777	18.47788747209669	66.92765625000007	164.01592884027096	96.6393514790657	-71.06206476857214	-29.083392551905828	-58.215430651534405	3년	31.36059824861777	164.01592884027096	-29.083392551905828	0.04867818215552153	0.25898178693362245	0.11303689865169862	11.204651162790698	4.844626090422518	3년	0.2589817869336224	불리(<1)	3년	11.430299124308885	3.8612753886677833	불리	Y		215000000.0	10.883112833908548	-3.893619511670554		-26.388492000973642	233.75459930419922	238.29569969177246	N	N	중립/개선	
CHTR	CHARTER COMMUNICATIONS, INC. /MO/	0001091667	S&P 500	제외	PEG=불리, PEGY=불리(<1)	108.63999938964844	36.21	2025	0.0	477000000.0		477000000.0	94006000000.0	750000000.0	16054000000.0					-679.0075792662888	-684.4524753354194	21.752211506653886	21.902581461614687	3.545896482699463	5.610772798941088	43.025880490420356	15.591792965398927	19.721545597882177	94.55176098084071	564.5788232770951	714.1171660993136	3423.7192651162422	419.678595774081	557.3243465678415	3051.4352764645405	3년	19.721545597882177	714.1171660993136	557.3243465678415	0.16301314841549752	0.2579403384904005	1.978000281822332	32.07406777789203	29.523258429756723	3년	0.2579403384904005	불리(<1)	3년	5.610772798941088	3.876865502513156	불리	N	주당순현금<=0	137743676.0	-19.136587678349514	-50.9813666939672		-60.70602030067893	139.48720108032228	173.8686503601074	N	N	주의	단기위험부채 존재
WMB	WILLIAMS COMPANIES, INC.	0000107263	S&P 500	보류	PEG=불리, PEGY=불리(<1)	72.38999938964844	2.14	2025	2.97	152000000.0		152000000.0		700000000.0	12807000000.0					0.12408163265306123	-0.4473469387755102	33.7691204471941	34.036143144123336	17.582417582417587	8.61732445982799	65.95600451405528	43.664835164835175	25.73464891965598	140.41200902811056	93.44274725274728	55.072148688063805	300.4816993201566	29.082398177377698	-23.922987771237693	315.08730743700573	3년	25.73464891965598	55.072148688063805	-23.922987771237693	0.6086157208197379	0.343133735980701	2.0410956400785496	0.8204081632653061	1.1333169915492805	3년	0.343133735980701	불리(<1)	3년	8.61732445982799	3.918747704652189	불리	Y		1225000000.0	-4.055662932223669	-0.8492024769772732		-8.82871788603895	72.0774005126953	71.29529998779297	Y	Y	중립/개선	단기위험부채 존재
PWR	QUANTA SERVICES, INC.	0001050915	S&P 500	제외	PEG=불리, PEGY=불리(<1)	719.5599975585938	6.8	2025	6.0	439508000.0		439508000.0	1040532000.0	0.0	8938249000.0	15899027000.0	35.98723547622533	64.01276452377466	0.5621884282604213	-3.972635516983826	-3.972635516983826	106.401857805232	106.401857805232	12.769485903814253	26.99606847284017	17.23954045081646	34.038971807628506	62.49213694568034	42.97908090163292	231.46500829187383	424.9465312306263	292.2577501311038	-67.83242410956487	-40.94355819216828	-59.38382468137339	3년	62.49213694568034	424.9465312306263	-40.943558192168275	0.17640186262698243	0.31010801083228534	0.21841291994502865	10.713234759503209	1.488859135562331	3년	0.3101080108322853	불리(<1)	3년	26.99606847284017	3.941383461531789	불리	N	주당순현금<=0	151291000.0	7.69115883126219	24.871582978114027		-8.36432090731617	646.1758020019531	608.4036012268066	Y	Y	강한 상승추세	
EQIX	EQUINIX INC	0001101239	S&P 500	제외	PEG=불리, PEGY=불리(<1)	1047.3599853515625	13.76	2025	2.02	1727000000.0	1500000000.0	3227000000.0	15334000000.0	1299000000.0	14156000000.0	25963000000.0	35.28502704454249	64.71497295545751	0.5452374532989254	-123.38595436340104	-136.62444075293254	85.08328050254094	86.04537980410575	61.882352941176464	21.50878828113374	89.03782666520712	132.26470588235293	51.51757656226748	186.57565333041424	1819.9623529411763	708.8818534968005	2567.2809898265	73.76664932738268	-32.31726785333952	145.11925467199825	3년	51.51757656226748	708.8818534968005	-32.317267853339516	0.751056524428064	0.2765383297654005	1.0702199789121642	39.70668446745411	3.7911210111894764	3년	0.2765383297654005	불리(<1)	3년	21.50878828113374	3.955744944366348	불리	N	주당순현금<=0	98123000.0	1.206913940234644	2.918461272998618		-6.145488077814165	1042.6229931640626	990.337998046875	Y	Y	강한 상승추세	단기위험부채 존재
YUM	YUM BRANDS INC	0001041061	S&P 500	제외	PEG=불리, PEGY=불리(<1)	139.83999633789062	5.55	2025	2.19	709000000.0	0.0	709000000.0	2884000000.0	38000000.0	-7926000000.0	15521000000.0	-104.35813034891378	204.35813034891373	-0.5106629727466013	-7.740213523131673	-7.875444839857651	26.5910288037878	26.615394806801493	6.321839080459772	6.690461655968871	38.731105019357614	21.143678160919542	21.880923311937742	85.96221003871523	117.34741379310346	121.43912438125447	477.0902657148695	-16.084513110568956	-13.158518620219894	241.1686772088384	3년	21.880923311937742	121.43912438125447	-13.158518620219894	0.32010190892829576	0.33396457585363826	1.5389064229635425	5.832740213523132	4.171009987321281	3년	0.3339645758536382	불리(<1)	3년	6.690461655968871	3.974468455411401	불리	N	주당순현금<=0	281000000.0	-13.886324980918296	-12.834256235055552		-16.841107699499858	146.2668002319336	153.83810012817383	N	N	주의	단기위험부채 존재
BMY	BRISTOL MYERS SQUIBB CO	0000014272	S&P 500	제외	PEG=불리, PEGY=불리(<1)	59.59000015258789	3.46	2025	4.29	10209000000.0	130000000.0	10339000000.0	42850000000.0	2261000000.0	18473000000.0	71533000000.0	20.524187276403797	79.4758127235962	0.25824444661904294	-15.944580676802355	-17.053457577243748	21.830803707916257	22.151288361223017	178.4580498866213	5.459253851176027		365.4160997732426	19.418507702352052		1264.3397052154194	67.1880366501381		2021.7313340793996	12.750522701954116		3년	19.418507702352052	67.1880366501381	12.750522701954115	8.371109572129653	0.4465824520991303		6.299656694458068	10.571667525301196	3년	0.4465824520991303	불리(<1)	3년	5.459253851176027	3.998862171103014	불리	N	주당순현금<=0	2039000000.0	2.8477762599018908	0.6587827442944727		-12.48347281900597	64.38160011291504	59.44930002212524	N	Y	상승전환	단기위험부채 존재
OTIS	Otis Worldwide Corp	0001781335	S&P 500	제외	PEG=불리, PEGY=불리(<1)	65.87999725341797	3.5	2025	2.67	1096000000.0		1096000000.0	6900000000.0	215000000.0	-5392000000.0	15924000000.0	-51.196353968856826	151.1963539688568	-0.33860838985179603	-14.697391744745506	-15.24183337553811	23.02211114233242	23.17766589398745	-14.00491400491401	5.744740983915486	43.261010500751794	-19.50982800982802	19.989481967830972	95.02202100150359	-68.28439803439807	69.9631868874084	332.57707350526255	-203.6496673971178	6.197920164270476	404.82253699245246	3년	19.989481967830972	69.9631868874084	6.197920164270476	-0.49234902632676825	0.3655069221016266	1.9950824760069517			3년	0.3655069221016266	불리(<1)	3년	5.744740983915486	4.007510731430935	불리	N	주당순현금<=0 | FCF<=0	394900000.0	-8.588875353985593	-15.353982136061816		-29.63042584847266	70.29079986572266	77.9648997116089	N	N	주의	단기위험부채 존재
UBER	Uber Technologies, Inc	0001543151	S&P 500	제외	PEG=불리, PEGY=불리(<1)	69.4800033569336	4.73	2025	0.0	7105000000.0	528000000.0	7633000000.0	10521000000.0	0.0	27041000000.0	33719000000.0	44.504608294930875	55.49539170506912	0.8019514220469172	-1.362464021844714	-1.362464021844714	14.977265830608522	14.977265830608522	3.728070175438615			15.95614035087723			75.4725438596493			8.624841987889308			1년	15.95614035087723	75.4725438596493	8.624841987889308	0.24891527049080525			4.605864350855243	6.629050271045521	1년	0.2489152704908052	불리(<1)	1년	3.728070175438615	4.017431305151442	불리	N	주당순현금<=0	2119689000.0	-5.59781956875468	-3.1367627139285648		-30.32490723384721	73.10419982910156	74.67615005493164	N	N	주의	
MAR	MARRIOTT INTERNATIONAL INC /MD/	0001048286	S&P 500	제외	PEG=불리, PEGY=안심	361.2799987792969	9.51	2025	82.0	358000000.0		358000000.0	1816000000.0	355000000.0	-3771000000.0					-5.328947368421052	-6.626461988304094	38.54983660859284	38.686273477139956	14.1656662665066	9.516775967882673		36.831332533013196	27.533551935765345		350.2659723889555	261.8440789091284		-3.0486122751206435	-27.523228577874605		3년	27.533551935765345	261.8440789091284	-27.523228577874605	2.494580385460598	2.373986092264873		8.998538011695906	2.49073794345118	3년	2.373986092264873	안심	3년	9.516775967882673	4.050724398545398	불리	N	주당순현금<=0	273600000.0	-3.0042694457897423	3.643356674580156		-10.24991526054001	351.08900146484376	349.88340057373046	Y	Y	강한 상승추세	단기위험부채 존재
LOW	LOWES COMPANIES INC	0000060667	S&P 500	제외	PEG=불리, PEGY=불리(<1)	183.6699981689453	11.85	2025	2.79	982000000.0	370000000.0	1352000000.0	39819000000.0	0.0	-9917000000.0	64061000000.0	-18.31597222222222	118.31597222222223	-0.15480557593543653	-68.69107142857143	-68.69107142857143	21.296292793039388	21.296292793039388	-3.1071136549468585	5.228278564465261	8.863759852581033	2.285772690106283	18.95655712893052	26.227519705162067	27.086406377759452	224.63520197782665	310.79610850617047	-85.25267782011706	22.303699143722035	69.21441259028633	3년	18.95655712893052	224.63520197782665	22.303699143722035	-0.014890556681795147	0.37651053365898524	0.5472201178784516	13.6625	7.438612803509049	3년	0.3765105336589852	불리(<1)	3년	5.228278564465261	4.073289617309734	불리	N	주당순현금<=0	560000000.0	-13.769953911293275	-24.620374534818612		-36.090334107944656	203.9420004272461	230.94925064086914	N	N	주의	
WM	WASTE MANAGEMENT INC	0000823768	S&P 500	보류	PEG=불리, PEGY=불리(<1)	207.8800048828125	6.7	2025	1.83	201000000.0	177000000.0	378000000.0		743000000.0	9990000000.0	35844000000.0	21.7960466029585	78.20395339704149	0.2787077335118848	0.9351806036615536	-0.9030183077684315	30.88728720584342	31.161645252325513	-1.6152716593245144	7.521507767680924	13.738220149762249	5.269456681350971	23.543015535361846	35.9764402995245	35.305359765051506	157.73820408692438	241.04215000681415	-83.01647155292588	-24.12055013379203	15.952542017062221	3년	23.543015535361846	157.73820408692438	-24.12055013379203	0.006951997410600119	0.3027623535003021	0.5040332628116648	8.000989609104403	3.8488500198057887	3년	0.3027623535003021	불리(<1)	3년	7.521507767680924	4.106528658863138	불리	Y		404200000.0	-10.268914177132238	-10.175858159387662		-15.67076000358768	218.58800109863282	224.71840003967284	N	N	주의	단기위험부채 존재
SNA	Snap-on Inc	0000091440	S&P 500	제외	PEG=불리, PEGY=불리(<1)	368.6099853515625	19.19	2025	2.66	1624500000.0		1624500000.0	1186400000.0	193600000.0	5931800000.0	2455500000.0	70.72359400522218	29.27640599477782	2.415719812665445	8.266037735849057	4.613207547169812	18.77769398727011	18.96804470059368	-1.6401845207585868	4.491988613427633	38.10274863898202	5.219630958482826	17.483977226855266	84.70549727796404	100.16471809328544	335.5175229833526	1625.49849276413	-72.8263687708424	-8.977635897911963	340.9805912375943	3년	17.483977226855266	335.5175229833526	-8.977635897911963	0.054309942420660014	0.38087683281430373	2.170806951408206			3년	0.3808768328143037	불리(<1)	3년	4.491988613427633	4.180263042328083	불리	N	FCF<=0	53000000.0	-7.85441429983088	-3.1553806735579615		-12.091295819853787	388.6737982177734	379.58764938354494	N	N	주의	단기위험부채 존재
BEN	FRANKLIN TEMPLETON INC	0000038777	S&P 500	보류	PEG=불리, PEGY=불리(<1)	32.439998626708984	0.91	2025	4.01	4647200000.0	58700000.0	4705900000.0	1850750000.0	0.0	12077800000.0	18179500000.0	39.916978712575144	60.083021287424856	0.6643637063725625	5.518264398917665	5.518264398917665	29.584323327243208	29.584323327243208	7.058823529411772	-28.882967962082805	-10.560604841265263	22.617647058823543	-49.26593592416561	-12.621209682530527	20.582058823529426	-44.83200169099071	-11.48530081110278	-36.55345346844898	-238.199764453994	-135.40475122476278	1년	22.617647058823543	20.582058823529426	-36.55345346844898	0.37414489447588156	-0.8407482465275156	-0.22142148626509336	1.761886354851179	5.431215873728664	1년	0.3741448944758815	불리(<1)	1년	7.058823529411772	4.1911124713594505	불리	Y		517400000.0	-3.6817151639878087	30.385850968450946		-9.309482215373944	33.65080001831055	29.620850048065186	N	Y	중립/개선	
DELL	Dell Technologies Inc.	0001571996	S&P 500	제외	PEG=불리, PEGY=불리(<1)	552.2899780273438	8.68	2026	46.0	11528000000.0	2187000000.0	13715000000.0	23513000000.0		-2470000000.0	103756000000.0	-2.438639101159094	102.43863910115908	-0.023805852191680483	-14.324561403508772	-14.324561403508772	65.27817274548993	65.27817274548993	303.72093023255815		15.515817208402405	615.9418604651163		39.531634416804806	5346.3753488372095		343.13458673786573	868.0377268356862		-37.87057517077067	5년	39.531634416804806	343.13458673786573	-37.87057517077067	5.3573946010417455		0.9423642639055416	12.502923976608187	2.2638332169752267	5년	0.9423642639055416	불리(<1)	5년	15.515817208402405	4.207201713496555	불리	N	주당순현금<=0	684000000.0	27.853780694638196	210.8165740554046		-6.136989274036431	491.252001953125	295.2395499420166	Y	Y	강한 상승추세	
COST	COSTCO WHOLESALE CORP /NEW	0000909832	S&P 500	보류	PEG=불리, PEGY=양호	935.6799926757812	18.21	2025	64.0	14161000000.0	1123000000.0	15284000000.0	5713000000.0	36000000.0	29164000000.0	47935000000.0	37.82669035914863	62.17330964085137	0.6084072181078544	21.517390844935846	21.436456139009852	50.20113134710848	50.20557586692869	9.963768115942043	11.49058481522638	42.2175267261373	28.427536231884087	31.481169630452758	92.9350534522746	517.6654347826093	573.2720989705448	1692.3473233659206	-44.67494882494688	-38.73203408665948	80.86817465512797	3년	31.481169630452758	573.2720989705448	-38.732034086659475	1.473348630422893	1.5037626202735876	2.1158393023398525	17.619035842833792	1.8830194062874328	3년	1.5037626202735876	양호	3년	11.490584815226379	4.3688926329133455	불리	Y		444803000.0	2.487488384219927	-9.181090885135635		-14.496670206116924	932.5807983398438	962.1007476806641	Y	N	중립/개선	단기위험부채 존재
TER	TERADYNE, INC	0000097210	S&P 500	보류	PEG=불리, PEGY=불리(<1)	430.32000732421875	3.47	2025	12.0	293751000.0	586882000.0	880633000.0	171059000.0	200000000.0	2795752000.0	1387847000.0	66.82648121868276	33.173518781317235	2.014452601763739	4.442639886300315	3.190440711499571	122.7312298091984	123.09209412470294	4.518072289156637	-6.31450812985902	27.007110355932152	17.536144578313277	-4.129016259718039	62.514220711864304	60.850421686747076	-14.327686421221596	216.92434587016916	-85.85926272284613	-103.32954224236816	-49.58999298707242	5년	62.514220711864304	216.92434587016916	-49.58999298707242	0.1345873606484358	0.04632473640963115	0.3178254663998215	2.819990107626519	0.6553239588281183	3년	0.0463247364096311	불리(<1)	5년	27.007110355932152	4.544404350991231	불리	Y		159719000.0	18.627155706194	20.103825689090037		-11.061505749577616	378.73360046386716	337.54774925231936	Y	Y	강한 상승추세	단기위험부채 존재
ED	CONSOLIDATED EDISON INC	0001047862	S&P 500	제외	PEG=불리, PEGY=불리(<1)	105.12000274658203	5.64	2025	3.4	1629000000.0		1629000000.0	25551000000.0	400000000.0	24190000000.0					-66.69082798996376	-67.80596598829105	30.462913251160604	30.660632754410123	7.633587786259531	6.569042175811535	11.45025129540247	23.76717557251906	21.63808435162307	31.40050259080494	134.0468702290075	122.03879574315411	177.09883461213985	27.51794779929839	16.09474177560577	68.47301178166893	3년	21.63808435162307	122.03879574315411	16.09474177560577	0.36219739377156135	0.3272517665536051	0.4874862483756931	0.9339280735991079	0.888439925035556	3년	0.3272517665536051	불리(<1)	3년	6.569042175811535	4.637344750705188	불리	N	주당순현금<=0	358700000.0	-4.670349191316669	-7.440342494451269		-8.955479317409043	106.74339981079102	107.9450997543335	N	N	주의	단기위험부채 존재
CMS	CMS ENERGY CORP	0000811156	S&P 500	제외	PEG=불리, PEGY=불리(<1)	65.06999969482422	3.53	2025	3.56	509000000.0		509000000.0	17807000000.0	950000000.0	9144000000.0					-57.46843853820598	-60.62458471760797	34.71343859292641	35.60753099502329	6.006006006005998	7.393158422805435	45.03820062775774	20.512012012011994	23.28631684561087	98.57640125551548	72.40740240240234	82.20069846500637	347.9746964319696	11.276168344844418	26.32656961814117	434.7697834085715	3년	23.28631684561087	82.20069846500637	26.32656961814117	0.2755706836820041	0.31553078193289014	1.3999823295425606	-0.46179401993355484	-0.7096880622396664	3년	0.3155307819328901	불리(<1)	3년	7.393158422805435	4.695346238739724	불리	N	주당순현금<=0 | FCF<=0	301000000.0	-13.240000406901043	-17.44481102922778		-18.601453956023228	68.02699935913085	72.77449966430665	N	N	주의	단기위험부채 존재
AME	AMETEK INC/	0001037868	S&P 500	제외	PEG=불리, PEGY=양호	253.72000122070312	6.4	2025	54.0	457951000.0	4563000.0	462514000.0	1074334000.0	273315000.0	10628786000.0	5438757000.0	66.1506616164027	33.84933838359729	1.9542674916345775	-2.6456051440160167	-3.8274618501334	40.057125994487365	40.2417911048182	7.925801011804396	8.504416556765815	11.164911034441637	24.35160202360879	25.50883311353163	30.829822068883274	155.85025295109628	163.25653192660243	197.31086124085297	-38.57391920177117	-35.65484347267102	-22.23283135285089	3년	25.50883311353163	163.25653192660243	-35.65484347267102	1.545937195302693	1.5603819546456636	1.6267994624329662	7.227891671243065	2.8487670016033726	3년	1.5603819546456636	양호	3년	8.504416556765815	4.710155685238551	불리	N	주당순현금<=0	231259000.0	8.89737552632801	10.078526258800412		-1.8567182411240557	244.24719970703126	230.78564979553224	Y	Y	강한 상승추세	단기위험부채 존재
KMI	KINDER MORGAN, INC.	0001506307	S&P 500	제외	PEG=불리, PEGY=불리(<1)	32.15999984741211	1.37	2025	3.76	63000000.0	0.0	63000000.0	30777000000.0	1000000000.0	31162000000.0	40299000000.0	43.60700242090091	56.39299757909909	0.7732698081838258	-13.816464237516868	-14.266306792622583	33.55946283571458	33.887815065718755	17.09401709401711	6.94673115572082		42.68803418803422	22.39346231144164		58.48260683760689	30.679043366675046		81.84890272103947	-4.604964203245276		3년	22.39346231144164	30.679043366675046	-4.604964203245276	0.6214049729015297	0.31903762012324366		1.3004948268106162	4.043827216980743	3년	0.3190376201232436	불리(<1)	3년	6.94673115572082	4.830971874890747	불리	N	주당순현금<=0	2223000000.0	-0.7407458863083694	-2.4271822186955783		-6.266398833643294	31.452800102233887	31.51275013923645	Y	Y	중립/개선	단기위험부채 존재
HLT	Hilton Worldwide Holdings Inc.	0001585689	S&P 500	보류	PEG=불리, PEGY=불리(<1)	316.1199951171875	6.12	2025	19.0	918000000.0		918000000.0		46000000.0	-5388000000.0	22120000000.0	-32.201769065264166	132.2017690652642	-0.24358047016274864	3.857142857142857	3.6638655462184873	51.023341872556315	51.05492313251128	-0.3257328990227944	10.548046712372283		7.848534201954411	29.596093424744566		48.033029315960995	181.12809175943676		-84.80544411682821	-42.70274118779119		3년	29.596093424744566	181.12809175943676	-42.70274118779119	0.3659945902332486	0.5791084164219583		8.521008403361344	2.6954980814176457	3년	0.5791084164219583	불리(<1)	3년	10.548046712372283	4.837231315321037	불리	Y		238000000.0	-5.106117586618697	4.620065953761676		-9.73673861705755	317.4331994628906	316.24789993286134	N	N	판정불가	단기위험부채 존재
CL	COLGATE PALMOLIVE CO	0000021665	S&P 500	제외	PEG=불리, PEGY=불리(<1)	87.25	2.63	2025	2.46	1288000000.0	107000000.0	1395000000.0	6871000000.0	1115000000.0	54000000.0	15965000000.0	0.33709969411324053	99.66290030588677	0.0033823989978077045	-6.751325360621379	-8.126001726051042	35.74194880631992	36.26463943956313	-25.07122507122507	7.281634513092983	28.522420757238454	-41.64245014245014	23.063269026185964	65.5448415144769	-109.51964387464386	60.65639753886908	172.38293318307424	-225.5239471342623	-30.47977359441939	97.57356238747765	3년	23.063269026185964	60.65639753886908	-30.47977359441939	-0.6326242923616671	0.27255465464072454	0.8668363587315115	4.3175933916902975	4.948531107954496	3년	0.2725546546407245	불리(<1)	3년	7.281634513092983	4.908506289632215	불리	N	주당순현금<=0	811100000.0	-4.131416380588826	1.987138384102316		-11.993140470898489	89.45039978027344	88.54665008544922	N	N	판정불가	단기위험부채 존재
VRTX	VERTEX PHARMACEUTICALS INC / MA	0000875320	S&P 500	보류	PEG=불리, PEGY=불리(<1)	502.30999755859375	15.32	2025	0.0	5084800000.0	1523300000.0	6608100000.0			18665800000.0	6977200000.0	72.79101509183793	27.20898490816207	2.675256549905406	25.61279069767442	25.61279069767442	31.1160056697728	31.1160056697728	836.5384615384615	6.118290879552779	46.11882992489094	1681.576923076923	20.736581759105558	100.73765984978188	25761.758461538462	317.68443254949716	1543.3009488986584	5028.65732052912	-36.75530367829485	207.24073906544822	3년	20.736581759105558	317.68443254949716	-36.75530367829485	26.884506656042454	0.19662841511487142	1.4821577812505806	12.37906976744186	2.4644283067445536	3년	0.1966284151148714	불리(<1)	3년	6.118290879552779	5.085734935186221	불리	Y		258000000.0	1.1701908476523082	13.153266886978198		-9.97383723251587	519.1930010986329	474.1247998046875	N	Y	상승전환	
PSA	Public Storage	0001393311	S&P 500	제외	PEG=불리, PEGY=불리(<1)	285.8500061035156	9.01	2025	4.26	318095000.0		318095000.0	10253881000.0	700000000.0	9248128000.0	10866770000.0	45.976509550284575	54.023490449715425	0.851046631151667	-56.484781298677674	-60.464269877545455	37.99498195362855	38.4366566016716	-15.319548872180459	-27.352783933755788	7.4520805832128945	-22.139097744360917	-46.205567867511576	23.404161166425787	-199.47327067669187	-416.3121664862793	210.87149210949633	-169.78249656026108	-245.6400761228317	-26.23002007803601	5년	23.404161166425787	210.87149210949633	-26.23002007803601	-0.2910791979235106	-0.6077851007256607	0.3082533529692697			5년	0.3082533529692697	불리(<1)	5년	7.4520805832128945	5.09857368413579	불리	N	주당순현금<=0 | FCF<=0	175902000.0	-10.490057729681446	-1.4310323780980627		-13.501980498189969	307.94820007324216	299.8193504333496	N	N	주의	단기위험부채 존재
PAYX	PAYCHEX INC	0000723531	S&P 500	제외	PEG=불리, PEGY=불리(<1)	101.0199966430664	4.89	2026	4.77	1088200000.0	36300000.0	1124500000.0	4556100000.0	0.0	3735100000.0	12439400000.0	23.09252217997465	76.90747782002535	0.3002636783124588	-9.532222222222222	-9.532222222222222	22.60781571887293	22.60781571887293	6.768558951965057	4.379080767859933	10.04574277704604	22.037117903930113	17.258161535719864	28.59148555409208	107.76150655021824	84.39240990967014	139.81236435951027	6.673441032641869	-16.4596983626385	38.40068204863321	3년	17.258161535719864	84.39240990967014	-16.4596983626385	0.5103792022832486	0.4046866305718473	0.6553372055610798	6.4494444444444445	6.384324548368619	3년	0.4046866305718473	불리(<1)	3년	4.379080767859933	5.162685256869885	불리	N	주당순현금<=0	360000000.0	-4.931305653886698	12.381797006330464		-21.440236783567258	116.4852001953125	103.65290000915527	N	N	판정불가	
AMD	ADVANCED MICRO DEVICES INC	0000002488	S&P 500	보류	PEG=불리, PEGY=불리(<1)	649.4199829101562	2.65	2025	0.0	5539000000.0	5013000000.0	10552000000.0	2348000000.0	874000000.0	62999000000.0					5.014669926650367	4.480440097799511	243.1718162201909	243.37341238202143	165.0	46.66355102918431	12.817266899716717	338.5	101.82710205836862	34.134533799433434	897.025	269.84182045467685	90.4565145684986	38.12710166082132	-58.44879622498343	-86.07118398741778	3년	101.82710205836862	269.84182045467685	-58.448796224983425	0.6785325806449268	0.19189539213265855	0.05270868597745203	4.1167481662591685	0.6339115325357487	3년	0.1918953921326585	불리(<1)	3년	46.66355102918431	5.211172550243902	불리	Y		1636000000.0	18.78475594644018	180.1397473868123		0.0	518.8196008300781	379.09305038452146	Y	Y	강한 상승추세	단기위험부채 존재
HUBB	HUBBELL INC	0000048898	S&P 500	제외	PEG=불리, PEGY=불리(<1)	485.4100036621094	4.19	2025	1.18	482500000.0	15400000.0	497900000.0	2036300000.0	56100000.0	3847900000.0	4370900000.0	46.818270307100796	53.181729692899204	0.8803450090370404	-28.755140186915888	-29.80373831775701	122.71244483270293	122.96270691643589	-70.84203201113432	-25.34455002230137	23.13753669964718	-133.18406402226864	-42.18910004460274	54.77507339929436	-558.0412282533057	-176.7723291868855	229.50755754304336	-214.9628610954121	-136.41711704605402	-52.718824125676235	5년	54.77507339929436	229.50755754304336	-52.718824125676235	-0.5676851447797848	-0.19692012538129713	0.19816683412020605			5년	0.198166834120206	불리(<1)	5년	23.13753669964718	5.303608868379414	불리	N	주당순현금<=0 | FCF<=0	53500000.0	0.0	-7.928532571164748		-12.985565132944721	472.1340008544922	488.2826513671875	Y	N	주의	단기위험부채 존재
CHRW	C. H. ROBINSON WORLDWIDE, INC.	0001043277	S&P 500	제외	PEG=불리, PEGY=불리(<1)	135.0500030517578	4.83	2025	1.79	160871000.0		160871000.0	1089438000.0	0.0	1845647000.0	3212734000.0	36.48691152366735	63.51308847633265	0.574478621635031	-7.642400948132541	-7.642400948132541	29.54294078672678	29.54294078672678	25.129533678756484	-13.256194627034546	5.361231500071417	58.75906735751297	-18.01238925406909	19.222463000142834	283.8062953367876	-86.99984009715371	92.84449629068989	110.14904770347846	-164.42046511010523	-31.25176290806354	5년	19.222463000142834	92.84449629068989	-31.25176290806354	0.9112002042413815	-0.3881196090060927	0.24206227645706696	7.365236786225741	5.4537109365358685	5년	0.2420622764570669	불리(<1)	5년	5.361231500071417	5.5104766108930825	불리	N	주당순현금<=0	121502000.0	-29.93878040032395	-21.67381714073017		-35.512365470078464	149.6432012939453	172.0868505859375	N	N	주의	
HD	HOME DEPOT, INC.	0000354950	S&P 500	제외	PEG=불리, PEGY=불리(<1)	286.69000244140625	14.23	2025	3.32	1389000000.0		1389000000.0	8707000000.0	4464000000.0	12813000000.0	92282000000.0	12.191826442742281	87.80817355725772	0.13884614551050042	-7.354773869346734	-11.841206030150754	20.66372286091026	20.979002703552847	-4.560697518443995	-5.176454930934304	3.5714638909686514	-0.6213950368879892	-1.8529098618686088	15.642927781937303	-8.842451374916088	-26.366907334390305	222.5988623369678	-103.0843249850414	-109.19700970032228	-22.35555462647757	5년	15.642927781937303	222.5988623369678	-22.35555462647757	-0.06004230345108978	-0.08984126158825795	0.3335054354607752			5년	0.3335054354607752	불리(<1)	5년	3.5714638909686514	5.78578518269881	불리	N	주당순현금<=0 | FCF<=0	995000000.0	-15.363270704414301	-14.716206771114804		-26.84613245563563	320.5581994628906	338.34699935913085	N	N	주의	단기위험부채 존재
REG	REGENCY CENTERS CORP	0000910606	S&P 500	제외	PEG=불리, PEGY=불리(<1)	71.41999816894531	0.46	2018	4.23	120661000.0		120661000.0	4739301000.0		6906890000.0	5819677000.0	54.27143077940815	45.72856922059185	1.1868167253955846	-27.255045438451553	-27.255045438451553	214.51096436390623	214.51096436390623	-7.9999999999999964	36.71886432341158	-1.6538041668570203	-7.499999999999993	81.93772864682316	5.1923916662859595	-3.449999999999997	37.691355177538654	2.3885001664915415	-104.83057979340597	-47.22576849080973	-96.65569836498526	3년	81.93772864682316	37.691355177538654	-47.22576849080973	-0.017574859220736126	0.19089403865596377	0.012009623101468154			3년	0.1908940386559637	불리(<1)	3년	36.71886432341158	5.841982542666392	불리	N	주당순현금<=0 | FCF<=0	169460000.0	-10.095674755771022	-8.271259171490486		-13.618773699406471	75.50860015869141	76.35100009918213	N	N	주의	
PNW	PINNACLE WEST CAPITAL CORP	0000764622	S&P 500	제외	PEG=불리, PEGY=불리(<1)	98.04000091552734	5.05	2025	3.79	6604000.0		6604000.0	9205676000.0	757005000.0	7046458000.0					-75.42015725049397	-81.62659156684786	34.34854617148937	35.577543065816876	-3.62595419847329	5.834499340033372	0.7285270633833552	1.2480916030534202	20.168998680066743	9.95705412676671	6.3028625954197715	101.85344333433704	50.28312334017188	-93.5711316436539	3.8896801134216794	-48.71162497897513	3년	20.168998680066743	101.85344333433704	3.8896801134216785	0.0047759168818293255	0.2802010685396077	0.13154929588064804			3년	0.2802010685396077	불리(<1)	3년	5.834499340033372	5.887145437793965	불리	N	주당순현금<=0 | FCF<=0	121971000.0	-8.159249727843243	-4.926301101386532		-10.359332126293442	97.5715998840332	99.14420009613038	Y	N	주의	단기위험부채 존재
REGN	REGENERON PHARMACEUTICALS, INC.	0000872589	S&P 500	제외	PEG=불리, PEGY=안심	738.719970703125	41.48	2025	52.0	3118100000.0	5487100000.0	8605200000.0	1985900000.0		31256900000.0	9301800000.0	77.06583297788144	22.934167022118558	3.360306607323314	60.951197053407	60.951197053407	16.339652209491756	16.339652209491756	8.189880020865917	2.765976893685007	32.28413389720095	24.879760041731835	14.031953787370014	73.0682677944019	1032.0124465310364	582.0454431001082	3030.8717481117906	39.702795031891604	-21.20891999899388	310.2869650629534	3년	14.031953787370014	582.0454431001082	-21.20891999899388	3.6836695940138444	3.3517223127840676	5.158257520820426			3년	3.351722312784068	안심	3년	2.765976893685007	5.907371188384388	불리	N	FCF<=0	108600000.0	10.595098016729821	-4.7464388486830655		-13.29883392575464	787.7043969726562	735.8889990234375	N	Y	상승전환	
NI	NISOURCE INC.	0001111711	S&P 500	제외	PEG=불리, PEGY=불리(<1)	40.66999816894531	1.95	2025	3.03	110100000.0		110100000.0	6427700000.0	736000000.0	9450100000.0					-13.31422550052687	-14.865331928345627	27.684217266395994	28.4796564601492	20.37037037037036	4.679561967174672	61.04691919843306	49.24074074074072	17.859123934349345	130.59383839686612	96.0194444444444	34.82529167198122	254.65798487388892	136.0940466374613	-14.371051782901178	526.1568633861901	3년	17.859123934349345	34.82529167198122	-14.371051782901178	0.845260320896791	0.2784822085807277	2.314564958865993	-0.8851422550052687	-2.1764010200549833	3년	0.2784822085807277	불리(<1)	3년	4.679561967174672	5.9159847568191495	불리	N	주당순현금<=0 | FCF<=0	474500000.0	-12.837551860384366	-15.44698657147212		-17.135296145787958	41.438599853515626	44.83324991226196	N	N	주의	단기위험부채 존재
PG	PROCTER & GAMBLE Co	0000080424	S&P 500	제외	PEG=불리, PEGY=불리(<1)	148.41000366210938	6.62	2026	2.98	4239000000.0		4239000000.0	22842000000.0	4837000000.0	54311000000.0	72210000000.0	42.92647070446803	57.07352929553197	0.7521257443567373	-7.679256965944273	-9.675954592363261	23.578438161337406	23.880054116989825	1.6897081413210495	3.912707147347039	3.77650968724621	11.879416282642099	16.325414294694077	16.053019374492422	78.6417357910907	108.07424263087479	106.27098825913984	-47.01048861225199	-27.17859984901592	-28.39364892066778	3년	16.325414294694077	108.07424263087479	-27.178599849015917	0.19804993483318048	0.2923309466124568	0.2865545903004362	6.252631578947368	4.213079593463908	3년	0.2923309466124568	불리(<1)	3년	3.9127071473470387	6.026118815798537	불리	N	주당순현금<=0	2422500000.0	1.0623067713692036	2.4223670900445526		-11.23803446715933	145.7004006958008	147.65225059509277	Y	Y	상승전환	단기위험부채 존재
AMGN	AMGEN INC	0000318154	S&P 500	제외	PEG=불리, PEGY=불리(<1)	402.6000061035156	14.23	2025	2.5	9129000000.0	0.0	9129000000.0	50005000000.0	0.0	8658000000.0					-75.41697416974169	-75.41697416974169	33.59219819207711	33.59219819207711	88.22751322751324	5.524568667280372	38.82227702083121	184.95502645502648	19.549137334560744	86.14455404166242	2631.910026455027	278.1842242707994	1225.8370040128561	553.7282629296126	-30.903074999141133	204.48012554119822	3년	19.549137334560744	278.1842242707994	-30.903074999141133	2.7008507364936833	0.23888191601504083	1.2301153019089197	14.944649446494465	3.7120340834401104	3년	0.2388819160150408	불리(<1)	3년	5.524568667280372	6.080510572893981	불리	N	주당순현금<=0	542000000.0	10.719985564535751	15.091051974888003		-9.348822271043266	410.54780029296876	365.30710098266604	N	Y	상승전환	
AAPL	Apple Inc.	0000320193	S&P 500	제외	PEG=불리, PEGY=불리(<1)	333.6300048828125	7.46	2025	32.0	35934000000.0	18763000000.0	54697000000.0	78328000000.0	7979000000.0	73733000000.0	285508000000.0	20.524661717342955	79.47533828265705	0.2582519579136136	-1.5749068441701954	-2.106673663586809	44.93363427975639	45.00491669522779	22.69736842105263	6.880679389561806	59.17805489937251	53.89473684210526	22.26135877912361	126.85610979874502	402.0547368421052	166.06973649226214	946.3465790986379	20.50916612950533	-50.22338097240562	183.65151972198723	3년	22.26135877912361	166.06973649226214	-50.22338097240562	1.217292331185751	0.8652912236631263	2.029171607435508	6.582405496092323	1.9729656804712132	3년	0.8652912236631263	불리(<1)	3년	6.880679389561806	6.530406626404079	불리	N	주당순현금<=0	15004697000.0	5.505661752862445	28.864431343404085		-2.1813710621391147	322.3479998779297	289.75894958496093	Y	Y	강한 상승추세	단기위험부채 존재
GWW	W.W. GRAINGER, INC.	0000277135	S&P 500	제외	PEG=불리, PEGY=안심	1275.56005859375	35.4	2025	77.0	585000000.0		585000000.0	2362000000.0	0.0	3736000000.0					-37.020833333333336	-37.020833333333336	37.07855626912665	37.07855626912665	-8.550762076982696	5.601826190477133	62.54354736477112	-8.601524153965393	19.703652380954267	133.58709472954223	-304.4939550503749	697.509294285781	4728.983153425795	-123.87139304017299	-45.31740864834267	270.7377885945484	3년	19.703652380954267	697.509294285781	-45.31740864834267	1.8460599551447843	2.227751954281329	3.7634568711878793	27.729166666666668	2.173881698462468	3년	2.227751954281329	안심	3년	5.601826190477133	6.619012266421016	불리	N	주당순현금<=0	48000000.0	-6.5427903020257805	11.235531880693173		-9.020489437487322	1298.1481982421874	1209.155549621582	N	Y	중립/개선	
EXR	Extra Space Storage Inc.	0001289490	S&P 500	제외	PEG=불리, PEGY=불리(<1)	133.88999938964844	4.59	2025	4.88	138920000.0		138920000.0		500000000.0	13433166000.0	14940010000.0	47.34459758752422	52.65540241247578	0.8991403620211766	0.6557453781291385	-1.7044093084859584	29.027070590744948	29.541265511576125	13.89578163771711	-10.535332538619723	4.348871143162825	36.29156327543422	-12.570665077239447	17.19774228632565	166.57827543424307	-57.69935270452906	78.93763709423473	24.414277536490815	-143.09459479240988	-41.042917727925754	5년	17.19774228632565	78.93763709423473	-41.042917727925754	0.6468369441215202	-0.1948295995264118	0.31794014881079236			5년	0.3179401488107923	불리(<1)	5년	4.348871143162825	6.674621904210822	불리	N	FCF<=0	211850521.0	-6.160634803301923	-2.788061030283484		-12.404321855915912	141.6959991455078	141.7720492553711	N	N	주의	단기위험부채 존재
WRB	BERKLEY W R CORP	0000011544	S&P 500	보류	PEG=불리, PEGY=안심	69.6500015258789	4.45	2025	56.99999999999999	2539938000.0		2539938000.0			9700818000.0	34359177000.0	22.01729255756838	77.98270744243162	0.2823355751507086	6.35205233818752	6.35205233818752	14.22425824442503	14.22425824442503	2.0642201834862353		-2.067551596878059	12.62844036697247		4.364896806243882	56.19655963302749		19.423790787785276	-19.315781188967673		-72.11228950143204	1년	12.62844036697247	56.19655963302749	-19.315781188967673	4.152358539091871		3.861884919352601	8.808458439307659	12.646745508016707	5년	3.861884919352601	안심	1년	2.0642201834862353	6.890862882854804	불리	Y		399861000.0	-3.0214399584600593	3.614995925390385		-11.228648561553777	69.8581999206543	68.90264995574951	N	Y	중립/개선	
VRSN	VERISIGN INC/CA	0001014473	S&P 500	보류	PEG=불리, PEGY=불리(<1)	293.1000061035156	6.24	2022	1.11	307900000.0	272600000.0	580500000.0	0.0		-2154200000.0	3480100000.0	-162.47077456821782	262.4707745682178	-0.6190052009999713	6.188699360341151	6.188699360341151	45.97937608063693	45.97937608063693	-10.857142857142854	6.608652379326085	11.139222486886503	-13.214285714285708	21.71730475865217	30.778444973773006	-82.45714285714283	135.51598169398954	192.05749663634356	-128.1327673626936	-53.7645926741712	-34.47373161482855	3년	21.71730475865217	135.51598169398954	-53.7645926741712	-0.2119894545773887	0.16787205563184238	0.26640688784911454	11.389125799573561	3.8857473771430784	3년	0.1678720556318423	불리(<1)	3년	6.608652379326085	6.957451147600785	불리	Y		93800000.0	8.56359514644154	8.19491056006234		-5.451610934349793	289.894599609375	266.38249992370606	Y	Y	강한 상승추세	
LNT	ALLIANT ENERGY CORP	0000352541	S&P 500	제외	PEG=불리, PEGY=불리(<1)	65.48999786376953	3.14	2025	3.33	556000000.0		556000000.0	10954000000.0	88000000.0	7334000000.0					-40.33359193173003	-40.67494181536075	33.70178018964954	33.81049034367206	16.72862453531599	4.774516892465397	4.91716309026109	41.95724907063198	18.049033784930792	18.33432618052218	131.74576208178442	56.67396608468269	57.56978420683964	101.16928749308909	-13.461646154616936	-12.093776019668368	3년	18.049033784930792	56.67396608468269	-13.461646154616936	0.5951799703885191	0.2404774123758142	0.2447100136506721	-1.221877424359969	-1.865746624242811	3년	0.2404774123758142	불리(<1)	3년	4.774516892465397	7.058678594861374	불리	N	주당순현금<=0 | FCF<=0	257800000.0	-13.48744979666705	-10.275380489801078		-16.070743447011935	67.73499961853027	70.29329988479614	N	N	주의	단기위험부채 존재
COR	Cencora, Inc.	0001140859	S&P 500	제외	PEG=불리, PEGY=양호	316.3699951171875	7.96	2025	76.0	4356138000.0		4356138000.0	7542988000.0	13976000.0	1508019000.0					-16.324904976077537	-16.39649820197322	41.79584172025943	41.804835844115665	5.7104913678618825	-0.3327811631230859		19.920982735723765	7.834437673753828		158.57102257636117	62.36212388308047		-49.877983050312835	-80.28823060164706		1년	19.920982735723765	158.57102257636117	-49.877983050312835	1.9549909274408719	1.8104006456747401		16.428837071111705	5.192918837017478	3년	1.81040064567474	양호	1년	5.7104913678618825	7.319132282640783	불리	N	주당순현금<=0	195214000.0	4.598956574451707	-2.6344128740171446		-15.578386893345563	317.8990008544922	317.92040016174315	N	N	중립/개선	단기위험부채 존재
ES	EVERSOURCE ENERGY	0000072741	S&P 500	제외	PEG=불리, PEGY=불리(<1)	65.26000213623047	4.56	2025	4.87	135400000.0	91975000.0	227375000.0	26872433000.0	1150000000.0	16197271000.0					-71.76940909951273	-74.86697490193806	30.050309481522632	30.729600227668545	100.88105726872246	4.032716713858986	5.134994887862021	210.26211453744492	16.56543342771797	18.769989775724042	958.7952422907488	75.53837643039394	85.59115337730162	1369.1927841026738	15.749883477949211	31.15407688560876	3년	16.56543342771797	75.53837643039394	15.749883477949211	3.519133715868943	0.2962604002242672	0.33294149246662186	-0.12147036955823949	-0.18613295369600155	3년	0.2962604002242672	불리(<1)	3년	4.032716713858986	7.451629165582251	불리	N	주당순현금<=0 | FCF<=0	371259264.0	-11.727307092055206	-6.704782010901256		-14.368189318707369	69.57219978332519	70.11515020370483	N	N	주의	단기위험부채 존재
TDY	TELEDYNE TECHNOLOGIES INC	0001094285	S&P 500	제외	PEG=불리, PEGY=불리(<1)	622.219970703125	18.88	2025	0.0	352400000.0		352400000.0	2025300000.0	450100000.0	10513900000.0	4771400000.0	68.78438761424374	31.21561238575625	2.203525170809406	-35.29324894514768	-44.78902953586498	34.82591205764156	35.328866538082096	9.703660662405566	4.530504261422341	40.24408367454113	27.907321324811132	17.56100852284468	88.98816734908226	526.8902266124342	331.5518409113076	1680.096599550673	-15.320907167760256	-46.7146898971042	170.0165019859648	3년	17.56100852284468	331.5518409113076	-46.7146898971042	0.27863335341640744	0.13009003910432407	1.1555787428605393	22.658227848101266	3.6415140810245723	3년	0.130090039104324	불리(<1)	3년	4.530504261422341	7.686983622151598	불리	N	주당순현금<=0	47400000.0	-1.4726451324580392	-5.768506761415315		-9.992769898692943	632.5136010742187	624.6557489013671	N	N	주의	단기위험부채 존재
PEP	PEPSICO INC	0000077476	S&P 500	제외	PEG=불리, PEGY=불리(<1)	125.70999908447266	6.0	2025	4.71	9159000000.0	371000000.0	9530000000.0	42321000000.0	4898000000.0	20406000000.0	86852000000.0	19.025154300844694	80.97484569915531	0.23495141159673927	-23.882738528769117	-27.450109249817917	24.932122935540296	25.526684722381763	-13.66906474820144	-2.230046768668525	3.222947933334197	-18.83812949640288	4.039906462662949	14.945895866668394	-113.02877697841727	24.239438775977696	89.67537520001036	-189.91232026218213	-80.71797076405223	-28.66488278330851	5년	14.945895866668394	89.67537520001036	-28.66488278330851	-0.3593382228767391	0.09946819361284094	0.31818180721489714			3년	0.0994681936128409	불리(<1)	5년	3.222947933334197	7.735813128618423	불리	N	주당순현금<=0 | FCF<=0	1373000000.0	-8.813289911567423	-18.791991856459354		-26.265473028263177	136.4854002380371	147.01309978485108	N	N	주의	단기위험부채 존재
AVGO	Broadcom Inc.	0001730168	S&P 500	제외	PEG=불리, PEGY=불리(<1)	375.80999755859375	4.77	2025	72.0	16178000000.0		16178000000.0	39440000000.0	3152000000.0	24941000000.0	89800000000.0	21.736781098299648	78.26321890170036	0.27773942093541204	-4.793323717288275	-5.442818874922728	79.79105267838199	79.92721518522359	287.8048780487805	-43.55912867705002	10.237702081843047	584.109756097561	-78.61825735410004	28.975404163686093	2786.203536585366	-375.00908757905717	138.21267786078266	641.3862203468815	-199.7868843339082	-63.2227245792647	5년	28.975404163686093	138.21267786078266	-63.2227245792647	4.509338653533812	0.35644186118947574	1.0306632049751607	5.545847929116011	1.4757052673276314	3년	0.3564418611894757	불리(<1)	5년	10.237702081843047	7.793843974019761	불리	N	주당순현금<=0	4853000000.0	-6.307493883702242	7.181357078723738		-21.961502617919827	372.6861999511719	367.8522004699707	Y	Y	강한 상승추세	단기위험부채 존재
CI	Cigna Group	0001739940	S&P 500	보류	PEG=불리, PEGY=불리(<1)	274.3699951171875	22.18	2025	2.3	7676000000.0	1056000000.0	8732000000.0		0.0	41713000000.0	116045000000.0	26.441131353085108	73.5588686469149	0.3594553836873627	32.513786336911636	32.513786336911636	10.904247465296477	10.904247465296477	83.00330033003301	1.3586099967532128	-0.6888681408957265	174.50660066006603	11.217219993506426	7.122263718208547	3870.5564026402644	248.7979394559725	157.97180926986556	1310.7068817736765	-9.320281414260611	-42.42380286430611	3년	11.217219993506426	248.7979394559725	-9.320281414260611	7.822942445273429	0.3355215486806396	0.14775268666928298	31.839829015910606	11.604705172776397	3년	0.3355215486806396	불리(<1)	3년	1.3586099967532128	8.026032114702009	불리	Y		268563000.0	-5.9732671024468225	-1.1493019417298522		-11.258813113142462	278.2675988769531	279.9317993164062	N	N	주의	
VST	Vistra Corp.	0001692819	S&P 500	제외	PEG=불리, PEGY=불리(<1)	144.88999938964844	2.18	2025	64.0	785000000.0		785000000.0	17043000000.0	1800000000.0	5097000000.0	36440000000.0	12.270987312516551	87.72901268748345	0.13987376509330407	-47.03519351216827	-52.24268202993816	88.03907931275995	90.42783551357182	-68.85714285714286		10.892615869362698	-129.21428571428572		30.285231738725397	-281.6871428571429		66.02180519042138	-294.41448274122075		-54.433152413182874	5년	30.285231738725397	66.02180519042138	-54.433152413182874	-0.05517030499476033		0.8506746828110926	3.8130388146781753	2.6316783979161196	5년	0.8506746828110926	불리(<1)	5년	10.892615869362698	8.082455157570053	불리	N	주당순현금<=0	345656067.0	-6.413904834518725	-5.719673155292937		-31.282904815987767	142.94280059814454	154.77039993286132	Y	N	주의	단기위험부채 존재
SNPS	SYNOPSYS INC	0000883241	S&P 500	제외	PEG=불리, PEGY=불리(<1)	505.1700134277344	8.04	2025	0.0	2888030000.0	72929000.0	2960959000.0	13462398000.0	22117000.0	28327602000.0	19897446000.0	58.74043297997339	41.25956702002661	1.4236803055025253	-63.39304945187618	-63.52656106630608	70.71679886562322	70.73340478781599	-44.589937973811175	8.526334391298395	13.492100704033394	-80.67987594762235	25.55266878259679	35.48420140806679	-648.6662026188836	205.44345701207817	285.29297932085694	-228.40552395766395	-59.3318186845492	-43.52535349731943	3년	25.55266878259679	205.44345701207817	-59.3318186845492	-0.6305423702583234	0.12057014073134478	0.19079060308811802	8.144311102525716	1.6121921107834674	3년	0.1205701407313447	불리(<1)	3년	8.526334391298395	8.293927451144034	불리	N	주당순현금<=0	165656000.0	13.938701082876047	23.164133244911532		-5.497976703286311	412.2310015869141	445.28560165405275	Y	Y	상승전환	단기위험부채 존재
APH	AMPHENOL CORP /DE/	0000820313	S&P 500	보류	PEG=불리, PEGY=안심	88.62000274658203	3.34	2025	56.99999999999999	11130600000.0	303600000.0	11434200000.0	3541500000.0	1100000.0	13413100000.0	22727200000.0	37.11396972354961	62.88603027645039	0.5901782885705235	6.178238747553816	6.1773776908023486	24.683162873960544	24.68342067538314	73.95833333333334	2.961536144628707	23.76838535152701	156.41666666666669	14.423072289257414	56.03677070305402	522.4316666666667	48.17306144611976	187.1628141482004	489.51890146134787	-45.640871188104605	111.19703040792226	3년	14.423072289257414	48.17306144611976	-45.640871188104605	5.305573438948847	2.42924849018782	3.2722056635915755	3.4270841487279844	3.86716773021107	3년	2.42924849018782	안심	3년	2.961536144628707	8.334580997340863	불리	Y		1277500000.0	9.245561817138892	30.97841848951979		0.0	81.64730010986328	74.38169992446899	Y	Y	강한 상승추세	단기위험부채 존재
CTVA	Corteva, Inc.	0001755672	S&P 500	보류	PEG=불리, PEGY=양호	12.390000343322754	1.6	2025	5.81	4521000000.0	9000000.0	4530000000.0		782000000.0	24144000000.0					6.648077487525683	5.5004402700322865	3.5887017848731695	4.305975045806542	23.076923076923077	0.4201730021000882	11.94783991051851	54.65384615384615	9.340346004200176	32.39567982103702	87.44615384615385	14.944553606720284	51.83308771365924	605.7800760536744	20.617862732943635	318.3461362177705	3년	9.340346004200176	14.944553606720284	20.617862732943635	8.049407504040904	1.7360520253761549	4.948262902582222	3.2917522747285	26.567814233374886	3년	1.7360520253761549	양호	3년	0.42017300210008823	8.54100993385176	불리	Y		681400000.0	-85.45433165187497	-85.47990146788726		-86.31090481616161	77.32200002670288	77.88430001735688	N	N	주의	단기위험부채 존재
CDNS	CADENCE DESIGN SYSTEMS INC	0000813672	S&P 500	보류	PEG=불리, PEGY=불리(<1)	359.54998779296875	4.06	2025	0.0	3001317000.0	154213000.0	3155530000.0			5474181000.0					11.545523065214846	11.545523065214846	85.7153854009246	85.7153854009246	5.454545454545442	9.527334351951566	13.985265633616972	19.409090909090885	27.554668703903133	36.470531267233945	78.80090909090899	111.87195493784671	148.0703569449698	-78.08346217041647	-68.88556286024314	-58.81786622942964	3년	27.554668703903133	111.87195493784671	-68.88556286024314	0.06363554721281815	0.11115080807708526	0.16315933911050368	5.8062214611872145	1.6148579219339245	3년	0.1111508080770852	불리(<1)	3년	9.527334351951566	8.996785694139808	불리	Y		273312000.0	-6.840270392296555	24.196886975118748		-13.650670010292965	319.5584014892578	326.09625061035155	Y	Y	중립/개선	
MPWR	MONOLITHIC POWER SYSTEMS, INC.	0001280452	S&P 500	보류	PEG=불리, PEGY=불리(<1)	1473.68994140625	12.86	2025	54.0	1099302000.0	157243000.0	1256545000.0			3531497000.0	662702000.0	84.19955753172418	15.800442468275827	5.328936686474464	26.010577739137634	26.010577739137634	112.57226778126845	112.57226778126845	-64.85378518720962	12.425319328361194	29.728257539054503	-121.20757037441925	33.35063865672239	67.956515078109	-1558.7293550150314	428.8892131254499	873.9207839044818	-205.7705091973169	-70.8969165714609	-40.698463133258954	3년	33.35063865672239	428.8892131254499	-70.8969165714609	-0.09641615471670943	0.5900682347221408	0.7437733927661582	13.790163323604297	0.9357574436889491	3년	0.5900682347221408	불리(<1)	3년	12.425319328361194	9.059909432212224	불리	Y		48309000.0	7.245306933817242	12.243515101522885		-12.79373635965092	1310.1469995117188	1288.7599993896483	Y	Y	강한 상승추세	
HII	HUNTINGTON INGALLS INDUSTRIES, INC.	0001501585	S&P 500	제외	PEG=불리, PEGY=불리(<1)	263.75	15.39	2025	2.07	627000000.0		627000000.0	2214000000.0	231000000.0	5073000000.0	7676000000.0	39.79135618479881	60.20864381520119	0.6608910891089109	-40.38167938931298	-46.25954198473283	19.761642585400452	20.143569979514805	10.243553008595986	2.146574918873223	20.13587083183459	28.987106017191973	12.793149837746446	48.77174166366918	446.1115616045845	196.88657600291782	750.5971042038688	69.14182430505574	-25.351061231121207	184.58657979293602	3년	12.793149837746446	196.88657600291782	-25.351061231121207	0.6231037200163219	0.2133716820679852	1.1236854798821172	20.203562340966922	7.660118423115421	3년	0.2133716820679852	불리(<1)	3년	2.146574918873223	9.206127590353894	불리	N	주당순현금<=0	39300000.0	-7.8473820361380735	-35.88185338846751		-41.87071747212521	293.3938018798828	343.49655197143557	N	N	주의	단기위험부채 존재
ULTA	Ulta Beauty, Inc.	0001403568	S&P 500	보류	PEG=불리, PEGY=불리(<1)	547.2899780273438	25.64	2025	0.0	424243000.0	70000000.0	494243000.0		62287000.0	2803451000.0	4195843000.0	40.053339665400536	59.946660334599464	0.6681496423960572	10.985374852748327	9.600942410704363	20.916716192456917	20.970711217497634	1.1838989739542254	2.213584866040041	53.28338358172324	10.86779794790845	12.927169732080083	115.06676716344649	278.65033938437267	331.45263193053336	2950.311910070768	-49.08542992350379	-39.43747460437266	439.07654598479866	3년	12.927169732080083	331.45263193053336	-39.43747460437266	0.056600613741710014	0.1058285079585444	2.547406729213955	23.73699184281301	4.337187377041108	3년	0.1058285079585444	불리(<1)	3년	2.2135848660400415	9.449249727603872	불리	Y		44991000.0	18.91404259517713	2.7157333629028058		-22.57010662457075	537.238394165039	555.243648071289	Y	N	중립/개선	단기위험부채 존재
KEYS	Keysight Technologies, Inc.	0001601046	S&P 500	제외	PEG=불리, PEGY=불리(<1)	384.1700134277344	4.91	2025	0.0	1873000000.0		1873000000.0	2534000000.0	0.0	5881000000.0	5420000000.0	52.03964250951243	47.96035749048757	1.0850553505535054	-3.820809248554913	-3.820809248554913	79.02053414995707	79.02053414995707	39.886039886039896	-7.381515092017421	8.205839717989182	88.27207977207979	-6.263030184034843	24.911679435978364	433.4159116809118	-30.75147820361108	122.31634603065378	12.818777242342216	-108.00465344216556	-68.16088144431332	5년	24.911679435978364	122.31634603065378	-68.16088144431332	0.504755381814406	-0.09341261953518991	0.10384439698189056	7.404624277456647	1.927434213667361	5년	0.1038443969818905	불리(<1)	5년	8.205839717989182	9.62979254599928	불리	N	주당순현금<=0	173000000.0	21.097599689090863	27.796823840847694		-0.1221924924094786	335.4160009765625	303.4272993469238	Y	Y	강한 상승추세	
SYK	STRYKER CORP	0000310764	S&P 500	제외	PEG=불리, PEGY=불리(<1)	278.20001220703125	2.2	2025	1.23	4011000000.0	89000000.0	4100000000.0	14859000000.0	0.0	11730000000.0	25424000000.0	31.571297841416808	68.42870215858319	0.46137507866582755	-27.83699870633894	-27.83699870633894	139.10773223335008	139.10773223335008	56.02836879432627	14.384834642672196	8.105373722329045	120.55673758865254	37.26966928534439	24.71074744465809	265.2248226950356	81.99327242775767	54.3636443782478	-4.663978771625565	-70.52722184399481	-80.45879151946572	3년	37.26966928534439	81.99327242775767	-70.52722184399481	0.41161169027093797	0.11224994033026621	0.06710894910334075	11.08150064683053	3.983285463907128	3년	0.1122499403302662	불리(<1)	3년	14.384834642672196	9.670443608763566	불리	N	주당순현금<=0	386500000.0	-14.952149226494903	-18.17887585168463		-28.3635875280825	309.14239990234375	329.4965502929688	N	N	주의	
EVRG	Evergy, Inc.	0001711269	S&P 500	제외	PEG=불리, PEGY=불리(<1)	80.3499984741211	3.66	2025	3.52	19800000.0		19800000.0	13039200000.0	1394000000.0	10221300000.0					-55.73373287671233	-61.701198630136986	37.18134736361569	38.811802487502206	-3.43007915567282	3.827192527443257	6.116382445678448	1.6398416886543599	16.154385054886514	20.732764891356894	6.001820580474957	59.12504930088465	75.88191950236623	-92.53040361611455	-26.415618638838577	-5.5607704500379445	3년	16.154385054886514	59.12504930088465	-26.415618638838577	0.002418439639849448	0.1976042571989457	0.2591724918260563	-3.2178938356164384	-4.004846168917911	3년	0.1976042571989457	불리(<1)	3년	3.827192527443257	9.715044930978312	불리	N	주당순현금<=0 | FCF<=0	233600000.0	-5.780957288630518	-3.7032644737217457		-8.82786681239246	81.39879974365235	81.15159996032715	N	N	주의	단기위험부채 존재
CMG	CHIPOTLE MEXICAN GRILL INC	0001058090	S&P 500	보류	PEG=불리, PEGY=불리(<1)	30.899999618530273	1.14	2025	0.0	350545000.0	698591000.0	1049136000.0	0.0		2830607000.0	6163924000.0	31.47031234869278	68.52968765130723	0.4592215932578014	0.7814118109720128	0.7814118109720128	26.419813866279178	26.419813866279178	2.702702702702685	-67.10947685223975	-29.806686048388155	13.90540540540537	-125.7189537044795	-51.11337209677631	15.85216216216212	-143.31960722310663	-58.26924419032499	-48.69850369624014	-563.8175048298705	-288.5736081219295	1년	13.90540540540537	15.85216216216212	-48.69850369624014	0.10229832490047436	-2.540119214764592	-1.1281943998262531	1.0781861678990865	3.4892756673450385	1년	0.1022983249004743	불리(<1)	1년	2.702702702702685	9.77533113052336	불리	Y		1342616000.0	-10.69363878255144	-8.55282988663384		-27.053826314206418	34.61979991912842	34.818350076675415	N	N	주의	
DGX	QUEST DIAGNOSTICS INC	0001022079	S&P 500	제외	PEG=불리, PEGY=불리(<1)	228.38999938964844	8.75	2025	1.48	420000000.0		420000000.0	5167000000.0	504000000.0	7170000000.0					-42.008849557522126	-46.469026548672566	30.90272559396235	31.412460107236686	13.784135240572166	3.161245578286187	15.756447866281853	36.06827048114433	14.822491156572374	40.012895732563706	315.5973667100129	129.69679762000828	350.11283765993244	38.1835314827349	-43.21257587170576	53.296045621777324	3년	14.822491156572374	129.69679762000828	-43.21257587170576	0.49394139019098077	0.15018887457593624	0.5577646481011189	12.026548672566372	5.265794782917918	3년	0.1501888745759362	불리(<1)	3년	3.161245578286187	9.775490334008063	불리	N	주당순현금<=0	113000000.0	9.776494130995284	14.878528340777631		-7.702565283353158	237.80619995117186	206.59285041809082	N	Y	상승전환	단기위험부채 존재
XEL	XCEL ENERGY INC	0000072903	S&P 500	제외	PEG=불리, PEGY=불리(<1)	72.7300033569336	3.42	2025	3.32	129000000.0		129000000.0	9263144000.0	1550000000.0	23609000000.0					-15.50788455008489	-18.13946349745331	25.80055201959605	26.570019548066345	-0.5813953488372098	2.5625825491252474	44.65267498881473	7.33720930232558	13.625165098250495	97.80534997762946	25.093255813953483	46.598064636016694	334.49429692349275	-65.49806867077332	-35.93006670530513	359.9123903266042	3년	13.625165098250495	46.598064636016694	-35.93006670530513	0.10614519600521582	0.22800219718776968	1.8593662241171622	6.932088285229202	9.531263529865276	3년	0.2280021971877696	불리(<1)	3년	2.5625825491252474	10.068183765788628	불리	N	주당순현금<=0	589000000.0	-7.960001965761565	-10.71691115351745		-13.323799090982824	75.44320068359374	78.05635025024414	N	N	주의	단기위험부채 존재
MAS	MASCO CORP /DE/	0000062996	S&P 500	제외	PEG=불리, PEGY=불리(<1)	69.93000030517578	3.86	2025	1.87	647000000.0	0.0	647000000.0	2945000000.0	206000000.0	-185000000.0	5125000000.0	-3.7449392712550607	103.74493927125505	-0.03609756097560975	-10.942857142857143	-11.923809523809524	20.95151747358366	21.205650214763033	2.659574468085109	2.0689294926649726	39.146125181238034	13.819148936170219	12.637858985329945	86.79225036247607	53.341914893617044	48.78213568337359	335.0180863991576	-23.72098575599604	-30.241476518679438	379.07634053644017	3년	12.637858985329945	48.78213568337359	-30.241476518679434	0.21619314561802697	0.18800210999662914	1.9576684711717167	4.3	6.149006122171776	3년	0.1880021099966291	불리(<1)	3년	2.0689294926649726	10.126743104520283	불리	N	주당순현금<=0	210000000.0	-8.755218081824456	12.373454635353731		-15.512863185510618	71.74420013427735	70.16475021362305	N	N	판정불가	단기위험부채 존재
FITB	FIFTH THIRD BANCORP	0000035527	S&P 500	제외	PEG=불리, PEGY=불리(<1)	51.0	3.53	2025	3.31	3499000000.0		3499000000.0	13589000000.0	926000000.0	21724000000.0	192652000000.0	10.133597044445274	89.86640295555472	0.11276290928721218	-15.003653753999819	-16.38059957919346	18.697918910481533	19.08798854934659	12.420382165605085	1.7598909234150195	14.04197322404901	33.34076433121017	12.019781846830039	36.58394644809802	117.69289808917188	42.42982991931004	129.141330961786	130.77038841014095	-16.8042550601764	153.21829600350196	3년	12.019781846830039	42.42982991931004	-16.8042550601764	0.841290532968729	0.2711473371816251	0.9280162839042999	5.843841353143636	11.458512457144385	3년	0.2711473371816251	불리(<1)	3년	1.7598909234150195	10.62447601820614	불리	N	주당순현금<=0	672502856.0	-9.798374293987521	3.3644098951731483		-14.098027762283893	54.59999977111816	51.71475002288818	N	N	판정불가	단기위험부채 존재
CTSH	COGNIZANT TECHNOLOGY SOLUTIONS CORP	0001058290	S&P 500	보류	PEG=불리, PEGY=불리(<1)	57.220001220703125	4.56	2025	2.27	1901000000.0	13000000.0	1914000000.0	543000000.0	33000000.0	15015000000.0	5677000000.0	72.56427604871448	27.435723951285524	2.6448828606658448	2.803680981595092	2.736196319018405	11.933403561207903	11.948202829316825	1.1086474501108607	1.1211696562825724	12.15182468925482	10.717294900221722	10.742339312565145	32.80364937850964	48.87086474501105	48.985067265297054	149.58464116600393	-14.591290278881052	-14.391705312348956	161.42019918706637	3년	10.742339312565145	48.985067265297054	-14.391705312348957	0.2831252150973827	0.28417455580789197	1.208525682994252	5.306748466257669	9.274289327238954	3년	0.2841745558078919	불리(<1)	3년	1.1211696562825724	10.643709000094706	불리	Y		489000000.0	31.843316149616996	-6.196719310322751		-34.00230307405651	59.33739990234375	60.713850002288815	N	N	중립/개선	단기위험부채 존재
VRSK	Verisk Analytics, Inc.	0001442145	S&P 500	제외	PEG=불리, PEGY=불리(<1)	165.1999969482422	6.48	2025	1.22	2178200000.0		2178200000.0	4773500000.0	195263000.0	309000000.0	5885700000.0	4.988135018644971	95.01186498135503	0.052500127427493756	-18.526903375906187	-19.9208149598809	28.352916716689563	28.568026529031336	-3.4277198211624373	2.5985568006018145	8.497453996787208	1.6445603576751253	13.697113601203629	25.494907993574415	10.656751117734812	88.75729613579952	165.20700379836222	-93.54918201295511	-46.27282216984088	0.004241434775709152	3년	13.697113601203629	88.75729613579952	-46.27282216984088	-0.07786570401989341	0.13467950541942206	0.3427320756409925	8.508540875329475	5.150448566893881	3년	0.134679505419422	불리(<1)	3년	2.5985568006018145	10.911024423296482	불리	N	주당순현금<=0	140082773.0	-11.66247697943037	-5.831383545939895		-32.87008842024748	182.53360107421875	189.4869007873535	N	N	주의	단기위험부채 존재
NTAP	NetApp, Inc.	0001002047	S&P 500	보류	PEG=불리, PEGY=안심	228.4499969482422	6.35	2026	93.0	2070000000.0	1514000000.0	3584000000.0	2487000000.0	0.0	1351000000.0	9393000000.0	12.57446016381236	87.42553983618764	0.14383051208346642	5.45771144278607	5.45771144278607	35.11689535518994	35.11689535518994	11.992945326278655	3.1252593706817544	14.4759458626317	32.48589065255731	14.750518741363509	37.4518917252634	206.2854056437389	93.66579400765828	237.8195124554226	-9.702163099404604	-58.99943302302636	4.101341927049007	3년	14.750518741363509	93.66579400765828	-58.99943302302636	2.9898128597168743	2.737293784043907	3.0605195811180326	9.298507462686567	4.070259394572566	3년	2.737293784043907	안심	3년	3.1252593706817544	11.23647390185392	불리	Y		201000000.0	33.02859292600993	129.66723046615778		0.0	194.62280059814452	139.90064990997314	Y	Y	강한 상승추세	
CIEN	CIENA CORP	0000936395	S&P 500	제외	PEG=불리, PEGY=불리(<1)	443.6499938964844	0.85	2025	0.0	1091952000.0	216148000.0	1308100000.0	1524158000.0	11580000.0	2729323000.0	3135344000.0	46.53841386049711	53.46158613950289	0.8705019289749386	-1.487511015642212	-1.5672367261511346	523.6911822495607	523.7849772031007	46.55172413793104	-5.273176281409042	-18.193805923142392	101.60344827586208	-2.0463525628180843	-27.887611846284784	86.36293103448277	-1.7393996783953716	-23.704470069342065	-80.53354395973832	-100.39206575055228	-105.3430565525654	1년	101.60344827586208	86.36293103448277	-80.53354395973832	0.08889155616094983	-0.01006924779362841	-0.03474147845107746	4.580386649041639	1.0324324832765281	1년	0.0888915561609498	불리(<1)	1년	46.55172413793104	11.24966243350908	불리	N	주당순현금<=0	145248000.0	-4.0424801205706355	-10.194128635780707		-29.242425215871716	375.2656011962891	393.4217999267578	Y	Y	중립/개선	단기위험부채 존재
ITW	ILLINOIS TOOL WORKS INC	0000049826	S&P 500	제외	PEG=불리, PEGY=불리(<1)	267.1400146484375	10.49	2025	2.6	851000000.0		851000000.0	6683000000.0	1825000000.0	3226000000.0					-19.952104002736913	-26.195689360246323	27.368171463410334	27.963365491771576	-10.418445772843727	2.3985109954127504	39.022413479712895	-12.336891545687454	13.2970219908255	86.54482695942579	-129.4139923142614	139.4857606837595	907.8552348043766	-148.44425590249864	-47.785523307945454	239.8424739922004	3년	13.2970219908255	139.4857606837595	-47.785523307945454	-0.28567658541954616	0.1826395673563896	1.5208328234628192	9.261033185083818	3.4667338014754376	3년	0.1826395673563896	불리(<1)	3년	2.3985109954127504	11.410484052711483	불리	N	주당순현금<=0	292300000.0	0.6252838607102795	-0.8793718345557977		-10.834442855072169	278.0322027587891	268.8341510009766	N	N	중립/개선	단기위험부채 존재
DOV	DOVER Corp	0000029905	S&P 500	제외	PEG=불리, PEGY=불리(<1)	191.8800048828125	7.94	2025	1.1	513075000.0	0.0	513075000.0	2621295000.0	706677000.0	7405206000.0					-15.30168315466297	-20.430819367528688	26.093411591621596	26.739398520194104	-59.17737789203083	2.2834886521603703	44.73784358388186	-109.85475578406167	13.06697730432074	97.97568716776372	-872.2467609254496	103.75179979630668	777.926956112044	-554.5792884767538	-45.92881115483014	305.42366912443526	3년	13.06697730432074	103.75179979630668	-45.92881115483014	-2.225748736921739	0.1296683126420611	1.756682656192035	8.100640890714706	4.2217222662997305	3년	0.1296683126420611	불리(<1)	3년	2.2834886521603703	11.42699420333666	불리	N	주당순현금<=0	137777000.0	-9.306613300453526	-11.449534948112095		-17.757487081271115	197.1198001098633	209.9979499053955	N	N	주의	단기위험부채 존재
AMAT	APPLIED MATERIALS INC /DE	0000006951	S&P 500	보류	PEG=불리, PEGY=불리(<1)	530.27001953125	8.66	2025	39.0	7241000000.0	1332000000.0	8573000000.0	6455000000.0	100000000.0	20415000000.0	15884000000.0	56.24121876635721	43.7587812336428	1.2852556031226392	2.621287128712871	2.4975247524752477	60.92941482708281	60.94370609454674	0.5807200929152232	5.191743203490939	47.74832161975129	9.661440185830447	18.88348640698188	103.99664323950257	83.66807200929168	163.53099228446308	900.6109304540923	-84.2216099482198	-69.1608074638989	69.8400620970836	3년	18.88348640698188	163.53099228446308	-69.1608074638989	0.6496159565169793	0.7252940690290026	1.4237511038952588	7.051980198019802	1.3298847640403348	3년	0.7252940690290026	불리(<1)	3년	5.191743203490939	11.73582984345484	불리	Y		808000000.0	-9.919130954559574	37.47537536375707		-26.65698208419779	487.49120178222654	430.4772499084473	Y	Y	강한 상승추세	단기위험부채 존재
UNP	UNION PACIFIC CORP	0000100885	S&P 500	제외	PEG=불리, PEGY=불리(<1)	276.6099853515625	11.98	2025	2.05	1266000000.0		1266000000.0	31814000000.0	0.0	18467000000.0	51231000000.0	26.49573875864444	73.50426124135556	0.3604653432492046	-51.26363483806008	-51.26363483806008	27.36841570864963	27.36841570864963	8.025247971145182	2.239111936305682	42.34446727212804	24.550495942290365	12.978223872611364	93.18893454425609	294.11494138863856	155.47912199388415	1116.403435840188	6.328389054656802	-43.79121137066866	303.602000998364	3년	12.978223872611364	155.47912199388415	-43.79121137066866	0.3681341323663451	0.1567175821196743	1.6221058516769542	9.228058399060245	3.3361262744480014	3년	0.1567175821196743	불리(<1)	3년	2.239111936305682	12.222888576890382	불리	N	주당순현금<=0	595900000.0	-2.9574877001979916	11.039293755301838		-10.949072918758517	289.49920043945315	265.1724007415771	N	Y	중립/개선	
A	AGILENT TECHNOLOGIES, INC.	0001090872	S&P 500	제외	PEG=불리, PEGY=양호	169.3300018310547	4.57	2025	60.0	1789000000.0	0.0	1789000000.0	2729000000.0	304000000.0	6741000000.0	5986000000.0	52.966134988606896	47.0338650113931	1.1261276311393251	-3.2982456140350878	-4.364912280701755	37.77423357660608	38.00763984939966	3.160270880361187	3.018045520401325	14.719612881567535	14.820541760722374	14.53609104080265	37.93922576313507	67.72987584650126	66.42993605646811	173.38226173752727	-60.00125487857889	-60.76895096077119	2.3931139565660953	3년	14.53609104080265	66.42993605646811	-60.76895096077119	1.6720463898300484	1.6682812476552527	1.9780576813037463	4.042105263157895	2.387117001977486	3년	1.6682812476552529	양호	3년	3.0180455204013246	12.51612453200608	불리	N	주당순현금<=0	285000000.0	26.753504358789314	44.825525558406824		-3.355975490837715	153.8147994995117	133.15074993133544	Y	Y	강한 상승추세	단기위험부채 존재
LII	LENNOX INTERNATIONAL INC	0001069202	S&P 500	보류	PEG=불리, PEGY=불리(<1)	365.6300048828125	4.07	2025	1.51	34200000.0	500000.0	34700000.0		0.0	1163100000.0	2918700000.0	28.49478171394973	71.50521828605028	0.3984993318943365	0.980225988700565	0.980225988700565	89.59454026882356	89.59454026882356	-81.94321206743567	-33.564279747458514	7.0876315210889995	-155.38642413487133	-58.62855949491703	22.675263042178	-632.4227462289264	-238.61823714431233	92.28832058166446	-272.9679560712265	-165.26221424874348	-74.75909543823033	5년	22.675263042178	92.28832058166446	-74.75909543823033	-0.89774680271923	-0.3577704584596493	0.09596155631015318	18.045197740112993	4.935371139985252	5년	0.0959615563101531	불리(<1)	5년	7.0876315210889995	12.640970400653329	불리	Y		35400000.0	-31.975813045058143	-23.52116483597152		-36.184658854550335	394.8455987548828	485.2663491821289	N	N	주의	
MTD	METTLER TOLEDO INTERNATIONAL INC/	0001037646	S&P 500	제외	PEG=불리, PEGY=불리(<1)	1533.0699462890625	42.05	2025	0.0	69807000.0		69807000.0	2088241000.0		-23636000.0	3736282000.0	-0.6366348959744613	100.63663489597445	-0.006326074959010053	-97.64234285817118	-97.64234285817118	38.780316032038854	38.780316032038854	3.8784584980237167	3.064056292120587	36.02403387418598	16.256916996047433	14.628112584241174	80.54806774837196	683.6033596837946	615.1121341673413	3387.046248819041	-55.40951270106626	-59.877099172397386	120.93227103027489	3년	14.628112584241174	615.1121341673413	-59.877099172397386	0.10001100802838941	0.07901060655589237	0.9289257427511489	41.05359847381745	2.6778685847434085	3년	0.0790106065558923	불리(<1)	3년	3.064056292120587	12.656528580028006	불리	N	주당순현금<=0	20671708.0	19.025319718787735	15.899326784206425		-0.7888681127787289	1416.69939453125	1320.1218475341798	Y	Y	강한 상승추세	
WEC	WEC ENERGY GROUP, INC.	0000783325	S&P 500	제외	PEG=불리, PEGY=불리(<1)	103.19000244140625	4.81	2025	3.76	27600000.0		27600000.0	18498100000.0	1924700000.0	9491800000.0					-57.042927733168625	-62.987029030265596	33.312459495753615	34.54823939119997	-0.41407867494824974	2.627012926537597	44.632634440111204	7.671842650103501	13.754025853075195	97.76526888022241	36.90156314699784	66.15686435329168	470.25094331386975	-64.23920702206453	-35.88830042827343	355.71366623514666	3년	13.754025853075195	66.15686435329168	-35.88830042827343	0.10044053713530997	0.1917304523057434	1.45268872886074	2.107782581840642	2.04262286265328	3년	0.1917304523057434	불리(<1)	3년	2.6270129265375974	12.68073680157312	불리	N	주당순현금<=0	323800000.0	-10.183651327703247	-12.013980631433885		-13.176269443642209	106.12360000610352	111.25050010681153	N	N	주의	단기위험부채 존재
CSCO	CISCO SYSTEMS, INC.	0000858877	S&P 500	제외	PEG=불리, PEGY=불리(<1)	117.94000244140625	3.33	2026	1.49	7218000000.0	8700000000.0	15918000000.0	19372000000.0	31000000.0	50285000000.0	79352000000.0	38.78908027800705	61.21091972199295	0.6336954330073596	-0.8663155254577376	-0.8740907950840231	35.677572963022214	35.67990787882591	30.58823529411766	2.746874400366228	5.901191149181684	69.67647058823532	13.993748800732456	20.30238229836337	232.02264705882362	46.59918350643908	67.60693305355002	96.72938973703577	-60.4890770376319	-42.67684275558854	3년	13.993748800732456	46.59918350643908	-60.4890770376319	0.8991148396603361	0.11875455779342134	0.20716631024319496	3.202157010283421	2.7150728709491796	3년	0.1187545577934213	불리(<1)	3년	2.746874400366228	12.988425301959742	불리	N	주당순현금<=0	3987000000.0	-0.3127336022505256	40.90801283342598		-9.276921198918265	112.13679977416992	98.10499992370606	Y	Y	강한 상승추세	단기위험부채 존재
AFL	AFLAC INC	0000004977	S&P 500	제외	PEG=불리, PEGY=불리(<1)	113.62999725341797	6.82	2025	2.17	6245000000.0		6245000000.0			29490000000.0	86980000000.0	25.31982484760024	74.68017515239977	0.3390434582662681	11.675559660333759	11.675559660333759	14.949331025378916	14.949331025378916	-29.179646936656283	1.1501008285269565	38.25795257148448	-49.859293873312566	10.800201657053913	85.01590514296896	-340.0403842159917	73.65737530110769	579.8084730750484	-399.2523034719719	-35.17787812945487	410.26004320140726	3년	10.800201657053913	73.65737530110769	-35.17787812945487	-1.8067461942479581	0.22209026095485787	2.704331886346718			3년	0.2220902609548578	불리(<1)	3년	1.1501008285269565	12.99827863312293	불리	N	FCF<=0	534878000.0	-6.853021359740874	0.5575196932902315		-12.288695811129768	118.27040023803711	115.06730010986328	N	N	판정불가	
LUV	SOUTHWEST AIRLINES CO	0000092380	S&P 500	보류	PEG=불리, PEGY=불리(<1)	42.45000076293945	0.79	2025	1.72	3231000000.0	0.0	3231000000.0	2883000000.0	271000000.0	7981000000.0					0.6236559139784946	0.13799283154121864	52.94474031514045	53.55950371063067	3.947368421052635	-3.1641996800259364		16.39473684210527	2.171600639948127		12.951842105263164	1.7155645055590205		-69.48918286811754	-95.95862314552237		1년	16.39473684210527	12.951842105263164	-69.48918286811754	0.10704308657137666	-0.027277491048774544		0.7078853046594982	1.6675743037383177	1년	0.1070430865713766	불리(<1)	1년	3.947368421052635	13.412667546502236	불리	Y		558000000.0	-13.754571901383962	5.074255345627621		-22.53649387967317	42.09839988708496	43.52349990844726	Y	N	판정불가	단기위험부채 존재
COO	COOPER COMPANIES, INC.	0000711404	S&P 500	제외	PEG=불리, PEGY=불리(<1)	56.43000030517578	1.87	2025	0.0	110600000.0		110600000.0	2455700000.0	47100000.0	8238900000.0	4155700000.0	66.47168928404305	33.52831071595695	1.9825540823447314	-11.7255	-11.961	36.44679160704587	36.57272743592287	-4.59183673469387	-37.77093222139564	2.6595962043162835	-0.68367346938774	-67.04186444279128	13.819192408632567	-1.278469387755074	-125.3682865080197	25.8418898041429	-102.26558458415924	-322.16602131848805	-54.20540552119637	5년	13.819192408632567	25.8418898041429	-54.20540552119637	-0.12598740608504425	-1.0363307867706466	0.07297202543891772	2.1685	3.8428140851899024	5년	0.0729720254389177	불리(<1)	5년	2.6595962043162835	13.70388164485121	불리	N	주당순현금<=0	200000000.0	-20.543504685331506	-21.329990709220947		-33.076375107435396	66.41800018310546	71.12649991989136	N	N	주의	단기위험부채 존재
AJG	Arthur J. Gallagher & Co.	0000354190	S&P 500	제외	PEG=불리, PEGY=불리(<1)	229.85000610351562	5.74	2025	1.23	738400000.0		738400000.0	12104000000.0	640000000.0	23321000000.0	47318000000.0	33.014340520109286	66.98565947989071	0.49285684094847626	-44.3795392424834	-46.87856306130418	47.77518211602771	48.210552119306584	-11.69230769230769	3.4145178584730878	51.46625205903632	-14.88461538461538	15.329035716946175	111.43250411807264	-85.43769230769229	87.98866501527104	639.622573637737	-137.171063754166	-61.7190938965456	178.27824957710706	3년	15.329035716946175	87.98866501527104	-61.719093896545594	-0.2189904303640064	0.09721612043661755	1.1030047343630676	6.68566966028895	2.9087098032435903	3년	0.0972161204366175	불리(<1)	3년	3.4145178584730873	13.991779834296118	불리	N	주당순현금<=0	256100000.0	-9.42228441082198	4.098733209544569		-25.80936447667589	248.83959991455077	232.72780006408692	N	N	판정불가	단기위험부채 존재
TRMB	TRIMBLE INC.	0000864749	S&P 500	제외	PEG=불리, PEGY=불리(<1)	60.95000076293945	1.76	2025	0.0	253400000.0	0.0	253400000.0	1392200000.0	0.0	5836200000.0	3475800000.0	62.67396907216495	37.32603092783505	1.6790954600379768	-4.715527950310559	-4.715527950310559	37.30995949616478	37.30995949616478	-71.10016420361248	-0.7462964697448338	2.573740723547502	-133.70032840722496	7.0074070605103325	13.647481447095004	-235.31257799671593	12.333036426498186	24.019567346887207	-486.0747744892521	-79.76532194894202	-60.59135841472825	5년	13.647481447095004	24.019567346887207	-60.59135841472825	-1.905661790142686	-0.020002607341922957	0.06898267267784264	1.4944099378881988	2.4518620495192387	5년	0.0689826726778426	불리(<1)	5년	2.573740723547502	14.496393966498225	불리	N	주당순현금<=0	241500000.0	15.632710722042376	-8.675452931012506		-27.02346358631068	58.465400009155275	62.472149963378904	Y	N	중립/개선	
VTR	Ventas, Inc.	0000740260	S&P 500	제외	PEG=불리, PEGY=불리(<1)	81.86000061035156	0.54	2025	2.56	741067000.0		741067000.0	13011016000.0	0.0	12527253000.0	14630983000.0	46.12690235109526	53.87309764890473	0.8562140356529702	-26.52302454524821	-26.52302454524821	200.70930584370325	200.70930584370325	184.21052631578948		13.239815312499648	376.92105263157896		34.979630624999295	203.53736842105266		18.88900053749962	148.6408098014532		-76.92523772701875	5년	34.979630624999295	18.88900053749962	-76.92523772701875	0.9305524003019162		0.07871989415778914	3.220825092139252	3.934552978407826	5년	0.0787198941577891	불리(<1)	5년	13.239815312499648	15.159524593535268	불리	N	주당순현금<=0	462615000.0	-10.769563422150274	-2.605594719678539		-18.57156907952754	89.95679962158204	85.94380012512207	N	N	주의	
GLW	CORNING INC /NY	0000024741	S&P 500	제외	PEG=불리, PEGY=불리(<1)	168.97000122070312	1.83	2025	70.0	1526000000.0		1526000000.0	3458000000.0	75000000.0	11807000000.0	18669000000.0	38.741960887255544	61.258039112744456	0.6324388022925705	-2.2181400688863375	-2.304247990815155	93.54543239868276	93.59248590793348	215.51724137931038	5.9197116093949065	27.64725090252995	439.53448275862075	20.33942321878981	63.7945018050599	804.348103448276	37.221144490385356	116.74393830325963	376.0301222923368	-77.97174396550527	-30.908482298717345	3년	20.33942321878981	37.221144490385356	-77.97174396550527	3.0521772582381135	0.8115811714443896	1.043848410325002			3년	0.8115811714443896	불리(<1)	3년	5.9197116093949065	15.80236311684864	불리	N	주당순현금<=0 | FCF<=0	871000000.0	-12.168626191879707	2.3440308746936367		-33.916070394882105	153.71280014038086	151.29025032043458	Y	Y	강한 상승추세	단기위험부채 존재
TSCO	TRACTOR SUPPLY CO /DE/	0000916365	S&P 500	제외	PEG=불리, PEGY=불리(<1)	32.290000915527344	2.06	2025	3.06	194109000.0	15900000.0	210009000.0	1764974000.0		2581293000.0	8352386000.0	23.608640787789728	76.39135921221028	0.30904857605958347	-2.9218889168661613	-2.9218889168661613	17.093150404074514	17.093150404074514	0.980392156862746	-40.358393897568654	-20.235562235652548	10.460784313725492	-72.21678779513731	-31.971124471305096	21.549215686274515	-148.76658285798285	-65.8605164108885	-33.263502399245496	-560.7202807059855	-303.9656690725519	1년	10.460784313725492	21.549215686274515	-33.263502399245496	0.23637492570706176	-2.182066676759469	-1.0048213365956453	1.3914310625392257	4.309170093179297	1년	0.2363749257070617	불리(<1)	1년	0.980392156862746	17.43501341215599	불리	N	주당순현금<=0	532178000.0	7.204515324804928	-28.688158599749958		-42.71775496298079	33.53580005645752	39.697449922561646	N	N	중립/개선	
HSY	HERSHEY CO	0000047111	S&P 500	제외	PEG=불리, PEGY=불리(<1)	160.8000030517578	0.9006880540124623	2014	3.61	587998000.0	0.0	587998000.0	4089755000.0	218546000.0	4636750000.0	9104547000.0	33.743175771544706	66.25682422845529	0.5092784956791371	-15.574647411235695	-16.54666714108443	195.82212695867855	196.90132382991325	9.97663734289587			28.45327468579174			25.62752460702782			-84.06248499959362			1년	28.45327468579174	25.62752460702782	-84.06248499959362	0.06938254401538012			8.106961932422156	5.041642897116557	1년	0.0693825440153801	불리(<1)	1년	9.97663734289587	19.62806908062253	불리	N	주당순현금<=0	224837000.0	-6.3209969301075475	-23.058520108504666		-31.945148179064876	175.56439971923828	190.66764999389648	N	N	주의	단기위험부채 존재
ANET	Arista Networks, Inc.	0001596532	S&P 500	보류	PEG=불리, PEGY=불리(<1)	206.89999389648438	2.75	2025	0.0	1963900000.0	8779100000.0	10743000000.0	0.0	98793000.0	12370500000.0	7078100000.0	63.60612074905134	36.39387925094865	1.7477147822155663	8.4212589166732	8.343816728070863	72.17408544720406	72.20224624305946	23.318385650224215	-13.642192783183182	3.548578845590522	55.13677130044843	-18.784385566366364	15.597157691181044	151.62612107623318	-51.6570603075075	42.892183650747874	-26.715260730218127	-124.967163765772	-79.26912280519082	5년	15.597157691181044	42.892183650747874	-79.26912280519082	0.3230852944756994	-0.189017882230909	0.049166938847965545	3.4147127067492358	1.6504170166663588	5년	0.0491669388479655	불리(<1)	5년	3.548578845590522	20.33887045708111	불리	Y		1275700000.0	14.277818508148087	54.818912632014396		-1.7102166762544502	194.075	159.32179988861083	Y	Y	강한 상승추세	단기위험부채 존재
ELV	Elevance Health, Inc.	0001156039	S&P 500	보류	PEG=불리, PEGY=불리(<1)	400.0899963378906	25.21	2025	1.74	9491000000.0	25884000000.0	35375000000.0	30797000000.0	150000000.0	43882000000.0	77468000000.0	36.16151627523691	63.83848372476309	0.5664532452109258	20.382902938557436	19.715048975957256	15.061764910723252	15.088256539545155	-1.8302180685358211	0.5345551244794411	63.01431604750667	4.839563862928358	9.569110248958882	134.52863209501334	122.00540498442392	241.23726937625344	3391.4668151152864	-69.50550973501825	-39.70424864796676	747.6759844430272	3년	9.569110248958882	241.23726937625344	-39.70424864796676	-0.005989873635033981	0.1510151790285923	4.299251543981058	14.131789848619768	3.532152760121739	3년	0.1510151790285923	불리(<1)	3년	0.5345551244794411	28.17626138256677	불리	Y		224600000.0	-4.828853589094717	25.723527802372924		-6.256006858750284	397.9900012207031	366.2836503601074	Y	Y	강한 상승추세	단기위험부채 존재
PHM	PULTEGROUP INC/MI/	0000822416	S&P 500	보류	PEG=불리, PEGY=안심	116.0999984741211	11.12	2025	91.0	1980869000.0		1980869000.0	43900000.0		12985442000.0	5062981000.0	71.9477928902708	28.0522071097292	2.564781894302981	9.707317439873307	9.707317439873307	9.567687143367607	9.567687143367607	-24.302246426140233	0.3319275999318138	47.00020978752231	-40.104492852280465	9.163855199863628	102.50041957504462	-445.96196051735876	101.90206982248354	1139.8046656744962	-484.11883409004906	-12.22905154025674	881.7439109859771	3년	9.163855199863628	101.90206982248354	-12.22905154025674	6.97114700495774	9.545873128099073	14.423570474206516	8.762951232102317	7.54776171168994	3년	9.545873128099071	안심	3년	0.33192759993181387	28.824620626103545	불리	Y		199537000.0	-6.159071024408391	-3.6034572229409867		-18.56060573626013	124.40479965209961	124.59444995880126	N	N	주의	
TSLA	Tesla, Inc.	0001318605	S&P 500	보류	PEG=불리, PEGY=불리(<1)	380.67999267578125	1.08	2025	0.0	16513000000.0	27546000000.0	44059000000.0	0.0	50841000.0	82137000000.0	54941000000.0	59.919899619194915	40.08010038080509	1.4950037312753681	12.488378684807257	12.473967970521542	340.9181611027537	340.9315043567219	-47.05882352941176	-33.18021688674605	11.032151746146003	-85.61764705882352	-57.860433773492105	30.564303492292005	-92.46705882352941	-62.489268475371475	33.00944777167537	-124.28997073725438	-116.41517013703226	-91.32881989945058	5년	30.564303492292005	33.00944777167537	-91.32881989945058	-0.1380355431262229	-0.09732604675391711	0.032360117485266154	1.7630385487528344	0.46312876501875544	5년	0.0323601174852661	불리(<1)	5년	11.032151746146003	30.9022363857396	불리	Y		3528000000.0	-6.3632999370206615	10.904586358567014		-22.291175618232007	350.3269976806641	392.19349929809573	Y	N	판정불가	단기위험부채 존재
ACN	Accenture plc	0001467373	S&P 500	보류	PEG=불리, PEGY=불리(<1)	193.39999389648438	2.25	2025	3.51	11478729000.0	5945000.0	11484674000.0		99963000.0	31195446000.0					18.246493818420028	18.087675704682475	77.84600003469527	77.91658586302306	-15.41353383458647	-4.705085797437691	2.4863174611353456	-22.32706766917294	-0.9101715948753828	13.472634922270691	-50.23590225563912	-2.0478860884696113	30.313428575109054	-125.97513125182797	-101.0588863252838	-84.32604470952877	5년	13.472634922270691	30.313428575109054	-84.32604470952877	-0.1529113098846591	-0.015351922987758556	0.07702794566789353	17.276845866001423	8.933219447384626	5년	0.0770279456678935	불리(<1)	5년	2.4863174611353456	31.309758810585624	불리	Y		629418129.0	39.0766556104635	-0.22699259684222373		-32.97290213867359	181.84059875488282	195.12789962768554	Y	N	중립/개선	단기위험부채 존재
URI	UNITED RENTALS, INC.	0001067701	S&P 500	제외	PEG=불리, PEGY=불리(<1)	1080.6199951171875	10.27	2025	73.0	459000000.0		459000000.0	14302000000.0		8968000000.0	20898000000.0	30.027455969999327	69.97254403000068	0.4291319743516126	-214.2746579159185	-214.2746579159185	126.08516582600836	126.08516582600836	-1.9102196752626655	3.924142525332664	20.2179802192882	4.679560649474669	16.348285050665325	48.9359604385764	48.05908787010485	167.89688747033287	502.57231370417963	-95.5526375518442	-84.46291127047623	-53.492225206356814	3년	16.348285050665325	167.89688747033287	-84.46291127047623	0.5638235065879035	0.6100966915607217	0.7393255154847054	77.28623614636865	7.152027215449347	3년	0.6100966915607217	불리(<1)	3년	3.9241425253326634	32.1306285416633	불리	N	주당순현금<=0	64604000.0	-0.7394388109506322	42.057867416290186		-7.228580815440456	1062.5846081542968	950.5198034667969	Y	Y	강한 상승추세	
RF	REGIONS FINANCIAL CORP	0001281761	S&P 500	제외	PEG=불리, PEGY=불리(<1)	27.049999237060547	2.3	2025	4.05	3538000000.0		3538000000.0	4134000000.0	750000000.0	19043000000.0	139711000000.0	11.995288307696184	88.00471169230381	0.13630279648703394	-0.6651785714285714	-1.5022321428571428	12.050077308038748	12.414013643442475	19.170984455958546	0.2915468391792686	17.429746204664866	46.84196891191709	9.083093678358537	43.35949240932973	107.73652849740931	20.891115460224633	99.72683254145838	298.28662305395596	-22.768517377249232	268.6759162818203	3년	9.083093678358537	20.891115460224633	-22.768517377249232	1.9270402888176954	0.3602920320090371	1.782540116181286			3년	0.3602920320090371	불리(<1)	3년	0.2915468391792686	41.33153129686068	불리	N	주당순현금<=0 | FCF<=0	896000000.0	-11.543494752951256	-1.5289409784941754		-16.512351965616865	29.81539993286133	28.692099962234497	N	N	주의	단기위험부채 존재
ON	ON SEMICONDUCTOR CORP	0001097864	S&P 500	제외	PEG=불리, PEGY=불리(<1)	86.30999755859375	0.29	2025	0.0	2147600000.0	400000000.0	2547600000.0	2980500000.0	0.0	7673300000.0	4832200000.0	61.359401863180196	38.6405981368198	1.587951657630065	-1.0512384652744051	-1.0512384652744051	301.24564146161435	301.24564146161435	-92.01101928374655	-59.13642526295217	6.668390127527379	-175.5220385674931	-109.77285052590435	21.83678025505476	-50.901391184572994	-31.834126652512257	6.33266627396588	-158.97508124712581	-136.8834753249771	-92.66288210740964	5년	21.83678025505476	6.33266627396588	-92.66288210740964	-0.305435188497062	-0.19630632654476934	0.022136055131529882	3.4448761534725594	3.991282876741964	5년	0.0221360551315298	불리(<1)	5년	6.668390127527379	45.1751675742636	불리	N	주당순현금<=0	411800000.0	-11.811591768236662	26.22111878525932		-35.55588570251501	76.57300003051758	80.77664993286133	Y	Y	중립/개선	
WSM	WILLIAMS SONOMA INC	0000719955	S&P 500	보류	PEG=불리, PEGY=불리(<1)	242.25	8.84	2025	1.27	1019801000.0		1019801000.0	299620000.0	0.0	2082559000.0	3329353000.0	38.48102112525111	61.51897887474889	0.6255146270161199	5.847855919060031	5.847855919060031	26.74232399105656	26.74232399105656	0.5688282138794165	-18.483779224854192	0.5286435792482447	9.637656427758833	-28.467558449708385	9.55728715849649	85.19688282138807	-251.65321669542212	84.48641848110897	-64.831008123266	-203.88161679893585	-65.12428545671456	5년	9.55728715849649	84.48641848110897	-65.12428545671456	0.06876097284941939	-0.6436904747175676	0.06725831232355743	8.57024189422913	3.53776755179737	5년	0.0672583123235574	불리(<1)	5년	0.5286435792482447	50.58668078232476	불리	Y		123153000.0	10.228873499801816	29.17933214786761		-3.785049974382837	234.05460021972655	209.39979995727538	Y	Y	강한 상승추세	
NOW	ServiceNow, Inc.	0001373715	S&P 500	보류	PEG=불리, PEGY=불리(<1)	136.0800018310547	1.67	2025	0.0	3726000000.0	2558000000.0	6284000000.0		0.0	12964000000.0	13074000000.0	49.788770258852445	50.211229741147555	0.9915863545969099	6.003682080002599	6.003682080002599	77.8900118269773	77.8900118269773	-75.58479532163743	1.437568278374224	23.132555206176452	-142.66959064327486	11.375136556748448	54.765110412352904	-238.258216374269	18.996478049769905	91.45773438862935	-275.0868703470992	-86.04021326120034	-32.791201383010375	3년	11.375136556748448	18.996478049769905	-86.04021326120034	-0.9704042090729089	0.018456387984220595	0.2969900076220615	4.37187288321004	3.2127225340853416	3년	0.0184563879842205	불리(<1)	3년	1.4375682783742239	54.1817825272722	불리	Y		1046691000.0	26.25719370224551	35.33565161704462		-28.098149092348013	129.93539978027343	115.66269004821777	Y	Y	강한 상승추세	
LEN	LENNAR CORP /NEW/	0000920760	S&P 500	제외	PEG=불리, PEGY=불리(<1)	77.41000366210938	14.31	2024	2.69	3756305000.0		3756305000.0	5874995000.0		21959417000.0	12289828000.0	64.1164995023978	35.88350049760221	1.7867961211499461	-7.788757402975527	-7.788757402975527	5.953791828447582	5.953791828447582	4.224326292789512	0.0933489456862446	46.369977497318125	16.948652585579026	8.68669789137249	101.23995499463625	242.53521849963587	124.30664682554033	1448.7437559732448	213.3125010021824	60.58214823000443	1771.5200716136583	3년	8.68669789137249	124.30664682554033	60.58214823000443	1.1613315500472217	0.46749181460917605	8.24012308641806	0.10360673335318489	0.1338415301017461	3년	0.467491814609176	불리(<1)	3년	0.09334894568624463	63.77995792752589	불리	N	주당순현금<=0	272019000.0	-8.227616997694353	-12.659363577804806		-41.85382646815838	83.36220001220703	93.87709991455078	N	N	주의	
DHR	DANAHER CORP /DE/	0000313616	S&P 500	보류	PEG=불리, PEGY=보통	215.61000061035156	5.05	2025	72.0	19912300000.0		19912300000.0	18416000000.0	764600000.0	52534000000.0	8444400000.0	86.15181769282238	13.848182307177623	6.221164321917484	2.089512637899735	1.0217846669459574	42.281284747020166	42.49271602839715	-4.536862003780722	-19.44272804312125	0.6459964100776094	-0.5737240075614434	-30.3854560862425	9.791992820155219	-2.8973062381852888	-153.44655323552462	49.449563741783855	-101.3437717313592	-171.16856954739862	-77.06527359500886	5년	9.791992820155219	49.449563741783855	-77.06527359500886	1.5955791882831525	1.2430386699775673	1.7181596265283174	7.345342829213797	3.4067727880991168	3년	1.2430386699775673	보통	5년	0.6459964100776094	65.45126890401842	불리	Y		716100000.0	10.016330906600835	9.898566658484675		-10.923363812456788	209.76940002441407	201.55024993896484	Y	Y	강한 상승추세	단기위험부채 존재
WAT	WATERS CORP /DE/	0001000697	S&P 500	제외	PEG=불리, PEGY=불리(<1)	436.42999267578125	3.77	2025	0.0	587831000.0	934000.0	588765000.0	947445000.0		2561242000.0	2515308000.0	50.45241354857137	49.54758645142863	1.0182617794719375	-6.0017067416294365	-6.0017067416294365	117.35588843963149	117.35588843963149	-2.8350515463917496	-0.3511881428137187	1.5554382507588116	2.829896907216501	7.797623714372563	11.610876501517623	10.668711340206208	29.397041403184563	43.77300441072144	-97.55545871749199	-93.26420230127876	-89.97021168450266	5년	11.610876501517623	43.77300441072144	-89.97021168450266	-0.024157727269476688	-0.0029925055102315704	0.013254028165437455			5년	0.0132540281654374	불리(<1)	5년	1.5554382507588116	75.4487607478986	불리	N	주당순현금<=0 | FCF<=0	59763000.0	15.724017454245075	37.01378028704132		-1.5408602038011865	412.79700134277346	364.1497508239746	Y	Y	강한 상승추세	
TMO	THERMO FISHER SCIENTIFIC INC.	0000097745	S&P 500	제외	PEG=불리, PEGY=불리(<1)	656.5800170898438	17.74	2025	28.000000000000004	9852000000.0	253000000.0	10105000000.0	19107000000.0	693000000.0	53407000000.0					-23.814814814814813	-25.64814814814815	38.353710930364066	38.45705553765456	7.3200241984270855	0.2075477652143886	2.137246520494207	23.14004839685417	8.915095530428777	12.774493040988414	410.5044585601929	158.1537947098065	226.61950654713445	-37.47838071897623	-75.9124873445295	-65.48486084733756	3년	8.915095530428777	158.1537947098065	-75.9124873445295	0.9209023935794632	0.7354581103358866	0.7857713318852543	16.64814814814815	2.5355855668495138	3년	0.7354581103358866	불리(<1)	3년	0.20754776521438867	184.7946225330164	불리	N	주당순현금<=0	378000000.0	25.13197568085701	30.41354392277027		-3.388703632687995	621.5598022460938	543.6110005187988	Y	Y	강한 상승추세	단기위험부채 존재
CNP	CENTERPOINT ENERGY INC	0001130310	S&P 500	제외	PEG=불리, PEGY=불리(<1)	38.560001373291016	1.6	2025	2.54	38000000.0	510000000.0	548000000.0	20566000000.0	500000000.0	11153000000.0					-30.53153359261801	-31.294135590635246	43.182209353693146	43.65883560245391	1.2658227848101276	0.2092056307007928		11.031645569620256	8.918411261401586		17.65063291139241	14.269458018242538		-54.22553868574729	-62.99414546150295		3년	8.918411261401586	14.269458018242538	-62.994145461502946	0.08813404505632678	0.06366523788032323		-3.6360863265461756	-9.42968412097814	3년	0.0636652378803232	불리(<1)	3년	0.2092056307007928	206.41035907610257	불리	N	주당순현금<=0 | FCF<=0	655650000.0	-10.987992509385725	-11.721609194398475		-14.38721005887541	39.43760009765625	41.3825500869751	N	N	주의	단기위험부채 존재
MCD	MCDONALDS CORP	0000063908	S&P 500	제외	PEG=불리, PEGY=불리(<1)	232.4499969482422	11.95	2025	3.31	774000000.0		774000000.0	39973000000.0	798000000.0	-1791000000.0					-54716638.74930207	-55830541.59687325	4578817.673581508	4672031.300993322	4.91659350307286	12.78230543570502	13.62338129334184	18.33318700614572	34.06461087141004	35.74676258668368	219.08158472344135	407.07209991335	427.17381291086997	-5.751091589722613	75.12243719409017	83.77019510393258	3년	34.06461087141004	407.07209991335	75.12243719409017	1.7966632632126833e-06	3.514511077510927e-06	3.6981995136086536e-06	10030709.10106086	4315211.543450491	3년	3.514511077510927e-06	불리(<1)	3년	12.782305435705021	358215.32325392746	불리	N	주당순현금<=0	716.4	-15.928241470442018	-24.285857283383947		-31.84483709253897	257.84800109863284	288.97515029907225	N	N	주의	단기위험부채 존재
GM	General Motors Co	0001467858	S&P 500	보류	PEG=판정불가, PEGY=안심	82.01000213623047	3.27	2025	90.0	20945000000.0	5966000000.0	26911000000.0			61119000000.0	218116000000.0	21.88801547083997	78.11198452916003	0.28021328100643694	27.65775950668037	27.65775950668037	16.62148092646792	16.62148092646792	-48.665620094191524	-18.898461530269618	-5.460789481150885	-88.83124018838305	-29.296923060539235	-2.421578962301769	-290.47815541601256	-95.8009384079633	-7.918563206726785	-454.1984487861448	-216.8161637757601	-109.65560663389924	판정불가				2.486804881506552	4.277689742826034	5.086141896311388	18.051387461459402	22.011202281733194	3년	4.277689742826034	안심	판정불가			판정불가	Y		973000000.0	6.992825184148099	6.867350038002806		-9.180510116678198	85.27160034179687	80.67490005493164	N	Y	상승전환	
HUM	HUMANA INC	0000049071	S&P 500	보류	PEG=판정불가, PEGY=양호	404.2699890136719	9.84	2025	88.0	4200000000.0	15703000000.0	19903000000.0	12369000000.0	1694000000.0	17657000000.0	31172000000.0	36.1608879968871	63.83911200311291	0.5664378288207366	62.35412907817854	48.33396785460083	34.747546741411924	36.172359873889334	-1.4028056112224505	-23.616654426020823	-17.217108695019935	5.694388777555099	-38.733308852041645	-25.93421739003987	56.03278557114218	-381.1357591040898	-255.1926991179923	-86.13976127492184	-194.2775297355056	-163.12432435081448	판정불가				2.492181535382224	1.8528889550998855	2.037061546581688	3.103636634499197	0.7677138345271126	3년	1.8528889550998853	양호	판정불가			판정불가	Y		120826000.0	1.6366600684374566	103.77538699401083		-1.349438492929056	386.1231982421875	294.6982495880127	Y	Y	강한 상승추세	단기위험부채 존재
ODFL	OLD DOMINION FREIGHT LINE, INC.	0000878927	S&P 500	제외	PEG=판정불가, PEGY=보통	178.02000427246094	4.84	2025	65.0	120091000.0	0.0	120091000.0	45000000.0	20000000.0	4311057000.0	1159103000.0	78.81043698904602	21.189563010953975	3.719304496666819	0.3548757549693286	0.2603569031843401	36.70767118129992	36.72719986968525	-11.67883211678833	-26.48103950985108	-3.150049031832014	-14.85766423357666	-44.46207901970216	2.199901936335972	-71.91109489051104	-215.19646245535844	10.647525371866104	-140.39495178331228	-220.88330372467505	-94.01891634854138	판정불가				1.4525892318217999	1.0493436181201201	1.6849325761552632			3년	1.04934361812012	보통	판정불가			판정불가	N	FCF<=0	211598000.0	-21.17777309650919	-14.219628333453183		-28.428413407980933	194.530400390625	200.02375	N	N	주의	단기위험부채 존재
KLAC	KLA CORP	0000319201	S&P 500	제외	PEG=판정불가, PEGY=불리(<1)	197.4600067138672	3.66	2026	44.0	1649842000.0	1475936000.0	3125778000.0	3469670000.0	0.0	6349820000.0	11601715000.0	35.37201693337088	64.62798306662913	0.5473173578216669	-0.26059669620265635	-0.26059669620265635	54.02202278963657	54.02202278963657	-87.94863351992097	-46.684357143962295	-2.244895179579909	-167.39726703984195	-84.86871428792459	4.010209640840182	-612.6739973658216	-310.619494293804	14.677367285475068	-410.2775126781127	-257.3075477222648	-92.56691644564586	판정불가				-0.8135318014850779	-0.049690052414646975	0.7729274592885158	2.854683082341833	1.445701906856744	5년	0.7729274592885158	불리(<1)	판정불가			판정불가	N	주당순현금<=0	1319633000.0	-13.96828030751326	18.074084428368398		-34.55304354968066	187.02740051269532	178.6344751739502	Y	Y	강한 상승추세	
CEG	Constellation Energy Corp	0001868275	S&P 500	제외	PEG=판정불가, PEGY=불리(<1)	267.6199951171875	7.4	2025	64.0	3641000000.0		3641000000.0	7250000000.0	1650000000.0	14517000000.0	42396000000.0	25.50735332876496	74.49264667123504	0.3424143787149731	-11.493630573248408	-16.748407643312103	37.71805752573458	38.428162535202645	-37.76282590412111			-67.02565180824222			-495.98982338099245			-285.3336194718203			판정불가				0.6956130781119251			4.101910828025478	1.5327370536081586	1년	0.6956130781119251	불리(<1)	판정불가			판정불가	N	주당순현금<=0	314000000.0	9.447076084207406	-1.8196462320843043		-33.74922960021407	271.3398992919922	287.3016498565674	N	N	중립/개선	단기위험부채 존재
IBKR	Interactive Brokers Group, Inc.	0001381197	S&P 500	제외	PEG=판정불가, PEGY=불리(<1)	90.58000183105469	2.22	2025	39.0	4963000000.0		4963000000.0		16000000.0	5363000000.0	182768000000.0	2.850673201120496	97.14932679887951	0.02934321106539438	11.1814650484052	11.145417609200186	35.76510665885112	35.7813442440786	-67.96536796536795	-16.033270923831843	-1.7104104038610624	-127.43073593073589	-23.566541847663686	5.079179192277875	-282.8962337662337	-52.31772290181339	11.275777806856883	-412.3164363518978	-157.75858008856503	-87.55158138781239	판정불가				-0.8098778578142342	0.6421546367871482	1.0426248676350738			3년	0.6421546367871482	불리(<1)	판정불가			판정불가	N	FCF<=0	443859546.0	-4.932826415257507	25.266221669633595		-7.750280498152284	90.55780014038086	81.552799949646	Y	Y	강한 상승추세	단기위험부채 존재
TPL	Texas Pacific Land Corp	0001811074	S&P 500	보류	PEG=판정불가, PEGY=불리(<1)	355.1600036621094	6.97	2025	70.0	144809000.0		144809000.0			1458907000.0	164371000.0	89.87413123322068	10.12586876677932	8.875695834423347	2.0978453048822923	2.0978453048822923	50.65454208855482	50.65454208855482	-64.65517241379311	-50.58674419585327		-120.81034482758622	-92.67348839170654		-842.0481034482759	-645.9342140901946		-337.0897890431886	-281.8713276917073		판정불가				0.1055152680457165	0.3832480761588618		7.633813495643156	2.1494012323825125	3년	0.3832480761588618	불리(<1)	판정불가			판정불가	Y		69027492.0	-9.112773844645627	-20.772730295967		-34.20403895603295	362.895400390625	397.66690032958985	N	N	주의	
VZ	VERIZON COMMUNICATIONS INC	0000732712	S&P 500	제외	PEG=판정불가, PEGY=불리(<1)	45.97999954223633	4.06	2025	6.17	19048000000.0	350000000.0	19398000000.0	89658000000.0	441000000.0	105741000000.0					-16.606003308910424	-16.71023398723706	15.415271638213488	15.440944219082118	-1.932367149758456	-7.0765828174263685	-1.1420692869857585	4.635265700483088	-5.653165634852737	6.215861426028483	18.819178743961334	-22.95185247750211	25.236397389675638	-59.070946212875874	-149.9170350282822	-45.11440269481957	판정불가				0.27489835727167594	-0.05881069362274531	0.32616556042712325			5년	0.3261655604271232	불리(<1)	판정불가			판정불가	N	주당순현금<=0 | FCF<=0	4231000000.0	8.854161257470118	-4.288096032540222		-10.631683458872331	48.28040023803711	46.465400066375736	N	N	중립/개선	단기위험부채 존재
UPS	UNITED PARCEL SERVICE INC	0001090727	S&P 500	제외	PEG=판정불가, PEGY=불리(<1)	93.11000061035156	6.56	2025	7.04	5887000000.0	206000000.0	6093000000.0	17321000000.0	2341000000.0	16227000000.0					-13.209411764705882	-15.963529411764705	16.20722749619778	16.627062503371384	-2.8148148148148207	-20.79061596362501		2.8703703703703587	-33.08123192725003		18.82962962962955	-217.01288144276018		-79.77700622253442	-333.0715068415901		판정불가				0.2606975922424985	-0.8484249367666933		5.605882352941176	6.020709178599166	1년	0.2606975922424985	불리(<1)	판정불가			판정불가	N	주당순현금<=0	850000000.0	-15.920171205986556	-7.3071145454316255		-22.408332824707035	101.11320022583008	104.92140003204345	N	N	주의	단기위험부채 존재
IR	Ingersoll Rand Inc.	0001699150	S&P 500	제외	PEG=판정불가, PEGY=불리(<1)	78.55000305175781	1.45	2025	10.0	1248800000.0		1248800000.0	2778100000.0	0.0	10089800000.0	8143200000.0	55.33812318323918	44.661876816760824	1.2390460752529717	-3.813715710723192	-3.813715710723192	56.802564663780004	56.802564663780004	-29.611650485436897	-0.455587184000239		-50.723300970873794	7.588825631999522		-73.548786407767	11.003797166399307		-193.6330789946686	-85.99134724520795		판정불가				-0.3452599473548456	0.16802785001864062				3년	0.1680278500186406	불리(<1)	판정불가			판정불가	N	주당순현금<=0 | FCF<=0	401000000.0	2.398649444981671	-1.257070976288166		-20.463749136613828	79.08580001831055	81.55770000457764	N	N	중립/개선	
NKE	NIKE, Inc.	0000320187	S&P 500	보류	PEG=판정불가, PEGY=불리(<1)	34.61000061035156	2.1	2026	4.83	7563000000.0	2583000000.0	10146000000.0	5942000000.0	5000000.0	14865000000.0					2.838622552329507	2.8352464550979066	15.129227646677169	15.13083531202555	-2.77777777777778	-13.36921346091703	-10.018369318341202	2.94444444444444	-18.23842692183406	-11.536738636682404	6.183333333333325	-38.30069653585152	-24.22715113703305	-82.13425823666718	-210.66366905638284	-170.00043545155822	판정불가				0.13564619887737295	-0.5644183338593954	-0.3429368266185566	1.4746792707629979	4.260847283319416	1년	0.1356461988773729	불리(<1)	판정불가			판정불가	Y		1481000000.0	-19.097705474688176	-19.75423196560564		-50.330079708996855	38.6421997833252	48.394749813079834	N	N	주의	단기위험부채 존재
FTV	Fortive Corp	0001659166	S&P 500	제외	PEG=판정불가, PEGY=불리(<1)	57.380001068115234	0.58	2025	49.0	375500000.0		375500000.0	2306500000.0	899500000.0	6453400000.0					-5.771069934249851	-8.459354453078303	108.88115690062946	113.51613020895438	-75.42372881355932	-34.87672497401558	-29.666922875134137	-142.34745762711864	-61.25344994803116	-50.833845750268274	-82.56152542372881	-35.52700096985807	-29.483630535155598	-243.8855418035298	-161.91530203647838	-151.38311255894865	판정불가				-0.24268412979552537	0.12971275680762692	0.17756127575417133	2.9231918708906157	5.094443737323259	3년	0.1297127568076269	불리(<1)	판정불가			판정불가	N	주당순현금<=0	334600000.0	-6.348946238918341	0.8967859078761631		-10.469645269441807	58.31199966430664	58.29739986419678	N	N	판정불가	단기위험부채 존재
SLB	SLB LIMITED/NV	0000087347	S&P 500	제외	PEG=판정불가, PEGY=불리(<1)	50.0	2.35	2025	2.35	3130000000.0	1176000000.0	4306000000.0	9742000000.0	1178000000.0	26109000000.0	27577000000.0	48.632790671683495	51.36720932831651	0.946767233564202	-3.7828810020876826	-4.602644398051496	22.886332341313906	23.235167828958083	-24.43729903536977	-0.5610216224331555		-40.37459807073954	7.377956755133689		-94.88030546623791	17.33819837456417		-289.7606109324758	-65.32360325087167		판정불가				-0.9650868783155027	0.07816798038615476		3.336812804453723	6.673625608907447	3년	0.0781679803861547	불리(<1)	판정불가			판정불가	N	주당순현금<=0	1437000000.0	5.842502589899956	-3.623749092924866		-16.805322347004925	52.842999954223636	50.610250053405764	N	N	중립/개선	단기위험부채 존재
BF-B	BROWN FORMAN CORP	0000014693	S&P 500	제외	PEG=판정불가, PEGY=불리(<1)	26.350000381469727	1.53	2026	3.52	308000000.0		308000000.0	2083000000.0	68000000.0	4020000000.0	3874000000.0	50.92475297694451	49.07524702305548	1.0376871450696954	-3.8030308548999106	-3.9487244313129777	19.70786355318277	19.80308811292987	-16.847826086956523	-2.0882960100536807	-4.036359234531672	-25.195652173913047	4.323407979892639	0.42728153093665533	-38.549347826086965	6.614814209235737	0.6537407423330827	-246.2973330854153	-74.89634112534011	-97.51901050144646	판정불가				-0.6762694520890427	0.07264633155607082	-0.02620067026231677	1.9132994667186594	7.261098440302721	3년	0.0726463315560708	불리(<1)	판정불가			판정불가	N	주당순현금<=0	466733000.0	4.480575332596759	-1.8621973664666003		-14.669685564798495	27.249200019836426	26.909549980163575	N	N	중립/개선	단기위험부채 존재
PFE	PFIZER INC	0000078003	S&P 500	제외	PEG=판정불가, PEGY=불리(<1)	27.5	1.36	2025	6.28	1142000000.0	8525000000.0	9667000000.0	61641000000.0	0.0	86476000000.0	121385000000.0	41.60280187240512	58.39719812759488	0.7124109239197595	-9.097496936810783	-9.097496936810783	26.909924218243223	26.909924218243223	-3.5460992907801296	-37.11932514902995	-4.476866683376013	1.4078014184397407	-65.7386502980599	-0.4537333667520258	1.9146099290780476	-89.40456440536147	-0.6170773787827551	-93.03778207607982	-425.1075069285872	-102.24391774102818	판정불가				0.10159451535602836	-1.146020512689621	0.0670062576914125	1.588482408541922	5.776299667425171	5년	0.0670062576914125	불리(<1)	판정불가			판정불가	N	주당순현금<=0	5713000000.0	13.4020618556701	0.10921254967386496		-5.23776855198853	27.44239990234375	26.421149978637697	Y	Y	강한 상승추세	
EMR	EMERSON ELECTRIC CO	0000032604	S&P 500	제외	PEG=판정불가, PEGY=판정불가	161.39999389648438	1.12	2025	1.37	2354000000.0	99000000.0	2453000000.0	8319000000.0	4192000000.0	20282000000.0					-10.35115581436386	-17.74836774307394	153.34924081325735	159.9538943210342	-35.26011560693641	-3.335847899742972	-1.3703810340970568	-62.02023121387282	1.8283042005140562	5.759237931805886	-69.46265895953756	2.047700704575743	6.450346483622593	-143.03758462598714	-98.73128823915008	-96.0035026471193	판정불가				-0.22099956561380343	-0.012819417229048455	-2.484747202111725e-06	4.706193753308629	2.915857454323695	판정불가		판정불가	판정불가			판정불가	N	주당순현금<=0	566700000.0	17.126262933290626	13.136120673851037		-1.8128792418838247	155.17620086669922	144.91490085601808	Y	Y	강한 상승추세	단기위험부채 존재
CSX	CSX CORP	0000277948	S&P 500	제외	PEG=판정불가, PEGY=판정불가	47.5	1.54	2025	1.18	1958000000.0	5000000.0	1963000000.0	9832000000.0		13160000000.0	30522000000.0	30.126825694794196	69.87317430520581	0.4311644060022279	-4.201281366791244	-4.201281366791244	33.57226062778652	33.57226062778652	-13.966480446927374	-7.566647873326204	-15.619198935967571	-19.432960893854748	-6.633295746652408	-22.738397871935142	-29.92675977653631	-10.21527544984471	-35.01713272278012	-163.00370479270802	-121.50584305230466	-173.72027941637919	판정불가				-0.3808644460583175	-0.190235860019513	-0.43009313838153573	0.9135077415910304	1.923174192823222	판정불가		판정불가	판정불가			판정불가	N	주당순현금<=0	1873000000.0	-3.7487305599233745	12.719508039832172		-10.764605657547966	49.236800079345706	44.407049922943116	N	Y	중립/개선	
APTV	Aptiv PLC	0001521332	S&P 500	제외	PEG=판정불가, PEGY=판정불가	44.720001220703125	0.64	2025	0.0	1851000000.0		1851000000.0	7470000000.0	81000000.0	9207000000.0	13914000000.0	39.820942000778516	60.179057999221484	0.6617076326002588	-25.99703895623207	-26.371796058110483	110.49537527646125	111.08093324814625	-43.85964912280701	-9.379349728076658	-9.25361634386701	-79.21929824561401	-10.258699456153316	-10.007232687734021	-50.70035087719297	-6.565567651938123	-6.404628920149774	-213.37287453767163	-114.68150150429466	-114.32162062908162	판정불가				-0.3969365144293998	-0.08488454566183762	-0.08374663935675417	6.204312019987046	13.873684818046828	판정불가		판정불가	판정불가			판정불가	N	주당순현금<=0	216140000.0	-25.292347536378546	-26.362585941398887		-49.565803378616394	47.164599838256834	62.98909986495972	N	N	주의	단기위험부채 존재
AXON	AXON ENTERPRISE, INC.	0001069183	S&P 500	제외	PEG=판정불가, PEGY=판정불가	418.6199951171875	1.51	2025	0.0	1201147000.0	505417000.0	1706564000.0	1730170000.0	80552000.0	3242658000.0	3757655000.0	46.32161447638127	53.67838552361873	0.8629472370401221	-0.28658492169479177	-1.264513779288576	277.42157618469025	278.0692111897192	-68.54166666666667	-9.393302099393695		-128.58333333333334	-10.286604198787394		-194.16083333333336	-15.532772340168965		-146.3811656390136	-103.7104707183948		판정불가				-0.24706682014176085	-0.03385930621755322		0.9115090445550564	0.21774140155438365	판정불가		판정불가	판정불가			판정불가	N	주당순현금<=0	82370000.0	-28.07216578742483	6.919009123783915		-44.87780551835158	525.842201538086	495.5886505126953	N	N	판정불가	단기위험부채 존재
UNH	UNITEDHEALTH GROUP INC	0000731766	S&P 500	제외	PEG=판정불가, PEGY=판정불가	376.32000732421875	13.23	2025	2.45	24365000000.0	3756000000.0	28121000000.0	72320000000.0	3620000000.0	32454000000.0	207883000000.0	13.503538780961733	86.49646121903827	0.1561166617760952	-48.51701427003293	-52.49066959385291	32.11164184385878	32.41199372018682	-14.700193423597675	-14.517352798270888	-3.7667253412291712	-20.90038684719535	-20.534705596541777	0.9665493175416575	-276.5121179883945	-271.6741550422477	12.78744747107613	-173.47792107958938	-172.1923229577817	-96.6019751216525	판정불가				-0.38148760761482137	-0.3757937030111315	-0.041004609718546345	17.64544456641054	4.688946700409711	판정불가		판정불가	판정불가			판정불가	N	주당순현금<=0	911000000.0	-12.82431113112562	22.98842859412591		-13.757304443592911	392.07099853515626	356.7976991271973	N	Y	중립/개선	단기위험부채 존재
KR	KROGER CO	0000056873	S&P 500	제외	PEG=판정불가, PEGY=판정불가	58.40999984741211	1.54	2025	2.65	3334000000.0		3334000000.0	14509000000.0	1366000000.0	5927000000.0	44017000000.0	11.86729136633029	88.13270863366971	0.13465252061703434	-17.061068702290076	-19.146564885496183	49.00718736993648	50.36140567071968	-47.97297297297297	-20.45740326595622		-87.44594594594594	-32.41480653191244		-134.66675675675674	-49.91880205914516		-330.5542836989465	-185.46276697406435		판정불가				-0.9248229781245598	-0.3633630947137398				판정불가		판정불가	판정불가			판정불가	N	주당순현금<=0 | FCF<=0	655000000.0	-2.422319993576316	-17.686019446139923		-22.73809388050895	58.21959999084473	63.46684999465943	Y	N	주의	단기위험부채 존재
CPB	CAMPBELL'S Co	0000016732	S&P 500	제외	PEG=판정불가, PEGY=판정불가	19.0	1.31	2026	5.18	394000000.0		394000000.0	2244000000.0	373000000.0	3850000000.0	11492000000.0	25.094511797679576	74.90548820232043	0.3350156630699617	-6.166666666666667	-7.41	19.21119592875318	20.16030534351145	-34.82587064676616	-22.825206063866467	-16.820734795525595	-61.151741293532325	-37.150412127732935	-25.14146959105119	-80.10878109452734	-48.66703988733015	-32.93532516427706	-521.625163655407	-356.1423151964745	-273.3438166540898	판정불가				-1.5431559157853114	-0.9184855606754333	-0.6059349370386171	2.26	11.894736842105262	판정불가		판정불가	판정불가			판정불가	N	주당순현금<=0	300000000.0	-11.504421948528588	-8.168199567108392		-39.98736547197722	21.914999961853027	23.122049932479857	N	N	주의	단기위험부채 존재
DVN	DEVON ENERGY CORP/DE	0001090012	S&P 500	제외	PEG=판정불가, PEGY=판정불가	48.02000045776367	4.17	2025	2.67	1384000000.0	2343000000.0	3727000000.0	7391000000.0	998000000.0	15528000000.0					-5.788309636650869	-7.3649289099526065	12.903671485471111	13.281757642138198	-8.552631578947361	-22.960449726899977		-8.605263157894722	-37.420899453799954		-35.88394736842099	-156.0451507223458		-174.72708668543842	-424.9586614635633		판정불가				-0.455888200933425	-1.5724555410253593		10.552922590837282	21.97609848029714	판정불가		판정불가	판정불가			판정불가	N	주당순현금<=0	633000000.0	14.278914646921258	0.2295984360298542		-7.777989746105407	47.081999969482425	44.717100048065184	Y	Y	강한 상승추세	단기위험부채 존재
CVS	CVS HEALTH Corp	0000064803	S&P 500	제외	PEG=판정불가, PEGY=판정불가	86.43000030517578	1.39	2025	3.06	8453000000.0	2145000000.0	10598000000.0	71348000000.0	0.0	75214000000.0	178156000000.0	29.68544026522477	70.31455973477523	0.4221805608567772	-47.7970102281668	-47.7970102281668	96.56619462830403	96.56619462830403	-62.02185792349728	-23.78711813669546	-23.938579568888617	-115.54371584699456	-39.07423627339092	-39.377159137777234	-160.60576502732243	-54.31318842001338	-54.734251201510354	-285.821780007219	-162.8406666993392	-163.32783872295397	판정불가				-0.6105848754882515	-0.21464155459865497	-0.2162100272176305	6.142407553107789	7.106800337174078	판정불가		판정불가	판정불가			판정불가	N	주당순현금<=0	1271000000.0	-15.932300012051492	9.696661125616002		-21.8535248665494	94.07519989013672	87.7713501739502	N	N	판정불가	
COP	CONOCOPHILLIPS	0001163165	S&P 500	제외	PEG=판정불가, PEGY=판정불가	129.35000610351562	6.35	2025	2.62	6497000000.0	484000000.0	6981000000.0	16147000000.0	961000000.0	64487000000.0	57452000000.0	52.88463904083189	47.11536095916811	1.1224500452551696	-7.312640512634768	-8.079326911570183	21.52167663246463	21.64241464804501	-18.693982074263765	-24.182162850978774		-28.88796414852753	-39.86432570195755		-183.43857234314981	-253.1384682074304		-241.81566578075646	-295.7003913898929		판정불가				-0.7468740632417445	-1.001881183292805				판정불가		판정불가	판정불가			판정불가	N	주당순현금<=0 | FCF<=0	1253446000.0	19.746352641474886	3.2981990437240816		-8.405321494535812	128.4401998901367	116.89250019073486	Y	Y	강한 상승추세	단기위험부채 존재
SRE	SEMPRA	0001032208	S&P 500	제외	PEG=판정불가, PEGY=판정불가	79.97000122070312	2.75	2025	3.36	29000000.0		29000000.0		4166000000.0	31594000000.0					0.04435430833279802	-6.327371502509842	29.0638716044983	31.38086280844108	-37.782805429864254	-25.38521336020446	-26.568336591560993	-67.06561085972851	-42.27042672040892	-44.636673183121985	-184.4304298642534	-116.24367348112453	-122.75085125358547	-330.6245180055179	-245.3590992956377	-253.49612277085595	판정불가				-1.18438471991242	-0.7578210384330061	-0.7985287337963939			판정불가		판정불가	판정불가			판정불가	N	FCF<=0	653826000.0	-15.482985733064892	-19.12418745750034		-19.82957271107456	83.50599990844727	89.96075016021729	N	N	주의	단기위험부채 존재
CVX	CHEVRON CORP	0000093410	S&P 500	제외	PEG=판정불가, PEGY=판정불가	207.5800018310547	6.63	2025	3.45	8178000000.0	0.0	8178000000.0	33477000000.0	977000000.0	186450000000.0	131836000000.0	58.57939086230623	41.42060913769377	1.414257107315149	-13.63092672413793	-14.157327586206897	33.36514759505168	33.444544406826786	-31.79012345679013	-28.68529133996226		-55.08024691358026	-48.87058267992452		-365.1820370370371	-324.0119631678995		-275.92351566421684	-256.09016297803413		판정불가				-0.8493930193491246	-0.7563368712238172				판정불가		판정불가	판정불가			판정불가	N	주당순현금<=0 | FCF<=0	1856000000.0	19.26457810479092	7.615740830467654		-4.679249777970851	203.13320037841797	187.2244500732422	Y	Y	강한 상승추세	단기위험부채 존재
ORLY	O REILLY AUTOMOTIVE INC	0000898173	S&P 500	제외	PEG=판정불가, PEGY=판정불가	85.13999938964844	2.97	2025	0.0	193793000.0		193793000.0	6016904000.0	25000.0	-763352000.0					-6.803343540685509	-6.803372749056861	30.957354521997956	30.957364356466428	-92.6955238563699	-29.203737570730283	-11.269579863367396	-176.8910477127398	-49.907475141460566	-14.039159726734791	-525.3664117068373	-148.2252011701379	-41.69630438840233	-717.061798770359	-274.095844764781	-148.97381335132107	판정불가				-2.9942973257130703	-0.9433537852847997	-0.3640356237597549	1.861365386210611	2.186240779368529	판정불가		판정불가	판정불가			판정불가	N	주당순현금<=0	855919000.0	0.023492296077498587	-8.510636553540218		-17.379915702781602	88.20100067138672	90.86850002288818	N	N	중립/개선	단기위험부채 존재
PANW	Palo Alto Networks Inc	0001327567	S&P 500	제외	PEG=판정불가, PEGY=판정불가	406.760009765625	0.4	2026	0.0	2514000000.0	557000000.0	3071000000.0	1991500000.0		27492000000.0	20968000000.0	56.73132480396204	43.26867519603797	1.3111407859595574	1.412958115183246	1.412958115183246	1013.3676291261044	1013.3676291261044	-75.00000000000001	-32.13955958512733		-141.50000000000003	-55.77911917025466		-56.600000000000016	-22.311647668101866		-113.9148388831569	-105.48521170528976		판정불가				-0.07401065303879659	-0.03171559724366117				판정불가		판정불가	판정불가			판정불가	N	FCF<=0	764000000.0	26.878572136391377	139.45371251998634		0.0	363.52019958496095	251.4384499359131	Y	Y	강한 상승추세	
KMB	KIMBERLY CLARK CORP	0000055785	S&P 500	제외	PEG=판정불가, PEGY=판정불가	96.7699966430664	1.5	2025	5.37	688000000.0		688000000.0	6439000000.0	963000000.0	1502000000.0					-17.259903961584634	-20.150060024009605	76.01993373643403	77.94670444471734	-80.13245033112582	-35.99237051910854	-26.238981580201248	-151.76490066225165	-63.48474103821708	-43.977963160402496	-227.64735099337747	-95.22711155732563	-65.96694474060374	-335.24579817135754	-198.4056162661329	-168.16879924458513	판정불가				-0.9834585043224586	-0.4028202737623826	-0.27451986017977			판정불가		판정불가	판정불가			판정불가	N	주당순현금<=0 | FCF<=0	333200000.0	-11.971257732717177	-0.23711686281814304		-20.894306225293967	104.62999969482422	102.54494995117187	N	N	주의	단기위험부채 존재
VLO	VALERO ENERGY CORP/TX	0001035002	S&P 500	제외	PEG=판정불가, PEGY=판정불가	419.2200012207031	7.57	2025	1.14	4688000000.0		4688000000.0	8261000000.0		23725000000.0					-11.563106796116505	-11.563106796116505	56.90661928887974	56.90661928887974	-11.77156177156177	-36.119777156007146		-15.043123543123539	-63.73955431201429		-113.8764452214452	-482.50842614194823		-127.16388647723267	-215.0967093022659		판정불가				-0.1868246946386307	-0.6146873174531144		14.475728155339805	3.4530146732476377	판정불가		판정불가	판정불가			판정불가	N	주당순현금<=0	309000000.0	49.05600043402778	74.9374070641113		-0.02622883053547964	359.70680053710936	262.855301361084	Y	Y	강한 상승추세	
IRM	IRON MOUNTAIN INC	0001020569	S&P 500	제외	PEG=판정불가, PEGY=판정불가	116.5	0.49	2025	3.08	158535000.0		158535000.0	16215885000.0	216074000.0	-981007000.0					-53.91701587557418	-54.64254438982459	347.78982831749835	349.2704987547441	-19.672131147540984	-36.34769139588404	-16.260604064943717	-30.84426229508197	-64.19538279176808	-24.021208129887434	-15.113688524590165	-31.45573756796636	-11.770391983644842	-112.97312319707311	-127.00063310555052	-110.10334075849342	판정불가				-0.0477073502345042	-0.09565458414014878	-0.03789818732970852	-3.1282033201708437	-2.6851530645243296	판정불가		판정불가	판정불가			판정불가	N	주당순현금<=0 | FCF<=0	297816000.0	-2.4941440184188424	8.909038674903202		-12.445511695805845	118.48939956665039	112.61304977416992	N	Y	중립/개선	단기위험부채 존재
FANG	Diamondback Energy, Inc.	0001539838	S&P 500	제외	PEG=판정불가, PEGY=판정불가	184.0800018310547	5.73	2025	2.39	104000000.0		104000000.0	13726000000.0	763000000.0	36972000000.0	28092000000.0	56.824050165990414	43.17594983400959	1.316104228961982	-47.12206697823086	-49.76148388502797	40.349401188356985	40.81003241118371	-63.10367031551834	-38.48028199276532		-117.70734063103669	-68.46056398553064		-674.4630618158403	-392.2790316370906		-466.3967052949349	-313.102470521006		판정불가				-1.5046981746296042	-0.8944440544307097				판정불가		판정불가	판정불가			판정불가	N	주당순현금<=0 | FCF<=0	289079000.0	-1.3504845605755045	-5.841431288463072		-13.856521256052034	197.22879974365233	184.804349899292	N	N	주의	단기위험부채 존재
COF	CAPITAL ONE FINANCIAL CORP	0000927628	S&P 500	보류	PEG=판정불가, PEGY=판정불가	195.82000732421875	4.03	2025	1.64	62093000000.0		62093000000.0	31377000000.0	1087000000.0	113616000000.0	555393000000.0	16.98273117402008	83.01726882597991	0.20456865678897646	56.74487345279882	54.7367448734528	34.50995877702727	35.008253709867475	-65.22864538395167	-39.17672229952939	-4.896815963113765	-121.95729076790334	-69.85344459905878	-1.2936319262275298	-491.4878817946505	-281.5093817342069	-5.213336662696945	-350.98961465203865	-243.7592540113189	-102.66231052379915	판정불가				-1.8426172512927375	-1.0877069585060468	-0.09437322090578026	48.29115093293922	24.66098923844062	판정불가		판정불가	판정불가			판정불가	Y		541300000.0	-2.138929859443761	1.745817568918051		-24.083117984500568	210.71160064697267	205.20124954223633	N	N	판정불가	단기위험부채 존재
MGM	MGM Resorts International	0000789570	S&P 500	제외	PEG=판정불가, PEGY=판정불가	30.540000915527344	0.76	2025	0.0	2062994000.0		2062994000.0	6230141000.0	0.0	2429917000.0	38097468000.0	5.995740904576005	94.00425909542399	0.06378158779475844	-15.028931566134704	-15.028931566134704	59.95912168639743	59.95912168639743	-68.33333333333333	-39.83701324007897		-128.16666666666666	-71.17402648015793		-97.40666666666667	-54.09226012492003		-418.94781842374647	-277.11937951324063		판정불가				-1.1396653488477584	-0.6644028818240103		5.267157154449554	17.24674851522873	판정불가		판정불가	판정불가			판정불가	N	주당순현금<=0	277275000.0	-34.23772218209561	-17.681934847435755		-39.75142682399766	40.36220016479492	39.687350044250486	N	N	주의	
WY	WEYERHAEUSER CO	0000106535	S&P 500	제외	PEG=판정불가, PEGY=판정불가	18.600000381469727	0.45	2025	4.54	464000000.0		464000000.0	5050000000.0	522000000.0	9426000000.0	7187000000.0	56.738698609522665	43.261301390477335	1.3115347154584667	-6.338044714587592	-7.059470650264592	55.417877991238484	57.021046737187376	-16.66666666666667	-43.761896821361546		-24.833333333333343	-79.02379364272309		-11.175000000000004	-35.56070713922539		-160.0806439290889	-291.18659360164736		판정불가				-0.2188222845447797	-0.7077480813603598		0.268116152339728	1.4414846604349485	판정불가		판정불가	판정불가			판정불가	N	주당순현금<=0	723567000.0	-17.33333163791233	-25.301202142879408		-31.365313211626667	22.849000091552735	24.105600051879883	N	N	주의	단기위험부채 존재
TSN	TYSON FOODS, INC.	0000100493	S&P 500	보류	PEG=판정불가, PEGY=판정불가	51.970001220703125	1.33	2025	3.95	1229000000.0		1229000000.0			18085000000.0					3.442577030812325	3.442577030812325	36.48678510518105	36.48678510518105	-40.888888888888886	-46.97317852013001	-5.767715060111856	-73.27777777777777	-85.44635704026003	-3.0354301202237117	-97.45944444444444	-113.64365486354583	-4.037122059897537	-287.5301946416346	-318.67164170524205	-107.76817772767203	판정불가				-1.0123908911789445	-1.179144131117784	-0.04981844947073026	3.2969187675070026	6.343888185620476	판정불가		판정불가	판정불가			판정불가	Y		357000000.0	-9.946279595963336	-19.613302406652032		-24.40727095170454	54.990999908447264	59.942450065612796	N	N	주의	
OXY	OCCIDENTAL PETROLEUM CORP /DE/	0000797468	S&P 500	제외	PEG=판정불가, PEGY=판정불가	58.33000183105469	1.61	2025	1.92	1968000000.0		1968000000.0	35745000000.0	440000000.0	36034000000.0					-33.773622637736224	-34.213578642135786	57.207220166950876	57.48048476595681	-34.01639344262294	-49.362988839182776		-59.53278688524588	-90.22597767836555		-95.84778688524588	-145.26382406216854		-264.31987635257855	-349.03792131347166		판정불가				-0.5610549393757348	-0.8293181997084874		4.104589541045895	7.036841097544122	판정불가		판정불가	판정불가			판정불가	N	주당순현금<=0	1000100000.0	11.529641839308468	-2.4092330862981237		-11.94141951662302	58.471600189208985	54.20655002593994	N	Y	상승전환	단기위험부채 존재
DOC	HEALTHPEAK PROPERTIES, INC.	0000765880	S&P 500	제외	PEG=판정불가, PEGY=판정불가	19.0	0.1	2025	6.48	467457000.0		467457000.0	9847894000.0		7500094000.0	12033567000.0	38.395741586792155	61.604258413207845	0.6232644069709339	-13.47678738700427	-13.47678738700427	324.7678738700427	324.7678738700427	-72.22222222222223	-52.27593913804323	-33.51833999568201	-135.94444444444446	-96.05187827608646	-58.536679991364025	-13.594444444444447	-9.605187827608646	-5.853667999136403	-171.5497076023392	-150.55362014530866	-130.80877894282315	판정불가				-0.2024283419379383	-0.1410112970606467	-0.0832543554061678			판정불가		판정불가	판정불가			판정불가	N	주당순현금<=0 | FCF<=0	696044000.0	-11.91469509126093	13.908870817612184		-16.739700902321353	20.776599960327147	18.90964999675751	N	Y	중립/개선	
GPC	GENUINE PARTS CO	0000040987	S&P 500	제외	PEG=판정불가, PEGY=판정불가	127.37999725341797	0.47	2025	3.37	333547000.0		333547000.0	3498423000.0	943540000.0	4422991000.0					-22.728014362657092	-29.503885098743268	319.3787481193087	333.79549436630055	-92.73570324574962	-61.61464058703222	-16.81535450665752	-176.97140649149924	-114.72928117406444	-25.13070901331504	-83.17656105100464	-53.92276215181028	-11.811433236258068	-165.29797679735213	-142.33220545964753	-109.2725965543551	판정불가				-0.2798110512111023	-0.1823685543575181	-0.042098463300491135	3.0227935368043086	2.373051972038097	판정불가		판정불가	판정불가			판정불가	N	주당순현금<=0	139250000.0	2.5026158319487513	18.592303240329677		-14.65898302201525	132.03119964599608	119.89935012817382	N	Y	상승전환	단기위험부채 존재
CSGP	COSTAR GROUP, INC.	0001057352	S&P 500	보류	PEG=판정불가, PEGY=판정불가	27.6299991607666	0.02	2025	0.0	1633000000.0	0.0	1633000000.0	993000000.0	0.0	8334000000.0	2167000000.0	79.3638701076088	20.6361298923912	3.845869866174435	1.5212740670311387	1.5212740670311387	1305.436254686773	1305.436254686773	-94.11764705882352	-72.19119357371476	-53.398733410393206	-179.73529411764704	-135.8823871474295	-98.29746682078641	-3.5947058823529408	-2.71764774294859	-1.9659493364157283	-113.01015559731637	-109.83585894134782	-107.1152710681486	판정불가				-0.07209670079325792	-0.055300435631792946	-0.04090489537017319	0.2923698597575469	1.05816094331519	판정불가		판정불가	판정불가			판정불가	Y		420700000.0	-5.344300598661766	-28.82534936122		-65.71960336992066	30.249999923706056	39.701849937438965	N	N	주의	
APD	Air Products & Chemicals, Inc.	0000002969	S&P 500	제외	PEG=판정불가, PEGY=판정불가	281.0	-1.77	2025	2.59	1856000000.0	0.0	1856000000.0	4918100000.0	34700000.0	15024900000.0	23709700000.0	38.78935112276879	61.21064887723121	0.6337026617797779	-13.749887741356085	-13.905702739110911			-110.30267753201397			-212.10535506402795			375.4264784633295			33.60372899050872			판정불가							-23.661427929950605	-8.420436985747546	판정불가		판정불가	판정불가			판정불가	N	주당순현금<=0 | FCF<=0 | 순현금차감PER<=0/불가	222700000.0	-5.019437484249945	-5.2627983286066655		-10.563672358605968	295.1657989501953	286.04494956970217	N	N	주의	단기위험부채 존재
ALB	ALBEMARLE CORP	0000915913	S&P 500	제외	PEG=판정불가, PEGY=판정불가	106.3499984741211	-5.76	2025	1.57	613110000.0		613110000.0	3119464000.0	367178000.0	9533365000.0					-21.300941664400327	-24.421505303236334			48.57142857142857			105.64285714285714			-608.5028571428571			-672.1700666417297			1년	105.64285714285714	-608.5028571428571	-672.1700666417297				5.885113543649714	5.533722264304292	판정불가		판정불가	1년	48.57142857142857		판정불가	N	주당순현금<=0 | 순현금차감PER<=0/불가	117664000.0	-17.185796612292126	-40.06424875403183		-50.677116741274	122.43300003051758	155.07889980316162	N	N	주의	단기위험부채 존재
ARE	ALEXANDRIA REAL ESTATE EQUITIES, INC.	0001035443	S&P 500	제외	PEG=판정불가, PEGY=판정불가	45.91999816894531	-8.44	2025	6.28	549062000.0		549062000.0	12400555000.0		15470070000.0	14925399000.0	50.89597400191456	49.10402599808544	1.036492893757815	-69.58899516755037	-69.58899516755037			-568.8888888888889			-1129.2777777777778			9531.104444444445			20655.890297247708			판정불가									판정불가		판정불가	판정불가			판정불가	N	주당순현금<=0 | FCF<=0 | 순현금차감PER<=0/불가	170307000.0	-5.339105838390045	2.408559350317252		-41.19605542014332	50.75259994506836	50.28445007324219	N	N	판정불가	
APO	Apollo Global Management, Inc.	0001858681	S&P 500	제외	PEG=판정불가, PEGY=판정불가	115.94999694824219	5.54	2025	1.95	8980000000.0		8980000000.0	13364000000.0		23341000000.0	418434000000.0	5.283458774262916	94.71654122573709	0.055781795934364796	-7.384732856185598	-7.384732856185598	22.262586607297433	22.262586607297433	-24.42019099590723			-40.34038199181446			-223.4857162346521			-292.7431842317441			판정불가				-1.009325259111704					판정불가		판정불가	판정불가			판정불가	N	주당순현금<=0 | FCF<=0	593657223.0	-3.2459942494328264	8.313866083853627		-24.06679812341872	128.37639938354494	126.32144996643066	N	N	판정불가	
ARES	Ares Management Corp	0001176948	S&P 500	보류	PEG=판정불가, PEGY=판정불가	117.12999725341797	0.039510671963162464	2014	4.61	488896000.0		488896000.0			4275463000.0	19931981000.0	17.661769660605227	82.33823033939478	0.21450266283115563	6.083971489795992	6.083971489795992	2810.532452274035	2810.532452274035													판정불가							40.42582623597222	34.51364055657617	판정불가		판정불가	판정불가			판정불가	Y		80358036.0	-0.7372904632051092	14.563771225317046		-34.29997865412824	133.04340026855468	129.57910060882568	N	N	판정불가	
AVB	AVB		S&P 500	판정불가																																																												SEC ticker mapping 없음
BKR	Baker Hughes Co	0001701605	S&P 500	제외	PEG=판정불가, PEGY=판정불가	57.130001068115234	2.98	2024	1.6	7023000000.0		7023000000.0			18834000000.0									56.020942408376975		111.75011009858267	120.54188481675395		232.00022019716533	359.21481675392675		691.3606561875526	528.7673902292429		1110.1534102253102	5년	232.00022019716533	691.3606561875526	1110.1534102253102						판정불가		판정불가	5년	111.75011009858267		판정불가	N	주당순현금<=0 | FCF<=0 | 순현금차감PER<=0/불가		-0.12237708722124818	-9.547179850957432		-17.999135108948018	60.554400024414065	59.47535005569458	N	N	주의	
BAX	BAXTER INTERNATIONAL INC	0000010456	S&P 500	제외	PEG=판정불가, PEGY=판정불가	24.360000610351562	-1.87	2025	17.0	1966000000.0	5148000000.0	7114000000.0	9438000000.0	1000000.0	6129000000.0	13953000000.0	30.519868538990142	69.48013146100986	0.43926037411309393	-4.530214424951267	-4.5321637426900585			-87.00000000000001			-165.50000000000003			309.48500000000007			1170.4638433731698			판정불가									판정불가		판정불가	판정불가			판정불가	N	주당순현금<=0 | FCF<=0 | 순현금차감PER<=0/불가	513000000.0	8.459490664861335	41.29930936055695		-14.07407307735392	25.30900001525879	20.881949977874754	N	Y	상승전환	단기위험부채 존재
BLK	BlackRock, Inc.	0002012383	S&P 500	제외	PEG=판정불가, PEGY=판정불가	1079.4200439453125	35.31	2025	2.15	11468000000.0		11468000000.0	12768000000.0		55888000000.0	108456000000.0	34.006717616706425	65.99328238329359	0.5153057461090211	-8.081234006422008	-8.081234006422008	30.79867680407064	30.79867680407064	-15.94858367055462			-23.39716734110924			-826.1539788145673			-176.53683878195832			판정불가				-0.4480252108990237			22.080417839085364	2.0455816030968608	판정불가		판정불가	판정불가			판정불가	N	주당순현금<=0	160866521.0	5.858705838952982	7.776031673879169		-10.242054679957613	1110.2069995117188	1060.9267520141602	N	Y	상승전환	
BK	BK		S&P 500	판정불가																																																												SEC ticker mapping 없음
BG	Bunge Global SA	0001996862	S&P 500	제외	PEG=판정불가, PEGY=판정불가	107.33000183105469	0.49	2025	2.68	1135000000.0	861000000.0	1996000000.0	8831000000.0	3883000000.0	15904000000.0					-41.05920370735475	-64.3851565962587	302.83511334369274	350.4390988312518	-88.76146788990825			-169.0229357798165			-82.82123853211009			-177.16503970854004			판정불가				-0.2842519380908545			-5.2803277335427685	-4.919712702375979	판정불가		판정불가	판정불가			판정불가	N	주당순현금<=0 | FCF<=0	166466940.0	-5.535997855550622	-15.587887893804108		-18.32432932044571	113.27780059814454	116.2988003540039	N	N	주의	단기위험부채 존재
CNC	CENTENE CORP	0001071739	S&P 500	제외	PEG=판정불가, PEGY=판정불가	64.61000061035156	-13.53	2025	0.0	17888000000.0	2432000000.0	20320000000.0	17351000000.0	50000000.0	19953000000.0	56691000000.0	26.03334899013621	73.96665100986378	0.35196062867121763	6.020895691885885	5.919499671476894			-314.42155309033285			-620.3431061806657			8393.242226624407			12890.623970493623			판정불가							8.762644083745002	13.562364960481188	판정불가		판정불가	판정불가			판정불가	N	순현금차감PER<=0/불가	493116000.0	-4.423073862811067	73.31009314901632		-6.915434085156392	64.73759986877441	53.04474994659424	N	Y	중립/개선	단기위험부채 존재
CRL	CHARLES RIVER LABORATORIES INTERNATIONAL, INC.	0001100682	S&P 500	제외	PEG=판정불가, PEGY=판정불가	304.9599914550781	-2.91	2025	0.0	213770000.0	1063000.0	214833000.0	1626760000.0	166000.0	3164630000.0	3924228000.0	44.64231051038122	55.35768948961878	0.8064337749998216	-28.4869461706077	-28.490295375675895			-1555.0			-3101.5			9025.365			2859.5242828203823			판정불가									판정불가		판정불가	판정불가			판정불가	N	주당순현금<=0 | FCF<=0 | 순현금차감PER<=0/불가	49564000.0	30.547938136585763	74.19316770251298		-1.8695491083401072	279.3637994384766	211.09285034179686	Y	Y	강한 상승추세	단기위험부채 존재
COIN	Coinbase Global, Inc.	0001679788	S&P 500	보류	PEG=판정불가, PEGY=판정불가	188.22000122070312	4.45	2025	0.0	11285452000.0	309765000.0	11595217000.0	5937034000.0	452105000.0	14793058000.0	14878774000.0	49.855559980253325	50.144440019746675	0.9942390414694114	19.700576931781384	18.126444505569115	37.869533548072305	38.223271171940226	-53.05907172995781			-97.61814345991561			-434.4007383966245			-330.79414280061263			판정불가				-1.401101802920377			8.437931958956717	4.483015569138458	판정불가		판정불가	판정불가			판정불가	Y		287209000.0	18.1099400726765	7.443777309122268		-51.39824758947218	173.435	185.08699966430663	Y	Y	상승전환	단기위험부채 존재
CAG	CONAGRA BRANDS INC.	0000023217	S&P 500	제외	PEG=판정불가, PEGY=판정불가	13.449999809265137	-4.0	2026	5.31	218000000.0		218000000.0	6456000000.0	34200000.0	8932700000.0	10916800000.0	45.0021411118668	54.9978588881332	0.8182526014949436	-13.022964509394573	-13.094363256784968			-266.6666666666667			-524.8333333333334			2099.3333333333335			15508.426491479884			판정불가							2.04321503131524	15.191190039331865	판정불가		판정불가	판정불가			판정불가	N	주당순현금<=0 | 순현금차감PER<=0/불가	479000000.0	0.5983539595423748	-13.671374357325728		-32.81718530606085	15.0992000579834	15.554400024414063	N	N	중립/개선	단기위험부채 존재
STZ	CONSTELLATION BRANDS, INC.	0000016918	S&P 500	제외	PEG=판정불가, PEGY=판정불가	115.66999816894531			3.64	102400000.0		102400000.0	9692900000.0	272000000.0	8082400000.0	13513600000.0	37.42544915725134	62.57455084274866	0.5980937721998579																	판정불가									판정불가		판정불가	판정불가			판정불가	N	주당순현금<=0 | FCF<=0 | 순현금차감PER<=0/불가		-12.662340654879012	-23.020096900320986		-30.603549765002924	126.41419952392579	142.98220024108886	N	N	주의	단기위험부채 존재 | EPS 없음
CTRA	CTRA		S&P 500	판정불가																																																												SEC ticker mapping 없음
CRWD	CrowdStrike Holdings, Inc.	0001535527	S&P 500	제외	PEG=판정불가, PEGY=판정불가	272.6700134277344	-0.65	2026	0.0	5230125000.0	0.0	5230125000.0	745471000.0		4428390000.0	6614079000.0	40.10325951560289	59.89674048439711	0.6695399314099514	17.897380435476663	17.897380435476663															판정불가							5.228916576208416	1.9176720279856638	판정불가		판정불가	판정불가			판정불가	N	순현금차감PER<=0/불가	250576000.0	42.669537669537675	157.7038549721774		0.0	221.58520050048827	154.2942499923706	Y	Y	강한 상승추세	
DDOG	Datadog, Inc.	0001561550	S&P 500	보류	PEG=판정불가, PEGY=판정불가	276.4150085449219	0.31	2025	0.0	401305000.0	4073531000.0	4474836000.0			3732206000.0	2911638000.0	56.175400867329216	43.824599132670784	1.2818234959153576	12.311363736408858	12.311363736408858	851.947241317784	851.947241317784	-40.38461538461539			-72.26923076923077			-22.40346153846154			-108.10500907906405			판정불가				-0.04740271864974742			2.752776004754149	0.9958851435908115	판정불가		판정불가	판정불가			판정불가	Y		363472000.0	5.869628259214621	137.184663097161		-4.07252667018213	245.25320129394532	185.5152254486084	Y	Y	강한 상승추세	
DOW	DOW INC.	0001751788	S&P 500	제외	PEG=판정불가, PEGY=판정불가	28.510000228881836	-3.7	2025	4.91	3816000000.0	21000000.0	3837000000.0	15060000000.0	62000000.0	16008000000.0					-15.77150084317032	-15.858628442945475			-335.6687898089172			-662.8375796178344			2452.4990445859876			8502.241406162819			판정불가									판정불가		판정불가	판정불가			판정불가	N	주당순현금<=0 | FCF<=0 | 순현금차감PER<=0/불가	711600000.0	-1.7912519650848058	-31.151894870959417		-31.90828527303603	29.793200073242186	32.03150007247925	N	N	주의	단기위험부채 존재
DD	DuPont de Nemours, Inc.	0001666700	S&P 500	제외	PEG=판정불가, PEGY=판정불가	133.27999877929688	-0.3	2025	1.84	715000000.0	0.0	715000000.0	7859000000.0	60000000.0	13919000000.0	7472000000.0	65.0694217194147	34.930578280585294	1.8628211991434689	-17.041984732824428	-17.185114503816795			-117.96407185628743			-227.42814371257487			68.22844311377246			-48.80819047218452			판정불가									판정불가		판정불가	판정불가			판정불가	N	주당순현금<=0 | FCF<=0 | 순현금차감PER<=0/불가	419200000.0	-1.120257127419333	-7.1543044612531475		-13.7848489963193	135.20419952392578	137.74549968719484	N	N	주의	단기위험부채 존재
SATS	SATS		S&P 500	판정불가																																																												SEC ticker mapping 없음
EA	EA		S&P 500	판정불가																																																												SEC ticker mapping 없음
EQR	EQR		S&P 500	판정불가																																																												SEC ticker mapping 없음
ERIE	ERIE INDEMNITY CO	0000922621	S&P 500	제외	PEG=판정불가, PEGY=판정불가	223.22000122070312			2.64	266417000.0	33902000.0	300319000.0	0.0	0.0	2283374000.0	1072107000.0	68.04908148787014	31.950918512129856	2.1298004770046273																	판정불가									판정불가		판정불가	판정불가			판정불가	N	주당순현금<=0 | FCF<=0 | 순현금차감PER<=0/불가		-9.922923441406517	-11.903071702938162		-32.351425767519814	245.28180145263673	248.3257501220703	N	N	주의	EPS 없음
XOM	ExxonMobil Holdings Corp	0002115436	S&P 500	제외	PEG=판정불가, PEGY=판정불가	164.47999572753906			2.51																											판정불가									판정불가		판정불가	판정불가			판정불가	N	주당순현금<=0 | FCF<=0 | 순현금차감PER<=0/불가		19.656618430054284	5.287411626099314		-4.076518016797037	160.87460083007812	149.57779998779296	Y	Y	강한 상승추세	EPS 없음
F	FORD MOTOR CO	0000037996	S&P 500	제외	PEG=판정불가, PEGY=판정불가	12.279999732971191	-2.06	2025	4.94	23356000000.0	15131000000.0	38487000000.0	291000000.0		35952000000.0	253180000000.0	12.434459001424955	87.56554099857505	0.14200173789398846	9.59939683337522	9.59939683337522			-241.0958904109589			-473.6917808219178			975.8050684931507			7846.29551882776			판정불가									판정불가		판정불가	판정불가			판정불가	N	FCF<=0 | 순현금차감PER<=0/불가	3979000000.0	-9.772225990127337	0.8210133439234601		-29.587159650653362	13.695	13.481049990653991	N	N	판정불가	
GIS	GENERAL MILLS INC	0000040704	S&P 500	제외	PEG=판정불가, PEGY=판정불가	32.18000030517578	-3.74	2026	7.7	453800000.0		453800000.0	12416000000.0	68400000.0	7368400000.0	22636100000.0	24.55764968588045	75.44235031411955	0.32551543772999764	-22.246977868700018	-22.37418634926539			-805.6603773584906			-1602.8207547169811			5994.54962264151			18528.18385889622			판정불가							3.0245490050213872	9.39884703647726	판정불가		판정불가	판정불가			판정불가	N	주당순현금<=0 | 순현금차감PER<=0/불가	537700000.0	-10.237094351885567	-12.076498232836208		-36.815236378654646	37.01639995574951	38.644899969100955	N	N	주의	단기위험부채 존재
GDDY	GoDaddy Inc.	0001609711	S&P 500	제외	PEG=판정불가, PEGY=판정불가	99.73999786376953	6.22	2025	0.0	932400000.0	0.0	932400000.0	3765200000.0	15100000.0	215100000.0					-20.14492856685701	-20.252309399022906	19.274103927753462	19.29136772713705													판정불가							11.203874243534038	11.233080492779754	판정불가		판정불가	판정불가			판정불가	N	주당순현금<=0	140621000.0	14.788811790061951	19.76464856597062		-26.282338792250513	96.79499938964844	93.29419967651367	Y	Y	강한 상승추세	단기위험부채 존재
HAL	HALLIBURTON CO	0000045012	S&P 500	제외	PEG=판정불가, PEGY=판정불가	32.720001220703125	-1.29	2019	2.07	2206000000.0		2206000000.0	7158000000.0	0.0	10461000000.0	14505000000.0	41.90098534006248	58.099014659937524	0.7211995863495346	-5.805392731535756	-5.805392731535756			-168.25396825396825			-328.0079365079365			423.1302380952381			1193.1852760063723			판정불가									판정불가		판정불가	판정불가			판정불가	N	주당순현금<=0 | FCF<=0 | 순현금차감PER<=0/불가	853000000.0	-4.103158719250011	-13.439148462671923		-23.871564520261877	33.97719959259033	35.48274989128113	N	N	주의	
HAS	HASBRO, INC.	0000046080	S&P 500	제외	PEG=판정불가, PEGY=판정불가	91.02999877929688	-2.3	2025	3.03	4580369000.0		4580369000.0	2767900000.0	0.0	2995530000.0	4986500000.0	37.528423220659406	62.4715767793406	0.6007279655068686	12.927738944365192	12.927738944365192			-183.63636363636363			-358.77272727272725			825.1772727272726			806.489381294976			판정불가							5.919400855920114	6.502692447872881	판정불가		판정불가	판정불가			판정불가	N	순현금차감PER<=0/불가	140200000.0	17.625015502290985	-3.004794609135586		-14.074007285733137	92.075	90.47619979858399	N	Y	상승전환	
HPE	Hewlett Packard Enterprise Co	0001645590	S&P 500	제외	PEG=판정불가, PEGY=판정불가	68.36000061035156	-0.04	2025	83.0	5773000000.0		5773000000.0	21748000000.0	4609000000.0	24688000000.0	14276000000.0	63.361051226773434	36.63894877322657	1.7293359484449426	-12.06570996978852	-15.546827794561933			-102.07253886010363			-195.64507772020727			7.825803108808291			-88.55207279266283			판정불가									판정불가		판정불가	판정불가			판정불가	N	주당순현금<=0 | FCF<=0 | 순현금차감PER<=0/불가	1324000000.0	53.033363359024264	177.54771798467198		-1.3991074499995704	56.1394002532959	37.12325015068054	Y	Y	강한 상승추세	단기위험부채 존재
HON	HONEYWELL INTERNATIONAL INC	0000773840	S&P 500	제외	PEG=판정불가, PEGY=판정불가	212.8699951171875	-0.18	2025	1.31	12487000000.0	443000000.0	12930000000.0	29046000000.0	5893000000.0	13904000000.0					-25.07156191661481	-34.23926571250778			-102.06659012629163			-195.63318025258326			35.21397244546498			-83.45752184281338			판정불가							8.434971997510889	3.962499267624512	판정불가		판정불가	판정불가			판정불가	N	주당순현금<=0 | 순현금차감PER<=0/불가	642800000.0	-4.722049565043918	-12.689145173808436		-18.169839378668694	220.29480072021485	230.48871200561524	N	N	주의	단기위험부채 존재
INTC	INTEL CORP	0000050863	S&P 500	제외	PEG=판정불가, PEGY=판정불가	112.5	-0.06	2025	0.0	14265000000.0	23151000000.0	37416000000.0	44086000000.0	0.0	114281000000.0					-1.4724061810154525	-1.4724061810154525			98.63013698630138			205.76027397260276			-12.345616438356165			-110.97388127853883			1년	205.76027397260276	-12.345616438356165	-110.97388127853883				-1.0924944812362032	-0.9711062055432916	판정불가		판정불가	1년	98.63013698630138		판정불가	N	주당순현금<=0 | FCF<=0 | 순현금차감PER<=0/불가	4530000000.0	-0.03554373129726063	90.83969218661356		-20.178800871831804	101.76880004882813	81.95555000305175	Y	Y	강한 상승추세	
IFF	INTERNATIONAL FLAVORS & FRAGRANCES INC	0000051253	S&P 500	제외	PEG=판정불가, PEGY=판정불가	83.91999816894531	-1.41	2025	1.92	590000000.0		590000000.0	4740000000.0	314000000.0	14154000000.0					-16.2109375	-17.4375			-248.42105263157896			-488.3421052631579			688.5623684210526			720.4985503394063			판정불가							1.0	1.1916110841504417	판정불가		판정불가	판정불가			판정불가	N	주당순현금<=0 | 순현금차감PER<=0/불가	256000000.0	6.863618328578691	13.758983309961836		-4.7121625301002386	84.23320022583007	76.53649997711182	N	Y	상승전환	단기위험부채 존재
IP	INTERNATIONAL PAPER CO /NEW/	0000051434	S&P 500	제외	PEG=판정불가, PEGY=판정불가	32.13999938964844	-4.52	2025	5.77	1145000000.0		1145000000.0	8839000000.0	992000000.0	14827000000.0					-15.214554083448686	-17.176191417836662			-387.8980891719745			-767.296178343949			3468.178726114649			10690.848761595404			판정불가							2.301759936721376	7.161667642914519	판정불가		판정불가	판정불가			판정불가	N	주당순현금<=0 | 순현금차감PER<=0/불가	505700000.0	-13.555677445289671	-13.299164676993824		-34.66151598508647	37.86280025482178	37.94850014686585	N	N	주의	단기위험부채 존재
IVZ	Invesco Ltd.	0000914208	S&P 500	제외	PEG=판정불가, PEGY=판정불가	30.3799991607666	-1.6	2025	2.82	1037500000.0	363900000.0	1401400000.0	1186000000.0	0.0	12231000000.0	14089100000.0	46.4701881831756	53.5298118168244	0.8681179067506086	0.4734065934065934	0.4734065934065934			-235.5932203389831			-462.6864406779662			740.298305084746			2336.7950149280564			판정불가							3.167032967032967	10.424730265045374	판정불가		판정불가	판정불가			판정불가	N	순현금차감PER<=0/불가	455000000.0	6.186642826475941	25.48533791664265		-8.796163589695261	31.413800010681154	27.864399948120116	N	Y	상승전환	
KKR	KKR & Co. Inc.	0001404912	S&P 500	제외	PEG=판정불가, PEGY=판정불가	90.66999816894531			87.0	5363009000.0		5363009000.0	36914472000.0		30902561000.0	328512161000.0	8.59802314942458	91.40197685057542	0.09406824059703531																	판정불가									판정불가		판정불가	판정불가			판정불가	N	주당순현금<=0 | FCF<=0 | 순현금차감PER<=0/불가		-5.816971714337771	-3.5014910042405867		-36.492263461790245	102.91840042114258	102.5480001449585	N	N	주의	EPS 없음
KHC	Kraft Heinz Co	0001637459	S&P 500	제외	PEG=판정불가, PEGY=판정불가	21.84000015258789	-4.93	2025	7.33	2615000000.0		2615000000.0		0.0	41664000000.0	39997000000.0	51.020683067804704	48.979316932195296	1.0416781258594394	2.203032855939343	2.203032855939343			-318.14159292035396			-627.7831858407079			3094.97110619469			14071.113024593807			판정불가							3.08424599831508	14.122005388125503	판정불가		판정불가	판정불가			판정불가	N	순현금차감PER<=0/불가	1187000000.0	-12.35955021780284	-5.780846138680539		-20.926866441058134	24.915599975585938	23.929750003814696	N	N	주의	
LYV	Live Nation Entertainment, Inc.	0001335258	S&P 500	제외	PEG=판정불가, PEGY=판정불가	171.8000030517578	-0.24	2025	0.0	7094200000.0		7094200000.0	1715688000.0		271007000.0					23.19881058106669	23.19881058106669			-108.75912408759125			-209.0182481751825			50.1643795620438			-70.80071090165762			판정불가							1.4389441534685132	0.8375693410407016	판정불가		판정불가	판정불가			판정불가	N	순현금차감PER<=0/불가	231844300.0	-5.904260418001228	5.037910012325697		-8.840073792103665	176.9552001953125	164.13555061340332	N	Y	중립/개선	
LITE	Lumentum Holdings Inc.	0001633978	S&P 500	제외	PEG=판정불가, PEGY=판정불가	1091.6700439453125	-92.96	2026	0.0	2043500000.0	694900000.0	2738400000.0	40500000.0	1596900000.0	4643900000.0	2663600000.0	63.54977762572699	36.450222374273004	1.7434674876107523	36.16487935656836	14.758713136729222			-25224.324324324323			-50440.14864864865			4688916.218378378			429417.71411007683			판정불가							4.022788203753351	0.36849854276617616	판정불가		판정불가	판정불가			판정불가	N	순현금차감PER<=0/불가	74600000.0	54.386944086754	33.8240936494407		0.0	885.5991040039063	749.3056260681152	Y	Y	강한 상승추세	단기위험부채 존재
LYB	LyondellBasell Industries N.V.	0001489393	S&P 500	제외	PEG=판정불가, PEGY=판정불가	58.93000030517578	-2.34	2025	4.66	3443000000.0	0.0	3443000000.0	5772000000.0	226000000.0	10082000000.0					-4.071678321678322	-4.466783216783217			-156.38554216867468			-304.27108433734935			711.9943373493975			1108.2035188566995			판정불가							0.6713286713286714	1.1391967891602217	판정불가		판정불가	판정불가			판정불가	N	주당순현금<=0 | 순현금차감PER<=0/불가	572000000.0	6.391047038337594	-20.60091708980235		-28.465644246266642	62.302200164794925	62.19200006484985	N	N	중립/개선	단기위험부채 존재
MRNA	Moderna, Inc.	0001682852	S&P 500	제외	PEG=판정불가, PEGY=판정불가	203.2100067138672	-7.26	2025	0.0	2595000000.0	3204000000.0	5799000000.0	590000000.0		8650000000.0	3688000000.0	70.10860755389852	29.891392446101474	2.3454446854663775	13.390745501285346	13.390745501285346			21.76724137931034			52.03448275862068			-377.77034482758614			-285.90144793386634			1년	52.03448275862068	-377.77034482758614	-285.90144793386634				-5.308483290488432	-2.6123139191482436	판정불가		판정불가	1년	21.76724137931034		판정불가	N	FCF<=0 | 순현금차감PER<=0/불가	389000000.0	175.35230123412174	305.52784721357347		-0.12287427098711667	126.61660118103028	69.25237526893616	Y	Y	강한 상승추세	
TAP	MOLSON COORS BEVERAGE CO	0000024545	S&P 500	제외	PEG=판정불가, PEGY=판정불가	36.90999984741211	-10.75	2025	5.26	896500000.0		896500000.0	3865400000.0	7000000.0	10230300000.0	12195700000.0	45.618032640684916	54.38196735931508	0.838844838754643	-14.911602209944752	-14.946760421898544			-300.9345794392524			-593.3691588785048			6378.718457943926			17181.816538374114			판정불가									판정불가		판정불가	판정불가			판정불가	N	주당순현금<=0 | FCF<=0 | 순현금차감PER<=0/불가	199100000.0	-4.723804212099125	-15.922554522797029		-32.12578315108999	40.014399948120115	43.14359998703003	N	N	주의	단기위험부채 존재
MNST	Monster Beverage Corp	0000865752	S&P 500	보류	PEG=판정불가, PEGY=판정불가	43.25	2.28	2010	0.0	2088117000.0	677084000.0	2765201000.0	373951000.0		8254108000.0					2.429018813531603	2.429018813531603	17.903939116872106	17.903939116872106													판정불가							1.9969526162297564	4.617231482612154	판정불가		판정불가	판정불가			판정불가	Y		984451000.0	-10.409117280265933	15.11844650336338		-13.448070955657599	45.33120010375976	42.4565500831604	N	Y	중립/개선	
NCLH	Norwegian Cruise Line Holdings Ltd.	0001513761	S&P 500	제외	PEG=판정불가, PEGY=판정불가	14.869999885559082	0.92	2025	0.0	209893000.0	240000000.0	449893000.0	1552480000.0		2209888000.0	20331513000.0	9.803685227905754	90.19631477209424	0.1086927470670776	-2.307911555273571	-2.307911555273571	18.671642870470272	18.671642870470272	-51.322751322751316			-94.14550264550263			-86.61386243386242			-682.473860796576			판정불가				-2.7487003515860775			-2.4487259618083104	-16.46755871320737	판정불가		판정불가	판정불가			판정불가	N	주당순현금<=0 | FCF<=0	477742311.0	-19.491064221060782	-20.60864789650907		-40.56754750799798	16.69099998474121	19.407100043296815	N	N	주의	
OMC	OMNICOM GROUP INC.	0000029989	S&P 500	제외	PEG=판정불가, PEGY=판정불가	75.0999984741211	-0.27	2025	4.25	5316800000.0	0.0	5316800000.0	9272900000.0	62000000.0	12045800000.0					-19.307467057101025	-19.610053684724257			-103.61930294906168			-198.73860589812335			53.65942359249331			-28.54936793243218			판정불가							13.608589555880917	18.12062560902759	판정불가		판정불가	판정불가			판정불가	N	주당순현금<=0 | 순현금차감PER<=0/불가	204900000.0	-7.088956114228539	-2.302594262024582		-15.561056428352316	81.60159942626953	78.2422498703003	N	N	주의	단기위험부채 존재
PSKY	Paramount Skydance Corp	0002041610	S&P 500	제외	PEG=판정불가, PEGY=판정불가	9.529999732971191	-0.53	2025	2.05	3274000000.0		3274000000.0		0.0	11693000000.0					2.970961887477314	2.970961887477314															판정불가							0.29310344827586204	3.075587161474982	판정불가		판정불가	판정불가			판정불가	N	순현금차감PER<=0/불가	1102000000.0							판정불가	판정불가	판정불가	
PPL	PPL Corp	0000922224	S&P 500	제외	PEG=판정불가, PEGY=판정불가	33.70000076293945	1.59	2025	3.46	1071000000.0	0.0	1071000000.0	17990000000.0	456000000.0	13933000000.0					-22.76053746024742	-23.373978271280745	35.50977246741313	35.8955842982517													판정불가							-1.8847161760037021	-5.592629475772479	판정불가		판정불가	판정불가			판정불가	N	주당순현금<=0 | FCF<=0	743348000.0	-5.496351914917064	-13.92081877528637		-15.347903540769103	34.331800270080564	36.09745009422302	N	N	주의	단기위험부채 존재
Q	Qnity Electronics, Inc.	0002058873	S&P 500	제외	PEG=판정불가, PEGY=판정불가	131.52999877929688	3.3	2025	24.0	915000000.0		915000000.0	4100000000.0		7095000000.0	6704000000.0	51.41676933111094	48.58323066888905	1.0583233890214798	-15.181124880838894	-15.181124880838894	44.4579162606472	44.4579162606472													판정불가									판정불가		판정불가	판정불가			판정불가	N	주당순현금<=0 | FCF<=0	209800000.0	-7.48399769760465	10.538701689770825		-25.113869712841296	127.51479995727539	125.96380001068115	Y	Y	강한 상승추세	
SJM	J M SMUCKER Co	0000091419	S&P 500	제외	PEG=판정불가, PEGY=판정불가	116.80000305175781	-1.3	2026	3.85	101300000.0	18600000.0	119900000.0	6392800000.0	420900000.0	5543800000.0	10675600000.0	34.18005598234213	65.81994401765786	0.519296339315823	-57.86808118081181	-61.75092250922509			88.76404494382022			186.02808988764045			-241.83651685393258			-307.05180696507955			1년	186.02808988764045	-241.83651685393258	-307.05180696507955				10.666051660516604	9.131893306364159	판정불가		판정불가	1년	88.76404494382022		판정불가	N	주당순현금<=0 | 순현금차감PER<=0/불가	108400000.0	5.348606618807539	24.533534397717503		-11.742476738820585	122.38759979248047	108.79545013427735	N	Y	상승전환	단기위험부채 존재
TTWO	TAKE TWO INTERACTIVE SOFTWARE INC	0000946581	S&P 500	제외	PEG=판정불가, PEGY=판정불가	202.52999877929688	-1.62	2026	0.0	1545500000.0	443800000.0	1989300000.0	2488000000.0	30000000.0	3510900000.0	5872300000.0	37.416872708670816	62.58312729132919	0.5978747679784752	-2.9318048206937095	-3.1081716637272194			93.66692728694292			195.83385457388584			-317.2508444096951			-256.6438781029239			1년	195.83385457388584	-317.2508444096951	-256.6438781029239				2.7131099353321577	1.339608922966872	판정불가		판정불가	1년	93.66692728694292		판정불가	N	주당순현금<=0 | 순현금차감PER<=0/불가	170100000.0	-17.704187827566386	0.19788942107643592		-22.78394441982339	224.81459899902345	224.17370002746583	N	N	판정불가	단기위험부채 존재
TKO	TKO Group Holdings, Inc.	0001973266	S&P 500	제외	PEG=판정불가, PEGY=판정불가	176.4600067138672	-0.08	2025	1.78	831100000.0		831100000.0	3724063000.0	38061000.0	3737381000.0	6245742000.0	37.436992412093886	62.56300758790611	0.5983886302059868	-14.911329390520558	-15.107508915779817			-500.0			-991.5			79.32000000000001			-55.04930466844043			판정불가									판정불가		판정불가	판정불가			판정불가	N	주당순현금<=0 | FCF<=0 | 순현금차감PER<=0/불가	194011072.0	-6.228072280833086	-10.449122567373104		-21.559387692270338	187.9589990234375	196.26659973144533	N	N	주의	단기위험부채 존재
VTRS	Viatris Inc	0001792044	S&P 500	제외	PEG=판정불가, PEGY=판정불가	17.540000915527344	-3.0	2025	2.72	1322400000.0	40700000.0	1363100000.0	12480600000.0	0.0	0.0	22481800000.0	0.0	100.0	0.0	-9.211616538238463	-9.211616538238463			-466.03773584905656			-923.5754716981131			2770.7264150943392			15696.61499698979			판정불가							1.6050211285110614	9.150633094267464	판정불가		판정불가	판정불가			판정불가	N	주당순현금<=0 | 순현금차감PER<=0/불가	1206900000.0	7.343945849042122	29.255720781020635		-3.995618631340103	16.95000011444092	15.377900023460388	Y	Y	강한 상승추세	
V	VISA INC.	0001403161	S&P 500	제외	PEG=판정불가, PEGY=판정불가	370.6400146484375			72.0	17164000000.0	3604000000.0	20768000000.0	19602000000.0	5569000000.0	26437000000.0	61718000000.0	29.98922352674267	70.01077647325732	0.4283515343983927																	판정불가									판정불가		판정불가	판정불가			판정불가	N	주당순현금<=0 | FCF<=0 | 순현금차감PER<=0/불가		6.44457256022839	19.96375741171894		-3.5143435948361446	369.10880310058593	337.72225021362306	Y	Y	강한 상승추세	단기위험부채 존재 | EPS 없음
WYNN	WYNN RESORTS LTD	0001174922	S&P 500	제외	PEG=판정불가, PEGY=판정불가	76.62000274658203	3.14	2025	1.3	1463442000.0	0.0	1463442000.0	10537402000.0	9410000.0	-275492000.0	14139396000.0	-1.9871170487043188	101.9871170487043	-0.01948400058955842	-87.04622852373781	-87.13649837399154	52.12300358927383	52.151751949227254	-27.81609195402298			-47.13218390804596			-147.99505747126432			-293.15459692784503			판정불가				-0.5087214881737862			6.640445881258214	8.666726237561301	판정불가		판정불가	판정불가			판정불가	N	주당순현금<=0	104243000.0	-22.47293197711321	-27.194978808566063		-42.42993098289809	91.895	102.62789993286133	N	N	주의	단기위험부채 존재
