티커	종목명	CIK	유니버스	종합판정	종합판정사유	현재가	EPS(FY)	EPS기준연도	배당수익률(%)	현금및현금성자산	유가증권성자산	현금성자산합계	장기부채	단기위험부채	주주지분	총부채	주주지분비중	부채비중	주주대부채배수	주당순현금(린치식)	주당순현금(보수형)	순현금차감PER(린치식)	순현금차감PER(보수형)	연간이익증가율(1년,%)	연간이익증가율(3년CAGR,%)	연간이익증가율(5년CAGR,%)	그레이엄적정PER(1년)	그레이엄적정PER(3년)	그레이엄적정PER(5년)	그레이엄내재가치(1년)	그레이엄내재가치(3년)	그레이엄내재가치(5년)	그레이엄괴리율(1년,%)	그레이엄괴리율(3년,%)	그레이엄괴리율(5년,%)	그레이엄사용기준	그레이엄적정PER(선택)	그레이엄내재가치(선택)	그레이엄괴리율(선택,%)	배당감안점수(1년)	배당감안점수(3년)	배당감안점수(5년)	주당잉여현금흐름	잉여현금흐름수익률(%)	배당감안점수기준	배당감안점수	배당감안점수판정	사용연성장률기준	사용연성장률(%)	린치PER배수	린치PER판정	하드필터통과	하드필터사유	발행주식수	3M수익률(보조,%)	6M수익률(보조,%)	12M수익률(보조,%)	52주고점대비(보조,%)	50일이평(보조)	200일이평(보조)	50일선상회(보조)	200일선상회(보조)	추세판정(보조)	비고
BRK-B	BERKSHIRE HATHAWAY INC	0001067983	S&P 500	제외	PEG=매우 유망, PEGY=판정불가	505.0	3035.0	2013		31583000000.0		31583000000.0			717419000000.0	502473000000.0	58.81004220045709	41.18995779954291	1.4277762188217078	19217.429611745007	19217.429611745007	-6.165545176851732	-6.165545176851732	10.08342401160682	4.546670945333653		28.66684802321364	17.593341890667304		87003.88375045339	53395.79263817527		17128.491831772946	10473.424284787185		3년	17.593341890667304	53395.79263817527	10473.424284787183				15237.402157404884	3017.3073579019574	판정불가		판정불가	3년	4.546670945333653	-1.3560570472291524	매우 유망	N	순현금차감PER<=0/불가	1643456.0	7.380550474051306	5.171082299582741		-4.612591836054736	501.7023986816406	492.4069996643066	Y	Y	강한 상승추세	
CVNA	CARVANA CO.	0001690820	S&P 500	제외	PEG=매우 유망, PEGY=판정불가	74.04000091552734	8.45	2025		2327000000.0		2327000000.0	4830000000.0	211000000.0	3441000000.0	8998000000.0	27.662995417638076	72.33700458236193	0.3824183151811514	-11.160306228458557	-12.101107113078916	10.082876585087089	10.194213967882398	431.4465408805031			871.3930817610062			7363.271540880502			9844.991153202847			1년	871.3930817610062	7363.271540880502	9844.991153202847				3.9638482769075742	5.353657790239564	판정불가		판정불가	1년	431.4465408805031	0.0233699326097499	매우 유망	N	주당순현금<=0	224277000.0	4.2816914303202	14.573982587054402		-22.625144710531096	68.05839950561523	72.80293992996216	Y	Y	상승전환	단기위험부채 존재
BXP	BXP, Inc.	0001037540	S&P 500	제외	PEG=매우 유망, PEGY=안심	69.31999969482422	1.74	2025	4.0	1478206000.0		1478206000.0	3300000000.0	750000000.0	5147190000.0	18473924000.0	21.790631889757613	78.20936811024238	0.2786192040196766	-11.467271777376329	-16.188142431814892	46.429466363333646	49.14261041760869	1833.3333333333333	-31.442996126467893	-20.67539892344771	3675.1666666666665	-54.385992252935786	-32.85079784689542	6394.79	-94.63162652010827	-57.16038825359803	9125.028892314705	-236.5141761926089	-182.45872548361524	1년	3675.1666666666665	6394.79	9125.028892314705	39.57257055153912	-0.5910685234181416	-0.3591555154425947			1년	39.57257055153912	안심	1년	1833.3333333333333	0.0253251634709092	매우 유망	N	주당순현금<=0 | FCF<=0	158869000.0	17.233212316317292	23.257463773094965		-12.175345968827255	68.34499984741211	63.6563000869751	Y	Y	강한 상승추세	단기위험부채 존재
SNDK	Sandisk Corp	0002023554	S&P 500	보류	PEG=매우 유망, PEGY=판정불가	1484.97998046875	73.76	2026		4762000000.0		4762000000.0	0.0	0.0	15736000000.0	6771000000.0	69.91602612520549	30.083973874794506	2.324028946979767	30.72258064516129	30.72258064516129	19.716071038823056	19.716071038823056	751.5901060070672			1511.6802120141344			111501.53243816257			7408.621927883897			1년	1511.6802120141344	111501.53243816257	7408.621927883897				74.15483870967742	4.99365915264862	판정불가		판정불가	1년	751.5901060070672	0.0262324781569672	매우 유망	Y		155000000.0	-15.69463815266291	139.86882785351523		-36.40342696065311	1604.6421899414063	970.7992984771729	N	Y	중립/개선	
EQT	EQT Corp	0000033213	S&P 500	제외	PEG=매우 유망, PEGY=안심	54.56999969482422	3.31	2025	1.21	110795000.0		110795000.0	7293209000.0	53650000.0	23752677000.0	14432726000.0	62.20355196984565	37.79644803015435	1.6457512600183777	-11.665122125911742	-11.75225631255918	20.01061082197461	20.03693534966266	635.5555555555555	-8.914070517873663		1279.611111111111	-9.328141035747326		4235.512777777778	-30.876146828323648		7661.614076350274	-156.58080813816122		1년	1279.611111111111	4235.512777777778	7661.614076350274	31.821395219794734	-0.3849992679590497		4.608492213143376	8.445102142048345	1년	31.82139521979473	안심	1년	635.5555555555555	0.0314852268177922	매우 유망	N	주당순현금<=0	615717000.0	-1.2486403323688	-11.469824407577011		-19.667305388387625	52.287399978637694	56.271350059509274	Y	N	주의	단기위험부채 존재
AIG	AMERICAN INTERNATIONAL GROUP, INC.	0000005272	S&P 500	제외	PEG=매우 유망, PEGY=안심	76.93000030517578	5.43	2025	2.61	1345000000.0	13230000000.0	14575000000.0	9191000000.0	250000000.0	41139000000.0	120092000000.0	25.51556462466895	74.48443537533105	0.3425623688505479	9.439817854436424	9.001490502354494	12.429131206397672	12.509854475657695	350.2304147465438	-25.267844119025785		708.9608294930875	-42.03568823805157		3849.6573041474653	-228.25378713262		4904.104106169441	-396.7032188056072		1년	708.9608294930875	3849.6573041474653	4904.104106169441	28.388180065628845	-1.8229628236093498				1년	28.388180065628845	안심	1년	350.2304147465438	0.035488440418267	매우 유망	N	FCF<=0	570349988.0	4.737921717526872	-5.1651902114645765		-11.15601852553464	77.81399978637695	77.39794994354249	N	N	중립/개선	단기위험부채 존재
BKNG	Booking Holdings Inc.	0001075531	S&P 500	매우 유망	PEG=매우 유망, PEGY=안심	205.6300048828125	165.57	2025	83.0	17203000000.0	0.0	17203000000.0	16856000000.0	1880000000.0	-5578000000.0	34842000000.0	-19.060962274466924	119.06096227446692	-0.1600941392572183	10.631453169521125	-46.96835074604002	1.1777408450401121	1.5256287710868668	-4.1229949620707655	29.43673092572357	158.29965811243966	0.2540100758584689	67.37346185144713	325.0993162248793	42.05644825988669	11155.024078744102	53826.693787353266	-79.54751385438402	5324.803683247148	26076.478387980795	3년	67.37346185144713	11155.024078744102	5324.803683247148	66.97314215611058	95.4681425877644	204.88349294213478	278.4092649897362	135.3933075809633	3년	95.4681425877644	안심	3년	29.436730925723566	0.0400092268401628	매우 유망	Y		32639000.0	21.494833017909887	22.990931311571128		-8.185317273821957	191.93	185.95514808654787	Y	Y	강한 상승추세	단기위험부채 존재
EXE	EXPAND ENERGY Corp	0000895126	S&P 500	제외	PEG=매우 유망, PEGY=안심	98.16000366210938	7.57	2025	2.35	616000000.0	0.0	616000000.0	5009000000.0	0.0	18578000000.0	9709000000.0	65.67681267013116	34.323187329868844	1.9134823359769286	-18.27599118026376	-18.27599118026376	15.381241062400678	15.381241062400678	266.3736263736264	-39.005602482843		541.2472527472528	-69.51120496568599		4097.241703296704	-526.199821590243		4074.0439592895777	-636.0633679289081		1년	541.2472527472528	4097.241703296704	4074.0439592895777	17.470867616171702	-2.3831368570412255		7.650705162873903	7.794116623313801	1년	17.470867616171702	안심	1년	266.3736263736264	0.0577431079487814	매우 유망	N	주당순현금<=0	240370000.0	6.591386215226969	-9.52160973828342		-20.123684474216198	91.7722998046875	101.55827487945557	Y	N	중립/개선	
SOLV	Solventum Corp	0001964738	S&P 500	제외	PEG=매우 유망, PEGY=판정불가	91.12000274658203	8.88	2025		878000000.0		878000000.0	5035000000.0	0.0	5049000000.0	9245000000.0	35.322512942493354	64.67748705750664	0.5461330448891293	-23.713633770678836	-23.713633770678836	12.931715824015862	12.931715824015862	221.73913043478265			451.9782608695653			4013.5669565217404			4304.704604414964			1년	451.9782608695653	4013.5669565217404	4304.704604414964				-0.05704506560182544	-0.06260432822908935	판정불가		판정불가	1년	221.73913043478265	0.0583195027357578	매우 유망	N	주당순현금<=0 | FCF<=0	175300000.0	20.147688748050907	24.821921570660322		-0.5348737697903339	82.38259948730469	76.97259996414185	Y	Y	강한 상승추세	
PGR	PROGRESSIVE CORP/OH/	0000080661	S&P 500	매우 유망	PEG=매우 유망, PEGY=안심	218.63999938964844	19.23	2025	18.0	138000000.0	10005000000.0	10143000000.0	2707900000.0	0.0	30323000000.0	92716000000.0	24.645031250253986	75.35496874974602	0.3270525044221062	12.642577792892364	12.642577792892364	10.712294414807909	10.712294414807909	33.541666666666664	153.53179173781882	14.762613935523516	75.58333333333333	315.56358347563764	38.025227871047036	1453.4675	6068.287710236512	731.2251319602345	564.7765752183838	2675.470054508158	234.44252378407873	3년	315.56358347563764	6068.287710236512	2675.470054508158	4.811449785717162	16.01260991302718	3.058412387381253	29.246726747151843	13.376658813024372	3년	16.01260991302718	안심	3년	153.53179173781882	0.0697724835589813	매우 유망	Y		588100000.0	13.479006315207931	2.450679742182893		-12.196295645616651	216.72959899902344	210.66444984436035	Y	Y	강한 상승추세	
CMCSA	COMCAST CORP	0001166691	S&P 500	매우 유망	PEG=매우 유망, PEGY=안심	27.059999465942383	5.39	2025	5.0	9481000000.0	14000000.0	9495000000.0		2781000000.0	96903000000.0					2.559989215421947	1.8101914262604475	4.54545644722086	4.684565499013346	30.193236714975846	64.538600212299	49.1602769351271	68.88647342995169	137.577200424598	106.8205538702542	371.2980917874396	741.5411102885832	575.7627853606701	1272.1289693843269	2640.358924329929	2027.7265215223788	3년	137.577200424598	741.5411102885832	2640.358924329929	7.742508837917336	15.298485645993955	11.915255940520838	5.9026691830682125	21.81326422602961	3년	15.298485645993956	안심	3년	64.538600212299	0.0704300439158679	매우 유망	Y		3709000000.0	8.02395325389118	-12.199871077588863		-16.68719258830619	24.444200019836426	26.897156019210815	Y	Y	상승전환	단기위험부채 존재
COHR	COHERENT CORP.	0000820318	S&P 500	제외	PEG=매우 유망, PEGY=판정불가	279.20001220703125	4.12	2026		1162018000.0	825000000.0	1987018000.0	3214308000.0	7916000.0	10903495000.0	7061652000.0	60.69248974138648	39.307510258613526	1.5440430935990614	-6.281328849923486	-6.321843316085513	69.29158763518319	69.30142124347493	892.3076923076924			1793.1153846153848			7387.635384615385			2546.0010965677666			1년	1793.1153846153848	7387.635384615385	2546.0010965677666				-5.237784499480518	-1.8759972315461855	판정불가		판정불가	1년	892.3076923076924	0.0776543654532225	매우 유망	N	주당순현금<=0 | FCF<=0	195387000.0	-23.064200357448385	-6.59395510809283		-34.596733906515794	319.7436016845703	273.27680053710935	N	Y	중립/개선	단기위험부채 존재
MOS	MOSAIC CO	0001285785	S&P 500	제외	PEG=매우 유망, PEGY=불리(<1)	23.600000381469727	1.7	2025	3.7	276600000.0		276600000.0	3834100000.0	759900000.0	12084900000.0					-11.155534650360615	-13.538413295703982	20.444432371664906	21.846125692455125	209.09090909090904	-44.713769482781785	-0.5780734258513109	426.6818181818181	-80.92753896556357	7.343853148297378	725.3590909090907	-137.57681624145806	12.484550352105542	2973.5554202729118	-682.9526017697897	-47.0993637698914	1년	426.6818181818181	725.3590909090907	2973.5554202729118	10.408257134388723	-2.0061094745592	0.15270302043090928	-1.6763875823142051	-7.103337098377646	5년	0.1527030204309092	불리(<1)	1년	209.09090909090904	0.0977777200383974	매우 유망	N	주당순현금<=0 | FCF<=0	318900000.0	1.1573101527931007	-14.213012776739752		-34.31672646529284	22.383400001525878	24.525050010681152	Y	N	중립/개선	단기위험부채 존재
T	AT&T INC.	0000732717	S&P 500	제외	PEG=매우 유망, PEGY=안심	26.010000228881836	3.04	2025	4.36	18234000000.0	1890000000.0	20124000000.0	61300000000.0	0.0	126491000000.0	279032000000.0	31.19206555485139	68.80793444514862	0.4533207660770091	-5.73561777406324	-5.73561777406324	10.442637500968775	10.442637500968775	104.02684563758389			216.55369127516778			658.3232214765101			2431.0388915164235			1년	216.55369127516778	658.3232214765101	2431.0388915164235	10.37925961018265			2.7353391837303245	10.516490425451703	1년	10.37925961018265	안심	1년	104.02684563758389	0.1003840637189901	매우 유망	N	주당순현금<=0	7179000000.0	5.947051067998732	-7.140306974855893		-12.18771272136464	23.171000022888183	25.133999938964845	Y	Y	상승전환	
GPN	GLOBAL PAYMENTS INC	0001123360	S&P 500	제외	PEG=매우 유망, PEGY=안심	91.81999969482422	5.78	2025	1.08	8336402000.0		8336402000.0	9090364000.0	35137000.0	22888767000.0	29559003000.0	43.641068056849704	56.3589319431503	0.7743416447435659	-3.1154424647119106	-3.2606318799378533	16.424816982618704	16.449936258609352	-6.168831168831167	143.56933796914083	56.79044787371208	-3.8376623376623336	295.63867593828166	122.08089574742417	-22.18168831168829	1708.791546923268	705.6275774201117	-124.1577961069615	1761.023254849336	668.490067267869	3년	295.63867593828166	1708.791546923268	1761.0232548493361	-0.3098257456516161	8.806754932016208	3.523354198403096	10.570125780965919	11.511790259308555	3년	8.806754932016208	안심	3년	143.56933796914083	0.1144033762010457	매우 유망	N	주당순현금<=0	242008000.0	21.68036152775139	17.884196192492308		-3.174103214289681	82.10559997558593	75.26155010223388	Y	Y	강한 상승추세	단기위험부채 존재
TTD	Trade Desk, Inc.	0001671933	S&P 500	보류	PEG=매우 유망, PEGY=판정불가	13.569999694824219	0.9	2025		658175000.0	644882000.0	1303057000.0			2484391000.0	3668829000.0	40.37546195325375	59.62453804674625	0.6771618410124866	2.6401668723191727	2.6401668723191727	12.144258691672274	12.144258691672274	15.384615384615383	101.50381586419562	-28.890526663955164	39.26923076923077	211.50763172839123	-49.28105332791033	35.34230769230769	190.35686855555213	-44.352947995119294	160.44442510774505	1302.7772500846615	-426.845607904001	3년	211.50763172839123	190.35686855555213	1302.7772500846615				1.6122143405646023	11.880724958155472	판정불가		판정불가	3년	101.50381586419562	0.1196433709243046	매우 유망	Y		493551000.0	-41.55900044743016	-44.20230318624475		-75.17380217214418	16.9370001411438	25.73937509059906	N	N	주의	
AIZ	ASSURANT, INC.	0001267238	S&P 500	매우 유망	PEG=매우 유망, PEGY=안심	285.6499938964844	16.93	2025	1.23	1834100000.0	402500000.0	2236600000.0	2006900000.0	0.0	5871600000.0	30418000000.0	16.17984215863498	83.82015784136502	0.19303044250115065	4.496282384855581	4.496282384855581	16.60683470239981	16.60683470239981	17.08160442600276	137.11065981498948	49.9928022766621	42.66320885200552	282.72131962997895	108.4856045533242	722.2881258644534	4786.471941335543	1836.6612850877787	152.85774244623323	1575.6422347658424	542.9761331461325	3년	282.72131962997895	4786.471941335543	1575.6422347658424	1.10265470537601	8.330344842596539	3.084441026516632	31.288018127789123	10.953271064702864	3년	8.330344842596539	안심	3년	137.11065981498948	0.1211199386306525	매우 유망	Y		51086649.0	14.824934272876122	22.307852778396466		-5.279044016674616	278.49179992675784	244.38924980163574	Y	Y	강한 상승추세	
APA	APA Corp	0001841666	S&P 500	제외	PEG=매우 유망, PEGY=안심	42.540000915527344	3.99	2025	2.36	516000000.0		516000000.0			6093000000.0					1.4373259052924792	1.4373259052924792	10.301422308329538	10.301422308329538	75.77092511013217	-28.726114714581406		160.04185022026434	-48.95222942916281		638.5669823788547	-195.31939542235963		1401.0977165864942	-559.1429036642708		1년	160.04185022026434	638.5669823788547	1401.0977165864942	7.5844793827117405	-2.5594635309011897				1년	7.5844793827117405	안심	1년	75.77092511013217	0.135954817673884	매우 유망	N	FCF<=0	359000000.0	12.688744147092311	34.23793057311282		-4.16760193637783	36.81479999542236	33.0907500743866	Y	Y	강한 상승추세	
EIX	EDISON INTERNATIONAL	0000827052	S&P 500	제외	PEG=매우 유망, PEGY=안심	70.16999816894531	11.55	2025	4.76	158000000.0	10000000.0	168000000.0	36070000000.0	2390000000.0	17579000000.0	74767000000.0	19.03601671972798	80.96398328027202	0.2351170971150374	-93.01036269430051	-99.20207253886011	14.128169771709594	14.664248546130338	248.9425981873112	93.26535131289802	52.72616154177432	506.3851963746224	195.03070262579604	113.95232308354863	5848.7490181268895	2252.6046153279444	1316.1493316149867	8235.113539614333	3110.2104519148547	1775.6582100032983	3년	195.03070262579604	2252.6046153279444	3110.2104519148547	17.957216135336097	6.93829086830377	4.068903649281258	-1.8523316062176165	-2.639777190470829	3년	6.93829086830377	안심	3년	93.26535131289802	0.1514835849844245	매우 유망	N	주당순현금<=0 | FCF<=0	386000000.0	1.5631811959764041	-5.710830562440783		-12.702164012625039	74.25040023803712	68.54294998168945	N	Y	상승전환	단기위험부채 존재
PODD	INSULET CORP	0001145197	S&P 500	제외	PEG=매우 유망, PEGY=판정불가	145.1300048828125	3.48	2025		907200000.0	0.0	907200000.0	1374300000.0	18400000.0	1515200000.0	1675200000.0	47.492477432296894	52.50752256770311	0.9044890162368673	-6.49778816459394	-6.753748991458698	43.571204898680016	43.64475686042276	-39.7923875432526	267.70008870907657	103.38356182130251	-71.0847750865052	543.9001774181531	215.26712364260501	-247.3750173010381	1892.7726174151728	749.1295902762654	-270.4506366555868	1204.1911070998185	416.1782988164038	3년	543.9001774181531	1892.7726174151728	1204.1911070998185				5.2541524079793005	3.6203074699968822	판정불가		판정불가	3년	267.70008870907657	0.1627612643267783	매우 유망	N	주당순현금<=0	71886000.0	-2.0252480261330863	-40.87186527306581		-58.86571003059715	154.0843994140625	214.76770080566405	N	N	주의	단기위험부채 존재
MCHP	MICROCHIP TECHNOLOGY INC	0000827054	S&P 500	제외	PEG=매우 유망, PEGY=안심	72.93000030517578	0.22	2026	2.41	240300000.0	0.0	240300000.0	5496400000.0	0.0	6432400000.0					-9.64068231841526	-9.64068231841526	375.32128465268653	375.32128465268653	2300.0	-62.033647476478926	-29.795234328396646	4608.5	-115.56729495295785	-51.09046865679329	1013.87	-25.424804889650726	-11.239903104494525	1290.1960726140933	-134.86192895003506	-115.41190601598947	1년	4608.5	1013.87	1290.1960726140933	6.134504207856466	-0.15886028827715765	-0.07296477830650691	1.5975788701393985	2.1905647380424043	1년	6.134504207856466	안심	1년	2300.0	0.1631831672402985	매우 유망	N	주당순현금<=0	545200000.0	-20.31249674362724	-1.8570815485895231		-29.139135636730508	82.21240020751954	76.90655015945434	N	N	주의	
DASH	DoorDash, Inc.	0001792789	S&P 500	보류	PEG=매우 유망, PEGY=판정불가	236.74000549316406	2.13	2025		4378000000.0	1128000000.0	5506000000.0			10033000000.0	9613000000.0	51.0689198819098	48.9310801180902	1.0436908353271612	12.52257292704339	12.52257292704339	105.26640026578436	105.26640026578436	634.4827586206897			1277.4655172413793			2721.0015517241377			1049.362798254521			1년	1277.4655172413793	2721.0015517241377	1049.362798254521				4.944437621393449	2.0885517895859897	판정불가		판정불가	1년	634.4827586206897	0.1659090004188992	매우 유망	Y		439686000.0	43.670352741201945	34.19874189595791		-15.972168063105341	198.72140075683595	187.95045013427733	Y	Y	강한 상승추세	
ACGL	ARCH CAPITAL GROUP LTD.	0000947484	S&P 500	제외	PEG=매우 유망, PEGY=안심	98.83999633789062	11.6	2025	5.0586808835030626	993000000.0		993000000.0			24206000000.0	55035000000.0	30.54731767645537	69.45268232354464	0.4398291996002544	2.641660015961692	2.641660015961692	8.292960027752494	8.292960027752494	3.663985701519215	45.06349306453876	17.271170538952106	15.827971403038429	98.62698612907752	43.04234107790421	183.60446827524578	1144.0730390972992	499.29115650368885	85.75928275794607	1057.500082442552	405.15092574146934	3년	98.62698612907752	1144.0730390972992	1057.500082442552	1.0518158240039461	6.043942546486098	2.6926274029692703			3년	6.043942546486098	안심	3년	45.06349306453876	0.1840283445376845	매우 유망	N	FCF<=0	375900000.0	11.381562674394296	-2.1967160838451294		-7.175062714294588	99.53199966430664	95.93314975738525	N	Y	상승전환	
UAL	United Airlines Holdings, Inc.	0000100517	S&P 500	제외	PEG=매우 유망, PEGY=안심	110.5999984741211	10.2	2025	1.9439421606349034	5942000000.0	6298000000.0	12240000000.0	17170000000.0	4096000000.0	15282000000.0					-15.007610350076103	-27.476407914764078	12.314471453352667	13.536902587145606	7.936507936507938	65.99631084110487		24.373015873015873	140.49262168220974		248.6047619047619	1433.0247411585392		124.77826883779937	1195.6824239865134		3년	140.49262168220974	1433.0247411585392	1195.6824239865134	0.8023446344871624	5.517106703206719				3년	5.517106703206719	안심	3년	65.99631084110487	0.1865933306939146	매우 유망	N	주당순현금<=0 | FCF<=0	328500000.0	-1.0379416964357069	7.160158371477232		-18.74219529927058	123.2547998046875	107.96809982299804	N	Y	중립/개선	단기위험부채 존재
PSX	Phillips 66	0001534701	S&P 500	제외	PEG=매우 유망, PEGY=안심	244.00999450683594	10.79	2025	2.12	1116000000.0		1116000000.0	1100000000.0	0.0	29093000000.0	43439000000.0	40.110571885512606	59.889428114487394	0.6697437786321048	0.03921059274162915	0.03921059274162915	22.610823346996693	22.610823346996693	116.2324649298597	-22.599870532058443		240.9649298597194	-36.699741064116886		2600.011593186372	-395.99020608182116		965.534876323901	-262.28442071897484		1년	240.9649298597194	2600.011593186372	965.534876323901	5.234327963805883	-0.905755187140441				1년	5.234327963805883	안심	1년	116.2324649298597	0.1945310491405405	매우 유망	N	FCF<=0	408053000.0	35.38059646591083	52.33487680370554		0.0	205.92080047607422	169.55415031433105	Y	Y	강한 상승추세	
DAL	DELTA AIR LINES, INC.	0000027904	S&P 500	제외	PEG=매우 유망, PEGY=안심	80.06999969482422	7.66	2025	96.0	4310000000.0	0.0	4310000000.0	11936000000.0	1372000000.0	20853000000.0					-11.660550458715596	-13.758409785932722	11.97526764406525	12.249139618897773	43.71482176360225	54.92464741024845		95.9296435272045	118.34929482049691		734.8210694183865	906.5555983250064		817.7233323580065	1032.2038238793784		3년	118.34929482049691	906.5555983250064	1032.2038238793784	11.66694773897957	12.603029167790188				3년	12.603029167790188	안심	3년	54.924647410248454	0.2180308515158673	매우 유망	N	주당순현금<=0 | FCF<=0	654000000.0	-1.7184258069252834	24.622567618403444		-14.509933200849378	87.5363996887207	73.6988998222351	N	Y	중립/개선	단기위험부채 존재
EOG	EOG RESOURCES INC	0000821189	S&P 500	제외	PEG=매우 유망, PEGY=안심	143.35000610351562	9.12	2025	2.82	3396000000.0		3396000000.0	7909000000.0	27000000.0	29833000000.0					-8.265567765567766	-8.315018315018316	16.624514678627566	16.629936887997143	-18.93333333333334	-11.640253534777134	73.5055490536587	-29.36666666666668	-14.780507069554268	155.5110981073174	-267.8240000000001	-134.79822447433492	1418.2612147387345	-286.83222085571424	-194.0343346598777	889.3694833292036	5년	155.5110981073174	1418.2612147387345	889.3694833292036	-0.9692513522845031	-0.5305570541626956	4.591144495290598			5년	4.591144495290598	안심	5년	73.5055490536587	0.2261667981895047	매우 유망	N	주당순현금<=0 | FCF<=0	546000000.0	4.926080534957844	11.426360594202055		-6.33779598485985	140.17859924316406	127.75634967803956	Y	Y	강한 상승추세	단기위험부채 존재
GEV	GE Vernova Inc.	0001996810	S&P 500	제외	PEG=매우 유망, PEGY=안심	911.9299926757812	17.69	2025	21.0	8848000000.0		8848000000.0		63000000.0	11178000000.0	50720000000.0	18.058741801027498	81.9412581989725	0.22038643533123028	32.05797101449275	31.829710144927535	49.73838449187611	49.7512878762495	217.02508960573476			442.5501792114695			7828.712670250897			758.4773757994208			1년	442.5501792114695	7828.712670250897	758.4773757994208	4.7855412281155205					1년	4.7855412281155205	안심	1년	217.02508960573476	0.2291826469567867	매우 유망	N	FCF<=0	276000000.0	-4.061900208730817	3.4896389223074475		-22.37968744821134	1031.6494006347657	877.4312487792969	N	Y	중립/개선	단기위험부채 존재
POOL	POOL CORP	0000945841	S&P 500	제외	PEG=매우 유망, PEGY=안심	188.07000732421875	10.85	2025	2.76	16358000.0		16358000.0	1186424000.0	13029000.0	1185229000.0	2440897000.0	32.68581952199124	67.31418047800877	0.48557108308953634	-31.379156833297575	-31.72857219480798	20.225729415439293	20.257933596223662	-3.982300884955761	81.32295304049583	49.55892924246974	0.5353982300884779	171.14590608099167	107.61785848493948	5.809070796459984	1856.9330809787596	1167.6537645615933	-96.9112189236822	887.3626887127965	520.8612320350712	3년	171.14590608099167	1856.9330809787596	887.3626887127965	-0.06043296930605227	4.157227228418827	2.586751170641694	8.300686547951084	4.41361526276825	3년	4.157227228418827	안심	3년	81.32295304049583	0.2487087428486226	매우 유망	N	주당순현금<=0	37288000.0	3.2954356888202696	-15.283780484586151		-43.62747734644705	199.2256008911133	217.0884002685547	N	N	중립/개선	단기위험부채 존재
PRU	PRUDENTIAL FINANCIAL INC	0001137774	S&P 500	제외	PEG=매우 유망, PEGY=안심	119.79000091552734	9.99	2025	4.66	19712000000.0	7800000000.0	27512000000.0	18856000000.0		32438000000.0	738159000000.0	4.209463571750215	95.79053642824978	0.043944461830039326	24.47271699180096	24.47271699180096	9.541269662034672	9.541269662034672	33.2		37.53520846738611	74.9		83.57041693477223	748.2510000000001		834.8684651783745	524.6356075476169		596.9433665561962	5년	83.57041693477223	834.8684651783745	596.9433665561962	3.968025361514242		4.422389258662667			5년	4.422389258662667	안심	5년	37.53520846738611	0.2541951957007236	매우 유망	N	FCF<=0	353700000.0	19.20589457860482	19.84992953782585		-4.267558902823165	117.82739974975586	107.65570022583007	Y	Y	강한 상승추세	
FCX	FREEPORT-MCMORAN INC	0000831259	S&P 500	제외	PEG=매우 유망, PEGY=안심	76.44999694824219	2.9	2021	76.0	3824000000.0		3824000000.0	8913000000.0	466000000.0	18899000000.0	27401000000.0	40.81857451403887	59.18142548596113	0.6897193533082734	-3.5266805266805266	-3.8496188496188495	27.578164646525074	27.6895226889176	607.3170731707318	106.36118797315696		1223.1341463414635	221.22237594631395		3547.089024390244	641.5448902443104		4539.75038062026	739.1692816922491		3년	221.22237594631395	641.5448902443104	739.1692816922491	24.777467316224453	6.612520822560794				3년	6.612520822560794	안심	3년	106.36118797315697	0.2592878584008026	매우 유망	N	주당순현금<=0 | FCF<=0	1443000000.0	14.03639007190909	11.949034885514953		-4.329879308349738	65.625400390625	60.11005006790161	Y	Y	강한 상승추세	단기위험부채 존재
EG	EVEREST GROUP, LTD.	0001095073	S&P 500	제외	PEG=매우 유망, PEGY=안심	377.6099853515625	37.8	2025	2.12	656095000.0	331000000.0	987095000.0		50000000.0	15461000000.0	47054000000.0	24.73166440054387	75.26833559945612	0.32857992944276787	23.728245192307693	22.526322115384616	9.361950797863885	9.393747704660791	18.942731277533024	35.51207914489844	88.45989078523058	46.38546255506605	79.52415828979689	185.41978157046117	1753.3704845814966	3006.013183354322	7008.867743363432	364.3337180157123	696.0629485355539	1756.1129247782035	3년	79.52415828979689	3006.013183354322	696.0629485355539	2.249822898272324	4.0196834994566455	9.675322242229491			3년	4.0196834994566455	안심	3년	35.51207914489844	0.2636272227166624	매우 유망	N	FCF<=0	41600000.0	16.24491737734839	11.182751795400048		-5.289698071169713	369.58819885253905	341.4539991760254	Y	Y	강한 상승추세	단기위험부채 존재
PYPL	PayPal Holdings, Inc.	0001633917	S&P 500	매우 유망	PEG=매우 유망, PEGY=안심	53.65999984741211	5.41	2025	91.0	8049000000.0	2373000000.0	10422000000.0	9987000000.0		20256000000.0	59917000000.0	25.26536365110449	74.7346363488955	0.3380676602633643	0.4493801652892562	0.4493801652892562	9.835604377471876	9.835604377471876	35.58897243107769	37.30414865193261	32.59424256515169	79.67794486215539	83.10829730386523	73.68848513030338	431.05768170426063	449.6158884139109	398.6547045549413	703.3128642005569	737.8976699449149	642.9271444065564	3년	83.10829730386523	449.6158884139109	737.8976699449149	12.870482338739194	13.044866764447033	12.56600385922803	5.74793388429752	10.711766493929144	3년	13.044866764447033	안심	3년	37.304148651932614	0.2636598001268774	매우 유망	Y		968000000.0	18.74308802412097	17.598068357066033		-29.515300429092072	53.82140007019043	51.28622510910034	N	Y	상승전환	
INCY	INCYTE CORP	0000879169	S&P 500	보류	PEG=매우 유망, PEGY=판정불가	124.37000274658203	6.41	2025		3097817000.0	284870000.0	3382687000.0	316153000.0	689118000.0	5167478000.0	1790495000.0	74.26700276071782	25.732997239282184	2.8860611171770936	15.279192825112107	11.845620328849028	17.018847101633373	17.554505837399844	4173.333333333333	61.56160063417288	56.62815181550294	8355.166666666666	131.62320126834578	121.75630363100588	53556.61833333333	843.7047201300965	780.4579062747476	42962.32785285131	578.3828105634447	527.5290576820353	3년	131.62320126834578	843.7047201300965	578.3828105634447				6.800189337319382	5.467708601064791	판정불가		판정불가	3년	61.56160063417288	0.2764523164816185	매우 유망	Y		200700000.0	30.107759714688243	24.320273498996325		-4.279219766503994	118.61619995117188	104.21195003509521	Y	Y	강한 상승추세	단기위험부채 존재
UHS	UNIVERSAL HEALTH SERVICES INC	0000352915	S&P 500	제외	PEG=매우 유망, PEGY=안심	171.66000366210938	23.1	2025	46.0	137797000.0		137797000.0	4004393000.0	748158000.0	7275792000.0					-59.98256337066799	-71.58874996121746	10.027816754665686	10.530249074602892	37.336504161712256	36.21405696848752	45.03135209620262	83.17300832342451	80.92811393697504	98.56270419240523	1921.2964922711064	1869.4394319441235	2276.798466844561	1019.2452821176279	989.0361132834848	1226.3418491625725	3년	80.92811393697504	1869.4394319441235	989.0361132834847	8.310533209827346	8.198599852778065	9.077883483844882	13.174350780304676	7.674676977309572	3년	8.198599852778065	안심	3년	36.21405696848752	0.2769039868521668	매우 유망	N	주당순현금<=0	64462000.0	18.639851244473448	-16.839451029539532		-29.699398471996385	160.73080017089845	187.4531502532959	Y	N	중립/개선	단기위험부채 존재
NXPI	NXP Semiconductors N.V.	0001413447	S&P 500	제외	PEG=매우 유망, PEGY=안심	223.5800018310547	7.95	2025	1.82	3267000000.0		3267000000.0	10972000000.0	307000000.0	10056000000.0					-30.295166534948553	-31.502254935497444	31.93398344226456	32.08581846120153	-18.293936279547793	-9.000664080454257	113.31378642177046	-28.087872559095587	-9.501328160908514	235.12757284354092	-223.29858684480993	-75.53555887922269	1869.2642041061504	-199.8741323088201	-133.78457744906012	736.0605549679866	5년	235.12757284354092	1869.2642041061504	736.0605549679866	-0.5158747673722588	-0.22485964187451363	3.6053687642798464	9.526955031042224	4.261094441819149	5년	3.6053687642798464	안심	5년	113.31378642177046	0.2818190482436233	매우 유망	N	주당순현금<=0	254331000.0	-28.19705879470368	-0.5250012033370832		-32.792258752945045	258.2889999389648	243.03540008544923	N	N	주의	단기위험부채 존재
APP	AppLovin Corp	0001751008	S&P 500	제외	PEG=매우 유망, PEGY=판정불가	317.760009765625	9.75	2025		2487096000.0		2487096000.0	3512987000.0	0.0	2134671000.0	5124939000.0	29.404761412803165	70.59523858719683	0.41652612840855274	-2.9999444395707227	-2.9999444395707227	32.898456841558534	32.898456841558534	115.23178807947019			238.96357615894038			2329.8948675496686			633.2246966092946			1년	238.96357615894038	2329.8948675496686	633.2246966092946				11.598438459513993	3.6500623436123467	판정불가		판정불가	1년	115.23178807947019	0.2854981024755942	매우 유망	N	주당순현금<=0	341970000.0	-48.2222578710934	-26.61092851797755		-56.68483910296954	408.38719970703124	492.32137619018556	N	N	주의	
IBM	INTERNATIONAL BUSINESS MACHINES CORP	0000051143	S&P 500	제외	PEG=매우 유망, PEGY=안심	235.58999633789062	11.17	2025	2.94	13587000000.0	608000000.0	14195000000.0	54836000000.0	6424000000.0	32648000000.0	119139000000.0	21.509088393604195	78.49091160639581	0.2740328523825112	-42.839739881982034	-49.61128804767315	24.926565462835512	25.532791798170436	73.71695178849146	83.76390990316042	12.386209881346621	155.9339035769829	176.02781980632085	33.27241976269325	1741.7817029548992	1966.230747236604	371.65292874928355	639.3275308926025	734.5985728598483	57.75412136610723	3년	176.02781980632085	1966.230747236604	734.5985728598483	3.075311434412568	3.4783737066557525	0.6148544573538369	12.756736597321586	5.414804022079728	3년	3.4783737066557525	안심	3년	83.76390990316042	0.2975812076066309	매우 유망	N	주당순현금<=0	948675228.0	-26.474631276106543	-1.5791447785451607		-28.442126028518732	243.76879852294923	264.1722996520996	N	N	주의	단기위험부채 존재
NOC	NORTHROP GRUMMAN CORP /DE/	0001133421	S&P 500	제외	PEG=매우 유망, PEGY=안심	545.5700073242188	29.08	2025	1.81	4403000000.0	250000000.0	4653000000.0	15162000000.0	534000000.0	16674000000.0	34703000000.0	32.45421102828114	67.54578897171886	0.4804771921735873	-73.08066759388039	-76.7941585535466	21.2740947358356	21.401793874751217	2.6111503175723305	-2.5984458859345416	71.32693092917182	13.722300635144661	3.3031082281309168	151.15386185834365	399.0445024700067	96.05438727404706	4395.554302840633	-26.857324062379327	-82.39375589117304	705.6810755413217	5년	151.15386185834365	4395.554302840633	705.6810755413217	0.2078184934527451	-0.03706131310050186	3.4378398628626377	22.99721835883171	4.215264411550584	5년	3.4378398628626377	안심	5년	71.32693092917182	0.2982617429167243	매우 유망	N	주당순현금<=0	143800000.0	1.1776337980979212	-28.964090329676615		-28.964090329676615	541.8533984375	603.7281002807617	Y	N	중립/개선	단기위험부채 존재
DHI	HORTON D R INC /DE/	0000882184	S&P 500	매우 유망	PEG=매우 유망, PEGY=안심	147.38999938964844	11.57	2025	1.24	2985400000.0		2985400000.0			24190400000.0	10729000000.0	69.27495890536493	30.725041094635074	2.254674247366949	9.633430138754436	9.633430138754436	11.906358621512013	11.906358621512013	-19.316596931659692	-11.176320062438394	38.872760394269434	-30.133193863319384	-13.852640124876789	86.24552078853887	-348.6410529986053	-160.27504624482447	997.8606755233948	-336.54322168556246	-208.7421445881904	577.0206117481516	5년	86.24552078853887	997.8606755233948	577.0206117481516	-1.5182305107960967	-0.8345389533694862	3.3690200059819326	10.595353339787028	7.188651457807907	5년	3.3690200059819326	안심	5년	38.872760394269434	0.3062905361170911	매우 유망	Y		309900000.0	0.27895201661960467	-4.540152062140434		-19.914146508092657	151.07579986572264	149.84089988708496	N	N	중립/개선	
DIS	Walt Disney Co	0001744489	S&P 500	제외	PEG=매우 유망, PEGY=안심	108.0999984741211	6.85	2025	1.4	5695000000.0		5695000000.0	35315000000.0	6711000000.0	109869000000.0					-16.35560463832137	-20.06129210381005	18.168701184298172	18.709677456632285	151.8382352941176	58.50904212609996		312.1764705882352	125.51808425219991		2138.408823529411	859.7988771275693		1878.17655292691	695.3736255911265		3년	125.51808425219991	859.7988771275693	695.3736255911265	8.434187658199242	3.297376159055045		5.564329099944782	5.147390544391978	3년	3.297376159055045	안심	3년	58.509042126099956	0.3105280914553445	매우 유망	N	주당순현금<=0	1811000000.0	5.104521223032399	3.613530697690681		-9.037359638781151	100.70620040893554	104.04495025634766	Y	Y	상승전환	단기위험부채 존재
NVR	NVR INC	0000906163	S&P 500	매우 유망	PEG=매우 유망, PEGY=안심	6396.27001953125	436.55	2025	0.01283560571228303	2809782000.0		2809782000.0	600115000.0		3864869000.0	1992061000.0	65.98796639194937	34.012033608050636	1.9401358693333186	719.9716008227812	719.9716008227812	13.002630669358535	13.002630669358535	-13.842783556020443	-3.895748108815445	41.51016978111202	-19.185567112040886	0.7085037823691112	91.52033956222404	-8375.45932276145	309.2973261932355	39953.2042358889	-230.94286665801587	-95.16441105130356	524.6328581171573	5년	91.52033956222404	39953.2042358889	524.6328581171573	-1.0636269153517717	-0.29862514762135584	3.1934311173411785	357.3721703051348	5.5871964318874205	5년	3.1934311173411785	안심	5년	41.51016978111202	0.3132396407416045	매우 유망	Y		3069103.0	4.491848285833555	-13.747496618261811		-25.128526050201916	6441.023798828125	6831.668247070313	N	N	중립/개선	
CPB	CAMPBELL'S Co	0000016732	S&P 500	제외	PEG=매우 유망, PEGY=안심	23.389999389648438	2.01	2025	6.72	132000000.0		132000000.0	2244000000.0	332000000.0	3902000000.0	10992000000.0	26.19846918222103	73.80153081777897	0.3549854439592431	-7.04	-8.146666666666667	15.139303178929572	15.68988361010702	6.3492063492063435	-7.137412911717755	48.32269407146974	21.19841269841269	-5.77482582343551	105.14538814293948	42.6088095238095	-11.607399905105373	211.34223016730834	82.1667833931907	-149.62548186402427	803.5580832928142	5년	105.14538814293948	211.34223016730834	803.5580832928142	0.8632634008806741	-0.027571474511369716	3.6357481860906593	2.35	10.047028906892681	5년	3.6357481860906593	안심	5년	48.32269407146974	0.3132959258550111	매우 유망	N	주당순현금<=0	300000000.0	10.958251775630302	-11.132220133543392		-31.266528860769714	22.5689998626709	24.309299936294554	Y	N	중립/개선	단기위험부채 존재
AWK	American Water Works Company, Inc.	0001410636	S&P 500	제외	PEG=매우 유망, PEGY=안심	138.3000030517578	5.69	2025	2.62	98000000.0		98000000.0	5212881000.0	1588000000.0	10837000000.0					-26.230158974358975	-34.373748717948715	28.915669951865866	30.34688080311187	366.3934426229509	91.51777276233976	48.04865146769342	741.2868852459018	191.5355455246795	104.59730293538684	4217.922377049182	1089.8372540354264	595.1586537023511	2949.83534633087	688.024027466986	330.33885796778844	3년	191.5355455246795	1089.8372540354264	688.024027466986	12.76171166835231	3.2555971526527	1.752290420800846	-5.471794871794872	-3.9564676435669277	3년	3.2555971526527	안심	3년	91.51777276233975	0.3159568800582183	매우 유망	N	주당순현금<=0 | FCF<=0	195000000.0	14.174858571504956	2.1116365614278987		-4.902695443242511	133.89560089111328	131.32530040740966	Y	Y	강한 상승추세	단기위험부채 존재
HIG	HARTFORD INSURANCE GROUP, INC.	0000874766	S&P 500	제외	PEG=매우 유망, PEGY=안심	138.5500030517578	13.32	2025	1.74	177000000.0	1843000000.0	2020000000.0	4371000000.0	0.0	18979000000.0	67018000000.0	22.06937451306441	77.93062548693558	0.2831925751290698	-8.205933682373473	-8.205933682373473	11.017712968027874	11.017712968027874	28.69565217391305	34.78299680616526	55.39512065939527	65.8913043478261	78.06599361233052	119.29024131879054	877.6721739130436	1039.8390349162426	1588.94601436629	533.469617164262	650.5153460933467	1046.8393932641857	3년	78.06599361233052	1039.8390349162426	650.5153460933467	2.762429213960627	3.314934497944425	5.185751419118901	20.080279232111693	14.493164048946536	3년	3.314934497944425	안심	3년	34.78299680616526	0.3167557134144058	매우 유망	N	주당순현금<=0	286500000.0	9.46512079151367	-2.333284607607855		-4.894281975900161	138.33940002441406	136.10514961242677	Y	Y	상승전환	
CAH	CARDINAL HEALTH INC	0000721371	S&P 500	매우 유망	PEG=매우 유망, PEGY=안심	234.5500030517578	7.23	2026	88.0	4856000000.0	200000000.0	5056000000.0	2502000000.0	855000000.0	-2883000000.0					10.776371308016877	7.168776371308017	30.950709784749783	31.449685571293195	12.093023255813957	93.36569678851458	28.29655427495148	32.686046511627914	195.23139357702917	65.09310854990295	236.32011627906982	1411.522975561921	470.62317481579834	0.7546848025072883	501.8004507339282	100.64940042313562	3년	195.23139357702917	1411.522975561921	501.8004507339282	3.2339492034891033	5.859823508082459	3.7574761639958836	19.09282700421941	8.140194737071148	3년	5.859823508082459	안심	3년	93.36569678851458	0.3314997997054223	매우 유망	Y		237000000.0	20.18960306817783	2.0314938532065785		-2.3765885231116446	232.7438003540039	214.81460006713868	Y	Y	강한 상승추세	단기위험부채 존재
STE	STERIS plc	0001757898	S&P 500	제외	PEG=매우 유망, PEGY=안심	233.77999877929688	7.93	2026	1.09	220531000.0		220531000.0	1812800000.0	118900000.0	7183600000.0	3540000000.0	66.98869782535716	33.01130217464284	2.029265536723164	-16.13241134751773	-17.33707193515704	31.514805816748378	31.66671761846834	27.903225806451605	94.9679101546837	50.70740889939833	64.3064516129032	198.4358203093674	109.91481779879666	509.9501612903224	1573.5960550532834	871.6245051444575	118.13250233256593	573.1097883779432	272.8396397021656	3년	198.4358203093674	1573.5960550532834	573.1097883779432	0.9199874489165758	3.0480248145344504	1.6435896575276017	9.852077001013171	4.214251455409646	3년	3.0480248145344504	안심	3년	94.9679101546837	0.3318468919176707	매우 유망	N	주당순현금<=0	98700000.0	10.759459263292648	-5.646367700659971		-12.979711859075472	222.92220123291017	233.71575057983398	Y	Y	상승전환	단기위험부채 존재
LULU	lululemon athletica inc.	0001397187	S&P 500	보류	PEG=매우 유망, PEGY=판정불가	120.80999755859375	13.26	2025		881320000.0		881320000.0		0.0	4961840000.0	3494903000.0	58.673179497118454	41.326820502881546	1.4197361128477672	7.4018208082776225	7.4018208082776225	8.552652846931835	8.552652846931835	-9.426229508196727	25.676965842053367	24.12698368466455	-10.352459016393453	59.85393168410673	56.7539673693291	-137.27360655737718	793.6631341312552	752.5576073173038	-213.62768755193332	556.9515356097269	522.9265975709566	3년	59.85393168410673	793.6631341312552	556.9515356097269				7.740744784492895	6.407371029652224	판정불가		판정불가	3년	25.676965842053367	0.3330865842771977	매우 유망	Y		119068000.0	-8.539631381654566	-31.424193214364383		-44.0383570381269	117.81300018310547	154.09264949798583	Y	N	주의	
WDC	WESTERN DIGITAL CORP	0000106040	S&P 500	매우 유망	PEG=매우 유망, PEGY=안심	459.45001220703125	24.28	2026	13.0	1579000000.0	24000000.0	1603000000.0	0.0	255000000.0	8864000000.0	4997000000.0	63.94921001370753	36.05078998629247	1.7738643185911547	4.185378590078329	3.519582245430809	18.750602702510413	18.778024298253726	3137.3333333333335		55.622865998828615	6283.166666666667		119.74573199765723	152555.28666666668		2907.4263729031177	33103.892178356116		532.8058103507051	5년	119.74573199765723	2907.4263729031177	532.8058103507051	168.01237716543122		3.659768546514032	9.167101827676241	1.9952337760621244	5년	3.659768546514032	안심	5년	55.622865998828615	0.3371024194061717	매우 유망	Y		383000000.0	-15.88246028217194	70.11627482590075		-38.430507453154824	531.1769995117188	365.5876988983154	N	Y	중립/개선	단기위험부채 존재
CF	CF Industries Holdings, Inc.	0001324404	S&P 500	제외	PEG=매우 유망, PEGY=안심	125.79000091552734	8.97	2025	1.91	287000000.0	3100000.0	290100000.0	3215000000.0	0.0	4838000000.0					-18.032675709001232	-18.032675709001232	16.033743213436853	16.033743213436853	33.08605341246291	-18.18627213243168	43.58035462807208	74.67210682492582	-27.872544264863357	95.66070925614416	669.8087982195847	-250.01672205582435	858.0765620276131	432.4817500155566	-298.75723049220727	582.1500562702464	5년	95.66070925614416	858.0765620276131	582.1500562702464	2.182650236230237	-1.015126157115425	2.837163725433093	11.109741060419235	8.831974703521816	5년	2.837163725433093	안심	5년	43.58035462807208	0.3679121785555364	매우 유망	N	주당순현금<=0	162200000.0	11.023828356000864	20.60402419461611		-8.58285222684052	118.00960006713868	106.788450050354	Y	Y	강한 상승추세	
EXC	EXELON CORP	0001109357	S&P 500	제외	PEG=매우 유망, PEGY=안심	43.93000030517578	1.74	2021	3.82	626000000.0		626000000.0	35272000000.0	612000000.0	28798000000.0	87772000000.0	24.704469417517373	75.29553058248263	0.32810007747345393	-34.23517786561265	-34.8399209486166	44.9225161901083	45.270069686087574	-13.432835820895514	121.5523810846817	51.225599028568624	-18.365671641791028	251.6047621693634	110.95119805713725	-31.95626865671639	437.7922861746923	193.0550846194188	-172.74361127867178	896.5679106155438	339.4606949198525	3년	251.6047621693634	437.7922861746923	896.5679106155438	-0.21398703002776612	2.7908583872309456	1.2253454102085533	-2.2480237154150196	-5.117285908942186	3년	2.7908583872309456	안심	3년	121.5523810846817	0.3695733130790107	매우 유망	N	주당순현금<=0 | FCF<=0	1012000000.0	-1.7445734629141674	-10.65690066891033		-12.646650416719075	46.033399963378905	45.98574998855591	N	N	주의	단기위험부채 존재
TMUS	T-Mobile US, Inc.	0001283699	S&P 500	제외	PEG=매우 유망, PEGY=안심	181.3699951171875	9.72	2025	2.27	5598000000.0	0.0	5598000000.0	81147000000.0	5135000000.0	59203000000.0	6830508000.0	89.65599707348578	10.344002926514218	8.66743732676984	-66.79390530320666	-71.33382911069539	25.53126547534919	25.998335825913873	0.6211180124223654	67.7257264346652	74.54322774580642	9.74223602484473	143.9514528693304	157.58645549161284	94.6945341614908	1399.2081218898916	1531.7403473784768	-47.78930544696416	671.4661518217662	744.5390023795186	3년	143.9514528693304	1399.2081218898916	671.4661518217662	0.11323833576576069	2.741569018670347	3.0085946119658935	15.90962588427648	8.77191724794219	3년	2.741569018670347	안심	3년	67.7257264346652	0.3769803119052421	매우 유망	N	주당순현금<=0	1131076251.0	-2.8756614640739864	-16.075149412359046		-29.12189005049313	181.20220001220704	195.34955001831054	Y	N	주의	단기위험부채 존재
EPAM	EPAM Systems, Inc.	0001352010	S&P 500	보류	PEG=매우 유망, PEGY=판정불가	114.80000305175781	6.72	2025		1296077000.0	1690000.0	1297767000.0	25034000.0	2861000.0	3677226000.0	1224328000.0	75.02163599544144	24.978364004558554	3.0034647578099984	22.633204701865452	22.58232710330233	13.715297373495888	13.722868444710638	-14.285714285714288	-1.770708271929189	35.70732296450074	-20.071428571428577	4.958583456141622	79.91464592900148	-134.88000000000002	33.3216808252717	537.0264206428899	-217.4912860753053	-70.97414639418733	367.7930369050343	5년	79.91464592900148	537.0264206428899	367.7930369050343				10.895577330037522	9.490920766896869	판정불가		판정불가	5년	35.70732296450074	0.3841032100650969	매우 유망	Y		56233000.0	5.553513053412562	-17.505030159024294		-48.14814534031443	94.4052001953125	139.83975009918214	Y	N	중립/개선	단기위험부채 존재
BSX	BOSTON SCIENTIFIC CORP	0000885725	S&P 500	제외	PEG=매우 유망, PEGY=판정불가	46.84000015258789	1.94	2025		1965000000.0		1965000000.0	3815000000.0	250000000.0	24233000000.0					-1.2378721980595517	-1.405152224824356	24.782408428168782	24.868635246088786	55.199999999999996	62.7532758644933		118.89999999999999	134.0065517289866		230.66599999999997	259.97271035423404		392.45516492009614	455.0228640207864		3년	134.0065517289866	259.97271035423404	455.0228640207864				2.4476413516226163	5.225536600446371	판정불가		판정불가	3년	62.753275864493304	0.3949181630243947	매우 유망	N	주당순현금<=0	1494500000.0	-2.375988746404445	-38.54631408761372		-56.68577731000839	46.573399963378904	68.14500003814697	Y	N	주의	단기위험부채 존재
DECK	DECKERS OUTDOOR CORP	0000910521	S&P 500	보류	PEG=매우 유망, PEGY=판정불가	87.76000213623047	7.02	2026		1907249000.0	26120000.0	1933369000.0		0.0	2499638000.0					13.259963650080588	13.259963650080588	10.612541094893146	10.612541094893146	10.90047393364928	26.59610321922323	42.853544612930364	30.30094786729856	61.69220643844646	94.20708922586073	212.71265402843588	433.0792891978941	661.3337663655423	142.37995539043004	393.4814022971674	653.5708184452288	3년	61.69220643844646	433.0792891978941	393.4814022971674				7.526024484757039	8.575688584275941	판정불가		판정불가	3년	26.59610321922323	0.3990261658791643	매우 유망	Y		145805000.0	-20.808516172257985	-23.360404768987785		-29.17440114395967	99.20520004272461	102.49149997711181	N	N	주의	
TECH	BIO-TECHNE Corp	0000842023	S&P 500	보류	PEG=매우 유망, PEGY=불리(<1)	72.3499984741211	1.16	2026	44.0	264712000.0	1072000.0	265784000.0		12500000.0	2108221000.0					1.6927946805597132	1.6131814099828672	60.911382580656365	60.98001471046399	152.17391304347825	-12.974116606482456	-19.679629541091302	312.8478260869565	-17.44823321296491	-30.859259082182604	362.9034782608695	-20.239950527039294	-35.796740535331814	401.5943136345423	-127.97505314983376	-149.47718215659117	1년	312.8478260869565	362.9034782608695	401.5943136345423	3.220644561526949	0.5093610106852252	0.39927464175853594	1.676483513683929	2.317185278564437	3년	0.5093610106852252	불리(<1)	1년	152.17391304347825	0.4002747998157419	매우 유망	Y		157009000.0	42.449295471468474	25.129710923532798		-0.17936655186435724	70.60060005187988	60.691300010681154	Y	Y	강한 상승추세	단기위험부채 존재
FSLR	FIRST SOLAR, INC.	0001274494	S&P 500	보류	PEG=매우 유망, PEGY=판정불가	204.4600067138672	14.21	2025		2803514000.0	509032000.0	3312546000.0	282593000.0	0.0	9537993000.0	3783317000.0	71.59951236027088	28.40048763972913	2.5210663024007767	28.17591154672345	28.17591154672345	12.405636535337349	12.405636535337349	18.21963394342763		30.670348455238837	44.93926788685526		69.84069691047767	638.5869966722133		992.4363030978878	212.32856094242814		385.3938523472509	5년	69.84069691047767	992.4363030978878	385.3938523472509				11.040200117168974	5.399686860335112	판정불가		판정불가	5년	30.670348455238837	0.4044830645938855	매우 유망	Y		107537000.0	-32.52144992941677	2.301614174656108		-35.75490755259476	224.07560119628906	231.99150100708007	N	N	판정불가	
LDOS	Leidos Holdings, Inc.	0001336920	S&P 500	제외	PEG=매우 유망, PEGY=안심	140.66000366210938	11.14	2025	1.23	1108000000.0		1108000000.0	1331000000.0	18000000.0	4916000000.0	8531000000.0	36.55834015021938	63.44165984978062	0.5762513187199625	-1.7153846153846153	-1.853846153846154	12.780555500672708	12.792984723155792	20.824295010845983	30.95874508346872	20.63678102465594	50.148590021691966	70.41749016693744	49.77356204931188	558.6552928416485	784.4508404596831	554.4774812293343	297.16712519334135	457.69289068417424	294.19697625011366	3년	70.41749016693744	784.4508404596831	457.69289068417424	1.7256131793086107	2.518571675681425	1.7109413611564046	12.53076923076923	8.908551759226732	3년	2.518571675681425	안심	3년	30.95874508346872	0.4128253734514982	매우 유망	N	주당순현금<=0	130000000.0	10.131539553500012	-21.594198189732584		-29.511399894278124	119.8517999267578	154.56915000915527	Y	N	중립/개선	단기위험부채 존재
AOS	SMITH A O CORP	0000091142	S&P 500	제외	PEG=매우 유망, PEGY=안심	60.380001068115234	3.85	2025	2.32	174500000.0	18700000.0	193200000.0	112700000.0	42300000.0	1858000000.0	1284800000.0	59.119256713758425	40.88074328624157	1.4461394769613947	0.5672415936205122	0.2691755139913486	15.53578168168694	15.61320144262958		36.61380704310213	39.07395391564303		81.72761408620426	86.64790783128606		314.6513142318864	333.59444515045135		421.1184310462753	452.4916184981851	3년	81.72761408620426	314.6513142318864	421.11843104627525		2.506073259834489	2.6644268543266696			3년	2.506073259834489	안심	3년	36.61380704310213	0.424314840120233	매우 유망	N	FCF<=0	141914840.0	8.24668768283603	-22.520209378075606		-24.965825584477784	61.27900016784668	65.34119987487793	N	N	중립/개선	단기위험부채 존재
CBOE	Cboe Global Markets, Inc.	0001374310	S&P 500	매우 유망	PEG=매우 유망, PEGY=안심	310.45001220703125	10.42	2025	1.1	2216500000.0	36100000.0	2252600000.0	1442900000.0	304700000.0	5138300000.0	4167000000.0	55.21906870278228	44.78093129721771	1.2330933525317975	7.704091341579448	4.804947668886775	29.054311023555837	29.33253978293133	44.521497919556175	68.19298103960483	66.67733196826208	97.54299583911235	144.88596207920966	141.85466393652416	1016.3980166435507	1509.7117248653647	1478.1255982185817	227.3950641579426	386.2978468361522	376.12354327525594	3년	144.88596207920966	1509.7117248653647	386.2978468361522	1.5702144126759179	2.384946625766669	2.332780560974634	16.0	5.153808784304381	3년	2.384946625766669	안심	3년	68.19298103960483	0.4260601396305258	매우 유망	Y		105100000.0	3.1429689622867185	4.3564564852907495		-15.33951407894757	279.4054013061523	284.26770080566405	Y	Y	상승전환	단기위험부채 존재
ECL	ECOLAB INC.	0000031462	S&P 500	제외	PEG=매우 유망, PEGY=안심	286.75	7.28	2025	1.02	646200000.0		646200000.0	6613200000.0	74400000.0	9770800000.0	14891800000.0	39.61788294826985	60.382117051730155	0.6561194751473965	-20.922159887798035	-21.18302945301543	42.262659325246986	42.29849305673289	338.5542168674699	98.55590630677445	47.57731615945522	685.6084337349398	205.6118126135489	103.65463231891044	4991.229397590362	1496.853995826636	754.605723281668	1640.6205397002136	422.006624525418	163.1580551984893	3년	205.6118126135489	1496.853995826636	422.006624525418	8.034852096129551	2.3561202228296483	1.1498877954048676	6.677068723702665	2.3285331207332747	3년	2.3561202228296483	안심	3년	98.55590630677445	0.4288191434584978	매우 유망	N	주당순현금<=0	285200000.0	14.484768077007558	-5.506489133857285		-7.005028596063767	278.065400390625	272.3499496459961	Y	Y	상승전환	단기위험부채 존재
TRV	TRAVELERS COMPANIES, INC.	0000086312	S&P 500	제외	PEG=매우 유망, PEGY=안심	369.8999938964844	27.43	2025	1.35	842000000.0		842000000.0	5861000000.0	100000000.0	32894000000.0	110814000000.0	22.88947031480502	77.11052968519499	0.29683974949013664	-22.051845342706503	-22.491212653778557	14.289166578169555	14.305184343793764	27.759664648346536	32.58155699339016	40.000996302713745	64.01932929669307	73.66311398678032	88.50199260542749	1756.0502026082909	2020.579216657384	2427.609657166876	374.7364778545299	446.2501351710858	556.2881041426123	3년	73.66311398678032	2020.579216657384	446.25013517108584	2.037184218484735	2.3746351340902905	2.8938704071018546			3년	2.3746351340902905	안심	3년	32.58155699339016	0.4385661060049526	매우 유망	N	주당순현금<=0 | FCF<=0	227600000.0	28.024090012545866	19.065238970200006		-6.877802537702326	357.83699890136717	310.38144958496093	Y	Y	강한 상승추세	단기위험부채 존재
NDSN	NORDSON CORP	0000072331	S&P 500	제외	PEG=매우 유망, PEGY=안심	324.5899963378906	8.51	2025	99.0	108442000.0	279000.0	108721000.0	1681254000.0	315000000.0	3043571000.0					-27.6290146883126	-33.16348654157003	41.38883795842577	42.03918717737493	4.9321824907521625	-1.1482071165261345	93.96062427456746	18.364364981504323	6.2035857669477315	196.42124854913493	156.2807459926018	52.79251487672519	1671.5448251531382	-51.85287662719058	-83.73563095833384	414.97114637294584	5년	196.42124854913493	1671.5448251531382	414.97114637294584	2.511116224020348	2.3642073010545492	4.66214162543999	11.615626537353293	3.5785534577170695	3년	2.364207301054549	안심	5년	93.96062427456746	0.4404913045009278	매우 유망	N	주당순현금<=0	56916000.0	15.385161976080198	11.092478771492509		-3.0206201076822814	302.7502001953125	277.0552005004883	Y	Y	강한 상승추세	단기위험부채 존재
CRM	Salesforce, Inc.	0001108524	S&P 500	제외	PEG=매우 유망, PEGY=안심	256.0	7.8	2025	70.0	7327000000.0	57139000.0	7384139000.0	10439000000.0	4000000000.0	59142000000.0	53163000000.0	52.66194737545078	47.33805262454922	1.1124654364877828	-3.19546129707113	-7.379561715481172	33.23018734577835	33.766610476343736	85.7142857142857	74.02472751880647	12.233911375838758	179.9285714285714	156.54945503761294	32.96782275167752	1403.4428571428568	1221.085749293381	257.14901746308465	448.21986607142844	376.9866208177269	0.44883494651744016	3년	156.54945503761294	1221.085749293381	376.98662081772693	4.685928613462002	4.334153341362481	2.4746749249454947	15.064853556485355	5.884708420502092	3년	4.334153341362481	안심	3년	74.02472751880647	0.448906581079086	매우 유망	N	주당순현금<=0	956000000.0	22.137401023532743	32.676861388430424		-3.8425461308542963	180.89099975585938	200.3235506439209	Y	Y	상승전환	단기위험부채 존재
AES	AES CORP	0000874761	S&P 500	제외	PEG=매우 유망, PEGY=안심	14.729999542236328	1.26	2025	4.77	1382000000.0	174000000.0	1556000000.0			4063000000.0					2.179271708683473	2.179271708683473	9.96089510599433	9.96089510599433	-46.61016949152542		21.802033073406225	-84.72033898305084		52.10406614681245	-106.74762711864406		65.65112334498369	-824.6953865311357		345.6967100150802	5년	52.10406614681245	65.65112334498369	345.6967100150802	-4.200442735949159		2.66763506599076	-2.273109243697479	-15.431835127894189	5년	2.66763506599076	안심	5년	21.802033073406225	0.456879185186838	매우 유망	N	FCF<=0	714000000.0	0.2040798187785242	3.6593912927052052		-14.756950480794229	14.729599952697754	14.571199979782104	Y	Y	강한 상승추세	
RCL	ROYAL CARIBBEAN CRUISES LTD	0000884887	S&P 500	제외	PEG=매우 유망, PEGY=안심	279.4100036621094	15.61	2025	1.76	825000000.0		825000000.0	7856962000.0	0.0	10037000000.0	31374000000.0	24.237521431503705	75.76247856849629	0.3199145789507235	-25.66409489051095	-25.66409489051095	19.54350407127613	19.54350407127613	42.68738574040219			93.87477148080438			1465.3851828153563			424.45694986191234			1년	93.87477148080438	1465.3851828153563	424.45694986191234	2.274279247892311			4.510948905109489	1.6144550467006833	1년	2.274279247892311	안심	1년	42.68738574040219	0.4578285536183316	매우 유망	N	주당순현금<=0	274000000.0	-3.3350577886078314	-7.1233854994839145		-23.07416917486004	302.18699951171874	287.606499710083	N	N	주의	
SMCI	Super Micro Computer, Inc.	0001375365	S&P 500	보류	PEG=매우 유망, PEGY=판정불가	37.08000183105469	1.68	2025		5169911000.0		5169911000.0	120179000.0	170123000.0	6301693000.0	7716558000.0	44.95348956157227	55.04651043842773	0.8166455821364914	8.035830567057394	7.765107367576806	17.28819718095077	17.449341942546358	-12.5	-31.902283387417853	37.6467852709161	-16.5	-55.304566774835706	83.7935705418322	-27.72	-92.91167218172399	140.7731985102781	-174.7572778617944	-350.5708403280336	279.64722642591624	5년	83.7935705418322	140.7731985102781	279.64722642591624				2.4384231749739818	6.576113955128745	판정불가		판정불가	5년	37.6467852709161	0.4592210744301376	매우 유망	Y		628402000.0	-20.904434756350454	16.49387973588585		-36.8098131591453	31.208999900817872	31.33769992828369	Y	Y	중립/개선	단기위험부채 존재
AMCR	Amcor plc	0001748790	S&P 500	제외	PEG=매우 유망, PEGY=안심	46.66999816894531	2.38	2026	5.59	1115000000.0		1115000000.0	5314400000.0	135000000.0	11790000000.0	25294000000.0	31.79268687304498	68.20731312695501	0.46611844706254446	-9.054333764553688	-9.345407503234153	23.413584846007986	23.535884736209862	643.75	50.01313255128406	31.642491466477107	1296.0	108.52626510256812	71.78498293295422	3084.48	258.2925109441121	170.84825938043105	6509.128178737415	453.4444419926773	266.0772789447316	3년	108.52626510256812	258.2925109441121	453.4444419926773	27.733472010831886	2.3748235444075703	1.5902089197940674	3.9215178956446746	8.402652773734395	3년	2.3748235444075703	안심	3년	50.01313255128406	0.4681487371741695	매우 유망	N	주당순현금<=0	463800000.0	23.69466932195752	-3.073734807958717		-7.730335153346601	44.878600158691405	42.66429983139038	Y	Y	상승전환	단기위험부채 존재
D	DOMINION ENERGY, INC	0000715957	S&P 500	제외	PEG=매우 유망, PEGY=안심	65.55000305175781	0.65	2025	4.02	250000000.0		250000000.0	30948000000.0	2457000000.0	29083000000.0	82440000000.0	26.07802874743326	73.92197125256673	0.3527777777777778	-35.89150005845902	-38.764176312405006	156.06385093879513	160.48335286794278	333.33333333333337	-15.82903888645284	-4.5403361201187264	675.1666666666667	-23.158077772905678	-0.5806722402374529	438.8583333333334	-15.05275055238869	-0.3774369561543444	569.5016215129907	-122.96376788953486	-100.57580005885937	1년	675.1666666666667	438.8583333333334	569.5016215129907	2.161636607734587	-0.07566799624266667	-0.003334123289850072	0.445457734128376	0.6795693568109307	1년	2.161636607734587	안심	1년	333.33333333333337	0.4681915528163853	매우 유망	N	주당순현금<=0	855300000.0	1.4548869099618056	3.965113156143829		-8.564652225624892	68.99640045166015	63.98815021514893	N	Y	상승전환	단기위험부채 존재
SPG	SIMON PROPERTY GROUP INC.	0001063761	S&P 500	제외	PEG=매우 유망, PEGY=안심	214.55999755859375	9.35	2025	4.1	823147000.0	1000000000.0	1823147000.0	28430175000.0		5208268000.0	33901073000.0	13.317197034846483	86.68280296515351	0.1536313614616269	-81.57151298527937	-81.57151298527937	31.671819309505146	31.671819309505146	358.3333333333333	65.56992936260015		725.1666666666666	139.6398587252003		6780.3083333333325	1305.6326790806227		3060.0989981749567	508.51635623460993		3년	139.6398587252003	1305.6326790806227	508.51635623460993	11.443401144454059	2.199745100897669				3년	2.199745100897669	안심	3년	65.56992936260015	0.4830235386462099	매우 유망	N	주당순현금<=0 | FCF<=0	326180391.0	5.851011736018874	5.61133770968254		-9.353612030037183	223.26739959716798	201.09615058898925	N	Y	상승전환	
EME	EMCOR Group, Inc.	0000105634	S&P 500	제외	PEG=매우 유망, PEGY=안심	740.1699829101562	28.19	2025	21.0	1111968000.0		1111968000.0	0.0		3673944000.0	5616418000.0	39.54575720515519	60.4542427948448	0.654143619652241	24.630614870271227	24.630614870271227	25.382737426033522	25.382737426033522	30.994423791821568	51.54328097260492	63.67289600664736	70.48884758364314	111.58656194520984	135.84579201329473	1987.0806133829	3145.6251812354653	3829.4928768547784	168.46273954128955	324.98686164868286	417.3801917497662	3년	111.58656194520984	3145.6251812354653	324.98686164868286	2.0484167219290565	2.8579770477474864	3.3358457200839005			3년	2.8579770477474864	안심	3년	51.54328097260492	0.4924548252860419	매우 유망	N	FCF<=0	45145767.0	-10.924848422080192	0.5966394083128934		-21.571392539321188	790.3047973632813	756.3522500610352	N	N	판정불가	
CCL	Carnival Corp Ltd.	0000815097	S&P 500	제외	PEG=매우 유망, PEGY=안심	24.760000228881836	2.02	2025	1.76	1928000000.0	0.0	1928000000.0	24037000000.0	0.0	12284000000.0					-15.769614835948644	-15.769614835948644	20.064165873678455	20.064165873678455	40.277777777777786			89.05555555555557			179.89222222222224			626.5437017742153			1년	89.05555555555557	179.89222222222224	626.5437017742153	2.095166977906907			1.8594864479315263	7.510042127392584	1년	2.095166977906907	안심	1년	40.277777777777786	0.4981448078982236	매우 유망	N	주당순현금<=0	1402000000.0	-9.996364875027764	-15.030882815744096		-27.155048525438332	27.41620006561279	27.855150089263915	N	N	주의	
EXPE	Expedia Group, Inc.	0001324424	S&P 500	매우 유망	PEG=매우 유망, PEGY=안심	329.44000244140625	9.81	2025	60.0	5413000000.0	320000000.0	5733000000.0	4469000000.0	1692000000.0	1284000000.0					9.579894348317076	-3.243824985031415	32.60551560581949	33.912724508301494	9.608938547486048	65.34957812135467		27.717877094972096	139.19915624270934		271.91237430167627	1365.5437227409786		-17.462247363224137	314.5045266577341		3년	139.19915624270934	1365.5437227409786	314.5045266577341	2.134882312214137	3.844428643201154		23.570784353849767	7.154803356960889	3년	3.844428643201154	안심	3년	65.34957812135467	0.4989399555919213	매우 유망	Y		131943000.0	44.25713074625015	54.49258767345477		-2.8573120342904046	288.85719970703127	257.61634956359865	Y	Y	강한 상승추세	단기위험부채 존재
NWSA	NEWS CORP	0001564708	S&P 500	양호	PEG=헐값, PEGY=안심	30.969999313354492	1.03	2026	64.0	2095000000.0		2095000000.0	1989000000.0	0.0	8526000000.0					0.18982808022922637	0.18982808022922637	29.883661391383754	29.883661391383754	-21.37404580152672	58.22968332827563	12.961341039942953	-34.24809160305344	124.95936665655125	34.4226820798859	-35.27553435114504	128.7081476562478	35.45536254228248	-213.90227682676755	315.58976593437603	14.482929700918223	3년	124.95936665655125	128.7081476562478	315.58976593437603	1.4263966399633836	4.0901843227121315	2.575365181394169	1.2034383954154728	3.8858198969883126	3년	4.090184322712132	안심	3년	58.22968332827563	0.5132032270021398	헐값	Y		558400000.0	15.559702220168115	29.203171466509236		-0.7053581819047916	27.897000045776366	26.100450038909912	Y	Y	강한 상승추세	
FISV	FISERV INC	0000798354	S&P 500	제외	PEG=헐값, PEGY=판정불가	53.18000030517578	6.34	2025		798000000.0		798000000.0	3228000000.0	2000000.0	25792000000.0	54324000000.0	32.19331968645464	67.80668031354537	0.47478094396583465	-4.426229508196721	-4.429872495446266	9.086156121983045	9.086730725650165	17.843866171003718	17.481865339726866	35.26712030178827	44.187732342007436	43.46373067945373	79.03424060357654	280.1502230483271	275.56005250773666	501.07708542667524	426.79620428859096	418.1648193426535	842.2284365385902	3년	43.46373067945373	275.56005250773666	418.16481934265346				7.830601092896175	14.724710507634306	판정불가		판정불가	3년	17.481865339726866	0.5197475180943709	헐값	N	주당순현금<=0	549000000.0	-9.940726516048247	-14.01778234897283		-61.51396502824058	51.669200286865234	58.59300001144409	Y	N	주의	단기위험부채 존재
WFC	WELLS FARGO & COMPANY/MN	0000072971	S&P 500	제외	PEG=헐값, PEGY=안심	86.69000244140625	6.26	2025	2.35	172593000000.0		172593000000.0	174712000000.0	18323000000.0	181117000000.0	1965593000000.0	8.436957017948396	91.5630429820516	0.09214369404042444	-0.6535484069950344	-6.304783641242328	13.952643905495412	14.855397137803287	16.573556797020476	25.8582131723802	72.48768573284212	41.64711359404095	60.21642634476039	153.47537146568425	260.71093109869634	376.95482891820006	960.7558253751833	200.73932836131917	334.8307974417047	1008.2660033659106	3년	60.21642634476039	376.95482891820006	334.8307974417047	1.3562703187434757	2.0217109648494693	5.363692088734983			3년	2.0217109648494693	안심	3년	25.858213172380196	0.5395826777543384	헐값	N	주당순현금<=0 | FCF<=0	3242300000.0	12.336405984640763	4.976992636498068		-10.063281470757946	86.19599990844726	84.91230010986328	Y	Y	강한 상승추세	단기위험부채 존재
CB	Chubb Ltd	0000896159	S&P 500	제외	PEG=헐값, PEGY=양호	339.9200134277344	25.68	2025	1.21	2012000000.0		2012000000.0	15728000000.0	1499000000.0	73757000000.0	192548000000.0	27.69643829443683	72.30356170556317	0.3830577310592683	-34.16075806677187	-37.89413341979688	14.567008235767377	14.712388895931904	13.12775330396476	26.95518164431085	26.943805197471637	34.75550660792952	62.41036328862171	62.38761039494327	892.5214096916301	1602.6981292518055	1602.1138349421433	162.56806732015988	371.4927235646667	371.3208318588003	3년	62.41036328862171	1602.6981292518055	371.4927235646667	0.9842620441965763	1.933491159506243	1.93271018604518			3년	1.933491159506243	양호	3년	26.955181644310855	0.5404158809978519	헐값	N	주당순현금<=0 | FCF<=0	401513338.0	9.72949020827867	-0.8285670022686098		-6.486928905712686	346.7335986328125	325.18820053100586	N	Y	상승전환	단기위험부채 존재
BDX	BECTON DICKINSON & CO	0000010795	S&P 500	제외	PEG=헐값, PEGY=불리(<1)	189.52000427246094	5.82	2025	2.23	641000000.0		641000000.0	17621000000.0	752000000.0	25390000000.0					-58.854316503124686	-61.460820979588156	42.676000133262136	43.12385313609091	-0.6825938566552906	-0.3412995832631105	74.47134006583379	7.134812286689419	7.817400833473779	157.44268013166757	41.52460750853242	45.497272850817396	916.3163983663053	-78.08959129779508	-75.99341925646601	383.4932343337092	5년	157.44268013166757	916.3163983663053	383.4932343337092	0.03625939962772295	0.04425673471832277	1.7972944940088689	13.472716622358401	7.1088625573211415	3년	0.0442567347183227	불리(<1)	5년	74.47134006583379	0.5730526682551423	헐값	N	주당순현금<=0	288509000.0	30.40666200003004	7.352447875813817		-1.2916644414265988	165.85480041503905	158.8909535217285	Y	Y	강한 상승추세	단기위험부채 존재
SYF	Synchrony Financial	0001601712	S&P 500	제외	PEG=헐값, PEGY=양호	78.05000305175781	9.28	2025	1.7	14973000000.0		14973000000.0	15182000000.0		16766000000.0	102329000000.0	14.077837020865697	85.92216297913431	0.16384407157306335	-0.5589729874297941	-0.5589729874297941	8.47079483180901	8.47079483180901	8.538011695906416	14.698468785789576	32.527017334119954	25.576023391812832	37.89693757157915	73.55403466823991	237.34549707602307	351.6835806642545	682.5814417212663	204.09415476720812	350.587529677661	774.5437732636879	3년	37.89693757157915	351.6835806642545	350.587529677661	1.2086246803500966	1.9358831268361085	4.040590996914806			3년	1.9358831268361083	양호	3년	14.698468785789576	0.5763045767051969	헐값	N	주당순현금<=0 | FCF<=0	373900000.0	10.208985298064022	13.709212916351653		-11.77800161090865	76.60840026855469	74.97850009918213	Y	Y	강한 상승추세	
NWS	NEWS CORP	0001564708	S&P 500	양호	PEG=헐값, PEGY=안심	34.849998474121094	1.03	2026	56.99999999999999	2095000000.0		2095000000.0	1989000000.0	0.0	8526000000.0					0.18982808022922637	0.18982808022922637	33.65065086785618	33.65065086785618	-21.37404580152672	58.22968332827563	12.961341039942953	-34.24809160305344	124.95936665655125	34.4226820798859	-35.27553435114504	128.7081476562478	35.45536254228248	-201.22104991579826	269.3203824723949	1.737056225729594	3년	124.95936665655125	128.7081476562478	269.3203824723949	1.058700300876021	3.424292854862593	2.079048673224075	1.2034383954154728	3.453194973047479	3년	3.424292854862593	안심	3년	58.22968332827563	0.5778951377452508	헐값	Y		558400000.0	13.5919104545831	31.957586806029514		-1.330694294349044	31.654799880981447	29.74149998664856	Y	Y	강한 상승추세	
VICI	VICI PROPERTIES INC.	0001705696	S&P 500	제외	PEG=헐값, PEGY=안심	25.8700008392334	2.61	2025	6.92	563479000.0	44484000.0	607963000.0	16773241000.0		27797640000.0	18501581000.0	60.03910951331125	39.96089048668875	1.5024467368491374	-15.211615261302986	-15.211615261302986	15.74008279714038	15.74008279714038	1.9531249999999931	27.13904027900833	8.322953223006625	12.406249999999986	62.77808055801666	25.14590644601325	32.38031249999996	163.85079025642347	65.63081582409458	25.165486855699235	533.3621373832117	153.69467991884073	3년	62.77808055801666	163.85079025642347	533.3621373832117	0.5637279749006174	2.1638412400979297	0.9684163304259065	2.359351998855903	9.120030623570004	3년	2.1638412400979297	안심	3년	27.13904027900833	0.5799793447123152	헐값	N	주당순현금<=0	1062693062.0	-6.841914249947701	-14.789195259723586		-23.41621736502657	26.470000114440918	27.979850025177	N	N	주의	
AKAM	AKAMAI TECHNOLOGIES INC	0001086222	S&P 500	보류	PEG=헐값, PEGY=판정불가	107.47000122070312	3.07	2025		930231000.0	375005000.0	1305236000.0			4977371000.0	6502272000.0	43.35823857937046	56.64176142062954	0.7654818192779386	8.87776742414452	8.87776742414452	32.114734135686845	32.114734135686845	-6.116207951070342	55.27737277287406	35.18418669731969	-3.7324159021406835	119.05474554574812	78.86837339463938	-11.458516819571898	365.4980688254467	242.12590632154289	-110.66206075129783	240.0931094016186	125.29627204926422	3년	119.05474554574812	365.4980688254467	240.0931094016186				6.8763322745420785	6.3983736823643165	판정불가		판정불가	3년	55.27737277287406	0.5809743214034644	헐값	Y		147023000.0	-30.218813678398693	10.067597186094247		-33.30644059341672	117.29040023803711	109.14565002441407	N	N	판정불가	
STLD	STEEL DYNAMICS INC	0001022671	S&P 500	제외	PEG=헐값, PEGY=양호	234.6649932861328	7.99	2025	90.0	769878000.0	0.0	769878000.0	4176508000.0	34655000.0	8957182000.0	7489369000.0	54.46237329638293	45.537626703617065	1.1959862039111706	-22.955109026710872	-23.188626991186222	32.242816309492326	32.27204258789975	-18.800813008130078	-27.445943360831997	55.10698446728479	-29.101626016260155	-46.39188672166399	118.71396893456958	-232.52199186991865	-370.67117490609525	948.5246117872109	-199.08678265718095	-257.9575929564094	304.2037112159509	5년	118.71396893456958	948.5246117872109	304.2037112159509	2.2082186093312446	1.940092826840068	4.500443853118536	3.379349613217973	1.4400740246319776	3년	1.940092826840068	양호	5년	55.10698446728479	0.5850949134883952	헐값	N	주당순현금<=0	148404000.0	-10.292825959972618	16.453277595703632		-17.00912958637869	242.6558999633789	208.17597564697266	N	Y	중립/개선	단기위험부채 존재
CDW	CDW Corp	0001402057	S&P 500	제외	PEG=헐값, PEGY=불리(<1)	147.69000244140625	8.08	2025	1.69	618700000.0	0.0	618700000.0	4622300000.0	1007500000.0	2606100000.0	5981100000.0	30.34865846841811	69.65134153158189	0.4357225259567638	-30.307342922028766	-37.934140802422405	22.0293744261677	22.97328505492929	1.3801756587202048	-0.2054237502367883	37.39960471779868	11.26035131744041	8.089152499526424	83.29920943559736	90.98363864491851	65.36035219617351	673.0576122396267	-38.39553311605173	-55.74490411285339	355.7232047623887	5년	83.29920943559736	673.0576122396267	355.7232047623887	0.1393673555738052	0.06739075840482109	1.7744309920741963	8.236941710825132	5.5771830013294315	3년	0.067390758404821	불리(<1)	5년	37.39960471779868	0.5890269320328885	헐값	N	주당순현금<=0	132100000.0	4.759545266858356	18.369805574258248		-13.515255169889729	137.62239974975586	131.59330013275147	Y	Y	강한 상승추세	단기위험부채 존재
GL	GLOBE LIFE INC.	0000320335	S&P 500	제외	PEG=헐값, PEGY=안심	172.7899932861328	14.07	2025	75.0	61710000.0	314711000.0	376421000.0	2320793000.0	304656000.0	5974579000.0	24839113000.0	19.389364312462135	80.61063568753787	0.24053109303862824	-23.56100803984325	-27.252689706410393	13.955295048043785	14.2176746974089	17.839195979899504	23.497404952300016	48.78096035818152	44.17839195979901	55.49480990460003	106.06192071636303	621.589974874372	780.8119753577224	1492.2912244792278	259.7372527499586	351.884950342426	763.644471591626	3년	55.49480990460003	780.8119753577224	351.884950342426	6.652614341745031	7.058066820744654	8.86982037513659	15.194269876451488	8.793489476725906	3년	7.058066820744654	안심	3년	23.497404952300016	0.5939079262741219	헐값	N	주당순현금<=0	82524992.0	13.587956108611454	18.082410390199755		-7.112144222376382	178.53179962158202	152.95039978027344	N	Y	상승전환	단기위험부채 존재
CINF	CINCINNATI FINANCIAL CORP	0000020286	S&P 500	양호	PEG=헐값, PEGY=양호	171.97000122070312	15.17	2025	2.18	1139000000.0	148000000.0	1287000000.0	790000000.0		15911000000.0	25091000000.0	38.80542412565241	61.19457587434759	0.6341317603921724	3.1515535827520607	3.1515535827520607	11.128440846272317	11.128440846272317	4.404679972470754		18.581314428449215	17.30935994494151		45.66262885689843	262.5829903647627		692.7020797591491	52.69116037730821		302.80402095836945	5년	45.66262885689843	692.7020797591491	302.80402095836945	0.591698339725319		1.8656085533674387	19.60684844641725	11.401319013340112	5년	1.8656085533674387	양호	5년	18.581314428449215	0.5989049315711457	헐값	Y		157700000.0	9.653764721598378	1.1707292288404503		-10.446283229761944	177.65399932861328	167.13544960021972	N	Y	상승전환	
META	Meta Platforms, Inc.	0001326801	S&P 500	양호	PEG=헐값, PEGY=안심	578.02001953125	23.49	2025	37.0	35873000000.0	45719000000.0	81592000000.0	58744000000.0		217243000000.0	148778000000.0	59.35260545159977	40.64739454840023	1.4601822850152577	8.876456876456876	8.876456876456876	24.2291852982032	24.2291852982032	-1.550712489522217	39.8395285030712	18.41272352127048	5.398575020955565	88.1790570061424	45.32544704254096	126.81252724224622	2071.326049074285	1064.694751029287	-78.0608762746512	258.348496433401	84.19686430458064	3년	88.1790570061424	2071.326049074285	258.348496433401	1.4630821083821852	3.1713624522393453	2.2870238037008948	17.913364413364413	3.0990906556993303	3년	3.1713624522393453	안심	3년	39.8395285030712	0.6081694791226103	헐값	Y		2574000000.0	-3.7387300393368683	-11.558231579277667		-25.91861332505607	592.1441943359375	622.721448059082	N	N	주의	
TEL	TE Connectivity plc	0001385157	S&P 500	제외	PEG=헐값, PEGY=양호	202.66000366210938	6.16	2025	1.54	1255000000.0		1255000000.0	4842000000.0	500000000.0	9585000000.0	12351000000.0	43.695295404814004	56.304704595185996	0.7760505222249211	-11.996655518394649	-13.668896321070234	34.846860256575326	35.11832791934734	-40.36786060019361	-6.225079756818797	54.9338540505395	-72.23572120038722	-3.950159513637594	118.367708101079	-444.9720425943853	-24.33298260400758	729.1450819026467	-319.56579224003053	-112.00680063372415	259.787362442929	5년	118.367708101079	729.1450819026467	259.787362442929	-1.1142427270148993	-0.13444768688836922	1.6206296244403635	10.7123745819398	5.285884924684157	5년	1.6206296244403635	양호	5년	54.9338540505395	0.6343421713050752	헐값	N	주당순현금<=0	299000000.0	-3.9935538500305845	-4.396637538104686		-18.61044029634161	205.55020080566408	217.06125	N	N	주의	단기위험부채 존재
GE	GENERAL ELECTRIC CO	0000040545	S&P 500	양호	PEG=헐값, PEGY=안심	342.5799865722656	8.14	2025	55.00000000000001	43299000000.0		43299000000.0	20469000000.0	25000000.0	18677000000.0	111271000000.0	14.37267214578139	85.62732785421862	0.16785146174654672	21.376404494382022	21.35299625468165	39.45989951816752	39.46277522329041	365.14285714285717	61.56813006403801	69.60524644031413	738.7857142857143	131.636260128076	147.71049288062827	6013.715714285715	1071.5191574425387	1202.363412048314	1655.4194494712988	212.7792630748168	250.97304547143509	3년	131.636260128076	1071.5191574425387	212.77926307481678	10.647337227744877	2.9540908995566375	3.1577689746256277	6.709737827715355	1.9585901368175715	3년	2.954090899556637	안심	3년	61.56813006403801	0.6409143736722983	헐값	Y		1068000000.0	5.5391189558438025	-0.9139826896990555		-10.13588335467931	360.0060009765625	320.63600067138674	N	Y	상승전환	단기위험부채 존재
BLDR	Builders FirstSource, Inc.	0001316835	S&P 500	제외	PEG=헐값, PEGY=판정불가	67.72000122070312	3.89	2025		181753000.0		181753000.0	353830000.0	30074000.0	4352251000.0	6885279000.0	38.72960517124315	61.27039482875686	0.632109606596915	-1.538847453989376	-1.8077927420364508	17.80433127884126	17.873468885023026	-57.064017660044144	-38.61797619693695	26.944391684631476	-105.62803532008829	-68.7359523938739	62.38878336926295	-410.89305739514344	-267.3828548121695	242.69236730643289	-706.7528794868459	-494.8358682699287	258.3762004307788	5년	62.38878336926295	242.69236730643289	258.3762004307788				7.630734560283307	11.268066188324973	판정불가		판정불가	5년	26.944391684631476	0.6607805990660566	헐값	N	주당순현금<=0	111822000.0	-10.446973338989974	-31.878081957545547		-54.6143032145515	74.87560089111328	91.10905048370361	N	N	주의	단기위험부채 존재
L	LOEWS CORP	0000060086	S&P 500	제외	PEG=헐값, PEGY=안심	109.72000122070312	7.97	2025	23.0	495000000.0	4628000000.0	5123000000.0	9191000000.0	10000000.0	18686000000.0	66707000000.0	21.882355696602765	78.11764430339724	0.2801205270811159	-19.45480631276901	-19.502630320420852	16.207629552505914	16.21363005534805	24.33697347893915	24.20001937499827	40.610600779906946	57.1739469578783	56.90003874999654	89.72120155981389	455.67635725429005	453.4933088374724	715.0779764317167	315.30837785691557	313.3187238352878	551.7298290886168	3년	56.90003874999654	453.4933088374724	313.3187238352878	2.920659885863459	2.9122099084317066	3.9247319031962884	12.91248206599713	11.768576305448187	3년	2.9122099084317066	안심	3년	24.20001937499827	0.6697362221639573	헐값	N	주당순현금<=0	209100000.0	5.672733589307111	-2.2016232881295617		-8.107202832051662	113.8261996459961	108.70575000762939	N	Y	상승전환	단기위험부채 존재
JBL	JABIL INC	0000898293	S&P 500	제외	PEG=헐값, PEGY=불리(<1)	301.45001220703125	5.92	2025	10.0	1933000000.0		1933000000.0	2386000000.0	2400000.0	1513000000.0	17026000000.0	8.161173741841523	91.83882625815848	0.08886409021496534	-4.084761045987376	-4.106402164111812	51.61060359003693	51.614259184314704	-47.00089525514772	-4.9779916366686106	76.05596028525254	-85.50179051029544	-1.455983273337221	160.61192057050508	-506.17059982094895	-8.619420978156349	950.8225697773901	-267.91195200659627	-102.8593201622552	215.41633148927514	5년	160.61192057050508	950.8225697773901	215.41633148927514	-0.716924288447781	0.09730574754023713	1.6674085226522142	10.568079350766457	3.5057485230780028	3년	0.0973057475402371	불리(<1)	5년	76.05596028525254	0.6785872323019551	헐값	N	주당순현금<=0	110900000.0	-16.256907190939053	15.418493246241738		-21.829212356378324	334.0829998779297	290.3686998748779	N	Y	중립/개선	단기위험부채 존재
AVY	Avery Dennison Corp	0000008818	S&P 500	제외	PEG=헐값, PEGY=불리(<1)	177.75	8.79	2025	2.24	202800000.0		202800000.0	954200000.0	250000000.0	2242100000.0					-9.596424010217113	-12.789272030651341	21.313586349285224	21.67682275661563	0.6872852233676829	-1.5437973187936491	30.981755136467836	9.874570446735365	5.412405362412701	70.46351027293568	86.79747422680386	47.57504313560764	619.3742552991046	-51.16879087099642	-73.23485618249921	248.4524643032937	5년	70.46351027293568	619.3742552991046	248.4524643032937	0.1373436255820857	0.03266473646419899	1.5587125785418072	9.098339719029374	5.118615875684599	3년	0.0326647364641989	불리(<1)	5년	30.981755136467836	0.6879399264310092	헐값	N	주당순현금<=0	78300000.0	14.323388785967417	-8.832128590495492		-9.97720802872748	168.72259979248048	173.08184997558592	Y	Y	상승전환	단기위험부채 존재
PKG	PACKAGING CORP OF AMERICA	0000075677	S&P 500	제외	PEG=헐값, PEGY=보통	240.38999938964844	8.58	2025	2.46	529000000.0	71800000.0	600800000.0	3967300000.0	0.0	4598000000.0					-37.572544642857146	-37.572544642857146	32.39656690355543	32.39656690355543	-3.9193729003359428	-8.031890655223496	45.85079043342193	0.6612541993281145	-7.563781310446991	100.20158086684386	5.673561030235222	-64.89724364363519	859.7295638375202	-97.63985147275659	-126.99664869936755	257.6394883399386	5년	100.20158086684386	859.7295638375202	257.6394883399386	-0.04504714665231336	-0.17199015784021227	1.491231789381978	8.131696428571429	3.3827099501717424	5년	1.491231789381978	보통	5년	45.85079043342193	0.7065650689402437	헐값	N	주당순현금<=0	89600000.0	8.444986410130117	3.970413221406077		-6.619272723048142	242.42519927978515	222.33455017089844	N	Y	상승전환	
KVUE	Kenvue Inc.	0001944048	S&P 500	제외	PEG=헐값, PEGY=양호	19.170000076293945	0.76	2025	4.38	1062000000.0		1062000000.0	7687000000.0	700000000.0	10765000000.0	16311000000.0	39.75845767469345	60.24154232530654	0.6599840598369199	-3.4433471933471935	-3.807172557172557	29.754404302159394	30.233121886140133	40.74074074074073			89.98148148148147			68.38592592592592			256.7340931338519			1년	89.98148148148147	68.38592592592592	256.7340931338519	1.5164390549558455			0.895010395010395	4.668807467127687	1년	1.5164390549558455	양호	1년	40.74074074074073	0.7303353783257307	헐값	N	주당순현금<=0	1924000000.0	10.489911555091535	1.4822694319352125		-7.7478371373983945	19.133400001525878	17.896499938964844	Y	Y	강한 상승추세	단기위험부채 존재
FE	FIRSTENERGY CORP	0001031296	S&P 500	제외	PEG=헐값, PEGY=양호	45.880001068115234	1.76	2025	4.02	57000000.0		57000000.0		325000000.0	12510000000.0	41978000000.0	22.95918367346939	77.04081632653062	0.2980132450331126	0.0986159169550173	-0.46366782006920415	26.012150654068304	26.331630050104796	3.529411764705886	35.33748646850903	-2.4264922046119075	15.558823529411772	79.17497293701805	3.647015590776185	27.38352941176472	139.34795236915178	6.4187474397660855	-40.31488933247829	203.7226441260766	-86.0097051213304	3년	79.17497293701805	139.34795236915178	203.7226441260766	0.29022635863925217	1.5130423851498611	0.061260132488847756			3년	1.5130423851498611	양호	3년	35.33748646850903	0.7361064199415828	헐값	N	FCF<=0	578000000.0	1.1018069374866268	-10.003920203835637		-11.616256592220909	47.83919982910156	47.527249794006345	N	N	중립/개선	단기위험부채 존재
SYY	SYSCO CORP	0000096021	S&P 500	제외	PEG=헐값, PEGY=보통	81.94000244140625	3.66	2026	2.67	1786000000.0	18000000.0	1804000000.0	10588184000.0	8782000.0	2666000000.0					-18.27707233642588	-18.29534486455809	27.38171442017271	27.386706914197905	-1.8766756032171539	36.47073516767034	66.04148830392411	4.746648793565692	81.44147033534068	140.58297660784822	17.372734584450434	298.0757814273469	514.5336943847245	-78.79822544931781	263.7732152137721	527.9395643814605	3년	81.44147033534068	298.0757814273469	263.7732152137721	0.028972780323732635	1.4294479362049917	2.5093932121833413			3년	1.4294479362049917	보통	3년	36.47073516767034	0.750785919019405	헐값	N	주당순현금<=0 | FCF<=0	480612203.0	11.150299897708994	-9.438550617464047		-10.114086057826055	82.9266000366211	79.25260009765626	N	Y	상승전환	단기위험부채 존재
UDR	UDR, Inc.	0000074208	S&P 500	제외	PEG=헐값, PEGY=보통	37.119998931884766	1.13	2025	4.67	1222000.0		1222000.0	5821369000.0		3288462000.0	6456911000.0	33.74382899453926	66.25617100546074	0.5092933757333808	-17.58071064149849	-17.58071064149849	48.407707587064834	48.407707587064834	334.6153846153846	63.19306474930446	41.38706836756314	677.7307692307692	134.8861294986089	91.27413673512628	765.8357692307691	152.42132633342806	103.13977451069269	1963.1352135437246	310.61780904983675	177.85500398303964	3년	134.8861294986089	152.42132633342806	310.61780904983675	7.008912454801847	1.401906186680039	0.9514408069154299			3년	1.401906186680039	보통	3년	63.19306474930446	0.7660288004562659	헐값	N	주당순현금<=0 | FCF<=0	331053000.0	1.4207663372755253	-0.8811797712465097		-9.990306932342497	38.85879981994629	37.05809999465942	N	Y	상승전환	
TRGP	Targa Resources Corp.	0001389170	S&P 500	제외	PEG=헐값, PEGY=보통	287.82000732421875	8.49	2025	1.73	166100000.0		166100000.0	5632400000.0		3067900000.0					-25.201936376210234	-25.201936376210234	36.8694868905099	36.8694868905099	47.90940766550523			104.31881533101046			885.6667421602788			207.71548871604585			1년	104.31881533101046	885.6667421602788	207.71548871604585	1.346354719091094			2.6929460580912865	0.9356354629849554	1년	1.346354719091094	보통	1년	47.90940766550523	0.7695667445510066	헐값	N	주당순현금<=0	216900000.0	11.093107241587962	20.120198068137075		-4.774191125155092	275.05560119628905	234.9067000579834	Y	Y	강한 상승추세	
DE	DEERE & CO	0000315189	S&P 500	제외	PEG=헐값, PEGY=보통	630.3300170898438	18.5	2025	1.04	8276000000.0		8276000000.0	32888000000.0		25950000000.0	79989000000.0	24.495228386146746	75.50477161385325	0.3244196076960582	-90.5852042694148	-90.5852042694148	38.96839034374371	38.96839034374371	-27.790788446526154	-7.374709270152346	50.57565655156788	-47.08157689305231	-6.249418540304692	109.65131310313576	-871.0091725214677	-115.6142429956368	2028.5492924080115	-238.18303886951315	-118.34185900417904	221.82336830055695	5년	109.65131310313576	2028.5492924080115	221.82336830055695	-0.6864740424368321	-0.16256019851662593	1.324551927761488	22.447552447552447	3.5612380560884658	5년	1.324551927761488	보통	5년	50.57565655156788	0.7704969742510571	헐값	N	주당순현금<=0	271700000.0	16.2048606457869	-0.08717787672964938		-4.854408914639407	610.6928002929687	563.0191494750976	Y	Y	상승전환	
TPR	TAPESTRY, INC.	0001116132	S&P 500	제외	PEG=헐값, PEGY=보통	125.48999786376953	7.27	2026	1.5	974700000.0	177300000.0	1152000000.0	2396600000.0	0.0	692100000.0	5999600000.0	10.342663299311086	89.65733670068892	0.11535769051270085	-5.921027592768792	-5.921027592768792	18.075794423182714	18.075794423182714	786.5853658536585	23.28234739020967	60.15373226239535	1581.670731707317	55.06469478041934	128.8074645247907	11498.746219512193	400.32033105364854	936.4302670952284	9063.077866966813	219.005767685351	646.2190477617237	3년	55.06469478041934	400.32033105364854	219.005767685351	43.59893387827629	1.3710239677447102	3.41084495757059	8.622740247383444	6.871256987942728	3년	1.3710239677447102	보통	3년	23.28234739020967	0.7763733664924038	헐값	N	주당순현금<=0	210200000.0	-9.595850391973137	-19.773686655953714		-23.84391382849299	143.28080017089843	137.83205017089844	N	N	주의	
ZBH	ZIMMER BIOMET HOLDINGS, INC.	0001136869	S&P 500	제외	PEG=헐값, PEGY=안심	100.91000366210938	3.55	2025	97.0	591900000.0	164600000.0	756500000.0	6932000000.0	500000.0	12697700000.0	10386000000.0	55.00721288181703	44.99278711818296	1.222578471018679	-31.07951685958732	-31.082033215903373	37.18014662583006	37.18085545859515	-19.864559819413092	47.77871617006642	17.426534933980655	-31.229119638826184	104.05743234013283	43.35306986796131	-110.86337471783294	369.40388480747157	153.90339803126264	-209.86361182688267	266.0726106446261	52.51550138338932	3년	104.05743234013283	369.40388480747157	266.0726106446261	2.074640559028856	3.8939791611656713	3.077624628152634	7.411172622043281	7.344338869374253	3년	3.8939791611656713	안심	3년	47.77871617006642	0.7781738314920147	헐값	N	주당순현금<=0	198700000.0	21.66626560373952	1.427284982239363		-4.891606867720755	93.89320022583007	91.12320003509521	Y	Y	강한 상승추세	단기위험부채 존재
EFX	EQUIFAX INC	0000033185	S&P 500	제외	PEG=헐값, PEGY=보통	194.35000610351562	5.32	2025	1.18	180800000.0		180800000.0	4055300000.0		4604300000.0	7126000000.0	39.251340545425094	60.748659454574906	0.6461268593881561	-31.22078968573731	-31.22078968573731	42.40052552429567	42.40052552429567	9.917355371900834	-1.9860869276462576	54.21135723165227	28.33471074380167	4.527826144707484	116.92271446330454	150.74066115702487	24.088035089843817	622.0288409447802	-22.438561140699598	-87.60584804046061	220.0559924929831	5년	116.92271446330454	622.0288409447802	220.0559924929831	0.2617268355681584	-0.019011248508803667	1.3063837428126406			5년	1.3063837428126406	보통	5년	54.21135723165227	0.7821336282563934	헐값	N	주당순현금<=0 | FCF<=0	124100000.0	11.959220118431201	-6.575971136881376		-25.913919089849514	175.02760009765626	188.35545028686522	Y	Y	상승전환	
EXPD	EXPEDITORS INTERNATIONAL OF WASHINGTON INC	0000746515	S&P 500	제외	PEG=헐값, PEGY=안심	190.97000122070312	5.95	2025	85.0	1314285000.0	40000.0	1314325000.0			2355633000.0					9.646492818295915	9.646492818295915	30.474539227295327	30.474539227295327	4.020979020979029	-10.357841347469254	38.67934932316548	16.541958041958058	-12.215682694938508	85.85869864633096	98.42465034965045	-72.68331203488412	510.85925694566924	-48.46067459783825	-138.0600678485017	167.5075947427322	5년	85.85869864633096	510.85925694566924	167.5075947427322	2.9211591472150964	2.4493285393360607	4.058448542919685			3년	2.4493285393360607	안심	5년	38.67934932316548	0.787876211998318	헐값	N	FCF<=0	136249000.0	19.33387657152752	31.1336914218848		0.0	175.66419982910156	157.51799980163574	Y	Y	강한 상승추세	
VRT	Vertiv Holdings Co	0001674101	S&P 500	제외	PEG=헐값, PEGY=보통	257.0799865722656	3.41	2025	9.0	1728400000.0		1728400000.0	2892100000.0	20900000.0	3941300000.0	8271100000.0	32.27293570469359	67.7270642953064	0.4765146111158129	-2.9788598174833623	-3.032360006694845	76.26359131664192	76.27928052168927	166.40624999999997		95.30556878636357	341.31249999999994		199.11113757272713	1163.875625		678.9689791229996	352.72898933843396		164.10806542194223	5년	199.11113757272713	678.9689791229996	164.10806542194223	2.299999868505059		1.367698097946804	4.8477826951533824	1.8857098756657444	5년	1.367698097946804	보통	5년	95.30556878636357	0.800200788766016	헐값	N	주당순현금<=0	390652824.0	-20.504661576597716	-0.2599470136699811		-31.669463077041005	289.30919952392577	255.06750022888184	N	Y	중립/개선	단기위험부채 존재
NSC	NORFOLK SOUTHERN CORP	0000702165	S&P 500	제외	PEG=헐값, PEGY=보통	348.67999267578125	12.75	2025	1.55	1530000000.0	0.0	1530000000.0	9736000000.0	0.0	15547000000.0	29689000000.0	34.36864444247944	65.63135555752055	0.5236619623429553	-36.4225477141589	-36.4225477141589	30.204120814897266	30.204120814897266	10.19878997407087	-2.7909035954415184	37.019144491250344	28.89757994814174	2.918192809116963	82.53828898250069	368.4441443388072	37.20695831624128	1052.3631845268837	5.668278099742752	-89.32919608300037	201.81346983835104	5년	82.53828898250069	1052.3631845268837	201.81346983835104	0.388979703997083	-0.04108391709350733	1.2769497489305262	9.573901464713716	2.745755898192866	5년	1.2769497489305262	보통	5년	37.019144491250344	0.8159054248818786	헐값	N	주당순현금<=0	225300000.0	14.261367312690076	9.830847429701283		-1.2182044809085357	332.37199768066404	307.7352993774414	Y	Y	강한 상승추세	
PFG	PRINCIPAL FINANCIAL GROUP INC	0001126328	S&P 500	제외	PEG=헐값, PEGY=보통	111.41000366210938	5.25	2025	3.0	4431000000.0		4431000000.0	3926300000.0	27700000.0	11883900000.0	328985200000.0	3.486352972446021	96.51364702755399	0.036122901577335394	2.236154186973859	2.113424900310146	20.79501894764486	20.818395954628425	-21.40718562874251	-34.694566556534845	25.297404962923697	-34.31437125748502	-60.88913311306969	59.09480992584739	-180.15044910179637	-319.6679488436159	310.2477521106988	-261.7004247196391	-386.929304672786	178.47387300303473	5년	59.09480992584739	310.2477521106988	178.47387300303473	-0.8851728231210493	-1.5241422302298222	1.3607780321896998			5년	1.3607780321896998	보통	5년	25.297404962923697	0.8220218231127813	헐값	N	FCF<=0	225700000.0	8.270167162330155	16.257958398583504		-3.465904057772118	111.80899978637696	98.14550006866455	N	Y	상승전환	단기위험부채 존재
TXT	TEXTRON INC	0000217346	S&P 500	제외	PEG=헐값, PEGY=양호	83.04000091552734	5.11	2025	10.0	1262000000.0		1262000000.0			7875000000.0	10254000000.0	43.43868939268575	56.561310607314255	0.7679929783499122	7.001076235174028	7.001076235174028	14.880415788718848	14.880415788718848	18.013856812933028			44.527713625866056			227.53661662817555			174.00844667576263			1년	44.527713625866056	227.53661662817555	174.00844667576263	1.8825990624651037					1년	1.882599062465104	양호	1년	18.013856812933028	0.8260538508352897	헐값	N	FCF<=0	180258000.0	-7.311079015630084	-17.52085750514405		-17.59451852552879	88.67620010375977	90.09039993286133	N	N	주의	
ROP	ROPER TECHNOLOGIES INC	0000882835	S&P 500	제외	PEG=헐값, PEGY=안심	426.20001220703125	14.2	2025	86.0	297400000.0		297400000.0	8595800000.0	705200000.0	19881500000.0	14695500000.0	57.49920467362698	42.50079532637302	1.3528971453846415	-76.69500924214418	-83.21256931608133	35.41514235557574	35.87412545937413	231.7757009345794	-7.702444377568895	42.57857188588412	472.0514018691588	-6.90488875513779	93.65714377176823	6703.129906542054	-98.04942032295662	1329.9314415591089	1472.7662399235073	-123.00549448959848	212.04397078080802	5년	93.65714377176823	1329.9314415591089	212.04397078080802	8.97287656630156	2.210849665273306	3.6306100536015715			3년	2.210849665273306	안심	5년	42.57857188588412	0.8317597511370917	헐값	N	주당순현금<=0 | FCF<=0	108200000.0	23.805377547431018	20.419297891335585		-19.14554254154599	375.28400268554685	376.8610008239746	Y	Y	상승전환	단기위험부채 존재
IT	GARTNER INC	0000749251	S&P 500	제외	PEG=헐값, PEGY=보통	198.38999938964844	9.65	2025	0.6023489105682978	1722521000.0		1722521000.0	2976674000.0	5000000.0	319908000.0	7765492000.0	3.9566131545749132	96.04338684542509	0.041196101934043584	-16.588228291779643	-16.654361484028833	22.277536547298247	22.284389727842203	-39.6875	-1.0484370535091214	26.662227247373906	-70.875	6.403125892981757	61.82445449474781	-683.94375	61.79016486727396	596.6059858743164	-444.74709012761195	-68.85419373084687	200.72382061081152	5년	61.82445449474781	596.6059858743164	200.72382061081152	-1.7544646826837698	-0.020024123492905856	1.2238595636486016			5년	1.2238595636486016	보통	5년	26.662227247373906	0.8355467208574059	헐값	N	주당순현금<=0 | FCF<=0	75605000.0	10.468290792982948	24.56206069428206		-24.877881729447317	157.56420028686523	178.55259998321534	Y	Y	상승전환	단기위험부채 존재
FIX	COMFORT SYSTEMS USA INC	0001035983	S&P 500	양호	PEG=헐값, PEGY=양호	1518.72998046875	28.88	2025	22.0	981898000.0		981898000.0	139063000.0	500000.0	2448774000.0	3992395000.0	38.0175399838135	61.9824600161865	0.6133596500346283	23.80015813401858	23.786039025216727	51.763498003280176	51.76398689208911	97.80821917808218	61.78475841689988	89.88133018013103	204.11643835616437	132.06951683379975	188.26266036026206	5894.882739726027	3814.167646160137	5437.025631204368	288.1455436802923	151.14192089517516	257.99817618180236	3년	132.06951683379975	3814.167646160137	151.14192089517516	2.3145309687241404	1.6186069653096196	2.161394312514221	29.126394261994182	1.917812556317907	3년	1.6186069653096196	양호	3년	61.78475841689988	0.837803680545288	헐값	Y		35413000.0	-15.054143660592256	5.596422765386899		-26.507494602409498	1752.195791015625	1475.8789471435548	N	Y	중립/개선	단기위험부채 존재
PCAR	PACCAR INC	0000075362	S&P 500	보류	PEG=헐값, PEGY=보통	125.33999633789062	4.51	2025	1.11	3435900000.0		3435900000.0			19264000000.0					6.5222095671981775	6.5222095671981775	26.345407266228925	26.345407266228925	-42.911392405063296	-7.777639865294905	30.977934086980994	-77.32278481012659	-7.05527973058981	70.45586817396199	-348.7257594936709	-31.81931158496004	317.75596546456853	-378.22384688250554	-125.38639900641274	153.51521840479742	5년	70.45586817396199	317.75596546456853	153.51521840479742	-1.5866671554038472	-0.2530854732256074	1.217970698373419	6.971905846621109	5.562395125516278	5년	1.217970698373419	보통	5년	30.977934086980994	0.8504572058373974	헐값	Y		526800000.0	14.497117877245568	0.7313316969243644		-9.311923703629532	127.33439987182618	119.15629989624023	N	Y	상승전환	
PTC	PTC INC.	0000857005	S&P 500	제외	PEG=헐값, PEGY=판정불가	157.14999389648438	6.08	2025		184415000.0		184415000.0	1172434000.0	25000000.0	3826229000.0	2790943000.0	57.82272245605827	42.177277543941734	1.3709448741876848	-8.180522781655448	-8.387515834968578	27.192519190483523	27.22656410056792	94.87179487179486	31.89223724402268	40.26105826759165	198.24358974358972	72.28447448804536	89.0221165351833	1205.3210256410255	439.4896048873158	541.2544685339145	666.9876375782601	179.66250204044564	244.4190197617456	3년	72.28447448804536	439.4896048873158	179.66250204044564				7.093138594268776	4.513610480278522	판정불가		판정불가	3년	31.89223724402268	0.852637555102222	헐값	N	주당순현금<=0	120777000.0	8.319542261575897	-0.61345892401794		-26.531090051112304	132.88380020141602	149.39720069885254	Y	Y	상승전환	단기위험부채 존재
BA	BOEING CO	0000012927	S&P 500	제외	PEG=헐값, PEGY=보통	209.82000732421875	2.48	2025	3.9176435578415867	10921000000.0	18479000000.0	29400000000.0	53848000000.0	6109000000.0	5454000000.0	162778000000.0	3.2419515906605163	96.75804840933948	0.03350575630613473	-32.07136298045389	-40.08526826708645	97.53684286478736	100.76825628681662	113.50762527233115			235.5152505446623			584.0778213507625			178.37088979233133			1년	235.5152505446623	584.0778213507625	178.37088979233133	1.2039068046620718			-2.462285189557917	-1.1735225925109882	1년	1.2039068046620718	보통	1년	113.50762527233115	0.8592977135304684	헐값	N	주당순현금<=0 | FCF<=0	762300000.0	-6.455637775536616	-8.670670189192641		-16.787621493912642	220.48199951171875	219.8794002532959	N	N	주의	단기위험부채 존재
SW	Smurfit Westrock plc	0002005951	S&P 500	제외	PEG=헐값, PEGY=보통	48.290000915527344	1.33	2025	3.72	892000000.0		892000000.0	13223000000.0		18327000000.0	26803000000.0	40.60935076445823	59.39064923554177	0.6837667425288214	-23.44296577946768	-23.44296577946768	53.93456142480829	53.93456142480829	62.195121951219534			132.89024390243907			176.74402439024396			266.0054277062833			1년	132.89024390243907	176.74402439024396	266.0054277062833	1.2221314164779793					1년	1.2221314164779793	보통	1년	62.195121951219534	0.8671831444773094	헐값	N	주당순현금<=0 | FCF<=0	526000000.0	17.06666888612689	3.1396865234615268		-6.847992335284225	46.67740005493164	42.144200000762936	Y	Y	강한 상승추세	
BIIB	BIOGEN INC.	0000875045	S&P 500	제외	PEG=헐값, PEGY=판정불가	218.5	8.79	2025		2913700000.0	1134989000.0	4048689000.0	6286800000.0		14799400000.0	11182700000.0	56.95998398897702	43.04001601102298	1.3234192100297781	-15.214894629503739	-15.214894629503739	26.588725213822954	26.588725213822954	-21.37745974955278	-25.041283434599325	30.526946389639487	-34.25491949910556	-41.58256686919865	69.55389277927898	-301.1007423971379	-365.51076278025613	611.3787175298622	-237.80354343118438	-267.28181362940785	179.8071933775113	5년	69.55389277927898	611.3787175298622	179.8071933775113				13.941536369816452	6.380565844309589	판정불가		판정불가	5년	30.526946389639487	0.8709919713046332	헐값	N	주당순현금<=0	147100000.0	13.665923558410341	16.192500108527685		-1.3811146381622952	207.4136004638672	189.6331002807617	Y	Y	강한 상승추세	
RL	RALPH LAUREN CORP	0001037038	S&P 500	제외	PEG=헐값, PEGY=보통	354.0400085449219	15.11	2026	1.14	1988000000.0	77000000.0	2065000000.0	1238900000.0	0.0	2841400000.0	4898100000.0	36.71296595387299	63.28703404612701	0.5801024887201159	13.260032102728731	13.260032102728731	22.553274417087568	22.553274417087568	30.146425495262708	25.853438682213326		68.79285099052541	60.20687736442665		1039.459978466839	909.7259169764867		193.59958009800704	156.95568156700497		3년	60.20687736442665	909.7259169764867	156.95568156700497	1.3872231994640405	1.196874484077649				3년	1.196874484077649	보통	3년	25.853438682213326	0.8723510514136671	헐값	N	FCF<=0	62300000.0	-3.349618928079956	-0.025413361378512356		-14.534699204605461	385.665	365.93314971923826	N	N	주의	
EBAY	EBAY INC	0001065088	S&P 500	제외	PEG=헐값, PEGY=보통	105.62000274658203	4.34	2025	1.21	1867000000.0	2625000000.0	4492000000.0	6973000000.0	750000000.0	4615000000.0	12995000000.0	26.20670073821692	73.79329926178308	0.3551365909965371	-5.301282051282051	-6.903846153846154	25.557899723010156	25.927154124522627	10.15228426395939		29.104348914704946	28.80456852791878		66.70869782940989	125.0118274111675		289.5157485796389	18.35999257745997		174.1107186621503	5년	66.70869782940989	289.5157485796389	174.1107186621503	0.44457034369415555		1.1861048538120873	3.0641025641025643	2.9010627574536034	5년	1.1861048538120873	보통	5년	29.104348914704946	0.8781471043352236	헐값	N	주당순현금<=0	468000000.0	-4.286357764335014	18.968240818687843		-11.213850403964775	109.63119995117188	98.16580001831055	N	Y	중립/개선	단기위험부채 존재
BBY	BEST BUY CO INC	0000764478	S&P 500	보류	PEG=헐값, PEGY=보통	82.44000244140625	5.04	2026	4.6	1738000000.0	0.0	1738000000.0	1144000000.0	110000000.0	2964000000.0					2.8005657708628005	2.281942479962282	15.801475529869732	15.904376976476978	17.757009345794387	-7.119053945313414		44.014018691588774	-5.738107890626829		221.83065420560743	-28.920063768759217		169.0813290104792	-135.08013453700949		1년	44.014018691588774	221.83065420560743	169.0813290104792	1.4148684598177332	-0.15941890619971627		5.931164545025931	7.194522524719078	1년	1.4148684598177332	보통	1년	17.757009345794387	0.8898725693137167	헐값	Y		212100000.0	9.949318152148102	33.85290183010705		-8.572691454485671	83.07960021972656	71.24065015792847	N	Y	상승전환	단기위험부채 존재
MPC	Marathon Petroleum Corp	0001510295	S&P 500	보류	PEG=헐값, PEGY=보통	368.8299865722656	13.22	2025	1.1	3672000000.0	0.0	3672000000.0	3292000000.0	0.0	17314000000.0	59869000000.0	22.43240091730044	77.56759908269956	0.2891980824800815	1.2418300653594772	1.2418300653594772	27.805458132141162	27.805458132141162	31.150793650793656	-22.2431402744799		70.80158730158732	-35.9862805489598		935.9969841269844	-475.73862885724856		153.77464365782868	-228.98588677090555		1년	70.80158730158732	935.9969841269844	153.77464365782868	1.1598727666175008	-0.7603953214509316		15.57843137254902	4.223743171570109	1년	1.1598727666175008	보통	1년	31.150793650793656	0.8926083374903913	헐값	Y		306000000.0	42.59258538249795	75.78399280214538		0.0	308.3545983886719	237.01099922180177	Y	Y	강한 상승추세	
AMP	AMERIPRISE FINANCIAL INC	0000820027	S&P 500	제외	PEG=헐값, PEGY=보통	559.3200073242188	36.28	2025	1.22	2318000000.0		2318000000.0	2249000000.0		6549000000.0	184355000000.0	3.4305200519632906	96.5694799480367	0.03552385343494888	0.7026476578411406	0.7026476578411406	15.397391391024742	15.397391391024742	9.773071104387304	17.245791047295555	90.92651621947032	28.046142208774608	42.99158209459111	190.35303243894063	1017.5140393343428	1559.7345983917655	6906.008016884766	81.91983587394265	178.86265071287545	1134.7149979352675	3년	42.99158209459111	1559.7345983917655	178.86265071287545	0.7139567232664651	1.1992804870868845	5.98455373896537			3년	1.1992804870868845	보통	3년	17.245791047295555	0.8928202451716082	헐값	N	FCF<=0	98200000.0	25.08554510988137	17.669834246652115		-1.990605154790559	526.3462042236329	485.17160110473634	Y	Y	강한 상승추세	
CLX	CLOROX CO /DE/	0000021076	S&P 500	제외	PEG=헐값, PEGY=보통	102.52999877929688	6.52	2025	4.82	167000000.0		167000000.0	2484000000.0	202000000.0	321000000.0	5079000000.0	5.944444444444445	94.05555555555556	0.06320141760189013	-18.64233588388166	-20.26760642705995	18.584713905395482	18.833988528582335	189.77777777777774	20.46094189649925	22.02423977466943	388.0555555555555	49.4218837929985	52.54847954933886	2530.122222222222	322.2306823303502	342.61608666168934	2367.689702862954	214.27941691872516	234.16179726988474	3년	49.4218837929985	322.2306823303502	214.27941691872513	10.470851408763545	1.3603083709111998	1.4444257743927957	6.12292516514197	5.971837743138964	3년	1.3603083709111998	보통	3년	20.46094189649925	0.908301973555539	헐값	N	주당순현금<=0	124287000.0	15.085871583642806	-19.146754393775677		-19.369301803623372	99.76420028686523	103.39255020141601	Y	N	중립/개선	단기위험부채 존재
RJF	RAYMOND JAMES FINANCIAL INC	0000720005	S&P 500	보류	PEG=헐값, PEGY=보통	179.36000061035156	10.3	2025	1.23	11389000000.0		11389000000.0	1190836000.0		12503000000.0	75726000000.0	14.171077536864296	85.8289224631357	0.1651084171882841	49.36187802516941	49.36187802516941	12.621176950017684	12.621176950017684	6.185567010309293	13.848488040155704	12.055643508520287	20.871134020618584	36.19697608031141	32.611287017040574	214.97268041237143	372.82885362720754	335.89625627551794	19.85541909056201	107.86622009282608	87.27489692935029	3년	36.19697608031141	372.82885362720754	107.86622009282607	0.587549563695714	1.1946974596639799	1.0526469568673364	10.871248789932237	6.0611333368298475	3년	1.19469745966398	보통	3년	13.848488040155704	0.9113758060389516	헐값	Y		206600000.0	23.00095432827638	16.150759446402986		-1.0045215470819269	170.08619995117186	159.93180015563965	Y	Y	강한 상승추세	
ADBE	ADOBE INC.	0000796343	S&P 500	보류	PEG=헐값, PEGY=보통	291.5199890136719	16.7	2025	0.008918770917894291	5431000000.0	1164000000.0	6595000000.0	1000000000.0	0.0	11623000000.0	17873000000.0	39.40534309736913	60.59465690263086	0.650310524254462	13.103044496487119	13.103044496487119	16.67167332438232	16.67167332438232	35.11326860841424	18.24924207604421	29.19321269200992	78.72653721682848	44.99848415208843	66.88642538401984	1314.7331715210355	751.4746853398767	1117.0033039131313	350.9924605751054	157.77809881319445	283.16525315893364	3년	44.99848415208843	751.4746853398767	157.77809881319445	2.106698391694488	1.0951606651420858	1.7516017075634336	23.072599531615925	7.914585757799906	3년	1.0951606651420858	보통	3년	18.249242076044215	0.9135542865238896	헐값	Y		427000000.0	6.382509328280284	11.744857236039575		-20.666196104968314	240.17879791259764	269.1803997039795	Y	Y	상승전환	
TROW	PRICE T ROWE GROUP INC	0001113169	S&P 500	양호	PEG=헐값, PEGY=양호	111.23999786376953	9.24	2025	4.63	3378200000.0		3378200000.0			10860100000.0	2288600000.0	82.59447702054196	17.405522979458045	4.745302805208424	15.334543803903768	15.334543803903768	10.379378145007117	10.379378145007117	0.9836065573770475	11.309540391033558	22.643785680119024	10.467213114754095	31.119080782067115	53.78757136023805	96.71704918032785	287.54030642630016	496.99715936859957	-13.055509674880849	158.4864364870246	346.7791881632801	3년	31.119080782067115	287.54030642630016	158.4864364870246	0.540842281584799	1.5356931955216502	2.627689761282931	6.71448025419882	6.036030549390816	3년	1.5356931955216502	양호	3년	11.309540391033558	0.9177541956732482	헐값	Y		220300000.0	7.043879738069192	17.19342605314502		-8.579883641701613	114.13280044555664	103.43724987030029	N	Y	상승전환	
DLTR	DOLLAR TREE, INC.	0000935703	S&P 500	제외	PEG=헐값, PEGY=판정불가	128.25999450683594	6.22	2025		717800000.0	0.0	717800000.0	2431700000.0	0.0	3754900000.0	9711300000.0	27.883887065393353	72.11611293460665	0.3866526623624026	-8.30780416868638	-8.30780416868638	21.956237729183652	21.956237729183652	136.22597553873032	-4.80407167954946	23.90309540249904	280.95195107746065	-1.1081433590989196	56.30619080499808	1747.5211357018052	-6.89265169359528	350.22450680708806	1262.4834013295288	-105.37396849274614	173.05825807471243	5년	56.30619080499808	350.22450680708806	173.05825807471243				9.05186621425109	7.057435367166375	판정불가		판정불가	5년	23.90309540249904	0.9185520686533408	헐값	N	주당순현금<=0	206300000.0	15.186345994108752	6.99032152603678		-9.170746824813747	125.78639907836914	116.46864967346191	Y	Y	강한 상승추세	
GOOG	Alphabet Inc.	0001652044	S&P 500	양호	PEG=헐값, PEGY=양호	342.8800048828125	10.81	2025	26.0	30708000000.0	96135000000.0	126843000000.0	46547000000.0	0.0	415265000000.0	180016000000.0	69.75949173583568	30.24050826416432	2.306822726868723	6.565494685200327	6.565494685200327	31.11142555019539	31.11142555019539	34.45273631840798	33.33790189024399	-28.686657181224508	77.40547263681596	75.17580378048798	-48.873314362449015	836.7531592039805	812.6504388670751	-528.3205282580739	144.03673217689118	137.00724081149556	-254.0832130000232	3년	75.17580378048798	812.6504388670751	137.00724081149556	1.9431040284821766	1.9072704268889193	-0.08635596517073242	5.99067865903516	1.7471647730180764	3년	1.9072704268889196	양호	3년	33.33790189024399	0.9332148631494964	헐값	Y		12230000000.0	-7.971437747553978	11.920623213681637		-14.07377768131417	348.0089996337891	333.5100993347168	N	Y	중립/개선	
DG	DOLLAR GENERAL CORP	0000029534	S&P 500	제외	PEG=헐값, PEGY=보통	122.88999938964844	6.85	2025	1.87	1138501000.0		1138501000.0	4172068000.0		8511962000.0	22451768000.0	27.490105358753613	72.50989464124639	0.3791221252598014	-13.738109902451837	-13.738109902451837	19.94570938570807	19.94570938570807	34.050880626223076	-13.760458357934102	21.193089282505095	76.60176125244615	-19.020916715868204	50.88617856501019	524.7220645792561	-130.2932795036972	348.5703231703198	326.98516330487973	-206.02431455026303	183.64417357111762	5년	50.88617856501019	348.5703231703198	183.64417357111762	1.8009327184904176	-0.5961411613895321	1.1562932576883307			5년	1.1562932576883307	보통	5년	21.193089282505095	0.9411421392997792	헐값	N	주당순현금<=0 | FCF<=0	220814000.0	11.78931961111116	-19.47975146029275		-21.345369259459467	121.29499984741211	125.43204959869385	Y	N	중립/개선	
GOOGL	Alphabet Inc.	0001652044	S&P 500	양호	PEG=헐값, PEGY=양호	346.5899963378906	10.81	2025	26.0	30708000000.0	96135000000.0	126843000000.0	46547000000.0	0.0	415265000000.0	180016000000.0	69.75949173583568	30.24050826416432	2.306822726868723	6.565494685200327	6.565494685200327	31.45462549978633	31.45462549978633	34.45273631840798	33.33790189024399	-28.686657181224508	77.40547263681596	75.17580378048798	-48.873314362449015	836.7531592039805	812.6504388670751	-528.3205282580739	141.42449812320314	134.4702523020376	-252.43386532801546	3년	75.17580378048798	812.6504388670751	134.4702523020376	1.921902911189282	1.8864602883492307	-0.08541373926841882	5.99067865903516	1.7284626568375754	3년	1.8864602883492307	양호	3년	33.33790189024399	0.9435094506949526	헐값	Y		12230000000.0	-7.9124263797980205	13.072559298059838		-13.916347786698635	349.7775988769531	334.5689494323731	N	Y	중립/개선	
JCI	Johnson Controls International plc	0000833444	S&P 500	제외	PEG=헐값, PEGY=보통	139.58999633789062	5.03	2025	1.11	379000000.0	100000000.0	479000000.0	9195000000.0	723000000.0	12927000000.0	8245000000.0	61.05705648970338	38.942943510296615	1.5678593086719224	-13.325179636141263	-14.430515211741325	30.400631406368166	30.6203800297479	99.60317460317462	31.9394360396549	43.04007850240077	207.70634920634924	72.3788720793098	94.58015700480153	1044.7629365079367	364.0657265589283	475.7381897341517	648.4511526019318	160.81075729644206	240.81109120640923	3년	72.3788720793098	364.0657265589283	160.81075729644206	3.3128645670852004	1.08712992167432	1.4522750502199253			3년	1.08712992167432	보통	3년	31.9394360396549	0.9518211708129032	헐값	N	주당순현금<=0 | FCF<=0	654100000.0	4.241649257297753	-4.0354806166917		-9.802273654303617	144.94039978027342	134.1970999145508	N	Y	상승전환	단기위험부채 존재
FOX	Fox Corp	0001754301	S&P 500	제외	PEG=헐값, PEGY=안심	61.31999969482422	3.84	2026	93.0	4205000000.0		4205000000.0	6606000000.0	0.0	11628000000.0					-5.469248291571754	-5.469248291571754	17.39303332979062	17.39303332979062	-21.792260692464364	18.120452257112785	54.94321165488696	-35.08452138492873	44.74090451422557	118.38642330977392	-134.7245621181263	171.80507333462617	454.60386550953183	-319.7073757152968	180.1778770216262	641.3631242204706	3년	44.74090451422557	171.80507333462617	180.1778770216262	4.09403799540657	6.388790853794706	8.505889044752836	3.343963553530752	5.4533000165898615	3년	6.388790853794706	안심	3년	18.120452257112785	0.9598564695295266	헐값	N	주당순현금<=0	439000000.0	2.4732612607995197	17.94575440496997		-9.5041355347934	52.84820007324219	56.94710004806519	Y	Y	상승전환	
JPM	JPMORGAN CHASE & CO	0000019617	S&P 500	제외	PEG=헐값, PEGY=보통	357.6199951171875	20.02	2025	1.69	278793000000.0		278793000000.0	267889000000.0	64776000000.0	362438000000.0	4062462000000.0	8.19087437004226	91.80912562995775	0.08921634220824712	3.9201869494876864	-19.367966924321408	17.667323085299692	18.830567534540904	1.3670886075949347	18.30758541328956	17.65495483894246	11.23417721518987	45.115170826579124	43.80990967788492	224.9082278481012	903.205719948114	877.074391751256	-37.109716761110725	152.56018463177514	145.25317480188713	3년	45.115170826579124	903.205719948114	152.56018463177514	0.17303632207522268	1.131896740481799	1.0949567597503587			3년	1.131896740481799	보통	3년	18.307585413289562	0.9650274837704648	헐값	N	FCF<=0	2781500000.0	20.5812972245343	20.184163883375184		-2.070211323243487	347.2055999755859	317.1498005676269	Y	Y	강한 상승추세	단기위험부채 존재
C	CITIGROUP INC	0000831001	S&P 500	제외	PEG=헐값, PEGY=불리(<1)	132.89999389648438	6.99	2025	2.01	188105000000.0		188105000000.0	315827000000.0	51878000000.0	212291000000.0	2443380000000.0	7.993874241199306	92.00612575880069	0.08688415228085684	-68.18749666328546	-95.88382894666596	28.767881339022864	32.73016063564383	17.67676767676767	-0.047641741369786	29.48968947668986	43.85353535353534	8.404716517260429	67.47937895337972	306.53621212121203	58.7489684556504	471.6808588841243	130.65178796018054	-55.79460409801833	254.91413133661683	5년	67.47937895337972	471.6808588841243	254.91413133661683	0.6843315100185392	0.06821351337987921	1.0949603519798092	-39.58784902034061	-29.787698147808445	3년	0.0682135133798792	불리(<1)	5년	29.48968947668986	0.9755233727287108	헐값	N	주당순현금<=0 | FCF<=0	1873100000.0	2.951427427901665	19.24629657747201		-8.766392828295722	136.24520034790038	122.32249988555908	N	Y	상승전환	단기위험부채 존재
BR	BROADRIDGE FINANCIAL SOLUTIONS, INC.	0001383312	S&P 500	제외	PEG=헐값, PEGY=보통	183.63999938964844	9.6	2026	2.38	402900000.0	900000.0	403800000.0	3254600000.0	400000000.0	2840500000.0	6104700000.0	31.754460492778254	68.24553950722175	0.46529723000311235	-24.345004269854826	-27.760888129803586	21.665104547864924	22.020925783276255	35.21126760563381	21.898526092374706	34.26713142263553	78.92253521126761	52.297052184749404	77.03426284527106	757.6563380281691	502.0517009735943	739.5289233146021	312.57696610016285	173.38907789274057	302.7057970880654	3년	52.297052184749404	502.0517009735943	173.38907789274057	1.7351066791569392	1.1206281529237914	1.6915280210935826	10.917164816396243	5.944873041102629	3년	1.1206281529237914	보통	3년	21.898526092374702	0.9893407646009994	헐값	N	주당순현금<=0	117100000.0	14.803695725106758	-1.533512391609415		-28.158984861313474	156.91539978027345	178.27880004882812	Y	Y	상승전환	단기위험부채 존재
ORCL	ORACLE CORP	0001341439	S&P 500	제외	PEG=보통, PEGY=보통	150.85000610351562	5.83	2026	1.32	31289000000.0	605000000.0	31894000000.0	0.0	0.0	42508000000.0					10.945092656142759	10.945092656142759	23.997412255123994	23.997412255123994	34.331797235023046	23.834995611269672	5.082750468287545	77.16359447004609	56.169991222539345	18.66550093657509	449.86375576036875	327.4710488274044	108.81987046023278	198.2192492930131	117.08388172201242	-27.862203475445078	3년	56.169991222539345	327.4710488274044	117.08388172201242	1.4856517384456975	1.048237840973812	0.266810037691477	-8.128345916266301	-5.388363001250728	3년	1.048237840973812	보통	3년	23.834995611269672	1.0068142090941912	보통	N	FCF<=0	2914000000.0	-39.21015119329698	1.0720308901277287		-54.05536738256058	141.5486003112793	170.65704990386962	Y	N	판정불가	
XYZ	Block, Inc.	0001512673	S&P 500	보류	PEG=보통, PEGY=판정불가	83.56999969482422	2.1	2025		6564092000.0	1081851000.0	7645943000.0	4109829000.0	455000.0	22204278000.0	17380005000.0	56.093672329495014	43.906327670504986	1.2775760421242686	5.677421737273577	5.676691210234443	37.091703789309825	37.09205165932847	-53.94736842105262		36.69521853880895	-99.39473684210525		81.8904370776179	-208.72894736842102		171.96991786299762	-349.7654040093868		105.77948844200881	5년	81.8904370776179	171.96991786299762	105.77948844200881				3.8929480860191576	4.658308125206636	판정불가		판정불가	5년	36.69521853880895	1.0108048205267277	보통	Y		622838000.0	9.816033338349417	29.66641373456809		-1.508543078745339	79.5659992980957	68.31229976654053	Y	Y	강한 상승추세	단기위험부채 존재
GILD	GILEAD SCIENCES, INC.	0000882095	S&P 500	제외	PEG=보통, PEGY=보통	145.67999267578125	6.78	2025	2.2	5412000000.0	68000000.0	5480000000.0	22129000000.0	2807000000.0	22703000000.0					-13.26613545816733	-15.502788844621515	23.44338173067088	23.773271610678872	1684.2105263157894	23.0389935777624	40.69054645685804	3376.9210526315787	54.5779871555248	89.88109291371607	22895.524736842104	370.0387529144582	609.393809954995	15616.313761627749	154.00794310719084	318.30988508575376	3년	54.5779871555248	370.0387529144582	154.00794310719084	71.9354633085834	1.076593550696755	1.8295375193564551	7.534661354581673	5.172063243681287	3년	1.076593550696755	보통	3년	23.0389935777624	1.017552335849375	보통	N	주당순현금<=0	1255000000.0	11.12127070440665	-2.899424207764434		-6.495513592907076	134.09600021362306	133.7222498703003	Y	Y	상승전환	단기위험부채 존재
PEG	PUBLIC SERVICE ENTERPRISE GROUP INC	0000788784	S&P 500	제외	PEG=보통, PEGY=보통	73.19000244140625	4.22	2025	3.65	132000000.0		132000000.0	21670000000.0	1529000000.0	13130000000.0					-42.99001996007984	-46.041916167664674	27.53081099561282	28.254009149068942	19.20903954802259	27.00332083242836	2.3351713791253115	46.91807909604518	62.506641664856716	13.170342758250623	197.99429378531067	263.77802782569535	55.578846439817625	170.52095529552557	260.401720217004	-24.062242675408562	3년	62.506641664856716	263.77802782569535	260.401720217004	0.8303075253273613	1.113418737911975	0.21739902177524228	0.05189620758483034	0.07090614271584006	3년	1.113418737911975	보통	3년	27.003320832428358	1.019534270116548	보통	N	주당순현금<=0	501000000.0	-4.538927625732758	-13.384612495377224		-15.825181126833975	78.03920013427734	80.1795500946045	N	N	주의	단기위험부채 존재
FFIV	F5, INC.	0001048695	S&P 500	보류	PEG=보통, PEGY=판정불가	394.239990234375	11.8	2025		1344273000.0	0.0	1344273000.0	0.0	0.0	3591999000.0	1628778000.0	68.80200016204483	31.197999837955155	2.2053336918843454	22.906976347897213	22.906976347897213	31.468899481904895	31.468899481904895	23.560209424083766	30.824915840645065	56.42360566588014	55.62041884816753	70.14983168129012	121.34721133176028	656.3209424083769	827.7680138392235	1431.8970937147715	66.47751589538018	109.96551195811386	263.20442603083245	3년	70.14983168129012	827.7680138392235	109.96551195811386				15.445538818076477	3.91780113653466	판정불가		판정불가	3년	30.824915840645062	1.0208916593508	보통	Y		58684000.0	-0.3488208128620274	41.81294612747302		-8.58415310785925	403.86580139160156	323.22020042419433	N	Y	중립/개선	
IEX	IDEX CORP /DE/	0000832101	S&P 500	제외	PEG=보통, PEGY=불리(<1)	230.27999877929688	6.41	2025	1.25	580000000.0		580000000.0	1820100000.0	0.0	4027500000.0	2900800000.0	58.131143281901764	41.868856718098236	1.3884100937672366	-16.46879150066401	-16.46879150066401	38.4943510577162	38.4943510577162	-3.4638554216867403	-5.969686551893727	37.169267564172536	1.5722891566265194	-3.439373103787453	82.83853512834507	10.07837349397599	-22.046381595277573	530.9950101726919	-95.62342646022192	-109.57372837942694	130.586682728622	5년	82.83853512834507	530.9950101726919	130.586682728622	-0.05751117659750683	-0.12260725073186197	0.9980494931988569	8.191235059760956	3.5570762129504505	5년	0.9980494931988568	불리(<1)	5년	37.169267564172536	1.0356499759177638	보통	N	주당순현금<=0	75300000.0	10.9302003187447	8.858847540860037		-4.257444416791289	228.73080200195312	204.45320022583007	Y	Y	강한 상승추세	
HSIC	HENRY SCHEIN INC	0001000228	S&P 500	제외	PEG=보통, PEGY=판정불가	89.5199966430664	3.27	2025		80209000.0		80209000.0	363524000.0	764000000.0	3245000000.0	6421000000.0	33.57128077798469	66.4287192220153	0.5053729948606136	-2.327636739241161	-8.604446893240233	28.087961278993138	30.007475087555548	7.213114754098368	-5.784216280166666	26.993797939062315	22.926229508196734	-3.0684325603333313	62.48759587812463	74.96877049180333	-10.033774472289993	204.33443852146755	-16.25472151130841	-111.20841694431311	128.2556369346042	5년	62.48759587812463	204.33443852146755	128.2556369346042						판정불가		판정불가	5년	26.993797939062315	1.0405338790192051	보통	N	주당순현금<=0 | FCF<=0	121717876.0	17.172768135015517	10.015968565057864		-1.3445021483632247	86.55059982299805	78.647799949646	Y	Y	강한 상승추세	단기위험부채 존재
FOXA	Fox Corp	0001754301	S&P 500	제외	PEG=보통, PEGY=안심	68.41999816894531	3.84	2026	83.0	4205000000.0		4205000000.0	6606000000.0	0.0	11628000000.0					-5.469248291571754	-5.469248291571754	19.241991265759655	19.241991265759655	-21.792260692464364	18.120452257112785	54.94321165488696	-35.08452138492873	44.74090451422557	118.38642330977392	-134.7245621181263	171.80507333462617	454.60386550953183	-296.90816387550785	151.10359241810914	564.431274007062	3년	44.74090451422557	171.80507333462617	151.10359241810914	3.180946216125372	5.25519686920618	7.168863645643127	3.343963553530752	4.887406669134523	3년	5.25519686920618	안심	3년	18.120452257112785	1.061893543976345	보통	N	주당순현금<=0	439000000.0	2.4098198910118995	20.478952396421125		-10.103800262432728	59.013199920654294	63.406399936676024	Y	Y	상승전환	
NVDA	NVIDIA CORP	0001045810	S&P 500	보류	PEG=보통, PEGY=양호	217.5500030517578	4.9	2026	44.0	10605000000.0	34621000000.0	45226000000.0	7469000000.0	0.0	157293000000.0	49510000000.0	76.05934149891442	23.940658501085572	3.1769945465562515	1.5402219140083218	1.5402219140083218	44.08362880362234	44.08362880362234	66.66666666666669	41.21547046890686	-6.616661124591561	141.83333333333337	90.93094093781372	-4.7333222491831215	694.9833333333336	445.5616105952872	-23.1932790209973	219.45912368844625	104.80882755459336	-110.6611255783248	3년	90.93094093781372	445.5616105952872	104.80882755459335	2.5103801495028746	1.9330411942381822	0.8480095647737752	4.184517622583014	1.9234739434076065	3년	1.9330411942381824	양호	3년	41.21547046890686	1.0695893629766822	보통	Y		24514000000.0	-3.035299313633333	19.218548961707448		-7.716128793393839	208.41999938964844	195.8252001953125	Y	Y	강한 상승추세	
LLY	ELI LILLY & Co	0000059478	S&P 500	제외	PEG=보통, PEGY=안심	1174.6099853515625	22.95	2025	59.0	7268000000.0	154800000.0	7422800000.0	40868000000.0	1000000000.0	26535000000.0					-37.19025909040365	-38.30223507172245	52.80175357045605	52.85020568293181	95.98633646456018	49.27183319275166	27.579995682880675	200.47267292912036	107.04366638550331	63.65999136576135	4600.8478437233125	2456.652143547301	1460.996801844223	291.6915317509643	109.146199520177	24.381438951154877	3년	107.04366638550331	2456.652143547301	109.146199520177	2.935249797296108	2.0505347999149133	1.6397181879073885			3년	2.0505347999149133	안심	3년	49.27183319275166	1.071641750447874	보통	N	주당순현금<=0 | FCF<=0	899300000.0	8.539090588538656	15.387488742938471		-8.2579614236293	1186.8408032226562	1059.779454650879	N	Y	상승전환	단기위험부채 존재
LMT	LOCKHEED MARTIN CORP	0000936468	S&P 500	제외	PEG=보통, PEGY=불리(<1)	563.8499755859375	21.49	2025	2.44	4121000000.0	3000000.0	4124000000.0	20532000000.0	0.0	6721000000.0	53119000000.0	11.231617647058824	88.76838235294117	0.1265272313108304	-70.26980728051392	-70.26980728051392	29.507667885828358	29.507667885828358	-3.6754818467055146	-0.2623064045820689	27.492062613344558	1.1490363065889708	7.975387190835862	63.484125226689116	24.69279022859698	171.39107073106265	1364.2738511215491	-95.62068080202772	-69.6034267709318	141.95688750431052	5년	63.484125226689116	1364.2738511215491	141.95688750431052	-0.04186985740404375	0.07380093892353355	1.0143825235243353	32.61241970021413	5.783882435451771	3년	0.0738009389235335	불리(<1)	5년	27.492062613344558	1.0733158985133924	보통	N	주당순현금<=0	233500000.0	9.167468651681986	-16.676523508997388		-16.676523508997388	551.1161987304688	554.9149011230469	Y	Y	상승전환	
DLR	DIGITAL REALTY TRUST, INC.	0001297996	S&P 500	제외	PEG=보통, PEGY=불리(<1)	185.47000122070312	3.58	2025	2.52	3451647000.0		3451647000.0	2940210000.0		22925663000.0	24564494000.0	48.2745571887665	51.72544281123349	0.93328456104164	1.470449383283977	1.470449383283977	51.39652285961429	51.39652285961429	122.36024844720497	47.747457450932274	86.18839525621738	253.22049689440993	103.99491490186455	180.87679051243475	906.5293788819876	372.3017953486751	647.5389100345164	388.7741267674053	100.73423890564834	249.1340409622183	3년	103.99491490186455	372.3017953486751	100.73423890564834	2.429741186739537	0.9780322608249985	1.7259610246108992			3년	0.9780322608249984	불리(<1)	3년	47.747457450932274	1.076424287354609	보통	N	FCF<=0	347810000.0	0.25405471389357004	3.7942798627024876		-9.043206370572376	187.45940032958984	178.2602995300293	N	Y	상승전환	
ICE	Intercontinental Exchange, Inc.	0001571949	S&P 500	제외	PEG=보통, PEGY=불리(<1)	162.3300018310547	5.77	2025	1.29	837000000.0	16000000.0	853000000.0	18609000000.0	1035000000.0	28915000000.0	107896000000.0	21.134996454963417	78.86500354503659	0.26798954548824794	-30.88	-32.68	33.48526894818972	33.79722735373565	20.711297071129692	30.77318536913174	44.058395353098234	49.922594142259385	70.04637073826348	96.61679070619647	288.05336820083664	404.16755915978024	557.4788823747535	77.4492484147378	148.97896544128577	243.4231972441859	3년	70.04637073826348	404.16755915978024	148.97896544128577	0.6570440603350485	0.9575310689229252	1.3542789643787483	7.459130434782609	4.595041181941041	3년	0.9575310689229252	불리(<1)	3년	30.77318536913174	1.0881313892769269	보통	N	주당순현금<=0	575000000.0	11.98261197067525	-1.4868290850782562		-8.080409841037294	144.91679992675782	155.01345054626464	Y	Y	상승전환	단기위험부채 존재
XYL	Xylem Inc.	0001524472	S&P 500	제외	PEG=보통, PEGY=불리(<1)	111.30999755859375	3.92	2025	1.53	1479000000.0		1479000000.0	1408000000.0	534000000.0	11480000000.0	5885000000.0	66.10999136193493	33.89000863806507	1.9507221750212405	0.2909907620679197	-1.8975876455978427	28.321175203195367	28.879486021477447	7.397260273972603	25.99210498948732	36.73964338359592	23.294520547945204	60.48420997897464	81.97928676719184	91.3145205479452	237.0981031175806	321.358804127392	-17.963774547854882	113.0070149294288	188.7061460568519	3년	60.48420997897464	237.0981031175806	113.00701492942879	0.315215036449666	0.9717854146950128	1.3512731413517793			3년	0.9717854146950128	불리(<1)	3년	25.99210498948732	1.0896068330998991	보통	N	FCF<=0	243994000.0	2.7508498819989846	-13.699797452522722		-27.224583341272822	118.03280029296874	125.21225021362305	N	N	중립/개선	단기위험부채 존재
DXCM	DEXCOM INC	0001093557	S&P 500	보류	PEG=보통, PEGY=판정불가	90.81999969482422	2.09	2025		917700000.0	1730000000.0	2647700000.0	4600000.0		2746000000.0	3593900000.0	43.31298600924305	56.68701399075695	0.7640724561061799	6.518125770653514	6.518125770653514	40.33582484410082	40.33582484410082	47.183098591549296	36.597938323358605	-16.208656508885298	102.86619718309859	81.69587664671721	-23.917313017770596	214.99035211267605	170.74438219163895	-49.987184207140544	136.72137506616644	88.00306404468043	-155.0398418576402	3년	81.69587664671721	170.74438219163895	88.00306404468043				2.656473489519112	2.924987335879173	판정불가		판정불가	3년	36.597938323358605	1.102133800207989	보통	Y		405500000.0	21.30358803675927	23.095691511869298		-1.6460869648558751	79.22960021972656	70.12605005264282	Y	Y	강한 상승추세	
PPG	PPG INDUSTRIES INC	0000079879	S&P 500	제외	PEG=보통, PEGY=보통	114.22000122070312	6.94	2025	2.61	2163000000.0	56000000.0	2219000000.0	6602000000.0	4000000.0	7941000000.0	14001000000.0	36.19086683073557	63.80913316926442	0.567173773301907	-19.299867899603697	-19.31748128577719	19.239174224828073	19.24171217672627	46.10526315789475	17.118429805639778	43.51289451505902	100.7105263157895	42.736859611279556	95.52578903011803	698.9310526315792	296.5938057022801	662.9489758690191	511.9165165136536	159.66888682585702	480.414085785227	3년	42.736859611279556	296.5938057022801	159.66888682585702	2.5320870110437435	1.0254301756974746	2.3973427329088595	5.121092029942757	4.483533510078903	3년	1.0254301756974746	보통	3년	17.118429805639778	1.1238866206344231	보통	N	주당순현금<=0	227100000.0	1.9184451965142735	-4.177848871675249		-13.180295423894183	116.6256004333496	111.01320003509521	N	Y	상승전환	단기위험부채 존재
MET	METLIFE INC	0001099219	S&P 500	제외	PEG=보통, PEGY=불리(<1)	96.51000213623047	4.71	2025	2.46	22032000000.0	3601000000.0	25633000000.0	23692000000.0	355000000.0	28398000000.0	716245000000.0	3.813639556136296	96.1863604438637	0.03964844431723782	2.882815980989158	2.355562156542403	19.878383472450384	19.990326959594068	-20.707070707070713	17.4111403260089	102.01265397268551	-32.914141414141426	43.3222806520178	212.52530794537103	-155.02560606060612	204.04794187100384	1000.9942004226975	-260.6316471134017	111.426730239811	937.1921855412725	3년	43.3222806520178	204.04794187100384	111.42673023981101	-0.9179353407866127	0.9996356269889088	5.255591035230557			3년	0.9996356269889088	불리(<1)	3년	17.4111403260089	1.1417048567896435	보통	N	FCF<=0	673300000.0	17.925227828422898	31.772262358260093		-3.4417157749320193	93.28659942626953	81.49494968414307	Y	Y	강한 상승추세	단기위험부채 존재
CPRT	COPART INC	0000900075	S&P 500	제외	PEG=보통, PEGY=판정불가	32.9900016784668	1.59	2025		186319000.0		186319000.0	325386000.0	50370000.0	5987440000.0	883411000.0	87.14262614630996	12.85737385369003	6.777638041636339	-0.1422588620886838	-0.19378495299024207	20.83789971104118	20.87030605752015	13.571428571428584	-29.408420975097684	18.170645193625703	35.64285714285717	-50.31684195019537	44.841290387251405	56.6721428571429	-80.00377870081064	71.29765171572974	71.78581380350121	-342.5091683248705	116.11896965215097	5년	44.841290387251405	71.29765171572974	116.11896965215097				1.2590083708159985	3.816333151743297	판정불가		판정불가	5년	18.170645193625703	1.1467892025293167	보통	N	주당순현금<=0	977563000.0	2.073025959062358	-13.88671235739819		-33.98038648676543	29.779400100708006	34.65695011138916	Y	N	중립/개선	단기위험부채 존재
INTU	INTUIT INC.	0000896878	S&P 500	제외	PEG=보통, PEGY=불리(<1)	358.05999755859375	13.67	2025	1.59	2884000000.0	485000000.0	3369000000.0	5973000000.0	0.0	19710000000.0	17248000000.0	53.33080794415282	46.66919205584718	1.1427411873840445	-9.201413427561837	-9.201413427561837	26.866233429857758	26.866233429857758	31.064237775647175	23.370799285623757	52.08691360323674	70.62847555129434	55.24159857124751	112.67382720647348	965.4912607861937	755.1526524689534	1540.2512179124924	169.6451062306111	110.90114997986574	330.16567849371177	3년	55.24159857124751	755.1526524689534	110.90114997986574	1.2154378789606184	0.9290769899245943	1.9979322275813685	21.636042402826856	6.042574582570142	3년	0.9290769899245944	불리(<1)	3년	23.370799285623754	1.149564167725499	보통	N	주당순현금<=0	283000000.0	1.2155098581712487	-14.556388191519254		-49.000842646593604	307.2032012939453	435.00420135498047	Y	N	중립/개선	
RMD	RESMED INC	0000943819	S&P 500	보류	PEG=보통, PEGY=불리(<1)	240.3300018310547	10.43	2026	1.12	1469234000.0		1469234000.0	1078611000.0	259950000.0	6585393000.0	2380557000.0	73.44891506198451	26.55108493801549	2.766324435835815	2.6745107973763127	0.8946896353403536	22.785761364686326	22.956405771401183	9.674027339642482	19.643471363879893	26.342032619655285	27.848054679284964	47.78694272775979	61.18406523931057	290.45521030494217	498.4178126505346	638.1498004460092	20.856825236960685	107.3889272471726	165.53064352515204	3년	47.78694272775979	498.4178126505346	107.38892724717259	0.47371808941926374	0.9112476441563807	1.2052277815134282	11.294069316828022	4.699400503798706	3년	0.9112476441563808	불리(<1)	3년	19.643471363879893	1.1599661252636042	보통	Y		146054000.0	28.904740765911985	-6.628078731292142		-15.161676480274377	211.3533999633789	228.82330024719238	Y	Y	상승전환	단기위험부채 존재
CCI	CROWN CASTLE INC.	0001051470	S&P 500	제외	PEG=보통, PEGY=불리(<1)	76.13999938964844	1.01	2025	5.66	99000000.0		99000000.0	24337000000.0		7089221000.0	33153000000.0	17.616376094152457	82.38362390584754	0.21383346906765602	-55.464530892448515	-55.464530892448515	130.30151513078906	130.30151513078906	111.24721603563475	-36.03957271499858	-15.540072887114587	230.9944320712695	-63.579145429997155	-22.580145774229173	233.3043763919822	-64.21493688429713	-22.805947231971466	206.4149964042434	-184.3379792475116	-129.95264961227727	1년	230.9944320712695	233.3043763919822	206.4149964042434	0.8972053465248666	-0.23314826910880765	-0.07582469687476424			1년	0.8972053465248666	불리(<1)	1년	111.24721603563475	1.1712788847592448	보통	N	주당순현금<=0 | FCF<=0	437000000.0	-16.35724441318448	-14.955880232564878		-23.19951597901816	77.02300033569335	85.17639987945557	N	N	주의	
DVA	DAVITA INC.	0000927066	S&P 500	제외	PEG=보통, PEGY=판정불가	180.67999267578125	9.84	2025		676438000.0	337399000.0	1013837000.0	4417624000.0	87345000.0	-651082000.0	16321665000.0	-4.154803940606422	104.15480394060641	-0.03989066066482801	-44.85454305857547	-46.00556104632009	22.92017639576796	23.037149768506232	-8.294501397949679	18.926802949554716	45.67357145242303	-8.089002795899358	46.353605899109425	99.84714290484607	-79.59578751164968	456.1194820472367	982.4958861836852	-144.05345956288545	152.4460374900026	443.7768020871639	3년	46.353605899109425	456.1194820472367	152.4460374900026				17.27134479804968	9.55907986394598	판정불가		판정불가	3년	18.926802949554713	1.2109903852677453	보통	N	주당순현금<=0	75885000.0	-4.8100758654686215	17.33991277379088		-25.016605394465586	211.43880035400392	162.63304992675782	N	Y	중립/개선	단기위험부채 존재
SWKS	SKYWORKS SOLUTIONS, INC.	0000004127	S&P 500	보류	PEG=보통, PEGY=보통	65.79000091552734	3.08	2025	4.13	1161300000.0	212900000.0	1374200000.0	496400000.0		5757100000.0	2159900000.0	72.71820133889099	27.281798661109008	2.665447474420112	5.659574468085107	5.659574468085107	19.522865729689038	19.522865729689038	-16.531165311653112	-26.666925336211623	16.101965535917493	-24.562330623306224	-44.833850672423246	40.70393107183499	-75.65197831978317	-138.0882600710636	125.36810770125176	-214.99008552518237	-309.89247324736374	90.55799659012189	5년	40.70393107183499	125.36810770125176	90.55799659012189	-0.6352123445071012	-1.154386125902562	1.03632150197858	7.129593810444875	10.836895745903833	5년	1.03632150197858	보통	5년	16.101965535917493	1.212452336091565	보통	Y		155100000.0	-12.849380345389537	11.640930892289592		-21.134017789970507	65.11260047912597	63.810149974823	Y	Y	강한 상승추세	
AMZN	AMAZON COM INC	0001018724	S&P 500	보류	PEG=보통, PEGY=판정불가	266.42999267578125	7.17	2025		86810000000.0	36219000000.0	123029000000.0	65648000000.0	455000000.0	411065000000.0					5.29980604045442	5.257781472245313	36.41983077201211	36.42569193912635	29.656419529837247		-12.638188158251552	67.8128390596745		-16.776376316503104	486.2180560578662		-120.28661818932726	82.49373922760456		-145.14755151298002	1년	67.8128390596745	486.2180560578662	82.49373922760456				12.263507896924356	4.602900662106696	판정불가		판정불가	1년	29.656419529837247	1.2280589278611402	보통	Y		10827000000.0	1.9788650068543578	27.851621217969004		-6.193224779346041	251.6591995239258	238.67965003967285	Y	Y	강한 상승추세	단기위험부채 존재
WST	WEST PHARMACEUTICAL SERVICES INC	0000105770	S&P 500	보류	PEG=보통, PEGY=불리(<1)	337.4700012207031	6.79	2025	25.0	791300000.0	7500000.0	798800000.0	202800000.0	0.0	3176000000.0	1094000000.0	74.37939110070258	25.620608899297427	2.903107861060329	8.198074277854195	8.198074277854195	48.49365639806317	48.49365639806317	1.4947683109118033	-4.229866358140244	39.39782987966147	11.489536621823607	0.04026728371951194	87.29565975932294	78.01395366218229	0.2734148564554861	592.7375297658028	-76.88269968293812	-99.91898098928306	75.64154669207366	5년	87.29565975932294	592.7375297658028	75.64154669207366	0.5463553437469812	0.4283061988843826	1.3279639990651129	6.449793672627235	1.911219856371504	3년	0.4283061988843826	불리(<1)	5년	39.39782987966147	1.2308712572795102	보통	Y		72700000.0	6.693017465935225	34.31641839629975		-7.729531844618842	349.6376007080078	291.9107504272461	N	Y	상승전환	
MSFT	MICROSOFT CORP	0000789019	S&P 500	보류	PEG=보통, PEGY=안심	513.530029296875	17.95	2026	72.0	20935000000.0	55908000000.0	76843000000.0	31067000000.0	0.0	442387000000.0	315989000000.0	58.33346519404623	41.66653480595377	1.4000075952010989	6.141956259224473	6.141956259224473	28.2667450160251	28.2667450160251	31.5982404692082	22.855998285745223	17.396112163192925	71.6964809384164	54.21199657149045	43.29222432638585	1286.9518328445743	973.1053384582535	777.0954266586259	150.60887570813878	89.49336610180885	51.32424246399465	3년	54.21199657149045	973.1053384582535	89.49336610180885	3.665021933387656	3.355745354902698	3.1625895416154957	8.987924325774856	1.750223709036279	3년	3.355745354902698	안심	3년	22.855998285745226	1.2367320238055162	보통	Y		7453000000.0	11.510909742862285	28.84959102385769		-5.264998550320755	430.65259826660156	431.17564926147463	Y	Y	상승전환	
PLTR	Palantir Technologies Inc.	0001321655	S&P 500	보류	PEG=보통, PEGY=판정불가	186.2899932861328	0.63	2025		1423796000.0	5753247000.0	7177043000.0	0.0		7387268000.0	1412381000.0	83.9495757160314	16.0504242839686	5.230364894458365	2.7978525625907094	2.7978525625907094	291.2573662278446	291.2573662278446	231.57894736842107			471.65789473684214			297.14447368421054			59.506406352063344			1년	471.65789473684214	297.14447368421054	59.506406352063344				0.8188809670368397	0.43957324416189997	판정불가		판정불가	1년	231.57894736842107	1.2577022632566015	보통	Y		2565197000.0	15.960162068957008	28.325408580175804		-10.083019658340985	143.7453988647461	151.3714497756958	Y	Y	상승전환	
GS	GOLDMAN SACHS GROUP INC	0000886982	S&P 500	제외	PEG=보통, PEGY=불리(<1)	1033.989990234375	51.32	2025	1.92	164259000000.0		164259000000.0	236027000000.0	69709000000.0	124972000000.0	1684348000000.0	6.907125328852828	93.09287467114717	0.07419606874588862	-225.9697732997481	-445.4565491183879	24.551047613681277	28.82787488996031	26.591021213616184	19.517790861873507	15.71173099479697	61.68204242723237	47.535581723747015	39.92346198959394	3165.522417365565	2439.526054062697	2048.872069305961	206.14633093769453	135.93323698517898	98.15202164979779	3년	47.535581723747015	2439.526054062697	135.93323698517898	1.161295504055321	0.8731925088983624	0.7181661358096808	-148.6712846347607	-14.3784065647542	3년	0.8731925088983624	불리(<1)	3년	19.517790861873507	1.2578804531428731	보통	N	주당순현금<=0 | FCF<=0	317600000.0	-1.3914023185420898	19.994194683375444		-10.249373871355239	1050.3023999023437	942.6400006103515	N	Y	중립/개선	단기위험부채 존재
MTB	M&T BANK CORP	0000036270	S&P 500	제외	PEG=보통, PEGY=불리(<1)	237.2899932861328	17.0	2025	2.51	1420888000.0		1420888000.0	10911000000.0	2149000000.0	29177000000.0	184333000000.0	13.665402088895135	86.33459791110486	0.15828419219564593	-59.76479775302127	-73.29831035763992	17.4738112375973	18.26990021433957	16.12021857923497	13.816843747424093	11.330076475388973	40.74043715846994	36.13368749484818	31.160152950777945	692.587431693989	614.2726874124191	529.722600163225	191.8738468919935	158.87003446947173	123.23849093984612	3년	36.13368749484818	614.2726874124191	158.87003446947173	1.0661794571266456	0.934360771409425	0.7920468114941147			3년	0.934360771409425	불리(<1)	3년	13.816843747424091	1.264674592622138	보통	N	주당순현금<=0 | FCF<=0	158791000.0	12.130232851924116	8.10478054037942		-6.6118317501240975	244.31159942626954	219.47930015563963	N	Y	상승전환	단기위험부채 존재
HBAN	HUNTINGTON BANCSHARES INC /MD/	0000049196	S&P 500	제외	PEG=보통, PEGY=불리(<1)	16.920000076293945	1.39	2025	3.68	2672000000.0		2672000000.0	17221000000.0	1261000000.0	24342000000.0	200727000000.0	10.8153499593458	89.1846500406542	0.12126918650704688	-9.668163175256307	-10.506128242546032	19.12817500111529	19.73102756751078	13.93442622950819	-1.3987851140241592	15.035833064612024	36.36885245901638	5.702429771951682	38.57166612922405	50.55270491803277	7.926377383012837	53.61461591962142	198.77485041421775	-53.1537981839715	216.87125105122837	5년	38.57166612922405	53.61461591962142	216.87125105122837	0.9208628752341067	0.11925941109608376	0.9784432160162051	1.4719211927412688	8.699297790214134	3년	0.1192594110960837	불리(<1)	5년	15.035833064612024	1.2721726105176645	보통	N	주당순현금<=0	1504836000.0	6.885661136078536	-0.2946331118658385		-12.195123641125482	17.56900016784668	16.959600019454957	N	N	중립/개선	단기위험부채 존재
CBRE	CBRE GROUP, INC.	0001138118	S&P 500	제외	PEG=보통, PEGY=판정불가	150.82000732421875	3.85	2025		1864000000.0		1864000000.0	5050000000.0	2465000000.0	8878000000.0	21251000000.0	29.46662683793023	70.53337316206976	0.41776857559644254	-10.593461930091989	-18.789596160373456	41.9255764296911	44.05444246353044	22.611464968152863	-3.5428381522206065	32.860400171986704	53.722929936305725	1.414323695558787	74.22080034397341	206.83328025477704	5.44514622790133	285.75008132429764	37.139152771784566	-96.38963932935246	89.46430675475226	5년	74.22080034397341	285.75008132429764	89.46430675475226				4.318714363628149	2.8634890292401196	판정불가		판정불가	5년	32.860400171986704	1.2758693202230813	보통	N	주당순현금<=0	300751541.0	21.00449940851381	4.035321828141214		-12.11467467641204	143.4680010986328	147.3628004837036	Y	Y	상승전환	단기위험부채 존재
WBD	Warner Bros. Discovery, Inc.	0001437107	S&P 500	제외	PEG=보통, PEGY=판정불가	28.770000457763672	0.29	2025		4566000000.0		4566000000.0	32567000000.0	0.0	35919000000.0	62919000000.0	36.34128574030232	63.65871425969769	0.5708768416535546	-11.067588932806323	-11.067588932806323	137.37099789851723	137.37099789851723	106.27705627705627			221.05411255411255			64.10569264069264			122.82131255021764			1년	221.05411255411255	64.10569264069264	122.82131255021764				1.2205533596837945	4.2424516519408835	판정불가		판정불가	1년	106.27705627705627	1.2925743590451113	보통	N	주당순현금<=0	2530000000.0	5.577983331242842	0.9473700272409458		-4.036021023842872	26.945600051879882	27.150250005722047	Y	Y	상승전환	
JBHT	HUNT J B TRANSPORT SERVICES INC	0000728535	S&P 500	제외	PEG=보통, PEGY=보통	261.0299987792969	6.12	2025	68.0	17284000.0		17284000.0	766938000.0	699859000.0	3565085000.0	4362070000.0	44.97307041429113	55.02692958570887	0.8172920196145408	-7.673962001474081	-14.838188928015724	43.90587594457042	45.076501259364804	10.071942446043176	-12.736907999542591	33.56042305195701	28.64388489208635	-16.973815999085183	75.62084610391402	175.30057553956848	-103.87975391440132	462.7995781559538	-32.842747439237186	-139.79609791985348	77.2974678466956	5년	75.62084610391402	462.7995781559538	77.2974678466956	1.7781661512597127	1.2586718932615093	2.3131396622213702	9.700116698059126	3.71609268797517	3년	1.2586718932615093	보통	5년	33.56042305195701	1.3082634827516018	보통	N	주당순현금<=0	97688000.0	-6.594859099444217	12.478989331274892		-12.52639134884298	277.0347998046875	234.92739974975586	N	Y	중립/개선	단기위험부채 존재
SWK	STANLEY BLACK & DECKER, INC.	0000093556	S&P 500	제외	PEG=보통, PEGY=불리(<1)	97.80000305175781	2.65	2025	3.39	280100000.0		280100000.0	4703300000.0	605600000.0	9054600000.0					-29.12337534073401	-33.110786288995115	47.895614487732765	49.40029786443507	35.8974358974359		-1.0951545801409002	80.2948717948718		6.3096908397182	212.78141025641025		16.720680725253228	117.56789735865536		-82.90318997597139	1년	80.2948717948718	212.78141025641025	117.56789735865536	0.8202720920826346		0.04791347693110537	4.5292932485284245	4.631179046212736	5년	0.0479134769311053	불리(<1)	1년	35.8974358974359	1.3342349750154128	보통	N	주당순현금<=0	151878000.0	25.11194235976193	16.373158003724097		-5.961535527155948	94.32800033569336	81.2180001449585	Y	Y	강한 상승추세	단기위험부채 존재
LRCX	LAM RESEARCH CORP	0000707549	S&P 500	제외	PEG=보통, PEGY=불리(<1)	301.8999938964844	5.76	2026	33.0	5579171000.0	2574947000.0	8154118000.0	3721914000.0	147000.0	12470921000.0	11058822000.0	53.00066813309435	46.99933186690564	1.12768982085072	3.5145483870456156	3.5144318223268223	51.80302873427756	51.803048971207915	38.79518072289155	-44.23206854382806	-26.525939643495455	86.0903614457831	-79.96413708765613	-44.55187928699091	495.88048192771066	-460.5934296248993	-256.6188246930676	64.2532268807327	-252.56490193332957	-185.00126859262446	1년	86.0903614457831	495.88048192771066	64.2532268807327	1.3859263150647674	-0.2168226225042304	0.12497455293035255			5년	0.1249745529303525	불리(<1)	1년	38.79518072289155	1.3352954611630556	보통	N	FCF<=0	1261102000.0	-4.79944546387836	30.692638050426147		-30.330232559122216	331.20799926757815	257.3418492126465	N	Y	중립/개선	단기위험부채 존재
CSCO	CISCO SYSTEMS, INC.	0000858877	S&P 500	제외	PEG=보통, PEGY=불리(<1)	109.93000030517578	2.55	2025	1.5	8346000000.0	7764000000.0	16110000000.0	22861000000.0	31000000.0	46843000000.0	75448000000.0	38.30453590206965	61.69546409793034	0.6208647015162762	-1.6885942971485743	-1.6963481740870434	43.771997883264454	43.77503861931876	0.3937007874015664	-3.299135343193793	32.687404272277206	9.287401574803132	1.9017293136124138	73.87480854455441	23.682874015747984	4.849409749711655	188.38076178861374	-78.45640503047197	-95.58863846425066	71.36428751537474	5년	73.87480854455441	188.38076178861374	71.36428751537474	0.043262836493136024	-0.041102426898399914	0.7810336727935425	3.3236618309154577	3.0234347509221027	5년	0.7810336727935425	불리(<1)	5년	32.687404272277206	1.3391090194453985	보통	N	주당순현금<=0	3998000000.0	-9.395863639524848	38.416019692330394		-15.438461303710938	115.3516000366211	93.91130004882812	N	Y	중립/개선	단기위험부채 존재
TDG	TransDigm Group INC	0001260221	S&P 500	제외	PEG=보통, PEGY=보통	1185.969970703125	32.08	2025	18.423737986422886	2808000000.0		2808000000.0	19384000000.0	124000000.0	-9686000000.0	32588000000.0	-42.293249497860444	142.29324949786044	-0.2972259727507058	-284.8109965635739	-286.94158075601376	45.847287009560446	45.91370172877615	25.214676034348155	33.77548076206609		58.92935206869631	76.05096152413218		1890.4536143637774	2439.71484569416		59.40147398866986	105.71472347210684		3년	76.05096152413218	2439.71484569416	105.71472347210684	0.9518210752944052	1.138545422275564		31.20274914089347	2.6309898152306777	3년	1.138545422275564	보통	3년	33.77548076206609	1.3574133061949616	보통	N	주당순현금<=0	58200000.0	-4.23446693980466	-9.898503190543606		-18.208967537715516	1257.4804052734376	1273.3662982177734	N	N	주의	단기위험부채 존재
JNJ	JOHNSON & JOHNSON	0000200406	S&P 500	제외	PEG=보통, PEGY=불리(<1)	268.0400085449219	11.03	2025	2.02	19709000000.0	393000000.0	20102000000.0	39438000000.0	8495000000.0	81544000000.0	117666000000.0	40.933688067868076	59.066311932131924	0.693012424999575	-7.959166872478801	-11.455915040750803	25.02259069967368	25.339612292445395	90.50086355785837	17.90172233284293	14.890675456717407	189.50172711571673	44.30344466568586	38.281350913434814	2090.2040500863554	488.666994662515	422.24330057518597	679.8104698747053	82.31121440238924	57.52995340784006	3년	44.30344466568586	488.666994662515	82.31121440238924	3.6974933838111705	0.7961494703704971	0.6758163317173205	8.108174857989628	3.0249867928319913	3년	0.7961494703704971	불리(<1)	3년	17.90172233284293	1.3977756013881768	보통	N	주당순현금<=0	2429400000.0	19.923052719114096	7.8371464345287745		-1.9640814327422929	258.1429995727539	233.88859992980957	Y	Y	강한 상승추세	단기위험부채 존재
WTW	WILLIS TOWERS WATSON PLC	0001140536	S&P 500	제외	PEG=보통, PEGY=불리(<1)	343.75	16.26	2025	1.13	3132000000.0	0.0	3132000000.0	5756000000.0	988000000.0	7976000000.0	21478000000.0	27.079513818157125	72.92048618184288	0.37135673712636186	-26.505050505050505	-36.484848484848484	22.770913315193756	23.384677028588467	1793.7500000000005		16.276465322384226	3596.000000000001		41.05293064476845	58470.96000000002		667.5206522839351	16909.733818181823		94.18782611896293	5년	41.05293064476845	667.5206522839351	94.18782611896293	78.82336448939787		0.764416652131817	16.454545454545453	4.786776859504132	5년	0.764416652131817	불리(<1)	5년	16.276465322384226	1.3990084987234934	보통	N	주당순현금<=0	99000000.0							판정불가	판정불가	판정불가	단기위험부채 존재
FDS	FACTSET RESEARCH SYSTEMS INC	0001013237	S&P 500	제외	PEG=보통, PEGY=불리(<1)	308.9800109863281	15.55	2025	1.52	337651000.0	17445000.0	355096000.0	1368260000.0	0.0	2186413000.0	2117859000.0	50.79634837203597	49.203651627964035	1.0323694825765077	-26.394789631366418	-26.394789631366418	21.567511293742413	21.567511293742413	11.79007907979871	14.904095738686006	46.6827292996804	32.08015815959742	38.30819147737201	101.8654585993608	498.84645938173986	595.6923774731348	1584.0078812200607	61.449427679583145	92.79317635194634	412.6570732402979	3년	38.30819147737201	595.6923774731348	92.79317635194634	0.617135602644172	0.7615202104218342	2.234969470662381	17.33682428031783	5.610985715540336	3년	0.7615202104218342	불리(<1)	3년	14.904095738686006	1.4470862017989072	보통	N	주당순현금<=0	38385000.0	14.077904383815909	40.48377173617739		-17.6799664301759	263.64279876708986	248.87309967041017	Y	Y	강한 상승추세	
HCA	HCA Healthcare, Inc.	0000860730	S&P 500	제외	PEG=보통, PEGY=안심	417.82000732421875	28.33	2025	74.0	1040000000.0	103000000.0	1143000000.0	41603000000.0	4698000000.0	-6027000000.0	45623000000.0	-15.221234468128095	115.22123446812809	-0.13210442101571576	-168.93880874339757	-188.55508465729974	20.71157134019119	21.40399195134199	28.772727272727266	13.944298430482704	20.983259927461795	66.04545454545453	36.38859686096541	50.46651985492359	1871.0677272727269	1030.88894907115	1429.7165074899851	347.8166900755475	146.73039371022836	242.1847882886465	3년	36.38859686096541	1030.88894907115	146.73039371022836	4.962092232630118	4.246143230080528	4.585999698784081	32.117580742813004	7.68694178828313	3년	4.246143230080528	안심	3년	13.944298430482704	1.4853075214537146	보통	N	주당순현금<=0	239495000.0	12.63209428200971	-21.597984552465533		-23.354061676711733	400.27219970703123	453.5694998168945	Y	N	중립/개선	단기위험부채 존재
NTRS	NORTHERN TRUST CORP	0000073124	S&P 500	보류	PEG=보통, PEGY=불리(<1)	186.7899932861328	8.74	2025	1.76	5873100000.0		5873100000.0	1421600000.0		12957900000.0	164174800000.0	7.315363001862446	92.68463699813756	0.07892746024359402	23.155164963319883	23.155164963319883	18.72252040306784	18.72252040306784	-10.542476970317292	12.490113204685828	9.86611256684804	-12.584953940634584	33.48022640937165	28.23222513369608	-109.99249744114627	292.61717881790827	246.74964766850374	-158.88564772988408	56.65570391111097	32.100035621566825	3년	33.48022640937165	292.61717881790827	56.65570391111097	-0.46908625448089836	0.7611215209225157	0.6209694163261804	28.398432689485546	15.203401525896318	3년	0.7611215209225157	불리(<1)	3년	12.490113204685827	1.4989872466523235	보통	Y		192246525.0	10.959960407275716	28.616676155911346		-2.4442512689890172	182.7747998046875	157.05340042114258	Y	Y	강한 상승추세	
TJX	TJX COMPANIES INC /DE/	0000109198	S&P 500	보류	PEG=보통, PEGY=불리(<1)	135.1199951171875	4.87	2026	1.4	6230000000.0	0.0	6230000000.0	1870000000.0	999000000.0	10190000000.0					3.8652482269503547	2.979609929078014	26.95169340661954	27.133549319940347	14.319248826291089	17.920914155588186		37.138497652582174	44.34182831117637		180.8644835680752	215.94470387542893		33.8547144049363	59.81698614490283		3년	44.34182831117637	215.94470387542893	59.81698614490283	0.5832378911831315	0.7168719925718219		4.35904255319149	3.2260529238555393	3년	0.7168719925718219	불리(<1)	3년	17.920914155588186	1.5039240282402295	보통	Y		1128000000.0	-11.541738057487727	-15.51832371223798		-19.767239368816547	153.05059997558592	155.05855018615722	N	N	주의	단기위험부채 존재
MCK	MCKESSON CORP	0000927653	S&P 500	보류	PEG=보통, PEGY=안심	893.3900146484375	38.38	2026	42.0	3975000000.0		3975000000.0	3072000000.0	0.0	-2172000000.0					7.2763900080580175	7.2763900080580175	23.087900589900453	23.087900589900453	49.22239502332816	15.31382381030486	56.03117347520965	106.94479004665632	39.12764762060972	120.5623469504193	4104.54104199067	1501.719115679001	4627.182875957093	359.43439871620564	68.09222076093499	417.9353697811318	3년	39.12764762060972	1501.719115679001	68.09222076093499	3.951090947750892	2.4824181647497285	4.2459977291349	46.08380338436744	5.158307416554473	3년	2.4824181647497285	안심	3년	15.31382381030486	1.5076509221925565	보통	Y		124100000.0	21.579435200959928	-9.845097770503008		-10.274280904913358	832.1156018066406	841.6973999023437	Y	Y	상승전환	
EW	Edwards Lifesciences Corp	0001099800	S&P 500	보류	PEG=보통, PEGY=판정불가	90.20999908447266	1.83	2025		2938000000.0	1288300000.0	4226300000.0	598300000.0	0.0	10337600000.0	3359600000.0	75.47235931431241	24.527640685687587	3.0770329801166807	6.193240013656538	6.193240013656538	45.91079730645689	45.91079730645689	181.53846153846155	-9.143970358393016	30.15204668909448	371.5769230769231	-9.787940716786032	68.80409337818895	679.9857692307693	-17.91193151171844	125.91149088208579	653.7809290897237	-119.85581608857538	39.57598066726755	5년	68.80409337818895	125.91149088208579	39.57598066726755				2.278934790030727	2.5262551969396787	판정불가		판정불가	5년	30.15204668909448	1.5226428169157122	보통	Y		585800000.0	2.3253123153446076	3.47556637840134		-5.221686493767386	89.3883999633789	84.82729999542236	Y	Y	강한 상승추세	
ZTS	Zoetis Inc.	0001555280	S&P 500	제외	PEG=보통, PEGY=불리(<1)	77.33999633789062	6.02	2025	2.83	1564000000.0	0.0	1564000000.0	9042000000.0	0.0	3331000000.0	12136000000.0	21.53617378935799	78.46382621064201	0.2744726433750824	-16.84860364775198	-16.84860364775198	15.645946841468874	15.645946841468874	10.05484460694698	10.268140283428306	11.973196718056611	28.60968921389396	29.03628056685661	32.446393436113226	172.23032906764163	174.79840901247678	195.3272884854016	122.69244533602604	126.01295227478448	152.55663011934527	3년	29.03628056685661	174.79840901247678	126.01295227478447	0.8235260376058727	0.8371586850028326	0.946136201793899	5.1438034404677415	6.650896927890951	3년	0.8371586850028326	불리(<1)	3년	10.268140283428306	1.523737152940906	보통	N	주당순현금<=0	443835000.0	-0.2836529494949058	-40.027921594723225		-50.5498725344713	75.67279937744141	104.1359502029419	Y	N	주의	
ESS	ESSEX PROPERTY TRUST, INC.	0000920522	S&P 500	제외	PEG=보통, PEGY=불리(<1)	284.0299987792969	10.4	2025	3.69	76241000.0		76241000.0	638959000.0		5541372000.0	7422114000.0	42.74600211702315	57.25399788297685	0.7466029220246415	-8.737930546901023	-8.737930546901023	28.150762435211334	28.150762435211334	-9.878682842287684	18.3737118876667	3.6579731144279037	-11.257365684575369	45.2474237753334	15.815946228855807	-117.07660311958384	470.5732072634674	164.4858407801004	-141.21980200075882	65.67729087979977	-42.08856758545679	3년	45.2474237753334	470.5732072634674	65.67729087979977	-0.21984068305541882	0.7837696026331823	0.261022170583805			3년	0.7837696026331823	불리(<1)	3년	18.3737118876667	1.5321216859891793	보통	N	주당순현금<=0 | FCF<=0	64399459.0	2.563827065069124	10.936218464046688		-4.793345770323631	289.30759765625	266.4269995880127	N	Y	상승전환	
SBAC	SBA COMMUNICATIONS CORP	0001034054	S&P 500	제외	PEG=보통, PEGY=불리(<1)	190.9499969482422	3.47	2025	2.69	264568000.0	6648000.0	271216000.0	10964466000.0	1935802000.0	-4853519000.0					-99.44156677485051	-117.44350106478942	83.68632960319674	88.87420692018202	115.527950310559	54.54935861402714	29.8495127277137	239.555900621118	117.59871722805428	68.1990254554274	831.2589751552796	408.06754878134836	236.6506183303331	335.32809030659257	113.70387813724705	23.933292543847617	3년	117.59871722805428	408.06754878134836	113.70387813724703	1.412631559671643	0.683975015817167	0.3888270985476548	9.917969367542987	5.19401389162174	3년	0.683975015817167	불리(<1)	3년	54.54935861402714	1.5341395706470715	보통	N	주당순현금<=0	107533000.0	-6.419997994409621	-4.006636484047266		-14.65921924100908	182.87019927978517	193.200249710083	Y	N	주의	단기위험부채 존재
GNRC	GENERAC HOLDINGS INC.	0001474735	S&P 500	제외	PEG=보통, PEGY=불리(<1)	183.8000030517578	2.69	2025	5.9847659506852215	341413000.0		341413000.0	1193750000.0	50618000.0	2632422000.0	2934633000.0	47.28571928964237	52.71428071035763	0.8970191502651268	-14.379177897293332	-15.233118564899213	73.67255797362496	73.99000803593198	-50.09276437847866	47.98739628823825	6.42832098504873	-91.68552875695732	104.4747925764765	21.35664197009746	-246.6340723562152	281.03719203072177	57.449366899562165	-234.18610895602833	52.90380161287707	-68.74354409918888	3년	104.4747925764765	281.03719203072177	52.90380161287707	-0.5987032300898831	0.7325951985846032	0.168489968003797	4.523398856608908	2.4610439507637687	3년	0.7325951985846032	불리(<1)	3년	47.98739628823825	1.5352480791228542	보통	N	주당순현금<=0	59275781.0	-31.73884112544417	-20.21876935663256		-37.808757617390285	226.7522003173828	207.74765029907226	N	N	주의	단기위험부채 존재
NEM	NEWMONT Corp /DE/	0001164727	S&P 500	제외	PEG=보통, PEGY=안심	127.9800033569336	6.39	2025	79.0	7647000000.0	594000000.0	8241000000.0	5115000000.0	0.0	33867000000.0	23079000000.0	59.47213149299336	40.52786850700664	1.4674379305862473	2.82129963898917	2.82129963898917	19.586651599052335	19.586651599052335	118.83561643835617		12.729803073711565	246.17123287671234		33.95960614742313	1573.0341780821918		217.0018832820338	1129.124970168216		69.55921049386129	5년	33.95960614742313	217.0018832820338	69.55921049386129	10.100532775491248		4.683281499638752			5년	4.683281499638752	안심	5년	12.729803073711565	1.5386452944822775	보통	N	FCF<=0	1108000000.0	18.291894323826497	-0.5826088677831187		-5.298206352710178	104.36040008544921	107.57735000610352	Y	Y	상승전환	
HOOD	Robinhood Markets, Inc.	0001783879	S&P 500	제외	PEG=보통, PEGY=판정불가	104.26000213623047	2.05	2025		4261000000.0		4261000000.0			7972000000.0	28986000000.0	21.570431300395043	78.42956869960496	0.2750293245014835	4.637662377147143	4.637662377147143	48.59626329711382	48.59626329711382	31.410256410256395			71.32051282051279			146.2070512820512			40.23311748163112			1년	71.32051282051279	146.2070512820512	40.23311748163112						판정불가		판정불가	1년	31.410256410256395	1.5471463417040328	보통	N	FCF<=0	918781846.0	14.91237548627613	32.343239085743235		-31.614851406964174	101.36600021362305	95.40997497558594	Y	Y	강한 상승추세	
ISRG	INTUITIVE SURGICAL INC	0001035267	S&P 500	제외	PEG=보통, PEGY=판정불가	372.6000061035156	7.87	2025		3368000000.0	2566900000.0	5934900000.0			17824000000.0	2517000000.0	87.62597709060518	12.374022909394819	7.0814461660707195	16.3631100082713	16.3631100082713	45.26517104132711	45.26517104132711	22.58566978193147	29.189521389942357	21.11377974023332	53.67133956386294	66.87904277988471	50.72755948046664	422.3934423676013	526.3380666776927	399.22589311127246	13.363777629743812	41.26088514648754	7.1459706311329585	3년	66.87904277988471	526.3380666776927	41.26088514648754						판정불가		판정불가	3년	29.189521389942353	1.550733581295507	보통	N	FCF<=0	362700000.0	-9.620143288857097	-24.91687534437972		-37.151046394956836	384.2123992919922	468.56684982299805	N	N	주의	
MMM	3M CO	0000066740	S&P 500	제외	PEG=보통, PEGY=불리(<1)	174.33999633789062	6.0	2025	1.74	2398000000.0	404000000.0	2802000000.0	10932000000.0	1670000000.0	4702000000.0	32986000000.0	12.476119719804712	87.52388028019529	0.1425453222579276	-15.019397746166636	-18.10456308886015	31.559899014009545	32.07409323779179	351.12781954887214	-16.156804116139433	20.313637898738858	710.7556390977443	-23.813608232278867	49.127275797477715	4264.533834586466	-142.8816493936732	294.7636547848663	2346.1018264112595	-181.9557487638995	69.07402832198126	5년	49.127275797477715	294.7636547848663	69.07402832198126	11.180891909452338	-0.45680767577043785	0.6987867067936172	2.5789765379641603	1.4792799083038937	5년	0.6987867067936172	불리(<1)	5년	20.313637898738858	1.5536310714669623	보통	N	주당순현금<=0	541300000.0	15.510504736058216	7.977201219153196		-5.136577703835354	171.04619903564452	160.8616500854492	Y	Y	강한 상승추세	단기위험부채 존재
VMC	Vulcan Materials CO	0001396009	S&P 500	제외	PEG=보통, PEGY=안심	274.510009765625	8.11	2025	76.0	183300000.0	0.0	183300000.0	4361700000.0	0.0	8525100000.0	8151500000.0	51.120132401088945	48.87986759891105	1.0458320554499172	-31.48756593820648	-31.48756593820648	37.73089712747614	37.73089712747614	18.394160583941606	23.456661319602468	56.64065143238312	45.28832116788321	55.413322639204935	121.78130286476625	367.28828467153284	449.402046603952	987.6463662332542	33.79777480067898	63.71062278845452	259.78519219627026	3년	55.413322639204935	449.402046603952	63.710622788454515	2.5017735535157084	2.6359474301282066	3.5154385803297648	8.555388093443858	3.116603325593991	3년	2.635947430128206	안심	3년	23.456661319602468	1.6085365522988924	보통	N	주당순현금<=0	132700000.0	-2.503902491156129	-10.349445192046458		-16.90831073558846	286.64180053710936	288.9804498291016	N	N	주의	
GRMN	GARMIN LTD	0001121788	S&P 500	보류	PEG=보통, PEGY=불리(<1)	285.19000244140625	8.59	2025	1.45	2278646000.0	167989000.0	2446635000.0			8972564000.0					12.63653313775721	12.63653313775721	31.729158242566825	31.729158242566825	17.671232876712327	19.45038186480894	37.78102526893068	43.842465753424655	47.40076372961788	84.06205053786135	376.60678082191777	407.1725604374176	722.093014120229	32.05469252004847	42.77238225455442	153.19716958471807	3년	47.40076372961788	407.1725604374176	42.77238225455442	0.6026391475793988	0.658712144363466	1.2364344798879534	7.039258119163706	2.468269595323545	3년	0.658712144363466	불리(<1)	3년	19.45038186480894	1.6312871625401633	보통	Y		193616000.0	20.43496569511096	11.76908541632704		-8.931536880067847	268.36499908447263	236.3062001800537	Y	Y	강한 상승추세	
PNR	PENTAIR plc	0000077360	S&P 500	제외	PEG=보통, PEGY=불리(<1)	61.66999816894531	3.96	2025	1.71	82500000.0		82500000.0	1638600000.0	3694000.0	4663800000.0	2999600000.0	60.85810475767936	39.14189524232064	1.5548073076410187	-9.402416918429003	-9.424737160120847	17.947579567518765	17.953215992188422	5.882352941176464	10.942784716109877	45.36942418564116	20.264705882352928	30.385569432219754	99.23884837128232	80.24823529411759	120.32685495159022	392.98583955027794	30.12524351675363	95.11408873720757	537.2399079268513	3년	30.385569432219754	120.32685495159022	95.11408873720755	0.42302935126232727	0.7049855758270981	2.6231628620744343	4.507552870090635	7.309150322563927	3년	0.7049855758270981	불리(<1)	3년	10.942784716109877	1.640129092651936	보통	N	주당순현금<=0	165500000.0	-12.895486566770453	-37.14839335234979		-45.226041233832845	68.47660011291504	86.8644001197815	N	N	주의	단기위험부채 존재
ALL	ALLSTATE CORP	0000899051	S&P 500	제외	PEG=보통, PEGY=불리(<1)	260.5799865722656	14.37	2025	1.68	678000000.0	4887000000.0	5565000000.0	7490000000.0		30610000000.0	89169000000.0	25.555397857721303	74.4446021422787	0.3432807365788559	-7.207038562336204	-7.207038562336204	18.635144407418363	18.635144407418363	103.25318246110325		11.203898286185531	215.0063649222065		30.907796572371062	3089.6414639321074		444.1450367449721	1085.6787255897987		70.44479992011938	5년	30.907796572371062	444.1450367449721	70.44479992011938	5.630929397001666		0.6913763588038873	36.997379258704605	14.198089325806404	5년	0.6913763588038873	불리(<1)	5년	11.203898286185531	1.6632732582368763	보통	N	주당순현금<=0	267100000.0	25.75646837949104	22.476026179768137		-5.281523591638814	253.5633999633789	220.51360023498535	Y	Y	강한 상승추세	
CHD	CHURCH & DWIGHT CO INC /DE/	0000313927	S&P 500	제외	PEG=보통, PEGY=불리(<1)	101.26000213623047	3.02	2025	1.2	409000000.0		409000000.0	2205100000.0	0.0	4002200000.0	4910200000.0	44.90597369956465	55.09402630043535	0.8150788155268625	-7.352026197298404	-7.352026197298404	35.96424779255923	35.96424779255923	27.426160337552734	21.59038130727984	38.621625217033674	63.35232067510547	51.680762614559676	85.74325043406735	191.3240084388185	156.07590309597023	258.9446163108834	88.94331858834067	54.13381375006592	155.72250725662778	3년	51.680762614559676	156.07590309597023	54.13381375006592	0.7959616033864415	0.6336954810992883	1.1072558905367267	4.474007367990176	4.418336237017906	3년	0.6336954810992883	불리(<1)	3년	21.590381307279838	1.6657532482037645	보통	N	주당순현금<=0	244300000.0	6.253933781340759	-2.5877776729046897		-3.8001139262975547	99.0184001159668	94.5556498336792	Y	Y	상승전환	
CME	CME GROUP INC.	0001156375	S&P 500	보류	PEG=보통, PEGY=불리(<1)	285.79998779296875	11.16	2025	1.85	4416900000.0	125000000.0	4541900000.0		0.0	28728200000.0	169696000000.0	14.478173529236857	85.52182647076314	0.16929214595511974	12.605534123393744	12.605534123393744	24.479789755338263	24.479789755338263	15.408479834539815	14.67730855550884	56.73155320469705	39.31695966907963	37.854617111017674	121.9631064093941	438.77726990692867	422.45752695895726	1361.1082675288383	53.525993228794476	47.81579601220351	376.24504047033565	3년	37.854617111017674	422.45752695895726	47.81579601220351	0.7050093161350085	0.675140951809227	2.3930578567130985	11.63886653159779	4.072381745526488	3년	0.675140951809227	불리(<1)	3년	14.677308555508839	1.6678663981721809	보통	Y		360310000.0	10.878327500390705	-12.45481980223121		-12.45481980223121	253.99200225830077	278.7542998504639	Y	Y	상승전환	
AXP	AMERICAN EXPRESS CO	0000004962	S&P 500	제외	PEG=보통, PEGY=불리(<1)	333.20001220703125	15.38	2025	1.13	654000000.0	742000000.0	1396000000.0	56387000000.0	1371000000.0	33474000000.0	266578000000.0	11.156066281844481	88.84393371815553	0.12556925177621558	-79.01005747126437	-80.97988505747126	26.801695037600492	26.929772253868823	9.77872947894362	16.01301181321386	54.27257678866031	28.05745895788724	40.52602362642772	117.04515357732062	431.52371877230576	623.2902433744584	1800.1544620191912	29.50891445471551	87.06189091829381	440.26242379027263	3년	40.52602362642772	623.2902433744584	87.06189091829381	0.40701640189695476	0.6396241651568558	2.0671295868017014	22.992816091954023	6.900604816805232	3년	0.6396241651568558	불리(<1)	3년	16.01301181321386	1.6737447864419772	보통	N	주당순현금<=0	696000000.0	6.27033333109468	8.382402545358447		-13.4298112380547	342.6121984863281	337.94144958496094	N	N	중립/개선	단기위험부채 존재
LIN	LINDE PLC	0001707925	S&P 500	제외	PEG=보통, PEGY=불리(<1)	489.510009765625	14.61	2025	1.32	5056000000.0		5056000000.0	20683000000.0	4510000000.0	38245000000.0	47076000000.0	44.824837964862105	55.175162035137895	0.812409720452035	-33.0943783818126	-42.6455172121687	35.770320886203805	36.424060710321264	7.268722466960355	21.083080176239765	25.40817902227086	23.03744493392071	50.66616035247953	59.31635804454172	336.57707048458155	740.2326027497259	866.6119910307546	-31.242045357615254	51.21909419260815	77.03662310106469	3년	50.66616035247953	740.2326027497259	51.21909419260815	0.24010750404738262	0.6263035841224553	0.7472166410612102	10.7773271635659	2.201656135433478	3년	0.6263035841224553	불리(<1)	3년	21.083080176239765	1.6966363826911917	보통	N	주당순현금<=0	472195000.0	-1.5882257771902109	-3.89327103994217		-10.451120179988049	504.62420043945315	478.98600006103516	N	Y	중립/개선	단기위험부채 존재
EL	ESTEE LAUDER COMPANIES INC	0001001250	S&P 500	보류	PEG=보통, PEGY=불리(<1)	103.38999938964844	0.5	2026	1.32	2181000000.0	534000000.0	2715000000.0	1080100000.0	1000000000.0	5590000000.0	8745000000.0	38.99546564352982	61.004534356470174	0.6392224128073185	4.4816337719298245	1.740405701754386	197.81673123543723	203.2991873757881	115.87301587301589	-43.62040735317784	-42.25870639790483	240.24603174603178	-78.74081470635568	-76.01741279580966	120.12301587301589	-39.37040735317784	-38.00870639790483	16.18436655590385	-138.0795121245737	-136.76245925358842	1년	240.24603174603178	120.12301587301589	16.18436655590385	0.5924322737571438	-0.2138363478609542	-0.20695269880473588	3.607456140350877	3.4891731904895056	1년	0.5924322737571438	불리(<1)	1년	115.87301587301589	1.7071854887441842	보통	Y		364800000.0	20.81093383680086	3.193928406293467		-13.560740020010819	86.6913995361328	91.96149990081787	Y	Y	상승전환	단기위험부채 존재
CPT	CAMDEN PROPERTY TRUST	0000906345	S&P 500	제외	PEG=보통, PEGY=불리(<1)	106.3499984741211	3.54	2025	4.01	25203000.0	0.0	25203000.0	3900800000.0		4362523000.0	4604736000.0	48.64945910450451	51.35054089549549	0.9473991559993885	-35.741529409594776	-35.741529409594776	40.138849684665495	40.138849684665495	136.0	-16.313493007414216	23.343513504709378	280.5	-24.126986014828432	55.187027009418756	992.97	-85.40953049249265	195.3620756133424	833.6812545809547	-180.3098558701681	83.69729987432135	5년	55.187027009418756	195.3620756133424	83.69729987432135	3.4881418152221966	-0.3065233085669269	0.6814722823299896			5년	0.6814722823299896	불리(<1)	5년	23.343513504709378	1.7194862151564196	보통	N	주당순현금<=0 | FCF<=0	108434000.0	0.25452171795434797	-2.6811862535734865		-9.550946744387257	111.73060012817383	107.24774982452392	N	N	중립/개선	
FAST	FASTENAL CO	0000815556	S&P 500	보류	PEG=보통, PEGY=불리(<1)	49.779998779296875	1.09	2025	1.88	276800000.0	27165000.0	303965000.0	100000000.0	25000000.0	3943600000.0					0.1773093413120836	0.15557652669780128	45.50705453026127	45.526992892292725	-45.49999999999999	-16.762013813238276	26.237828742825165	-82.49999999999999	-25.024027626476553	60.97565748565033	-89.925	-27.276190112859446	66.46346665935887	-280.6448417138152	-154.7934728439636	33.51439993807417	5년	60.97565748565033	66.46346665935887	33.51439993807417	-0.9585327033414912	-0.3270265229612266	0.6178784593524368	0.9132998013505995	1.8346722051958628	5년	0.6178784593524368	불리(<1)	5년	26.237828742825165	1.7344062641885087	보통	Y		1150334204.0	13.162075198702006	7.446572009262642		-4.9637308816341985	48.3997998046875	45.15744993209839	Y	Y	강한 상승추세	단기위험부채 존재
TT	Trane Technologies plc	0001466258	S&P 500	제외	PEG=보통, PEGY=안심	448.9599914550781	12.98	2025	91.0	1763300000.0		1763300000.0	3922100000.0	763300000.0	8579200000.0	12819800000.0	40.0915930650965	59.9084069349035	0.6692148083433439	-9.598932859048466	-12.992885726989773	35.32811435393887	35.589589921576874	15.480427046263348	20.16860829862783	29.821435131157937	39.460854092526695	48.83721659725566	68.14287026231588	512.2018861209965	633.9070714323785	884.4944560048601	14.086309664465112	41.194557086899295	97.00963846204111	3년	48.83721659725566	633.9070714323785	41.194557086899295	3.0140421868961544	3.1467461632645333	3.419979734007147	12.556247220987105	2.7967407920452647	3년	3.1467461632645333	안심	3년	20.16860829862783	1.751638676841298	보통	N	주당순현금<=0	224900000.0	0.10925819632110478	-3.691790865335043		-10.825090558335425	472.8073986816406	443.7561502075195	N	Y	상승전환	단기위험부채 존재
MCO	MOODYS CORP /DE/	0001059556	S&P 500	제외	PEG=보통, PEGY=안심	514.9500122070312	13.67	2025	81.0	2384000000.0	64000000.0	2448000000.0	6994000000.0	129900000.0	4054000000.0	11625000000.0	25.856240831685696	74.1437591683143	0.3487311827956989	-25.26959421901056	-25.99166203446359	39.51862519576019	39.57144654290379	21.403197158081706	22.48000431974093	7.800452654910939	51.30639431616341	53.46000863948186	24.100905309821876	701.3584103019539	730.7983181017171	329.45937558526504	36.199319094292726	41.91636096280076	-36.02109568398093	3년	53.46000863948186	730.7983181017171	41.91636096280076	2.5912641609067966	2.618512253580191	2.247053186061696	14.313507504168983	2.779591642851415	3년	2.618512253580191	안심	3년	22.48000431974093	1.7579456228598989	보통	N	주당순현금<=0	179900000.0	10.932787304056713	10.480584738002886		-4.569962345760703	484.1006018066406	472.75725006103517	Y	Y	강한 상승추세	단기위험부채 존재
PH	Parker-Hannifin Corp	0000076334	S&P 500	제외	PEG=보통, PEGY=안심	995.02001953125	28.48	2026	79.0	501000000.0	8390000.0	509390000.0	8796284000.0	1000000000.0	15404000000.0	15464000000.0	49.90281197356486	50.09718802643515	0.9961200206932229	-64.69081967213114	-72.49722092115535	37.208948005736694	37.48304917318839	5.014749262536871	21.091002216465117	16.36215183053762	18.52949852507374	50.68200443293023	41.22430366107524	527.7201179941002	1443.4234862498529	1174.0681682674228	-46.96386930559376	45.06476833801234	17.99442676746561	3년	50.68200443293023	1443.4234862498529	45.06476833801234	2.2579178871056467	2.6899712994044758	2.562882235096653	30.483996877439502	3.063656637963967	3년	2.689971299404476	안심	3년	21.091002216465114	1.7642095725867777	보통	N	주당순현금<=0	128100000.0	20.85752876039917	-1.6205054378022332		-7.3425997508509315	991.337802734375	933.0848986816407	Y	Y	상승전환	단기위험부채 존재
KDP	Keurig Dr Pepper Inc.	0001418135	S&P 500	제외	PEG=보통, PEGY=불리(<1)	32.18000030517578	1.53	2025	2.89	1026000000.0		1026000000.0	13036000000.0	0.0	25516000000.0	29943000000.0	46.0087632304946	53.9912367695054	0.8521524229369135	-8.812738479600823	-8.812738479600823	26.79263972861216	26.79263972861216	45.714285714285715	14.847977704937376	38.520495126762675	99.92857142857143	38.195955409874756	85.54099025352535	152.8907142857143	58.439811777108375	130.8777150878938	375.1109783585788	81.60289379397243	306.70513936211375	3년	38.195955409874756	58.439811777108375	81.60289379397243	1.8140909670195975	0.662046662240406	1.545592205404828	1.1043439976518932	3.4317712466717163	3년	0.662046662240406	불리(<1)	3년	14.847977704937376	1.8044638981174412	보통	N	주당순현금<=0	1362800000.0	6.55628970932387	7.3740441857018		-3.9402975964902054	31.182600059509276	28.99910002708435	Y	Y	강한 상승추세	
WAB	WESTINGHOUSE AIR BRAKE TECHNOLOGIES CORP	0000943452	S&P 500	제외	PEG=보통, PEGY=보통	292.2300109863281	6.83	2025	42.0	473000000.0		473000000.0	4291000000.0	1250000000.0	11142000000.0	10879000000.0	50.59715725898006	49.40284274101994	1.0241750160860372	-22.314436002337814	-29.62010520163647	46.053359734797354	47.123003834255435	13.079470198675496	25.44351122642632	25.77438254899549	34.65894039735099	59.387022452852634	60.04876509799098	236.72056291390726	405.61336335298347	410.1330656192784	-18.99512233020374	38.7993526003597	40.34597755206817	3년	59.387022452852634	405.61336335298347	38.7993526003597	1.1959924425895494	1.464464517134172	1.4716490379698834	8.760958503798948	2.9979667297787653	3년	1.464464517134172	보통	3년	25.443511226426317	1.810023755171224	보통	N	주당순현금<=0	171100000.0	14.147884785388754	10.831719992467548		-4.434414853224911	282.75580017089845	252.31434989929198	Y	Y	강한 상승추세	단기위험부채 존재
BALL	BALL Corp	0000009389	S&P 500	제외	PEG=보통, PEGY=불리(<1)	63.77000045776367	3.3	2025	1.26	1212000000.0		1212000000.0	6337000000.0	2000000.0	5421000000.0	14103000000.0	27.76582667486171	72.2341733251383	0.3843863007870666	-18.570724566260346	-18.577971678286204	24.951734855764855	24.953930950318146	3099.9999999999995	13.617128057248994	13.396657763302722	6208.499999999999	35.73425611449799	35.29331552660544	20488.049999999996	117.92304517784335	116.46794123779794	32028.038031879423	84.91931053998734	82.63751043084486	3년	35.73425611449799	117.92304517784335	84.91931053998734	124.29035567775296	0.5962362193750139	0.5874003490349067	2.855362138187932	4.477594664718724	3년	0.5962362193750139	불리(<1)	3년	13.617128057248994	1.8323786594987592	보통	N	주당순현금<=0	275972000.0	18.75232691202107	-3.9897587838547244		-5.888432043501057	62.59300003051758	58.70974977493286	Y	Y	상승전환	단기위험부채 존재
ALLE	Allegion plc	0001579241	S&P 500	제외	PEG=보통, PEGY=불리(<1)	157.47999572753906	7.44	2025	1.33	356200000.0		356200000.0	1979900000.0	200000.0	1318300000.0	3156100000.0	29.463168246021816	70.53683175397819	0.41769905896517856	-18.749422632794456	-18.75173210161663	23.68674977961472	23.68706019209082	9.090909090909092	12.754839878198432	17.023921536797502	26.681818181818183	34.009679756396864	42.547843073595004	198.5127272727273	253.03201738759267	316.55595246754683	26.055837349767398	60.67565675158582	101.01343729728688	3년	34.009679756396864	253.03201738759267	60.67565675158582	0.43994677141722205	0.5946294873398005	0.7748602787450917	7.98729792147806	5.071944461629988	3년	0.5946294873398005	불리(<1)	3년	12.754839878198432	1.8570793522937092	보통	N	주당순현금<=0	86600000.0	20.952380505923806	-3.0892333984374964		-12.399181184386554	150.50300048828126	151.3258504486084	Y	Y	상승전환	단기위험부채 존재
ABBV	AbbVie Inc.	0001551152	S&P 500	제외	PEG=보통, PEGY=불리(<1)	255.47999572753906	1.02	2025	2.68	5229000000.0	28000000.0	5257000000.0	64503000000.0	2499000000.0	-3270000000.0					-33.41567963902989	-34.82515510434292	283.23105428095	284.6128929724333	5200.0	-9.58502599188228	152.18545481323272	10408.5	-10.670051983764559	312.87090962646545	10616.67	-10.88345302343985	319.12832781899476	4055.5778055211517	-104.26000203751636	24.913235147903535	5년	312.87090962646545	319.12832781899476	24.913235147903535	18.369030942628278	-0.024379480595488886	0.5467813379659087	10.048505358150027	3.9331867567691776	5년	0.5467813379659087	불리(<1)	5년	152.18545481323272	1.8610914862300143	보통	N	주당순현금<=0	1773000000.0	19.983095155855636	9.058312011564528		-3.944055887889175	251.76820007324218	227.65079948425293	Y	Y	강한 상승추세	단기위험부채 존재
SBUX	STARBUCKS CORP	0000829224	S&P 500	제외	PEG=보통, PEGY=불리(<1)	107.8499984741211	1.63	2025	2.29	6455700000.0	247200000.0	6702900000.0	14575900000.0	0.0	-8096600000.0	40108900000.0	-25.292153328564332	125.29215332856434	-0.201865421390265	-6.9073521670468505	-6.9073521670468505	70.40328260194353	70.40328260194353	-50.755287009063444	-16.7980082334351	37.63685261204004	-93.01057401812689	-25.096016466870203	83.77370522408008	-151.60723564954682	-40.90650684099843	136.55113951525053	-240.5723113532778	-137.9290750299028	26.612092208806427	5년	83.77370522408008	136.55113951525053	26.612092208806427	-0.6883952738835153	-0.20607005379937496	0.5671163493580884	2.142481137041586	1.9865379391318958	5년	0.5671163493580884	불리(<1)	5년	37.63685261204004	1.870594316896241	보통	N	주당순현금<=0	1139800000.0	11.750073657529757	11.461343626550136		-0.6448683168649438	105.02360046386718	97.13840026855469	Y	Y	강한 상승추세	
CFG	CITIZENS FINANCIAL GROUP INC/RI	0000759944	S&P 500	제외	PEG=보통, PEGY=불리(<1)	69.70999908447266	3.86	2025	2.61	4074000000.0		4074000000.0	11224000000.0	58000000.0	26317000000.0	200034000000.0	11.626632972684018	88.37336702731598	0.13156263435216015	-16.365648187670065	-16.49840449464697	22.299390485011067	22.333783310652752	27.392739273927397	-1.9905807112054583	11.698377840871576	63.285478547854794	4.518838577589083	31.89675568174315	244.2819471947195	17.44271690949386	123.12147693152856	250.42597963414886	-74.97817079532987	76.61953600420128	5년	31.89675568174315	123.12147693152856	76.61953600420128	1.3454510917728568	0.027777408948056005	0.64164883118618	4.772360345635256	6.846019808223268	3년	0.027777408948056	불리(<1)	5년	11.698377840871576	1.906195097161409	보통	N	주당순현금<=0	436890731.0	14.69233380145698	14.110327239080235		-6.71752180778562	71.39000015258789	63.55235008239746	N	Y	상승전환	단기위험부채 존재
MS	MORGAN STANLEY	0000895421	S&P 500	제외	PEG=보통, PEGY=불리(<1)	214.77000427246094	10.21	2025	2.14	111695000000.0		111695000000.0	341681000000.0	941000000.0	111632000000.0	1307618000000.0	7.865562797252069	92.13443720274793	0.08537049811183388	-144.46356783919597	-145.05464824120602	35.184483066763654	35.24237536862555	28.427672955974852	18.408680655257537	41.34141455266054	65.35534591194971	45.317361310515075	91.18282910532108	667.2780817610067	462.690258980359	930.9766851653283	210.69426292625394	115.435232935686	333.4761217326584	3년	45.317361310515075	462.690258980359	115.43523293568599	0.8687827784188769	0.5840267886348017	1.2358122320613094			3년	0.5840267886348017	불리(<1)	3년	18.408680655257537	1.9112984643315507	보통	N	주당순현금<=0 | FCF<=0	1592000000.0	1.7819107452292648	28.60479297752152		-6.029314633689253	216.50839965820313	189.69544944763183	N	Y	상승전환	단기위험부채 존재
HRL	HORMEL FOODS CORP /DE/	0000048465	S&P 500	제외	PEG=보통, PEGY=불리(<1)	21.56999969482422	0.87	2025	5.5	670679000.0	32909000.0	703588000.0	2850778000.0	185000000.0	7901171000.0					-3.900464308550834	-4.236524879381503	29.27639540617822	29.662671924374393	-40.816326530612244	-21.81034655991424	15.135740743060389	-73.13265306122449	-35.12069311982848	38.77148148612078	-63.625408163265305	-30.55500301425078	33.731188892925076	-394.9717620002211	-241.65509247356428	56.38010834566201	5년	38.77148148612078	33.731188892925076	56.38010834566201	-1.2063071987051865	-0.5571159404573507	0.7048593399823262	0.970668270069174	4.500084764962183	5년	0.7048593399823262	불리(<1)	5년	15.135740743060389	1.9342558717914884	보통	N	주당순현금<=0	550496000.0	-7.623129154456432	-13.094278968414862		-18.634479409304706	24.746799926757813	23.45344997406006	N	N	주의	단기위험부채 존재
O	REALTY INCOME CORP	0000726728	S&P 500	제외	PEG=보통, PEGY=불리(<1)	61.97999954223633	1.17	2025	5.26	434842000.0		434842000.0	3975000000.0	516800000.0	39438695000.0	32671644000.0	54.69215031703013	45.30784968296987	1.2071230636572803	-3.897418790885291	-4.466372501744953	56.30548575480481	56.791770977761786	19.38775510204081	-6.251173723614811	28.805493048681363	47.27551020408162	-4.0023474472296225	66.11098609736273	55.31234693877549	-4.682746513258658	77.34985373391439	-10.757748713626825	-107.55525419142282	24.798086971917854	5년	66.11098609736273	77.34985373391439	24.798086971917854	0.43775050994809156	-0.017603501867137872	0.6050119733808422			5년	0.6050119733808422	불리(<1)	5년	28.805493048681363	1.9546787711513351	보통	N	주당순현금<=0 | FCF<=0	908334000.0	4.080605098754542	-8.25932240675109		-8.25932240675109	63.23399993896484	61.74334981918335	N	Y	상승전환	단기위험부채 존재
TGT	TARGET CORP	0000027419	S&P 500	제외	PEG=보통, PEGY=불리(<1)	163.17999267578125	8.13	2025	2.83	5488000000.0	4611000000.0	10099000000.0	14654000000.0	970000000.0	16165000000.0					-9.997805092186129	-12.126865671641792	21.301082136281348	21.562959206325093	-8.23927765237019	10.780448872111425	-1.2094597080639313	-7.978555304740379	30.06089774422285	6.081080583872137	-64.86565462753929	244.3950986605318	49.43918514688048	-139.75098513236205	49.77025960904109	-69.70266738207906	3년	30.06089774422285	244.3950986605318	49.77025960904109	-0.25394379580165866	0.638955748118038	0.07607783874866443	6.222563652326603	3.8133128640899487	3년	0.638955748118038	불리(<1)	3년	10.780448872111425	1.9758993701446297	보통	N	주당순현금<=0	455600000.0	31.905257362711147	44.19015226295113		-3.9496184224932285	144.21479904174805	120.68379985809327	Y	Y	강한 상승추세	단기위험부채 존재
TXN	TEXAS INSTRUMENTS INC	0000097476	S&P 500	제외	PEG=보통, PEGY=불리(<1)	258.6400146484375	5.45	2025	2.13	3225000000.0	1656000000.0	4881000000.0	13548000000.0	0.0	16273000000.0	18312000000.0	47.05219025589128	52.94780974410872	0.888652249890782	-9.49288061336254	-9.49288061336254	49.198696378311936	49.198696378311936	4.8076923076923075	-16.644237941707228	24.802935181675736	18.115384615384613	-24.788475883414456	58.10587036335147	98.72884615384615	-135.0971935646088	316.67699348026554	-61.82769851446008	-152.2336784384438	22.439288410463543	5년	58.10587036335147	316.67699348026554	22.439288410463543	0.14101374260702204	-0.2950126529796729	0.5474318867023572	2.8510405257393208	1.1023199676255293	5년	0.5474318867023572	불리(<1)	5년	24.802935181675736	1.9835836370954856	보통	N	주당순현금<=0	913000000.0	-11.787174665664956	23.26756535127794		-22.162027326770172	285.892197265625	236.96970001220703	N	Y	중립/개선	
STX	Seagate Technology Holdings plc	0001137789	S&P 500	제외	PEG=불리, PEGY=불리(<1)	829.760009765625	6.77	2027	35.0	891000000.0	411000000.0	1302000000.0	4995000000.0	0.0	-453000000.0	8476000000.0	-5.6462669824255265	105.64626698242552	-0.05344502123643228	-17.018433179723502	-17.018433179723502	125.0780565650441	125.0780565650441	-51.29496402877698	62.4216285007507	-1.6572902196046346	-94.08992805755396	133.3432570015014	5.185419560790731	-636.9888129496403	902.7338499001644	35.105290426553246	-176.76783713999004	8.794571837120913	-95.76922362931552	3년	133.3432570015014	902.7338499001644	8.794571837120913	-0.13027835958022854	0.7788866502741728	0.2665752146784934	3.769585253456221	0.4542982560127214	3년	0.7788866502741728	불리(<1)	3년	62.4216285007507	2.0037615097392063	불리	N	주당순현금<=0	217000000.0	-9.932049478982407	118.63407298310543		-24.156339792037286	875.92419921875	579.6797494506836	N	Y	중립/개선	
KIM	KIMCO REALTY CORP	0000879101	S&P 500	제외	PEG=불리, PEGY=불리(<1)	23.780000686645508	0.45	2020	4.7	211648000.0	223991000.0	435639000.0	7718700000.0		10391836000.0	9120372000.0	53.258124349637924	46.74187565036207	1.1394092258517525	-10.785262091668777	-10.785262091668777	76.81169506292063	76.81169506292063	104.54545454545455	38.33153542625083	-12.352677767919173	217.5909090909091	85.16307085250166	-16.205355535838347	97.9159090909091	38.32338188362575	-7.292409991127256	311.7573854650778	61.15803522725543	-130.66614710075498	3년	85.16307085250166	38.32338188362575	61.158035227255425	1.4222502765492373	0.5602211406869926	-0.09962907030824472	1.631347931743768	6.860167723459776	3년	0.5602211406869926	불리(<1)	3년	38.33153542625083	2.0038773351697565	불리	N	주당순현금<=0	675279000.0	0.5922220838058712	0.9337912805182924		-9.85594600771601	25.026800003051758	22.95429997444153	N	Y	상승전환	
NFLX	NETFLIX INC	0001065280	S&P 500	제외	PEG=불리, PEGY=판정불가	81.72000122070312	2.53	2025		9033681000.0	28678000.0	9062359000.0	13463971000.0	998865000.0	26615488000.0	28981505000.0	47.87217179173701	52.127828208263	0.9183611410104479	-1.0132943879675764	-1.2432429383707544	32.700907355205814	32.79179611030588	-87.24155320221885	-36.64720009551697	16.282594168366128	-165.9831064044377	-64.79440019103394	41.065188336732255	-419.93725920322737	-163.92983248331586	103.8949264919326	-613.8732904189428	-300.5994004339118	27.135248335766814	5년	41.065188336732255	103.8949264919326	27.135248335766814				2.1780274838317877	2.665231829781228	판정불가		판정불가	5년	16.282594168366128	2.0083352208542564	불리	N	주당순현금<=0	4343863000.0	-4.810713251978605	-15.830668139791825		-35.309714470695454	74.64639938354492	87.68756969451904	Y	N	주의	단기위험부채 존재
AON	Aon plc	0000315293	S&P 500	제외	PEG=불리, PEGY=안심	355.3999938964844	17.02	2025	94.0	1195000000.0	1603000000.0	2798000000.0	14660000000.0		9352000000.0	41236000000.0	18.48659761208192	81.51340238791809	0.22679212338733146	-54.63841547673883	-54.63841547673883	24.09156341793321	24.09156341793321	36.269015212169734	11.921526017460929	15.032502900053736	81.03803042433947	32.343052034921854	38.56500580010747	1379.2672778222577	550.47874563437	656.3763987178291	288.08871736334083	54.88991420599327	84.6866657260013	3년	32.343052034921854	550.47874563437	54.88991420599327	5.407246219446284	4.396623173845803	4.525754556007454	14.822662367572548	4.170698543087165	3년	4.396623173845803	안심	3년	11.921526017460927	2.0208456016995955	불리	N	주당순현금<=0	217100000.0	10.9203800862828	5.210185535679268		-6.782776899428233	352.43879943847656	337.84494979858397	Y	Y	강한 상승추세	
LH	LABCORP HOLDINGS INC.	0000920148	S&P 500	제외	PEG=불리, PEGY=안심	335.1099853515625	10.46	2025	86.0	532300000.0		532300000.0	5084600000.0	500100000.0	8619800000.0	9756000000.0	46.90843391852327	53.09156608147673	0.8835383353833538	-54.32338902147971	-60.29116945107398	37.230724127441896	37.801257629315145	18.325791855203633		-8.010928076671341	45.151583710407266		-7.521856153342682	472.28556561086003		-78.67861536396447	40.934495018221305		-123.47844552630178	1년	45.151583710407266	472.28556561086003	40.934495018221305	2.8021424320970305		2.094750337285133	14.391408114558473	4.294532763462869	5년	2.094750337285133	안심	1년	18.325791855203633	2.031602477077692	불리	N	주당순현금<=0	83800000.0	30.458983813458197	16.97908469424203		-1.2465406471320217	299.5321990966797	273.97195037841794	Y	Y	강한 상승추세	단기위험부채 존재
FICO	FAIR ISAAC CORP	0000814547	S&P 500	제외	PEG=불리, PEGY=불리(<1)	1153.5699462890625	26.54	2025	0.006934993431248211	134136000.0		134136000.0	2656150000.0	399541000.0	-1745784000.0	3613917000.0	-93.4507339680847	193.45073396808473	-0.48307252214148805	-102.68368551769065	-118.9509791946582	47.33434935217608	47.94728430609347	29.7799511002445	23.23712626480905		68.059902200489	54.9742525296181		1806.3098044009782	1459.0166621360643		56.58433285400031	26.47838709994119		3년	54.9742525296181	1459.0166621360643	26.47838709994119	0.629286902668841	0.49106117600350424		31.3458328243964	2.7172893091774197	3년	0.4910611760035042	불리(<1)	3년	23.23712626480905	2.037013906657664	불리	N	주당순현금<=0	24561000.0	-10.210550979640976	-18.043543041418253		-38.62520729318709	1170.9625952148438	1321.6439959716797	N	N	주의	단기위험부채 존재
SCHW	SCHWAB CHARLES CORP	0000316709	S&P 500	보류	PEG=불리, PEGY=불리(<1)	110.16000366210938	4.65	2025	1.17	46030000000.0		46030000000.0	18914000000.0	17050000000.0	49425000000.0	441570000000.0	10.066293954113585	89.93370604588642	0.11193015829879747	14.989496959646214	5.564400221116639	20.466775634938312	22.493678159353273	55.51839464882943	9.933056473764434	52.16529750329273	119.53678929765886	28.36611294752887	112.83059500658545	555.8460702341138	131.90242520600924	524.6622667806224	404.5806570041923	19.73712855946317	376.2729206054712	3년	28.36611294752887	131.90242520600924	19.73712855946317	2.7697765226906634	0.5424917276569294	2.6059452868699746	4.844112769485903	4.397342600263624	3년	0.5424917276569294	불리(<1)	3년	9.933056473764434	2.0604710834974043	불리	Y		1809000000.0	24.137938149630187	15.362871637371644		-3.0708295793333784	103.3081999206543	97.07779991149903	Y	Y	강한 상승추세	단기위험부채 존재
ETN	Eaton Corp plc	0001551182	S&P 500	제외	PEG=불리, PEGY=불리(<1)	402.7799987792969	10.45	2025	1.05	622000000.0	181000000.0	803000000.0	8024000000.0	1000000.0	19425000000.0					-18.458588957055216	-18.461145194274028	40.30991270204326	40.310157318045064	9.999999999999993	19.3940377642204	24.525465160026606	28.499999999999986	47.28807552844079	57.55093032005321	297.8249999999998	494.16038927220626	601.407221844556	-26.057649113010473	22.687420122611712	49.3140731087039	3년	47.28807552844079	494.16038927220626	22.687420122611712	0.2741261208298246	0.5071714720727766	0.6344708645010342	9.082310838445808	2.2549061189660655	3년	0.5071714720727766	불리(<1)	3년	19.394037764220396	2.078469331250353	불리	N	주당순현금<=0	391200000.0	0.6748681007925361	6.724961656934703		-12.431514422568146	417.24000061035156	380.01010116577146	N	Y	상승전환	단기위험부채 존재
VLTO	Veralto Corp	0001967680	S&P 500	보류	PEG=불리, PEGY=안심	98.55999755859375	3.76	2025	53.0	2031000000.0		2031000000.0	1973000000.0	700000000.0	3105000000.0					0.2317219336795845	-2.5649220934878145	26.151137134285683	26.894925439383396	12.574850299401197			33.6497005988024			126.522874251497			28.371425918795666			1년	33.6497005988024	126.522874251497	28.371425918795666	2.507533418630148			4.051138633639632	4.110327449258749	1년	2.507533418630148	안심	1년	12.574850299401197	2.079638048297957	불리	Y		250300000.0	17.894736073594085	1.3783134345458858		-9.660862569147943	93.93179946899414	93.45060012817383	Y	Y	강한 상승추세	단기위험부채 존재
ADI	ANALOG DEVICES INC	0000006281	S&P 500	제외	PEG=불리, PEGY=불리(<1)	361.7799987792969	4.56	2025	1.17	2499406000.0	1152915000.0	3652321000.0	8145066000.0	446639000.0	33815755000.0					-9.0450243502735	-9.944220861711788	81.32127700209877	81.51846921951946	39.02439024390244	-4.58825332599776		86.54878048780488	-0.6765066519955205		394.6624390243902	-3.0848703330995733		9.089070804368383	-100.85269233885468		1년	86.54878048780488	394.6624390243902	9.089070804368383	0.4942665895773512	-0.04203393566863861		8.613997330428884	2.3810043008164845	1년	0.4942665895773512	불리(<1)	1년	39.02439024390244	2.083857723178781	불리	N	주당순현금<=0	496709000.0	-10.159180365562225	2.658833466649102		-18.788724553928414	383.9086004638672	345.2285011291504	N	Y	중립/개선	단기위험부채 존재
JKHY	JACK HENRY & ASSOCIATES INC	0000779152	S&P 500	보류	PEG=불리, PEGY=불리(<1)	169.72999572753906	6.98	2026	1.44	50992000.0		50992000.0	0.0	0.0	2051949000.0	1093762000.0	65.23005450913959	34.769945490860415	1.8760470742263857	0.7077995086267923	0.7077995086267923	24.21521435801035	24.21521435801035	11.858974358974363	11.613630584727662	11.119848679617505	32.21794871794873	31.727261169455325	30.73969735923501	224.88128205128214	221.45628296279818	214.56308756746037	32.49354133742823	30.47563102416695	26.41435984708922	3년	31.727261169455325	221.45628296279818	30.47563102416695	0.5491991176437836	0.5390673149424153	0.5186759239016494	9.64503143955693	5.682573311932279	3년	0.5390673149424153	불리(<1)	3년	11.613630584727662	2.0850684186437114	불리	Y		72043000.0	21.062767062825614	3.3678434117389244		-11.874355997519936	151.04379928588867	159.88454956054687	Y	Y	상승전환	
MA	Mastercard Inc	0001141391	S&P 500	제외	PEG=불리, PEGY=안심	595.2999877929688	16.52	2025	59.0	10566000000.0		10566000000.0	18251000000.0	749000000.0	7737000000.0	46411000000.0	14.288616384723351	85.71138361527665	0.16670616879619055	-8.48233995584989	-9.309050772626932	36.54856705501324	36.59861008266318	18.9344852411807	17.359895932136805	20.99686615184875	46.3689704823614	43.21979186427361	50.4937323036975	766.0153923686103	713.9909615978	834.1564576570827	28.677206127377296	19.938010455009312	40.12371489367182	3년	43.21979186427361	713.9909615978	19.938010455009312	2.1323540571063426	2.0892719492175766	2.1887825596947956	18.939293598233995	3.1814705168145636	3년	2.0892719492175766	안심	3년	17.359895932136805	2.105344824524793	불리	N	주당순현금<=0	906000000.0	20.201915758297574	14.261034125329886		-0.7601769862880969	548.1495928955078	529.5217471313476	Y	Y	강한 상승추세	단기위험부채 존재
ROK	ROCKWELL AUTOMATION, INC	0001024478	S&P 500	제외	PEG=불리, PEGY=불리(<1)	430.8599853515625	7.67	2025	1.27	468000000.0	300000.0	468300000.0	2614000000.0	608000000.0	3654000000.0					-18.971706454465075	-24.347480106100797	58.64819971395405	59.349082849760535	-7.3671497584541	-1.270785701033128	27.797562094762206	-6.2342995169082	5.958428597933744	64.09512418952441	-47.817077294685895	45.701147346151814	491.60960253365226	-111.09805480211148	-89.39303975771578	14.099619191260192	5년	64.09512418952441	491.60960253365226	14.099619191260192	-0.10396141378920139	-1.339684827428876e-05	0.49562582034118635	12.232537577365164	2.8390980813370175	5년	0.4956258203411863	불리(<1)	5년	27.797562094762206	2.109832492289132	불리	N	주당순현금<=0	113100000.0	-5.660048299175036	4.5396073594938136		-12.971641545305946	458.17860107421876	419.4556997680664	N	Y	중립/개선	단기위험부채 존재
FTNT	Fortinet, Inc.	0001262039	S&P 500	제외	PEG=불리, PEGY=판정불가	166.0	2.42	2025		2495300000.0	775500000.0	3270800000.0	496600000.0	499700000.0	1237500000.0	9151700000.0	11.911408000616024	88.08859199938398	0.1352207786531464	3.628302380329584	2.9747580434213967	67.09574281804562	67.36580246139613	7.079646017699122	31.674951451459886	-3.62054294817038	22.659292035398245	71.84990290291978	1.2589141036592402	54.83548672566375	173.87676502506585	3.046572130855361	-66.96657426164833	4.745039171726417	-98.16471558382207	3년	71.84990290291978	173.87676502506585	4.745039171726417						판정불가		판정불가	3년	31.674951451459886	2.1182587421125536	불리	N	FCF<=0	764600000.0	12.81772508399126	109.64890042965689		-3.924064606550559	157.4443994140625	108.11089988708495	Y	Y	강한 상승추세	단기위험부채 존재
CRH	CRH PUBLIC LTD CO	0000849395	S&P 500	제외	PEG=불리, PEGY=불리(<1)	95.86000061035156	5.51	2025	1.61	4096000000.0		4096000000.0	16478000000.0	120000000.0	24004000000.0	32851000000.0	42.2196816462932	57.7803183537068	0.7306931295850964	-18.289512555391433	-18.466765140324963	20.71679004822922	20.7489593013932	9.76095617529881			28.02191235059762			154.40073705179287			61.06899235208196			1년	28.02191235059762	154.40073705179287	61.06899235208196	0.5488763533745783			4.301329394387001	4.487095104318742	1년	0.5488763533745783	불리(<1)	1년	9.76095617529881	2.122414000859401	불리	N	주당순현금<=0	677000000.0	-10.201404580466921	-18.56948724403097		-27.036080797944738	101.62499969482423	111.93424995422363	N	N	주의	단기위험부채 존재
MDLZ	Mondelez International, Inc.	0001103982	S&P 500	제외	PEG=불리, PEGY=불리(<1)	62.36000061035156	1.89	2025	3.33	4475000000.0		4475000000.0	23095000000.0	2688000000.0	25838000000.0	45596000000.0	36.170451045720526	63.82954895427948	0.5666725151329064	-14.345146379044683	-16.41602465331279	40.58473385682341	41.68043664744146	-44.73684210526316	-1.2049365987475746	18.761141546758097	-80.97368421052632	6.090126802504851	46.022283093516194	-153.0402631578947	11.510339656734168	86.9821150467456	-345.4141463438192	-81.54211105824864	39.483826483970304	5년	46.022283093516194	86.9821150467456	39.483826483970304	-1.020256588384687	0.052361151578554546	0.5443214590168851	2.4922958397534667	3.996625746247593	3년	0.0523611515785545	불리(<1)	5년	18.761141546758097	2.1632337113216016	불리	N	주당순현금<=0	1298000000.0	2.145784422050867	3.176707523606903		-4.046772333999615	61.4207999420166	58.97485012054443	Y	Y	강한 상승추세	단기위험부채 존재
AEP	AMERICAN ELECTRIC POWER CO INC	0000004904	S&P 500	제외	PEG=불리, PEGY=불리(<1)	122.30999755859375	6.66	2025	3.1	197000000.0	220000000.0	417000000.0	44128000000.0	1508000000.0	31138000000.0	82204000000.0	27.472605036085472	72.52739496391453	0.37878935331614033	-81.32765295651676	-84.13340209651417	30.576223801067645	30.99750745572191	19.35483870967742	14.044924681547055	8.545142209229773	47.20967741935484	36.58984936309411	25.590284418459547	314.41645161290324	243.68839675820678	170.4312942269406	157.06520962219716	99.23833016304783	39.343714846608414	3년	36.58984936309411	243.68839675820678	99.23833016304783	0.7343888786192543	0.5607273413843994	0.3808561281142622	12.919842193728178	10.563193893891468	3년	0.5607273413843994	불리(<1)	3년	14.044924681547055	2.1770301012180053	불리	N	주당순현금<=0	537467865.0	-1.1955758510281633	-8.237674454651955		-11.81051596688285	130.19100021362306	126.85945011138917	N	N	주의	단기위험부채 존재
OKE	ONEOK INC /NEW/	0001039684	S&P 500	제외	PEG=불리, PEGY=불리(<1)	94.76000213623047	5.42	2025	4.52	78000000.0		78000000.0	30755000000.0	820000000.0	22485000000.0					-49.01262182457261	-50.32273526122384	26.52631438391201	26.76803273015762	4.835589941972921	12.173263216522322	51.01846065815958	18.17117988394584	32.846526433044644	110.53692131631917	98.48779497098644	178.02817326710198	599.1101135344499	3.933930720470813	87.87269866368526	532.2394470539871	3년	32.846526433044644	178.02817326710198	87.87269866368526	0.3526909093578039	0.6293095593651958	2.0937119214663005	3.909570218884806	4.125759952246797	3년	0.6293095593651958	불리(<1)	3년	12.173263216522322	2.179063568420078	불리	N	주당순현금<=0	625900000.0	11.547975915720476	10.032511744190975		-2.3797234633317066	90.83039993286133	84.2709997177124	Y	Y	강한 상승추세	단기위험부채 존재
J	JACOBS SOLUTIONS INC.	0000052988	S&P 500	제외	PEG=불리, PEGY=보통	151.97999572753906	2.38	2025	95.0	1235448000.0		1235448000.0	2236456000.0	0.0	3640807000.0					-8.209559426565626	-8.209559426565626	67.30653577903558	67.30653577903558	-5.179282868525893	-21.81636262954282	30.86908124949421	-1.8585657370517854	-35.13272525908564	70.23816249898843	-4.423386454183249	-83.61588611662381	167.16682674759247	-102.91050571031283	-155.01769210898354	9.992651300819544	5년	70.23816249898843	167.16682674759247	9.992651300819544	1.3345021563188395	1.0873184382972236	1.870087054587342	4.98205557195814	3.278099560477473	3년	1.0873184382972236	보통	5년	30.86908124949421	2.1803867512298702	불리	N	주당순현금<=0	121932000.0	23.540887558709667	9.314534317733592		-7.5772357874459235	135.86679931640626	132.87194972991944	Y	Y	강한 상승추세	
MO	ALTRIA GROUP, INC.	0000764180	S&P 500	제외	PEG=불리, PEGY=불리(<1)	68.6500015258789	4.12	2025	6.27	4474000000.0		4474000000.0	24140000000.0	0.0	-3502000000.0	38469000000.0	-10.015157148168273	110.01515714816827	-0.0910343393381684	-11.68508615567439	-11.68508615567439	19.4988076896974	19.4988076896974	-37.00305810397553	8.90191356086536	11.413340246469872	-65.50611620795107	26.30382712173072	31.326680492939744	-269.8851987767584	108.37176774153056	129.06592363091175	-493.1321089264944	57.86127506592669	88.00571123404555	3년	26.30382712173072	108.37176774153056	57.86127506592669	-1.5761506340828204	0.7780944251725583	0.9068934125553344	5.3915626856803325	7.853696381416513	3년	0.7780944251725583	불리(<1)	3년	8.90191356086536	2.1904063161675893	불리	N	주당순현금<=0	1683000000.0	0.0	-0.0582339701639456		-8.368922579159044	70.01919998168945	66.10970024108887	N	Y	중립/개선	
TYL	TYLER TECHNOLOGIES INC	0000860731	S&P 500	보류	PEG=불리, PEGY=불리(<1)	377.94000244140625	7.2	2025	0.006173995832478087	1015400000.0	81800000.0	1097200000.0	597934000.0	0.0	3702789000.0	1936119000.0	65.66500109595688	34.334998904043125	1.9124800696651394	11.395645028759244	11.395645028759244	50.9089385295343	50.9089385295343	19.008264462809922	22.991144762697367	41.04203232039028	46.516528925619845	54.482289525394734	90.58406464078055	334.9190082644629	392.2724845828421	652.20526541362	-11.383022146117783	3.792263864330647	72.5684662117063	3년	54.482289525394734	392.2724845828421	3.792263864330647	0.37349901624076026	0.45173439916033964	0.8063064660523034	14.55144709212088	3.8502002958463906	3년	0.4517343991603396	불리(<1)	3년	22.991144762697367	2.2142846324091243	불리	Y		43812000.0	14.586307439514679	6.576055396005631		-33.23794051567971	315.9316027832031	359.9087498474121	Y	Y	상승전환	
NUE	NUCOR CORP	0000073309	S&P 500	제외	PEG=불리, PEGY=안심	250.5	7.52	2025	89.0	2260000000.0	439000000.0	2699000000.0	4233276000.0	122000000.0	20936000000.0	12980000000.0	61.7289774737587	38.271022526241296	1.6129429892141756	-6.641887445887446	-7.170025974025974	34.19439992631482	34.26463111356728	516.3934426229508	15.425826725292405	42.054467881799674	1041.2868852459017	39.351653450584806	92.60893576359935	7830.47737704918	295.92443394839773	696.419196942267	3025.9390726743236	18.133506566226632	178.01165546597488	3년	39.351653450584806	295.92443394839773	18.133506566226632	17.704461664117726	3.0538868045738075	3.832629558179341	-0.8138528138528138	-0.3248913428554147	3년	3.0538868045738075	안심	3년	15.425826725292403	2.216698043823428	불리	N	주당순현금<=0 | FCF<=0	231000000.0	-0.39365599886272973	38.727357722381825		-8.822883852363962	247.13759979248047	203.24379974365235	Y	Y	강한 상승추세	단기위험부채 존재
BX	Blackstone Inc.	0001393818	S&P 500	제외	PEG=불리, PEGY=불리(<1)	142.38999938964844	3.87	2025	3.64	2631241000.0		2631241000.0	12576587000.0		8665526000.0	25827803000.0	25.122324377562975	74.87767562243702	0.3355115415740162	-12.746916027812693	-12.746916027812693	40.08705824740598	40.08705824740598	6.906077348066299	17.923308120835912	20.871508213597355	22.3121546961326	44.346616241671825	50.24301642719471	86.34803867403316	171.62140485526996	194.44047357324354	-39.35807356965931	20.529114116806863	36.55486649814475	3년	44.346616241671825	171.62140485526996	20.529114116806866	0.2630793530165994	0.5379119612058655	0.6114568961962553	5.8284613995335155	4.0933081146970185	3년	0.5379119612058655	불리(<1)	3년	17.923308120835912	2.2365881330134934	불리	N	주당순현금<=0	780215856.0	21.763294353439157	23.463103380708827		-24.53359925960743	130.66620025634765	130.91315036773682	Y	Y	상승전환	
ROST	ROSS STORES, INC.	0000745732	S&P 500	보류	PEG=불리, PEGY=안심	228.5500030517578	6.61	2025	77.0	4594392000.0	0.0	4594392000.0	1017863000.0	499743000.0	6187443000.0					11.024514820477412	9.484076001183665	32.908545874626384	33.141592594640564	4.588607594936709	14.703265747939431	58.06122059198926	17.67721518987342	37.906531495878866	124.62244118397852	116.8463924050633	250.56217318775933	823.7543362260981	-48.87491102828729	9.631227233463036	260.4263072530125	3년	37.906531495878866	250.56217318775933	9.631227233463036	2.4792528939373257	2.786609475159028	4.1041382109844635	6.804867824028408	2.9774087653314827	3년	2.786609475159028	안심	3년	14.703265747939431	2.238179356802981	불리	Y		324416000.0	1.9993732231448291	12.975778350969192		-10.453313921715711	234.34400115966798	210.89960021972655	N	Y	상승전환	단기위험부채 존재
MU	MICRON TECHNOLOGY INC	0000723125	S&P 500	보류	PEG=불리, PEGY=불리(<1)	932.8599853515625	7.59	2025	6.0	9642000000.0	665000000.0	10307000000.0	3038000000.0	224000000.0	54165000000.0	28633000000.0	65.41824681755598	34.58175318244402	1.8916983899696154	6.461333333333333	6.262222222222222	122.05515836867315	122.08139171664563	984.2857142857143	-0.6929629272242499	54.22135148690352	1977.0714285714287	7.1140741455515	116.94270297380704	15005.972142857143	53.995822764735884	887.5951155711955	1508.5985441000466	-94.21179773893006	-4.852268345855593	5년	116.94270297380704	887.5951155711955	-4.852268345855593	8.113427793805416	0.04348064550246704	0.49339456268617665	1.4826666666666666	0.15893774949601908	3년	0.043480645502467	불리(<1)	5년	54.22135148690352	2.251053413859557	불리	Y		1125000000.0	-9.912121163538146	126.0547059387736		-23.130299259144817	955.0038049316406	588.423250656128	N	Y	중립/개선	단기위험부채 존재
MRSH	MARSH & MCLENNAN COMPANIES, INC.	0000062709	S&P 500	제외	PEG=불리, PEGY=불리(<1)	192.63999938964844	8.43	2025	2.08	2687000000.0	414000000.0	3101000000.0	18320000000.0	268000000.0	15315000000.0					-30.807692307692307	-31.350202429149796	26.506250497905192	26.57060519795946	3.0562347188264063	11.754120579715522	63.117645068661396	14.612469437652813	32.008241159431044	134.7352901373228	123.1831173594132	269.8294729740037	1135.8184958576312	-36.05527525451576	40.06928666368293	489.60677920281637	3년	32.008241159431044	269.8294729740037	40.069286663682924	0.19377447290148891	0.5219191820740109	2.4597083270534252	10.123481781376519	5.255129678909513	3년	0.5219191820740109	불리(<1)	3년	11.754120579715522	2.255060284445942	불리	N	주당순현금<=0	494000000.0	18.511224714225083	3.3310126899307235		-6.9461909892953315	182.44119903564453	177.80374938964843	Y	Y	강한 상승추세	단기위험부채 존재
HWM	Howmet Aerospace Inc.	0000004281	S&P 500	제외	PEG=불리, PEGY=불리(<1)	264.8500061035156	3.71	2025	21.0	742000000.0		742000000.0	2859000000.0	0.0	5353000000.0	5826000000.0	47.884426156185704	52.1155738438143	0.9188122210779265	-5.214285714285714	-5.214285714285714	72.79360965439389	72.79360965439389	32.02846975088968			72.55693950177935			269.1862455516014			1.6372434767439659			1년	72.55693950177935	269.1862455516014	1.6372434767439659	0.728476991354815			3.5246305418719213	1.3308025148749034	1년	0.728476991354815	불리(<1)	1년	32.02846975088968	2.2727782569871877	불리	N	주당순현금<=0	406000000.0	3.6513782385140026	-0.09806467595029345		-9.499398042974882	277.5450012207031	244.2702507019043	N	Y	상승전환	
WDAY	Workday, Inc.	0001327811	S&P 500	보류	PEG=불리, PEGY=판정불가	204.72000122070312	2.59	2026		1501000000.0	3942000000.0	5443000000.0	2987000000.0	0.0	7805000000.0	10269000000.0	43.18357862122386	56.81642137877614	0.7600545330606681	9.160180070640802	9.160180070640802	75.50572245176153	75.50572245176153	32.82051282051282			74.14102564102564			192.0252564102564			-6.2010281041181115			1년	74.14102564102564	192.0252564102564	-6.2010281041181115				10.357418589645565	5.059309558365775	판정불가		판정불가	1년	32.82051282051282	2.3005649809521094	불리	Y		268117000.0	30.204163826003416	52.76472622365507		-17.34829859790895	157.33959899902345	160.84449954986573	Y	Y	상승전환	
USB	US BANCORP DE	0000036104	S&P 500	제외	PEG=불리, PEGY=불리(<1)	62.470001220703125	4.62	2025	3.33	8252000000.0		8252000000.0	39829000000.0	17162000000.0	65193000000.0	626694000000.0	9.422492401215806	90.5775075987842	0.1040268456375839	-20.26765083440308	-31.28305519897304	17.908582695910436	20.292869354908262	21.899736147757256	7.780088648706851	8.588568965361265	52.29947229551451	24.060177297413702	25.67713793072253	241.62356200527705	111.1580191140513	118.62837723993809	286.78334766095827	77.93823746110722	89.89655021908911	3년	24.060177297413702	111.1580191140513	77.93823746110722	1.4088069712807962	0.62037788457955	0.6655227366531336			3년	0.62037788457955	불리(<1)	3년	7.780088648706851	2.30184815424784	불리	N	주당순현금<=0 | FCF<=0	1558000000.0	16.657333540108212	14.351089143880147		-4.509319826979974	62.768800048828126	56.33614997863769	N	Y	상승전환	단기위험부채 존재
NEE	NEXTERA ENERGY INC	0000753308	S&P 500	제외	PEG=불리, PEGY=불리(<1)	81.83999633789062	3.3	2025	2.99	2812000000.0		2812000000.0	89556000000.0	400000000.0	54608000000.0	146242000000.0	27.18844909136171	72.8115509086383	0.373408459949946	-41.89317106152806	-42.086351782092144	37.494899211945054	37.553438824237205	-2.077151335311581	16.260329205681433		4.345697329376838	41.02065841136287		14.340801186943565	135.36817275749746		-82.47702611357035	65.4058880924267		3년	41.02065841136287	135.36817275749746	65.4058880924267	0.024345942618179	0.5134119469655408				3년	0.5134119469655408	불리(<1)	3년	16.260329205681433	2.305912674808833	불리	N	주당순현금<=0 | FCF<=0	2070600000.0	-2.1754808086902555	-11.72473611684306		-16.38741455416952	86.92800018310547	87.8576502609253	N	N	주의	단기위험부채 존재
LHX	L3HARRIS TECHNOLOGIES, INC. /DE/	0000202058	S&P 500	제외	PEG=불리, PEGY=불리(<1)	262.82000732421875	8.53	2025	1.91	1069000000.0		1069000000.0	10443000000.0	0.0	19635000000.0	21560000000.0	47.66355140186916	52.336448598130836	0.9107142857142857	-49.75583864118896	-49.75583864118896	36.64429612724592	36.64429612724592	8.386277001270638	15.822311734425586	10.447613089419638	25.272554002541277	40.14462346885117	29.395226178839277	215.57488564167707	342.4336381893005	250.741279305499	-17.976227214794715	30.292073908539678	-4.595817548935399	3년	40.14462346885117	342.4336381893005	30.292073908539674	0.28097898143594324	0.4839037342360407	0.3372315583988378	14.235668789808917	5.4165087866570145	3년	0.4839037342360407	불리(<1)	3년	15.822311734425586	2.315988759563917	불리	N	주당순현금<=0	188400000.0	-15.107073732003439	-30.559078499468594		-30.559078499468594	285.48219909667966	314.8798504638672	N	N	주의	
HPQ	HP INC	0000047217	S&P 500	제외	PEG=불리, PEGY=불리(<1)	30.520000457763672	2.65	2025	4.05	3690000000.0	5000000.0	3695000000.0	8821000000.0	788000000.0	-346000000.0					-5.378803777544596	-6.2056663168940185	13.546718579361611	13.85874217911611	-5.693950177935949	-3.836586737518144	5.789648870565345	-2.8879003558718974	0.8268265249637121	20.079297741130688	-7.652935943060528	2.191090291153837	53.21013901399632	-125.07515015817694	-92.82080518253576	74.34514487518867	5년	20.079297741130688	53.21013901399632	74.34514487518867	-0.12135412486094621	0.01575387140668814	0.7263492492976139			3년	0.0157538714066881	불리(<1)	5년	5.789648870565345	2.3398169530164976	불리	N	주당순현금<=0 | FCF<=0	953000000.0	4.021814243486643	63.208551938937106		-2.492008940285606	26.388399963378905	22.687199964523316	Y	Y	강한 상승추세	단기위험부채 존재
DRI	DARDEN RESTAURANTS INC	0000940944	S&P 500	제외	PEG=불리, PEGY=불리(<1)	215.6300048828125	10.38	2026	3.07	219500000.0		219500000.0	901000000.0	0.0	2207500000.0	10654900000.0	17.162426918770993	82.83757308122901	0.20718167228223633	-5.859845227858985	-5.859845227858985	21.33813584881228	21.33813584881228	17.155756207674962	9.114765771480716	16.82500139829013	42.811512415349924	26.729531542961432	42.15000279658026	444.3834988713322	277.4525374159397	437.51702902850315	106.08611455202599	28.670653959649805	102.90173868255424	3년	26.729531542961432	277.4525374159397	28.670653959649805	0.9478689399571316	0.5710323459281446	0.932368297739445	9.622527944969905	4.462518075904797	3년	0.5710323459281446	불리(<1)	3년	9.114765771480716	2.341051474474241	불리	N	주당순현금<=0	116300000.0	6.795107212054319	2.7445608708423164		-5.292510620433855	209.17240020751953	200.19199989318847	Y	Y	강한 상승추세	
LVS	LAS VEGAS SANDS CORP	0001300514	S&P 500	보류	PEG=불리, PEGY=불리(<1)	45.040000915527344	0.58	2025	2.6	3841000000.0		3841000000.0			1590000000.0	19986000000.0	7.369299221357063	92.63070077864293	0.0795556889822876	5.542568542568542	5.542568542568542	68.09902133268758	68.09902133268758	28.888888888888875			66.27777777777774			38.44111111111109			-14.65117599973519			1년	66.27777777777774	38.44111111111109	-14.65117599973519	0.4623985524704477			2.676767676767677	5.943089747684425	1년	0.4623985524704477	불리(<1)	1년	28.888888888888875	2.357273815362264	불리	Y		693000000.0	-15.44959540362999	-20.085166025965396		-35.18491538332575	46.43640007019043	54.75914987564087	N	N	주의	
QCOM	QUALCOMM INC/DE	0000804328	S&P 500	제외	PEG=불리, PEGY=불리(<1)	164.19000244140625	5.01	2025	2.25	5520000000.0	4635000000.0	10155000000.0	14811000000.0	1000000000.0	4909000000.0	28937000000.0	14.503929563316198	85.49607043668381	0.16964439990323807	-4.213574660633484	-5.118552036199095	33.61348844352091	33.79412265022063	-44.147157190635454	-23.90448036479093	14.194083679524194	-79.79431438127091	-39.30896072958187	36.88816735904839	-399.76951505016723	-196.93789325520515	184.80971846883241	-343.4798155221608	-219.94511865939316	12.55844796931813	5년	36.88816735904839	184.80971846883241	12.55844796931813	-1.246438829490524	-0.6442199654812947	0.4892108626914573			5년	0.4892108626914573	불리(<1)	5년	14.194083679524194	2.3681337381440377	불리	N	주당순현금<=0 | FCF<=0	1105000000.0	-28.29817961364792	16.422040603115473		-34.59086939414122	173.5131997680664	167.93574981689454	N	N	판정불가	단기위험부채 존재
GEN	Gen Digital Inc.	0000849399	S&P 500	제외	PEG=불리, PEGY=불리(<1)	31.020000457763672	1.57	2026	1.64	1006000000.0	0.0	1006000000.0	8015000000.0	181000000.0	2611000000.0	12978000000.0	16.748989672204758	83.25101032779524	0.2011866235167206	-11.323101777059774	-11.615508885298869	26.970128811989458	27.156375377746837	52.42718446601942	-10.088488131506812	11.281344719290054	113.35436893203884	-11.676976263013625	31.062689438580108	177.96635922330097	-18.332852732931393	48.76842241857077	473.71488264681705	-159.10010464987937	57.2160596353732	5년	31.062689438580108	48.76842241857077	57.2160596353732	2.004706200809248	-0.31325353284004603	0.47909836876811374	2.4604200323101777	7.931721457129718	5년	0.4790983687681137	불리(<1)	5년	11.281344719290054	2.390683866425342	불리	N	주당순현금<=0	619000000.0	11.743516577820824	38.791945987983965		0.0	27.008000106811522	24.50625005722046	Y	Y	강한 상승추세	단기위험부채 존재
MSI	Motorola Solutions, Inc.	0000068505	S&P 500	제외	PEG=불리, PEGY=안심	486.0	12.75	2025	99.0	1165000000.0	246000000.0	1411000000.0	8413000000.0	749000000.0	2410000000.0					-41.43195266272189	-45.86390532544379	41.367211973546816	41.71481610395637	38.13651137594799	17.15090983184706	40.00784395357051	84.77302275189598	42.80181966369412	88.51568790714101	1080.8560400866738	545.7232007121	1128.575020816048	122.39836215775183	12.288724426358025	132.21708247243785	3년	42.80181966369412	545.7232007121	12.288724426358023	3.315101618732318	2.807801258303855	3.360338715658724			3년	2.807801258303855	안심	3년	17.15090983184706	2.4119543732154174	불리	N	주당순현금<=0 | FCF<=0	169000000.0	18.08154328579523	-0.022625610433191223		-0.8770116051449839	436.19800048828125	420.3080009460449	Y	Y	상승전환	단기위험부채 존재
IDXX	IDEXX LABORATORIES INC /DE	0000874716	S&P 500	제외	PEG=불리, PEGY=판정불가	554.989990234375	13.08	2025		180070000.0	0.0	180070000.0	374842000.0	74995000.0	1605383000.0	1745376000.0	47.91102553182726	52.08897446817274	0.919792067726381	-2.4038506633755015	-3.3294291885220613	42.61420801970569	42.68497090389122	22.58669165885661	17.66051173291583	14.281792796945748	53.67338331771322	43.82102346583166	37.063585593891496	702.0478537956889	573.1789869330781	484.79169956810074	26.49739025008553	3.2773558115925416	-12.648568785290914	3년	43.82102346583166	573.1789869330781	3.2773558115925416				13.046948472693613	2.3508439255244626	판정불가		판정불가	3년	17.66051173291583	2.4129656413228915	불리	N	주당순현금<=0	81025000.0	-2.0818977487988444	-12.833362714949526		-27.611259516840835	559.0998034667969	611.0474984741211	N	N	주의	단기위험부채 존재
CASY	CASEYS GENERAL STORES INC	0000726958	S&P 500	제외	PEG=불리, PEGY=보통	755.469970703125	19.16	2026	32.0	522991000.0		522991000.0	2330237000.0	101357000.0	3951719000.0	4984336000.0	44.222187531298765	55.777812468701235	0.79282757021196	-48.47547934636911	-51.19416244767903	41.95957463723873	42.10146832728622	30.874316939890704	17.173098488337637	17.985950946001218	70.24863387978141	42.84619697667527	44.471901892002435	1345.9638251366118	820.9331340730982	852.0816402507667	78.16245215993258	8.665223755888785	12.788287197931103	3년	42.84619697667527	820.9331340730982	8.665223755888785	1.4984498170791831	1.1719160385552854	1.191288314482558	19.35590141349151	2.5621007007699776	3년	1.1719160385552854	보통	3년	17.173098488337637	2.443331625084067	불리	N	주당순현금<=0	37281653.0	1.3264778275420719	9.964914624876474		-17.550317965256834	832.8155981445312	721.6029983520508	N	Y	상승전환	단기위험부채 존재
DPZ	DOMINOS PIZZA INC	0001286681	S&P 500	제외	PEG=불리, PEGY=불리(<1)	350.0	17.57	2025	2.4	125675000.0		125675000.0	1536443000.0	100000.0	-3901142000.0	5617601000.0	-227.278484368109	327.278484368109	-0.6944498194157969	-41.20516930398778	-41.2080900655378	22.265519026977106	22.26568526269424	5.272618334331929	9.073110679208952	7.235872833479218	19.045236668663858	26.646221358417904	22.971745666958434	334.624808268424	468.17410926740257	403.6135713684597	-4.39291192330743	33.76403121925789	15.318163248131334	3년	26.646221358417904	468.17410926740257	33.76403121925789	0.3445964284522501	0.5152860198456648	0.432771085273346	19.613030638847075	5.603723039670593	3년	0.5152860198456648	불리(<1)	3년	9.073110679208952	2.45401161896973	불리	N	주당순현금<=0	34237646.0	11.568011709349225	-12.798663512998543		-25.10164580721902	328.62059997558595	366.2371006774902	Y	N	중립/개선	단기위험부채 존재
STT	STATE STREET CORP	0000093751	S&P 500	제외	PEG=불리, PEGY=불리(<1)	193.3300018310547	9.4	2025	1.9	4433000000.0		4433000000.0	11534000000.0	2380000000.0	27841000000.0	338206000000.0	7.605853893079304	92.39414610692069	0.08231965133675925	-24.5693189721091	-32.80407170462841	23.18077880884721	24.05681633358331	14.494518879415338	9.345182660480011	8.263522928949719	37.489037758830676	27.190365320960023	25.027045857899438	352.3969549330084	255.58943401702422	235.25423106425472	82.2774280222464	32.20370951032017	21.685319834547133	3년	27.190365320960023	255.58943401702422	32.20370951032017	0.7072462497747565	0.4851080610021678	0.43844613732609766	37.51656465491888	19.40545404210128	3년	0.4851080610021678	불리(<1)	3년	9.345182660480011	2.4805056948621	불리	N	주당순현금<=0	289019000.0	20.990055669420073	49.335695817128375		-0.14977445173329773	182.39779998779298	147.13630004882813	Y	Y	강한 상승추세	단기위험부채 존재
ATO	ATMOS ENERGY CORP	0000731802	S&P 500	제외	PEG=불리, PEGY=불리(<1)	166.64999389648438	7.46	2025	2.39	202687000.0		202687000.0	3529452000.0	0.0	13558890000.0					-20.718084609492255	-20.718084609492255	25.116364410988822	25.116364410988822	9.224011713030746	10.031474661040264	69.70420030995797	26.948023426061493	28.562949322080527	147.90840061991594	201.03225475841873	213.07960194272073	1103.3966686245728	20.63142041474726	27.860551903216013	562.1042358453095	3년	28.562949322080527	213.07960194272073	27.860551903216013	0.46240815442020844	0.49455703292812814	2.8704074813636473			3년	0.4945570329281281	불리(<1)	3년	10.031474661040264	2.5037559541005963	불리	N	주당순현금<=0 | FCF<=0	160573000.0	-0.2991325266273437	-10.915706755890376		-13.334026878609029	173.2405990600586	175.80724983215333	N	N	주의	
NRG	NRG ENERGY, INC.	0001013871	S&P 500	제외	PEG=불리, PEGY=불리(<1)	111.12000274658203	4.01	2025	1.66	4708000000.0		4708000000.0	10892000000.0		1681000000.0	27459000000.0	5.768702814001372	94.23129718599863	0.061218544011071054	-31.07537688442211	-31.07537688442211	35.46019442169679	35.46019442169679	-19.63927855711424	-8.120643852977938	14.13919505192036	-30.778557114228477	-7.741287705955877	36.77839010384072	-123.42201402805618	-31.042563700883065	147.48134431640128	-211.07092420572548	-127.936071754496	32.7225887968561	5년	36.77839010384072	147.48134431640128	32.7225887968561	-0.5070270721954467	-0.18219425917825502	0.4455473329907468	3.849246231155779	3.464044398859753	5년	0.4455473329907468	불리(<1)	5년	14.13919505192036	2.507935868448229	불리	N	주당순현금<=0	199000000.0	-14.173166216968259	-36.712608732341224		-39.61853856237547	130.2704000854492	148.00479999542236	N	N	주의	
SPGI	S&P Global Inc.	0000064040	S&P 500	제외	PEG=불리, PEGY=안심	442.8900146484375	14.66	2025	89.0	1745000000.0	56000000.0	1801000000.0	12370000000.0	400000000.0	31127000000.0	25048000000.0	55.41076991544281	44.58923008455719	1.2426940274672629	-34.64110127826942	-35.95214683710259	32.57374597044385	32.66317609041883		12.852521260492766	50.79787589706457		34.20504252098553	110.09575179412914		501.44592335764787	1614.0037213019332		13.221320592583584	264.4254031292885	3년	34.20504252098553	501.44592335764787	13.221320592583584		3.1268286230545845	4.29173470020647	18.297194362504097	4.131317879683573	3년	3.1268286230545845	안심	3년	12.852521260492766	2.534424593450933	불리	N	주당순현금<=0	305100000.0	9.234357223690171	5.6546790275612935		-15.020562950665429	420.5110479736328	430.82151748657225	Y	Y	상승전환	단기위험부채 존재
CMI	CUMMINS INC	0000026172	S&P 500	보류	PEG=불리, PEGY=불리(<1)	564.8499755859375	20.5	2025	1.53	2101000000.0	764000000.0	2865000000.0	1630000000.0	24000000.0	12349000000.0	20584000000.0	37.49734309051711	62.50265690948289	0.5999319860085504	8.904109589041095	8.731074260994953	27.119310536433968	27.127751284143535	-27.74057102573141	10.67954284093311	43.57635272286971	-46.98114205146282	29.85908568186622	95.65270544573941	-963.1134120549877	612.1112564782575	1960.880461637658	-270.5078257383155	8.367050178818602	247.15066768013435	3년	29.85908568186622	612.1112564782575	8.367050178818602	-0.9664910540597373	0.45021582774126795	1.663255880427738	17.202595529920693	3.04551584906698	3년	0.4502158277412679	불리(<1)	3년	10.67954284093311	2.5393699843114685	불리	Y		138700000.0	-12.222226016171334	-2.6741595295801335		-22.366998620482537	648.5584008789062	597.9006517028809	N	N	주의	단기위험부채 존재
RVTY	REVVITY, INC.	0000031791	S&P 500	제외	PEG=불리, PEGY=불리(<1)	128.8000030517578	2.07	2025	22.0	919860000.0	0.0	919860000.0	2631236000.0	588828000.0	7250360000.0	4918051000.0	59.58345752785635	40.416542472143654	1.4742344070852458	-14.677953600068614	-19.728153008276514	69.31302253711422	71.75273239615186	-5.909090909090924	27.023182791188983	-9.341040767937725	-3.3181818181818485	62.546365582377966	-10.18208153587545	-6.868636363636426	129.47097675552237	-21.076908779262183	-105.33279208143828	0.5209423042443095	-116.36405922350212	3년	62.546365582377966	129.47097675552237	0.5209423042443095	0.23214842610987088	0.7072723277207992	0.1826346445256219	4.3690638535100135	3.392130240675787	3년	0.7072723277207992	불리(<1)	3년	27.023182791188983	2.564946663489025	불리	N	주당순현금<=0	116595000.0	28.133712050459046	34.742136192240004		-0.7015678166733763	113.8179995727539	101.4560499572754	Y	Y	강한 상승추세	단기위험부채 존재
ROL	ROLLINS INC	0000084839	S&P 500	제외	PEG=불리, PEGY=불리(<1)	36.380001068115234	1.09	2025	2.03	100004000.0		100004000.0	486147000.0	123683000.0	1374321000.0	1766202000.0	43.7608958762601	56.2391041237399	0.7781222079920643	-0.7975738773554313	-1.0530396759661838	34.10786692245015	34.34223921475359	13.54166666666668	13.271785112236143	15.512803857109425	35.58333333333336	35.04357022447229	39.52560771421885	38.785833333333365	38.1974915446748	43.08291240849855	6.613062656907642	4.995850531055868	18.42471452332637	3년	35.04357022447229	38.1974915446748	4.995850531055868	0.4565417914310334	0.44862920179169435	0.5143330685849068	1.3426108186150074	3.6905189092798594	3년	0.4486292017916943	불리(<1)	3년	13.271785112236145	2.569953222871566	불리	N	주당순현금<=0	484147000.0	-21.459409957249363	-40.243100476605306		-44.5426800086482	40.34620002746582	52.83059997558594	N	N	주의	단기위험부채 존재
ADP	AUTOMATIC DATA PROCESSING INC	0000008670	S&P 500	제외	PEG=불리, PEGY=불리(<1)	287.4800109863281	10.94	2026	2.42	4230100000.0	2032200000.0	6262300000.0	4964100000.0	0.0	6031200000.0	57162100000.0	9.544049764769365	90.45595023523063	0.10551046934944658	3.2189437143565582	3.2189437143565582	25.983644174768884	25.983644174768884	9.619238476953898	10.041893559840132	12.503420358905348	27.738476953907796	28.583787119680263	33.5068407178107	303.45893787575125	312.70663108930205	366.564837452849	5.558274063855895	8.775086663042341	27.509678393007285	3년	28.583787119680263	312.70663108930205	8.775086663042341	0.4633391065539783	0.4796053038603842	0.5743390056655934			3년	0.4796053038603842	불리(<1)	3년	10.041893559840132	2.5875243568288275	불리	N	FCF<=0	403300000.0	22.991359728848693	33.73029229840363		-5.449754143033648	255.55120025634767	236.32250038146972	Y	Y	강한 상승추세	
MRK	Merck & Co., Inc.	0000310158	S&P 500	제외	PEG=불리, PEGY=불리(<1)	148.35000610351562	7.28	2025	2.27	14565000000.0	498000000.0	15063000000.0	46750000000.0	2300000000.0	52606000000.0					-12.639409652971679	-13.55684084563223	22.11393073578122	22.239951504003823	8.011869436201781	8.433903046142621	21.232013056721488	24.523738872403563	25.367806092285242	50.964026113442976	178.53281899109794	184.67762835183657	371.0181101058649	20.345676876158247	24.487779409306043	150.09645759433	3년	25.367806092285242	184.67762835183657	24.487779409306043	0.46494987974097735	0.4840343932534472	1.062769587981674	4.93019545273235	3.3233537242271223	3년	0.4840343932534472	불리(<1)	3년	8.433903046142621	2.6220280947971504	불리	N	주당순현금<=0	2507000000.0	28.80959317712053	22.18927734849736		-5.177367211714456	131.45100006103516	116.95070011138915	Y	Y	강한 상승추세	단기위험부채 존재
KO	COCA COLA CO	0000021344	S&P 500	제외	PEG=불리, PEGY=불리(<1)	89.66000366210938	3.04	2025	2.38	10270000000.0	2348000000.0	12618000000.0	35547000000.0	2373000000.0	32169000000.0					-5.316253188036169	-5.866450266635752	31.24218975333735	31.423175634455635	23.577235772357728	11.551776147388226	11.17422496891589	55.654471544715456	31.603552294776453	30.84844993783178	169.189593495935	96.07479897612042	93.77928781100861	88.70130112144427	7.154578465316264	4.5943385909541945	3년	31.603552294776453	96.07479897612042	7.154578465316264	0.8308391946049468	0.44592828663362205	0.43384362862939213	1.2279156039879435	1.3695243741182948	3년	0.445928286633622	불리(<1)	3년	11.551776147388226	2.7045355930309456	불리	N	주당순현금<=0	4313000000.0	14.013230363671036	11.76764185709085		-2.532877764722541	85.23499954223632	78.01730003356934	Y	Y	강한 상승추세	단기위험부채 존재
HST	HOST HOTELS & RESORTS, INC.	0001070750	S&P 500	제외	PEG=불리, PEGY=불리(<1)	22.280000686645508	1.1	2025	3.58	768000000.0		768000000.0	1274000000.0		6558000000.0	6317000000.0	50.935922330097085	49.064077669902915	1.038151021054298	-0.7290015847860539	-0.7290015847860539	20.91727479221051	20.91727479221051	11.111111111111121	7.721734501594191		30.722222222222243	23.943469003188383		33.79444444444447	26.337815903507224		51.680625686428506	18.212814595171658		3년	23.943469003188383	26.337815903507224	18.212814595171658	0.7023434580771497	0.5403062594847633		2.175479037602651	9.764268270003328	3년	0.5403062594847633	불리(<1)	3년	7.721734501594191	2.708882931405118	불리	N	주당순현금<=0	694100000.0	-3.8826557665286865	13.096445806030976		-12.764291746363565	23.796599884033203	20.82019997596741	N	Y	중립/개선	
ETR	ENTERGY CORP /DE/	0000065984	S&P 500	제외	PEG=불리, PEGY=불리(<1)	105.75	3.91	2025	2.4	1928916000.0		1928916000.0	27902021000.0	657774000.0	16923076000.0					-57.69853670100379	-59.15976350773198	41.80269480844086	42.17641010427928	59.59183673469387	-10.03626231922775	15.165895704950483	127.68367346938774	-11.572524638455501	38.831791409900966	499.24316326530607	-45.24857133636101	151.83230441271277	372.09755391518297	-142.78824712658252	43.57664719878276	5년	38.831791409900966	151.83230441271277	43.57664719878276	1.482962689816265	-0.18267392459315387	0.4202096488144001	-5.629813158795977	-5.3237003865683	5년	0.4202096488144001	불리(<1)	5년	15.165895704950483	2.756361748867595	불리	N	주당순현금<=0 | FCF<=0	450151884.0	0.743068276865988	-0.8252811367204238		-10.31295334105482	110.95540008544921	105.22325016021729	N	Y	상승전환	단기위험부채 존재
MDT	Medtronic plc	0001613103	S&P 500	제외	PEG=불리, PEGY=불리(<1)	91.2300033569336	3.73	2026	3.2	1949000000.0	7271000000.0	9220000000.0	22140000000.0	0.0	49463000000.0	42956000000.0	53.52038000843983	46.47961999156018	1.1514805847844305	-10.030277152395	-10.030277152395	27.14752828668327	27.14752828668327	3.3240997229916927	9.77073559217516	6.995481881143495	15.148199445983385	28.04147118435032	22.490963762286988	56.502783933518025	104.5946875176267	83.89129483333046	-38.065568503320954	14.649439514327687	-8.044183112534519	3년	28.04147118435032	104.5946875176267	14.649439514327689	0.24032021088976901	0.47778698138562103	0.3755583850388584	4.212405869109541	4.617347050431072	3년	0.477786981385621	불리(<1)	3년	9.77073559217516	2.778452863715217	불리	N	주당순현금<=0	1288100000.0	23.317111675128466	-7.003053235520507		-13.402938131656484	85.49099975585938	89.80704986572266	Y	Y	상승전환	
PNC	PNC FINANCIAL SERVICES GROUP, INC.	0000713676	S&P 500	제외	PEG=불리, PEGY=불리(<1)	242.22000122070312	16.59	2025	3.29	39713000000.0		39713000000.0	57101000000.0	14000000.0	60585000000.0	512936000000.0	10.563693395708265	89.43630660429174	0.11811415069326388	-43.90909090909091	-43.94444444444444	17.247082105472817	17.24921312026206	20.742358078602617	6.201879866723403	-0.4401788836301823	49.984716157205234	20.903759733446805	7.619642232739635	829.2464410480349	346.7933739778825	126.40986464115055	242.35258726320126	43.17288920409816	-47.811962676868326	3년	20.903759733446805	346.7933739778825	43.17288920409816	1.3934158793722393	0.5503469983314717	0.16523497128047632			3년	0.5503469983314717	불리(<1)	3년	6.201879866723403	2.780944242085884	불리	N	주당순현금<=0 | FCF<=0	396000000.0	12.1025561207325	13.065399827931735		-5.739969618995222	249.0627996826172	223.23485015869142	N	Y	상승전환	단기위험부채 존재
WELL	WELLTOWER INC.	0000766704	S&P 500	제외	PEG=불리, PEGY=불리(<1)	238.07000732421875	1.39	2025	1.42	5033678000.0		5033678000.0	19197302000.0		42129498000.0	24100108000.0	63.61127680572341	36.38872319427659	1.7481041163798934	-20.843541259210532	-20.843541259210532	186.26873998807864	186.26873998807864	-11.464968152866252	66.71109926452392	28.940704466365673	-14.429936305732504	141.92219852904785	66.38140893273135	-20.05761146496818	197.27185595537648	92.27015841649657	-108.42508961561566	-17.137039573943802	-61.2424263545146	3년	141.92219852904785	197.27185595537648	-17.137039573943802	-0.05392728889189426	0.36576775721403587	0.16299409373955495			3년	0.3657677572140358	불리(<1)	3년	66.71109926452392	2.7921701492203392	불리	N	주당순현금<=0 | FCF<=0	679521000.0	20.62728343533049	13.28035933373053		-5.554012612850389	234.87419952392577	209.77729972839356	Y	Y	강한 상승추세	
ZBRA	ZEBRA TECHNOLOGIES CORP	0000877212	S&P 500	제외	PEG=불리, PEGY=판정불가	356.45001220703125	8.18	2025		125000000.0	0.0	125000000.0	2361000000.0	141000000.0	3588000000.0	4914000000.0	42.201834862385326	57.798165137614674	0.7301587301587301	-43.66130504148459	-46.4145447601113	48.913363966811225	49.24994583950398	-19.64636542239686	-2.4059043989460127	17.195332607402314	-30.792730844793716	3.6881912021079746	42.89066521480463	-251.88453831041258	30.169404033243232	350.84564145710186	-170.6647579420237	-91.53614728571804	-1.5722739677378028	5년	42.89066521480463	350.84564145710186	-1.5722739677378028				16.22654046935317	4.552262565200465	판정불가		판정불가	5년	17.195332607402314	2.84457213382164	불리	N	주당순현금<=0	51212395.0	42.602817503947634	59.18632329484632		-6.946688644379306	303.6811990356445	254.53009963989257	Y	Y	강한 상승추세	단기위험부채 존재
RSG	REPUBLIC SERVICES, INC.	0001060391	S&P 500	제외	PEG=불리, PEGY=불리(<1)	222.11000061035156	6.85	2025	1.22	76000000.0		76000000.0	13710000000.0		11968000000.0					-43.67520053304631	-43.67520053304631	38.800759291007	38.800759291007	5.546995377503843	13.459076140014382	56.06006028771993	19.593990755007688	35.418152280028764	120.62012057543986	134.21883667180265	242.614343118197	826.2478259417629	-39.57100702220821	9.23161606929006	271.99938033913776	3년	35.418152280028764	242.614343118197	9.23161606929006	0.174403684390585	0.3783193011745162	1.476261324117849	7.716998539248097	3.47440390709199	3년	0.3783193011745162	불리(<1)	3년	13.459076140014382	2.882869439727052	불리	N	주당순현금<=0	312168000.0	10.596025785628571	-3.585534002652624		-5.069026177917602	216.16700042724608	214.62539978027343	Y	Y	상승전환	
FRT	FEDERAL REALTY INVESTMENT TRUST	0000034903	S&P 500	제외	PEG=불리, PEGY=불리(<1)	116.75	4.68	2024	3.97	107415000.0		107415000.0	4963602000.0		3248731000.0	5629819000.0	36.59078340494788	63.40921659505212	0.5770578059436724	-56.20261558937562	-56.20261558937562	36.95568709174693	36.95568709174693	67.14285714285715	12.808740658788563	19.50578386760935	142.7857142857143	34.11748131757713	47.5115677352187	668.2371428571429	159.66981256626096	222.3541370008235	472.36586111960844	36.76215209101581	90.45322227051263	3년	34.11748131757713	159.66981256626096	36.76215209101581	1.924273711007211	0.4540232364543331	0.6352414395469876			3년	0.4540232364543331	불리(<1)	3년	12.808740658788565	2.8851928597984555	불리	N	주당순현금<=0 | FCF<=0	86405000.0	-1.692490821888648	5.809320169342969		-8.164868620839128	121.49080001831055	110.68364974975586	N	Y	중립/개선	
BRO	BROWN & BROWN, INC.	0000079282	S&P 500	제외	PEG=불리, PEGY=안심	73.30999755859375	3.16	2025	91.0	1079000000.0	10000000.0	1089000000.0	6894000000.0	25000000.0	5578800000.0	3863400000.0	59.08368812353053	40.91631187646947	1.4440130455039601	-18.54632587859425	-18.62619808306709	29.06845678392025	29.093732797993937	-8.670520231213867	10.064241629820891	56.18583117469611	-8.841040462427735	28.628483259641783	120.87166234939222	-27.937687861271645	90.46600710046803	381.95445302407944	-138.10897393488816	23.402005337897023	421.01277553419436	3년	28.628483259641783	90.46600710046803	23.402005337897023	2.832261801195039	3.4767666677691134	5.06342088500944	4.415335463258786	6.022828550403081	3년	3.4767666677691134	안심	3년	10.064241629820891	2.8882908273772805	불리	N	주당순현금<=0	313000000.0	28.659175408123396	1.3128758156841114		-24.383703077648278	68.83620010375977	69.65240015029907	Y	Y	상승전환	단기위험부채 존재
WMT	Walmart Inc.	0000104169	S&P 500	제외	PEG=불리, PEGY=안심	103.08999633789062	2.73	2026	96.0	10727000000.0		10727000000.0	34624000000.0	6596000000.0	99617000000.0					-2.9789329344303166	-3.801171777611568	38.85308764553881	39.15427403498249	13.278008298755179	-13.852054624316834	-10.485413986679248	35.05601659751036	-19.204109248633667	-12.470827973358496	95.70292531120327	-52.42721824876991	-34.04536036726869	-7.1656526230491675	-150.85577661379773	-133.02489240147094	1년	35.05601659751036	95.70292531120327	-7.1656526230491675	2.8125952123988456	2.1143221904299687	2.200972720456098	1.8602592869608576	1.8045002939602601	3년	2.1143221904299687	안심	1년	13.278008298755179	2.926123163304643	불리	N	주당순현금<=0	8022000000.0	-10.043632015256653	-18.8906392010061		-23.181819163788774	112.00519927978516	118.58129959106445	N	N	주의	단기위험부채 존재
INVH	Invitation Homes Inc.	0001687229	S&P 500	제외	PEG=불리, PEGY=불리(<1)	29.239999771118164	0.96	2025	4.11	129971000.0		129971000.0	8380020000.0		9530132000.0	9112398000.0	51.12037904726451	48.87962095273549	1.0458423787020716	-13.454578621849206	-13.454578621849206	44.473519159341016	44.473519159341016	29.729729729729726	15.0739165329576	22.36032947934692	67.95945945945945	38.647833065915194	53.22065895869384	65.24108108108108	37.101919743278586	51.09183260034608	123.12271406213556	26.8875514148466	74.7326709995808	3년	38.647833065915194	37.101919743278586	26.887551414846598	0.7608961550465067	0.4313559370965204	0.5951930492504597	1.9605145330390512	6.704906116229013	3년	0.4313559370965204	불리(<1)	3년	15.073916532957599	2.950362572467756	불리	N	주당순현금<=0	613177806.0	0.48109755262266685	11.816444350531729		-6.551617399895592	29.924200019836427	27.87219994544983	N	Y	상승전환	
MAA	MID AMERICA APARTMENT COMMUNITIES INC.	0000912595	S&P 500	제외	PEG=불리, PEGY=불리(<1)	129.61000061035156	3.78	2025	4.65	60258000.0		60258000.0			5662851000.0	6135738000.0	47.996001894802845	52.003998105197155	0.9229290755244113	0.5143705878838061	0.5143705878838061	34.152283074726924	34.152283074726924	-15.812917594654795	-11.64378965026387	11.534580200891554	-23.12583518930959	-14.787579300527739	31.56916040178311	-87.41565701559024	-55.89704975599485	119.33142631874014	-167.44514821691052	-143.1271117141948	-7.930386731894279	5년	31.56916040178311	119.33142631874014	-7.930386731894279	-0.3268571407138365	-0.2047824924313582	0.47389453189641445			5년	0.4738945318964144	불리(<1)	5년	11.534580200891554	2.9608605150699074	불리	N	FCF<=0	117149000.0	1.1550734965573906	-3.35545446239649		-11.11644897796883	134.31200134277344	132.26710037231445	N	N	중립/개선	
PCG	PG&E Corp	0001004980	S&P 500	제외	PEG=불리, PEGY=불리(<1)	16.600000381469727	1.18	2025	1.1	713000000.0		713000000.0	57387000000.0	2675000000.0	32540000000.0					-25.737511353315167	-26.952316076294277	35.87924723286856	36.908742760816956	2.6086956521739157	11.995586155825675		13.717391304347831	32.491172311651354		16.18652173913044	38.3395833277486		-2.49083513757532	130.96134004036753		3년	32.491172311651354	38.3395833277486	130.96134004036753	0.10336603853763195	0.3649905492952752		-1.3946412352406903	-8.401453031275244	3년	0.3649905492952752	불리(<1)	3년	11.995586155825677	2.9910374338350896	불리	N	주당순현금<=0 | FCF<=0	2202000000.0	2.786382498877149	-13.134485341262693		-13.134485341262693	17.394200019836425	16.834599981307985	N	N	중립/개선	단기위험부채 존재
MSCI	MSCI Inc.	0001408198	S&P 500	제외	PEG=불리, PEGY=불리(<1)	570.760009765625	15.69	2025	1.44	515332000.0	70898000.0	586230000.0	6202286000.0	0.0	-2654540000.0	8356999000.0	-46.55079501667614	146.55079501667615	-0.3176427327561006	-73.28221723471998	-73.28221723471998	41.04794308478935	41.04794308478935	11.672597864768674	13.538386829039872	53.02284334613518	31.84519572953735	35.576773658079745	114.54568669227037	499.65112099644097	558.1995786952712	1797.221824201722	-12.458631921038743	-2.200650160390816	214.88222605850177	3년	35.576773658079745	558.1995786952712	-2.2006501603908157	0.3194459180983335	0.36489981478731476	1.3268105355154038	20.214089983819616	3.5416093696053204	3년	0.3648998147873147	불리(<1)	3년	13.538386829039872	3.0319670728229906	불리	N	주당순현금<=0	76636000.0	-11.349270053375305	-0.5436668102462683		-11.349270053375305	579.0075964355469	573.1869493103027	N	N	주의	
MLM	MARTIN MARIETTA MATERIALS INC	0000916076	S&P 500	제외	PEG=불리, PEGY=안심	531.0499877929688	18.77	2025	64.0	67000000.0		67000000.0	5293000000.0	30000000.0	10032000000.0	8677000000.0	53.621251803944624	46.378748196055376	1.1561599631208943	-86.23762376237623	-86.73267326732673	32.88692656128636	32.913301068742435	-42.085775995063244	10.610393458663768	10.217788506018909	-75.67155199012649	29.720786917327537	28.935577012037818	-1420.3550308546742	557.8591704382378	543.1207805159498	-367.4616445727899	5.048335045950636	2.273004990198202	3년	29.720786917327537	557.8591704382378	5.048335045950636	0.666350623068974	2.2686946230631717	2.256756598027198	16.138613861386137	3.0390008911322712	3년	2.268694623063172	안심	3년	10.610393458663768	3.099501134374333	불리	N	주당순현금<=0	60600000.0	-6.989987502417261	-20.184864014565875		-25.004589854877835	562.6593981933594	603.3116986083984	N	N	주의	단기위험부채 존재
GD	GENERAL DYNAMICS CORP	0000040533	S&P 500	제외	PEG=불리, PEGY=불리(<1)	379.32000732421875	15.45	2025	1.67	2333000000.0		2333000000.0	7007000000.0	0.0	25622000000.0					-17.157015692392402	-17.157015692392402	25.66194323732111	25.66194323732111	13.352898019075557	8.220181851997577	7.03040276544542	35.205796038151114	24.940363703995153	22.56080553089084	543.9295487894346	385.3286192267251	348.56444545226344	43.39595546947199	1.5840482406641376	-8.108077949515435	3년	24.940363703995153	385.3286192267251	1.5840482406641376	0.58541544886699	0.38540268601381367	0.33903912439460565	14.532440121134258	3.831182073323342	3년	0.3854026860138136	불리(<1)	3년	8.220181851997577	3.1218218403629394	불리	N	주당순현금<=0	272425000.0	11.827828323514389	3.985966498596061		-4.204862450477432	375.98020141601563	354.041950378418	Y	Y	강한 상승추세	
CAT	CATERPILLAR INC	0000018230	S&P 500	제외	PEG=불리, PEGY=안심	800.25	18.81	2025	80.0	9980000000.0		9980000000.0	30696000000.0	5514000000.0	21318000000.0	77267000000.0	21.623979307196837	78.37602069280317	0.2759004490921092	-43.8619521490578	-55.53673512597925	44.87570186863678	45.49637082009459	-14.693877551020417	14.168748532167829	67.65638212373489	-20.887755102040835	36.83749706433566	143.81276424746977	-392.8986734693881	692.9133197801536	2705.1180954949064	-149.09699137386917	-13.41289349826259	238.0341262724032	3년	36.83749706433566	692.9133197801536	-13.41289349826259	1.4552668756056033	2.098435113233995	3.290341453732907	18.882066483167478	2.359520960095905	3년	2.098435113233995	안심	3년	14.168748532167829	3.167231161365722	불리	N	주당순현금<=0	472300000.0	-7.524034673860125	6.3709581307366925		-24.852100511471043	893.9078002929688	767.3035989379882	N	Y	중립/개선	단기위험부채 존재
DTE	DTE ENERGY CO	0000936340	S&P 500	제외	PEG=불리, PEGY=불리(<1)	135.86000061035156	7.03	2025	3.42	208000000.0		208000000.0	10982000000.0	882000000.0	12303000000.0					-52.04830917874396	-56.309178743961354	26.729489301436065	27.33558739037168	3.8404726735598333	8.394043095201798	37.69982747513958	16.180945347119668	25.288086190403597	83.89965495027916	113.75204579025127	177.77524591853728	589.8145743004625	-16.27260026555294	30.851792374415822	334.134087774708	3년	25.288086190403597	177.77524591853728	30.851792374415822	0.2716278112043749	0.44198536537572675	1.538369364690046			3년	0.4419853653757267	불리(<1)	3년	8.394043095201798	3.1843402515666344	불리	N	주당순현금<=0 | FCF<=0	207000000.0	-2.8391626751888	-7.985095681343967		-12.024861067251713	144.84560028076172	141.5503000640869	N	N	주의	단기위험부채 존재
AMT	AMERICAN TOWER CORP /MA/	0001053507	S&P 500	제외	PEG=불리, PEGY=불리(<1)	176.22999572753906	5.4	2025	3.97	1474800000.0	4026000.0	1478826000.0	18294659000.0	3387800000.0	3652500000.0	52835100000.0	6.466020861215559	93.53397913878445	0.06913018050500519	-35.873241359595696	-43.1004401000945	39.27837723835828	40.61674737548769	106.10687022900764	12.230302192084208	7.337360126949077	220.71374045801528	32.96060438416842	23.174720253898155	1191.8541984732826	177.98726367450948	125.14348937105004	576.3060928151826	0.9971446346098922	-28.988542016122775	3년	32.96060438416842	177.98726367450948	0.9971446346098922	2.8024800912984085	0.412448357878273	0.28787747666689734	8.071559464711994	4.580128048797693	3년	0.412448357878273	불리(<1)	3년	12.230302192084208	3.211562283700589	불리	N	주당순현금<=0	468757000.0	-6.025704220825345	-7.344900864801107		-13.54918300171698	171.05260009765624	177.82220031738282	Y	N	주의	단기위험부채 존재
ADM	Archer-Daniels-Midland Co	0000007084	S&P 500	제외	PEG=불리, PEGY=불리(<1)	81.54000091552734	2.23	2025	2.63	1015000000.0	433000000.0	1448000000.0	6606000000.0	798000000.0	22740000000.0					-10.65702479338843	-12.305785123966942	41.34395771700259	42.08331212533376	-38.9041095890411	-33.86721254408997	12.82075623743526	-69.3082191780822	-59.23442508817995	34.141512474870524	-154.5573287671233	-132.0927679466413	76.13557281896126	-289.54786243777386	-261.99750608720854	-6.6279470638771265	5년	34.141512474870524	76.13557281896126	-6.6279470638771265	-0.8773739040015385	-0.7555448067625068	0.3737125589958017	8.685950413223141	10.652379587561557	5년	0.3737125589958017	불리(<1)	5년	12.82075623743526	3.224767474814206	불리	N	주당순현금<=0	484000000.0	-1.3071917152645773	17.138342480349998		-6.619329820771258	80.1434001159668	71.47810024261474	Y	Y	강한 상승추세	단기위험부채 존재
FDX	FEDEX CORP	0001048911	S&P 500	제외	PEG=불리, PEGY=불리(<1)	330.8800048828125	18.55	2026	1.47	13311000000.0		13311000000.0	23293000000.0	745000000.0	31647000000.0					-41.76569037656904	-44.88284518828452	20.08871672557313	20.256757416231647	10.350981558596088	6.216255240021917	-0.9430705522987193	29.201963117192175	20.932510480043835	6.6138588954025614	541.6964158239149	388.29806940481313	122.68708250971751	63.713856331623035	17.353138199552532	-62.92097416005252	3년	20.932510480043835	388.29806940481313	17.353138199552532	0.5884388594891115	0.38261554209867676	0.026230119867761113			3년	0.3826155420986767	불리(<1)	3년	6.216255240021917	3.231642837996192	불리	N	주당순현금<=0 | FCF<=0	239000000.0	-2.2482157733211716	6.035404674377776		-2.4959484509687657	319.49919921875	288.9562142944336	Y	Y	강한 상승추세	단기위험부채 존재
ABNB	Airbnb, Inc.	0001559720	S&P 500	보류	PEG=불리, PEGY=판정불가	189.42999267578125	4.030497592295345	2025		6560000000.0	4454000000.0	11014000000.0	0.0	1999000000.0	8199000000.0	14009000000.0	36.919128242074926	63.080871757925074	0.5852666143193661	17.67897271268058	14.470304975922954	42.61285760135871	43.40895477379998	-1.825115293410216	13.128576286013535		4.849769413179568	34.757152572027074		19.546983943007856	140.08861975659707		-89.68115678679062	-26.047286505276045		3년	34.757152572027074	140.08861975659707	-26.047286505276045				7.417335473515249	3.9156077497243973	판정불가		판정불가	3년	13.128576286013537	3.24580949777137	불리	Y		623000000.0	37.39754796884449	42.150683239045094		-0.5616836347605014	158.772900390625	137.85340000152587	Y	Y	강한 상승추세	단기위험부채 존재
AZO	AUTOZONE INC	0000866787	S&P 500	제외	PEG=불리, PEGY=판정불가	2961.9599609375	144.87	2025		271803000.0		271803000.0	8799775000.0	180910000.0	-3414313000.0					-494.51852710930706	-505.0091040881415	23.859173659465775	23.93158738887031	-3.1293881644934842	7.323782044011162	36.18199999564493	2.2412236710130315	23.147564088022325	80.86399999128986	324.6860732196579	3353.3876094317943	11714.767678738162	-89.03813429277787	13.215156641428806	295.50729359050086	3년	23.147564088022325	3353.3876094317943	13.215156641428806				103.80284140330531	3.5045322277229674	판정불가		판정불가	3년	7.323782044011162	3.257766754401984	불리	N	주당순현금<=0	17245000.0	-1.9526967075866875	-23.709391616979293		-31.9799580583214	3043.612197265625	3402.617097167969	N	N	주의	단기위험부채 존재
PWR	QUANTA SERVICES, INC.	0001050915	S&P 500	제외	PEG=불리, PEGY=불리(<1)	602.7000122070312	6.8	2025	7.000000000000001	439508000.0		439508000.0	1040532000.0	0.0	8938249000.0	15899027000.0	35.98723547622533	64.01276452377466	0.5621884282604213	-3.972635516983826	-3.972635516983826	89.21656584176692	89.21656584176692	12.769485903814253	26.99606847284017	17.23954045081646	34.038971807628506	62.49213694568034	42.97908090163292	231.46500829187383	424.9465312306263	292.2577501311038	-61.59532045730835	-29.49286168511732	-51.50858732176176	3년	62.49213694568034	424.9465312306263	-29.492861685117322	0.22158985517193183	0.381051076692809	0.27169326931735216	10.713234759503209	1.7775401597010663	3년	0.381051076692809	불리(<1)	3년	26.99606847284017	3.304798472100657	불리	N	주당순현금<=0	151291000.0	-12.33199084632436	5.245702593381418		-23.24639349721096	662.0042053222656	583.3986512756347	N	Y	중립/개선	
FIS	Fidelity National Information Services, Inc.	0001136893	S&P 500	제외	PEG=불리, PEGY=불리(<1)	41.439998626708984	0.73	2025	4.34	599000000.0		599000000.0	9069000000.0	2729000000.0	13899000000.0	19586000000.0	41.50813797222637	58.491862027773635	0.7096395384458286	-16.319845857418112	-21.578034682080926	79.12307463579054	86.3260730257396	-72.03065134099617		23.901501752560208	-135.56130268199234		56.303003505120415	-98.95975095785441		41.1011925587379	-338.80249574639873		-0.8175822374490105	5년	56.303003505120415	41.1011925587379	-0.8175822374490105	-0.8555108816559686		0.3569312982661248	8.05587668593449	19.43985751182506	5년	0.3569312982661248	불리(<1)	5년	23.901501752560208	3.3103808896574995	불리	N	주당순현금<=0	519000000.0	-4.954128263775481	-17.12000274658203		-40.63887684292343	41.56339988708496	50.196400051116946	N	N	주의	단기위험부채 존재
NDAQ	NASDAQ, INC.	0001120193	S&P 500	제외	PEG=불리, PEGY=불리(<1)	99.30999755859375	3.09	2025	1.17	604000000.0	291000000.0	895000000.0	8573000000.0	431000000.0	12227000000.0	18821000000.0	39.38095851584643	60.61904148415357	0.6496466712714521	-13.270015025137837	-14.014919489299652	36.43366103033385	36.67473043621146	60.10362694300518	10.989871033323162	-11.180293383285411	128.70725388601036	30.479742066646324	-13.860586766570822	397.705414507772	94.18240298593713	-42.82921310870384	300.4686580252128	-5.16322092308108	-143.12678900574357	3년	30.479742066646324	94.18240298593713	-5.16322092308108	1.6817861617582195	0.3337537510490402	-0.27475398025334496	3.4376217615263296	3.461506239085449	3년	0.3337537510490402	불리(<1)	3년	10.989871033323162	3.3152036925511483	불리	N	주당순현금<=0	578597687.0	7.003555835562181	12.736975465030188		-1.6537985173528669	91.15160003662109	90.1342499923706	Y	Y	강한 상승추세	단기위험부채 존재
DUK	Duke Energy CORP	0001326160	S&P 500	제외	PEG=불리, PEGY=불리(<1)	120.25	6.31	2025	3.59	245000000.0	44000000.0	289000000.0	80108000000.0	2624000000.0	51842000000.0					-102.72715572715573	-106.10424710424711	35.337108673083314	35.87230540479352	10.507880910683006			29.515761821366013			186.24445709281952			54.8810453994341			1년	29.515761821366013	186.24445709281952	54.8810453994341	0.39895400161647987			-2.18018018018018	-1.8130396508774886	1년	0.3989540016164798	불리(<1)	1년	10.507880910683006	3.362914842055097	불리	N	주당순현금<=0 | FCF<=0	777000000.0	0.3002757629362751	-8.645448955915402		-9.89810134071768	125.2133999633789	124.35400024414062	N	N	중립/개선	단기위험부채 존재
ALGN	ALIGN TECHNOLOGY INC	0001097149	S&P 500	보류	PEG=불리, PEGY=판정불가	157.5800018310547	5.65	2025		1094908000.0	318202000.0	1413110000.0			4049147000.0	2184546000.0	64.95582955400594	35.04417044599405	1.8535416512172322	19.467542844547307	19.467542844547307	24.444683006461485	24.444683006461485	0.533807829181499	7.016113370463617	-24.086097409967156	9.567615658362998	22.532226740927236	-39.67219481993431	54.05702846975094	127.3070810862389	-224.14790073262887	-65.69550206776442	-19.21114379556368	-242.2438749384857	3년	22.532226740927236	127.3070810862389	-19.21114379556368				6.761145092852813	4.290611127230218	판정불가		판정불가	3년	7.016113370463617	3.484077539192644	불리	Y		72588000.0	-7.180304019927297	-16.63316142776474		-20.21669474270541	172.96200073242187	170.06109992980956	N	N	주의	
SO	SOUTHERN CO	0000092122	S&P 500	제외	PEG=불리, PEGY=불리(<1)	88.25	3.92	2025	3.41	1639000000.0		1639000000.0		722000000.0	36016000000.0	116853000000.0	23.560041604249392	76.43995839575061	0.3082163059570572	1.477908025247971	0.8268710550045085	22.13573774866123	22.301818608417218	-1.754385964912288	6.338245126558739	5.994587569440402	4.991228070175424	21.17649025311748	20.489175138880803	19.565614035087663	83.01184179222051	80.31756654441274	-77.82933253814429	-5.935590037143901	-8.98859315080709	3년	21.17649025311748	83.01184179222051	-5.935590037143901	0.07479371385251633	0.4403849213089052	0.4248599109830523	-2.6465284039675385	-2.9988990413229897	3년	0.4403849213089052	불리(<1)	3년	6.338245126558739	3.492407962561637	불리	N	FCF<=0	1109000000.0	-0.8761078175800852	-9.235835695662576		-11.502207260625074	94.02300033569335	92.47590007781983	N	N	주의	단기위험부채 존재
DELL	Dell Technologies Inc.	0001571996	S&P 500	제외	PEG=불리, PEGY=보통	456.239990234375	8.68	2026	53.0	11528000000.0	2187000000.0	13715000000.0	23513000000.0		-2470000000.0	103756000000.0	-2.438639101159094	102.43863910115908	-0.023805852191680483	-14.324561403508772	-14.324561403508772	54.212505949064955	54.212505949064955	303.72093023255815		15.515817208402405	615.9418604651163		39.531634416804806	5346.3753488372095		343.13458673786573	1071.834004750597		-24.79076931384421	5년	39.531634416804806	343.13458673786573	-24.79076931384421	6.580048717314658		1.2638378545492077	12.502923976608187	2.740427021792919	5년	1.2638378545492075	보통	5년	15.515817208402405	3.4940155082329034	불리	N	주당순현금<=0	684000000.0	-2.0860162672657667	197.1279590796153		-7.738977730579855	433.16759826660154	244.7307494354248	Y	Y	강한 상승추세	
PM	Philip Morris International Inc.	0001413329	S&P 500	제외	PEG=불리, PEGY=불리(<1)	191.88999938964844	7.26	2025	3.09	4872000000.0		4872000000.0	14828000000.0	168000000.0	-9994000000.0	77213000000.0	-14.867820110385457	114.86782011038545	-0.12943416264100605	-6.390243902439025	-6.498074454428755	27.311328277147034	27.326180970258566	60.61946902654868	7.709372585660357	41.71851076645543	129.73893805309734	23.918745171320715	91.93702153291086	941.9046902654867	173.6500899437884	667.4627763289328	390.8565809898575	-9.50539866792245	247.8361449017438	3년	23.918745171320715	173.6500899437884	-9.50539866792245	2.3327122130437745	0.39541733291298087	1.6406565917172655	6.844672657252889	3.5669772677179585	3년	0.3954173329129808	불리(<1)	3년	7.709372585660357	3.5426136139725366	불리	N	주당순현금<=0	1558000000.0	11.13749294548354	4.3901597997414665		-4.136483416614956	187.065	173.62294998168946	Y	Y	강한 상승추세	단기위험부채 존재
PLD	Prologis, Inc.	0001045609	S&P 500	제외	PEG=불리, PEGY=불리(<1)	140.6999969482422	1.49	2025	3.02	1145647000.0		1145647000.0	35037073000.0		53193178000.0	40970248000.0	56.49027468478048	43.50972531521952	1.2983367345006065	-35.42045625564362	-35.42045625564362	118.20164644556094	118.20164644556094	8.759124087591232	33.234053078207104	31.425771273344495	26.018248175182464	74.96810615641421	71.35154254668899	38.76718978102187	111.70247817305717	106.31379839456659	-72.44691498089887	-20.60946652745985	-24.439374057928998	3년	74.96810615641421	111.70247817305717	-20.60946652745985	0.09965279200248904	0.3067136048304057	0.2914153254981002			3년	0.3067136048304057	불리(<1)	3년	33.234053078207104	3.556642524684132	불리	N	주당순현금<=0 | FCF<=0	956832000.0	1.208453908898388	-1.4153617258853557		-6.237505506220453	142.4559991455078	136.96939990997313	N	Y	상승전환	
BAC	BANK OF AMERICA CORP /DE/	0000070858	S&P 500	제외	PEG=불리, PEGY=불리(<1)	62.31999969482422	3.81	2025	2.06	161560000000.0		161560000000.0	317816000000.0	45999000000.0	303243000000.0	3108495000000.0	8.888226469910645	91.11177353008935	0.09755299590316215	-20.343449335364344	-26.33220065356924	21.69644331501012	23.268294054696447	18.691588785046733	6.09903426261329	15.29664601415619	45.883177570093466	20.69806852522658	39.093292028312376	174.8149065420561	78.85964108111328	148.94544262787016	180.51172560672327	26.53986114775721	139.00103234474238	3년	20.69806852522658	78.85964108111328	26.539861147757215	0.9564511788294021	0.3760539985357265	0.7999765566252255			3년	0.3760539985357265	불리(<1)	3년	6.09903426261329	3.557357178333626	불리	N	주당순현금<=0 | FCF<=0	7680900000.0	20.98621961859395	25.115434604748433		-3.841996539991166	61.122799758911135	54.6352499961853	Y	Y	강한 상승추세	단기위험부채 존재
CARR	CARRIER GLOBAL Corp	0001783180	S&P 500	제외	PEG=불리, PEGY=불리(<1)	58.790000915527344	1.72	2025	1.63	1555000000.0		1555000000.0	11365000000.0	325000000.0	14128000000.0	23062000000.0	37.98870664157031	62.01129335842969	0.612609487468563	-11.375231910946196	-11.75208719851577	40.79374001539159	41.01284192676925	-72.03252032520325	-25.140280284035853	11.456573996486764	-135.5650406504065	-41.78056056807171	31.413147992973528	-233.17186991869917	-71.86256417708333	54.03061454791447	-496.61824508853664	-222.23603173665424	-8.095571174512173	5년	31.413147992973528	54.03061454791447	-8.095571174512173	-1.7258167625385705	-0.576320785374554	0.32079858310488724			5년	0.3207985831048872	불리(<1)	5년	11.456573996486764	3.5607276684898355	불리	N	주당순현금<=0 | FCF<=0	862400000.0	-9.706649724434847	-7.910399788518541		-22.64473563746402	66.18559967041016	61.30355001449585	N	N	주의	단기위험부채 존재
AEE	AMEREN CORP	0001002910	S&P 500	제외	PEG=불리, PEGY=불리(<1)	106.12000274658203	5.35	2025	2.78	13000000.0		13000000.0	18214000000.0	643000000.0	13401000000.0					-66.8662747979427	-69.22850844966936	32.3338836531822	32.77542265350493	21.04072398190045	8.922553391323573	8.85719705051664	50.5814479638009	26.345106782647147	26.21439410103328	270.61074660633477	140.94632128716222	140.24700844052805	155.00446626689398	32.817864341510194	32.15888127655104	3년	26.345106782647147	140.94632128716222	32.817864341510194	0.7367108831529456	0.36192848087309315	0.35990718514790426	-2.8471711976487875	-2.6829731661880216	3년	0.3619284808730931	불리(<1)	3년	8.922553391323573	3.623837508736474	불리	N	주당순현금<=0 | FCF<=0	272200000.0	0.9801184171513988	-6.005313275166579		-10.311018407461903	110.73259963989258	107.79484966278076	N	N	중립/개선	단기위험부채 존재
CTAS	CINTAS CORP	0000723254	S&P 500	제외	PEG=불리, PEGY=불리(<1)	204.17999267578125	4.91	2026	1.02	289018000.0	0.0	289018000.0	1429086000.0	0.0	5139887000.0					-2.8066873955248317	-2.8066873955248317	42.15614665403382	42.15614665403382	11.590909090909085	-27.696811943297327	-13.671080138691515	31.68181818181817	-46.89362388659465	-18.84216027738303	155.55772727272722	-230.24769328317976	-92.51500696195068	-23.813432827506098	-212.7670200521515	-145.31051536908214	1년	31.68181818181817	155.55772727272722	-23.813432827506098	0.29914757613887316	-0.6328095440560075	-0.3001004869471618	4.631188807401335	2.2681893297720066	1년	0.2991475761388731	불리(<1)	1년	11.590909090909085	3.6370008877989983	불리	N	주당순현금<=0	406197000.0	18.091382234532794	1.2797552054343075		-5.703600504844431	194.21939880371093	186.4811496734619	Y	Y	강한 상승추세	
ABT	ABBOTT LABORATORIES	0000001800	S&P 500	제외	PEG=불리, PEGY=불리(<1)	112.47000122070312	3.72	2025	2.26	8522000000.0	417000000.0	8939000000.0	9896000000.0	0.0	52130000000.0					-0.5474828375286042	-0.5474828375286042	30.381044101675194	30.381044101675194	-51.30890052356021	-1.6467472577444189	8.273103706617114	-94.11780104712042	5.206505484511163	25.046207413234228	-350.118219895288	19.368200402381525	93.17189157723134	-411.2992052060539	-82.77922984603268	-17.15845063929763	5년	25.046207413234228	93.17189157723134	-17.15845063929763	-1.6144573688583561	0.020185374149855724	0.34669985900966205	4.230549199084668	3.7614912004694827	3년	0.0201853741498557	불리(<1)	5년	8.273103706617114	3.672266803252495	불리	N	주당순현금<=0	1748000000.0	28.12713919429839	-1.4458477796771008		-17.676763841024457	102.44619964599609	106.79954986572265	Y	Y	상승전환	
KEY	KEYCORP /NEW/	0000091576	S&P 500	보류	PEG=불리, PEGY=불리(<1)	21.90999984741211	1.52	2025	3.72	1287000000.0	10163000000.0	11450000000.0	9917000000.0	343000000.0	20381000000.0	164000000000.0	11.053741979922009	88.94625802007799	0.12427439024390244	1.3835814995388063	1.074013036171676	13.504222597285068	13.707886060026603	575.0	-7.651730931537582	3.659228783256574	1158.5	-6.803461863075164	15.818457566513148	1760.92	-10.34126203187425	24.044055501099987	7937.060758847931	-147.19882292968478	9.740098897992189	5년	15.818457566513148	24.044055501099987	9.740098897992189	42.854743827782265	-0.2911482614577184	0.5464386217048968	1.8556057162764419	8.469218298491297	5년	0.5464386217048968	불리(<1)	5년	3.659228783256574	3.690455939534567	불리	Y		1107994000.0	4.832537068499998	4.782400800083053		-8.670279047731345	22.835600051879883	21.31490002632141	N	Y	상승전환	단기위험부채 존재
AMD	ADVANCED MICRO DEVICES INC	0000002488	S&P 500	보류	PEG=불리, PEGY=판정불가	465.5799865722656	2.65	2025		5539000000.0	5013000000.0	10552000000.0	2348000000.0	874000000.0	62999000000.0					5.014669926650367	4.480440097799511	173.7982326964586	173.9998288582891	165.0	46.66355102918431	12.817266899716717	338.5	101.82710205836862	34.134533799433434	897.025	269.84182045467685	90.4565145684986	92.66829027685601	-42.041791263123166	-80.57121930122779	3년	101.82710205836862	269.84182045467685	-42.041791263123166				4.1167481662591685	0.8842193146161325	판정불가		판정불가	3년	46.66355102918431	3.724496504515092	불리	Y		1636000000.0	-8.733071547277627	134.40741013892858		-19.85333216917785	506.075400390625	335.55080047607424	N	Y	중립/개선	단기위험부채 존재
SHW	SHERWIN WILLIAMS CO	0000089800	S&P 500	제외	PEG=불리, PEGY=안심	344.8599853515625	10.26	2025	92.0	207200000.0		207200000.0	9320700000.0	1200500000.0	4598300000.0					-36.39576677316294	-41.19009584664537	37.159430031649656	37.62671356707679	-2.7488151658767856	9.945304600039684	18.130624645897143	3.0023696682464287	28.390609200079368	44.761249291794286	30.804312796208357	291.2876503928143	459.25041773380934	-91.06758855632225	-15.534517553300542	33.17010880970523	3년	28.390609200079368	291.2876503928143	-15.534517553300542	2.401844828031691	2.743457165871764	2.9637328815887654	13.284496805111822	3.85214213576247	3년	2.743457165871764	안심	3년	9.945304600039684	3.7363792790721946	불리	N	주당순현금<=0	250400000.0	16.957200869553347	-3.156422510334289		-8.093709123887793	342.34380126953124	334.2695994567871	Y	Y	상승전환	단기위험부채 존재
TER	TERADYNE, INC	0000097210	S&P 500	보류	PEG=불리, PEGY=불리(<1)	354.9700012207031	3.47	2025	14.000000000000002	293751000.0	586882000.0	880633000.0	171059000.0	200000000.0	2795752000.0	1387847000.0	66.82648121868276	33.173518781317235	2.014452601763739	4.442639886300315	3.190440711499571	101.01653064392012	101.37739495942466	4.518072289156637	-6.31450812985902	27.007110355932152	17.536144578313277	-4.129016259718039	62.514220711864304	60.850421686747076	-14.327686421221596	216.92434587016916	-82.85758754895086	-104.03630908864136	-38.88938639203595	5년	62.514220711864304	216.92434587016916	-38.88938639203595	0.18331724690122472	0.07608152666846264	0.4059445527829583	2.819990107626519	0.7944305428427417	3년	0.0760815266684626	불리(<1)	5년	27.007110355932152	3.740367973937341	불리	Y		159719000.0	-3.9245405451303284	8.943318862389171		-26.63483715537871	381.7647985839844	311.9946491241455	N	Y	중립/개선	단기위험부채 존재
GEHC	GE HealthCare Technologies Inc.	0001932393	S&P 500	제외	PEG=불리, PEGY=보통	71.7249984741211	4.55	2025	19.0	4492000000.0		4492000000.0	9495000000.0	508000000.0	10379000000.0	26307000000.0	28.291446328299624	71.70855367170039	0.3945337742806097	-10.923580786026202	-12.032751091703057	18.164522914318088	18.408296607873442	4.838709677419354			18.177419354838708			82.70725806451613			15.311620528451474			1년	18.177419354838708	82.70725806451613	15.311620528451474	1.3123774177756475					1년	1.3123774177756475	보통	1년	4.838709677419354	3.754001402292405	불리	N	주당순현금<=0 | FCF<=0	458000000.0	14.412187023980504	-10.522710582129625		-18.642246489665183	67.59160018920899	72.81360000610351	Y	N	중립/개선	단기위험부채 존재
IQV	IQVIA HOLDINGS INC.	0001478242	S&P 500	제외	PEG=불리, PEGY=판정불가	261.75	7.84	2025		1980000000.0	46000000.0	2026000000.0	13884000000.0	1840000000.0	6503000000.0	23314000000.0	21.80970587248885	78.19029412751115	0.27893111435189155	-68.34582132564842	-78.95100864553314	42.1040588425572	43.456761306828206	4.672897196261677	11.081058953610356	66.64690241687414	17.845794392523352	30.66211790722071	141.79380483374828	139.9110280373831	240.39100439261037	1111.6634298965864	-46.54784029135316	-8.160074730616863	324.7042712116854	3년	30.66211790722071	240.39100439261037	-8.160074730616863						판정불가		판정불가	3년	11.081058953610356	3.799642165863502	불리	N	주당순현금<=0 | FCF<=0	173500000.0	40.10811997547095	50.19796498700329		-0.24011162096512217	221.2532000732422	200.77219970703126	Y	Y	강한 상승추세	단기위험부채 존재
AVB	AVALONBAY COMMUNITIES INC	0000915912	S&P 500	제외	PEG=불리, PEGY=불리(<1)	68.13999938964844	7.4	2025	3.8699999999999997	187234000.0		187234000.0	9328552000.0	740000000.0	11611340000.0	10357820000.0	52.85290834970476	47.14709165029523	1.121021604932312	-64.00300751159544	-69.18412314049935	17.857163094762686	18.557313855425377	-2.631578947368412	-3.0476001690547427	4.670255670459733	3.236842105263176	2.4047996618905145	17.840511340919466	23.952631578947503	17.79551749798981	132.01978392280407	-64.84791342310125	-73.88388955475507	93.74785016927956	5년	17.840511340919466	132.01978392280407	93.74785016927956	0.06935150035084818	0.0460543383392437	0.4782537755375319			3년	0.0460543383392437	불리(<1)	5년	4.670255670459733	3.8235943286173137	불리	N	주당순현금<=0 | FCF<=0	142826382.0				-1.1504570129777014			판정불가	판정불가	판정불가	단기위험부채 존재
CPAY	CORPAY, INC.	0001175454	S&P 500	보류	PEG=불리, PEGY=판정불가	407.8800048828125	15.03	2025		2408097000.0		2408097000.0	474939000.0	3345530000.0	3883864000.0					27.205353373300685	-19.876326381266008	25.32765479105202	28.460168414110345	7.587687902648523	6.564477917470324	43.85131319574005	23.675375805297044	21.628955834940648	96.2026263914801	355.84089835361453	325.0832061991579	1445.9254746639458	-12.758435301124715	-20.299303151043844	254.4977584962452	3년	21.628955834940648	325.0832061991579	-20.299303151043844				18.282881589687296	4.482416733063473	판정불가		판정불가	3년	6.564477917470324	3.85828928202294	불리	Y		71058000.0	12.014939558216309	22.85171919086		-4.082397175767594	377.23199951171875	333.706199798584	Y	Y	강한 상승추세	단기위험부채 존재
RTX	RTX Corp	0000101829	S&P 500	제외	PEG=불리, PEGY=불리(<1)	211.7100067138672	4.96	2025	1.38	7435000000.0	750000000.0	8185000000.0	41078000000.0	204000000.0	65245000000.0	103941000000.0	38.56406558462284	61.43593441537716	0.627711875006013	-24.250221173695074	-24.40061928634621	47.57262659023433	47.6029487903656	39.718309859154935	12.323650810265118	122.97071854507217	87.93661971830987	33.147301620530236	254.44143709014435	436.16563380281696	164.41061603782998	1262.0295279671159	106.02032023564605	-22.3415942449824	496.11236500161704	3년	33.147301620530236	164.41061603782998	-22.3415942449824	0.8639066792160592	0.2880574774292196	2.6139132408257395	5.853730462990268	2.7649758052777216	3년	0.2880574774292196	불리(<1)	3년	12.323650810265118	3.860270574252899	불리	N	주당순현금<=0	1356400000.0	21.386389695868836	-0.21210263031427035		-6.111135058584505	205.84919982910156	192.41779991149903	Y	Y	상승전환	단기위험부채 존재
MAR	MARRIOTT INTERNATIONAL INC /MD/	0001048286	S&P 500	제외	PEG=불리, PEGY=안심	351.0799865722656	9.51	2025	83.0	358000000.0		358000000.0	1816000000.0	355000000.0	-3771000000.0					-5.328947368421052	-6.626461988304094	37.47728011994602	37.61371698849313	14.1656662665066	9.516775967882673		36.831332533013196	27.533551935765345		350.2659723889555	261.8440789091284		-0.23186003601562977	-25.41754331666213		3년	27.533551935765345	261.8440789091284	-25.417543316662126	2.5926552288620712	2.468609666223983		8.998538011695906	2.5631019584887857	3년	2.468609666223983	안심	3년	9.516775967882673	3.93802273442443	불리	N	주당순현금<=0	273600000.0	-6.865451366049435	6.236567699165585		-12.783827912825597	366.86059936523435	343.54335021972656	N	Y	중립/개선	단기위험부채 존재
EQIX	EQUINIX INC	0001101239	S&P 500	제외	PEG=불리, PEGY=불리(<1)	1044.4100341796875	13.76	2025	1.92	1727000000.0	1500000000.0	3227000000.0	15334000000.0	1299000000.0	14156000000.0	25963000000.0	35.28502704454249	64.71497295545751	0.5452374532989254	-123.38595436340104	-136.62444075293254	84.86889451621282	85.83099381777762	61.882352941176464	21.50878828113374	89.03782666520712	132.26470588235293	51.51757656226748	186.57565333041424	1819.9623529411763	708.8818534968005	2567.2809898265	74.25745572912194	-32.12609700235419	145.81159753438442	3년	51.51757656226748	708.8818534968005	-32.12609700235419	0.7517754685609587	0.27605860091247036	1.0717451568528575	39.70668446745411	3.801829087044437	3년	0.2760586009124703	불리(<1)	3년	21.50878828113374	3.945777577375425	불리	N	주당순현금<=0	98123000.0	-0.6052690154216278	8.105792420319148		-6.409834846167817	1052.4073974609375	955.1696490478515	N	Y	중립/개선	단기위험부채 존재
TFC	TRUIST FINANCIAL CORP	0000092230	S&P 500	제외	PEG=불리, PEGY=불리(<1)	50.43000030517578	3.82	2025	4.1	20295000000.0		20295000000.0	41963000000.0	27839000000.0	65189000000.0	482349000000.0	11.9058403252377	88.0941596747623	0.1351490310957419	-16.633146541797803	-38.00337760036847	17.555797603919785	23.150098928152946	13.69047619047619	-4.818353706579703	4.400488140687586	35.88095238095238	-1.1367074131594066	17.30097628137517	137.06523809523807	-4.3422223182689335	66.08972939485315	171.79305426490484	-108.61039518538983	31.05240728715635	5년	17.30097628137517	66.08972939485315	31.05240728715635	1.013367583282232	-0.04091831785639364	0.4841983447559018	3.9725186151838487	7.877292467071703	5년	0.4841983447559018	불리(<1)	5년	4.400488140687586	3.989511400245849	불리	N	주당순현금<=0	1302700000.0	7.595479953956685	1.7759860376688863		-9.639851165977465	51.4129997253418	49.532250003814696	N	Y	상승전환	단기위험부채 존재
WMB	WILLIAMS COMPANIES, INC.	0000107263	S&P 500	보류	PEG=불리, PEGY=불리(<1)	73.7300033569336	2.14	2025	2.82	152000000.0		152000000.0		700000000.0	12807000000.0					0.12408163265306123	-0.4473469387755102	34.395290525364736	34.662313222293974	17.582417582417587	8.61732445982799	65.95600451405528	43.664835164835175	25.73464891965598	140.41200902811056	93.44274725274728	55.072148688063805	300.4816993201566	26.736393595945618	-25.305647388276157	307.54331430787767	3년	25.73464891965598	55.072148688063805	-25.305647388276153	0.5931747419714879	0.3325258861062261	1.9995762054498871	0.8204081632653061	1.1127195523017084	3년	0.3325258861062261	불리(<1)	3년	8.61732445982799	3.991411799069162	불리	Y		1225000000.0	5.268421463695616	-3.3175959984597103		-7.14105549116052	73.44459976196289	69.78709985733032	Y	Y	상승전환	단기위험부채 존재
CHTR	CHARTER COMMUNICATIONS, INC. /MO/	0001091667	S&P 500	제외	PEG=불리, PEGY=판정불가	153.6199951171875	36.21	2025		477000000.0		477000000.0	94006000000.0	750000000.0	16054000000.0					-679.0075792662888	-684.4524753354194	22.994409676428507	23.14477963138931	3.545896482699463	5.610772798941088	43.025880490420356	15.591792965398927	19.721545597882177	94.55176098084071	564.5788232770951	714.1171660993136	3423.7192651162422	267.5164960436379	364.85951620722057	2128.69377290664	3년	19.721545597882177	714.1171660993136	364.85951620722057				32.07406777789203	20.87883660810212	판정불가		판정불가	3년	5.610772798941088	4.098260703190157	불리	N	주당순현금<=0	137743676.0	7.727902203364767	-34.01203045386835		-45.667397459466045	140.94320053100586	183.52155033111572	Y	N	중립/개선	단기위험부채 존재
OTIS	Otis Worldwide Corp	0001781335	S&P 500	제외	PEG=불리, PEGY=불리(<1)	71.73999786376953	3.5	2025	2.43	1096000000.0		1096000000.0	6900000000.0	215000000.0	-5392000000.0	15924000000.0	-51.196353968856826	151.1963539688568	-0.33860838985179603	-14.697391744745506	-15.24183337553811	24.696397031004295	24.851951782659324	-14.00491400491401	5.744740983915486	43.261010500751794	-19.50982800982802	19.989481967830972	95.02202100150359	-68.28439803439807	69.9631868874084	332.57707350526255	-195.18316151063527	-2.476736868232421	363.586678852164	3년	19.989481967830972	69.9631868874084	-2.476736868232421	-0.46868836739151293	0.33100945751936084	1.8501083556192626			3년	0.3310094575193608	불리(<1)	3년	5.744740983915486	4.298957446497751	불리	N	주당순현금<=0 | FCF<=0	394900000.0	3.461208036677421	-23.371079086633884		-23.371079086633884	72.51879943847656	80.4488996887207	N	N	중립/개선	단기위험부채 존재
WM	WASTE MANAGEMENT INC	0000823768	S&P 500	보류	PEG=불리, PEGY=불리(<1)	219.66000366210938	6.7	2025	1.71	201000000.0	177000000.0	378000000.0		743000000.0	9990000000.0	35844000000.0	21.7960466029585	78.20395339704149	0.2787077335118848	0.9351806036615536	-0.9030183077684315	32.64549597887281	32.919854025354894	-1.6152716593245144	7.521507767680924	13.738220149762249	5.269456681350971	23.543015535361846	35.9764402995245	35.305359765051506	157.73820408692438	241.04215000681415	-83.92726979129084	-28.18983817847687	9.734201032608425	3년	23.543015535361846	157.73820408692438	-28.18983817847687	0.0029017277218514577	0.2827804415547946	0.4732113783708441	8.000989609104403	3.6424426275672266	3년	0.2827804415547946	불리(<1)	3년	7.521507767680924	4.340286148363344	불리	Y		404200000.0	3.364551945834915	-9.630971718729564		-10.89204958948713	228.22720092773437	224.86704986572266	N	N	중립/개선	단기위험부채 존재
YUM	YUM BRANDS INC	0001041061	S&P 500	제외	PEG=불리, PEGY=불리(<1)	153.86000061035156	5.55	2025	1.99	709000000.0	0.0	709000000.0	2884000000.0	38000000.0	-7926000000.0	15521000000.0	-104.35813034891378	204.35813034891373	-0.5106629727466013	-7.740213523131673	-7.875444839857651	29.11715569972671	29.141521702740402	6.321839080459772	6.690461655968871	38.731105019357614	21.143678160919542	21.880923311937742	85.96221003871523	117.34741379310346	121.43912438125447	477.0902657148695	-23.73104554296458	-21.07167301474444	210.08076421570695	3년	21.880923311937742	121.43912438125447	-21.07167301474444	0.28546191689107137	0.29812189574719844	1.3985261966964657	5.832740213523132	3.790939939155772	3년	0.2981218957471984	불리(<1)	3년	6.690461655968871	4.352039843730356	불리	N	주당순현금<=0	281000000.0	4.304797193400578	-5.561010103375208		-8.503807528745888	153.205400390625	154.7723501586914	Y	N	중립/개선	단기위험부채 존재
ADSK	Autodesk, Inc.	0000769397	S&P 500	보류	PEG=불리, PEGY=불리(<1)	260.6600036621094	5.23	2026	0.023018491198126937	2249000000.0	348000000.0	2597000000.0	2500000000.0		3045000000.0					0.4511627906976744	0.4511627906976744	49.753124449600705	49.753124449600705	2.148437500000006	11.430299124308885	4.988943736048346	12.796875000000012	31.36059824861777	18.47788747209669	66.92765625000007	164.01592884027096	96.6393514790657	-74.3237722283018	-37.07667976062682	-62.92513230977384	3년	31.36059824861777	164.01592884027096	-37.07667976062682	0.043644615593896846	0.230202982068173	0.10073663277817915	11.204651162790698	4.2985694028130075	3년	0.230202982068173	불리(<1)	3년	11.430299124308885	4.352740370878872	불리	Y		215000000.0	5.037072781889451	5.556005946812359		-20.236238304000043	225.66019958496094	248.4463500213623	Y	Y	상승전환	
BMY	BRISTOL MYERS SQUIBB CO	0000014272	S&P 500	제외	PEG=불리, PEGY=불리(<1)	66.58000183105469	3.46	2025	3.76	10209000000.0	130000000.0	10339000000.0	42850000000.0	2261000000.0	18473000000.0	71533000000.0	20.524187276403797	79.4758127235962	0.25824444661904294	-15.944580676802355	-17.053457577243748	23.8510354068951	24.17152006020186	178.4580498866213	5.459253851176027		365.4160997732426	19.418507702352052		1264.3397052154194	67.1880366501381		1798.9781772966214	0.9132394147814747		3년	19.418507702352052	67.1880366501381	0.9132394147814749	7.639838136081247	0.3865347434145702		6.299656694458068	9.46178510244459	3년	0.3865347434145702	불리(<1)	3년	5.459253851176027	4.368918547679759	불리	N	주당순현금<=0	2039000000.0	21.164696827372897	6.801414289523033		-1.9729039664540315	61.66640007019043	57.65550003051758	Y	Y	강한 상승추세	단기위험부채 존재
AME	AMETEK INC/	0001037868	S&P 500	제외	PEG=불리, PEGY=양호	236.25	6.4	2025	56.00000000000001	457951000.0	4563000.0	462514000.0	1074334000.0	273315000.0	10628786000.0	5438757000.0	66.1506616164027	33.84933838359729	1.9542674916345775	-2.6456051440160167	-3.8274618501334	37.3274383037525	37.51210341408334	7.925801011804396	8.504416556765815	11.164911034441637	24.35160202360879	25.50883311353163	30.829822068883274	155.85025295109628	163.25653192660243	197.31086124085297	-34.03163896249893	-30.896706062813784	-16.482175136146893	3년	25.50883311353163	163.25653192660243	-30.896706062813784	1.7125686603941954	1.7280697387230357	1.7993442380879805	7.227891671243065	3.0594250460288106	3년	1.7280697387230357	양호	3년	8.504416556765815	4.389182732830285	불리	N	주당순현금<=0	231259000.0	5.770952433034271	-2.1577100012430184		-8.614416664118817	241.71180023193358	224.9922998046875	N	Y	상승전환	단기위험부채 존재
MKC	MCCORMICK & CO INC	0000063754	S&P 500	제외	PEG=불리, PEGY=불리(<1)	55.33000183105469	2.93	2025	3.52	95900000.0		95900000.0	3105800000.0	381400000.0	5736500000.0	7432300000.0	43.56129639754571	56.43870360245429	0.7718337526741386	-11.17260579064588	-12.588344469190794	22.697135707065037	23.180322969367054	0.34246575342466545	5.153167622194932	31.68223228750233	9.184931506849331	18.806335244389864	71.86446457500466	26.91184931506854	55.10256226606231	210.56288120476367	-51.36119930514097	-0.4110601074745035	280.5582400804883	3년	18.806335244389864	55.10256226606231	-0.4110601074745035	0.17017414898842848	0.3821260856053831	1.5509548315625032	2.599109131403118	4.697468001789102	3년	0.3821260856053831	불리(<1)	3년	5.153167622194932	4.404501730024736	불리	N	주당순현금<=0	269400000.0	18.78488547882884	-20.84406205546362		-22.777389179719254	52.22939994812012	57.419449996948245	Y	N	중립/개선	단기위험부채 존재
COST	COSTCO WHOLESALE CORP /NEW	0000909832	S&P 500	보류	PEG=불리, PEGY=보통	945.469970703125	18.21	2025	63.0	14161000000.0	1123000000.0	15284000000.0	5713000000.0	36000000.0	29164000000.0	47935000000.0	37.82669035914863	62.17330964085137	0.6084072181078544	21.517390844935846	21.436456139009852	50.738746834606765	50.74319135442697	9.963768115942043	11.49058481522638	42.2175267261373	28.427536231884087	31.481169630452758	92.9350534522746	517.6654347826093	573.2720989705448	1692.3473233659206	-45.24781845819672	-39.36644031706104	78.99535424772502	3년	31.481169630452758	573.2720989705448	-39.366440317061034	1.4380285810720206	1.4681203116435562	2.0737115772511125	17.619035842833792	1.8635214643285718	3년	1.4681203116435562	보통	3년	11.490584815226379	4.415680111196076	불리	Y		444803000.0	-0.06764696053807029	-5.714176502296131		-13.602052680361098	945.7801965332031	959.9375982666015	N	N	주의	단기위험부채 존재
SNA	Snap-on Inc	0000091440	S&P 500	제외	PEG=불리, PEGY=불리(<1)	391.8599853515625	19.19	2025	2.47	1624500000.0		1624500000.0	1186400000.0	193600000.0	5931800000.0	2455500000.0	70.72359400522218	29.27640599477782	2.415719812665445	8.266037735849057	4.613207547169812	19.98926251254369	20.179613225867257	-1.6401845207585868	4.491988613427633	38.10274863898202	5.219630958482826	17.483977226855266	84.70549727796404	100.16471809328544	335.5175229833526	1625.49849276413	-74.4386459864175	-14.37821274802057	314.81614697295316	3년	17.483977226855266	335.5175229833526	-14.37821274802057	0.04151306126079871	0.34828641672292	2.0297271404346087			3년	0.34828641672292	불리(<1)	3년	4.491988613427633	4.449980672878596	불리	N	FCF<=0	53000000.0	6.934089861668635	0.5826610115787334		-6.5464721487341615	403.5019989013672	375.3466491699219	N	Y	상승전환	단기위험부채 존재
LOW	LOWES COMPANIES INC	0000060667	S&P 500	제외	PEG=불리, PEGY=불리(<1)	208.0500030517578	11.85	2025	2.38	982000000.0	370000000.0	1352000000.0	39819000000.0	0.0	-9917000000.0	64061000000.0	-18.31597222222222	118.31597222222223	-0.15480557593543653	-68.69107142857143	-68.69107142857143	23.353677171335804	23.353677171335804	-3.1071136549468585	5.228278564465261	8.863759852581033	2.285772690106283	18.95655712893052	26.227519705162067	27.086406377759452	224.63520197782665	310.79610850617047	-86.98081904328498	7.971736929964313	49.38529389439705	3년	18.95655712893052	224.63520197782665	7.971736929964313	-0.03113486795301404	0.32578503627701194	0.48145565129167633	13.6625	6.566930929869345	3년	0.3257850362770119	불리(<1)	3년	5.228278564465261	4.466800474263631	불리	N	주당순현금<=0	560000000.0	0.1685152184199845	-19.100209126745426		-27.607087077724625	214.98739959716798	236.95105056762696	N	N	중립/개선	
BEN	FRANKLIN RESOURCES INC	0000038777	S&P 500	보류	PEG=불리, PEGY=불리(<1)	34.650001525878906	0.91	2025	3.79	4647200000.0	58700000.0	4705900000.0	1850750000.0	0.0	12077800000.0	18179500000.0	39.916978712575144	60.083021287424856	0.6643637063725625	5.518264398917665	5.518264398917665	32.01289794171565	32.01289794171565	7.058823529411772	-28.882967962082805	-10.560604841265263	22.617647058823543	-49.26593592416561	-12.621209682530527	20.582058823529426	-44.83200169099071	-11.48530081110278	-40.600121451199975	-229.3852805677576	-133.14660982777966	1년	22.617647058823543	20.582058823529426	-40.600121451199975	0.33888914240640455	-0.7838393140092588	-0.21149615550557713	1.761886354851179	5.08480888099034	1년	0.3388891424064045	불리(<1)	1년	7.058823529411772	4.535160541743046	불리	Y		517400000.0	11.990953224895563	28.333338984736688		-3.131112433748029	33.66400032043457	28.249900064468385	Y	Y	강한 상승추세	
UBER	Uber Technologies, Inc	0001543151	S&P 500	제외	PEG=불리, PEGY=판정불가	78.81999969482422	4.73	2025		7105000000.0	528000000.0	7633000000.0	10521000000.0	0.0	27041000000.0	33719000000.0	44.504608294930875	55.49539170506912	0.8019514220469172	-1.362464021844714	-1.362464021844714	16.951895077519858	16.951895077519858	3.728070175438615			15.95614035087723			75.4725438596493			-4.246962507149976			1년	15.95614035087723	75.4725438596493	-4.246962507149976				4.605864350855243	5.843522416503753	판정불가		판정불가	1년	3.728070175438615	4.54709656197001	불리	N	주당순현금<=0	2119689000.0	6.84560564126373	3.7788056114575808		-21.258740363316196	73.6852000427246	76.73990013122558	Y	Y	상승전환	
ED	CONSOLIDATED EDISON INC	0001047862	S&P 500	제외	PEG=불리, PEGY=불리(<1)	107.48999786376953	5.64	2025	3.29	1629000000.0		1629000000.0	25551000000.0	400000000.0	24190000000.0					-66.69082798996376	-67.80596598829105	30.883125151371154	31.080844654620673	7.633587786259531	6.569042175811535	11.45025129540247	23.76717557251906	21.63808435162307	31.40050259080494	134.0468702290075	122.03879574315411	177.09883461213985	24.706366074074705	13.53502481023714	64.75843160457686	3년	21.63808435162307	122.03879574315411	13.53502481023714	0.35370733151902356	0.3192371927221819	0.4772914406542186	0.9339280735991079	0.8688511416501729	3년	0.3192371927221819	불리(<1)	3년	6.569042175811535	4.701313269853664	불리	N	주당순현금<=0	358700000.0	3.7548257209869984	-4.078172224155785		-6.9028246006412335	109.83799987792969	107.1204497909546	N	Y	상승전환	단기위험부채 존재
KMI	KINDER MORGAN, INC.	0001506307	S&P 500	제외	PEG=불리, PEGY=불리(<1)	31.559999465942383	1.37	2025	3.74	63000000.0	0.0	63000000.0	30777000000.0	1000000000.0	31162000000.0	40299000000.0	43.60700242090091	56.39299757909909	0.7732698081838258	-13.816464237516868	-14.266306792622583	33.12150635288996	33.44985858289414	17.09401709401711	6.94673115572082		42.68803418803422	22.39346231144164		58.48260683760689	30.679043366675046		85.30610845135702	-2.7913691830635523		3년	22.39346231144164	30.679043366675046	-2.7913691830635523	0.629017801063848	0.32265232872744537		1.3004948268106162	4.1207061115892305	3년	0.3226523287274453	불리(<1)	3년	6.94673115572082	4.767926901217922	불리	N	주당순현금<=0	2223000000.0	2.301455674856734	-6.875184318881233		-8.015161169563234	32.01560031890869	30.95830014228821	N	Y	상승전환	단기위험부채 존재
CMS	CMS ENERGY CORP	0000811156	S&P 500	제외	PEG=불리, PEGY=불리(<1)	68.20999908447266	3.53	2025	3.29	509000000.0		509000000.0	17807000000.0	950000000.0	9144000000.0					-57.46843853820598	-60.62458471760797	35.60295683362001	36.497049235716894	6.006006006005998	7.393158422805435	45.03820062775774	20.512012012011994	23.28631684561087	98.57640125551548	72.40740240240234	82.20069846500637	347.9746964319696	6.153648107708576	20.51121473144626	410.1520321104691	3년	23.28631684561087	82.20069846500637	20.51121473144626	0.2611020778259558	0.30006379730565763	1.3574209820157754	-0.46179401993355484	-0.6770180708574115	3년	0.3000637973056576	불리(<1)	3년	7.393158422805435	4.815662643424052	불리	N	주당순현금<=0 | FCF<=0	301000000.0	-3.357895558369406	-12.64088436875067		-14.673508880027065	73.05939971923829	73.6860997390747	N	N	주의	단기위험부채 존재
HLT	Hilton Worldwide Holdings Inc.	0001585689	S&P 500	보류	PEG=불리, PEGY=불리(<1)	321.8500061035156	6.12	2025	18.0	918000000.0		918000000.0		46000000.0	-5388000000.0	22120000000.0	-32.201769065264166	132.2017690652642	-0.24358047016274864	3.857142857142857	3.6638655462184873	51.95961817751189	51.991199437466854	-0.3257328990227944	10.548046712372283		7.848534201954411	29.596093424744566		48.033029315960995	181.12809175943676		-85.07595823984161	-43.72282481760119		3년	29.596093424744566	181.12809175943676	-43.72282481760119	0.3401539064547365	0.5494275692104271		8.521008403361344	2.6475091632034204	3년	0.5494275692104271	불리(<1)	3년	10.548046712372283	4.925994318603661	불리	Y		238000000.0	-3.2466520340083127	5.593838252424033		-8.100621043430689	327.98199951171875	311.77345001220704	N	Y	중립/개선	단기위험부채 존재
HUBB	HUBBELL INC	0000048898	S&P 500	제외	PEG=불리, PEGY=불리(<1)	459.6600036621094	4.19	2025	1.21	482500000.0	15400000.0	497900000.0	2036300000.0	56100000.0	3847900000.0	4370900000.0	46.818270307100796	53.181729692899204	0.8803450090370404	-28.755140186915888	-29.80373831775701	116.56686010716592	116.81712219089889	-70.84203201113432	-25.34455002230137	23.13753669964718	-133.18406402226864	-42.18910004460274	54.77507339929436	-558.0412282533057	-176.7723291868855	229.50755754304336	-221.40304220671663	-138.4571917892662	-50.07014843263333	5년	54.77507339929436	229.50755754304336	-50.07014843263333	-0.5973570185138213	-0.20704469520851151	0.20887185841038555			5년	0.2088718584103855	불리(<1)	5년	23.13753669964718	5.037997848273253	불리	N	주당순현금<=0 | FCF<=0	53500000.0	-0.7063679315248095	-11.087465467167245		-17.601501518521058	492.27540283203126	485.1785513305664	N	N	주의	단기위험부채 존재
CL	COLGATE PALMOLIVE CO	0000021665	S&P 500	제외	PEG=불리, PEGY=불리(<1)	90.75	2.63	2025	2.33	1288000000.0	107000000.0	1395000000.0	6871000000.0	1115000000.0	54000000.0	15965000000.0	0.33709969411324053	99.66290030588677	0.0033823989978077045	-6.751325360621379	-8.126001726051042	37.07274728540737	37.59543791865059	-25.07122507122507	7.281634513092983	28.522420757238454	-41.64245014245014	23.063269026185964	65.5448415144769	-109.51964387464386	60.65639753886908	172.38293318307424	-220.68280316765163	-33.16099444752718	89.95364538079806	3년	23.063269026185964	60.65639753886908	-33.16099444752718	-0.6134216300764013	0.259264155394179	0.8322129600948844	4.3175933916902975	4.757678668529254	3년	0.259264155394179	불리(<1)	3년	7.281634513092983	5.091267244840083	불리	N	주당순현금<=0	811100000.0	2.6235436919798794	-6.731760376485907		-8.46277934365659	91.91219985961914	87.4470001220703	N	Y	상승전환	단기위험부채 존재
VRTX	VERTEX PHARMACEUTICALS INC / MA	0000875320	S&P 500	보류	PEG=불리, PEGY=판정불가	541.6900024414062	15.32	2025		5084800000.0	1523300000.0	6608100000.0			18665800000.0	6977200000.0	72.79101509183793	27.20898490816207	2.675256549905406	25.61279069767442	25.61279069767442	33.68650207204516	33.68650207204516	836.5384615384615	6.118290879552779	46.11882992489094	1681.576923076923	20.736581759105558	100.73765984978188	25761.758461538462	317.68443254949716	1543.3009488986584	4655.812059559853	-41.353092891194606	184.90482415089335	3년	20.736581759105558	317.68443254949716	-41.353092891194606				12.37906976744186	2.2852682736711363	판정불가		판정불가	3년	6.118290879552779	5.5058680169367005	불리	Y		258000000.0	23.560677459614855	11.451968767751763		-2.018625963165388	500.54859924316406	463.22824920654296	Y	Y	강한 상승추세	
PSA	Public Storage	0001393311	S&P 500	제외	PEG=불리, PEGY=불리(<1)	313.510009765625	9.01	2025	3.86	318095000.0		318095000.0	10253881000.0	700000000.0	9248128000.0	10866770000.0	45.976509550284575	54.023490449715425	0.851046631151667	-56.484781298677674	-60.464269877545455	41.064904668624045	41.506579316667086	-15.319548872180459	-27.352783933755788	7.4520805832128945	-22.139097744360917	-46.205567867511576	23.404161166425787	-199.47327067669187	-416.3121664862793	210.87149210949633	-163.62580602316808	-232.7907095526256	-32.738513750441186	5년	23.404161166425787	210.87149210949633	-32.738513750441186	-0.27905942957019003	-0.5720890897795174	0.2754683268960801			5년	0.2754683268960801	불리(<1)	5년	7.4520805832128945	5.510528799316781	불리	N	주당순현금<=0 | FCF<=0	175902000.0	5.987161157373522	0.8265283669003143		-5.132082002127469	322.02360107421873	297.0159004211426	N	Y	상승전환	단기위험부채 존재
PG	PROCTER & GAMBLE Co	0000080424	S&P 500	제외	PEG=불리, PEGY=불리(<1)	143.77999877929688	6.62	2026	3.0	4239000000.0		4239000000.0	22842000000.0	4837000000.0	54311000000.0	72210000000.0	42.92647070446803	57.07352929553197	0.7521257443567373	-7.679256965944273	-9.675954592363261	22.87904165335969	23.180657609012105	1.6897081413210495	3.912707147347039	3.77650968724621	11.879416282642099	16.325414294694077	16.053019374492422	78.6417357910907	108.07424263087479	106.27098825913984	-45.30411986453956	-24.833604431469382	-26.087780524837523	3년	16.325414294694077	108.07424263087479	-24.833604431469382	0.20497834709927135	0.3021414643183683	0.29618852878180363	6.252631578947368	4.34874922244588	3년	0.3021414643183683	불리(<1)	3년	3.9127071473470387	5.847368788863366	불리	N	주당순현금<=0	2422500000.0	2.495010001751252	-12.066538065178767		-14.007176194025362	147.06280029296875	147.59895065307617	N	N	중립/개선	단기위험부채 존재
PNW	PINNACLE WEST CAPITAL CORP	0000764622	S&P 500	제외	PEG=불리, PEGY=불리(<1)	97.63999938964844	5.05	2025	3.69	6604000.0		6604000.0	9205676000.0	757005000.0	7046458000.0					-75.42015725049397	-81.62659156684786	34.26933794854305	35.498334842870555	-3.62595419847329	5.834499340033372	0.7285270633833552	1.2480916030534202	20.168998680066743	9.95705412676671	6.3028625954197715	101.85344333433704	50.28312334017188	-93.54479451575254	4.315284689704035	-48.50151202940013	3년	20.168998680066743	101.85344333433704	4.315284689704035	0.0018688952095566502	0.2779306490932167	0.1289352910761793			3년	0.2779306490932167	불리(<1)	3년	5.834499340033372	5.873569598920724	불리	N	주당순현금<=0 | FCF<=0	121971000.0	0.164132157575958	-2.874763179887363		-10.725064517107885	103.57680053710938	98.29175018310546	N	N	중립/개선	단기위험부채 존재
NI	NISOURCE INC.	0001111711	S&P 500	제외	PEG=불리, PEGY=불리(<1)	40.56999969482422	1.95	2025	2.93	110100000.0		110100000.0	6427700000.0	736000000.0	9450100000.0					-13.31422550052687	-14.865331928345627	27.632935997615945	28.428375191369152	20.37037037037036	4.679561967174672	61.04691919843306	49.24074074074072	17.859123934349345	130.59383839686612	96.0194444444444	34.82529167198122	254.65798487388892	136.67598019897008	-14.159990303317382	527.7002385740153	3년	17.859123934349345	34.82529167198122	-14.159990303317382	0.8432100871358953	0.2753801466420793	2.315241464169885	-0.8851422550052687	-2.181765495842959	3년	0.2753801466420793	불리(<1)	3년	4.679561967174672	5.905026195069189	불리	N	주당순현금<=0 | FCF<=0	474500000.0	-10.044343531178257	-13.772581609591473		-17.339042010479066	44.821800003051756	45.101549949646	N	N	주의	단기위험부채 존재
REG	REGENCY CENTERS CORP	0000910606	S&P 500	제외	PEG=불리, PEGY=불리(<1)	75.5199966430664	0.46	2018	3.95	120661000.0		120661000.0	4739301000.0		6906890000.0	5819677000.0	54.27143077940815	45.72856922059185	1.1868167253955846	-27.255045438451553	-27.255045438451553	223.42400452503904	223.42400452503904	-7.9999999999999964	36.71886432341158	-1.6538041668570203	-7.499999999999993	81.93772864682316	5.1923916662859595	-3.449999999999997	37.691355177538654	2.3885001664915415	-104.56832647425276	-50.09089399767716	-96.83726129149552	3년	81.93772864682316	37.691355177538654	-50.09089399767716	-0.01812696898262834	0.18202549188869202	0.010277301393931673			3년	0.182025491888692	불리(<1)	3년	36.71886432341158	6.0847199019329725	불리	N	주당순현금<=0 | FCF<=0	169460000.0	-0.814293080577988	-5.05406616317523		-8.659897962846475	79.04320007324219	75.78830013275146	N	N	주의	
CHRW	C. H. ROBINSON WORLDWIDE, INC.	0001043277	S&P 500	제외	PEG=불리, PEGY=불리(<1)	150.38999938964844	4.83	2025	1.67	160871000.0		160871000.0	1089438000.0	0.0	1845647000.0	3212734000.0	36.48691152366735	63.51308847633265	0.574478621635031	-7.642400948132541	-7.642400948132541	32.718923465379085	32.718923465379085	25.129533678756484	-13.256194627034546	5.361231500071417	58.75906735751297	-18.01238925406909	19.222463000142834	283.8062953367876	-86.99984009715371	92.84449629068989	88.71354244870248	-157.84948497256397	-38.264182015097134	5년	19.222463000142834	92.84449629068989	-38.264182015097134	0.8190836017912969	-0.35411295360295886	0.2148980087169244	7.365236786225741	4.897424573520346	5년	0.2148980087169244	불리(<1)	5년	5.361231500071417	6.102874584867905	불리	N	주당순현금<=0	121502000.0	-16.398910500912223	-19.680626480680687		-28.187374317363723	171.62140045166015	172.84310050964356	N	N	주의	
AAPL	Apple Inc.	0000320193	S&P 500	제외	PEG=불리, PEGY=불리(<1)	319.70001220703125	7.46	2025	34.0	35934000000.0	18763000000.0	54697000000.0	78328000000.0	7979000000.0	73733000000.0	285508000000.0	20.524661717342955	79.47533828265705	0.2582519579136136	-1.5749068441701954	-2.106673663586809	43.06634303635408	43.13762545182548	22.69736842105263	6.880679389561806	59.17805489937251	53.89473684210526	22.26135877912361	126.85610979874502	402.0547368421052	166.06973649226214	946.3465790986379	25.76000046623168	-48.05451043126055	196.0108048059138	3년	22.26135877912361	166.06973649226214	-48.05451043126055	1.3165122558279918	0.9492489147511953	2.163593384762599	6.582405496092323	2.058931887631487	3년	0.9492489147511952	불리(<1)	3년	6.880679389561806	6.259024813986682	불리	N	주당순현금<=0	15004697000.0	4.371393279736524	20.769118590510296		-5.9927002969649035	311.99999938964845	282.6021495056152	Y	Y	강한 상승추세	단기위험부채 존재
PAYX	PAYCHEX INC	0000723531	S&P 500	제외	PEG=불리, PEGY=불리(<1)	127.04000091552734	4.89	2026	3.76	1088200000.0	36300000.0	1124500000.0	4556100000.0	0.0	3735100000.0	12439400000.0	23.09252217997465	76.90747782002535	0.3002636783124588	-9.532222222222222	-9.532222222222222	27.928879987269852	27.928879987269852	6.768558951965057	4.379080767859933	10.04574277704604	22.037117903930113	17.258161535719864	28.59148555409208	107.76150655021824	84.39240990967014	139.81236435951027	-15.175137142928662	-33.57020678409381	10.053812462167455	3년	17.258161535719864	84.39240990967014	-33.57020678409381	0.3769774855548821	0.2914216671620836	0.49431780949822474	6.4494444444444445	5.076703713764038	3년	0.2914216671620836	불리(<1)	3년	4.379080767859933	6.377795128204214	불리	N	주당순현금<=0	360000000.0	24.014054947130468	34.79045189976375		-8.905783163930437	113.6018002319336	103.69464996337891	Y	Y	강한 상승추세	
REGN	REGENERON PHARMACEUTICALS, INC.	0000872589	S&P 500	제외	PEG=불리, PEGY=안심	794.1900024414062	41.48	2025	46.0	3118100000.0	5487100000.0	8605200000.0	1985900000.0		31256900000.0	9301800000.0	77.06583297788144	22.934167022118558	3.360306607323314	60.951197053407	60.951197053407	17.67692394860172	17.67692394860172	8.189880020865917	2.765976893685007	32.28413389720095	24.879760041731835	14.031953787370014	73.0682677944019	1032.0124465310364	582.0454431001082	3030.8717481117906	29.94528303788062	-26.712066217044796	281.6305592861454	3년	14.031953787370014	582.0454431001082	-26.712066217044793	3.065571825642914	2.7587365898885645	4.428606137856546			3년	2.7587365898885645	안심	3년	2.765976893685007	6.390842956410752	불리	N	FCF<=0	108600000.0	32.21956480364767	0.42741048965584394		-5.548026131501127	716.6203991699218	728.687548828125	Y	Y	상승전환	
AMGN	AMGEN INC	0000318154	S&P 500	제외	PEG=불리, PEGY=불리(<1)	432.4200134277344	14.23	2025	2.29	9129000000.0	0.0	9129000000.0	50005000000.0	0.0	8658000000.0					-75.41697416974169	-75.41697416974169	35.68777144044105	35.68777144044105	88.22751322751324	5.524568667280372	38.82227702083121	184.95502645502648	19.549137334560744	86.14455404166242	2631.910026455027	278.1842242707994	1225.8370040128561	508.64667331010793	-35.6680505914444	183.48294851013338	3년	19.549137334560744	278.1842242707994	-35.6680505914444	2.536373373119613	0.2189704863001049	1.1519990002581995	14.944649446494465	3.4560494386072165	3년	0.2189704863001049	불리(<1)	3년	5.524568667280372	6.459829461764909	불리	N	주당순현금<=0	542000000.0	31.38273843543937	12.113041156873328		-2.5729954497977103	387.88899963378907	355.9315507507324	Y	Y	강한 상승추세	
HD	HOME DEPOT, INC.	0000354950	S&P 500	제외	PEG=불리, PEGY=불리(<1)	330.19000244140625	14.23	2025	2.84	1389000000.0		1389000000.0	8707000000.0	4464000000.0	12813000000.0	92282000000.0	12.191826442742281	87.80817355725772	0.13884614551050042	-7.354773869346734	-11.841206030150754	23.720644856693813	24.0359246993364	-4.560697518443995	-5.176454930934304	3.5714638909686514	-0.6213950368879892	-1.8529098618686088	15.642927781937303	-8.842451374916088	-26.366907334390305	222.5988623369678	-102.67798882750401	-107.98537422073196	-32.58461470938418	5년	15.642927781937303	222.5988623369678	-32.58461470938418	-0.0725400818080384	-0.09849879482829373	0.27029045498985993			5년	0.2702904549898599	불리(<1)	5년	3.5714638909686514	6.641714876826126	불리	N	주당순현금<=0 | FCF<=0	995000000.0	6.276352585139122	-10.954395885933177		-22.018328853092772	340.48039672851564	345.0474989318848	N	N	중립/개선	단기위험부채 존재
WRB	BERKLEY W R CORP	0000011544	S&P 500	보류	PEG=불리, PEGY=안심	68.44000244140625	4.45	2025	59.0	2539938000.0		2539938000.0			9700818000.0	34359177000.0	22.01729255756838	77.98270744243162	0.2823355751507086	6.35205233818752	6.35205233818752	13.952348337801961	13.952348337801961	2.0642201834862353		-2.067551596878059	12.62844036697247		4.364896806243882	56.19655963302749		19.423790787785276	-17.889307965558267		-71.61924299401564	1년	12.62844036697247	56.19655963302749	-17.889307965558267	4.376626694306446		4.080492188463452	8.808458439307659	12.870336243557079	5년	4.080492188463452	안심	1년	2.0642201834862353	6.75913763920185	불리	Y		399861000.0	6.355872671745266	-6.553789681004007		-12.770834514385532	71.09119995117187	69.46619995117187	N	N	중립/개선	
GWW	W.W. GRAINGER, INC.	0000277135	S&P 500	제외	PEG=불리, PEGY=안심	1306.300048828125	35.4	2025	75.0	585000000.0		585000000.0	2362000000.0	0.0	3736000000.0					-37.020833333333336	-37.020833333333336	37.94691757518244	37.94691757518244	-8.550762076982696	5.601826190477133	62.54354736477112	-8.601524153965393	19.703652380954267	133.58709472954223	-304.4939550503749	697.509294285781	4728.983153425795	-123.3096489067374	-46.60420514325839	262.01354793396365	3년	19.703652380954267	697.509294285781	-46.60420514325839	1.7511102921960542	2.124067812116347	3.6246303034301155	27.729166666666668	2.1227256855377417	3년	2.124067812116347	안심	3년	5.601826190477133	6.7740262344609325	불리	N	주당순현금<=0	48000000.0	5.089983189467984	13.369498704979389		-6.8279550700322105	1343.512197265625	1168.211749572754	N	Y	상승전환	
VRSN	VERISIGN INC/CA	0001014473	S&P 500	보류	PEG=불리, PEGY=불리(<1)	291.92999267578125	6.24	2022	1.1	307900000.0	272600000.0	580500000.0	0.0		-2154200000.0	3480100000.0	-162.47077456821782	262.4707745682178	-0.6190052009999713	6.188699360341151	6.188699360341151	45.791873928756424	45.791873928756424	-10.857142857142854	6.608652379326085	11.139222486886503	-13.214285714285708	21.71730475865217	30.778444973773006	-82.45714285714283	135.51598169398954	192.05749663634356	-128.24551944846587	-53.579287810795726	-34.211111754576216	3년	21.71730475865217	135.51598169398954	-53.579287810795726	-0.2130758586626776	0.1683410552562078	0.26727935410392767	11.389125799573561	3.9013208938152424	3년	0.1683410552562078	불리(<1)	3년	6.608652379326085	6.929078925683489	불리	Y		93800000.0	-1.5711938095175904	28.011396083834008		-5.829034620715722	275.2271984863281	260.753099899292	Y	Y	강한 상승추세	
EXR	Extra Space Storage Inc.	0001289490	S&P 500	제외	PEG=불리, PEGY=불리(<1)	142.91000366210938	4.59	2025	4.5	138920000.0		138920000.0		500000000.0	13433166000.0	14940010000.0	47.34459758752422	52.65540241247578	0.8991403620211766	0.6557453781291385	-1.7044093084859584	30.99221313376476	31.506408054595937	13.89578163771711	-10.535332538619723	4.348871143162825	36.29156327543422	-12.570665077239447	17.19774228632565	166.57827543424307	-57.69935270452906	78.93763709423473	16.56166200099889	-140.37460725349297	-44.76409273568302	5년	17.19774228632565	78.93763709423473	-44.76409273568302	0.5935614071289298	-0.1947370622604706	0.2855191755738908			5년	0.2855191755738908	불리(<1)	5년	4.348871143162825	7.126496075306775	불리	N	FCF<=0	211850521.0	1.8457783656654625	-6.380603094540527		-6.503108959429493	147.06719940185548	141.1524993133545	N	Y	상승전환	단기위험부채 존재
LNT	ALLIANT ENERGY CORP	0000352541	S&P 500	제외	PEG=불리, PEGY=불리(<1)	68.02999877929688	3.14	2025	3.14	556000000.0		556000000.0	10954000000.0	88000000.0	7334000000.0					-40.33359193173003	-40.67494181536075	34.51069767867099	34.619407832693504	16.72862453531599	4.774516892465397	4.91716309026109	41.95724907063198	18.049033784930792	18.33432618052218	131.74576208178442	56.67396608468269	57.56978420683964	93.65833374360982	-16.6926839605796	-15.375885286125456	3년	18.049033784930792	56.67396608468269	-16.6926839605796	0.5757236414144015	0.22933517502768105	0.23346856575550323	-1.221877424359969	-1.7960862065042622	3년	0.229335175027681	불리(<1)	3년	4.774516892465397	7.228102540202941	불리	N	주당순현금<=0 | FCF<=0	257800000.0	-2.213599140840461	-5.944978491500075		-12.815583950327092	72.76539962768555	70.43184986114503	N	N	주의	단기위험부채 존재
SNPS	SYNOPSYS INC	0000883241	S&P 500	제외	PEG=불리, PEGY=판정불가	442.6099853515625	8.04	2025		2888030000.0	72929000.0	2960959000.0	13462398000.0	22117000.0	28327602000.0	19897446000.0	58.74043297997339	41.25956702002661	1.4236803055025253	-63.39304945187618	-63.52656106630608	62.93570084619885	62.95230676839162	-44.589937973811175	8.526334391298395	13.492100704033394	-80.67987594762235	25.55266878259679	35.48420140806679	-648.6662026188836	205.44345701207817	285.29297932085694	-246.55480537874715	-53.58363710459545	-35.54303139043499	3년	25.55266878259679	205.44345701207817	-53.58363710459545				8.144311102525716	1.8400649266999112	판정불가		판정불가	3년	8.526334391298395	7.381331526292035	불리	N	주당순현금<=0	165656000.0	-10.091617203485459	4.226906592252444		-27.331389483711423	417.0107995605469	446.63115142822267	Y	N	판정불가	단기위험부채 존재
COR	Cencora, Inc.	0001140859	S&P 500	제외	PEG=불리, PEGY=양호	322.0299987792969	7.96	2025	73.0	4356138000.0		4356138000.0	7542988000.0	13976000.0	1508019000.0					-16.324904976077537	-16.39649820197322	42.50689745670533	42.515891580561565	5.7104913678618825	-0.3327811631230859		19.920982735723765	7.834437673753828		158.57102257636117	62.36212388308047		-50.75892830560864	-80.63468493013897		1년	19.920982735723765	158.57102257636117	-50.75892830560864	1.8517110416734388	1.7095394673509365		16.428837071111705	5.101648024528051	3년	1.7095394673509363	양호	1년	5.7104913678618825	7.443649717418403	불리	N	주당순현금<=0	195214000.0	21.663075979072467	-13.583790673896768		-14.068045689313713	306.83520080566404	322.7334503936768	Y	N	중립/개선	단기위험부채 존재
AVGO	Broadcom Inc.	0001730168	S&P 500	제외	PEG=불리, PEGY=불리(<1)	368.7900085449219	4.77	2025	70.0	16178000000.0		16178000000.0	39440000000.0	3152000000.0	24941000000.0	89800000000.0	21.736781098299648	78.26321890170036	0.27773942093541204	-4.793323717288275	-5.442818874922728	78.31935686838789	78.45551937522949	287.8048780487805	-43.55912867705002	10.237702081843047	584.109756097561	-78.61825735410004	28.975404163686093	2786.203536585366	-375.00908757905717	138.21267786078266	655.4986501880736	-201.6863469427149	-62.52266204116885	5년	28.975404163686093	138.21267786078266	-62.52266204116885	4.568536979307112	0.3376032743397352	1.0244938836343978	5.545847929116011	1.5037956020005563	3년	0.3376032743397352	불리(<1)	5년	10.237702081843047	7.650091421129575	불리	N	주당순현금<=0	4853000000.0	-19.823030291932277	15.6734207617927		-23.419232315970905	386.10740051269534	369.3834004211426	N	N	판정불가	단기위험부채 존재
TDY	TELEDYNE TECHNOLOGIES INC	0001094285	S&P 500	제외	PEG=불리, PEGY=판정불가	621.9600219726562	18.88	2025		352400000.0		352400000.0	2025300000.0	450100000.0	10513900000.0	4771400000.0	68.78438761424374	31.21561238575625	2.203525170809406	-35.29324894514768	-44.78902953586498	34.81214358674809	35.31509806718863	9.703660662405566	4.530504261422341	40.24408367454113	27.907321324811132	17.56100852284468	88.98816734908226	526.8902266124342	331.5518409113076	1680.096599550673	-15.285515467487997	-46.6924192555444	170.1293556170941	3년	17.56100852284468	331.5518409113076	-46.692419255544394				22.658227848101266	3.6430360549921983	판정불가		판정불가	3년	4.530504261422341	7.683944562899253	불리	N	주당순현금<=0	47400000.0	2.0493300523275915	-9.676295369406763		-10.030372782398844	647.3476000976563	611.3086981201172	N	Y	상승전환	단기위험부채 존재
MPWR	MONOLITHIC POWER SYSTEMS, INC.	0001280452	S&P 500	보류	PEG=불리, PEGY=불리(<1)	1256.260009765625	12.86	2025	61.0	1099302000.0	157243000.0	1256545000.0			3531497000.0	662702000.0	84.19955753172418	15.800442468275827	5.328936686474464	26.010577739137634	26.010577739137634	95.66480808915142	95.66480808915142	-64.85378518720962	12.425319328361194	29.728257539054503	-121.20757037441925	33.35063865672239	67.956515078109	-1558.7293550150314	428.8892131254499	873.9207839044818	-224.07696996626015	-65.85983715222568	-30.43472074960617	3년	33.35063865672239	428.8892131254499	-65.85983715222568	-0.04028425148376638	0.7675269599656237	0.9483974237893577	13.790163323604297	1.0977156971013562	3년	0.7675269599656237	불리(<1)	3년	12.425319328361194	7.699183060091936	불리	Y		48309000.0	-18.551079958076045	9.949417816103923		-25.660250141961114	1353.4946069335938	1243.0700006103516	N	Y	중립/개선	
VST	Vistra Corp.	0001692819	S&P 500	제외	PEG=불리, PEGY=불리(<1)	137.08999633789062	2.18	2025	66.0	785000000.0		785000000.0	17043000000.0	1800000000.0	5097000000.0	36440000000.0	12.270987312516551	87.72901268748345	0.13987376509330407	-47.03519351216827	-52.24268202993816	84.4610962614949	86.84985246230677	-68.85714285714286		10.892615869362698	-129.21428571428572		30.285231738725397	-281.6871428571429		66.02180519042138	-305.4760743904745		-51.840537636535444	5년	30.285231738725397	66.02180519042138	-51.840537636535444	-0.033827915852489454		0.9103909287573075	3.8130388146781753	2.7814128795218886	5년	0.9103909287573076	불리(<1)	5년	10.892615869362698	7.753977306686803	불리	N	주당순현금<=0	345656067.0	-11.417678208928084	-17.410692330185885		-37.09159439712833	151.87440002441406	158.59469970703125	N	N	주의	단기위험부채 존재
ES	EVERSOURCE ENERGY	0000072741	S&P 500	제외	PEG=불리, PEGY=불리(<1)	70.83999633789062	4.56	2025	4.44	135400000.0	91975000.0	227375000.0	26872433000.0	1150000000.0	16197271000.0					-71.76940909951273	-74.86697490193806	31.273992420483193	31.953283166629106	100.88105726872246	4.032716713858986	5.134994887862021	210.26211453744492	16.56543342771797	18.769989775724042	958.7952422907488	75.53837643039394	85.59115337730162	1253.4659681763876	6.632383308001755	20.823204124759332	3년	16.56543342771797	75.53837643039394	6.632383308001755	3.3676882648261257	0.2709189348114602	0.30616477612211707	-0.12147036955823949	-0.1714714509284466	3년	0.2709189348114602	불리(<1)	3년	4.032716713858986	7.755068019780763	불리	N	주당순현금<=0 | FCF<=0	371259264.0	6.350391365829977	-4.810537381266133		-7.04632306927312	72.79320007324219	70.24715021133423	N	Y	상승전환	단기위험부채 존재
KEYS	Keysight Technologies, Inc.	0001601046	S&P 500	제외	PEG=불리, PEGY=판정불가	319.9700012207031	4.91	2025		1873000000.0		1873000000.0	2534000000.0	0.0	5881000000.0	5420000000.0	52.03964250951243	47.96035749048757	1.0850553505535054	-3.820809248554913	-3.820809248554913	65.94517524832139	65.94517524832139	39.886039886039896	-7.381515092017421	8.205839717989182	88.27207977207979	-6.263030184034843	24.911679435978364	433.4159116809118	-30.75147820361108	122.31634603065378	35.45517080582752	-109.61073790864536	-61.77255818857699	5년	24.911679435978364	122.31634603065378	-61.77255818857699				7.404624277456647	2.3141620305677404	판정불가		판정불가	5년	8.205839717989182	8.03637135438481	불리	N	주당순현금<=0	173000000.0	-3.039393569483906	2.1387341405176397		-14.2952792737709	329.86920043945315	284.94374923706056	N	Y	중립/개선	
CI	Cigna Group	0001739940	S&P 500	보류	PEG=불리, PEGY=불리(<1)	278.8800048828125	22.18	2025	2.25	7676000000.0	1056000000.0	8732000000.0		0.0	41713000000.0	116045000000.0	26.441131353085108	73.5588686469149	0.3594553836873627	32.513786336911636	32.513786336911636	11.107584244630337	11.107584244630337	83.00330033003301	1.3586099967532128	-0.6888681408957265	174.50660066006603	11.217219993506426	7.122263718208547	3870.5564026402644	248.7979394559725	157.97180926986556	1287.8931206511925	-10.7867415734881	-43.35491734653171	3년	11.217219993506426	248.7979394559725	-10.7867415734881	7.675233286773984	0.32487802183428843	0.14054647929939948	31.839829015910606	11.417035448378577	3년	0.3248780218342884	불리(<1)	3년	1.3586099967532128	8.175697419550191	불리	Y		268563000.0	1.7104935991998804	-4.115523799041254		-10.327972706491162	283.3539990234375	279.2751496887207	N	N	중립/개선	
CDNS	CADENCE DESIGN SYSTEMS INC	0000813672	S&P 500	보류	PEG=불리, PEGY=판정불가	340.3900146484375	4.06	2025		3001317000.0	154213000.0	3155530000.0			5474181000.0					11.545523065214846	11.545523065214846	80.99618019291199	80.99618019291199	5.454545454545442	9.527334351951566	13.985265633616972	19.409090909090885	27.554668703903133	36.470531267233945	78.80090909090899	111.87195493784671	148.0703569449698	-76.84981765041013	-67.13418428170093	-56.49979418523772	3년	27.554668703903133	111.87195493784671	-67.13418428170093				5.8062214611872145	1.7057555190577525	판정불가		판정불가	3년	9.527334351951566	8.501452473568417	불리	Y		273312000.0	-17.81195392152275	12.206629445198924		-18.252118765184033	348.4436004638672	327.23075012207033	N	Y	중립/개선	
PEP	PEPSICO INC	0000077476	S&P 500	제외	PEG=불리, PEGY=불리(<1)	141.07000732421875	6.0	2025	4.24	9159000000.0	371000000.0	9530000000.0	42321000000.0	4898000000.0	20406000000.0	86852000000.0	19.025154300844694	80.97484569915531	0.23495141159673927	-23.882738528769117	-27.450109249817917	27.49212430883131	28.08668609567278	-13.66906474820144	-2.230046768668525	3.222947933334197	-18.83812949640288	4.039906462662949	14.945895866668394	-113.02877697841727	24.239438775977696	89.67537520001036	-180.1224719005261	-82.81743991104457	-36.432005001664876	5년	14.945895866668394	89.67537520001036	-36.432005001664876	-0.3429733054557932	0.0731101463369208	0.27145766727589216			3년	0.0731101463369208	불리(<1)	5년	3.222947933334197	8.530117419672436	불리	N	주당순현금<=0 | FCF<=0	1373000000.0	-0.317974091758666	-15.668335513116926		-17.256142425383945	139.8117999267578	148.931849899292	Y	N	주의	단기위험부채 존재
ULTA	Ulta Beauty, Inc.	0001403568	S&P 500	보류	PEG=불리, PEGY=불리(<1)	517.5	25.64	2025	0.1932367149758454	424243000.0	70000000.0	494243000.0		62287000.0	2803451000.0	4195843000.0	40.053339665400536	59.946660334599464	0.6681496423960572	10.985374852748327	9.600942410704363	19.75486057516582	19.808855600206538	1.1838989739542254	2.213584866040041	53.28338358172324	10.86779794790845	12.927169732080083	115.06676716344649	278.65033938437267	331.45263193053336	2950.311910070768	-46.15452379045939	-35.95118223564573	470.108581656187	3년	12.927169732080083	331.45263193053336	-35.95118223564573	0.06971123302491398	0.12183439978521256	2.707010767968946	23.73699184281301	4.586858327113625	3년	0.1218343997852125	불리(<1)	3년	2.2135848660400415	8.924374609818315	불리	Y		44991000.0	3.3408573503535877	-23.559822747415073		-26.784755010107908	497.4545947265625	555.6730494689941	Y	N	중립/개선	단기위험부채 존재
NTAP	NetApp, Inc.	0001002047	S&P 500	보류	PEG=불리, PEGY=불리(<1)	187.02000427246094	6.35	2026	1.09	2070000000.0	1514000000.0	3584000000.0	2487000000.0	0.0	1351000000.0	9393000000.0	12.57446016381236	87.42553983618764	0.14383051208346642	5.45771144278607	5.45771144278607	28.59248705979132	28.59248705979132	11.992945326278655	3.1252593706817544	14.4759458626317	32.48589065255731	14.750518741363509	37.4518917252634	206.2854056437389	93.66579400765828	237.8195124554226	10.30125170097369	-49.91669775004345	27.1626066850871	3년	14.750518741363509	93.66579400765828	-49.91669775004345	0.4575658388485125	0.1474254184977681	0.5444068517048166	9.298507462686567	4.971932012759446	3년	0.1474254184977681	불리(<1)	3년	3.1252593706817544	9.148836518344416	불리	Y		201000000.0	4.0734599045803455	86.73989158565783		-9.687076193363964	176.01460021972656	128.7562498474121	Y	Y	강한 상승추세	
CIEN	CIENA CORP	0000936395	S&P 500	제외	PEG=불리, PEGY=판정불가	378.44000244140625	0.85	2025		1091952000.0	216148000.0	1308100000.0	1524158000.0	11580000.0	2729323000.0	3135344000.0	46.53841386049711	53.46158613950289	0.8705019289749386	-1.487511015642212	-1.5672367261511346	446.97354524358644	447.0673401971263	46.55172413793104	-5.273176281409042	-18.193805923142392	101.60344827586208	-2.0463525628180843	-27.887611846284784	86.36293103448277	-1.7393996783953716	-23.704470069342065	-77.17922775675537	-100.4596236304762	-106.26373267001874	1년	101.60344827586208	86.36293103448277	-77.17922775675537				4.580386649041639	1.2103336379591159	판정불가		판정불가	1년	46.55172413793104	9.601653934862226	불리	N	주당순현금<=0	145248000.0	-33.56155752644793	6.985551320957373		-39.642742832311605	415.9566003417969	373.45914993286135	N	Y	중립/개선	단기위험부채 존재
EVRG	Evergy, Inc.	0001711269	S&P 500	제외	PEG=불리, PEGY=불리(<1)	80.6500015258789	3.66	2025	3.38	19800000.0		19800000.0	13039200000.0	1394000000.0	10221300000.0					-55.73373287671233	-61.701198630136986	37.26331541054405	38.89377053443057	-3.43007915567282	3.827192527443257	6.116382445678448	1.6398416886543599	16.154385054886514	20.732764891356894	6.001820580474957	59.12504930088465	75.88191950236623	-92.55818912966902	-26.689338893672986	-5.912066873281708	3년	16.154385054886514	59.12504930088465	-26.689338893672986	-0.0013439264628248764	0.19341254120946805	0.25484534430318956	-3.2178938356164384	-3.989948883737942	3년	0.193412541209468	불리(<1)	3년	3.827192527443257	9.73646220913733	불리	N	주당순현금<=0 | FCF<=0	233600000.0	0.3234259711462961	-3.9995244910278505		-8.487457120905518	84.49259963989257	80.53184997558594	N	Y	상승전환	단기위험부채 존재
HII	HUNTINGTON INGALLS INDUSTRIES, INC.	0001501585	S&P 500	제외	PEG=불리, PEGY=불리(<1)	294.2099914550781	15.39	2025	1.86	627000000.0		627000000.0	2214000000.0	231000000.0	5073000000.0	7676000000.0	39.79135618479881	60.20864381520119	0.6608910891089109	-40.38167938931298	-46.25954198473283	21.74084930762775	22.1227767017421	10.243553008595986	2.146574918873223	20.13587083183459	28.987106017191973	12.793149837746446	48.77174166366918	446.1115616045845	196.88657600291782	750.5971042038688	51.630323429277446	-33.07957522816497	155.12291424626034	3년	12.793149837746446	196.88657600291782	-33.07957522816497	0.5567194196203489	0.18428787496666568	1.011730062639152	20.203562340966922	6.867055140121485	3년	0.1842878749666656	불리(<1)	3년	2.146574918873223	10.128157706715369	불리	N	주당순현금<=0	39300000.0	-0.7422192840492503	-35.15747595899198		-35.15747595899198	296.4448004150391	348.5740019226074	N	N	주의	단기위험부채 존재
AMAT	APPLIED MATERIALS INC /DE	0000006951	S&P 500	보류	PEG=불리, PEGY=불리(<1)	461.6700134277344	8.66	2025	44.0	7241000000.0	1332000000.0	8573000000.0	6455000000.0	100000000.0	20415000000.0	15884000000.0	56.24121876635721	43.7587812336428	1.2852556031226392	2.621287128712871	2.4975247524752477	53.00793606224266	53.022227329706595	0.5807200929152232	5.191743203490939	47.74832161975129	9.661440185830447	18.88348640698188	103.99664323950257	83.66807200929168	163.53099228446308	900.6109304540923	-81.87708328984024	-64.57838119692806	95.07676571137445	3년	18.88348640698188	163.53099228446308	-64.57838119692806	0.8410197303393951	0.9280071411520211	1.7308412369049633	7.051980198019802	1.5274936627703792	3년	0.9280071411520212	불리(<1)	3년	5.191743203490939	10.210045833276194	불리	Y		808000000.0	0.7639085704922666	24.044823072988496		-36.145226358542956	551.1347979736328	401.60309944152834	N	Y	상승전환	단기위험부채 존재
DGX	QUEST DIAGNOSTICS INC	0001022079	S&P 500	제외	PEG=불리, PEGY=불리(<1)	242.75999450683594	8.75	2025	1.41	420000000.0		420000000.0	5167000000.0	504000000.0	7170000000.0					-42.008849557522126	-46.469026548672566	32.54501075021235	33.05474526348669	13.784135240572166	3.161245578286187	15.756447866281853	36.06827048114433	14.822491156572374	40.012895732563706	315.5973667100129	129.69679762000828	350.11283765993244	30.00386136568558	-46.5740646915544	44.22180160746112	3년	14.822491156572374	129.69679762000828	-46.5740646915544	0.4668652702925602	0.14045918169673244	0.5274678812687086	12.026548672566372	4.954090025005217	3년	0.1404591816967324	불리(<1)	3년	3.161245578286187	10.294996052744516	불리	N	주당순현금<=0	113000000.0	26.305930468983885	15.462541977092004		-0.9142879563935002	223.56260009765626	199.79665054321288	Y	Y	강한 상승추세	단기위험부채 존재
XEL	XCEL ENERGY INC	0000072903	S&P 500	제외	PEG=불리, PEGY=불리(<1)	76.44999694824219	3.42	2025	3.07	129000000.0		129000000.0	9263144000.0	1550000000.0	23609000000.0					-15.50788455008489	-18.13946349745331	26.888269443955288	27.657736972425585	-0.5813953488372098	2.5625825491252474	44.65267498881473	7.33720930232558	13.625165098250495	97.80534997762946	25.093255813953483	46.598064636016694	334.49429692349275	-67.17690409988897	-39.04765664338182	337.5334339777024	3년	13.625165098250495	46.598064636016694	-39.04765664338182	0.09255354482183864	0.2094810363629222	1.7748511144715264	6.932088285229202	9.067480133350864	3년	0.2094810363629222	불리(<1)	3년	2.5625825491252474	10.492645184497084	불리	N	주당순현금<=0	589000000.0	0.052340379814230786	-8.770890018913246		-8.890485506242262	79.16280044555664	78.75270023345948	N	N	중립/개선	단기위험부채 존재
MAS	MASCO CORP /DE/	0000062996	S&P 500	제외	PEG=불리, PEGY=불리(<1)	73.25	3.86	2025	1.76	647000000.0	0.0	647000000.0	2945000000.0	206000000.0	-185000000.0	5125000000.0	-3.7449392712550607	103.74493927125505	-0.03609756097560975	-10.942857142857143	-11.923809523809524	21.811621021465584	22.065753762644956	2.659574468085109	2.0689294926649726	39.146125181238034	13.819148936170219	12.637858985329945	86.79225036247607	53.341914893617044	48.78213568337359	335.0180863991576	-27.17827318277537	-33.40322773600876	357.36257528895237	3년	12.637858985329945	48.78213568337359	-33.40322773600876	0.20262475969739482	0.1755453888042887	1.8754280179809137	4.3	5.870307167235494	3년	0.1755453888042887	불리(<1)	3년	2.0689294926649726	10.542467057864885	불리	N	주당순현금<=0	210000000.0	6.190194890208289	4.94268882149469		-11.501748253198574	76.51960006713867	69.34135021209717	N	Y	상승전환	단기위험부채 존재
FITB	FIFTH THIRD BANCORP	0000035527	S&P 500	제외	PEG=불리, PEGY=불리(<1)	54.540000915527344	3.53	2025	2.92	3499000000.0		3499000000.0	13589000000.0	926000000.0	21724000000.0	192652000000.0	10.133597044445274	89.86640295555472	0.11276290928721218	-15.003653753999819	-16.38059957919346	19.700752031027523	20.09082166989258	12.420382165605085	1.7598909234150195	14.04197322404901	33.34076433121017	12.019781846830039	36.58394644809802	117.69289808917188	42.42982991931004	129.141330961786	115.79188873035959	-22.204200207062307	136.78278106706068	3년	12.019781846830039	42.42982991931004	-22.204200207062307	0.7786698772435127	0.2375488466655723	0.8609810020112381	5.843841353143636	10.714780445630531	3년	0.2375488466655723	불리(<1)	3년	1.7598909234150195	11.194302879180013	불리	N	주당순현금<=0	672502856.0	12.314660982537461	9.430178066914419		-8.135418735477629	56.62979972839356	50.60570003509522	N	Y	상승전환	단기위험부채 존재
SYK	STRYKER CORP	0000310764	S&P 500	제외	PEG=불리, PEGY=불리(<1)	330.69000244140625	2.2	2025	1.09	4011000000.0	89000000.0	4100000000.0	14859000000.0	0.0	11730000000.0	25424000000.0	31.571297841416808	68.42870215858319	0.46137507866582755	-27.83699870633894	-27.83699870633894	162.96681870352052	162.96681870352052	56.02836879432627	14.384834642672196	8.105373722329045	120.55673758865254	37.26966928534439	24.71074744465809	265.2248226950356	81.99327242775767	54.3636443782478	-19.79654034384368	-75.205397253494	-83.56054190423241	3년	37.26966928534439	81.99327242775767	-75.205397253494	0.3504907885465912	0.0949569658767469	0.05642482190842693	11.08150064683053	3.351023788145522	3년	0.0949569658767469	불리(<1)	3년	14.384834642672196	11.329071397184098	불리	N	주당순현금<=0	386500000.0	10.428775755512888	-14.554800312982207		-16.14089224719316	328.66419982910156	339.7631504821777	Y	N	중립/개선	
A	AGILENT TECHNOLOGIES, INC.	0001090872	S&P 500	제외	PEG=불리, PEGY=양호	153.83999633789062	4.57	2025	65.0	1789000000.0	0.0	1789000000.0	2729000000.0	304000000.0	6741000000.0	5986000000.0	52.966134988606896	47.0338650113931	1.1261276311393251	-3.2982456140350878	-4.364912280701755	34.38473565687652	34.6181419296701	3.160270880361187	3.018045520401325	14.719612881567535	14.820541760722374	14.53609104080265	37.93922576313507	67.72987584650126	66.42993605646811	173.38226173752727	-55.973818604531864	-56.81881328795476	12.702980931379159	3년	14.53609104080265	66.42993605646811	-56.81881328795476	1.982282823417023	1.9781465298773806	2.318459379100232	4.042105263157895	2.6274735825395545	3년	1.9781465298773808	양호	3년	3.0180455204013246	11.39304739588693	불리	N	주당순현금<=0	285000000.0	13.134285315126327	30.18532514314558		-3.2452853220813704	140.1622004699707	131.5067501449585	Y	Y	강한 상승추세	단기위험부채 존재
MTD	METTLER TOLEDO INTERNATIONAL INC/	0001037646	S&P 500	제외	PEG=불리, PEGY=판정불가	1398.5799560546875	42.05	2025		69807000.0		69807000.0	2088241000.0		-23636000.0	3736282000.0	-0.6366348959744613	100.63663489597445	-0.006326074959010053	-97.64234285817118	-97.64234285817118	35.581980949176184	35.581980949176184	3.8784584980237167	3.064056292120587	36.02403387418598	16.256916996047433	14.628112584241174	80.54806774837196	683.6033596837946	615.1121341673413	3387.046248819041	-51.121610407445004	-56.01880811287066	142.17751971604832	3년	14.628112584241174	615.1121341673413	-56.01880811287066				41.05359847381745	2.935377294382744	판정불가		판정불가	3년	3.064056292120587	11.612704714556804	불리	N	주당순현금<=0	20671708.0	18.166227559238244	5.546037788376146		-7.134039526911684	1341.83380859375	1320.7047503662109	Y	Y	강한 상승추세	
DOV	DOVER Corp	0000029905	S&P 500	제외	PEG=불리, PEGY=불리(<1)	198.67999267578125	7.94	2025	1.04	513075000.0	0.0	513075000.0	2621295000.0	706677000.0	7405206000.0					-15.30168315466297	-20.430819367528688	26.949833228015645	27.595820156588154	-59.17737789203083	2.2834886521603703	44.73784358388186	-109.85475578406167	13.06697730432074	97.97568716776372	-872.2467609254496	103.75179979630668	777.926956112044	-539.0209347092325	-47.77944251003898	291.54770726286216	3년	13.06697730432074	103.75179979630668	-47.77944251003898	-2.157244440072981	0.12332130681630506	1.6986317947338387	8.100640890714706	4.077230314747319	3년	0.123321306816305	불리(<1)	3년	2.2834886521603703	11.80204386061602	불리	N	주당순현금<=0	137777000.0	-4.269056999600263	-12.243817123677747		-14.84291511087753	210.80600036621092	209.78224983215333	N	N	주의	단기위험부채 존재
ITW	ILLINOIS TOOL WORKS INC	0000049826	S&P 500	제외	PEG=불리, PEGY=불리(<1)	280.1000061035156	10.49	2025	2.44	851000000.0		851000000.0	6683000000.0	1825000000.0	3226000000.0					-19.952104002736913	-26.195689360246323	28.603632993923025	29.198827022284267	-10.418445772843727	2.3985109954127504	39.022413479712895	-12.336891545687454	13.2970219908255	86.54482695942579	-129.4139923142614	139.4857606837595	907.8552348043766	-146.20278096903516	-50.20144318304291	224.11824884747182	3년	13.2970219908255	139.4857606837595	-50.20144318304291	-0.2789312034082798	0.16915721847083953	1.4495506038873376	9.261033185083818	3.306330947262189	3년	0.1691572184708395	불리(<1)	3년	2.3985109954127504	11.925579265064298	불리	N	주당순현금<=0	292300000.0	13.949802239735254	-3.8019050086578465		-6.5086781050540115	279.6116015625	266.2234508514404	Y	Y	상승전환	단기위험부채 존재
CTSH	COGNIZANT TECHNOLOGY SOLUTIONS CORP	0001058290	S&P 500	보류	PEG=불리, PEGY=불리(<1)	64.04000091552734	4.56	2025	2.07	1901000000.0	13000000.0	1914000000.0	543000000.0	33000000.0	15015000000.0	5677000000.0	72.56427604871448	27.435723951285524	2.6448828606658448	2.803680981595092	2.736196319018405	13.429017529371109	13.443816797480032	1.1086474501108607	1.1211696562825724	12.15182468925482	10.717294900221722	10.742339312565145	32.80364937850964	48.87086474501105	48.985067265297054	149.58464116600393	-23.686970570980016	-23.50864059182114	133.58001097363376	3년	10.742339312565145	48.985067265297054	-23.50864059182114	0.23669992560205697	0.23763239933994018	1.0590368698342774	5.306748466257669	8.286615225470706	3년	0.2376323993399401	불리(<1)	3년	1.1211696562825724	11.977685494894043	불리	Y		489000000.0	12.036390984047074	0.8503951425627543		-26.136097843512395	50.23240005493164	63.009649963378905	Y	Y	상승전환	단기위험부채 존재
CMG	CHIPOTLE MEXICAN GRILL INC	0001058090	S&P 500	보류	PEG=불리, PEGY=판정불가	38.029998779296875	1.14	2025		350545000.0	698591000.0	1049136000.0	0.0		2830607000.0	6163924000.0	31.47031234869278	68.52968765130723	0.4592215932578014	0.7814118109720128	0.7814118109720128	32.67419909502181	32.67419909502181	2.702702702702685	-67.10947685223975	-29.806686048388155	13.90540540540537	-125.7189537044795	-51.11337209677631	15.85216216216212	-143.31960722310663	-58.26924419032499	-58.31669032082149	-476.8593526779924	-253.21915871858022	1년	13.90540540540537	15.85216216216212	-58.31669032082149				1.0781861678990865	2.8350938798505547	판정불가		판정불가	1년	2.702702702702685	12.08945366515815	불리	Y		1342616000.0	24.484450831547843	3.6522218662947026		-10.221911635186709	34.25820011138916	34.680650091171266	Y	Y	상승전환	
VRSK	Verisk Analytics, Inc.	0001442145	S&P 500	제외	PEG=불리, PEGY=불리(<1)	191.77000427246094	6.48	2025	1.05	2178200000.0		2178200000.0	4773500000.0	195263000.0	309000000.0	5885700000.0	4.988135018644971	95.01186498135503	0.052500127427493756	-18.526903375906187	-19.9208149598809	32.45322648894554	32.66833630128732	-3.4277198211624373	2.5985568006018145	8.497453996787208	1.6445603576751253	13.697113601203629	25.494907993574415	10.656751117734812	88.75729613579952	165.20700379836222	-94.44295203613072	-53.71679920823495	-13.851488701204184	3년	13.697113601203629	88.75729613579952	-53.716799208234946	-0.07326605328355731	0.11242508666571606	0.294191210850463	8.508540875329475	4.436846579635469	3년	0.112425086665716	불리(<1)	3년	2.5985568006018145	12.488942508945549	불리	N	주당순현금<=0	140082773.0	4.239823340763249	-10.71744016631434		-29.762295304598474	189.00819946289062	195.212950592041	Y	N	중립/개선	단기위험부채 존재
LUV	SOUTHWEST AIRLINES CO	0000092380	S&P 500	보류	PEG=불리, PEGY=불리(<1)	39.63999938964844	0.79	2025	1.81	3231000000.0	0.0	3231000000.0	2883000000.0	271000000.0	7981000000.0					0.6236559139784946	0.13799283154121864	49.38777655148094	50.00253994697116	3.947368421052635	-3.1641996800259364		16.39473684210527	2.171600639948127		12.951842105263164	1.7155645055590205		-67.32633121925475	-95.6721379112659		1년	16.39473684210527	12.951842105263164	-67.32633121925475	0.11657476450779793	-0.02741973367872398		0.7078853046594982	1.7857853571116726	1년	0.1165747645077979	불리(<1)	1년	3.947368421052635	12.511570059708491	불리	Y		558000000.0	-7.296536609809889	-17.878601587473565		-27.664233683345728	46.53499992370605	42.91944993019104	N	N	주의	단기위험부채 존재
WEC	WEC ENERGY GROUP, INC.	0000783325	S&P 500	제외	PEG=불리, PEGY=불리(<1)	106.22000122070312	4.81	2025	3.58	27600000.0		27600000.0	18498100000.0	1924700000.0	9491800000.0					-57.042927733168625	-62.987029030265596	33.94239687190681	35.17817676735317	-0.41407867494824974	2.627012926537597	44.632634440111204	7.671842650103501	13.754025853075195	97.76526888022241	36.90156314699784	66.15686435329168	470.25094331386975	-65.25930830077469	-37.71713086706576	342.7141196663949	3년	13.754025853075195	66.15686435329168	-37.71713086706576	0.09327335771246305	0.18286902218372716	1.4204251580127942	2.107782581840642	1.9843556369963762	3년	0.1828690221837271	불리(<1)	3년	2.6270129265375974	12.920529065170182	불리	N	주당순현금<=0	323800000.0	-2.191526046830572	-8.917853953818156		-10.626838380791458	112.09099990844726	111.87000011444091	N	N	주의	단기위험부채 존재
AFL	AFLAC INC	0000004977	S&P 500	제외	PEG=불리, PEGY=불리(<1)	116.5199966430664	6.82	2025	2.09	6245000000.0		6245000000.0			29490000000.0	86980000000.0	25.31982484760024	74.68017515239977	0.3390434582662681	11.675559660333759	11.675559660333759	15.373084601573701	15.373084601573701	-29.179646936656283	1.1501008285269565	38.25795257148448	-49.859293873312566	10.800201657053913	85.01590514296896	-340.0403842159917	73.65737530110769	579.8084730750484	-391.8300669520539	-36.78563557915214	397.6042651727541	3년	10.800201657053913	73.65737530110769	-36.78563557915214	-1.7621477822273344	0.210764522052736	2.624584045244516			3년	0.210764522052736	불리(<1)	3년	1.1501008285269565	13.366727699225704	불리	N	FCF<=0	534878000.0	3.933633046745033	2.7966459740791816		-10.057897415475669	121.54440032958985	114.49775009155273	N	Y	상승전환	
UNP	UNION PACIFIC CORP	0000100885	S&P 500	제외	PEG=불리, PEGY=불리(<1)	307.4100036621094	11.98	2025	1.85	1266000000.0		1266000000.0	31814000000.0	0.0	18467000000.0	51231000000.0	26.49573875864444	73.50426124135556	0.3604653432492046	-51.26363483806008	-51.26363483806008	29.93936882305254	29.93936882305254	8.025247971145182	2.239111936305682	42.34446727212804	24.550495942290365	12.978223872611364	93.18893454425609	294.11494138863856	155.47912199388415	1116.403435840188	-4.324863249435474	-49.42288144767745	263.1643155852814	3년	12.978223872611364	155.47912199388415	-49.42288144767745	0.3298415550945582	0.1365797642720234	1.4761322302192104	9.228058399060245	3.0018731625933985	3년	0.1365797642720234	불리(<1)	3년	2.239111936305682	13.371090715745812	불리	N	주당순현금<=0	595900000.0	16.664138012185713	15.147770257518435		-1.0334143022142195	290.4479998779297	258.5487007904053	Y	Y	강한 상승추세	
LII	LENNOX INTERNATIONAL INC	0001069202	S&P 500	보류	PEG=불리, PEGY=불리(<1)	393.3900146484375	4.07	2025	1.38	34200000.0	500000.0	34700000.0		0.0	1163100000.0	2918700000.0	28.49478171394973	71.50521828605028	0.3984993318943365	0.980225988700565	0.980225988700565	96.41518148887884	96.41518148887884	-81.94321206743567	-33.564279747458514	7.0876315210889995	-155.38642413487133	-58.62855949491703	22.675263042178	-632.4227462289264	-238.61823714431233	92.28832058166446	-260.7622773023627	-160.65691254455436	-76.54024831714649	5년	22.675263042178	92.28832058166446	-76.54024831714649	-0.8355863757485988	-0.3338092533816457	0.08782467024724433	18.045197740112993	4.587101112934837	5년	0.0878246702472443	불리(<1)	5년	7.0876315210889995	13.60330051047361	불리	Y		35400000.0	-20.810430712711437	-30.175719275560176		-32.22788826842429	489.00040161132813	500.4228996276855	N	N	주의	
GLW	CORNING INC /NY	0000024741	S&P 500	제외	PEG=불리, PEGY=불리(<1)	148.97999572753906	1.83	2025	73.0	1526000000.0		1526000000.0	3458000000.0	75000000.0	11807000000.0	18669000000.0	38.741960887255544	61.258039112744456	0.6324388022925705	-2.2181400688863375	-2.304247990815155	82.62193212919419	82.66898563844492	215.51724137931038	5.9197116093949065	27.64725090252995	439.53448275862075	20.33942321878981	63.7945018050599	804.348103448276	37.221144490385356	116.74393830325963	439.90342765165724	-75.01601184198114	-21.63784289753512	3년	20.33942321878981	37.221144490385356	-75.01601184198114	3.4920176028825125	0.9551908261596909	1.2181662702483154			3년	0.9551908261596908	불리(<1)	3년	5.9197116093949065	13.95708736859219	불리	N	주당순현금<=0 | FCF<=0	871000000.0	-15.687607073826204	-5.6252406236404155		-41.734133401762854	171.12400009155274	142.1971001815796	N	Y	중립/개선	단기위험부채 존재
TRMB	TRIMBLE INC.	0000864749	S&P 500	제외	PEG=불리, PEGY=판정불가	61.0099983215332	1.76	2025		253400000.0	0.0	253400000.0	1392200000.0	0.0	5836200000.0	3475800000.0	62.67396907216495	37.32603092783505	1.6790954600379768	-4.715527950310559	-4.715527950310559	37.344049018093045	37.344049018093045	-71.10016420361248	-0.7462964697448338	2.573740723547502	-133.70032840722496	7.0074070605103325	13.647481447095004	-235.31257799671593	12.333036426498186	24.019567346887207	-485.6951064915263	-79.78522083954017	-60.63011308359665	5년	13.647481447095004	24.019567346887207	-60.63011308359665				1.4944099378881988	2.449450875268675	판정불가		판정불가	5년	2.573740723547502	14.509639093179548	불리	N	주당순현금<=0	241500000.0	4.918309063812298	-10.817139225903672		-26.951627426103254	55.06820007324219	65.28089988708496	Y	N	중립/개선	
APH	AMPHENOL CORP /DE/	0000820313	S&P 500	보류	PEG=불리, PEGY=보통	157.74000549316406	3.34	2025	62.0	11130600000.0	303600000.0	11434200000.0	3541500000.0	1100000.0	13413100000.0	22727200000.0	37.11396972354961	62.88603027645039	0.5901782885705235	6.178238747553816	6.1773776908023486	45.377774474733606	45.3780322761562	73.95833333333334	2.961536144628707	23.76838535152701	156.41666666666669	14.423072289257414	56.03677070305402	522.4316666666667	48.17306144611976	187.1628141482004	231.19795135883092	-69.46046673733163	18.652724502606553	3년	14.423072289257414	48.17306144611976	-69.46046673733163	2.9961437048666872	1.431571664687949	1.8900967785293863	3.4270841487279844	2.1726157153433743	3년	1.431571664687949	보통	3년	2.961536144628707	15.322377394256891	불리	Y		1277500000.0	7.790084351889326	16.70612697488758		-10.53765940293413	161.124599609375	145.1045999145508	N	Y	상승전환	단기위험부채 존재
AJG	Arthur J. Gallagher & Co.	0000354190	S&P 500	제외	PEG=불리, PEGY=불리(<1)	267.55999755859375	5.74	2025	1.08	738400000.0		738400000.0	12104000000.0	640000000.0	23321000000.0	47318000000.0	33.014340520109286	66.98565947989071	0.49285684094847626	-44.3795392424834	-46.87856306130418	54.34486703851518	54.78023704179407	-11.69230769230769	3.4145178584730878	51.46625205903632	-14.88461538461538	15.329035716946175	111.43250411807264	-85.43769230769229	87.98866501527104	639.622573637737	-131.93216216448127	-67.11441702117591	139.0576242615132	3년	15.329035716946175	87.98866501527104	-67.11441702117591	-0.19527709369104826	0.08270363151846047	0.96690368239922	6.68566966028895	2.4987553151792934	3년	0.0827036315184604	불리(<1)	3년	3.4145178584730873	15.915824514919144	불리	N	주당순현금<=0	256100000.0	29.820470468210125	16.700829839314512		-13.823760599397927	248.88019927978516	233.77045021057128	Y	Y	강한 상승추세	단기위험부채 존재
VTR	Ventas, Inc.	0000740260	S&P 500	제외	PEG=불리, PEGY=불리(<1)	91.80999755859375	0.54	2025	2.24	741067000.0		741067000.0	13011016000.0	0.0	12527253000.0	14630983000.0	46.12690235109526	53.87309764890473	0.8562140356529702	-26.52302454524821	-26.52302454524821	219.13522611822583	219.13522611822583	184.21052631578948		13.239815312499648	376.92105263157896		34.979630624999295	203.53736842105266		18.88900053749962	121.69412246324671		-79.42598732186597	5년	34.979630624999295	18.88900053749962	-79.42598732186597	0.8508468931197644		0.07064046975335732	3.220825092139252	3.5081420082640777	5년	0.0706404697533573	불리(<1)	5년	13.239815312499648	16.551229828058197	불리	N	주당순현금<=0	462615000.0	12.360786424290149	5.942757533872722		-8.674028973030213	92.165	84.81825016021729	N	Y	상승전환	
COO	COOPER COMPANIES, INC.	0000711404	S&P 500	제외	PEG=불리, PEGY=불리(<1)	71.16999816894531	1.87	2025	0.04215259346892938	110600000.0		110600000.0	2455700000.0	47100000.0	8238900000.0	4155700000.0	66.47168928404305	33.52831071595695	1.9825540823447314	-11.7255	-11.961	44.3291434058531	44.45507923473011	-4.59183673469387	-37.77093222139564	2.6595962043162835	-0.68367346938774	-67.04186444279128	13.819192408632567	-1.278469387755074	-125.3682865080197	25.8418898041429	-101.79636001215036	-276.1532805022939	-63.68991082056977	5년	13.819192408632567	25.8418898041429	-63.68991082056977	-0.10263415423056002	-0.8511055420697595	0.060947462328552034	2.1685	3.0469299645791117	5년	0.060947462328552	불리(<1)	5년	2.6595962043162835	16.66762169908008	불리	N	주당순현금<=0	200000000.0	18.24223258474045	-15.193041322918132		-15.595352909715544	72.39759994506836	73.4336499595642	N	N	중립/개선	단기위험부채 존재
TSCO	TRACTOR SUPPLY CO /DE/	0000916365	S&P 500	제외	PEG=불리, PEGY=불리(<1)	34.720001220703125	2.06	2025	2.77	194109000.0	15900000.0	210009000.0	1764974000.0		2581293000.0	8352386000.0	23.608640787789728	76.39135921221028	0.30904857605958347	-2.9218889168661613	-2.9218889168661613	18.272762202703536	18.272762202703536	0.980392156862746	-40.358393897568654	-20.235562235652548	10.460784313725492	-72.21678779513731	-31.971124471305096	21.549215686274515	-148.76658285798285	-65.8605164108885	-37.934288800010265	-528.4751659780331	-289.690420781485	1년	10.460784313725492	21.549215686274515	-37.934288800010265	0.20524494957351652	-2.0570723506710595	-0.9558249618696641	1.3914310625392257	4.0075778042010315	1년	0.2052449495735165	불리(<1)	1년	0.980392156862746	18.63821744675759	불리	N	주당순현금<=0	532178000.0	9.251102802187972	-33.58836642809485		-43.78237991532187	32.27899990081787	42.39429988861084	Y	N	중립/개선	
ANET	Arista Networks, Inc.	0001596532	S&P 500	보류	PEG=불리, PEGY=판정불가	195.3800048828125	2.75	2025		1963900000.0	8779100000.0	10743000000.0	0.0	98793000.0	12370500000.0	7078100000.0	63.60612074905134	36.39387925094865	1.7477147822155663	8.4212589166732	8.343816728070863	67.98499853314156	68.01315932899696	23.318385650224215	-13.642192783183182	3.548578845590522	55.13677130044843	-18.784385566366364	15.597157691181044	151.62612107623318	-51.6570603075075	42.892183650747874	-22.394248496831892	-126.439276802399	-78.04678954917915	5년	15.597157691181044	42.892183650747874	-78.04678954917915				3.4147127067492358	1.7477288470728392	판정불가		판정불가	5년	3.548578845590522	19.15837339153954	불리	Y		1275700000.0	14.471533435058603	51.105955352996666		-7.182895542606893	180.47840087890626	150.45339977264405	Y	Y	강한 상승추세	단기위험부채 존재
HSY	HERSHEY CO	0000047111	S&P 500	제외	PEG=불리, PEGY=불리(<1)	179.0500030517578	0.9006880540124623	2014	3.2	587998000.0	0.0	587998000.0	4089755000.0	218546000.0	4636750000.0	9104547000.0	33.743175771544706	66.25682422845529	0.5092784956791371	-15.574647411235695	-16.54666714108443	216.08441412758052	217.16361099881524	9.97663734289587			28.45327468579174			25.62752460702782			-85.68694545086397			1년	28.45327468579174	25.62752460702782	-85.68694545086397	0.060979119646806745			8.106961932422156	4.527764196730387	1년	0.0609791196468067	불리(<1)	1년	9.97663734289587	21.659042691518614	불리	N	주당순현금<=0	224837000.0	-3.9431282646974264	-24.031566380813896		-24.22126122532959	178.9698001098633	192.49225006103515	Y	N	주의	단기위험부채 존재
ELV	Elevance Health, Inc.	0001156039	S&P 500	보류	PEG=불리, PEGY=불리(<1)	394.42999267578125	25.21	2025	1.71	9491000000.0	25884000000.0	35375000000.0	30797000000.0	150000000.0	43882000000.0	77468000000.0	36.16151627523691	63.83848372476309	0.5664532452109258	20.382902938557436	19.715048975957256	14.83725068374549	14.863742312567394	-1.8302180685358211	0.5345551244794411	63.01431604750667	4.839563862928358	9.569110248958882	134.52863209501334	122.00540498442392	241.23726937625344	3391.4668151152864	-69.06791895901499	-38.83901481737754	759.8399914032523	3년	9.569110248958882	241.23726937625344	-38.83901481737754	-0.008102449105852375	0.15127837173624065	4.362284996533318	14.131789848619768	3.582838554631925	3년	0.1512783717362406	불리(<1)	3년	0.5345551244794411	27.756259372116688	불리	Y		224600000.0	-2.0439107215710184	34.12792289317468		-7.582186841596261	394.8102014160156	357.28970001220705	N	Y	중립/개선	단기위험부채 존재
TSLA	Tesla, Inc.	0001318605	S&P 500	보류	PEG=불리, PEGY=판정불가	348.75	1.08	2025		16513000000.0	27546000000.0	44059000000.0	0.0	50841000.0	82137000000.0	54941000000.0	59.919899619194915	40.08010038080509	1.4950037312753681	12.488378684807257	12.473967970521542	311.3533530696229	311.36669632359116	-47.05882352941176	-33.18021688674605	11.032151746146003	-85.61764705882352	-57.860433773492105	30.564303492292005	-92.46705882352941	-62.489268475371475	33.00944777167537	-126.51385199240988	-117.9180698137266	-90.53492537012893	5년	30.564303492292005	33.00944777167537	-90.53492537012893				1.7630385487528344	0.5055307666674793	판정불가		판정불가	5년	11.032151746146003	28.22235953909824	불리	Y		3528000000.0	-16.1416764678861	-13.530200915708923		-28.809096814754287	360.4737976074219	400.92834976196286	N	N	주의	단기위험부채 존재
ACN	Accenture plc	0001467373	S&P 500	보류	PEG=불리, PEGY=불리(<1)	189.61000061035156	2.25	2025	3.48	11478729000.0	5945000.0	11484674000.0		99963000.0	31195446000.0					18.246493818420028	18.087675704682475	76.1615585741918	76.2321444025196	-15.41353383458647	-4.705085797437691	2.4863174611353456	-22.32706766917294	-0.9101715948753828	13.472634922270691	-50.23590225563912	-2.0478860884696113	30.313428575109054	-126.49433157213782	-101.08005172821976	-84.01274802092156	5년	13.472634922270691	30.313428575109054	-84.01274802092156	-0.1566871011832245	-0.0160853561871937	0.07833764923971893	17.276845866001423	9.111779869409595	5년	0.0783376492397189	불리(<1)	5년	2.4863174611353456	30.63227434336305	불리	Y		629418129.0	-3.550534542735395	-7.925019494913544		-34.286409165045896	155.4936001586914	204.2896997833252	Y	N	주의	단기위험부채 존재
URI	UNITED RENTALS, INC.	0001067701	S&P 500	제외	PEG=불리, PEGY=불리(<1)	1030.25	10.27	2025	76.0	459000000.0		459000000.0	14302000000.0		8968000000.0	20898000000.0	30.027455969999327	69.97254403000068	0.4291319743516126	-214.2746579159185	-214.2746579159185	121.18058986523062	121.18058986523062	-1.9102196752626655	3.924142525332664	20.2179802192882	4.679560649474669	16.348285050665325	48.9359604385764	48.05908787010485	167.89688747033287	502.57231370417963	-95.33520137150158	-83.70328682646611	-51.21841167637179	3년	16.348285050665325	167.89688747033287	-83.70328682646611	0.6113997332999889	0.6595457458510413	0.7940048841674706	77.28623614636865	7.501697272154201	3년	0.6595457458510413	불리(<1)	3년	3.9241425253326634	30.88078200089272	불리	N	주당순현금<=0	64604000.0	3.2500844278264607	25.55143661111112		-11.552853873921176	1096.5528076171875	923.3090020751953	N	Y	상승전환	
PHM	PULTEGROUP INC/MI/	0000822416	S&P 500	보류	PEG=불리, PEGY=안심	128.5500030517578	11.12	2025	82.0	1980869000.0		1980869000.0	43900000.0		12985442000.0	5062981000.0	71.9477928902708	28.0522071097292	2.564781894302981	9.707317439873307	9.707317439873307	10.687291871572349	10.687291871572349	-24.302246426140233	0.3319275999318138	47.00020978752231	-40.104492852280465	9.163855199863628	102.50041957504462	-445.96196051735876	101.90206982248354	1139.8046656744962	-446.9171139092094	-20.72962473485518	786.6624960059931	3년	9.163855199863628	101.90206982248354	-20.72962473485518	5.398725352241278	7.703722195417021	12.07043012745411	8.762951232102317	6.816764701727863	3년	7.703722195417021	안심	3년	0.33192759993181387	32.19765959133191	불리	Y		199537000.0	9.218357166387058	-3.8662863608655673		-9.827437392510951	129.36260009765624	125.07034996032715	N	Y	상승전환	
ON	ON SEMICONDUCTOR CORP	0001097864	S&P 500	제외	PEG=불리, PEGY=판정불가	72.61000061035156	0.29	2025		2147600000.0	400000000.0	2547600000.0	2980500000.0	0.0	7673300000.0	4832200000.0	61.359401863180196	38.6405981368198	1.587951657630065	-1.0512384652744051	-1.0512384652744051	254.00427267457232	254.00427267457232	-92.01101928374655	-59.13642526295217	6.668390127527379	-175.5220385674931	-109.77285052590435	21.83678025505476	-50.901391184572994	-31.834126652512257	6.33266627396588	-170.10245249511306	-143.84262000401893	-91.27852056089493	5년	21.83678025505476	6.33266627396588	-91.27852056089493				3.4448761534725594	4.74435494355504	판정불가		판정불가	5년	6.668390127527379	38.09079370237093	불리	N	주당순현금<=0	411800000.0	-39.952032988866456	9.22081369416572		-45.78510820490642	88.27840026855469	77.70755001068115	N	N	판정불가	
RF	REGIONS FINANCIAL CORP	0001281761	S&P 500	제외	PEG=불리, PEGY=불리(<1)	30.329999923706055	2.3	2025	3.6	3538000000.0		3538000000.0	4134000000.0	750000000.0	19043000000.0	139711000000.0	11.995288307696184	88.00471169230381	0.13630279648703394	-0.6651785714285714	-1.5022321428571428	13.476164563102014	13.840100898505739	19.170984455958546	0.2915468391792686	17.429746204664866	46.84196891191709	9.083093678358537	43.35949240932973	107.73652849740931	20.891115460224633	99.72683254145838	255.21440411611076	-31.120621454746367	228.80591095389838	3년	9.083093678358537	20.891115460224633	-31.120621454746367	1.6897229437451307	0.288772582210401	1.5605142031468433			3년	0.288772582210401	불리(<1)	3년	0.2915468391792686	46.222982904011815	불리	N	주당순현금<=0 | FCF<=0	896000000.0	10.936356087895426	8.437614116153247		-6.38889353298171	30.809400062561036	28.331349973678588	N	Y	상승전환	단기위험부채 존재
WSM	WILLIAMS SONOMA INC	0000719955	S&P 500	보류	PEG=불리, PEGY=불리(<1)	235.08999633789062	8.84	2025	1.28	1019801000.0		1019801000.0	299620000.0	0.0	2082559000.0	3329353000.0	38.48102112525111	61.51897887474889	0.6255146270161199	5.847855919060031	5.847855919060031	25.93236882565957	25.93236882565957	0.5688282138794165	-18.483779224854192	0.5286435792482447	9.637656427758833	-28.467558449708385	9.55728715849649	85.19688282138807	-251.65321669542212	84.48641848110897	-63.759885937921354	-207.0454807161277	-64.06209545399875	5년	9.55728715849649	84.48641848110897	-64.06209545399875	0.07129422793223723	-0.6634094764158757	0.06974463426027736	8.57024189422913	3.6455153463490104	5년	0.0697446342602773	불리(<1)	5년	0.5286435792482447	49.05454231097743	불리	Y		123153000.0	16.300582293327913	16.762690282044336		-6.628803924983817	233.42820068359376	203.42714988708497	Y	Y	강한 상승추세	
NOW	ServiceNow, Inc.	0001373715	S&P 500	보류	PEG=불리, PEGY=판정불가	144.7100067138672	1.67	2025		3726000000.0	2558000000.0	6284000000.0		0.0	12964000000.0	13074000000.0	49.788770258852445	50.211229741147555	0.9915863545969099	6.003682080002599	6.003682080002599	83.05767942147581	83.05767942147581	-75.58479532163743	1.437568278374224	23.132555206176452	-142.66959064327486	11.375136556748448	54.765110412352904	-238.258216374269	18.996478049769905	91.45773438862935	-264.6452942576205	-86.87272671659028	-36.79930195189108	3년	11.375136556748448	18.996478049769905	-86.87272671659028				4.37187288321004	3.0211268608773376	판정불가		판정불가	3년	1.4375682783742239	57.77651098103493	불리	Y		1046691000.0	6.514063052964025	32.25188186389276		-24.7203818705928	112.0768000793457	119.27149002075195	Y	Y	상승전환	
DHR	DANAHER CORP /DE/	0000313616	S&P 500	보류	PEG=불리, PEGY=보통	216.07000732421875	5.05	2025	74.0	19912300000.0		19912300000.0	18416000000.0	764600000.0	52534000000.0	8444400000.0	86.15181769282238	13.848182307177623	6.221164321917484	2.089512637899735	1.0217846669459574	42.37237518540971	42.58380646678669	-4.536862003780722	-19.44272804312125	0.6459964100776094	-0.5737240075614434	-30.3854560862425	9.791992820155219	-2.8973062381852888	-153.44655323552462	49.449563741783855	-101.34091088072108	-171.01705374835944	-77.11410095544474	5년	9.791992820155219	49.449563741783855	-77.11410095544474	1.6393496397657183	1.287566998974009	1.7616665594847476	7.345342829213797	3.3995198686654904	3년	1.287566998974009	보통	5년	0.6459964100776094	65.59227655819191	불리	Y		716100000.0	20.12565363302896	4.888353070009099		-10.733317661633635	198.97379974365234	203.07164985656738	Y	Y	상승전환	단기위험부채 존재
LEN	LENNAR CORP /NEW/	0000920760	S&P 500	제외	PEG=불리, PEGY=불리(<1)	86.33000183105469	14.31	2024	2.35	3756305000.0		3756305000.0	5874995000.0		21959417000.0	12289828000.0	64.1164995023978	35.88350049760221	1.7867961211499461	-7.788757402975527	-7.788757402975527	6.577132021944809	6.577132021944809	4.224326292789512	0.0933489456862446	46.369977497318125	16.948652585579026	8.68669789137249	101.23995499463625	242.53521849963587	124.30664682554033	1448.7437559732448	180.93966564980536	43.990089411563815	1578.1463283278904	3년	8.68669789137249	124.30664682554033	43.990089411563815	0.9995734114586822	0.3714915463965044	7.407480545435667	0.10360673335318489	0.12001243039000539	3년	0.3714915463965044	불리(<1)	3년	0.09334894568624463	70.45748587296555	불리	N	주당순현금<=0	272019000.0	-4.194871549987134	-21.95099778077807		-39.374996115652195	86.37339950561524	99.3	N	N	주의	
WAT	WATERS CORP /DE/	0001000697	S&P 500	제외	PEG=불리, PEGY=판정불가	414.69000244140625	3.77	2025		587831000.0	934000.0	588765000.0	947445000.0		2561242000.0	2515308000.0	50.45241354857137	49.54758645142863	1.0182617794719375	-6.0017067416294365	-6.0017067416294365	111.58931278064607	111.58931278064607	-2.8350515463917496	-0.3511881428137187	1.5554382507588116	2.829896907216501	7.797623714372563	11.610876501517623	10.668711340206208	29.397041403184563	43.77300441072144	-97.42730442562004	-92.9110802695712	-89.44440325230498	5년	11.610876501517623	43.77300441072144	-89.44440325230498						판정불가		판정불가	5년	1.5554382507588116	71.74139682254044	불리	N	주당순현금<=0 | FCF<=0	59763000.0	9.659931887439077	34.97704899013272		-1.5596085960958184	386.9322021484375	360.0473506164551	Y	Y	강한 상승추세	
CTVA	Corteva, Inc.	0001755672	S&P 500	보류	PEG=불리, PEGY=양호	83.9000015258789	1.6	2025	87.0	4521000000.0	9000000.0	4530000000.0		782000000.0	24144000000.0					6.648077487525683	5.5004402700322865	48.28245252397076	48.999725784904136	23.076923076923077	0.4201730021000882	11.94783991051851	54.65384615384615	9.340346004200176	32.39567982103702	87.44615384615385	14.944553606720284	51.83308771365924	4.226641544435639	-82.18765991069661	-38.22039717404373	3년	9.340346004200176	14.944553606720284	-82.18765991069661	2.279853597376257	1.8105992639603103	2.0493540559356203	3.2917522747285	3.9234233788579385	3년	1.8105992639603103	양호	3년	0.42017300210008823	114.91088737888384	불리	Y		681400000.0	8.007210602815462	4.197721092557383		-7.3030609372901845	82.54160034179688	76.82260007858277	Y	Y	강한 상승추세	단기위험부채 존재
TMO	THERMO FISHER SCIENTIFIC INC.	0000097745	S&P 500	제외	PEG=불리, PEGY=불리(<1)	622.1799926757812	17.74	2025	30.0	9852000000.0	253000000.0	10105000000.0	19107000000.0	693000000.0	53407000000.0					-23.814814814814813	-25.64814814814815	36.41458892280699	36.51793353009749	7.3200241984270855	0.2075477652143886	2.137246520494207	23.14004839685417	8.915095530428777	12.774493040988414	410.5044585601929	158.1537947098065	226.61950654713445	-34.021591277026594	-74.58070066997145	-63.576535855400586	3년	8.915095530428777	158.1537947098065	-74.58070066997145	1.0248646298751158	0.8295452086318887	0.8825376716079356	16.64814814814815	2.6757768401632807	3년	0.8295452086318887	불리(<1)	3년	0.20754776521438867	175.45160693584032	불리	N	주당순현금<=0	378000000.0	25.93716741853871	22.33670398026444		-2.7007614671306857	557.4850036621094	535.2820509338379	Y	Y	강한 상승추세	단기위험부채 존재
CNP	CENTERPOINT ENERGY INC	0001130310	S&P 500	제외	PEG=불리, PEGY=불리(<1)	39.2400016784668	1.6	2025	2.44	38000000.0	510000000.0	548000000.0	20566000000.0	500000000.0	11153000000.0					-30.53153359261801	-31.294135590635246	43.60720954442801	44.083835793188776	1.2658227848101276	0.2092056307007928		11.031645569620256	8.918411261401586		17.65063291139241	14.269458018242538		-55.01877635984326	-63.63542964353898		3년	8.918411261401586	14.269458018242538	-63.635429643538984	0.08498188312266465	0.06075155136908548		-3.6360863265461756	-9.266274645807423	3년	0.0607515513690854	불리(<1)	3년	0.2092056307007928	208.4418540665156	불리	N	주당순현금<=0 | FCF<=0	655650000.0	-4.964880580299602	-9.460079510120345		-12.877440317859811	42.27700027465821	41.463750171661374	N	N	주의	단기위험부채 존재
MCD	MCDONALDS CORP	0000063908	S&P 500	제외	PEG=불리, PEGY=불리(<1)	265.0	11.95	2025	2.86	774000000.0		774000000.0	39973000000.0	798000000.0	-1791000000.0					-54716638.74930207	-55830541.59687325	4578820.397431135	4672034.0248429505	4.91659350307286	12.78230543570502	13.62338129334184	18.33318700614572	34.06461087141004	35.74676258668368	219.08158472344135	407.07209991335	427.17381291086997	-17.327703877946654	53.61211317484904	61.197665249384904	3년	34.06461087141004	407.07209991335	53.61211317484904	1.698383607148203e-06	3.4162303995327823e-06	3.5999187263578943e-06	10030709.10106086	3785173.2456833436	3년	3.4162303995327823e-06	불리(<1)	3년	12.782305435705021	358215.53634926	불리	N	주당순현금<=0	716.4	-4.023753555097431	-20.852997370796132		-22.30106084063016	270.62860107421875	297.10405029296874	N	N	주의	단기위험부채 존재
GM	General Motors Co	0001467858	S&P 500	보류	PEG=판정불가, PEGY=안심	86.2699966430664	3.27	2025	83.0	20945000000.0	5966000000.0	26911000000.0			61119000000.0	218116000000.0	21.88801547083997	78.11198452916003	0.28021328100643694	27.65775950668037	27.65775950668037	17.924231540179214	17.924231540179214	-48.665620094191524	-18.898461530269618	-5.460789481150885	-88.83124018838305	-29.296923060539235	-2.421578962301769	-290.47815541601256	-95.8009384079633	-7.918563206726785	-436.70820298954834	-211.04780588357988	-109.17881478480757	판정불가				1.915528698055704	3.576250302616291	4.325943365830558	18.051387461459402	20.924293687114925	3년	3.576250302616291	안심	판정불가			판정불가	Y		973000000.0	4.342037160909262	10.943922676245531		-4.462908385929398	82.60359985351562	79.47270008087158	Y	Y	강한 상승추세	
HUM	HUMANA INC	0000049071	S&P 500	보류	PEG=판정불가, PEGY=안심	385.5400085449219	9.84	2025	90.0	4200000000.0	15703000000.0	19903000000.0	12369000000.0	1694000000.0	17657000000.0	31172000000.0	36.1608879968871	63.83911200311291	0.5664378288207366	62.35412907817854	48.33396785460083	32.84409344174221	34.26890657421962	-1.4028056112224505	-23.616654426020823	-17.217108695019935	5.694388777555099	-38.733308852041645	-25.93421739003987	56.03278557114218	-381.1357591040898	-255.1926991179923	-85.46641481318186	-198.8576414008356	-166.19097719095944	판정불가				2.697507682650105	2.021165409595725	2.2160115770611846	3.103636634499197	0.8050102624141979	3년	2.021165409595725	안심	판정불가			판정불가	Y		120826000.0	17.43169912945286	105.86288501596357		-5.832642298769186	384.96760009765626	275.7470001220703	Y	Y	강한 상승추세	단기위험부채 존재
ODFL	OLD DOMINION FREIGHT LINE, INC.	0000878927	S&P 500	제외	PEG=판정불가, PEGY=불리(<1)	198.6300048828125	4.84	2025	57.99999999999999	120091000.0	0.0	120091000.0	45000000.0	20000000.0	4311057000.0	1159103000.0	78.81043698904602	21.189563010953975	3.719304496666819	0.3548757549693286	0.2603569031843401	40.96593577021553	40.98546445860086	-11.67883211678833	-26.48103950985108	-3.150049031832014	-14.85766423357666	-44.46207901970216	2.199901936335972	-71.91109489051104	-215.19646245535844	10.647525371866104	-136.2035408159694	-208.34036004898647	-94.63951814422603	판정불가				1.1307240274708843	0.7693943735825733	1.3389161003383423			3년	0.7693943735825733	불리(<1)	판정불가			판정불가	N	FCF<=0	211598000.0	-13.083618805494467	-4.389889346419973		-20.142319666023123	217.6433999633789	195.1996999359131	N	Y	중립/개선	단기위험부채 존재
CEG	Constellation Energy Corp	0001868275	S&P 500	제외	PEG=판정불가, PEGY=불리(<1)	276.75	7.4	2025	60.0	3641000000.0		3641000000.0	7250000000.0	1650000000.0	14517000000.0	42396000000.0	25.50735332876496	74.49264667123504	0.3424143787149731	-11.493630573248408	-16.748407643312103	38.95184196935789	39.66194697882595	-37.76282590412111			-67.02565180824222			-495.98982338099245			-279.21944837614905			판정불가				0.5708888969454161			4.101910828025478	1.4821719342458817	1년	0.5708888969454161	불리(<1)	판정불가			판정불가	N	주당순현금<=0	314000000.0	4.158820957960163	-15.40836382743558		-31.489047744313247	264.966501159668	297.80885047912597	Y	N	중립/개선	단기위험부채 존재
IBKR	Interactive Brokers Group, Inc.	0001381197	S&P 500	제외	PEG=판정불가, PEGY=불리(<1)	95.83999633789062	2.22	2025	36.0	4963000000.0		4963000000.0		16000000.0	5363000000.0	182768000000.0	2.850673201120496	97.14932679887951	0.02934321106539438	11.1814650484052	11.145417609200186	38.13447355382226	38.15071113904975	-67.96536796536795	-16.033270923831843	-1.7104104038610624	-127.43073593073589	-23.566541847663686	5.079179192277875	-282.8962337662337	-52.31772290181339	11.275777806856883	-395.1755473454561	-154.58861112365193	-88.23478898402361	판정불가				-0.838227592685989	0.5235873794871588	0.8991756382251684			3년	0.5235873794871588	불리(<1)	판정불가			판정불가	N	FCF<=0	443859546.0	8.061781147438873	33.724011143365985		-2.3933252317800524	92.20239990234376	78.28564987182617	Y	Y	강한 상승추세	단기위험부채 존재
TPL	Texas Pacific Land Corp	0001811074	S&P 500	보류	PEG=판정불가, PEGY=불리(<1)	364.3800048828125	6.97	2025	65.0	144809000.0		144809000.0			1458907000.0	164371000.0	89.87413123322068	10.12586876677932	8.875695834423347	2.0978453048822923	2.0978453048822923	51.97735431534149	51.97735431534149	-64.65517241379311	-50.58674419585327		-120.81034482758622	-92.67348839170654		-842.0481034482759	-645.9342140901946		-331.0906449762756	-277.26939059071924		판정불가				0.00663418888377532	0.2772987581611585		7.633813495643156	2.095014378765995	3년	0.2772987581611585	불리(<1)	판정불가			판정불가	Y		69027492.0	-1.045543814639971	-31.39016240988929		-32.49596700286378	388.20200012207033	390.6615002441406	N	N	주의	
VZ	VERIZON COMMUNICATIONS INC	0000732712	S&P 500	제외	PEG=판정불가, PEGY=불리(<1)	50.099998474121094	4.06	2025	5.64	19048000000.0	350000000.0	19398000000.0	89658000000.0	441000000.0	105741000000.0					-16.606003308910424	-16.71023398723706	16.43004970025407	16.4557222811227	-1.932367149758456	-7.0765828174263685	-1.1420692869857585	4.635265700483088	-5.653165634852737	6.215861426028483	18.819178743961334	-22.95185247750211	25.236397389675638	-62.436767830078296	-145.8120821887006	-49.62794778784001	판정불가				0.22566169414473589	-0.08743630382348472	0.2737624532532416			5년	0.2737624532532416	불리(<1)	판정불가			판정불가	N	주당순현금<=0 | FCF<=0	4231000000.0	4.9654283566199275	0.24009390352905946		-2.4912467251552273	45.97080032348633	45.48425001144409	Y	Y	강한 상승추세	단기위험부채 존재
UPS	UNITED PARCEL SERVICE INC	0001090727	S&P 500	제외	PEG=판정불가, PEGY=불리(<1)	105.33000183105469	6.56	2025	6.21	5887000000.0	206000000.0	6093000000.0	17321000000.0	2341000000.0	16227000000.0					-13.209411764705882	-15.963529411764705	18.070032560329356	18.48986756750296	-2.8148148148148207	-20.79061596362501		2.8703703703703587	-33.08123192725003		18.82962962962955	-217.01288144276018		-82.12320392832466	-306.0314038452602		판정불가				0.18789037451094093	-0.8068948362403647		5.605882352941176	5.322208540291111	1년	0.1878903745109409	불리(<1)	판정불가			판정불가	N	주당순현금<=0	850000000.0	-3.3846954005078866	-7.944412238557208		-12.224998474121096	108.0781999206543	104.69810012817383	N	Y	중립/개선	단기위험부채 존재
IR	Ingersoll Rand Inc.	0001699150	S&P 500	제외	PEG=판정불가, PEGY=불리(<1)	78.58000183105469	1.45	2025	10.0	1248800000.0		1248800000.0	2778100000.0	0.0	10089800000.0	8143200000.0	55.33812318323918	44.661876816760824	1.2390460752529717	-3.813715710723192	-3.813715710723192	56.823253477088194	56.823253477088194	-29.611650485436897	-0.455587184000239		-50.723300970873794	7.588825631999522		-73.548786407767	11.003797166399307		-193.59733353773052	-85.99669520235284		판정불가				-0.34513424144825755	0.1679666726553801				3년	0.1679666726553801	불리(<1)	판정불가			판정불가	N	주당순현금<=0 | FCF<=0	401000000.0	10.738448203065754	-16.377566446447776		-20.433373702583868	81.94659973144532	82.04279991149902	N	N	중립/개선	
FTV	Fortive Corp	0001659166	S&P 500	제외	PEG=판정불가, PEGY=불리(<1)	59.689998626708984	0.58	2025	47.0	375500000.0		375500000.0	2306500000.0	899500000.0	6453400000.0					-5.771069934249851	-8.459354453078303	112.863911311998	117.49888462032293	-75.42372881355932	-34.87672497401558	-29.666922875134137	-142.34745762711864	-61.25344994803116	-50.833845750268274	-82.56152542372881	-35.52700096985807	-29.483630535155598	-238.3171843243865	-159.5191854368063	-149.39459074130858	판정불가				-0.25184072112285316	0.10741498221226058	0.15357501723425804	2.9231918708906157	4.897289224568016	3년	0.1074149822122605	불리(<1)	판정불가			판정불가	N	주당순현금<=0	334600000.0	1.6519029050426237	1.8948391276182308		-6.865342428768906	61.020399780273436	57.91539987564087	N	Y	상승전환	단기위험부채 존재
NKE	NIKE, Inc.	0000320187	S&P 500	보류	PEG=판정불가, PEGY=불리(<1)	39.599998474121094	2.1	2026	4.27	7563000000.0	2583000000.0	10146000000.0	5942000000.0	5000000.0	14865000000.0					2.838622552329507	2.8352464550979066	17.50541710561504	17.50702477096342	-2.77777777777778	-13.36921346091703	-10.018369318341202	2.94444444444444	-18.23842692183406	-11.536738636682404	6.183333333333325	-38.30069653585152	-24.22715113703305	-84.3855212838602	-196.71893437289228	-161.1796769458607	판정불가				0.0852434542530023	-0.5197941532052021	-0.32837659815014375	1.4746792707629979	3.723937695923681	1년	0.0852434542530023	불리(<1)	판정불가			판정불가	Y		1481000000.0	-13.7818458284255	-35.092608484559726		-48.81737486319205	41.924399795532224	52.05859987258911	N	N	주의	단기위험부채 존재
KLAC	KLA CORP	0000319201	S&P 500	제외	PEG=판정불가, PEGY=불리(<1)	175.5399932861328	3.66	2026	50.0	1649842000.0	1475936000.0	3125778000.0	3469670000.0	0.0	6349820000.0	11601715000.0	35.37201693337088	64.62798306662913	0.5473173578216669	-0.26059669620265635	-0.26059669620265635	48.03294808260532	48.03294808260532	-87.94863351992097	-46.684357143962295	-2.244895179579909	-167.39726703984195	-84.86871428792459	4.010209640840182	-612.6739973658216	-310.619494293804	14.677367285475068	-449.0224568751998	-276.95084093314824	-91.63873313954687	판정불가				-0.790054223918513	0.06902851039531413	0.9942155692441071	2.854683082341833	1.6262294585420525	3년	0.0690285103953141	불리(<1)	판정불가			판정불가	N	주당순현금<=0	1319633000.0	-9.517331975486398	14.36203060048622		-41.818302920780425	213.66820037841796	170.04029006958007	N	Y	중립/개선	
BF-B	BROWN FORMAN CORP	0000014693	S&P 500	제외	PEG=판정불가, PEGY=불리(<1)	27.219999313354492	1.53	2026	3.39	308000000.0		308000000.0	2083000000.0	68000000.0	4020000000.0	3874000000.0	50.92475297694451	49.07524702305548	1.0376871450696954	-3.8030308548999106	-3.9487244313129777	20.27649030604863	20.37171486579573	-16.847826086956523	-2.0882960100536807	-4.036359234531672	-25.195652173913047	4.323407979892639	0.42728153093665533	-38.549347826086965	6.614814209235737	0.6537407423330827	-241.6214136609994	-75.69869810396938	-97.5983072783828	판정불가				-0.6637157557263227	0.0641976974465848	-0.03187727386622025	1.9132994667186594	7.02902099552945	3년	0.0641976974465848	불리(<1)	판정불가			판정불가	N	주당순현금<=0	466733000.0	8.18759729107974	-5.649916972487046		-11.852331434199591	27.270999946594237	27.266749963760375	N	N	중립/개선	단기위험부채 존재
SLB	SLB LIMITED/NV	0000087347	S&P 500	제외	PEG=판정불가, PEGY=불리(<1)	57.33000183105469	2.35	2025	2.15	3130000000.0	1176000000.0	4306000000.0	9742000000.0	1178000000.0	26109000000.0	27577000000.0	48.632790671683495	51.36720932831651	0.946767233564202	-3.7828810020876826	-4.602644398051496	26.005482056656327	26.354317544300503	-24.43729903536977	-0.5610216224331555		-40.37459807073954	7.377956755133689		-94.88030546623791	17.33819837456417		-265.4985216045168	-69.75719898691446		판정불가				-0.8570231071592517	0.061101669798123655		3.336812804453723	5.820360540519341	3년	0.0611016697981236	불리(<1)	판정불가			판정불가	N	주당순현금<=0	1437000000.0	4.712332111515405	11.819780220761377		-1.1722056717007434	49.73980010986328	48.51970006942749	Y	Y	강한 상승추세	단기위험부채 존재
PFE	PFIZER INC	0000078003	S&P 500	제외	PEG=판정불가, PEGY=불리(<1)	27.959999084472656	1.36	2025	6.14	1142000000.0	8525000000.0	9667000000.0	61641000000.0	0.0	86476000000.0	121385000000.0	41.60280187240512	58.39719812759488	0.7124109239197595	-9.097496936810783	-9.097496936810783	27.248158839179	27.248158839179	-3.5460992907801296	-37.11932514902995	-4.476866683376013	1.4078014184397407	-65.7386502980599	-0.4537333667520258	1.9146099290780476	-89.40456440536147	-0.6170773787827551	-93.15232477907587	-419.7588245094455	-102.20700071168973	판정불가				0.09519544878350487	-1.1369327862433796	0.061036539255365625	1.588482408541922	5.681267741614741	5년	0.0610365392553656	불리(<1)	판정불가			판정불가	N	주당순현금<=0	5713000000.0	9.090909090909083	2.567860783981857		-2.1351089144816204	25.570599937438963	26.08485001564026	Y	Y	상승전환	
EMR	EMERSON ELECTRIC CO	0000032604	S&P 500	제외	PEG=판정불가, PEGY=불리(<1)	155.17999267578125	1.12	2025	1.41	2354000000.0	99000000.0	2453000000.0	8319000000.0	4192000000.0	20282000000.0					-10.35115581436386	-17.74836774307394	147.7956682947724	154.40032180254926	-35.26011560693641	-3.335847899742972	-1.3703810340970568	-62.02023121387282	1.8283042005140562	5.759237931805886	-69.46265895953756	2.047700704575743	6.450346483622593	-144.7626383799788	-98.68043510682848	-95.84331306349566	판정불가				-0.22903320508300515	-0.013030475939943971	0.0002680658124832502	4.706193753308629	3.0327322950332363	5년	0.0002680658124832	불리(<1)	판정불가			판정불가	N	주당순현금<=0	566700000.0	9.551711515910387	2.038394797082077		-5.596795190260517	149.00240112304687	142.1756007385254	Y	Y	강한 상승추세	단기위험부채 존재
CSX	CSX CORP	0000277948	S&P 500	제외	PEG=판정불가, PEGY=판정불가	51.279998779296875	1.54	2025	1.09	1958000000.0	5000000.0	1963000000.0	9832000000.0		13160000000.0	30522000000.0	30.126825694794196	69.87317430520581	0.4311644060022279	-4.201281366791244	-4.201281366791244	36.02680528966761	36.02680528966761	-13.966480446927374	-7.566647873326204	-15.619198935967571	-19.432960893854748	-6.633295746652408	-22.738397871935142	-29.92675977653631	-10.21527544984471	-35.01713272278012	-158.35951733411227	-119.92058442475802	-168.28614188056002	판정불가				-0.35741388511682204	-0.17977302792328603	-0.40328857413661673	0.9135077415910304	1.7814113949625097	판정불가		판정불가	판정불가			판정불가	N	주당순현금<=0	1873000000.0	11.818574131727999	18.786196326933258		-3.663349201031252	49.844599914550784	42.799099903106686	Y	Y	강한 상승추세	
APTV	Aptiv PLC	0001521332	S&P 500	제외	PEG=판정불가, PEGY=판정불가	45.75	0.64	2025	1.9234972677595628	1851000000.0		1851000000.0	7470000000.0	81000000.0	9207000000.0	13914000000.0	39.820942000778516	60.179057999221484	0.6617076326002588	-25.99703895623207	-26.371796058110483	112.10474836911261	112.69030634079762	-43.85964912280701	-9.379349728076658	-9.25361634386701	-79.21929824561401	-10.258699456153316	-10.007232687734021	-50.70035087719297	-6.565567651938123	-6.404628920149774	-210.82043907583162	-114.35096754521994	-113.99918889650225	판정불가				-0.3740800676610929	-0.06650790951127411	-0.06538633896195481	6.204312019987046	13.561337748605565	판정불가		판정불가	판정불가			판정불가	N	주당순현금<=0	216140000.0	-33.309036417458685	-36.870430206464235		-48.40419426553804	54.91879981994629	67.2353499031067	N	N	주의	단기위험부채 존재
AXON	AXON ENTERPRISE, INC.	0001069183	S&P 500	제외	PEG=판정불가, PEGY=판정불가	600.72998046875	1.51	2025		1201147000.0	505417000.0	1706564000.0	1730170000.0	80552000.0	3242658000.0	3757655000.0	46.32161447638127	53.67838552361873	0.8629472370401221	-0.28658492169479177	-1.264513779288576	398.0242154903608	398.6718504953898	-68.54166666666667	-9.393302099393695		-128.58333333333334	-10.286604198787394		-194.16083333333336	-15.532772340168965		-132.32081628119002	-102.58564960051582		판정불가							0.9115090445550564	0.15173356985509617	판정불가		판정불가	판정불가			판정불가	N	주당순현금<=0	82370000.0	25.970888759819587	5.019048277545735		-22.743644735492218	557.272601928711	506.3140010070801	Y	Y	강한 상승추세	단기위험부채 존재
UNH	UNITEDHEALTH GROUP INC	0000731766	S&P 500	제외	PEG=판정불가, PEGY=판정불가	392.95001220703125	13.23	2025	2.35	24365000000.0	3756000000.0	28121000000.0	72320000000.0	3620000000.0	32454000000.0	207883000000.0	13.503538780961733	86.49646121903827	0.1561166617760952	-48.51701427003293	-52.49066959385291	33.36863389849313	33.668985774821174	-14.700193423597675	-14.517352798270888	-3.7667253412291712	-20.90038684719535	-20.534705596541777	0.9665493175416575	-276.5121179883945	-271.6741550422477	12.78744747107613	-170.36826807444154	-169.13707764414377	-96.74578265076147	판정불가				-0.37011384586995	-0.36463442990455613	-0.04245679776819236	17.64544456641054	4.490506175913741	판정불가		판정불가	판정불가			판정불가	N	주당순현금<=0	911000000.0	3.446013626140121	33.235012364105046		-9.946142612448728	412.83379821777345	349.78034896850585	N	Y	상승전환	단기위험부채 존재
KR	KROGER CO	0000056873	S&P 500	제외	PEG=판정불가, PEGY=판정불가	57.720001220703125	1.54	2025	2.53	3334000000.0		3334000000.0	14509000000.0	1366000000.0	5927000000.0	44017000000.0	11.86729136633029	88.13270863366971	0.13465252061703434	-17.061068702290076	-19.146564885496183	48.559136313631946	49.91335461441514	-47.97297297297297	-20.45740326595622		-87.44594594594594	-32.41480653191244		-134.66675675675674	-49.91880205914516		-333.31038445725846	-186.48440922284695		판정불가				-0.9358274554033988	-0.36918702899012396				판정불가		판정불가	판정불가			판정불가	N	주당순현금<=0 | FCF<=0	655000000.0	-6.176851769806834	-16.40840163694426		-23.650790495106342	57.59680015563965	64.24454999923707	Y	N	주의	단기위험부채 존재
DVN	DEVON ENERGY CORP/DE	0001090012	S&P 500	제외	PEG=판정불가, PEGY=판정불가	47.349998474121094	4.17	2025	2.72	1384000000.0	2343000000.0	3727000000.0	7391000000.0	998000000.0	15528000000.0					-5.788309636650869	-7.3649289099526065	12.742999546947713	13.121085703614797	-8.552631578947361	-22.960449726899977		-8.605263157894722	-37.420899453799954		-35.88394736842099	-156.0451507223458		-175.78447418120442	-429.5568231277378		판정불가				-0.4577126097712552	-1.5883583494082525		10.552922590837282	22.28706004416226	판정불가		판정불가	판정불가			판정불가	N	주당순현금<=0	633000000.0	2.2457289354128385	5.339260668401136		-9.064722965942895	44.22299995422363	43.17485004425049	Y	Y	강한 상승추세	단기위험부채 존재
CVS	CVS HEALTH Corp	0000064803	S&P 500	제외	PEG=판정불가, PEGY=판정불가	93.05999755859375	1.39	2025	2.86	8453000000.0	2145000000.0	10598000000.0	71348000000.0	0.0	75214000000.0	178156000000.0	29.68544026522477	70.31455973477523	0.4221805608567772	-47.7970102281668	-47.7970102281668	101.3359768250076	101.3359768250076	-62.02185792349728	-23.78711813669546	-23.938579568888617	-115.54371584699456	-39.07423627339092	-39.377159137777234	-160.60576502732243	-54.31318842001338	-54.734251201510354	-272.5830316363371	-158.36362545122134	-158.81608923001292	판정불가				-0.5838188941096522	-0.20651222588827983	-0.20800687208342836	6.142407553107789	6.600481102785673	판정불가		판정불가	판정불가			판정불가	N	주당순현금<=0	1271000000.0	2.6925565416667796	13.960315191332807		-15.858952221985312	101.29480026245118	86.11765026092529	N	Y	상승전환	
COP	CONOCOPHILLIPS	0001163165	S&P 500	제외	PEG=판정불가, PEGY=판정불가	130.35000610351562	6.35	2025	2.59	6497000000.0	484000000.0	6981000000.0	16147000000.0	961000000.0	64487000000.0	57452000000.0	52.88463904083189	47.11536095916811	1.1224500452551696	-7.312640512634768	-8.079326911570183	21.67915694742526	21.799894963005638	-18.693982074263765	-24.182162850978774		-28.88796414852753	-39.86432570195755		-183.43857234314981	-253.1384682074304		-240.7277052196489	-294.1990459182672		판정불가				-0.7428324871358232	-0.9959872011325229				판정불가		판정불가	판정불가			판정불가	N	주당순현금<=0 | FCF<=0	1253446000.0	12.779031007501196	10.24188807386368		-3.365700427515317	117.46740020751953	111.60430034637452	Y	Y	강한 상승추세	단기위험부채 존재
SRE	SEMPRA	0001032208	S&P 500	제외	PEG=판정불가, PEGY=판정불가	84.30999755859375	2.75	2025	3.1	29000000.0		29000000.0		4166000000.0	31594000000.0					0.04435430833279802	-6.327371502509842	30.642052091003983	32.95904329494676	-37.782805429864254	-25.38521336020446	-26.568336591560993	-67.06561085972851	-42.27042672040892	-44.636673183121985	-184.4304298642534	-116.24367348112453	-122.75085125358547	-318.75274013153415	-237.87649964090852	-245.5946563968005	판정불가				-1.1318695408146824	-0.7272754870992156	-0.7658865836355301			판정불가		판정불가	판정불가			판정불가	N	FCF<=0	653826000.0	-3.236542848293955	-11.874151591694126		-15.478699189379697	89.620400390625	91.22745021820069	N	N	주의	단기위험부채 존재
CVX	CHEVRON CORP	0000093410	S&P 500	제외	PEG=판정불가, PEGY=판정불가	201.86000061035156	6.63	2025	3.56	8178000000.0	0.0	8178000000.0	33477000000.0	977000000.0	186450000000.0	131836000000.0	58.57939086230623	41.42060913769377	1.414257107315149	-13.63092672413793	-14.157327586206897	32.50240231289435	32.58179912466945	-31.79012345679013	-28.68529133996226		-55.08024691358026	-48.87058267992452		-365.1820370370371	-324.0119631678995		-280.90856828141233	-260.5132082573094		판정불가				-0.868554982029457	-0.7730287471703148				판정불가		판정불가	판정불가			판정불가	N	주당순현금<=0 | FCF<=0	1856000000.0	8.626162956114246	6.466241620341706		-4.399712789329846	187.54260009765625	179.7633000946045	Y	Y	강한 상승추세	단기위험부채 존재
ORLY	O REILLY AUTOMOTIVE INC	0000898173	S&P 500	제외	PEG=판정불가, PEGY=판정불가	88.5	2.97	2025		193793000.0		193793000.0	6016904000.0	25000.0	-763352000.0					-6.803343540685509	-6.803372749056861	32.08866785881666	32.088677693285135	-92.6955238563699	-29.203737570730283	-11.269579863367396	-176.8910477127398	-49.907475141460566	-14.039159726734791	-525.3664117068373	-148.2252011701379	-41.69630438840233	-693.6343635105507	-267.48610301710494	-147.11446823548286	판정불가							1.861365386210611	2.103237724531764	판정불가		판정불가	판정불가			판정불가	N	주당순현금<=0	855919000.0	2.146815124024326	-6.871513062377832		-17.918753245694596	88.92220062255859	92.44474990844726	N	N	중립/개선	단기위험부채 존재
KMB	KIMBERLY CLARK CORP	0000055785	S&P 500	제외	PEG=판정불가, PEGY=판정불가	109.55000305175781	1.5	2025	4.64	688000000.0		688000000.0	6439000000.0	963000000.0	1502000000.0					-17.259903961584634	-20.150060024009605	84.53993800889496	86.46670871717828	-80.13245033112582	-35.99237051910854	-26.238981580201248	-151.76490066225165	-63.48474103821708	-43.977963160402496	-227.64735099337747	-95.22711155732563	-65.96694474060374	-307.80223153971394	-186.92570415752044	-160.21628745134504	판정불가				-0.8929797218822517	-0.3708586883019688	-0.25548849560226417			판정불가		판정불가	판정불가			판정불가	N	주당순현금<=0 | FCF<=0	333200000.0	11.842783527237067	-0.17313178030819998		-16.35488888241633	109.41740005493165	103.15040004730224	Y	Y	상승전환	단기위험부채 존재
VLO	VALERO ENERGY CORP/TX	0001035002	S&P 500	제외	PEG=판정불가, PEGY=판정불가	352.3599853515625	7.57	2025	1.38	4688000000.0		4688000000.0	8261000000.0		23725000000.0					-11.563106796116505	-11.563106796116505	48.074384695862484	48.074384695862484	-11.77156177156177	-36.119777156007146		-15.043123543123539	-63.73955431201429		-113.8764452214452	-482.50842614194823		-132.31821147563804	-236.93621472385172		판정불가				-0.21615589751804182	-0.7226255182626813		14.475728155339805	4.108221352347043	판정불가		판정불가	판정불가			판정불가	N	주당순현금<=0	309000000.0	39.53745421743993	63.956995648075		0.0	302.8630014038086	234.99710136413574	Y	Y	강한 상승추세	
IRM	IRON MOUNTAIN INC	0001020569	S&P 500	제외	PEG=판정불가, PEGY=판정불가	117.4000015258789	0.49	2025	2.82	158535000.0		158535000.0	16215885000.0	216074000.0	-981007000.0					-53.91701587557418	-54.64254438982459	349.62656612541446	351.1072365626602	-19.672131147540984	-36.34769139588404	-16.260604064943717	-30.84426229508197	-64.19538279176808	-24.021208129887434	-15.113688524590165	-31.45573756796636	-11.770391983644842	-112.87366978548003	-126.79364323605436	-110.0258874196439	판정불가				-0.04820037371386693	-0.09589572030363772	-0.03844274253496641	-3.1282033201708437	-2.6645683811863345	판정불가		판정불가	판정불가			판정불가	N	주당순현금<=0 | FCF<=0	297816000.0	-7.105551450149439	6.40804819857641		-11.769123944120674	124.0752000427246	109.04519981384277	N	Y	중립/개선	단기위험부채 존재
FANG	Diamondback Energy, Inc.	0001539838	S&P 500	제외	PEG=판정불가, PEGY=판정불가	197.6699981689453	5.73	2025	2.19	104000000.0		104000000.0	13726000000.0	763000000.0	36972000000.0	28092000000.0	56.824050165990414	43.17594983400959	1.316104228961982	-47.12206697823086	-49.76148388502797	42.7211282979365	43.18175952076322	-63.10367031551834	-38.48028199276532		-117.70734063103669	-68.46056398553064		-674.4630618158403	-392.2790316370906		-441.2065908147516	-298.45147734650965		판정불가				-1.4258441371376553	-0.8494691839521992				판정불가		판정불가	판정불가			판정불가	N	주당순현금<=0 | FCF<=0	289079000.0	-0.6833143841093348	10.454845078874442		-7.496843132309672	193.47760040283202	179.49349990844726	Y	Y	강한 상승추세	단기위험부채 존재
COF	CAPITAL ONE FINANCIAL CORP	0000927628	S&P 500	보류	PEG=판정불가, PEGY=판정불가	215.6699981689453	4.03	2025	1.48	62093000000.0		62093000000.0	31377000000.0	1087000000.0	113616000000.0	555393000000.0	16.98273117402008	83.01726882597991	0.20456865678897646	56.74487345279882	54.7367448734528	39.43551481790235	39.933809750742554	-65.22864538395167	-39.17672229952939	-4.896815963113765	-121.95729076790334	-69.85344459905878	-1.2936319262275298	-491.4878817946505	-281.5093817342069	-5.213336662696945	-327.8888514709603	-230.5278361034186	-102.41727486760261	판정불가				-1.6165287984274521	-0.9559079543806638	-0.08664311798365694	48.29115093293922	22.391223324029657	판정불가		판정불가	판정불가			판정불가	Y		541300000.0	16.856307445753416	10.987026574728652		-16.38753348545191	210.2731997680664	207.52594917297364	Y	Y	강한 상승추세	단기위험부채 존재
MGM	MGM Resorts International	0000789570	S&P 500	제외	PEG=판정불가, PEGY=판정불가	42.279998779296875	0.76	2025	0.02838221463212531	2062994000.0		2062994000.0	6230141000.0	0.0	2429917000.0	38097468000.0	5.995740904576005	94.00425909542399	0.06378158779475844	-15.028931566134704	-15.028931566134704	75.4064872966205	75.4064872966205	-68.33333333333333	-39.83701324007897		-128.16666666666666	-71.17402648015793		-97.40666666666667	-54.09226012492003		-330.38474332776826	-227.9381780668528		판정불가				-0.9058232728706145	-0.5279205072748555		5.267157154449554	12.457798738226803	판정불가		판정불가	판정불가			판정불가	N	주당순현금<=0	277275000.0	-16.591043746804935	18.36505412769025		-16.591043746804935	45.525	39.373549995422366	N	Y	중립/개선	
WY	WEYERHAEUSER CO	0000106535	S&P 500	제외	PEG=판정불가, PEGY=판정불가	23.639999389648438	0.45	2025	3.54	464000000.0		464000000.0	5050000000.0	522000000.0	9426000000.0	7187000000.0	56.738698609522665	43.261301390477335	1.3115347154584667	-6.338044714587592	-7.059470650264592	66.61787578719118	68.22104453314007	-16.66666666666667	-43.761896821361546		-24.833333333333343	-79.02379364272309		-11.175000000000004	-35.56070713922539		-147.27157482454655	-250.426007010799		판정불가				-0.19704420940408574	-0.6037703296011598		0.268116152339728	1.1341631102458134	판정불가		판정불가	판정불가			판정불가	N	주당순현금<=0	723567000.0	-0.2952328027294615	-3.980509407714039		-12.76753115541337	24.298000106811525	24.245250082015993	N	N	주의	단기위험부채 존재
TSN	TYSON FOODS, INC.	0000100493	S&P 500	보류	PEG=판정불가, PEGY=판정불가	55.400001525878906	1.33	2025	3.61	1229000000.0		1229000000.0			18085000000.0					3.442577030812325	3.442577030812325	39.06573270305758	39.06573270305758	-40.888888888888886	-46.97317852013001	-5.767715060111856	-73.27777777777777	-85.44635704026003	-3.0354301202237117	-97.45944444444444	-113.64365486354583	-4.037122059897537	-275.91956996412426	-305.13294536726625	-107.28722373412154	판정불가				-0.9542605836232315	-1.1100055091693208	-0.055232934615942246	3.2969187675070026	5.951116744946151	판정불가		판정불가	판정불가			판정불가	Y		357000000.0	-7.558816546352743	-13.975154948378975		-19.418179598721586	57.89900001525879	60.48255002975464	N	N	주의	
OXY	OCCIDENTAL PETROLEUM CORP /DE/	0000797468	S&P 500	제외	PEG=판정불가, PEGY=판정불가	59.099998474121094	1.61	2025	1.91	1968000000.0		1968000000.0	35745000000.0	440000000.0	36034000000.0					-33.773622637736224	-34.213578642135786	57.68547895146417	57.95874355047011	-34.01639344262294	-49.362988839182776		-59.53278688524588	-90.22597767836555		-95.84778688524588	-145.26382406216854		-262.1790006089696	-345.79327887085674		판정불가				-0.5565766987847471	-0.8226158420060813		4.104589541045895	6.945160147243026	판정불가		판정불가	판정불가			판정불가	N	주당순현금<=0	1000100000.0	0.30549950911344936	9.020474953391178		-10.778984933442626	55.231600036621096	51.94089994430542	Y	Y	강한 상승추세	단기위험부채 존재
DOC	HEALTHPEAK PROPERTIES, INC.	0000765880	S&P 500	제외	PEG=판정불가, PEGY=판정불가	20.959999084472656	0.1	2025	5.75	467457000.0		467457000.0	9847894000.0		7500094000.0	12033567000.0	38.395741586792155	61.604258413207845	0.6232644069709339	-13.47678738700427	-13.47678738700427	344.36786471476927	344.36786471476927	-72.22222222222223	-52.27593913804323	-33.51833999568201	-135.94444444444446	-96.05187827608646	-58.536679991364025	-13.594444444444447	-9.605187827608646	-5.853667999136403	-164.85899350308335	-145.82627980515633	-127.92780655927056	판정불가				-0.1930267862748442	-0.13510534490951825	-0.08063568886917422			판정불가		판정불가	판정불가			판정불가	N	주당순현금<=0 | FCF<=0	696044000.0	10.315784655119241	18.888259116407458		-8.150747744196629	21.498799934387208	18.529600024223328	N	Y	상승전환	
GPC	GENUINE PARTS CO	0000040987	S&P 500	제외	PEG=판정불가, PEGY=판정불가	137.50999450683594	0.47	2025	3.11	333547000.0		333547000.0	3498423000.0	943540000.0	4422991000.0					-22.728014362657092	-29.503885098743268	340.9319337648788	355.34868001187067	-92.73570324574962	-61.61464058703222	-16.81535450665752	-176.97140649149924	-114.72928117406444	-25.13070901331504	-83.17656105100464	-53.92276215181028	-11.811433236258068	-160.4876477155773	-139.21370395308224	-108.58950891432906	판정불가				-0.26288444809502454	-0.1716021140670839	-0.04019967961144208	3.0227935368043086	2.1982355156403113	판정불가		판정불가	판정불가			판정불가	N	주당순현금<=0	139250000.0	41.38391063803184	15.99324417292538		-7.872169658603234	126.50000061035156	119.61010032653809	Y	Y	강한 상승추세	단기위험부채 존재
CSGP	COSTAR GROUP, INC.	0001057352	S&P 500	보류	PEG=판정불가, PEGY=판정불가	32.220001220703125	0.02	2025		1633000000.0	0.0	1633000000.0	993000000.0	0.0	8334000000.0	2167000000.0	79.3638701076088	20.6361298923912	3.845869866174435	1.5212740670311387	1.5212740670311387	1534.9363576835992	1534.9363576835992	-94.11764705882352	-72.19119357371476	-53.398733410393206	-179.73529411764704	-135.8823871474295	-98.29746682078641	-3.5947058823529408	-2.71764774294859	-1.9659493364157283	-111.15675278138457	-108.43466058344636	-106.10164265031901	판정불가							0.2923698597575469	0.9074172833043941	판정불가		판정불가	판정불가			판정불가	Y		420700000.0	-4.843471234749663	-28.669465293769704		-63.99597498063238	30.096800003051758	44.64219994544983	Y	N	주의	
APD	Air Products & Chemicals, Inc.	0000002969	S&P 500	제외	PEG=판정불가, PEGY=판정불가	308.0899963378906	-1.77	2025	2.36	1856000000.0	0.0	1856000000.0	4918100000.0	34700000.0	15024900000.0	23709700000.0	38.78935112276879	61.21064887723121	0.6337026617797779	-13.749887741356085	-13.905702739110911			-110.30267753201397			-212.10535506402795			375.4264784633295			21.85610793139454			판정불가							-23.661427929950605	-7.68003771988769	판정불가		판정불가	판정불가			판정불가	N	주당순현금<=0 | FCF<=0 | 순현금차감PER<=0/불가	222700000.0	10.470070693015664	11.453172412894673		-1.9415022935534765	297.6701995849609	281.3545994567871	Y	Y	강한 상승추세	단기위험부채 존재
ALB	ALBEMARLE CORP	0000915913	S&P 500	제외	PEG=판정불가, PEGY=판정불가	137.36000061035156	-5.76	2025	1.21	613110000.0		613110000.0	3119464000.0	367178000.0	9533365000.0					-21.300941664400327	-24.421505303236334			48.57142857142857			105.64285714285714			-608.5028571428571			-542.9985836044033			1년	105.64285714285714	-608.5028571428571	-542.9985836044033				5.885113543649714	4.284444902081783	판정불가		판정불가	1년	48.57142857142857		판정불가	N	주당순현금<=0 | 순현금차감PER<=0/불가	117664000.0	-19.733537841938464	-22.90941393162267		-36.295332658876255	129.76059997558593	156.05019981384277	Y	N	주의	단기위험부채 존재
ARE	ALEXANDRIA REAL ESTATE EQUITIES, INC.	0001035443	S&P 500	제외	PEG=판정불가, PEGY=판정불가	51.56999969482422	-8.44	2025	5.44	549062000.0		549062000.0	12400555000.0		15470070000.0	14925399000.0	50.89597400191456	49.10402599808544	1.036492893757815	-69.58899516755037	-69.58899516755037			-568.8888888888889			-1129.2777777777778			9531.104444444445			18381.878031504093			판정불가									판정불가		판정불가	판정불가			판정불가	N	주당순현금<=0 | FCF<=0 | 순현금차감PER<=0/불가	170307000.0	6.045647876073401	-2.014062990268861		-41.02915781078159	50.69559989929199	50.14635007858276	Y	Y	상승전환	
APO	Apollo Global Management, Inc.	0001858681	S&P 500	제외	PEG=판정불가, PEGY=판정불가	135.0399932861328	5.54	2025	1.69	8980000000.0		8980000000.0	13364000000.0		23341000000.0	418434000000.0	5.283458774262916	94.71654122573709	0.055781795934364796	-7.384732856185598	-7.384732856185598	25.708434321718123	25.708434321718123	-24.42019099590723			-40.34038199181446			-223.4857162346521			-265.4959473828719			판정불가				-0.8841530647669619					판정불가		판정불가	판정불가			판정불가	N	주당순현금<=0 | FCF<=0	593657223.0	5.318976759086547	26.85767699156587		-11.565163074689021	126.55619964599609	127.67415019989014	Y	Y	상승전환	
ARES	Ares Management Corp	0001176948	S&P 500	보류	PEG=판정불가, PEGY=판정불가	142.52999877929688	0.039510671963162464	2014	3.79	488896000.0		488896000.0			4275463000.0	19931981000.0	17.661769660605227	82.33823033939478	0.21450266283115563	6.083971489795992	6.083971489795992	3453.396778893447	3453.396778893447													판정불가							40.42582623597222	28.363029946117035	판정불가		판정불가	판정불가			판정불가	Y		80358036.0	10.711505901609609	25.732178909570003		-22.83580011986629	129.04480010986327	133.44530048370362	Y	Y	상승전환	
BKR	Baker Hughes Co	0001701605	S&P 500	제외	PEG=판정불가, PEGY=판정불가	62.40999984741211	2.98	2024	1.48	7023000000.0		7023000000.0			18834000000.0									56.020942408376975		111.75011009858267	120.54188481675395		232.00022019716533	359.21481675392675		691.3606561875526	475.5725326585175		1007.7722446368834	5년	232.00022019716533	691.3606561875526	1007.7722446368834						판정불가		판정불가	5년	111.75011009858267		판정불가	N	주당순현금<=0 | FCF<=0 | 순현금차감PER<=0/불가		-0.8893145345960418	-3.732842689020799		-10.420551905180432	59.372000274658205	58.1065500831604	Y	Y	중립/개선	
BAX	BAXTER INTERNATIONAL INC	0000010456	S&P 500	제외	PEG=판정불가, PEGY=판정불가	26.1299991607666	-1.87	2025	15.0	1966000000.0	5148000000.0	7114000000.0	9438000000.0	1000000.0	6129000000.0	13953000000.0	30.519868538990142	69.48013146100986	0.43926037411309393	-4.530214424951267	-4.5321637426900585			-87.00000000000001			-165.50000000000003			309.48500000000007			1084.4049366242705			판정불가									판정불가		판정불가	판정불가			판정불가	N	주당순현금<=0 | FCF<=0 | 순현금차감PER<=0/불가	513000000.0	42.01086794834279	32.70694998494172		-7.830692031151343	24.189200019836427	20.16154998779297	Y	Y	강한 상승추세	단기위험부채 존재
BLK	BlackRock, Inc.	0002012383	S&P 500	제외	PEG=판정불가, PEGY=판정불가	1164.47998046875	35.31	2025	1.96	11468000000.0		11468000000.0	12768000000.0		55888000000.0	108456000000.0	34.006717616706425	65.99328238329359	0.5153057461090211	-8.081234006422008	-8.081234006422008	33.20762431252257	33.20762431252257	-15.94858367055462			-23.39716734110924			-826.1539788145673			-170.94617276992662			판정불가				-0.4212461433225603			22.080417839085364	1.8961612229861697	판정불가		판정불가	판정불가			판정불가	N	주당순현금<=0	160866521.0	14.083058472916177	9.002060881238116		-3.1689924608315545	1080.7221984863281	1057.7218020629882	Y	Y	강한 상승추세	
BK	BK		S&P 500	판정불가																																																												SEC ticker mapping 없음
BG	Bunge Global SA	0001996862	S&P 500	제외	PEG=판정불가, PEGY=판정불가	115.4800033569336	0.49	2025	2.58	1135000000.0	861000000.0	1996000000.0	8831000000.0	3883000000.0	15904000000.0					-41.05920370735475	-64.3851565962587	319.46776951895583	367.0717550065149	-88.76146788990825			-169.0229357798165			-82.82123853211009			-171.71911683802125			판정불가				-0.2697657670433468			-5.2803277335427685	-4.5725039660952955	판정불가		판정불가	판정불가			판정불가	N	주당순현금<=0 | FCF<=0	166466940.0	-11.148724880877658	-4.253376359719274		-12.122365011217951	112.76160079956054	113.59685039520264	Y	Y	중립/개선	단기위험부채 존재
CNC	CENTENE CORP	0001071739	S&P 500	제외	PEG=판정불가, PEGY=판정불가	64.75	-13.53	2025		17888000000.0	2432000000.0	20320000000.0	17351000000.0	50000000.0	19953000000.0	56691000000.0	26.03334899013621	73.96665100986378	0.35196062867121763	6.020895691885885	5.919499671476894			-314.42155309033285			-620.3431061806657			8393.242226624407			12862.536257334992			판정불가							8.762644083745002	13.533041055976838	판정불가		판정불가	판정불가			판정불가	N	순현금차감PER<=0/불가	493116000.0	4.435483870967749	45.179377164263435		-5.777068029950927	65.20519989013673	49.581249961853025	N	Y	상승전환	단기위험부채 존재
CRL	CHARLES RIVER LABORATORIES INTERNATIONAL, INC.	0001100682	S&P 500	제외	PEG=판정불가, PEGY=판정불가	291.5	-2.91	2025		213770000.0	1063000.0	214833000.0	1626760000.0	166000.0	3164630000.0	3924228000.0	44.64231051038122	55.35768948961878	0.8064337749998216	-28.4869461706077	-28.490295375675895			-1555.0			-3101.5			9025.365			2996.180102915952			판정불가									판정불가		판정불가	판정불가			판정불가	N	주당순현금<=0 | FCF<=0 | 순현금차감PER<=0/불가	49564000.0	60.10325054851855	63.20474721677245		-2.371219402058633	245.10120025634765	197.15350036621095	Y	Y	강한 상승추세	단기위험부채 존재
COIN	Coinbase Global, Inc.	0001679788	S&P 500	보류	PEG=판정불가, PEGY=판정불가	178.63999938964844	4.45	2025		11285452000.0	309765000.0	11595217000.0	5937034000.0	452105000.0	14793058000.0	14878774000.0	49.855559980253325	50.144440019746675	0.9942390414694114	19.700576931781384	18.126444505569115	35.71672414783529	36.070461771703215	-53.05907172995781			-97.61814345991561			-434.4007383966245			-343.17103665518516			판정불가							8.437931958956717	4.723428116763454	판정불가		판정불가	판정불가			판정불가	Y		287209000.0	-2.1740327514560454	-3.5629485574373843		-53.87197447325518	160.3807992553711	195.36979988098145	Y	N	주의	단기위험부채 존재
CAG	CONAGRA BRANDS INC.	0000023217	S&P 500	제외	PEG=판정불가, PEGY=판정불가	16.09000015258789	-4.0	2026	7.65	218000000.0		218000000.0	6456000000.0	34200000.0	8932700000.0	10916800000.0	45.0021411118668	54.9978588881332	0.8182526014949436	-13.022964509394573	-13.094363256784968			-266.6666666666667			-524.8333333333334			2099.3333333333335			12947.441351302163			판정불가							2.04321503131524	12.698663840513467	판정불가		판정불가	판정불가			판정불가	N	주당순현금<=0 | 순현금차감PER<=0/불가	479000000.0	22.730744271170565	-16.110532343182726		-19.630370705869503	14.761600074768067	15.911650037765503	Y	Y	상승전환	단기위험부채 존재
STZ	CONSTELLATION BRANDS, INC.	0000016918	S&P 500	제외	PEG=판정불가, PEGY=판정불가	130.69000244140625			3.13	102400000.0		102400000.0	9692900000.0	272000000.0	8082400000.0	13513600000.0	37.42544915725134	62.57455084274866	0.5980937721998579																	판정불가									판정불가		판정불가	판정불가			판정불가	N	주당순현금<=0 | FCF<=0 | 순현금차감PER<=0/불가		-4.080732153096333	-16.524013490422718		-21.59226770808731	134.43079986572266	145.1751503753662	N	N	주의	단기위험부채 존재 | EPS 없음
CTRA	CTRA		S&P 500	판정불가																																																												SEC ticker mapping 없음
CRWD	CrowdStrike Holdings, Inc.	0001535527	S&P 500	제외	PEG=판정불가, PEGY=판정불가	218.39999389648438	-0.65	2026		5230125000.0	0.0	5230125000.0	745471000.0		4428390000.0	6614079000.0	40.10325951560289	59.89674048439711	0.6695399314099514	17.897380435476663	17.897380435476663															판정불가							5.228916576208416	2.3941926384333048	판정불가		판정불가	판정불가			판정불가	N	순현금차감PER<=0/불가	250576000.0	11.689274029106201	126.9916356172804		-4.193723695306972	196.22684906005858	140.47642482757567	Y	Y	강한 상승추세	
DDOG	Datadog, Inc.	0001561550	S&P 500	보류	PEG=판정불가, PEGY=판정불가	236.97999572753906	0.31	2025		401305000.0	4073531000.0	4474836000.0			3732206000.0	2911638000.0	56.175400867329216	43.824599132670784	1.2818234959153576	12.311363736408858	12.311363736408858	724.7375225520329	724.7375225520329	-40.38461538461539			-72.26923076923077			-22.40346153846154			-109.45373531199624			판정불가							2.752776004754149	1.1616069096055999	판정불가		판정불가	판정불가			판정불가	Y		363472000.0	-14.598722812531072	113.2841278244587		-17.758111835090908	249.4492007446289	175.57952529907226	N	Y	중립/개선	
DOW	DOW INC.	0001751788	S&P 500	제외	PEG=판정불가, PEGY=판정불가	30.510000228881836	-3.7	2025	4.62	3816000000.0	21000000.0	3837000000.0	15060000000.0	62000000.0	16008000000.0					-15.77150084317032	-15.858628442945475			-335.6687898089172			-662.8375796178344			2452.4990445859876			7938.344890815064			판정불가									판정불가		판정불가	판정불가			판정불가	N	주당순현금<=0 | FCF<=0 | 순현금차감PER<=0/불가	711600000.0	-12.0495778705763	-0.29411814204548525		-27.131595397180874	29.99300006866455	31.277150096893312	Y	N	주의	단기위험부채 존재
DD	DuPont de Nemours, Inc.	0001666700	S&P 500	제외	PEG=판정불가, PEGY=판정불가	136.97999572753906	-0.3	2025	1.73	715000000.0	0.0	715000000.0	7859000000.0	60000000.0	13919000000.0	7472000000.0	65.0694217194147	34.930578280585294	1.8628211991434689	-17.041984732824428	-17.185114503816795			-117.96407185628743			-227.42814371257487			68.22844311377246			-50.19094375686601			판정불가									판정불가		판정불가	판정불가			판정불가	N	주당순현금<=0 | FCF<=0 | 순현금차감PER<=0/불가	419200000.0	-4.055479702775855	-8.017729376991179		-11.391423137019174	139.1263998413086	136.3539497756958	N	Y	중립/개선	단기위험부채 존재
SATS	SATS		S&P 500	판정불가																																																												SEC ticker mapping 없음
EA	EA		S&P 500	판정불가																																																												SEC ticker mapping 없음
EQR	EQR		S&P 500	판정불가																																																												SEC ticker mapping 없음
ERIE	ERIE INDEMNITY CO	0000922621	S&P 500	제외	PEG=판정불가, PEGY=판정불가	260.3999938964844			2.25	266417000.0	33902000.0	300319000.0	0.0	0.0	2283374000.0	1072107000.0	68.04908148787014	31.950918512129856	2.1298004770046273																	판정불가									판정불가		판정불가	판정불가			판정불가	N	주당순현금<=0 | FCF<=0 | 순현금차감PER<=0/불가		23.056563085585147	-2.3805083799496196		-26.51955801439918	243.13820129394531	255.00994987487792	Y	Y	상승전환	EPS 없음
XOM	ExxonMobil Holdings Corp	0002115436	S&P 500	제외	PEG=판정불가, PEGY=판정불가	156.7100067138672			2.63																											판정불가									판정불가		판정불가	판정불가			판정불가	N	주당순현금<=0 | FCF<=0 | 순현금차감PER<=0/불가		4.906949786756942	1.6145801280345262		-8.607916487874745	150.54300018310548	143.6523498916626	Y	Y	강한 상승추세	EPS 없음
F	FORD MOTOR CO	0000037996	S&P 500	제외	PEG=판정불가, PEGY=판정불가	13.880000114440918	-2.06	2025	4.3	23356000000.0	15131000000.0	38487000000.0	291000000.0		35952000000.0	253180000000.0	12.434459001424955	87.56554099857505	0.14200173789398846	9.59939683337522	9.59939683337522			-241.0958904109589			-473.6917808219178			975.8050684931507			6930.295824550545			판정불가									판정불가		판정불가	판정불가			판정불가	N	FCF<=0 | 순현금차감PER<=0/불가	3979000000.0	-16.53637513592584	3.659445545589657		-20.412845817662507	14.096999969482422	13.476299982070923	N	Y	중립/개선	
GIS	GENERAL MILLS INC	0000040704	S&P 500	제외	PEG=판정불가, PEGY=판정불가	41.54999923706055	-3.74	2026	6.03	453800000.0		453800000.0	12416000000.0	68400000.0	7368400000.0	22636100000.0	24.55764968588045	75.44235031411955	0.32551543772999764	-22.246977868700018	-22.37418634926539			-805.6603773584906			-1602.8207547169811			5994.54962264151			14327.315842871707			판정불가							3.0245490050213872	7.279299784736552	판정불가		판정불가	판정불가			판정불가	N	주당순현금<=0 | 순현금차감PER<=0/불가	537700000.0	23.55039523461182	-7.912233553492887		-18.704756914745136	37.220399932861326	40.07814998626709	Y	Y	상승전환	단기위험부채 존재
GDDY	GoDaddy Inc.	0001609711	S&P 500	제외	PEG=판정불가, PEGY=판정불가	97.69999694824219	6.22	2025		932400000.0	0.0	932400000.0	3765200000.0	15100000.0	215100000.0					-20.14492856685701	-20.252309399022906	18.94612950403524	18.963393303418826													판정불가							11.203874243534038	11.467630085464007	판정불가		판정불가	판정불가			판정불가	N	주당순현금<=0	140621000.0	5.065059891035606	10.745857624534171		-34.37668340678487	91.12259979248047	96.90154987335205	Y	Y	상승전환	단기위험부채 존재
HAL	HALLIBURTON CO	0000045012	S&P 500	제외	PEG=판정불가, PEGY=판정불가	36.18000030517578	-1.29	2019	1.92	2206000000.0		2206000000.0	7158000000.0	0.0	10461000000.0	14505000000.0	41.90098534006248	58.099014659937524	0.7211995863495346	-5.805392731535756	-5.805392731535756			-168.25396825396825			-328.0079365079365			423.1302380952381			1069.5141916146047			판정불가									판정불가		판정불가	판정불가			판정불가	N	주당순현금<=0 | FCF<=0 | 순현금차감PER<=0/불가	853000000.0	-8.05590417247435	0.583817284809518		-15.821310631653695	33.85379978179932	34.55214998245239	Y	Y	중립/개선	
HAS	HASBRO, INC.	0000046080	S&P 500	제외	PEG=판정불가, PEGY=판정불가	94.2300033569336	-2.3	2025	2.97	4580369000.0		4580369000.0	2767900000.0	0.0	2995530000.0	4986500000.0	37.528423220659406	62.4715767793406	0.6007279655068686	12.927738944365192	12.927738944365192			-183.63636363636363			-358.77272727272725			825.1772727272726			775.7054476604291			판정불가							5.919400855920114	6.2818642099566	판정불가		판정불가	판정불가			판정불가	N	순현금차감PER<=0/불가	140200000.0	10.767607493792774	-4.866228719150634		-11.0534253488896	88.29559997558594	89.22054981231689	Y	Y	상승전환	
HPE	Hewlett Packard Enterprise Co	0001645590	S&P 500	제외	PEG=판정불가, PEGY=판정불가	52.310001373291016	-0.04	2025	1.05	5773000000.0		5773000000.0	21748000000.0	4609000000.0	24688000000.0	14276000000.0	63.361051226773434	36.63894877322657	1.7293359484449426	-12.06570996978852	-15.546827794561933			-102.07253886010363			-195.64507772020727			7.825803108808291			-85.0395662333053			판정불가									판정불가		판정불가	판정불가			판정불가	N	주당순현금<=0 | FCF<=0 | 순현금차감PER<=0/불가	1324000000.0	11.29787526232131	136.37597540459626		-12.55432691381807	49.583200225830076	32.51830012321472	Y	Y	강한 상승추세	단기위험부채 존재
HON	HONEYWELL INTERNATIONAL INC	0000773840	S&P 500	제외	PEG=판정불가, PEGY=판정불가	217.42999267578125	-0.18	2025	1.27	12487000000.0	443000000.0	12930000000.0	29046000000.0	5893000000.0	13904000000.0					-25.07156191661481	-34.23926571250778			-102.06659012629163			-195.63318025258326			35.21397244546498			-83.80445493645674			판정불가							8.434971997510889	3.8793967169417245	판정불가		판정불가	판정불가			판정불가	N	주당순현금<=0 | 순현금차감PER<=0/불가	642800000.0	-12.353304186026259	-16.416913455749484		-16.416913455749484	231.84798583984374	229.73771774291993	N	N	주의	단기위험부채 존재
INTC	INTEL CORP	0000050863	S&P 500	제외	PEG=판정불가, PEGY=판정불가	89.47000122070312	-0.06	2025	0.5588465331151703	14265000000.0	23151000000.0	37416000000.0	44086000000.0	0.0	114281000000.0					-1.4724061810154525	-1.4724061810154525			98.63013698630138			205.76027397260276			-12.345616438356165			-113.79860989149			1년	205.76027397260276	-12.345616438356165	-113.79860989149				-1.0924944812362032	-1.2210735065726173	판정불가		판정불가	1년	98.63013698630138		판정불가	N	주당순현금<=0 | FCF<=0 | 순현금차감PER<=0/불가	4530000000.0	-18.165188217083173	96.63736532022665		-36.51908636946493	104.9213996887207	72.78449991226196	N	Y	중립/개선	
IFF	INTERNATIONAL FLAVORS & FRAGRANCES INC	0000051253	S&P 500	제외	PEG=판정불가, PEGY=판정불가	87.94999694824219	-1.41	2025	1.84	590000000.0		590000000.0	4740000000.0	314000000.0	14154000000.0					-16.2109375	-17.4375			-248.42105263157896			-488.3421052631579			688.5623684210526			682.9020947280596			판정불가							1.0	1.137009704035	판정불가		판정불가	판정불가			판정불가	N	주당순현금<=0 | 순현금차감PER<=0/불가	256000000.0	18.435220062204326	8.916404889464014		-0.13625837061185253	80.42239974975585	74.13539983749389	Y	Y	강한 상승추세	단기위험부채 존재
IP	INTERNATIONAL PAPER CO /NEW/	0000051434	S&P 500	제외	PEG=판정불가, PEGY=판정불가	39.310001373291016	-4.52	2025	4.64	1145000000.0		1145000000.0	8839000000.0	992000000.0	14827000000.0					-15.214554083448686	-17.176191417836662			-387.8980891719745			-767.296178343949			3468.178726114649			8722.637000646573			판정불가							2.301759936721376	5.855405383641873	판정불가		판정불가	판정불가			판정불가	N	주당순현금<=0 | 순현금차감PER<=0/불가	505700000.0	16.681516698331265	-8.346929511081925		-20.87358870407332	39.554600143432616	38.40590007781982	N	Y	상승전환	단기위험부채 존재
IVZ	Invesco Ltd.	0000914208	S&P 500	제외	PEG=판정불가, PEGY=판정불가	32.86000061035156	-1.6	2025	2.58	1037500000.0	363900000.0	1401400000.0	1186000000.0	0.0	12231000000.0	14089100000.0	46.4701881831756	53.5298118168244	0.8681179067506086	0.4734065934065934	0.4734065934065934			-235.5932203389831			-462.6864406779662			740.298305084746			2152.8858531169262			판정불가							3.167032967032967	9.637957724307794	판정불가		판정불가	판정불가			판정불가	N	순현금차감PER<=0/불가	455000000.0	18.971758189358546	25.75584257840258		-1.3509478966887034	29.89800003051758	27.02029996871948	Y	Y	강한 상승추세	
KKR	KKR & Co. Inc.	0001404912	S&P 500	제외	PEG=판정불가, PEGY=판정불가	108.68000030517578			71.0	5363009000.0		5363009000.0	36914472000.0		30902561000.0	328512161000.0	8.59802314942458	91.40197685057542	0.09406824059703531																	판정불가									판정불가		판정불가	판정불가			판정불가	N	주당순현금<=0 | FCF<=0 | 순현금차감PER<=0/불가		14.387956911467636	19.942610719682353		-27.226461115426293	101.22180038452149	105.97575008392334	Y	Y	상승전환	EPS 없음
KHC	Kraft Heinz Co	0001637459	S&P 500	제외	PEG=판정불가, PEGY=판정불가	25.700000762939453	-4.93	2025	6.37	2615000000.0		2615000000.0		0.0	41664000000.0	39997000000.0	51.020683067804704	48.979316932195296	1.0416781258594394	2.203032855939343	2.203032855939343			-318.14159292035396			-627.7831858407079			3094.97110619469			11942.688771658624			판정불가							3.08424599831508	12.000956835622747	판정불가		판정불가	판정불가			판정불가	N	순현금차감PER<=0/불가	1187000000.0	8.760057874270766	4.855163292309395		-8.115833414880392	25.142999992370605	24.00835000038147	Y	Y	강한 상승추세	
LYV	Live Nation Entertainment, Inc.	0001335258	S&P 500	제외	PEG=판정불가, PEGY=판정불가	181.64999389648438	-0.24	2025		7094200000.0		7094200000.0	1715688000.0		271007000.0					23.19881058106669	23.19881058106669			-108.75912408759125			-209.0182481751825			50.1643795620438			-72.38404555596593			판정불가							1.4389441534685132	0.7921520516474745	판정불가		판정불가	판정불가			판정불가	N	순현금차감PER<=0/불가	231844300.0	6.570840216349838	12.261292032160288		-3.6135055580902353	180.95560028076173	159.43995079040528	Y	Y	강한 상승추세	
LITE	Lumentum Holdings Inc.	0001633978	S&P 500	제외	PEG=판정불가, PEGY=판정불가	895.0	-92.96	2026		2043500000.0	694900000.0	2738400000.0	40500000.0	1596900000.0	4643900000.0	2663600000.0	63.54977762572699	36.450222374273004	1.7434674876107523	36.16487935656836	14.758713136729222			-25224.324324324323			-50440.14864864865			4688916.218378378			523801.2534500981			판정불가							4.022788203753351	0.4494735423188102	판정불가		판정불가	판정불가			판정불가	N	순현금차감PER<=0/불가	74600000.0	-1.104972375690605	14.26747526332588		-15.012009510238478	814.2568994140624	669.3451251220703	Y	Y	강한 상승추세	단기위험부채 존재
LYB	LyondellBasell Industries N.V.	0001489393	S&P 500	제외	PEG=판정불가, PEGY=판정불가	63.66999816894531	-2.34	2025	4.41	3443000000.0	0.0	3443000000.0	5772000000.0	226000000.0	10082000000.0					-4.071678321678322	-4.466783216783217			-156.38554216867468			-304.27108433734935			711.9943373493975			1018.2571977780718			판정불가							0.6713286713286714	1.0543877660359477	판정불가		판정불가	판정불가			판정불가	N	주당순현금<=0 | 순현금차감PER<=0/불가	572000000.0	-5.168306899386311	10.003450231481859		-22.711822903946953	59.90639976501465	59.96999994277954	Y	Y	중립/개선	단기위험부채 존재
MRNA	Moderna, Inc.	0001682852	S&P 500	제외	PEG=판정불가, PEGY=판정불가	137.99000549316406	-7.26	2025		2595000000.0	3204000000.0	5799000000.0	590000000.0		8650000000.0	3688000000.0	70.10860755389852	29.891392446101474	2.3454446854663775	13.390745501285346	13.390745501285346			21.76724137931034			52.03448275862068			-377.77034482758614			-373.7664539380721			1년	52.03448275862068	-377.77034482758614	-373.7664539380721				-5.308483290488432	-3.8470056374853985	판정불가		판정불가	1년	21.76724137931034		판정불가	N	FCF<=0 | 순현금차감PER<=0/불가	389000000.0	199.58749756612218	161.12215404605502		-20.8682178980918	76.78870056152344	51.76272511482239	Y	Y	강한 상승추세	
TAP	MOLSON COORS BEVERAGE CO	0000024545	S&P 500	제외	PEG=판정불가, PEGY=판정불가	41.459999084472656	-10.75	2025	4.56	896500000.0		896500000.0	3865400000.0	7000000.0	10230300000.0	12195700000.0	45.618032640684916	54.38196735931508	0.838844838754643	-14.911602209944752	-14.946760421898544			-300.9345794392524			-593.3691588785048			6378.718457943926			15285.235404727358			판정불가									판정불가		판정불가	판정불가			판정불가	N	주당순현금<=0 | FCF<=0 | 순현금차감PER<=0/불가	199100000.0	6.225980991997249	-14.673803345801172		-23.758738010062295	41.03340003967285	44.238349990844725	Y	N	중립/개선	단기위험부채 존재
MNST	Monster Beverage Corp	0000865752	S&P 500	보류	PEG=판정불가, PEGY=판정불가	46.86000061035156	2.28	2010	0.005556978160654923	2088117000.0	677084000.0	2765201000.0	373951000.0		8254108000.0					2.429018813531603	2.429018813531603	19.48727271790349	19.48727271790349													판정불가							1.9969526162297564	4.2615292151503334	판정불가		판정불가	판정불가			판정불가	Y		984451000.0	-46.7983655356488	-45.064479561720376		-53.11186765497121	77.2810001373291	78.52500013351441	N	N	주의	
NCLH	Norwegian Cruise Line Holdings Ltd.	0001513761	S&P 500	제외	PEG=판정불가, PEGY=판정불가	16.649999618530273	0.92	2025		209893000.0	240000000.0	449893000.0	1552480000.0		2209888000.0	20331513000.0	9.803685227905754	90.19631477209424	0.1086927470670776	-2.307911555273571	-2.307911555273571	20.60642518891722	20.60642518891722	-51.322751322751316			-94.14550264550263			-86.61386243386242			-620.2033898995849			판정불가							-2.4487259618083104	-14.707063170638463	판정불가		판정불가	판정불가			판정불가	N	주당순현금<=0 | FCF<=0	477742311.0	-7.807308356077714	-24.932374258602074		-38.195993732511994	19.24939998626709	19.915800051689146	N	N	주의	
OMC	OMNICOM GROUP INC.	0000029989	S&P 500	제외	PEG=판정불가, PEGY=판정불가	88.27999877929688	-0.27	2025	3.64	5316800000.0	0.0	5316800000.0	9272900000.0	62000000.0	12045800000.0					-19.307467057101025	-19.610053684724257			-103.61930294906168			-198.73860589812335			53.65942359249331			-39.21678258441782			판정불가							13.608589555880917	15.41525797922004	판정불가		판정불가	판정불가			판정불가	N	주당순현금<=0 | 순현금차감PER<=0/불가	204900000.0	16.20376116992752	3.4208038285688636		-0.7420774049834211	81.52780014038086	77.7457500076294	Y	Y	강한 상승추세	단기위험부채 존재
PANW	Palo Alto Networks Inc	0001327567	S&P 500	제외	PEG=판정불가, PEGY=판정불가	371.5899963378906	1.6	2025		2268600000.0	634600000.0	2903200000.0	1991500000.0		7824400000.0	15751800000.0	33.18770624612957	66.81229375387043	0.4967305323836006	1.2853517552516565	1.2853517552516565	231.44040286414935	231.44040286414935	-78.02197802197801			-147.54395604395603			-236.07032967032967			-163.52978605367744			판정불가									판정불가		판정불가	판정불가			판정불가	N	FCF<=0	709300000.0	23.665462843316387	147.4791951001145		-6.164142338916512	343.41519958496093	229.5836499786377	Y	Y	강한 상승추세	
PSKY	Paramount Skydance Corp	0002041610	S&P 500	제외	PEG=판정불가, PEGY=판정불가	10.880000114440918	-0.53	2025	1.85	3274000000.0		3274000000.0		0.0	11693000000.0					2.970961887477314	2.970961887477314															판정불가							0.29310344827586204	2.693965488904993	판정불가		판정불가	판정불가			판정불가	N	순현금차감PER<=0/불가	1102000000.0	-0.9107416390205292	-18.44077968522171		-44.855548064509954	9.452000036239625	11.134450023174287	Y	N	주의	
PPL	PPL Corp	0000922224	S&P 500	제외	PEG=판정불가, PEGY=판정불가	34.20000076293945	1.59	2025	3.26	1071000000.0	0.0	1071000000.0	17990000000.0	456000000.0	13933000000.0					-22.76053746024742	-23.373978271280745	35.824237876218156	36.210049707056726													판정불가							-1.8847161760037021	-5.510865888769391	판정불가		판정불가	판정불가			판정불가	N	주당순현금<=0 | FCF<=0	743348000.0	-0.9269979449037069	-11.696356397724106		-14.091937746365858	35.70440010070801	36.338950061798094	N	N	주의	단기위험부채 존재
Q	Qnity Electronics, Inc.	0002058873	S&P 500	제외	PEG=판정불가, PEGY=판정불가	120.26000213623047	3.3	2025	25.0	915000000.0		915000000.0	4100000000.0		7095000000.0	6704000000.0	51.41676933111094	48.58323066888905	1.0583233890214798	-15.181124880838894	-15.181124880838894	41.042765762748296	41.042765762748296													판정불가									판정불가		판정불가	판정불가			판정불가	N	주당순현금<=0 | FCF<=0	209800000.0	-20.83991338487694	-3.0708451422303717		-31.530401643056404	140.40039962768554	120.85535007476807	N	N	주의	
SJM	J M SMUCKER Co	0000091419	S&P 500	제외	PEG=판정불가, PEGY=판정불가	132.33999633789062	-1.3	2026	3.4	101300000.0	18600000.0	119900000.0	6392800000.0	420900000.0	5543800000.0	10675600000.0	34.18005598234213	65.81994401765786	0.519296339315823	-57.86808118081181	-61.75092250922509			88.76404494382022			186.02808988764045			-241.83651685393258			-282.73879669489736			1년	186.02808988764045	-241.83651685393258	-282.73879669489736				10.666051660516604	8.059582859050433	판정불가		판정불가	1년	88.76404494382022		판정불가	N	주당순현금<=0 | 순현금차감PER<=0/불가	108400000.0	31.53761607697916	15.399368665608382		0.0	117.56179977416993	106.29885013580322	Y	Y	강한 상승추세	단기위험부채 존재
TTWO	TAKE TWO INTERACTIVE SOFTWARE INC	0000946581	S&P 500	제외	PEG=판정불가, PEGY=판정불가	235.38999938964844	-1.62	2026	0.00042482688414670865	1545500000.0	443800000.0	1989300000.0	2488000000.0	30000000.0	3510900000.0	5872300000.0	37.416872708670816	62.58312729132919	0.5978747679784752	-2.9318048206937095	-3.1081716637272194			93.66692728694292			195.83385457388584			-317.2508444096951			-234.77668772348306			1년	195.83385457388584	-317.2508444096951	-234.77668772348306				2.7131099353321577	1.1526020401746389	판정불가		판정불가	1년	93.66692728694292		판정불가	N	주당순현금<=0 | 순현금차감PER<=0/불가	170100000.0	3.705173945022233	10.057038533649521		-10.255826862984119	241.96059936523437	228.41470008850098	N	Y	상승전환	단기위험부채 존재
TKO	TKO Group Holdings, Inc.	0001973266	S&P 500	제외	PEG=판정불가, PEGY=판정불가	184.63999938964844	-0.08	2025	1.69	831100000.0		831100000.0	3724063000.0	38061000.0	3737381000.0	6245742000.0	37.436992412093886	62.56300758790611	0.5983886302059868	-14.911329390520558	-15.107508915779817			-500.0			-991.5			79.32000000000001			-57.0407277609388			판정불가									판정불가		판정불가	판정불가			판정불가	N	주당순현금<=0 | FCF<=0 | 순현금차감PER<=0/불가	194011072.0	-11.430902140124388	-17.923189065113643		-17.923189065113643	191.18239837646485	197.23454956054687	N	N	주의	단기위험부채 존재
VTRS	Viatris Inc	0001792044	S&P 500	제외	PEG=판정불가, PEGY=판정불가	16.34000015258789	-3.0	2025	2.84	1322400000.0	40700000.0	1363100000.0	12480600000.0	0.0	0.0	22481800000.0	0.0	100.0	0.0	-9.211616538238463	-9.211616538238463			-466.03773584905656			-923.5754716981131			2770.7264150943392			16856.709848350387			판정불가							1.6050211285110614	9.822650633554995	판정불가		판정불가	판정불가			판정불가	N	주당순현금<=0 | 순현금차감PER<=0/불가	1206900000.0	3.352306887440548	4.076435357311703		-8.510640570094308	16.6532000541687	14.574000010490417	N	Y	상승전환	
V	VISA INC.	0001403161	S&P 500	제외	PEG=판정불가, PEGY=판정불가	381.6000061035156			71.0	17164000000.0	3604000000.0	20768000000.0	19602000000.0	5569000000.0	26437000000.0	61718000000.0	29.98922352674267	70.01077647325732	0.4283515343983927																	판정불가									판정불가		판정불가	판정불가			판정불가	N	주당순현금<=0 | FCF<=0 | 순현금차감PER<=0/불가		18.226606900355847	19.06024600684486		-0.6612194637537261	358.40900329589846	332.99714981079103	Y	Y	강한 상승추세	단기위험부채 존재 | EPS 없음
WYNN	WYNN RESORTS LTD	0001174922	S&P 500	제외	PEG=판정불가, PEGY=판정불가	95.26000213623047	3.14	2025	1.07	1463442000.0	0.0	1463442000.0	10537402000.0	9410000.0	-275492000.0	14139396000.0	-1.9871170487043188	101.9871170487043	-0.01948400058955842	-87.04622852373781	-87.13649837399154	58.05930912737843	58.088057487331845	-27.81609195402298			-47.13218390804596			-147.99505747126432			-255.35907427297548			판정불가				-0.460668450176418			6.640445881258214	6.970864720076084	판정불가		판정불가	판정불가			판정불가	N	주당순현금<=0	104243000.0	-10.579176543890679	-7.907966078992845		-28.558568507204264	99.1929998779297	107.9020499420166	N	N	주의	단기위험부채 존재
