티커	종목명	CIK	유니버스	종합판정	종합판정사유	현재가	EPS(FY)	EPS기준연도	배당수익률(%)	현금및현금성자산	유가증권성자산	현금성자산합계	장기부채	단기위험부채	주주지분	총부채	주주지분비중	부채비중	주주대부채배수	주당순현금(린치식)	주당순현금(보수형)	순현금차감PER(린치식)	순현금차감PER(보수형)	연간이익증가율(1년,%)	연간이익증가율(3년CAGR,%)	연간이익증가율(5년CAGR,%)	그레이엄적정PER(1년)	그레이엄적정PER(3년)	그레이엄적정PER(5년)	그레이엄내재가치(1년)	그레이엄내재가치(3년)	그레이엄내재가치(5년)	그레이엄괴리율(1년,%)	그레이엄괴리율(3년,%)	그레이엄괴리율(5년,%)	그레이엄사용기준	그레이엄적정PER(선택)	그레이엄내재가치(선택)	그레이엄괴리율(선택,%)	배당감안점수(1년)	배당감안점수(3년)	배당감안점수(5년)	주당잉여현금흐름	잉여현금흐름수익률(%)	배당감안점수기준	배당감안점수	배당감안점수판정	사용연성장률기준	사용연성장률(%)	린치PER배수	린치PER판정	하드필터통과	하드필터사유	발행주식수	3M수익률(보조,%)	6M수익률(보조,%)	12M수익률(보조,%)	52주고점대비(보조,%)	50일이평(보조)	200일이평(보조)	50일선상회(보조)	200일선상회(보조)	추세판정(보조)	비고
BRK-B	BERKSHIRE HATHAWAY INC	0001067983	S&P 500	제외	PEG=매우 유망, PEGY=판정불가	502.3500061035156	3035.0	2013		31583000000.0		31583000000.0			717419000000.0	502473000000.0	58.81004220045709	41.18995779954291	1.4277762188217078	19217.429611745007	19217.429611745007	-6.166418321463424	-6.166418321463424	10.08342401160682	4.546670945333653		28.66684802321364	17.593341890667304		87003.88375045339	53395.79263817527		17219.37547394498	10529.201152467467		3년	17.593341890667304	53395.79263817527	10529.201152467467				15237.402157404884	3033.2242405238517	판정불가		판정불가	3년	4.546670945333653	-1.3562490876521762	매우 유망	N	순현금차감PER<=0/불가	1643456.0	0.5222747669076044	4.830966883715937		-5.113138468601108	506.75599853515627	492.7693995666504	N	Y	상승전환	
CVNA	CARVANA CO.	0001690820	S&P 500	제외	PEG=매우 유망, PEGY=판정불가	63.619998931884766	8.45	2025		2327000000.0		2327000000.0	4830000000.0	211000000.0	3441000000.0	8998000000.0	27.662995417638076	72.33700458236193	0.3824183151811514	-11.160306228458557	-12.101107113078916	8.849740255661931	8.96107763845724	431.4465408805031			871.3930817610062			7363.271540880502			11473.831600915371			1년	871.3930817610062	7363.271540880502	11473.831600915371				3.9638482769075742	6.230506670004032	판정불가		판정불가	1년	431.4465408805031	0.0205117886392164	매우 유망	N	주당순현금<=0	224277000.0	-6.261976783125	1.1832805644460986		-33.51447663423237	68.72959991455077	72.377649974823	N	N	판정불가	단기위험부채 존재
BXP	BXP, Inc.	0001037540	S&P 500	제외	PEG=매우 유망, PEGY=안심	61.709999084472656	1.74	2025	4.54	1478206000.0		1478206000.0	3300000000.0	750000000.0	5147190000.0	18473924000.0	21.790631889757613	78.20936811024238	0.2786192040196766	-11.467271777376329	-16.188142431814892	42.05590279416608	44.76904684844112	1833.3333333333333	-31.442996126467893	-20.67539892344771	3675.1666666666665	-54.385992252935786	-32.85079784689542	6394.79	-94.63162652010827	-57.16038825359803	10262.648022804855	-253.3489352196722	-192.62743331976586	1년	3675.1666666666665	6394.79	10262.648022804855	43.70072240104853	-0.6396960792433596	-0.38366549881045436			1년	43.70072240104853	안심	1년	1833.3333333333333	0.0229395833422724	매우 유망	N	주당순현금<=0 | FCF<=0	158869000.0	-8.928575650860182	18.901728844270238		-19.143082637279374	67.22099975585938	63.02660003662109	N	N	판정불가	단기위험부채 존재
EQT	EQT Corp	0000033213	S&P 500	제외	PEG=매우 유망, PEGY=안심	48.880001068115234	3.31	2025	1.35	110795000.0		110795000.0	7293209000.0	53650000.0	23752677000.0	14432726000.0	62.20355196984565	37.79644803015435	1.6457512600183777	-11.665122125911742	-11.75225631255918	18.291578004237756	18.317902531925807	635.5555555555555	-8.914070517873663		1279.611111111111	-9.328141035747326		4235.512777777778	-30.876146828323648		8565.124151440807	-163.16723844849582		1년	1279.611111111111	4235.512777777778	8565.124151440807	34.81960689274586	-0.4135274997116834		4.608492213143376	9.428175352781503	1년	34.81960689274586	안심	1년	635.5555555555555	0.0287804549017726	매우 유망	N	주당순현금<=0	615717000.0	-6.85975324985243	-23.192957987259245		-28.043573018516643	52.98479988098145	55.592500076293945	N	N	주의	단기위험부채 존재
SNDK	Sandisk Corp	0002023554	S&P 500	보류	PEG=매우 유망, PEGY=판정불가	1729.760009765625	73.76	2026		4762000000.0		4762000000.0	0.0	0.0	15736000000.0	6771000000.0	69.91602612520549	30.083973874794506	2.324028946979767	30.72258064516129	30.72258064516129	23.03467230369392	23.03467230369392	751.5901060070672			1511.6802120141344			111501.53243816257			6346.069501472089			1년	1511.6802120141344	111501.53243816257	6346.069501472089				74.15483870967742	4.287001566172471	판정불가		판정불가	1년	751.5901060070672	0.0306479184858739	매우 유망	Y		155000000.0	-14.883229438634649	172.25736403337328		-25.920342194191647	1530.6964965820312	1122.8632230377198	Y	Y	강한 상승추세	
BKNG	Booking Holdings Inc.	0001075531	S&P 500	매우 유망	PEG=매우 유망, PEGY=안심	162.33999633789062	165.57	2025	1.03	17203000000.0	0.0	17203000000.0	16856000000.0	1880000000.0	-5578000000.0	34842000000.0	-19.060962274466924	119.06096227446692	-0.1600941392572183	10.631453169521125	-46.96835074604002	0.9162803839365192	1.264168309983274	-4.1229949620707655	29.43673092572357	158.29965811243966	0.2540100758584689	67.37346185144713	325.0993162248793	42.05644825988669	11155.024078744102	53826.693787353266	-74.09360033965295	6771.396039412432	33056.76666353968	3년	67.37346185144713	11155.024078744102	6771.3960394124315	-3.375598797371014	33.25044545298738	173.8874485426921	278.4092649897362	171.49764153638498	3년	33.25044545298738	안심	3년	29.436730925723566	0.0311271107599729	매우 유망	Y		32639000.0	-11.114762987076732	-3.605901585932758		-26.103084918307584	190.55019958496095	183.43543411254882	N	N	주의	단기위험부채 존재
AIG	AMERICAN INTERNATIONAL GROUP, INC.	0000005272	S&P 500	제외	PEG=매우 유망, PEGY=안심	75.2699966430664	5.43	2025	2.66	1345000000.0	13230000000.0	14575000000.0	9191000000.0	250000000.0	41139000000.0	120092000000.0	25.51556462466895	74.48443537533105	0.3425623688505479	9.439817854436424	9.001490502354494	12.123421508034987	12.204144777295012	350.2304147465438	-25.267844119025785		708.9608294930875	-42.03568823805157		3849.6573041474653	-228.25378713262		5014.464562025567	-403.2467082667871		1년	708.9608294930875	3849.6573041474653	5014.464562025567	29.10815354499224	-1.8648072331760537				1년	29.10815354499224	안심	1년	350.2304147465438	0.0346155587795209	매우 유망	N	FCF<=0	570349988.0	-1.723462276980403	0.026573612048386153		-13.073103330148472	76.82139984130859	77.25269992828369	N	N	판정불가	단기위험부채 존재
EXE	EXPAND ENERGY Corp	0000895126	S&P 500	제외	PEG=매우 유망, PEGY=안심	84.18000030517578	7.57	2025	2.73	616000000.0	0.0	616000000.0	5009000000.0	0.0	18578000000.0	9709000000.0	65.67681267013116	34.323187329868844	1.9134823359769286	-18.27599118026376	-18.27599118026376	13.5344770786578	13.5344770786578	266.3736263736264	-39.005602482843		541.2472527472528	-69.51120496568599		4097.241703296704	-526.199821590243		4767.238879119826	-725.0888805923297		1년	541.2472527472528	4097.241703296704	4767.238879119826	19.8828240507326	-2.6802367222628165		7.650705162873903	9.088506931739108	1년	19.8828240507326	안심	1년	266.3736263736264	0.0508101243464463	매우 유망	N	주당순현금<=0	240370000.0	-6.017639173844835	-23.319364874094838		-31.499714603899143	93.38310028076172	98.81792499542236	N	N	주의	
CMCSA	COMCAST CORP	0001166691	S&P 500	매우 유망	PEG=매우 유망, PEGY=안심	21.600000381469727	5.39	2025	6.11	9481000000.0	14000000.0	9495000000.0		2781000000.0	96903000000.0					2.559989215421947	1.8101914262604475	3.5324696040904975	3.6715786558829833	30.193236714975846	64.538600212299	49.1602769351271	68.88647342995169	137.577200424598	106.8205538702542	371.2980917874396	741.5411102885832	575.7627853606701	1618.9726168059235	3333.0606351504457	2565.5684036682114	3년	137.577200424598	741.5411102885832	3333.0606351504457	10.277013190131274	19.999775831189027	15.646355985944146	5.9026691830682125	27.3271716612191	3년	19.999775831189027	안심	3년	64.538600212299	0.0547342147562927	매우 유망	Y		3709000000.0	-8.975976408998566	-24.7648865542746		-33.49753483407065	24.776399993896483	26.77066770553589	N	N	주의	단기위험부채 존재
SOLV	Solventum Corp	0001964738	S&P 500	제외	PEG=매우 유망, PEGY=판정불가	89.31999969482422	8.88	2025		878000000.0		878000000.0	5035000000.0	0.0	5049000000.0	9245000000.0	35.322512942493354	64.67748705750664	0.5461330448891293	-23.713633770678836	-23.713633770678836	12.729012777646739	12.729012777646739	221.73913043478265			451.9782608695653			4013.5669565217404			4393.46951436937			1년	451.9782608695653	4013.5669565217404	4393.46951436937				-0.05704506560182544	-0.06386594916785586	판정불가		판정불가	1년	221.73913043478265	0.0574053517423284	매우 유망	N	주당순현금<=0 | FCF<=0	175300000.0	14.001278154876417	36.78406664702263		-3.3751651494813295	87.5195997619629	77.86509992599487	Y	Y	강한 상승추세	
PGR	PROGRESSIVE CORP/OH/	0000080661	S&P 500	매우 유망	PEG=매우 유망, PEGY=안심	210.52000427246094	19.23	2025	19.0	138000000.0	10005000000.0	10143000000.0	2707900000.0	0.0	30323000000.0	92716000000.0	24.645031250253986	75.35496874974602	0.3270525044221062	12.642577792892364	12.642577792892364	10.290037778448704	10.290037778448704	33.541666666666664	153.53179173781882	14.762613935523516	75.58333333333333	315.56358347563764	38.025227871047036	1453.4675	6068.287710236512	731.2251319602345	590.4177610213618	2782.52307955626	247.34235090260702	3년	315.56358347563764	6068.287710236512	2782.52307955626	5.106071308767118	16.76687641508632	3.281097179860254	29.246726747151843	13.892611701308871	3년	16.76687641508632	안심	3년	153.53179173781882	0.0670221956115816	매우 유망	Y		588100000.0	-6.560141402173658	6.194510915568108		-14.582488623856749	214.1389993286133	209.53654991149904	N	Y	중립/개선	
COHR	COHERENT CORP.	0000820318	S&P 500	제외	PEG=매우 유망, PEGY=판정불가	292.2099914550781	4.12	2026		1162018000.0	825000000.0	1987018000.0	3214308000.0	7916000.0	10903495000.0	7061652000.0	60.69248974138648	39.307510258613526	1.5440430935990614	-6.281328849923486	-6.321843316085513	72.44934958859263	72.45918319688437	892.3076923076924			1793.1153846153848			7387.635384615385			2428.19397031162			1년	1793.1153846153848	7387.635384615385	2428.19397031162				-5.237784499480518	-1.7924727602224138	판정불가		판정불가	1년	892.3076923076924	0.0811932366079055	매우 유망	N	주당순현금<=0 | FCF<=0	195387000.0	-20.73511561290581	22.66906646204605		-31.549115362718016	297.0000018310547	287.0793505859375	N	Y	중립/개선	단기위험부채 존재
MOS	MOSAIC CO	0001285785	S&P 500	제외	PEG=매우 유망, PEGY=불리(<1)	22.420000076293945	1.7	2025	4.06	276600000.0		276600000.0	3834100000.0	759900000.0	12084900000.0					-11.155534650360615	-13.538413295703982	19.75031454509092	21.152007865881135	209.09090909090904	-44.713769482781785	-0.5780734258513109	426.6818181818181	-80.92753896556357	7.343853148297378	725.3590909090907	-137.57681624145806	12.484550352105542	3135.3215363101526	-713.6343254830161	-44.31511904718399	1년	426.6818181818181	725.3590909090907	3135.3215363101526	10.792279211770285	-2.058385925447783	0.17629727193454478	-1.6763875823142051	-7.477197041077416	5년	0.1762972719345447	불리(<1)	1년	209.09090909090904	0.0944580260852174	매우 유망	N	주당순현금<=0 | FCF<=0	318900000.0	5.25822009084711	-12.078431073357077		-36.68455189803544	23.6096000289917	24.5526500415802	N	N	중립/개선	단기위험부채 존재
T	AT&T INC.	0000732717	S&P 500	제외	PEG=매우 유망, PEGY=안심	24.479999542236328	3.04	2025	4.53	18234000000.0	1890000000.0	20124000000.0	61300000000.0	0.0	126491000000.0	279032000000.0	31.19206555485139	68.80793444514862	0.4533207660770091	-5.73561777406324	-5.73561777406324	9.939347801414332	9.939347801414332	104.02684563758389			216.55369127516778			658.3232214765101			2589.228896188002			1년	216.55369127516778	658.3232214765101	2589.228896188002	10.921928461154831			2.7353391837303245	11.173771384312872	1년	10.921928461154833	안심	1년	104.02684563758389	0.0955459885426281	매우 유망	N	주당순현금<=0	7179000000.0	19.531250436557457	-15.557089563605341		-15.87629133563626	24.871799964904785	25.152449913024903	N	N	중립/개선	
TTD	Trade Desk, Inc.	0001671933	S&P 500	보류	PEG=매우 유망, PEGY=판정불가	12.050000190734863	0.9	2025		658175000.0	644882000.0	1303057000.0			2484391000.0	3668829000.0	40.37546195325375	59.62453804674625	0.6771618410124866	2.6401668723191727	2.6401668723191727	10.455370353795212	10.455370353795212	15.384615384615383	101.50381586419562	-28.890526663955164	39.26923076923077	211.50763172839123	-49.28105332791033	35.34230769230769	190.35686855555213	-44.352947995119294	193.29715462977396	1479.7250252486783	-468.0742513947997	3년	211.50763172839123	190.35686855555213	1479.7250252486785				1.6122143405646023	13.379371909091084	판정불가		판정불가	3년	101.50381586419562	0.1030047024811727	매우 유망	Y		493551000.0	-37.07571576620388	-46.892904772532496		-77.73877710519241	14.850000114440919	22.968325080871583	N	N	주의	
GPN	GLOBAL PAYMENTS INC	0001123360	S&P 500	제외	PEG=매우 유망, PEGY=안심	83.33000183105469	5.78	2025	1.2	8336402000.0		8336402000.0	9090364000.0	35137000.0	22888767000.0	29559003000.0	43.641068056849704	56.3589319431503	0.7743416447435659	-3.1154424647119106	-3.2606318799378533	14.955959220720864	14.981078496711511	-6.168831168831167	143.56933796914083	56.79044787371208	-3.8376623376623336	295.63867593828166	122.08089574742417	-22.18168831168829	1708.791546923268	705.6275774201117	-126.61909015273993	1950.631836523554	746.7869457758067	3년	295.63867593828166	1708.791546923268	1950.631836523554	-0.33223085831546373	9.679709327407691	3.8774141476240933	10.570125780965919	12.684658044765262	3년	9.679709327407693	안심	3년	143.56933796914083	0.1041723771404137	매우 유망	N	주당순현금<=0	242008000.0	11.0326428282576	23.81871924577601		-12.12696380675805	87.96179977416992	76.50645004272461	N	Y	상승전환	단기위험부채 존재
AIZ	ASSURANT, INC.	0001267238	S&P 500	매우 유망	PEG=매우 유망, PEGY=안심	263.6499938964844	16.93	2025	1.34	1834100000.0	402500000.0	2236600000.0	2006900000.0	0.0	5871600000.0	30418000000.0	16.17984215863498	83.82015784136502	0.19303044250115065	4.496282384855581	4.496282384855581	15.307366303108612	15.307366303108612	17.08160442600276	137.11065981498948	49.9928022766621	42.66320885200552	282.72131962997895	108.4856045533242	722.2881258644534	4786.471941335543	1836.6612850877787	173.9571942292712	1715.464461271648	596.628608991699	3년	282.72131962997895	4786.471941335543	1715.4644612716481	1.2034470242122388	9.044708088475872	3.353470561832538	31.288018127789123	11.86725539621047	3년	9.044708088475872	안심	3년	137.11065981498948	0.1116424231621643	매우 유망	Y		51086649.0	-3.826519366538206	21.04586421730208		-12.574199193146708	280.762998046875	249.9058494567871	N	Y	중립/개선	
DASH	DoorDash, Inc.	0001792789	S&P 500	보류	PEG=매우 유망, PEGY=판정불가	187.10000610351562	2.13	2025		4378000000.0	1128000000.0	5506000000.0			10033000000.0	9613000000.0	51.0689198819098	48.9310801180902	1.0436908353271612	12.52257292704339	12.52257292704339	81.96123623308556	81.96123623308556	634.4827586206897			1277.4655172413793			2721.0015517241377			1354.303293939342			1년	1277.4655172413793	2721.0015517241377	1354.303293939342				4.944437621393449	2.642671010207168	판정불가		판정불가	1년	634.4827586206897	0.1291780353673631	매우 유망	Y		439686000.0	-0.9371467461380845	24.608733738947166		-33.591249879766764	205.43790008544923	187.34645011901856	N	N	판정불가	
APA	APA Corp	0001841666	S&P 500	제외	PEG=매우 유망, PEGY=안심	42.189998626708984	3.99	2025	2.37	516000000.0		516000000.0			6093000000.0					1.4373259052924792	1.4373259052924792	10.213702436445239	10.213702436445239	75.77092511013217	-28.726114714581406		160.04185022026434	-48.95222942916281		638.5669823788547	-195.31939542235963		1413.5506119087681	-562.9518885518756		1년	160.04185022026434	638.5669823788547	1413.5506119087681	7.650597380956031	-2.5804662783728354				1년	7.650597380956031	안심	1년	75.77092511013217	0.1347971193647133	매우 유망	N	FCF<=0	359000000.0	32.3815422520203	-0.589066937063154		-11.010337982500673	41.17540008544922	35.08050008773804	Y	Y	상승전환	
EIX	EDISON INTERNATIONAL	0000827052	S&P 500	제외	PEG=매우 유망, PEGY=안심	53.560001373291016	11.55	2025	6.55	158000000.0	10000000.0	168000000.0	36070000000.0	2390000000.0	17579000000.0	74767000000.0	19.03601671972798	80.96398328027202	0.2351170971150374	-93.01036269430051	-99.20207253886011	12.690074811046884	13.226153585467628	248.9425981873112	93.26535131289802	52.72616154177432	506.3851963746224	195.03070262579604	113.95232308354863	5848.7490181268895	2252.6046153279444	1316.1493316149867	10819.994152657937	4105.759069399987	2357.3362544223464	3년	195.03070262579604	2252.6046153279444	4105.759069399987	20.13326178068717	7.865623552195877	4.6710647828627145	-1.8523316062176165	-3.458423373269976	3년	7.865623552195877	안심	3년	93.26535131289802	0.1360641935339166	매우 유망	N	주당순현금<=0 | FCF<=0	386000000.0	-27.12924983225712	-26.81060241878287		-33.366505096498365	65.9004005432129	68.25195001602172	N	N	주의	단기위험부채 존재
PODD	INSULET CORP	0001145197	S&P 500	제외	PEG=매우 유망, PEGY=판정불가	132.83999633789062	3.48	2025		907200000.0	0.0	907200000.0	1374300000.0	18400000.0	1515200000.0	1675200000.0	47.492477432296894	52.50752256770311	0.9044890162368673	-6.49778816459394	-6.753748991458698	40.03959324784039	40.113145209583145	-39.7923875432526	267.70008870907657	103.38356182130251	-71.0847750865052	543.9001774181531	215.26712364260501	-247.3750173010381	1892.7726174151728	749.1295902762654	-286.2202831380823	1324.8514525706048	463.9337631196451	3년	543.9001774181531	1892.7726174151728	1324.8514525706048				5.2541524079793005	3.9552488353092734	판정불가		판정불가	3년	267.70008870907657	0.1495688456470908	매우 유망	N	주당순현금<=0	71886000.0	-16.865885274795247	-36.69462511618248		-61.646840871916744	146.99680053710938	195.8176008605957	N	N	주의	단기위험부채 존재
MCHP	MICROCHIP TECHNOLOGY INC	0000827054	S&P 500	제외	PEG=매우 유망, PEGY=안심	78.77999877929688	0.22	2026	2.31	240300000.0	0.0	240300000.0	5496400000.0	0.0	6432400000.0					-9.64068231841526	-9.64068231841526	401.9121868077824	401.9121868077824	2300.0	-62.033647476478926	-29.795234328396646	4608.5	-115.56729495295785	-51.09046865679329	1013.87	-25.424804889650726	-11.239903104494525	1186.9637163112545	-132.27317248490778	-114.26745783023335	1년	4608.5	1013.87	1186.9637163112545	5.728390617578106	-0.1485987472806895	-0.0683861680002793	1.5975788701393985	2.027899079581145	1년	5.728390617578106	안심	1년	2300.0	0.1747444290468619	매우 유망	N	주당순현금<=0	545200000.0	-11.173755089990555	21.931586496030842		-23.455110589899274	76.0382000732422	78.71880012512207	Y	Y	중립/개선	
ACGL	ARCH CAPITAL GROUP LTD.	0000947484	S&P 500	제외	PEG=매우 유망, PEGY=안심	95.12000274658203	11.6	2025	5.256517930640689	993000000.0		993000000.0			24206000000.0	55035000000.0	30.54731767645537	69.45268232354464	0.4398291996002544	2.641660015961692	2.641660015961692	7.972270925053478	7.972270925053478	3.663985701519215	45.06349306453876	17.271170538952106	15.827971403038429	98.62698612907752	43.04234107790421	183.60446827524578	1144.0730390972992	499.29115650368885	93.02403592691577	1102.7680887955078	424.9065833543933	3년	98.62698612907752	1144.0730390972992	1102.7680887955078	1.1189413551070537	6.311879195806671	2.825755506978293			3년	6.311879195806671	안심	3년	45.06349306453876	0.1769119609444345	매우 유망	N	FCF<=0	375900000.0	-3.4804669700257307	-0.9063393442535705		-10.668670409665083	98.58619979858399	96.3834997177124	N	N	주의	
UAL	United Airlines Holdings, Inc.	0000100517	S&P 500	제외	PEG=매우 유망, PEGY=안심	112.6500015258789	10.2	2025	1.9085663301176998	5942000000.0	6298000000.0	12240000000.0	17170000000.0	4096000000.0	15282000000.0					-15.007610350076103	-27.476407914764078	12.515452144701472	13.737883278494412	7.936507936507938	65.99631084110487		24.373015873015873	140.49262168220974		248.6047619047619	1433.0247411585392		120.68775724574694	1172.1036145120092		3년	140.49262168220974	1433.0247411585392	1172.1036145120092	0.7866335273227534	5.425683098470453				3년	5.425683098470453	안심	3년	65.99631084110487	0.1896386629069938	매우 유망	N	주당순현금<=0 | FCF<=0	328500000.0	-16.635834044725083	22.352559899282376		-17.236058319941307	116.15739929199219	109.06119983673096	N	Y	중립/개선	단기위험부채 존재
PSX	Phillips 66	0001534701	S&P 500	제외	PEG=매우 유망, PEGY=안심	252.25	10.79	2025	2.01	1116000000.0		1116000000.0	1100000000.0	0.0	29093000000.0	43439000000.0	40.110571885512606	59.889428114487394	0.6697437786321048	0.03921059274162915	0.03921059274162915	23.374493920969268	23.374493920969268	116.2324649298597	-22.599870532058443		240.9649298597194	-36.699741064116886		2600.011593186372	-395.99020608182116		930.7280845139236	-256.98323333273385		1년	240.9649298597194	2600.011593186372	930.7280845139236	5.058610694616338	-0.880869147442258				1년	5.058610694616338	안심	1년	116.2324649298597	0.2011012494235114	매우 유망	N	FCF<=0	408053000.0	44.555873925501444	38.46196626482452		-8.008457802193425	237.57540100097657	182.22825019836426	Y	Y	강한 상승추세	
POOL	POOL CORP	0000945841	S&P 500	제외	PEG=매우 유망, PEGY=안심	162.52000427246094	10.85	2025	3.2	16358000.0		16358000.0	1186424000.0	13029000.0	1185229000.0	2440897000.0	32.68581952199124	67.31418047800877	0.48557108308953634	-31.379156833297575	-31.72857219480798	17.870890424493872	17.90309460527824	-3.982300884955761	81.32295304049583	49.55892924246974	0.5353982300884779	171.14590608099167	107.61785848493948	5.809070796459984	1856.9330809787596	1167.6537645615933	-96.42562721895995	1042.587393651341	618.4677171211794	3년	171.14590608099167	1856.9330809787596	1042.587393651341	-0.0437751486564731	4.729644188554172	2.9522272247922388	8.300686547951084	5.107486050784972	3년	4.729644188554172	안심	3년	81.32295304049583	0.2197521088000189	매우 유망	N	주당순현금<=0	37288000.0	-24.651118534522396	-19.675775810962058		-47.918599381492136	184.56340087890624	209.85410026550292	N	N	주의	단기위험부채 존재
EOG	EOG RESOURCES INC	0000821189	S&P 500	제외	PEG=매우 유망, PEGY=안심	139.66000366210938	9.12	2025	2.92	3396000000.0		3396000000.0	7909000000.0	27000000.0	29833000000.0					-8.265567765567766	-8.315018315018316	16.219909147771617	16.225331357141194	-18.93333333333334	-11.640253534777134	73.5055490536587	-29.36666666666668	-14.780507069554268	155.5110981073174	-267.8240000000001	-134.79822447433492	1418.2612147387345	-291.76857581070107	-196.51884644114935	915.5099366673707	5년	155.5110981073174	1418.2612147387345	915.5099366673707	-0.9872640584755276	-0.5376265338684201	4.7118358282640855			5년	4.7118358282640855	안심	5년	73.5055490536587	0.2206623766041276	매우 유망	N	주당순현금<=0 | FCF<=0	546000000.0	8.60876245390858	-3.3962809803958827		-9.15832010405434	144.5924008178711	131.52984992980956	N	Y	상승전환	단기위험부채 존재
DAL	DELTA AIR LINES, INC.	0000027904	S&P 500	제외	PEG=매우 유망, PEGY=안심	84.87000274658203	7.66	2025	1.01	4310000000.0	0.0	4310000000.0	11936000000.0	1372000000.0	20853000000.0					-11.660550458715596	-13.758409785932722	12.601899896252952	12.875771871085478	43.71482176360225	54.92464741024845		95.9296435272045	118.34929482049691		734.8210694183865	906.5555983250064		765.8195424036086	968.1696347199849		3년	118.34929482049691	906.5555983250064	968.1696347199849	3.5490538832879257	4.438588456561225				3년	4.438588456561225	안심	3년	54.924647410248454	0.2294397959831336	매우 유망	N	주당순현금<=0 | FCF<=0	654000000.0	-8.800768350391387	27.66245255872184		-9.385010219771516	84.0529998779297	75.59874988555909	Y	Y	강한 상승추세	단기위험부채 존재
FCX	FREEPORT-MCMORAN INC	0000831259	S&P 500	제외	PEG=매우 유망, PEGY=안심	70.79000091552734	2.9	2021	85.0	3824000000.0		3824000000.0	8913000000.0	466000000.0	18899000000.0	27401000000.0	40.81857451403887	59.18142548596113	0.6897193533082734	-3.5266805266805266	-3.8496188496188495	25.626441876623403	25.73779991901593	607.3170731707318	106.36118797315696		1223.1341463414635	221.22237594631395		3547.089024390244	641.5448902443104		4910.720410390914	806.2648424173018		3년	221.22237594631395	641.5448902443104	806.2648424173018	27.015731505132113	7.467333502421099				3년	7.467333502421099	안심	3년	106.36118797315697	0.2409379056869025	매우 유망	N	주당순현금<=0 | FCF<=0	1443000000.0	16.95027646314724	20.43212382723043		-11.41284235844232	70.13040023803711	63.27100004196167	Y	Y	강한 상승추세	단기위험부채 존재
PRU	PRUDENTIAL FINANCIAL INC	0001137774	S&P 500	제외	PEG=매우 유망, PEGY=안심	115.05999755859375	9.99	2025	4.87	19712000000.0	7800000000.0	27512000000.0	18856000000.0		32438000000.0	738159000000.0	4.209463571750215	95.79053642824978	0.043944461830039326	24.47271699180096	24.47271699180096	9.06779585253181	9.06779585253181	33.2		37.53520846738611	74.9		83.57041693477223	748.2510000000001		834.8684651783745	550.3137631468807		625.594023025441	5년	83.57041693477223	834.8684651783745	625.594023025441	4.19837418256064		4.676462632928176			5년	4.676462632928176	안심	5년	37.53520846738611	0.2415810707541616	매우 유망	N	FCF<=0	353700000.0	3.5923272483410873	17.780729535354347		-8.047630397074235	120.4225991821289	108.76860004425049	N	Y	상승전환	
GEV	GE Vernova Inc.	0001996810	S&P 500	제외	PEG=매우 유망, PEGY=안심	962.489990234375	17.69	2025	21.0	8848000000.0		8848000000.0		63000000.0	11178000000.0	50720000000.0	18.058741801027498	81.9412581989725	0.22038643533123028	32.05797101449275	31.829710144927535	52.59649628150832	52.60939966588171	217.02508960573476			442.5501792114695			7828.712670250897			713.3812039275894			1년	442.5501792114695	7828.712670250897	713.3812039275894	4.5254932635012555					1년	4.525493263501256	안심	1년	217.02508960573476	0.2423521463673133	매우 유망	N	FCF<=0	276000000.0	-15.150525768098145	10.26348531499357		-18.076196122522493	968.4094055175781	913.1548489379883	N	Y	중립/개선	단기위험부채 존재
EG	EVEREST GROUP, LTD.	0001095073	S&P 500	제외	PEG=매우 유망, PEGY=안심	368.80999755859375	37.8	2025	2.17	656095000.0	331000000.0	987095000.0		50000000.0	15461000000.0	47054000000.0	24.73166440054387	75.26833559945612	0.32857992944276787	23.728245192307693	22.526322115384616	9.129146887996987	9.160943794793893	18.942731277533024	35.51207914489844	88.45989078523058	46.38546255506605	79.52415828979689	185.41978157046117	1753.3704845814966	3006.013183354322	7008.867743363432	375.412948723803	715.0574017117714	1800.4006913478304	3년	79.52415828979689	3006.013183354322	715.0574017117714	2.312672973341251	4.127667087320381	9.927531224674551			3년	4.127667087320381	안심	3년	35.51207914489844	0.2570715967022858	매우 유망	N	FCF<=0	41600000.0	2.4671477963803534	12.83769027735282		-7.496868255152355	374.486796875	347.6798989868164	N	Y	상승전환	단기위험부채 존재
LULU	lululemon athletica inc.	0001397187	S&P 500	보류	PEG=매우 유망, PEGY=판정불가	96.87000274658203	13.26	2025		881320000.0		881320000.0		0.0	4961840000.0	3494903000.0	58.673179497118454	41.326820502881546	1.4197361128477672	7.4018208082776225	7.4018208082776225	6.747223373929443	6.747223373929443	-9.426229508196727	25.676965842053367	24.12698368466455	-10.352459016393453	59.85393168410673	56.7539673693291	-137.27360655737718	793.6631341312552	752.5576073173038	-241.70909741428778	719.3074343226019	676.8737338493129	3년	59.85393168410673	793.6631341312552	719.3074343226019				7.740744784492895	7.990858434001666	판정불가		판정불가	3년	25.676965842053367	0.2627733905724537	매우 유망	Y		119068000.0	-16.77834924680377	-36.727629729103185		-55.12784854754539	113.01700057983399	146.51364978790284	N	N	주의	
PYPL	PayPal Holdings, Inc.	0001633917	S&P 500	매우 유망	PEG=매우 유망, PEGY=안심	53.88999938964844	5.41	2025	1.04	8049000000.0	2373000000.0	10422000000.0	9987000000.0		20256000000.0	59917000000.0	25.26536365110449	74.7346363488955	0.3380676602633643	0.4493801652892562	0.4493801652892562	9.878118156073786	9.878118156073786	35.58897243107769	37.30414865193261	32.59424256515169	79.67794486215539	83.10829730386523	73.68848513030338	431.05768170426063	449.6158884139109	398.6547045549413	699.8843692454396	734.3215689482383	639.7563723697456	3년	83.10829730386523	449.6158884139109	734.3215689482383	3.708092154025869	3.8817260581516573	3.4049240992800747	5.74793388429752	10.666049265908182	3년	3.881726058151657	안심	3년	37.304148651932614	0.2647994529574133	매우 유망	Y		968000000.0	22.282731479069028	19.146583981999154		-29.213186215859256	56.68669982910156	50.38332504272461	N	Y	상승전환	
INCY	INCYTE CORP	0000879169	S&P 500	보류	PEG=매우 유망, PEGY=판정불가	123.19999694824219	6.41	2025		3097817000.0	284870000.0	3382687000.0	316153000.0	689118000.0	5167478000.0	1790495000.0	74.26700276071782	25.732997239282184	2.8860611171770936	15.279192825112107	11.845620328849028	16.83631889596413	17.3719776317306	4173.333333333333	61.56160063417288	56.62815181550294	8355.166666666666	131.62320126834578	121.75630363100588	53556.61833333333	843.7047201300965	780.4579062747476	43371.28219153537	584.8252768095011	533.4885759799389	3년	131.62320126834578	843.7047201300965	584.8252768095011				6.800189337319382	5.519634339095174	판정불가		판정불가	3년	61.56160063417288	0.273487347998198	매우 유망	Y		200700000.0	8.250592734451212	30.89672051960941		-5.179709156401369	123.54679992675781	106.53735004425049	N	Y	상승전환	단기위험부채 존재
APP	AppLovin Corp	0001751008	S&P 500	제외	PEG=매우 유망, PEGY=판정불가	305.6600036621094	9.75	2025		2487096000.0		2487096000.0	3512987000.0	0.0	2134671000.0	5124939000.0	29.404761412803165	70.59523858719683	0.41652612840855274	-2.9999444395707227	-2.9999444395707227	31.65743057453129	31.65743057453129	115.23178807947019			238.96357615894038			2329.8948675496686			662.2504873503965			1년	238.96357615894038	2329.8948675496686	662.2504873503965				11.598438459513993	3.7945554932124645	판정불가		판정불가	1년	115.23178807947019	0.2747282768249555	매우 유망	N	주당순현금<=0	341970000.0	-45.86351435641263	-23.201004104997647		-58.33424020795883	338.71539978027346	462.3304252624512	N	N	주의	
NOC	NORTHROP GRUMMAN CORP /DE/	0001133421	S&P 500	제외	PEG=매우 유망, PEGY=안심	504.6099853515625	29.08	2025	1.96	4403000000.0	250000000.0	4653000000.0	15162000000.0	534000000.0	16674000000.0	34703000000.0	32.45421102828114	67.54578897171886	0.4804771921735873	-73.08066759388039	-76.7941585535466	19.865565782167916	19.993264921083533	2.6111503175723305	-2.5984458859345416	71.32693092917182	13.722300635144661	3.3031082281309168	151.15386185834365	399.0445024700067	96.05438727404706	4395.554302840633	-20.920212826943597	-80.96462811628156	771.0795327956587	5년	151.15386185834365	4395.554302840633	771.0795327956587	0.2301042098521839	-0.03213831878413626	3.6891439052270507	22.99721835883171	4.557424352752258	5년	3.6891439052270503	안심	5년	71.32693092917182	0.2785142375170266	매우 유망	N	주당순현금<=0	143800000.0	-2.9502887768681707	-26.03629330227182		-34.29728750305963	540.673798828125	599.6359503173828	N	N	주의	단기위험부채 존재
IBM	INTERNATIONAL BUSINESS MACHINES CORP	0000051143	S&P 500	제외	PEG=매우 유망, PEGY=안심	219.99000549316406	11.17	2025	3.07	13587000000.0	608000000.0	14195000000.0	54836000000.0	6424000000.0	32648000000.0	119139000000.0	21.509088393604195	78.49091160639581	0.2740328523825112	-42.839739881982034	-49.61128804767315	23.529968252027405	24.13619458736233	73.71695178849146	83.76390990316042	12.386209881346621	155.9339035769829	176.02781980632085	33.27241976269325	1741.7817029548992	1966.230747236604	371.65292874928355	691.7549249795454	793.7818528749946	68.94082434160048	3년	176.02781980632085	1966.230747236604	793.7818528749946	3.263368270030508	3.6903538913903366	0.6568733844345443	12.756736597321586	5.798780071269186	3년	3.6903538913903366	안심	3년	83.76390990316042	0.2809081892097734	매우 유망	N	주당순현금<=0	948675228.0	-23.14759633426583	-9.241302839592723		-33.180451917459145	230.96039886474608	256.8022994232178	N	N	주의	단기위험부채 존재
UHS	UNIVERSAL HEALTH SERVICES INC	0000352915	S&P 500	제외	PEG=매우 유망, PEGY=안심	175.72999572753906	23.1	2025	46.0	137797000.0		137797000.0	4004393000.0	748158000.0	7275792000.0					-59.98256337066799	-71.58874996121746	10.204006887368271	10.706439207305475	37.336504161712256	36.21405696848752	45.03135209620262	83.17300832342451	80.92811393697504	98.56270419240523	1921.2964922711064	1869.4394319441235	2276.798466844561	993.3230176878764	963.8135078786432	1195.6231276387373	3년	80.92811393697504	1869.4394319441235	963.8135078786433	8.16703723170513	8.057036601010317	8.921137853100827	13.174350780304676	7.496927730386379	3년	8.057036601010317	안심	3년	36.21405696848752	0.2817692283481941	매우 유망	N	주당순현금<=0	64462000.0	16.7020810138532	-1.810362335064486		-28.032598493492923	171.11420013427735	181.53865036010743	Y	N	중립/개선	단기위험부채 존재
DHI	HORTON D R INC /DE/	0000882184	S&P 500	매우 유망	PEG=매우 유망, PEGY=안심	139.39999389648438	11.57	2025	1.29	2985400000.0		2985400000.0			24190400000.0	10729000000.0	69.27495890536493	30.725041094635074	2.254674247366949	9.633430138754436	9.633430138754436	11.215779062898006	11.215779062898006	-19.316596931659692	-11.176320062438394	38.872760394269434	-30.133193863319384	-13.852640124876789	86.24552078853887	-348.6410529986053	-160.27504624482447	997.8606755233948	-350.10119674574673	-214.9749306042592	615.8254800673707	5년	86.24552078853887	997.8606755233948	615.8254800673707	-1.6072532126896109	-0.8814653005373932	3.580915794528135	10.595353339787028	7.600684220728822	5년	3.580915794528135	안심	5년	38.872760394269434	0.2885254082586689	매우 유망	Y		309900000.0	-11.244113037453108	1.5886843436730302		-20.320093553516926	144.5401998901367	148.8236000061035	N	N	판정불가	
HIG	HARTFORD INSURANCE GROUP, INC.	0000874766	S&P 500	제외	PEG=매우 유망, PEGY=안심	125.8499984741211	13.32	2025	1.91	177000000.0	1843000000.0	2020000000.0	4371000000.0	0.0	18979000000.0	67018000000.0	22.06937451306441	77.93062548693558	0.2831925751290698	-8.205933682373473	-8.205933682373473	10.064259170908	10.064259170908	28.69565217391305	34.78299680616526	55.39512065939527	65.8913043478261	78.06599361233052	119.29024131879054	877.6721739130436	1039.8390349162426	1588.94601436629	597.395458525589	726.2527195263079	1162.571341781168	3년	78.06599361233052	1039.8390349162426	726.2527195263079	3.041023850258399	3.6458716119146604	5.693923386337554	20.080279232111693	15.955724652822193	3년	3.645871611914661	안심	3년	34.78299680616526	0.2893442226094825	매우 유망	N	주당순현금<=0	286500000.0	-6.004930130837649	-6.936328883953202		-13.612023063313083	137.32639999389647	136.07214977264405	N	N	주의	
NXPI	NXP Semiconductors N.V.	0001413447	S&P 500	제외	PEG=매우 유망, PEGY=안심	236.47000122070312	7.95	2025	1.72	3267000000.0		3267000000.0	10972000000.0	307000000.0	10056000000.0					-30.295166534948553	-31.502254935497444	33.55536701328952	33.70720203222648	-18.293936279547793	-9.000664080454257	113.31378642177046	-28.087872559095587	-9.501328160908514	235.12757284354092	-223.29858684480993	-75.53555887922269	1869.2642041061504	-194.42998506876143	-131.94297732874944	690.4868247374521	5년	235.12757284354092	1869.2642041061504	690.4868247374521	-0.4939280286513847	-0.21697465200040186	3.4281784602806344	9.526955031042224	4.0288218301950645	5년	3.4281784602806344	안심	5년	113.31378642177046	0.2961278417472658	매우 유망	N	주당순현금<=0	254331000.0	-15.298371149639767	20.12089834783264		-28.91754841857085	234.8206005859375	245.56045013427735	Y	N	판정불가	단기위험부채 존재
AWK	American Water Works Company, Inc.	0001410636	S&P 500	제외	PEG=매우 유망, PEGY=안심	129.8000030517578	5.69	2025	2.76	98000000.0		98000000.0	5212881000.0	1588000000.0	10837000000.0					-26.230158974358975	-34.373748717948715	27.421821094220874	28.853031945466878	366.3934426229509	91.51777276233976	48.04865146769342	741.2868852459018	191.5355455246795	104.59730293538684	4217.922377049182	1089.8372540354264	595.1586537023511	3149.554913621445	739.6280650323663	358.51975324301907	3년	191.5355455246795	1089.8372540354264	739.6280650323663	13.46203234841867	3.438056591442379	1.852854749985999	-5.471794871794872	-4.215558353733622	3년	3.438056591442379	안심	3년	91.51777276233975	0.2996338335880608	매우 유망	N	주당순현금<=0 | FCF<=0	195000000.0	-1.5099706622296316	-4.621936553305305		-10.74743203684857	136.0504006958008	131.99565032958984	N	N	주의	단기위험부채 존재
STE	STERIS plc	0001757898	S&P 500	제외	PEG=매우 유망, PEGY=안심	210.64999389648438	7.93	2026	1.22	220531000.0		220531000.0	1812800000.0	118900000.0	7183600000.0	3540000000.0	66.98869782535716	33.01130217464284	2.029265536723164	-16.13241134751773	-17.33707193515704	28.59803344817177	28.74994524989173	27.903225806451605	94.9679101546837	50.70740889939833	64.3064516129032	198.4358203093674	109.91481779879666	509.9501612903224	1573.5960550532834	871.6245051444575	142.0841092171677	647.019273984202	313.7785570375013	3년	198.4358203093674	1573.5960550532834	647.019273984202	1.018364631932879	3.363444914105898	1.8157685210595478	9.852077001013171	4.676988980049336	3년	3.363444914105898	안심	3년	94.9679101546837	0.3011336503203166	매우 유망	N	주당순현금<=0	98700000.0	-0.7772063737894408	-4.7392984917998815		-21.589429115099268	224.08219970703124	228.83010025024413	N	N	주의	단기위험부채 존재
DIS	Walt Disney Co	0001744489	S&P 500	제외	PEG=매우 유망, PEGY=안심	105.41000366210938	6.85	2025	1.42	5695000000.0		5695000000.0	35315000000.0	6711000000.0	109869000000.0					-16.35560463832137	-20.06129210381005	17.776001211741715	18.316977484075828	151.8382352941176	58.50904212609996		312.1764705882352	125.51808425219991		2138.408823529411	859.7988771275693		1928.658333400744	715.6710437878793		3년	125.51808425219991	859.7988771275693	715.6710437878793	8.621637311370387	3.3713455243530577		5.564329099944782	5.2787486069929175	3년	3.3713455243530577	안심	3년	58.509042126099956	0.3038163088267706	매우 유망	N	주당순현금<=0	1811000000.0	10.134787034190218	9.36917064331122		-9.635660280103753	103.8254002380371	103.97895027160645	Y	Y	상승전환	단기위험부채 존재
NVR	NVR INC	0000906163	S&P 500	매우 유망	PEG=매우 유망, PEGY=안심	6234.6298828125	436.55	2025	0.013168383936684293	2809782000.0		2809782000.0	600115000.0		3864869000.0	1992061000.0	65.98796639194937	34.012033608050636	1.9401358693333186	719.9716008227812	719.9716008227812	12.632363490985496	12.632363490985496	-13.842783556020443	-3.895748108815445	41.51016978111202	-19.185567112040886	0.7085037823691112	91.52033956222404	-8375.45932276145	309.2973261932355	39953.2042358889	-234.337714991723	-95.03904270170231	540.8272020450015	5년	91.52033956222404	39953.2042358889	540.8272020450015	-1.094776538210971	-0.3073518053568823	3.2870601130722625	357.3721703051348	5.732051092404555	5년	3.2870601130722625	안심	5년	41.51016978111202	0.3043197259273432	매우 유망	Y		3069103.0	-6.157687005024637	-5.390126772640014		-23.763391014765222	6294.941416015625	6712.098852539062	N	N	주의	
CAH	CARDINAL HEALTH INC	0000721371	S&P 500	매우 유망	PEG=매우 유망, PEGY=안심	223.91000366210938	7.23	2026	92.0	4856000000.0	200000000.0	5056000000.0	2502000000.0	855000000.0	-2883000000.0					10.776371308016877	7.168776371308017	29.479063949390387	29.9780397359338	12.093023255813957	93.36569678851458	28.29655427495148	32.686046511627914	195.23139357702917	65.09310854990295	236.32011627906982	1411.522975561921	470.62317481579834	5.542455635741894	530.3974599062465	110.18407713752292	3년	195.23139357702917	1411.522975561921	530.3974599062465	3.5310830572680567	6.2880455467225875	4.0807453887096425	19.09282700421941	8.527009375173506	3년	6.288045546722588	안심	3년	93.36569678851458	0.3157376313076128	매우 유망	Y		237000000.0	-5.809354487497387	5.962806421414957		-9.935238682113468	232.524599609375	217.61130004882813	N	Y	중립/개선	단기위험부채 존재
WDC	WESTERN DIGITAL CORP	0000106040	S&P 500	매우 유망	PEG=매우 유망, PEGY=안심	453.4800109863281	24.28	2026	13.0	1579000000.0	24000000.0	1603000000.0	0.0	255000000.0	8864000000.0	4997000000.0	63.94921001370753	36.05078998629247	1.7738643185911547	4.185378590078329	3.519582245430809	18.504721268379313	18.532142864122623	3137.3333333333335		55.622865998828615	6283.166666666667		119.74573199765723	152555.28666666668		2907.4263729031177	33541.01679693795		541.136610758081	5년	119.74573199765723	2907.4263729031177	541.136610758081	170.24484117556486		3.708397711241979	9.167101827676241	2.0215007509895777	5년	3.708397711241979	안심	5년	55.622865998828615	0.3326819094285614	매우 유망	Y		383000000.0	-24.214112557980695	67.65130960794347		-39.23052907878731	472.77899841308596	396.04029876708984	N	Y	중립/개선	단기위험부채 존재
FSLR	FIRST SOLAR, INC.	0001274494	S&P 500	보류	PEG=매우 유망, PEGY=판정불가	176.92999267578125	14.21	2025		2803514000.0	509032000.0	3312546000.0	282593000.0	0.0	9537993000.0	3783317000.0	71.59951236027088	28.40048763972913	2.5210663024007767	28.17591154672345	28.17591154672345	10.46826749676691	10.46826749676691	18.21963394342763		30.670348455238837	44.93926788685526		69.84069691047767	638.5869966722133		992.4363030978878	260.9263681157803		460.92033243707687	5년	69.84069691047767	992.4363030978878	460.92033243707687				11.040200117168974	6.239869199226046	판정불가		판정불가	5년	30.670348455238837	0.3413155710325427	매우 유망	Y		107537000.0	-23.76336122033492	-10.306196084959417		-44.40534401389434	209.49360046386718	225.54095115661622	N	N	주의	
CF	CF Industries Holdings, Inc.	0001324404	S&P 500	제외	PEG=매우 유망, PEGY=안심	115.70999908447266	8.97	2025	2.07	287000000.0	3100000.0	290100000.0	3215000000.0	0.0	4838000000.0					-18.032675709001232	-18.032675709001232	14.909997189907903	14.909997189907903	33.08605341246291	-18.18627213243168	43.58035462807208	74.67210682492582	-27.872544264863357	95.66070925614416	669.8087982195847	-250.01672205582435	858.0765620276131	478.8685537285321	-316.07183824563225	641.575117809123	5년	95.66070925614416	858.0765620276131	641.575117809123	2.35788464375157	-1.080903767261624	3.06172791628501	11.109741060419235	9.601366475086312	5년	3.06172791628501	안심	5년	43.58035462807208	0.3421265686604509	매우 유망	N	주당순현금<=0	162200000.0	6.980394939657519	-10.88262296052952		-16.916783560871195	125.06520080566406	111.95075012207032	N	Y	상승전환	
DECK	DECKERS OUTDOOR CORP	0000910521	S&P 500	보류	PEG=매우 유망, PEGY=판정불가	77.68000030517578	7.02	2026		1907249000.0	26120000.0	1933369000.0		0.0	2499638000.0					13.259963650080588	13.259963650080588	9.176643398161708	9.176643398161708	10.90047393364928	26.59610321922323	42.853544612930364	30.30094786729856	61.69220643844646	94.20708922586073	212.71265402843588	433.0792891978941	661.3337663655423	173.83194283311934	457.51710542802135	751.3565444997532	3년	61.69220643844646	433.0792891978941	457.51710542802135				7.526024484757039	9.688496981449655	판정불가		판정불가	3년	26.59610321922323	0.3450371403104263	매우 유망	Y		145805000.0	-22.575501956054143	-22.389845991263357		-35.7698042524758	89.09400024414063	101.62905006408691	N	N	주의	
TMUS	T-Mobile US, Inc.	0001283699	S&P 500	제외	PEG=매우 유망, PEGY=안심	162.97999572753906	9.72	2025	2.87	5598000000.0	0.0	5598000000.0	81147000000.0	5135000000.0	59203000000.0	6830508000.0	89.65599707348578	10.344002926514218	8.66743732676984	-66.79390530320666	-71.33382911069539	23.63929022950059	24.10636058006527	0.6211180124223654	67.7257264346652	74.54322774580642	9.74223602484473	143.9514528693304	157.58645549161284	94.6945341614908	1399.2081218898916	1531.7403473784768	-41.898063171018926	758.5152525276847	839.8333461360223	3년	143.9514528693304	1399.2081218898916	758.5152525276847	0.14768286097125008	2.986372507350727	3.2747695465576543	15.90962588427648	9.761704688514849	3년	2.986372507350727	안심	3년	67.7257264346652	0.3490444691251165	매우 유망	N	주당순현금<=0	1131076251.0	-5.824570653678562	-22.40156326487378		-30.12946944797996	177.64860046386718	191.73095008850098	N	N	주의	단기위험부채 존재
EPAM	EPAM Systems, Inc.	0001352010	S&P 500	보류	PEG=매우 유망, PEGY=판정불가	107.13999938964844	6.72	2025		1296077000.0	1690000.0	1297767000.0	25034000.0	2861000.0	3677226000.0	1224328000.0	75.02163599544144	24.978364004558554	3.0034647578099984	22.633204701865452	22.58232710330233	12.575415876158182	12.582986947372932	-14.285714285714288	-1.770708271929189	35.70732296450074	-20.071428571428577	4.958583456141622	79.91464592900148	-134.88000000000002	33.3216808252717	537.0264206428899	-225.89135782002975	-68.89893502417628	401.23802846948297	5년	79.91464592900148	537.0264206428899	401.23802846948297				10.895577330037522	10.169476752013331	판정불가		판정불가	5년	35.70732296450074	0.352180304545942	매우 유망	Y		56233000.0	25.692165737591253	-20.871488759771427		-51.60794835444224	107.51980010986328	132.04670001983644	N	N	중립/개선	단기위험부채 존재
EXC	EXELON CORP	0001109357	S&P 500	제외	PEG=매우 유망, PEGY=안심	40.650001525878906	1.74	2021	4.13	626000000.0		626000000.0	35272000000.0	612000000.0	28798000000.0	87772000000.0	24.704469417517373	75.29553058248263	0.32810007747345393	-34.23517786561265	-34.8399209486166	43.03745942039745	43.38501291637672	-13.432835820895514	121.5523810846817	51.225599028568624	-18.365671641791028	251.6047621693634	110.95119805713725	-31.95626865671639	437.7922861746923	193.0550846194188	-178.61320407668902	976.9797533610958	374.9202395392646	3년	251.6047621693634	437.7922861746923	976.9797533610958	-0.21615671431772454	2.9203020526140766	1.2862190234754667	-2.2480237154150196	-5.530193434270515	3년	2.9203020526140766	안심	3년	121.5523810846817	0.3540651284355722	매우 유망	N	주당순현금<=0 | FCF<=0	1012000000.0	-12.127101165593734	-17.074661064306753		-19.1688192765016	44.24880004882812	45.688050022125246	N	N	주의	단기위험부채 존재
CBOE	Cboe Global Markets, Inc.	0001374310	S&P 500	매우 유망	PEG=매우 유망, PEGY=안심	261.75	10.42	2025	1.31	2216500000.0	36100000.0	2252600000.0	1442900000.0	304700000.0	5138300000.0	4167000000.0	55.21906870278228	44.78093129721771	1.2330933525317975	7.704091341579448	4.804947668886775	24.380605437468382	24.65883419684388	44.521497919556175	68.19298103960483	66.67733196826208	97.54299583911235	144.88596207920966	141.85466393652416	1016.3980166435507	1509.7117248653647	1478.1255982185817	288.30869785809006	476.77620816250806	464.7089200453034	3년	144.88596207920966	1509.7117248653647	476.77620816250806	1.8798342820938247	2.850748773153594	2.7885825945806255	16.0	6.112702960840497	3년	2.850748773153594	안심	3년	68.19298103960483	0.3575236786218323	매우 유망	Y		105100000.0	5.6636519902149685	-6.873734948863763		-28.620127819297323	288.03879913330076	286.73240058898926	N	N	중립/개선	단기위험부채 존재
LDOS	Leidos Holdings, Inc.	0001336920	S&P 500	제외	PEG=매우 유망, PEGY=안심	123.0999984741211	11.14	2025	1.4	1108000000.0		1108000000.0	1331000000.0	18000000.0	4916000000.0	8531000000.0	36.55834015021938	63.44165984978062	0.5762513187199625	-1.7153846153846153	-1.853846153846154	11.204253419165683	11.216682641648765	20.824295010845983	30.95874508346872	20.63678102465594	50.148590021691966	70.41749016693744	49.77356204931188	558.6552928416485	784.4508404596831	554.4774812293343	353.8223393715905	537.2468319929311	350.4285037386904	3년	70.41749016693744	784.4508404596831	537.2468319929311	1.98355875928598	2.8880768644626293	1.9668227949004111	12.53076923076923	10.179341499669906	3년	2.8880768644626293	안심	3년	30.95874508346872	0.3619091597207053	매우 유망	N	주당순현금<=0	130000000.0	19.43339365344221	-20.846196571305452		-38.31120190853	129.6990003967285	148.25930004119874	N	N	중립/개선	단기위험부채 존재
BSX	BOSTON SCIENTIFIC CORP	0000885725	S&P 500	제외	PEG=매우 유망, PEGY=판정불가	43.880001068115234	1.94	2025		1965000000.0		1965000000.0	3815000000.0	250000000.0	24233000000.0					-1.2378721980595517	-1.405152224824356	23.256635704213807	23.34286252213381	55.199999999999996	62.7532758644933		118.89999999999999	134.0065517289866		230.66599999999997	259.97271035423404		425.67455420508196	492.4628624112305		3년	134.0065517289866	259.97271035423404	492.4628624112305				2.4476413516226163	5.578033938110269	판정불가		판정불가	3년	62.753275864493304	0.3706043291577825	매우 유망	N	주당순현금<=0	1494500000.0	1.904318784654846	-30.071711445234683		-58.20156252146176	46.88159973144531	62.467350025177005	N	N	중립/개선	단기위험부채 존재
CRM	Salesforce, Inc.	0001108524	S&P 500	제외	PEG=매우 유망, PEGY=안심	225.30999755859375	7.8	2025	78.0	7327000000.0	57139000.0	7384139000.0	10439000000.0	4000000000.0	59142000000.0	53163000000.0	52.66194737545078	47.33805262454922	1.1124654364877828	-3.19546129707113	-7.379561715481172	29.295571648162163	29.831994778727555	85.7142857142857	74.02472751880647	12.233911375838758	179.9285714285714	156.54945503761294	32.96782275167752	1403.4428571428568	1221.085749293381	257.14901746308465	522.8941779549218	441.95808553760577	14.131206004833796	3년	156.54945503761294	1221.085749293381	441.95808553760577	5.588362899365242	5.189341561400923	3.0801212026016063	15.064853556485355	6.686278336391892	3년	5.189341561400923	안심	3년	74.02472751880647	0.3957538599614491	매우 유망	N	주당순현금<=0	956000000.0	38.03222658577879	20.699630239818934		-15.370173060555437	215.84239990234374	200.89635047912597	Y	Y	강한 상승추세	단기위험부채 존재
TECH	BIO-TECHNE Corp	0000842023	S&P 500	보류	PEG=매우 유망, PEGY=불리(<1)	72.37999725341797	1.16	2026	44.0	264712000.0	1072000.0	265784000.0		12500000.0	2108221000.0					1.6927946805597132	1.6131814099828672	60.937243597291605	61.00587572709922	152.17391304347825	-12.974116606482456	-19.679629541091302	312.8478260869565	-17.44823321296491	-30.859259082182604	362.9034782608695	-20.239950527039294	-35.796740535331814	401.38642170745914	-127.96345854528684	-149.45667573045037	1년	312.8478260869565	362.9034782608695	401.38642170745914	3.2192777595899877	0.5091448441375925	0.39910519451177856	1.676483513683929	2.3162248926512095	3년	0.5091448441375925	불리(<1)	1년	152.17391304347825	0.4004447436393448	매우 유망	Y		157009000.0	1.9436581034055989	38.49980784173606		-0.31676539732847786	72.22959991455077	61.841549987792966	Y	Y	강한 상승추세	단기위험부채 존재
EXPE	Expedia Group, Inc.	0001324424	S&P 500	매우 유망	PEG=매우 유망, PEGY=안심	266.3299865722656	9.81	2025	72.0	5413000000.0	320000000.0	5733000000.0	4469000000.0	1692000000.0	1284000000.0					9.579894348317076	-3.243824985031415	26.172282591635938	27.479491494117944	9.608938547486048	65.34957812135467		27.717877094972096	139.19915624270934		271.91237430167627	1365.5437227409786		2.096041756791034	412.7262387220727		3년	139.19915624270934	1365.5437227409786	412.72623872207265	3.118143717948636	5.247902151463413		23.570784353849767	8.850217978535474	3년	5.247902151463413	안심	3년	65.34957812135467	0.4004965807588506	매우 유망	Y		131943000.0	0.6766379260321864	15.349295022002618		-21.46669927826149	297.87420043945315	260.31594917297366	N	Y	상승전환	단기위험부채 존재
AOS	SMITH A O CORP	0000091142	S&P 500	제외	PEG=매우 유망, PEGY=안심	58.02000045776367	3.85	2025	2.48	174500000.0	18700000.0	193200000.0	112700000.0	42300000.0	1858000000.0	1284800000.0	59.119256713758425	40.88074328624157	1.4461394769613947	0.5672415936205122	0.2691755139913486	14.922794510167053	15.000214271109694		36.61380704310213	39.07395391564303		81.72761408620426	86.64790783128606		314.6513142318864	333.59444515045135		442.3152563760154	474.96456828416484	3년	81.72761408620426	314.6513142318864	442.3152563760154		2.6197376782523616	2.7845960009254225			3년	2.6197376782523616	안심	3년	36.61380704310213	0.4075728725122682	매우 유망	N	FCF<=0	141914840.0	-6.6301882400261025	-12.01092158084196		-27.898596274860708	60.30540023803711	64.54184991836547	N	N	주의	단기위험부채 존재
ECL	ECOLAB INC.	0000031462	S&P 500	제외	PEG=매우 유망, PEGY=안심	277.8699951171875	7.28	2025	1.05	646200000.0		646200000.0	6613200000.0	74400000.0	9770800000.0	14891800000.0	39.61788294826985	60.382117051730155	0.6561194751473965	-20.922159887798035	-21.18302945301543	41.04287843475076	41.07871216623666	338.5542168674699	98.55590630677445	47.57731615945522	685.6084337349398	205.6118126135489	103.65463231891044	4991.229397590362	1496.853995826636	754.605723281668	1696.2462609485367	438.6886033504123	171.5679046107243	3년	205.6118126135489	1496.853995826636	438.6886033504123	8.27437620895344	2.426874286244961	1.1847930265603097	6.677068723702665	2.4029470043668124	3년	2.426874286244961	안심	3년	98.55590630677445	0.4164426057530921	매우 유망	N	주당순현금<=0	285200000.0	-0.17961705958629004	4.454554767651908		-9.884874455327797	278.39360107421874	273.66649971008303	N	Y	중립/개선	단기위험부채 존재
RCL	ROYAL CARIBBEAN CRUISES LTD	0000884887	S&P 500	제외	PEG=매우 유망, PEGY=안심	260.6700134277344	15.61	2025	2.3	825000000.0		825000000.0	7856962000.0	0.0	10037000000.0	31374000000.0	24.237521431503705	75.76247856849629	0.3199145789507235	-25.66409489051095	-25.66409489051095	18.342992204884393	18.342992204884393	42.68738574040219			93.87477148080438			1465.3851828153563			462.16101098318524			1년	93.87477148080438	1465.3851828153563	462.16101098318524	2.4525652760416534			4.510948905109489	1.7305208396592424	1년	2.4525652760416534	안심	1년	42.68738574040219	0.4297052135362639	매우 유망	N	주당순현금<=0	274000000.0	-14.897151871934167	-5.272904874716899		-25.101280251120485	282.9590005493164	287.0700000762939	N	N	주의	
TRV	TRAVELERS COMPANIES, INC.	0000086312	S&P 500	제외	PEG=매우 유망, PEGY=안심	363.2099914550781	27.43	2025	1.38	842000000.0		842000000.0	5861000000.0	100000000.0	32894000000.0	110814000000.0	22.88947031480502	77.11052968519499	0.29683974949013664	-22.051845342706503	-22.491212653778557	14.045272941953504	14.061290707577715	27.759664648346536	32.58155699339016	40.000996302713745	64.01932929669307	73.66311398678032	88.50199260542749	1756.0502026082909	2020.579216657384	2427.609657166876	383.4806981970042	456.311572972598	568.3763426885582	3년	73.66311398678032	2020.579216657384	456.311572972598	2.0746955056534206	2.4180061956607712	2.9462578957157826			3년	2.4180061956607712	안심	3년	32.58155699339016	0.4310804712249595	매우 유망	N	주당순현금<=0 | FCF<=0	227600000.0	8.544019112748513	24.523450553842572		-8.562008373472707	372.40879943847654	319.03859970092776	N	Y	상승전환	단기위험부채 존재
AMCR	Amcor plc	0001748790	S&P 500	제외	PEG=매우 유망, PEGY=안심	42.459999084472656	2.38	2026	6.21	1115000000.0		1115000000.0	5314400000.0	135000000.0	11790000000.0	25294000000.0	31.79268687304498	68.20731312695501	0.46611844706254446	-9.054333764553688	-9.345407503234153	21.64467766765813	21.766977557860006	643.75	50.01313255128406	31.642491466477107	1296.0	108.52626510256812	71.78498293295422	3084.48	258.2925109441121	170.84825938043105	7164.43727392348	508.3196338046272	302.37461861582835	3년	108.52626510256812	258.2925109441121	508.3196338046272	30.028629207594165	2.597550003495487	1.7488128974559407	3.9215178956446746	9.235793641547081	3년	2.597550003495487	안심	3년	50.01313255128406	0.4327798832729267	매우 유망	N	주당순현금<=0	463800000.0	-2.7039420753421917	6.817607759679634		-16.053781045133498	45.058400268554685	42.799949893951414	N	N	판정불가	단기위험부채 존재
D	DOMINION ENERGY, INC	0000715957	S&P 500	제외	PEG=매우 유망, PEGY=안심	60.63999938964844	0.65	2025	4.4	250000000.0		250000000.0	30948000000.0	2457000000.0	29083000000.0	82440000000.0	26.07802874743326	73.92197125256673	0.3527777777777778	-35.89150005845902	-38.764176312405006	148.50999915093456	152.92950108008222	333.33333333333337	-15.82903888645284	-4.5403361201187264	675.1666666666667	-23.158077772905678	-0.5806722402374529	438.8583333333334	-15.05275055238869	-0.3774369561543444	623.7109791400309	-124.82313770431578	-100.62242242736363	1년	675.1666666666667	438.8583333333334	623.7109791400309	2.2741454128626466	-0.07695804290482293	-0.0009449607495862878	0.445457734128376	0.7345938961279376	1년	2.2741454128626466	안심	1년	333.33333333333337	0.4455299974528036	매우 유망	N	주당순현금<=0	855300000.0	-10.547280468086251	-1.9087678922692919		-15.413590006206535	66.54080001831055	64.32600021362305	N	N	주의	단기위험부채 존재
NDSN	NORDSON CORP	0000072331	S&P 500	제외	PEG=매우 유망, PEGY=안심	329.5299987792969	8.51	2025	1.14	108442000.0	279000.0	108721000.0	1681254000.0	315000000.0	3043571000.0					-27.6290146883126	-33.16348654157003	41.96933178232779	42.61968100127696	4.9321824907521625	-1.1482071165261345	93.96062427456746	18.364364981504323	6.2035857669477315	196.42124854913493	156.2807459926018	52.79251487672519	1671.5448251531382	-52.57465281718676	-83.97945101438759	407.2511854292991	5년	196.42124854913493	1671.5448251531382	407.2511854292991	0.14468141933365264	-0.00019555032633591224	2.265955168593175	11.615626537353293	3.524907164865701	5년	2.265955168593175	안심	5년	93.96062427456746	0.4466693586420511	매우 유망	N	주당순현금<=0	56916000.0	11.463260198779214	23.855521988691763		-1.5446708213850968	313.09039978027346	285.74550048828127	Y	Y	강한 상승추세	단기위험부채 존재
FISV	FISERV INC	0000798354	S&P 500	제외	PEG=매우 유망, PEGY=판정불가	45.36000061035156	6.34	2025		798000000.0		798000000.0	3228000000.0	2000000.0	25792000000.0	54324000000.0	32.19331968645464	67.80668031354537	0.47478094396583465	-4.426229508196721	-4.429872495446266	7.8527176843136095	7.8532922879807305	17.843866171003718	17.481865339726866	35.26712030178827	44.187732342007436	43.46373067945373	79.03424060357654	280.1502230483271	275.56005250773666	501.07708542667524	517.6151218666305	507.49569841242766	1004.6672810500909	3년	43.46373067945373	275.56005250773666	507.49569841242766				7.830601092896175	17.263229690321392	판정불가		판정불가	3년	17.481865339726866	0.449192207565437	매우 유망	N	주당순현금<=0	549000000.0	-10.585450385060346	-18.70967521407254		-64.44026224638662	51.294600296020505	57.1068000793457	N	N	주의	단기위험부채 존재
AES	AES CORP	0000874761	S&P 500	제외	PEG=매우 유망, PEGY=안심	14.859999656677246	1.26	2025	4.74	1382000000.0	174000000.0	1556000000.0			4063000000.0					2.179271708683473	2.179271708683473	10.064069799995059	10.064069799995059	-46.61016949152542		21.802033073406225	-84.72033898305084		52.10406614681245	-106.74762711864406		65.65112334498369	-818.3555153763258		341.7976101061602	5년	52.10406614681245	65.65112334498369	341.7976101061602	-4.1603615956187		2.6373061396513022	-2.273109243697479	-15.296832410598823	5년	2.6373061396513022	안심	5년	21.802033073406225	0.4616115279758497	매우 유망	N	FCF<=0	714000000.0	1.502727514995117	5.464865122431739		-14.00463503359991	14.780599956512452	14.670349974632263	Y	Y	강한 상승추세	
SPG	SIMON PROPERTY GROUP INC.	0001063761	S&P 500	제외	PEG=매우 유망, PEGY=안심	204.27999877929688	9.35	2025	4.36	823147000.0	1000000000.0	1823147000.0	28430175000.0		5208268000.0	33901073000.0	13.317197034846483	86.68280296515351	0.1536313614616269	-81.57151298527937	-81.57151298527937	30.57235419941992	30.57235419941992	358.3333333333333	65.56992936260015		725.1666666666666	139.6398587252003		6780.3083333333325	1305.6326790806227		3219.1249137703126	539.1387736844574		3년	139.6398587252003	1305.6326790806227	539.1387736844574	11.863441427098705	2.2873583403638245				3년	2.2873583403638245	안심	3년	65.56992936260015	0.4662557135048221	매우 유망	N	주당순현금<=0 | FCF<=0	326180391.0	-8.394619381481217	9.515895628671434		-13.696661844923641	216.4897998046875	203.58215057373047	N	Y	중립/개선	
NWSA	NEWS CORP	0001564708	S&P 500	매우 유망	PEG=매우 유망, PEGY=안심	28.520000457763672	1.03	2026	70.0	2095000000.0		2095000000.0	1989000000.0	0.0	8526000000.0					0.18982808022922637	0.18982808022922637	27.505021725761598	27.505021725761598	-21.37404580152672	58.22968332827563	12.961341039942953	-34.24809160305344	124.95936665655125	34.4226820798859	-35.27553435114504	128.7081476562478	35.45536254228248	-223.68700485606894	351.29083306592673	24.31753847546265	3년	124.95936665655125	128.7081476562478	351.29083306592673	1.7678936844078008	4.662046247655709	3.016225250323659	1.2034383954154728	4.219629649717886	3년	4.662046247655709	안심	3년	58.22968332827563	0.472353963711245	매우 유망	Y		558400000.0	10.62839293304414	14.400321334302447		-8.560436135223737	29.24580005645752	26.521350059509277	N	Y	상승전환	
WFC	WELLS FARGO & COMPANY/MN	0000072971	S&P 500	제외	PEG=헐값, PEGY=안심	80.4800033569336	6.26	2025	2.49	172593000000.0		172593000000.0	174712000000.0	18323000000.0	181117000000.0	1965593000000.0	8.436957017948396	91.5630429820516	0.09214369404042444	-0.6535484069950344	-6.304783641242328	12.960631272193071	13.863384504500946	16.573556797020476	25.8582131723802	72.48768573284212	41.64711359404095	60.21642634476039	153.47537146568425	260.71093109869634	376.95482891820006	960.7558253751833	223.94498039771182	368.3832171904653	1093.782039389554	3년	60.21642634476039	376.95482891820006	368.3832171904653	1.470881810974839	2.187255587866392	5.785033472382332			3년	2.187255587866392	안심	3년	25.858213172380196	0.5012191362872916	헐값	N	주당순현금<=0 | FCF<=0	3242300000.0	-6.353268477267349	1.0928309758974075		-16.505857592549646	86.5647999572754	84.93570011138917	N	N	판정불가	단기위험부채 존재
CCL	Carnival Corp Ltd.	0000815097	S&P 500	제외	PEG=헐값, PEGY=안심	25.110000610351562	2.02	2025	1.83	1928000000.0	0.0	1928000000.0	24037000000.0	0.0	12284000000.0					-15.769614835948644	-15.769614835948644	20.23743338925753	20.23743338925753	40.277777777777786			89.05555555555557			179.89222222222224			616.4166381902115			1년	89.05555555555557	179.89222222222224	616.4166381902115	2.0806876528191323			1.8594864479315263	7.405362018051706	1년	2.0806876528191323	안심	1년	40.277777777777786	0.5024466220781179	헐값	N	주당순현금<=0	1402000000.0	-11.956521012200206	-2.975264974437619		-26.125332832039415	25.313800048828124	27.522800073623657	N	N	주의	
EME	EMCOR Group, Inc.	0000105634	S&P 500	제외	PEG=헐값, PEGY=안심	762.030029296875	28.19	2025	21.0	1111968000.0		1111968000.0	0.0		3673944000.0	5616418000.0	39.54575720515519	60.4542427948448	0.654143619652241	24.630614870271227	24.630614870271227	26.158191359581547	26.158191359581547	30.994423791821568	51.54328097260492	63.67289600664736	70.48884758364314	111.58656194520984	135.84579201329473	1987.0806133829	3145.6251812354653	3829.4928768547784	160.76145781503902	312.79543591450494	402.5383160278147	3년	111.58656194520984	3145.6251812354653	312.79543591450494	1.9876918505979353	2.773252935395813	3.2369552941446895			3년	2.773252935395813	안심	3년	51.54328097260492	0.5074995395323114	헐값	N	FCF<=0	45145767.0	-5.259033841110994	3.2127469242889006		-19.255096233443712	771.4050024414063	770.5964501953125	N	N	판정불가	
NWS	NEWS CORP	0001564708	S&P 500	양호	PEG=헐값, PEGY=안심	31.5	1.03	2026	63.0	2095000000.0		2095000000.0	1989000000.0	0.0	8526000000.0					0.18982808022922637	0.18982808022922637	30.398225164825995	30.398225164825995	-21.37404580152672	58.22968332827563	12.961341039942953	-34.24809160305344	124.95936665655125	34.4226820798859	-35.27553435114504	128.7081476562478	35.45536254228248	-211.9858233369684	308.5972941468184	12.556706483436454	3년	124.95936665655125	128.7081476562478	308.5972941468184	1.369354755837488	3.988051363885263	2.498874214795881	1.2034383954154728	3.8204393505253105	3년	3.988051363885263	안심	3년	58.22968332827563	0.5220400219841997	헐값	Y		558400000.0	7.692307692307687	10.487547341683868		-10.81540126792243	32.926199989318846	30.145249996185303	N	Y	상승전환	
CB	Chubb Ltd	0000896159	S&P 500	제외	PEG=헐값, PEGY=양호	332.0799865722656	25.68	2025	1.23	2012000000.0		2012000000.0	15728000000.0	1499000000.0	73757000000.0	192548000000.0	27.69643829443683	72.30356170556317	0.3830577310592683	-34.16075806677187	-37.89413341979688	14.261711239837908	14.407091900002435	13.12775330396476	26.95518164431085	26.943805197471637	34.75550660792952	62.41036328862171	62.38761039494327	892.5214096916301	1602.6981292518055	1602.1138349421433	168.7669976454314	382.6241249269125	382.44817505540914	3년	62.41036328862171	1602.6981292518055	382.6241249269125	1.0067342594806277	1.976283292399012	1.975485600828351			3년	1.976283292399012	양호	3년	26.955181644310855	0.529089784221431	헐값	N	주당순현금<=0 | FCF<=0	401513338.0	-5.586678361325925	1.8869064015848647		-8.643745097038346	344.0749987792969	329.63800048828125	N	Y	중립/개선	단기위험부채 존재
CDW	CDW Corp	0001402057	S&P 500	제외	PEG=헐값, PEGY=불리(<1)	129.7100067138672	8.08	2025	1.94	618700000.0	0.0	618700000.0	4622300000.0	1007500000.0	2606100000.0	5981100000.0	30.34865846841811	69.65134153158189	0.4357225259567638	-30.307342922028766	-37.934140802422405	19.804127430185144	20.748038058946733	1.3801756587202048	-0.2054237502367883	37.39960471779868	11.26035131744041	8.089152499526424	83.29920943559736	90.98363864491851	65.36035219617351	673.0576122396267	-29.856114458753225	-49.61040103840664	418.8941310629589	5년	83.29920943559736	673.0576122396267	418.8941310629589	0.1676506915250224	0.08758660314008065	1.9864346387631229	8.236941710825132	6.350274677724249	3년	0.0875866031400806	불리(<1)	5년	37.39960471779868	0.529527720402891	헐값	N	주당순현금<=0	132100000.0	-6.285670629328843	7.180639821393231		-18.63630146551185	142.26439971923827	131.83970027923584	N	N	판정불가	단기위험부채 존재
SYF	Synchrony Financial	0001601712	S&P 500	제외	PEG=헐값, PEGY=안심	71.72000122070312	9.28	2025	1.9	14973000000.0		14973000000.0	15182000000.0		16766000000.0	102329000000.0	14.077837020865697	85.92216297913431	0.16384407157306335	-0.5589729874297941	-0.5589729874297941	7.788682565531565	7.788682565531565	8.538011695906416	14.698468785789576	32.527017334119954	25.576023391812832	37.89693757157915	73.55403466823991	237.34549707602307	351.6835806642545	682.5814417212663	230.93348164571626	390.3563506392349	851.7309399100069	3년	37.89693757157915	351.6835806642545	390.35635063923485	1.3401511241579325	2.131100946294215	4.42013357772148			3년	2.131100946294215	안심	3년	14.698468785789576	0.529897547767808	헐값	N	주당순현금<=0 | FCF<=0	373900000.0	-6.578084724743016	5.439583593413588		-18.932971367564853	76.75819992065429	74.85940006256104	N	N	판정불가	
VICI	VICI PROPERTIES INC.	0001705696	S&P 500	제외	PEG=헐값, PEGY=안심	23.200000762939453	2.61	2025	7.93	563479000.0	44484000.0	607963000.0	16773241000.0		27797640000.0	18501581000.0	60.03910951331125	39.96089048668875	1.5024467368491374	-15.211615261302986	-15.211615261302986	14.717094262161856	14.717094262161856	1.9531249999999931	27.13904027900833	8.322953223006625	12.406249999999986	62.77808055801666	25.14590644601325	32.38031249999996	163.85079025642347	65.63081582409458	39.570307910185406	606.253383052318	182.89143821467323	3년	62.77808055801666	163.85079025642347	606.253383052318	0.6715405109152449	2.382878009361672	1.1043588451283834	2.359351998855903	10.169620350292488	3년	2.382878009361672	안심	3년	27.13904027900833	0.5422849927948751	헐값	N	주당순현금<=0	1062693062.0	-11.686332856217863	-15.08052334519352		-29.504707169532864	25.609600105285644	27.51410005569458	N	N	주의	
BDX	BECTON DICKINSON & CO	0000010795	S&P 500	제외	PEG=헐값, PEGY=불리(<1)	181.97000122070312	5.82	2025	2.31	641000000.0		641000000.0	17621000000.0	752000000.0	25390000000.0					-58.854316503124686	-61.460820979588156	41.37874874979859	41.82660175262737	-0.6825938566552906	-0.3412995832631105	74.47134006583379	7.134812286689419	7.817400833473779	157.44268013166757	41.52460750853242	45.497272850817396	916.3163983663053	-77.18052028907275	-74.99737728987768	403.5535485076724	5년	157.44268013166757	916.3163983663053	403.5535485076724	0.039329515572957746	0.0475775724549059	1.8555742352215887	13.472716622358401	7.403811909644357	3년	0.0475775724549059	불리(<1)	5년	74.47134006583379	0.5556331967871017	헐값	N	주당순현금<=0	288509000.0	19.012431971645192	15.734914561745295		-5.223957697550452	178.61560119628905	162.197232131958	Y	Y	강한 상승추세	단기위험부채 존재
STLD	STEEL DYNAMICS INC	0001022671	S&P 500	제외	PEG=헐값, PEGY=안심	221.89999389648438	7.99	2025	96.0	769878000.0	0.0	769878000.0	4176508000.0	34655000.0	8957182000.0	7489369000.0	54.46237329638293	45.537626703617065	1.1959862039111706	-22.955109026710872	-23.188626991186222	30.64519435834734	30.674420636754768	-18.800813008130078	-27.445943360831997	55.10698446728479	-29.101626016260155	-46.39188672166399	118.71396893456958	-232.52199186991865	-370.67117490609525	948.5246117872109	-204.78684013771962	-267.04424745455924	327.45589809691234	5년	118.71396893456958	948.5246117872109	327.45589809691234	2.519128646702216	2.237024697495345	4.9308541724463	3.379349613217973	1.5229155953895286	3년	2.237024697495345	안심	5년	55.10698446728479	0.5561036346770233	헐값	N	주당순현금<=0	148404000.0	0.06313103946442578	23.277774386935768		-21.52355841251613	243.5365997314453	216.04055046081544	N	Y	상승전환	단기위험부채 존재
CINF	CINCINNATI FINANCIAL CORP	0000020286	S&P 500	양호	PEG=헐값, PEGY=안심	161.1300048828125	15.17	2025	2.36	1139000000.0	148000000.0	1287000000.0	790000000.0		15911000000.0	25091000000.0	38.80542412565241	61.19457587434759	0.6341317603921724	3.1515535827520607	3.1515535827520607	10.413872860913674	10.413872860913674	4.404679972470754		18.581314428449215	17.30935994494151		45.66262885689843	262.5829903647627		692.7020797591491	62.963434746827865		329.9025996200653	5년	45.66262885689843	692.7020797591491	329.9025996200653	0.6495834991284161		2.010905520754735	19.60684844641725	12.168340999354541	5년	2.010905520754735	안심	5년	18.581314428449215	0.5604486647601932	헐값	Y		157700000.0	-13.930880239171994	2.4022870242598637		-16.091232668286494	172.3600003051758	167.5328997039795	N	N	판정불가	
BLDR	Builders FirstSource, Inc.	0001316835	S&P 500	제외	PEG=헐값, PEGY=판정불가	57.529998779296875	3.89	2025		181753000.0		181753000.0	353830000.0	30074000.0	4352251000.0	6885279000.0	38.72960517124315	61.27039482875686	0.632109606596915	-1.538847453989376	-1.8077927420364508	15.18479337616613	15.253930982347898	-57.064017660044144	-38.61797619693695	26.944391684631476	-105.62803532008829	-68.7359523938739	62.38878336926295	-410.89305739514344	-267.3828548121695	242.69236730643289	-814.2239981117644	-564.7711810979417	321.8535937007003	5년	62.38878336926295	242.69236730643289	321.8535937007003				7.630734560283307	13.263922687635018	판정불가		판정불가	5년	26.944391684631476	0.5635604453013954	헐값	N	주당순현금<=0	111822000.0	-32.13400842572474	-30.12268006825588		-55.589005897026375	66.68680061340332	86.33815042495728	N	N	주의	단기위험부채 존재
GL	GLOBE LIFE INC.	0000320335	S&P 500	제외	PEG=헐값, PEGY=안심	166.0800018310547	14.07	2025	79.0	61710000.0	314711000.0	376421000.0	2320793000.0	304656000.0	5974579000.0	24839113000.0	19.389364312462135	80.61063568753787	0.24053109303862824	-23.56100803984325	-27.252689706410393	13.478394447114281	13.740774096479393	17.839195979899504	23.497404952300016	48.78096035818152	44.17839195979901	55.49480990460003	106.06192071636303	621.589974874372	780.8119753577224	1492.2912244792278	274.2714161977708	370.1420801717027	798.5375770872552	3년	55.49480990460003	780.8119753577224	370.1420801717027	7.184772367352161	7.604570808079049	9.480428908618219	15.194269876451488	9.14876547984862	3년	7.604570808079049	안심	3년	23.497404952300016	0.5736120424564145	헐값	N	주당순현금<=0	82524992.0	-7.769203600894425	19.336066692651666		-10.719278563288492	175.41739959716796	156.99989974975585	N	Y	중립/개선	단기위험부채 존재
AKAM	AKAMAI TECHNOLOGIES INC	0001086222	S&P 500	보류	PEG=헐값, PEGY=판정불가	108.44999694824219	3.07	2025		930231000.0	375005000.0	1305236000.0			4977371000.0	6502272000.0	43.35823857937046	56.64176142062954	0.7654818192779386	8.87776742414452	8.87776742414452	32.4339509850481	32.4339509850481	-6.116207951070342	55.27737277287406	35.18418669731969	-3.7324159021406835	119.05474554574812	78.86837339463938	-11.458516819571898	365.4980688254467	242.12590632154289	-110.56571428493491	237.0198977505558	123.26040860757016	3년	119.05474554574812	365.4980688254467	237.0198977505558				6.8763322745420785	6.340555526086193	판정불가		판정불가	3년	55.27737277287406	0.5867491408883351	헐값	Y		147023000.0	-3.8649062181629557	-5.572487253729486		-32.69827643104176	112.75580001831055	111.35730014801025	N	N	주의	
GE	GENERAL ELECTRIC CO	0000040545	S&P 500	양호	PEG=헐값, PEGY=안심	317.8900146484375	8.14	2025	59.0	43299000000.0		43299000000.0	20469000000.0	25000000.0	18677000000.0	111271000000.0	14.37267214578139	85.62732785421862	0.16785146174654672	21.376404494382022	21.35299625468165	36.426733434159146	36.42960913928204	365.14285714285717	61.56813006403801	69.60524644031413	738.7857142857143	131.636260128076	147.71049288062827	6013.715714285715	1071.5191574425387	1202.363412048314	1791.759865731056	237.07229169420705	278.2325196272798	3년	131.636260128076	1071.5191574425387	237.07229169420705	11.643724736105968	3.309880373488975	3.5305182297711784	6.709737827715355	2.11071047171325	3년	3.309880373488975	안심	3년	61.56813006403801	0.5916491762259324	헐값	Y		1068000000.0	-15.215764501384255	12.023831608606695		-16.612451175037222	343.6578002929688	323.6202503967285	N	N	판정불가	단기위험부채 존재
EFX	EQUIFAX INC	0000033185	S&P 500	제외	PEG=헐값, PEGY=양호	140.8300018310547	5.32	2025	1.59	180800000.0		180800000.0	4055300000.0		4604300000.0	7126000000.0	39.251340545425094	60.748659454574906	0.6461268593881561	-31.22078968573731	-31.22078968573731	32.34037434526165	32.34037434526165	9.917355371900834	-1.9860869276462576	54.21135723165227	28.33471074380167	4.527826144707484	116.92271446330454	150.74066115702487	24.088035089843817	622.0288409447802	7.037321023299725	-82.89566514474609	341.6877319159528	5년	116.92271446330454	622.0288409447802	341.6877319159528	0.35582010427739014	-0.01224744412101372	1.72543943480444			5년	1.72543943480444	양호	5년	54.21135723165227	0.5965608683631913	헐값	N	주당순현금<=0 | FCF<=0	124100000.0	-13.15902853723847	-21.79152768207081		-44.52016866420312	175.22839965820313	183.74945037841798	N	N	주의	
L	LOEWS CORP	0000060086	S&P 500	제외	PEG=헐값, PEGY=안심	105.93000030517578	7.97	2025	24.0	495000000.0	4628000000.0	5123000000.0	9191000000.0	10000000.0	18686000000.0	66707000000.0	21.882355696602765	78.11764430339724	0.2801205270811159	-19.45480631276901	-19.502630320420852	15.732096187947905	15.738096690790043	24.33697347893915	24.20001937499827	40.610600779906946	57.1739469578783	56.90003874999654	89.72120155981389	455.67635725429005	453.4933088374724	715.0779764317167	330.1674274912898	328.10658692626714	575.0476487979182	3년	56.90003874999654	453.4933088374724	328.10658692626714	3.0725068612261155	3.0638014667062294	4.106928918309312	12.91248206599713	12.189636579625517	3년	3.063801466706229	안심	3년	24.20001937499827	0.6500860988649118	헐값	N	주당순현금<=0	209100000.0	-7.1766581180279125	-0.7588510163055617		-11.281407913368923	111.37160003662109	108.98424999237061	N	N	주의	단기위험부채 존재
INTU	INTUIT INC.	0000896878	S&P 500	제외	PEG=헐값, PEGY=양호	268.0299987792969	16.46	2026	2.06	4705000000.0	485000000.0	5190000000.0	6420000000.0	1249000000.0	18992000000.0	17794000000.0	51.62833686728647	48.371663132713536	1.0673260649657188	-4.44043321299639	-8.949458483754512	16.553489185437012	16.82742753724492	20.409656181419173	25.037201912000008	16.837325502259205	49.319312362838346	58.574403824000015	42.17465100451841	811.7958814923193	964.1346869430403	694.194755534373	202.8750084652927	259.71148428685206	158.99890262134116	3년	58.574403824000015	964.1346869430403	259.71148428685206	1.3573969771392322	1.6369480541805568	1.1415916783806637	31.27436823104693	11.668234292236477	3년	1.6369480541805568	양호	3년	25.037201912000008	0.6611557171451791	헐값	N	주당순현금<=0	277000000.0	0.3557032555017825	-38.01054726109715		-60.77935102443925	323.7002001953125	399.52540145874025	N	N	중립/개선	단기위험부채 존재
AVY	Avery Dennison Corp	0000008818	S&P 500	제외	PEG=헐값, PEGY=불리(<1)	170.77999877929688	8.79	2025	2.34	202800000.0		202800000.0	954200000.0	250000000.0	2242100000.0					-9.596424010217113	-12.789272030651341	20.520639680263255	20.883876087593656	0.6872852233676829	-1.5437973187936491	30.981755136467836	9.874570446735365	5.412405362412701	70.46351027293568	86.79747422680386	47.57504313560764	619.3742552991046	-49.175854990504874	-72.142497086506	262.67376725979307	5년	70.46351027293568	619.3742552991046	262.67376725979307	0.14752392082003782	0.03880009071901097	1.623816589329654	9.098339719029374	5.327520660535534	3년	0.0388000907190109	불리(<1)	5년	30.981755136467836	0.6623459384361647	헐값	N	주당순현금<=0	78300000.0	4.695931762753136	-1.100297647134918		-13.507216298380776	172.95279968261718	172.94814994812012	N	N	중립/개선	단기위험부채 존재
TEL	TE Connectivity plc	0001385157	S&P 500	제외	PEG=헐값, PEGY=양호	212.58999633789062	6.16	2025	1.47	1255000000.0		1255000000.0	4842000000.0	500000000.0	9585000000.0	12351000000.0	43.695295404814004	56.304704595185996	0.7760505222249211	-11.996655518394649	-13.668896321070234	36.458872054591765	36.730339717363776	-40.36786060019361	-6.225079756818797	54.9338540505395	-72.23572120038722	-3.950159513637594	118.367708101079	-444.9720425943853	-24.33298260400758	729.1450819026467	-309.30996296135527	-111.4459678362912	242.98184037961184	5년	118.367708101079	729.1450819026467	242.98184037961184	-1.0668969830429702	-0.13042311758023586	1.5470542798494444	10.7123745819398	5.038983379497099	5년	1.5470542798494444	양호	5년	54.9338540505395	0.6636867681093223	헐값	N	주당순현금<=0	299000000.0	5.5351438449905865	1.7079666981425046		-14.62249143056601	208.4438003540039	214.63815002441407	Y	N	중립/개선	단기위험부채 존재
PKG	PACKAGING CORP OF AMERICA	0000075677	S&P 500	제외	PEG=헐값, PEGY=양호	233.27999877929688	8.58	2025	2.57	529000000.0	71800000.0	600800000.0	3967300000.0	0.0	4598000000.0					-37.572544642857146	-37.572544642857146	31.567895503747557	31.567895503747557	-3.9193729003359428	-8.031890655223496	45.85079043342193	0.6612541993281145	-7.563781310446991	100.20158086684386	5.673561030235222	-64.89724364363519	859.7295638375202	-97.56791792698742	-127.81946329870894	268.539766948001	5년	100.20158086684386	859.7295638375202	268.539766948001	-0.04274510159144924	-0.17302042369517764	1.5338618447870145	8.131696428571429	3.4858095298023044	5년	1.5338618447870145	양호	5년	45.85079043342193	0.6884918494390193	헐값	N	주당순현금<=0	89600000.0	-1.9543538181925446	9.92366291464295		-9.381188899344739	243.01339935302735	226.11055015563966	N	Y	중립/개선	
KVUE	Kenvue Inc.	0001944048	S&P 500	제외	PEG=헐값, PEGY=양호	17.90999984741211	0.76	2025	4.69	1062000000.0		1062000000.0	7687000000.0	700000000.0	10765000000.0	16311000000.0	39.75845767469345	60.24154232530654	0.6599840598369199	-3.4433471933471935	-3.807172557172557	28.09650926415698	28.575226848137717	40.74074074074073			89.98148148148147			68.38592592592592			281.8309687803112			1년	89.98148148148147	68.38592592592592	281.8309687803112	1.6169532063079886			0.895010395010395	4.997266346374195	1년	1.6169532063079886	양호	1년	40.74074074074073	0.6896415910293078	헐값	N	주당순현금<=0	1924000000.0	-7.3460945778508595	3.8863113990081466		-9.682299968133911	18.738999977111817	18.033149948120116	N	N	판정불가	단기위험부채 존재
FE	FIRSTENERGY CORP	0001031296	S&P 500	제외	PEG=헐값, PEGY=양호	43.63999938964844	1.76	2025	4.29	57000000.0		57000000.0		325000000.0	12510000000.0	41978000000.0	22.95918367346939	77.04081632653062	0.2980132450331126	0.0986159169550173	-0.46366782006920415	24.739422427666714	25.058901823703206	3.529411764705886	35.33748646850903	-2.4264922046119075	15.558823529411772	79.17497293701805	3.647015590776185	27.38352941176472	139.34795236915178	6.4187474397660855	-37.25130661147491	219.31245260788344	-85.29159594514422	3년	79.17497293701805	139.34795236915178	219.31245260788344	0.31607091020691097	1.6017951342385672	0.0753254365916031			3년	1.6017951342385672	양호	3년	35.33748646850903	0.7000900431815723	헐값	N	FCF<=0	578000000.0	-7.287020028497981	-13.857087404081936		-15.931420693648802	46.69520004272461	47.44439981460571	N	N	주의	단기위험부채 존재
ROP	ROPER TECHNOLOGIES INC	0000882835	S&P 500	제외	PEG=헐값, PEGY=보통	349.45001220703125	14.2	2025	1.04	297400000.0		297400000.0	8595800000.0	705200000.0	19881500000.0	14695500000.0	57.49920467362698	42.50079532637302	1.3528971453846415	-76.69500924214418	-83.21256931608133	30.010212778110947	30.46919588190934	231.7757009345794	-7.702444377568895	42.57857188588412	472.0514018691588	-6.90488875513779	93.65714377176823	6703.129906542054	-98.04942032295662	1329.9314415591089	1818.1942115860604	-128.0582105874609	280.57845045121724	5년	93.65714377176823	1329.9314415591089	280.57845045121724	7.75788238010735	-0.22200590268484846	1.4534576015302005			5년	1.4534576015302003	보통	5년	42.57857188588412	0.7048196181530479	헐값	N	주당순현금<=0 | FCF<=0	108200000.0	-1.4745631489653244	-1.2462480436011725		-32.798074575570915	390.3842010498047	370.4992007446289	N	N	주의	단기위험부채 존재
TPR	TAPESTRY, INC.	0001116132	S&P 500	제외	PEG=헐값, PEGY=양호	114.12000274658203	7.27	2026	1.62	974700000.0	177300000.0	1152000000.0	2396600000.0	0.0	692100000.0	5999600000.0	10.342663299311086	89.65733670068892	0.11535769051270085	-5.921027592768792	-5.921027592768792	16.511833609264215	16.511833609264215	786.5853658536585	23.28234739020967	60.15373226239535	1581.670731707317	55.06469478041934	128.8074645247907	11498.746219512193	400.32033105364854	936.4302670952284	9976.012918652501	250.78892518309056	720.5662851013864	3년	55.06469478041934	400.32033105364854	250.78892518309056	47.73578661859963	1.5081515463090562	3.741179430716662	8.622740247383444	7.555853522481361	3년	1.5081515463090562	양호	3년	23.28234739020967	0.7091996924763486	헐값	N	주당순현금<=0	210200000.0	-20.74449726165203	-19.126920662623537		-30.74402015293607	131.99220001220704	138.7148501586914	N	N	주의	
JBL	JABIL INC	0000898293	S&P 500	제외	PEG=헐값, PEGY=불리(<1)	318.8399963378906	5.92	2025	10.0	1933000000.0		1933000000.0	2386000000.0	2400000.0	1513000000.0	17026000000.0	8.161173741841523	91.83882625815848	0.08886409021496534	-4.084761045987376	-4.106402164111812	54.54810090943885	54.551756503716625	-47.00089525514772	-4.9779916366686106	76.05596028525254	-85.50179051029544	-1.455983273337221	160.61192057050508	-506.17059982094895	-8.619420978156349	950.8225697773901	-258.7537967741459	-102.70336879850603	198.21307887914918	5년	160.61192057050508	950.8225697773901	198.21307887914918	-0.6783168366681889	0.09206568660692631	1.5776160645468347	10.568079350766457	3.3145400427012106	3년	0.0920656866069263	불리(<1)	5년	76.05596028525254	0.7172100740672113	헐값	N	주당순현금<=0	110900000.0	-15.053018743341507	20.03161934908395		-17.31971259996182	318.2206005859375	300.5898499298096	Y	Y	강한 상승추세	단기위험부채 존재
UDR	UDR, Inc.	0000074208	S&P 500	제외	PEG=헐값, PEGY=보통	33.95000076293945	1.13	2025	5.13	1222000.0		1222000.0	5821369000.0		3288462000.0	6456911000.0	33.74382899453926	66.25617100546074	0.5092933757333808	-17.58071064149849	-17.58071064149849	45.60239947295394	45.60239947295394	334.6153846153846	63.19306474930446	41.38706836756314	677.7307692307692	134.8861294986089	91.27413673512628	765.8357692307691	152.42132633342806	103.13977451069269	2155.7754109589646	348.9582412611149	203.79903444150222	3년	134.8861294986089	152.42132633342806	348.95824126111495	7.450164652342081	1.498233986345955	1.0200574729659055			3년	1.498233986345955	보통	3년	63.19306474930446	0.7216361424131731	헐값	N	주당순현금<=0 | FCF<=0	331053000.0	-16.420478444940777	0.503262255138881		-17.677014109661815	36.87339988708496	37.028149967193606	N	N	판정불가	
ZBH	ZIMMER BIOMET HOLDINGS, INC.	0001136869	S&P 500	제외	PEG=헐값, PEGY=보통	91.33999633789062	3.55	2025	1.05	591900000.0	164600000.0	756500000.0	6932000000.0	500000.0	12697700000.0	10386000000.0	55.00721288181703	44.99278711818296	1.222578471018679	-31.07951685958732	-31.082033215903373	34.48436991478252	34.48507874754761	-19.864559819413092	47.77871617006642	17.426534933980655	-31.229119638826184	104.05743234013283	43.35306986796131	-110.86337471783294	369.40388480747157	153.90339803126264	-221.37440241153524	304.4273041581364	68.4950779524159	3년	104.05743234013283	369.40388480747157	304.4273041581364	-0.5455967403756389	1.4159666043117947	0.5357944767336539	7.411172622043281	8.113830653799688	3년	1.4159666043117949	보통	3년	47.77871617006642	0.7217517061788934	헐값	N	주당순현금<=0	198700000.0	8.51847252574931	1.0174720057241515		-12.156190239438104	96.1240005493164	91.39450012207031	N	N	중립/개선	단기위험부채 존재
ADBE	ADOBE INC.	0000796343	S&P 500	보류	PEG=헐값, PEGY=보통	233.1699981689453	16.7	2025	0.011150662694246572	5431000000.0	1164000000.0	6595000000.0	1000000000.0	0.0	11623000000.0	17873000000.0	39.40534309736913	60.59465690263086	0.650310524254462	13.103044496487119	13.103044496487119	13.177661896554383	13.177661896554383	35.11326860841424	18.24924207604421	29.19321269200992	78.72653721682848	44.99848415208843	66.88642538401984	1314.7331715210355	751.4746853398767	1117.0033039131313	463.85177417569577	222.28618228807863	379.05104116516617	3년	44.99848415208843	751.4746853398767	222.28618228807866	2.665451545717121	1.3857080931415517	2.2162022052136843	23.072599531615925	9.895183648326178	3년	1.3857080931415515	보통	3년	18.249242076044215	0.7220936541716823	헐값	Y		427000000.0	10.517585975337006	-4.0768486043525005		-35.21436031329379	257.26179870605466	261.56759986877444	N	N	중립/개선	
SYY	SYSCO CORP	0000096021	S&P 500	제외	PEG=헐값, PEGY=보통	78.48999786376953	3.66	2026	2.8	1786000000.0	18000000.0	1804000000.0	10588184000.0	8782000.0	2666000000.0					-18.27707233642588	-18.29534486455809	26.439090218632625	26.444082712657817	-1.8766756032171539	36.47073516767034	66.04148830392411	4.746648793565692	81.44147033534068	140.58297660784822	17.372734584450434	298.0757814273469	514.5336943847245	-77.86630773693832	279.7627590010889	555.540461700318	3년	81.44147033534068	298.0757814273469	279.7627590010889	0.0349226992739767	1.485328536002149	2.6037767462743067			3년	1.485328536002149	보통	3년	36.47073516767034	0.7249398756861277	헐값	N	주당순현금<=0 | FCF<=0	480612203.0	-6.033761509854729	10.037846416537754		-13.898645556555778	82.04199996948242	79.80050010681153	N	N	판정불가	단기위험부채 존재
TRGP	Targa Resources Corp.	0001389170	S&P 500	제외	PEG=헐값, PEGY=보통	273.489990234375	8.49	2025	1.83	166100000.0		166100000.0	5632400000.0		3067900000.0					-25.201936376210234	-25.201936376210234	35.18161679747765	35.18161679747765	47.90940766550523			104.31881533101046			885.6667421602788			223.8388145033321			1년	104.31881533101046	885.6667421602788	223.8388145033321	1.4137897059088909			2.6929460580912865	0.9846598245820588	1년	1.4137897059088909	보통	1년	47.90940766550523	0.7343362924273517	헐값	N	주당순현금<=0	216900000.0	6.081995587551869	9.077491682155392		-9.515305133374685	281.64280029296873	246.80654968261717	N	Y	상승전환	
NSC	NORFOLK SOUTHERN CORP	0000702165	S&P 500	제외	PEG=헐값, PEGY=보통	313.0	12.75	2025	1.73	1530000000.0	0.0	1530000000.0	9736000000.0	0.0	15547000000.0	29689000000.0	34.36864444247944	65.63135555752055	0.5236619623429553	-36.4225477141589	-36.4225477141589	27.405690016796775	27.405690016796775	10.19878997407087	-2.7909035954415184	37.019144491250344	28.89757994814174	2.918192809116963	82.53828898250069	368.4441443388072	37.20695831624128	1052.3631845268837	17.7137841338042	-88.11279287021046	236.21826981689574	5년	82.53828898250069	1052.3631845268837	236.21826981689574	0.43526690868793266	-0.03871107039418811	1.4139087345548036	9.573901464713716	3.058754461569877	5년	1.4139087345548036	보통	5년	37.019144491250344	0.740311273894356	헐값	N	주당순현금<=0	225300000.0	-1.8777988080359242	9.059233449477343		-11.326423520304285	332.73339782714845	311.1880993652344	N	Y	중립/개선	
CLX	CLOROX CO /DE/	0000021076	S&P 500	제외	PEG=헐값, PEGY=양호	81.5999984741211	6.52	2025	6.13	167000000.0		167000000.0	2484000000.0	202000000.0	321000000.0	5079000000.0	5.944444444444445	94.05555555555556	0.06320141760189013	-18.64233588388166	-20.26760642705995	15.374591159202877	15.62386578238973	189.77777777777774	20.46094189649925	22.02423977466943	388.0555555555555	49.4218837929985	52.54847954933886	2530.122222222222	322.2306823303502	342.61608666168934	3000.640036193914	294.890549455762	319.8726630740658	3년	49.4218837929985	322.2306823303502	294.890549455762	12.742308120532483	1.7295381464880464	1.831218761080157	6.12292516514197	7.503584901516653	3년	1.7295381464880464	양호	3년	20.46094189649925	0.7514117012293252	헐값	N	주당순현금<=0	124287000.0	-15.370255109170294	-21.25832226495622		-35.82888005339376	96.49080032348633	101.71270023345947	N	N	주의	단기위험부채 존재
PTC	PTC INC.	0000857005	S&P 500	제외	PEG=헐값, PEGY=판정불가	137.55999755859375	6.08	2025		184415000.0		184415000.0	1172434000.0	25000000.0	3826229000.0	2790943000.0	57.82272245605827	42.177277543941734	1.3709448741876848	-8.180522781655448	-8.387515834968578	23.970480319119932	24.00452522920433	94.87179487179486	31.89223724402268	40.26105826759165	198.24358974358972	72.28447448804536	89.0221165351833	1205.3210256410255	439.4896048873158	541.2544685339145	776.214776848639	219.4893956726882	293.4679253707946	3년	72.28447448804536	439.4896048873158	219.4893956726882				7.093138594268776	5.156396278102179	판정불가		판정불가	3년	31.89223724402268	0.7516086167210655	헐값	N	주당순현금<=0	120777000.0	14.843879579643149	-3.45989735736717		-33.18113332625748	140.59199981689454	145.60315055847167	N	N	중립/개선	단기위험부채 존재
PCAR	PACCAR INC	0000075362	S&P 500	보류	PEG=헐값, PEGY=보통	111.80000305175781	4.51	2025	1.25	3435900000.0		3435900000.0			19264000000.0					6.5222095671981775	6.5222095671981775	23.34319145999105	23.34319145999105	-42.911392405063296	-7.777639865294905	30.977934086980994	-77.32278481012659	-7.05527973058981	70.45586817396199	-348.7257594936709	-31.81931158496004	317.75596546456853	-411.91927546927553	-128.4609219288029	184.21820822085616	5년	70.45586817396199	317.75596546456853	184.21820822085616	-1.784734211535241	-0.2796378497123207	1.3806138780216881	6.971905846621109	6.236051570940893	5년	1.380613878021688	보통	5년	30.977934086980994	0.7535425504634096	헐값	Y		526800000.0	-7.786205029976079	-3.20346056124865		-19.108604572160516	125.84919967651368	120.79009986877442	N	N	주의	
TXT	TEXTRON INC	0000217346	S&P 500	제외	PEG=헐값, PEGY=안심	77.62999725341797	5.11	2025	10.0	1262000000.0		1262000000.0			7875000000.0	10254000000.0	43.43868939268575	56.561310607314255	0.7679929783499122	7.001076235174028	7.001076235174028	13.821706657190594	13.821706657190594	18.013856812933028			44.527713625866056			227.53661662817555			193.10398644662757			1년	44.527713625866056	227.53661662817555	193.10398644662757	2.0268015743453156					1년	2.026801574345316	안심	1년	18.013856812933028	0.7672819208414777	헐값	N	FCF<=0	180258000.0	-15.555317093752585	-11.340795548253391		-22.96318364642975	84.05199966430663	89.76334991455079	N	N	주의	
VRT	Vertiv Holdings Co	0001674101	S&P 500	제외	PEG=헐값, PEGY=보통	248.33999633789062	3.41	2025	10.0	1728400000.0		1728400000.0	2892100000.0	20900000.0	3941300000.0	8271100000.0	32.27293570469359	67.7270642953064	0.4765146111158129	-2.9788598174833623	-3.032360006694845	73.70054432708915	73.7162335321365	166.40624999999997		95.30556878636357	341.31249999999994		199.11113757272713	1163.875625		678.9689791229996	368.6621736985267		173.4029915178047	5년	199.11113757272713	678.9689791229996	173.4029915178047	2.3935542350555017		1.428830271849943	4.8477826951533824	1.9520748838851976	5년	1.428830271849943	보통	5년	95.30556878636357	0.773307848277952	헐값	N	주당순현금<=0	390652824.0	-20.255607979569234	-0.8939282771153856		-33.992507485822266	264.1689999389648	263.4213501739502	N	N	주의	단기위험부채 존재
RJF	RAYMOND JAMES FINANCIAL INC	0000720005	S&P 500	보류	PEG=헐값, PEGY=보통	159.85000610351562	10.3	2025	1.35	11389000000.0		11389000000.0	1190836000.0		12503000000.0	75726000000.0	14.171077536864296	85.8289224631357	0.1651084171882841	49.36187802516941	49.36187802516941	10.72700272605303	10.72700272605303	6.185567010309293	13.848488040155704	12.055643508520287	20.871134020618584	36.19697608031141	32.611287017040574	214.97268041237143	372.82885362720754	335.89625627551794	34.48399887652145	133.2366840109916	110.1321510479007	3년	36.19697608031141	372.82885362720754	133.2366840109916	0.7024857924205995	1.4168438685339968	1.2497100868597295	10.871248789932237	6.800906083727163	3년	1.4168438685339968	보통	3년	13.848488040155704	0.774597392505848	헐값	Y		206600000.0	1.0493733083569712	10.40128014069408		-11.772815672001546	173.01940002441407	160.9648003387451	N	N	중립/개선	
EXPD	EXPEDITORS INTERNATIONAL OF WASHINGTON INC	0000746515	S&P 500	제외	PEG=헐값, PEGY=안심	188.16000366210938	5.95	2025	86.0	1314285000.0	40000.0	1314325000.0			2355633000.0					9.646492818295915	9.646492818295915	30.002270730052683	30.002270730052683	4.020979020979029	-10.357841347469254	38.67934932316548	16.541958041958058	-12.215682694938508	85.85869864633096	98.42465034965045	-72.68331203488412	510.85925694566924	-47.690981912182714	-138.6284601510776	171.50257600071637	5년	85.85869864633096	510.85925694566924	171.50257600071637	3.000472191953351	2.5212144551699383	4.155663764418892			3년	2.5212144551699383	안심	5년	38.67934932316548	0.7756663763752613	헐값	N	FCF<=0	136249000.0	12.798996712421996	31.369133055089215		-2.9602838654236185	184.22540008544922	162.1765998840332	Y	Y	강한 상승추세	
META	Meta Platforms, Inc.	0001326801	S&P 500	양호	PEG=헐값, PEGY=안심	738.7899780273438	23.49	2025	28.000000000000004	35873000000.0	45719000000.0	81592000000.0	58744000000.0		217243000000.0	148778000000.0	59.35260545159977	40.64739454840023	1.4601822850152577	8.876456876456876	8.876456876456876	31.073372547930475	31.073372547930475	-1.550712489522217	39.8395285030712	18.41272352127048	5.398575020955565	88.1790570061424	45.32544704254096	126.81252724224622	2071.326049074285	1064.694751029287	-82.83510456099437	180.3673724168497	44.11331808698156	3년	88.1790570061424	2071.326049074285	180.3673724168497	0.851188182733623	2.1832045555540898	1.4936493761557152	17.913364413364413	2.4246896880213784	3년	2.1832045555540898	안심	3년	39.8395285030712	0.7799633609000932	헐값	Y		2574000000.0	20.538090486109372	29.12973829762131		-4.989782210174464	618.9973962402344	627.2088473510743	Y	Y	상승전환	
BA	BOEING CO	0000012927	S&P 500	제외	PEG=헐값, PEGY=보통	187.67999267578125	2.48	2025	4.379795567341118	10921000000.0	18479000000.0	29400000000.0	53848000000.0	6109000000.0	5454000000.0	162778000000.0	3.2419515906605163	96.75804840933948	0.03350575630613473	-32.07136298045389	-40.08526826708645	88.60941760332062	91.84083102534989	113.50762527233115			235.5152505446623			584.0778213507625			211.20942249809326			1년	235.5152505446623	584.0778213507625	211.20942249809326	1.3304163826854276			-2.462285189557917	-1.3119593380481078	1년	1.3304163826854276	보통	1년	113.50762527233115	0.7806472683286788	헐값	N	주당순현금<=0 | FCF<=0	762300000.0	-14.136704591647288	-5.702660992377117		-25.56811532074441	213.3433996582031	220.9460001373291	N	N	주의	단기위험부채 존재
IT	GARTNER INC	0000749251	S&P 500	제외	PEG=헐값, PEGY=보통	185.85000610351562	9.65	2025	0.6429916388242695	1722521000.0		1722521000.0	2976674000.0	5000000.0	319908000.0	7765492000.0	3.9566131545749132	96.04338684542509	0.041196101934043584	-16.588228291779643	-16.654361484028833	20.978055377750803	20.984908558294762	-39.6875	-1.0484370535091214	26.662227247373906	-70.875	6.403125892981757	61.82445449474781	-683.94375	61.79016486727396	596.6059858743164	-468.008462490474	-66.75266998223408	221.01477873614698	5년	61.82445449474781	596.6059858743164	221.01477873614698	-1.8612072309898704	-0.01932712100259135	1.301608676043344			5년	1.301608676043344	보통	5년	26.662227247373906	0.7868080630742142	헐값	N	주당순현금<=0 | FCF<=0	75605000.0	38.94289304416618	17.374011874371796		-28.012551250248976	178.9790008544922	173.83149990081787	Y	Y	강한 상승추세	단기위험부채 존재
AMP	AMERIPRISE FINANCIAL INC	0000820027	S&P 500	제외	PEG=헐값, PEGY=보통	497.32000732421875	36.28	2025	1.37	2318000000.0		2318000000.0	2249000000.0		6549000000.0	184355000000.0	3.4305200519632906	96.5694799480367	0.03552385343494888	0.7026476578411406	0.7026476578411406	13.688460850782182	13.688460850782182	9.773071104387304	17.245791047295555	90.92651621947032	28.046142208774608	42.99158209459111	190.35303243894063	1017.5140393343428	1559.7345983917655	6906.008016884766	104.5994579644959	213.62796095491183	1288.644718727859	3년	42.99158209459111	1559.7345983917655	213.62796095491183	0.814048505953872	1.3599623252187494	6.742651144317394			3년	1.3599623252187494	보통	3년	17.245791047295555	0.7937276297296189	헐값	N	FCF<=0	98200000.0	3.6774547443675587	11.90819400417482		-12.854837438333021	545.4176043701171	493.1488511657715	N	Y	상승전환	
DLTR	DOLLAR TREE, INC.	0000935703	S&P 500	제외	PEG=헐값, PEGY=판정불가	113.30000305175781	6.22	2025		717800000.0	0.0	717800000.0	2431700000.0	0.0	3754900000.0	9711300000.0	27.883887065393353	72.11611293460665	0.3866526623624026	-8.30780416868638	-8.30780416868638	19.551094408431542	19.551094408431542	136.22597553873032	-4.80407167954946	23.90309540249904	280.95195107746065	-1.1081433590989196	56.30619080499808	1747.5211357018052	-6.89265169359528	350.22450680708806	1442.3840146795944	-106.08354060718476	209.11253077998433	5년	56.30619080499808	350.22450680708806	209.11253077998433				9.05186621425109	7.989290353430977	판정불가		판정불가	5년	23.90309540249904	0.8179314887555316	헐값	N	주당순현금<=0	206300000.0	-6.479569438919286	3.4608719218291784		-19.764890825806148	124.55819915771484	117.53669971466064	N	N	판정불가	
SW	Smurfit Westrock plc	0002005951	S&P 500	제외	PEG=헐값, PEGY=보통	44.380001068115234	1.33	2025	4.08	892000000.0		892000000.0	13223000000.0		18327000000.0	26803000000.0	40.60935076445823	59.39064923554177	0.6837667425288214	-23.44296577946768	-23.44296577946768	50.994711915475875	50.994711915475875	62.195121951219534			132.89024390243907			176.74402439024396			298.25150999652755			1년	132.89024390243907	176.74402439024396	298.25150999652755	1.2996469528266197					1년	1.2996469528266197	보통	1년	62.195121951219534	0.8199149758958864	헐값	N	주당순현금<=0 | FCF<=0	526000000.0	-3.7101303510771233	11.367635551946043		-14.390430290344526	46.720400161743164	43.17805004119873	N	Y	중립/개선	
DE	DEERE & CO	0000315189	S&P 500	제외	PEG=헐값, PEGY=안심	680.5	18.5	2025	95.0	8276000000.0		8276000000.0	32888000000.0		25950000000.0	79989000000.0	24.495228386146746	75.50477161385325	0.3244196076960582	-90.5852042694148	-90.5852042694148	41.68028131186026	41.68028131186026	-27.790788446526154	-7.374709270152346	50.57565655156788	-47.08157689305231	-6.249418540304692	109.65131310313576	-871.0091725214677	-115.6142429956368	2028.5492924080115	-227.99546987824658	-116.9896022036204	198.09688352799583	5년	109.65131310313576	2028.5492924080115	198.09688352799583	1.6124941924120182	2.10232004132164	3.4926745206526193	22.447552447552447	3.298685150264871	3년	2.10232004132164	안심	5년	50.57565655156788	0.824117454004028	헐값	N	주당순현금<=0	271700000.0	8.423752004504493	20.805967467925115		-4.084679098288735	644.5901989746094	584.9928494262696	Y	Y	강한 상승추세	
PFG	PRINCIPAL FINANCIAL GROUP INC	0001126328	S&P 500	제외	PEG=헐값, PEGY=보통	113.97000122070312	5.25	2025	3.0	4431000000.0		4431000000.0	3926300000.0	27700000.0	11883900000.0	328985200000.0	3.486352972446021	96.51364702755399	0.036122901577335394	2.236154186973859	2.113424900310146	21.282637530234144	21.30601453721771	-21.40718562874251	-34.694566556534845	25.297404962923697	-34.31437125748502	-60.88913311306969	59.09480992584739	-180.15044910179637	-319.6679488436159	310.2477521106988	-258.0683049681948	-380.4842900936522	172.21878458165799	5년	59.09480992584739	310.2477521106988	172.21878458165799	-0.8648921263914418	-1.489221742911775	1.3296004746932502			5년	1.3296004746932502	보통	5년	25.297404962923697	0.8412972619692153	헐값	N	FCF<=0	225700000.0	4.626825393745881	26.478748694637776		-3.8309010494392615	113.51719970703125	101.29250003814697	Y	Y	강한 상승추세	단기위험부채 존재
TROW	PRICE T ROWE GROUP INC	0001113169	S&P 500	양호	PEG=헐값, PEGY=양호	104.51000213623047	9.24	2025	4.98	3378200000.0		3378200000.0			10860100000.0	2288600000.0	82.59447702054196	17.405522979458045	4.745302805208424	15.334543803903768	15.334543803903768	9.651023629039686	9.651023629039686	0.9836065573770475	11.309540391033558	22.643785680119024	10.467213114754095	31.119080782067115	53.78757136023805	96.71704918032785	287.54030642630016	496.99715936859957	-7.4566575414900305	175.1318539363216	375.54985093269426	3년	31.119080782067115	287.54030642630016	175.1318539363216	0.6179247701179289	1.6878562334070701	2.862264847948331	6.71448025419882	6.424725018612465	3년	1.68785623340707	양호	3년	11.309540391033558	0.8533524171054043	헐값	Y		220300000.0	-9.990524858447824	15.941871359977245		-14.110780839811499	110.77620025634765	103.87429992675781	N	Y	중립/개선	
EBAY	EBAY INC	0001065088	S&P 500	제외	PEG=헐값, PEGY=보통	105.20999908447266	4.34	2025	1.18	1867000000.0	2625000000.0	4492000000.0	6973000000.0	750000000.0	4615000000.0	12995000000.0	26.20670073821692	73.79329926178308	0.3551365909965371	-5.301282051282051	-6.903846153846154	25.463428833123203	25.832683234635674	10.15228426395939		29.104348914704946	28.80456852791878		66.70869782940989	125.0118274111675		289.5157485796389	18.82124180116762		175.17892890312447	5년	66.70869782940989	289.5157485796389	175.17892890312447	0.4450415667986625		1.189327215638399	3.0641025641025643	2.912368207172409	5년	1.189327215638399	보통	5년	29.104348914704946	0.8749011670987021	헐값	N	주당순현금<=0	468000000.0	-5.454708628154226	15.589983481379521		-11.558507150152398	107.61919982910156	100.71674995422363	N	Y	중립/개선	단기위험부채 존재
RL	RALPH LAUREN CORP	0001037038	S&P 500	제외	PEG=헐값, PEGY=보통	355.9200134277344	15.11	2026	1.12	1988000000.0	77000000.0	2065000000.0	1238900000.0	0.0	2841400000.0	4898100000.0	36.71296595387299	63.28703404612701	0.5801024887201159	13.260032102728731	13.260032102728731	22.677695653541075	22.677695653541075	30.146425495262708	25.853438682213326		68.79285099052541	60.20687736442665		1039.459978466839	909.7259169764867		192.04875793754422	155.59841612031082		3년	60.20687736442665	909.7259169764867	155.59841612031082	1.3787302719348613	1.1894259052727643				3년	1.1894259052727645	보통	3년	25.853438682213326	0.877163611861926	헐값	N	FCF<=0	62300000.0	-10.577352079795011	3.4681309142835737		-14.080865798977825	364.2258013916016	365.385549621582	N	N	판정불가	
FOX	Fox Corp	0001754301	S&P 500	제외	PEG=헐값, PEGY=보통	55.83000183105469	3.84	2026	1.03	4205000000.0		4205000000.0	6606000000.0	0.0	11628000000.0					-5.469248291571754	-5.469248291571754	15.963346386100635	15.963346386100635	-21.792260692464364	18.120452257112785	54.94321165488696	-35.08452138492873	44.74090451422557	118.38642330977392	-134.7245621181263	171.80507333462617	454.60386550953183	-341.31212197666014	207.72894089188785	714.264464624582	3년	44.74090451422557	171.80507333462617	207.72894089188782	-1.3006208216180892	1.1996514887246434	3.5063582723245994	3.343963553530752	5.989545842484134	3년	1.1996514887246434	보통	3년	18.120452257112785	0.880957393314208	헐값	N	주당순현금<=0	439000000.0	15.303601698320302	5.141249407500625		-17.606257274299807	57.11060020446777	56.8328000831604	N	N	중립/개선	
BR	BROADRIDGE FINANCIAL SOLUTIONS, INC.	0001383312	S&P 500	제외	PEG=헐값, PEGY=보통	160.9499969482422	9.6	2026	2.71	402900000.0	900000.0	403800000.0	3254600000.0	400000000.0	2840500000.0	6104700000.0	31.754460492778254	68.24553950722175	0.46529723000311235	-24.345004269854826	-27.760888129803586	19.301562626885108	19.657383862296435	35.21126760563381	21.898526092374706	34.26713142263553	78.92253521126761	52.297052184749404	77.03426284527106	757.6563380281691	502.0517009735943	739.5289233146021	370.74020030694	211.93023329788727	359.4774385441073	3년	52.297052184749404	502.0517009735943	211.93023329788727	1.9646734483980768	1.2749499389286512	1.9157584355957873	10.917164816396243	6.782954348179921	3년	1.2749499389286512	보통	3년	21.898526092374702	0.8814092119928617	헐값	N	주당순현금<=0	117100000.0	14.205637772591295	-0.9416536309260537		-32.05994044112522	167.54539978027344	172.17235008239746	N	N	중립/개선	단기위험부채 존재
XYZ	Block, Inc.	0001512673	S&P 500	보류	PEG=헐값, PEGY=판정불가	74.05000305175781	2.1	2025		6564092000.0	1081851000.0	7645943000.0	4109829000.0	455000.0	22204278000.0	17380005000.0	56.093672329495014	43.906327670504986	1.2775760421242686	5.677421737273577	5.676691210234443	32.558372054516305	32.55871992453494	-53.94736842105262		36.69521853880895	-99.39473684210525		81.8904370776179	-208.72894736842102		171.96991786299762	-381.87567692945044		132.23485587542507	5년	81.8904370776179	171.96991786299762	132.23485587542507				3.8929480860191576	5.257188285729242	판정불가		판정불가	5년	36.69521853880895	0.8872646996251703	헐값	Y		622838000.0	-3.9932507601945555	23.047528541453243		-12.728338970633256	79.91179916381836	69.98754970550537	N	Y	중립/개선	단기위험부채 존재
BIIB	BIOGEN INC.	0000875045	S&P 500	제외	PEG=헐값, PEGY=판정불가	227.07000732421875	8.79	2025		2913700000.0	1134989000.0	4048689000.0	6286800000.0		14799400000.0	11182700000.0	56.95998398897702	43.04001601102298	1.3234192100297781	-15.214894629503739	-15.214894629503739	27.563697605656714	27.563697605656714	-21.37745974955278	-25.041283434599325	30.526946389639487	-34.25491949910556	-41.58256686919865	69.55389277927898	-301.1007423971379	-365.51076278025613	611.3787175298622	-232.602603904097	-260.9683141720988	169.24679517753907	5년	69.55389277927898	611.3787175298622	169.24679517753907				13.941536369816452	6.139752464054059	판정불가		판정불가	5년	30.526946389639487	0.9029300623075596	헐값	N	주당순현금<=0	147100000.0	8.262611508141449	23.858618369224736		-0.7083803838790703	213.95379974365235	194.46015029907227	Y	Y	강한 상승추세	
JPM	JPMORGAN CHASE & CO	0000019617	S&P 500	제외	PEG=헐값, PEGY=보통	334.9800109863281	20.02	2025	1.97	278793000000.0		278793000000.0	267889000000.0	64776000000.0	362438000000.0	4062462000000.0	8.19087437004226	91.80912562995775	0.08921634220824712	3.9201869494876864	-19.367966924321408	16.53645474709493	17.69969919633614	1.3670886075949347	18.30758541328956	17.65495483894246	11.23417721518987	45.115170826579124	43.80990967788492	224.9082278481012	903.205719948114	877.074391751256	-32.85920936420275	169.62973620087962	161.82887425693377	3년	45.115170826579124	903.205719948114	169.62973620087962	0.2018019375151245	1.2262353523418834	1.1867691799168807			3년	1.2262353523418834	보통	3년	18.307585413289562	0.9032570037931402	헐값	N	FCF<=0	2781500000.0	0.2723990906571272	13.876804057667602		-8.269889450451263	353.1758001708984	321.56475082397463	N	Y	상승전환	단기위험부채 존재
ORCL	ORACLE CORP	0001341439	S&P 500	제외	PEG=헐값, PEGY=보통	137.7899932861328	5.83	2026	1.45	31289000000.0	605000000.0	31894000000.0	0.0	0.0	42508000000.0					10.945092656142759	10.945092656142759	21.75727283533277	21.75727283533277	34.331797235023046	23.834995611269672	5.082750468287545	77.16359447004609	56.169991222539345	18.66550093657509	449.86375576036875	327.4710488274044	108.81987046023278	226.48506980197598	137.65952883630854	-21.024837968996103	3년	56.169991222539345	327.4710488274044	137.65952883630854	1.6445901793774045	1.1621399337424334	0.3002559428164485	-8.128345916266301	-5.899082888687779	3년	1.1621399337424334	보통	3년	23.834995611269672	0.9128289004192428	헐값	N	FCF<=0	2914000000.0	-3.3052678693804793	-6.335400234892619		-55.9776379277531	142.69719985961913	163.66884983062744	N	N	주의	
GOOG	Alphabet Inc.	0001652044	S&P 500	양호	PEG=헐값, PEGY=양호	337.32000732421875	10.81	2025	26.0	30708000000.0	96135000000.0	126843000000.0	46547000000.0	0.0	415265000000.0	180016000000.0	69.75949173583568	30.24050826416432	2.306822726868723	6.565494685200327	6.565494685200327	30.59708720064925	30.59708720064925	34.45273631840798	33.33790189024399	-28.686657181224508	77.40547263681596	75.17580378048798	-48.873314362449015	836.7531592039805	812.6504388670751	-528.3205282580739	148.05915481903992	140.91379735029693	-256.6229446183644	3년	75.17580378048798	812.6504388670751	140.91379735029693	1.9757676906292314	1.9393317246546555	-0.08780761265299458	5.99067865903516	1.7759630407209004	3년	1.9393317246546555	양호	3년	33.33790189024399	0.9177868271789228	헐값	Y		12230000000.0	-5.7475778821113765	17.590470804359406		-15.467121065319189	341.5830010986328	336.97624938964844	N	Y	중립/개선	
FIX	COMFORT SYSTEMS USA INC	0001035983	S&P 500	보류	PEG=헐값, PEGY=보통	1665.050048828125	28.88	2025	22.0	981898000.0		981898000.0	139063000.0	500000.0	2448774000.0	3992395000.0	38.0175399838135	61.9824600161865	0.6133596500346283	23.80015813401858	23.786039025216727	56.82998236475438	56.83047125356331	97.80821917808218	61.78475841689988	89.88133018013103	204.11643835616437	132.06951683379975	188.26266036026206	5894.882739726027	3814.167646160137	5437.025631204368	254.03636928961328	129.07225214308588	226.5382704280264	3년	132.06951683379975	3814.167646160137	129.07225214308588	2.108186809017673	1.4743055501784335	1.968702532090159	29.126394261994182	1.749280406465473	3년	1.4743055501784337	보통	3년	61.78475841689988	0.9198058521373093	헐값	Y		35413000.0	-10.728358199968335	20.7441722289174		-19.426954577540712	1663.4453955078125	1545.399697265625	Y	Y	강한 상승추세	단기위험부채 존재
GOOGL	Alphabet Inc.	0001652044	S&P 500	양호	PEG=헐값, PEGY=양호	340.9200134277344	10.81	2025	26.0	30708000000.0	96135000000.0	126843000000.0	46547000000.0	0.0	415265000000.0	180016000000.0	69.75949173583568	30.24050826416432	2.306822726868723	6.565494685200327	6.565494685200327	30.930112742140057	30.930112742140057	34.45273631840798	33.33790189024399	-28.686657181224508	77.40547263681596	75.17580378048798	-48.873314362449015	836.7531592039805	812.6504388670751	-528.3205282580739	145.4397296277677	138.36982484436473	-254.96905650863565	3년	75.17580378048798	812.6504388670751	138.36982484436473	1.9544945349017584	1.9184508761715686	-0.08686218519870217	5.99067865903516	1.7572094400685627	3년	1.9184508761715688	양호	3년	33.33790189024399	0.9277762243097682	헐값	Y		12230000000.0	-5.617225023485295	18.556133092979277		-15.324619352671387	343.9885986328125	338.43874954223634	N	Y	중립/개선	
DG	DOLLAR GENERAL CORP	0000029534	S&P 500	제외	PEG=헐값, PEGY=보통	122.63999938964844	6.85	2025	1.92	1138501000.0		1138501000.0	4172068000.0		8511962000.0	22451768000.0	27.490105358753613	72.50989464124639	0.3791221252598014	-13.738109902451837	-13.738109902451837	19.909213035343107	19.909213035343107	34.050880626223076	-13.760458357934102	21.193089282505095	76.60176125244615	-19.020916715868204	50.88617856501019	524.7220645792561	-130.2932795036972	348.5703231703198	327.85556685476126	-206.24044369874215	184.2223784287961	5년	50.88617856501019	348.5703231703198	184.2223784287961	1.806745478204843	-0.5947225707472594	1.1609243038122312			5년	1.1609243038122312	보통	5년	21.193089282505095	0.939420051977895	헐값	N	주당순현금<=0 | FCF<=0	220814000.0	6.458335623697065	3.293182786292337		-21.50537949448915	124.30639984130859	127.05804962158203	N	N	중립/개선	
MPC	Marathon Petroleum Corp	0001510295	S&P 500	보류	PEG=헐값, PEGY=보통	392.0299987792969	13.22	2025	1.02	3672000000.0	0.0	3672000000.0	3292000000.0	0.0	17314000000.0	59869000000.0	22.43240091730044	77.56759908269956	0.2891980824800815	1.2418300653594772	1.2418300653594772	29.560375848255475	29.560375848255475	31.150793650793656	-22.2431402744799		70.80158730158732	-35.9862805489598		935.9969841269844	-475.73862885724856		138.75646941343572	-221.35260830513064		1년	70.80158730158732	935.9969841269844	138.75646941343572	1.0883080044698497	-0.7179590808799677		15.57843137254902	3.97378553198917	1년	1.0883080044698497	보통	1년	31.150793650793656	0.9489445495236152	헐값	Y		306000000.0	48.00845924652562	60.549598877181054		-7.733769854848116	359.64880004882815	258.3232994842529	Y	Y	강한 상승추세	
BBY	BEST BUY CO INC	0000764478	S&P 500	보류	PEG=헐값, PEGY=보통	88.75	5.04	2026	4.33	1738000000.0	0.0	1738000000.0	1144000000.0	110000000.0	2964000000.0					2.8005657708628005	2.281942479962282	17.053459172447855	17.156360619055103	17.757009345794387	-7.119053945313414		44.014018691588774	-5.738107890626829		221.83065420560743	-28.920063768759217		149.95003290772667	-132.5859873450808		1년	44.014018691588774	221.83065420560743	149.95003290772667	1.2951630002128192	-0.16354769534497166		5.931164545025931	6.68300230425457	1년	1.2951630002128192	보통	1년	17.757009345794387	0.9603790165536428	헐값	Y		212100000.0	14.916478236864084	38.23988196066417		-6.411474969584596	87.46879989624023	72.73890016555787	Y	Y	강한 상승추세	단기위험부채 존재
C	CITIGROUP INC	0000831001	S&P 500	제외	PEG=헐값, PEGY=불리(<1)	130.8000030517578	6.99	2025	2.05	188105000000.0		188105000000.0	315827000000.0	51878000000.0	212291000000.0	2443380000000.0	7.993874241199306	92.00612575880069	0.08688415228085684	-68.18749666328546	-95.88382894666596	28.467453464240812	32.42973276086177	17.67676767676767	-0.047641741369786	29.48968947668986	43.85353535353534	8.404716517260429	67.47937895337972	306.53621212121203	58.7489684556504	471.6808588841243	134.35489676549554	-55.084887549732464	260.61226902072724	5년	67.47937895337972	471.6808588841243	260.61226902072724	0.6929586343768792	0.07033850994594447	1.1079209988455139	-39.58784902034061	-30.26593891184821	3년	0.0703385099459444	불리(<1)	5년	29.48968947668986	0.9653358163280398	헐값	N	주당순현금<=0 | FCF<=0	1873100000.0	-6.658104264577136	15.33374378635921		-10.208001169837022	134.1713996887207	125.62749984741211	N	Y	중립/개선	단기위험부채 존재
PEG	PUBLIC SERVICE ENTERPRISE GROUP INC	0000788784	S&P 500	제외	PEG=헐값, PEGY=보통	67.68000030517578	4.22	2025	3.96	132000000.0		132000000.0	21670000000.0	1529000000.0	13130000000.0					-42.99001996007984	-46.041916167664674	26.2251232856056	26.948321439061722	19.20903954802259	27.00332083242836	2.3351713791253115	46.91807909604518	62.506641664856716	13.170342758250623	197.99429378531067	263.77802782569535	55.578846439817625	192.54475900197238	289.7429471576452	-17.879955394197488	3년	62.506641664856716	263.77802782569535	289.7429471576452	0.8834673261856341	1.1806739855985138	0.24004353804432232	0.05189620758483034	0.07667879336705855	3년	1.1806739855985138	보통	3년	27.003320832428358	0.9711814131435192	헐값	N	주당순현금<=0	501000000.0	-15.684560688190995	-16.392831554460685		-22.16215907924305	73.8031999206543	79.05010005950928	N	N	주의	단기위험부채 존재
FOXA	Fox Corp	0001754301	S&P 500	제외	PEG=헐값, PEGY=안심	62.47999954223633	3.84	2026	93.0	4205000000.0		4205000000.0	6606000000.0	0.0	11628000000.0					-5.469248291571754	-5.469248291571754	17.695116623387523	17.695116623387523	-21.792260692464364	18.120452257112785	54.94321165488696	-35.08452138492873	44.74090451422557	118.38642330977392	-134.7245621181263	171.80507333462617	454.60386550953183	-315.62830202495894	174.97611170513272	627.5990218313314	3년	44.74090451422557	171.80507333462617	174.97611170513272	4.024146368915185	6.279724209912558	8.3606802262807	3.343963553530752	5.35205438225114	3년	6.279724209912558	안심	3년	18.120452257112785	0.9765273168853552	헐값	N	주당순현금<=0	439000000.0	15.425823590163535	6.986297790676321		-17.908291891751016	63.97800003051758	63.28949989318848	N	N	중립/개선	
LMT	LOCKHEED MARTIN CORP	0000936468	S&P 500	제외	PEG=헐값, PEGY=불리(<1)	512.2100219726562	21.49	2025	2.69	4121000000.0	3000000.0	4124000000.0	20532000000.0	0.0	6721000000.0	53119000000.0	11.231617647058824	88.76838235294117	0.1265272313108304	-70.26980728051392	-70.26980728051392	27.104691914991633	27.104691914991633	-3.6754818467055146	-0.2623064045820689	27.492062613344558	1.1490363065889708	7.975387190835862	63.484125226689116	24.69279022859698	171.39107073106265	1364.2738511215491	-95.17916691018686	-66.53890721017322	166.35047980267345	5년	63.484125226689116	1364.2738511215491	166.35047980267345	-0.03635834894549912	0.0895672824111744	1.113536457378098	32.61241970021413	6.3670014840035885	3년	0.0895672824111744	불리(<1)	5년	27.492062613344558	0.9859097258797564	헐값	N	주당순현금<=0	233500000.0	-1.841628380797522	-15.251739843749846		-24.30766769131527	557.5494012451172	562.4836016845703	N	N	주의	
XYL	Xylem Inc.	0001524472	S&P 500	제외	PEG=헐값, PEGY=보통	100.93000030517578	3.92	2025	1.7	1479000000.0		1479000000.0	1408000000.0	534000000.0	11480000000.0	5885000000.0	66.10999136193493	33.89000863806507	1.9507221750212405	0.2909907620679197	-1.8975876455978427	25.673216720180577	26.231527538462657	7.397260273972603	25.99210498948732	36.73964338359592	23.294520547945204	60.48420997897464	81.97928676719184	91.3145205479452	237.0981031175806	321.358804127392	-9.526879746514272	134.9134077089882	218.3977045038336	3년	60.48420997897464	237.0981031175806	134.9134077089882	0.35434828339300584	1.0786379163667397	1.4972663458015458			3년	1.0786379163667397	보통	3년	25.99210498948732	0.9877313411347132	헐값	N	FCF<=0	243994000.0	-13.933654647935667	-15.539748698597677		-34.01111322720053	113.12199996948242	121.55670024871826	N	N	주의	단기위험부채 존재
HSIC	HENRY SCHEIN INC	0001000228	S&P 500	제외	PEG=헐값, PEGY=판정불가	84.97000122070312	3.27	2025		80209000.0		80209000.0	363524000.0	764000000.0	3245000000.0	6421000000.0	33.57128077798469	66.4287192220153	0.5053729948606136	-2.327636739241161	-8.604446893240233	26.696525370013543	28.616039178575953	7.213114754098368	-5.784216280166666	26.993797939062315	22.926229508196734	-3.0684325603333313	62.48759587812463	74.96877049180333	-10.033774472289993	204.33443852146755	-11.77030785597185	-111.80860813009524	140.478328334637	5년	62.48759587812463	204.33443852146755	140.478328334637						판정불가		판정불가	5년	26.993797939062315	0.9889873751844828	헐값	N	주당순현금<=0 | FCF<=0	121717876.0	0.5324237997040182	15.291729632466078		-6.482499835001542	87.74099975585938	80.14514999389648	N	Y	상승전환	단기위험부채 존재
SMCI	Super Micro Computer, Inc.	0001375365	S&P 500	제외	PEG=보통, PEGY=판정불가	41.02000045776367	3.26	2026		7521474000.0	23110000.0	7544584000.0	120179000.0	170123000.0	14479452000.0	15465851000.0	48.352998799177286	51.647001200822714	0.9362208390601978	10.646628369193	10.402671263128308	9.316985303242538	9.391818771360542	94.04761904761905	-34.17506232770905	9.298515353860616	196.5952380952381	-59.8501246554181	27.09703070772123	640.9004761904762	-195.11140637666298	88.3363201071712	1462.4097246180695	-575.6494495351355	115.34938839926849	5년	27.09703070772123	88.3363201071712	115.34938839926849				-9.997712763211482	-24.372775845055507	판정불가		판정불가	5년	9.298515353860616	1.0019863331595462	보통	N	FCF<=0	697348000.0	48.354434082064834	80.14931766844771		-30.09543243961851	35.72779975891113	31.858299913406373	Y	Y	강한 상승추세	단기위험부채 존재
JCI	Johnson Controls International plc	0000833444	S&P 500	제외	PEG=보통, PEGY=보통	149.4199981689453	5.03	2025	1.07	379000000.0	100000000.0	479000000.0	9195000000.0	723000000.0	12927000000.0	8245000000.0	61.05705648970338	38.942943510296615	1.5678593086719224	-13.325179636141263	-14.430515211741325	32.35490612427168	32.574654747651415	99.60317460317462	31.9394360396549	43.04007850240077	207.70634920634924	72.3788720793098	94.58015700480153	1044.7629365079367	364.0657265589283	475.7381897341517	599.2122535878032	143.6526107752248	218.38990467410318	3년	72.3788720793098	364.0657265589283	143.6526107752248	3.1115273280812463	1.0202296960117654	1.3633196255609195			3년	1.0202296960117654	보통	3년	31.9394360396549	1.0130080595067783	보통	N	주당순현금<=0 | FCF<=0	654100000.0	3.1906042954544134	14.10462134489654		-3.45050176236259	145.40419921875	137.09759967803956	Y	Y	강한 상승추세	단기위험부채 존재
DLR	DIGITAL REALTY TRUST, INC.	0001297996	S&P 500	제외	PEG=보통, PEGY=보통	176.55999755859375	3.58	2025	2.76	3451647000.0		3451647000.0	2940210000.0		22925663000.0	24564494000.0	48.2745571887665	51.72544281123349	0.93328456104164	1.470449383283977	1.470449383283977	48.90769502103625	48.90769502103625	122.36024844720497	47.747457450932274	86.18839525621738	253.22049689440993	103.99491490186455	180.87679051243475	906.5293788819876	372.3017953486751	647.5389100345164	413.43984561460127	110.8641824290476	266.75289929114444	3년	103.99491490186455	372.3017953486751	110.86418242904759	2.5582937080430406	1.0327098308192184	1.818699393172358			3년	1.0327098308192184	보통	3년	47.747457450932274	1.0242994628833648	보통	N	FCF<=0	347810000.0	0.13611060821572263	-2.0254197987289557		-13.412782900458463	188.2907992553711	180.7304496002197	N	N	중립/개선	
ICE	Intercontinental Exchange, Inc.	0001571949	S&P 500	제외	PEG=보통, PEGY=보통	152.19000244140625	5.77	2025	1.37	837000000.0	16000000.0	853000000.0	18609000000.0	1035000000.0	28915000000.0	107896000000.0	21.134996454963417	78.86500354503659	0.26798954548824794	-30.88	-32.68	31.7279033693945	32.03986177494043	20.711297071129692	30.77318536913174	44.058395353098234	49.922594142259385	70.04637073826348	96.61679070619647	288.05336820083664	404.16755915978024	557.4788823747535	89.27220157693232	165.5677460254896	266.30453606135205	3년	70.04637073826348	404.16755915978024	165.5677460254896	0.6959582804462852	1.0130888573033738	1.4318120811260273	7.459130434782609	4.901196080639005	3년	1.0130888573033738	보통	3년	30.77318536913174	1.031024347619874	보통	N	주당순현금<=0	575000000.0	20.08995376790519	-3.2362642277440234		-13.083953662780246	154.72979949951173	155.1753003692627	N	N	중립/개선	단기위험부채 존재
IEX	IDEX CORP /DE/	0000832101	S&P 500	제외	PEG=보통, PEGY=불리(<1)	230.42999267578125	6.41	2025	1.27	580000000.0		580000000.0	1820100000.0	0.0	4027500000.0	2900800000.0	58.131143281901764	41.868856718098236	1.3884100937672366	-16.46879150066401	-16.46879150066401	38.517751041567124	38.517751041567124	-3.4638554216867403	-5.969686551893727	37.169267564172536	1.5722891566265194	-3.439373103787453	82.83853512834507	10.07837349397599	-22.046381595277573	530.9950101726919	-95.62627530516116	-109.56749654820204	130.4365868378126	5년	82.83853512834507	530.9950101726919	130.4365868378126	-0.05695699677063704	-0.12201352427928557	0.9979624075842359	8.191235059760956	3.5547608037666163	5년	0.997962407584236	불리(<1)	5년	37.169267564172536	1.0362795278402093	보통	N	주당순현금<=0	75300000.0	2.4315370726635477	21.56686307879452		-4.195082079430589	229.33480102539062	210.1401505279541	Y	Y	강한 상승추세	
DXCM	DEXCOM INC	0001093557	S&P 500	보류	PEG=보통, PEGY=판정불가	86.63999938964844	2.09	2025		917700000.0	1730000000.0	2647700000.0	4600000.0		2746000000.0	3593900000.0	43.31298600924305	56.68701399075695	0.7640724561061799	6.518125770653514	6.518125770653514	38.3358246980837	38.3358246980837	47.183098591549296	36.597938323358605	-16.208656508885298	102.86619718309859	81.69587664671721	-23.917313017770596	214.99035211267605	170.74438219163895	-49.987184207140544	148.1421440757335	97.0733880361028	-157.69527303703202	3년	81.69587664671721	170.74438219163895	97.0733880361028				2.656473489519112	3.066105157240458	판정불가		판정불가	3년	36.597938323358605	1.0474859091616069	보통	Y		405500000.0	25.82050337162507	37.96178414365179		-6.172836446066931	85.55139999389648	72.76860004425049	Y	Y	강한 상승추세	
GILD	GILEAD SCIENCES, INC.	0000882095	S&P 500	제외	PEG=보통, PEGY=보통	151.27999877929688	6.78	2025	2.2	5412000000.0	68000000.0	5480000000.0	22129000000.0	2807000000.0	22703000000.0					-13.26613545816733	-15.502788844621515	24.26934133295932	24.59923121296731	1684.2105263157894	23.0389935777624	40.69054645685804	3376.9210526315787	54.5779871555248	89.88109291371607	22895.524736842104	370.0387529144582	609.393809954995	15034.53524695257	144.60520617422102	302.82510237459917	3년	54.5779871555248	370.0387529144582	144.60520617422102	69.48728039955233	1.0399537932035356	1.7672727853808676	7.534661354581673	4.980606435338506	3년	1.0399537932035356	보통	3년	23.0389935777624	1.05340284292559	보통	N	주당순현금<=0	1255000000.0	20.092083284376482	8.545600975371336		-2.901158012788585	142.19899963378907	136.30799976348877	Y	Y	강한 상승추세	단기위험부채 존재
PPG	PPG INDUSTRIES INC	0000079879	S&P 500	제외	PEG=보통, PEGY=보통	106.0199966430664	6.94	2025	2.79	2163000000.0	56000000.0	2219000000.0	6602000000.0	4000000.0	7941000000.0	14001000000.0	36.19086683073557	63.80913316926442	0.567173773301907	-19.299867899603697	-19.31748128577719	18.05761736926082	18.06015532115902	46.10526315789475	17.118429805639778	43.51289451505902	100.7105263157895	42.736859611279556	95.52578903011803	698.9310526315792	296.5938057022801	662.9489758690191	559.2445526900406	179.7527024084065	525.3055997548697	3년	42.736859611279556	296.5938057022801	179.7527024084065	2.707736140268889	1.1024948307703963	2.5641751936708803	5.121092029942757	4.830307670338594	3년	1.1024948307703963	보통	3년	17.118429805639778	1.0548641186302976	보통	N	주당순현금<=0	227100000.0	-13.530710288475866	-0.804641310302856		-19.413196556310687	111.77180007934571	111.9567499923706	N	N	주의	단기위험부채 존재
RMD	RESMED INC	0000943819	S&P 500	보류	PEG=보통, PEGY=불리(<1)	222.8300018310547	10.43	2026	1.18	1469234000.0		1469234000.0	1078611000.0	259950000.0	6585393000.0	2380557000.0	73.44891506198451	26.55108493801549	2.766324435835815	2.6745107973763127	0.8946896353403536	21.107909015693036	21.278553422407896	9.674027339642482	19.643471363879893	26.342032619655285	27.848054679284964	47.78694272775979	61.18406523931057	290.45521030494217	498.4178126505346	638.1498004460092	30.348340850959367	123.6762592805726	186.38414719838389	3년	47.78694272775979	498.4178126505346	123.6762592805726	0.5142161325204154	0.9865245936202552	1.3038729984667623	11.294069316828022	5.06846888839994	3년	0.9865245936202552	불리(<1)	3년	19.643471363879893	1.0745508583837136	보통	Y		146054000.0	10.805566915971943	-0.7350293691590459		-21.339309943777117	221.65320098876953	226.18870040893555	Y	N	중립/개선	단기위험부채 존재
LLY	ELI LILLY & Co	0000059478	S&P 500	제외	PEG=보통, PEGY=안심	1184.6300048828125	22.95	2025	57.99999999999999	7268000000.0	154800000.0	7422800000.0	40868000000.0	1000000000.0	26535000000.0					-37.19025909040365	-38.30223507172245	53.238355728680446	53.286807841156204	95.98633646456018	49.27183319275166	27.579995682880675	200.47267292912036	107.04366638550331	63.65999136576135	4600.8478437233125	2456.652143547301	1460.996801844223	288.3784662518694	107.37716699910207	23.32937675242741	3년	107.04366638550331	2456.652143547301	107.37716699910207	2.8923946721668754	2.0149351294664872	1.6074875813036653			3년	2.0149351294664872	안심	3년	49.27183319275166	1.0805028406475508	보통	N	주당순현금<=0 | FCF<=0	899300000.0	-0.5966054181134051	28.796327313054327		-7.475355256615668	1178.279599609375	1072.061103515625	Y	Y	강한 상승추세	단기위험부채 존재
CCI	CROWN CASTLE INC.	0001051470	S&P 500	제외	PEG=보통, PEGY=불리(<1)	67.06999969482422	1.01	2025	6.34	99000000.0		99000000.0	24337000000.0		7089221000.0	33153000000.0	17.616376094152457	82.38362390584754	0.21383346906765602	-55.464530892448515	-55.464530892448515	121.32131741314133	121.32131741314133	111.24721603563475	-36.03957271499858	-15.540072887114587	230.9944320712695	-63.579145429997155	-22.580145774229173	233.3043763919822	-64.21493688429713	-22.805947231971466	247.85206120999322	-195.74315964884755	-134.00320163372746	1년	230.9944320712695	233.3043763919822	247.85206120999322	0.9692213911196607	-0.2448009414030775	-0.07583228638859184			1년	0.9692213911196608	불리(<1)	1년	111.24721603563475	1.0905559863563654	보통	N	주당순현금<=0 | FCF<=0	437000000.0	-12.36116455686107	-17.51321890460995		-32.16344914368595	74.48080001831055	83.35699981689453	N	N	주의	
NVDA	NVIDIA CORP	0001045810	S&P 500	보류	PEG=보통, PEGY=양호	227.2100067138672	4.9	2026	44.0	10605000000.0	34621000000.0	45226000000.0	7469000000.0	0.0	157293000000.0	49510000000.0	76.05934149891442	23.940658501085572	3.1769945465562515	1.5402219140083218	1.5402219140083218	46.05505812242017	46.05505812242017	66.66666666666669	41.21547046890686	-6.616661124591561	141.83333333333337	90.93094093781372	-4.7333222491831215	694.9833333333336	445.5616105952872	-23.1932790209973	205.87707970474568	96.10122680749583	-110.20785983700327	3년	90.93094093781372	445.5616105952872	96.10122680749585	2.4029210075579686	1.8502955797470357	0.8117097317744947	4.184517622583014	1.8416960076290612	3년	1.850295579747036	양호	3년	41.21547046890686	1.1174216282976637	보통	Y		24514000000.0	14.99645946361936	30.280971711918948		-3.6183925428576513	216.9765997314453	199.9098500061035	Y	Y	강한 상승추세	
CBRE	CBRE GROUP, INC.	0001138118	S&P 500	제외	PEG=보통, PEGY=판정불가	130.83999633789062	3.85	2025		1864000000.0		1864000000.0	5050000000.0	2465000000.0	8878000000.0	21251000000.0	29.46662683793023	70.53337316206976	0.41776857559644254	-10.593461930091989	-18.789596160373456	36.73596318648899	38.86482922032833	22.611464968152863	-3.5428381522206065	32.860400171986704	53.722929936305725	1.414323695558787	74.22080034397341	206.83328025477704	5.44514622790133	285.75008132429764	58.0810807427997	-95.83831673776618	118.39658309555135	5년	74.22080034397341	285.75008132429764	118.39658309555135				4.318714363628149	3.3007600768156475	판정불가		판정불가	5년	32.860400171986704	1.1179402257494775	보통	N	주당순현금<=0	300751541.0	-5.3940755959892	-3.4106084061662822		-23.75735920252755	144.4430010986328	145.60415058135987	N	N	주의	단기위험부채 존재
MET	METLIFE INC	0001099219	S&P 500	제외	PEG=보통, PEGY=보통	95.19999694824219	4.71	2025	2.49	22032000000.0	3601000000.0	25633000000.0	23692000000.0	355000000.0	28398000000.0	716245000000.0	3.813639556136296	96.1863604438637	0.03964844431723782	2.882815980989158	2.355562156542403	19.60025073614714	19.712194223290826	-20.707070707070713	17.4111403260089	102.01265397268551	-32.914141414141426	43.3222806520178	212.52530794537103	-155.02560606060612	204.04794187100384	1000.9942004226975	-262.84202839301514	114.3360802647289	951.4645299483701	3년	43.3222806520178	204.04794187100384	114.3360802647289	-0.9294304931249914	1.0153513133026841	5.3316998532044195			3년	1.015351313302684	보통	3년	17.4111403260089	1.1257304443677434	보통	N	FCF<=0	673300000.0	9.174312247680948	34.61537797651027		-4.752376333197617	96.35839981079101	83.56599964141846	N	Y	상승전환	단기위험부채 존재
AMZN	AMAZON COM INC	0001018724	S&P 500	보류	PEG=보통, PEGY=판정불가	246.6699981689453	7.17	2025		86810000000.0	36219000000.0	123029000000.0	65648000000.0	455000000.0	411065000000.0					5.29980604045442	5.257781472245313	33.66390406255103	33.66976522966527	29.656419529837247		-12.638188158251552	67.8128390596745		-16.776376316503104	486.2180560578662		-120.28661818932726	97.11276590874802		-148.76418659838092	1년	67.8128390596745	486.2180560578662	97.11276590874802				12.263507896924356	4.97162524342544	판정불가		판정불가	1년	29.656419529837247	1.1351304235726052	보통	Y		10827000000.0	2.056268631963376	18.437601723121453		-13.150479645616997	256.08699981689455	241.0134499359131	N	Y	상승전환	단기위험부채 존재
GS	GOLDMAN SACHS GROUP INC	0000886982	S&P 500	제외	PEG=보통, PEGY=불리(<1)	916.239990234375	51.32	2025	2.22	164259000000.0		164259000000.0	236027000000.0	69709000000.0	124972000000.0	1684348000000.0	6.907125328852828	93.09287467114717	0.07419606874588862	-225.9697732997481	-445.4565491183879	22.256620489752983	26.533447766032015	26.591021213616184	19.517790861873507	15.71173099479697	61.68204242723237	47.535581723747015	39.92346198959394	3165.522417365565	2439.526054062697	2048.872069305961	245.49053207728048	166.2540469815844	123.61740277040924	3년	47.535581723747015	2439.526054062697	166.2540469815844	1.2944921816356112	0.9766887507419041	0.8056807637553416	-148.6712846347607	-16.226238345777773	3년	0.976688750741904	불리(<1)	3년	19.517790861873507	1.1403247758551185	보통	N	주당순현금<=0 | FCF<=0	317600000.0	-10.138189759052374	8.303880756383153		-20.47010746303386	1014.9590026855469	959.654301147461	N	N	판정불가	단기위험부채 존재
FFIV	F5, INC.	0001048695	S&P 500	보류	PEG=보통, PEGY=판정불가	438.07000732421875	11.8	2025		1344273000.0	0.0	1344273000.0	0.0	0.0	3591999000.0	1628778000.0	68.80200016204483	31.197999837955155	2.2053336918843454	22.906976347897213	22.906976347897213	35.18330770985775	35.18330770985775	23.560209424083766	30.824915840645065	56.42360566588014	55.62041884816753	70.14983168129012	121.34721133176028	656.3209424083769	827.7680138392235	1431.8970937147715	49.82101751664298	88.95792909798239	226.86490053518185	3년	70.14983168129012	827.7680138392235	88.95792909798239				15.445538818076477	3.5258151801853725	판정불가		판정불가	3년	30.824915840645062	1.141391849753757	보통	Y		58684000.0	3.2745567655884766	51.408435922628605		-3.929907079965844	408.49999938964845	342.30990013122556	Y	Y	강한 상승추세	
JBHT	HUNT J B TRANSPORT SERVICES INC	0000728535	S&P 500	제외	PEG=보통, PEGY=양호	229.27999877929688	6.12	2025	80.0	17284000.0		17284000.0	766938000.0	699859000.0	3565085000.0	4362070000.0	44.97307041429113	55.02692958570887	0.8172920196145408	-7.673962001474081	-14.838188928015724	38.71796744783839	39.888592762632776	10.071942446043176	-12.736907999542591	33.56042305195701	28.64388489208635	-16.973815999085183	75.62084610391402	175.30057553956848	-103.87975391440132	462.7995781559538	-23.543014448324627	-145.30694106222285	101.84908435970512	5년	75.62084610391402	462.7995781559538	101.84908435970512	2.3263603020326387	1.7372578271593304	2.933016130171292	9.700116698059126	4.230685951545378	3년	1.7372578271593304	양호	5년	33.56042305195701	1.1536793617856562	보통	N	주당순현금<=0	97688000.0	-20.957012793458276	8.201984607561075		-23.166115088115014	264.505400390625	242.97689979553223	N	N	판정불가	단기위험부채 존재
FICO	FAIR ISAAC CORP	0000814547	S&P 500	제외	PEG=보통, PEGY=불리(<1)	617.8699951171875	26.54	2025	0.012947707548871491	134136000.0		134136000.0	2656150000.0	399541000.0	-1745784000.0	3613917000.0	-93.4507339680847	193.45073396808473	-0.48307252214148805	-102.68368551769065	-118.9509791946582	27.149724213823593	27.762659167740985	29.7799511002445	23.23712626480905		68.059902200489	54.9742525296181		1806.3098044009782	1459.0166621360643		192.34463862553915	136.1365131283551		3년	54.9742525296181	1459.0166621360643	136.1365131283551	1.0973554859398527	0.8563650145853002		31.3458328243964	5.073208453576263	3년	0.8563650145853002	불리(<1)	3년	23.23712626480905	1.168377014628521	보통	N	주당순현금<=0	24561000.0	-48.79459805114419	-42.122077626259994		-67.12670697423452	1063.2185949707032	1236.4718966674805	N	N	주의	단기위험부채 존재
MTB	M&T BANK CORP	0000036270	S&P 500	제외	PEG=보통, PEGY=보통	217.5	17.0	2025	2.76	1420888000.0		1420888000.0	10911000000.0	2149000000.0	29177000000.0	184333000000.0	13.665402088895135	86.33459791110486	0.15828419219564593	-59.76479775302127	-73.29831035763992	16.309693985471842	17.105782962214114	16.12021857923497	13.816843747424093	11.330076475388973	40.74043715846994	36.13368749484818	31.160152950777945	692.587431693989	614.2726874124191	529.722600163225	218.43100307769606	182.424224097664	143.55062076470116	3년	36.13368749484818	614.2726874124191	182.424224097664	1.157607162712732	1.0163798144950003	0.8639080836182436			3년	1.0163798144950005	보통	3년	13.816843747424091	1.1804211065578925	보통	N	주당순현금<=0 | FCF<=0	158791000.0	-10.105392542522962	5.214782660429496		-14.400408070073322	240.46359985351563	223.71215003967285	N	N	판정불가	단기위험부채 존재
DVA	DAVITA INC.	0000927066	S&P 500	제외	PEG=보통, PEGY=판정불가	175.19000244140625	9.84	2025		676438000.0	337399000.0	1013837000.0	4417624000.0	87345000.0	-651082000.0	16321665000.0	-4.154803940606422	104.15480394060641	-0.03989066066482801	-44.85454305857547	-46.00556104632009	22.36225055894123	22.479223931679506	-8.294501397949679	18.926802949554716	45.67357145242303	-8.089002795899358	46.353605899109425	99.84714290484607	-79.59578751164968	456.1194820472367	982.4958861836852	-145.4339781964848	160.3570270511239	460.81732547054963	3년	46.353605899109425	456.1194820472367	160.3570270511239				17.27134479804968	9.858636085027868	판정불가		판정불가	3년	18.926802949554713	1.18151230392914	보통	N	주당순현금<=0	75885000.0	-23.172388115930666	13.989198814800453		-27.294987732367083	192.93860076904298	169.2345000076294	N	Y	중립/개선	단기위험부채 존재
WTW	WILLIS TOWERS WATSON PLC	0001140536	S&P 500	제외	PEG=보통, PEGY=불리(<1)	288.57000732421875	16.26	2025	1.33	3132000000.0	0.0	3132000000.0	5756000000.0	988000000.0	7976000000.0	21478000000.0	27.079513818157125	72.92048618184288	0.37135673712636186	-26.505050505050505	-36.484848484848484	19.377309829598353	19.991073542993064	1793.7500000000005		16.276465322384226	3596.000000000001		41.05293064476845	58470.96000000002		667.5206522839351	20162.313655592698		131.32017719844035	5년	41.05293064476845	667.5206522839351	131.32017719844035	92.63824626770744		0.9086124687695705	16.454545454545453	5.702098290505354	5년	0.9086124687695704	불리(<1)	5년	16.276465322384226	1.1905109276367078	보통	N	주당순현금<=0	99000000.0	4.9192838710543585	-0.7327157871928613		-17.72772421262473	323.4109997558594	299.3629495239258	N	N	중립/개선	단기위험부채 존재
HBAN	HUNTINGTON BANCSHARES INC /MD/	0000049196	S&P 500	제외	PEG=보통, PEGY=불리(<1)	15.270000457763672	1.39	2025	4.06	2672000000.0		2672000000.0	17221000000.0	1261000000.0	24342000000.0	200727000000.0	10.8153499593458	89.1846500406542	0.12126918650704688	-9.668163175256307	-10.506128242546032	17.941124915841712	18.5439774822372	13.93442622950819	-1.3987851140241592	15.035833064612024	36.36885245901638	5.702429771951682	38.57166612922405	50.55270491803277	7.926377383012837	53.61461591962142	231.05896137894635	-48.09183270860442	251.11076825385643	5년	38.57166612922405	53.61461591962142	251.11076825385643	1.0029709014298993	0.1483304362719214	1.0643609670066296	1.4719211927412688	9.639300252888368	3년	0.1483304362719214	불리(<1)	5년	15.035833064612024	1.193224534932322	보통	N	주당순현금<=0	1504836000.0	-15.681943991567648	-2.4281097126460427		-20.75765389195122	16.907600193023683	16.95990002632141	N	N	주의	단기위험부채 존재
MSFT	MICROSOFT CORP	0000789019	S&P 500	보류	PEG=보통, PEGY=안심	508.9599914550781	17.95	2026	77.0	20935000000.0	55908000000.0	76843000000.0	31067000000.0	0.0	442387000000.0	315989000000.0	58.33346519404623	41.66653480595377	1.4000075952010989	6.141956259224473	6.141956259224473	28.01214680756845	28.01214680756845	31.5982404692082	22.855998285745223	17.396112163192925	71.6964809384164	54.21199657149045	43.29222432638585	1286.9518328445743	973.1053384582535	777.0954266586259	152.8591351876748	91.19485908434945	52.68300842998854	3년	54.21199657149045	973.1053384582535	91.19485908434943	3.8768267643044996	3.564739217301463	3.3698278397458834	8.987924325774856	1.7659392637285811	3년	3.564739217301463	안심	3년	22.855998285745226	1.2255927943886396	보통	Y		7453000000.0	32.445090317435074	37.493576733070164		-6.108070068768279	480.25299865722656	432.29889923095703	Y	Y	강한 상승추세	
FDS	FACTSET RESEARCH SYSTEMS INC	0001013237	S&P 500	제외	PEG=보통, PEGY=불리(<1)	259.9700012207031	15.55	2025	1.78	337651000.0	17445000.0	355096000.0	1368260000.0	0.0	2186413000.0	2117859000.0	50.79634837203597	49.203651627964035	1.0323694825765077	-26.394789631366418	-26.394789631366418	18.41574217698196	18.41574217698196	11.79007907979871	14.904095738686006	46.6827292996804	32.08015815959742	38.30819147737201	101.8654585993608	498.84645938173986	595.6923774731348	1584.0078812200607	91.88616264929779	129.1388909012691	509.30410192801725	3년	38.30819147737201	595.6923774731348	129.1388909012691	0.7368738630995877	0.9059692288448544	2.6315925165511116	17.33682428031783	6.668778781748602	3년	0.9059692288448544	불리(<1)	3년	14.904095738686006	1.2356162024094428	보통	N	주당순현금<=0	38385000.0	5.872530234058204	19.80736192427677		-17.0881800855446	281.0589996337891	249.40184951782226	N	Y	상승전환	
SWK	STANLEY BLACK & DECKER, INC.	0000093556	S&P 500	제외	PEG=보통, PEGY=불리(<1)	88.79000091552734	2.65	2025	3.78	280100000.0		280100000.0	4703300000.0	605600000.0	9054600000.0					-29.12337534073401	-33.110786288995115	44.49561368160806	46.000297058310366	35.8974358974359		-1.0951545801409002	80.2948717948718		6.3096908397182	212.78141025641025		16.720680725253228	139.64568990020095		-81.1682840941055	1년	80.2948717948718	212.78141025641025	139.64568990020095	0.891715668455569		0.060339552547150524	4.5292932485284245	5.101129859022622	5년	0.0603395525471505	불리(<1)	1년	35.8974358974359	1.239520666844796	보통	N	주당순현금<=0	151878000.0	-2.791762124590169	24.95075142989418		-14.624999119685246	95.26160064697265	83.59785022735596	N	Y	중립/개선	단기위험부채 존재
PLTR	Palantir Technologies Inc.	0001321655	S&P 500	보류	PEG=보통, PEGY=판정불가	186.97000122070312	0.63	2025		1423796000.0	5753247000.0	7177043000.0	0.0		7387268000.0	1412381000.0	83.9495757160314	16.0504242839686	5.230364894458365	2.7978525625907094	2.7978525625907094	292.3367439017657	292.3367439017657	231.57894736842107			471.65789473684214			297.14447368421054			58.926283224149564			1년	471.65789473684214	297.14447368421054	58.926283224149564				0.8188809670368397	0.43797452088060707	판정불가		판정불가	1년	231.57894736842107	1.2623632123030792	보통	Y		2565197000.0	48.707544920615284	27.816518171290227		-9.754798807578402	166.07119903564453	152.04712467193605	Y	Y	강한 상승추세	
TDG	TransDigm Group INC	0001260221	S&P 500	제외	PEG=보통, PEGY=보통	1099.7900390625	32.08	2025	19.86742853083641	2808000000.0		2808000000.0	19384000000.0	124000000.0	-9686000000.0	32588000000.0	-42.293249497860444	142.29324949786044	-0.2972259727507058	-284.8109965635739	-286.94158075601376	43.160880162907546	43.227294882123246	25.214676034348155	33.77548076206609		58.92935206869631	76.05096152413218		1890.4536143637774	2439.71484569416		71.89222917269437	121.8346010638412		3년	76.05096152413218	2439.71484569416	121.83460106384119	1.0445130960032674	1.2428594850343948		31.20274914089347	2.8371550962119825	3년	1.2428594850343948	보통	3년	33.77548076206609	1.277876115723048	보통	N	주당순현금<=0	58200000.0	-15.993981427910608	-5.105432790545805		-24.15241109913793	1186.05080078125	1250.617748413086	N	N	주의	단기위험부채 존재
WBD	Warner Bros. Discovery, Inc.	0001437107	S&P 500	제외	PEG=보통, PEGY=판정불가	30.850000381469727	0.29	2025		4566000000.0		4566000000.0	32567000000.0	0.0	35919000000.0	62919000000.0	36.34128574030232	63.65871425969769	0.5708768416535546	-11.067588932806323	-11.067588932806323	144.54341142853812	144.54341142853812	106.27705627705627			221.05411255411255			64.10569264069264			107.79802868073278			1년	221.05411255411255	64.10569264069264	107.79802868073278				1.2205533596837945	3.9564127863574634	판정불가		판정불가	1년	106.27705627705627	1.36006224195488	보통	N	주당순현금<=0	2530000000.0	15.06900781799525	12.345234559435792		-0.1618098306724991	27.91980007171631	27.65985001564026	Y	Y	강한 상승추세	
NTRS	NORTHERN TRUST CORP	0000073124	S&P 500	보류	PEG=보통, PEGY=불리(<1)	172.94000244140625	8.74	2025	1.94	5873100000.0		5873100000.0	1421600000.0		12957900000.0	164174800000.0	7.315363001862446	92.68463699813756	0.07892746024359402	23.155164963319883	23.155164963319883	17.137853258362284	17.137853258362284	-10.542476970317292	12.490113204685828	9.86611256684804	-12.584953940634584	33.48022640937165	28.23222513369608	-109.99249744114627	292.61717881790827	246.74964766850374	-163.60153572821466	69.20155816295296	42.67933629300422	3년	33.48022640937165	292.61717881790827	69.20155816295296	-0.5019576746649864	0.8420023784276927	0.6888909823689462	28.398432689485546	16.42097391498951	3년	0.8420023784276927	불리(<1)	3년	12.490113204685827	1.372113525114632	보통	Y		192246525.0	-1.514808410964008	23.909144777552083		-9.6777556072284	183.03400024414063	162.33825050354005	N	Y	중립/개선	
WST	WEST PHARMACEUTICAL SERVICES INC	0000105770	S&P 500	보류	PEG=보통, PEGY=불리(<1)	376.6300048828125	6.79	2025	23.0	791300000.0	7500000.0	798800000.0	202800000.0	0.0	3176000000.0	1094000000.0	74.37939110070258	25.620608899297427	2.903107861060329	8.198074277854195	8.198074277854195	54.26096179749018	54.26096179749018	1.4947683109118033	-4.229866358140244	39.39782987966147	11.489536621823607	0.04026728371951194	87.29565975932294	78.01395366218229	0.2734148564554861	592.7375297658028	-79.2863147782248	-99.9274049191751	57.37926402072815	5년	87.29565975932294	592.7375297658028	57.37926402072815	0.4514252512207551	0.3459233493116586	1.1499580511038354	6.449793672627235	1.7125012848177281	3년	0.3459233493116586	불리(<1)	5년	39.39782987966147	1.3772576297533985	보통	Y		72700000.0	3.186302707619859	50.26731798594455		0.0	351.2782012939453	300.876050567627	Y	Y	강한 상승추세	
SBAC	SBA COMMUNICATIONS CORP	0001034054	S&P 500	제외	PEG=보통, PEGY=불리(<1)	162.80999755859375	3.47	2025	3.12	264568000.0	6648000.0	271216000.0	10964466000.0	1935802000.0	-4853519000.0					-99.44156677485051	-117.44350106478942	75.57681969263523	80.7646970096205	115.527950310559	54.54935861402714	29.8495127277137	239.555900621118	117.59871722805428	68.1990254554274	831.2589751552796	408.06754878134836	236.6506183303331	410.56998195465087	150.64035065444236	45.35386148210265	3년	117.59871722805428	408.06754878134836	150.64035065444236	1.5698986910681154	0.7630561705105312	0.4362384241861198	9.917969367542987	6.091744681694751	3년	0.7630561705105312	불리(<1)	3년	54.54935861402714	1.3854758628307862	보통	N	주당순현금<=0	107533000.0	-9.925312554028354	-5.403522757990431		-27.235755281075424	181.01719940185546	191.76229972839354	N	N	주의	단기위험부채 존재
JNJ	JOHNSON & JOHNSON	0000200406	S&P 500	제외	PEG=보통, PEGY=불리(<1)	267.57000732421875	11.03	2025	2.0	19709000000.0	393000000.0	20102000000.0	39438000000.0	8495000000.0	81544000000.0	117666000000.0	40.933688067868076	59.066311932131924	0.693012424999575	-7.959166872478801	-11.455915040750803	24.979979528259072	25.29700112103079	90.50086355785837	17.90172233284293	14.890675456717407	189.50172711571673	44.30344466568586	38.281350913434814	2090.2040500863554	488.666994662515	422.24330057518597	681.1802492323524	82.63145393212534	57.80666330944453	3년	44.30344466568586	488.666994662515	82.63145393212534	3.7029999745682347	0.7967069112418099	0.6761685067679705	8.108174857989628	3.030300346094032	3년	0.7967069112418099	불리(<1)	3년	17.90172233284293	1.3953953180488228	보통	N	주당순현금<=0	2429400000.0	5.350819680798247	9.46244667476508		-3.9004366042592387	265.7225997924805	240.9887001800537	Y	Y	강한 상승추세	단기위험부채 존재
NEM	NEWMONT Corp /DE/	0001164727	S&P 500	제외	PEG=보통, PEGY=안심	117.08999633789062	6.39	2025	89.0	7647000000.0	594000000.0	8241000000.0	5115000000.0	0.0	33867000000.0	23079000000.0	59.47213149299336	40.52786850700664	1.4674379305862473	2.82129963898917	2.82129963898917	17.88242514849788	17.88242514849788	118.83561643835617		12.729803073711565	246.17123287671234		33.95960614742313	1573.0341780821918		217.0018832820338	1243.440282928042		85.32914003671502	5년	33.95960614742313	217.0018832820338	85.32914003671502	11.622339515611747		5.688814700966711			5년	5.688814700966711	안심	5년	12.729803073711565	1.404768404110433	보통	N	FCF<=0	1108000000.0	25.498384252930208	8.166278372185332		-13.356521483853445	116.58280044555664	111.25965003967285	Y	Y	강한 상승추세	
ZTS	Zoetis Inc.	0001555280	S&P 500	제외	PEG=보통, PEGY=불리(<1)	70.30000305175781	6.02	2025	3.02	1564000000.0	0.0	1564000000.0	9042000000.0	0.0	3331000000.0	12136000000.0	21.53617378935799	78.46382621064201	0.2744726433750824	-16.84860364775198	-16.84860364775198	14.47651274078236	14.47651274078236	10.05484460694698	10.268140283428306	11.973196718056611	28.60968921389396	29.03628056685661	32.446393436113226	172.23032906764163	174.79840901247678	195.3272884854016	144.99334507971278	148.64637471463956	177.84819346535937	3년	29.03628056685661	174.79840901247678	148.64637471463956	0.9031763962126953	0.9179103090203318	1.0356911907256974	5.1438034404677415	7.316932030117634	3년	0.9179103090203318	불리(<1)	3년	10.268140283428306	1.4098475810800837	보통	N	주당순현금<=0	443835000.0	-2.9675555376769913	-40.52956298432795		-52.34867238294648	74.70679962158204	99.093150100708	N	N	주의	
LRCX	LAM RESEARCH CORP	0000707549	S&P 500	제외	PEG=보통, PEGY=불리(<1)	323.8599853515625	5.76	2026	41.0	5579171000.0	2574947000.0	8154118000.0	3721914000.0	147000.0	12470921000.0	11058822000.0	53.00066813309435	46.99933186690564	1.12768982085072	3.5145483870456156	3.5144318223268223	55.61552725078418	55.61554748771454	38.79518072289155	-44.23206854382806	-26.525939643495455	86.0903614457831	-79.96413708765613	-44.55187928699091	495.88048192771066	-460.5934296248993	-256.6188246930676	53.115699486434956	-242.21992541774108	-179.23758299886848	1년	86.0903614457831	495.88048192771066	53.115699486434956	1.4347644384107936	-0.05811449973770573	0.2602521466934481			5년	0.2602521466934481	불리(<1)	1년	38.79518072289155	1.433567938451891	보통	N	FCF<=0	1261102000.0	-17.22640257930701	51.57726284781303		-25.262503083766397	304.94919860839843	272.45354919433595	Y	Y	강한 상승추세	단기위험부채 존재
VMC	Vulcan Materials CO	0001396009	S&P 500	제외	PEG=보통, PEGY=안심	242.75	8.11	2025	86.0	183300000.0	0.0	183300000.0	4361700000.0	0.0	8525100000.0	8151500000.0	51.120132401088945	48.87986759891105	1.0458320554499172	-31.48756593820648	-31.48756593820648	33.81474302567281	33.81474302567281	18.394160583941606	23.456661319602468	56.64065143238312	45.28832116788321	55.413322639204935	121.78130286476625	367.28828467153284	449.402046603952	987.6463662332542	51.30310388116697	85.12957635590195	306.8574114246156	3년	55.413322639204935	449.402046603952	85.12957635590195	3.0872380282376692	3.2369508541437333	4.218297661587656	8.555388093443858	3.5243617274742975	3년	3.2369508541437333	안심	3년	23.456661319602468	1.4415838027816097	보통	N	주당순현금<=0	132700000.0	-17.720231500392604	-10.85199747252129		-26.521777525863776	267.1325994873047	284.86830001831055	N	N	주의	
ALL	ALLSTATE CORP	0000899051	S&P 500	제외	PEG=보통, PEGY=불리(<1)	225.4199981689453	14.37	2025	1.92	678000000.0	4887000000.0	5565000000.0	7490000000.0		30610000000.0	89169000000.0	25.555397857721303	74.4446021422787	0.3432807365788559	-7.207038562336204	-7.207038562336204	16.188381122566565	16.188381122566565	103.25318246110325		11.203898286185531	215.0063649222065		30.907796572371062	3089.6414639321074		444.1450367449721	1270.615512833301		97.03000636709223	5년	30.907796572371062	444.1450367449721	97.03000636709223	6.496831379543695		0.8106986230939948	36.997379258704605	16.41264287074309	5년	0.8106986230939948	불리(<1)	5년	11.203898286185531	1.4448882620192054	보통	N	주당순현금<=0	267100000.0	-7.280354271030043	8.71997788675114		-18.06186246534034	255.4183999633789	224.51475021362305	N	Y	중립/개선	
PNR	PENTAIR plc	0000077360	S&P 500	제외	PEG=보통, PEGY=불리(<1)	53.470001220703125	3.96	2025	2.02	82500000.0		82500000.0	1638600000.0	3694000.0	4663800000.0	2999600000.0	60.85810475767936	39.14189524232064	1.5548073076410187	-9.402416918429003	-9.424737160120847	15.876873267457608	15.882509692127266	5.882352941176464	10.942784716109877	45.36942418564116	20.264705882352928	30.385569432219754	99.23884837128232	80.24823529411759	120.32685495159022	392.98583955027794	50.08085554904787	125.03619263992216	634.9650843062207	3년	30.385569432219754	120.32685495159022	125.03619263992216	0.49772727967626346	0.8164570251171143	2.9848083679532773	4.507552870090635	8.430059411229916	3년	0.8164570251171143	불리(<1)	3년	10.942784716109877	1.4508988049526192	보통	N	주당순현금<=0	165500000.0	-29.9947589114238	-38.61783854200878		-52.41188952452087	61.56999992370606	81.82245008468628	N	N	주의	단기위험부채 존재
MCK	MCKESSON CORP	0000927653	S&P 500	보류	PEG=보통, PEGY=안심	864.8200073242188	38.38	2026	43.0	3975000000.0		3975000000.0	3072000000.0	0.0	-2172000000.0					7.2763900080580175	7.2763900080580175	22.34350227504327	22.34350227504327	49.22239502332816	15.31382381030486	56.03117347520965	106.94479004665632	39.12764762060972	120.5623469504193	4104.54104199067	1501.719115679001	4627.182875957093	374.61217446740784	73.64527912870204	435.0457710008059	3년	39.12764762060972	1501.719115679001	73.64527912870204	4.12748162253581	2.609878392942851	4.43221354719413	46.08380338436744	5.328716148340766	3년	2.609878392942851	안심	3년	15.31382381030486	1.4590413571304153	보통	Y		124100000.0	12.597975428116648	-0.062399236905363864		-13.14364860511782	874.33240234375	846.4081994628906	N	Y	상승전환	
ESS	ESSEX PROPERTY TRUST, INC.	0000920522	S&P 500	제외	PEG=보통, PEGY=불리(<1)	273.92999267578125	10.4	2025	3.78	76241000.0		76241000.0	638959000.0		5541372000.0	7422114000.0	42.74600211702315	57.25399788297685	0.7466029220246415	-8.737930546901023	-8.737930546901023	27.179608002180984	27.179608002180984	-9.878682842287684	18.3737118876667	3.6579731144279037	-11.257365684575369	45.2474237753334	15.815946228855807	-117.07660311958384	470.5732072634674	164.4858407801004	-142.73960729015667	71.78593795693983	-39.95332925271058	3년	45.2474237753334	470.5732072634674	71.78593795693983	-0.22438450333052287	0.8150857762882016	0.27366005844642993			3년	0.8150857762882016	불리(<1)	3년	18.3737118876667	1.4792660388032544	보통	N	주당순현금<=0 | FCF<=0	64399459.0	-7.198997400660723	13.194211849496384		-8.178860655891151	282.2741979980469	268.24489936828616	N	Y	중립/개선	
EW	Edwards Lifesciences Corp	0001099800	S&P 500	보류	PEG=보통, PEGY=판정불가	88.08000183105469	1.83	2025		2938000000.0	1288300000.0	4226300000.0	598300000.0	0.0	10337600000.0	3359600000.0	75.47235931431241	24.527640685687587	3.0770329801166807	6.193240013656538	6.193240013656538	44.74686438109188	44.74686438109188	181.53846153846155	-9.143970358393016	30.15204668909448	371.5769230769231	-9.787940716786032	68.80409337818895	679.9857692307693	-17.91193151171844	125.91149088208579	672.0092587362143	-120.33597994931372	42.951280954325235	5년	68.80409337818895	125.91149088208579	42.951280954325235				2.278934790030727	2.5873464380733413	판정불가		판정불가	5년	30.15204668909448	1.484040696888285	보통	Y		585800000.0	-4.250457792710527	9.990009761585238		-7.459548698630336	88.40240005493165	85.09920001983643	N	Y	중립/개선	
TJX	TJX COMPANIES INC /DE/	0000109198	S&P 500	보류	PEG=보통, PEGY=불리(<1)	133.8000030517578	4.87	2026	1.43	6230000000.0	0.0	6230000000.0	1870000000.0	999000000.0	10190000000.0					3.8652482269503547	2.979609929078014	26.68064780796868	26.862503721289485	14.319248826291089	17.920914155588186		37.138497652582174	44.34182831117637		180.8644835680752	215.94470387542893		35.175246220369246	61.393646449989326		3년	44.34182831117637	215.94470387542893	61.393646449989326	0.5902873475803416	0.7252790222660437		4.35904255319149	3.257879262906506	3년	0.7252790222660437	불리(<1)	3년	17.920914155588186	1.4887994873659385	보통	Y		1128000000.0	-11.595640795517713	-16.217905066634664		-20.551036077281715	142.3074006652832	152.90875019073485	N	N	주의	단기위험부채 존재
MMM	3M CO	0000066740	S&P 500	제외	PEG=보통, PEGY=불리(<1)	168.49000549316406	6.0	2025	1.85	2398000000.0	404000000.0	2802000000.0	10932000000.0	1670000000.0	4702000000.0	32986000000.0	12.476119719804712	87.52388028019529	0.1425453222579276	-15.019397746166636	-18.10456308886015	30.58490053988845	31.099094763670703	351.12781954887214	-16.156804116139433	20.313637898738858	710.7556390977443	-23.813608232278867	49.127275797477715	4264.533834586466	-142.8816493936732	294.7636547848663	2431.0307410248647	-184.80126104540375	74.94429650121019	5년	49.127275797477715	294.7636547848663	74.94429650121019	11.540917685461256	-0.46777343929827975	0.7246594727301243	2.5789765379641603	1.5306406634717535	5년	0.7246594727301243	불리(<1)	5년	20.313637898738858	1.5056338353745722	보통	N	주당순현금<=0	541300000.0	5.332582158836208	16.015981856297977		-8.319726514142978	173.81519958496094	160.70185028076173	N	Y	상승전환	단기위험부채 존재
HCA	HCA Healthcare, Inc.	0000860730	S&P 500	제외	PEG=보통, PEGY=안심	431.6300048828125	28.33	2025	72.0	1040000000.0	103000000.0	1143000000.0	41603000000.0	4698000000.0	-6027000000.0	45623000000.0	-15.221234468128095	115.22123446812809	-0.13210442101571576	-168.93880874339757	-188.55508465729974	21.199040368027184	21.891460979177985	28.772727272727266	13.944298430482704	20.983259927461795	66.04545454545453	36.38859686096541	50.46651985492359	1871.0677272727269	1030.88894907115	1429.7165074899851	333.48879969100426	138.83625730584606	231.23658951331544	3년	36.38859686096541	1030.88894907115	138.83625730584606	4.753645708638524	4.054159855278431	4.386201371063051	32.117580742813004	7.440998164975329	3년	4.054159855278431	안심	3년	13.944298430482704	1.5202658257575277	보통	N	주당순현금<=0	239495000.0	9.76248998113256	-8.792575904448585		-20.820721476228275	413.43879943847656	446.7918997192383	Y	N	중립/개선	단기위험부채 존재
CME	CME GROUP INC.	0001156375	S&P 500	보류	PEG=보통, PEGY=불리(<1)	263.2200012207031	11.16	2025	1.98	4416900000.0	125000000.0	4541900000.0		0.0	28728200000.0	169696000000.0	14.478173529236857	85.52182647076314	0.16929214595511974	12.605534123393744	12.605534123393744	22.45649346750084	22.45649346750084	15.408479834539815	14.67730855550884	56.73155320469705	39.31695966907963	37.854617111017674	121.9631064093941	438.77726990692867	422.45752695895726	1361.1082675288383	66.69602153030358	60.49598244805783	417.09910387379125	3년	37.854617111017674	422.45752695895726	60.49598244805783	0.7743185666856011	0.7417591076547807	2.6144577420185713	11.63886653159779	4.4217257342229495	3년	0.7417591076547807	불리(<1)	3년	14.677308555508839	1.5300144016576007	보통	Y		360310000.0	13.948052476494865	-10.878620016534358		-19.371436589367498	269.527001953125	278.56035011291505	N	N	중립/개선	
EL	ESTEE LAUDER COMPANIES INC	0001001250	S&P 500	보류	PEG=보통, PEGY=불리(<1)	94.37000274658203	0.5	2026	1.48	2181000000.0	534000000.0	2715000000.0	1080100000.0	1000000000.0	5590000000.0	8745000000.0	38.99546564352982	61.004534356470174	0.6392224128073185	4.4816337719298245	1.740405701754386	179.77673794930442	185.2591940896553	115.87301587301589	-43.62040735317784	-42.25870639790483	240.24603174603178	-78.74081470635568	-76.01741279580966	120.12301587301589	-39.37040735317784	-38.00870639790483	27.289405930812684	-141.71919699833197	-140.27625865389885	1년	240.24603174603178	120.12301587301589	27.289405930812684	0.6527708601883103	-0.23440411609349088	-0.22682971591910905	3.607456140350877	3.822672496935511	1년	0.6527708601883103	불리(<1)	1년	115.87301587301589	1.551497875452901	보통	Y		364800000.0	14.429491147978247	31.489490261386234		-21.101912661962775	93.15519989013671	92.29235004425048	Y	Y	강한 상승추세	단기위험부채 존재
AXP	AMERICAN EXPRESS CO	0000004962	S&P 500	제외	PEG=보통, PEGY=불리(<1)	305.3999938964844	15.38	2025	1.24	654000000.0	742000000.0	1396000000.0	56387000000.0	1371000000.0	33474000000.0	266578000000.0	11.156066281844481	88.84393371815553	0.12556925177621558	-79.01005747126437	-80.97988505747126	24.99415158437898	25.12222880064731	9.77872947894362	16.01301181321386	54.27257678866031	28.05745895788724	40.52602362642772	117.04515357732062	431.52371877230576	623.2902433744584	1800.1544620191912	41.29788061442174	104.08980217128732	489.4415514066301	3년	40.52602362642772	623.2902433744584	104.08980217128732	0.4408523106593537	0.6902819547592393	2.2210226500888695	22.992816091954023	7.528754601006135	3년	0.6902819547592393	불리(<1)	3년	16.01301181321386	1.5608651186876614	보통	N	주당순현금<=0	696000000.0	-12.24138106422863	0.9653473962245585		-20.652658610683915	330.0819995117188	333.43944946289065	N	N	판정불가	단기위험부채 존재
MCO	MOODYS CORP /DE/	0001059556	S&P 500	제외	PEG=보통, PEGY=안심	454.82000732421875	13.67	2025	91.0	2384000000.0	64000000.0	2448000000.0	6994000000.0	129900000.0	4054000000.0	11625000000.0	25.856240831685696	74.1437591683143	0.3487311827956989	-25.26959421901056	-25.99166203446359	35.119941590580055	35.172762937723654	21.403197158081706	22.48000431974093	7.800452654910939	51.30639431616341	53.46000863948186	24.100905309821876	701.3584103019539	730.7983181017171	329.45937558526504	54.20570753431919	60.67857753248902	-27.562690673277768	3년	53.46000863948186	730.7983181017171	60.67857753248902	3.2005519390792703	3.231212786247309	2.813229412699576	14.313507504168983	3.1470707694627844	3년	3.231212786247309	안심	3년	22.48000431974093	1.562274681581769	보통	N	주당순현금<=0	179900000.0	-2.8950846358154037	4.25673520325931		-15.713196628876691	483.17000061035156	471.83310012817384	N	N	판정불가	단기위험부채 존재
CHD	CHURCH & DWIGHT CO INC /DE/	0000313927	S&P 500	제외	PEG=보통, PEGY=불리(<1)	94.94999694824219	3.02	2025	1.3	409000000.0		409000000.0	2205100000.0	0.0	4002200000.0	4910200000.0	44.90597369956465	55.09402630043535	0.8150788155268625	-7.352026197298404	-7.352026197298404	33.874842101172376	33.874842101172376	27.426160337552734	21.59038130727984	38.621625217033674	63.35232067510547	51.680762614559676	85.74325043406735	191.3240084388185	156.07590309597023	258.9446163108834	101.49975206751232	64.37694377288727	172.7168242585997	3년	51.680762614559676	156.07590309597023	64.37694377288727	0.8480086859669391	0.6757339632437025	1.1785036546532572	4.474007367990176	4.7119615711298914	3년	0.6757339632437025	불리(<1)	3년	21.590381307279838	1.5689784084429517	보통	N	주당순현금<=0	244300000.0	-2.324865916588059	1.7466751593960606		-9.794798573768581	98.57180038452148	95.852799949646	N	N	판정불가	
CPT	CAMDEN PROPERTY TRUST	0000906345	S&P 500	제외	PEG=보통, PEGY=불리(<1)	98.45999908447266	3.54	2025	4.31	25203000.0	0.0	25203000.0	3900800000.0		4362523000.0	4604736000.0	48.64945910450451	51.35054089549549	0.9473991559993885	-35.741529409594776	-35.741529409594776	37.910036297759156	37.910036297759156	136.0	-16.313493007414216	23.343513504709378	280.5	-24.126986014828432	55.187027009418756	992.97	-85.40953049249265	195.3620756133424	908.500923454298	-186.7454106100656	98.41771016647449	5년	55.187027009418756	195.3620756133424	98.41771016647449	3.701130721636731	-0.3166310080300223	0.7294509899043268			5년	0.7294509899043268	불리(<1)	5년	23.343513504709378	1.6240072982205995	보통	N	주당순현금<=0 | FCF<=0	108434000.0	-14.871177618051124	0.8191638258904455		-16.261271005978283	106.75400024414063	107.02929985046387	N	N	판정불가	
AON	Aon plc	0000315293	S&P 500	제외	PEG=보통, PEGY=불리(<1)	275.8999938964844	17.02	2025	1.19	1195000000.0	1603000000.0	2798000000.0	14660000000.0		9352000000.0	41236000000.0	18.48659761208192	81.51340238791809	0.22679212338733146	-54.63841547673883	-54.63841547673883	19.420588094783973	19.420588094783973	36.269015212169734	11.921526017460929	15.032502900053736	81.03803042433947	32.343052034921854	38.56500580010747	1379.2672778222577	550.47874563437	656.3763987178291	399.9156608679551	99.5211155535239	137.90373803491156	3년	32.343052034921854	550.47874563437	99.5211155535239	1.9288301172625437	0.6751353745555445	0.835325007712347	14.822662367572548	5.372476511592059	3년	0.6751353745555445	불리(<1)	3년	11.921526017460927	1.629035415964324	보통	N	주당순현금<=0	217100000.0	-19.693795594049057	-14.523825844260884		-27.634688446320244	334.02959899902345	332.97749954223633	N	N	주의	
LIN	LINDE PLC	0001707925	S&P 500	제외	PEG=보통, PEGY=불리(<1)	473.3699951171875	14.61	2025	1.35	5056000000.0		5056000000.0	20683000000.0	4510000000.0	38245000000.0	47076000000.0	44.824837964862105	55.175162035137895	0.812409720452035	-33.0943783818126	-42.6455172121687	34.6655970909651	35.31933691508256	7.268722466960355	21.083080176239765	25.40817902227086	23.03744493392071	50.66616035247953	59.31635804454172	336.57707048458155	740.2326027497259	866.6119910307546	-28.89767540055881	56.37505764734283	83.07286054668843	3년	50.66616035247953	740.2326027497259	56.37505764734283	0.2486246650921427	0.6471280479425667	0.771894364088275	10.7773271635659	2.2767237625396732	3년	0.6471280479425667	불리(<1)	3년	21.083080176239765	1.6442377869450298	보통	N	주당순현금<=0	472195000.0	-11.279166723387245	-4.516301074591023		-13.40370583342173	482.48140197753906	485.2915498352051	N	N	주의	단기위험부채 존재
SWKS	SKYWORKS SOLUTIONS, INC.	0000004127	S&P 500	보류	PEG=보통, PEGY=불리(<1)	88.04000091552734	3.08	2025	4.13	1161300000.0	212900000.0	1374200000.0	496400000.0		5757100000.0	2159900000.0	72.71820133889099	27.281798661109008	2.665447474420112	5.659574468085107	5.659574468085107	26.74689170371501	26.74689170371501	-16.531165311653112	-26.666925336211623	16.101965535917493	-24.562330623306224	-44.833850672423246	40.70393107183499	-75.65197831978317	-138.0882600710636	125.36810770125176	-185.92909760685913	-256.84718154825623	42.39903043792559	5년	40.70393107183499	125.36810770125176	42.39903043792559	-0.46364883998579365	-0.8425997901311784	0.7564230550612867	7.129593810444875	8.098130095756792	5년	0.7564230550612867	불리(<1)	5년	16.101965535917493	1.6610948299480983	보통	Y		155100000.0	33.535568797223014	64.40710022381695		-3.7288093455539406	72.88779991149903	65.5267999458313	Y	Y	강한 상승추세	
GRMN	GARMIN LTD	0001121788	S&P 500	보류	PEG=보통, PEGY=불리(<1)	290.2300109863281	8.59	2025	1.45	2278646000.0	167989000.0	2446635000.0			8972564000.0					12.63653313775721	12.63653313775721	32.31588799168462	32.31588799168462	17.671232876712327	19.45038186480894	37.78102526893068	43.842465753424655	47.40076372961788	84.06205053786135	376.60678082191777	407.1725604374176	722.093014120229	29.76148798053093	40.29305896163795	148.8002573084162	3년	47.40076372961788	407.1725604374176	40.29305896163795	0.591697584842246	0.646752515981827	1.2139856803262046	7.039258119163706	2.4254066956209104	3년	0.646752515981827	불리(<1)	3년	19.45038186480894	1.661452624236283	보통	Y		193616000.0	22.13011771240161	25.093753656279148		-7.3221332250724025	285.22440032958986	245.2036003112793	Y	Y	강한 상승추세	
SBUX	STARBUCKS CORP	0000829224	S&P 500	제외	PEG=보통, PEGY=불리(<1)	95.43000030517578	1.63	2025	2.6	6455700000.0	247200000.0	6702900000.0	14575900000.0	0.0	-8096600000.0	40108900000.0	-25.292153328564332	125.29215332856434	-0.201865421390265	-6.9073521670468505	-6.9073521670468505	62.783651823449475	62.783651823449475	-50.755287009063444	-16.7980082334351	37.63685261204004	-93.01057401812689	-25.096016466870203	83.77370522408008	-151.60723564954682	-40.90650684099843	136.55113951525053	-258.8674789528678	-142.86545814752537	43.09036893908977	5년	83.77370522408008	136.55113951525053	43.09036893908977	-0.767003600626455	-0.22614180317768956	0.6408810485441007	2.142481137041586	2.2450813477838643	5년	0.6408810485441007	불리(<1)	5년	37.63685261204004	1.6681429892829287	보통	N	주당순현금<=0	1139800000.0	-7.699002932066579	6.518589358190674		-12.086598229137103	102.86200042724609	98.61220024108887	N	N	판정불가	
BALL	BALL Corp	0000009389	S&P 500	제외	PEG=보통, PEGY=불리(<1)	56.650001525878906	3.3	2025	1.41	1212000000.0		1212000000.0	6337000000.0	2000000.0	5421000000.0	14103000000.0	27.76582667486171	72.2341733251383	0.3843863007870666	-18.570724566260346	-18.577971678286204	22.79415942186038	22.79635551641367	3099.9999999999995	13.617128057248994	13.396657763302722	6208.499999999999	35.73425611449799	35.29331552660544	20488.049999999996	117.92304517784335	116.46794123779794	36066.01844333689	108.16070962323565	105.5921237435324	3년	35.73425611449799	117.92304517784335	108.16070962323563	136.06160870427365	0.6592534420390807	0.6495812146116092	2.855362138187932	5.040356683633174	3년	0.6592534420390807	불리(<1)	3년	13.617128057248994	1.673932956055741	보통	N	주당순현금<=0	275972000.0	-8.259106840681929	-4.161730771563976		-16.396104279948332	62.11040008544922	59.96854984283447	N	N	주의	단기위험부채 존재
ISRG	INTUITIVE SURGICAL INC	0001035267	S&P 500	제외	PEG=보통, PEGY=판정불가	412.17999267578125	7.87	2025		3368000000.0	2566900000.0	5934900000.0			17824000000.0	2517000000.0	87.62597709060518	12.374022909394819	7.0814461660707195	16.3631100082713	16.3631100082713	50.29439423983608	50.29439423983608	22.58566978193147	29.189521389942357	21.11377974023332	53.67133956386294	66.87904277988471	50.72755948046664	422.3934423676013	526.3380666776927	399.22589311127246	2.4779101056110475	27.69617061246048	-3.1428259000184977	3년	66.87904277988471	526.3380666776927	27.69617061246048						판정불가		판정불가	3년	29.189521389942353	1.723029081839132	보통	N	FCF<=0	362700000.0	2.4355056598358793	-10.588081865677367		-30.474823370211467	376.4975982666016	449.46249954223634	Y	N	중립/개선	
PH	Parker-Hannifin Corp	0000076334	S&P 500	제외	PEG=보통, PEGY=안심	970.3699951171875	28.48	2026	82.0	501000000.0	8390000.0	509390000.0	8796284000.0	1000000000.0	15404000000.0	15464000000.0	49.90281197356486	50.09718802643515	0.9961200206932229	-64.69081967213114	-72.49722092115535	36.34342748558001	36.6175286530317	5.014749262536871	21.091002216465117	16.36215183053762	18.52949852507374	50.68200443293023	41.22430366107524	527.7201179941002	1443.4234862498529	1174.0681682674228	-45.616608031004745	48.749806106230295	20.99180458744869	3년	50.68200443293023	1443.4234862498529	48.749806106230295	2.3942361874664058	2.8365789731133244	2.706463276463531	30.483996877439502	3.141481809086448	3년	2.8365789731133244	안심	3년	21.091002216465114	1.7231721429154174	보통	N	주당순현금<=0	128100000.0	0.680631823202793	8.392163632362237		-9.638038167618735	988.6526013183594	943.7735488891601	N	Y	상승전환	단기위험부채 존재
NFLX	NETFLIX INC	0001065280	S&P 500	제외	PEG=보통, PEGY=판정불가	70.30000305175781	2.53	2025		9033681000.0	28678000.0	9062359000.0	13463971000.0	998865000.0	26615488000.0	28981505000.0	47.87217179173701	52.127828208263	0.9183611410104479	-1.0132943879675764	-1.2432429383707544	28.187074086847982	28.277962841948053	-87.24155320221885	-36.64720009551697	16.282594168366128	-165.9831064044377	-64.79440019103394	41.065188336732255	-419.93725920322737	-163.92983248331586	103.8949264919326	-697.350271655112	-333.18609582793874	47.78794023016015	5년	41.065188336732255	103.8949264919326	47.78794023016015				2.1780274838317877	3.0981897429339122	판정불가		판정불가	5년	16.282594168366128	1.7311169089757157	보통	N	주당순현금<=0	4343863000.0	-5.243293249276649	-26.8850733893785		-43.36810581868931	75.5966000366211	84.46324985504151	N	N	주의	단기위험부채 존재
HOOD	Robinhood Markets, Inc.	0001783879	S&P 500	제외	PEG=보통, PEGY=판정불가	116.22000122070312	2.05	2025		4261000000.0		4261000000.0			7972000000.0	28986000000.0	21.570431300395043	78.42956869960496	0.2750293245014835	4.637662377147143	4.637662377147143	54.430409191978534	54.430409191978534	31.410256410256395			71.32051282051279			146.2070512820512			25.801970182741883			1년	71.32051282051279	146.2070512820512	25.801970182741883						판정불가		판정불가	1년	31.410256410256395	1.7328864967242157	보통	N	FCF<=0	918781846.0	6.967325898307641	67.7056220818668		-23.77017178096963	104.91639984130859	94.43432495117187	Y	Y	강한 상승추세	
FAST	FASTENAL CO	0000815556	S&P 500	보류	PEG=보통, PEGY=불리(<1)	49.959999084472656	1.09	2025	1.92	276800000.0	27165000.0	303965000.0	100000000.0	25000000.0	3943600000.0					0.1773093413120836	0.15557652669780128	45.67219242491795	45.692130786949406	-45.49999999999999	-16.762013813238276	26.237828742825165	-82.49999999999999	-25.024027626476553	60.97565748565033	-89.925	-27.276190112859446	66.46346665935887	-279.9939984945842	-154.59605807186009	33.033362444587034	5년	60.97565748565033	66.46346665935887	33.033362444587034	-0.9541911103050859	-0.3249682799361463	0.6165201898094724	0.9132998013505995	1.8280620858426897	5년	0.6165201898094724	불리(<1)	5년	26.237828742825165	1.7407001498707162	보통	Y		1150334204.0	4.628270333974149	7.67240827914244		-4.6200876943389035	49.60400001525879	46.10984991073608	Y	Y	강한 상승추세	단기위험부채 존재
O	REALTY INCOME CORP	0000726728	S&P 500	제외	PEG=보통, PEGY=불리(<1)	55.13999938964844	1.17	2025	5.91	434842000.0		434842000.0	3975000000.0	516800000.0	39438695000.0	32671644000.0	54.69215031703013	45.30784968296987	1.2071230636572803	-3.897418790885291	-4.466372501744953	50.45933177823396	50.94561700119094	19.38775510204081	-6.251173723614811	28.805493048681363	47.27551020408162	-4.0023474472296225	66.11098609736273	55.31234693877549	-4.682746513258658	77.34985373391439	0.3125635673463689	-108.49246747387116	40.279025371979714	5년	66.11098609736273	77.34985373391439	40.279025371979714	0.501349387923389	-0.006761360319122957	0.6879895516899448			5년	0.6879895516899448	불리(<1)	5년	28.805493048681363	1.7517260229831009	보통	N	주당순현금<=0 | FCF<=0	908334000.0	-10.805565089213442	-9.872508802547951		-18.383656923867765	61.269199981689454	61.87564985275269	N	N	주의	단기위험부채 존재
KDP	Keurig Dr Pepper Inc.	0001418135	S&P 500	제외	PEG=보통, PEGY=불리(<1)	31.030000686645508	1.53	2025	2.96	1026000000.0		1026000000.0	13036000000.0	0.0	25516000000.0	29943000000.0	46.0087632304946	53.9912367695054	0.8521524229369135	-8.812738479600823	-8.812738479600823	26.041005991010675	26.041005991010675	45.714285714285715	14.847977704937376	38.520495126762675	99.92857142857143	38.195955409874756	85.54099025352535	152.8907142857143	58.439811777108375	130.8777150878938	392.71901676597264	88.3332596968305	321.7779961062653	3년	38.195955409874756	58.439811777108375	88.3332596968305	1.869139991407706	0.6838436929466039	1.5928914244358185	1.1043439976518932	3.5589557628568587	3년	0.6838436929466039	불리(<1)	3년	14.847977704937376	1.7538419378385313	보통	N	주당순현금<=0	1362800000.0	-7.0122814508196125	17.850363754493735		-7.373132278670125	31.221000061035156	29.410600051879882	N	Y	중립/개선	
GNRC	GENERAC HOLDINGS INC.	0001474735	S&P 500	제외	PEG=보통, PEGY=불리(<1)	212.22000122070312	2.69	2025	5.183300318880073	341413000.0		341413000.0	1193750000.0	50618000.0	2632422000.0	2934633000.0	47.28571928964237	52.71428071035763	0.8970191502651268	-14.379177897293332	-15.233118564899213	84.23761305501728	84.55506311732428	-50.09276437847866	47.98739628823825	6.42832098504873	-91.68552875695732	104.4747925764765	21.35664197009746	-246.6340723562152	281.03719203072177	57.449366899562165	-216.2162241718783	32.42728791545459	-72.9293343845492	3년	104.4747925764765	281.03719203072177	32.42728791545459	-0.5331284022763955	0.6311989938792719	0.13784366487622365	4.523398856608908	2.1314667941711556	3년	0.6311989938792719	불리(<1)	3년	47.98739628823825	1.7554112031634437	보통	N	주당순현금<=0	59275781.0	-21.46399220560594	8.646904843761272		-28.192462920482786	200.9598001098633	211.86185035705566	Y	Y	중립/개선	단기위험부채 존재
TT	Trane Technologies plc	0001466258	S&P 500	제외	PEG=보통, PEGY=안심	455.5899963378906	12.98	2025	92.0	1763300000.0		1763300000.0	3922100000.0	763300000.0	8579200000.0	12819800000.0	40.0915930650965	59.9084069349035	0.6692148083433439	-9.598932859048466	-12.992885726989773	35.83890055446372	36.10037612210172	15.480427046263348	20.16860829862783	29.821435131157937	39.460854092526695	48.83721659725566	68.14287026231588	512.2018861209965	633.9070714323785	884.4944560048601	12.426060764758184	39.13981354459726	94.14264209367546	3년	48.83721659725566	633.9070714323785	39.13981354459726	2.998987842356584	3.1298004839229723	3.399139852128782	12.556247220987105	2.756041028538015	3년	3.1298004839229723	안심	3년	20.16860829862783	1.776964479839792	보통	N	주당순현금<=0	224900000.0	-5.982498460045605	9.32236094780976		-9.50820242514916	455.3891979980469	446.77699966430663	Y	Y	강한 상승추세	단기위험부채 존재
CFG	CITIZENS FINANCIAL GROUP INC/RI	0000759944	S&P 500	제외	PEG=보통, PEGY=불리(<1)	63.88999938964844	3.86	2025	2.88	4074000000.0		4074000000.0	11224000000.0	58000000.0	26317000000.0	200034000000.0	11.626632972684018	88.37336702731598	0.13156263435216015	-16.365648187670065	-16.49840449464697	20.79161854334676	20.826011368988446	27.392739273927397	-1.9905807112054583	11.698377840871576	63.285478547854794	4.518838577589083	31.89675568174315	244.2819471947195	17.44271690949386	123.12147693152856	282.34770625823245	-72.69883068378937	92.70852732466437	5년	31.89675568174315	123.12147693152856	92.70852732466437	1.45600686213121	0.0427777802358322	0.7011660881753047	4.772360345635256	7.469651574935657	3년	0.0427777802358322	불리(<1)	5년	11.698377840871576	1.777307830723794	보통	N	주당순현금<=0	436890731.0	-11.041493092274779	6.536598447811981		-14.505557982528039	70.30460021972657	65.06370014190674	N	N	판정불가	단기위험부채 존재
MS	MORGAN STANLEY	0000895421	S&P 500	제외	PEG=보통, PEGY=불리(<1)	192.75999450683594	10.21	2025	2.39	111695000000.0		111695000000.0	341681000000.0	941000000.0	111632000000.0	1307618000000.0	7.865562797252069	92.13443720274793	0.08537049811183388	-144.46356783919597	-145.05464824120602	33.0287524334997	33.086644735361595	28.427672955974852	18.408680655257537	41.34141455266054	65.35534591194971	45.317361310515075	91.18282910532108	667.2780817610067	462.690258980359	930.9766851653283	246.17041957704697	140.0343806629183	382.9719400787349	3년	45.317361310515075	462.690258980359	140.0343806629183	0.9330559190215663	0.6297143889141358	1.324040762384521			3년	0.6297143889141358	불리(<1)	3년	18.408680655257537	1.794194437506669	보통	N	주당순현금<=0 | FCF<=0	1592000000.0	-9.015390375007104	17.12948042049982		-15.659596616507942	211.1138003540039	193.7281495666504	N	N	판정불가	단기위험부채 존재
JKHY	JACK HENRY & ASSOCIATES INC	0000779152	S&P 500	보류	PEG=보통, PEGY=불리(<1)	146.22000122070312	6.98	2026	1.7	50992000.0		50992000.0	0.0	0.0	2051949000.0	1093762000.0	65.23005450913959	34.769945490860415	1.8760470742263857	0.7077995086267923	0.7077995086267923	20.84702030258973	20.84702030258973	11.858974358974363	11.613630584727662	11.119848679617505	32.21794871794873	31.727261169455325	30.73969735923501	224.88128205128214	221.45628296279818	214.56308756746037	53.79652590198547	51.454165718774746	46.739902733006275	3년	31.727261169455325	221.45628296279818	51.454165718774746	0.6504034707199855	0.6386347013378104	0.6149487309716369	9.64503143955693	6.5962463131147215	3년	0.6386347013378104	불리(<1)	3년	11.613630584727662	1.7950476511629625	보통	Y		72043000.0	2.668166760717172	-7.479114507445905		-24.080998656814636	157.6529995727539	158.32079963684083	N	N	중립/개선	
HRL	HORMEL FOODS CORP /DE/	0000048465	S&P 500	제외	PEG=보통, PEGY=불리(<1)	19.850000381469727	0.87	2025	5.89	670679000.0	32909000.0	703588000.0	2850778000.0	185000000.0	7901171000.0					-3.900464308550834	-4.236524879381503	27.299384701173057	27.68566121936923	-40.816326530612244	-21.81034655991424	15.135740743060389	-73.13265306122449	-35.12069311982848	38.77148148612078	-63.625408163265305	-30.55500301425078	33.731188892925076	-420.5310173326776	-253.92948325972995	69.93041936872528	5년	38.77148148612078	33.731188892925076	69.93041936872528	-1.2793814554036984	-0.5831760215178088	0.7701910124793733	0.970668270069174	4.890016379925652	5년	0.7701910124793733	불리(<1)	5년	15.135740743060389	1.8036371767063728	보통	N	주당순현금<=0	550496000.0	-20.217037576225916	-12.362027744891568		-25.122594454587155	22.975599937438965	23.221549968719483	N	N	주의	단기위험부채 존재
WAB	WESTINGHOUSE AIR BRAKE TECHNOLOGIES CORP	0000943452	S&P 500	제외	PEG=보통, PEGY=보통	291.2300109863281	6.83	2025	43.0	473000000.0		473000000.0	4291000000.0	1250000000.0	11142000000.0	10879000000.0	50.59715725898006	49.40284274101994	1.0241750160860372	-22.314436002337814	-29.62010520163647	45.906946850463534	46.97659094992161	13.079470198675496	25.44351122642632	25.77438254899549	34.65894039735099	59.387022452852634	60.04876509799098	236.72056291390726	405.61336335298347	410.1330656192784	-18.716974905096517	39.27594961084733	40.827885227299674	3년	59.387022452852634	405.61336335298347	39.27594961084733	1.2215900652541272	1.4909183886563615	1.498125823375271	8.760958503798948	3.0082608842844265	3년	1.4909183886563615	보통	3년	25.443511226426317	1.8042693259562124	보통	N	주당순현금<=0	171100000.0	10.31439810088186	16.533954911258952		-4.7614366564415755	290.36500061035156	260.4154999542236	Y	Y	강한 상승추세	단기위험부채 존재
GEN	Gen Digital Inc.	0000849399	S&P 500	제외	PEG=보통, PEGY=불리(<1)	20.850000381469727	1.57	2026	2.27	1006000000.0	0.0	1006000000.0	8015000000.0	181000000.0	2611000000.0	12978000000.0	16.748989672204758	83.25101032779524	0.2011866235167206	-11.323101777059774	-11.615508885298869	20.49242175702516	20.678668322782542	52.42718446601942	-10.088488131506812	11.281344719290054	113.35436893203884	-11.676976263013625	31.062689438580108	177.96635922330097	-18.332852732931393	48.76842241857077	753.5556641114845	-187.9273496283701	133.9013022844514	5년	31.062689438580108	48.76842241857077	133.9013022844514	2.6691420425830477	-0.38153070555589647	0.6612856635475217	2.4604200323101777	11.800575478630957	5년	0.6612856635475217	불리(<1)	5년	11.281344719290054	1.8164875080880225	보통	N	주당순현금<=0	619000000.0	-20.14553851368528	10.72756487492381		-33.61986474766706	28.204800033569335	24.683750047683716	N	N	판정불가	단기위험부채 존재
SCHW	SCHWAB CHARLES CORP	0000316709	S&P 500	보류	PEG=보통, PEGY=불리(<1)	99.0999984741211	4.65	2025	1.29	46030000000.0		46030000000.0	18914000000.0	17050000000.0	49425000000.0	441570000000.0	10.066293954113585	89.93370604588642	0.11193015829879747	14.989496959646214	5.564400221116639	18.088279895585995	20.115182420000956	55.51839464882943	9.933056473764434	52.16529750329273	119.53678929765886	28.36611294752887	112.83059500658545	555.8460702341138	131.90242520600924	524.6622667806224	460.89412592601303	33.10033020883865	429.4271189294038	3년	28.36611294752887	131.90242520600924	33.10033020883865	3.1406189519818373	0.6204601287988223	2.9552449327333328	4.844112769485903	4.8881057962386265	3년	0.6204601287988223	불리(<1)	3년	9.933056473764434	1.821018529730647	보통	Y		1809000000.0	3.4662766100826525	5.447962262505879		-12.802466217692633	106.51499984741211	98.3164998626709	N	Y	상승전환	단기위험부채 존재
BX	Blackstone Inc.	0001393818	S&P 500	제외	PEG=보통, PEGY=불리(<1)	114.0	3.87	2025	4.59	2631241000.0		2631241000.0	12576587000.0		8665526000.0	25827803000.0	25.122324377562975	74.87767562243702	0.3355115415740162	-12.746916027812693	-12.746916027812693	32.751141092458056	32.751141092458056	6.906077348066299	17.923308120835912	20.871508213597355	22.3121546961326	44.346616241671825	50.24301642719471	86.34803867403316	171.62140485526996	194.44047357324354	-24.256106426286696	50.545091978306985	70.56181892389783	3년	44.346616241671825	171.62140485526996	50.545091978306985	0.3510130323585464	0.6874053046664772	0.777423545082545	5.8284613995335155	5.112685438187294	3년	0.6874053046664772	불리(<1)	3년	17.923308120835912	1.8272933139159024	보통	N	주당순현금<=0	780215856.0	-4.642411468074159	-0.8609425881913602		-32.32413056378532	133.15260009765626	128.9975004196167	N	N	주의	
ALLE	Allegion plc	0001579241	S&P 500	제외	PEG=보통, PEGY=불리(<1)	155.42999267578125	7.44	2025	1.42	356200000.0		356200000.0	1979900000.0	200000.0	1318300000.0	3156100000.0	29.463168246021816	70.53683175397819	0.41769905896517856	-18.749422632794456	-18.75173210161663	23.411211735023613	23.411522147499713	9.090909090909092	12.754839878198432	17.023921536797502	26.681818181818183	34.009679756396864	42.547843073595004	198.5127272727273	253.03201738759267	316.55595246754683	27.71841769742236	62.79484611146066	103.66465121558991	3년	34.009679756396864	253.03201738759267	62.794846111460664	0.44896903286661466	0.6054722856140164	0.7878243016872574	7.98729792147806	5.138839540537804	3년	0.6054722856140164	불리(<1)	3년	12.754839878198432	1.835476725587115	보통	N	주당순현금<=0	86600000.0	11.076967634746904	6.9791450603750915		-13.539528852538584	157.6786001586914	150.41250045776368	N	Y	상승전환	단기위험부채 존재
TYL	TYLER TECHNOLOGIES INC	0000860731	S&P 500	보류	PEG=보통, PEGY=불리(<1)	316.260009765625	7.2	2025	0.007378106393309871	1015400000.0	81800000.0	1097200000.0	597934000.0	0.0	3702789000.0	1936119000.0	65.66500109595688	34.334998904043125	1.9124800696651394	11.395645028759244	11.395645028759244	42.34227288012024	42.34227288012024	19.008264462809922	22.991144762697367	41.04203232039028	46.516528925619845	54.482289525394734	90.58406464078055	334.9190082644629	392.2724845828421	652.20526541362	5.8998918366776065	24.034804423597112	106.22438666746343	3년	54.482289525394734	392.2724845828421	24.034804423597112	0.44909357187887533	0.5431574949744494	0.9694663898417306	14.55144709212088	4.601102460884863	3년	0.5431574949744494	불리(<1)	3년	22.991144762697367	1.8416774509123035	보통	Y		43812000.0	4.83640921817563	-7.628948754214681		-39.02716299195467	334.1438018798828	347.4007502746582	N	N	중립/개선	
LH	LABCORP HOLDINGS INC.	0000920148	S&P 500	제외	PEG=보통, PEGY=안심	308.80999755859375	10.46	2025	93.0	532300000.0		532300000.0	5084600000.0	500100000.0	8619800000.0	9756000000.0	46.90843391852327	53.09156608147673	0.8835383353833538	-54.32338902147971	-60.29116945107398	34.71638495029383	35.286918452167086	18.325791855203633		-8.010928076671341	45.151583710407266		-7.521856153342682	472.28556561086003		-78.67861536396447	52.937265420381465		-125.47800135552151	1년	45.151583710407266	472.28556561086003	52.937265420381465	3.2067218984522006		2.448096829350584	14.391408114558473	4.66027920997857	5년	2.448096829350584	안심	1년	18.325791855203633	1.894400265188872	보통	N	주당순현금<=0	83800000.0	8.781876936374044	15.74153906686966		-8.996876026631796	317.96540100097656	279.70300064086916	N	Y	상승전환	단기위험부채 존재
TGT	TARGET CORP	0000027419	S&P 500	제외	PEG=보통, PEGY=불리(<1)	156.42999267578125	8.13	2025	2.97	5488000000.0	4611000000.0	10099000000.0	14654000000.0	970000000.0	16165000000.0					-9.997805092186129	-12.126865671641792	20.470823833698322	20.732700903742067	-8.23927765237019	10.780448872111425	-1.2094597080639313	-7.978555304740379	30.06089774422285	6.081080583872137	-64.86565462753929	244.3950986605318	49.43918514688048	-141.46625178330132	56.23289017667354	-68.39532860597343	3년	30.06089774422285	244.3950986605318	56.23289017667354	-0.25740427914269365	0.6717095991747991	0.08600241525394459	6.222563652326603	3.9778584310385834	3년	0.6717095991747991	불리(<1)	3년	10.780448872111425	1.8988841815905733	보통	N	주당순현금<=0	455600000.0	20.06293709160134	29.067653972453343		-7.922777539716275	154.5101983642578	127.9223496246338	Y	Y	강한 상승추세	단기위험부채 존재
ABBV	AbbVie Inc.	0001551152	S&P 500	제외	PEG=보통, PEGY=불리(<1)	263.2900085449219	1.02	2025	2.63	5229000000.0	28000000.0	5257000000.0	64503000000.0	2499000000.0	-3270000000.0					-33.41567963902989	-34.82515510434292	290.8879295921096	292.2697682835929	5200.0	-9.58502599188228	152.18545481323272	10408.5	-10.670051983764559	312.87090962646545	10616.67	-10.88345302343985	319.12832781899476	3932.3102493228907	-104.1336369289467	21.20791426255202	5년	312.87090962646545	319.12832781899476	21.20791426255202	17.88534164100676	-0.023909641082855496	0.5322168404523312	10.048505358150027	3.816516021129445	5년	0.5322168404523312	불리(<1)	5년	152.18545481323272	1.911404279397774	보통	N	주당순현금<=0	1773000000.0	4.871349918448797	21.058440339777974		-1.122874511071792	257.48219909667966	230.96919937133788	Y	Y	강한 상승추세	단기위험부채 존재
CRH	CRH PUBLIC LTD CO	0000849395	S&P 500	제외	PEG=보통, PEGY=불리(<1)	84.52999877929688	5.51	2025	1.88	4096000000.0		4096000000.0	16478000000.0	120000000.0	24004000000.0	32851000000.0	42.2196816462932	57.7803183537068	0.7306931295850964	-18.289512555391433	-18.466765140324963	18.66052837290169	18.69269762606567	9.76095617529881			28.02191235059762			154.40073705179287			82.65791941500508			1년	28.02191235059762	154.40073705179287	82.65791941500508	0.6238277900106778			4.301329394387001	5.088524141136608	1년	0.6238277900106778	불리(<1)	1년	9.76095617529881	1.9117520904482943	보통	N	주당순현금<=0	677000000.0	-19.64065327749904	-19.587141770650916		-35.659921116082	93.84380004882813	109.0186999130249	N	N	주의	단기위험부채 존재
KIM	KIMCO REALTY CORP	0000879101	S&P 500	제외	PEG=보통, PEGY=불리(<1)	22.420000076293945	0.45	2020	5.0	211648000.0	223991000.0	435639000.0	7718700000.0		10391836000.0	9120372000.0	53.258124349637924	46.74187565036207	1.1394092258517525	-10.785262091668777	-10.785262091668777	73.7894714843616	73.7894714843616	104.54545454545455	38.33153542625083	-12.352677767919173	217.5909090909091	85.16307085250166	-16.205355535838347	97.9159090909091	38.32338188362575	-7.292409991127256	336.7346510156423	70.93390612494883	-132.52636024224626	3년	85.16307085250166	38.32338188362575	70.93390612494883	1.4845675452313114	0.5872319526700256	-0.09964399554586112	1.631347931743768	7.276306539662741	3년	0.5872319526700256	불리(<1)	3년	38.33153542625083	1.9250330221269425	보통	N	주당순현금<=0	675279000.0	-10.606060029919817	-0.22251552553822496		-15.0113692587304	24.079199981689452	23.241749963760377	N	N	주의	
LVS	LAS VEGAS SANDS CORP	0001300514	S&P 500	보류	PEG=보통, PEGY=불리(<1)	38.31999969482422	0.58	2025	3.13	3841000000.0		3841000000.0			1590000000.0	19986000000.0	7.369299221357063	92.63070077864293	0.0795556889822876	5.542568542568542	5.542568542568542	56.5128123314753	56.5128123314753	28.888888888888875			66.27777777777774			38.44111111111109			0.31605275900674634			1년	66.27777777777774	38.44111111111109	0.31605275900674634	0.5665775169899955			2.676767676767677	6.985301926109412	1년	0.5665775169899955	불리(<1)	1년	28.888888888888875	1.9562127345510687	보통	Y		693000000.0	-17.14594660578548	-28.878992325222896		-44.855373618016216	44.38700012207031	52.157849922180176	N	N	주의	
J	JACOBS SOLUTIONS INC.	0000052988	S&P 500	제외	PEG=보통, PEGY=불리(<1)	136.47999572753906	2.38	2025	1.06	1235448000.0		1235448000.0	2236456000.0	0.0	3640807000.0					-8.209559426565626	-8.209559426565626	60.793930737018776	60.793930737018776	-5.179282868525893	-21.81636262954282	30.86908124949421	-1.8585657370517854	-35.13272525908564	70.23816249898843	-4.423386454183249	-83.61588611662381	167.16682674759247	-103.24105113764352	-161.2660380526021	22.484490021024662	5년	70.23816249898843	167.16682674759247	22.484490021024662	-0.0677581268160634	-0.34142162511797924	0.5252017900867838	4.98205557195814	3.650392532180345	5년	0.5252017900867838	불리(<1)	5년	30.86908124949421	1.9694117309699612	보통	N	주당순현금<=0	121932000.0	9.508143091767662	7.228156062599389		-17.00316607805329	142.7975994873047	133.0857498550415	N	Y	상승전환	
CASY	CASEYS GENERAL STORES INC	0000726958	S&P 500	제외	PEG=보통, PEGY=양호	599.9000244140625	19.16	2026	43.0	522991000.0		522991000.0	2330237000.0	101357000.0	3951719000.0	4984336000.0	44.222187531298765	55.777812468701235	0.79282757021196	-48.47547934636911	-51.19416244767903	33.840057607538185	33.981951297585674	30.874316939890704	17.173098488337637	17.985950946001218	70.24863387978141	42.84619697667527	44.471901892002435	1345.9638251366118	820.9331340730982	852.0816402507667	124.36468917487522	36.84499094243652	42.03727380791764	3년	42.84619697667527	820.9331340730982	36.84499094243652	2.1830434745901415	1.7781618218916249	1.802182243697364	19.35590141349151	3.226521191159628	3년	1.7781618218916249	양호	3년	17.173098488337637	1.970527195806813	보통	N	주당순현금<=0	37281653.0	-23.509460651205593	-17.580298891646617		-34.528746100206156	760.3702014160157	731.2636483764649	N	N	주의	단기위험부채 존재
HWM	Howmet Aerospace Inc.	0000004281	S&P 500	제외	PEG=보통, PEGY=불리(<1)	230.94000244140625	3.71	2025	24.0	742000000.0		742000000.0	2859000000.0	0.0	5353000000.0	5826000000.0	47.884426156185704	52.1155738438143	0.9188122210779265	-5.214285714285714	-5.214285714285714	63.653446942235036	63.653446942235036	32.02846975088968			72.55693950177935			269.1862455516014			16.561116612917214			1년	72.55693950177935	269.1862455516014	16.561116612917214	0.8802110874173874			3.5246305418719213	1.5262104895691189	1년	0.8802110874173874	불리(<1)	1년	32.02846975088968	1.9874020656408944	보통	N	주당순현금<=0	406000000.0	-13.638233694048873	0.20827723403435972		-21.08661976494217	261.4032012939453	248.0080007171631	N	N	판정불가	
MA	Mastercard Inc	0001141391	S&P 500	제외	PEG=보통, PEGY=안심	563.5800170898438	16.52	2025	63.0	10566000000.0		10566000000.0	18251000000.0	749000000.0	7737000000.0	46411000000.0	14.288616384723351	85.71138361527665	0.16670616879619055	-8.48233995584989	-9.309050772626932	34.62847197613157	34.67851500378152	18.9344852411807	17.359895932136805	20.99686615184875	46.3689704823614	43.21979186427361	50.4937323036975	766.0153923686103	713.9909615978	834.1564576570827	35.919544543839834	26.688480774146804	48.01029709399805	3년	43.21979186427361	713.9909615978	26.688480774146804	2.366101666214317	2.320630722242859	2.4256590417776858	18.939293598233995	3.3605332027261654	3년	2.320630722242859	안심	3년	17.359895932136805	1.994739606245393	보통	N	주당순현금<=0	906000000.0	7.874591236541373	12.792701628958024		-6.048072741584187	569.6387951660156	532.4209484863281	N	Y	상승전환	단기위험부채 존재
MRSH	MARSH & MCLENNAN COMPANIES, INC.	0000062709	S&P 500	제외	PEG=불리, PEGY=불리(<1)	170.4199981689453	8.43	2025	2.32	2687000000.0	414000000.0	3101000000.0	18320000000.0	268000000.0	15315000000.0					-30.807692307692307	-31.350202429149796	23.87042591656437	23.934780616618635	3.0562347188264063	11.754120579715522	63.117645068661396	14.612469437652813	32.008241159431044	134.7352901373228	123.1831173594132	269.8294729740037	1135.8184958576312	-27.71792120470743	58.33204780727033	566.4819317341156	3년	32.008241159431044	269.8294729740037	58.33204780727033	0.22522575582095852	0.5896049207043721	2.741368976715759	10.123481781376519	5.940313279044069	3년	0.5896049207043721	불리(<1)	3년	11.754120579715522	2.0308134287611748	불리	N	주당순현금<=0	494000000.0	-0.9991874211697893	-1.74690045120095		-17.679453844154125	184.28439880371093	177.37294937133788	N	N	주의	단기위험부채 존재
VLTO	Veralto Corp	0001967680	S&P 500	보류	PEG=불리, PEGY=안심	96.6500015258789	3.76	2025	54.0	2031000000.0		2031000000.0	1973000000.0	700000000.0	3105000000.0					0.2317219336795845	-2.5649220934878145	25.64315946601046	26.386947771108172	12.574850299401197			33.6497005988024			126.522874251497			30.908300314531665			1년	33.6497005988024	126.522874251497	30.908300314531665	2.5962031077974204			4.051138633639632	4.191555685133542	1년	2.5962031077974204	안심	1년	12.574850299401197	2.039241728963689	불리	Y		250300000.0	6.984730400461303	9.307852892292988		-9.790925819981888	96.34219955444335	93.05759998321533	Y	Y	강한 상승추세	단기위험부채 존재
OKE	ONEOK INC /NEW/	0001039684	S&P 500	제외	PEG=불리, PEGY=불리(<1)	86.86000061035156	5.42	2025	4.93	78000000.0		78000000.0	30755000000.0	820000000.0	22485000000.0					-49.01262182457261	-50.32273526122384	25.06874952673878	25.310467872984393	4.835589941972921	12.173263216522322	51.01846065815958	18.17117988394584	32.846526433044644	110.53692131631917	98.48779497098644	178.02817326710198	599.1101135344499	13.386822794068841	104.9599033112204	589.7422396092531	3년	32.846526433044644	178.02817326710198	104.95990331122039	0.3895523361289627	0.6822543421354014	2.2318010157819774	3.909570218884806	4.501001832158497	3년	0.6822543421354014	불리(<1)	3년	12.173263216522322	2.059328635292621	불리	N	주당순현금<=0	625900000.0	1.3180884278206184	-3.9052979346530847		-10.921958047954783	92.52660018920898	86.54174983978271	N	Y	상승전환	단기위험부채 존재
MDLZ	Mondelez International, Inc.	0001103982	S&P 500	제외	PEG=불리, PEGY=불리(<1)	59.31999969482422	1.89	2025	3.51	4475000000.0		4475000000.0	23095000000.0	2688000000.0	25838000000.0	45596000000.0	36.170451045720526	63.82954895427948	0.5666725151329064	-14.345146379044683	-16.41602465331279	38.976267763951796	40.071970554569845	-44.73684210526316	-1.2049365987475746	18.761141546758097	-80.97368421052632	6.090126802504851	46.022283093516194	-153.0402631578947	11.510339656734168	86.9821150467456	-357.99100462781655	-80.59619063393477	46.632022073889125	5년	46.022283093516194	86.9821150467456	46.632022073889125	-1.0577421715937836	0.05914017768998196	0.5714026207341518	2.4922958397534667	4.20144277237905	3년	0.0591401776899819	불리(<1)	5년	18.761141546758097	2.077499797483637	불리	N	주당순현금<=0	1298000000.0	-0.0505455435015012	2.9146431696137176		-8.724416610738505	62.063199844360355	59.541500129699706	N	N	판정불가	단기위험부채 존재
NUE	NUCOR CORP	0000073309	S&P 500	제외	PEG=불리, PEGY=안심	236.24000549316406	7.52	2025	95.0	2260000000.0	439000000.0	2699000000.0	4233276000.0	122000000.0	20936000000.0	12980000000.0	61.7289774737587	38.271022526241296	1.6129429892141756	-6.641887445887446	-7.170025974025974	32.298124061044085	32.36835524829655	516.3934426229508	15.425826725292405	42.054467881799674	1041.2868852459017	39.351653450584806	92.60893576359935	7830.47737704918	295.92443394839773	696.419196942267	3214.628003289547	25.264318941509977	194.79308362207894	3년	39.351653450584806	295.92443394839773	25.264318941509977	18.929688964826727	3.4189548134927414	4.243418832089568	-0.8138528138528138	-0.3445025376433814	3년	3.418954813492741	안심	3년	15.425826725292403	2.093769406088792	불리	N	주당순현금<=0 | FCF<=0	231000000.0	7.862296084736364	39.7043151781723		-14.013243834058297	255.8076007080078	213.57779998779296	N	Y	상승전환	단기위험부채 존재
ROK	ROCKWELL AUTOMATION, INC	0001024478	S&P 500	제외	PEG=불리, PEGY=불리(<1)	431.5299987792969	7.67	2025	1.28	468000000.0	300000.0	468300000.0	2614000000.0	608000000.0	3654000000.0					-18.971706454465075	-24.347480106100797	58.735554789277955	59.43643792508445	-7.3671497584541	-1.270785701033128	27.797562094762206	-6.2342995169082	5.958428597933744	64.09512418952441	-47.817077294685895	45.701147346151814	491.60960253365226	-111.08082344911128	-89.40950861459683	13.922462847150218	5년	64.09512418952441	491.60960253365226	13.922462847150218	-0.10363654144908656	0.0001568777038018892	0.4950589502232854	12.232537577365164	2.8346899663912852	3년	0.0001568777038018	불리(<1)	5년	27.797562094762206	2.112975036769332	불리	N	주당순현금<=0	113100000.0	-10.623008112105857	20.24353346746284		-12.836307165830574	438.8292010498047	423.24504959106446	N	Y	중립/개선	단기위험부채 존재
WDAY	Workday, Inc.	0001327811	S&P 500	보류	PEG=불리, PEGY=판정불가	189.1699981689453	2.59	2026		1501000000.0	3942000000.0	5443000000.0	2987000000.0	0.0	7805000000.0	10269000000.0	43.18357862122386	56.81642137877614	0.7600545330606681	9.160180070640802	9.160180070640802	69.50186026961565	69.50186026961565	32.82051282051282			74.14102564102564			192.0252564102564			1.509361034491885			1년	74.14102564102564	192.0252564102564	1.509361034491885				10.357418589645565	5.475190934027227	판정불가		판정불가	1년	32.82051282051282	2.117634805089852	불리	Y		268117000.0	45.213780582438986	45.604988327472505		-22.998331265971437	182.6491990661621	157.74609951019286	Y	Y	강한 상승추세	
LHX	L3HARRIS TECHNOLOGIES, INC. /DE/	0000202058	S&P 500	제외	PEG=불리, PEGY=불리(<1)	236.47000122070312	8.53	2025	2.11	1069000000.0		1069000000.0	10443000000.0	0.0	19635000000.0	21560000000.0	47.66355140186916	52.336448598130836	0.9107142857142857	-49.75583864118896	-49.75583864118896	33.55519810807645	33.55519810807645	8.386277001270638	15.822311734425586	10.447613089419638	25.272554002541277	40.14462346885117	29.395226178839277	215.57488564167707	342.4336381893005	250.741279305499	-8.83626484169725	44.81060448327183	6.035132579661195	3년	40.14462346885117	342.4336381893005	44.81060448327183	0.31280628913182523	0.5344123338705435	0.3742374891953663	14.235668789808917	6.020073885195453	3년	0.5344123338705435	불리(<1)	3년	15.822311734425586	2.120751927486571	불리	N	주당순현금<=0	188400000.0	-19.0808635900964	-31.48775738016556		-37.52113867137751	268.15800018310546	311.37065055847165	N	N	주의	
DRI	DARDEN RESTAURANTS INC	0000940944	S&P 500	제외	PEG=불리, PEGY=불리(<1)	195.11000061035156	10.38	2026	3.32	219500000.0		219500000.0	901000000.0	0.0	2207500000.0	10654900000.0	17.162426918770993	82.83757308122901	0.20718167228223633	-5.859845227858985	-5.859845227858985	19.361256824490418	19.361256824490418	17.155756207674962	9.114765771480716	16.82500139829013	42.811512415349924	26.729531542961432	42.15000279658026	444.3834988713322	277.4525374159397	437.51702902850315	127.76049278929449	42.203134922864336	124.24121144987103	3년	26.729531542961432	277.4525374159397	42.203134922864336	1.0575633799648168	0.6422499264485634	1.040480046357752	9.622527944969905	4.931847632037464	3년	0.6422499264485634	불리(<1)	3년	9.114765771480716	2.124163945613397	불리	N	주당순현금<=0	116300000.0	-3.3869752123064645	-0.47438926118705815		-14.305162119277515	211.61220001220704	203.8544499206543	N	N	주의	
AEP	AMERICAN ELECTRIC POWER CO INC	0000004904	S&P 500	제외	PEG=불리, PEGY=불리(<1)	119.30000305175781	6.66	2025	3.19	197000000.0	220000000.0	417000000.0	44128000000.0	1508000000.0	31138000000.0	82204000000.0	27.472605036085472	72.52739496391453	0.37878935331614033	-81.32765295651676	-84.13340209651417	30.1242726739151	30.54555632856937	19.35483870967742	14.044924681547055	8.545142209229773	47.20967741935484	36.58984936309411	25.590284418459547	314.41645161290324	243.68839675820678	170.4312942269406	163.5510843000523	104.26520580429792	42.85942151485082	3년	36.58984936309411	243.68839675820678	104.26520580429792	0.7483944576427638	0.5721274955949707	0.3895576944299587	12.919842193728178	10.829708183765057	3년	0.5721274955949707	불리(<1)	3년	14.044924681547055	2.144851137115311	불리	N	주당순현금<=0	537467865.0	-11.66234701524873	-8.986877185491482		-13.980819848813775	124.66159988403321	126.9795000076294	N	N	주의	단기위험부채 존재
DPZ	DOMINOS PIZZA INC	0001286681	S&P 500	제외	PEG=불리, PEGY=불리(<1)	301.80999755859375	17.57	2025	2.64	125675000.0		125675000.0	1536443000.0	100000.0	-3901142000.0	5617601000.0	-227.278484368109	327.278484368109	-0.6944498194157969	-41.20516930398778	-41.2080900655378	19.52277557555956	19.522941811276695	5.272618334331929	9.073110679208952	7.235872833479218	19.045236668663858	26.646221358417904	22.971745666958434	334.624808268424	468.17410926740257	403.6135713684597	10.872671871467588	55.12213414219676	33.731014424100266	3년	26.646221358417904	468.17410926740257	55.12213414219676	0.4053019153812169	0.5999715887669437	0.5058641787514456	19.613030638847075	6.49846949985127	3년	0.5999715887669437	불리(<1)	3년	9.073110679208952	2.151718001224876	불리	N	주당순현금<=0	34237646.0	-0.7791423414601817	-15.88115879185471		-31.15962129581439	332.5917987060547	355.8448001098633	N	N	주의	단기위험부채 존재
TXN	TEXAS INSTRUMENTS INC	0000097476	S&P 500	제외	PEG=불리, PEGY=불리(<1)	281.69000244140625	5.45	2025	2.16	3225000000.0	1656000000.0	4881000000.0	13548000000.0	0.0	16273000000.0	18312000000.0	47.05219025589128	52.94780974410872	0.888652249890782	-9.49288061336254	-9.49288061336254	53.428051936654825	53.428051936654825	4.8076923076923075	-16.644237941707228	24.802935181675736	18.115384615384613	-24.788475883414456	58.10587036335147	98.72884615384615	-135.0971935646088	316.67699348026554	-64.95124239477312	-147.9595272795349	12.420387921341614	5년	58.10587036335147	316.67699348026554	12.420387921341614	0.1304126213688891	-0.2710979984611825	0.5046587738898554	2.8510405257393208	1.0121198839253658	5년	0.5046587738898554	불리(<1)	5년	24.802935181675736	2.154101986128124	불리	N	주당순현금<=0	913000000.0	-5.603029729403852	45.09632395539504		-15.225110305689181	270.8452001953125	247.22620040893554	Y	Y	강한 상승추세	
ROL	ROLLINS INC	0000084839	S&P 500	제외	PEG=불리, PEGY=불리(<1)	30.5	1.09	2025	2.39	100004000.0		100004000.0	486147000.0	123683000.0	1374321000.0	1766202000.0	43.7608958762601	56.2391041237399	0.7781222079920643	-0.7975738773554313	-1.0530396759661838	28.713370529683882	28.947742821987323	13.54166666666668	13.271785112236143	15.512803857109425	35.58333333333336	35.04357022447229	39.52560771421885	38.785833333333365	38.1974915446748	43.08291240849855	27.16666666666676	25.23767719565506	41.25545051966737	3년	35.04357022447229	38.1974915446748	25.23767719565506	0.5548518468145885	0.5454526871390801	0.6235006036160577	1.3426108186150074	4.402002683983631	3년	0.5454526871390801	불리(<1)	3년	13.271785112236145	2.163489710454331	불리	N	주당순현금<=0	484147000.0	-27.622210627055132	-42.894588865126494		-53.50609647951118	35.99820007324219	50.08459997177124	N	N	주의	단기위험부채 존재
USB	US BANCORP DE	0000036104	S&P 500	제외	PEG=불리, PEGY=불리(<1)	58.13999938964844	4.62	2025	3.72	8252000000.0		8252000000.0	39829000000.0	17162000000.0	65193000000.0	626694000000.0	9.422492401215806	90.5775075987842	0.1040268456375839	-20.26765083440308	-31.28305519897304	16.971352862348812	19.355639521346642	21.899736147757256	7.780088648706851	8.588568965361265	52.29947229551451	24.060177297413702	25.67713793072253	241.62356200527705	111.1580191140513	118.62837723993809	315.5892062983011	91.19026536116972	104.03917868127692	3년	24.060177297413702	111.1580191140513	91.19026536116972	1.5095871469737103	0.6776176738520334	0.7252556154593899			3년	0.6776176738520334	불리(<1)	3년	7.780088648706851	2.181382967296865	불리	N	주당순현금<=0 | FCF<=0	1558000000.0	-6.165267513345595	11.786197396544207		-11.128093829193453	62.50840011596679	57.60630001068115	N	Y	중립/개선	단기위험부채 존재
MO	ALTRIA GROUP, INC.	0000764180	S&P 500	제외	PEG=불리, PEGY=불리(<1)	68.72000122070312	4.12	2025	6.46	4474000000.0		4474000000.0	24140000000.0	0.0	-3502000000.0	38469000000.0	-10.015157148168273	110.01515714816827	-0.0910343393381684	-11.68508615567439	-11.68508615567439	19.515797906887745	19.515797906887745	-37.00305810397553	8.90191356086536	11.413340246469872	-65.50611620795107	26.30382712173072	31.326680492939744	-269.8851987767584	108.37176774153056	129.06592363091175	-492.73165597012627	57.7004741217636	87.81420450852428	3년	26.30382712173072	108.37176774153056	57.7004741217636	-1.5650427540652037	0.7871527279673076	0.9158395845122891	5.3915626856803325	7.8456964346735605	3년	0.7871527279673076	불리(<1)	3년	8.90191356086536	2.192314918972388	불리	N	주당순현금<=0	1683000000.0	-3.9418502358617546	4.136995674055699		-8.275489989016194	68.7427995300293	67.23800014495849	N	Y	중립/개선	
NEE	NEXTERA ENERGY INC	0000753308	S&P 500	제외	PEG=불리, PEGY=불리(<1)	75.88999938964844	3.3	2025	3.28	2812000000.0		2812000000.0	89556000000.0	400000000.0	54608000000.0	146242000000.0	27.18844909136171	72.8115509086383	0.373408459949946	-41.89317106152806	-42.086351782092144	35.69186983368985	35.750409445982	-2.077151335311581	16.260329205681433		4.345697329376838	41.02065841136287		14.340801186943565	135.36817275749746		-81.10317393295475	78.3741913904429		3년	41.02065841136287	135.36817275749746	78.3741913904429	0.033700914810381837	0.5474728361593754				3년	0.5474728361593754	불리(<1)	3년	16.260329205681433	2.1950275041921627	불리	N	주당순현금<=0 | FCF<=0	2070600000.0	-12.133846270310933	-18.29241856824485		-22.46628369516187	83.82880004882813	87.48710021972656	N	N	주의	단기위험부채 존재
STX	Seagate Technology Holdings plc	0001137789	S&P 500	제외	PEG=불리, PEGY=불리(<1)	913.4500122070312	6.77	2027	32.0	891000000.0	411000000.0	1302000000.0	4995000000.0	0.0	-453000000.0	8476000000.0	-5.6462669824255265	105.64626698242552	-0.05344502123643228	-17.018433179723502	-17.018433179723502	137.4399476199047	137.4399476199047	-51.29496402877698	62.4216285007507	-1.6572902196046346	-94.08992805755396	133.3432570015014	5.185419560790731	-636.9888129496403	902.7338499001644	35.105290426553246	-169.73439207807118	-1.1731525714225977	-96.15684602797982	3년	133.3432570015014	902.7338499001644	-1.1731525714225977	-0.14038832495875161	0.687002797482703	0.22077067334389025	3.769585253456221	0.41267559287106925	3년	0.687002797482703	불리(<1)	3년	62.4216285007507	2.2018000959114965	불리	N	주당순현금<=0	217000000.0	-0.19012338746416946	133.16571100595831		-16.506710943615843	854.643798828125	641.5275491333008	Y	Y	강한 상승추세	
ETN	Eaton Corp plc	0001551182	S&P 500	제외	PEG=불리, PEGY=불리(<1)	433.2699890136719	10.45	2025	1.02	622000000.0	181000000.0	803000000.0	8024000000.0	1000000.0	19425000000.0					-18.458588957055216	-18.461145194274028	43.22761511681599	43.22785973281779	9.999999999999993	19.3940377642204	24.525465160026606	28.499999999999986	47.28807552844079	57.55093032005321	297.8249999999998	494.16038927220626	601.407221844556	-31.261105649622568	14.053685185339027	38.80657259775695	3년	47.28807552844079	494.16038927220626	14.053685185339027	0.25492963167688376	0.4722452929465249	0.5909524522922189	9.082310838445808	2.0962243101862326	3년	0.4722452929465249	불리(<1)	3년	19.394037764220396	2.22891259893108	불리	N	주당순현금<=0	391200000.0	5.083551594477043	21.1367944607445		-5.802679132368171	420.36720153808596	387.6781507873535	Y	Y	강한 상승추세	단기위험부채 존재
MSI	Motorola Solutions, Inc.	0000068505	S&P 500	제외	PEG=불리, PEGY=불리(<1)	446.1199951171875	12.75	2025	1.08	1165000000.0	246000000.0	1411000000.0	8413000000.0	749000000.0	2410000000.0					-41.43195266272189	-45.86390532544379	38.23936845332622	38.586972583735786	38.13651137594799	17.15090983184706	40.00784395357051	84.77302275189598	42.80181966369412	88.51568790714101	1080.8560400866738	545.7232007121	1128.575020816048	142.27921902553433	22.32655040909983	152.97566420881722	3년	42.80181966369412	545.7232007121	22.32655040909983	1.025553322718037	0.476757607911311	1.0744906523161084			3년	0.476757607911311	불리(<1)	3년	17.15090983184706	2.229582501933546	불리	N	주당순현금<=0 | FCF<=0	169000000.0	6.487800763208984	2.7997312861045565		-9.184918983419966	458.7562005615234	429.7652011108398	N	Y	상승전환	단기위험부채 존재
FTNT	Fortinet, Inc.	0001262039	S&P 500	제외	PEG=불리, PEGY=판정불가	175.9600067138672	2.42	2025		2495300000.0	775500000.0	3270800000.0	496600000.0	499700000.0	1237500000.0	9151700000.0	11.911408000616024	88.08859199938398	0.1352207786531464	3.628302380329584	2.9747580434213967	71.21144807170975	71.48150771506025	7.079646017699122	31.674951451459886	-3.62054294817038	22.659292035398245	71.84990290291978	1.2589141036592402	54.83548672566375	173.87676502506585	3.046572130855361	-68.83639200194334	-1.183929080082924	-98.268599673442	3년	71.84990290291978	173.87676502506585	-1.1839290800829239						판정불가		판정불가	3년	31.674951451459886	2.248194387316974	불리	N	FCF<=0	764600000.0	10.680595950844385	115.32061194987979		-1.5553310360635453	162.17119995117187	117.11359985351562	Y	Y	강한 상승추세	단기위험부채 존재
NRG	NRG ENERGY, INC.	0001013871	S&P 500	제외	PEG=불리, PEGY=불리(<1)	97.16999816894531	4.01	2025	1.96	4708000000.0		4708000000.0	10892000000.0		1681000000.0	27459000000.0	5.768702814001372	94.23129718599863	0.061218544011071054	-31.07537688442211	-31.07537688442211	31.981390287622798	31.981390287622798	-19.63927855711424	-8.120643852977938	14.13919505192036	-30.778557114228477	-7.741287705955877	36.77839010384072	-123.42201402805618	-31.042563700883065	147.48134431640128	-227.01658572995714	-131.94665461134483	51.77662559999412	5년	36.77839010384072	147.48134431640128	51.77662559999412	-0.5527989370729871	-0.19263214630672842	0.5033925951040019	3.849246231155779	3.961352581753948	5년	0.5033925951040019	불리(<1)	5년	14.13919505192036	2.2618961100815382	불리	N	주당순현금<=0	199000000.0	-30.987218705367635	-33.508964982363224		-47.19882692306098	116.7506004333496	141.879049911499	N	N	주의	
SPGI	S&P Global Inc.	0000064040	S&P 500	제외	PEG=불리, PEGY=안심	392.45001220703125	14.66	2025	99.0	1745000000.0	56000000.0	1801000000.0	12370000000.0	400000000.0	31127000000.0	25048000000.0	55.41076991544281	44.58923008455719	1.2426940274672629	-34.64110127826942	-35.95214683710259	29.133090960798132	29.222521080773113		12.852521260492766	50.79787589706457		34.20504252098553	110.09575179412914		501.44592335764787	1614.0037213019332		27.773196014864038	311.2635166515141	3년	34.20504252098553	501.44592335764787	27.773196014864034		3.8393633346699456	5.141846297690641	18.297194362504097	4.662299348547779	3년	3.8393633346699456	안심	3년	12.852521260492766	2.266721864942565	불리	N	주당순현금<=0	305100000.0	-5.42689566653628	-2.473391737958497		-24.074369060691016	419.3802001953125	425.35682983398436	N	N	주의	단기위험부채 존재
ADI	ANALOG DEVICES INC	0000006281	S&P 500	제외	PEG=불리, PEGY=불리(<1)	398.2200012207031	4.56	2025	1.1	2499406000.0	1152915000.0	3652321000.0	8145066000.0	446639000.0	33815755000.0					-9.0450243502735	-9.944220861711788	89.31250560767032	89.50969782509101	39.02439024390244	-4.58825332599776		86.54878048780488	-0.6765066519955205		394.6624390243902	-3.0848703330995733		-0.8933660251638664	-100.77466483944634		1년	86.54878048780488	394.6624390243902	-0.8933660251638664	0.44925836500612615	-0.03905671778284745		8.613997330428884	2.163125233294045	1년	0.4492583650061261	불리(<1)	1년	39.02439024390244	2.288632956196552	불리	N	주당순현금<=0	496709000.0	2.3754408898661206	25.171302849394305		-10.608783469540551	374.10360046386717	357.65705093383787	Y	Y	강한 상승추세	단기위험부채 존재
ROST	ROSS STORES, INC.	0000745732	S&P 500	보류	PEG=불리, PEGY=안심	234.39999389648438	6.61	2025	76.0	4594392000.0	0.0	4594392000.0	1017863000.0	499743000.0	6187443000.0					11.024514820477412	9.484076001183665	33.79356718245189	34.02661390246607	4.588607594936709	14.703265747939431	58.06122059198926	17.67721518987342	37.906531495878866	124.62244118397852	116.8463924050633	250.56217318775933	823.7543362260981	-50.15085518446517	6.895127863532502	251.43103996405566	3년	37.906531495878866	250.56217318775933	6.895127863532502	2.384732193551448	2.6840393989255817	3.9670633132096143	6.804867824028408	2.903100683114169	3년	2.6840393989255817	안심	3년	14.703265747939431	2.298371515674185	불리	Y		324416000.0	10.618216445533024	8.202921392761198		-8.161267162849839	237.97460021972657	217.1382999420166	N	Y	상승전환	단기위험부채 존재
STT	STATE STREET CORP	0000093751	S&P 500	제외	PEG=불리, PEGY=불리(<1)	177.77999877929688	9.4	2025	2.07	4433000000.0		4433000000.0	11534000000.0	2380000000.0	27841000000.0	338206000000.0	7.605853893079304	92.39414610692069	0.08231965133675925	-24.5693189721091	-32.80407170462841	21.526523165043187	22.402560689779285	14.494518879415338	9.345182660480011	8.263522928949719	37.489037758830676	27.190365320960023	25.027045857899438	352.3969549330084	255.58943401702422	235.25423106425472	98.22081075075712	43.76726053099092	32.328851771626255	3년	27.190365320960023	255.58943401702422	43.76726053099092	0.7694934640589975	0.5302845505035885	0.4800367829826916	37.51656465491888	21.102803978243596	3년	0.5302845505035885	불리(<1)	3년	9.345182660480011	2.303488754273048	불리	N	주당순현금<=0	289019000.0	4.779867211571598	40.47092462765709		-8.483473794682483	186.74419952392577	154.2295499420166	N	Y	상승전환	단기위험부채 존재
IDXX	IDEXX LABORATORIES INC /DE	0000874716	S&P 500	제외	PEG=불리, PEGY=판정불가	533.4400024414062	13.08	2025		180070000.0	0.0	180070000.0	374842000.0	74995000.0	1605383000.0	1745376000.0	47.91102553182726	52.08897446817274	0.919792067726381	-2.4038506633755015	-3.3294291885220613	40.96665543614539	41.037418320330914	22.58669165885661	17.66051173291583	14.281792796945748	53.67338331771322	43.82102346583166	37.063585593891496	702.0478537956889	573.1789869330781	484.79169956810074	31.607650454148818	7.449569644158216	-9.119732800437873	3년	43.82102346583166	573.1789869330781	7.449569644158216				13.046948472693613	2.445813664701066	판정불가		판정불가	3년	17.66051173291583	2.319675446311748	불리	N	주당순현금<=0	81025000.0	-0.7701206363378676	-5.063270651789709		-30.422078632878723	545.3664050292969	590.7209994506836	N	N	주의	단기위험부채 존재
CMI	CUMMINS INC	0000026172	S&P 500	보류	PEG=불리, PEGY=불리(<1)	521.3699951171875	20.5	2025	1.69	2101000000.0	764000000.0	2865000000.0	1630000000.0	24000000.0	12349000000.0	20584000000.0	37.49734309051711	62.50265690948289	0.5999319860085504	8.904109589041095	8.731074260994953	24.998335879421774	25.00677662713134	-27.74057102573141	10.67954284093311	43.57635272286971	-46.98114205146282	29.85908568186622	95.65270544573941	-963.1134120549877	612.1112564782575	1960.880461637658	-284.7274336986942	17.404388862207966	276.1015171571034	3년	29.85908568186622	612.1112564782575	17.404388862207966	-1.0420922077127468	0.4948146508870423	1.8107746428086133	17.202595529920693	3.2994985693517123	3년	0.4948146508870423	불리(<1)	3년	10.67954284093311	2.3407683504584904	불리	Y		138700000.0	-23.588640297711873	-3.094684920566493		-28.342888732207093	589.22240234375	603.2860023498536	N	N	주의	단기위험부채 존재
HPQ	HP INC	0000047217	S&P 500	제외	PEG=불리, PEGY=불리(<1)	30.729999542236328	2.65	2025	3.9	3690000000.0	5000000.0	3695000000.0	8821000000.0	788000000.0	-346000000.0					-5.378803777544596	-6.2056663168940185	13.625963516898462	13.93798711665296	-5.693950177935949	-3.836586737518144	5.789648870565345	-2.8879003558718974	0.8268265249637121	20.079297741130688	-7.652935943060528	2.191090291153837	53.21013901399632	-124.90379452346585	-92.86986552621867	73.15372537139983	5년	20.079297741130688	53.21013901399632	73.15372537139983	-0.13165675775596727	0.004653855296413569	0.7111166016662651			3년	0.0046538552964135	불리(<1)	5년	5.789648870565345	2.353504300782911	불리	N	주당순현금<=0 | FCF<=0	953000000.0	39.55494506541548	59.96877150855895		-13.387824298998297	30.159199981689454	23.523499994277955	Y	Y	강한 상승추세	단기위험부채 존재
ADP	AUTOMATIC DATA PROCESSING INC	0000008670	S&P 500	제외	PEG=불리, PEGY=불리(<1)	261.79998779296875	10.94	2026	2.6	4230100000.0	2032200000.0	6262300000.0	4964100000.0	0.0	6031200000.0	57162100000.0	9.544049764769365	90.45595023523063	0.10551046934944658	3.2189437143565582	3.2189437143565582	23.636292877386857	23.636292877386857	9.619238476953898	10.041893559840132	12.503420358905348	27.738476953907796	28.583787119680263	33.5068407178107	303.45893787575125	312.70663108930205	366.564837452849	15.912510322852413	19.444860836506315	40.01713313398938	3년	28.583787119680263	312.70663108930205	19.444860836506315	0.5169693293420051	0.5348509440723165	0.6389927742583941			3년	0.5348509440723165	불리(<1)	3년	10.041893559840132	2.3537685135315405	불리	N	FCF<=0	403300000.0	11.059259550304269	28.85126352510934		-10.630168085243364	270.39799896240237	238.05740020751952	N	Y	상승전환	
ATO	ATMOS ENERGY CORP	0000731802	S&P 500	제외	PEG=불리, PEGY=불리(<1)	157.60000610351562	7.46	2025	2.54	202687000.0		202687000.0	3529452000.0	0.0	13558890000.0					-20.718084609492255	-20.718084609492255	23.90322931809757	23.90322931809757	9.224011713030746	10.031474661040264	69.70420030995797	26.948023426061493	28.562949322080527	147.90840061991594	201.03225475841873	213.07960194272073	1103.3966686245728	27.55853234318768	35.20278787474458	600.1247626220486	3년	28.562949322080527	213.07960194272073	35.20278787474458	0.49215156481488465	0.525932061050938	3.022361512268996			3년	0.525932061050938	불리(<1)	3년	10.031474661040264	2.382823076943186	불리	N	주당순현금<=0 | FCF<=0	160573000.0	-8.917524582232994	-14.681677640736146		-18.040453686530388	167.97100006103517	174.6645999145508	N	N	주의	
BRO	BROWN & BROWN, INC.	0000079282	S&P 500	제외	PEG=불리, PEGY=불리(<1)	60.599998474121094	3.16	2025	1.09	1079000000.0	10000000.0	1089000000.0	6894000000.0	25000000.0	5578800000.0	3863400000.0	59.08368812353053	40.91631187646947	1.4440130455039601	-18.54632587859425	-18.62619808306709	25.046305174909918	25.071581188983604	-8.670520231213867	10.064241629820891	56.18583117469611	-8.841040462427735	28.628483259641783	120.87166234939222	-27.937687861271645	90.46600710046803	381.95445302407944	-146.10179631143438	49.28384385867774	530.2878921477054	3년	28.628483259641783	90.46600710046803	49.28384385867774	-0.3026602198717772	0.4453447944487488	2.2867976244285346	4.415335463258786	7.286032301047552	3년	0.4453447944487488	불리(<1)	3년	10.064241629820891	2.4886430688126926	불리	N	주당순현금<=0	313000000.0	-10.035632534111983	-7.069468908257148		-36.848687940507894	68.94640007019044	68.2334502029419	N	N	주의	단기위험부채 존재
MU	MICRON TECHNOLOGY INC	0000723125	S&P 500	보류	PEG=불리, PEGY=불리(<1)	1065.0799560546875	7.59	2025	5.0	9642000000.0	665000000.0	10307000000.0	3038000000.0	224000000.0	54165000000.0	28633000000.0	65.41824681755598	34.58175318244402	1.8916983899696154	6.461333333333333	6.262222222222222	139.47544436381477	139.50167771178727	984.2857142857143	-0.6929629272242499	54.22135148690352	1977.0714285714287	7.1140741455515	116.94270297380704	15005.972142857143	53.995822764735884	887.5951155711955	1308.9056936572983	-94.9303503030186	-16.66399217021589	5년	116.94270297380704	887.5951155711955	-16.66399217021589	7.092902401552575	0.030880253455519077	0.42460055787617756	1.4826666666666666	0.1392070762610932	3년	0.030880253455519	불리(<1)	5년	54.22135148690352	2.572334339499142	불리	Y		1125000000.0	3.177425294195979	215.26165273499706		-12.235084822346442	949.7082006835938	669.1128507995605	Y	Y	강한 상승추세	단기위험부채 존재
PNC	PNC FINANCIAL SERVICES GROUP, INC.	0000713676	S&P 500	제외	PEG=불리, PEGY=불리(<1)	221.64999389648438	16.59	2025	3.61	39713000000.0		39713000000.0	57101000000.0	14000000.0	60585000000.0	512936000000.0	10.563693395708265	89.43630660429174	0.11811415069326388	-43.90909090909091	-43.94444444444444	16.00717810762961	16.009309122418856	20.742358078602617	6.201879866723403	-0.4401788836301823	49.984716157205234	20.903759733446805	7.619642232739635	829.2464410480349	346.7933739778825	126.40986464115055	274.124278765066	56.45990684747906	-42.96870375724583	3년	20.903759733446805	346.7933739778825	56.45990684747906	1.52133985858478	0.6129674950044256	0.19802497948460787			3년	0.6129674950044256	불리(<1)	3년	6.201879866723403	2.5810203440923103	불리	N	주당순현금<=0 | FCF<=0	396000000.0	-11.910818616280928	6.5164101096793825		-13.74479789720029	243.81480010986328	227.9323501586914	N	N	판정불가	단기위험부채 존재
KO	COCA COLA CO	0000021344	S&P 500	제외	PEG=불리, PEGY=불리(<1)	86.83999633789062	3.04	2025	2.46	10270000000.0	2348000000.0	12618000000.0	35547000000.0	2373000000.0	32169000000.0					-5.316253188036169	-5.866450266635752	30.3145557651075	30.49554164622578	23.577235772357728	11.551776147388226	11.17422496891589	55.654471544715456	31.603552294776453	30.84844993783178	169.189593495935	96.07479897612042	93.77928781100861	94.82911173513375	10.634273408185768	7.990893327675308	3년	31.603552294776453	96.07479897612042	10.634273408185768	0.8589021054475412	0.46221281472697634	0.4497583627667434	1.2279156039879435	1.4139977611355228	3년	0.4622128147269763	불리(<1)	3년	11.551776147388226	2.624233310819601	불리	N	주당순현금<=0	4313000000.0	6.827402337134392	14.188024790465036		-5.5984364012114485	87.68839965820312	79.77560005187988	N	Y	상승전환	단기위험부채 존재
ABNB	Airbnb, Inc.	0001559720	S&P 500	보류	PEG=불리, PEGY=판정불가	156.9600067138672	4.030497592295345	2025		6560000000.0	4454000000.0	11014000000.0	0.0	1999000000.0	8199000000.0	14009000000.0	36.919128242074926	63.080871757925074	0.5852666143193661	17.67897271268058	14.470304975922954	34.556783824268926	35.352880996710184	-1.825115293410216	13.128576286013535		4.849769413179568	34.757152572027074		19.546983943007856	140.08861975659707		-87.54651942730777	-10.748844441645634		3년	34.757152572027074	140.08861975659707	-10.748844441645634				7.417335473515249	4.725621276913426	판정불가		판정불가	3년	13.128576286013537	2.632180601417065	불리	Y		623000000.0	6.5508175379848765	24.295223496312058		-17.6062956882587	168.43900024414063	143.0136749267578	N	Y	상승전환	단기위험부채 존재
MRK	Merck & Co., Inc.	0000310158	S&P 500	제외	PEG=불리, PEGY=불리(<1)	149.27999877929688	7.28	2025	2.28	14565000000.0	498000000.0	15063000000.0	46750000000.0	2300000000.0	52606000000.0					-12.639409652971679	-13.55684084563223	22.241676982454468	22.367697750677074	8.011869436201781	8.433903046142621	21.232013056721488	24.523738872403563	25.367806092285242	50.964026113442976	178.53281899109794	184.67762835183657	371.0181101058649	19.595940816592528	23.71223865353411	148.53839304647698	3년	25.367806092285242	184.67762835183657	23.71223865353411	0.4627290219312423	0.48170392253220706	1.0571151210976195	4.93019545273235	3.302649713992429	3년	0.481703922532207	불리(<1)	3년	8.433903046142621	2.637174847845453	불리	N	주당순현금<=0	2507000000.0	19.071544634999782	24.100089486346853		-4.582932763697867	141.3047998046875	122.1873500442505	Y	Y	강한 상승추세	단기위험부채 존재
QCOM	QUALCOMM INC/DE	0000804328	S&P 500	제외	PEG=불리, PEGY=불리(<1)	184.10000610351562	5.01	2025	2.0	5520000000.0	4635000000.0	10155000000.0	14811000000.0	1000000000.0	4909000000.0	28937000000.0	14.503929563316198	85.49607043668381	0.16964439990323807	-4.213574660633484	-5.118552036199095	37.58754107068845	37.768175277388174	-44.147157190635454	-23.90448036479093	14.194083679524194	-79.79431438127091	-39.30896072958187	36.88816735904839	-399.76951505016723	-196.93789325520515	184.80971846883241	-317.1480183576882	-206.9733225019401	0.3855037163430275	5년	36.88816735904839	184.80971846883241	0.3855037163430275	-1.1213065816508727	-0.5827590669896868	0.4308364744868261			5년	0.4308364744868261	불리(<1)	5년	14.194083679524194	2.6481132505165306	불리	N	주당순현금<=0 | FCF<=0	1105000000.0	1.1983333094285786	42.95698699223174		-26.65922915701544	170.83120025634764	169.19799995422363	Y	Y	강한 상승추세	단기위험부채 존재
ETR	ENTERGY CORP /DE/	0000065984	S&P 500	제외	PEG=불리, PEGY=불리(<1)	99.76000213623047	3.91	2025	2.57	1928916000.0		1928916000.0	27902021000.0	657774000.0	16923076000.0					-57.69853670100379	-59.15976350773198	40.27072604532845	40.64444134116687	59.59183673469387	-10.03626231922775	15.165895704950483	127.68367346938774	-11.572524638455501	38.831791409900966	499.24316326530607	-45.24857133636101	151.83230441271277	400.44421869954306	-145.35742819509002	52.197575342243184	5년	38.831791409900966	151.83230441271277	52.197575342243184	1.5435986096879637	-0.18540173104462473	0.4404165866040528	-5.629813158795977	-5.64335709526951	5년	0.4404165866040528	불리(<1)	5년	15.165895704950483	2.655347684619986	불리	N	주당순현금<=0 | FCF<=0	450151884.0	-11.607299666202165	-11.213953725237236		-15.393097245498133	106.42619995117188	106.14300014495849	N	N	주의	단기위험부채 존재
MDT	Medtronic plc	0001613103	S&P 500	제외	PEG=불리, PEGY=불리(<1)	87.08999633789062	3.73	2026	3.31	1949000000.0	7271000000.0	9220000000.0	22140000000.0	0.0	49463000000.0	42956000000.0	53.52038000843983	46.47961999156018	1.1514805847844305	-10.030277152395	-10.030277152395	26.037606833856735	26.037606833856735	3.3240997229916927	9.77073559217516	6.995481881143495	15.148199445983385	28.04147118435032	22.490963762286988	56.502783933518025	104.5946875176267	83.89129483333046	-35.12138441905628	20.099542904814925	-3.6728690309618117	3년	28.04147118435032	104.5946875176267	20.099542904814925	0.25478915037480954	0.5023785663422132	0.39579220728316944	4.212405869109541	4.836842400091859	3년	0.5023785663422132	불리(<1)	3년	9.77073559217516	2.6648563547977706	불리	N	주당순현금<=0	1288100000.0	9.962120825338694	0.5077839633739867		-17.33270280086049	89.66379974365235	88.84294990539551	N	N	중립/개선	
CPRT	COPART INC	0000900075	S&P 500	제외	PEG=불리, PEGY=판정불가	27.139999389648438	1.55	2026		186319000.0		186319000.0	325386000.0	50370000.0	5987440000.0	913930000.0	86.75726703538574	13.242732964614273	6.551311369579727	-0.1453368308843509	-0.1979777605919361	17.603442722924378	17.637404613058305	-2.5157232704402537	6.587737291019979	-16.85169159402069	3.4685534591194926	21.67547458203996	-25.20338318804138	5.376257861635214	33.596985602161936	-39.06524394146414	-80.19064855364076	23.791401465455756	-243.93973773029688	3년	21.67547458203996	33.596985602161936	23.791401465455753				1.324257467132078	4.879357026209689	판정불가		판정불가	3년	6.587737291019979	2.6721531149884146	불리	N	주당순현금<=0	956860000.0	-5.731161769394067	-18.25301576515529		-40.69055859891233	30.48660011291504	33.66715014457703	N	N	주의	단기위험부채 존재
PCG	PG&E Corp	0001004980	S&P 500	제외	PEG=불리, PEGY=불리(<1)	12.180000305175781	1.18	2025	1.64	713000000.0		713000000.0	57387000000.0	2675000000.0	32540000000.0					-25.737511353315167	-26.952316076294277	32.13348445634826	33.16297998429666	2.6086956521739157	11.995586155825675		13.717391304347831	32.491172311651354		16.18652173913044	38.3395833277486		32.89426382240832	214.7748962818707		3년	32.491172311651354	38.3395833277486	214.7748962818707	0.1322201972196808	0.42434197182533817		-1.3946412352406903	-11.450256160076204	3년	0.4243419718253381	불리(<1)	3년	11.995586155825677	2.6787756795646525	불리	N	주당순현금<=0 | FCF<=0	2202000000.0	-26.493660051301582	-30.677287895663575		-36.26373670245682	15.800600032806397	16.572149991989136	N	N	주의	단기위험부채 존재
MAA	MID AMERICA APARTMENT COMMUNITIES INC.	0000912595	S&P 500	제외	PEG=불리, PEGY=불리(<1)	118.43000030517578	3.78	2025	5.17	60258000.0		60258000.0			5662851000.0	6135738000.0	47.996001894802845	52.003998105197155	0.9229290755244113	0.5143705878838061	0.5143705878838061	31.19461103632063	31.19461103632063	-15.812917594654795	-11.64378965026387	11.534580200891554	-23.12583518930959	-14.787579300527739	31.56916040178311	-87.41565701559024	-55.89704975599485	119.33142631874014	-173.81208882068196	-147.19838690530844	0.7611466784104737	5년	31.56916040178311	119.33142631874014	0.7611466784104737	-0.3411780830433498	-0.20752910311099187	0.5354957040958778			5년	0.5354957040958778	불리(<1)	5년	11.534580200891554	2.7044426839140163	불리	N	FCF<=0	117149000.0	-15.370874489756304	-3.0216200118039493		-16.710037082966856	128.72560104370118	131.29795055389405	N	N	주의	
HST	HOST HOTELS & RESORTS, INC.	0001070750	S&P 500	제외	PEG=불리, PEGY=불리(<1)	22.440000534057617	1.1	2025	3.57	768000000.0		768000000.0	1274000000.0		6558000000.0	6317000000.0	50.935922330097085	49.064077669902915	1.038151021054298	-0.7290015847860539	-0.7290015847860539	21.06272919894879	21.06272919894879	11.111111111111121	7.721734501594191		30.722222222222243	23.943469003188383		33.79444444444447	26.337815903507224		50.5991249561425	17.369943300731293		3년	23.943469003188383	26.337815903507224	17.369943300731293	0.6970184619685389	0.536100255334325		2.175479037602651	9.694647886932465	3년	0.536100255334325	불리(<1)	3년	7.721734501594191	2.7277199435697104	불리	N	주당순현금<=0	694100000.0	-3.8972155569396705	17.11900163239577		-12.13782408122407	23.03959991455078	21.309299964904785	N	Y	중립/개선	
WELL	WELLTOWER INC.	0000766704	S&P 500	제외	PEG=불리, PEGY=불리(<1)	232.89999389648438	1.39	2025	1.46	5033678000.0		5033678000.0	19197302000.0		42129498000.0	24100108000.0	63.61127680572341	36.38872319427659	1.7481041163798934	-20.843541259210532	-20.843541259210532	182.54930586740642	182.54930586740642	-11.464968152866252	66.71109926452392	28.940704466365673	-14.429936305732504	141.92219852904785	66.38140893273135	-20.05761146496818	197.27185595537648	92.27015841649657	-108.61211334933871	-15.297612226191514	-60.38206919940612	3년	141.92219852904785	197.27185595537648	-15.297612226191514	-0.054806936160761405	0.37343937814827727	0.16653421015167838			3년	0.3734393781482772	불리(<1)	3년	66.71109926452392	2.736415797070874	불리	N	주당순현금<=0 | FCF<=0	679521000.0	1.1772846024309613	17.79878912934607		-7.605035454724851	236.73339965820313	213.46909957885742	N	Y	상승전환	
GD	GENERAL DYNAMICS CORP	0000040533	S&P 500	제외	PEG=불리, PEGY=불리(<1)	332.3399963378906	15.45	2025	1.91	2333000000.0		2333000000.0	7007000000.0	0.0	25622000000.0					-17.157015692392402	-17.157015692392402	22.621165827202788	22.621165827202788	13.352898019075557	8.220181851997577	7.03040276544542	35.205796038151114	24.940363703995153	22.56080553089084	543.9295487894346	385.3286192267251	348.56444545226344	63.66659288171279	15.944100461191812	4.881882798685888	3년	24.940363703995153	385.3286192267251	15.944100461191812	0.6747175691856411	0.4478187344268375	0.3952229002580519	14.532440121134258	4.372762917876156	3년	0.4478187344268375	불리(<1)	3년	8.220181851997577	2.751905764919987	불리	N	주당순현금<=0	272425000.0	-8.410954705877005	-3.169979850858473		-16.069400380496713	372.0698016357422	355.33840026855466	N	N	주의	
FRT	FEDERAL REALTY INVESTMENT TRUST	0000034903	S&P 500	제외	PEG=불리, PEGY=불리(<1)	109.38999938964844	4.68	2024	4.24	107415000.0		107415000.0	4963602000.0		3248731000.0	5629819000.0	36.59078340494788	63.40921659505212	0.5770578059436724	-56.20261558937562	-56.20261558937562	35.38303738868036	35.38303738868036	67.14285714285715	12.808740658788563	19.50578386760935	142.7857142857143	34.11748131757713	47.5115677352187	668.2371428571429	159.66981256626096	222.3541370008235	510.875899612061	45.96381155238447	103.26733544333928	3년	34.11748131757713	159.66981256626096	45.96381155238447	2.0174315833522463	0.48183372364303445	0.6711064289581321			3년	0.4818337236430344	불리(<1)	3년	12.808740658788565	2.762413443385842	불리	N	주당순현금<=0 | FCF<=0	86405000.0	-9.152067051990887	2.994068668286687		-13.95421871079493	117.53179977416993	112.36144981384277	N	N	판정불가	
INVH	Invitation Homes Inc.	0001687229	S&P 500	제외	PEG=불리, PEGY=불리(<1)	26.56999969482422	0.96	2025	4.52	129971000.0		129971000.0	8380020000.0		9530132000.0	9112398000.0	51.12037904726451	48.87962095273549	1.0458423787020716	-13.454578621849206	-13.454578621849206	41.692269079868154	41.692269079868154	29.729729729729726	15.0739165329576	22.36032947934692	67.95945945945945	38.647833065915194	53.22065895869384	65.24108108108108	37.101919743278586	51.09183260034608	145.54415442387042	39.63838979834826	92.29143088887075	3년	38.647833065915194	37.101919743278586	39.638389798348264	0.8214887432516309	0.46996522293911003	0.64473174697816	1.9605145330390512	7.37867728850955	3년	0.46996522293911	불리(<1)	3년	15.073916532957599	2.765855110628496	불리	N	주당순현금<=0	613177806.0	-12.45469732828537	6.921526305637693		-13.141550956885439	28.966999969482423	27.854949922561644	N	N	판정불가	
RSG	REPUBLIC SERVICES, INC.	0001060391	S&P 500	제외	PEG=불리, PEGY=불리(<1)	211.9199981689453	6.85	2025	1.26	76000000.0		76000000.0	13710000000.0		11968000000.0					-43.67520053304631	-43.67520053304631	37.313167693721404	37.313167693721404	5.546995377503843	13.459076140014382	56.06006028771993	19.593990755007688	35.418152280028764	120.62012057543986	134.21883667180265	242.614343118197	826.2478259417629	-36.66532756158214	14.48393035789939	289.8866709516804	3년	35.418152280028764	242.614343118197	14.48393035789939	0.1824287724209821	0.3944740436093054	1.5361885315720605	7.716998539248097	3.6414678208405835	3년	0.3944740436093054	불리(<1)	3년	13.459076140014382	2.7723424182725167	불리	N	주당순현금<=0	312168000.0	-1.2994310733919212	-3.241715809065193		-8.761357785848379	217.2386004638672	215.2414998626709	N	N	주의	
MLM	MARTIN MARIETTA MATERIALS INC	0000916076	S&P 500	제외	PEG=불리, PEGY=안심	479.0899963378906	18.77	2025	70.0	67000000.0		67000000.0	5293000000.0	30000000.0	10032000000.0	8677000000.0	53.621251803944624	46.378748196055376	1.1561599631208943	-86.23762376237623	-86.73267326732673	30.118679813546446	30.145054321002522	-42.085775995063244	10.610393458663768	10.217788506018909	-75.67155199012649	29.720786917327537	28.935577012037818	-1420.3550308546742	557.8591704382378	543.1207805159498	-396.4693568456253	16.441414912114595	13.365084778956614	3년	29.720786917327537	557.8591704382378	16.441414912114595	0.9268076880442085	2.6764251938561965	2.6633899295260424	16.138613861386137	3.3685975463374027	3년	2.6764251938561965	안심	3년	10.610393458663768	2.838601596715856	불리	N	주당순현금<=0	60600000.0	-17.289896344339272	-18.616225742573846		-32.34243179044679	525.8404016113282	591.7267990112305	N	N	주의	단기위험부채 존재
FIS	Fidelity National Information Services, Inc.	0001136893	S&P 500	제외	PEG=불리, PEGY=불리(<1)	33.349998474121094	0.73	2025	5.28	599000000.0		599000000.0	9069000000.0	2729000000.0	13899000000.0	19586000000.0	41.50813797222637	58.491862027773635	0.7096395384458286	-16.319845857418112	-21.578034682080926	68.04088264594412	75.24388103589318	-72.03065134099617		23.901501752560208	-135.56130268199234		56.303003505120415	-98.95975095785441		41.1011925587379	-396.7309010063227		23.24196233661471	5년	56.303003505120415	41.1011925587379	23.24196233661471	-0.9810374108216413		0.42888188127141674	8.05587668593449	24.155553386863517	5년	0.4288818812714167	불리(<1)	5년	23.901501752560208	2.846719982298013	불리	N	주당순현금<=0	519000000.0	-18.259806132967448	-28.90641956384291		-51.36357208320301	40.38659980773926	47.29665000915527	N	N	주의	단기위험부채 존재
FDX	FEDEX CORP	0001048911	S&P 500	제외	PEG=불리, PEGY=불리(<1)	287.4700012207031	18.55	2026	1.7	13311000000.0		13311000000.0	23293000000.0	745000000.0	31647000000.0					-41.76569037656904	-44.88284518828452	17.748554803087448	17.916595493745966	10.350981558596088	6.216255240021917	-0.9430705522987193	29.201963117192175	20.932510480043835	6.6138588954025614	541.6964158239149	388.29806940481313	122.68708250971751	88.43580670110728	35.074292189083046	-57.321778972156004	3년	20.932510480043835	388.29806940481313	35.074292189083046	0.6789838210658008	0.4460225256562774	0.042647384877196264			3년	0.4460225256562774	불리(<1)	3년	6.216255240021917	2.855184370297007	불리	N	주당순현금<=0 | FCF<=0	239000000.0	-8.416965240938056	0.1601104291986566		-15.288051849036055	315.13559875488284	298.1536349487305	N	N	판정불가	단기위험부채 존재
MSCI	MSCI Inc.	0001408198	S&P 500	제외	PEG=불리, PEGY=불리(<1)	539.760009765625	15.69	2025	1.52	515332000.0	70898000.0	586230000.0	6202286000.0	0.0	-2654540000.0	8356999000.0	-46.55079501667614	146.55079501667615	-0.3176427327561006	-73.28221723471998	-73.28221723471998	39.07216233271797	39.07216233271797	11.672597864768674	13.538386829039872	53.02284334613518	31.84519572953735	35.576773658079745	114.54568669227037	499.65112099644097	558.1995786952712	1797.221824201722	-7.430874470785664	3.416253259972524	232.96683557237094	3년	35.576773658079745	558.1995786952712	3.4162532599725237	0.33764698642546204	0.38539937208518366	1.3959514930777834	20.214089983819616	3.7450143801125604	3년	0.3853993720851836	불리(<1)	3년	13.538386829039872	2.8860279164802773	불리	N	주당순현금<=0	76636000.0	-7.262515231785304	0.13914398367593783		-16.164205545218657	561.8583984375	572.9611491394043	N	N	판정불가	
DTE	DTE ENERGY CO	0000936340	S&P 500	제외	PEG=불리, PEGY=불리(<1)	122.38999938964844	7.03	2025	3.81	208000000.0		208000000.0	10982000000.0	882000000.0	12303000000.0					-52.04830917874396	-56.309178743961354	24.813415159088535	25.419513248024153	3.8404726735598333	8.394043095201798	37.69982747513958	16.180945347119668	25.288086190403597	83.89965495027916	113.75204579025127	177.77524591853728	589.8145743004625	-7.057728280475628	45.25308179188801	381.91402667034254	3년	25.288086190403597	177.77524591853728	45.25308179188801	0.3083200206222986	0.49183246308325124	1.672878449379249			3년	0.4918324630832512	불리(<1)	3년	8.394043095201798	2.9560743109923244	불리	N	주당순현금<=0 | FCF<=0	207000000.0	-18.71555194514335	-16.29736125845458		-20.747260769091223	136.3218002319336	141.04489990234376	N	N	주의	단기위험부채 존재
ZBRA	ZEBRA TECHNOLOGIES CORP	0000877212	S&P 500	제외	PEG=불리, PEGY=판정불가	375.9700012207031	8.18	2025		125000000.0	0.0	125000000.0	2361000000.0	141000000.0	3588000000.0	4914000000.0	42.201834862385326	57.798165137614674	0.7301587301587301	-43.66130504148459	-46.4145447601113	51.29967069219899	51.63625256489174	-19.64636542239686	-2.4059043989460127	17.195332607402314	-30.792730844793716	3.6881912021079746	42.89066521480463	-251.88453831041258	30.169404033243232	350.84564145710186	-166.99591390073448	-91.9755821115278	-6.682543735411661	5년	42.89066521480463	350.84564145710186	-6.682543735411661				16.22654046935317	4.315913614561981	판정불가		판정불가	5년	17.195332607402314	2.9833485553001347	불리	N	주당순현금<=0	51212395.0	40.365873680586176	79.82112011100062		-1.850884034636413	344.0255987548828	265.59139976501467	Y	Y	강한 상승추세	단기위험부채 존재
RVTY	REVVITY, INC.	0000031791	S&P 500	제외	PEG=불리, PEGY=불리(<1)	152.77000427246094	2.07	2025	18.0	919860000.0	0.0	919860000.0	2631236000.0	588828000.0	7250360000.0	4918051000.0	59.58345752785635	40.416542472143654	1.4742344070852458	-14.677953600068614	-19.728153008276514	80.89273327175341	83.33244313079105	-5.909090909090924	27.023182791188983	-9.341040767937725	-3.3181818181818485	62.546365582377966	-10.18208153587545	-6.868636363636426	129.47097675552237	-21.076908779262183	-104.49606347551475	-15.25104854705994	-113.79649681862425	3년	62.546365582377966	129.47097675552237	-15.251048547059941	0.14946842073305303	0.5565788293978989	0.1070424855465461	4.3690638535100135	2.8598964006821084	3년	0.5565788293978989	불리(<1)	3년	27.023182791188983	2.99345691056528	불리	N	주당순현금<=0	116595000.0	35.38639598587277	74.37507500075327		0.0	125.4313996887207	105.50664989471436	Y	Y	강한 상승추세	단기위험부채 존재
WMT	Walmart Inc.	0000104169	S&P 500	제외	PEG=불리, PEGY=양호	106.80000305175781	2.73	2026	93.0	10727000000.0		10727000000.0	34624000000.0	6596000000.0	99617000000.0					-2.9789329344303166	-3.801171777611568	40.21206446380518	40.513250853248856	13.278008298755179	-13.852054624316834	-10.485413986679248	35.05601659751036	-19.204109248633667	-12.470827973358496	95.70292531120327	-52.42721824876991	-34.04536036726869	-10.390521932079565	-149.08915426094364	-131.87767733561722	1년	35.05601659751036	95.70292531120327	-10.390521932079565	2.6429383747361657	1.968263664923847	2.0519858185244884	1.8602592869608576	1.7418157619895684	3년	1.968263664923847	양호	1년	13.278008298755179	3.028471104930329	불리	N	주당순현금<=0	8022000000.0	-1.8562733401316867	-14.065011183803588		-20.417283546624752	109.16539993286133	118.50394966125488	N	N	주의	단기위험부채 존재
AMT	AMERICAN TOWER CORP /MA/	0001053507	S&P 500	제외	PEG=불리, PEGY=불리(<1)	167.35000610351562	5.4	2025	4.28	1474800000.0	4026000.0	1478826000.0	18294659000.0	3387800000.0	3652500000.0	52835100000.0	6.466020861215559	93.53397913878445	0.06913018050500519	-35.873241359595696	-43.1004401000945	37.63393471539098	38.97230485252039	106.10687022900764	12.230302192084208	7.337360126949077	220.71374045801528	32.96060438416842	23.174720253898155	1191.8541984732826	177.98726367450948	125.14348937105004	612.1925037373779	6.356293506445465	-25.220505045191587	3년	32.96060438416842	177.98726367450948	6.356293506445465	2.9331737715924566	0.43870783953217796	0.30869374182652176	8.071559464711994	4.823160543967515	3년	0.4387078395321779	불리(<1)	3년	12.230302192084208	3.077105873945511	불리	N	주당순현금<=0	468757000.0	0.7646942789372391	-3.0304761108178147		-13.790433591094631	173.0352001953125	177.16340034484864	N	N	중립/개선	단기위험부채 존재
NDAQ	NASDAQ, INC.	0001120193	S&P 500	제외	PEG=불리, PEGY=불리(<1)	91.8499984741211	3.09	2025	1.26	604000000.0	291000000.0	895000000.0	8573000000.0	431000000.0	12227000000.0	18821000000.0	39.38095851584643	60.61904148415357	0.6496466712714521	-13.270015025137837	-14.014919489299652	34.019421844420364	34.26049125029798	60.10362694300518	10.989871033323162	-11.180293383285411	128.70725388601036	30.479742066646324	-13.860586766570822	397.705414507772	94.18240298593713	-42.82921310870384	332.9944704569878	2.539362602682238	-146.62951967361332	3년	30.479742066646324	94.18240298593713	2.539362602682238	1.8037821813561956	0.3600846331059063	-0.2916067600635156	3.4376217615263296	3.742647597860207	3년	0.3600846331059063	불리(<1)	3년	10.989871033323162	3.095525119563977	불리	N	주당순현금<=0	578597687.0	11.023806052369945	8.198844545310902		-9.041398870369122	94.87320037841796	90.68870006561279	N	Y	상승전환	단기위험부채 존재
ALGN	ALIGN TECHNOLOGY INC	0001097149	S&P 500	보류	PEG=불리, PEGY=판정불가	144.00999450683594	5.65	2025		1094908000.0	318202000.0	1413110000.0			4049147000.0	2184546000.0	64.95582955400594	35.04417044599405	1.8535416512172322	19.467542844547307	19.467542844547307	22.042911798635153	22.042911798635153	0.533807829181499	7.016113370463617	-24.086097409967156	9.567615658362998	22.532226740927236	-39.67219481993431	54.05702846975094	127.3070810862389	-224.14790073262887	-62.46300220004179	-11.598440426163735	-255.6474614836465	3년	22.532226740927236	127.3070810862389	-11.598440426163737				6.761145092852813	4.694913791231255	판정불가		판정불가	3년	7.016113370463617	3.1417553615127205	불리	Y		72588000.0	-20.651280980725872	-15.99486632470648		-27.087236842664353	161.84140106201173	170.59959999084472	N	N	주의	
ADM	Archer-Daniels-Midland Co	0000007084	S&P 500	제외	PEG=불리, PEGY=불리(<1)	79.4000015258789	2.23	2025	2.62	1015000000.0	433000000.0	1448000000.0	6606000000.0	798000000.0	22740000000.0					-10.65702479338843	-12.305785123966942	40.384316735097464	41.12367114342863	-38.9041095890411	-33.86721254408997	12.82075623743526	-69.3082191780822	-59.23442508817995	34.141512474870524	-154.5573287671233	-132.0927679466413	76.13557281896126	-294.6565816081859	-266.3636843931145	-4.111371088391813	5년	34.141512474870524	76.13557281896126	-4.111371088391813	-0.8984703103199235	-0.77374622304637	0.3823453628971741	8.685950413223141	10.93948393740537	5년	0.3823453628971741	불리(<1)	5년	12.82075623743526	3.1499168993775504	불리	N	주당순현금<=0	484000000.0	3.6418233824558444	9.230979308167498		-9.86490540728272	82.29439987182617	74.11150022506713	N	Y	상승전환	단기위험부채 존재
AZO	AUTOZONE INC	0000866787	S&P 500	제외	PEG=불리, PEGY=판정불가	2875.969970703125	144.87	2025		271803000.0		271803000.0	8799775000.0	180910000.0	-3414313000.0					-494.51852710930706	-505.0091040881415	23.265607080916904	23.338020810321435	-3.1293881644934842	7.323782044011162	36.18199999564493	2.2412236710130315	23.147564088022325	80.86399999128986	324.6860732196579	3353.3876094317943	11714.767678738162	-88.71038027075512	16.60023030810538	307.3327537517405	3년	23.147564088022325	3353.3876094317943	16.60023030810538				103.80284140330531	3.6093158990087546	판정불가		판정불가	3년	7.323782044011162	3.176720298488643	불리	N	주당순현금<=0	17245000.0	-10.632815189603761	-14.856208937270788		-32.38913802037238	2973.012412109375	3306.4949499511717	N	N	주의	단기위험부채 존재
BAC	BANK OF AMERICA CORP /DE/	0000070858	S&P 500	제외	PEG=불리, PEGY=불리(<1)	54.959999084472656	3.81	2025	2.33	161560000000.0		161560000000.0	317816000000.0	45999000000.0	303243000000.0	3108495000000.0	8.888226469910645	91.11177353008935	0.09755299590316215	-20.343449335364344	-26.33220065356924	19.764684624629133	21.33653536431546	18.691588785046733	6.09903426261329	15.29664601415619	45.883177570093466	20.69806852522658	39.093292028312376	174.8149065420561	78.85964108111328	148.94544262787016	218.07661836632914	43.48552109672936	171.00699619543906	3년	20.69806852522658	78.85964108111328	43.485521096729364	1.0635934336564798	0.426469454114624	0.8918253111001481			3년	0.426469454114624	불리(<1)	3년	6.09903426261329	3.240625281577028	불리	N	주당순현금<=0 | FCF<=0	7680900000.0	-5.825910709938942	12.738459660456725		-15.198270089758692	61.314399795532225	55.3180499458313	N	N	판정불가	단기위험부채 존재
CAT	CATERPILLAR INC	0000018230	S&P 500	제외	PEG=불리, PEGY=안심	826.6400146484375	18.81	2025	79.0	9980000000.0		9980000000.0	30696000000.0	5514000000.0	21318000000.0	77267000000.0	21.623979307196837	78.37602069280317	0.2759004490921092	-43.8619521490578	-55.53673512597925	46.278679787213996	46.89934873867181	-14.693877551020417	14.168748532167829	67.65638212373489	-20.887755102040835	36.83749706433566	143.81276424746977	-392.8986734693881	692.9133197801536	2705.1180954949064	-147.52959770964927	-16.17713787121189	227.2425780943315	3년	36.83749706433566	692.9133197801536	-16.17713787121189	1.3895409883050782	2.0132110285027784	3.1689837047653535	18.882066483167478	2.2841945887652013	3년	2.0132110285027784	안심	3년	14.168748532167829	3.2662503454095337	불리	N	주당순현금<=0	472300000.0	-16.619760034638364	16.681250742521424		-22.373932228682424	827.2736010742187	791.7485494995117	N	Y	중립/개선	단기위험부채 존재
DUK	Duke Energy CORP	0001326160	S&P 500	제외	PEG=불리, PEGY=불리(<1)	114.20999908447266	6.31	2025	3.8	245000000.0	44000000.0	289000000.0	80108000000.0	2624000000.0	51842000000.0					-102.72715572715573	-106.10424710424711	34.379897751446656	34.915094483156864	10.507880910683006			29.515761821366013			186.24445709281952			63.071936420442775			1년	29.515761821366013	186.24445709281952	63.071936420442775	0.41616996694182873			-2.18018018018018	-1.9089223339960475	1년	0.4161699669418287	불리(<1)	1년	10.507880910683006	3.271820269346009	불리	N	주당순현금<=0 | FCF<=0	777000000.0	-9.19137939663056	-12.776846681685395		-14.423802383485384	121.69279968261719	124.02980018615723	N	N	주의	단기위험부채 존재
ABT	ABBOTT LABORATORIES	0000001800	S&P 500	제외	PEG=불리, PEGY=불리(<1)	100.94999694824219	3.72	2025	2.5	8522000000.0	417000000.0	8939000000.0	9896000000.0	0.0	52130000000.0					-0.5474828375286042	-0.5474828375286042	27.284268759615802	27.284268759615802	-51.30890052356021	-1.6467472577444189	8.273103706617114	-94.11780104712042	5.206505484511163	25.046207413234228	-350.118219895288	19.368200402381525	93.17189157723134	-446.8234081025244	-80.8140653908967	-7.7049089709222525	5년	25.046207413234228	93.17189157723134	-7.7049089709222525	-1.7889026439954883	0.03127269965609283	0.3948467082454004	4.230549199084668	4.190737322412899	3년	0.0312726996560928	불리(<1)	5년	8.273103706617114	3.2979483549556985	불리	N	주당순현금<=0	1748000000.0	9.51399068564982	-1.6752715022677167		-24.994427747211322	106.99759979248047	104.43509994506836	N	N	중립/개선	
SO	SOUTHERN CO	0000092122	S&P 500	제외	PEG=불리, PEGY=불리(<1)	83.44999694824219	3.92	2025	3.64	1639000000.0		1639000000.0		722000000.0	36016000000.0	116853000000.0	23.560041604249392	76.43995839575061	0.3082163059570572	1.477908025247971	0.8268710550045085	20.911247174233218	21.077328033989204	-1.754385964912288	6.338245126558739	5.994587569440402	4.991228070175424	21.17649025311748	20.489175138880803	19.565614035087663	83.01184179222051	80.31756654441274	-76.55408657807051	-0.525051134865151	-3.753661495964178	3년	21.17649025311748	83.01184179222051	-0.525051134865151	0.09017224173081177	0.4771712104696417	0.46073710903824594	-2.6465284039675385	-3.171394248952439	3년	0.4771712104696417	불리(<1)	3년	6.338245126558739	3.299217173947749	불리	N	FCF<=0	1109000000.0	-12.268718945930834	-13.541235131987662		-16.315687999693964	90.05259979248046	92.19104991912842	N	N	주의	단기위험부채 존재
KEY	KEYCORP /NEW/	0000091576	S&P 500	보류	PEG=불리, PEGY=불리(<1)	20.1200008392334	1.52	2025	4.08	1287000000.0	10163000000.0	11450000000.0	9917000000.0	343000000.0	20381000000.0	164000000000.0	11.053741979922009	88.94625802007799	0.12427439024390244	1.3835814995388063	1.074013036171676	12.326591670851705	12.53025513359324	575.0	-7.651730931537582	3.659228783256574	1158.5	-6.803461863075164	15.818457566513148	1760.92	-10.34126203187425	24.044055501099987	8652.087110087286	-151.39792047975016	19.503252973105244	5년	15.818457566513148	24.044055501099987	19.503252973105244	46.978111668072195	-0.2897581932549562	0.627848231685753	1.8556057162764419	9.222692042129871	5년	0.627848231685753	불리(<1)	5년	3.659228783256574	3.36863104249019	불리	Y		1107994000.0	-13.462361981791837	0.34913518621717543		-16.13171725221899	21.988400115966797	21.616200017929078	N	N	판정불가	단기위험부채 존재
CARR	CARRIER GLOBAL Corp	0001783180	S&P 500	제외	PEG=불리, PEGY=불리(<1)	55.380001068115234	1.72	2025	1.73	1555000000.0		1555000000.0	11365000000.0	325000000.0	14128000000.0	23062000000.0	37.98870664157031	62.01129335842969	0.612609487468563	-11.375231910946196	-11.75208719851577	38.8111819645706	39.03028387594826	-72.03252032520325	-25.140280284035853	11.456573996486764	-135.5650406504065	-41.78056056807171	31.413147992973528	-233.17186991869917	-71.86256417708333	54.03061454791447	-521.0398436646957	-229.76266303912703	-2.436595330760416	5년	31.413147992973528	54.03061454791447	-2.436595330760416	-1.8113985909880306	-0.6031839047160763	0.3397622367833151			5년	0.3397622367833151	불리(<1)	5년	11.456573996486764	3.387677849981357	불리	N	주당순현금<=0 | FCF<=0	862400000.0	-23.158038986237983	-1.651572158577319		-27.131577541953643	60.266399993896485	61.59719997406006	N	N	주의	단기위험부채 존재
ADSK	Autodesk, Inc.	0000769397	S&P 500	보류	PEG=불리, PEGY=불리(<1)	203.17999267578125	5.23	2026	0.029530466661519823	2249000000.0	348000000.0	2597000000.0	2500000000.0		3045000000.0					0.4511627906976744	0.4511627906976744	38.76268257840986	38.76268257840986	2.148437500000006	11.430299124308885	4.988943736048346	12.796875000000012	31.36059824861777	18.47788747209669	66.92765625000007	164.01592884027096	96.6393514790657	-67.05991797292856	-19.27555135706951	-52.43658088260923	3년	31.36059824861777	164.01592884027096	-19.27555135706951	0.05618723529404584	0.2956407768680419	0.12946663824306803	11.204651162790698	5.514642960279168	3년	0.2956407768680419	불리(<1)	3년	11.430299124308885	3.391222063119331	불리	Y		215000000.0	1.712053595810592	-15.129491288276519		-37.179606939095244	233.16299926757813	240.26909980773925	N	N	중립/개선	
PLD	Prologis, Inc.	0001045609	S&P 500	제외	PEG=불리, PEGY=불리(<1)	132.61000061035156	1.49	2025	3.23	1145647000.0		1145647000.0	35037073000.0		53193178000.0	40970248000.0	56.49027468478048	43.50972531521952	1.2983367345006065	-35.42045625564362	-35.42045625564362	112.77211870201019	112.77211870201019	8.759124087591232	33.234053078207104	31.425771273344495	26.018248175182464	74.96810615641421	71.35154254668899	38.76718978102187	111.70247817305717	106.31379839456659	-70.76601342086435	-15.766173245656669	-19.829727844622514	3년	74.96810615641421	111.70247817305717	-15.766173245656667	0.10631283889656605	0.32334280403616394	0.3073079735685301			3년	0.3233428040361639	불리(<1)	3년	33.234053078207104	3.39327010270557	불리	N	주당순현금<=0 | FCF<=0	956832000.0	-3.0628672134027535	0.32531998668290374		-11.628680016090565	139.7466000366211	137.94150005340578	N	N	판정불가	
RTX	RTX Corp	0000101829	S&P 500	제외	PEG=불리, PEGY=불리(<1)	186.94000244140625	4.96	2025	1.56	7435000000.0	750000000.0	8185000000.0	41078000000.0	204000000.0	65245000000.0	103941000000.0	38.56406558462284	61.43593441537716	0.627711875006013	-24.250221173695074	-24.40061928634621	42.57867411594785	42.60899631607912	39.718309859154935	12.323650810265118	122.97071854507217	87.93661971830987	33.147301620530236	254.44143709014435	436.16563380281696	164.41061603782998	1262.0295279671159	133.31851294884146	-12.051666903469629	575.0987009121718	3년	33.147301620530236	164.41061603782998	-12.051666903469627	0.9694597287540746	0.32607052940300446	2.9247204411757193	5.853730462990268	3.1313418137057307	3년	0.3260705294030044	불리(<1)	3년	12.323650810265118	3.455037372568321	불리	N	주당순현금<=0	1356400000.0	-2.5237232082061745	-3.089679442020321		-17.096102759608335	207.37519958496094	194.82684967041016	N	N	주의	단기위험부채 존재
AEE	AMEREN CORP	0001002910	S&P 500	제외	PEG=불리, PEGY=불리(<1)	100.25	5.35	2025	2.99	13000000.0		13000000.0	18214000000.0	643000000.0	13401000000.0					-66.8662747979427	-69.22850844966936	31.236686878120135	31.678225878442873	21.04072398190045	8.922553391323573	8.85719705051664	50.5814479638009	26.345106782647147	26.21439410103328	270.61074660633477	140.94632128716222	140.24700844052805	169.93590683923668	40.59483420165808	39.897265277334704	3년	26.345106782647147	140.94632128716222	40.59483420165808	0.7693109091775309	0.3813641772510698	0.3792718829862542	-2.8471711976487875	-2.840071020098541	3년	0.3813641772510698	불리(<1)	3년	8.922553391323573	3.5008685863953657	불리	N	주당순현금<=0 | FCF<=0	272200000.0	-10.642661718134983	-8.797305613199413		-15.272143121561111	106.77440017700195	107.8206997680664	N	N	주의	단기위험부채 존재
GEHC	GE HealthCare Technologies Inc.	0001932393	S&P 500	제외	PEG=불리, PEGY=양호	66.45999908447266	4.55	2025	24.0	4492000000.0		4492000000.0	9495000000.0	508000000.0	10379000000.0	26307000000.0	28.291446328299624	71.70855367170039	0.3945337742806097	-10.923580786026202	-12.032751091703057	17.007380191318433	17.251153884873784	4.838709677419354			18.177419354838708			82.70725806451613			24.446673493619397			1년	18.177419354838708	82.70725806451613	24.446673493619397	1.6956585525229997					1년	1.6956585525229997	양호	1년	4.838709677419354	3.514858572872477	불리	N	주당순현금<=0 | FCF<=0	458000000.0	2.466849304755847	-6.6310778315069925		-24.61434173801339	68.55389984130859	71.5816000175476	N	N	중립/개선	단기위험부채 존재
CTAS	CINTAS CORP	0000723254	S&P 500	제외	PEG=불리, PEGY=불리(<1)	197.74000549316406	4.91	2026	1.05	289018000.0	0.0	289018000.0	1429086000.0	0.0	5139887000.0					-2.8066873955248317	-2.8066873955248317	40.84454030319529	40.84454030319529	11.590909090909085	-27.696811943297327	-13.671080138691515	31.68181818181817	-46.89362388659465	-18.84216027738303	155.55772727272722	-230.24769328317976	-92.51500696195068	-21.332192297271423	-216.43961104832653	-146.7861860988716	1년	31.68181818181817	155.55772727272722	-21.332192297271423	0.3094883428011107	-0.6523959321244395	-0.3090028690494078	4.631188807401335	2.34205961300099	1년	0.3094883428011107	불리(<1)	1년	11.590909090909085	3.5238426928246933	불리	N	주당순현금<=0	406197000.0	13.493663744554052	16.909073079532		-8.677778318044949	202.11059936523438	187.99024978637695	N	Y	상승전환	
PWR	QUANTA SERVICES, INC.	0001050915	S&P 500	제외	PEG=불리, PEGY=불리(<1)	651.7899780273438	6.8	2025	7.000000000000001	439508000.0		439508000.0	1040532000.0	0.0	8938249000.0	15899027000.0	35.98723547622533	64.01276452377466	0.5621884282604213	-3.972635516983826	-3.972635516983826	96.43567846240111	96.43567846240111	12.769485903814253	26.99606847284017	17.23954045081646	34.038971807628506	62.49213694568034	42.97908090163292	231.46500829187383	424.9465312306263	292.2577501311038	-64.48779267941376	-34.803150469306686	-55.16074809624596	3년	62.49213694568034	424.9465312306263	-34.803150469306686	0.20500178169557953	0.3525258391384134	0.2513544866101306	10.713234759503209	1.6436636218198755	3년	0.3525258391384134	불리(<1)	3년	26.99606847284017	3.572211952248594	불리	N	주당순현금<=0	151291000.0	-5.728962248777314	18.718799832442933		-16.994805902231203	642.1280041503907	602.4485012817382	Y	Y	강한 상승추세	
PM	Philip Morris International Inc.	0001413329	S&P 500	제외	PEG=불리, PEGY=불리(<1)	193.89999389648438	7.26	2025	3.3	4872000000.0		4872000000.0	14828000000.0	168000000.0	-9994000000.0	77213000000.0	-14.867820110385457	114.86782011038545	-0.12943416264100605	-6.390243902439025	-6.498074454428755	27.588187024645094	27.60303971775663	60.61946902654868	7.709372585660357	41.71851076645543	129.73893805309734	23.918745171320715	91.93702153291086	941.9046902654867	173.6500899437884	667.4627763289328	385.7682928903715	-10.443478385825324	244.2304266833887	3년	23.918745171320715	173.6500899437884	-10.443478385825323	2.3169144449197803	0.3990611117658967	1.6318038849830714	6.844672657252889	3.530001481540526	3년	0.3990611117658967	불리(<1)	3년	7.709372585660357	3.5785255827380653	불리	N	주당순현금<=0	1558000000.0	9.122624363980991	17.27349594240235		-3.132339676183138	190.12259979248046	177.38564994812012	Y	Y	강한 상승추세	단기위험부채 존재
SHW	SHERWIN WILLIAMS CO	0000089800	S&P 500	제외	PEG=불리, PEGY=안심	330.44000244140625	10.26	2025	97.0	207200000.0		207200000.0	9320700000.0	1200500000.0	4598300000.0					-36.39576677316294	-41.19009584664537	35.75397360765782	36.221257143084955	-2.7488151658767856	9.945304600039684	18.130624645897143	3.0023696682464287	28.390609200079368	44.761249291794286	30.804312796208357	291.2876503928143	459.25041773380934	-90.67778944176996	-11.848550950042569	38.981483579683676	3년	28.390609200079368	291.2876503928143	-11.848550950042569	2.6361037759992194	2.9911445864337174	3.220079141671637	13.284496805111822	4.0202447364003495	3년	2.9911445864337174	안심	3년	9.945304600039684	3.595060688992387	불리	N	주당순현금<=0	250400000.0	-4.510904754286971	3.0853267899124237		-11.315083996642905	338.7106011962891	333.35899993896487	N	N	판정불가	단기위험부채 존재
CPAY	CORPAY, INC.	0001175454	S&P 500	보류	PEG=불리, PEGY=판정불가	392.70001220703125	15.03	2025		2408097000.0		2408097000.0	474939000.0	3345530000.0	3883864000.0					27.205353373300685	-19.876326381266008	24.317675238438497	27.450188861496823	7.587687902648523	6.564477917470324	43.85131319574005	23.675375805297044	21.628955834940648	96.2026263914801	355.84089835361453	325.0832061991579	1445.9254746639458	-9.386074027923542	-17.21843746015108	268.2010261567434	3년	21.628955834940648	325.0832061991579	-17.21843746015108				18.282881589687296	4.65568653459796	판정불가		판정불가	3년	6.564477917470324	3.70443400742058	불리	Y		71058000.0	15.18155962778831	34.95309989554449		-7.652144383083314	400.02699890136716	345.58979949951174	N	Y	상승전환	단기위험부채 존재
WMB	WILLIAMS COMPANIES, INC.	0000107263	S&P 500	보류	PEG=불리, PEGY=불리(<1)	68.62999725341797	2.14	2025	3.06	152000000.0		152000000.0		700000000.0	12807000000.0					0.12408163265306123	-0.4473469387755102	32.01211010316117	32.27913280009041	17.582417582417587	8.61732445982799	65.95600451405528	43.664835164835175	25.73464891965598	140.41200902811056	93.44274725274728	55.072148688063805	300.4816993201566	36.1543799975798	-19.754989229114305	337.82851718705524	3년	25.73464891965598	55.072148688063805	-19.754989229114305	0.6448315189438001	0.3647783423897091	2.1559342477470738	0.8204081632653061	1.1954075420343215	3년	0.3647783423897091	불리(<1)	3년	8.61732445982799	3.7148549126117225	불리	Y		1225000000.0	-5.689157043602666	-5.702118158127012		-13.564236858296109	72.41660049438477	71.02759998321534	N	N	주의	단기위험부채 존재
TFC	TRUIST FINANCIAL CORP	0000092230	S&P 500	제외	PEG=불리, PEGY=불리(<1)	46.439998626708984	3.82	2025	4.48	20295000000.0		20295000000.0	41963000000.0	27839000000.0	65189000000.0	482349000000.0	11.9058403252377	88.0941596747623	0.1351490310957419	-16.633146541797803	-38.00337760036847	16.511294546729527	22.105595870962684	13.69047619047619	-4.818353706579703	4.400488140687586	35.88095238095238	-1.1367074131594066	17.30097628137517	137.06523809523807	-4.3422223182689335	66.08972939485315	195.14479360128126	-109.35017753375124	42.31208300863953	5년	17.30097628137517	66.08972939485315	42.31208300863953	1.1004876776349015	-0.020492257928178156	0.537843239096391	3.9725186151838487	8.554088571611496	5년	0.537843239096391	불리(<1)	5년	4.400488140687586	3.752150674845269	불리	N	주당순현금<=0	1302700000.0	-8.7443521641005	1.0224002469553684		-16.789110403187035	50.69359992980957	49.85105001449585	N	N	판정불가	단기위험부채 존재
EQIX	EQUINIX INC	0001101239	S&P 500	제외	PEG=불리, PEGY=불리(<1)	1015.27001953125	13.76	2025	2.03	1727000000.0	1500000000.0	3227000000.0	15334000000.0	1299000000.0	14156000000.0	25963000000.0	35.28502704454249	64.71497295545751	0.5452374532989254	-123.38595436340104	-136.62444075293254	82.75116089350661	83.7132601950714	61.882352941176464	21.50878828113374	89.03782666520712	132.26470588235293	51.51757656226748	186.57565333041424	1819.9623529411763	708.8818534968005	2567.2809898265	79.25894766216504	-30.177997984802985	152.86681773700096	3년	51.51757656226748	708.8818534968005	-30.177997984802985	0.7723438831683097	0.28445266540038117	1.1005021039209748	39.70668446745411	3.9109481914758675	3년	0.2844526654003811	불리(<1)	3년	21.50878828113374	3.8473185849381912	불리	N	주당순현금<=0	98123000.0	0.1627853063288942	3.573617649337013		-9.02108779690607	1044.6383947753907	983.5951983642578	N	Y	상승전환	단기위험부채 존재
IQV	IQVIA HOLDINGS INC.	0001478242	S&P 500	제외	PEG=불리, PEGY=판정불가	268.989990234375	7.84	2025		1980000000.0	46000000.0	2026000000.0	13884000000.0	1840000000.0	6503000000.0	23314000000.0	21.80970587248885	78.19029412751115	0.27893111435189155	-68.34582132564842	-78.95100864553314	43.02752698469687	44.380229448967874	4.672897196261677	11.081058953610356	66.64690241687414	17.845794392523352	30.66211790722071	141.79380483374828	139.9110280373831	240.39100439261037	1111.6634298965864	-47.9865299390968	-10.63198887692658	313.27315894839705	3년	30.66211790722071	240.39100439261037	-10.63198887692658						판정불가		판정불가	3년	11.081058953610356	3.882979701202468	불리	N	주당순현금<=0 | FCF<=0	173500000.0	32.376965686121736	57.72839264926106		-2.192567456977501	250.18900024414063	205.2531996154785	Y	Y	강한 상승추세	단기위험부채 존재
CHTR	CHARTER COMMUNICATIONS, INC. /MO/	0001091667	S&P 500	제외	PEG=불리, PEGY=판정불가	110.66999816894531	36.21	2025		477000000.0		477000000.0	94006000000.0	750000000.0	16054000000.0					-679.0075792662888	-684.4524753354194	21.80827333430638	21.958643289267183	3.545896482699463	5.610772798941088	43.025880490420356	15.591792965398927	19.721545597882177	94.55176098084071	564.5788232770951	714.1171660993136	3423.7192651162422	410.1462298889957	545.2671707910982	2993.629097101548	3년	19.721545597882177	714.1171660993136	545.2671707910982				32.07406777789203	28.981718901746774	판정불가		판정불가	3년	5.610772798941088	3.886857321761848	불리	N	주당순현금<=0	137743676.0	-20.85955301261796	-48.73541056800467		-60.85803140998684	141.2964010620117	176.37445037841798	N	N	주의	단기위험부채 존재
YUM	YUM BRANDS INC	0001041061	S&P 500	제외	PEG=불리, PEGY=불리(<1)	137.72999572753906	5.55	2025	2.18	709000000.0	0.0	709000000.0	2884000000.0	38000000.0	-7926000000.0	15521000000.0	-104.35813034891378	204.35813034891373	-0.5106629727466013	-7.740213523131673	-7.875444839857651	26.210848513634367	26.23521451664806	6.321839080459772	6.690461655968871	38.731105019357614	21.143678160919542	21.880923311937742	85.96221003871523	117.34741379310346	121.43912438125447	477.0902657148695	-14.798941818568656	-11.82812157963876	246.39532455853802	3년	21.880923311937742	121.43912438125447	-11.828121579638761	0.3243633671774221	0.33842710781967367	1.5608462655482696	5.832740213523132	4.234909166091608	3년	0.3384271078196736	불리(<1)	3년	6.690461655968871	3.917644231657834	불리	N	주당순현금<=0	281000000.0	-14.765765920595374	-11.416259639667636		-18.09586540906275	147.32420043945314	154.19415016174315	N	N	주의	단기위험부채 존재
MKC	MCCORMICK & CO INC	0000063754	S&P 500	제외	PEG=불리, PEGY=불리(<1)	48.400001525878906	2.93	2025	3.97	95900000.0		95900000.0	3105800000.0	381400000.0	5736500000.0	7432300000.0	43.56129639754571	56.43870360245429	0.7718337526741386	-11.17260579064588	-12.588344469190794	20.331947889598904	20.815135151900922	0.34246575342466545	5.153167622194932	31.68223228750233	9.184931506849331	18.806335244389864	71.86446457500466	26.91184931506854	55.10256226606231	210.56288120476367	-44.39700730034255	13.848265555528185	335.04726150096957	3년	18.806335244389864	55.10256226606231	13.848265555528183	0.21210293164437866	0.44871094849018467	1.7535079511855691	2.599109131403118	5.37006001955063	3년	0.4487109484901846	불리(<1)	3년	5.153167622194932	3.945524263955293	불리	N	주당순현금<=0	269400000.0	-8.523905376185315	-4.044403561402676		-32.44940614774789	52.06900001525879	55.836849975585935	N	N	주의	단기위험부채 존재
OTIS	Otis Worldwide Corp	0001781335	S&P 500	제외	PEG=불리, PEGY=불리(<1)	65.62999725341797	3.5	2025	2.68	1096000000.0		1096000000.0	6900000000.0	215000000.0	-5392000000.0	15924000000.0	-51.196353968856826	151.1963539688568	-0.33860838985179603	-14.697391744745506	-15.24183337553811	22.950682570903847	23.10623732255888	-14.00491400491401	5.744740983915486	43.261010500751794	-19.50982800982802	19.989481967830972	95.02202100150359	-68.28439803439807	69.9631868874084	332.57707350526255	-204.04449320747435	6.602452865049835	406.7455240338931	3년	19.989481967830972	69.9631868874084	6.602452865049835	-0.49344562933702807	0.3670801928390621	2.0017274152444755			3년	0.3670801928390621	불리(<1)	3년	5.744740983915486	3.995076999148041	불리	N	주당순현금<=0 | FCF<=0	394900000.0	-7.09230206613597	-14.854702005240018		-29.89746279855343	70.81739974975586	78.43324970245361	N	N	주의	단기위험부채 존재
UBER	Uber Technologies, Inc	0001543151	S&P 500	제외	PEG=불리, PEGY=판정불가	69.36000061035156	4.73	2025		7105000000.0	528000000.0	7633000000.0	10521000000.0	0.0	27041000000.0	33719000000.0	44.504608294930875	55.49539170506912	0.8019514220469172	-1.362464021844714	-1.362464021844714	14.951895271077436	14.951895271077436	3.728070175438615			15.95614035087723			75.4725438596493			8.812778540237609			1년	15.95614035087723	75.4725438596493	8.812778540237609				4.605864350855243	6.64051947855353	판정불가		판정불가	1년	3.728070175438615	4.010626025653693	불리	N	주당순현금<=0	2119689000.0	-4.5417050446402545	-3.5729176754073944		-30.709289043312783	73.15919998168945	74.97290004730225	N	N	주의	
MAR	MARRIOTT INTERNATIONAL INC /MD/	0001048286	S&P 500	제외	PEG=불리, PEGY=안심	361.6199951171875	9.51	2025	81.0	358000000.0		358000000.0	1816000000.0	355000000.0	-3771000000.0					-5.328947368421052	-6.626461988304094	38.585588063681236	38.722024932228344	14.1656662665066	9.516775967882673		36.831332533013196	27.533551935765345		350.2659723889555	261.8440789091284		-3.139766296538049	-27.591371482576744		3년	27.533551935765345	261.8440789091284	-27.591371482576744	2.46635262133225	2.3458700647115904		8.998538011695906	2.4883961432441857	3년	2.3458700647115904	안심	3년	9.516775967882673	4.0544810757235785	불리	N	주당순현금<=0	273600000.0	-1.8190736516611405	10.563483969571053		-10.165452516297613	352.54860046386716	348.5490003967285	Y	Y	강한 상승추세	단기위험부채 존재
WM	WASTE MANAGEMENT INC	0000823768	S&P 500	보류	PEG=불리, PEGY=불리(<1)	207.08999633789062	6.7	2025	1.83	201000000.0	177000000.0	378000000.0		743000000.0	9990000000.0	35844000000.0	21.7960466029585	78.20395339704149	0.2787077335118848	0.9351806036615536	-0.9030183077684315	30.769375482720754	31.043733529202843	-1.6152716593245144	7.521507767680924	13.738220149762249	5.269456681350971	23.543015535361846	35.9764402995245	35.305359765051506	157.73820408692438	241.04215000681415	-82.95168265518396	-23.831084612336007	16.39487868526821	3년	23.543015535361846	157.73820408692438	-23.831084612336007	0.006978638250102647	0.30392257304450254	0.505964775219599	8.000989609104403	3.8635326430977806	3년	0.3039225730445025	불리(<1)	3년	7.521507767680924	4.090852051623654	불리	Y		404200000.0	-7.582115920354948	-9.878583755375425		-15.991237291537953	221.7614010620117	225.01760009765624	N	N	주의	단기위험부채 존재
DELL	Dell Technologies Inc.	0001571996	S&P 500	제외	PEG=불리, PEGY=불리(<1)	539.5900268554688	8.68	2026	47.0	11528000000.0	2187000000.0	13715000000.0	23513000000.0		-2470000000.0	103756000000.0	-2.438639101159094	102.43863910115908	-0.023805852191680483	-14.324561403508772	-14.324561403508772	63.81504473029696	63.81504473029696	303.72093023255815		15.515817208402405	615.9418604651163		39.531634416804806	5346.3753488372095		343.13458673786573	890.8217503562674		-36.408278570764686	5년	39.531634416804806	343.13458673786573	-36.408278570764686	5.4958972717925425		0.9796407331941	12.502923976608187	2.3171154681028128	5년	0.9796407331941	불리(<1)	5년	15.515817208402405	4.1129025866416296	불리	N	주당순현금<=0	684000000.0	26.88771942515431	228.75769865524083		-8.295376535240539	481.8178015136719	286.93124992370605	Y	Y	강한 상승추세	
LOW	LOWES COMPANIES INC	0000060667	S&P 500	제외	PEG=불리, PEGY=불리(<1)	187.25999450683594	11.85	2025	2.67	982000000.0	370000000.0	1352000000.0	39819000000.0	0.0	-9917000000.0	64061000000.0	-18.31597222222222	118.31597222222223	-0.15480557593543653	-68.69107142857143	-68.69107142857143	21.599246070498513	21.599246070498513	-3.1071136549468585	5.228278564465261	8.863759852581033	2.285772690106283	18.95655712893052	26.227519705162067	27.086406377759452	224.63520197782665	310.79610850617047	-85.53540148866625	19.95899207912575	65.97037147452487	3년	18.95655712893052	224.63520197782665	19.95899207912575	-0.020237449655425403	0.3656738081822764	0.5339890019742172	13.6625	7.2960057677996195	3년	0.3656738081822764	불리(<1)	3년	5.228278564465261	4.131234746614472	불리	N	주당순현금<=0	560000000.0	-15.618242586557285	-20.74657377929364		-34.84116184902597	206.30860046386718	232.58895065307618	N	N	주의	
SNA	Snap-on Inc	0000091440	S&P 500	제외	PEG=불리, PEGY=불리(<1)	367.0799865722656	19.19	2025	2.66	1624500000.0		1624500000.0	1186400000.0	193600000.0	5931800000.0	2455500000.0	70.72359400522218	29.27640599477782	2.415719812665445	8.266037735849057	4.613207547169812	18.697965025347397	18.888315738670965	-1.6401845207585868	4.491988613427633	38.10274863898202	5.219630958482826	17.483977226855266	84.70549727796404	100.16471809328544	335.5175229833526	1625.49849276413	-72.71310838038119	-8.59825235465389	342.81860962859236	3년	17.483977226855266	335.5175229833526	-8.59825235465389	0.0545415224522523	0.3825009087209347	2.180063369662051			3년	0.3825009087209347	불리(<1)	3년	4.491988613427633	4.162513896285197	불리	N	FCF<=0	53000000.0	-8.976396626811745	1.0627127742387277		-12.456180699347518	392.2965991210938	379.1514993286133	N	N	판정불가	단기위험부채 존재
BMY	BRISTOL MYERS SQUIBB CO	0000014272	S&P 500	제외	PEG=불리, PEGY=불리(<1)	62.86000061035156	3.46	2025	4.01	10209000000.0	130000000.0	10339000000.0	42850000000.0	2261000000.0	18473000000.0	71533000000.0	20.524187276403797	79.4758127235962	0.25824444661904294	-15.944580676802355	-17.053457577243748	22.77589054542021	23.096375198726967	178.4580498866213	5.459253851176027		365.4160997732426	19.418507702352052		1264.3397052154194	67.1880366501381		1911.358086126414	6.885198851038221		3년	19.418507702352052	67.1880366501381	6.885198851038221	8.011456216069323	0.41575778704644817		6.299656694458068	10.021725474531195	3년	0.4157577870464481	불리(<1)	3년	5.459253851176027	4.171978656115039	불리	N	주당순현금<=0	2039000000.0	11.374915201724423	3.6438566016023355		-7.6810045657598085	64.47040000915527	59.26065000534058	N	Y	상승전환	단기위험부채 존재
BEN	FRANKLIN TEMPLETON INC	0000038777	S&P 500	보류	PEG=불리, PEGY=불리(<1)	32.66999816894531	0.91	2025	4.04	4647200000.0	58700000.0	4705900000.0	1850750000.0	0.0	12077800000.0	18179500000.0	39.916978712575144	60.083021287424856	0.6643637063725625	5.518264398917665	5.518264398917665	29.837070076953456	29.837070076953456	7.058823529411772	-28.882967962082805	-10.560604841265263	22.617647058823543	-49.26593592416561	-12.621209682530527	20.582058823529426	-44.83200169099071	-11.48530081110278	-37.00012250660656	-237.2268264575725	-135.15549879038625	1년	22.617647058823543	20.582058823529426	-37.00012250660656	0.37198101223701074	-0.8326208940090214	-0.21854038699000355	1.761886354851179	5.392979655952206	1년	0.3719810122370107	불리(<1)	1년	7.058823529411772	4.226918260901735	불리	Y		517400000.0	-4.081042713743721	38.314974632344835		-8.666486578547195	33.6560001373291	29.39565004348755	N	Y	중립/개선	
TER	TERADYNE, INC	0000097210	S&P 500	보류	PEG=불리, PEGY=불리(<1)	403.0199890136719	3.47	2025	13.0	293751000.0	586882000.0	880633000.0	171059000.0	200000000.0	2795752000.0	1387847000.0	66.82648121868276	33.173518781317235	2.014452601763739	4.442639886300315	3.190440711499571	114.8637893738823	115.22465368938683	4.518072289156637	-6.31450812985902	27.007110355932152	17.536144578313277	-4.129016259718039	62.514220711864304	60.850421686747076	-14.327686421221596	216.92434587016916	-84.90138867909035	-103.55508084258707	-46.17528862499911	5년	62.514220711864304	216.92434587016916	-46.17528862499911	0.1525117043817457	0.058203650659475165	0.34830045721118236	2.819990107626519	0.6997147001388199	3년	0.0582036506594751	불리(<1)	5년	27.007110355932152	4.253094383666718	불리	Y		159719000.0	-5.691020623538668	35.94414107467871		-16.703870687816792	371.9605999755859	331.6924990844727	Y	Y	강한 상승추세	단기위험부채 존재
COST	COSTCO WHOLESALE CORP /NEW	0000909832	S&P 500	보류	PEG=불리, PEGY=양호	924.5900268554688	18.21	2025	64.0	14161000000.0	1123000000.0	15284000000.0	5713000000.0	36000000.0	29164000000.0	47935000000.0	37.82669035914863	62.17330964085137	0.6084072181078544	21.517390844935846	21.436456139009852	49.59212718344497	49.59657170326518	9.963768115942043	11.49058481522638	42.2175267261373	28.427536231884087	31.481169630452758	92.9350534522746	517.6654347826093	573.2720989705448	1692.3473233659206	-44.01135424927849	-37.99715740821436	83.03759225281662	3년	31.481169630452758	573.2720989705448	-37.99715740821436	1.491441733127207	1.522229214648952	2.1418223568678703	17.619035842833792	1.905605222971758	3년	1.522229214648952	양호	3년	11.490584815226379	4.315892357169633	불리	Y		444803000.0	-0.008646982833360184	-7.209735390179873		-15.510081855782964	933.862197265625	960.837847290039	N	N	주의	단기위험부채 존재
ED	CONSOLIDATED EDISON INC	0001047862	S&P 500	제외	PEG=불리, PEGY=불리(<1)	103.33000183105469	5.64	2025	3.4	1629000000.0		1629000000.0	25551000000.0	400000000.0	24190000000.0					-66.69082798996376	-67.80596598829105	30.145537202308237	30.34325670555776	7.633587786259531	6.569042175811535	11.45025129540247	23.76717557251906	21.63808435162307	31.40050259080494	134.0468702290075	122.03879574315411	177.09883461213985	29.72696008287614	18.105868170493643	71.39149470034631	3년	21.63808435162307	122.03879574315411	18.105868170493643	0.3660106539887666	0.33069711476391295	0.49261856558540246	0.9339280735991079	0.9038305013543764	3년	0.3306971147639129	불리(<1)	3년	6.569042175811535	4.589030850389399	불리	N	주당순현금<=0	358700000.0	-6.867954327878167	-8.702949679768334		-10.50580057994236	107.57539978027344	107.81544975280762	N	N	주의	단기위험부채 존재
CMS	CMS ENERGY CORP	0000811156	S&P 500	제외	PEG=불리, PEGY=불리(<1)	63.45000076293945	3.53	2025	3.59	509000000.0		509000000.0	17807000000.0	950000000.0	9144000000.0					-57.46843853820598	-60.62458471760797	34.25451538276075	35.14860778485763	6.006006006005998	7.393158422805435	45.03820062775774	20.512012012011994	23.28631684561087	98.57640125551548	72.40740240240234	82.20069846500637	347.9746964319696	14.117260097331341	29.55192667707425	448.42347083976455	3년	23.28631684561087	82.20069846500637	29.55192667707425	0.2801384255120822	0.3206338872431668	1.4196143219188797	-0.46179401993355484	-0.727807745281044	3년	0.3206338872431668	불리(<1)	3년	7.393158422805435	4.633272198942331	불리	N	주당순현금<=0 | FCF<=0	301000000.0	-16.425181384035714	-18.213458023481387		-20.627972447903666	69.02779930114747	72.92924966812134	N	N	주의	단기위험부채 존재
KMI	KINDER MORGAN, INC.	0001506307	S&P 500	제외	PEG=불리, PEGY=불리(<1)	30.450000762939453	1.37	2025	3.88	63000000.0	0.0	63000000.0	30777000000.0	1000000000.0	31162000000.0	40299000000.0	43.60700242090091	56.39299757909909	0.7732698081838258	-13.816464237516868	-14.266306792622583	32.31128832150096	32.63964055150514	17.09401709401711	6.94673115572082		42.68803418803422	22.39346231144164		58.48260683760689	30.679043366675046		92.06110138685378	0.7521924400552438		3년	22.39346231144164	30.679043366675046	0.7521924400552438	0.649123516379888	0.3350758115242458		1.3004948268106162	4.270918864453502	3년	0.3350758115242458	불리(<1)	3년	6.94673115572082	4.651293910358363	불리	N	주당순현금<=0	2223000000.0	-4.00377861887391	-9.1857981762265		-11.25036565389479	31.591400184631347	31.402400131225587	N	N	주의	단기위험부채 존재
AME	AMETEK INC/	0001037868	S&P 500	제외	PEG=불리, PEGY=양호	250.77999877929688	6.4	2025	54.0	457951000.0	4563000.0	462514000.0	1074334000.0	273315000.0	10628786000.0	5438757000.0	66.1506616164027	33.84933838359729	1.9542674916345775	-2.6456051440160167	-3.8274618501334	39.59775061301764	39.78241572334848	7.925801011804396	8.504416556765815	11.164911034441637	24.35160202360879	25.50883311353163	30.829822068883274	155.85025295109628	163.25653192660243	197.31086124085297	-37.853794676721854	-34.900497359728014	-21.321133183950735	3년	25.50883311353163	163.25653192660243	-34.900497359728014	1.5638716859701238	1.5784840196507952	1.6456720400935825	7.227891671243065	2.8821643298611272	3년	1.5784840196507952	양호	3년	8.504416556765815	4.656139589201455	불리	N	주당순현금<=0	231259000.0	5.756333494460164	16.990109192594673		-2.9939620003487155	243.18099975585938	229.56594985961914	Y	Y	강한 상승추세	단기위험부채 존재
CL	COLGATE PALMOLIVE CO	0000021665	S&P 500	제외	PEG=불리, PEGY=불리(<1)	86.45999908447266	2.63	2025	2.45	1288000000.0	107000000.0	1395000000.0	6871000000.0	1115000000.0	54000000.0	15965000000.0	0.33709969411324053	99.66290030588677	0.0033823989978077045	-6.751325360621379	-8.126001726051042	35.44156823007378	35.964258863317	-25.07122507122507	7.281634513092983	28.522420757238454	-41.64245014245014	23.063269026185964	65.5448415144769	-109.51964387464386	60.65639753886908	172.38293318307424	-226.6708825287421	-29.84455449784713	99.3788283696992	3년	23.063269026185964	60.65639753886908	-29.84455449784713	-0.638268174940124	0.2745825029501728	0.873900967253389	4.3175933916902975	4.993746746945887	3년	0.2745825029501728	불리(<1)	3년	7.281634513092983	4.867254483364539	불리	N	주당순현금<=0	811100000.0	-6.791723702750041	1.4431487493764106		-12.789994334516553	89.9981997680664	88.37740005493164	N	N	판정불가	단기위험부채 존재
AMD	ADVANCED MICRO DEVICES INC	0000002488	S&P 500	보류	PEG=불리, PEGY=판정불가	607.5700073242188	2.65	2025		5539000000.0	5013000000.0	10552000000.0	2348000000.0	874000000.0	62999000000.0					5.014669926650367	4.480440097799511	227.379372602856	227.58096876468653	165.0	46.66355102918431	12.817266899716717	338.5	101.82710205836862	34.134533799433434	897.025	269.84182045467685	90.4565145684986	47.6414222536365	-55.58671145682794	-85.11175445165973	3년	101.82710205836862	269.84182045467685	-55.58671145682794				4.1167481662591685	0.6775759363747428	판정불가		판정불가	3년	46.66355102918431	4.872740449192313	불리	Y		1636000000.0	12.329907158586018	198.6629450911597		-3.656660384067656	509.03520263671874	368.61555061340334	Y	Y	강한 상승추세	단기위험부채 존재
HLT	Hilton Worldwide Holdings Inc.	0001585689	S&P 500	보류	PEG=불리, PEGY=불리(<1)	323.44000244140625	6.12	2025	19.0	918000000.0		918000000.0		46000000.0	-5388000000.0	22120000000.0	-32.201769065264166	132.2017690652642	-0.24358047016274864	3.857142857142857	3.6638655462184873	52.21942150069663	52.2510027606516	-0.3257328990227944	10.548046712372283		7.848534201954411	29.596093424744566		48.033029315960995	181.12809175943676		-85.14932322736963	-43.99947737069117		3년	29.596093424744566	181.12809175943676	-43.99947737069117	0.3576115277479296	0.5658440071378059		8.521008403361344	2.6344942923085073	3년	0.5658440071378059	불리(<1)	3년	10.548046712372283	4.950624786240859	불리	Y		238000000.0	-2.613511021135162	6.366751093150169		-7.6466217480310466	317.91880004882813	315.5531999206543	Y	Y	강한 상승추세	단기위험부채 존재
HUBB	HUBBELL INC	0000048898	S&P 500	제외	PEG=불리, PEGY=불리(<1)	459.0899963378906	4.19	2025	1.24	482500000.0	15400000.0	497900000.0	2036300000.0	56100000.0	3847900000.0	4370900000.0	46.818270307100796	53.181729692899204	0.8803450090370404	-28.755140186915888	-29.80373831775701	116.43082017298484	116.6810822567178	-70.84203201113432	-25.34455002230137	23.13753669964718	-133.18406402226864	-42.18910004460274	54.77507339929436	-558.0412282533057	-176.7723291868855	229.50755754304336	-221.55377653722317	-138.50494033783758	-50.008155400074195	5년	54.77507339929436	229.50755754304336	-50.008155400074195	-0.5977973178212131	-0.2070289463433179	0.209373571906723			5년	0.209373571906723	불리(<1)	5년	23.13753669964718	5.032118227812915	불리	N	주당순현금<=0 | FCF<=0	53500000.0	-6.331102401132938	-6.44944258187895		-17.70368084076984	473.47480041503906	487.5906513977051	N	N	주의	단기위험부채 존재
PAYX	PAYCHEX INC	0000723531	S&P 500	제외	PEG=불리, PEGY=불리(<1)	99.30999755859375	4.89	2026	4.79	1088200000.0	36300000.0	1124500000.0	4556100000.0	0.0	3735100000.0	12439400000.0	23.09252217997465	76.90747782002535	0.3002636783124588	-9.532222222222222	-9.532222222222222	22.258122654563593	22.258122654563593	6.768558951965057	4.379080767859933	10.04574277704604	22.037117903930113	17.258161535719864	28.59148555409208	107.76150655021824	84.39240990967014	139.81236435951027	8.51022978490965	-15.021234533937143	40.78377584997903	3년	17.258161535719864	84.39240990967014	-15.021234533937145	0.5192962196924187	0.41194313240878794	0.666531630150949	6.4494444444444445	6.494254962235013	3년	0.4119431324087879	불리(<1)	3년	4.379080767859933	5.08282989844035	불리	N	주당순현금<=0	360000000.0	-3.3102926260203835	7.805031043899402		-22.770044026099068	117.75140045166016	104.0443999862671	N	N	판정불가	
PSA	Public Storage	0001393311	S&P 500	제외	PEG=불리, PEGY=불리(<1)	285.5799865722656	9.01	2025	4.2	318095000.0		318095000.0	10253881000.0	700000000.0	9248128000.0	10866770000.0	45.976509550284575	54.023490449715425	0.851046631151667	-56.484781298677674	-60.464269877545455	37.96501308223566	38.4066877302787	-15.319548872180459	-27.352783933755788	7.4520805832128945	-22.139097744360917	-46.205567867511576	23.404161166425787	-199.47327067669187	-416.3121664862793	210.87149210949633	-169.8484768036136	-245.7777806782452	-26.160269618145815	5년	23.404161166425787	210.87149210949633	-26.160269618145815	-0.29288937285743877	-0.6098452773769566	0.30691627994367954			5년	0.3069162799436795	불리(<1)	5년	7.4520805832128945	5.094552139943097	불리	N	주당순현금<=0 | FCF<=0	175902000.0	-11.596093666969754	5.4267503782025495		-13.583688226653246	311.24420043945315	299.50710052490234	N	N	판정불가	단기위험부채 존재
VRTX	VERTEX PHARMACEUTICALS INC / MA	0000875320	S&P 500	보류	PEG=불리, PEGY=판정불가	526.72998046875	15.32	2025		5084800000.0	1523300000.0	6608100000.0			18665800000.0	6977200000.0	72.79101509183793	27.20898490816207	2.675256549905406	25.61279069767442	25.61279069767442	32.70999933231564	32.70999933231564	836.5384615384615	6.118290879552779	46.11882992489094	1681.576923076923	20.736581759105558	100.73765984978188	25761.758461538462	317.68443254949716	1543.3009488986584	4790.8851625670595	-39.68742157665263	192.996602837233	3년	20.736581759105558	317.68443254949716	-39.687421576652625				12.37906976744186	2.3501737562812397	판정불가		판정불가	3년	6.118290879552779	5.346264173485423	불리	Y		258000000.0	5.7669464749596555	17.958071032679037		-5.597182642851917	516.0716009521484	472.7151496887207	Y	Y	강한 상승추세	
PNW	PINNACLE WEST CAPITAL CORP	0000764622	S&P 500	제외	PEG=불리, PEGY=불리(<1)	93.4000015258789	5.05	2025	3.9	6604000.0		6604000.0	9205676000.0	757005000.0	7046458000.0					-75.42015725049397	-81.62659156684786	33.42973441116295	34.658731305490456	-3.62595419847329	5.834499340033372	0.7285270633833552	1.2480916030534202	20.168998680066743	9.95705412676671	6.3028625954197715	101.85344333433704	50.28312334017188	-93.25175322007527	9.050794079608115	-46.16368038683636	3년	20.168998680066743	101.85344333433704	9.050794079608115	0.008197666130281904	0.2911928410888841	0.13845539442388705			3년	0.2911928410888841	불리(<1)	3년	5.834499340033372	5.729666328314596	불리	N	주당순현금<=0 | FCF<=0	121971000.0	-12.135466750267032	-7.295283845281486		-14.601811117904727	98.59619995117187	98.95455013275146	N	N	주의	단기위험부채 존재
NI	NISOURCE INC.	0001111711	S&P 500	제외	PEG=불리, PEGY=불리(<1)	39.31999969482422	1.95	2025	3.05	110100000.0		110100000.0	6427700000.0	736000000.0	9450100000.0					-13.31422550052687	-14.865331928345627	26.991910356590303	27.78734955034351	20.37037037037036	4.679561967174672	61.04691919843306	49.24074074074072	17.859123934349345	130.59383839686612	96.0194444444444	34.82529167198122	254.65798487388892	144.20001319858522	-11.43109882433353	547.6551038921044	3년	17.859123934349345	34.82529167198122	-11.43109882433353	0.8676810963345571	0.2863658727766719	2.3746714608802506	-0.8851422550052687	-2.2511247758778135	3년	0.2863658727766719	불리(<1)	3년	4.679561967174672	5.768042082983017	불리	N	주당순현금<=0 | FCF<=0	474500000.0	-16.108383633703106	-15.730819066847868		-19.88590418115055	42.09919990539551	44.880549926757816	N	N	주의	단기위험부채 존재
HD	HOME DEPOT, INC.	0000354950	S&P 500	제외	PEG=불리, PEGY=불리(<1)	288.0400085449219	14.23	2025	3.24	1389000000.0		1389000000.0	8707000000.0	4464000000.0	12813000000.0	92282000000.0	12.191826442742281	87.80817355725772	0.13884614551050042	-7.354773869346734	-11.841206030150754	20.75859328280173	21.07387312544432	-4.560697518443995	-5.176454930934304	3.5714638909686514	-0.6213950368879892	-1.8529098618686088	15.642927781937303	-8.842451374916088	-26.366907334390305	222.5988623369678	-103.06986915449178	-109.1539045105528	-22.71946405589279	5년	15.642927781937303	222.5988623369678	-22.71946405589279	-0.06362172525140121	-0.09328449690946236	0.32812743128465627			5년	0.3281274312846562	불리(<1)	5년	3.5714638909686514	5.812348638129893	불리	N	주당순현금<=0 | FCF<=0	995000000.0	-17.89989409659174	-12.420567449328523		-27.449494605924528	325.3420001220703	340.1764492797852	N	N	주의	단기위험부채 존재
REG	REGENCY CENTERS CORP	0000910606	S&P 500	제외	PEG=불리, PEGY=불리(<1)	72.66000366210938	0.46	2018	4.16	120661000.0		120661000.0	4739301000.0		6906890000.0	5819677000.0	54.27143077940815	45.72856922059185	1.1868167253955846	-27.255045438451553	-27.255045438451553	217.2066284794803	217.2066284794803	-7.9999999999999964	36.71886432341158	-1.6538041668570203	-7.499999999999993	81.93772864682316	5.1923916662859595	-3.449999999999997	37.691355177538654	2.3885001664915415	-104.7481417920697	-48.12640616863349	-96.71277175046842	3년	81.93772864682316	37.691355177538654	-48.12640616863349	-0.01767901848521517	0.18820265573650963	0.011538302724402089			3년	0.1882026557365096	불리(<1)	3년	36.71886432341158	5.915396145326628	불리	N	주당순현금<=0 | FCF<=0	169460000.0	-8.454074401253076	-3.9651068659707245		-12.119008957525557	76.54760009765624	76.25575016021729	N	N	주의	
REGN	REGENERON PHARMACEUTICALS, INC.	0000872589	S&P 500	제외	PEG=불리, PEGY=안심	750.510009765625	41.48	2025	50.0	3118100000.0	5487100000.0	8605200000.0	1985900000.0		31256900000.0	9301800000.0	77.06583297788144	22.934167022118558	3.360306607323314	60.951197053407	60.951197053407	16.623886516687996	16.623886516687996	8.189880020865917	2.765976893685007	32.28413389720095	24.879760041731835	14.031953787370014	73.0682677944019	1032.0124465310364	582.0454431001082	3030.8717481117906	37.50815220350241	-22.44667818862619	303.84161552466094	3년	14.031953787370014	582.0454431001082	-22.44667818862619	3.500377601979635	3.1741059373038634	4.949753104642497			3년	3.174105937303864	안심	3년	2.765976893685007	6.010132100033784	불리	N	FCF<=0	108600000.0	20.13542786553193	-2.864206417380799		-11.91507529553012	779.8641967773438	736.1059487915039	N	Y	상승전환	
PG	PROCTER & GAMBLE Co	0000080424	S&P 500	제외	PEG=불리, PEGY=불리(<1)	148.32000732421875	6.62	2026	2.94	4239000000.0		4239000000.0	22842000000.0	4837000000.0	54311000000.0	72210000000.0	42.92647070446803	57.07352929553197	0.7521257443567373	-7.679256965944273	-9.675954592363261	23.564843548362994	23.86645950401541	1.6897081413210495	3.912707147347039	3.77650968724621	11.879416282642099	16.325414294694077	16.053019374492422	78.6417357910907	108.07424263087479	106.27098825913984	-46.97833609245682	-27.134413906391675	-28.350200235064882	3년	16.325414294694077	108.07424263087479	-27.134413906391675	0.19646674639784176	0.29080214911178914	0.2850224604063961	6.252631578947368	4.21563596965006	3년	0.2908021491117891	불리(<1)	3년	3.9127071473470387	6.02264433829167	불리	N	주당순현금<=0	2422500000.0	0.6036862868159742	2.6862398346929384		-11.291860029081136	145.93540100097655	147.61855056762695	Y	Y	상승전환	단기위험부채 존재
CHRW	C. H. ROBINSON WORLDWIDE, INC.	0001043277	S&P 500	제외	PEG=불리, PEGY=불리(<1)	149.7100067138672	4.83	2025	1.68	160871000.0		160871000.0	1089438000.0	0.0	1845647000.0	3212734000.0	36.48691152366735	63.51308847633265	0.574478621635031	-7.642400948132541	-7.642400948132541	32.57813823229808	32.57813823229808	25.129533678756484	-13.256194627034546	5.361231500071417	58.75906735751297	-18.01238925406909	19.222463000142834	283.8062953367876	-86.99984009715371	92.84449629068989	89.5706917435463	-158.11224112990115	-37.983773878162566	5년	19.222463000142834	92.84449629068989	-37.983773878162566	0.8229301959366548	-0.35533628547127555	0.21613363691516035	7.365236786225741	4.919668997345333	5년	0.2161336369151603	불리(<1)	5년	5.361231500071417	6.076614716574747	불리	N	주당순현금<=0	121502000.0	-21.72844493661025	-9.85126747083952		-28.512077154593573	154.61860107421876	172.3826505279541	N	N	주의	
AMGN	AMGEN INC	0000318154	S&P 500	제외	PEG=불리, PEGY=불리(<1)	423.6400146484375	14.23	2025	2.38	9129000000.0	0.0	9129000000.0	50005000000.0	0.0	8658000000.0					-75.41697416974169	-75.41697416974169	35.07076520155862	35.07076520155862	88.22751322751324	5.524568667280372	38.82227702083121	184.95502645502648	19.549137334560744	86.14455404166242	2631.910026455027	278.1842242707994	1225.8370040128561	521.2609610636398	-34.3347619082551	189.35817241677015	3년	19.549137334560744	278.1842242707994	-34.3347619082551	2.5835624830759736	0.2253891131787759	1.1748325645030435	14.944649446494465	3.5276765484243624	3년	0.2253891131787759	불리(<1)	3년	5.524568667280372	6.348145405317808	불리	N	주당순현금<=0	542000000.0	17.244632438971387	20.403583146109415		-4.611361950354443	406.9215997314453	363.1860008239746	Y	Y	강한 상승추세	
AAPL	Apple Inc.	0000320193	S&P 500	제외	PEG=불리, PEGY=불리(<1)	329.3999938964844	7.46	2025	33.0	35934000000.0	18763000000.0	54697000000.0	78328000000.0	7979000000.0	73733000000.0	285508000000.0	20.524661717342955	79.47533828265705	0.2582519579136136	-1.5749068441701954	-2.106673663586809	44.366608678371925	44.43789109384333	22.69736842105263	6.880679389561806	59.17805489937251	53.89473684210526	22.26135877912361	126.85610979874502	402.0547368421052	166.06973649226214	946.3465790986379	22.05669225617928	-49.58417135112322	187.29404876553585	3년	22.26135877912361	166.06973649226214	-49.58417135112322	1.2553893588040748	0.8988895157317502	2.0776448244579933	6.582405496092323	1.9983016448266475	3년	0.8988895157317502	불리(<1)	3년	6.880679389561806	6.447998252276858	불리	N	주당순현금<=0	15004697000.0	11.896184670427168	29.79234903288952		-3.4215888753422186	321.9813995361328	288.32554931640624	Y	Y	강한 상승추세	단기위험부채 존재
GWW	W.W. GRAINGER, INC.	0000277135	S&P 500	제외	PEG=불리, PEGY=안심	1248.6700439453125	35.4	2025	80.0	585000000.0		585000000.0	2362000000.0	0.0	3736000000.0					-37.020833333333336	-37.020833333333336	36.318951335554964	36.318951335554964	-8.550762076982696	5.601826190477133	62.54354736477112	-8.601524153965393	19.703652380954267	133.58709472954223	-304.4939550503749	697.509294285781	4728.983153425795	-124.38546167795394	-44.13982319284905	278.72159874069246	3년	19.703652380954267	697.509294285781	-44.13982319284905	1.9672715013957751	2.3569465263353013	3.9247704606830442	27.729166666666668	2.2206960758867305	3년	2.3569465263353013	안심	3년	5.601826190477133	6.483412748024144	불리	N	주당순현금<=0	48000000.0	-6.693115356190749	14.471812402891882		-10.938423724666812	1308.0379931640625	1202.93794921875	N	Y	중립/개선	
VRSN	VERISIGN INC/CA	0001014473	S&P 500	보류	PEG=불리, PEGY=불리(<1)	279.8399963378906	6.24	2022	1.16	307900000.0	272600000.0	580500000.0	0.0		-2154200000.0	3480100000.0	-162.47077456821782	262.4707745682178	-0.6190052009999713	6.188699360341151	6.188699360341151	43.85437451563293	43.85437451563293	-10.857142857142854	6.608652379326085	11.139222486886503	-13.214285714285708	21.71730475865217	30.778444973773006	-82.45714285714283	135.51598169398954	192.05749663634356	-129.4658175872689	-51.57376234011888	-31.368818199795424	3년	21.71730475865217	135.51598169398954	-51.573762340118876	-0.22112144943912218	0.1771465780809795	0.28045600063232357	11.389125799573561	4.0698706220042435	3년	0.1771465780809795	불리(<1)	3년	6.608652379326085	6.635902752703866	불리	Y		93800000.0	9.355218058774305	12.675147225872152		-9.729033439390122	287.94559875488284	265.2361498260498	N	Y	상승전환	
EXR	Extra Space Storage Inc.	0001289490	S&P 500	제외	PEG=불리, PEGY=불리(<1)	133.49000549316406	4.59	2025	4.85	138920000.0		138920000.0		500000000.0	13433166000.0	14940010000.0	47.34459758752422	52.65540241247578	0.8991403620211766	0.6557453781291385	-1.7044093084859584	28.939925950988005	29.45412087181918	13.89578163771711	-10.535332538619723	4.348871143162825	36.29156327543422	-12.570665077239447	17.19774228632565	166.57827543424307	-57.69935270452906	78.93763709423473	24.787076619585147	-143.22372487091087	-40.866256763861564	5년	17.19774228632565	78.93763709423473	-40.866256763861564	0.647748085792083	-0.19645290552050038	0.3178609081012101			5년	0.3178609081012101	불리(<1)	5년	4.348871143162825	6.654583453567383	불리	N	FCF<=0	211850521.0	-9.369263644516712	1.7997411137600672		-12.666012324029785	143.04359924316407	141.7657492828369	N	N	판정불가	단기위험부채 존재
WRB	BERKLEY W R CORP	0000011544	S&P 500	보류	PEG=불리, PEGY=안심	68.22000122070312	4.45	2025	59.0	2539938000.0		2539938000.0			9700818000.0	34359177000.0	22.01729255756838	77.98270744243162	0.2823355751507086	6.35205233818752	6.35205233818752	13.902909861239461	13.902909861239461	2.0642201834862353		-2.067551596878059	12.62844036697247		4.364896806243882	56.19655963302749		19.423790787785276	-17.624510953580586		-71.52771849864666	1년	12.62844036697247	56.19655963302749	-17.624510953580586	4.392189893550981		4.095002339175516	8.808458439307659	12.911841515233663	5년	4.095002339175516	안심	1년	2.0642201834862353	6.73518744388935	불리	Y		399861000.0	-3.453159234287828	2.9269802008690338		-13.051233728342016	70.34359985351563	68.90564990997315	N	N	판정불가	
SNPS	SYNOPSYS INC	0000883241	S&P 500	제외	PEG=불리, PEGY=판정불가	415.0899963378906	8.04	2025		2888030000.0	72929000.0	2960959000.0	13462398000.0	22117000.0	28327602000.0	19897446000.0	58.74043297997339	41.25956702002661	1.4236803055025253	-63.39304945187618	-63.52656106630608	59.51281664051827	59.52942256271104	-44.589937973811175	8.526334391298395	13.492100704033394	-80.67987594762235	25.55266878259679	35.48420140806679	-648.6662026188836	205.44345701207817	285.29297932085694	-256.27122029962334	-50.50628566706206	-31.269608557700966	3년	25.55266878259679	205.44345701207817	-50.50628566706206				8.144311102525716	1.9620591135364538	판정불가		판정불가	3년	8.526334391298395	6.979883019982708	불리	N	주당순현금<=0	165656000.0	-8.677095581661899	4.693801663611286		-22.34922212031174	402.1038006591797	444.746951751709	Y	N	판정불가	단기위험부채 존재
LNT	ALLIANT ENERGY CORP	0000352541	S&P 500	제외	PEG=불리, PEGY=불리(<1)	64.33999633789062	3.14	2025	3.33	556000000.0		556000000.0	10954000000.0	88000000.0	7334000000.0					-40.33359193173003	-40.67494181536075	33.33553766548428	33.4442478195068	16.72862453531599	4.774516892465397	4.91716309026109	41.95724907063198	18.049033784930792	18.33432618052218	131.74576208178442	56.67396608468269	57.56978420683964	104.76495116646083	-11.91487517802875	-10.522555978238257	3년	18.049033784930792	56.67396608468269	-11.91487517802875	0.60171894440703	0.2431194292947265	0.2473985322516705	-1.221877424359969	-1.8990946439336214	3년	0.2431194292947265	불리(<1)	3년	4.774516892465397	6.981970828942015	불리	N	주당순현금<=0 | FCF<=0	257800000.0	-15.107539832857974	-10.340030068914396		-17.544537556802474	68.72099960327148	70.32084991455078	N	N	주의	단기위험부채 존재
COR	Cencora, Inc.	0001140859	S&P 500	제외	PEG=불리, PEGY=양호	307.6000061035156	7.96	2025	78.0	4356138000.0		4356138000.0	7542988000.0	13976000.0	1508019000.0					-16.324904976077537	-16.39649820197322	40.69408430648156	40.70307843033779	5.7104913678618825	-0.3327811631230859		19.920982735723765	7.834437673753828		158.57102257636117	62.36212388308047		-48.448953371282514	-79.72622800856058		1년	19.920982735723765	158.57102257636117	-48.448953371282514	2.0570678218831153	1.9085628823083371		16.428837071111705	5.340974234435795	3년	1.9085628823083367	양호	1년	5.7104913678618825	7.126196623902472	불리	N	주당순현금<=0	195214000.0	6.650021421133778	-2.081876946571415		-17.918610779582224	317.4864013671875	318.796000289917	N	N	중립/개선	단기위험부채 존재
AVGO	Broadcom Inc.	0001730168	S&P 500	제외	PEG=불리, PEGY=불리(<1)	355.1000061035156	4.77	2025	74.0	16178000000.0		16178000000.0	39440000000.0	3152000000.0	24941000000.0	89800000000.0	21.736781098299648	78.26321890170036	0.27773942093541204	-4.793323717288275	-5.442818874922728	75.44933539220209	75.58549789904369	287.8048780487805	-43.55912867705002	10.237702081843047	584.109756097561	-78.61825735410004	28.975404163686093	2786.203536585366	-375.00908757905717	138.21267786078266	684.6250320179257	-205.60661254107043	-61.07781597151194	5년	28.975404163686093	138.21267786078266	-61.07781597151194	4.795335521088952	0.4034610929932212	1.116480372477201	5.545847929116011	1.5617707219918588	3년	0.4034610929932212	불리(<1)	5년	10.237702081843047	7.369752976697216	불리	N	주당순현금<=0	4853000000.0	-3.8555234676906025	14.729732447882204		-26.262017836911667	375.7387994384766	367.77790008544923	N	N	판정불가	단기위험부채 존재
ES	EVERSOURCE ENERGY	0000072741	S&P 500	제외	PEG=불리, PEGY=불리(<1)	63.900001525878906	4.56	2025	4.93	135400000.0	91975000.0	227375000.0	26872433000.0	1150000000.0	16197271000.0					-71.76940909951273	-74.86697490193806	29.75206373363852	30.431354479784428	100.88105726872246	4.032716713858986	5.134994887862021	210.26211453744492	16.56543342771797	18.769989775724042	958.7952422907488	75.53837643039394	85.59115337730162	1400.4620021839055	18.21341882097076	33.94546374562761	3년	16.56543342771797	75.53837643039394	18.213418820970762	3.556427487384329	0.30124689144590283	0.3382956885939396	-0.12147036955823949	-0.19009447051272	3년	0.3012468914459028	불리(<1)	3년	4.032716713858986	7.377672632295608	불리	N	주당순현금<=0 | FCF<=0	371259264.0	-11.495839021036625	-7.7655850869121075		-16.15273285195701	70.54839988708495	70.19630018234253	N	N	주의	단기위험부채 존재
TDY	TELEDYNE TECHNOLOGIES INC	0001094285	S&P 500	제외	PEG=불리, PEGY=판정불가	605.5900268554688	18.88	2025		352400000.0		352400000.0	2025300000.0	450100000.0	10513900000.0	4771400000.0	68.78438761424374	31.21561238575625	2.203525170809406	-35.29324894514768	-44.78902953586498	33.94508876062587	34.44804324106641	9.703660662405566	4.530504261422341	40.24408367454113	27.907321324811132	17.56100852284468	88.98816734908226	526.8902266124342	331.5518409113076	1680.096599550673	-12.995557514657886	-45.25143641600353	177.43135207734326	3년	17.56100852284468	331.5518409113076	-45.25143641600353				22.658227848101266	3.74151271376682	판정불가		판정불가	3년	4.530504261422341	7.492563035349379	불리	N	주당순현금<=0	47400000.0	-8.410463449016126	0.09586900720344183		-12.398374432369952	636.0668005371094	622.0879487609864	N	N	판정불가	단기위험부채 존재
PEP	PEPSICO INC	0000077476	S&P 500	제외	PEG=불리, PEGY=불리(<1)	128.69000244140625	6.0	2025	4.6	9159000000.0	371000000.0	9530000000.0	42321000000.0	4898000000.0	20406000000.0	86852000000.0	19.025154300844694	80.97484569915531	0.23495141159673927	-23.882738528769117	-27.450109249817917	25.428790161695897	26.023351948537364	-13.66906474820144	-2.230046768668525	3.222947933334197	-18.83812949640288	4.039906462662949	14.945895866668394	-113.02877697841727	24.239438775977696	89.67537520001036	-187.8302702883857	-81.1644740724796	-30.316750719745777	5년	14.945895866668394	89.67537520001036	-30.316750719745777	-0.35664554587667435	0.09319960628333004	0.30764137356082805			3년	0.09319960628333	불리(<1)	5년	3.222947933334197	7.889916526013922	불리	N	주당순현금<=0 | FCF<=0	1373000000.0	-8.833947929437723	-17.12923690821094		-24.517568012767654	137.53459991455077	147.62204971313477	N	N	주의	단기위험부채 존재
APH	AMPHENOL CORP /DE/	0000820313	S&P 500	보류	PEG=불리, PEGY=안심	84.33999633789062	3.34	2025	59.0	11130600000.0	303600000.0	11434200000.0	3541500000.0	1100000.0	13413100000.0	22727200000.0	37.11396972354961	62.88603027645039	0.5901782885705235	6.178238747553816	6.1773776908023486	23.401723829442158	23.401981630864757	73.95833333333334	2.961536144628707	23.76838535152701	156.41666666666669	14.423072289257414	56.03677070305402	522.4316666666667	48.17306144611976	187.1628141482004	519.4352494084219	-42.882305504111685	121.914657665352	3년	14.423072289257414	48.17306144611976	-42.882305504111685	5.681561508133683	2.647733842011831	3.5368499327128418	3.4270841487279844	4.063415102602193	3년	2.647733842011831	안심	3년	2.961536144628707	7.901886955486094	불리	Y		1277500000.0	-2.0555153407444737	33.50217230934922		-4.33303898087355	80.73789993286132	73.85227493286133	Y	Y	강한 상승추세	단기위험부채 존재
VST	Vistra Corp.	0001692819	S&P 500	제외	PEG=불리, PEGY=불리(<1)	140.8300018310547	2.18	2025	65.0	785000000.0		785000000.0	17043000000.0	1800000000.0	5097000000.0	36440000000.0	12.270987312516551	87.72901268748345	0.13987376509330407	-47.03519351216827	-52.24268202993816	86.17669511157015	88.56545131238202	-68.85714285714286		10.892615869362698	-129.21428571428572		30.285231738725397	-281.6871428571429		66.02180519042138	-300.01927089020853		-53.119502711060264	5년	30.285231738725397	66.02180519042138	-53.119502711060264	-0.04475853770151134		0.8806628726143072	3.8130388146781753	2.7075472307757615	5년	0.8806628726143072	불리(<1)	5년	10.892615869362698	7.911478394639483	불리	N	주당순현금<=0	345656067.0	-8.050405808461758	-6.319430509071888		-33.20844308540594	144.91120056152343	155.38734992980957	N	N	주의	단기위험부채 존재
CI	Cigna Group	0001739940	S&P 500	보류	PEG=불리, PEGY=불리(<1)	275.260009765625	22.18	2025	2.27	7676000000.0	1056000000.0	8732000000.0		0.0	41713000000.0	116045000000.0	26.441131353085108	73.5588686469149	0.3594553836873627	32.513786336911636	32.513786336911636	10.944374365586716	10.944374365586716	83.00330033003301	1.3586099967532128	-0.6888681408957265	174.50660066006603	11.217219993506426	7.122263718208547	3870.5564026402644	248.7979394559725	157.97180926986556	1306.1455588612084	-9.61348157045554	-42.60996742520883	3년	11.217219993506426	248.7979394559725	-9.61348157045554	7.791518955908961	0.33155024449482884	0.14446982589301355	31.839829015910606	11.567182985650982	3년	0.3315502444948288	불리(<1)	3년	1.3586099967532128	8.05556737528903	불리	Y		268563000.0	-0.6532636195716979	3.1902567068884613		-11.49195827471865	279.9923992919922	280.02219940185546	N	N	판정불가	
CDNS	CADENCE DESIGN SYSTEMS INC	0000813672	S&P 500	보류	PEG=불리, PEGY=판정불가	324.1700134277344	4.06	2025		3001317000.0	154213000.0	3155530000.0			5474181000.0					11.545523065214846	11.545523065214846	77.00110600062058	77.00110600062058	5.454545454545442	9.527334351951566	13.985265633616972	19.409090909090885	27.554668703903133	36.470531267233945	78.80090909090899	111.87195493784671	148.0703569449698	-75.69148723607168	-65.4897275183086	-54.32324064175713	3년	27.554668703903133	111.87195493784671	-65.4897275183086				5.8062214611872145	1.791103809940017	판정불가		판정불가	3년	9.527334351951566	8.082124879436794	불리	Y		273312000.0	-14.17943928223705	16.662474943010853		-22.147505457969608	318.19160095214846	325.417900390625	Y	N	판정불가	
MPWR	MONOLITHIC POWER SYSTEMS, INC.	0001280452	S&P 500	보류	PEG=불리, PEGY=불리(<1)	1355.989990234375	12.86	2025	59.0	1099302000.0	157243000.0	1256545000.0			3531497000.0	662702000.0	84.19955753172418	15.800442468275827	5.328936686474464	26.010577739137634	26.010577739137634	103.41986100274008	103.41986100274008	-64.85378518720962	12.425319328361194	29.728257539054503	-121.20757037441925	33.35063865672239	67.956515078109	-1558.7293550150314	428.8892131254499	873.9207839044818	-214.951390957216	-68.37076850019233	-35.55108885771128	3년	33.35063865672239	428.8892131254499	-68.37076850019233	-0.05660213744683461	0.6906344548893641	0.8579421464964422	13.790163323604297	1.0169812036164623	3년	0.6906344548893641	불리(<1)	3년	12.425319328361194	8.32331614743139	불리	Y		48309000.0	1.8216913429466963	24.021586912981462		-19.758683791236354	1305.152001953125	1276.9575	Y	Y	강한 상승추세	
CIEN	CIENA CORP	0000936395	S&P 500	제외	PEG=불리, PEGY=판정불가	354.9200134277344	0.85	2025		1091952000.0	216148000.0	1308100000.0	1524158000.0	11580000.0	2729323000.0	3135344000.0	46.53841386049711	53.46158613950289	0.8705019289749386	-1.487511015642212	-1.5672367261511346	419.30296993338425	419.39676488692413	46.55172413793104	-5.273176281409042	-18.193805923142392	101.60344827586208	-2.0463525628180843	-27.887611846284784	86.36293103448277	-1.7393996783953716	-23.704470069342065	-75.66693120503129	-100.49008216290667	-106.67882034614217	1년	101.60344827586208	86.36293103448277	-75.66693120503129				4.580386649041639	1.290540537515858	판정불가		판정불가	1년	46.55172413793104	9.00724898375418	불리	N	주당순현금<=0	145248000.0	-23.250581361048074	-8.579964612722012		-43.39393725235497	375.78580078125	389.09724975585937	N	N	주의	단기위험부채 존재
KEYS	Keysight Technologies, Inc.	0001601046	S&P 500	제외	PEG=불리, PEGY=판정불가	360.6499938964844	4.91	2025		1873000000.0		1873000000.0	2534000000.0	0.0	5881000000.0	5420000000.0	52.03964250951243	47.96035749048757	1.0850553505535054	-3.820809248554913	-3.820809248554913	74.2303061395192	74.2303061395192	39.886039886039896	-7.381515092017421	8.205839717989182	88.27207977207979	-6.263030184034843	24.911679435978364	433.4159116809118	-30.75147820361108	122.31634603065378	20.176325805044403	-108.52668202524288	-66.08447300687834	5년	24.911679435978364	122.31634603065378	-66.08447300687834				7.404624277456647	2.0531330660668083	판정불가		판정불가	5년	8.205839717989182	9.046034128206092	불리	N	주당순현금<=0	173000000.0	7.464239373476689	27.722491813200477		-3.39904713287702	331.2702001953125	300.0701490783691	Y	Y	강한 상승추세	
HII	HUNTINGTON INGALLS INDUSTRIES, INC.	0001501585	S&P 500	제외	PEG=불리, PEGY=불리(<1)	259.6400146484375	15.39	2025	2.13	627000000.0		627000000.0	2214000000.0	231000000.0	5073000000.0	7676000000.0	39.79135618479881	60.20864381520119	0.6608910891089109	-40.38167938931298	-46.25954198473283	19.49458700700133	19.87651440111568	10.243553008595986	2.146574918873223	20.13587083183459	28.987106017191973	12.793149837746446	48.77174166366918	446.1115616045845	196.88657600291782	750.5971042038688	71.81926376357535	-24.16940190459095	189.09145811758097	3년	12.793149837746446	196.88657600291782	-24.16940190459095	0.6347173707323024	0.21937242975895435	1.1421565803798754	20.203562340966922	7.781374673053889	3년	0.2193724297589543	불리(<1)	3년	2.146574918873223	9.081717500563364	불리	N	주당순현금<=0	39300000.0	-6.929055628806835	-31.6556939142293		-42.77653927188408	294.76980163574217	344.95015197753906	N	N	주의	단기위험부채 존재
ULTA	Ulta Beauty, Inc.	0001403568	S&P 500	보류	PEG=불리, PEGY=불리(<1)	547.8900146484375	25.64	2025	0.18251838384783597	424243000.0	70000000.0	494243000.0		62287000.0	2803451000.0	4195843000.0	40.053339665400536	59.946660334599464	0.6681496423960572	10.985374852748327	9.600942410704363	20.94011855677415	20.99411358181486	1.1838989739542254	2.213584866040041	53.28338358172324	10.86779794790845	12.927169732080083	115.06676716344649	278.65033938437267	331.45263193053336	2950.311910070768	-49.141190396913295	-39.50380129792741	438.48616167313867	3년	12.927169732080083	331.45263193053336	-39.50380129792741	0.0652535635888281	0.11442644144499058	2.5532759912801355	23.73699184281301	4.332437388559496	3년	0.1144264414449905	불리(<1)	3년	2.2135848660400415	9.459821883510909	불리	Y		44991000.0	20.473639148393286	4.817201051694853		-22.485214202896774	531.0227954101563	556.4628985595704	Y	N	중립/개선	단기위험부채 존재
EVRG	Evergy, Inc.	0001711269	S&P 500	제외	PEG=불리, PEGY=불리(<1)	78.7300033569336	3.66	2025	3.54	19800000.0		19800000.0	13039200000.0	1394000000.0	10221300000.0					-55.73373287671233	-61.701198630136986	36.73872574689779	38.36918087078431	-3.43007915567282	3.827192527443257	6.116382445678448	1.6398416886543599	16.154385054886514	20.732764891356894	6.001820580474957	59.12504930088465	75.88191950236623	-92.37670478271815	-24.90150288342694	-3.61753300283143	3년	16.154385054886514	59.12504930088465	-24.90150288342694	0.002991961264101863	0.2005293427485122	0.2628393404878456	-3.2178938356164384	-4.087252252521395	3년	0.2005293427485122	불리(<1)	3년	3.827192527443257	9.599393153978845	불리	N	주당순현금<=0 | FCF<=0	233600000.0	-8.655295130713236	-3.8940367227949912		-10.666054906883382	82.10499969482422	81.01319999694825	N	N	주의	단기위험부채 존재
SYK	STRYKER CORP	0000310764	S&P 500	제외	PEG=불리, PEGY=불리(<1)	278.7699890136719	2.2	2025	1.26	4011000000.0	89000000.0	4100000000.0	14859000000.0	0.0	11730000000.0	25424000000.0	31.571297841416808	68.42870215858319	0.46137507866582755	-27.83699870633894	-27.83699870633894	139.3668126000049	139.3668126000049	56.02836879432627	14.384834642672196	8.105373722329045	120.55673758865254	37.26966928534439	24.71074744465809	265.2248226950356	81.99327242775767	54.3636443782478	-4.8589040615745756	-70.5874822760292	-80.49874573278345	3년	37.26966928534439	81.99327242775767	-70.5874822760292	0.4110617709163584	0.1122565290172364	0.06719945407095229	11.08150064683053	3.975141185763384	3년	0.1122565290172364	불리(<1)	3년	14.384834642672196	9.688454268815663	불리	N	주당순현금<=0	386500000.0	-11.046945983139423	-15.161754125036907		-28.21681868614029	313.5939990234375	331.39375015258787	N	N	주의	
XEL	XCEL ENERGY INC	0000072903	S&P 500	제외	PEG=불리, PEGY=불리(<1)	70.69000244140625	3.42	2025	3.35	129000000.0		129000000.0	9263144000.0	1550000000.0	23609000000.0					-15.50788455008489	-18.13946349745331	25.20406052382782	25.973528052298118	-0.5813953488372098	2.5625825491252474	44.65267498881473	7.33720930232558	13.625165098250495	97.80534997762946	25.093255813953483	46.598064636016694	334.49429692349275	-64.50239786771424	-34.08111044466148	373.1847296238947	3년	13.625165098250495	46.598064636016694	-34.081110444661476	0.10984756398856296	0.2345884919430151	1.9045611695557225	6.932088285229202	9.806320619347966	3년	0.2345884919430151	불리(<1)	3년	2.5625825491252474	9.83541409521866	불리	N	주당순현금<=0	589000000.0	-11.304886890632005	-11.014601877000029		-15.754976336239611	76.35140045166015	78.13520023345947	N	N	주의	단기위험부채 존재
DGX	QUEST DIAGNOSTICS INC	0001022079	S&P 500	제외	PEG=불리, PEGY=불리(<1)	231.97000122070312	8.75	2025	1.48	420000000.0		420000000.0	5167000000.0	504000000.0	7170000000.0					-42.008849557522126	-46.469026548672566	31.3118686603686	31.821603173642934	13.784135240572166	3.161245578286187	15.756447866281853	36.06827048114433	14.822491156572374	40.012895732563706	315.5973667100129	129.69679762000828	350.11283765993244	36.05093979791994	-44.088978343104415	50.930221932802745	3년	14.822491156572374	129.69679762000828	-44.088978343104415	0.48748720193413325	0.14822640030298181	0.5504764999253464	12.026548672566372	5.184527572219977	3년	0.1482264003029818	불리(<1)	3년	3.161245578286187	9.904914972579816	불리	N	주당순현금<=0	113000000.0	7.383574036099372	18.364121990899072		-6.255807604950969	236.729599609375	205.3323504638672	N	Y	상승전환	단기위험부채 존재
MAS	MASCO CORP /DE/	0000062996	S&P 500	제외	PEG=불리, PEGY=불리(<1)	68.37000274658203	3.86	2025	1.87	647000000.0	0.0	647000000.0	2945000000.0	206000000.0	-185000000.0	5125000000.0	-3.7449392712550607	103.74493927125505	-0.03609756097560975	-10.942857142857143	-11.923809523809524	20.54737302835212	20.80150576953149	2.659574468085109	2.0689294926649726	39.146125181238034	13.819148936170219	12.637858985329945	86.79225036247607	53.341914893617044	48.78213568337359	335.0180863991576	-21.980528373923857	-28.64979709860797	390.00741983428674	3년	12.637858985329945	48.78213568337359	-28.649797098607966	0.220445429293322	0.19169990670972265	1.9961736775130465	4.3	6.2893079234444915	3년	0.1916999067097226	불리(<1)	3년	2.0689294926649726	9.931403221424045	불리	N	주당순현금<=0	210000000.0	-16.254283123805337	13.251621593904005		-17.397601160457043	72.74760009765625	70.06975019454956	N	N	판정불가	단기위험부채 존재
CMG	CHIPOTLE MEXICAN GRILL INC	0001058090	S&P 500	보류	PEG=불리, PEGY=판정불가	31.8799991607666	1.14	2025		350545000.0	698591000.0	1049136000.0	0.0		2830607000.0	6163924000.0	31.47031234869278	68.52968765130723	0.4592215932578014	0.7814118109720128	0.7814118109720128	27.279462587539115	27.279462587539115	2.702702702702685	-67.10947685223975	-29.806686048388155	13.90540540540537	-125.7189537044795	-51.11337209677631	15.85216216216212	-143.31960722310663	-58.26924419032499	-50.27552515851155	-549.5596329860766	-282.77680591044225	1년	13.90540540540537	15.85216216216212	-50.27552515851155				1.0781861678990865	3.382014417446929	판정불가		판정불가	1년	2.702702702702685	10.09340115738954	불리	Y		1342616000.0	-8.914288112095425	-0.40612048604560247		-24.740324123186987	34.702599906921385	34.92450005531311	N	N	주의	
NTAP	NetApp, Inc.	0001002047	S&P 500	보류	PEG=불리, PEGY=안심	209.17999267578125	6.35	2026	99.0	2070000000.0	1514000000.0	3584000000.0	2487000000.0	0.0	1351000000.0	9393000000.0	12.57446016381236	87.42553983618764	0.14383051208346642	5.45771144278607	5.45771144278607	32.08224901307011	32.08224901307011	11.992945326278655	3.1252593706817544	14.4759458626317	32.48589065255731	14.750518741363509	37.4518917252634	206.2854056437389	93.66579400765828	237.8195124554226	-1.3837781496286894	-55.22239349494783	13.691328416877413	3년	14.750518741363509	93.66579400765828	-55.22239349494783	3.459637299151341	3.183232551093178	3.5370321393740913	9.298507462686567	4.445218370907393	3년	3.183232551093178	안심	3년	3.1252593706817544	10.265467664551498	불리	Y		201000000.0	33.763899567937614	104.29728872225112		0.0	189.24000030517578	137.24719985961914	Y	Y	강한 상승추세	
CTSH	COGNIZANT TECHNOLOGY SOLUTIONS CORP	0001058290	S&P 500	보류	PEG=불리, PEGY=불리(<1)	56.84000015258789	4.56	2025	2.32	1901000000.0	13000000.0	1914000000.0	543000000.0	33000000.0	15015000000.0	5677000000.0	72.56427604871448	27.435723951285524	2.6448828606658448	2.803680981595092	2.736196319018405	11.850069993638773	11.864869261747696	1.1086474501108607	1.1211696562825724	12.15182468925482	10.717294900221722	10.742339312565145	32.80364937850964	48.87086474501105	48.985067265297054	149.58464116600393	-14.020294486600227	-13.819375204440789	163.16791126749047	3년	10.742339312565145	48.985067265297054	-13.819375204440787	0.2893356285618051	0.29039234857936064	1.2212438151861913	5.306748466257669	9.336292139358934	3년	0.2903923485793606	불리(<1)	3년	1.1211696562825724	10.569381651773991	불리	Y		489000000.0	38.39785871669012	-7.351260690634942		-34.440597285695404	57.93939994812012	61.34810001373291	N	N	중립/개선	단기위험부채 존재
FITB	FIFTH THIRD BANCORP	0000035527	S&P 500	제외	PEG=불리, PEGY=불리(<1)	50.970001220703125	3.53	2025	3.3	3499000000.0		3499000000.0	13589000000.0	926000000.0	21724000000.0	192652000000.0	10.133597044445274	89.86640295555472	0.11276290928721218	-15.003653753999819	-16.38059957919346	18.68942067272038	19.079490311585435	12.420382165605085	1.7598909234150195	14.04197322404901	33.34076433121017	12.019781846830039	36.58394644809802	117.69289808917188	42.42982991931004	129.141330961786	130.90621006571035	-16.755289575948098	153.3673295446794	3년	12.019781846830039	42.42982991931004	-16.755289575948098	0.8411380128304891	0.2707355681067516	0.9279031986990295	5.843841353143636	11.465256451220116	3년	0.2707355681067516	불리(<1)	3년	1.7598909234150195	10.619647174754489	불리	N	주당순현금<=0	672502856.0	-11.34110326562362	9.707279864621764		-14.148556278094194	55.26459976196289	51.645000038146975	N	N	판정불가	단기위험부채 존재
VRSK	Verisk Analytics, Inc.	0001442145	S&P 500	제외	PEG=불리, PEGY=불리(<1)	165.94000244140625	6.48	2025	1.2	2178200000.0		2178200000.0	4773500000.0	195263000.0	309000000.0	5885700000.0	4.988135018644971	95.01186498135503	0.052500127427493756	-18.526903375906187	-19.9208149598809	28.467115095264262	28.682224907606038	-3.4277198211624373	2.5985568006018145	8.497453996787208	1.6445603576751253	13.697113601203629	25.494907993574415	10.656751117734812	88.75729613579952	165.20700379836222	-93.57794928230297	-46.51241724120144	-0.44172510079529825	3년	13.697113601203629	88.75729613579952	-46.51241724120144	-0.07825590382823992	0.13343666149134079	0.34065461021726284	8.508540875329475	5.127480264039322	3년	0.1334366614913407	불리(<1)	3년	2.5985568006018145	10.954971270464975	불리	N	주당순현금<=0	140082773.0	-9.677769791617695	-12.548088304924242		-33.50430758881235	185.73580078125	190.7863006591797	N	N	주의	단기위험부채 존재
DOV	DOVER Corp	0000029905	S&P 500	제외	PEG=불리, PEGY=불리(<1)	189.6999969482422	7.94	2025	1.11	513075000.0	0.0	513075000.0	2621295000.0	706677000.0	7405206000.0					-15.30168315466297	-20.430819367528688	25.818851398350777	26.464838326923285	-59.17737789203083	2.2834886521603703	44.73784358388186	-109.85475578406167	13.06697730432074	97.97568716776372	-872.2467609254496	103.75179979630668	777.926956112044	-559.803255117307	-45.30743201613527	310.08274571785773	3년	13.06697730432074	103.75179979630668	-45.307432016135266	-2.2490302529778683	0.13143453207128863	1.7757507054248924	8.100640890714706	4.2702377548929995	3년	0.1314345320712886	불리(<1)	3년	2.2834886521603703	11.30675704209171	불리	N	주당순현금<=0	137777000.0	-12.649077428887345	-8.994962952508745		-18.69186964411985	198.79619995117187	210.23034980773926	N	N	주의	단기위험부채 존재
AMAT	APPLIED MATERIALS INC /DE	0000006951	S&P 500	보류	PEG=불리, PEGY=불리(<1)	512.010009765625	8.66	2025	41.0	7241000000.0	1332000000.0	8573000000.0	6455000000.0	100000000.0	20415000000.0	15884000000.0	56.24121876635721	43.7587812336428	1.2852556031226392	2.621287128712871	2.4975247524752477	58.82086866477045	58.835159932234376	0.5807200929152232	5.191743203490939	47.74832161975129	9.661440185830447	18.88348640698188	103.99664323950257	83.66807200929168	163.53099228446308	900.6109304540923	-83.65889915949278	-68.06097748766275	75.8971335084545	3년	18.88348640698188	163.53099228446308	-68.06097748766275	0.7069042167651485	0.7852951554786631	1.5087897141666198	7.051980198019802	1.3773129555119203	3년	0.7852951554786631	불리(<1)	3년	5.191743203490939	11.32969531798475	불리	Y		808000000.0	-21.339350925579414	49.80250942541255		-29.182571263399026	489.1140008544922	423.69939964294434	Y	Y	강한 상승추세	단기위험부채 존재
ITW	ILLINOIS TOOL WORKS INC	0000049826	S&P 500	제외	PEG=불리, PEGY=불리(<1)	267.07000732421875	10.49	2025	2.58	851000000.0		851000000.0	6683000000.0	1825000000.0	3226000000.0					-19.952104002736913	-26.195689360246323	27.361497743275088	27.956691771636326	-10.418445772843727	2.3985109954127504	39.022413479712895	-12.336891545687454	13.2970219908255	86.54482695942579	-129.4139923142614	139.4857606837595	907.8552348043766	-148.4569546430404	-47.77183627571253	239.93155723482445	3년	13.2970219908255	139.4857606837595	-47.77183627571253	-0.28647721869575876	0.18195316068311243	1.5204728143925506	9.261033185083818	3.467642539823302	3년	0.1819531606831124	불리(<1)	3년	2.3985109954127504	11.407701609709132	불리	N	주당순현금<=0	292300000.0	-0.706396210678284	2.6047864138921684		-10.857809785243244	279.5982019042969	268.65805084228515	N	N	판정불가	단기위험부채 존재
CSCO	CISCO SYSTEMS, INC.	0000858877	S&P 500	제외	PEG=불리, PEGY=불리(<1)	106.94000244140625	3.33	2026	1.57	7218000000.0	8700000000.0	15918000000.0	19372000000.0	31000000.0	50285000000.0	79352000000.0	38.78908027800705	61.21091972199295	0.6336954330073596	-0.8663155254577376	-0.8740907950840231	32.37426965971891	32.376604575522606	30.58823529411766	2.746874400366228	5.901191149181684	69.67647058823532	13.993748800732456	20.30238229836337	232.02264705882362	46.59918350643908	67.60693305355002	116.96525319040619	-56.42492758313583	-36.78050167373739	3년	13.993748800732456	46.59918350643908	-56.42492758313583	0.9933269733071369	0.13334275786728927	0.2307755890004702	3.202157010283421	2.9943491090136476	3년	0.1333427578672892	불리(<1)	3년	2.746874400366228	11.785857283974323	불리	N	주당순현금<=0	3987000000.0	-8.606101624628714	37.82704921869253		-17.73845966045673	112.26759979248047	97.25259994506835	N	Y	중립/개선	단기위험부채 존재
UNP	UNION PACIFIC CORP	0000100885	S&P 500	제외	PEG=불리, PEGY=불리(<1)	274.1499938964844	11.98	2025	2.07	1266000000.0		1266000000.0	31814000000.0	0.0	18467000000.0	51231000000.0	26.49573875864444	73.50426124135556	0.3604653432492046	-51.26363483806008	-51.26363483806008	27.163074184853457	27.163074184853457	8.025247971145182	2.239111936305682	42.34446727212804	24.550495942290365	12.978223872611364	93.18893454425609	294.11494138863856	155.47912199388415	1116.403435840188	7.282490584221102	-43.286840979251984	307.22358588186876	3년	12.978223872611364	155.47912199388415	-43.286840979251984	0.3716533667155556	0.15863859543219552	1.6351045897777736	9.228058399060245	3.3660618655875822	3년	0.1586385954321955	불리(<1)	3년	2.239111936305682	12.131181896010924	불리	N	주당순현금<=0	595900000.0	-1.2890278141457268	12.995630786352796		-11.741034638463665	291.9020001220703	264.2357007598877	N	Y	중립/개선	
LII	LENNOX INTERNATIONAL INC	0001069202	S&P 500	보류	PEG=불리, PEGY=불리(<1)	360.1600036621094	4.07	2025	1.51	34200000.0	500000.0	34700000.0		0.0	1163100000.0	2918700000.0	28.49478171394973	71.50521828605028	0.3984993318943365	0.980225988700565	0.980225988700565	88.25055962491616	88.25055962491616	-81.94321206743567	-33.564279747458514	7.0876315210889995	-155.38642413487133	-58.62855949491703	22.675263042178	-632.4227462289264	-238.61823714431233	92.28832058166446	-275.5949410813104	-166.253397023001	-74.37574421277316	5년	22.675263042178	92.28832058166446	-74.37574421277316	-0.9114187197145728	-0.36321899695249626	0.09742296884723202	18.045197740112993	5.010328064368419	5년	0.097422968847232	불리(<1)	5년	7.0876315210889995	12.451347020839007	불리	Y		35400000.0	-36.933530699000436	-22.401051456898237		-37.13936713697665	412.655	488.7567993164063	N	N	주의	
WEC	WEC ENERGY GROUP, INC.	0000783325	S&P 500	제외	PEG=불리, PEGY=불리(<1)	102.58000183105469	4.81	2025	3.71	27600000.0		27600000.0	18498100000.0	1924700000.0	9491800000.0					-57.042927733168625	-62.987029030265596	33.18564024204227	34.42142013748863	-0.41407867494824974	2.627012926537597	44.632634440111204	7.671842650103501	13.754025853075195	97.76526888022241	36.90156314699784	66.15686435329168	470.25094331386975	-64.02655245827223	-35.5070548134231	358.4236058879731	3년	13.754025853075195	66.15686435329168	-35.5070548134231	0.09931769587727311	0.1909564763650199	1.45673351749492	2.107782581840642	2.054769491340114	3년	0.1909564763650199	불리(<1)	3년	2.6270129265375974	12.632461723658489	불리	N	주당순현금<=0	323800000.0	-11.736361423491914	-11.393275627948874		-13.689521962096707	107.34359985351563	111.31685012817383	N	N	주의	단기위험부채 존재
MTD	METTLER TOLEDO INTERNATIONAL INC/	0001037646	S&P 500	제외	PEG=불리, PEGY=판정불가	1537.3299560546875	42.05	2025		69807000.0		69807000.0	2088241000.0		-23636000.0	3736282000.0	-0.6366348959744613	100.63663489597445	-0.006326074959010053	-97.64234285817118	-97.64234285817118	38.88162423098356	38.88162423098356	3.8784584980237167	3.064056292120587	36.02403387418598	16.256916996047433	14.628112584241174	80.54806774837196	683.6033596837946	615.1121341673413	3387.046248819041	-55.53307492698876	-59.988281517265904	120.32005786912237	3년	14.628112584241174	615.1121341673413	-59.988281517265904				41.05359847381745	2.6704480916494315	판정불가		판정불가	3년	3.064056292120587	12.68959200618151	불리	N	주당순현금<=0	20671708.0	18.22159294069032	21.894228954436556		-0.5131857202556045	1397.2273999023437	1317.3508978271484	Y	Y	강한 상승추세	
A	AGILENT TECHNOLOGIES, INC.	0001090872	S&P 500	제외	PEG=불리, PEGY=양호	175.02999877929688	4.57	2025	57.99999999999999	1789000000.0	0.0	1789000000.0	2729000000.0	304000000.0	6741000000.0	5986000000.0	52.966134988606896	47.0338650113931	1.1261276311393251	-3.2982456140350878	-4.364912280701755	39.02149767906607	39.25490395185965	3.160270880361187	3.018045520401325	14.719612881567535	14.820541760722374	14.53609104080265	37.93922576313507	67.72987584650126	66.42993605646811	173.38226173752727	-61.30384715827778	-62.046542581404815	-0.9414026471241121	3년	14.53609104080265	66.42993605646811	-62.046542581404815	1.5673481162454699	1.5637033212370977	1.8635782121858315	4.042105263157895	2.309378558731961	3년	1.5637033212370977	양호	3년	3.0180455204013246	12.9293933492021	불리	N	주당순현금<=0	285000000.0	31.21673257379132	53.56202283235809		-0.10273838689149883	150.51740020751953	132.40880001068115	Y	Y	강한 상승추세	단기위험부채 존재
AFL	AFLAC INC	0000004977	S&P 500	제외	PEG=불리, PEGY=불리(<1)	113.66000366210938	6.82	2025	2.15	6245000000.0		6245000000.0			29490000000.0	86980000000.0	25.31982484760024	74.68017515239977	0.3390434582662681	11.675559660333759	11.675559660333759	14.95373079204921	14.95373079204921	-29.179646936656283	1.1501008285269565	38.25795257148448	-49.859293873312566	10.800201657053913	85.01590514296896	-340.0403842159917	73.65737530110769	579.8084730750484	-399.17330042225785	-35.19499126528471	410.1253337970268	3년	10.800201657053913	73.65737530110769	-35.19499126528471	-1.8075520625948243	0.22068745749265434	2.702198744474462			3년	0.2206874574926543	불리(<1)	3년	1.1501008285269565	13.002104181771502	불리	N	FCF<=0	534878000.0	-4.076288538053063	3.6004052598663794		-12.265533782581283	119.5336001586914	115.01670013427734	N	N	판정불가	
LUV	SOUTHWEST AIRLINES CO	0000092380	S&P 500	보류	PEG=불리, PEGY=불리(<1)	42.08000183105469	0.79	2025	1.73	3231000000.0	0.0	3231000000.0	2883000000.0	271000000.0	7981000000.0					0.6236559139784946	0.13799283154121864	52.4763872368053	53.09115063229553	3.947368421052635	-3.1641996800259364		16.39473684210527	2.171600639948127		12.951842105263164	1.7155645055590205		-69.22090888383752	-95.92308832958996		1년	16.39473684210527	12.951842105263164	-69.22090888383752	0.10818901071510323	-0.0273303814447812		0.7078853046594982	1.6822368675304684	1년	0.1081890107151032	불리(<1)	1년	3.947368421052635	13.294018099990664	불리	Y		558000000.0	-16.62373526198134	12.00426450057115		-23.21167442170964	42.523799896240234	43.50614990234375	N	N	판정불가	단기위험부채 존재
TRMB	TRIMBLE INC.	0000864749	S&P 500	제외	PEG=불리, PEGY=판정불가	57.34000015258789	1.76	2025		253400000.0	0.0	253400000.0	1392200000.0	0.0	5836200000.0	3475800000.0	62.67396907216495	37.32603092783505	1.6790954600379768	-4.715527950310559	-4.715527950310559	35.258822785737756	35.258822785737756	-71.10016420361248	-0.7462964697448338	2.573740723547502	-133.70032840722496	7.0074070605103325	13.647481447095004	-235.31257799671593	12.333036426498186	24.019567346887207	-510.38119527471906	-78.49139101207071	-58.11027679984555	5년	13.647481447095004	24.019567346887207	-58.11027679984555				1.4944099378881988	2.606225904972818	판정불가		판정불가	5년	2.573740723547502	13.69944628188458	불리	N	주당순현금<=0	241500000.0	9.052868306904216	-12.095665795342992		-31.34578249848613	57.8465998840332	63.02834993362427	N	N	중립/개선	
COO	COOPER COMPANIES, INC.	0000711404	S&P 500	제외	PEG=불리, PEGY=불리(<1)	56.630001068115234	1.87	2025	0.05297545370680048	110600000.0		110600000.0	2455700000.0	47100000.0	8238900000.0	4155700000.0	66.47168928404305	33.52831071595695	1.9825540823447314	-11.7255	-11.961	36.55374388669264	36.67967971556964	-4.59183673469387	-37.77093222139564	2.6595962043162835	-0.68367346938774	-67.04186444279128	13.819192408632567	-1.278469387755074	-125.3682865080197	25.8418898041429	-102.2575831955527	-321.38139527354986	-54.36713876614628	5년	13.819192408632567	25.8418898041429	-54.36713876614628	-0.12416953226614467	-1.031849347213379	0.07420776559663411	2.1685	3.8292423787732273	5년	0.0742077655966341	불리(<1)	5년	2.6595962043162835	13.744095373338714	불리	N	주당순현금<=0	200000000.0	-21.292559457851702	-20.797201303335335		-32.839182550908696	67.78380027770996	71.75244995117187	N	N	주의	단기위험부채 존재
AJG	Arthur J. Gallagher & Co.	0000354190	S&P 500	제외	PEG=불리, PEGY=불리(<1)	227.75	5.74	2025	1.23	738400000.0		738400000.0	12104000000.0	640000000.0	23321000000.0	47318000000.0	33.014340520109286	66.98565947989071	0.49285684094847626	-44.3795392424834	-46.87856306130418	47.409327394160876	47.84469739743975	-11.69230769230769	3.4145178584730878	51.46625205903632	-14.88461538461538	15.329035716946175	111.43250411807264	-85.43769230769229	87.98866501527104	639.622573637737	-137.51380562357508	-61.36611854433763	180.8441596653071	3년	15.329035716946175	87.98866501527104	-61.36611854433763	-0.22068036539147926	0.09796633096813612	1.1115165507605704	6.68566966028895	2.9355300374484963	3년	0.0979663309681361	불리(<1)	3년	3.4145178584730873	13.884633016786006	불리	N	주당순현금<=0	256100000.0	-4.973504510373806	5.157446705378921		-26.64584129700096	250.6581997680664	233.32249992370606	N	N	판정불가	단기위험부채 존재
GLW	CORNING INC /NY	0000024741	S&P 500	제외	PEG=불리, PEGY=불리(<1)	158.7100067138672	1.83	2025	73.0	1526000000.0		1526000000.0	3458000000.0	75000000.0	11807000000.0	18669000000.0	38.741960887255544	61.258039112744456	0.6324388022925705	-2.2181400688863375	-2.304247990815155	87.93887802336258	87.9859315326133	215.51724137931038	5.9197116093949065	27.64725090252995	439.53448275862075	20.33942321878981	63.7945018050599	804.348103448276	37.221144490385356	116.74393830325963	406.8036477992264	-76.5477015211208	-26.441980111730913	3년	20.33942321878981	37.221144490385356	-76.5477015211208	3.2808838123072306	0.8974382364581504	1.14451370275376			3년	0.8974382364581504	불리(<1)	3년	5.9197116093949065	14.855263875321016	불리	N	주당순현금<=0 | FCF<=0	871000000.0	-28.06508489261652	16.724281303971633		-37.92873980270814	152.82940017700196	149.47725036621094	Y	Y	강한 상승추세	단기위험부채 존재
VTR	Ventas, Inc.	0000740260	S&P 500	제외	PEG=불리, PEGY=불리(<1)	86.91000366210938	0.54	2025	2.39	741067000.0		741067000.0	13011016000.0	0.0	12527253000.0	14630983000.0	46.12690235109526	53.87309764890473	0.8562140356529702	-26.52302454524821	-26.52302454524821	210.06116334695847	210.06116334695847	184.21052631578948		13.239815312499648	376.92105263157896		34.979630624999295	203.53736842105266		18.88900053749962	134.1932572139448		-78.26602261928709	5년	34.979630624999295	18.88900053749962	-78.26602261928709	0.8883152094496448		0.07440602091060426	3.220825092139252	3.705931373172237	5년	0.0744060209106042	불리(<1)	5년	13.239815312499648	15.86586809474908	불리	N	주당순현금<=0	462615000.0	-3.056327738018594	6.272933430406447		-13.54818987622668	91.50439956665039	85.81885009765625	N	Y	중립/개선	
TSCO	TRACTOR SUPPLY CO /DE/	0000916365	S&P 500	제외	PEG=불리, PEGY=불리(<1)	31.510000228881836	2.06	2025	3.05	194109000.0	15900000.0	210009000.0	1764974000.0		2581293000.0	8352386000.0	23.608640787789728	76.39135921221028	0.30904857605958347	-2.9218889168661613	-2.9218889168661613	16.714509294052423	16.714509294052423	0.980392156862746	-40.358393897568654	-20.235562235652548	10.460784313725492	-72.21678779513731	-31.971124471305096	21.549215686274515	-148.76658285798285	-65.8605164108885	-31.611502603155618	-572.1249818387005	-309.0146491034336	1년	10.460784313725492	21.549215686274515	-31.611502603155618	0.24113134797782507	-2.232096272837888	-1.0281822776435166	1.3914310625392257	4.415839582456906	1년	0.241131347977825	불리(<1)	1년	0.980392156862746	17.048799479933457	불리	N	주당순현금<=0	532178000.0	-2.3248547169041567	-30.44149942699541		-44.101470949188325	33.42220001220703	40.22254993438721	N	N	주의	
HSY	HERSHEY CO	0000047111	S&P 500	제외	PEG=불리, PEGY=불리(<1)	161.41000366210938	0.9006880540124623	2014	3.6	587998000.0	0.0	587998000.0	4089755000.0	218546000.0	4636750000.0	9104547000.0	33.743175771544706	66.25682422845529	0.5092784956791371	-15.574647411235695	-16.54666714108443	196.49938764580997	197.5785845170447	9.97663734289587			28.45327468579174			25.62752460702782			-84.12271604882949			1년	28.45327468579174	25.62752460702782	-84.12271604882949	0.0690925173129178			8.106961932422156	5.022589522637652	1년	0.0690925173129178	불리(<1)	1년	9.97663734289587	19.695953745951545	불리	N	주당순현금<=0	224837000.0	-9.660264556848198	-22.357975787195784		-31.68697964448597	176.97799987792968	191.3161499786377	N	N	주의	단기위험부채 존재
ANET	Arista Networks, Inc.	0001596532	S&P 500	보류	PEG=불리, PEGY=판정불가	202.86000061035156	2.75	2025		1963900000.0	8779100000.0	10743000000.0	0.0	98793000.0	12370500000.0	7078100000.0	63.60612074905134	36.39387925094865	1.7477147822155663	8.4212589166732	8.343816728070863	70.70499697951941	70.7331577753748	23.318385650224215	-13.642192783183182	3.548578845590522	55.13677130044843	-18.784385566366364	15.597157691181044	151.62612107623318	-51.6570603075075	42.892183650747874	-25.255782007280548	-125.46438930892498	-78.85626366868937	5년	15.597157691181044	42.892183650747874	-78.85626366868937				3.4147127067492358	1.683285367482637	판정불가		판정불가	5년	3.548578845590522	19.924876987692613	불리	Y		1275700000.0	21.75009395941685	65.22235105654501		-3.629453391756976	191.62940002441405	157.7659998703003	Y	Y	강한 상승추세	단기위험부채 존재
ELV	Elevance Health, Inc.	0001156039	S&P 500	보류	PEG=불리, PEGY=불리(<1)	392.7300109863281	25.21	2025	1.75	9491000000.0	25884000000.0	35375000000.0	30797000000.0	150000000.0	43882000000.0	77468000000.0	36.16151627523691	63.83848372476309	0.5664532452109258	20.382902938557436	19.715048975957256	14.76981785195441	14.796309480776314	-1.8302180685358211	0.5345551244794411	63.01431604750667	4.839563862928358	9.569110248958882	134.52863209501334	122.00540498442392	241.23726937625344	3391.4668151152864	-68.93402552099049	-38.57427173176957	763.5619179185549	3년	9.569110248958882	241.23726937625344	-38.57427173176957	-0.00543121583081719	0.15467727140434154	4.384909597171285	14.131789848619768	3.5983473259729393	3년	0.1546772714043415	불리(<1)	3년	0.5345551244794411	27.6301117987364	불리	Y		224600000.0	-5.636846468550372	34.1520105845698		-7.980504903269958	397.3172003173828	365.41515029907225	N	Y	중립/개선	단기위험부채 존재
ACN	Accenture plc	0001467373	S&P 500	보류	PEG=불리, PEGY=불리(<1)	177.1199951171875	2.25	2025	3.68	11478729000.0	5945000.0	11484674000.0		99963000.0	31195446000.0					18.246493818420028	18.087675704682475	70.61044502167444	70.68103085000223	-15.41353383458647	-4.705085797437691	2.4863174611353456	-22.32706766917294	-0.9101715948753828	13.472634922270691	-50.23590225563912	-2.0478860884696113	30.313428575109054	-128.36263755676012	-101.1562139481286	-82.88537183221304	5년	13.472634922270691	30.313428575109054	-82.88537183221304	-0.16617277841804806	-0.014517481048632862	0.08732868712614042	17.276845866001423	9.754317040586288	5년	0.0873286871261404	불리(<1)	5년	2.4863174611353456	28.399609513031	불리	Y		629418129.0	35.072057135569445	-10.676281650984254		-38.615100203820695	176.59499908447265	197.02464965820312	Y	N	중립/개선	단기위험부채 존재
TSLA	Tesla, Inc.	0001318605	S&P 500	보류	PEG=불리, PEGY=판정불가	352.8399963378906	1.08	2025		16513000000.0	27546000000.0	44059000000.0	0.0	50841000.0	82137000000.0	54941000000.0	59.919899619194915	40.08010038080509	1.4950037312753681	12.488378684807257	12.473967970521542	315.14038671581795	315.1537299697862	-47.05882352941176	-33.18021688674605	11.032151746146003	-85.61764705882352	-57.860433773492105	30.564303492292005	-92.46705882352941	-62.489268475371475	33.00944777167537	-126.2065128055891	-117.71036989115308	-90.64464116475489	5년	30.564303492292005	33.00944777167537	-90.64464116475489				1.7630385487528344	0.499670832969994	판정불가		판정불가	5년	11.032151746146003	28.56563197890292	불리	Y		3528000000.0	-17.03738385488759	-5.086752834461161		-27.97419922817714	347.4461981201172	394.69039947509765	Y	N	주의	단기위험부채 존재
PHM	PULTEGROUP INC/MI/	0000822416	S&P 500	보류	PEG=불리, PEGY=안심	118.5	11.12	2025	88.0	1980869000.0		1980869000.0	43900000.0		12985442000.0	5062981000.0	71.9477928902708	28.0522071097292	2.564781894302981	9.707317439873307	9.707317439873307	9.78351461871643	9.78351461871643	-24.302246426140233	0.3319275999318138	47.00020978752231	-40.104492852280465	9.163855199863628	102.50041957504462	-445.96196051735876	101.90206982248354	1139.8046656744962	-476.33920718764455	-14.00669213292528	861.860477362444	3년	9.163855199863628	101.90206982248354	-14.00669213292528	6.510722992328573	9.028649830087414	13.798743605826385	8.762951232102317	7.394895554516722	3년	9.028649830087414	안심	3년	0.33192759993181387	29.474845179268627	불리	Y		199537000.0	-10.626741629876712	0.7567378496978749		-16.87710295358613	125.54079956054687	124.84184997558594	N	N	판정불가	
URI	UNITED RENTALS, INC.	0001067701	S&P 500	제외	PEG=불리, PEGY=불리(<1)	1014.5399780273438	10.27	2025	78.0	459000000.0		459000000.0	14302000000.0		8968000000.0	20898000000.0	30.027455969999327	69.97254403000068	0.4291319743516126	-214.2746579159185	-214.2746579159185	119.65088957578016	119.65088957578016	-1.9102196752626655	3.924142525332664	20.2179802192882	4.679560649474669	16.348285050665325	48.9359604385764	48.05908787010485	167.89688747033287	502.57231370417963	-95.26296756057359	-83.45093430455161	-50.46303501204815	3년	16.348285050665325	167.89688747033287	-83.45093430455161	0.6359315889293605	0.6846931336306239	0.8208712911999074	77.28623614636865	7.617860096222412	3년	0.6846931336306239	불리(<1)	3년	3.9241425253326634	30.49096428158835	불리	N	주당순현금<=0	64604000.0	-8.744695877195351	39.25277004324552		-12.901562060341398	1066.3242065429688	944.5347528076172	N	Y	중립/개선	
ON	ON SEMICONDUCTOR CORP	0001097864	S&P 500	제외	PEG=불리, PEGY=판정불가	75.94999694824219	0.29	2025		2147600000.0	400000000.0	2547600000.0	2980500000.0	0.0	7673300000.0	4832200000.0	61.359401863180196	38.6405981368198	1.587951657630065	-1.0512384652744051	-1.0512384652744051	265.5215014259193	265.5215014259193	-92.01101928374655	-59.13642526295217	6.668390127527379	-175.5220385674931	-109.77285052590435	21.83678025505476	-50.901391184572994	-31.834126652512257	6.33266627396588	-167.0196092558909	-141.91458582178262	-91.66205855375951	5년	21.83678025505476	6.33266627396588	-91.66205855375951				3.4448761534725594	4.535715986690753	판정불가		판정불가	5년	6.668390127527379	39.81793151690931	불리	N	주당순현금<=0	411800000.0	-19.74004105183579	22.658267432464708		-43.29127073716601	77.27879989624023	80.0757999420166	N	N	판정불가	
RF	REGIONS FINANCIAL CORP	0001281761	S&P 500	제외	PEG=불리, PEGY=불리(<1)	26.889999389648438	2.3	2025	4.07	3538000000.0		3538000000.0	4134000000.0	750000000.0	19043000000.0	139711000000.0	11.995288307696184	88.00471169230381	0.13630279648703394	-0.6651785714285714	-1.5022321428571428	11.980512156990006	12.344448492393731	19.170984455958546	0.2915468391792686	17.429746204664866	46.84196891191709	9.083093678358537	43.35949240932973	107.73652849740931	20.891115460224633	99.72683254145838	300.6564929074841	-22.30897755889549	270.8695976387756	3년	9.083093678358537	20.891115460224633	-22.308977558895492	1.9398990753829035	0.36405345464588784	1.7945598587887481			3년	0.3640534546458878	불리(<1)	3년	0.2915468391792686	41.09292417889441	불리	N	주당순현금<=0 | FCF<=0	896000000.0	-12.694805013849953	2.947926974253634		-17.006178631903634	30.192999992370606	28.706349973678588	N	N	판정불가	단기위험부채 존재
WSM	WILLIAMS SONOMA INC	0000719955	S&P 500	보류	PEG=불리, PEGY=불리(<1)	229.9600067138672	8.84	2025	1.32	1019801000.0		1019801000.0	299620000.0	0.0	2082559000.0	3329353000.0	38.48102112525111	61.51897887474889	0.6255146270161199	5.847855919060031	5.847855919060031	25.352053257331125	25.352053257331125	0.5688282138794165	-18.483779224854192	0.5286435792482447	9.637656427758833	-28.467558449708385	9.55728715849649	85.19688282138807	-251.65321669542212	84.48641848110897	-62.95143488693833	-209.43347075500276	-63.26038614782568	5년	9.55728715849649	84.48641848110897	-63.26038614782568	0.07450395416525953	-0.6770173228431071	0.07291888986205357	8.57024189422913	3.7268401652522307	5년	0.0729188898620535	불리(<1)	5년	0.5286435792482447	47.956797836044665	불리	Y		123153000.0	0.7933433556014169	26.122966272410842		-8.66629286330105	233.0270004272461	208.19439987182616	N	Y	상승전환	
NOW	ServiceNow, Inc.	0001373715	S&P 500	보류	PEG=불리, PEGY=판정불가	129.94000244140625	1.67	2025		3726000000.0	2558000000.0	6284000000.0		0.0	12964000000.0	13074000000.0	49.788770258852445	50.211229741147555	0.9915863545969099	6.003682080002599	6.003682080002599	74.21336548587045	74.21336548587045	-75.58479532163743	1.437568278374224	23.132555206176452	-142.66959064327486	11.375136556748448	54.765110412352904	-238.258216374269	18.996478049769905	91.45773438862935	-283.3601753868725	-85.38057742585008	-29.615412751842673	3년	11.375136556748448	18.996478049769905	-85.38057742585008				4.37187288321004	3.364531938639485	판정불가		판정불가	3년	1.4375682783742239	51.62423698566854	불리	Y		1046691000.0	22.81663392565221	24.285029792948976		-31.342397437050984	126.85559982299804	116.23041000366212	Y	Y	강한 상승추세	
LEN	LENNAR CORP /NEW/	0000920760	S&P 500	제외	PEG=불리, PEGY=불리(<1)	83.01000213623047	14.31	2024	2.41	3756305000.0		3756305000.0	5874995000.0		21959417000.0	12289828000.0	64.1164995023978	35.88350049760221	1.7867961211499461	-7.788757402975527	-7.788757402975527	6.345126452774703	6.345126452774703	4.224326292789512	0.0933489456862446	46.369977497318125	16.948652585579026	8.68669789137249	101.23995499463625	242.53521849963587	124.30664682554033	1448.7437559732448	192.17589719080271	49.74899846591568	1645.264087086353	3년	8.68669789137249	124.30664682554033	49.748998465915676	1.0455782626504384	0.3945309781165257	7.687786502030516	0.10360673335318489	0.12481234873738764	3년	0.3945309781165257	불리(<1)	3년	0.09334894568624463	67.97212765638857	불리	N	주당순현금<=0	272019000.0	-4.651959035075237	-4.410403458284151		-37.64741298605081	83.77099990844727	94.84054996490478	N	N	주의	
DHR	DANAHER CORP /DE/	0000313616	S&P 500	보류	PEG=불리, PEGY=보통	226.11000061035156	5.05	2025	71.0	19912300000.0		19912300000.0	18416000000.0	764600000.0	52534000000.0	8444400000.0	86.15181769282238	13.848182307177623	6.221164321917484	2.089512637899735	1.0217846669459574	44.360492667812245	44.57192394918923	-4.536862003780722	-19.44272804312125	0.6459964100776094	-0.5737240075614434	-30.3854560862425	9.791992820155219	-2.8973062381852888	-153.44655323552462	49.449563741783855	-101.28137023146454	-167.86367379652276	-78.13030666122603	5년	9.791992820155219	49.449563741783855	-78.13030666122603	1.498250673046393	1.1622339801985213	1.6150856787499928	7.345342829213797	3.248570522925167	3년	1.1622339801985213	보통	5년	0.6459964100776094	68.66987490299337	불리	Y		716100000.0	16.72000783891534	19.256325596794888		-6.585417161923268	206.8585998535156	201.80209991455078	Y	Y	강한 상승추세	단기위험부채 존재
WAT	WATERS CORP /DE/	0001000697	S&P 500	제외	PEG=불리, PEGY=판정불가	443.260009765625	3.77	2025		587831000.0	934000.0	588765000.0	947445000.0		2561242000.0	2515308000.0	50.45241354857137	49.54758645142863	1.0182617794719375	-6.0017067416294365	-6.0017067416294365	119.16756406027969	119.16756406027969	-2.8350515463917496	-0.3511881428137187	1.5554382507588116	2.829896907216501	7.797623714372563	11.610876501517623	10.668711340206208	29.397041403184563	43.77300441072144	-97.59312568127963	-93.36799152742692	-90.12475670118165	5년	11.610876501517623	43.77300441072144	-90.12475670118165						판정불가		판정불가	5년	1.5554382507588116	76.61349719421165	불리	N	주당순현금<=0 | FCF<=0	59763000.0	17.22423612032511	48.84487170421927		0.0	406.7966015625	362.9094007873535	Y	Y	강한 상승추세	
CTVA	Corteva, Inc.	0001755672	S&P 500	보류	PEG=불리, PEGY=안심	77.87000274658203	1.6	2025	92.0	4521000000.0	9000000.0	4530000000.0		782000000.0	24144000000.0					6.648077487525683	5.5004402700322865	44.513703286910214	45.23097654784359	23.076923076923077	0.4201730021000882	11.94783991051851	54.65384615384615	9.340346004200176	32.39567982103702	87.44615384615385	14.944553606720284	51.83308771365924	12.297612381928612	-80.80833044868969	-33.43638643195712	3년	9.340346004200176	14.944553606720284	-80.80833044868969	2.5852021867334236	2.0762184715662007	2.3351874194903397	3.2917522747285	4.2272404759520645	3년	2.0762184715662007	안심	3년	0.42017300210008823	105.94136954165069	불리	Y		681400000.0	-6.787165557585539	-6.976462073542045		-13.96530669684819	82.10139999389648	78.62925003051758	N	N	주의	단기위험부채 존재
TMO	THERMO FISHER SCIENTIFIC INC.	0000097745	S&P 500	제외	PEG=불리, PEGY=불리(<1)	679.6099853515625	17.74	2025	28.000000000000004	9852000000.0	253000000.0	10105000000.0	19107000000.0	693000000.0	53407000000.0					-23.814814814814813	-25.64814814814815	39.65190530813852	39.75524991542901	7.3200241984270855	0.2075477652143886	2.137246520494207	23.14004839685417	8.915095530428777	12.774493040988414	410.5044585601929	158.1537947098065	226.61950654713445	-39.597053102767646	-76.7287417609096	-66.65447662163115	3년	8.915095530428777	158.1537947098065	-76.7287417609096	0.8907522582824712	0.7113793787716127	0.7600453568698644	16.64814814814815	2.449662086635772	3년	0.7113793787716127	불리(<1)	3년	0.20754776521438867	191.04954113661336	불리	N	주당순현금<=0	378000000.0	32.39241087135105	38.26419283448779		0.0	610.2464038085938	541.3315504455567	Y	Y	강한 상승추세	단기위험부채 존재
CNP	CENTERPOINT ENERGY INC	0001130310	S&P 500	제외	PEG=불리, PEGY=불리(<1)	36.939998626708984	1.6	2025	2.6	38000000.0	510000000.0	548000000.0	20566000000.0	500000000.0	11153000000.0					-30.53153359261801	-31.294135590635246	42.16970763707938	42.64633388584014	1.2658227848101276	0.2092056307007928		11.031645569620256	8.918411261401586		17.65063291139241	14.269458018242538		-52.21810079161631	-61.37125460550181		3년	8.918411261401586	14.269458018242538	-61.37125460550181	0.09167298047404414	0.06661667315498977		-3.6360863265461756	-9.843222690098182	3년	0.0666166731549897	불리(<1)	3년	0.2092056307007928	201.57061497733184	불리	N	주당순현금<=0 | FCF<=0	655650000.0	-15.527100358117462	-14.4114950016064		-17.984018925776525	40.05940010070801	41.39065010070801	N	N	주의	단기위험부채 존재
MCD	MCDONALDS CORP	0000063908	S&P 500	제외	PEG=불리, PEGY=불리(<1)	233.97999572753906	11.95	2025	3.3	774000000.0		774000000.0	39973000000.0	798000000.0	-1791000000.0					-54716638.74930207	-55830541.59687325	4578817.801614879	4672031.429026693	4.91659350307286	12.78230543570502	13.62338129334184	18.33318700614572	34.06461087141004	35.74676258668368	219.08158472344135	407.07209991335	427.17381291086997	-6.367386646782558	73.9773088924107	82.56851898069861	3년	34.06461087141004	407.07209991335	73.9773088924107	1.7944792431301793e-06	3.5123270093937867e-06	3.696015440355199e-06	10030709.10106086	4286994.309009752	3년	3.5123270093937867e-06	불리(<1)	3년	12.782305435705021	358215.33327038115	불리	N	주당순현금<=0	716.4	-13.157405601424987	-24.714440846086795		-31.396236028137093	261.15920166015627	291.06615036010743	N	N	주의	단기위험부채 존재
GM	General Motors Co	0001467858	S&P 500	보류	PEG=판정불가, PEGY=안심	80.47000122070312	3.27	2025	89.0	20945000000.0	5966000000.0	26911000000.0			61119000000.0	218116000000.0	21.88801547083997	78.11198452916003	0.28021328100643694	27.65775950668037	27.65775950668037	16.150532634257722	16.150532634257722	-48.665620094191524	-18.898461530269618	-5.460789481150885	-88.83124018838305	-29.296923060539235	-2.421578962301769	-290.47815541601256	-95.8009384079633	-7.918563206726785	-460.97694918547984	-219.05174220789732	-109.84039155785364	판정불가				2.4974024584336716	4.340509384875296	5.1725359411150205	18.051387461459402	22.43244337967673	3년	4.340509384875296	안심	판정불가			판정불가	Y		973000000.0	6.554561437591366	8.01342445731963		-10.885937429504144	85.5752001953125	80.72075008392333	N	N	중립/개선	
HUM	HUMANA INC	0000049071	S&P 500	보류	PEG=판정불가, PEGY=안심	386.8699951171875	9.84	2025	92.0	4200000000.0	15703000000.0	19903000000.0	12369000000.0	1694000000.0	17657000000.0	31172000000.0	36.1608879968871	63.83911200311291	0.5664378288207366	62.35412907817854	48.33396785460083	32.97925467876107	34.404067811238484	-1.4028056112224505	-23.616654426020823	-17.217108695019935	5.694388777555099	-38.733308852041645	-25.93421739003987	56.03278557114218	-381.1357591040898	-255.1926991179923	-85.51637855653055	-198.51778734834147	-165.96342501069162	판정불가				2.7470964784150484	2.073526107247616	2.2675737227360964	3.103636634499197	0.8022427879316587	3년	2.073526107247616	안심	판정불가			판정불가	Y		120826000.0	-5.5077958016156225	123.12128524079343		-5.595410775699072	386.3023986816406	291.5490996551514	Y	Y	강한 상승추세	단기위험부채 존재
ODFL	OLD DOMINION FREIGHT LINE, INC.	0000878927	S&P 500	제외	PEG=판정불가, PEGY=보통	177.4600067138672	4.84	2025	65.0	120091000.0	0.0	120091000.0	45000000.0	20000000.0	4311057000.0	1159103000.0	78.81043698904602	21.189563010953975	3.719304496666819	0.3548757549693286	0.2603569031843401	36.59196920638386	36.61149789476919	-11.67883211678833	-26.48103950985108	-3.150049031832014	-14.85766423357666	-44.46207901970216	2.199901936335972	-71.91109489051104	-215.19646245535844	10.647525371866104	-140.52242317699165	-221.26476632131357	-94.00004228049312	판정불가				1.4571822462593575	1.052661590112753	1.690260248617			3년	1.052661590112753	보통	판정불가			판정불가	N	FCF<=0	211598000.0	-18.581390508565843	-9.181160564478386		-28.653556160448623	199.8954006958008	199.51740005493164	N	N	주의	단기위험부채 존재
IBKR	Interactive Brokers Group, Inc.	0001381197	S&P 500	제외	PEG=판정불가, PEGY=불리(<1)	86.18000030517578	2.22	2025	41.0	4963000000.0		4963000000.0		16000000.0	5363000000.0	182768000000.0	2.850673201120496	97.14932679887951	0.02934321106539438	11.1814650484052	11.145417609200186	33.78312398953629	33.79936157476378	-67.96536796536795	-16.033270923831843	-1.7104104038610624	-127.43073593073589	-23.566541847663686	5.079179192277875	-282.8962337662337	-52.31772290181339	11.275777806856883	-428.2620477656735	-160.70749909091296	-86.91601558722705	판정불가				-0.7981904803629166	0.7390296138362203	1.162994565224583			3년	0.7390296138362203	불리(<1)	판정불가			판정불가	N	FCF<=0	443859546.0	-7.581769109731063	28.492620690777002		-12.231389996550101	91.04839996337891	80.94994993209839	N	Y	중립/개선	단기위험부채 존재
CEG	Constellation Energy Corp	0001868275	S&P 500	제외	PEG=판정불가, PEGY=불리(<1)	264.5799865722656	7.4	2025	64.0	3641000000.0		3641000000.0	7250000000.0	1650000000.0	14517000000.0	42396000000.0	25.50735332876496	74.49264667123504	0.3424143787149731	-11.493630573248408	-16.748407643312103	37.3072455602046	38.01735056967266	-37.76282590412111			-67.02565180824222			-495.98982338099245			-287.4630919015188			판정불가				0.7032728817660535			4.101910828025478	1.550348112556544	1년	0.7032728817660535	불리(<1)	판정불가			판정불가	N	주당순현금<=0	314000000.0	11.8731444280193	-5.2533620153032645		-34.50180007999012	272.3202993774414	289.378125	N	N	중립/개선	단기위험부채 존재
TPL	Texas Pacific Land Corp	0001811074	S&P 500	보류	PEG=판정불가, PEGY=불리(<1)	328.70001220703125	6.97	2025	73.0	144809000.0		144809000.0			1458907000.0	164371000.0	89.87413123322068	10.12586876677932	8.875695834423347	2.0978453048822923	2.0978453048822923	46.85827358710889	46.85827358710889	-64.65517241379311	-50.58674419585327		-120.81034482758622	-92.67348839170654		-842.0481034482759	-645.9342140901946		-356.17525773558935	-296.51177064251334		판정불가				0.17808653514931508	0.4783201361970964		7.633813495643156	2.3224256806035677	3년	0.4783201361970964	불리(<1)	판정불가			판정불가	Y		69027492.0	-20.7989926007629	-30.735836585879373		-39.10594386945425	370.7216003417969	396.2757836914063	N	N	주의	
VZ	VERIZON COMMUNICATIONS INC	0000732712	S&P 500	제외	PEG=판정불가, PEGY=불리(<1)	45.97999954223633	4.06	2025	6.15	19048000000.0	350000000.0	19398000000.0	89658000000.0	441000000.0	105741000000.0					-16.606003308910424	-16.71023398723706	15.415271638213488	15.440944219082118	-1.932367149758456	-7.0765828174263685	-1.1420692869857585	4.635265700483088	-5.653165634852737	6.215861426028483	18.819178743961334	-22.95185247750211	25.236397389675638	-59.070946212875874	-149.9170350282822	-45.11440269481957	판정불가				0.27360094257348655	-0.060108108320934654	0.3248681457289339			5년	0.3248681457289339	불리(<1)	판정불가			판정불가	N	주당순현금<=0 | FCF<=0	4231000000.0	9.502256976130763	-8.406376805911474		-10.631683458872331	48.20020034790039	46.33510009765625	N	N	중립/개선	단기위험부채 존재
UPS	UNITED PARCEL SERVICE INC	0001090727	S&P 500	제외	PEG=판정불가, PEGY=불리(<1)	93.93000030517578	6.56	2025	6.98	5887000000.0	206000000.0	6093000000.0	17321000000.0	2341000000.0	16227000000.0					-13.209411764705882	-15.963529411764705	16.332227449677085	16.752062456850688	-2.8148148148148207	-20.79061596362501		2.8703703703703587	-33.08123192725003		18.82962962962955	-217.01288144276018		-79.95355097577702	-331.0368154345702		판정불가				0.2550286051317227	-0.8456051696670484		5.605882352941176	5.968148977672555	1년	0.2550286051317227	불리(<1)	판정불가			판정불가	N	주당순현금<=0	850000000.0	-14.250502537780097	-4.5232741131099985		-21.724999745686844	103.26160003662109	105.10110004425049	N	N	주의	단기위험부채 존재
IR	Ingersoll Rand Inc.	0001699150	S&P 500	제외	PEG=판정불가, PEGY=불리(<1)	76.4800033569336	1.45	2025	10.0	1248800000.0		1248800000.0	2778100000.0	0.0	10089800000.0	8143200000.0	55.33812318323918	44.661876816760824	1.2390460752529717	-3.813715710723192	-3.813715710723192	55.3749786673495	55.3749786673495	-29.611650485436897	-0.455587184000239		-50.723300970873794	7.588825631999522		-73.548786407767	11.003797166399307		-196.1673420233959	-85.61219052901399		판정불가				-0.35416086755082443	0.1723596657857927				3년	0.1723596657857927	불리(<1)	판정불가			판정불가	N	주당순현금<=0 | FCF<=0	401000000.0	-5.416766287851416	-4.543184304625758		-22.559739061734362	79.64919998168945	81.665	N	N	주의	
FTV	Fortive Corp	0001659166	S&P 500	제외	PEG=판정불가, PEGY=불리(<1)	55.40999984741211	0.58	2025	51.0	375500000.0		375500000.0	2306500000.0	899500000.0	6453400000.0					-5.771069934249851	-8.459354453078303	105.48460307183097	110.11957638015589	-75.42372881355932	-34.87672497401558	-29.666922875134137	-142.34745762711864	-61.25344994803116	-50.833845750268274	-82.56152542372881	-35.52700096985807	-29.483630535155598	-249.00112913027704	-164.11658738078364	-153.20994516575985	판정불가				-0.23153832978759656	0.15284955866976233	0.2022387770690937	2.9231918708906157	5.275567368598615	3년	0.1528495586697623	불리(<1)	판정불가			판정불가	N	주당순현금<=0	334600000.0	-10.339804965266808	0.2351683628544432		-13.543449815032705	58.67899955749512	58.2718998336792	N	N	판정불가	단기위험부채 존재
NKE	NIKE, Inc.	0000320187	S&P 500	보류	PEG=판정불가, PEGY=불리(<1)	35.84000015258789	2.1	2026	4.63	7563000000.0	2583000000.0	10146000000.0	5942000000.0	5000000.0	14865000000.0					2.838622552329507	2.8352464550979066	15.714941714408756	15.716549379757133	-2.77777777777778	-13.36921346091703	-10.018369318341202	2.94444444444444	-18.23842692183406	-11.536738636682404	6.183333333333325	-38.30069653585152	-24.22715113703305	-82.74739590678588	-206.86578229014304	-167.59807766151386	판정불가				0.11786376659125307	-0.5561085506861407	-0.34288191558487935	1.4746792707629979	4.1146184834949455	1년	0.117863766591253	불리(<1)	판정불가			판정불가	Y		1481000000.0	-16.76730373998897	-32.14691336679463		-51.937776184441255	39.38239974975586	49.208799819946286	N	N	주의	단기위험부채 존재
SLB	SLB LIMITED/NV	0000087347	S&P 500	제외	PEG=판정불가, PEGY=불리(<1)	49.869998931884766	2.35	2025	2.37	3130000000.0	1176000000.0	4306000000.0	9742000000.0	1178000000.0	26109000000.0	27577000000.0	48.632790671683495	51.36720932831651	0.946767233564202	-3.7828810020876826	-4.602644398051496	22.831012737860615	23.17984822550479	-24.43729903536977	-0.5610216224331555		-40.37459807073954	7.377956755133689		-94.88030546623791	17.33819837456417		-290.2552787214428	-65.23320885118595		판정불가				-0.9665492849020936	0.07923338304511653		3.336812804453723	6.69102241010939	3년	0.0792333830451165	불리(<1)	판정불가			판정불가	N	주당순현금<=0	1437000000.0	10.601017438724792	-2.957774811863201		-17.021630286132773	52.823599853515624	50.35240005493164	N	N	중립/개선	단기위험부채 존재
BF-B	BROWN FORMAN CORP	0000014693	S&P 500	제외	PEG=판정불가, PEGY=불리(<1)	26.290000915527344	1.53	2026	3.51	308000000.0		308000000.0	2083000000.0	68000000.0	4020000000.0	3874000000.0	50.92475297694451	49.07524702305548	1.0376871450696954	-3.8030308548999106	-3.9487244313129777	19.668648215965526	19.763872775712628	-16.847826086956523	-2.0882960100536807	-4.036359234531672	-25.195652173913047	4.323407979892639	0.42728153093665533	-38.549347826086965	6.614814209235737	0.6537407423330827	-246.63121522874894	-74.83904914842012	-97.51334834702507	판정불가				-0.6781262210043435	0.07228275041252133	-0.026761332489764793	1.9132994667186594	7.277669836780533	3년	0.0722827504125213	불리(<1)	판정불가			판정불가	N	주당순현금<=0	466733000.0	1.7808787966705042	-0.5673207847974759		-14.863984358752525	27.26780002593994	27.011099977493288	N	N	중립/개선	단기위험부채 존재
PFE	PFIZER INC	0000078003	S&P 500	제외	PEG=판정불가, PEGY=불리(<1)	28.719999313354492	1.36	2025	5.99	1142000000.0	8525000000.0	9667000000.0	61641000000.0	0.0	86476000000.0	121385000000.0	41.60280187240512	58.39719812759488	0.7124109239197595	-9.097496936810783	-9.097496936810783	27.80698253688623	27.80698253688623	-3.5460992907801296	-37.11932514902995	-4.476866683376013	1.4078014184397407	-65.7386502980599	-0.4537333667520258	1.9146099290780476	-89.40456440536147	-0.6170773787827551	-93.33353072822752	-411.2972372662603	-102.14859816690812	판정불가				0.08788802258490337	-1.1194787175392582	0.05441558840901926	1.588482408541922	5.530927738578652	5년	0.0544155884090192	불리(<1)	판정불가			판정불가	N	주당순현금<=0	5713000000.0	20.268008051439622	2.2792001117782457		-1.0337737411334924	27.134999923706054	26.36764998435974	Y	Y	강한 상승추세	
KLAC	KLA CORP	0000319201	S&P 500	제외	PEG=판정불가, PEGY=불리(<1)	196.52999877929688	3.66	2026	47.0	1649842000.0	1475936000.0	3125778000.0	3469670000.0	0.0	6349820000.0	11601715000.0	35.37201693337088	64.62798306662913	0.5473173578216669	-0.26059669620265635	-0.26059669620265635	53.76792226106544	53.76792226106544	-87.94863351992097	-46.684357143962295	-2.244895179579909	-167.39726703984195	-84.86871428792459	4.010209640840182	-612.6739973658216	-310.619494293804	14.677367285475068	-411.7457900429004	-258.0519494342589	-92.53174203600452	판정불가				-0.7615811025967949	0.005870467795001058	0.8323755677802761	2.854683082341833	1.452543174107298	3년	0.005870467795001	불리(<1)	판정불가			판정불가	N	주당순현금<=0	1319633000.0	-26.16927871941507	33.475052712106		-34.86128920309276	188.195400390625	176.63247512817384	Y	Y	강한 상승추세	
EMR	EMERSON ELECTRIC CO	0000032604	S&P 500	제외	PEG=판정불가, PEGY=불리(<1)	157.24000549316406	1.12	2025	1.41	2354000000.0	99000000.0	2453000000.0	8319000000.0	4192000000.0	20282000000.0					-10.35115581436386	-17.74836774307394	149.63496545314993	156.23961896092678	-35.26011560693641	-3.335847899742972	-1.3703810340970568	-62.02023121387282	1.8283042005140562	5.759237931805886	-69.46265895953756	2.047700704575743	6.450346483622593	-144.1761997792333	-98.69772282304788	-95.89777012319996	판정불가				-0.22621795316639906	-0.012870306708801606	0.0002647707758875892	4.706193753308629	2.993000247327789	5년	0.0002647707758875	불리(<1)	판정불가			판정불가	N	주당순현금<=0	566700000.0	12.700688559397344	20.012212155158892		-4.343593610876573	153.61660064697264	144.31585079193115	Y	Y	강한 상승추세	단기위험부채 존재
CSX	CSX CORP	0000277948	S&P 500	제외	PEG=판정불가, PEGY=판정불가	46.93000030517578	1.54	2025	1.19	1958000000.0	5000000.0	1963000000.0	9832000000.0		13160000000.0	30522000000.0	30.126825694794196	69.87317430520581	0.4311644060022279	-4.201281366791244	-4.201281366791244	33.20213095582274	33.20213095582274	-13.966480446927374	-7.566647873326204	-15.619198935967571	-19.432960893854748	-6.633295746652408	-22.738397871935142	-29.92675977653631	-10.21527544984471	-35.01713272278012	-163.76893156174935	-121.76704748224368	-174.61566694027525	판정불가				-0.3848090492723851	-0.19205537987337876	-0.4345865316646818	0.9135077415910304	1.9465325711712858	판정불가		판정불가	판정불가			판정불가	N	주당순현금<=0	1873000000.0	-2.89675454756414	14.32399799609907		-11.835429816342003	49.681800079345706	44.155099925994875	N	Y	중립/개선	
APTV	Aptiv PLC	0001521332	S&P 500	제외	PEG=판정불가, PEGY=판정불가	43.369998931884766	0.64	2025	2.029052390298865	1851000000.0		1851000000.0	7470000000.0	81000000.0	9207000000.0	13914000000.0	39.820942000778516	60.179057999221484	0.6617076326002588	-25.99703895623207	-26.371796058110483	108.38599670018256	108.97155467186757	-43.85964912280701	-9.379349728076658	-9.25361634386701	-79.21929824561401	-10.258699456153316	-10.007232687734021	-50.70035087719297	-6.565567651938123	-6.404628920149774	-216.90189560949946	-115.13850083844768	-114.76741774932628	판정불가				-0.3859409702917617	-0.06781593159225349	-0.06665587966638108	6.204312019987046	14.305538788993971	판정불가		판정불가	판정불가			판정불가	N	주당순현금<=0	216140000.0	-28.052422345469317	-37.54320649904852		-51.08830514550057	48.50639976501465	63.8443998336792	N	N	주의	단기위험부채 존재
AXON	AXON ENTERPRISE, INC.	0001069183	S&P 500	제외	PEG=판정불가, PEGY=판정불가	419.5799865722656	1.51	2025		1201147000.0	505417000.0	1706564000.0	1730170000.0	80552000.0	3242658000.0	3757655000.0	46.32161447638127	53.67838552361873	0.8629472370401221	-0.28658492169479177	-1.264513779288576	278.05733211520555	278.7049671202346	-68.54166666666667	-9.393302099393695		-128.58333333333334	-10.286604198787394		-194.16083333333336	-15.532772340168965		-146.27504636708701	-103.70198122819514		판정불가							0.9115090445550564	0.21724321314788553	판정불가		판정불가	판정불가			판정불가	N	주당순현금<=0	82370000.0	-29.35888425979256	-1.2032343214497088		-44.751397711020914	534.5196014404297	499.1569007873535	N	N	주의	단기위험부채 존재
UNH	UNITEDHEALTH GROUP INC	0000731766	S&P 500	제외	PEG=판정불가, PEGY=판정불가	374.94000244140625	13.23	2025	2.48	24365000000.0	3756000000.0	28121000000.0	72320000000.0	3620000000.0	32454000000.0	207883000000.0	13.503538780961733	86.49646121903827	0.1561166617760952	-48.51701427003293	-52.49066959385291	32.007333084764866	32.3076849610929	-14.700193423597675	-14.517352798270888	-3.7667253412291712	-20.90038684719535	-20.534705596541777	0.9665493175416575	-276.5121179883945	-271.6741550422477	12.78744747107613	-173.74836405502143	-172.45803415833274	-96.5894683448522	판정불가				-0.38179355309719165	-0.3760810926168833	-0.04020095450694198	17.64544456641054	4.7062048465122315	판정불가		판정불가	판정불가			판정불가	N	주당순현금<=0	911000000.0	-12.097342586816517	38.563881708772364		-14.073565441303337	397.48139892578126	355.9297993469238	N	Y	중립/개선	단기위험부채 존재
KR	KROGER CO	0000056873	S&P 500	제외	PEG=판정불가, PEGY=판정불가	60.790000915527344	1.54	2025	2.57	3334000000.0		3334000000.0	14509000000.0	1366000000.0	5927000000.0	44017000000.0	11.86729136633029	88.13270863366971	0.13465252061703434	-17.061068702290076	-19.146564885496183	50.55264260897235	51.90686090975554	-47.97297297297297	-20.45740326595622		-87.44594594594594	-32.41480653191244		-134.66675675675674	-49.91880205914516		-321.52780840369974	-182.11679767616943		판정불가				-0.8981325333309996	-0.35383715554330825				판정불가		판정불가	판정불가			판정불가	N	주당순현금<=0 | FCF<=0	655000000.0	8.090325571243095	-15.989496403029403		-19.589944255969016	58.05180000305176	63.565100002288816	Y	N	중립/개선	단기위험부채 존재
CPB	CAMPBELL'S Co	0000016732	S&P 500	제외	PEG=판정불가, PEGY=판정불가	20.229999542236328	1.31	2026	5.04	394000000.0		394000000.0	2244000000.0	373000000.0	3850000000.0	11492000000.0	25.094511797679576	74.90548820232043	0.3350156630699617	-6.166666666666667	-7.41	20.150126877025187	21.099236291783455	-34.82587064676616	-22.825206063866467	-16.820734795525595	-61.151741293532325	-37.150412127732935	-25.14146959105119	-80.10878109452734	-48.66703988733015	-32.93532516427706	-495.99002920032547	-340.5686652919728	-262.804379187031	판정불가				-1.4781976723296704	-0.8826349418248498	-0.5846481695833776	2.26	11.171527687292118	판정불가		판정불가	판정불가			판정불가	N	주당순현금<=0	300000000.0	-13.804856693262002	-9.16030926625404		-36.76148894348924	22.166999969482422	23.3499999332428	N	N	주의	단기위험부채 존재
DVN	DEVON ENERGY CORP/DE	0001090012	S&P 500	제외	PEG=판정불가, PEGY=판정불가	46.599998474121094	4.17	2025	2.75	1384000000.0	2343000000.0	3727000000.0	7391000000.0	998000000.0	15528000000.0					-5.788309636650869	-7.3649289099526065	12.563143431839798	12.941229588506884	-8.552631578947361	-22.960449726899977		-8.605263157894722	-37.420899453799954		-35.88394736842099	-156.0451507223458		-177.00418142362992	-434.86084942471433		판정불가				-0.4618773645647696	-1.6087096224404307		10.552922590837282	22.645757374214842	판정불가		판정불가	판정불가			판정불가	N	주당순현금<=0	633000000.0	15.776393724524462	-7.392689275166575		-10.505091708780723	46.794399948120116	44.449200038909915	N	Y	상승전환	단기위험부채 존재
CVS	CVS HEALTH Corp	0000064803	S&P 500	제외	PEG=판정불가, PEGY=판정불가	87.0999984741211	1.39	2025	3.05	8453000000.0	2145000000.0	10598000000.0	71348000000.0	0.0	75214000000.0	178156000000.0	29.68544026522477	70.31455973477523	0.4221805608567772	-47.7970102281668	-47.7970102281668	97.0482076994877	97.0482076994877	-62.02185792349728	-23.78711813669546	-23.938579568888617	-115.54371584699456	-39.07423627339092	-39.377159137777234	-160.60576502732243	-54.31318842001338	-54.734251201510354	-284.3923855808576	-162.35727826809406	-162.84070282478	판정불가				-0.6076553016425112	-0.2136785276953129	-0.21523921012091893	6.142407553107789	7.052132790717332	판정불가		판정불가	판정불가			판정불가	N	주당순현금<=0	1271000000.0	-16.897242149606896	21.27540913982773		-21.247739895311735	96.26699981689453	87.59795017242432	N	N	판정불가	
COP	CONOCOPHILLIPS	0001163165	S&P 500	제외	PEG=판정불가, PEGY=판정불가	125.44000244140625	6.35	2025	2.68	6497000000.0	484000000.0	6981000000.0	16147000000.0	961000000.0	64487000000.0	57452000000.0	52.88463904083189	47.11536095916811	1.1224500452551696	-7.312640512634768	-8.079326911570183	20.90592802425843	21.02666603983881	-18.693982074263765	-24.182162850978774		-28.88796414852753	-39.86432570195755		-183.43857234314981	-253.1384682074304		-246.2361039325035	-301.8004331000176		판정불가				-0.7660019711003386	-1.0285198928279335				판정불가		판정불가	판정불가			판정불가	N	주당순현금<=0 | FCF<=0	1253446000.0	21.526836812559935	-4.969695120146778		-11.174053705491326	127.55259994506837	116.07065017700195	N	Y	상승전환	단기위험부채 존재
SRE	SEMPRA	0001032208	S&P 500	제외	PEG=판정불가, PEGY=판정불가	78.18000030517578	2.75	2025	3.36	29000000.0		29000000.0		4166000000.0	31594000000.0					0.04435430833279802	-6.327371502509842	28.412962180670174	30.729953384612955	-37.782805429864254	-25.38521336020446	-26.568336591560993	-67.06561085972851	-42.27042672040892	-44.636673183121985	-184.4304298642534	-116.24367348112453	-122.75085125358547	-335.90487227465957	-248.6872256681596	-257.01055356155956	판정불가				-1.2115176591225916	-0.7751818772063334	-0.8168221406830303			판정불가		판정불가	판정불가			판정불가	N	FCF<=0	653826000.0	-14.435812679123138	-19.543067018229678		-21.624059844435305	84.88179992675781	90.20185012817383	N	N	주의	단기위험부채 존재
CVX	CHEVRON CORP	0000093410	S&P 500	제외	PEG=판정불가, PEGY=판정불가	204.3800048828125	6.63	2025	3.48	8178000000.0	0.0	8178000000.0	33477000000.0	977000000.0	186450000000.0	131836000000.0	58.57939086230623	41.42060913769377	1.414257107315149	-13.63092672413793	-14.157327586206897	32.882493455045314	32.96189026682042	-31.79012345679013	-28.68529133996226		-55.08024691358026	-48.87058267992452		-365.1820370370371	-324.0119631678995		-278.6779666858435	-258.53408133231113		판정불가				-0.8609481971157019	-0.7665261569783691				판정불가		판정불가	판정불가			판정불가	N	주당순현금<=0 | FCF<=0	1856000000.0	23.35083702777323	-1.217974426298274		-6.148688582884754	201.75739990234376	185.79810005187989	Y	Y	상승전환	단기위험부채 존재
ORLY	O REILLY AUTOMOTIVE INC	0000898173	S&P 500	제외	PEG=판정불가, PEGY=판정불가	86.06999969482422	2.97	2025		193793000.0		193793000.0	6016904000.0	25000.0	-763352000.0					-6.803343540685509	-6.803372749056861	31.27048593788206	31.27049577235053	-92.6955238563699	-29.203737570730283	-11.269579863367396	-176.8910477127398	-49.907475141460566	-14.039159726734791	-525.3664117068373	-148.2252011701379	-41.69630438840233	-710.394345962139	-272.2147109279604	-148.44464335569148	판정불가							1.861365386210611	2.1626180931920502	판정불가		판정불가	판정불가			판정불가	N	주당순현금<=0	855919000.0	-7.142089300048138	-6.759828868816397		-18.55601869201655	88.48540054321289	91.09139999389649	N	N	주의	단기위험부채 존재
PANW	Palo Alto Networks Inc	0001327567	S&P 500	제외	PEG=판정불가, PEGY=판정불가	388.4100036621094	0.4	2026		2514000000.0	557000000.0	3071000000.0	1991500000.0		27492000000.0	20968000000.0	56.73132480396204	43.26867519603797	1.3111407859595574	1.412958115183246	1.412958115183246	967.4926138673153	967.4926138673153	-75.00000000000001	-32.13955958512733		-141.50000000000003	-55.77911917025466		-56.600000000000016	-22.311647668101866		-114.57223023772534	-105.74435453714818		판정불가									판정불가		판정불가	판정불가			판정불가	N	FCF<=0	764000000.0	10.331210724461325	142.27169780289438		-1.9166657418915767	357.9859997558594	247.19574996948242	Y	Y	강한 상승추세	
KMB	KIMBERLY CLARK CORP	0000055785	S&P 500	제외	PEG=판정불가, PEGY=판정불가	98.98999786376953	1.5	2025	5.17	688000000.0		688000000.0	6439000000.0	963000000.0	1502000000.0					-17.259903961584634	-20.150060024009605	77.4999345502361	79.42670525851942	-80.13245033112582	-35.99237051910854	-26.238981580201248	-151.76490066225165	-63.48474103821708	-43.977963160402496	-227.64735099337747	-95.22711155732563	-65.96694474060374	-329.9700534458711	-196.19872069133447	-166.64001026789367	판정불가				-0.9672582404896682	-0.397708342568073	-0.27185805642899163			판정불가		판정불가	판정불가			판정불가	N	주당순현금<=0 | FCF<=0	333200000.0	-11.171934946952977	2.6122075372438047		-19.670538694179296	105.97139968872071	102.72779998779296	N	N	판정불가	단기위험부채 존재
VLO	VALERO ENERGY CORP/TX	0001035002	S&P 500	제외	PEG=판정불가, PEGY=판정불가	387.7200012207031	7.57	2025	1.24	4688000000.0		4688000000.0	8261000000.0		23725000000.0					-11.563106796116505	-11.563106796116505	52.74545680539229	52.74545680539229	-11.77156177156177	-36.119777156007146		-15.043123543123539	-63.73955431201429		-113.8764452214452	-482.50842614194823		-129.37079461026383	-224.4476489793696		판정불가				-0.19966765688310625	-0.6612849573888098		14.475728155339805	3.733552076179773	판정불가		판정불가	판정불가			판정불가	N	주당순현금<=0	309000000.0	43.8984552061896	56.92083468811593		-6.184668417075634	349.6566015625	256.8199016571045	Y	Y	강한 상승추세	
IRM	IRON MOUNTAIN INC	0001020569	S&P 500	제외	PEG=판정불가, PEGY=판정불가	111.5	0.49	2025	3.1	158535000.0		158535000.0	16215885000.0	216074000.0	-981007000.0					-53.91701587557418	-54.64254438982459	337.5857466848453	339.066417122091	-19.672131147540984	-36.34769139588404	-16.260604064943717	-30.84426229508197	-64.19538279176808	-24.021208129887434	-15.113688524590165	-31.45573756796636	-11.770391983644842	-113.5548776005293	-128.2114238277725	-110.55640536649763	판정불가				-0.049090138758174445	-0.09848665627142894	-0.038984477852466504	-3.1282033201708437	-2.80556351584829	판정불가		판정불가	판정불가			판정불가	N	주당순현금<=0 | FCF<=0	297816000.0	-8.53158440992392	9.163893348622999		-16.203215056500863	119.80179962158203	111.86259979248047	N	N	판정불가	단기위험부채 존재
FANG	Diamondback Energy, Inc.	0001539838	S&P 500	제외	PEG=판정불가, PEGY=판정불가	183.9499969482422	5.73	2025	2.39	104000000.0		104000000.0	13726000000.0	763000000.0	36972000000.0	28092000000.0	56.824050165990414	43.17594983400959	1.316104228961982	-47.12206697823086	-49.76148388502797	40.32671272713316	40.78734394995989	-63.10367031551834	-38.48028199276532		-117.70734063103669	-68.46056398553064		-674.4630618158403	-392.2790316370906		-466.6556526258672	-313.2530786328122		판정불가				-1.5055447421745376	-0.8949472831313268				판정불가		판정불가	판정불가			판정불가	N	주당순현금<=0 | FCF<=0	289079000.0	6.9725458049822775	-6.997318776318984		-13.917359330518408	198.7263998413086	184.19799980163575	N	N	중립/개선	단기위험부채 존재
COF	CAPITAL ONE FINANCIAL CORP	0000927628	S&P 500	보류	PEG=판정불가, PEGY=판정불가	196.4600067138672	4.03	2025	1.63	62093000000.0		62093000000.0	31377000000.0	1087000000.0	113616000000.0	555393000000.0	16.98273117402008	83.01726882597991	0.20456865678897646	56.74487345279882	54.7367448734528	34.668767558577755	35.16706249141796	-65.22864538395167	-39.17672229952939	-4.896815963113765	-121.95729076790334	-69.85344459905878	-1.2936319262275298	-491.4878817946505	-281.5093817342069	-5.213336662696945	-350.1719764829666	-243.290935617349	-102.65363762828832	판정불가				-1.8344651357015451	-1.0830128944182662	-0.09422936530968458	48.29115093293922	24.58065218498772	판정불가		판정불가	판정불가			판정불가	Y		541300000.0	-4.081632805099034	7.690629063950238		-23.8349985057106	211.5956005859375	206.325499420166	N	N	판정불가	단기위험부채 존재
MGM	MGM Resorts International	0000789570	S&P 500	제외	PEG=판정불가, PEGY=판정불가	31.520000457763672	0.76	2025	0.03807106543694319	2062994000.0		2062994000.0	6230141000.0	0.0	2429917000.0	38097468000.0	5.995740904576005	94.00425909542399	0.06378158779475844	-15.028931566134704	-15.028931566134704	61.24859476828733	61.24859476828733	-68.33333333333333	-39.83701324007897		-128.16666666666666	-71.17402648015793		-97.40666666666667	-54.09226012492003		-409.0312983884316	-271.6124979039986		판정불가				-1.1150502721942872	-0.6497935556759697		5.267157154449554	16.710523724476037	판정불가		판정불가	판정불가			판정불가	N	주당순현금<=0	277275000.0	-33.670033345687756	-14.833823595650731		-37.81810749318994	41.8678002166748	39.85010005950928	N	N	주의	
WY	WEYERHAEUSER CO	0000106535	S&P 500	제외	PEG=판정불가, PEGY=판정불가	19.549999237060547	0.45	2025	4.3	464000000.0		464000000.0	5050000000.0	522000000.0	9426000000.0	7187000000.0	56.738698609522665	43.261301390477335	1.3115347154584667	-6.338044714587592	-7.059470650264592	57.52898655921808	59.132155305166975	-16.66666666666667	-43.761896821361546		-24.833333333333343	-79.02379364272309		-11.175000000000004	-35.56070713922539		-157.16112755040817	-281.8962072991474		판정불가				-0.21496409734137953	-0.6859480616913183		0.268116152339728	1.371438172905222	판정불가		판정불가	판정불가			판정불가	N	주당순현금<=0	723567000.0	-17.020374871733633	-19.975444155362332		-27.859782428533375	23.363400115966797	24.224350061416626	N	N	주의	단기위험부채 존재
TSN	TYSON FOODS, INC.	0000100493	S&P 500	보류	PEG=판정불가, PEGY=판정불가	50.97999954223633	1.33	2025	4.0	1229000000.0		1229000000.0			18085000000.0					3.442577030812325	3.442577030812325	35.7424229409203	35.7424229409203	-40.888888888888886	-46.97317852013001	-5.767715060111856	-73.27777777777777	-85.44635704026003	-3.0354301202237117	-97.45944444444444	-113.64365486354583	-4.037122059897537	-291.17192098776	-322.91811668102	-107.91903118114551	판정불가				-1.032075775888602	-1.2023017743134439	-0.0494570573190789	3.2969187675070026	6.467082771892817	판정불가		판정불가	판정불가			판정불가	Y		357000000.0	-12.75030074281811	-20.430779171121717		-25.847273393110793	55.63999992370606	60.138050060272214	N	N	주의	
OXY	OCCIDENTAL PETROLEUM CORP /DE/	0000797468	S&P 500	제외	PEG=판정불가, PEGY=판정불가	54.939998626708984	1.61	2025	2.04	1968000000.0		1968000000.0	35745000000.0	440000000.0	36034000000.0					-33.773622637736224	-34.213578642135786	55.10162811456224	55.37489271356818	-34.01639344262294	-49.362988839182776		-59.53278688524588	-90.22597767836555		-95.84778688524588	-145.26382406216854		-274.4590267220168	-364.4044916148738		판정불가				-0.580316671880195	-0.858831044716014		4.104589541045895	7.47104048715876	판정불가		판정불가	판정불가			판정불가	N	주당순현금<=0	1000100000.0	14.60158573325463	-15.47692518967848		-17.05917814233682	58.390600051879886	53.77719999313354	N	Y	상승전환	단기위험부채 존재
DOC	HEALTHPEAK PROPERTIES, INC.	0000765880	S&P 500	제외	PEG=판정불가, PEGY=판정불가	20.1299991607666	0.1	2025	6.06	467457000.0		467457000.0	9847894000.0		7500094000.0	12033567000.0	38.395741586792155	61.604258413207845	0.6232644069709339	-13.47678738700427	-13.47678738700427	336.0678654777087	336.0678654777087	-72.22222222222223	-52.27593913804323	-33.51833999568201	-135.94444444444446	-96.05187827608646	-58.536679991364025	-13.594444444444447	-9.605187827608646	-5.853667999136403	-167.53325887335376	-147.71578851493035	-129.0793255995023	판정불가				-0.19687161141745863	-0.13751966160867204	-0.0817047472142299			판정불가		판정불가	판정불가			판정불가	N	주당순현금<=0 | FCF<=0	696044000.0	-6.977820108461508	22.51977350496608		-11.787907844134338	21.075	18.83955000400543	N	Y	중립/개선	
GPC	GENUINE PARTS CO	0000040987	S&P 500	제외	PEG=판정불가, PEGY=판정불가	126.94999694824219	0.47	2025	3.35	333547000.0		333547000.0	3498423000.0	943540000.0	4422991000.0					-22.728014362657092	-29.503885098743268	318.4638538529772	332.88060009996906	-92.73570324574962	-61.61464058703222	-16.81535450665752	-176.97140649149924	-114.72928117406444	-25.13070901331504	-83.17656105100464	-53.92276215181028	-11.811433236258068	-165.5191516742737	-142.47559153057304	-109.3040043483212	판정불가				-0.2806777038094114	-0.18295527069119377	-0.042282206736322325	3.0227935368043086	2.381089885363848	판정불가		판정불가	판정불가			판정불가	N	주당순현금<=0	139250000.0	8.134578618602607	20.04727843805407		-14.947071137385027	131.62579986572266	120.01545024871827	N	Y	상승전환	단기위험부채 존재
CSGP	COSTAR GROUP, INC.	0001057352	S&P 500	보류	PEG=판정불가, PEGY=판정불가	26.950000762939453	0.02	2025		1633000000.0	0.0	1633000000.0	993000000.0	0.0	8334000000.0	2167000000.0	79.3638701076088	20.6361298923912	3.845869866174435	1.5212740670311387	1.5212740670311387	1271.4363347954156	1271.4363347954156	-94.11764705882352	-72.19119357371476	-53.398733410393206	-179.73529411764704	-135.8823871474295	-98.29746682078641	-3.5947058823529408	-2.71764774294859	-1.9659493364157283	-113.33842590199936	-110.0840358664694	-107.29480252601411	판정불가							0.2923698597575469	1.0848603023403327	판정불가		판정불가	판정불가			판정불가	Y		420700000.0	-8.208446176129868	-33.19285904561268		-68.21933986666193	30.297399978637696	40.652399978637696	N	N	주의	
APD	Air Products & Chemicals, Inc.	0000002969	S&P 500	제외	PEG=판정불가, PEGY=판정불가	279.19000244140625	-1.77	2025	2.59	1856000000.0	0.0	1856000000.0	4918100000.0	34700000.0	15024900000.0	23709700000.0	38.78935112276879	61.21064887723121	0.6337026617797779	-13.749887741356085	-13.905702739110911			-110.30267753201397			-212.10535506402795			375.4264784633295			34.46988616367823			판정불가							-23.661427929950605	-8.475026943314862	판정불가		판정불가	판정불가			판정불가	N	주당순현금<=0 | FCF<=0 | 순현금차감PER<=0/불가	222700000.0	-8.880545690960705	-3.8899749295497665		-11.139756111917409	296.9367987060547	285.19889945983886	N	N	주의	단기위험부채 존재
ALB	ALBEMARLE CORP	0000915913	S&P 500	제외	PEG=판정불가, PEGY=판정불가	107.62000274658203	-5.76	2025	1.52	613110000.0		613110000.0	3119464000.0	367178000.0	9533365000.0					-21.300941664400327	-24.421505303236334			48.57142857142857			105.64285714285714			-608.5028571428571			-665.4179907203012			1년	105.64285714285714	-608.5028571428571	-665.4179907203012				5.885113543649714	5.468419804362645	판정불가		판정불가	1년	48.57142857142857		판정불가	N	주당순현금<=0 | 순현금차감PER<=0/불가	117664000.0	-20.914167182189015	-40.05458503963818		-50.08811558126066	123.59080017089843	155.7749499130249	N	N	주의	단기위험부채 존재
ARE	ALEXANDRIA REAL ESTATE EQUITIES, INC.	0001035443	S&P 500	제외	PEG=판정불가, PEGY=판정불가	48.470001220703125	-8.44	2025	5.94	549062000.0		549062000.0	12400555000.0		15470070000.0	14925399000.0	50.89597400191456	49.10402599808544	1.036492893757815	-69.58899516755037	-69.58899516755037			-568.8888888888889			-1129.2777777777778			9531.104444444445			19563.924498465658			판정불가									판정불가		판정불가	판정불가			판정불가	N	주당순현금<=0 | FCF<=0 | 순현금차감PER<=0/불가	170307000.0	-8.564416609283088	4.416206662259747		-42.159905184291745	51.133399963378906	50.28690010070801	N	N	판정불가	
APO	Apollo Global Management, Inc.	0001858681	S&P 500	제외	PEG=판정불가, PEGY=판정불가	119.0	5.54	2025	1.89	8980000000.0		8980000000.0	13364000000.0		23341000000.0	418434000000.0	5.283458774262916	94.71654122573709	0.055781795934364796	-7.384732856185598	-7.384732856185598	22.81312867440173	22.81312867440173	-24.42019099590723			-40.34038199181446			-223.4857162346521			-287.80312288626226			판정불가				-0.9875975942391461					판정불가		판정불가	판정불가			판정불가	N	주당순현금<=0 | FCF<=0	593657223.0	0.47281116772248666	6.803089172162058		-22.069415600358422	128.92779968261718	127.13665000915528	N	N	중립/개선	
ARES	Ares Management Corp	0001176948	S&P 500	보류	PEG=판정불가, PEGY=판정불가	118.97000122070312	0.039510671963162464	2014	4.54	488896000.0		488896000.0			4275463000.0	19931981000.0	17.661769660605227	82.33823033939478	0.21450266283115563	6.083971489795992	6.083971489795992	2857.102249138049	2857.102249138049													판정불가							40.42582623597222	33.97984855104576	판정불가		판정불가	판정불가			판정불가	Y		80358036.0	4.69946677493609	9.046748748510058		-33.267892060071766	133.45780029296876	130.72670055389403	N	N	중립/개선	
AVB	AVB		S&P 500	판정불가																																																												SEC ticker mapping 없음
BKR	Baker Hughes Co	0001701605	S&P 500	제외	PEG=판정불가, PEGY=판정불가	55.91999816894531	2.98	2024	1.65	7023000000.0		7023000000.0			18834000000.0									56.020942408376975		111.75011009858267	120.54188481675395		232.00022019716533	359.21481675392675		691.3606561875526	542.3727262448546		1136.338839101561	5년	232.00022019716533	691.3606561875526	1136.338839101561						판정불가		판정불가	5년	111.75011009858267		판정불가	N	주당순현금<=0 | FCF<=0 | 순현금차감PER<=0/불가		3.9018923932157668	-8.402950257534247		-19.73589832262823	60.67199996948242	59.227800045013424	N	N	중립/개선	
BAX	BAXTER INTERNATIONAL INC	0000010456	S&P 500	제외	PEG=판정불가, PEGY=판정불가	23.479999542236328	-1.87	2025	17.0	1966000000.0	5148000000.0	7114000000.0	9438000000.0	1000000.0	6129000000.0	13953000000.0	30.519868538990142	69.48013146100986	0.43926037411309393	-4.530214424951267	-4.5321637426900585			-87.00000000000001			-165.50000000000003			309.48500000000007			1218.0792420514822			판정불가									판정불가		판정불가	판정불가			판정불가	N	주당순현금<=0 | FCF<=0 | 순현금차감PER<=0/불가	513000000.0	8.252646215328841	39.761908384137314		-17.178133240578553	25.142000007629395	20.76299998283386	N	Y	상승전환	단기위험부채 존재
BLK	BlackRock, Inc.	0002012383	S&P 500	제외	PEG=판정불가, PEGY=판정불가	1067.93994140625	35.31	2025	2.15	11468000000.0		11468000000.0	12768000000.0		55888000000.0	108456000000.0	34.006717616706425	65.99328238329359	0.5153057461090211	-8.081234006422008	-8.081234006422008	30.47355353760045	30.47355353760045	-15.94858367055462			-23.39716734110924			-826.1539788145673			-177.35959175070258			판정불가				-0.45280520545557446			22.080417839085364	2.067571122961292	판정불가		판정불가	판정불가			판정불가	N	주당순현금<=0	160866521.0	8.931224228089363	11.045940772842865		-11.19666954166001	1108.64080078125	1061.3171517944336	N	Y	상승전환	
BK	BK		S&P 500	판정불가																																																												SEC ticker mapping 없음
BG	Bunge Global SA	0001996862	S&P 500	제외	PEG=판정불가, PEGY=판정불가	108.13999938964844	0.49	2025	2.66	1135000000.0	861000000.0	1996000000.0	8831000000.0	3883000000.0	15904000000.0					-41.05920370735475	-64.3851565962587	304.4881695857208	352.09215507327986	-88.76146788990825			-169.0229357798165			-82.82123853211009			-176.5870528939896			판정불가				-0.2827744276799188			-5.2803277335427685	-4.8828627365871995	판정불가		판정불가	판정불가			판정불가	N	주당순현금<=0 | FCF<=0	166466940.0	3.098484144257463	-14.984275169715044		-17.707939748859914	114.71440063476562	115.94350032806396	N	N	중립/개선	단기위험부채 존재
CNC	CENTENE CORP	0001071739	S&P 500	제외	PEG=판정불가, PEGY=판정불가	62.209999084472656	-13.53	2025		17888000000.0	2432000000.0	20320000000.0	17351000000.0	50000000.0	19953000000.0	56691000000.0	26.03334899013621	73.96665100986378	0.35196062867121763	6.020895691885885	5.919499671476894			-314.42155309033285			-620.3431061806657			8393.242226624407			13391.789664274924			판정불가							8.762644083745002	14.085587868031524	판정불가		판정불가	판정불가			판정불가	N	순현금차감PER<=0/불가	493116000.0	-8.983174142971173	90.0122049333564		-10.373151127734593	64.93159973144532	52.467699909210204	N	Y	중립/개선	단기위험부채 존재
CRL	CHARLES RIVER LABORATORIES INTERNATIONAL, INC.	0001100682	S&P 500	제외	PEG=판정불가, PEGY=판정불가	295.9599914550781	-2.91	2025		213770000.0	1063000.0	214833000.0	1626760000.0	166000.0	3164630000.0	3924228000.0	44.64231051038122	55.35768948961878	0.8064337749998216	-28.4869461706077	-28.490295375675895			-1555.0			-3101.5			9025.365			2949.521982896091			판정불가									판정불가		판정불가	판정불가			판정불가	N	주당순현금<=0 | FCF<=0 | 순현금차감PER<=0/불가	49564000.0	29.18939988045539	71.57100953917572		-0.8774851748321599	271.97399963378905	208.53810035705567	Y	Y	강한 상승추세	단기위험부채 존재
COIN	Coinbase Global, Inc.	0001679788	S&P 500	보류	PEG=판정불가, PEGY=판정불가	190.02000427246094	4.45	2025		11285452000.0	309765000.0	11595217000.0	5937034000.0	452105000.0	14793058000.0	14878774000.0	49.855559980253325	50.144440019746675	0.9942390414694114	19.700576931781384	18.126444505569115	38.27402861588305	38.62776623975097	-53.05907172995781			-97.61814345991561			-434.4007383966245			-328.6078984472378			판정불가							8.437931958956717	4.440549294409	판정불가		판정불가	판정불가			판정불가	Y		287209000.0	19.32931280928536	8.825384346969534		-50.93345478269099	171.725	186.54994956970214	Y	Y	상승전환	단기위험부채 존재
CAG	CONAGRA BRANDS INC.	0000023217	S&P 500	제외	PEG=판정불가, PEGY=판정불가	14.130000114440918	-4.0	2026	4.95	218000000.0		218000000.0	6456000000.0	34200000.0	8932700000.0	10916800000.0	45.0021411118668	54.9978588881332	0.8182526014949436	-13.022964509394573	-13.094363256784968			-266.6666666666667			-524.8333333333334			2099.3333333333335			14757.27753949419			판정불가							2.04321503131524	14.460120415901951	판정불가		판정불가	판정불가			판정불가	N	주당순현금<=0 | 순현금차감PER<=0/불가	479000000.0	-1.1888117064787873	-10.114504615644082		-29.420580462767354	15.24760009765625	15.665950036048889	N	N	주의	단기위험부채 존재
STZ	CONSTELLATION BRANDS, INC.	0000016918	S&P 500	제외	PEG=판정불가, PEGY=판정불가	112.7699966430664			3.65	102400000.0		102400000.0	9692900000.0	272000000.0	8082400000.0	13513600000.0	37.42544915725134	62.57455084274866	0.5980937721998579																	판정불가									판정불가		판정불가	판정불가			판정불가	N	주당순현금<=0 | FCF<=0 | 순현금차감PER<=0/불가		-17.61397383086556	-24.82000223795573		-32.343411568044786	128.09380004882811	143.75645027160644	N	N	주의	단기위험부채 존재 | EPS 없음
CTRA	CTRA		S&P 500	판정불가																																																												SEC ticker mapping 없음
CRWD	CrowdStrike Holdings, Inc.	0001535527	S&P 500	제외	PEG=판정불가, PEGY=판정불가	262.739990234375	-0.65	2026		5230125000.0	0.0	5230125000.0	745471000.0		4428390000.0	6614079000.0	40.10325951560289	59.89674048439711	0.6695399314099514	17.897380435476663	17.897380435476663															판정불가							5.228916576208416	1.990148728994016	판정불가		판정불가	판정불가			판정불가	N	순현금차감PER<=0/불가	250576000.0	36.0043448273901	169.19391180536473		0.0	215.0395999145508	151.42453742980956	Y	Y	강한 상승추세	
DDOG	Datadog, Inc.	0001561550	S&P 500	보류	PEG=판정불가, PEGY=판정불가	268.55999755859375	0.31	2025		401305000.0	4073531000.0	4474836000.0			3732206000.0	2911638000.0	56.175400867329216	43.824599132670784	1.2818234959153576	12.311363736408858	12.311363736408858	826.6084962005965	826.6084962005965	-40.38461538461539			-72.26923076923077			-22.40346153846154			-108.34206946013008			판정불가							2.752776004754149	1.025013415914094	판정불가		판정불가	판정불가			판정불가	Y		363472000.0	1.5426445866551841	127.49681543070048		-6.798541298920924	243.0105010986328	182.8855004119873	Y	Y	강한 상승추세	
DOW	DOW INC.	0001751788	S&P 500	제외	PEG=판정불가, PEGY=판정불가	27.610000610351562	-3.7	2025	5.07	3816000000.0	21000000.0	3837000000.0	15060000000.0	62000000.0	16008000000.0					-15.77150084317032	-15.858628442945475			-335.6687898089172			-662.8375796178344			2452.4990445859876			8782.647556575912			판정불가									판정불가		판정불가	판정불가			판정불가	N	주당순현금<=0 | FCF<=0 | 순현금차감PER<=0/불가	711600000.0	2.18356825533792	-33.7094847566901		-34.05779480608956	30.01020004272461	31.94765007019043	N	N	중립/개선	단기위험부채 존재
DD	DuPont de Nemours, Inc.	0001666700	S&P 500	제외	PEG=판정불가, PEGY=판정불가	130.1199951171875	-0.3	2025	1.84	715000000.0	0.0	715000000.0	7859000000.0	60000000.0	13919000000.0	7472000000.0	65.0694217194147	34.930578280585294	1.8628211991434689	-17.041984732824428	-17.185114503816795			-117.96407185628743			-227.42814371257487			68.22844311377246			-47.564981805966745			판정불가									판정불가		판정불가	판정불가			판정불가	N	주당순현금<=0 | FCF<=0 | 순현금차감PER<=0/불가	419200000.0	-6.030191398790274	-5.298398182449371		-15.828968109436092	136.0131994628906	137.54149974822997	N	N	주의	단기위험부채 존재
SATS	SATS		S&P 500	판정불가																																																												SEC ticker mapping 없음
EA	EA		S&P 500	판정불가																																																												SEC ticker mapping 없음
EQR	EQR		S&P 500	판정불가																																																												SEC ticker mapping 없음
ERIE	ERIE INDEMNITY CO	0000922621	S&P 500	제외	PEG=판정불가, PEGY=판정불가	222.42999267578125			2.63	266417000.0	33902000.0	300319000.0	0.0	0.0	2283374000.0	1072107000.0	68.04908148787014	31.950918512129856	2.1298004770046273																	판정불가									판정불가		판정불가	판정불가			판정불가	N	주당순현금<=0 | FCF<=0 | 순현금차감PER<=0/불가		-10.767445395211938	-11.491785111365903		-32.59084406069776	245.00140167236327	249.93885009765626	N	N	주의	EPS 없음
XOM	ExxonMobil Holdings Corp	0002115436	S&P 500	제외	PEG=판정불가, PEGY=판정불가	161.35000610351562			2.55																											판정불가									판정불가		판정불가	판정불가			판정불가	N	주당순현금<=0 | FCF<=0 | 순현금차감PER<=0/불가		18.395955054871393	-4.898029812108062		-5.901904149497151	159.98860107421876	148.42355003356934	Y	Y	상승전환	EPS 없음
F	FORD MOTOR CO	0000037996	S&P 500	제외	PEG=판정불가, PEGY=판정불가	12.300000190734863	-2.06	2025	4.88	23356000000.0	15131000000.0	38487000000.0	291000000.0		35952000000.0	253180000000.0	12.434459001424955	87.56554099857505	0.14200173789398846	9.59939683337522	9.59939683337522			-241.0958904109589			-473.6917808219178			975.8050684931507			7833.374417572681			판정불가									판정불가		판정불가	판정불가			판정불가	N	FCF<=0 | 순현금차감PER<=0/불가	3979000000.0	-9.824047792226532	6.585790566673455		-29.472478130290934	13.915599994659424	13.516849989891051	N	N	판정불가	
GIS	GENERAL MILLS INC	0000040704	S&P 500	제외	PEG=판정불가, PEGY=판정불가	33.81999969482422	-3.74	2026	7.21	453800000.0		453800000.0	12416000000.0	68400000.0	7368400000.0	22636100000.0	24.55764968588045	75.44235031411955	0.32551543772999764	-22.246977868700018	-22.37418634926539			-805.6603773584906			-1602.8207547169811			5994.54962264151			17624.865986793342			판정불가							3.0245490050213872	8.94307815586486	판정불가		판정불가	판정불가			판정불가	N	주당순현금<=0 | 순현금차감PER<=0/불가	537700000.0	-10.458037371105	-9.134877523829044		-33.59513156848097	37.467399978637694	39.02444997787475	N	N	주의	단기위험부채 존재
GDDY	GoDaddy Inc.	0001609711	S&P 500	제외	PEG=판정불가, PEGY=판정불가	94.05999755859375	6.22	2025		932400000.0	0.0	932400000.0	3765200000.0	15100000.0	215100000.0					-20.14492856685701	-20.252309399022906	18.360920598947068	18.378184398330653													판정불가							11.203874243534038	11.911412432851378	판정불가		판정불가	판정불가			판정불가	N	주당순현금<=0	140621000.0	8.226894022789688	13.777669822093985		-31.438154468459388	96.2561994934082	93.84369968414306	N	Y	상승전환	단기위험부채 존재
HAL	HALLIBURTON CO	0000045012	S&P 500	제외	PEG=판정불가, PEGY=판정불가	31.540000915527344	-1.29	2019	2.16	2206000000.0		2206000000.0	7158000000.0	0.0	10461000000.0	14505000000.0	41.90098534006248	58.099014659937524	0.7211995863495346	-5.805392731535756	-5.805392731535756			-168.25396825396825			-328.0079365079365			423.1302380952381			1241.5669810172021			판정불가									판정불가		판정불가	판정불가			판정불가	N	주당순현금<=0 | FCF<=0 | 순현금차감PER<=0/불가	853000000.0	-4.453188369436978	-19.107464586373435		-26.61702826559347	34.0449995803833	35.382999906539915	N	N	주의	
HAS	HASBRO, INC.	0000046080	S&P 500	제외	PEG=판정불가, PEGY=판정불가	88.26000213623047	-2.3	2025	3.17	4580369000.0		4580369000.0	2767900000.0	0.0	2995530000.0	4986500000.0	37.528423220659406	62.4715767793406	0.6007279655068686	12.927738944365192	12.927738944365192			-183.63636363636363			-358.77272727272725			825.1772727272726			834.9391035064792			판정불가							5.919400855920114	6.706776243652748	판정불가		판정불가	판정불가			판정불가	N	순현금차감PER<=0/불가	140200000.0	8.347659131086328	-5.705124385623838		-16.68869161576083	91.95419998168946	90.26499980926513	N	N	중립/개선	
HPE	Hewlett Packard Enterprise Co	0001645590	S&P 500	제외	PEG=판정불가, PEGY=판정불가	61.4900016784668	-0.04	2025	93.0	5773000000.0		5773000000.0	21748000000.0	4609000000.0	24688000000.0	14276000000.0	63.361051226773434	36.63894877322657	1.7293359484449426	-12.06570996978852	-15.546827794561933			-102.07253886010363			-195.64507772020727			7.825803108808291			-87.27304782047386			판정불가									판정불가		판정불가	판정불가			판정불가	N	주당순현금<=0 | FCF<=0 | 순현금차감PER<=0/불가	1324000000.0	39.908988876099926	158.25284778532466		-3.1958418839223457	54.61980018615723	36.2762501335144	Y	Y	강한 상승추세	단기위험부채 존재
HON	HONEYWELL INTERNATIONAL INC	0000773840	S&P 500	제외	PEG=판정불가, PEGY=판정불가	210.1300048828125	-0.18	2025	1.33	12487000000.0	443000000.0	12930000000.0	29046000000.0	5893000000.0	13904000000.0					-25.07156191661481	-34.23926571250778			-102.06659012629163			-195.63318025258326			35.21397244546498			-83.24181619607181			판정불가							8.434971997510889	4.0141682774980145	판정불가		판정불가	판정불가			판정불가	N	주당순현금<=0 | 순현금차감PER<=0/불가	642800000.0	-5.240133085541155	-11.357359977337067		-19.223129396627094	222.94040069580078	230.31528198242188	N	N	주의	단기위험부채 존재
INTC	INTEL CORP	0000050863	S&P 500	제외	PEG=판정불가, PEGY=판정불가	115.93000030517578	-0.06	2025	0.43129474569463716	14265000000.0	23151000000.0	37416000000.0	44086000000.0	0.0	114281000000.0					-1.4724061810154525	-1.4724061810154525			98.63013698630138			205.76027397260276			-12.345616438356165			-110.64919900444872			1년	205.76027397260276	-12.345616438356165	-110.64919900444872				-1.0924944812362032	-0.9423742589151256	판정불가		판정불가	1년	98.63013698630138		판정불가	N	주당순현금<=0 | FCF<=0 | 순현금차감PER<=0/불가	4530000000.0	-8.730905865990657	162.70110468893103		-17.745140984106346	99.84959991455078	79.95524995803834	Y	Y	강한 상승추세	
IFF	INTERNATIONAL FLAVORS & FRAGRANCES INC	0000051253	S&P 500	제외	PEG=판정불가, PEGY=판정불가	85.25	-1.41	2025	1.88	590000000.0		590000000.0	4740000000.0	314000000.0	14154000000.0					-16.2109375	-17.4375			-248.42105263157896			-488.3421052631579			688.5623684210526			707.69779286927			판정불가							1.0	1.1730205278592376	판정불가		판정불가	판정불가			판정불가	N	주당순현금<=0 | 순현금차감PER<=0/불가	256000000.0	5.052370175019161	17.505163906308717		-3.2019980749357746	83.50060012817383	76.0598999595642	Y	Y	강한 상승추세	단기위험부채 존재
IP	INTERNATIONAL PAPER CO /NEW/	0000051434	S&P 500	제외	PEG=판정불가, PEGY=판정불가	33.31999969482422	-4.52	2025	5.55	1145000000.0		1145000000.0	8839000000.0	992000000.0	14827000000.0					-15.214554083448686	-17.176191417836662			-387.8980891719745			-767.296178343949			3468.178726114649			10308.699753539855			판정불가							2.301759936721376	6.9080430906454104	판정불가		판정불가	판정불가			판정불가	N	주당순현금<=0 | 순현금차감PER<=0/불가	505700000.0	-13.093376207054686	-6.666669516113677		-32.262653740485646	38.56420028686524	38.10670015335083	N	N	주의	단기위험부채 존재
IVZ	Invesco Ltd.	0000914208	S&P 500	제외	PEG=판정불가, PEGY=판정불가	30.420000076293945	-1.6	2025	2.83	1037500000.0	363900000.0	1401400000.0	1186000000.0	0.0	12231000000.0	14089100000.0	46.4701881831756	53.5298118168244	0.8681179067506086	0.4734065934065934	0.4734065934065934			-235.5932203389831			-462.6864406779662			740.298305084746			2333.5907403946862			판정불가							3.167032967032967	10.411022219230727	판정불가		판정불가	판정불가			판정불가	N	순현금차감PER<=0/불가	455000000.0	13.380544773747438	25.236718524979594		-8.67607678729897	31.38020004272461	27.76244996070862	N	Y	상승전환	
KKR	KKR & Co. Inc.	0001404912	S&P 500	제외	PEG=판정불가, PEGY=판정불가	93.18000030517578			84.0	5363009000.0		5363009000.0	36914472000.0		30902561000.0	328512161000.0	8.59802314942458	91.40197685057542	0.09406824059703531																	판정불가									판정불가		판정불가	판정불가			판정불가	N	주당순현금<=0 | FCF<=0 | 순현금차감PER<=0/불가		0.6698387672164241	0.7351354650549036		-34.73418959394864	103.64120040893555	103.67925018310547	N	N	중립/개선	EPS 없음
KHC	Kraft Heinz Co	0001637459	S&P 500	제외	PEG=판정불가, PEGY=판정불가	23.450000762939453	-4.93	2025	7.04	2615000000.0		2615000000.0		0.0	41664000000.0	39997000000.0	51.020683067804704	48.979316932195296	1.0416781258594394	2.203032855939343	2.203032855939343			-318.14159292035396			-627.7831858407079			3094.97110619469			13098.170599149847			판정불가							3.08424599831508	13.152434532920973	판정불가		판정불가	판정불가			판정불가	N	순현금차감PER<=0/불가	1187000000.0	-6.237502805541273	4.268568259632133		-15.097755067301023	25.187000007629393	23.973800010681153	N	N	판정불가	
LYV	Live Nation Entertainment, Inc.	0001335258	S&P 500	제외	PEG=판정불가, PEGY=판정불가	171.08999633789062	-0.24	2025		7094200000.0		7094200000.0	1715688000.0		271007000.0					23.19881058106669	23.19881058106669			-108.75912408759125			-209.0182481751825			50.1643795620438			-70.67953671413218			판정불가							1.4389441534685132	0.8410451717040782	판정불가		판정불가	판정불가			판정불가	N	순현금차감PER<=0/불가	231844300.0	-7.006196156639543	12.182809324159983		-9.21681511045943	177.7763998413086	163.40450057983398	N	Y	중립/개선	
LITE	Lumentum Holdings Inc.	0001633978	S&P 500	제외	PEG=판정불가, PEGY=판정불가	973.489990234375	-92.96	2026		2043500000.0	694900000.0	2738400000.0	40500000.0	1596900000.0	4643900000.0	2663600000.0	63.54977762572699	36.450222374273004	1.7434674876107523	36.16487935656836	14.758713136729222			-25224.324324324323			-50440.14864864865			4688916.218378378			481560.4449368284			판정불가							4.022788203753351	0.4132336484307183	판정불가		판정불가	판정불가			판정불가	N	순현금차감PER<=0/불가	74600000.0	21.510063266572477	38.52381705086494		-7.558706109589841	866.9943017578125	735.071375427246	Y	Y	강한 상승추세	단기위험부채 존재
LYB	LyondellBasell Industries N.V.	0001489393	S&P 500	제외	PEG=판정불가, PEGY=판정불가	58.18000030517578	-2.34	2025	4.74	3443000000.0	0.0	3443000000.0	5772000000.0	226000000.0	10082000000.0					-4.071678321678322	-4.466783216783217			-156.38554216867468			-304.27108433734935			711.9943373493975			1123.7785039785524			판정불가							0.6713286713286714	1.1538822066127574	판정불가		판정불가	판정불가			판정불가	N	주당순현금<=0 | 순현금차감PER<=0/불가	572000000.0	10.650434155773713	-27.780533678815356		-29.376059425928325	62.54600006103516	61.83000003814697	N	N	중립/개선	단기위험부채 존재
MRNA	Moderna, Inc.	0001682852	S&P 500	제외	PEG=판정불가, PEGY=판정불가	203.4600067138672	-7.26	2025		2595000000.0	3204000000.0	5799000000.0	590000000.0		8650000000.0	3688000000.0	70.10860755389852	29.891392446101474	2.3454446854663775	13.390745501285346	13.390745501285346			21.76724137931034			52.03448275862068			-377.77034482758614			-285.67302288496313			1년	52.03448275862068	-377.77034482758614	-285.67302288496313				-5.308483290488432	-2.6091040574641946	판정불가		판정불가	1년	21.76724137931034		판정불가	N	FCF<=0 | 순현금차감PER<=0/불가	389000000.0	180.63449201912712	300.5118302549802		0.0	115.6984009552002	65.97322520256043	Y	Y	강한 상승추세	
TAP	MOLSON COORS BEVERAGE CO	0000024545	S&P 500	제외	PEG=판정불가, PEGY=판정불가	36.0099983215332	-10.75	2025	5.33	896500000.0		896500000.0	3865400000.0	7000000.0	10230300000.0	12195700000.0	45.618032640684916	54.38196735931508	0.838844838754643	-14.911602209944752	-14.946760421898544			-300.9345794392524			-593.3691588785048			6378.718457943926			17613.742724974218			판정불가									판정불가		판정불가	판정불가			판정불가	N	주당순현금<=0 | FCF<=0 | 순현금차감PER<=0/불가	199100000.0	-7.761276954245721	-16.37251004857316		-33.78080615256361	40.4173999786377	43.41524997711181	N	N	주의	단기위험부채 존재
MNST	Monster Beverage Corp	0000865752	S&P 500	보류	PEG=판정불가, PEGY=판정불가	41.7400016784668	2.28	2010	0.006238619777879345	2088117000.0	677084000.0	2765201000.0	373951000.0		8254108000.0					2.429018813531603	2.429018813531603	17.241659151287365	17.241659151287365													판정불가							1.9969526162297564	4.784265778455783	판정불가		판정불가	판정불가			판정불가	Y		984451000.0	-14.247555556844315	15.208396924783285		-16.469880610742404	45.78710014343262	42.31672508239746	N	N	판정불가	
NCLH	Norwegian Cruise Line Holdings Ltd.	0001513761	S&P 500	제외	PEG=판정불가, PEGY=판정불가	14.800000190734863	0.92	2025		209893000.0	240000000.0	449893000.0	1552480000.0		2209888000.0	20331513000.0	9.803685227905754	90.19631477209424	0.1086927470670776	-2.307911555273571	-2.307911555273571	18.59555624566134	18.59555624566134	-51.322751322751316			-94.14550264550263			-86.61386243386242			-685.2287926866695			판정불가							-2.4487259618083104	-16.545445474664714	판정불가		판정불가	판정불가			판정불가	N	주당순현금<=0 | FCF<=0	477742311.0	-28.398644721299636	-20.85561718229336		-40.84732246220866	17.041999988555908	19.53355004310608	N	N	주의	
OMC	OMNICOM GROUP INC.	0000029989	S&P 500	제외	PEG=판정불가, PEGY=판정불가	74.13999938964844	-0.27	2025	4.32	5316800000.0	0.0	5316800000.0	9272900000.0	62000000.0	12045800000.0					-19.307467057101025	-19.610053684724257			-103.61930294906168			-198.73860589812335			53.65942359249331			-27.624192022875395			판정불가							13.608589555880917	18.355259870397266	판정불가		판정불가	판정불가			판정불가	N	주당순현금<=0 | 순현금차감PER<=0/불가	204900000.0	-2.5883605372553187	-1.5535761610336207		-16.640434726216778	82.11619964599609	78.39879989624023	N	N	주의	단기위험부채 존재
PSKY	Paramount Skydance Corp	0002041610	S&P 500	제외	PEG=판정불가, PEGY=판정불가	9.989999771118164	-0.53	2025	2.0	3274000000.0		3274000000.0		0.0	11693000000.0					2.970961887477314	2.970961887477314															판정불가							0.29310344827586204	2.933968518430261	판정불가		판정불가	판정불가			판정불가	N	순현금차감PER<=0/불가	1102000000.0	-1.769914491892266	10.753872107840046		-47.778357504549774	9.833200044631958	10.622050020694733	Y	N	판정불가	
PPL	PPL Corp	0000922224	S&P 500	제외	PEG=판정불가, PEGY=판정불가	32.58000183105469	1.59	2025	3.5	1071000000.0	0.0	1071000000.0	17990000000.0	456000000.0	13933000000.0					-22.76053746024742	-23.373978271280745	34.80537062346044	35.19118245429902													판정불가							-1.8847161760037021	-5.7848866484937504	판정불가		판정불가	판정불가			판정불가	N	주당순현금<=0 | FCF<=0	743348000.0	-8.534523279024764	-14.712038794871251		-18.161264237199994	34.62940029144287	36.1221000957489	N	N	주의	단기위험부채 존재
Q	Qnity Electronics, Inc.	0002058873	S&P 500	제외	PEG=판정불가, PEGY=판정불가	125.61000061035156	3.3	2025	25.0	915000000.0		915000000.0	4100000000.0		7095000000.0	6704000000.0	51.41676933111094	48.58323066888905	1.0583233890214798	-15.181124880838894	-15.181124880838894	42.663977421572866	42.663977421572866													판정불가									판정불가		판정불가	판정불가			판정불가	N	주당순현금<=0 | FCF<=0	209800000.0	-18.100016555144947	8.866357774705659		-28.484399312885365	128.1956002807617	124.97215007781982	N	Y	중립/개선	
SJM	J M SMUCKER Co	0000091419	S&P 500	제외	PEG=판정불가, PEGY=판정불가	120.69999694824219	-1.3	2026	3.71	101300000.0	18600000.0	119900000.0	6392800000.0	420900000.0	5543800000.0	10675600000.0	34.18005598234213	65.81994401765786	0.519296339315823	-57.86808118081181	-61.75092250922509			88.76404494382022			186.02808988764045			-241.83651685393258			-300.3616594602197			1년	186.02808988764045	-241.83651685393258	-300.3616594602197				10.666051660516604	8.83682844258095	판정불가		판정불가	1년	88.76404494382022		판정불가	N	주당순현금<=0 | 순현금차감PER<=0/불가	108400000.0	5.0844474202138334	25.155530788767354		-8.795526455909197	122.46359970092773	108.3913000869751	N	Y	상승전환	단기위험부채 존재
TTWO	TAKE TWO INTERACTIVE SOFTWARE INC	0000946581	S&P 500	제외	PEG=판정불가, PEGY=판정불가	202.77999877929688	-1.62	2026	0.0004931452835683203	1545500000.0	443800000.0	1989300000.0	2488000000.0	30000000.0	3510900000.0	5872300000.0	37.416872708670816	62.58312729132919	0.5978747679784752	-2.9318048206937095	-3.1081716637272194			93.66692728694292			195.83385457388584			-317.2508444096951			-256.4507576287082			1년	195.83385457388584	-317.2508444096951	-256.4507576287082				2.7131099353321577	1.3379573684114041	판정불가		판정불가	1년	93.66692728694292		판정불가	N	주당순현금<=0 | 순현금차감PER<=0/불가	170100000.0	-18.991693493899287	2.6734171034414667		-22.68863007621308	227.92499877929689	225.14210006713867	N	N	판정불가	단기위험부채 존재
TKO	TKO Group Holdings, Inc.	0001973266	S&P 500	제외	PEG=판정불가, PEGY=판정불가	177.5800018310547	-0.08	2025	1.78	831100000.0		831100000.0	3724063000.0	38061000.0	3737381000.0	6245742000.0	37.436992412093886	62.56300758790611	0.5983886302059868	-14.911329390520558	-15.107508915779817			-500.0			-991.5			79.32000000000001			-55.33280820919062			판정불가									판정불가		판정불가	판정불가			판정불가	N	주당순현금<=0 | FCF<=0 | 순현금차감PER<=0/불가	194011072.0	-12.275844362908783	-11.936520106113091		-21.061523590313737	188.38739868164063	197.05459968566893	N	N	주의	단기위험부채 존재
VTRS	Viatris Inc	0001792044	S&P 500	제외	PEG=판정불가, PEGY=판정불가	18.1200008392334	-3.0	2025	2.65	1322400000.0	40700000.0	1363100000.0	12480600000.0	0.0	0.0	22481800000.0	0.0	100.0	0.0	-9.211616538238463	-9.211616538238463			-466.03773584905656			-923.5754716981131			2770.7264150943392			15190.983922556816			판정불가							1.6050211285110614	8.857732087053066	판정불가		판정불가	판정불가			판정불가	N	주당순현금<=0 | 순현금차감PER<=0/불가	1206900000.0	11.990114323032696	34.12287588638414		-0.8210159538695194	16.926400108337404	15.228500018119812	Y	Y	강한 상승추세	
V	VISA INC.	0001403161	S&P 500	제외	PEG=판정불가, PEGY=판정불가	365.8800048828125			73.0	17164000000.0	3604000000.0	20768000000.0	19602000000.0	5569000000.0	26437000000.0	61718000000.0	29.98922352674267	70.01077647325732	0.4283515343983927																	판정불가									판정불가		판정불가	판정불가			판정불가	N	주당순현금<=0 | FCF<=0 | 순현금차감PER<=0/불가		4.215568781076184	21.05611987317999		-4.753477656405158	368.2872033691406	337.2706501770019	N	Y	상승전환	단기위험부채 존재 | EPS 없음
WYNN	WYNN RESORTS LTD	0001174922	S&P 500	제외	PEG=판정불가, PEGY=판정불가	78.2300033569336	3.14	2025	1.28	1463442000.0	0.0	1463442000.0	10537402000.0	9410000.0	-275492000.0	14139396000.0	-1.9871170487043188	101.9871170487043	-0.01948400058955842	-87.04622852373781	-87.13649837399154	52.63574263715649	52.664490997109915	-27.81609195402298			-47.13218390804596			-147.99505747126432			-289.17940830964744			판정불가				-0.5041458640937021			6.640445881258214	8.488362004741836	판정불가		판정불가	판정불가			판정불가	N	주당순현금<=0	104243000.0	-18.6036803036834	-22.96405612409339		-41.33042934942445	93.8147998046875	103.82709995269775	N	N	주의	단기위험부채 존재
