티커	종목명	CIK	유니버스	종합판정	종합판정사유	현재가	EPS(FY)	EPS기준연도	배당수익률(%)	현금및현금성자산	유가증권성자산	현금성자산합계	장기부채	단기위험부채	주주지분	총부채	주주지분비중	부채비중	주주대부채배수	주당순현금(린치식)	주당순현금(보수형)	순현금차감PER(린치식)	순현금차감PER(보수형)	연간이익증가율(1년,%)	연간이익증가율(3년CAGR,%)	연간이익증가율(5년CAGR,%)	그레이엄적정PER(1년)	그레이엄적정PER(3년)	그레이엄적정PER(5년)	그레이엄내재가치(1년)	그레이엄내재가치(3년)	그레이엄내재가치(5년)	그레이엄괴리율(1년,%)	그레이엄괴리율(3년,%)	그레이엄괴리율(5년,%)	그레이엄사용기준	그레이엄적정PER(선택)	그레이엄내재가치(선택)	그레이엄괴리율(선택,%)	배당감안점수(1년)	배당감안점수(3년)	배당감안점수(5년)	주당잉여현금흐름	잉여현금흐름수익률(%)	배당감안점수기준	배당감안점수	배당감안점수판정	사용연성장률기준	사용연성장률(%)	린치PER배수	린치PER판정	하드필터통과	하드필터사유	발행주식수	3M수익률(보조,%)	6M수익률(보조,%)	12M수익률(보조,%)	52주고점대비(보조,%)	50일이평(보조)	200일이평(보조)	50일선상회(보조)	200일선상회(보조)	추세판정(보조)	비고
BRK-B	BERKSHIRE HATHAWAY INC	0001067983	S&P 500	제외	PEG=매우 유망, PEGY=판정불가	515.6199951171875	3035.0	2013	0.0	31583000000.0		31583000000.0			717419000000.0	502473000000.0	58.81004220045709	41.18995779954291	1.4277762188217078	19217.429611745007	19217.429611745007	-6.1620460021837955	-6.1620460021837955	10.08342401160682	4.546670945333653		28.66684802321364	17.593341890667304		87003.88375045339	53395.79263817527		16773.644267941854	10255.648179632704		3년	17.593341890667304	53395.79263817527	10255.648179632704				15237.402157404884	2955.161223711234	판정불가		판정불가	3년	4.546670945333653	-1.3552874347566404	매우 유망	N	순현금차감PER<=0/불가	1643456.0	4.995010886440299	7.378327848486288		-2.6066238975551936	507.76819885253906	492.9698495483398	Y	Y	강한 상승추세	
CVNA	CARVANA CO.	0001690820	S&P 500	제외	PEG=매우 유망, PEGY=안심	63.72999954223633	8.45	2025	0.0	2327000000.0		2327000000.0	4830000000.0	211000000.0	3441000000.0	8998000000.0	27.662995417638076	72.33700458236193	0.3824183151811514	-11.160306228458557	-12.101107113078916	8.862758079372176	8.974095462167485	431.4465408805031			871.3930817610062			7363.271540880502			11453.854689737724			1년	871.3930817610062	7363.271540880502	11453.854689737724	48.68084370763577			3.9638482769075742	6.219752558260383	1년	48.68084370763577	안심	1년	431.4465408805031	0.0205419611460667	매우 유망	N	주당순현금<=0	224277000.0	-9.44870413568919	-11.306255957312594		-33.399521458618366	68.72540000915528	71.28355995178222	N	N	주의	단기위험부채 존재
BXP	BXP, Inc.	0001037540	S&P 500	제외	PEG=매우 유망, PEGY=안심	59.04999923706055	1.74	2025	4.72	1478206000.0		1478206000.0	3300000000.0	750000000.0	5147190000.0	18473924000.0	21.790631889757613	78.20936811024238	0.2786192040196766	-11.467271777376329	-16.188142431814892	40.52716724967637	43.2403113039514	1833.3333333333333	-31.442996126467893	-20.67539892344771	3675.1666666666665	-54.385992252935786	-32.85079784689542	6394.79	-94.63162652010827	-57.16038825359803	10729.449758885936	-260.2567785652337	-196.7999813583798	1년	3675.1666666666665	6394.79	10729.449758885936	45.35360988863615	-0.6593847520068478	-0.3936963771770928			1년	45.35360988863615	안심	1년	1833.3333333333333	0.0221057275907325	매우 유망	N	주당순현금<=0 | FCF<=0	158869000.0	-12.802719768693704	10.22960532659063		-20.770159393235353	65.66639984130859	62.60915000915527	N	N	판정불가	단기위험부채 존재
SNDK	Sandisk Corp	0002023554	S&P 500	매우 유망	PEG=매우 유망, PEGY=안심	1581.8199462890625	73.76	2026	0.0	4762000000.0		4762000000.0	0.0	0.0	15736000000.0	6771000000.0	69.91602612520549	30.083973874794506	2.324028946979767	30.72258064516129	30.72258064516129	21.02897729994443	21.02897729994443	751.5901060070672			1511.6802120141344			111501.53243816257			6948.939590105961			1년	1511.6802120141344	111501.53243816257	6948.939590105961	35.740687494538946			74.15483870967742	4.687944344338564	1년	35.740687494538946	안심	1년	751.5901060070672	0.0279793162947074	매우 유망	Y		155000000.0	-10.012402030796952	66.07033556840551		-32.25610508398019	1582.4994946289062	1181.5230725097656	N	Y	중립/개선	
EQT	EQT Corp	0000033213	S&P 500	제외	PEG=매우 유망, PEGY=안심	52.83000183105469	3.31	2025	1.25	110795000.0		110795000.0	7293209000.0	53650000.0	23752677000.0	14432726000.0	62.20355196984565	37.79644803015435	1.6457512600183777	-11.665122125911742	-11.75225631255918	19.4849317090533	19.51125623674135	635.5555555555555	-8.914070517873663		1279.611111111111	-9.328141035747326		4235.512777777778	-30.876146828323648		7917.24897023957	-158.44434177205335		1년	1279.611111111111	4235.512777777778	7917.24897023957	32.6819495733555	-0.3933331988180744		4.608492213143376	8.72324825556678	1년	32.6819495733555	안심	1년	635.5555555555555	0.0306581093324265	매우 유망	N	주당순현금<=0	615717000.0	6.063040302149125	-8.440206009516649		-22.228762558934633	52.81120002746582	55.46685010910034	Y	N	중립/개선	단기위험부채 존재
BKNG	Booking Holdings Inc.	0001075531	S&P 500	매우 유망	PEG=매우 유망, PEGY=안심	160.33999633789062	165.57	2025	1.08	17203000000.0	0.0	17203000000.0	16856000000.0	1880000000.0	-5578000000.0	34842000000.0	-19.060962274466924	119.06096227446692	-0.1600941392572183	10.631453169521125	-46.96835074604002	0.9042009009383916	1.2520888269851462	-4.1229949620707655	29.43673092572357	158.29965811243966	0.2540100758584689	67.37346185144713	325.0993162248793	42.05644825988669	11155.024078744102	53826.693787353266	-73.77045701606508	6857.106357441029	33470.347397240934	3년	67.37346185144713	11155.024078744102	6857.106357441029	-3.365396958698786	33.74994527660048	176.26575902217456	278.4092649897362	173.6368163580556	3년	33.74994527660048	안심	3년	29.436730925723566	0.0307167566677129	매우 유망	Y		32639000.0	-8.298546902557558	-9.540199527283145		-27.01348182293589	186.27339965820312	181.21455810546874	N	N	주의	단기위험부채 존재
AIG	AMERICAN INTERNATIONAL GROUP, INC.	0000005272	S&P 500	제외	PEG=매우 유망, PEGY=안심	77.04000091552734	5.43	2025	2.64	1345000000.0	13230000000.0	14575000000.0	9191000000.0	250000000.0	41139000000.0	120092000000.0	25.51556462466895	74.48443537533105	0.3425623688505479	9.439817854436424	9.001490502354494	12.449389145688935	12.53011241494896	350.2304147465438	-25.267844119025785		708.9608294930875	-42.03568823805157		3849.6573041474653	-228.25378713262		4896.9590581502325	-396.2795747924448		1년	708.9608294930875	3849.6573041474653	4896.9590581502325	28.344395907066517	-1.8175866987708003				1년	28.34439590706652	안심	1년	350.2304147465438	0.0355462821659802	매우 유망	N	FCF<=0	570349988.0	-2.481011499332475	-1.0150339161525301		-11.02898236084615	76.22080001831054	76.85959995269775	Y	Y	중립/개선	단기위험부채 존재
CMCSA	COMCAST CORP	0001166691	S&P 500	매우 유망	PEG=매우 유망, PEGY=안심	20.65999984741211	5.39	2025	6.22	9481000000.0	14000000.0	9495000000.0		2781000000.0	96903000000.0					2.559989215421947	1.8101914262604475	3.358072473467563	3.4971815252600487	30.193236714975846	64.538600212299	49.1602769351271	68.88647342995169	137.577200424598	106.8205538702542	371.2980917874396	741.5411102885832	575.7627853606701	1697.1834197953722	3489.259998864276	2686.847965213275	3년	137.577200424598	741.5411102885832	3489.259998864276	10.843493403635613	21.071195089257053	16.49168604093322	5.9026691830682125	28.57051900611503	3년	21.071195089257053	안심	3년	64.538600212299	0.052032000421782	매우 유망	Y		3709000000.0	-10.909877655801958	-26.345809592338732		-36.39162518907592	24.45939998626709	26.537467079162596	N	N	주의	단기위험부채 존재
EXE	EXPAND ENERGY Corp	0000895126	S&P 500	제외	PEG=매우 유망, PEGY=안심	88.22000122070312	7.57	2025	2.59	616000000.0	0.0	616000000.0	5009000000.0	0.0	18578000000.0	9709000000.0	65.67681267013116	34.323187329868844	1.9134823359769286	-18.27599118026376	-18.27599118026376	14.068162800656127	14.068162800656127	266.3736263736264	-39.005602482843		541.2472527472528	-69.51120496568599		4097.241703296704	-526.199821590243		4544.345552712574	-696.4631765010183		1년	541.2472527472528	4097.241703296704	4544.345552712574	19.118603486809388	-2.5885115916589054		7.650705162873903	8.67230226367132	1년	19.118603486809388	안심	1년	266.3736263736264	0.0528136474777107	매우 유망	N	주당순현금<=0	240370000.0	0.4669213910816872	-9.77704814680147		-28.212220962762668	92.71350036621094	97.90457500457764	N	N	중립/개선	
SOLV	Solventum Corp	0001964738	S&P 500	제외	PEG=매우 유망, PEGY=안심	87.29000091552734	8.88	2025	0.0	878000000.0		878000000.0	5035000000.0	0.0	5049000000.0	9245000000.0	35.322512942493354	64.67748705750664	0.5461330448891293	-23.713633770678836	-23.713633770678836	12.500409311509705	12.500409311509705	221.73913043478265			451.9782608695653			4013.5669565217404			4497.968741466468			1년	451.9782608695653	4013.5669565217404	4497.968741466468	17.738549587381687			-0.05704506560182544	-0.06535120289095808	1년	17.738549587381687	안심	1년	221.73913043478265	0.0563743949342594	매우 유망	N	주당순현금<=0 | FCF<=0	175300000.0	14.43366847459715	29.491167739829628		-5.571182810324215	88.4179997253418	78.10094995498658	N	Y	상승전환	
PGR	PROGRESSIVE CORP/OH/	0000080661	S&P 500	매우 유망	PEG=매우 유망, PEGY=안심	217.42999267578125	19.23	2025	19.0	138000000.0	10005000000.0	10143000000.0	2707900000.0	0.0	30323000000.0	92716000000.0	24.645031250253986	75.35496874974602	0.3270525044221062	12.642577792892364	12.642577792892364	10.649371548772173	10.649371548772173	33.541666666666664	153.53179173781882	14.762613935523516	75.58333333333333	315.56358347563764	38.025227871047036	1453.4675	6068.287710236512	731.2251319602345	568.4760837789867	2690.915657751589	236.3037099718778	3년	315.56358347563764	6068.287710236512	2690.915657751589	4.933780967828519	16.20112425861515	3.170385574481736	29.246726747151843	13.451100460994281	3년	16.20112425861515	안심	3년	153.53179173781882	0.0693626474896987	매우 유망	Y		588100000.0	-4.038312773117536	8.949233199429308		-9.554909236226495	214.21179901123048	208.86804977416992	Y	Y	강한 상승추세	
MOS	MOSAIC CO	0001285785	S&P 500	제외	PEG=매우 유망, PEGY=불리(<1)	18.739999771118164	1.7	2025	4.41	276600000.0		276600000.0	3834100000.0	759900000.0	12084900000.0					-11.155534650360615	-13.538413295703982	17.58560848322281	18.98730180401303	209.09090909090904	-44.713769482781785	-0.5780734258513109	426.6818181818181	-80.92753896556357	7.343853148297378	725.3590909090907	-137.57681624145806	12.484550352105542	3770.6462100762906	-834.1345673519676	-33.380200082251	1년	426.6818181818181	725.3590909090907	3770.6462100762906	12.140660887258761	-2.2918609567154173	0.21790127863954553	-1.6763875823142051	-8.94550481744312	5년	0.2179012786395455	불리(<1)	1년	209.09090909090904	0.084105084050196	매우 유망	N	주당순현금<=0 | FCF<=0	318900000.0	-18.30863411142458	-23.634885607275223		-40.242348831676	23.305599975585938	24.39820004463196	N	N	주의	단기위험부채 존재
COHR	COHERENT CORP.	0000820318	S&P 500	제외	PEG=매우 유망, PEGY=안심	312.6199951171875	4.12	2026	0.0	1162018000.0	825000000.0	1987018000.0	3214308000.0	7916000.0	10903495000.0	7061652000.0	60.69248974138648	39.307510258613526	1.5440430935990614	-6.281328849923486	-6.321843316085513	77.40323397259976	77.41306758089151	892.3076923076924			1793.1153846153848			7387.635384615385			2263.135915809251			1년	1793.1153846153848	7387.635384615385	2263.135915809251	11.528041484979342			-5.237784499480518	-1.6754476940981022	1년	11.528041484979342	안심	1년	892.3076923076924	0.0867450035899825	매우 유망	N	주당순현금<=0 | FCF<=0	195387000.0	0.595297541241746	1.5230742548499876		-26.76802352131762	304.09600158691404	292.6399506378174	Y	Y	강한 상승추세	단기위험부채 존재
T	AT&T INC.	0000732717	S&P 500	제외	PEG=매우 유망, PEGY=안심	22.18000030517578	3.04	2025	4.46	18234000000.0	1890000000.0	20124000000.0	61300000000.0	0.0	126491000000.0	279032000000.0	31.19206555485139	68.80793444514862	0.4533207660770091	-5.73561777406324	-5.73561777406324	9.182769105012836	9.182769105012836	104.02684563758389			216.55369127516778			658.3232214765101			2868.0938341686497			1년	216.55369127516778	658.3232214765101	2868.0938341686497	11.814175484207848			2.7353391837303245	12.332457827297791	1년	11.814175484207848	안심	1년	104.02684563758389	0.0882730707514137	매우 유망	N	주당순현금<=0	7179000000.0	4.229321379181528	-13.393206651425748		-23.780068678969702	24.96319995880127	25.14674991607666	N	N	중립/개선	
GPN	GLOBAL PAYMENTS INC	0001123360	S&P 500	제외	PEG=매우 유망, PEGY=안심	82.19999694824219	5.78	2025	1.21	8336402000.0		8336402000.0	9090364000.0	35137000.0	22888767000.0	29559003000.0	43.641068056849704	56.3589319431503	0.7743416447435659	-3.1154424647119106	-3.2606318799378533	14.760456645839808	14.785575921830455	-6.168831168831167	143.56933796914083	56.79044787371208	-3.8376623376623336	295.63867593828166	122.08089574742417	-22.18168831168829	1708.791546923268	705.6275774201117	-126.98502327883922	1978.8219104183436	758.4277416268217	3년	295.63867593828166	1708.791546923268	1978.8219104183434	-0.3359537775702081	9.8085947774486	3.9294480696204843	10.570125780965919	12.859034274200123	3년	9.8085947774486	안심	3년	143.56933796914083	0.1028106478349329	매우 유망	N	주당순현금<=0	242008000.0	8.314662813733587	20.633985448390966		-13.318574964612583	87.6799998474121	76.49064998626709	N	Y	상승전환	단기위험부채 존재
TTD	Trade Desk, Inc.	0001671933	S&P 500	매우 유망	PEG=매우 유망, PEGY=안심	12.079999923706055	0.9	2025	0.0	658175000.0	644882000.0	1303057000.0			2484391000.0	3668829000.0	40.37546195325375	59.62453804674625	0.6771618410124866	2.6401668723191727	2.6401668723191727	10.488703390429869	10.488703390429869	15.384615384615383	101.50381586419562	-28.890526663955164	39.26923076923077	211.50763172839123	-49.28105332791033	35.34230769230769	190.35686855555213	-44.352947995119294	192.56877413509895	1475.8019019684898	-467.16016784139305	3년	211.50763172839123	190.35686855555213	1475.8019019684898	1.466779525737438	9.677441728098632	-2.754442144899963	1.6122143405646023	13.346145287639926	3년	9.677441728098632	안심	3년	101.50381586419562	0.103333094437188	매우 유망	Y		493551000.0	-36.219643172744455	-43.07257156175454		-77.68335546769153	13.901200084686279	21.973925089836122	N	N	주의	
AIZ	ASSURANT, INC.	0001267238	S&P 500	매우 유망	PEG=매우 유망, PEGY=안심	266.489990234375	16.93	2025	1.32	1834100000.0	402500000.0	2236600000.0	2006900000.0	0.0	5871600000.0	30418000000.0	16.17984215863498	83.82015784136502	0.19303044250115065	4.496282384855581	4.496282384855581	15.475115643799139	15.475115643799139	17.08160442600276	137.11065981498948	49.9928022766621	42.66320885200552	282.72131962997895	108.4856045533242	722.2881258644534	4786.471941335543	1836.6612850877787	171.03761954781453	1696.116971270063	589.2046051982873	3년	282.72131962997895	4786.471941335543	1696.116971270063	1.1891093320117618	8.945371588900434	3.315826741315699	31.288018127789123	11.740785498273935	3년	8.945371588900434	안심	3년	137.11065981498948	0.1128658826722919	매우 유망	Y		51086649.0	-3.7872844017147966	19.824639185202585		-11.632462193804683	279.1103985595703	251.21089935302734	N	Y	중립/개선	
DASH	DoorDash, Inc.	0001792789	S&P 500	매우 유망	PEG=매우 유망, PEGY=안심	196.5	2.13	2025	0.0	4378000000.0	1128000000.0	5506000000.0			10033000000.0	9613000000.0	51.0689198819098	48.9310801180902	1.0436908353271612	12.52257292704339	12.52257292704339	86.37437890749136	86.37437890749136	634.4827586206897			1277.4655172413793			2721.0015517241377			1284.7336141089759			1년	1277.4655172413793	2721.0015517241377	1284.7336141089759	7.345728752506956			4.944437621393449	2.516253242439414	1년	7.345728752506956	안심	1년	634.4827586206897	0.1361335319737635	매우 유망	Y		439686000.0	4.638163387436678	23.112586459858655		-28.158815482338305	206.24420043945312	185.80347511291504	N	Y	상승전환	
EIX	EDISON INTERNATIONAL	0000827052	S&P 500	제외	PEG=매우 유망, PEGY=안심	55.29999923706055	11.55	2025	6.46	158000000.0	10000000.0	168000000.0	36070000000.0	2390000000.0	17579000000.0	74767000000.0	19.03601671972798	80.96398328027202	0.2351170971150374	-93.01036269430051	-99.20207253886011	12.840723976741216	13.37680275116196	248.9425981873112	93.26535131289802	52.72616154177432	506.3851963746224	195.03070262579604	113.95232308354863	5848.7490181268895	2252.6046153279444	1316.1493316149867	10476.399817031495	3973.426123699312	2280.016907365415	3년	195.03070262579604	2252.6046153279444	3973.426123699312	19.890046593161685	7.76633400838874	4.609254248357021	-1.8523316062176165	-3.349605120746972	3년	7.76633400838874	안심	3년	93.26535131289802	0.1376794682696426	매우 유망	N	주당순현금<=0 | FCF<=0	386000000.0	-27.787936909352073	-23.6082335912158		-31.201790088753643	61.904200592041015	68.05110000610351	N	N	주의	단기위험부채 존재
APA	APA Corp	0001841666	S&P 500	제외	PEG=매우 유망, PEGY=안심	45.880001068115234	3.99	2025	2.2	516000000.0		516000000.0			6093000000.0					1.4373259052924792	1.4373259052924792	11.138515078401692	11.138515078401692	75.77092511013217	-28.726114714581406		160.04185022026434	-48.95222942916281		638.5669823788547	-195.31939542235963		1291.819894316945	-525.7179400069779		1년	160.04185022026434	638.5669823788547	1291.819894316945	7.000118468333619	-2.381476752320179				1년	7.000118468333619	안심	1년	75.77092511013217	0.1470024955114642	매우 유망	N	FCF<=0	359000000.0	32.86997593415344	16.18130949113834		-3.227164699896934	42.46440002441406	35.848450098037716	Y	Y	강한 상승추세	
PODD	INSULET CORP	0001145197	S&P 500	제외	PEG=매우 유망, PEGY=안심	135.27999877929688	3.48	2025	0.0	907200000.0	0.0	907200000.0	1374300000.0	18400000.0	1515200000.0	1675200000.0	47.492477432296894	52.50752256770311	0.9044890162368673	-6.49778816459394	-6.753748991458698	40.74074337468127	40.81429533642402	-39.7923875432526	267.70008870907657	103.38356182130251	-71.0847750865052	543.9001774181531	215.26712364260501	-247.3750173010381	1892.7726174151728	749.1295902762654	-282.86148694059284	1299.1518587334886	453.76226865468567	3년	543.9001774181531	1892.7726174151728	1299.1518587334886	-0.9767221765516916	6.570819934410951	2.5375963533731496	5.2541524079793005	3.8839092662553973	3년	6.570819934410951	안심	3년	267.70008870907657	0.1521880084954186	매우 유망	N	주당순현금<=0	71886000.0	-14.982401375976117	-31.611141777995687		-60.942370798986815	142.0838006591797	189.48590049743652	N	N	주의	단기위험부채 존재
MCHP	MICROCHIP TECHNOLOGY INC	0000827054	S&P 500	제외	PEG=매우 유망, PEGY=안심	75.55000305175781	0.22	2026	2.41	240300000.0	0.0	240300000.0	5496400000.0	0.0	6432400000.0					-9.64068231841526	-9.64068231841526	387.2303880462412	387.2303880462412	2300.0	-62.033647476478926	-29.795234328396646	4608.5	-115.56729495295785	-51.09046865679329	1013.87	-25.424804889650726	-11.239903104494525	1241.9853858978904	-133.65295018218953	-114.87743567236429	1년	4608.5	1013.87	1241.9853858978904	5.9458401795807845	-0.15397460870079996	-0.0707207780530035	1.5975788701393985	2.1145980219814535	1년	5.9458401795807845	안심	1년	2300.0	0.1683610382809744	매우 유망	N	주당순현금<=0	545200000.0	-13.27057453518149	2.7192385003608877		-26.593466385666943	76.05479995727539	79.22320009231568	N	N	판정불가	
ACGL	ARCH CAPITAL GROUP LTD.	0000947484	S&P 500	제외	PEG=매우 유망, PEGY=안심	95.56999969482422	11.6	2025	0.0	993000000.0		993000000.0			24206000000.0	55035000000.0	30.54731767645537	69.45268232354464	0.4398291996002544	2.641660015961692	2.641660015961692	8.011063765419184	8.011063765419184	3.663985701519215	45.06349306453876	17.271170538952106	15.827971403038429	98.62698612907752	43.04234107790421	183.60446827524578	1144.0730390972992	499.29115650368885	92.11517093390682	1097.1047847133757	422.4350299236518	3년	98.62698612907752	1144.0730390972992	1097.1047847133755	0.4573656893526792	5.625157205596252	2.155914750486121			3년	5.625157205596252	안심	3년	45.06349306453876	0.1777728094434656	매우 유망	N	FCF<=0	375900000.0	-5.870185320723131	-1.5756939272297155		-10.2460587135199	97.3199998474121	96.33779975891113	N	N	주의	
UAL	United Airlines Holdings, Inc.	0000100517	S&P 500	제외	PEG=매우 유망, PEGY=안심	107.45999908447266	10.2	2025	0.0	5942000000.0	6298000000.0	12240000000.0	17170000000.0	4096000000.0	15282000000.0					-15.007610350076103	-27.476407914764078	12.006628375936154	13.229059509729092	7.936507936507938	65.99631084110487		24.373015873015873	140.49262168220974		248.6047619047619	1433.0247411585392		131.34632795719412	1233.5424840568446		3년	140.49262168220974	1433.0247411585392	1233.5424840568446	0.6610105425112011	5.4966564113348895				3년	5.4966564113348895	안심	3년	65.99631084110487	0.1819287809108565	매우 유망	N	주당순현금<=0 | FCF<=0	328500000.0	-10.71042754721777	12.878153917269476		-21.04915244831759	114.6829995727539	109.02939990997315	N	N	판정불가	단기위험부채 존재
MU	MICRON TECHNOLOGY INC	0000723125	S&P 500	매우 유망	PEG=매우 유망, PEGY=안심	1029.0	74.33	2026	6.0	38364000000.0	5070000000.0	43434000000.0	3038000000.0	224000000.0	138378000000.0	57510000000.0	70.64138691497182	29.35861308502818	2.4061554512258736	35.342082239720035	35.14610673665792	13.3681947768099	13.370831336786521	879.31488801054		70.62403288367196	1767.12977602108		149.74806576734392	131350.75625164688		11130.773728486673	12664.89370764304		981.7078453339818	5년	149.74806576734392	11130.773728486673	981.7078453339818	66.22546295826831		5.731816012779327	51.58617672790901	5.013233889981439	5년	5.731816012779327	안심	5년	70.62403288367196	0.1892867658638138	매우 유망	Y		1143000000.0	4.666775684624702	141.2321844264482		-15.208152022374122	976.1861999511718	701.6806507873536	Y	Y	강한 상승추세	단기위험부채 존재
POOL	POOL CORP	0000945841	S&P 500	제외	PEG=매우 유망, PEGY=안심	159.5399932861328	10.85	2025	3.37	16358000.0		16358000.0	1186424000.0	13029000.0	1185229000.0	2440897000.0	32.68581952199124	67.31418047800877	0.48557108308953634	-31.379156833297575	-31.72857219480798	17.596235034048885	17.628439214833254	-3.982300884955761	81.32295304049583	49.55892924246974	0.5353982300884779	171.14590608099167	107.61785848493948	5.809070796459984	1856.9330809787596	1167.6537645615933	-96.35886232861908	1063.929521827405	631.8878110189099	3년	171.14590608099167	1856.9330809787596	1063.929521827405	-0.034797266788659784	4.813129222053136	3.0079689854137404	8.300686547951084	5.202887612677729	3년	4.813129222053136	안심	3년	81.32295304049583	0.2163747672233029	매우 유망	N	주당순현금<=0	37288000.0	-24.05389264355987	-26.590902341153043		-47.28216280209507	179.61980072021484	206.7583502960205	N	N	주의	단기위험부채 존재
PSX	Phillips 66	0001534701	S&P 500	제외	PEG=매우 유망, PEGY=안심	278.17999267578125	10.79	2025	1.8	1116000000.0		1116000000.0	1100000000.0	0.0	29093000000.0	43439000000.0	40.110571885512606	59.889428114487394	0.6697437786321048	0.03921059274162915	0.03921059274162915	25.777644307974015	25.777644307974015	116.2324649298597	-22.599870532058443		240.9649298597194	-36.699741064116886		2600.011593186372	-395.99020608182116		834.6508237983475	-242.35035462933087		1년	240.9649298597194	2600.011593186372	834.6508237983475	4.578869330326966	-0.8068957071311689				1년	4.578869330326966	안심	1년	116.2324649298597	0.2217766294772247	매우 유망	N	FCF<=0	408053000.0	38.08885425163497	73.42892971386725		-1.214493378411785	247.3058004760742	187.6176001739502	Y	Y	강한 상승추세	
DAL	DELTA AIR LINES, INC.	0000027904	S&P 500	제외	PEG=매우 유망, PEGY=안심	82.16999816894531	7.66	2025	1.05	4310000000.0	0.0	4310000000.0	11936000000.0	1372000000.0	20853000000.0					-11.660550458715596	-13.758409785932722	12.249418880895679	12.523290855728204	43.71482176360225	54.92464741024845		95.9296435272045	118.34929482049691		734.8210694183865	906.5555983250064		794.2693024132245	1003.2683686582128		3년	118.34929482049691	906.5555983250064	1003.2683686582128	3.6544445249903186	4.569575745143886				3년	4.569575745143886	안심	3년	54.924647410248454	0.2230222579200398	매우 유망	N	주당순현금<=0 | FCF<=0	654000000.0	-3.9059804512272422	22.5503272617541		-12.26778245131801	83.64580001831055	76.09839992523193	N	Y	중립/개선	단기위험부채 존재
EOG	EOG RESOURCES INC	0000821189	S&P 500	제외	PEG=매우 유망, PEGY=안심	148.16000366210938	9.12	2025	2.75	3396000000.0		3396000000.0	7909000000.0	27000000.0	29833000000.0					-8.265567765567766	-8.315018315018316	17.151926691631267	17.157348901000844	-18.93333333333334	-11.640253534777134	73.5055490536587	-29.36666666666668	-14.780507069554268	155.5110981073174	-267.8240000000001	-134.79822447433492	1418.2612147387345	-280.7667341928487	-190.98152074952225	857.2497163088573	5년	155.5110981073174	1418.2612147387345	857.2497163088573	-0.9435285973574898	-0.5183238999683253	4.4458882331199066			5년	4.4458882331199066	안심	5년	73.5055490536587	0.2333419301325189	매우 유망	N	주당순현금<=0 | FCF<=0	546000000.0	7.354546452627164	8.177567464377322		-3.629505419331336	144.57180084228514	133.0886499404907	Y	Y	강한 상승추세	단기위험부채 존재
PRU	PRUDENTIAL FINANCIAL INC	0001137774	S&P 500	제외	PEG=매우 유망, PEGY=안심	113.08999633789062	9.99	2025	4.93	19712000000.0	7800000000.0	27512000000.0	18856000000.0		32438000000.0	738159000000.0	4.209463571750215	95.79053642824978	0.043944461830039326	24.47271699180096	24.47271699180096	8.870598533142108	8.870598533142108	33.2		37.53520846738611	74.9		83.57041693477223	748.2510000000001		834.8684651783745	561.6420764259055		638.2337007810595	5년	83.57041693477223	834.8684651783745	638.2337007810595	4.298469810976075		4.78718637854353			5년	4.78718637854353	안심	5년	37.53520846738611	0.2363274081946198	매우 유망	N	FCF<=0	353700000.0	-1.4809692168987199	14.835491960742697		-9.621994070009832	119.19959945678711	108.64640003204346	N	Y	중립/개선	
INCY	INCYTE CORP	0000879169	S&P 500	매우 유망	PEG=매우 유망, PEGY=안심	112.79000091552734	6.41	2025	0.0	3097817000.0	284870000.0	3382687000.0	316153000.0	689118000.0	5167478000.0	1790495000.0	74.26700276071782	25.732997239282184	2.8860611171770936	15.279192825112107	11.845620328849028	15.212294553886933	15.747953289653404	4173.333333333333	61.56160063417288	56.62815181550294	8355.166666666666	131.62320126834578	121.75630363100588	53556.61833333333	843.7047201300965	780.4579062747476	47383.480715142374	648.0314861970597	591.9566450391837	3년	131.62320126834578	843.7047201300965	648.0314861970597	274.3395033898416	4.046832015781808	3.7225253307387303	6.800189337319382	6.029071089743406	3년	4.046832015781808	안심	3년	61.56160063417288	0.2471068717703642	매우 유망	Y		200700000.0	-1.8192865493200094	18.042906659491067		-13.191713019659678	122.61080017089844	107.20790008544923	N	Y	중립/개선	단기위험부채 존재
APP	AppLovin Corp	0001751008	S&P 500	제외	PEG=매우 유망, PEGY=안심	277.0400085449219	9.75	2025	0.0	2487096000.0		2487096000.0	3512987000.0	0.0	2134671000.0	5124939000.0	29.404761412803165	70.59523858719683	0.41652612840855274	-2.9999444395707227	-2.9999444395707227	28.722046459947958	28.722046459947958	115.23178807947019			238.96357615894038			2329.8948675496686			740.995811322276			1년	238.96357615894038	2329.8948675496686	740.995811322276	4.011963013852704			11.598438459513993	4.1865572125959964	1년	4.011963013852704	안심	1년	115.23178807947019	0.2492545411179391	매우 유망	N	주당순현금<=0	341970000.0	-38.2956920651512	-33.635165781831155		-62.23554828724662	318.1727996826172	445.79330078125	N	N	주의	
FCX	FREEPORT-MCMORAN INC	0000831259	S&P 500	제외	PEG=매우 유망, PEGY=안심	73.69000244140625	2.9	2021	84.0	3824000000.0		3824000000.0	8913000000.0	466000000.0	18899000000.0	27401000000.0	40.81857451403887	59.18142548596113	0.6897193533082734	-3.5266805266805266	-3.8496188496188495	26.626442402788545	26.73780044518107	607.3170731707318	106.36118797315696		1223.1341463414635	221.22237594631395		3547.089024390244	641.5448902443104		4713.528167828018	770.599632228846		3년	221.22237594631395	641.5448902443104	770.599632228846	25.96355392556428	7.149328667100519				3년	7.149328667100519	안심	3년	106.36118797315697	0.2503398364590326	매우 유망	N	주당순현금<=0 | FCF<=0	1443000000.0	18.950769223379993	8.319864418154088		-7.7837578972010935	71.56480018615723	64.20645002365113	Y	Y	강한 상승추세	단기위험부채 존재
GEV	GE Vernova Inc.	0001996810	S&P 500	제외	PEG=매우 유망, PEGY=안심	1004.72998046875	17.69	2025	20.0	8848000000.0		8848000000.0		63000000.0	11178000000.0	50720000000.0	18.058741801027498	81.9412581989725	0.22038643533123028	32.05797101449275	31.829710144927535	54.984285441167735	54.99718882554112	217.02508960573476			442.5501792114695			7828.712670250897			679.185733723051			1년	442.5501792114695	7828.712670250897	679.185733723051	4.310778756220223					1년	4.310778756220223	안심	1년	217.02508960573476	0.2533545109510454	매우 유망	N	FCF<=0	276000000.0	-5.74854163989963	1.3731924911829951		-14.480874913098962	968.7100036621093	926.3039987182617	Y	Y	강한 상승추세	단기위험부채 존재
LULU	lululemon athletica inc.	0001397187	S&P 500	매우 유망	PEG=매우 유망, PEGY=안심	94.5	13.26	2025	0.0	881320000.0		881320000.0		0.0	4961840000.0	3494903000.0	58.673179497118454	41.326820502881546	1.4197361128477672	7.4018208082776225	7.4018208082776225	6.568490135122351	6.568490135122351	-9.426229508196727	25.676965842053367	24.12698368466455	-10.352459016393453	59.85393168410673	56.7539673693291	-137.27360655737718	793.6631341312552	752.5576073173038	-245.26307572209225	739.8551683928627	696.3572564204272	3년	59.85393168410673	793.6631341312552	739.8551683928627	-1.4350679249396703	3.9091123399510264	3.6731399740794672	7.740744784492895	8.191264322214703	3년	3.9091123399510255	안심	3년	25.676965842053367	0.2558125510438843	매우 유망	Y		119068000.0	-19.45107377615427	-41.86761723717542		-56.225681923947505	109.43200057983398	142.02619987487793	N	N	주의	
EG	EVEREST GROUP, LTD.	0001095073	S&P 500	제외	PEG=매우 유망, PEGY=안심	368.3699951171875	37.8	2025	2.21	656095000.0	331000000.0	987095000.0		50000000.0	15461000000.0	47054000000.0	24.73166440054387	75.26833559945612	0.32857992944276787	23.728245192307693	22.526322115384616	9.117506611769308	9.149303518566214	18.942731277533024	35.51207914489844	88.45989078523058	46.38546255506605	79.52415828979689	185.41978157046117	1753.3704845814966	3006.013183354322	7008.867743363432	375.9808094640571	716.0309534434355	1802.6706399183624	3년	79.52415828979689	3006.013183354322	716.0309534434355	2.3200127160015525	4.137324024114773	9.944592819728763			3년	4.137324024114773	안심	3년	35.51207914489844	0.2567438131281339	매우 유망	N	FCF<=0	41600000.0	-0.9358641735128459	10.478962063674047		-7.60722752977856	371.9157965087891	349.1996989440918	N	Y	중립/개선	단기위험부채 존재
NOC	NORTHROP GRUMMAN CORP /DE/	0001133421	S&P 500	제외	PEG=매우 유망, PEGY=안심	480.7200012207031	29.08	2025	2.09	4403000000.0	250000000.0	4653000000.0	15162000000.0	534000000.0	16674000000.0	34703000000.0	32.45421102828114	67.54578897171886	0.4804771921735873	-73.08066759388039	-76.7941585535466	19.044039505315805	19.17173864423142	2.6111503175723305	-2.5984458859345416	71.32693092917182	13.722300635144661	3.3031082281309168	151.15386185834365	399.0445024700067	96.05438727404706	4395.554302840633	-16.99024349793975	-80.01864140661216	814.3689240470343	5년	151.15386185834365	4395.554302840633	814.3689240470343	0.24685678247307186	-0.02669842633925529	3.855113349700771	22.99721835883171	4.7839112790053155	5년	3.855113349700771	안심	5년	71.32693092917182	0.2669964802526927	매우 유망	N	주당순현금<=0	143800000.0	-9.069927031889357	-29.441810197514318		-37.40788143594178	531.9011999511719	596.0870504760742	N	N	주의	단기위험부채 존재
PYPL	PayPal Holdings, Inc.	0001633917	S&P 500	매우 유망	PEG=매우 유망, PEGY=안심	55.529998779296875	5.41	2025	1.02	8049000000.0	2373000000.0	10422000000.0	9987000000.0		20256000000.0	59917000000.0	25.26536365110449	74.7346363488955	0.3380676602633643	0.4493801652892562	0.4493801652892562	10.181260372274975	10.181260372274975	35.58897243107769	37.30414865193261	32.59424256515169	79.67794486215539	83.10829730386523	73.68848513030338	431.05768170426063	449.6158884139109	398.6547045549413	676.2609241492922	709.6810702281883	617.9087219853692	3년	83.10829730386523	449.6158884139109	709.6810702281883	3.5957210691486834	3.764185105833728	3.3015796999640705	5.74793388429752	10.351042698816896	3년	3.764185105833728	안심	3년	37.304148651932614	0.2729256862895198	매우 유망	Y		968000000.0	17.22609252988523	16.88065826373377		-23.95233999977222	56.26689987182617	50.12432502746582	N	Y	상승전환	
DHI	HORTON D R INC /DE/	0000882184	S&P 500	매우 유망	PEG=매우 유망, PEGY=안심	134.8800048828125	11.57	2025	1.35	2985400000.0		2985400000.0			24190400000.0	10729000000.0	69.27495890536493	30.725041094635074	2.254674247366949	9.633430138754436	9.633430138754436	10.82511449818998	10.82511449818998	-19.316596931659692	-11.176320062438394	38.872760394269434	-30.133193863319384	-13.852640124876789	86.24552078853887	-348.6410529986053	-160.27504624482447	997.8606755233948	-358.48238462143763	-218.82787695928383	639.8136413105589	5년	86.24552078853887	997.8606755233948	639.8136413105589	-1.6597142630374773	-0.9077335915552128	3.7156891413014534	10.595353339787028	7.855392168018207	5년	3.715689141301453	안심	5년	38.872760394269434	0.2784755800307354	매우 유망	Y		309900000.0	-10.074004971644735	-6.547493125721616		-19.609008306027032	142.86519989013672	148.14095008850097	N	N	주의	
UHS	UNIVERSAL HEALTH SERVICES INC	0000352915	S&P 500	제외	PEG=매우 유망, PEGY=안심	177.35000610351562	23.1	2025	46.0	137797000.0		137797000.0	4004393000.0	748158000.0	7275792000.0					-59.98256337066799	-71.58874996121746	10.274137206674615	10.776569526611821	37.336504161712256	36.21405696848752	45.03135209620262	83.17300832342451	80.92811393697504	98.56270419240523	1921.2964922711064	1869.4394319441235	2276.798466844561	983.3360170000132	954.0960629304795	1183.7882089023665	3년	80.92811393697504	1869.4394319441235	954.0960629304797	8.11128978378569	8.002040007318277	8.860242983426765	13.174350780304676	7.4284467588995025	3년	8.002040007318277	안심	3년	36.21405696848752	0.2837057779970603	매우 유망	N	주당순현금<=0	64462000.0	22.96333034533444	-3.193226496821011		-27.36914922468752	173.96660034179686	179.58085037231444	Y	N	중립/개선	단기위험부채 존재
NVR	NVR INC	0000906163	S&P 500	매우 유망	PEG=매우 유망, PEGY=안심	5899.16015625	436.55	2025	0.0	2809782000.0		2809782000.0	600115000.0		3864869000.0	1992061000.0	65.98796639194937	34.012033608050636	1.9401358693333186	719.9716008227812	719.9716008227812	11.863906895950564	11.863906895950564	-13.842783556020443	-3.895748108815445	41.51016978111202	-19.185567112040886	0.7085037823691112	91.52033956222404	-8375.45932276145	309.2973261932355	39953.2042358889	-241.9771476095267	-94.75692610471776	577.2693600047384	5년	91.52033956222404	39953.2042358889	577.2693600047384	-1.1667980604892743	-0.32836974724954704	3.498861727857999	357.3721703051348	6.058017765910435	5년	3.498861727857999	안심	5년	41.51016978111202	0.2858072361185303	매우 유망	Y		3069103.0	-7.519277342503116	-13.013419852297892		-27.14612792923523	6243.48162109375	6652.610102539063	N	N	주의	
NXPI	NXP Semiconductors N.V.	0001413447	S&P 500	제외	PEG=매우 유망, PEGY=안심	227.52000427246094	7.95	2025	1.72	3267000000.0		3267000000.0	10972000000.0	307000000.0	10056000000.0					-30.295166534948553	-31.502254935497444	32.42958123363642	32.581416252573376	-18.293936279547793	-9.000664080454257	113.31378642177046	-28.087872559095587	-9.501328160908514	235.12757284354092	-223.29858684480993	-75.53555887922269	1869.2642041061504	-198.14459504730152	-133.1995242004158	721.5823527621156	5년	235.12757284354092	1869.2642041061504	721.5823527621156	-0.5110746315267578	-0.22450687932111346	3.5471869215028837	9.526955031042224	4.187304347811745	5년	3.547186921502884	안심	5년	113.31378642177046	0.2861927242721268	매우 유망	N	주당순현금<=0	254331000.0	-19.850632970724536	9.38461743868315		-31.607901196695952	230.60320129394532	245.9527001953125	N	N	판정불가	단기위험부채 존재
IBM	INTERNATIONAL BUSINESS MACHINES CORP	0000051143	S&P 500	제외	PEG=매우 유망, PEGY=안심	227.1300048828125	11.17	2025	2.98	13587000000.0	608000000.0	14195000000.0	54836000000.0	6424000000.0	32648000000.0	119139000000.0	21.509088393604195	78.49091160639581	0.2740328523825112	-42.839739881982034	-49.61128804767315	24.169180372855376	24.7754067081903	73.71695178849146	83.76390990316042	12.386209881346621	155.9339035769829	176.02781980632085	33.27241976269325	1741.7817029548992	1966.230747236604	371.65292874928355	666.8655243738359	765.6851604661739	63.63004480233138	3년	176.02781980632085	1966.230747236604	765.6851604661739	3.17333689456141	3.589029853928489	0.6357770368830774	12.756736597321586	5.616491138589731	3년	3.589029853928489	안심	3년	83.76390990316042	0.2885393053022166	매우 유망	N	주당순현금<=0	948675228.0	4.634448435599858	-4.49499710376875		-31.011755519382323	232.08419830322265	253.5320492553711	N	N	중립/개선	단기위험부채 존재
WDC	WESTERN DIGITAL CORP	0000106040	S&P 500	매우 유망	PEG=매우 유망, PEGY=안심	397.2799987792969	24.28	2026	15.0	1579000000.0	24000000.0	1603000000.0	0.0	255000000.0	8864000000.0	4997000000.0	63.94921001370753	36.05078998629247	1.7738643185911547	4.185378590078329	3.519582245430809	16.19005849214244	16.21748008788575	3137.3333333333335		55.622865998828615	6283.166666666667		119.74573199765723	152555.28666666668		2907.4263729031177	38299.94138527385		631.8330602689857	5년	119.74573199765723	2907.4263729031177	631.8330602689857	194.7079644501138		4.36211308520622	9.167101827676241	2.307466234354499	5년	4.36211308520622	안심	5년	55.622865998828615	0.2910683978866424	매우 유망	Y		383000000.0	-29.475254985814402	13.456703970867112		-46.76172102737786	457.60559936523435	405.8989490509033	N	N	판정불가	단기위험부채 존재
HIG	HARTFORD INSURANCE GROUP, INC.	0000874766	S&P 500	제외	PEG=매우 유망, PEGY=안심	129.11000061035156	13.32	2025	1.89	177000000.0	1843000000.0	2020000000.0	4371000000.0	0.0	18979000000.0	67018000000.0	22.06937451306441	77.93062548693558	0.2831925751290698	-8.205933682373473	-8.205933682373473	10.309004076030408	10.309004076030408	28.69565217391305	34.78299680616526	55.39512065939527	65.8913043478261	78.06599361233052	119.29024131879054	877.6721739130436	1039.8390349162426	1588.94601436629	579.7863602849949	705.3900007749455	1130.6916635851167	3년	78.06599361233052	1039.8390349162426	705.3900007749455	2.9668871937909236	3.5573753328349236	5.556804540662624	20.080279232111693	15.552845741758697	3년	3.557375332834924	안심	3년	34.78299680616526	0.2963805601190506	매우 유망	N	주당순현금<=0	286500000.0	-6.543607445184884	-7.161865383847344		-11.374240045650675	134.82320037841797	135.6210498046875	N	N	주의	
AWK	American Water Works Company, Inc.	0001410636	S&P 500	제외	PEG=매우 유망, PEGY=안심	128.8800048828125	5.69	2025	2.81	98000000.0		98000000.0	5212881000.0	1588000000.0	10837000000.0					-26.230158974358975	-34.373748717948715	27.26013424554859	28.69134509679459	366.3934426229509	91.51777276233976	48.04865146769342	741.2868852459018	191.5355455246795	104.59730293538684	4217.922377049182	1089.8372540354264	595.1586537023511	3172.7515652132674	745.6216734522857	361.7928547128118	3년	191.5355455246795	1089.8372540354264	745.6216734522857	13.543713295661394	3.46028276723336	1.865678687037219	-5.471794871794872	-4.245650732842727	3년	3.46028276723336	안심	3년	91.51777276233975	0.2978671073687486	매우 유망	N	주당순현금<=0 | FCF<=0	195000000.0	-2.0445407704336893	-4.114276191226529		-11.380037562035062	134.96980056762695	131.84795024871826	N	N	주의	단기위험부채 존재
STE	STERIS plc	0001757898	S&P 500	제외	PEG=매우 유망, PEGY=안심	214.39999389648438	7.93	2026	1.23	220531000.0		220531000.0	1812800000.0	118900000.0	7183600000.0	3540000000.0	66.98869782535716	33.01130217464284	2.029265536723164	-16.13241134751773	-17.33707193515704	29.070921216141503	29.222833017861465	27.903225806451605	94.9679101546837	50.70740889939833	64.3064516129032	198.4358203093674	109.91481779879666	509.9501612903224	1573.5960550532834	871.6245051444575	137.84989543261563	633.9534047808975	306.54129195791455	3년	198.4358203093674	1573.5960550532834	633.9534047808975	1.0021431928436966	3.309076772609126	1.7865759572338666	9.852077001013171	4.5951852991982385	3년	3.309076772609126	안심	3년	94.9679101546837	0.3061130982959485	매우 유망	N	주당순현금<=0	98700000.0	2.7164270996040907	-4.647548109124944		-20.193560853347158	222.49499877929688	227.12200004577636	N	N	중립/개선	단기위험부채 존재
DIS	Walt Disney Co	0001744489	S&P 500	제외	PEG=매우 유망, PEGY=안심	108.05000305175781	6.85	2025	1.43	5695000000.0		5695000000.0	35315000000.0	6711000000.0	109869000000.0					-16.35560463832137	-20.06129210381005	18.161402582493313	18.702378854827426	151.8382352941176	58.50904212609996		312.1764705882352	125.51808425219991		2138.408823529411	859.7988771275693		1879.0918677763261	695.7416500170859		3년	125.51808425219991	859.7988771275693	695.7416500170859	8.439228996655828	3.3003531447443497		5.564329099944782	5.149772274674877	3년	3.3003531447443497	안심	3년	58.509042126099956	0.3104033483124107	매우 유망	N	주당순현금<=0	1811000000.0	12.704704241400488	6.78988211688174		-7.3724803785906285	105.14560012817383	103.70190032958985	Y	Y	강한 상승추세	단기위험부채 존재
TMUS	T-Mobile US, Inc.	0001283699	S&P 500	제외	PEG=매우 유망, PEGY=안심	148.5800018310547	9.72	2025	2.73	5598000000.0	0.0	5598000000.0	81147000000.0	5135000000.0	59203000000.0	6830508000.0	89.65599707348578	10.344002926514218	8.66743732676984	-66.79390530320666	-71.33382911069539	22.157809375952812	22.624879726517495	0.6211180124223654	67.7257264346652	74.54322774580642	9.74223602484473	143.9514528693304	157.58645549161284	94.6945341614908	1399.2081218898916	1531.7403473784768	-36.26697200531418	841.7203557992173	930.9195911305528	3년	143.9514528693304	1399.2081218898916	841.7203557992173	0.1512386877043554	3.179724368922888	3.487403760665469	15.90962588427648	10.707784148748887	3년	3.179724368922888	안심	3년	67.7257264346652	0.3271697557549033	매우 유망	N	주당순현금<=0	1131076251.0	-20.600653046473873	-22.787503255071005		-35.425266549675314	174.84619995117188	190.3797999572754	N	N	주의	단기위험부채 존재
CF	CF Industries Holdings, Inc.	0001324404	S&P 500	제외	PEG=매우 유망, PEGY=안심	111.54000091552734	8.97	2025	2.11	287000000.0	3100000.0	290100000.0	3215000000.0	0.0	4838000000.0					-18.032675709001232	-18.032675709001232	14.445114450895048	14.445114450895048	33.08605341246291	-18.18627213243168	43.58035462807208	74.67210682492582	-27.872544264863357	95.66070925614416	669.8087982195847	-250.01672205582435	858.0765620276131	500.5099450616388	-324.1498296608135	669.2994037874007	5년	95.66070925614416	858.0765620276131	669.2994037874007	2.436536832720082	-1.1129210631789463	3.163031679907598	11.109741060419235	9.960320036964122	5년	3.163031679907598	안심	5년	43.58035462807208	0.331459314045836	매우 유망	N	주당순현금<=0	162200000.0	-6.418324833611477	-8.33333281082933		-19.910966113481255	123.43400100708008	113.39460006713867	N	N	주의	
CAH	CARDINAL HEALTH INC	0000721371	S&P 500	매우 유망	PEG=매우 유망, PEGY=안심	237.57000732421875	7.23	2026	86.0	4856000000.0	200000000.0	5056000000.0	2502000000.0	855000000.0	-2883000000.0					10.776371308016877	7.168776371308017	31.36841438674991	31.867390173293323	12.093023255813957	93.36569678851458	28.29655427495148	32.686046511627914	195.23139357702917	65.09310854990295	236.32011627906982	1411.522975561921	470.62317481579834	-0.526114832097957	494.15032708046107	98.09873313407155	3년	195.23139357702917	1411.522975561921	494.15032708046107	3.1271272448265246	5.718035173122396	3.643682873662578	19.09282700421941	8.03671609024403	3년	5.718035173122396	안심	3년	93.36569678851458	0.335973654840315	매우 유망	Y		237000000.0	3.241930682751737	10.920728101734767		-4.440687526257592	233.2536001586914	218.8918000793457	Y	Y	강한 상승추세	단기위험부채 존재
FSLR	FIRST SOLAR, INC.	0001274494	S&P 500	매우 유망	PEG=매우 유망, PEGY=안심	177.82000732421875	14.21	2025	0.0	2803514000.0	509032000.0	3312546000.0	282593000.0	0.0	9537993000.0	3783317000.0	71.59951236027088	28.40048763972913	2.5210663024007767	28.17591154672345	28.17591154672345	10.53090047695252	10.53090047695252	18.21963394342763		30.670348455238837	44.93926788685526		69.84069691047767	638.5869966722133		992.4363030978878	259.1198798613698		458.11284569816786	5년	69.84069691047767	992.4363030978878	458.11284569816786	1.7301116825956477		2.912414614720048	11.040200117168974	6.208637758651874	5년	2.912414614720048	안심	5년	30.670348455238837	0.3433577056459469	매우 유망	Y		107537000.0	-19.385254398350405	-11.245319736928893		-44.12568505130597	205.04000091552734	222.06705123901367	N	N	주의	
LDOS	Leidos Holdings, Inc.	0001336920	S&P 500	제외	PEG=매우 유망, PEGY=안심	121.68000030517578	11.14	2025	1.44	1108000000.0		1108000000.0	1331000000.0	18000000.0	4916000000.0	8531000000.0	36.55834015021938	63.44165984978062	0.5762513187199625	-1.7153846153846153	-1.853846153846154	11.076785001845638	11.08921422432872	20.824295010845983	30.95874508346872	20.63678102465594	50.148590021691966	70.41749016693744	49.77356204931188	558.6552928416485	784.4508404596831	554.4774812293343	359.11841834363105	544.6834635866743	355.6849768562575	3년	70.41749016693744	784.4508404596831	544.6834635866743	2.0099961321932547	2.924923168416681	1.99306757520142	12.53076923076923	10.29813379301596	3년	2.924923168416681	안심	3년	30.95874508346872	0.3577917958877601	매우 유망	N	주당순현금<=0	130000000.0	14.189192091777269	-22.786976881273468		-39.02280208253601	130.8468003845215	145.6117501449585	N	N	중립/개선	단기위험부채 존재
EXC	EXELON CORP	0001109357	S&P 500	제외	PEG=매우 유망, PEGY=안심	41.7599983215332	1.74	2021	4.03	626000000.0		626000000.0	35272000000.0	612000000.0	28798000000.0	87772000000.0	24.704469417517373	75.29553058248263	0.32810007747345393	-34.23517786561265	-34.8399209486166	43.67538861330222	44.022942109281495	-13.432835820895514	121.5523810846817	51.225599028568624	-18.365671641791028	251.6047621693634	110.95119805713725	-31.95626865671639	437.7922861746923	193.0550846194188	-176.52363491652346	948.3532178423204	362.29667715257426	3년	251.6047621693634	437.7922861746923	948.3532178423204	-0.2152891163521712	2.8753580694284437	1.2651426989647763	-2.2480237154150196	-5.3831987686068565	3년	2.875358069428444	안심	3년	121.5523810846817	0.3593133118706655	매우 유망	N	주당순현금<=0 | FCF<=0	1012000000.0	-10.997442559209924	-13.271034271746185		-16.961627438269645	43.34100006103515	45.583450050354	N	N	주의	단기위험부채 존재
BSX	BOSTON SCIENTIFIC CORP	0000885725	S&P 500	제외	PEG=매우 유망, PEGY=안심	42.72999954223633	1.94	2025	0.0	1965000000.0		1965000000.0	3815000000.0	250000000.0	24233000000.0					-1.2378721980595517	-1.405152224824356	22.66385141252365	22.750078230443652	55.199999999999996	62.7532758644933		118.89999999999999	134.0065517289866		230.66599999999997	259.97271035423404		439.82214479548236	508.4079408829969		3년	134.0065517289866	259.97271035423404	508.4079408829969	2.4355966245656484	2.7688707767390737		2.4476413516226163	5.728156746651152	3년	2.7688707767390737	안심	3년	62.753275864493304	0.36115806067978	매우 유망	N	주당순현금<=0	1494500000.0	0.2345730040243632	-32.367838974613235		-59.29701069168984	46.5379997253418	60.40895000457763	N	N	중립/개선	단기위험부채 존재
DECK	DECKERS OUTDOOR CORP	0000910521	S&P 500	매우 유망	PEG=매우 유망, PEGY=안심	82.88999938964844	7.02	2026	0.0	1907249000.0	26120000.0	1933369000.0		0.0	2499638000.0					13.259963650080588	13.259963650080588	9.91880850990995	9.91880850990995	10.90047393364928	26.59610321922323	42.853544612930364	30.30094786729856	61.69220643844646	94.20708922586073	212.71265402843588	433.0792891978941	661.3337663655423	156.62040728039875	422.47471635520174	697.8450612078683	3년	61.69220643844646	433.0792891978941	422.47471635520174	1.0989700953253148	2.681380852614594	4.320432698152716	7.526024484757039	9.079532561435768	3년	2.681380852614594	안심	3년	26.59610321922323	0.3729421723232295	매우 유망	Y		145805000.0	-22.242025725946558	-23.349362070014056		-31.461883813168036	85.92600006103515	100.7764500427246	N	N	주의	
EPAM	EPAM Systems, Inc.	0001352010	S&P 500	매우 유망	PEG=매우 유망, PEGY=안심	113.23999786376953	6.72	2025	0.0	1296077000.0	1690000.0	1297767000.0	25034000.0	2861000.0	3677226000.0	1224328000.0	75.02163599544144	24.978364004558554	3.0034647578099984	22.633204701865452	22.58232710330233	13.483153744330965	13.490724815545715	-14.285714285714288	-1.770708271929189	35.70732296450074	-20.071428571428577	4.958583456141622	79.91464592900148	-134.88000000000002	33.3216808252717	537.0264206428899	-219.10985742181302	-70.57428342116494	374.23739912901243	5년	79.91464592900148	537.0264206428899	374.23739912901243	-1.0595232062617963	-0.1313274553940089	2.64829161200613	10.895577330037522	9.621668611425767	5년	2.64829161200613	안심	5년	35.70732296450074	0.3776019209767014	매우 유망	Y		56233000.0	34.01183179144323	-9.400752220835052		-48.852754749074236	110.09539993286133	128.12089992523192	Y	N	중립/개선	단기위험부채 존재
AOS	SMITH A O CORP	0000091142	S&P 500	제외	PEG=매우 유망, PEGY=안심	56.380001068115234	3.85	2025	2.55	174500000.0	18700000.0	193200000.0	112700000.0	42300000.0	1858000000.0	1284800000.0	59.119256713758425	40.88074328624157	1.4461394769613947	0.5672415936205122	0.2691755139913486	14.4968206427259	14.574240403668542		36.61380704310213	39.07395391564303		81.72761408620426	86.64790783128606		314.6513142318864	333.59444515045135		458.0902949110304	491.689320380503	3년	81.72761408620426	314.6513142318864	458.09029491103036		2.7015445667911626	2.8712470783398127			3년	2.7015445667911626	안심	3년	36.61380704310213	0.3959386311743027	매우 유망	N	FCF<=0	141914840.0	-7.376372502969753	-16.076211949984874		-29.93662207922283	59.610600280761716	64.06929986953736	N	N	주의	단기위험부채 존재
TECH	BIO-TECHNE Corp	0000842023	S&P 500	보류	PEG=매우 유망, PEGY=불리(<1)	72.45999908447266	1.16	2026	44.0	264712000.0	1072000.0	265784000.0		12500000.0	2108221000.0					1.6927946805597132	1.6131814099828672	61.0062106930284	61.074842822836025	152.17391304347825	-12.974116606482456	-19.679629541091302	312.8478260869565	-17.44823321296491	-30.859259082182604	362.9034782608695	-20.239950527039294	-35.796740535331814	400.83284963584214	-127.93258457462014	-149.40207147063384	1년	312.8478260869565	362.9034782608695	400.83284963584214	3.215638388533717	0.5085692594420241	0.3986540088727057	1.676483513683929	2.3136675888299587	3년	0.5085692594420241	불리(<1)	1년	152.17391304347825	0.400897955982758	매우 유망	Y		157009000.0	1.726794425904421	25.951678466832483		-0.20658521500896976	72.3334001159668	62.40905002593994	Y	Y	강한 상승추세	단기위험부채 존재
CRM	Salesforce, Inc.	0001108524	S&P 500	제외	PEG=매우 유망, PEGY=안심	229.1300048828125	7.8	2025	78.0	7327000000.0	57139000.0	7384139000.0	10439000000.0	4000000000.0	59142000000.0	53163000000.0	52.66194737545078	47.33805262454922	1.1124654364877828	-3.19546129707113	-7.379561715481172	29.785316176908157	30.32173930747355	85.7142857142857	74.02472751880647	12.233911375838758	179.9285714285714	156.54945503761294	32.96782275167752	1403.4428571428568	1221.085749293381	257.14901746308465	512.5094170275261	432.92267414645227	12.22843450581792	3년	156.54945503761294	1221.085749293381	432.92267414645227	5.496476342299481	5.104015905551058	3.0294763647932985	15.064853556485355	6.574806108082705	3년	5.104015905551058	안심	3년	74.02472751880647	0.4023698185088354	매우 유망	N	주당순현금<=0	956000000.0	36.74505145697944	32.58303157744547		-13.93532080251495	225.03	199.70945030212403	Y	Y	강한 상승추세	단기위험부채 존재
EXPE	Expedia Group, Inc.	0001324424	S&P 500	매우 유망	PEG=매우 유망, PEGY=안심	274.2200012207031	9.81	2025	74.0	5413000000.0	320000000.0	5733000000.0	4469000000.0	1692000000.0	1284000000.0					9.579894348317076	-3.243824985031415	26.97656543041652	28.283774332898528	9.608938547486048	65.34957812135467		27.717877094972096	139.19915624270934		271.91237430167627	1365.5437227409786		-0.841523925590526	397.9737862527157		3년	139.19915624270934	1365.5437227409786	397.97378625271574	3.0993173969142713	5.165578934827476		23.570784353849767	8.595574447131254	3년	5.165578934827476	안심	3년	65.34957812135467	0.4128039722050054	매우 유망	Y		131943000.0	2.981824574810532	14.158442011680172		-19.140153548058723	295.8652014160156	259.5344492340088	N	Y	상승전환	단기위험부채 존재
CBOE	Cboe Global Markets, Inc.	0001374310	S&P 500	매우 유망	PEG=매우 유망, PEGY=안심	304.1600036621094	10.42	2025	1.17	2216500000.0	36100000.0	2252600000.0	1442900000.0	304700000.0	5138300000.0	4167000000.0	55.21906870278228	44.78093129721771	1.2330933525317975	7.704091341579448	4.804947668886775	28.450663370492315	28.728892129867813	44.521497919556175	68.19298103960483	66.67733196826208	97.54299583911235	144.88596207920966	141.85466393652416	1016.3980166435507	1509.7117248653647	1478.1255982185817	234.16557220082916	396.3544538033672	385.96974632490725	3년	144.88596207920966	1509.7117248653647	396.35445380336716	1.605990599394784	2.438009270165027	2.384736379772084	16.0	5.260389205470408	3년	2.438009270165027	안심	3년	68.19298103960483	0.4172080899934387	매우 유망	Y		105100000.0	10.61167776199996	1.285386622060658		-17.05481496128587	286.88880035400393	288.02905067443845	Y	Y	상승전환	단기위험부채 존재
ECL	ECOLAB INC.	0000031462	S&P 500	제외	PEG=매우 유망, PEGY=안심	281.8299865722656	7.28	2025	1.05	646200000.0		646200000.0	6613200000.0	74400000.0	9770800000.0	14891800000.0	39.61788294826985	60.382117051730155	0.6561194751473965	-20.922159887798035	-21.18302945301543	41.5868333049538	41.6226670364397	338.5542168674699	98.55590630677445	47.57731615945522	685.6084337349398	205.6118126135489	103.65463231891044	4991.229397590362	1496.853995826636	754.605723281668	1671.0072154832726	431.1194930078241	167.7521056078876	3년	205.6118126135489	1496.853995826636	431.11949300782413	8.16614754908536	2.3951308236520488	1.169295959682094	6.677068723702665	2.3691832103857977	3년	2.3951308236520488	안심	3년	98.55590630677445	0.4219618576232933	매우 유망	N	주당순현금<=0	285200000.0	4.478215596762047	2.409147554923319		-8.600622346784393	279.1688006591797	274.25499977111815	Y	Y	강한 상승추세	단기위험부채 존재
AMCR	Amcor plc	0001748790	S&P 500	제외	PEG=매우 유망, PEGY=안심	41.720001220703125	2.38	2026	6.3	1115000000.0		1115000000.0	5314400000.0	135000000.0	11790000000.0	25294000000.0	31.79268687304498	68.20731312695501	0.46611844706254446	-9.054333764553688	-9.345407503234153	21.33375419548606	21.456054085687935	643.75	50.01313255128406	31.642491466477107	1296.0	108.52626510256812	71.78498293295422	3084.48	258.2925109441121	170.84825938043105	7293.288374280675	519.1095479065737	309.5116356220271	3년	108.52626510256812	258.2925109441121	519.1095479065737	30.47049263075985	2.6396260140280035	1.7785192010183206	3.9215178956446746	9.399611171867994	3년	2.6396260140280035	안심	3년	50.01313255128406	0.4265630466879909	매우 유망	N	주당순현금<=0	463800000.0	-2.477787725199121	1.8554740068794873		-17.516805633865708	44.60280029296875	42.80849990844727	N	N	판정불가	단기위험부채 존재
TRV	TRAVELERS COMPANIES, INC.	0000086312	S&P 500	제외	PEG=매우 유망, PEGY=안심	368.75	27.43	2025	1.35	842000000.0		842000000.0	5861000000.0	100000000.0	32894000000.0	110814000000.0	22.88947031480502	77.11052968519499	0.29683974949013664	-22.051845342706503	-22.491212653778557	14.247241900937167	14.263259666561376	27.759664648346536	32.58155699339016	40.000996302713745	64.01932929669307	73.66311398678032	88.50199260542749	1756.0502026082909	2020.579216657384	2427.609657166876	376.2170040971636	447.9536858731889	558.3348222825426	3년	73.66311398678032	2020.579216657384	447.9536858731889	2.043178943036809	2.381622859309926	2.9023860611220282			3년	2.381622859309926	안심	3년	32.58155699339016	0.4372793449934732	매우 유망	N	주당순현금<=0 | FCF<=0	227600000.0	9.476594929259985	22.38226510499097		-7.167313109413298	369.24059997558595	321.9467498779297	N	Y	상승전환	단기위험부채 존재
NDSN	NORDSON CORP	0000072331	S&P 500	제외	PEG=매우 유망, PEGY=불리(<1)	328.1700134277344	8.51	2025	1.15	108442000.0	279000.0	108721000.0	1681254000.0	315000000.0	3043571000.0					-27.6290146883126	-33.16348654157003	41.80952151774935	42.45987073669852	4.9321824907521625	-1.1482071165261345	93.96062427456746	18.364364981504323	6.2035857669477315	196.42124854913493	156.2807459926018	52.79251487672519	1671.5448251531382	-52.37811512384995	-83.91305947630389	409.35330979630334	5년	196.42124854913493	1671.5448251531382	409.35330979630334	0.14547362107863634	4.288218111045603e-05	2.2748556027887155	11.615626537353293	3.539514904493596	3년	4.288218111045603e-05	불리(<1)	5년	93.96062427456746	0.4449685369860408	매우 유망	N	주당순현금<=0	56916000.0	14.41272837247556	18.008564762967772		-1.9510004604534337	318.73059936523435	289.43350059509277	Y	Y	강한 상승추세	단기위험부채 존재
D	DOMINION ENERGY, INC	0000715957	S&P 500	제외	PEG=매우 유망, PEGY=안심	61.63999938964844	0.65	2025	4.32	250000000.0		250000000.0	30948000000.0	2457000000.0	29083000000.0	82440000000.0	26.07802874743326	73.92197125256673	0.3527777777777778	-35.89150005845902	-38.764176312405006	150.0484606893961	154.46796261854374	333.33333333333337	-15.82903888645284	-4.5403361201187264	675.1666666666667	-23.158077772905678	-0.5806722402374529	438.8583333333334	-15.05275055238869	-0.3774369561543444	611.970048148692	-124.42042618663068	-100.61232472402932	1년	675.1666666666667	438.8583333333334	611.970048148692	2.250295216505312	-0.07670214565064298	-0.0014684330589357208	0.445457734128376	0.7226764090513348	1년	2.250295216505312	안심	1년	333.33333333333337	0.4501453820681882	매우 유망	N	주당순현금<=0	855300000.0	-13.548391653078928	-2.1121197479307185		-14.018695368258483	65.05800003051758	64.41095020294189	N	N	주의	단기위험부채 존재
FISV	FISERV INC	0000798354	S&P 500	제외	PEG=매우 유망, PEGY=판정불가	45.630001068115234	6.34	2025		798000000.0		798000000.0	3228000000.0	2000000.0	25792000000.0	54324000000.0	32.19331968645464	67.80668031354537	0.47478094396583465	-4.426229508196721	-4.429872495446266	7.895304507304725	7.895879110971846	17.843866171003718	17.481865339726866	35.26712030178827	44.187732342007436	43.46373067945373	79.03424060357654	280.1502230483271	275.56005250773666	501.07708542667524	513.9605884078908	503.9010432990962	998.1307773337127	3년	43.46373067945373	275.56005250773666	503.9010432990962				7.830601092896175	17.16108023141806	판정불가		판정불가	3년	17.481865339726866	0.4516282647117152	매우 유망	N	주당순현금<=0	549000000.0	-7.8926115768128575	-22.384758704666652		-63.940255462321474	50.20220024108887	56.19155004501343	N	N	주의	단기위험부채 존재
SPG	SIMON PROPERTY GROUP INC.	0001063761	S&P 500	제외	PEG=매우 유망, PEGY=안심	199.4199981689453	9.35	2025	4.5	823147000.0	1000000000.0	1823147000.0	28430175000.0		5208268000.0	33901073000.0	13.317197034846483	86.68280296515351	0.1536313614616269	-81.57151298527937	-81.57151298527937	30.052568037884992	30.052568037884992	358.3333333333333	65.56992936260015		725.1666666666666	139.6398587252003		6780.3083333333325	1305.6326790806227		3300.014239088082	554.7150190897667		3년	139.6398587252003	1305.6326790806227	554.7150190897667	12.073288807663188	2.3315787613979713				3년	2.3315787613979717	안심	3년	65.56992936260015	0.458328510187879	매우 유망	N	주당순현금<=0 | FCF<=0	326180391.0	-9.878886808994691	-0.6427225857059127		-15.749894068418035	211.68719970703125	204.23630043029786	N	N	주의	
RCL	ROYAL CARIBBEAN CRUISES LTD	0000884887	S&P 500	제외	PEG=매우 유망, PEGY=안심	282.260009765625	15.61	2025	2.13	825000000.0		825000000.0	7856962000.0	0.0	10037000000.0	31374000000.0	24.237521431503705	75.76247856849629	0.3199145789507235	-25.66409489051095	-25.66409489051095	19.72607973453786	19.72607973453786	42.68738574040219			93.87477148080438			1465.3851828153563			419.1614582710958			1년	93.87477148080438	1465.3851828153563	419.1614582710958	2.2719864435066968			4.510948905109489	1.5981537408913016	1년	2.2719864435066968	안심	1년	42.68738574040219	0.4621055937812509	매우 유망	N	주당순현금<=0	274000000.0	-0.2931882380170614	-0.05311210457822346		-18.89779307656174	278.9516000366211	286.7208498382568	Y	N	주의	
AES	AES CORP	0000874761	S&P 500	제외	PEG=매우 유망, PEGY=안심	14.9399995803833	1.26	2025	4.71	1382000000.0	174000000.0	1556000000.0			4063000000.0					2.179271708683473	2.179271708683473	10.127561802936372	10.127561802936372	-46.61016949152542		21.802033073406225	-84.72033898305084		52.10406614681245	-106.74762711864406		65.65112334498369	-814.5089030578497		339.43189550812116	5년	52.10406614681245	65.65112334498369	339.43189550812116	-4.137241550022132		2.617810050363688	-2.273109243697479	-15.214921737227785	5년	2.617810050363688	안심	5년	21.802033073406225	0.4645237335819755	매우 유망	N	FCF<=0	714000000.0	0.9459418097580885	3.749999834431539		-13.54167253054931	14.794199962615966	14.717849979400635	Y	Y	강한 상승추세	
NWSA	NEWS CORP	0001564708	S&P 500	매우 유망	PEG=매우 유망, PEGY=안심	29.1200008392334	1.03	2026	70.0	2095000000.0		2095000000.0	1989000000.0	0.0	8526000000.0					0.18982808022922637	0.18982808022922637	28.087546367965214	28.087546367965214	-21.37404580152672	58.22968332827563	12.961341039942953	-34.24809160305344	124.95936665655125	34.4226820798859	-35.27553435114504	128.7081476562478	35.45536254228248	-221.13850733004887	341.992252564908	21.7560491774212	3년	124.95936665655125	128.7081476562478	341.992252564908	1.73122826613053	4.565357245819302	2.953669927344139	1.2034383954154728	4.132686678339924	3년	4.565357245819302	안심	3년	58.22968332827563	0.4823578759585361	매우 유망	Y		558400000.0	5.5072479592579215	16.7602254036348		-6.636741453607553	29.442600021362306	26.627900066375734	N	Y	상승전환	
CCL	Carnival Corp Ltd.	0000815097	S&P 500	제외	PEG=헐값, PEGY=안심	26.350000381469727	2.02	2025	1.72	1928000000.0	0.0	1928000000.0	24037000000.0	0.0	12284000000.0					-15.769614835948644	-15.769614835948644	20.851294662088304	20.851294662088304	40.277777777777786			89.05555555555557			179.89222222222224			582.7029207511092			1년	89.05555555555557	179.89222222222224	582.7029207511092	2.0141568405408363			1.8594864479315263	7.056874463042454	1년	2.0141568405408363	안심	1년	40.277777777777786	0.5176873157483992	헐값	N	주당순현금<=0	1402000000.0	-0.5660362963406551	-5.045043670379368		-22.477201882096796	25.140800018310546	27.393750047683717	Y	N	주의	
BLDR	Builders FirstSource, Inc.	0001316835	S&P 500	제외	PEG=헐값, PEGY=양호	52.849998474121094	3.89	2025	0.0	181753000.0		181753000.0	353830000.0	30074000.0	4352251000.0	6885279000.0	38.72960517124315	61.27039482875686	0.632109606596915	-1.538847453989376	-1.8077927420364508	13.98170846480989	14.050846070991655	-57.064017660044144	-38.61797619693695	26.944391684631476	-105.62803532008829	-68.7359523938739	62.38878336926295	-410.89305739514344	-267.3828548121695	242.69236730643289	-877.4703297226097	-605.9278382819597	359.2097905646513	5년	62.38878336926295	242.69236730643289	359.2097905646513	-4.081333679905193	-2.762035576276911	1.9271172584128002	7.630734560283307	14.438476406049144	5년	1.9271172584128	양호	5년	26.944391684631476	0.5189097838413909	헐값	N	주당순현금<=0	111822000.0	-29.68334765959503	-39.62070237498793		-59.01830356493143	64.25320045471192	84.3377003288269	N	N	주의	단기위험부채 존재
WFC	WELLS FARGO & COMPANY/MN	0000072971	S&P 500	제외	PEG=헐값, PEGY=안심	83.55000305175781	6.26	2025	2.44	172593000000.0		172593000000.0	174712000000.0	18323000000.0	181117000000.0	1965593000000.0	8.436957017948396	91.5630429820516	0.09214369404042444	-0.6535484069950344	-6.304783641242328	13.451046558906205	14.35379979121408	16.573556797020476	25.8582131723802	72.48768573284212	41.64711359404095	60.21642634476039	153.47537146568425	260.71093109869634	376.95482891820006	960.7558253751833	212.04179721835595	351.17272908378345	1049.917163713341	3년	60.21642634476039	376.95482891820006	351.17272908378345	1.4135373566476301	2.1037926713325805	5.570398214347939			3년	2.1037926713325805	안심	3년	25.858213172380196	0.5201846882936831	헐값	N	주당순현금<=0 | FCF<=0	3242300000.0	-2.0400959609472302	-3.5664777927731706		-13.320880194205653	85.75360015869141	84.47440013885497	N	N	주의	단기위험부채 존재
EME	EMCOR Group, Inc.	0000105634	S&P 500	제외	PEG=헐값, PEGY=안심	789.4500122070312	28.19	2025	20.0	1111968000.0		1111968000.0	0.0		3673944000.0	5616418000.0	39.54575720515519	60.4542427948448	0.654143619652241	24.630614870271227	24.630614870271227	27.130876102758425	27.130876102758425	30.994423791821568	51.54328097260492	63.67289600664736	70.48884758364314	111.58656194520984	135.84579201329473	1987.0806133829	3145.6251812354653	3829.4928768547784	151.7044249360013	298.45780386289147	385.08364274374145	3년	111.58656194520984	3145.6251812354653	298.45780386289147	1.8795715847390904	2.6369690643838455	3.0840469614669117			3년	2.636969064383845	안심	3년	51.54328097260492	0.5263707624118533	헐값	N	FCF<=0	45145767.0	1.898704359924186	-2.802232076667388		-16.349667580711923	777.6738024902344	777.1551501464844	Y	Y	상승전환	
NWS	NEWS CORP	0001564708	S&P 500	양호	PEG=헐값, PEGY=안심	32.0099983215332	1.03	2026	63.0	2095000000.0		2095000000.0	1989000000.0	0.0	8526000000.0					0.18982808022922637	0.18982808022922637	30.89336916631454	30.89336916631454	-21.37404580152672	58.22968332827563	12.961341039942953	-34.24809160305344	124.95936665655125	34.4226820798859	-35.27553435114504	128.7081476562478	35.45536254228248	-210.20161262368794	302.0873302253987	10.76340019184434	3년	124.95936665655125	128.7081476562478	302.0873302253987	1.347407399121146	3.924132802597065	2.458823465676562	1.2034383954154728	3.7595703171465553	3년	3.924132802597065	안심	3년	58.22968332827563	0.5305433140027587	헐값	Y		558400000.0	2.7608305410422584	11.030171370941733		-9.371464897764604	33.01659999847412	30.22904998779297	N	Y	상승전환	
VICI	VICI PROPERTIES INC.	0001705696	S&P 500	제외	PEG=헐값, PEGY=안심	22.8799991607666	2.61	2025	8.07	563479000.0	44484000.0	607963000.0	16773241000.0		27797640000.0	18501581000.0	60.03910951331125	39.96089048668875	1.5024467368491374	-15.211615261302986	-15.211615261302986	14.594488284317851	14.594488284317851	1.9531249999999931	27.13904027900833	8.322953223006625	12.406249999999986	62.77808055801666	25.14590644601325	32.38031249999996	163.85079025642347	65.63081582409458	41.52235003366602	616.1311025630894	186.8479817806759	3년	62.77808055801666	163.85079025642347	616.1311025630894	0.6867746785456051	2.41248885148247	1.1232290508342981	2.359351998855903	10.311853520089256	3년	2.41248885148247	안심	3년	27.13904027900833	0.537767295168742	헐값	N	주당순현금<=0	1062693062.0	-12.937600597577825	-19.237560104541284		-27.180142886029724	24.978000106811525	27.295000038146974	N	N	주의	
SYF	Synchrony Financial	0001601712	S&P 500	제외	PEG=헐값, PEGY=안심	72.80000305175781	9.28	2025	1.84	14973000000.0		14973000000.0	15182000000.0		16766000000.0	102329000000.0	14.077837020865697	85.92216297913431	0.16384407157306335	-0.5589729874297941	-0.5589729874297941	7.90506207318832	7.90506207318832	8.538011695906416	14.698468785789576	32.527017334119954	25.576023391812832	37.89693757157915	73.55403466823991	237.34549707602307	351.6835806642545	682.5814417212663	226.02402077824112	383.081821321109	837.6118311917912	3년	37.89693757157915	351.6835806642545	383.081821321109	1.3128311453879185	2.09213648579475	4.347469636030174			3년	2.09213648579475	안심	3년	14.698468785789576	0.5378153458291455	헐값	N	주당순현금<=0 | FCF<=0	373900000.0	-1.1943502304195164	-1.3416422977184261		-17.712216517160318	76.40780014038086	74.37350006103516	N	N	주의	
CB	Chubb Ltd	0000896159	S&P 500	제외	PEG=헐값, PEGY=양호	341.20001220703125	25.68	2025	1.22	2012000000.0		2012000000.0	15728000000.0	1499000000.0	73757000000.0	192548000000.0	27.69643829443683	72.30356170556317	0.3830577310592683	-34.16075806677187	-37.89413341979688	14.616852424992333	14.76223308515686	13.12775330396476	26.95518164431085	26.943805197471637	34.75550660792952	62.41036328862171	62.38761039494327	892.5214096916301	1602.6981292518055	1602.1138349421433	161.58305327083968	369.723936668364	369.5526898076494	3년	62.41036328862171	1602.6981292518055	369.723936668364	0.9815898037960992	1.9275820009057547	1.9268036906027948			3년	1.9275820009057547	양호	3년	26.955181644310855	0.5422650315575728	헐값	N	주당순현금<=0 | FCF<=0	401513338.0	-1.4499419432650873	3.4002063298215868		-6.134797192013409	340.6015991210937	330.5792504882813	Y	Y	강한 상승추세	단기위험부채 존재
BDX	BECTON DICKINSON & CO	0000010795	S&P 500	제외	PEG=헐값, PEGY=불리(<1)	183.75	5.82	2025	2.3	641000000.0		641000000.0	17621000000.0	752000000.0	25390000000.0					-58.854316503124686	-61.460820979588156	41.68459046445441	42.13244346728319	-0.6825938566552906	-0.3412995832631105	74.47134006583379	7.134812286689419	7.817400833473779	157.44268013166757	41.52460750853242	45.497272850817396	916.3163983663053	-77.40157414501637	-75.2395794009157	398.6755909476491	5년	157.44268013166757	916.3163983663053	398.6755909476491	0.03880105634536378	0.04698859686308126	1.8417199068154166	13.472716622358401	7.332090678834505	3년	0.0469885968630812	불리(<1)	5년	74.47134006583379	0.5597400345905499	헐값	N	주당순현금<=0	288509000.0	21.971461961199633	18.2204263390096		-4.296875	181.9368017578125	163.19329360961913	Y	Y	강한 상승추세	단기위험부채 존재
GL	GLOBE LIFE INC.	0000320335	S&P 500	제외	PEG=헐값, PEGY=안심	164.1699981689453	14.07	2025	79.0	61710000.0	314711000.0	376421000.0	2320793000.0	304656000.0	5974579000.0	24839113000.0	19.389364312462135	80.61063568753787	0.24053109303862824	-23.56100803984325	-27.252689706410393	13.342644364519442	13.605024013884556	17.839195979899504	23.497404952300016	48.78096035818152	44.17839195979901	55.49480990460003	106.06192071636303	621.589974874372	780.8119753577224	1492.2912244792278	278.62580362259706	375.61185604339136	808.9914363911543	3년	55.49480990460003	780.8119753577224	375.61185604339136	7.257871328521116	7.681940862102236	9.576884226786012	15.194269876451488	9.255204998428065	3년	7.681940862102236	안심	3년	23.497404952300016	0.5678348052308394	헐값	N	주당순현금<=0	82524992.0	-8.279796005025963	11.263974770205532		-11.74605182328252	173.29579986572264	158.01839973449708	N	Y	중립/개선	단기위험부채 존재
CINF	CINCINNATI FINANCIAL CORP	0000020286	S&P 500	양호	PEG=헐값, PEGY=양호	163.38999938964844	15.17	2025	2.28	1139000000.0	148000000.0	1287000000.0	790000000.0		15911000000.0	25091000000.0	38.80542412565241	61.19457587434759	0.6341317603921724	3.1515535827520607	3.1515535827520607	10.56285074534584	10.56285074534584	4.404679972470754		18.581314428449215	17.30935994494151		45.66262885689843	262.5829903647627		692.7020797591491	60.70934044045209		323.9562288676006	5년	45.66262885689843	692.7020797591491	323.9562288676006	0.632848095048217		1.9749701033729974	19.60684844641725	12.000029695611493	5년	1.9749701033729972	양호	5년	18.581314428449215	0.5684662829435478	헐값	Y		157700000.0	-9.24290368409535	-0.17717088166495643		-14.914336078585745	169.4418002319336	167.36439956665038	N	N	주의	
CDW	CDW Corp	0001402057	S&P 500	제외	PEG=헐값, PEGY=불리(<1)	142.1699981689453	8.08	2025	1.8	618700000.0	0.0	618700000.0	4622300000.0	1007500000.0	2606100000.0	5981100000.0	30.34865846841811	69.65134153158189	0.4357225259567638	-30.307342922028766	-37.934140802422405	21.3462055805661	22.29011620932769	1.3801756587202048	-0.2054237502367883	37.39960471779868	11.26035131744041	8.089152499526424	83.29920943559736	90.98363864491851	65.36035219617351	673.0576122396267	-36.00362958660263	-54.026620920045566	373.41747267929907	5년	83.29920943559736	673.0576122396267	373.41747267929907	0.1489808409610504	0.07470068831413004	1.836373428047867	8.236941710825132	5.793727099185091	3년	0.07470068831413	불리(<1)	5년	37.39960471779868	0.5707601922970945	헐값	N	주당순현금<=0	132100000.0	2.001717024245031	7.794373210152372		-10.79249386661193	141.99720001220703	131.51030033111573	Y	Y	강한 상승추세	단기위험부채 존재
GE	GENERAL ELECTRIC CO	0000040545	S&P 500	양호	PEG=헐값, PEGY=안심	308.20001220703125	8.14	2025	62.0	43299000000.0		43299000000.0	20469000000.0	25000000.0	18677000000.0	111271000000.0	14.37267214578139	85.62732785421862	0.16785146174654672	21.376404494382022	21.35299625468165	35.2363154438144	35.239191148937294	365.14285714285717	61.56813006403801	69.60524644031413	738.7857142857143	131.636260128076	147.71049288062827	6013.715714285715	1071.5191574425387	1202.363412048314	1851.237987053045	247.67005678207207	290.12438819782875	3년	131.636260128076	1071.5191574425387	247.67005678207212	12.122233887477599	3.506840272816604	3.7349321228027814	6.709737827715355	2.177072537949199	3년	3.506840272816604	안심	3년	61.56813006403801	0.5723142055340082	헐값	Y		1068000000.0	-12.87139834484008	-1.1862718056612431		-19.15429116516837	336.6962005615234	323.93855041503906	N	N	주의	단기위험부채 존재
AKAM	AKAMAI TECHNOLOGIES INC	0001086222	S&P 500	양호	PEG=헐값, PEGY=양호	106.94999694824219	3.07	2025	0.0	930231000.0	375005000.0	1305236000.0			4977371000.0	6502272000.0	43.35823857937046	56.64176142062954	0.7654818192779386	8.87776742414452	8.87776742414452	31.945351636513898	31.945351636513898	-6.116207951070342	55.27737277287406	35.18418669731969	-3.7324159021406835	119.05474554574812	78.86837339463938	-11.458516819571898	365.4980688254467	242.12590632154289	-110.71390102527742	241.7466846701523	126.39169072507622	3년	119.05474554574812	365.4980688254467	241.7466846701523	-0.19145846383733173	1.7303729632354836	1.101386740007074	6.8763322745420785	6.42948337611439	3년	1.7303729632354836	양호	3년	55.27737277287406	0.5779100929375257	헐값	Y		147023000.0	-15.193088232002317	12.650088685481231		-33.62914400314153	111.22619964599609	112.10880016326904	N	N	판정불가	
STLD	STEEL DYNAMICS INC	0001022671	S&P 500	제외	PEG=헐값, PEGY=양호	238.3800048828125	7.99	2025	91.0	769878000.0	0.0	769878000.0	4176508000.0	34655000.0	8957182000.0	7489369000.0	54.46237329638293	45.537626703617065	1.1959862039111706	-22.955109026710872	-23.188626991186222	32.70777395613559	32.73700023454302	-18.800813008130078	-27.445943360831997	55.10698446728479	-29.101626016260155	-46.39188672166399	118.71396893456958	-232.52199186991865	-370.67117490609525	948.5246117872109	-197.54257366687546	-255.4959171547618	297.90443508611605	5년	118.71396893456958	948.5246117872109	297.90443508611605	2.2074014296630606	1.943087191577158	4.467041525455965	3.379349613217973	1.4176313214186145	3년	1.943087191577158	양호	5년	55.10698446728479	0.5935322767580056	헐값	N	주당순현금<=0	148404000.0	2.15555973761814	21.952219468019617		-15.695290476046575	241.35519958496093	218.46655044555663	N	Y	상승전환	단기위험부채 존재
EFX	EQUIFAX INC	0000033185	S&P 500	제외	PEG=헐값, PEGY=양호	145.77999877929688	5.32	2025	1.57	180800000.0		180800000.0	4055300000.0		4604300000.0	7126000000.0	39.251340545425094	60.748659454574906	0.6461268593881561	-31.22078968573731	-31.22078968573731	33.270824899442516	33.270824899442516	9.917355371900834	-1.9860869276462576	54.21135723165227	28.33471074380167	4.527826144707484	116.92271446330454	150.74066115702487	24.088035089843817	622.0288409447802	3.4028415552658675	-83.47644718648145	326.690112603512	5년	116.92271446330454	622.0288409447802	326.690112603512	0.3452681262523586	-0.012506059855859772	1.6765847375364276			5년	1.6765847375364276	양호	5년	54.21135723165227	0.6137242562895427	헐값	N	주당순현금<=0 | FCF<=0	124100000.0	-12.669978328917097	-21.821205649720653		-37.647563354811155	169.73999938964843	180.6577001953125	N	N	주의	
AVY	Avery Dennison Corp	0000008818	S&P 500	제외	PEG=헐값, PEGY=불리(<1)	167.82000732421875	8.79	2025	2.39	202800000.0		202800000.0	954200000.0	250000000.0	2242100000.0					-9.596424010217113	-12.789272030651341	20.183894349765172	20.547130757095577	0.6872852233676829	-1.5437973187936491	30.981755136467836	9.874570446735365	5.412405362412701	70.46351027293568	86.79747422680386	47.57504313560764	619.3742552991046	-48.27942412187121	-71.65114941051375	269.0705686256518	5년	70.46351027293568	619.3742552991046	269.0705686256518	0.15246241235916327	0.041924648759182385	1.6533853456707226	9.098339719029374	5.42148690379443	3년	0.0419246487591823	불리(<1)	5년	30.981755136467836	0.6514767888668522	헐값	N	주당순현금<=0	78300000.0	6.782898583425934	-2.5548681136319917		-15.006325693583268	173.94019958496094	172.4114998626709	N	N	중립/개선	단기위험부채 존재
L	LOEWS CORP	0000060086	S&P 500	제외	PEG=헐값, PEGY=안심	106.69000244140625	7.97	2025	23.0	495000000.0	4628000000.0	5123000000.0	9191000000.0	10000000.0	18686000000.0	66707000000.0	21.882355696602765	78.11764430339724	0.2801205270811159	-19.45480631276901	-19.502630320420852	15.827454046947963	15.833454549790101	24.33697347893915	24.20001937499827	40.610600779906946	57.1739469578783	56.90003874999654	89.72120155981389	455.67635725429005	453.4933088374724	715.0779764317167	327.1031463370205	325.0569860906407	570.2389727888842	3년	56.90003874999654	453.4933088374724	325.0569860906407	2.9908141472738774	2.982161201352528	4.019003978228141	12.91248206599713	12.102804171448602	3년	2.982161201352528	안심	3년	24.20001937499827	0.6540265031068428	헐값	N	주당순현금<=0	209100000.0	-6.796539439443794	-3.2114676655361607		-10.644890219467772	109.60220001220704	108.997799949646	N	N	주의	단기위험부채 존재
TEL	TE Connectivity plc	0001385157	S&P 500	제외	PEG=헐값, PEGY=양호	218.2899932861328	6.16	2025	1.46	1255000000.0		1255000000.0	4842000000.0	500000000.0	9585000000.0	12351000000.0	43.695295404814004	56.304704595185996	0.7760505222249211	-11.996655518394649	-13.668896321070234	37.38419623450121	37.65566389727322	-40.36786060019361	-6.225079756818797	54.9338540505395	-72.23572120038722	-3.950159513637594	118.367708101079	-444.9720425943853	-24.33298260400758	729.1450819026467	-303.84445292053283	-111.14709027092786	234.02588498268403	5년	118.367708101079	729.1450819026467	234.02588498268403	-1.040756911186076	-0.12746241023690083	1.5084944904738815	10.7123745819398	4.907405245964759	5년	1.5084944904738815	양호	5년	54.9338540505395	0.6805311020069247	헐값	N	주당순현금<=0	299000000.0	8.612796261604183	-6.845051175515405		-12.333336029665542	210.2368002319336	214.0972499847412	Y	Y	상승전환	단기위험부채 존재
PKG	PACKAGING CORP OF AMERICA	0000075677	S&P 500	제외	PEG=헐값, PEGY=양호	230.50999450683594	8.58	2025	2.64	529000000.0	71800000.0	600800000.0	3967300000.0	0.0	4598000000.0					-37.572544642857146	-37.572544642857146	31.245051182947915	31.245051182947915	-3.9193729003359428	-8.031890655223496	45.85079043342193	0.6612541993281145	-7.563781310446991	100.20158086684386	5.673561030235222	-64.89724364363519	859.7295638375202	-97.53869195894369	-128.1537656458148	272.9684544381108	5년	100.20158086684386	859.7295638375202	272.9684544381108	-0.04094641717323108	-0.17256782917885366	1.5519510641699934	8.131696428571429	3.527697983755007	5년	1.5519510641699934	양호	5년	45.85079043342193	0.6814506552142778	헐값	N	주당순현금<=0	89600000.0	2.1040043034977085	9.516343208798418		-10.457211255430343	240.73139923095704	227.11065002441407	N	Y	상승전환	
KVUE	Kenvue Inc.	0001944048	S&P 500	제외	PEG=헐값, PEGY=양호	17.700000762939453	0.76	2025	4.79	1062000000.0		1062000000.0	7687000000.0	700000000.0	10765000000.0	16311000000.0	39.75845767469345	60.24154232530654	0.6599840598369199	-3.4433471933471935	-3.807172557172557	27.820194679324533	28.298912263305276	40.74074074074073			89.98148148148147			68.38592592592592			286.3611467696288			1년	89.98148148148147	68.38592592592592	286.3611467696288	1.6366075530944562			0.895010395010395	5.056555686056139	1년	1.6366075530944562	양호	1년	40.74074074074073	0.6828593239470568	헐값	N	주당순현금<=0	1924000000.0	-5.650316913698472	2.549249873828785		-10.7412968681874	18.446399993896485	18.04564994812012	N	N	판정불가	단기위험부채 존재
JBL	JABIL INC	0000898293	S&P 500	제외	PEG=헐값, PEGY=불리(<1)	306.2799987792969	5.92	2025	11.0	1933000000.0		1933000000.0	2386000000.0	2400000.0	1513000000.0	17026000000.0	8.161173741841523	91.83882625815848	0.08886409021496534	-4.084761045987376	-4.106402164111812	52.42647970021693	52.430135294494704	-47.00089525514772	-4.9779916366686106	76.05596028525254	-85.50179051029544	-1.455983273337221	160.61192057050508	-506.17059982094895	-8.619420978156349	950.8225697773901	-265.26400739138427	-102.81422914082204	210.4422664120963	5년	160.61192057050508	950.8225697773901	210.4422664120963	-0.6866929738751609	0.1148657777093981	1.6605341572246042	10.568079350766457	3.4504634298309953	3년	0.1148657777093981	불리(<1)	5년	76.05596028525254	0.6893145455476232	헐값	N	주당순현금<=0	110900000.0	-6.284807565206785	0.2980003525756114		-20.57671993848844	316.7036004638672	303.71970001220706	N	Y	중립/개선	단기위험부채 존재
ZBH	ZIMMER BIOMET HOLDINGS, INC.	0001136869	S&P 500	제외	PEG=헐값, PEGY=보통	89.13999938964844	3.55	2025	1.08	591900000.0	164600000.0	756500000.0	6932000000.0	500000.0	12697700000.0	10386000000.0	55.00721288181703	44.99278711818296	1.222578471018679	-31.07951685958732	-31.082033215903373	33.86465246457345	33.865361297338545	-19.864559819413092	47.77871617006642	17.426534933980655	-31.229119638826184	104.05743234013283	43.35306986796131	-110.86337471783294	369.40388480747157	153.90339803126264	-224.36995229630568	314.4086687646639	72.65357761392917	3년	104.05743234013283	369.40388480747157	314.4086687646639	-0.5546951895952283	1.4427644347207926	0.5464853050932899	7.411172622043281	8.31408197530672	3년	1.4427644347207926	보통	3년	47.77871617006642	0.7087811305777574	헐값	N	주당순현금<=0	198700000.0	-2.0762379600056446	-6.503038794200311		-14.27197873454925	95.6122004699707	91.31785011291504	N	N	주의	단기위험부채 존재
TPR	TAPESTRY, INC.	0001116132	S&P 500	제외	PEG=헐값, PEGY=보통	116.23999786376953	7.27	2026	1.6	974700000.0	177300000.0	1152000000.0	2396600000.0	0.0	692100000.0	5999600000.0	10.342663299311086	89.65733670068892	0.11535769051270085	-5.921027592768792	-5.921027592768792	16.803442291133194	16.803442291133194	786.5853658536585	23.28234739020967	60.15373226239535	1581.670731707317	55.06469478041934	128.8074645247907	11498.746219512193	400.32033105364854	936.4302670952284	9792.245725080318	244.39120647852585	705.6007263461086	3년	55.06469478041934	400.32033105364854	244.39120647852582	46.90618458990195	1.4807886955007745	3.675064382193965	8.622740247383444	7.41804921356682	3년	1.4807886955007743	보통	3년	23.28234739020967	0.721724575684285	헐값	N	주당순현금<=0	210200000.0	-14.125297473676168	-22.491166954979803		-29.457459203250068	127.25099990844727	138.3960001373291	N	N	주의	
FE	FIRSTENERGY CORP	0001031296	S&P 500	제외	PEG=헐값, PEGY=양호	45.0	1.76	2025	4.17	57000000.0		57000000.0		325000000.0	12510000000.0	41978000000.0	22.95918367346939	77.04081632653062	0.2980132450331126	0.0986159169550173	-0.46366782006920415	25.512150047184647	25.83162944322114	3.529411764705886	35.33748646850903	-2.4264922046119075	15.558823529411772	79.17497293701805	3.647015590776185	27.38352941176472	139.34795236915178	6.4187474397660855	-39.14771241830063	209.66211637589285	-85.73611680051981	3년	79.17497293701805	139.34795236915178	209.66211637589285	0.30179391977806047	1.5485753413742098	0.06834029245529992			3년	1.5485753413742098	양호	3년	35.33748646850903	0.7219571224999203	헐값	N	FCF<=0	578000000.0	-8.592320905075868	-11.851125029338794		-13.311500419425638	45.86419998168945	47.43259983062744	N	N	주의	단기위험부채 존재
SYY	SYSCO CORP	0000096021	S&P 500	제외	PEG=헐값, PEGY=보통	78.13999938964844	3.66	2026	2.81	1786000000.0	18000000.0	1804000000.0	10588184000.0	8782000.0	2666000000.0					-18.27707233642588	-18.29534486455809	26.343462220238884	26.348454714264076	-1.8766756032171539	36.47073516767034	66.04148830392411	4.746648793565692	81.44147033534068	140.58297660784822	17.372734584450434	298.0757814273469	514.5336943847245	-77.76716826190317	281.463762164854	558.4767064291623	3년	81.44147033534068	298.0757814273469	281.463762164854	0.035429071128919465	1.4910999487945873	2.6136081783140717			3년	1.4910999487945873	보통	3년	36.47073516767034	0.7223178282293353	헐값	N	주당순현금<=0 | FCF<=0	480612203.0	-5.68497184214658	6.515810713641668		-14.282584191988901	81.09559967041015	79.9063500213623	N	N	판정불가	단기위험부채 존재
UDR	UDR, Inc.	0000074208	S&P 500	제외	PEG=헐값, PEGY=보통	34.119998931884766	1.13	2025	5.18	1222000.0		1222000.0	5821369000.0		3288462000.0	6456911000.0	33.74382899453926	66.25617100546074	0.5092933757333808	-17.58071064149849	-17.58071064149849	45.75284033042767	45.75284033042767	334.6153846153846	63.19306474930446	41.38706836756314	677.7307692307692	134.8861294986089	91.27413673512628	765.8357692307691	152.42132633342806	103.13977451069269	2144.5363224062235	346.72136900623406	202.28539782956938	3년	134.8861294986089	152.42132633342806	346.72136900623406	7.426760440693462	1.4944004406177456	1.017796229288829			3년	1.4944004406177456	보통	3년	63.19306474930446	0.7240167969687092	헐값	N	주당순현금<=0 | FCF<=0	331053000.0	-14.635982262087733	-1.8129527140006707		-17.264797421915958	35.96919982910156	36.94099996566772	N	N	주의	
PCAR	PACCAR INC	0000075362	S&P 500	보류	PEG=헐값, PEGY=보통	108.04000091552734	4.51	2025	1.28	3435900000.0		3435900000.0			19264000000.0					6.5222095671981775	6.5222095671981775	22.50948810384239	22.50948810384239	-42.911392405063296	-7.777639865294905	30.977934086980994	-77.32278481012659	-7.05527973058981	70.45586817396199	-348.7257594936709	-31.81931158496004	317.75596546456853	-422.7746728420775	-129.4514173596115	194.10955458340905	5년	70.45586817396199	317.75596546456853	194.10955458340905	-1.849504182991917	-0.28866226701022807	1.4330816382036933	6.971905846621109	6.453078292800271	5년	1.4330816382036933	보통	5년	30.977934086980994	0.7266297371748359	헐값	Y		526800000.0	-12.828789101723448	-15.182914707883366		-21.829103778860294	122.10999969482423	120.66854991912842	N	N	주의	
ROP	ROPER TECHNOLOGIES INC	0000882835	S&P 500	제외	PEG=헐값, PEGY=보통	364.0899963378906	14.2	2025	1.02	297400000.0		297400000.0	8595800000.0	705200000.0	19881500000.0	14695500000.0	57.49920467362698	42.50079532637302	1.3528971453846415	-76.69500924214418	-83.21256931608133	31.041197576058792	31.50018067985718	231.7757009345794	-7.702444377568895	42.57857188588412	472.0514018691588	-6.90488875513779	93.65714377176823	6703.129906542054	-98.04942032295662	1329.9314415591089	1741.0640154807418	-126.92999569039594	265.275468959844	5년	93.65714377176823	1329.9314415591089	265.275468959844	7.499572152916169	-0.2152766291054079	1.404538976921125			5년	1.404538976921125	보통	5년	42.57857188588412	0.7290333189016549	헐값	N	주당순현금<=0 | FCF<=0	108200000.0	5.03101189917059	2.172019110931811		-29.23696211673311	388.49920166015625	367.01320098876954	N	N	중립/개선	단기위험부채 존재
TXT	TEXTRON INC	0000217346	S&P 500	제외	PEG=헐값, PEGY=안심	74.16000366210938	5.11	2025	11.0	1262000000.0		1262000000.0			7875000000.0	10254000000.0	43.43868939268575	56.561310607314255	0.7679929783499122	7.001076235174028	7.001076235174028	13.142647245975606	13.142647245975606	18.013856812933028			44.527713625866056			227.53661662817555			206.81850781033742			1년	44.527713625866056	227.53661662817555	206.81850781033742	2.2076113183222903					1년	2.2076113183222903	안심	1년	18.013856812933028	0.7295854176291585	헐값	N	FCF<=0	180258000.0	-17.139660712726958	-20.352268095824076		-26.406662565655616	81.50259979248047	89.25479991912842	N	N	주의	
INTU	INTUIT INC.	0000896878	S&P 500	제외	PEG=헐값, PEGY=보통	302.75	16.46	2026	1.86	4705000000.0	485000000.0	5190000000.0	6420000000.0	1249000000.0	18992000000.0	17794000000.0	51.62833686728647	48.371663132713536	1.0673260649657188	-4.44043321299639	-8.949458483754512	18.66284527417961	18.936783625987513	20.409656181419173	25.037201912000008	16.837325502259205	49.319312362838346	58.574403824000015	42.17465100451841	811.7958814923193	964.1346869430403	694.194755534373	168.1406710131525	218.45902128589276	129.29636846717526	3년	58.574403824000015	964.1346869430403	218.45902128589273	1.1932615769059423	1.4412165731884827	1.0018475332980068	31.27436823104693	10.330096855837137	3년	1.4412165731884827	보통	3년	25.037201912000008	0.7454045919258553	헐값	N	주당순현금<=0	277000000.0	7.194705892141329	-18.051646275631285		-55.698796659218615	321.7031994628906	384.37975128173827	N	N	중립/개선	단기위험부채 존재
NSC	NORFOLK SOUTHERN CORP	0000702165	S&P 500	제외	PEG=헐값, PEGY=보통	317.7900085449219	12.75	2025	1.72	1530000000.0	0.0	1530000000.0	9736000000.0	0.0	15547000000.0	29689000000.0	34.36864444247944	65.63135555752055	0.5236619623429553	-36.4225477141589	-36.4225477141589	27.78137696149653	27.78137696149653	10.19878997407087	-2.7909035954415184	37.019144491250344	28.89757994814174	2.918192809116963	82.53828898250069	368.4441443388072	37.20695831624128	1052.3631845268837	15.939499176143856	-88.29196723754711	231.15049442409537	5년	82.53828898250069	1052.3631845268837	231.15049442409537	0.42902085057157757	-0.038547534808146204	1.3944285247250587	9.573901464713716	3.012650243017435	5년	1.3944285247250587	보통	5년	37.019144491250344	0.7504597241047208	헐값	N	주당순현금<=0	225300000.0	-2.7659573474739685	6.798632595883314		-9.9694037469927	328.81159912109376	312.00519958496096	N	Y	중립/개선	
ADBE	ADOBE INC.	0000796343	S&P 500	보류	PEG=헐값, PEGY=보통	242.27000427246094	16.7	2025	0.0	5431000000.0	1164000000.0	6595000000.0	1000000000.0	0.0	11623000000.0	17873000000.0	39.40534309736913	60.59465690263086	0.650310524254462	13.103044496487119	13.103044496487119	13.72257244167508	13.72257244167508	35.11326860841424	18.24924207604421	29.19321269200992	78.72653721682848	44.99848415208843	66.88642538401984	1314.7331715210355	751.4746853398767	1117.0033039131313	442.6726991932788	210.18065467764453	361.0572023835565	3년	44.99848415208843	751.4746853398767	210.18065467764453	2.5587963741970268	1.329870339807554	2.127386305744754	23.072599531615925	9.523506469941731	3년	1.329870339807554	보통	3년	18.249242076044215	0.7519530062943658	헐값	Y		427000000.0	9.7336740701075	0.8995892118690341		-32.685948762927744	257.8787991333008	256.9783499908447	N	N	중립/개선	
VRT	Vertiv Holdings Co	0001674101	S&P 500	제외	PEG=헐값, PEGY=보통	242.77999877929688	3.41	2025	10.0	1728400000.0		1728400000.0	2892100000.0	20900000.0	3941300000.0	8271100000.0	32.27293570469359	67.7270642953064	0.4765146111158129	-2.9788598174833623	-3.032360006694845	72.07004650931971	72.08573571436708	166.40624999999997		95.30556878636357	341.31249999999994		199.11113757272713	1163.875625		678.9689791229996	379.3951852920306		179.66429793923325	5년	199.11113757272713	678.9689791229996	179.66429793923325	2.447705510737919		1.461155832232549	4.8477826951533824	1.9967800970129912	5년	1.461155832232549	보통	5년	95.30556878636357	0.7561997418101719	헐값	N	주당순현금<=0	390652824.0	-20.027666671793476	-19.06253977352327		-35.47032621272754	259.6011996459961	266.85509994506833	N	N	주의	단기위험부채 존재
META	Meta Platforms, Inc.	0001326801	S&P 500	양호	PEG=헐값, PEGY=안심	718.6699829101562	23.49	2025	28.999999999999996	35873000000.0	45719000000.0	81592000000.0	58744000000.0		217243000000.0	148778000000.0	59.35260545159977	40.64739454840023	1.4601822850152577	8.876456876456876	8.876456876456876	30.21683806018303	30.21683806018303	-1.550712489522217	39.8395285030712	18.41272352127048	5.398575020955565	88.1790570061424	45.32544704254096	126.81252724224622	2071.326049074285	1064.694751029287	-82.35455351443285	188.2165803957377	48.14793665347628	3년	88.1790570061424	2071.326049074285	188.2165803957377	0.9084103192996864	2.2781843807073114	1.5690828877210221	17.913364413364413	2.4925716725814375	3년	2.2781843807073114	안심	3년	39.8395285030712	0.7584637468250568	헐값	Y		2574000000.0	8.718081628707285	13.260200420540702		-7.577263327769512	639.7303979492187	630.1339471435547	Y	Y	강한 상승추세	
DE	DEERE & CO	0000315189	S&P 500	제외	PEG=헐값, PEGY=안심	620.9299926757812	18.5	2025	99.0	8276000000.0		8276000000.0	32888000000.0		25950000000.0	79989000000.0	24.495228386146746	75.50477161385325	0.3244196076960582	-90.5852042694148	-90.5852042694148	38.460280915956545	38.460280915956545	-27.790788446526154	-7.374709270152346	50.57565655156788	-47.08157689305231	-6.249418540304692	109.65131310313576	-871.0091725214677	-115.6142429956368	2028.5492924080115	-240.27493965431069	-118.61952947343048	226.69533060665324	5년	109.65131310313576	2028.5492924080115	226.69533060665324	1.8515000373783101	2.3823354522570273	3.88909422888566	22.447552447552447	3.6151502926793615	3년	2.3823354522570277	안심	5년	50.57565655156788	0.7604504526153155	헐값	N	주당순현금<=0	271700000.0	6.250849886316279	2.966638249583231		-12.480970602505826	652.8603979492187	592.4508494567871	N	Y	상승전환	
RJF	RAYMOND JAMES FINANCIAL INC	0000720005	S&P 500	보류	PEG=헐값, PEGY=보통	158.3800048828125	10.3	2025	1.36	11389000000.0		11389000000.0	1190836000.0		12503000000.0	75726000000.0	14.171077536864296	85.8289224631357	0.1651084171882841	49.36187802516941	49.36187802516941	10.584284160936223	10.584284160936223	6.185567010309293	13.848488040155704	12.055643508520287	20.871134020618584	36.19697608031141	32.611287017040574	214.97268041237143	372.82885362720754	335.89625627551794	35.73220973912245	135.40146617817612	112.082488900068	3년	36.19697608031141	372.82885362720754	135.40146617817612	0.7129029129960412	1.436893398637783	1.267505983827783	10.871248789932237	6.864028573541224	3년	1.436893398637783	보통	3년	13.848488040155704	0.7642916779250957	헐값	Y		206600000.0	-5.405236928184987	5.326867078357345		-12.584164209438386	171.00260040283203	160.80310035705565	N	N	판정불가	
TRGP	Targa Resources Corp.	0001389170	S&P 500	제외	PEG=헐값, PEGY=보통	286.70001220703125	8.49	2025	1.73	166100000.0		166100000.0	5632400000.0		3067900000.0					-25.201936376210234	-25.201936376210234	36.73756755986354	36.73756755986354	47.90940766550523			104.31881533101046			885.6667421602788			208.9175809035972			1년	104.31881533101046	885.6667421602788	208.9175809035972	1.351189285589424			2.6929460580912865	0.9392905278799435	1년	1.351189285589424	보통	1년	47.90940766550523	0.7668132283404244	헐값	N	주당순현금<=0	216900000.0	1.8110816736420343	19.205030458259188		-5.14474368667287	283.03779968261716	250.87369956970215	Y	Y	강한 상승추세	
CLX	CLOROX CO /DE/	0000021076	S&P 500	제외	PEG=헐값, PEGY=양호	83.80000305175781	6.52	2025	5.99	167000000.0		167000000.0	2484000000.0	202000000.0	321000000.0	5079000000.0	5.944444444444445	94.05555555555556	0.06320141760189013	-18.64233588388166	-20.26760642705995	15.712015174177834	15.961289797364687	189.77777777777774	20.46094189649925	22.02423977466943	388.0555555555555	49.4218837929985	52.54847954933886	2530.122222222222	322.2306823303502	342.61608666168934	2919.23881871404	284.52347326446903	308.84973053053193	3년	49.4218837929985	322.2306823303502	284.52347326446903	12.459749790689834	1.6834850019729157	1.7829819704292218	6.12292516514197	7.30659300974039	3년	1.6834850019729155	양호	3년	20.46094189649925	0.7679028293837279	헐값	N	주당순현금<=0	124287000.0	-11.556725011337399	-18.947670426093456		-34.09877269708809	94.13400024414062	100.96965030670167	N	N	주의	단기위험부채 존재
SW	Smurfit Westrock plc	0002005951	S&P 500	제외	PEG=헐값, PEGY=보통	41.290000915527344	1.33	2025	4.38	892000000.0		892000000.0	13223000000.0		18327000000.0	26803000000.0	40.60935076445823	59.39064923554177	0.6837667425288214	-23.44296577946768	-23.44296577946768	48.671403530071444	48.671403530071444	62.195121951219534			132.89024390243907			176.74402439024396			328.0552687606707			1년	132.89024390243907	176.74402439024396	328.0552687606707	1.3678488213327635					1년	1.3678488213327635	보통	1년	62.195121951219534	0.7825598214638936	헐값	N	주당순현금<=0 | FCF<=0	526000000.0	-3.775341266943555	-1.9472801779600202		-20.35107871529179	45.96040023803711	43.35425006866455	N	N	주의	
BA	BOEING CO	0000012927	S&P 500	제외	PEG=헐값, PEGY=보통	190.3699951171875	2.48	2025	0.0	10921000000.0	18479000000.0	29400000000.0	53848000000.0	6109000000.0	5454000000.0	162778000000.0	3.2419515906605163	96.75804840933948	0.03350575630613473	-32.07136298045389	-40.08526826708645	89.69409600711347	92.92550942914272	113.50762527233115			235.5152505446623			584.0778213507625			206.81191171498287			1년	235.5152505446623	584.0778213507625	206.81191171498287	1.2654971767966654			-2.462285189557917	-1.293420839792631	1년	1.2654971767966654	보통	1년	113.50762527233115	0.7902032642469305	헐값	N	주당순현금<=0 | FCF<=0	762300000.0	-12.316339836023715	-14.301793625529912		-24.50128902428589	209.75740020751954	220.23625007629394	N	N	주의	단기위험부채 존재
PFG	PRINCIPAL FINANCIAL GROUP INC	0001126328	S&P 500	제외	PEG=헐값, PEGY=보통	107.23999786376953	5.25	2025	3.09	4431000000.0		4431000000.0	3926300000.0	27700000.0	11883900000.0	328985200000.0	3.486352972446021	96.51364702755399	0.036122901577335394	2.236154186973859	2.113424900310146	20.000732128913462	20.024109135897024	-21.40718562874251	-34.694566556534845	25.297404962923697	-34.31437125748502	-60.88913311306969	59.09480992584739	-180.15044910179637	-319.6679488436159	310.2477521106988	-267.98811328833426	-398.0864931102484	189.30227367667115	5년	59.09480992584739	310.2477521106988	189.30227367667115	-0.9158257563113311	-1.5801704834017873	1.4193182919482377			5년	1.4193182919482377	보통	5년	25.297404962923697	0.7906238666862025	헐값	N	FCF<=0	225700000.0	-5.030110164080637	14.633879599595033		-9.509749446722449	113.42879959106445	102.11290000915527	N	Y	중립/개선	단기위험부채 존재
EXPD	EXPEDITORS INTERNATIONAL OF WASHINGTON INC	0000746515	S&P 500	제외	PEG=헐값, PEGY=안심	193.24000549316406	5.95	2025	84.0	1314285000.0	40000.0	1314325000.0			2355633000.0					9.646492818295915	9.646492818295915	30.856052550398008	30.856052550398008	4.020979020979029	-10.357841347469254	38.67934932316548	16.541958041958058	-12.215682694938508	85.85869864633096	98.42465034965045	-72.68331203488412	510.85925694566924	-49.06611076807682	-137.61297348827458	164.36516374645885	5년	85.85869864633096	510.85925694566924	164.36516374645885	2.8526325224917226	2.3866357672372076	3.9758601370927162			3년	2.386635767237208	안심	5년	38.67934932316548	0.7977397006499792	헐값	N	FCF<=0	136249000.0	8.427788222187548	34.30636567642205		-0.45332250471786795	187.04860076904296	163.7559999847412	Y	Y	강한 상승추세	
AMP	AMERIPRISE FINANCIAL INC	0000820027	S&P 500	제외	PEG=헐값, PEGY=보통	500.510009765625	36.28	2025	1.39	2318000000.0		2318000000.0	2249000000.0		6549000000.0	184355000000.0	3.4305200519632906	96.5694799480367	0.03552385343494888	0.7026476578411406	0.7026476578411406	13.77638815071069	13.77638815071069	9.773071104387304	17.245791047295555	90.92651621947032	28.046142208774608	42.99158209459111	190.35303243894063	1017.5140393343428	1559.7345983917655	6906.008016884766	103.29544254485867	211.62905195885017	1279.794186357763	3년	42.99158209459111	1559.7345983917655	211.62905195885017	0.8103046300863286	1.3527341741118248	6.70106817618288			3년	1.3527341741118248	보통	3년	17.245791047295555	0.7988261085229298	헐값	N	FCF<=0	98200000.0	-3.4882311361225327	9.987696666565181		-12.295854736582946	539.1416040039062	493.2947010803223	N	Y	중립/개선	
IT	GARTNER INC	0000749251	S&P 500	제외	PEG=헐값, PEGY=보통	191.14999389648438	9.65	2025	0.0	1722521000.0		1722521000.0	2976674000.0	5000000.0	319908000.0	7765492000.0	3.9566131545749132	96.04338684542509	0.041196101934043584	-16.588228291779643	-16.654361484028833	21.527276910700934	21.534130091244894	-39.6875	-1.0484370535091214	26.662227247373906	-70.875	6.403125892981757	61.82445449474781	-683.94375	61.79016486727396	596.6059858743164	-457.8047459265857	-67.6745138162359	212.11404913640916	5년	61.82445449474781	596.6059858743164	212.11404913640916	-1.8435912802455685	-0.048702725284680885	1.2385322750282668			5년	1.2385322750282668	보통	5년	26.662227247373906	0.8074072998841934	헐값	N	주당순현금<=0 | FCF<=0	75605000.0	43.7542243676559	23.946305526823974		-25.95964521263423	185.90360076904298	171.5656498336792	Y	Y	강한 상승추세	단기위험부채 존재
DLTR	DOLLAR TREE, INC.	0000935703	S&P 500	제외	PEG=헐값, PEGY=보통	118.63999938964844	6.22	2025	0.0	717800000.0	0.0	717800000.0	2431700000.0	0.0	3754900000.0	9711300000.0	27.883887065393353	72.11611293460665	0.3866526623624026	-8.30780416868638	-8.30780416868638	20.40961471998952	20.40961471998952	136.22597553873032	-4.80407167954946	23.90309540249904	280.95195107746065	-1.1081433590989196	56.30619080499808	1747.5211357018052	-6.89265169359528	350.22450680708806	1372.9611806237751	-105.80971993345835	195.19934980516007	5년	56.30619080499808	350.22450680708806	195.19934980516007	6.67459809544118	-0.2353827715740401	1.1711683797287926	9.05186621425109	7.6296917235494215	5년	1.1711683797287926	보통	5년	23.90309540249904	0.8538481889611551	헐값	N	주당순현금<=0	206300000.0	-4.7527282313573505	16.165673729789454		-15.98329172942552	123.11299926757812	117.01574981689453	N	Y	중립/개선	
TROW	PRICE T ROWE GROUP INC	0001113169	S&P 500	양호	PEG=헐값, PEGY=양호	105.16000366210938	9.24	2025	5.0	3378200000.0		3378200000.0			10860100000.0	2288600000.0	82.59447702054196	17.405522979458045	4.745302805208424	15.334543803903768	15.334543803903768	9.721370114524415	9.721370114524415	0.9836065573770475	11.309540391033558	22.643785680119024	10.467213114754095	31.119080782067115	53.78757136023805	96.71704918032785	287.54030642630016	496.99715936859957	-8.028674579462425	173.4312442116289	372.61044319236237	3년	31.119080782067115	287.54030642630016	173.4312442116289	0.6155106211250115	1.6776997685404396	2.8436100420471853	6.71448025419882	6.385013332419788	3년	1.6776997685404396	양호	3년	11.309540391033558	0.8595725182812666	헐값	Y		220300000.0	-9.399496908244876	11.433718980068752		-13.576591552953598	108.6038005065918	103.88824996948242	N	Y	중립/개선	
FOX	Fox Corp	0001754301	S&P 500	제외	PEG=헐값, PEGY=보통	55.88999938964844	3.84	2026	1.02	4205000000.0		4205000000.0	6606000000.0	0.0	11628000000.0					-5.469248291571754	-5.469248291571754	15.978970750317758	15.978970750317758	-21.792260692464364	18.120452257112785	54.94321165488696	-35.08452138492873	44.74090451422557	118.38642330977392	-134.7245621181263	171.80507333462617	454.60386550953183	-341.0530749497182	207.3985958325967	713.390356904764	3년	44.74090451422557	171.80507333462617	207.3985958325967	-1.2999748868087317	1.1978526374567746	3.502303904885368	3.343963553530752	5.983116103146886	3년	1.1978526374567746	보통	3년	18.120452257112785	0.8818196435492147	헐값	N	주당순현금<=0	439000000.0	12.90908967605744	-0.6400010850694415		-17.517713064290596	57.91120010375977	56.5390500831604	N	N	중립/개선	
JPM	JPMORGAN CHASE & CO	0000019617	S&P 500	제외	PEG=헐값, PEGY=보통	332.989990234375	20.02	2025	1.99	278793000000.0		278793000000.0	267889000000.0	64776000000.0	362438000000.0	4062462000000.0	8.19087437004226	91.80912562995775	0.08921634220824712	3.9201869494876864	-19.367966924321408	16.43705311113323	17.600297560374447	1.3670886075949347	18.30758541328956	17.65495483894246	11.23417721518987	45.115170826579124	43.80990967788492	224.9082278481012	903.205719948114	877.074391751256	-32.457961367006995	171.24110226628514	163.39362067127823	3년	45.115170826579124	903.205719948114	171.24110226628514	0.20423908013785594	1.2348676661232842	1.1951628254846018			3년	1.2348676661232842	보통	3년	18.307585413289562	0.8978274709673891	헐값	N	FCF<=0	2781500000.0	-2.8872303045082592	6.155954478917791		-8.814831887568818	350.1441998291016	322.1362008666992	N	Y	중립/개선	단기위험부채 존재
BIIB	BIOGEN INC.	0000875045	S&P 500	제외	PEG=헐값, PEGY=보통	225.7100067138672	8.79	2025	0.0	2913700000.0	1134989000.0	4048689000.0	6286800000.0		14799400000.0	11182700000.0	56.95998398897702	43.04001601102298	1.3234192100297781	-15.214894629503739	-15.214894629503739	27.408976262044476	27.408976262044476	-21.37745974955278	-25.041283434599325	30.526946389639487	-34.25491949910556	-41.58256686919865	69.55389277927898	-301.1007423971379	-365.51076278025613	611.3787175298622	-233.4015920609331	-261.93821802664445	170.8691238066851	5년	69.55389277927898	611.3787175298622	170.8691238066851	-0.7799437507323451	-0.9136161524309139	1.1137572632332398	13.941536369816452	6.176747133542091	5년	1.1137572632332398	보통	5년	30.526946389639487	0.8978617091995412	헐값	N	주당순현금<=0	147100000.0	17.58791888635878	27.9752865921985		-1.3030721482031438	217.0483999633789	196.44015022277833	Y	Y	강한 상승추세	
BR	BROADRIDGE FINANCIAL SOLUTIONS, INC.	0001383312	S&P 500	제외	PEG=헐값, PEGY=보통	165.4499969482422	9.6	2026	2.72	402900000.0	900000.0	403800000.0	3254600000.0	400000000.0	2840500000.0	6104700000.0	31.754460492778254	68.24553950722175	0.46529723000311235	-24.345004269854826	-27.760888129803586	19.770312626885108	20.126133862296435	35.21126760563381	21.898526092374706	34.26713142263553	78.92253521126761	52.297052184749404	77.03426284527106	757.6563380281691	502.0517009735943	739.5289233146021	357.9367494731276	203.4461832783541	346.9803184982526	3년	52.297052184749404	502.0517009735943	203.4461832783541	1.9185972585002076	1.2452269499722852	1.8708420104767458	10.917164816396243	6.598467825787549	3년	1.2452269499722852	보통	3년	21.898526092374702	0.9028147622122084	헐값	N	주당순현금<=0	117100000.0	13.306390978818584	5.1410754362684274		-29.598740132122504	169.1520004272461	169.47185005187987	N	N	중립/개선	단기위험부채 존재
RL	RALPH LAUREN CORP	0001037038	S&P 500	제외	PEG=헐값, PEGY=보통	371.2799987792969	15.11	2026	1.09	1988000000.0	77000000.0	2065000000.0	1238900000.0	0.0	2841400000.0	4898100000.0	36.71296595387299	63.28703404612701	0.5801024887201159	13.260032102728731	13.260032102728731	23.69424001830365	23.69424001830365	30.146425495262708	25.853438682213326		68.79285099052541	60.20687736442665		1039.459978466839	909.7259169764867		179.9665971461969	145.02421890958442		3년	60.20687736442665	909.7259169764867	145.02421890958442	1.318313036043054	1.137130317807184				3년	1.137130317807184	보통	3년	25.853438682213326	0.916483115052886	헐값	N	FCF<=0	62300000.0	0.626066496178912	-1.512019746648574		-10.37296348115947	361.84160278320314	365.23884994506835	Y	Y	상승전환	
XYZ	Block, Inc.	0001512673	S&P 500	보류	PEG=헐값, PEGY=보통	77.23999786376953	2.1	2025	0.0	6564092000.0	1081851000.0	7645943000.0	4109829000.0	455000.0	22204278000.0	17380005000.0	56.093672329495014	43.906327670504986	1.2775760421242686	5.677421737273577	5.676691210234443	34.07741720309331	34.07776507311195	-53.94736842105262		36.69521853880895	-99.39473684210525		81.8904370776179	-208.72894736842102		171.96991786299762	-370.23427387525624		122.64360774103858	5년	81.8904370776179	171.96991786299762	122.64360774103858	-1.5830826643797304		1.076819241320848	3.8929480860191576	5.0400675733902345	5년	1.076819241320848	보통	5년	36.69521853880895	0.928660968923048	헐값	Y		622838000.0	-3.437929833031761	20.274052313267532		-8.968769295467439	79.16419952392579	70.4257497215271	N	Y	중립/개선	단기위험부채 존재
EBAY	EBAY INC	0001065088	S&P 500	제외	PEG=헐값, PEGY=보통	112.19000244140625	4.34	2025	1.15	1867000000.0	2625000000.0	4492000000.0	6973000000.0	750000000.0	4615000000.0	12995000000.0	26.20670073821692	73.79329926178308	0.3551365909965371	-5.301282051282051	-6.903846153846154	27.071724537485782	27.440978938998253	10.15228426395939		29.104348914704946	28.80456852791878		66.70869782940989	125.0118274111675		289.5157485796389	11.428669837544337		158.05842078561773	5년	66.70869782940989	289.5157485796389	158.05842078561773	0.4174940627926861		1.1175626758765307	3.0641025641025643	2.73117256210317	5년	1.117562675876531	보통	5년	29.104348914704946	0.9301608023194023	헐값	N	주당순현금<=0	468000000.0	-0.31099917475903016	14.304636471987674		-5.690985789482972	106.86179992675781	101.69304996490479	Y	Y	강한 상승추세	단기위험부채 존재
ORCL	ORACLE CORP	0001341439	S&P 500	제외	PEG=헐값, PEGY=보통	141.39999389648438	5.83	2026	1.39	31289000000.0	605000000.0	31894000000.0	0.0	0.0	42508000000.0					10.945092656142759	10.945092656142759	22.376483917725835	22.376483917725835	34.331797235023046	23.834995611269672	5.082750468287545	77.16359447004609	56.169991222539345	18.66550093657509	449.86375576036875	327.4710488274044	108.81987046023278	218.14977028195875	131.5919822932512	-23.041106677913113	3년	56.169991222539345	327.4710488274044	131.5919822932512	1.5963990306236424	1.1272993426499571	0.28926575292555534	-8.128345916266301	-5.748476850866679	3년	1.1272993426499571	보통	3년	23.834995611269672	0.9388079730606612	헐값	N	FCF<=0	2914000000.0	10.520549631255882	-9.1376440476013		-54.82428310016474	145.74700012207032	161.74054981231689	N	N	중립/개선	
BBY	BEST BUY CO INC	0000764478	S&P 500	보류	PEG=헐값, PEGY=보통	87.01000213623047	5.04	2026	4.34	1738000000.0	0.0	1738000000.0	1144000000.0	110000000.0	2964000000.0					2.8005657708628005	2.281942479962282	16.70822150106501	16.81112294767226	17.757009345794387	-7.119053945313414		44.014018691588774	-5.738107890626829		221.83065420560743	-28.920063768759217		154.94845277476256	-133.23763137424066		1년	44.014018691588774	221.83065420560743	154.94845277476256	1.3225231269758952	-0.1663285314440123		5.931164545025931	6.816646821522405	1년	1.3225231269758952	보통	1년	17.757009345794387	0.9409366845336616	헐값	Y		212100000.0	3.6080003074287825	42.99096847674526		-8.24633506678194	87.4297998046875	73.31825010299683	N	Y	상승전환	단기위험부채 존재
GOOG	Alphabet Inc.	0001652044	S&P 500	양호	PEG=헐값, PEGY=양호	347.8599853515625	10.81	2025	26.0	30708000000.0	96135000000.0	126843000000.0	46547000000.0	0.0	415265000000.0	180016000000.0	69.75949173583568	30.24050826416432	2.306822726868723	6.565494685200327	6.565494685200327	31.572108294760604	31.572108294760604	34.45273631840798	33.33790189024399	-28.686657181224508	77.40547263681596	75.17580378048798	-48.873314362449015	836.7531592039805	812.6504388670751	-528.3205282580739	140.54309045011925	133.6142336249957	-251.8773502287508	3년	75.17580378048798	812.6504388670751	133.6142336249957	1.9147513290533125	1.8794405915581864	-0.08509590668261957	5.99067865903516	1.722152277152751	3년	1.8794405915581864	양호	3년	33.33790189024399	0.9470334515562262	헐값	Y		12230000000.0	-2.650211730491847	8.975281057427754		-12.825787414145417	343.3907995605469	338.3837991333008	Y	Y	강한 상승추세	
FIX	COMFORT SYSTEMS USA INC	0001035983	S&P 500	보류	PEG=헐값, PEGY=보통	1715.68994140625	28.88	2025	21.0	981898000.0		981898000.0	139063000.0	500000.0	2448774000.0	3992395000.0	38.0175399838135	61.9824600161865	0.6133596500346283	23.80015813401858	23.786039025216727	58.583441249038486	58.58393013784742	97.80821917808218	61.78475841689988	89.88133018013103	204.11643835616437	132.06951683379975	188.26266036026206	5894.882739726027	3814.167646160137	5437.025631204368	243.5867167755462	122.31101052174311	216.90024520094573	3년	132.06951683379975	3814.167646160137	122.31101052174313	2.0280170752180275	1.4131084936608875	1.8927076971933754	29.126394261994182	1.6976490657817225	3년	1.4131084936608875	보통	3년	61.78475841689988	0.9481859725620334	헐값	Y		35413000.0	-3.3468556699223106	5.398657069880652		-16.97645144236023	1664.6053930664064	1576.0904467773437	Y	Y	강한 상승추세	단기위험부채 존재
GOOGL	Alphabet Inc.	0001652044	S&P 500	양호	PEG=헐값, PEGY=양호	351.6600036621094	10.81	2025	25.0	30708000000.0	96135000000.0	126843000000.0	46547000000.0	0.0	415265000000.0	180016000000.0	69.75949173583568	30.24050826416432	2.306822726868723	6.565494685200327	6.565494685200327	31.923636353090565	31.923636353090565	34.45273631840798	33.33790189024399	-28.686657181224508	77.40547263681596	75.17580378048798	-48.873314362449015	836.7531592039805	812.6504388670751	-528.3205282580739	137.94379528243718	131.08981129622745	-250.2361720856114	3년	75.17580378048798	812.6504388670751	131.08981129622745	1.8623422363552982	1.8274203240821039	-0.1154836228695356	5.99067865903516	1.7035427960670986	3년	1.827420324082104	양호	3년	33.33790189024399	0.9575778481258506	헐값	Y		12230000000.0	-2.1835292176240806	9.445708609792325		-12.657094052232953	346.2507989501953	340.027699432373	Y	Y	강한 상승추세	
C	CITIGROUP INC	0000831001	S&P 500	제외	PEG=헐값, PEGY=불리(<1)	129.63999938964844	6.99	2025	2.09	188105000000.0		188105000000.0	315827000000.0	51878000000.0	212291000000.0	2443380000000.0	7.993874241199306	92.00612575880069	0.08688415228085684	-68.18749666328546	-95.88382894666596	28.301501581249482	32.263780877870445	17.67676767676767	-0.047641741369786	29.48968947668986	43.85353535353534	8.404716517260429	67.47937895337972	306.53621212121203	58.7489684556504	471.6808588841243	136.4518771709347	-54.68299233859653	263.83898573343197	5년	67.47937895337972	471.6808588841243	263.83898573343197	0.6984352975060409	0.0721643073519227	1.115830882189384	-39.58784902034061	-30.536755019069865	3년	0.0721643073519227	불리(<1)	5년	29.48968947668986	0.9597083619215596	헐값	N	주당순현금<=0 | FCF<=0	1873100000.0	-2.723797378584314	2.660754389318565		-11.00432414415602	133.6295994567871	126.23864986419677	N	Y	중립/개선	단기위험부채 존재
DG	DOLLAR GENERAL CORP	0000029534	S&P 500	제외	PEG=헐값, PEGY=보통	127.2300033569336	6.85	2025	1.93	1138501000.0		1138501000.0	4172068000.0		8511962000.0	22451768000.0	27.490105358753613	72.50989464124639	0.3791221252598014	-13.738109902451837	-13.738109902451837	20.579286607209553	20.579286607209553	34.050880626223076	-13.760458357934102	21.193089282505095	76.60176125244615	-19.020916715868204	50.88617856501019	524.7220645792561	-130.2932795036972	348.5703231703198	312.42006659953495	-202.4076680546568	173.96865045458944	5년	50.88617856501019	348.5703231703198	173.96865045458944	1.748402717401189	-0.57487213156308	1.1236098570299502			5년	1.1236098570299502	보통	5년	21.193089282505095	0.9710376025357362	헐값	N	주당순현금<=0 | FCF<=0	220814000.0	5.901451642504374	6.682878649959267		-18.56758904011927	124.15599990844727	126.51754970550537	Y	Y	상승전환	
FOXA	Fox Corp	0001754301	S&P 500	제외	PEG=헐값, PEGY=안심	62.40999984741211	3.84	2026	92.0	4205000000.0		4205000000.0	6606000000.0	0.0	11628000000.0					-5.469248291571754	-5.469248291571754	17.676887536193718	17.676887536193718	-21.792260692464364	18.120452257112785	54.94321165488696	-35.08452138492873	44.74090451422557	118.38642330977392	-134.7245621181263	171.80507333462617	454.60386550953183	-315.87015293625706	175.2845277274107	628.4151043438633	3년	44.74090451422557	171.80507333462617	175.2845277274107	3.9717251786426844	6.2296290583757665	8.312731036729081	3.343963553530752	5.358057301244189	3년	6.229629058375767	안심	3년	18.120452257112785	0.9755213217294312	헐값	N	주당순현금<=0	439000000.0	13.741572922003243	-0.0640527062268359		-18.00026363562549	64.85300003051758	62.92934989929199	N	N	중립/개선	
HSIC	HENRY SCHEIN INC	0001000228	S&P 500	제외	PEG=헐값, PEGY=보통	84.01000213623047	3.27	2025	0.0	80209000.0		80209000.0	363524000.0	764000000.0	3245000000.0	6421000000.0	33.57128077798469	66.4287192220153	0.5053729948606136	-2.327636739241161	-8.604446893240233	26.402947668339948	28.322461476902355	7.213114754098368	-5.784216280166666	26.993797939062315	22.926229508196734	-3.0684325603333313	62.48759587812463	74.96877049180333	-10.033774472289993	204.33443852146755	-10.762089530441743	-111.9435474552414	143.22632225400875	5년	62.48759587812463	204.33443852146755	143.22632225400875	0.2731935405359186	-0.21907464093876838	1.0223781934556824			5년	1.0223781934556824	보통	5년	26.993797939062315	0.9781116287505672	헐값	N	주당순현금<=0 | FCF<=0	121717876.0	-3.336786795169855	10.554026184918097		-7.5390693683758165	87.60419982910156	80.44194999694824	N	Y	중립/개선	단기위험부채 존재
LMT	LOCKHEED MARTIN CORP	0000936468	S&P 500	제외	PEG=헐값, PEGY=불리(<1)	509.5899963378906	21.49	2025	2.76	4121000000.0	3000000.0	4124000000.0	20532000000.0	0.0	6721000000.0	53119000000.0	11.231617647058824	88.76838235294117	0.1265272313108304	-70.26980728051392	-70.26980728051392	26.982773551345023	26.982773551345023	-3.6754818467055146	-0.2623064045820689	27.492062613344558	1.1490363065889708	7.975387190835862	63.484125226689116	24.69279022859698	171.39107073106265	1364.2738511215491	-95.15438089325755	-66.36686905890133	167.71990441840398	5년	63.484125226689116	1364.2738511215491	167.71990441840398	-0.03392838193462437	0.09256622899292083	1.12116208349666	32.61241970021413	6.399737030667694	3년	0.0925662289929208	불리(<1)	5년	27.492062613344558	0.9814750508478643	헐값	N	주당순현금<=0	233500000.0	-1.0485628844993267	-17.766948905057724		-24.694844518196135	549.076401977539	563.6554515075684	N	N	주의	
XYL	Xylem Inc.	0001524472	S&P 500	제외	PEG=보통, PEGY=보통	102.70999908447266	3.92	2025	1.69	1479000000.0		1479000000.0	1408000000.0	534000000.0	11480000000.0	5885000000.0	66.10999136193493	33.89000863806507	1.9507221750212405	0.2909907620679197	-1.8975876455978427	26.12729804142978	26.685608859711863	7.397260273972603	25.99210498948732	36.73964338359592	23.294520547945204	60.48420997897464	81.97928676719184	91.3145205479452	237.0981031175806	321.358804127392	-11.094809305913223	130.84227945770107	212.87976535088285	3년	60.48420997897464	237.0981031175806	130.84227945770107	0.3478071195713782	1.059508906952112	1.4708617524345013			3년	1.059508906952112	보통	3년	25.99210498948732	1.0052013121675654	보통	N	FCF<=0	243994000.0	-15.499797198082177	-20.287160093762502		-32.84733498933681	110.39419967651367	120.12515007019043	N	N	주의	단기위험부채 존재
PEG	PUBLIC SERVICE ENTERPRISE GROUP INC	0000788784	S&P 500	제외	PEG=보통, PEGY=보통	72.27999877929688	4.22	2025	3.73	132000000.0		132000000.0	21670000000.0	1529000000.0	13130000000.0					-42.99001996007984	-46.041916167664674	27.31517031738785	28.038368470843974	19.20903954802259	27.00332083242836	2.3351713791253115	46.91807909604518	62.506641664856716	13.170342758250623	197.99429378531067	263.77802782569535	55.578846439817625	173.92680842438267	264.9391702829541	-23.106187910261767	3년	62.506641664856716	263.77802782569535	264.9391702829541	0.8397911959355578	1.1251374410381998	0.22204406227935702	0.05189620758483034	0.07179884955904972	3년	1.1251374410381998	보통	3년	27.003320832428358	1.0115485605231558	보통	N	주당순현금<=0	501000000.0	-10.211181640625	-11.050951416268529		-16.871763868695446	72.39359985351562	78.64954998016357	N	N	주의	단기위험부채 존재
DXCM	DEXCOM INC	0001093557	S&P 500	보류	PEG=보통, PEGY=불리(<1)	84.11000061035156	2.09	2025	0.0	917700000.0	1730000000.0	2647700000.0	4600000.0		2746000000.0	3593900000.0	43.31298600924305	56.68701399075695	0.7640724561061799	6.518125770653514	6.518125770653514	37.125298966362706	37.125298966362706	47.183098591549296	36.597938323358605	-16.208656508885298	102.86619718309859	81.69587664671721	-23.917313017770596	214.99035211267605	170.74438219163895	-49.987184207140544	155.60617114799643	103.0012851653994	-159.43072624468456	3년	81.69587664671721	170.74438219163895	103.00128516539941	1.2709149799520654	0.9857951139065058	-0.4365932924492033	2.656473489519112	3.15833250534084	3년	0.9857951139065058	불리(<1)	3년	36.597938323358605	1.014409572428497	보통	Y		405500000.0	13.478140169429786	33.25412236004299		-8.912709610063063	87.44920013427735	73.50780006408691	N	Y	상승전환	
SMCI	Super Micro Computer, Inc.	0001375365	S&P 500	제외	PEG=보통, PEGY=불리(<1)	41.86000061035156	3.26	2026	0.0	7521474000.0	23110000.0	7544584000.0	120179000.0	170123000.0	14479452000.0	15465851000.0	48.352998799177286	51.647001200822714	0.9362208390601978	10.646628369193	10.402671263128308	9.57465406170508	9.649487529823086	94.04761904761905	-34.17506232770905	9.298515353860616	196.5952380952381	-59.8501246554181	27.09703070772123	640.9004761904762	-195.11140637666298	88.3363201071712	1431.0570158758858	-566.104642933077	111.02799526793726	5년	27.09703070772123	88.3363201071712	111.02799526793726	9.822560527149824	-3.5693260672880185	0.9711594062756885	-9.997712763211482	-23.88368996043241	5년	0.9711594062756884	불리(<1)	5년	9.298515353860616	1.0296970749991627	보통	N	FCF<=0	697348000.0	51.392409359377126	61.185990439460625		-23.94622108637642	38.004799613952635	32.31894986152649	Y	Y	강한 상승추세	단기위험부채 존재
DLR	DIGITAL REALTY TRUST, INC.	0001297996	S&P 500	제외	PEG=보통, PEGY=보통	178.75999450683594	3.58	2025	2.7	3451647000.0		3451647000.0	2940210000.0		22925663000.0	24564494000.0	48.2745571887665	51.72544281123349	0.93328456104164	1.470449383283977	1.470449383283977	49.52221930825473	49.52221930825473	122.36024844720497	47.747457450932274	86.18839525621738	253.22049689440993	103.99491490186455	180.87679051243475	906.5293788819876	372.3017953486751	647.5389100345164	407.12094805268134	108.26907965385844	262.23927608688416	3년	103.99491490186455	372.3017953486751	108.26907965385844	2.525336105572292	1.0186832931884238	1.7949194623715257			3년	1.0186832931884238	보통	3년	47.747457450932274	1.0371697667702264	보통	N	FCF<=0	347810000.0	3.2638171547360706	-6.823044660012556		-12.333877055364317	186.769599609375	181.80519958496095	N	N	중립/개선	
PPG	PPG INDUSTRIES INC	0000079879	S&P 500	제외	PEG=보통, PEGY=보통	103.95999908447266	6.94	2025	2.81	2163000000.0	56000000.0	2219000000.0	6602000000.0	4000000.0	7941000000.0	14001000000.0	36.19086683073557	63.80913316926442	0.567173773301907	-19.299867899603697	-19.31748128577719	17.76078774986691	17.76332570176511	46.10526315789475	17.118429805639778	43.51289451505902	100.7105263157895	42.736859611279556	95.52578903011803	698.9310526315792	296.5938057022801	662.9489758690191	572.3076748621968	185.29608341116176	537.6962117230688	3년	42.736859611279556	296.5938057022801	185.29608341116176	2.7541156308374495	1.1220465041472674	2.608155402082666	5.121092029942757	4.926021618932119	3년	1.1220465041472674	보통	3년	17.118429805639778	1.0375243495764723	보통	N	주당순현금<=0	227100000.0	-9.331941597672088	-5.688110388746126		-20.97902020850122	110.09679992675781	112.0269499206543	N	N	주의	단기위험부채 존재
PTC	PTC INC.	0000857005	S&P 500	제외	PEG=보통, PEGY=불리(<1)	194.4499969482422	6.08	2025	0.0	184415000.0		184415000.0	1172434000.0	25000000.0	3826229000.0	2790943000.0	57.82272245605827	42.177277543941734	1.3709448741876848	-8.180522781655448	-8.387515834968578	33.32738811347001	33.361433023554405	94.87179487179486	31.89223724402268	40.26105826759165	198.24358974358972	72.28447448804536	89.0221165351833	1205.3210256410255	439.4896048873158	541.2544685339145	519.8616840101325	126.01677129586024	178.35149242917353	3년	72.28447448804536	439.4896048873158	126.01677129586024	2.8466615670206186	0.9569377934880148	1.2080472112160283	7.093138594268776	3.6477956829985425	3년	0.9569377934880148	불리(<1)	3년	31.89223724402268	1.0450000060662508	보통	N	주당순현금<=0	120777000.0	58.72173174237221	44.88487237975134		-5.547189216400716	148.81019958496094	145.53340057373046	Y	Y	강한 상승추세	단기위험부채 존재
IEX	IDEX CORP /DE/	0000832101	S&P 500	제외	PEG=보통, PEGY=불리(<1)	234.2899932861328	6.41	2025	1.26	580000000.0		580000000.0	1820100000.0	0.0	4027500000.0	2900800000.0	58.131143281901764	41.868856718098236	1.3884100937672366	-16.46879150066401	-16.46879150066401	39.119935224149266	39.119935224149266	-3.4638554216867403	-5.969686551893727	37.169267564172536	1.5722891566265194	-3.439373103787453	82.83853512834507	10.07837349397599	-22.046381595277573	530.9950101726919	-95.69833378173027	-109.40986906271873	126.64007229886268	5년	82.83853512834507	530.9950101726919	126.64007229886268	-0.056335865820306134	-0.12039095987527028	0.9823448669835636	8.191235059760956	3.496195012373915	5년	0.9823448669835636	불리(<1)	5년	37.169267564172536	1.0524806590985123	보통	N	주당순현금<=0	75300000.0	5.185412367839426	14.220943283603415		-2.590225709155891	230.52940063476564	212.3109504699707	Y	Y	강한 상승추세	
GILD	GILEAD SCIENCES, INC.	0000882095	S&P 500	제외	PEG=보통, PEGY=보통	151.1699981689453	6.78	2025	2.23	5412000000.0	68000000.0	5480000000.0	22129000000.0	2807000000.0	22703000000.0					-13.26613545816733	-15.502788844621515	24.253117054146404	24.583006934154398	1684.2105263157894	23.0389935777624	40.69054645685804	3376.9210526315787	54.5779871555248	89.88109291371607	22895.524736842104	370.0387529144582	609.393809954995	15045.548067847702	144.78319600223085	303.118222753397	3년	54.5779871555248	370.0387529144582	144.78319600223085	69.53500131759225	1.0418864313955192	1.7696919682956866	7.534661354581673	4.984230631637006	3년	1.0418864313955192	보통	3년	23.0389935777624	1.052698633396725	보통	N	주당순현금<=0	1255000000.0	16.248851102536754	8.73192799844591		-2.971761740771195	144.7116000366211	137.31709983825684	Y	Y	강한 상승추세	단기위험부채 존재
ICE	Intercontinental Exchange, Inc.	0001571949	S&P 500	제외	PEG=보통, PEGY=불리(<1)	156.19000244140625	5.77	2025	1.36	837000000.0	16000000.0	853000000.0	18609000000.0	1035000000.0	28915000000.0	107896000000.0	21.134996454963417	78.86500354503659	0.26798954548824794	-30.88	-32.68	32.42114427060767	32.7331026761536	20.711297071129692	30.77318536913174	44.058395353098234	49.922594142259385	70.04637073826348	96.61679070619647	288.05336820083664	404.16755915978024	557.4788823747535	84.42497195612641	158.76660019350552	256.92353778142	3년	70.04637073826348	404.16755915978024	158.76660019350552	0.6807686023327396	0.9911181758708933	1.4008881048123154	7.459130434782609	4.775677263710177	3년	0.9911181758708932	불리(<1)	3년	30.77318536913174	1.0535517815821882	보통	N	주당순현금<=0	575000000.0	13.501927002867141	-4.941875258863582		-10.799544833213858	155.55419952392577	154.84020027160645	Y	Y	상승전환	단기위험부채 존재
JCI	Johnson Controls International plc	0000833444	S&P 500	제외	PEG=보통, PEGY=불리(<1)	157.44000244140625	5.03	2025	1.04	379000000.0	100000000.0	479000000.0	9195000000.0	723000000.0	12927000000.0	8245000000.0	61.05705648970338	38.942943510296615	1.5678593086719224	-13.325179636141263	-14.430515211741325	33.949340373269884	34.16908899664961	99.60317460317462	31.9394360396549	43.04007850240077	207.70634920634924	72.3788720793098	94.58015700480153	1044.7629365079367	364.0657265589283	475.7381897341517	563.5943345445269	131.2409304582049	202.17110159865825	3년	72.3788720793098	364.0657265589283	131.2409304582049	2.9645104587191433	0.9714308342091194	1.2984075100648302			3년	0.9714308342091194	불리(<1)	3년	31.9394360396549	1.0629286106091402	보통	N	주당순현금<=0 | FCF<=0	654100000.0	8.399887418633023	10.236657588175536		-0.8314387195149764	147.44039916992188	138.5849997329712	Y	Y	강한 상승추세	단기위험부채 존재
LLY	ELI LILLY & Co	0000059478	S&P 500	제외	PEG=보통, PEGY=안심	1179.27001953125	22.95	2025	57.99999999999999	7268000000.0	154800000.0	7422800000.0	40868000000.0	1000000000.0	26535000000.0					-37.19025909040365	-38.30223507172245	53.00480516869951	53.05325728117527	95.98633646456018	49.27183319275166	27.579995682880675	200.47267292912036	107.04366638550331	63.65999136576135	4600.8478437233125	2456.652143547301	1460.996801844223	290.1437132737514	108.31973194093408	23.889930011530105	3년	107.04366638550331	2456.652143547301	108.31973194093409	2.9051391845411865	2.0238133665680933	1.61457051696546			3년	2.0238133665680933	안심	3년	49.27183319275166	1.0757627986225813	보통	N	주당순현금<=0 | FCF<=0	899300000.0	2.3192235898800373	26.864615676150105		-7.893992922755255	1173.9691943359376	1076.5012030029297	Y	Y	강한 상승추세	단기위험부채 존재
MPC	Marathon Petroleum Corp	0001510295	S&P 500	보류	PEG=보통, PEGY=양호	455.0299987792969	13.22	2025	86.0	3672000000.0	0.0	3672000000.0	3292000000.0	0.0	17314000000.0	59869000000.0	22.43240091730044	77.56759908269956	0.2891980824800815	1.2418300653594772	1.2418300653594772	34.325882656122346	34.325882656122346	31.150793650793656	-22.2431402744799		70.80158730158732	-35.9862805489598		935.9969841269844	-475.73862885724856		105.70006079554571	-204.5510472130423		1년	70.80158730158732	935.9969841269844	105.70006079554571	3.412899671784513	1.8573989885194828		15.57843137254902	3.4236053478542243	3년	1.8573989885194828	양호	1년	31.150793650793656	1.1019264241201057	보통	Y		306000000.0	49.97693076241341	101.97523740052645		-1.7934988613704017	378.9702001953125	268.59069938659667	Y	Y	강한 상승추세	
RMD	RESMED INC	0000943819	S&P 500	보류	PEG=보통, PEGY=불리(<1)	230.0500030517578	10.43	2026	1.16	1469234000.0		1469234000.0	1078611000.0	259950000.0	6585393000.0	2380557000.0	73.44891506198451	26.55108493801549	2.766324435835815	2.6745107973763127	0.8946896353403536	21.80014307328682	21.970787480001675	9.674027339642482	19.643471363879893	26.342032619655285	27.848054679284964	47.78694272775979	61.18406523931057	290.45521030494217	498.4178126505346	638.1498004460092	26.25742510405187	116.65629473536583	177.39612778985054	3년	47.78694272775979	498.4178126505346	116.65629473536585	0.4969704695616491	0.9542814142982293	1.2615528497771822	11.294069316828022	4.909397594872896	3년	0.9542814142982292	불리(<1)	3년	19.643471363879893	1.109790763020256	보통	Y		146054000.0	19.19072048033761	-0.09119754194725216		-16.636465366318774	225.18700073242186	225.2001003265381	Y	Y	상승전환	단기위험부채 존재
CBRE	CBRE GROUP, INC.	0001138118	S&P 500	제외	PEG=보통, PEGY=불리(<1)	130.8000030517578	3.85	2025	0.0	1864000000.0		1864000000.0	5050000000.0	2465000000.0	8878000000.0	21251000000.0	29.46662683793023	70.53337316206976	0.41776857559644254	-10.593461930091989	-18.789596160373456	36.72557531996099	38.85444135380033	22.611464968152863	-3.5428381522206065	32.860400171986704	53.722929936305725	1.414323695558787	74.22080034397341	206.83328025477704	5.44514622790133	285.75008132429764	58.12941546563475	-95.83704426539909	118.46335982975917	5년	74.22080034397341	285.75008132429764	118.46335982975917	0.6156871545552927	-0.09646787344662815	0.89475521855546	4.318714363628149	3.301769314117849	5년	0.89475521855546	불리(<1)	5년	32.860400171986704	1.117624104628809	보통	N	주당순현금<=0	300751541.0	-1.750170318934241	-10.374125761527942		-23.780663955158843	142.4338006591797	144.3652006149292	N	N	주의	단기위험부채 존재
GS	GOLDMAN SACHS GROUP INC	0000886982	S&P 500	제외	PEG=보통, PEGY=불리(<1)	895.3200073242188	51.32	2025	2.27	164259000000.0		164259000000.0	236027000000.0	69709000000.0	124972000000.0	1684348000000.0	6.907125328852828	93.09287467114717	0.07419606874588862	-225.9697732997481	-445.4565491183879	21.848982475135752	26.125809751414785	26.591021213616184	19.517790861873507	15.71173099479697	61.68204242723237	47.535581723747015	39.92346198959394	3165.522417365565	2439.526054062697	2048.872069305961	253.5632390061453	172.47531989746778	128.84243092358494	3년	47.535581723747015	2439.526054062697	172.47531989746778	1.320932050106231	0.9971993380775567	0.8230008429573444	-148.6712846347607	-16.605379464163246	3년	0.9971993380775568	불리(<1)	3년	19.517790861873507	1.1194393171727262	보통	N	주당순현금<=0 | FCF<=0	317600000.0	-21.46315725226151	0.5085406671173853		-22.285967947680785	989.9282055664063	959.8868508911132	N	N	판정불가	단기위험부채 존재
NVDA	NVIDIA CORP	0001045810	S&P 500	보류	PEG=보통, PEGY=양호	229.27999877929688	4.9	2026	42.0	10605000000.0	34621000000.0	45226000000.0	7469000000.0	0.0	157293000000.0	49510000000.0	76.05934149891442	23.940658501085572	3.1769945465562515	1.5402219140083218	1.5402219140083218	46.47750548271195	46.47750548271195	66.66666666666669	41.21547046890686	-6.616661124591561	141.83333333333337	90.93094093781372	-4.7333222491831215	694.9833333333336	445.5616105952872	-23.1932790209973	203.11555174174575	94.33078025448758	-110.11570095275644	3년	90.93094093781372	445.5616105952872	94.33078025448758	2.3380486008890258	1.790446143884813	0.761300300175745	4.184517622583014	1.8250687564818937	3년	1.790446143884813	양호	3년	41.21547046890686	1.1276713562635368	보통	Y		24514000000.0	8.253066796825049	21.113518428065014		-4.163186124885698	222.0774005126953	202.15404998779297	Y	Y	강한 상승추세	
JBHT	HUNT J B TRANSPORT SERVICES INC	0000728535	S&P 500	제외	PEG=보통, PEGY=양호	229.25999450683594	6.12	2025	79.0	17284000.0		17284000.0	766938000.0	699859000.0	3565085000.0	4362070000.0	44.97307041429113	55.02692958570887	0.8172920196145408	-7.673962001474081	-14.838188928015724	38.714698775867646	39.88532409066203	10.071942446043176	-12.736907999542591	33.56042305195701	28.64388489208635	-16.973815999085183	75.62084610391402	175.30057553956848	-103.87975391440132	462.7995781559538	-23.536343130139315	-145.3108943572377	101.86669687028815	5년	75.62084610391402	462.7995781559538	101.86669687028815	2.3007267333193133	1.7115745206769302	2.9074337812521023	9.700116698059126	4.231055103584544	3년	1.7115745206769302	양호	5년	33.56042305195701	1.1535819651597057	보통	N	주당순현금<=0	97688000.0	-18.375049491782946	0.7249215289573341		-23.1728187080391	255.5922006225586	244.18224975585937	N	N	판정불가	단기위험부채 존재
MET	METLIFE INC	0001099219	S&P 500	제외	PEG=보통, PEGY=불리(<1)	98.33000183105469	4.71	2025	2.47	22032000000.0	3601000000.0	25633000000.0	23692000000.0	355000000.0	28398000000.0	716245000000.0	3.813639556136296	96.1863604438637	0.03964844431723782	2.882815980989158	2.355562156542403	20.264795297253826	20.376738784397514	-20.707070707070713	17.4111403260089	102.01265397268551	-32.914141414141426	43.3222806520178	212.52530794537103	-155.02560606060612	204.04794187100384	1000.9942004226975	-257.6585001258952	107.51341205259818	917.9946931584034	3년	43.3222806520178	204.04794187100384	107.51341205259818	-0.8999385604226706	0.9810679078857057	5.155870189660609			3년	0.9810679078857056	불리(<1)	3년	17.4111403260089	1.163898223655237	보통	N	FCF<=0	673300000.0	6.256754763610384	30.480362307146702		-1.6208055694352796	96.53399993896484	84.13149967193604	Y	Y	강한 상승추세	단기위험부채 존재
MTB	M&T BANK CORP	0000036270	S&P 500	제외	PEG=보통, PEGY=보통	217.49000549316406	17.0	2025	2.76	1420888000.0		1420888000.0	10911000000.0	2149000000.0	29177000000.0	184333000000.0	13.665402088895135	86.33459791110486	0.15828419219564593	-59.76479775302127	-73.29831035763992	16.30910607330502	17.105195050047293	16.12021857923497	13.816843747424093	11.330076475388973	40.74043715846994	36.13368749484818	31.160152950777945	692.587431693989	614.2726874124191	529.722600163225	218.44563621373288	182.43720258296025	143.5618128575912	3년	36.13368749484818	614.2726874124191	182.43720258296023	1.1576488922429895	1.016416453048724	0.8639392258568857			3년	1.016416453048724	보통	3년	13.816843747424091	1.180378556162334	보통	N	주당순현금<=0 | FCF<=0	158791000.0	-10.072358898318612	-1.7171982051873869		-14.404341521598374	235.4554000854492	224.2219500732422	N	N	주의	단기위험부채 존재
HBAN	HUNTINGTON BANCSHARES INC /MD/	0000049196	S&P 500	제외	PEG=보통, PEGY=불리(<1)	15.319999694824219	1.39	2025	4.04	2672000000.0		2672000000.0	17221000000.0	1261000000.0	24342000000.0	200727000000.0	10.8153499593458	89.1846500406542	0.12126918650704688	-9.668163175256307	-10.506128242546032	17.977095589985993	18.579948156381477	13.93442622950819	-1.3987851140241592	15.035833064612024	36.36885245901638	5.702429771951682	38.57166612922405	50.55270491803277	7.926377383012837	53.61461591962142	229.9784982052691	-48.261243205567936	249.96486284353412	5년	38.57166612922405	53.61461591962142	249.96486284353412	0.9998515132511566	0.14692111263218235	1.0611187424089836	1.4719211927412688	9.6078408750788	3년	0.1469211126321823	불리(<1)	5년	15.035833064612024	1.1956168649076355	보통	N	주당순현금<=0	1504836000.0	-14.173673011637177	-7.821907814471219		-20.49818717751012	16.56120018005371	16.860950026512146	N	N	주의	단기위험부채 존재
CCI	CROWN CASTLE INC.	0001051470	S&P 500	제외	PEG=보통, PEGY=불리(<1)	79.63999938964844	1.01	2025	6.17	99000000.0		99000000.0	24337000000.0		7089221000.0	33153000000.0	17.616376094152457	82.38362390584754	0.21383346906765602	-55.464530892448515	-55.464530892448515	133.76686166544252	133.76686166544252	111.24721603563475	-36.03957271499858	-15.540072887114587	230.9944320712695	-63.579145429997155	-22.580145774229173	233.3043763919822	-64.21493688429713	-22.805947231971466	192.94874206428858	-180.6315135314325	-128.63629759763128	1년	230.9944320712695	233.3043763919822	192.94874206428858	0.8777750675597142	-0.22329575758235132	-0.07004778889520186			1년	0.8777750675597142	불리(<1)	1년	111.24721603563475	1.202428846602276	보통	N	주당순현금<=0 | FCF<=0	437000000.0	0.7463583998906786	-8.543870331836601		-19.449785397723563	73.36000030517579	82.58069988250732	Y	N	중립/개선	
DVA	DAVITA INC.	0000927066	S&P 500	제외	PEG=보통, PEGY=불리(<1)	179.25	9.84	2025	0.0	676438000.0	337399000.0	1013837000.0	4417624000.0	87345000.0	-651082000.0	16321665000.0	-4.154803940606422	104.15480394060641	-0.03989066066482801	-44.85454305857547	-46.00556104632009	22.774851936847103	22.891825309585375	-8.294501397949679	18.926802949554716	45.67357145242303	-8.089002795899358	46.353605899109425	99.84714290484607	-79.59578751164968	456.1194820472367	982.4958861836852	-144.40490237748935	154.45996209050864	448.11485979564026	3년	46.353605899109425	456.1194820472367	154.45996209050864	-0.3641956233546408	0.8310395607417018	2.005438787442935	17.27134479804968	9.635338799469835	3년	0.8310395607417018	불리(<1)	3년	18.926802949554713	1.203312149312725	보통	N	주당순현금<=0	75885000.0	-22.873371552197185	18.26999398749738		-25.610061833682618	183.48800048828124	171.61540000915528	N	Y	중립/개선	단기위험부채 존재
AMZN	AMAZON COM INC	0001018724	S&P 500	보류	PEG=보통, PEGY=불리(<1)	262.42999267578125	7.17	2025	0.0	86810000000.0	36219000000.0	123029000000.0	65648000000.0	455000000.0	411065000000.0					5.29980604045442	5.257781472245313	35.8619507162241	35.86781188333835	29.656419529837247		-12.638188158251552	67.8128390596745		-16.776376316503104	486.2180560578662		-120.28661818932726	85.27533804360677		-145.83569772755936	1년	67.8128390596745	486.2180560578662	85.27533804360677	0.8269605790412443		-0.35241217797262714	12.263507896924356	4.673058811564762	1년	0.8269605790412443	불리(<1)	1년	29.656419529837247	1.209247484516581	보통	Y		10827000000.0	6.036602226763388	9.39597037954114		-7.60157635836376	259.09559967041014	242.15154998779298	Y	Y	강한 상승추세	단기위험부채 존재
WTW	WILLIS TOWERS WATSON PLC	0001140536	S&P 500	제외	PEG=보통, PEGY=불리(<1)	296.260009765625	16.26	2025	1.29	3132000000.0	0.0	3132000000.0	5756000000.0	988000000.0	7976000000.0	21478000000.0	27.079513818157125	72.92048618184288	0.37135673712636186	-26.505050505050505	-36.484848484848484	19.850249709143633	20.464013422538343	1793.7500000000005		16.276465322384226	3596.000000000001		41.05293064476845	58470.96000000002		667.5206522839351	19636.366054351085		125.31581390685128	5년	41.05293064476845	667.5206522839351	125.31581390685128	90.42908911987894		0.8849493371507853	16.454545454545453	5.554089283789213	5년	0.8849493371507853	불리(<1)	5년	16.276465322384226	1.2195675975080753	보통	N	주당순현금<=0	99000000.0	2.604426053054132	2.8894933853144567		-15.535278755345683	321.48559997558596	297.8420997619629	N	N	중립/개선	단기위험부채 존재
SWK	STANLEY BLACK & DECKER, INC.	0000093556	S&P 500	제외	PEG=보통, PEGY=불리(<1)	88.56999969482422	2.65	2025	3.8	280100000.0		280100000.0	4703300000.0	605600000.0	9054600000.0					-29.12337534073401	-33.110786288995115	44.412594353040845	45.91727772974315	35.8974358974359		-1.0951545801409002	80.2948717948718		6.3096908397182	212.78141025641025		16.720680725253228	140.24095177776613		-81.12150752753098	1년	80.2948717948718	212.78141025641025	140.24095177776613	0.893832852498469		0.06090266644542246	4.5292932485284245	5.113800682098347	5년	0.0609026664454224	불리(<1)	1년	35.8974358974359	1.237207985548995	보통	N	주당순현금<=0	151878000.0	1.3734656180826699	22.41879967213112		-14.836538754976713	94.905	84.21395011901855	N	Y	상승전환	단기위험부채 존재
FICO	FAIR ISAAC CORP	0000814547	S&P 500	제외	PEG=보통, PEGY=불리(<1)	667.5800170898438	26.54	2025	0.0	134136000.0		134136000.0	2656150000.0	399541000.0	-1745784000.0	3613917000.0	-93.4507339680847	193.45073396808473	-0.48307252214148805	-102.68368551769065	-118.9509791946582	29.022746895536336	29.63568184945373	29.7799511002445	23.23712626480905		68.059902200489	54.9742525296181		1806.3098044009782	1459.0166621360643		170.5757749123702	118.55307600372768		3년	54.9742525296181	1459.0166621360643	118.55307600372767	1.0260900254353464	0.8006522038884918		31.3458328243964	4.695442047687572	3년	0.8006522038884918	불리(<1)	3년	23.23712626480905	1.248981761548079	보통	N	주당순현금<=0	24561000.0	-44.8517987047954	-33.302691050971745		-63.81640862464897	969.9293994140625	1191.8676965332031	N	N	주의	단기위험부채 존재
FFIV	F5, INC.	0001048695	S&P 500	보류	PEG=보통, PEGY=불리(<1)	479.8299865722656	11.8	2025	0.0	1344273000.0	0.0	1344273000.0	0.0	0.0	3591999000.0	1628778000.0	68.80200016204483	31.197999837955155	2.2053336918843454	22.906976347897213	22.906976347897213	38.72228900206512	38.72228900206512	23.560209424083766	30.824915840645065	56.42360566588014	55.62041884816753	70.14983168129012	121.34721133176028	656.3209424083769	827.7680138392235	1431.8970937147715	36.7819771117057	72.51277264943425	198.41759243596547	3년	70.14983168129012	827.7680138392235	72.51277264943425	0.6084405140106067	0.7960509730972031	1.4571350795628581	15.445538818076477	3.218960725738276	3년	0.7960509730972031	불리(<1)	3년	30.824915840645062	1.2562009642539478	보통	Y		58684000.0	11.262341906692619	60.978956212236966		0.0	418.5520001220703	350.3022998809814	Y	Y	강한 상승추세	
TDG	TransDigm Group INC	0001260221	S&P 500	제외	PEG=보통, PEGY=불리(<1)	1107.989990234375	32.08	2025	0.0	2808000000.0		2808000000.0	19384000000.0	124000000.0	-9686000000.0	32588000000.0	-42.293249497860444	142.29324949786044	-0.2972259727507058	-284.8109965635739	-286.94158075601376	43.416489613402405	43.482904332618105	25.214676034348155	33.77548076206609		58.92935206869631	76.05096152413218		1890.4536143637774	2439.71484569416		70.62009864943694	120.19285979091588		3년	76.05096152413218	2439.71484569416	120.19285979091588	0.580762660889206	0.7779413090007121		31.20274914089347	2.816158035353108	3년	0.7779413090007121	불리(<1)	3년	33.77548076206609	1.2854440154161868	보통	N	주당순현금<=0	58200000.0	-8.832917422696617	-10.146701965235927		-23.58689722521552	1162.0554028320312	1243.0271484375	N	N	주의	단기위험부채 존재
MSFT	MICROSOFT CORP	0000789019	S&P 500	보류	PEG=보통, PEGY=안심	535.0700073242188	17.95	2026	75.0	20935000000.0	55908000000.0	76843000000.0	31067000000.0	0.0	442387000000.0	315989000000.0	58.33346519404623	41.66653480595377	1.4000075952010989	6.141956259224473	6.141956259224473	29.46674379192169	29.46674379192169	31.5982404692082	22.855998285745223	17.396112163192925	71.6964809384164	54.21199657149045	43.29222432638585	1286.9518328445743	973.1053384582535	777.0954266586259	140.5202712221473	81.86505039304379	45.23247724998254	3년	54.21199657149045	973.1053384582535	81.86505039304379	3.617577877689768	3.3208962271756834	3.135606459120309	8.987924325774856	1.6797660498149993	3년	3.3208962271756834	안심	3년	22.855998285745226	1.2892345993173897	보통	Y		7453000000.0	39.0044988712785	39.20701774889726		-1.2913461186597641	500.44679870605466	434.00389907836916	Y	Y	강한 상승추세	
NTRS	NORTHERN TRUST CORP	0000073124	S&P 500	보류	PEG=보통, PEGY=불리(<1)	168.2100067138672	8.74	2025	1.95	5873100000.0		5873100000.0	1421600000.0		12957900000.0	164174800000.0	7.315363001862446	92.68463699813756	0.07892746024359402	23.155164963319883	23.155164963319883	16.596663815852093	16.596663815852093	-10.542476970317292	12.490113204685828	9.86611256684804	-12.584953940634584	33.48022640937165	28.23222513369608	-109.99249744114627	292.61717881790827	246.74964766850374	-165.38998457341987	73.9594359066065	46.69142014139267	3년	33.48022640937165	292.61717881790827	73.9594359066065	-0.5177231439797134	0.8700611981363107	0.7119570955918278	28.398432689485546	16.882724901017667	3년	0.8700611981363107	불리(<1)	3년	12.490113204685827	1.3287840985801187	보통	Y		192246525.0	-9.874621054463761	9.234366331219057		-12.148114252124886	181.21900024414063	163.55150047302246	N	Y	중립/개선	
WST	WEST PHARMACEUTICAL SERVICES INC	0000105770	S&P 500	보류	PEG=보통, PEGY=불리(<1)	366.0	6.79	2025	24.0	791300000.0	7500000.0	798800000.0	202800000.0	0.0	3176000000.0	1094000000.0	74.37939110070258	25.620608899297427	2.903107861060329	8.198074277854195	8.198074277854195	52.69542352314372	52.69542352314372	1.4947683109118033	-4.229866358140244	39.39782987966147	11.489536621823607	0.04026728371951194	87.29565975932294	78.01395366218229	0.2734148564554861	592.7375297658028	-78.68471211415783	-99.92529648730724	61.950144744754866	5년	87.29565975932294	592.7375297658028	61.950144744754866	0.48381370916801825	0.3751774313603677	1.2030993517267639	6.449793672627235	1.7622387083680973	3년	0.3751774313603677	불리(<1)	5년	39.39782987966147	1.3375209671217685	보통	Y		72700000.0	2.3346864940622325	40.790895534109886		-2.855932022169394	355.2636022949219	304.78745071411134	Y	Y	강한 상승추세	
FDS	FACTSET RESEARCH SYSTEMS INC	0001013237	S&P 500	제외	PEG=보통, PEGY=불리(<1)	287.17999267578125	15.55	2025	1.7	337651000.0	17445000.0	355096000.0	1368260000.0	0.0	2186413000.0	2117859000.0	50.79634837203597	49.203651627964035	1.0323694825765077	-26.394789631366418	-26.394789631366418	20.16558085576512	20.16558085576512	11.79007907979871	14.904095738686006	46.6827292996804	32.08015815959742	38.30819147737201	101.8654585993608	498.84645938173986	595.6923774731348	1584.0078812200607	73.70515777710342	107.42823060994225	451.57320204000575	3년	38.30819147737201	595.6923774731348	107.42823060994225	0.6689655594989738	0.8233879230877237	2.3992727829532523	17.33682428031783	6.036919257077444	3년	0.8233879230877237	불리(<1)	3년	14.904095738686006	1.3530227669849215	보통	N	주당순현금<=0	38385000.0	13.685124097186296	26.83508303073976		-8.410140693291657	283.5223992919922	248.8540493774414	Y	Y	강한 상승추세	
WBD	Warner Bros. Discovery, Inc.	0001437107	S&P 500	제외	PEG=보통, PEGY=불리(<1)	30.950000762939453	0.29	2025	0.0	4566000000.0		4566000000.0	32567000000.0	0.0	35919000000.0	62919000000.0	36.34128574030232	63.65871425969769	0.5708768416535546	-11.067588932806323	-11.067588932806323	144.88824033015786	144.88824033015786	106.27705627705627			221.05411255411255			64.10569264069264			107.12662701273628			1년	221.05411255411255	64.10569264069264	107.12662701273628	0.7335105736316626			1.2205533596837945	3.943629497887849	1년	0.7335105736316626	불리(<1)	1년	106.27705627705627	1.3633068642063733	보통	N	주당순현금<=0	2530000000.0							판정불가	판정불가	판정불가	
JNJ	JOHNSON & JOHNSON	0000200406	S&P 500	제외	PEG=보통, PEGY=불리(<1)	261.44000244140625	11.03	2025	2.09	19709000000.0	393000000.0	20102000000.0	39438000000.0	8495000000.0	81544000000.0	117666000000.0	40.933688067868076	59.066311932131924	0.693012424999575	-7.959166872478801	-11.455915040750803	24.424222059282418	24.741243652054134	90.50086355785837	17.90172233284293	14.890675456717407	189.50172711571673	44.30344466568586	38.281350913434814	2090.2040500863554	488.666994662515	422.24330057518597	699.4966457188626	86.91362840391446	61.50676890764597	3년	44.30344466568586	488.666994662515	86.91362840391446	3.7909442246767178	0.8185203313464423	0.6952391529810836	8.108174857989628	3.101352043403085	3년	0.8185203313464423	불리(<1)	3년	17.90172233284293	1.3643504018869264	보통	N	주당순현금<=0	2429400000.0	2.989953183139016	9.867202498347694		-6.102068987287246	265.33399963378906	242.9193002319336	N	Y	상승전환	단기위험부채 존재
LRCX	LAM RESEARCH CORP	0000707549	S&P 500	제외	PEG=보통, PEGY=불리(<1)	318.8399963378906	5.76	2026	41.0	5579171000.0	2574947000.0	8154118000.0	3721914000.0	147000.0	12470921000.0	11058822000.0	53.00066813309435	46.99933186690564	1.12768982085072	3.5145483870456156	3.5144318223268223	54.74400138035504	54.74402161728539	38.79518072289155	-44.23206854382806	-26.525939643495455	86.0903614457831	-79.96413708765613	-44.55187928699091	495.88048192771066	-460.5934296248993	-256.6188246930676	55.52643571172338	-244.45911269450195	-180.48514227842224	1년	86.0903614457831	495.88048192771066	55.52643571172338	1.4576059241355743	-0.05903968402623736	0.2643953673744167			5년	0.2643953673744167	불리(<1)	1년	38.79518072289155	1.4111031411706427	보통	N	FCF<=0	1261102000.0	-7.876339001702226	19.27277704701913		-26.420971034110906	310.69239929199216	279.1571992492676	Y	Y	강한 상승추세	단기위험부채 존재
PLTR	Palantir Technologies Inc.	0001321655	S&P 500	보류	PEG=보통, PEGY=불리(<1)	209.0500030517578	0.63	2025	0.0	1423796000.0	5753247000.0	7177043000.0	0.0		7387268000.0	1412381000.0	83.9495757160314	16.0504242839686	5.230364894458365	2.7978525625907094	2.7978525625907094	327.38436585582076	327.38436585582076	231.57894736842107			471.65789473684214			297.14447368421054			42.14038237093054			1년	471.65789473684214	297.14447368421054	42.14038237093054	0.7073610456719484			0.8188809670368397	0.3917153576094885	1년	0.7073610456719484	불리(<1)	1년	231.57894736842107	1.4137052161955896	보통	Y		2565197000.0	56.33413187509886	57.928541786743516		0.0	176.97959884643555	152.33117465972902	Y	Y	강한 상승추세	
NEM	NEWMONT Corp /DE/	0001164727	S&P 500	제외	PEG=보통, PEGY=안심	117.83999633789062	6.39	2025	90.0	7647000000.0	594000000.0	8241000000.0	5115000000.0	0.0	33867000000.0	23079000000.0	59.47213149299336	40.52786850700664	1.4674379305862473	2.82129963898917	2.82129963898917	17.99979604051666	17.99979604051666	118.83561643835617		12.729803073711565	246.17123287671234		33.95960614742313	1573.0341780821918		217.0018832820338	1234.8898735296325		84.14960117599593	5년	33.95960614742313	217.0018832820338	84.14960117599593	11.602110155486063		5.707275951486995			5년	5.707275951486995	안심	5년	12.729803073711565	1.413988569680878	보통	N	FCF<=0	1108000000.0	24.369389274818598	1.1502114488331605		-12.801541460627664	120.11220031738281	111.88200004577637	N	Y	상승전환	
SWKS	SKYWORKS SOLUTIONS, INC.	0000004127	S&P 500	보류	PEG=보통, PEGY=불리(<1)	76.3499984741211	3.08	2025	0.0	1161300000.0	212900000.0	1374200000.0	496400000.0		5757100000.0	2159900000.0	72.71820133889099	27.281798661109008	2.665447474420112	5.659574468085107	5.659574468085107	22.9514363655961	22.9514363655961	-16.531165311653112	-26.666925336211623	16.101965535917493	-24.562330623306224	-44.833850672423246	40.70393107183499	-75.65197831978317	-138.0882600710636	125.36810770125176	-199.08576271344063	-280.8621648078601	64.20184702917237	5년	40.70393107183499	125.36810770125176	64.20184702917237	-0.7202671348462143	-1.1618848124113483	0.7015667899571693	7.129593810444875	9.33804054084095	5년	0.7015667899571693	불리(<1)	5년	16.101965535917493	1.4253810390042123	보통	Y		155100000.0	34.94166843984685	35.13274066216123		-16.511753939879537	76.13420013427735	66.19620000839234	Y	Y	강한 상승추세	
PNR	PENTAIR plc	0000077360	S&P 500	제외	PEG=보통, PEGY=불리(<1)	52.470001220703125	3.96	2025	2.07	82500000.0		82500000.0	1638600000.0	3694000.0	4663800000.0	2999600000.0	60.85810475767936	39.14189524232064	1.5548073076410187	-9.402416918429003	-9.424737160120847	15.624348014932355	15.629984439602014	5.882352941176464	10.942784716109877	45.36942418564116	20.264705882352928	30.385569432219754	99.23884837128232	80.24823529411759	120.32685495159022	392.98583955027794	52.94117291244505	129.32504698344235	648.9724231132993	3년	30.385569432219754	120.32685495159022	129.32504698344235	0.5089718261252448	0.8328529743240115	3.03624984161277	4.507552870090635	8.590723775916526	3년	0.8328529743240115	불리(<1)	3년	10.942784716109877	1.4278219320106262	보통	N	주당순현금<=0	165500000.0	-30.668603317758336	-42.46710199948702		-52.60162360687735	59.75840003967285	79.74265003204346	N	N	주의	단기위험부채 존재
EW	Edwards Lifesciences Corp	0001099800	S&P 500	보류	PEG=보통, PEGY=불리(<1)	85.20999908447266	1.83	2025	0.0	2938000000.0	1288300000.0	4226300000.0	598300000.0	0.0	10337600000.0	3359600000.0	75.47235931431241	24.527640685687587	3.0770329801166807	6.193240013656538	6.193240013656538	43.178556869298426	43.178556869298426	181.53846153846155	-9.143970358393016	30.15204668909448	371.5769230769231	-9.787940716786032	68.80409337818895	679.9857692307693	-17.91193151171844	125.91149088208579	698.0117081760177	-121.02092677405324	47.766098151537165	5년	68.80409337818895	125.91149088208579	47.766098151537165	4.204366118302166	-0.21177109707653805	0.6983106633314491	2.278934790030727	2.6744922127877415	5년	0.6983106633314491	불리(<1)	5년	30.15204668909448	1.432027394840677	보통	Y		585800000.0	-5.416802588286385	9.075775843083722		-10.474890931641411	88.61900009155273	85.1379500579834	N	Y	중립/개선	
MMM	3M CO	0000066740	S&P 500	제외	PEG=보통, PEGY=불리(<1)	159.9600067138672	6.0	2025	1.91	2398000000.0	404000000.0	2802000000.0	10932000000.0	1670000000.0	4702000000.0	32986000000.0	12.476119719804712	87.52388028019529	0.1425453222579276	-15.019397746166636	-18.10456308886015	29.163234076672307	29.677428300454554	351.12781954887214	-16.156804116139433	20.313637898738858	710.7556390977443	-23.813608232278867	49.127275797477715	4264.533834586466	-142.8816493936732	294.7636547848663	2566.0000347554164	-189.32335796237908	84.27334484433524	5년	49.127275797477715	294.7636547848663	84.27334484433524	12.105578504109301	-0.4885193486663217	0.762042983309439	2.5789765379641603	1.61226333440794	5년	0.762042983309439	불리(<1)	5년	20.313637898738858	1.4356480223802188	보통	N	주당순현금<=0	541300000.0	2.1586440434835596	4.692724486417732		-12.96114496879246	171.8770001220703	160.64815032958984	N	N	중립/개선	단기위험부채 존재
VMC	Vulcan Materials CO	0001396009	S&P 500	제외	PEG=보통, PEGY=안심	244.5800018310547	8.11	2025	85.0	183300000.0	0.0	183300000.0	4361700000.0	0.0	8525100000.0	8151500000.0	51.120132401088945	48.87986759891105	1.0458320554499172	-31.48756593820648	-31.48756593820648	34.04039060040212	34.04039060040212	18.394160583941606	23.456661319602468	56.64065143238312	45.28832116788321	55.413322639204935	121.78130286476625	367.28828467153284	449.402046603952	987.6463662332542	50.171020493016314	83.74439579666841	303.8132140155423	3년	55.413322639204935	449.402046603952	83.74439579666841	3.0373964211421303	3.1861168278815595	4.160958465344693	8.555388093443858	3.4979916711888617	3년	3.1861168278815595	안심	3년	23.456661319602468	1.4512035680011697	보통	N	주당순현금<=0	132700000.0	-16.208164186213992	-17.69139934215952		-25.967852575625617	261.6081997680664	282.96660011291505	N	N	주의	
ESS	ESSEX PROPERTY TRUST, INC.	0000920522	S&P 500	제외	PEG=보통, PEGY=불리(<1)	271.57000732421875	10.4	2025	3.86	76241000.0		76241000.0	638959000.0		5541372000.0	7422114000.0	42.74600211702315	57.25399788297685	0.7466029220246415	-8.737930546901023	-8.737930546901023	26.952686333761513	26.952686333761513	-9.878682842287684	18.3737118876667	3.6579731144279037	-11.257365684575369	45.2474237753334	15.815946228855807	-117.07660311958384	470.5732072634674	164.4858407801004	-143.11102108555374	73.27878431791073	-39.43151439999557	3년	45.2474237753334	470.5732072634674	73.27878431791073	-0.2233054905086976	0.8249163594434101	0.27893223782338644			3년	0.8249163594434101	불리(<1)	3년	18.3737118876667	1.466915694473985	보통	N	주당순현금<=0 | FCF<=0	64399459.0	-8.908864295304264	9.08616615917428		-8.969926072639268	278.72559814453126	268.68474906921386	N	Y	중립/개선	
ALL	ALLSTATE CORP	0000899051	S&P 500	제외	PEG=보통, PEGY=불리(<1)	229.42999267578125	14.37	2025	1.93	678000000.0	4887000000.0	5565000000.0	7490000000.0		30610000000.0	89169000000.0	25.555397857721303	74.4446021422787	0.3432807365788559	-7.207038562336204	-7.207038562336204	16.467434324155704	16.467434324155704	103.25318246110325		11.203898286185531	215.0063649222065		30.907796572371062	3089.6414639321074		444.1450367449721	1246.6597927753198		93.58630123508533	5년	30.907796572371062	444.1450367449721	93.58630123508533	6.387344888742774		0.7975679773575726	36.997379258704605	16.1257814757408	5년	0.7975679773575726	불리(<1)	5년	11.203898286185531	1.469795057356076	보통	N	주당순현금<=0	267100000.0	-8.356306338208874	6.666975025358002		-16.604265605774682	249.64799957275392	225.2160503387451	N	Y	중립/개선	
ZTS	Zoetis Inc.	0001555280	S&P 500	제외	PEG=보통, PEGY=불리(<1)	74.80999755859375	6.02	2025	2.9	1564000000.0	0.0	1564000000.0	9042000000.0	0.0	3331000000.0	12136000000.0	21.53617378935799	78.46382621064201	0.2744726433750824	-16.84860364775198	-16.84860364775198	15.225681263512582	15.225681263512582	10.05484460694698	10.268140283428306	11.973196718056611	28.60968921389396	29.03628056685661	32.446393436113226	172.23032906764163	174.79840901247678	195.3272884854016	130.2236795727001	133.65648271217853	161.09784101037374	3년	29.03628056685661	174.79840901247678	133.65648271217853	0.8508548407612129	0.8648637821537057	0.9768493416251476	5.1438034404677415	6.875823564141863	3년	0.8648637821537057	불리(<1)	3년	10.268140283428306	1.4828080687683265	보통	N	주당순현금<=0	443835000.0	0.9990520680685844	-37.699869738637325		-49.29167072623066	73.96579986572266	97.08935009002685	Y	N	중립/개선	
SBAC	SBA COMMUNICATIONS CORP	0001034054	S&P 500	제외	PEG=보통, PEGY=불리(<1)	182.49000549316406	3.47	2025	2.94	264568000.0	6648000.0	271216000.0	10964466000.0	1935802000.0	-4853519000.0					-99.44156677485051	-117.44350106478942	81.24829171988893	86.43616903687419	115.527950310559	54.54935861402714	29.8495127277137	239.555900621118	117.59871722805428	68.1990254554274	831.2589751552796	408.06754878134836	236.6506183303331	355.5093156520388	123.61090278811692	29.678673465324557	3년	117.59871722805428	408.06754878134836	123.61090278811693	1.4580977372298278	0.7075762135679982	0.4035717186615887	9.917969367542987	5.434801396789101	3년	0.7075762135679982	불리(<1)	3년	54.54935861402714	1.4894454084194542	보통	N	주당순현금<=0	107533000.0	-2.5420531411673886	-17.14039187179902		-18.440221008641757	179.2579995727539	190.7696997833252	Y	N	주의	단기위험부채 존재
GRMN	GARMIN LTD	0001121788	S&P 500	보류	PEG=보통, PEGY=불리(<1)	268.3599853515625	8.59	2025	1.56	2278646000.0	167989000.0	2446635000.0			8972564000.0					12.63653313775721	12.63653313775721	29.769901305448812	29.769901305448812	17.671232876712327	19.45038186480894	37.78102526893068	43.842465753424655	47.40076372961788	84.06205053786135	376.60678082191777	407.1725604374176	722.093014120229	40.336414286409926	51.72625676812621	169.07626081968138	3년	47.40076372961788	407.1725604374176	51.72625676812621	0.6459958559954115	0.705759204548098	1.3215033824022135	7.039258119163706	2.62306547302199	3년	0.705759204548098	불리(<1)	3년	19.45038186480894	1.5305561357286617	보통	Y		193616000.0	11.172785131988627	2.5958549670136666		-14.305791859322115	288.81160034179686	248.1218002319336	N	Y	상승전환	
TJX	TJX COMPANIES INC /DE/	0000109198	S&P 500	보류	PEG=보통, PEGY=불리(<1)	138.75999450683594	4.87	2026	1.38	6230000000.0	0.0	6230000000.0	1870000000.0	999000000.0	10190000000.0					3.8652482269503547	2.979609929078014	27.69912654617774	27.880982459498547	14.319248826291089	17.920914155588186		37.138497652582174	44.34182831117637		180.8644835680752	215.94470387542893		30.343391991965674	55.62461258586351		3년	44.34182831117637	215.94470387542893	55.62461258586351	0.5667777574184	0.6968058766550369		4.35904255319149	3.1414260058771792	3년	0.6968058766550369	불리(<1)	3년	17.920914155588186	1.545631339210476	보통	Y		1128000000.0	-7.702542312844363	-12.910316379729991		-17.60584793689688	138.90940017700194	152.11420001983643	N	N	주의	단기위험부채 존재
HCA	HCA Healthcare, Inc.	0000860730	S&P 500	제외	PEG=보통, PEGY=안심	451.0899963378906	28.33	2025	71.0	1040000000.0	103000000.0	1143000000.0	41603000000.0	4698000000.0	-6027000000.0	45623000000.0	-15.221234468128095	115.22123446812809	-0.13210442101571576	-168.93880874339757	-188.55508465729974	21.885944408093476	22.578365019244277	28.772727272727266	13.944298430482704	20.983259927461795	66.04545454545453	36.38859686096541	50.46651985492359	1871.0677272727269	1030.88894907115	1429.7165074899851	314.78812265018547	128.53287757216384	216.94706579550274	3년	36.38859686096541	1030.88894907115	128.53287757216384	4.55875814231855	3.881226089520272	4.202846274865167	32.117580742813004	7.1199940152863	3년	3.881226089520272	안심	3년	13.944298430482704	1.569526392252913	보통	N	주당순현금<=0	239495000.0	24.06215312589046	-9.31406373671666		-17.25093238357661	420.71440063476564	445.2013998413086	Y	Y	상승전환	단기위험부채 존재
AXP	AMERICAN EXPRESS CO	0000004962	S&P 500	제외	PEG=보통, PEGY=불리(<1)	308.1700134277344	15.38	2025	1.25	654000000.0	742000000.0	1396000000.0	56387000000.0	1371000000.0	33474000000.0	266578000000.0	11.156066281844481	88.84393371815553	0.12556925177621558	-79.01005747126437	-80.97988505747126	25.174256885500565	25.302334101768896	9.77872947894362	16.01301181321386	54.27257678866031	28.05745895788724	40.52602362642772	117.04515357732062	431.52371877230576	623.2902433744584	1800.1544620191912	40.027809316203225	102.25531888767613	484.14329220299885	3년	40.52602362642772	623.2902433744584	102.25531888767611	0.43809553263499734	0.685740671183693	2.205529920553057	22.992816091954023	7.461081575137037	3년	0.685740671183693	불리(<1)	3년	16.01301181321386	1.5721125531629776	보통	N	주당순현금<=0	696000000.0	-13.206214288648876	-4.832929881573101		-19.932967419479553	324.69159912109376	330.43344940185546	N	N	주의	단기위험부채 존재
MCK	MCKESSON CORP	0000927653	S&P 500	보류	PEG=보통, PEGY=안심	938.8400268554688	38.38	2026	41.0	3975000000.0		3975000000.0	3072000000.0	0.0	-2172000000.0					7.2763900080580175	7.2763900080580175	24.272111434273338	24.272111434273338	49.22239502332816	15.31382381030486	56.03117347520965	106.94479004665632	39.12764762060972	120.5623469504193	4104.54104199067	1501.719115679001	4627.182875957093	337.1928043735347	59.95473911661264	392.8616956666497	3년	39.12764762060972	1501.719115679001	59.95473911661264	3.717121819732996	2.320104040507459	3.997640408744876	46.08380338436744	4.90858954306833	3년	2.320104040507459	안심	3년	15.31382381030486	1.5849804552368123	보통	Y		124100000.0	16.86271986278505	8.59039972495812		-5.709605946282759	883.7234033203125	850.175249633789	Y	Y	강한 상승추세	
SBUX	STARBUCKS CORP	0000829224	S&P 500	제외	PEG=보통, PEGY=불리(<1)	90.75	1.63	2025	2.65	6455700000.0	247200000.0	6702900000.0	14575900000.0	0.0	-8096600000.0	40108900000.0	-25.292153328564332	125.29215332856434	-0.201865421390265	-6.9073521670468505	-6.9073521670468505	59.912485992053284	59.912485992053284	-50.755287009063444	-16.7980082334351	37.63685261204004	-93.01057401812689	-25.096016466870203	83.77370522408008	-151.60723564954682	-40.90650684099843	136.55113951525053	-267.0603147653408	-145.07604059614152	50.469575223416555	5년	83.77370522408008	136.55113951525053	50.469575223416555	-0.8029259045509156	-0.23614456985329693	0.6724283251638671	2.142481137041586	2.3608607570706184	5년	0.6724283251638671	불리(<1)	5년	37.63685261204004	1.5918569655552777	보통	N	주당순현금<=0	1139800000.0	-14.523875327197333	-6.90398350961372		-16.397975634575136	101.2620004272461	98.92185024261475	N	N	주의	
MCO	MOODYS CORP /DE/	0001059556	S&P 500	제외	PEG=보통, PEGY=안심	464.2300109863281	13.67	2025	90.0	2384000000.0	64000000.0	2448000000.0	6994000000.0	129900000.0	4054000000.0	11625000000.0	25.856240831685696	74.1437591683143	0.3487311827956989	-25.26959421901056	-25.99166203446359	35.808310549037216	35.861131896180815	21.403197158081706	22.48000431974093	7.800452654910939	51.30639431616341	53.46000863948186	24.100905309821876	701.3584103019539	730.7983181017171	329.45937558526504	51.07993746716417	57.42160153520095	-29.031004504582135	3년	53.46000863948186	730.7983181017171	57.42160153520095	3.1110989446296853	3.141170376237289	2.73122219829331	14.313507504168983	3.0832792291385327	3년	3.141170376237289	안심	3년	22.48000431974093	1.5928960706467463	보통	N	주당순현금<=0	179900000.0	-6.164978740463523	5.60042457067409		-13.969343861589845	478.29000061035157	470.1022001647949	N	N	판정불가	단기위험부채 존재
CPT	CAMDEN PROPERTY TRUST	0000906345	S&P 500	제외	PEG=보통, PEGY=불리(<1)	97.58000183105469	3.54	2025	4.43	25203000.0	0.0	25203000.0	3900800000.0		4362523000.0	4604736000.0	48.64945910450451	51.35054089549549	0.9473991559993885	-35.741529409594776	-35.741529409594776	37.66144950300832	37.66144950300832	136.0	-16.313493007414216	23.343513504709378	280.5	-24.126986014828432	55.187027009418756	992.97	-85.40953049249265	195.3620756133424	917.5957997205005	-187.52769921071183	100.20708336487107	5년	55.187027009418756	195.3620756133424	100.20708336487107	3.728746552593063	-0.31553466911742173	0.7374520596317167			5년	0.7374520596317167	불리(<1)	5년	23.343513504709378	1.6133582245624851	보통	N	주당순현금<=0 | FCF<=0	108434000.0	-13.630732048419436	-3.213645976568935		-17.009695261560786	104.07920059204102	106.65079990386963	N	N	주의	
EL	ESTEE LAUDER COMPANIES INC	0001001250	S&P 500	보류	PEG=보통, PEGY=불리(<1)	98.05000305175781	0.5	2026	1.48	2181000000.0	534000000.0	2715000000.0	1080100000.0	1000000000.0	5590000000.0	8745000000.0	38.99546564352982	61.004534356470174	0.6392224128073185	4.4816337719298245	1.740405701754386	187.13673855965598	192.61919470000686	115.87301587301589	-43.62040735317784	-42.25870639790483	240.24603174603178	-78.74081470635568	-76.01741279580966	120.12301587301589	-39.37040735317784	-38.00870639790483	22.511996057365092	-140.15339737663783	-138.76461521152743	1년	240.24603174603178	120.12301587301589	22.511996057365092	0.6270976868371881	-0.22518511157948926	-0.21790860902978323	3.607456140350877	3.6792004365839777	1년	0.6270976868371881	불리(<1)	1년	115.87301587301589	1.6150156889394969	보통	Y		364800000.0	21.258968973103887	31.52246685179163		-18.025246591903997	94.8800001525879	91.80955005645752	Y	Y	강한 상승추세	단기위험부채 존재
AON	Aon plc	0000315293	S&P 500	제외	PEG=보통, PEGY=불리(<1)	273.4700012207031	17.02	2025	1.18	1195000000.0	1603000000.0	2798000000.0	14660000000.0		9352000000.0	41236000000.0	18.48659761208192	81.51340238791809	0.22679212338733146	-54.63841547673883	-54.63841547673883	19.2778153171235	19.2778153171235	36.269015212169734	11.921526017460929	15.032502900053736	81.03803042433947	32.343052034921854	38.56500580010747	1379.2672778222577	550.47874563437	656.3763987178291	404.35779853934486	101.29401513042296	140.01769692760652	3년	32.343052034921854	550.47874563437	101.29401513042295	1.942596429944304	0.6796167408982028	0.8409927490929429	14.822662367572548	5.42021512466004	3년	0.6796167408982028	불리(<1)	3년	11.921526017460927	1.6170593671387494	보통	N	주당순현금<=0	217100000.0	-23.801167472271512	-15.958817962455496		-28.27204684047102	319.3875982666016	329.8356495666504	N	N	주의	
CHD	CHURCH & DWIGHT CO INC /DE/	0000313927	S&P 500	제외	PEG=보통, PEGY=불리(<1)	98.11000061035156	3.02	2025	1.27	409000000.0		409000000.0	2205100000.0	0.0	4002200000.0	4910200000.0	44.90597369956465	55.09402630043535	0.8150788155268625	-7.352026197298404	-7.352026197298404	34.92120092968542	34.92120092968542	27.426160337552734	21.59038130727984	38.621625217033674	63.35232067510547	51.680762614559676	85.74325043406735	191.3240084388185	156.07590309597023	258.9446163108834	95.0096903970786	59.08256255734108	163.93294740593674	3년	51.680762614559676	156.07590309597023	59.08256255734108	0.8217403632633672	0.6546275814886694	1.142332570330451	4.474007367990176	4.560195026151213	3년	0.6546275814886694	불리(<1)	3년	21.590381307279838	1.617442528349914	보통	N	주당순현금<=0	244300000.0	2.8298887376674964	3.2410837321042774		-6.792705092885298	98.26280059814454	96.29669998168946	N	Y	상승전환	
HOOD	Robinhood Markets, Inc.	0001783879	S&P 500	제외	PEG=보통, PEGY=불리(<1)	109.0199966430664	2.05	2025	0.0	4261000000.0		4261000000.0			7972000000.0	28986000000.0	21.570431300395043	78.42956869960496	0.2750293245014835	4.637662377147143	4.637662377147143	50.918211837033795	50.918211837033795	31.410256410256395			71.32051282051279			146.2070512820512			34.11030616771704			1년	71.32051282051279	146.2070512820512	34.11030616771704	0.6168766591958579					1년	0.6168766591958579	불리(<1)	1년	31.410256410256395	1.6210696013423012	보통	N	FCF<=0	918781846.0	-3.9048042523939674	52.11385437191889		-25.87707690655755	107.23359970092774	94.10342491149902	Y	Y	강한 상승추세	
CME	CME GROUP INC.	0001156375	S&P 500	보류	PEG=보통, PEGY=불리(<1)	280.55999755859375	11.16	2025	1.88	4416900000.0	125000000.0	4541900000.0		0.0	28728200000.0	169696000000.0	14.478173529236857	85.52182647076314	0.16929214595511974	12.605534123393744	12.605534123393744	24.010256580215053	24.010256580215053	15.408479834539815	14.67730855550884	56.73155320469705	39.31695966907963	37.854617111017674	121.9631064093941	438.77726990692867	422.45752695895726	1361.1082675288383	56.39338242269978	50.57653643967146	385.1398201358255	3년	37.854617111017674	422.45752695895726	50.57653643967146	0.7200456095411274	0.6895931536671875	2.44110482571828	11.63886653159779	4.148441200769208	3년	0.6895931536671875	불리(<1)	3년	14.677308555508839	1.6358759843066235	보통	Y		360310000.0	15.167684764856126	-6.663561337144874		-14.05991395512254	271.7956018066406	278.48310020446775	Y	Y	상승전환	
LIN	LINDE PLC	0001707925	S&P 500	제외	PEG=보통, PEGY=불리(<1)	483.7300109863281	14.61	2025	1.33	5056000000.0		5056000000.0	20683000000.0	4510000000.0	38245000000.0	47076000000.0	44.824837964862105	55.175162035137895	0.812409720452035	-33.0943783818126	-42.6455172121687	35.374701531015795	36.02844135513325	7.268722466960355	21.083080176239765	25.40817902227086	23.03744493392071	50.66616035247953	59.31635804454172	336.57707048458155	740.2326027497259	866.6119910307546	-30.420469509779004	53.02598266342573	79.15200036146774	3년	50.66616035247953	740.2326027497259	53.02598266342573	0.24307547752512276	0.6335906511207862	0.7558559610411805	10.7773271635659	2.2279633098618112	3년	0.6335906511207862	불리(<1)	3년	21.083080176239765	1.6778716029777478	보통	N	주당순현금<=0	472195000.0	-7.427176612883912	-4.940354977123363		-11.508488580472632	477.9816021728516	487.7866003417969	Y	N	주의	단기위험부채 존재
PH	Parker-Hannifin Corp	0000076334	S&P 500	제외	PEG=보통, PEGY=안심	962.5599975585938	28.48	2026	84.0	501000000.0	8390000.0	509390000.0	8796284000.0	1000000000.0	15404000000.0	15464000000.0	49.90281197356486	50.09718802643515	0.9961200206932229	-64.69081967213114	-72.49722092115535	36.06920004321365	36.343301210665345	5.014749262536871	21.091002216465117	16.36215183053762	18.52949852507374	50.68200443293023	41.22430366107524	527.7201179941002	1443.4234862498529	1174.0681682674228	-45.17535329407075	49.95672892192755	21.973505157630857	3년	50.68200443293023	1443.4234862498529	49.95672892192755	2.4678880916651997	2.913593927521489	2.7824889853475017	30.483996877439502	3.1669710932054245	3년	2.913593927521489	안심	3년	21.091002216465114	1.710170037109735	보통	N	주당순현금<=0	128100000.0	-0.2063128152568261	-2.7216033453155486		-10.365314057075125	987.0776000976563	947.185398864746	N	Y	중립/개선	단기위험부채 존재
BALL	BALL Corp	0000009389	S&P 500	제외	PEG=보통, PEGY=불리(<1)	58.459999084472656	3.3	2025	1.39	1212000000.0		1212000000.0	6337000000.0	2000000.0	5421000000.0	14103000000.0	27.76582667486171	72.2341733251383	0.3843863007870666	-18.570724566260346	-18.577971678286204	23.34264353052515	23.344839625078443	3099.9999999999995	13.617128057248994	13.396657763302722	6208.499999999999	35.73425611449799	35.29331552660544	20488.049999999996	117.92304517784335	116.46794123779794	34946.27150334963	101.71578348376072	99.22672436156874	3년	35.73425611449799	117.92304517784335	101.71578348376072	132.86370054635478	0.6429061060553912	0.6334611477901474	2.855362138187932	4.884300689197811	3년	0.6429061060553912	불리(<1)	3년	13.617128057248994	1.7142119419299169	보통	N	주당순현금<=0	275972000.0	-3.3079722631250252	-8.08176024051307		-13.724915523261494	60.991800231933595	60.1956498336792	N	N	주의	단기위험부채 존재
O	REALTY INCOME CORP	0000726728	S&P 500	제외	PEG=보통, PEGY=불리(<1)	54.18000030517578	1.17	2025	6.01	434842000.0		434842000.0	3975000000.0	516800000.0	39438695000.0	32671644000.0	54.69215031703013	45.30784968296987	1.2071230636572803	-3.897418790885291	-4.466372501744953	49.63881974022314	50.12510496318012	19.38775510204081	-6.251173723614811	28.805493048681363	47.27551020408162	-4.0023474472296225	66.11098609736273	55.31234693877549	-4.682746513258658	77.34985373391439	2.0899716264703327	-108.64294294367384	42.76458711375313	5년	66.11098609736273	77.34985373391439	42.76458711375313	0.5116510673492222	-0.004858570870076198	0.701376326650849			5년	0.701376326650849	불리(<1)	5년	28.805493048681363	1.723241454549429	보통	N	주당순현금<=0 | FCF<=0	908334000.0	-15.03841945075658	-14.434616919929555		-19.804614767508987	59.471999893188475	61.74409982681274	N	N	주의	단기위험부채 존재
NFLX	NETFLIX INC	0001065280	S&P 500	제외	PEG=보통, PEGY=불리(<1)	70.30000305175781	2.53	2025	0.0	9033681000.0	28678000.0	9062359000.0	13463971000.0	998865000.0	26615488000.0	28981505000.0	47.87217179173701	52.127828208263	0.9183611410104479	-1.0132943879675764	-1.2432429383707544	28.187074086847982	28.277962841948053	-87.24155320221885	-36.64720009551697	16.282594168366128	-165.9831064044377	-64.79440019103394	41.065188336732255	-419.93725920322737	-163.92983248331586	103.8949264919326	-697.350271655112	-333.18609582793874	47.78794023016015	5년	41.065188336732255	103.8949264919326	47.78794023016015	-3.0950907828679366	-1.3001420432146402	0.5776617366597673	2.1780274838317877	3.0981897429339122	5년	0.5776617366597673	불리(<1)	5년	16.282594168366128	1.7311169089757157	보통	N	주당순현금<=0	4343863000.0	-4.392759120306833	-31.853431023501432		-43.36810581868931	75.32620025634766	83.45434986114502	N	N	주의	단기위험부채 존재
HRL	HORMEL FOODS CORP /DE/	0000048465	S&P 500	제외	PEG=보통, PEGY=불리(<1)	19.190000534057617	0.87	2025	6.02	670679000.0	32909000.0	703588000.0	2850778000.0	185000000.0	7901171000.0					-3.900464308550834	-4.236524879381503	26.540764186906266	26.927040705102435	-40.816326530612244	-21.81034655991424	15.135740743060389	-73.13265306122449	-35.12069311982848	38.77148148612078	-63.625408163265305	-30.55500301425078	33.731188892925076	-431.55500986227474	-259.22356521055343	75.77481998012642	5년	38.77148148612078	33.731188892925076	75.77481998012642	-1.3110521718805224	-0.5949469445836197	0.7971036777267119	0.970668270069174	5.058198244166133	5년	0.7971036777267119	불리(<1)	5년	15.135740743060389	1.753516041101258	보통	N	주당순현금<=0	550496000.0	-22.6521525709807	-6.298823422912292		-27.61222041352268	22.072399940490723	23.056899967193605	N	N	주의	단기위험부채 존재
FAST	FASTENAL CO	0000815556	S&P 500	보류	PEG=보통, PEGY=불리(<1)	50.75	1.09	2025	1.93	276800000.0	27165000.0	303965000.0	100000000.0	25000000.0	3943600000.0					0.1773093413120836	0.15557652669780128	46.396963907053134	46.41690226908458	-45.49999999999999	-16.762013813238276	26.237828742825165	-82.49999999999999	-25.024027626476553	60.97565748565033	-89.925	-27.276190112859446	66.46346665935887	-277.192118226601	-153.74618741450138	30.962495880510097	5년	60.97565748565033	66.46346665935887	30.962495880510097	-0.9390700668966964	-0.319676387509993	0.6071049993541316	0.9132998013505995	1.799605519902659	5년	0.6071049993541316	불리(<1)	5년	26.237828742825165	1.7683232999887828	보통	Y		1150334204.0	10.953209745708815	10.807862107853495		-3.111876737069119	50.191800079345704	46.44029993057251	Y	Y	강한 상승추세	단기위험부채 존재
SCHW	SCHWAB CHARLES CORP	0000316709	S&P 500	보류	PEG=보통, PEGY=불리(<1)	96.69999694824219	4.65	2025	1.32	46030000000.0		46030000000.0	18914000000.0	17050000000.0	49425000000.0	441570000000.0	10.066293954113585	89.93370604588642	0.11193015829879747	14.989496959646214	5.564400221116639	17.572150535181926	19.59905305959689	55.51839464882943	9.933056473764434	52.16529750329273	119.53678929765886	28.36611294752887	112.83059500658545	555.8460702341138	131.90242520600924	524.6622667806224	474.8149821882884	36.40375322515143	442.5669941452462	3년	28.36611294752887	131.90242520600924	36.40375322515143	3.234572486448425	0.6403915360976579	3.043753659872627	4.844112769485903	5.009423911438872	3년	0.6403915360976579	불리(<1)	3년	9.933056473764434	1.769057749907509	보통	Y		1809000000.0	-4.352128182282011	-0.09298891045956825		-14.914214122361525	105.58359970092773	98.30484981536866	N	N	주의	단기위험부채 존재
CFG	CITIZENS FINANCIAL GROUP INC/RI	0000759944	S&P 500	제외	PEG=보통, PEGY=불리(<1)	63.56999969482422	3.86	2025	2.87	4074000000.0		4074000000.0	11224000000.0	58000000.0	26317000000.0	200034000000.0	11.626632972684018	88.37336702731598	0.13156263435216015	-16.365648187670065	-16.49840449464697	20.7087170680037	20.743109893645386	27.392739273927397	-1.9905807112054583	11.698377840871576	63.285478547854794	4.518838577589083	31.89675568174315	244.2819471947195	17.44271690949386	123.12147693152856	284.27237433919413	-72.56140161518042	93.6785866329852	5년	31.89675568174315	123.12147693152856	93.6785866329852	1.4613526842126439	0.04246614051013816	0.7034901193073257	4.772360345635256	7.507252428103779	3년	0.0424661405101381	불리(<1)	5년	11.698377840871576	1.7702212520142724	보통	N	주당순현금<=0	436890731.0	-9.598976150872796	-1.8375577550212796		-14.933765771166563	69.01899993896484	65.27125011444092	N	N	주의	단기위험부채 존재
WAB	WESTINGHOUSE AIR BRAKE TECHNOLOGIES CORP	0000943452	S&P 500	제외	PEG=보통, PEGY=양호	285.42999267578125	6.83	2025	44.0	473000000.0		473000000.0	4291000000.0	1250000000.0	11142000000.0	10879000000.0	50.59715725898006	49.40284274101994	1.0241750160860372	-22.314436002337814	-29.62010520163647	45.057749440427386	46.12739353988547	13.079470198675496	25.44351122642632	25.77438254899549	34.65894039735099	59.387022452852634	60.04876509799098	236.72056291390726	405.61336335298347	410.1330656192784	-17.065280808524854	42.10607636238075	43.68954775020677	3년	59.387022452852634	405.61336335298347	42.10607636238075	1.2668069512469213	1.5412112697337514	1.5485545420160616	8.760958503798948	3.0693895976623886	3년	1.5412112697337514	양호	3년	25.443511226426317	1.7708935311423997	보통	N	주당순현금<=0	171100000.0	8.934434258329759	6.092024832850362		-6.658169103046296	289.35140014648437	263.2626496887207	N	Y	상승전환	단기위험부채 존재
ISRG	INTUITIVE SURGICAL INC	0001035267	S&P 500	제외	PEG=보통, PEGY=불리(<1)	423.9599914550781	7.87	2025	0.0	3368000000.0	2566900000.0	5934900000.0			17824000000.0	2517000000.0	87.62597709060518	12.374022909394819	7.0814461660707195	16.3631100082713	16.3631100082713	51.79121746465144	51.79121746465144	22.58566978193147	29.189521389942357	21.11377974023332	53.67133956386294	66.87904277988471	50.72755948046664	422.3934423676013	526.3380666776927	399.22589311127246	-0.3695039907186115	24.14805106284712	-5.834064261326988	3년	66.87904277988471	526.3380666776927	24.14805106284712	0.4360907290381163	0.5635998306057354	0.4076710448956699			3년	0.5635998306057354	불리(<1)	3년	29.189521389942353	1.7743085531541742	보통	N	FCF<=0	362700000.0	11.715412768136524	-7.625937042799014		-28.487811602579317	386.0971990966797	443.4130995178223	Y	N	중립/개선	
MS	MORGAN STANLEY	0000895421	S&P 500	제외	PEG=보통, PEGY=불리(<1)	190.02000427246094	10.21	2025	2.45	111695000000.0		111695000000.0	341681000000.0	941000000.0	111632000000.0	1307618000000.0	7.865562797252069	92.13443720274793	0.08537049811183388	-144.46356783919597	-145.05464824120602	32.760389041298424	32.81828134316032	28.427672955974852	18.408680655257537	41.34141455266054	65.35534591194971	45.317361310515075	91.18282910532108	667.2780817610067	462.690258980359	930.9766851653283	251.16201808112123	143.4955523508613	389.9361457914945	3년	45.317361310515075	462.690258980359	143.4955523508613	0.942530716501865	0.6367043025332407	1.336718391758296			3년	0.6367043025332407	불리(<1)	3년	18.408680655257537	1.7796163481135745	보통	N	주당순현금<=0 | FCF<=0	1592000000.0	-16.53709061329448	4.902288237128016		-16.858454720987826	207.33160095214845	194.21454971313477	N	N	판정불가	단기위험부채 존재
ALLE	Allegion plc	0001579241	S&P 500	제외	PEG=보통, PEGY=불리(<1)	150.47999572753906	7.44	2025	1.47	356200000.0		356200000.0	1979900000.0	200000.0	1318300000.0	3156100000.0	29.463168246021816	70.53683175397819	0.41769905896517856	-18.749422632794456	-18.75173210161663	22.745889564560954	22.746199977037055	9.090909090909092	12.754839878198432	17.023921536797502	26.681818181818183	34.009679756396864	42.547843073595004	198.5127272727273	253.03201738759267	316.55595246754683	31.919678966602905	68.14993658408628	110.36414238122849	3년	34.009679756396864	253.03201738759267	68.14993658408628	0.4642996731753868	0.6253806797849457	0.813066531616851	7.98729792147806	5.307880215480575	3년	0.6253806797849457	불리(<1)	3년	12.754839878198432	1.7833143953018182	보통	N	주당순현금<=0	86600000.0	10.233683820127592	2.2213089223124483		-16.29304547411018	157.66720031738282	150.06170043945312	N	Y	상승전환	단기위험부채 존재
KDP	Keurig Dr Pepper Inc.	0001418135	S&P 500	제외	PEG=보통, PEGY=불리(<1)	31.760000228881836	1.53	2025	3.01	1026000000.0		1026000000.0	13036000000.0	0.0	25516000000.0	29943000000.0	46.0087632304946	53.9912367695054	0.8521524229369135	-8.812738479600823	-8.812738479600823	26.518129874825267	26.518129874825267	45.714285714285715	14.847977704937376	38.520495126762675	99.92857142857143	38.195955409874756	85.54099025352535	152.8907142857143	58.439811777108375	130.8777150878938	381.3939331986493	84.00444381598118	312.0834828233928	3년	38.195955409874756	58.439811777108375	84.00444381598118	1.8373952440945562	0.6734252298044092	1.5661170422952506	1.1043439976518932	3.477153619941184	3년	0.6734252298044092	불리(<1)	3년	14.847977704937376	1.7859758683505589	보통	N	주당순현금<=0	1362800000.0	4.9570389578791785	21.966202427987348		-5.194029167516911	31.281000061035158	29.50010006904602	Y	Y	강한 상승추세	
LVS	LAS VEGAS SANDS CORP	0001300514	S&P 500	보류	PEG=보통, PEGY=불리(<1)	36.16999816894531	0.58	2025	3.32	3841000000.0		3841000000.0			1590000000.0	19986000000.0	7.369299221357063	92.63070077864293	0.0795556889822876	5.542568542568542	5.542568542568542	52.80591314892547	52.80591314892547	28.888888888888875			66.27777777777774			38.44111111111109			6.2789965638309075			1년	66.27777777777774	38.44111111111109	6.2789965638309075	0.6099485259927615			2.676767676767677	7.400519248756515	1년	0.6099485259927615	불리(<1)	1년	28.888888888888875	1.827896993616652	보통	Y		693000000.0	-19.227335518222976	-34.04449659317068		-47.949346264401726	42.676400146484376	50.95119997024536	N	N	주의	
BX	Blackstone Inc.	0001393818	S&P 500	제외	PEG=보통, PEGY=불리(<1)	114.29000091552734	3.87	2025	4.68	2631241000.0		2631241000.0	12576587000.0		8665526000.0	25827803000.0	25.122324377562975	74.87767562243702	0.3355115415740162	-12.746916027812693	-12.746916027812693	32.82607672954523	32.82607672954523	6.906077348066299	17.923308120835912	20.871508213597355	22.3121546961326	44.346616241671825	50.24301642719471	86.34803867403316	171.62140485526996	194.44047357324354	-24.44829995420711	50.16309692929018	70.12903317496344	3년	44.346616241671825	171.62140485526996	50.16309692929018	0.3529534596389403	0.6885778129096897	0.7783905589485091	5.8284613995335155	5.099712444522052	3년	0.6885778129096897	불리(<1)	3년	17.923308120835912	1.8314742182769703	보통	N	주당순현금<=0	780215856.0	-8.245019945697528	-6.181250039534191		-30.302473537427165	130.6416000366211	127.38665050506592	N	N	주의	
JKHY	JACK HENRY & ASSOCIATES INC	0000779152	S&P 500	보류	PEG=보통, PEGY=불리(<1)	149.30999755859375	6.98	2026	1.67	50992000.0		50992000.0	0.0	0.0	2051949000.0	1093762000.0	65.23005450913959	34.769945490860415	1.8760470742263857	0.7077995086267923	0.7077995086267923	21.289713187674344	21.289713187674344	11.858974358974363	11.613630584727662	11.119848679617505	32.21794871794873	31.727261169455325	30.73969735923501	224.88128205128214	221.45628296279818	214.56308756746037	50.61368008062015	48.31979544832024	43.70309495401295	3년	31.727261169455325	221.45628296279818	48.319795448320235	0.6354700150120832	0.6239459624293203	0.6007525121109745	9.64503143955693	6.459735849752411	3년	0.6239459624293203	불리(<1)	3년	11.613630584727662	1.8331660398834344	보통	Y		72043000.0	2.7103271471049295	-1.380446778168043		-22.476639238347186	156.52399963378906	156.67919960021973	N	N	중립/개선	
GNRC	GENERAC HOLDINGS INC.	0001474735	S&P 500	제외	PEG=보통, PEGY=불리(<1)	224.94000244140625	2.69	2025	0.0	341413000.0		341413000.0	1193750000.0	50618000.0	2632422000.0	2934633000.0	47.28571928964237	52.71428071035763	0.8970191502651268	-14.379177897293332	-15.233118564899213	88.96623804412624	89.28368810643326	-50.09276437847866	47.98739628823825	6.42832098504873	-91.68552875695732	104.4747925764765	21.35664197009746	-246.6340723562152	281.03719203072177	57.449366899562165	-209.64438058119964	24.93873432046754	-74.46013769181543	3년	104.4747925764765	281.03719203072177	24.93873432046754	-0.5630536423674924	0.53938884393917	0.07225573573045042	4.523398856608908	2.0109357195313406	3년	0.53938884393917	불리(<1)	3년	47.98739628823825	1.8539500978495875	보통	N	주당순현금<=0	59275781.0	-0.07995410433779826	9.641254838284063		-23.888476707810767	203.34739990234374	214.55270027160645	Y	Y	중립/개선	단기위험부채 존재
CRH	CRH PUBLIC LTD CO	0000849395	S&P 500	제외	PEG=보통, PEGY=불리(<1)	81.54000091552734	5.51	2025	1.91	4096000000.0		4096000000.0	16478000000.0	120000000.0	24004000000.0	32851000000.0	42.2196816462932	57.7803183537068	0.7306931295850964	-18.289512555391433	-18.466765140324963	18.117879032834626	18.150048285998604	9.76095617529881			28.02191235059762			154.40073705179287			89.35581962004974			1년	28.02191235059762	154.40073705179287	89.35581962004974	0.6441679047612471			4.301329394387001	5.275115705288049	1년	0.6441679047612471	불리(<1)	1년	9.76095617529881	1.85615821928224	보통	N	주당순현금<=0	677000000.0	-21.52824748166111	-30.46814765100584		-37.935760477205896	91.00200012207031	107.26439990997315	N	N	주의	단기위험부채 존재
TT	Trane Technologies plc	0001466258	S&P 500	제외	PEG=보통, PEGY=안심	476.9800109863281	12.98	2025	89.0	1763300000.0		1763300000.0	3922100000.0	763300000.0	8579200000.0	12819800000.0	40.0915930650965	59.9084069349035	0.6692148083433439	-9.598932859048466	-12.992885726989773	37.486821559736256	37.74829712737426	15.480427046263348	20.16860829862783	29.821435131157937	39.460854092526695	48.83721659725566	68.14287026231588	512.2018861209965	633.9070714323785	884.4944560048601	7.384350355025249	32.90013351325711	85.43637796809324	3년	48.83721659725566	633.9070714323785	32.90013351325711	2.7871241865563605	2.9121863032496558	3.1696855104616644	12.556247220987105	2.6324472581193787	3년	2.912186303249656	안심	3년	20.16860829862783	1.8586717042983407	보통	N	주당순현금<=0	224900000.0	-1.3586965096674897	0.8542327830309615		-5.259599753342603	455.21979919433596	449.79475006103513	Y	Y	강한 상승추세	단기위험부채 존재
TGT	TARGET CORP	0000027419	S&P 500	제외	PEG=보통, PEGY=불리(<1)	153.63999938964844	8.13	2025	3.07	5488000000.0	4611000000.0	10099000000.0	14654000000.0	970000000.0	16165000000.0					-9.997805092186129	-12.126865671641792	20.12765122777793	20.389528297821673	-8.23927765237019	10.780448872111425	-1.2094597080639313	-7.978555304740379	30.06089774422285	6.081080583872137	-64.86565462753929	244.3950986605318	49.43918514688048	-142.2192494696857	59.06996851823602	-67.82141021655623	3년	30.06089774422285	244.3950986605318	59.069968518236024	-0.25682468331109254	0.6881304090263939	0.09243702958089613	6.222563652326603	4.050093515390791	3년	0.6881304090263939	불리(<1)	3년	10.780448872111425	1.867051313591156	보통	N	주당순현금<=0	455600000.0	14.656715962424215	30.335937368028397		-9.565012689611041	156.77859893798828	130.20174964904785	N	Y	상승전환	단기위험부채 존재
STX	Seagate Technology Holdings plc	0001137789	S&P 500	제외	PEG=보통, PEGY=불리(<1)	783.0	6.77	2027	37.0	891000000.0	411000000.0	1302000000.0	4995000000.0	0.0	-453000000.0	8476000000.0	-5.6462669824255265	105.64626698242552	-0.05344502123643228	-17.018433179723502	-17.018433179723502	118.17111272964897	118.17111272964897	-51.29496402877698	62.4216285007507	-1.6572902196046346	-94.08992805755396	133.3432570015014	5.185419560790731	-636.9888129496403	902.7338499001644	35.105290426553246	-181.3523388186003	15.291679425308358	-95.51656571819244	3년	133.3432570015014	902.7338499001644	15.291679425308358	-0.12096834580445137	0.841336145562129	0.2990807902541475	3.769585253456221	0.48142851257423	3년	0.841336145562129	불리(<1)	3년	62.4216285007507	1.893111659658604	보통	N	주당순현금<=0	217000000.0	-10.851521424499722	52.54830800111301		-28.430407293780135	855.2366015625	663.8123495483399	N	Y	중립/개선	
KIM	KIMCO REALTY CORP	0000879101	S&P 500	제외	PEG=보통, PEGY=불리(<1)	22.15999984741211	0.45	2020	5.13	211648000.0	223991000.0	435639000.0	7718700000.0		10391836000.0	9120372000.0	53.258124349637924	46.74187565036207	1.1394092258517525	-10.785262091668777	-10.785262091668777	73.21169319795753	73.21169319795753	104.54545454545455	38.33153542625083	-12.352677767919173	217.5909090909091	85.16307085250166	-16.205355535838347	97.9159090909091	38.32338188362575	-7.292409991127256	341.858798579116	72.93945012414444	-132.90798755117717	3년	85.16307085250166	38.32338188362575	72.93945012414444	1.4980592546726441	0.5936419925261792	-0.0986547018983666	1.631347931743768	7.361678443036092	3년	0.5936419925261792	불리(<1)	3년	38.33153542625083	1.909959838128986	보통	N	주당순현금<=0	675279000.0	-12.237624366684718	-4.482762419511122		-15.99696530555863	23.453399963378907	23.318299951553346	N	N	주의	
LH	LABCORP HOLDINGS INC.	0000920148	S&P 500	제외	PEG=보통, PEGY=안심	312.1499938964844	10.46	2025	92.0	532300000.0		532300000.0	5084600000.0	500100000.0	8619800000.0	9756000000.0	46.90843391852327	53.09156608147673	0.8835383353833538	-54.32338902147971	-60.29116945107398	35.035696263667695	35.60622976554095	18.325791855203633		-8.010928076671341	45.151583710407266		-7.521856153342682	472.28556561086003		-78.67861536396447	51.300840892369216		-125.20538744269717	1년	45.151583710407266	472.28556561086003	51.300840892369216	3.1489538847730105		2.3972428374550674	14.391408114558473	4.610414350778739	5년	2.3972428374550674	안심	1년	18.325791855203633	1.911824413400137	보통	N	주당순현금<=0	83800000.0	13.229107004364437	18.158075005920303		-8.012613524735347	319.8284008789062	281.7760006713867	N	Y	상승전환	단기위험부채 존재
TYL	TYLER TECHNOLOGIES INC	0000860731	S&P 500	보류	PEG=보통, PEGY=불리(<1)	329.54998779296875	7.2	2025	0.0	1015400000.0	81800000.0	1097200000.0	597934000.0	0.0	3702789000.0	1936119000.0	65.66500109595688	34.334998904043125	1.9124800696651394	11.395645028759244	11.395645028759244	44.188103161695764	44.188103161695764	19.008264462809922	22.991144762697367	41.04203232039028	46.516528925619845	54.482289525394734	90.58406464078055	334.9190082644629	392.2724845828421	652.20526541362	1.6291975938008685	19.032771692674764	97.90784086551116	3년	54.482289525394734	392.2724845828421	19.032771692674764	0.4301670156162562	0.5203016902211617	0.9288027632733363	14.55144709212088	4.415550790814306	3년	0.5203016902211617	불리(<1)	3년	22.991144762697367	1.92196185173824	보통	Y		43812000.0	9.379660276332524	2.7115416936118963		-36.46494317572733	337.11280151367185	342.33990005493166	N	N	중립/개선	
HWM	Howmet Aerospace Inc.	0000004281	S&P 500	제외	PEG=보통, PEGY=불리(<1)	225.25999450683594	3.71	2025	25.0	742000000.0		742000000.0	2859000000.0	0.0	5353000000.0	5826000000.0	47.884426156185704	52.1155738438143	0.9188122210779265	-5.214285714285714	-5.214285714285714	62.12244749895463	62.12244749895463	32.02846975088968			72.55693950177935			269.1862455516014			19.500245101636303			1년	72.55693950177935	269.1862455516014	19.500245101636303	0.9180010132705948			3.5246305418719213	1.5646944099365856	1년	0.9180010132705948	불리(<1)	1년	32.02846975088968	1.9396008608006947	보통	N	주당순현금<=0	406000000.0	-18.61406333538673	-12.055914099944765		-23.027507532935577	252.55260070800782	249.15850074768068	N	N	주의	
GEN	Gen Digital Inc.	0000849399	S&P 500	제외	PEG=보통, PEGY=불리(<1)	23.25	1.57	2026	2.2	1006000000.0	0.0	1006000000.0	8015000000.0	181000000.0	2611000000.0	12978000000.0	16.748989672204758	83.25101032779524	0.2011866235167206	-11.323101777059774	-11.615508885298869	22.021083934432976	22.20733050019036	52.42718446601942	-10.088488131506812	11.281344719290054	113.35436893203884	-11.676976263013625	31.062689438580108	177.96635922330097	-18.332852732931393	48.76842241857077	665.4467063367783	-178.8509794964791	109.75665556374526	5년	31.062689438580108	48.76842241857077	109.75665556374526	2.480676456648092	-0.3582243342332519	0.6122016863216314	2.4604200323101777	10.582451751871732	5년	0.6122016863216314	불리(<1)	5년	11.281344719290054	1.9519910509231195	보통	N	주당순현금<=0	619000000.0	-12.495294440936512	22.950820664241476		-25.978987223982486	27.562600021362304	24.476200046539308	N	N	판정불가	단기위험부채 존재
ABBV	AbbVie Inc.	0001551152	S&P 500	제외	PEG=보통, PEGY=불리(<1)	276.4700012207031	1.02	2025	2.55	5229000000.0	28000000.0	5257000000.0	64503000000.0	2499000000.0	-3270000000.0					-33.41567963902989	-34.82515510434292	303.809491038954	305.1913297304373	5200.0	-9.58502599188228	152.18545481323272	10408.5	-10.670051983764559	312.87090962646545	10616.67	-10.88345302343985	319.12832781899476	3740.0802810880095	-103.93657647317464	15.429640253894284	5년	312.87090962646545	319.12832781899476	15.429640253894284	17.124382724873257	-0.02315604416380876	0.509317382692935	10.048505358150027	3.6345734849288083	5년	0.509317382692935	불리(<1)	5년	152.18545481323272	1.9963109576522904	보통	N	주당순현금<=0	1773000000.0	12.94632020567137	33.903230293089656		0.0	258.8929989624023	232.65299934387207	Y	Y	강한 상승추세	단기위험부채 존재
J	JACOBS SOLUTIONS INC.	0000052988	S&P 500	제외	PEG=불리, PEGY=불리(<1)	139.14999389648438	2.38	2025	1.06	1235448000.0		1235448000.0	2236456000.0	0.0	3640807000.0					-8.209559426565626	-8.209559426565626	61.91577870716387	61.91577870716387	-5.179282868525893	-21.81636262954282	30.86908124949421	-1.8585657370517854	-35.13272525908564	70.23816249898843	-4.423386454183249	-83.61588611662381	167.16682674759247	-103.17886212591132	-160.09047056001086	20.13426811355106	5년	70.23816249898843	167.16682674759247	20.13426811355106	-0.06653042172025979	-0.33523542888335245	0.51568569298798	4.98205557195814	3.580349112817325	5년	0.51568569298798	불리(<1)	5년	30.86908124949421	2.005753854698165	불리	N	주당순현금<=0	121932000.0	7.651245404567453	11.04460666150693		-15.379474683438588	143.4757992553711	133.22759975433348	N	Y	상승전환	
VLTO	Veralto Corp	0001967680	S&P 500	보류	PEG=불리, PEGY=안심	96.93000030517578	3.76	2025	54.0	2031000000.0		2031000000.0	1973000000.0	700000000.0	3105000000.0					0.2317219336795845	-2.5649220934878145	25.717627226461758	26.461415531559467	12.574850299401197			33.6497005988024			126.522874251497			30.53014944098895			1년	33.6497005988024	126.522874251497	30.53014944098895	2.588685562364012			4.051138633639632	4.179447664175147	1년	2.588685562364012	안심	1년	12.574850299401197	2.0451636889614826	불리	Y		250300000.0	5.473339168422586	6.692352155390058		-7.571280855778406	96.634599609375	92.88400001525879	Y	Y	강한 상승추세	단기위험부채 존재
MA	Mastercard Inc	0001141391	S&P 500	제외	PEG=불리, PEGY=안심	589.1400146484375	16.52	2025	61.0	10566000000.0		10566000000.0	18251000000.0	749000000.0	7737000000.0	46411000000.0	14.288616384723351	85.71138361527665	0.16670616879619055	-8.48233995584989	-9.309050772626932	36.17568732471473	36.22573035236468	18.9344852411807	17.359895932136805	20.99686615184875	46.3689704823614	43.21979186427361	50.4937323036975	766.0153923686103	713.9909615978	834.1564576570827	30.0226386465569	21.19206705452963	41.588830654264065	3년	43.21979186427361	713.9909615978	21.19206705452963	2.209618977621209	2.1660928022949384	2.2666291151800624	18.939293598233995	3.2147355683412204	3년	2.1660928022949384	안심	3년	17.359895932136805	2.0838654486255277	불리	N	주당순현금<=0	906000000.0	9.501504267764194	15.840188407556388		-1.787078812540277	572.1087976074218	532.2649487304687	Y	Y	강한 상승추세	단기위험부채 존재
MRSH	MARSH & MCLENNAN COMPANIES, INC.	0000062709	S&P 500	제외	PEG=불리, PEGY=불리(<1)	175.75999450683594	8.43	2025	2.24	2687000000.0	414000000.0	3101000000.0	18320000000.0	268000000.0	15315000000.0					-30.807692307692307	-31.350202429149796	24.50387743944582	24.568232139500086	3.0562347188264063	11.754120579715522	63.117645068661396	14.612469437652813	32.008241159431044	134.7352901373228	123.1831173594132	269.8294729740037	1135.8184958576312	-29.914018428908086	53.52155291715661	546.2326646314586	3년	32.008241159431044	269.8294729740037	53.52155291715661	0.21613863895273328	0.5710982114686913	2.667236857928862	10.123481781376519	5.759832782074183	3년	0.5710982114686913	불리(<1)	3년	11.754120579715522	2.084705297453982	불리	N	주당순현금<=0	494000000.0	-1.2861603514020659	1.273403293700337		-15.09999474470275	182.31599884033204	176.8451993560791	N	N	판정불가	단기위험부채 존재
WDAY	Workday, Inc.	0001327811	S&P 500	보류	PEG=불리, PEGY=불리(<1)	186.58999633789062	2.59	2026	0.0	1501000000.0	3942000000.0	5443000000.0	2987000000.0	0.0	7805000000.0	10269000000.0	43.18357862122386	56.81642137877614	0.7600545330606681	9.160180070640802	9.160180070640802	68.50572056650573	68.50572056650573	32.82051282051282			74.14102564102564			192.0252564102564			2.9129429117535244			1년	74.14102564102564	192.0252564102564	2.9129429117535244	0.47909156416580545			10.357418589645565	5.550897043209972	1년	0.4790915641658054	불리(<1)	1년	32.82051282051282	2.0872836735107216	불리	Y		268117000.0	33.45969501193331	55.595396253275034		-24.048521297429993	189.19659942626953	156.48249950408936	N	Y	상승전환	
OKE	ONEOK INC /NEW/	0001039684	S&P 500	제외	PEG=불리, PEGY=불리(<1)	89.80000305175781	5.42	2025	4.86	78000000.0		78000000.0	30755000000.0	820000000.0	22485000000.0					-49.01262182457261	-50.32273526122384	25.61118540153698	25.852903747782594	4.835589941972921	12.173263216522322	51.01846065815958	18.17117988394584	32.846526433044644	110.53692131631917	98.48779497098644	178.02817326710198	599.1101135344499	9.674600917575994	98.24962941759848	567.1604601050427	3년	32.846526433044644	178.02817326710198	98.24962941759847	0.37856857423675006	0.6650712549798699	2.181799076539667	3.909570218884806	4.353641521182863	3년	0.6650712549798699	불리(<1)	3년	12.173263216522322	2.1038882463968958	불리	N	주당순현금<=0	625900000.0	-2.285090793529243	5.238487196511854		-7.906880233374491	92.10580017089843	87.17104988098144	N	Y	중립/개선	단기위험부채 존재
MDLZ	Mondelez International, Inc.	0001103982	S&P 500	제외	PEG=불리, PEGY=불리(<1)	60.40999984741211	1.89	2025	3.43	4475000000.0		4475000000.0	23095000000.0	2688000000.0	25838000000.0	45596000000.0	36.170451045720526	63.82954895427948	0.5666725151329064	-14.345146379044683	-16.41602465331279	39.55298742140571	40.64869021202376	-44.73684210526316	-1.2049365987475746	18.761141546758097	-80.97368421052632	6.090126802504851	46.022283093516194	-153.0402631578947	11.510339656734168	86.9821150467456	-353.33597673308185	-80.94630080151	43.98628582428612	5년	46.022283093516194	86.9821150467456	43.98628582428612	-1.044341901792942	0.05625525519845416	0.5610484313189567	2.4922958397534667	4.12563457382666	3년	0.0562552551984541	불리(<1)	5년	18.761141546758097	2.1082399129513747	불리	N	주당순현금<=0	1298000000.0	2.7380963116353296	4.733008890069912		-7.047235216037251	61.6597998046875	59.73585010528564	N	Y	상승전환	단기위험부채 존재
CASY	CASEYS GENERAL STORES INC	0000726958	S&P 500	제외	PEG=불리, PEGY=양호	646.27001953125	19.16	2026	41.0	522991000.0		522991000.0	2330237000.0	101357000.0	3951719000.0	4984336000.0	44.222187531298765	55.777812468701235	0.79282757021196	-48.47547934636911	-51.19416244767903	36.26020349048116	36.40209718052865	30.874316939890704	17.173098488337637	17.985950946001218	70.24863387978141	42.84619697667527	44.471901892002435	1345.9638251366118	820.9331340730982	852.0816402507667	108.2664806442454	27.02633717537049	31.846072771377386	3년	42.84619697667527	820.9331340730982	27.026337175370486	1.9821818418299493	1.6043235527789836	1.6267407589559144	19.35590141349151	2.9950176905205432	3년	1.6043235527789836	양호	3년	17.173098488337637	2.11145376677981	불리	N	주당순현금<=0	37281653.0	-23.71604744285829	-12.072106186224485		-29.46806665346863	722.5476037597656	734.2077490234375	N	N	주의	단기위험부채 존재
ROK	ROCKWELL AUTOMATION, INC	0001024478	S&P 500	제외	PEG=불리, PEGY=불리(<1)	432.5899963378906	7.67	2025	1.25	468000000.0	300000.0	468300000.0	2614000000.0	608000000.0	3654000000.0					-18.971706454465075	-24.347480106100797	58.87375525324064	59.574638389047124	-7.3671497584541	-1.270785701033128	27.797562094762206	-6.2342995169082	5.958428597933744	64.09512418952441	-47.817077294685895	45.701147346151814	491.60960253365226	-111.05367153643945	-89.43545904134703	13.643312766220816	5년	64.09512418952441	491.60960253365226	13.643312766220816	-0.10390282957391933	-0.0003530554649303421	0.49338728215682004	12.232537577365164	2.8277439795002755	5년	0.49338728215682	불리(<1)	5년	27.797562094762206	2.1179467124685014	불리	N	주당순현금<=0	113100000.0	-7.914509982607509	6.084162448590735		-12.622200842136744	435.4947998046875	424.9954997253418	N	Y	중립/개선	단기위험부채 존재
LHX	L3HARRIS TECHNOLOGIES, INC. /DE/	0000202058	S&P 500	제외	PEG=불리, PEGY=불리(<1)	236.97000122070312	8.53	2025	2.11	1069000000.0		1069000000.0	10443000000.0	0.0	19635000000.0	21560000000.0	47.66355140186916	52.336448598130836	0.9107142857142857	-49.75583864118896	-49.75583864118896	33.61381475520423	33.61381475520423	8.386277001270638	15.822311734425586	10.447613089419638	25.272554002541277	40.14462346885117	29.395226178839277	215.57488564167707	342.4336381893005	250.741279305499	-9.028617744361501	44.50505820370627	5.811401449067777	3년	40.14462346885117	342.4336381893005	44.50505820370627	0.3122608093639702	0.533480411700348	0.37358488409814944	14.235668789808917	6.007371699572412	3년	0.533480411700348	불리(<1)	3년	15.822311734425586	2.1244566103490787	불리	N	주당순현금<=0	188400000.0	-18.289026846965307	-33.79801839938356		-37.38903129833633	259.22239990234374	309.38015045166014	N	N	주의	
DRI	DARDEN RESTAURANTS INC	0000940944	S&P 500	제외	PEG=불리, PEGY=불리(<1)	197.66000366210938	10.38	2026	3.22	219500000.0		219500000.0	901000000.0	0.0	2207500000.0	10654900000.0	17.162426918770993	82.83757308122901	0.20718167228223633	-5.859845227858985	-5.859845227858985	19.606921858378453	19.606921858378453	17.155756207674962	9.114765771480716	16.82500139829013	42.811512415349924	26.729531542961432	42.15000279658026	444.3834988713322	277.4525374159397	437.51702902850315	124.8221646454005	40.36857850626774	121.34828540042841	3년	26.729531542961432	277.4525374159397	40.36857850626774	1.0392123942171967	0.6291026128718828	1.0223431063313222	9.622527944969905	4.868222081701045	3년	0.6291026128718828	불리(<1)	3년	9.114765771480716	2.1511163698497606	불리	N	주당순현금<=0	116300000.0	0.980892058375038	3.006933290329772		-13.185167770283911	211.32180053710937	204.32665008544922	N	N	중립/개선	
USB	US BANCORP DE	0000036104	S&P 500	제외	PEG=불리, PEGY=불리(<1)	57.08000183105469	4.62	2025	3.79	8252000000.0		8252000000.0	39829000000.0	17162000000.0	65193000000.0	626694000000.0	9.422492401215806	90.5775075987842	0.1040268456375839	-20.26765083440308	-31.28305519897304	16.741916161354496	19.126202820352322	21.899736147757256	7.780088648706851	8.588568965361265	52.29947229551451	24.060177297413702	25.67713793072253	241.62356200527705	111.1580191140513	118.62837723993809	323.30685748825687	94.7407420256514	107.82826460141717	3년	24.060177297413702	111.1580191140513	94.74074202565139	1.534456145889506	0.6910850906907646	0.7393758782483225			3년	0.6910850906907646	불리(<1)	3년	7.780088648706851	2.151892724787553	불리	N	주당순현금<=0 | FCF<=0	1558000000.0	-8.14289927308346	1.0086772720789172		-12.748389745216471	61.47539993286133	57.73954999923706	N	N	판정불가	단기위험부채 존재
TXN	TEXAS INSTRUMENTS INC	0000097476	S&P 500	제외	PEG=불리, PEGY=불리(<1)	283.739990234375	5.45	2025	2.11	3225000000.0	1656000000.0	4881000000.0	13548000000.0	0.0	16273000000.0	18312000000.0	47.05219025589128	52.94780974410872	0.888652249890782	-9.49288061336254	-9.49288061336254	53.804196485823404	53.804196485823404	4.8076923076923075	-16.644237941707228	24.802935181675736	18.115384615384613	-24.788475883414456	58.10587036335147	98.72884615384615	-135.0971935646088	316.67699348026554	-65.204465513552	-147.6130253803899	11.608163945689821	5년	58.10587036335147	316.67699348026554	11.608163945689821	0.1285716126160348	-0.270132050862181	0.500201414377908	2.8510405257393208	1.0048074377476024	5년	0.500201414377908	불리(<1)	5년	24.802935181675736	2.1692673101679367	불리	N	주당순현금<=0	913000000.0	-7.137947448838233	30.93072836687729		-14.60816441652949	271.8782006835938	251.655400390625	Y	Y	강한 상승추세	
ROST	ROSS STORES, INC.	0000745732	S&P 500	보류	PEG=불리, PEGY=안심	222.41000366210938	6.61	2025	79.0	4594392000.0	0.0	4594392000.0	1017863000.0	499743000.0	6187443000.0					11.024514820477412	9.484076001183665	31.97965035425597	32.21269707427015	4.588607594936709	14.703265747939431	58.06122059198926	17.67721518987342	37.906531495878866	124.62244118397852	116.8463924050633	250.56217318775933	823.7543362260981	-47.46351761111467	12.657780253634376	270.3764770749995	3년	37.906531495878866	250.56217318775933	12.657780253634376	2.613806175770537	2.9300903765343715	4.285888653368239	6.804867824028408	3.0596051040790986	3년	2.9300903765343715	안심	3년	14.703265747939431	2.1750032205421923	불리	Y		324416000.0	0.6699004369678629	0.6607860303384339		-12.858987037113534	235.48559967041015	218.935599899292	N	Y	상승전환	단기위험부채 존재
AEP	AMERICAN ELECTRIC POWER CO INC	0000004904	S&P 500	제외	PEG=불리, PEGY=불리(<1)	122.80999755859375	6.66	2025	3.11	197000000.0	220000000.0	417000000.0	44128000000.0	1508000000.0	31138000000.0	82204000000.0	27.472605036085472	72.52739496391453	0.37878935331614033	-81.32765295651676	-84.13340209651417	30.65129887614272	31.072582530796986	19.35483870967742	14.044924681547055	8.545142209229773	47.20967741935484	36.58984936309411	25.590284418459547	314.41645161290324	243.68839675820678	170.4312942269406	156.01861237957627	98.42716521669244	38.77640063108567	3년	36.58984936309411	243.68839675820678	98.42716521669243	0.7329163700518678	0.5596801868288688	0.3802495371020473	12.919842193728178	10.520187648048772	3년	0.5596801868288688	불리(<1)	3년	14.044924681547055	2.182375453847323	불리	N	주당순현금<=0	537467865.0	-8.989183832332891	-8.664293153030123		-11.449999713945846	122.83700012207031	127.22170001983642	N	N	주의	단기위험부채 존재
DPZ	DOMINOS PIZZA INC	0001286681	S&P 500	제외	PEG=불리, PEGY=불리(<1)	309.3599853515625	17.57	2025	2.63	125675000.0		125675000.0	1536443000.0	100000.0	-3901142000.0	5617601000.0	-227.278484368109	327.278484368109	-0.6944498194157969	-41.20516930398778	-41.2080900655378	19.952484613292558	19.952650849009693	5.272618334331929	9.073110679208952	7.235872833479218	19.045236668663858	26.646221358417904	22.971745666958434	334.624808268424	468.17410926740257	403.6135713684597	8.166803760399088	51.33634970125846	30.467284225458457	3년	26.646221358417904	468.17410926740257	51.33634970125846	0.39607189217262295	0.5865490391814268	0.49446838449916497	19.613030638847075	6.339873146993609	3년	0.5865490391814268	불리(<1)	3년	9.073110679208952	2.199078719387135	불리	N	주당순현금<=0	34237646.0	-0.15814773028902662	-16.123960465739152		-29.437531162670126	326.68859802246095	350.58224960327146	N	N	주의	단기위험부채 존재
ETN	Eaton Corp plc	0001551182	S&P 500	제외	PEG=불리, PEGY=불리(<1)	429.6499938964844	10.45	2025	1.04	622000000.0	181000000.0	803000000.0	8024000000.0	1000000.0	19425000000.0					-18.458588957055216	-18.461145194274028	42.881204100817186	42.88144871681899	9.999999999999993	19.3940377642204	24.525465160026606	28.499999999999986	47.28807552844079	57.55093032005321	297.8249999999998	494.16038927220626	601.407221844556	-30.681949440047052	15.014638960117011	39.976080620974756	3년	47.28807552844079	494.16038927220626	15.014638960117011	0.25745545703530287	0.476526678592754	0.5961928004614825	9.082310838445808	2.113885946111292	3년	0.476526678592754	불리(<1)	3년	19.394037764220396	2.2110508715172097	불리	N	주당순현금<=0	391200000.0	3.4005596015616923	6.51775324763757		-6.5897030441079085	426.4381994628906	391.9323506164551	Y	Y	강한 상승추세	단기위험부채 존재
NUE	NUCOR CORP	0000073309	S&P 500	제외	PEG=불리, PEGY=안심	250.3300018310547	7.52	2025	91.0	2260000000.0	439000000.0	2699000000.0	4233276000.0	122000000.0	20936000000.0	12980000000.0	61.7289774737587	38.271022526241296	1.6129429892141756	-6.641887445887446	-7.170025974025974	34.171793786827415	34.242024974079875	516.3934426229508	15.425826725292405	42.054467881799674	1041.2868852459017	39.351653450584806	92.60893576359935	7830.47737704918	295.92443394839773	696.419196942267	3028.061886219253	18.21373058915818	178.2004521424778	3년	39.351653450584806	295.92443394839773	18.21373058915818	17.774701744135236	3.114434887123706	3.893692813196411	-0.8138528138528138	-0.32511197535246905	3년	3.114434887123706	안심	3년	15.425826725292403	2.2152325703749063	불리	N	주당순현금<=0 | FCF<=0	231000000.0	6.905533787178464	31.981865475676074		-8.884759871504933	255.23080139160157	216.86590003967285	N	Y	상승전환	단기위험부채 존재
MSI	Motorola Solutions, Inc.	0000068505	S&P 500	제외	PEG=불리, PEGY=불리(<1)	444.17999267578125	12.75	2025	1.08	1165000000.0	246000000.0	1411000000.0	8413000000.0	749000000.0	2410000000.0					-41.43195266272189	-45.86390532544379	38.08721139909829	38.434815529507844	38.13651137594799	17.15090983184706	40.00784395357051	84.77302275189598	42.80181966369412	88.51568790714101	1080.8560400866738	545.7232007121	1128.575020816048	143.33739878185358	22.860824375409884	154.0805618050034	3년	42.80181966369412	545.7232007121	22.860824375409884	1.0296503717485717	0.478662237589772	1.0787832042369807			3년	0.478662237589772	불리(<1)	3년	17.15090983184706	2.220710841145884	불리	N	주당순현금<=0 | FCF<=0	169000000.0	7.36506293056538	0.9706505826477141		-9.579838468798318	463.3182006835938	432.9670510864258	N	Y	상승전환	단기위험부채 존재
NEE	NEXTERA ENERGY INC	0000753308	S&P 500	제외	PEG=불리, PEGY=불리(<1)	77.37999725341797	3.3	2025	3.22	2812000000.0		2812000000.0	89556000000.0	400000000.0	54608000000.0	146242000000.0	27.18844909136171	72.8115509086383	0.373408459949946	-41.89317106152806	-42.086351782092144	36.14338433786243	36.20192395015459	-2.077151335311581	16.260329205681433		4.345697329376838	41.02065841136287		14.340801186943565	135.36817275749746		-81.46704355651794	74.93949025892228		3년	41.02065841136287	135.36817275749746	74.93949025892228	0.031619857565225694	0.5389735787767551				3년	0.5389735787767551	불리(<1)	3년	16.260329205681433	2.22279536168516	불리	N	주당순현금<=0 | FCF<=0	2070600000.0	-13.58052662248821	-16.1646861376303		-20.944013664941274	81.89839981079102	87.32880016326904	N	N	주의	단기위험부채 존재
IDXX	IDEXX LABORATORIES INC /DE	0000874716	S&P 500	제외	PEG=불리, PEGY=불리(<1)	518.0	13.08	2025	0.0	180070000.0	0.0	180070000.0	374842000.0	74995000.0	1605383000.0	1745376000.0	47.91102553182726	52.08897446817274	0.919792067726381	-2.4038506633755015	-3.3294291885220613	39.78622711493696	39.85698999912248	22.58669165885661	17.66051173291583	14.281792796945748	53.67338331771322	43.82102346583166	37.063585593891496	702.0478537956889	573.1789869330781	484.79169956810074	35.53047370573144	10.652314079744809	-6.410868809246962	3년	43.82102346583166	573.1789869330781	10.652314079744807	0.5677012699295851	0.44388505806034406	0.35896323508352784	13.046948472693613	2.5187159213694232	3년	0.443885058060344	불리(<1)	3년	17.66051173291583	2.252835462337313	불리	N	주당순현금<=0	81025000.0	-4.194716465009152	-9.756097560975608		-32.435956990069094	539.4296051025391	583.4111497497559	N	N	주의	단기위험부채 존재
ROL	ROLLINS INC	0000084839	S&P 500	제외	PEG=불리, PEGY=불리(<1)	31.979999542236328	1.09	2025	2.36	100004000.0		100004000.0	486147000.0	123683000.0	1374321000.0	1766202000.0	43.7608958762601	56.2391041237399	0.7781222079920643	-0.7975738773554313	-1.0530396759661838	30.071168274854823	30.305540567158264	13.54166666666668	13.271785112236143	15.512803857109425	35.58333333333336	35.04357022447229	39.52560771421885	38.785833333333365	38.1974915446748	43.08291240849855	21.28153185902488	19.441813919437244	34.718302142557846	3년	35.04357022447229	38.1974915446748	19.441813919437244	0.5288010935033567	0.5198263322980793	0.5943501660377613	1.3426108186150074	4.198282794975675	3년	0.5198263322980793	불리(<1)	3년	13.271785112236145	2.2657968028076496	불리	N	주당순현금<=0	484147000.0	-27.794086969583542	-41.4928656576818		-51.24999956386844	34.50800010681152	48.91134996414185	N	N	주의	단기위험부채 존재
STT	STATE STREET CORP	0000093751	S&P 500	제외	PEG=불리, PEGY=불리(<1)	174.9600067138672	9.4	2025	2.11	4433000000.0		4433000000.0	11534000000.0	2380000000.0	27841000000.0	338206000000.0	7.605853893079304	92.39414610692069	0.08231965133675925	-24.5693189721091	-32.80407170462841	21.226524009146413	22.10256153388251	14.494518879415338	9.345182660480011	8.263522928949719	37.489037758830676	27.190365320960023	25.027045857899438	352.3969549330084	255.58943401702422	235.25423106425472	101.415718684399	46.084490288697744	34.461718127957	3년	27.190365320960023	255.58943401702422	46.084490288697744	0.7822533200565729	0.5396636140492915	0.48870568372286555	37.51656465491888	21.442937365837075	3년	0.5396636140492915	불리(<1)	3년	9.345182660480011	2.2713867433444177	불리	N	주당순현금<=0	289019000.0	-4.731820022556255	23.54188161713433		-9.935132471286867	185.48999908447266	156.09984992980958	N	Y	중립/개선	단기위험부채 존재
MO	ALTRIA GROUP, INC.	0000764180	S&P 500	제외	PEG=불리, PEGY=불리(<1)	71.68000030517578	4.12	2025	6.22	4474000000.0		4474000000.0	24140000000.0	0.0	-3502000000.0	38469000000.0	-10.015157148168273	110.01515714816827	-0.0910343393381684	-11.68508615567439	-11.68508615567439	20.234244286614118	20.234244286614118	-37.00305810397553	8.90191356086536	11.413340246469872	-65.50611620795107	26.30382712173072	31.326680492939744	-269.8851987767584	108.37176774153056	129.06592363091175	-476.5139475833273	51.18829140644603	80.0584864417088	3년	26.30382712173072	108.37176774153056	51.18829140644603	-1.521334707041169	0.7473426408550973	0.8714602827116769	5.3915626856803325	7.521711304026075	3년	0.7473426408550973	불리(<1)	3년	8.90191356086536	2.273021878752902	불리	N	주당순현금<=0	1683000000.0	2.166471727092145	7.289332322323383		-4.324610174793786	68.13779937744141	67.64005006790161	Y	Y	강한 상승추세	
HPQ	HP INC	0000047217	S&P 500	제외	PEG=불리, PEGY=불리(<1)	30.200000762939453	2.65	2025	3.72	3690000000.0	5000000.0	3695000000.0	8821000000.0	788000000.0	-346000000.0					-5.378803777544596	-6.2056663168940185	13.425963977541151	13.73798757729565	-5.693950177935949	-3.836586737518144	5.789648870565345	-2.8879003558718974	0.8268265249637121	20.079297741130688	-7.652935943060528	2.191090291153837	53.21013901399632	-125.34084685339472	-92.74473431854122	76.19250884024555	5년	20.079297741130688	53.21013901399632	76.19250884024555	-0.14702483793625226	-0.00868367721775279	0.7083028739294259			5년	0.7083028739294259	불리(<1)	5년	5.789648870565345	2.318959971095819	불리	N	주당순현금<=0 | FCF<=0	953000000.0	22.614704798875373	57.04628955715192		-14.881620201295165	31.026199989318847	23.8227499961853	N	Y	상승전환	단기위험부채 존재
ADI	ANALOG DEVICES INC	0000006281	S&P 500	제외	PEG=불리, PEGY=불리(<1)	406.19000244140625	4.56	2025	1.07	2499406000.0	1152915000.0	3652321000.0	8145066000.0	446639000.0	33815755000.0					-9.0450243502735	-9.944220861711788	91.06031289291222	91.25750511033291	39.02439024390244	-4.58825332599776		86.54878048780488	-0.6765066519955205		394.6624390243902	-3.0848703330995733		-2.8379732016370673	-100.75946485993204		1년	86.54878048780488	394.6624390243902	-2.8379732016370673	0.440305869485138	-0.038636516987760175		8.613997330428884	2.1206817692839377	1년	0.440305869485138	불리(<1)	1년	39.02439024390244	2.333420517880876	불리	N	주당순현금<=0	496709000.0	3.4220248100334194	16.050967431874508		-8.819701799398516	380.1225994873047	362.96975051879883	Y	Y	강한 상승추세	단기위험부채 존재
SPGI	S&P Global Inc.	0000064040	S&P 500	제외	PEG=불리, PEGY=안심	407.82000732421875	14.66	2025	98.0	1745000000.0	56000000.0	1801000000.0	12370000000.0	400000000.0	31127000000.0	25048000000.0	55.41076991544281	44.58923008455719	1.2426940274672629	-34.64110127826942	-35.95214683710259	30.18152173277545	30.270951852750432		12.852521260492766	50.79787589706457		34.20504252098553	110.09575179412914		501.44592335764787	1614.0037213019332		22.95765640526706	295.7637419242144	3년	34.20504252098553	501.44592335764787	22.95765640526706		3.6728605748236047	4.930098528977694	18.297194362504097	4.486585756926277	3년	3.6728605748236047	안심	3년	12.852521260492766	2.348295802906012	불리	N	주당순현금<=0	305100000.0	-7.074985334706641	0.22920017247576308		-21.100801624054178	414.5028009033203	422.0078031921387	N	N	판정불가	단기위험부채 존재
CMI	CUMMINS INC	0000026172	S&P 500	보류	PEG=불리, PEGY=불리(<1)	523.3900146484375	20.5	2025	1.7	2101000000.0	764000000.0	2865000000.0	1630000000.0	24000000.0	12349000000.0	20584000000.0	37.49734309051711	62.50265690948289	0.5999319860085504	8.904109589041095	8.731074260994953	25.09687341753153	25.105314165241097	-27.74057102573141	10.67954284093311	43.57635272286971	-46.98114205146282	29.85908568186622	95.65270544573941	-963.1134120549877	612.1112564782575	1960.880461637658	-284.0144796613886	16.95126757231207	274.6499563914659	3년	29.85908568186622	612.1112564782575	16.95126757231207	-1.03760219819018	0.4932703223615626	1.80406347713583	17.202595529920693	3.2867641812914075	3년	0.4932703223615626	불리(<1)	3년	10.67954284093311	2.3499951066574614	불리	Y		138700000.0	-22.522717874255505	-15.347417052488177		-28.065257173679527	568.9900024414062	603.7479525756836	N	N	주의	단기위험부채 존재
ADP	AUTOMATIC DATA PROCESSING INC	0000008670	S&P 500	제외	PEG=불리, PEGY=불리(<1)	270.8800048828125	10.94	2026	2.51	4230100000.0	2032200000.0	6262300000.0	4964100000.0	0.0	6031200000.0	57162100000.0	9.544049764769365	90.45595023523063	0.10551046934944658	3.2189437143565582	3.2189437143565582	24.466276157994145	24.466276157994145	9.619238476953898	10.041893559840132	12.503420358905348	27.738476953907796	28.583787119680263	33.5068407178107	303.45893787575125	312.70663108930205	366.564837452849	12.027071915859189	15.441016484248982	35.323697151966414	3년	28.583787119680263	312.70663108930205	15.441016484248982	0.49575335447976515	0.5130283611116238	0.6136373292753766			3년	0.5130283611116238	불리(<1)	3년	10.041893559840132	2.436420582651909	불리	N	FCF<=0	403300000.0	9.917222122742487	38.64264413612047		-5.7743166373765975	271.7825988769531	238.08690002441406	N	Y	상승전환	
ATO	ATMOS ENERGY CORP	0000731802	S&P 500	제외	PEG=불리, PEGY=불리(<1)	161.66000366210938	7.46	2025	2.49	202687000.0		202687000.0	3529452000.0	0.0	13558890000.0					-20.718084609492255	-20.718084609492255	24.447464915764293	24.447464915764293	9.224011713030746	10.031474661040264	69.70420030995797	26.948023426061493	28.562949322080527	147.90840061991594	201.03225475841873	213.07960194272073	1103.3966686245728	24.35497352740541	31.80724799937842	582.5415338544818	3년	28.562949322080527	213.07960194272073	31.80724799937842	0.47915036399038985	0.5121788579790998	2.9530342126968536			3년	0.5121788579790998	불리(<1)	3년	10.031474661040264	2.437075877857932	불리	N	주당순현금<=0 | FCF<=0	160573000.0	-9.408794381208418	-13.89613653149967		-15.929060634187643	164.9510006713867	174.27695014953613	N	N	주의	
NRG	NRG ENERGY, INC.	0001013871	S&P 500	제외	PEG=불리, PEGY=불리(<1)	107.97000122070312	4.01	2025	1.75	4708000000.0		4708000000.0	10892000000.0		1681000000.0	27459000000.0	5.768702814001372	94.23129718599863	0.061218544011071054	-31.07537688442211	-31.07537688442211	34.67465788157737	34.67465788157737	-19.63927855711424	-8.120643852977938	14.13919505192036	-30.778557114228477	-7.741287705955877	36.77839010384072	-123.42201402805618	-31.042563700883065	147.48134431640128	-214.31139449166753	-128.75110062972814	36.594741732874866	5년	36.77839010384072	147.48134431640128	36.594741732874866	-0.5159179542076695	-0.18372622088256158	0.45823653419122223	3.849246231155779	3.565107147945174	5년	0.4582365341912222	불리(<1)	5년	14.13919505192036	2.45237849497436	불리	N	주당순현금<=0	199000000.0	-21.964440051740485	-36.577773885798756		-41.33021684677117	111.41560043334961	139.58709995269774	N	N	주의	
FTNT	Fortinet, Inc.	0001262039	S&P 500	제외	PEG=불리, PEGY=불리(<1)	194.75	2.42	2025	0.0	2495300000.0	775500000.0	3270800000.0	496600000.0	499700000.0	1237500000.0	9151700000.0	11.911408000616024	88.08859199938398	0.1352207786531464	3.628302380329584	2.9747580434213967	78.97590810730182	79.24596775065233	7.079646017699122	31.674951451459886	-3.62054294817038	22.659292035398245	71.84990290291978	1.2589141036592402	54.83548672566375	173.87676502506585	3.046572130855361	-71.8431390368864	-10.717964043611882	-98.43564974025398	3년	71.84990290291978	173.87676502506585	-10.717964043611882	0.08964310999856125	0.4010710634491753	-0.04584363807822601			3년	0.4010710634491753	불리(<1)	3년	31.674951451459886	2.493323730214016	불리	N	FCF<=0	764600000.0	16.735597831629413	147.3330013761785		0.0	167.37260009765626	121.2994499206543	Y	Y	강한 상승추세	단기위험부채 존재
QCOM	QUALCOMM INC/DE	0000804328	S&P 500	제외	PEG=불리, PEGY=불리(<1)	175.5	5.01	2025	2.09	5520000000.0	4635000000.0	10155000000.0	14811000000.0	1000000000.0	4909000000.0	28937000000.0	14.503929563316198	85.49607043668381	0.16964439990323807	-4.213574660633484	-5.118552036199095	35.87097298615439	36.051607192854114	-44.147157190635454	-23.90448036479093	14.194083679524194	-79.79431438127091	-39.30896072958187	36.88816735904839	-399.76951505016723	-196.93789325520515	184.80971846883241	-327.7888974644827	-212.2153237921397	5.304682888223589	5년	36.88816735904839	184.80971846883241	5.304682888223589	-1.172456548833198	-0.6081374032762079	0.4539626980792961			5년	0.4539626980792961	불리(<1)	5년	14.194083679524194	2.5271777873129206	불리	N	주당순현금<=0 | FCF<=0	1105000000.0	-1.4598573915850621	33.72446864850316		-30.085253361118735	173.11199951171875	169.35054985046386	Y	Y	강한 상승추세	단기위험부채 존재
PNC	PNC FINANCIAL SERVICES GROUP, INC.	0000713676	S&P 500	제외	PEG=불리, PEGY=불리(<1)	219.2100067138672	16.59	2025	3.67	39713000000.0		39713000000.0	57101000000.0	14000000.0	60585000000.0	512936000000.0	10.563693395708265	89.43630660429174	0.11811415069326388	-43.90909090909091	-43.94444444444444	15.860102328086683	15.862233342875928	20.742358078602617	6.201879866723403	-0.4401788836301823	49.984716157205234	20.903759733446805	7.619642232739635	829.2464410480349	346.7933739778825	126.40986464115055	278.2885888646692	58.20143394756092	-42.33389864991328	3년	20.903759733446805	346.7933739778825	58.20143394756092	1.539230805300085	0.6224348155207848	0.2036444059159771			3년	0.6224348155207848	불리(<1)	3년	6.201879866723403	2.5573056345681757	불리	N	주당순현금<=0 | FCF<=0	396000000.0	-12.97046114642767	-1.6995485588039538		-14.69432008696031	239.00499969482422	228.30855018615722	N	N	주의	단기위험부채 존재
BRO	BROWN & BROWN, INC.	0000079282	S&P 500	제외	PEG=불리, PEGY=불리(<1)	62.880001068115234	3.16	2025	1.07	1079000000.0	10000000.0	1089000000.0	6894000000.0	25000000.0	5578800000.0	3863400000.0	59.08368812353053	40.91631187646947	1.4440130455039601	-18.54632587859425	-18.62619808306709	25.76782498313591	25.793100997209596	-8.670520231213867	10.064241629820891	56.18583117469611	-8.841040462427735	28.628483259641783	120.87166234939222	-27.937687861271645	90.46600710046803	381.95445302407944	-144.43016441906215	43.870873988170025	507.43391624679583	3년	28.628483259641783	90.46600710046803	43.870873988170025	-0.294961652222806	0.432098620551321	2.221989291380547	4.415335463258786	7.021843810841926	3년	0.432098620551321	불리(<1)	3년	10.064241629820891	2.5603344922467337	불리	N	주당순현금<=0	313000000.0	-8.204378002751477	-6.78920557147118		-34.4590374525807	67.71260009765625	67.46405015945435	N	N	주의	단기위험부채 존재
MRK	Merck & Co., Inc.	0000310158	S&P 500	제외	PEG=불리, PEGY=불리(<1)	145.60000610351562	7.28	2025	2.38	14565000000.0	498000000.0	15063000000.0	46750000000.0	2300000000.0	52606000000.0					-12.639409652971679	-13.55684084563223	21.73618348303397	21.86220425125657	8.011869436201781	8.433903046142621	21.232013056721488	24.523738872403563	25.367806092285242	50.964026113442976	178.53281899109794	184.67762835183657	371.0181101058649	22.618689221873	26.83902514436598	154.82011988521913	3년	25.367806092285242	184.67762835183657	26.83902514436598	0.47809080394969444	0.49750698205981464	1.086299859179588	4.93019545273235	3.3861231085575523	3년	0.4975069820598146	불리(<1)	3년	8.433903046142621	2.5772389561645905	불리	N	주당순현금<=0	2507000000.0	20.549766165814187	21.18185955424652		-6.935117325899354	143.4579997253418	123.89810001373291	Y	Y	강한 상승추세	단기위험부채 존재
WELL	WELLTOWER INC.	0000766704	S&P 500	제외	PEG=불리, PEGY=불리(<1)	225.47000122070312	1.39	2025	1.52	5033678000.0		5033678000.0	19197302000.0		42129498000.0	24100108000.0	63.61127680572341	36.38872319427659	1.7481041163798934	-20.843541259210532	-20.843541259210532	177.20398739562134	177.20398739562134	-11.464968152866252	66.71109926452392	28.940704466365673	-14.429936305732504	141.92219852904785	66.38140893273135	-20.05761146496818	197.27185595537648	92.27015841649657	-108.89591136575842	-12.506384491356194	-59.076525516945736	3년	141.92219852904785	197.27185595537648	-12.506384491356194	-0.05612158224556966	0.38504268593117386	0.17189627002218544			3년	0.3850426859311738	불리(<1)	3년	66.71109926452392	2.656289423338225	불리	N	주당순현금<=0 | FCF<=0	679521000.0	-4.4618638895325695	8.93849344875466		-10.552626385773067	233.639599609375	214.98309967041016	N	Y	중립/개선	
KO	COCA COLA CO	0000021344	S&P 500	제외	PEG=불리, PEGY=불리(<1)	88.05000305175781	3.04	2025	2.42	10270000000.0	2348000000.0	12618000000.0	35547000000.0	2373000000.0	32169000000.0					-5.316253188036169	-5.866450266635752	30.712584289405914	30.8935701705242	23.577235772357728	11.551776147388226	11.17422496891589	55.654471544715456	31.603552294776453	30.84844993783178	169.189593495935	96.07479897612042	93.77928781100861	92.15171792382728	9.113907605029215	6.506853561246317	3년	31.603552294776453	96.07479897612042	9.113907605029215	0.8464685201149057	0.4549202377674122	0.4426271928411156	1.2279156039879435	1.3945662253596365	3년	0.4549202377674122	불리(<1)	3년	11.551776147388226	2.658689356298668	불리	N	주당순현금<=0	4313000000.0	5.982187182433796	15.23360663758291		-4.283068706933291	87.98139984130859	80.42500007629394	Y	Y	강한 상승추세	단기위험부채 존재
MAA	MID AMERICA APARTMENT COMMUNITIES INC.	0000912595	S&P 500	제외	PEG=불리, PEGY=불리(<1)	116.86000061035156	3.78	2025	5.27	60258000.0		60258000.0			5662851000.0	6135738000.0	47.996001894802845	52.003998105197155	0.9229290755244113	0.5143705878838061	0.5143705878838061	30.77926720171105	30.77926720171105	-15.812917594654795	-11.64378965026387	11.534580200891554	-23.12583518930959	-14.787579300527739	31.56916040178311	-87.41565701559024	-55.89704975599485	119.33142631874014	-174.80374513009104	-147.83249141198743	2.114860256272899	5년	31.56916040178311	119.33142631874014	2.114860256272899	-0.34253309299282814	-0.20708061723800703	0.5459707695691134			5년	0.5459707695691134	불리(<1)	5년	11.534580200891554	2.6684341055890357	불리	N	FCF<=0	117149000.0	-12.582280810131252	-7.172927812437013		-17.814193259819866	125.92300018310547	130.57215057373048	N	N	주의	
CPRT	COPART INC	0000900075	S&P 500	제외	PEG=불리, PEGY=불리(<1)	27.31999969482422	1.55	2026	0.0	186319000.0		186319000.0	325386000.0	50370000.0	5987440000.0	913930000.0	86.75726703538574	13.242732964614273	6.551311369579727	-0.1453368308843509	-0.1979777605919361	17.719571952070044	17.75353384220397	-2.5157232704402537	6.587737291019979	-16.85169159402069	3.4685534591194926	21.67547458203996	-25.20338318804138	5.376257861635214	33.596985602161936	-39.06524394146414	-80.32116426906934	22.975790547050742	-242.99137766412588	3년	21.67547458203996	33.596985602161936	22.975790547050746	-0.14197426874898977	0.3717774508796971	-0.9510213700197218	1.324257467132078	4.8472089382305485	3년	0.3717774508796971	불리(<1)	3년	6.587737291019979	2.6897812054867964	불리	N	주당순현금<=0	956860000.0	-0.7267469462669651	-17.834587383987312		-40.2972012742223	30.233200073242188	33.19585015296936	N	N	주의	단기위험부채 존재
MDT	Medtronic plc	0001613103	S&P 500	제외	PEG=불리, PEGY=불리(<1)	88.4800033569336	3.73	2026	3.37	1949000000.0	7271000000.0	9220000000.0	22140000000.0	0.0	49463000000.0	42956000000.0	53.52038000843983	46.47961999156018	1.1514805847844305	-10.030277152395	-10.030277152395	26.41026287113367	26.41026287113367	3.3240997229916927	9.77073559217516	6.995481881143495	15.148199445983385	28.04147118435032	22.490963762286988	56.502783933518025	104.5946875176267	83.89129483333046	-36.14061732617433	18.21279786313468	-5.186153197906207	3년	28.04147118435032	104.5946875176267	18.21279786313468	0.2534658498347747	0.4975617113806899	0.39247931501934924	4.212405869109541	4.760856362218304	3년	0.4975617113806899	불리(<1)	3년	9.77073559217516	2.7029963734034705	불리	N	주당순현금<=0	1288100000.0	11.57629249923755	0.545458360151807		-16.013284633631542	90.10579986572266	88.3773498916626	N	Y	상승전환	
ETR	ENTERGY CORP /DE/	0000065984	S&P 500	제외	PEG=불리, PEGY=불리(<1)	102.80000305175781	3.91	2025	2.5	1928916000.0		1928916000.0	27902021000.0	657774000.0	16923076000.0					-57.69853670100379	-59.15976350773198	41.048219885616774	41.42193518145519	59.59183673469387	-10.03626231922775	15.165895704950483	127.68367346938774	-11.572524638455501	38.831791409900966	499.24316326530607	-45.24857133636101	151.83230441271277	385.64508603559744	-144.0161186703265	47.69678979121055	5년	38.831791409900966	151.83230441271277	47.69678979121055	1.5126560154792668	-0.1835953505469416	0.43036934985676645	-5.629813158795977	-5.4764717817775495	5년	0.4303693498567664	불리(<1)	5년	15.165895704950483	2.706613620731793	불리	N	주당순현금<=0 | FCF<=0	450151884.0	-10.92626307098159	-10.864474620968013		-12.814858910234427	104.66580017089844	106.50785022735596	N	N	주의	단기위험부채 존재
FRT	FEDERAL REALTY INVESTMENT TRUST	0000034903	S&P 500	제외	PEG=불리, PEGY=불리(<1)	106.16000366210938	4.68	2024	4.4	107415000.0		107415000.0	4963602000.0		3248731000.0	5629819000.0	36.59078340494788	63.40921659505212	0.5770578059436724	-56.20261558937562	-56.20261558937562	34.69286736142842	34.69286736142842	67.14285714285715	12.808740658788563	19.50578386760935	142.7857142857143	34.11748131757713	47.5115677352187	668.2371428571429	159.66981256626096	222.3541370008235	529.4622454837481	50.4048672365017	109.45189273781662	3년	34.11748131757713	159.66981256626096	50.4048672365017	2.0621776919597776	0.4960310855689394	0.6890691282032179			3년	0.4960310855689394	불리(<1)	3년	12.808740658788565	2.708530704587599	불리	N	주당순현금<=0 | FCF<=0	86405000.0	-13.061990720267069	-2.5965632233496017		-16.494921768548064	114.4765998840332	112.59209980010986	N	N	주의	
GD	GENERAL DYNAMICS CORP	0000040533	S&P 500	제외	PEG=불리, PEGY=불리(<1)	331.2699890136719	15.45	2025	1.93	2333000000.0		2333000000.0	7007000000.0	0.0	25622000000.0					-17.157015692392402	-17.157015692392402	22.5519096897129	22.5519096897129	13.352898019075557	8.220181851997577	7.03040276544542	35.205796038151114	24.940363703995153	22.56080553089084	543.9295487894346	385.3286192267251	348.56444545226344	64.19523857531992	16.31860174657178	5.220652945376769	3년	24.940363703995153	385.3286192267251	16.31860174657178	0.6776764464451045	0.4500808131839763	0.39732345902097715	14.532440121134258	4.386887011528982	3년	0.4500808131839763	불리(<1)	3년	8.220181851997577	2.743480630447681	불리	N	주당순현금<=0	272425000.0	-10.346417046367563	-2.7849572954527058		-16.33962472095688	363.8811999511719	354.9886001586914	N	N	주의	
PCG	PG&E Corp	0001004980	S&P 500	제외	PEG=불리, PEGY=불리(<1)	13.130000114440918	1.18	2025	1.58	713000000.0		713000000.0	57387000000.0	2675000000.0	32540000000.0					-25.737511353315167	-26.952316076294277	32.938569040471265	33.96806456841966	2.6086956521739157	11.995586155825675		13.717391304347831	32.491172311651354		16.18652173913044	38.3395833277486		23.278915445917136	191.9998704766281		3년	32.491172311651354	38.3395833277486	191.9998704766281	0.12716689808313503	0.4121486315676161		-1.3946412352406903	-10.621791493412145	3년	0.4121486315676161	불리(<1)	3년	11.995586155825677	2.74589074786267	불리	N	주당순현금<=0 | FCF<=0	2202000000.0	-24.713304401567747	-25.98646965138419		-31.292518602387588	14.966999988555909	16.453899998664856	N	N	주의	단기위험부채 존재
HST	HOST HOTELS & RESORTS, INC.	0001070750	S&P 500	제외	PEG=불리, PEGY=불리(<1)	22.649999618530273	1.1	2025	3.55	768000000.0		768000000.0	1274000000.0		6558000000.0	6317000000.0	50.935922330097085	49.064077669902915	1.038151021054298	-0.7290015847860539	-0.7290015847860539	21.253637457560295	21.253637457560295	11.111111111111121	7.721734501594191		30.722222222222243	23.943469003188383		33.79444444444447	26.337815903507224		49.20284774219941	16.281749876763342		3년	23.943469003188383	26.337815903507224	16.281749876763342	0.6898165615361951	0.5303437834630342		2.175479037602651	9.60476412468838	3년	0.5303437834630342	불리(<1)	3년	7.721734501594191	2.7524434378276506	불리	N	주당순현금<=0	694100000.0	-3.122324929169895	11.741485481096925		-11.315588071259853	22.66639991760254	21.4703999710083	N	Y	중립/개선	
INVH	Invitation Homes Inc.	0001687229	S&P 500	제외	PEG=불리, PEGY=불리(<1)	26.790000915527344	0.96	2025	4.53	129971000.0		129971000.0	8380020000.0		9530132000.0	9112398000.0	51.12037904726451	48.87962095273549	1.0458423787020716	-13.454578621849206	-13.454578621849206	41.921437018100576	41.921437018100576	29.729729729729726	15.0739165329576	22.36032947934692	67.95945945945945	38.647833065915194	53.22065895869384	65.24108108108108	37.101919743278586	51.09183260034608	143.52772994221024	38.49167030738887	90.71232121807627	3년	38.647833065915194	37.101919743278586	38.49167030738887	0.8172365302014164	0.46763465013122385	0.6414457946118685	1.9605145330390512	7.31808311325121	3년	0.4676346501312238	불리(<1)	3년	15.073916532957599	2.781058056573657	불리	N	주당순현금<=0	613177806.0	-11.379420042341504	3.1972336684369607		-12.42235769240122	28.413399963378907	27.827699928283693	N	N	판정불가	
ABNB	Airbnb, Inc.	0001559720	S&P 500	보류	PEG=불리, PEGY=불리(<1)	165.8699951171875	4.030497592295345	2025	0.0	6560000000.0	4454000000.0	11014000000.0	0.0	1999000000.0	8199000000.0	14009000000.0	36.919128242074926	63.080871757925074	0.5852666143193661	17.67897271268058	14.470304975922954	36.76742610832649	37.563523280767754	-1.825115293410216	13.128576286013535		4.849769413179568	34.757152572027074		19.546983943007856	140.08861975659707		-88.21547927990359	-15.543121793893969		3년	34.757152572027074	140.08861975659707	-15.543121793893967	-0.04963946314960822	0.357070855254684		7.417335473515249	4.47177650682083	3년	0.357070855254684	불리(<1)	3년	13.128576286013537	2.8005646086313627	불리	Y		623000000.0	13.190939481832164	27.27899462476635		-12.92913642142388	171.0361996459961	144.2013249206543	N	Y	상승전환	단기위험부채 존재
RSG	REPUBLIC SERVICES, INC.	0001060391	S&P 500	제외	PEG=불리, PEGY=불리(<1)	216.8800048828125	6.85	2025	1.24	76000000.0		76000000.0	13710000000.0		11968000000.0					-43.67520053304631	-43.67520053304631	38.037256265088885	38.037256265088885	5.546995377503843	13.459076140014382	56.06006028771993	19.593990755007688	35.418152280028764	120.62012057543986	134.21883667180265	242.614343118197	826.2478259417629	-38.113780131863436	11.865703456291254	280.9700328936327	3년	35.418152280028764	242.614343118197	11.865703456291254	0.17843020354054928	0.38643891761208327	1.5064193875705676	7.716998539248097	3.558188106560514	3년	0.3864389176120832	불리(<1)	3년	13.459076140014382	2.826141695714357	불리	N	주당순현금<=0	312168000.0	-1.4316201945008489	1.5926593701139247		-6.625909117216622	216.73119995117187	215.21879989624023	Y	Y	강한 상승추세	
MLM	MARTIN MARIETTA MATERIALS INC	0000916076	S&P 500	제외	PEG=불리, PEGY=안심	478.3500061035156	18.77	2025	70.0	67000000.0		67000000.0	5293000000.0	30000000.0	10032000000.0	8677000000.0	53.621251803944624	46.378748196055376	1.1561599631208943	-86.23762376237623	-86.73267326732673	30.07925572007948	30.105630227535556	-42.085775995063244	10.610393458663768	10.217788506018909	-75.67155199012649	29.720786917327537	28.935577012037818	-1420.3550308546742	557.8591704382378	543.1207805159498	-396.92798426500013	16.621545588005347	13.540456482907981	3년	29.720786917327537	557.8591704382378	16.621545588005347	0.9280224306315714	2.6799331143307548	2.6668807650207023	16.138613861386137	3.3738086454406186	3년	2.6799331143307548	안심	3년	10.610393458663768	2.8348859858272912	불리	N	주당순현금<=0	60600000.0	-16.62744991659858	-24.703675069949426		-32.44693395108327	513.5378033447265	585.8175489807129	N	N	주의	단기위험부채 존재
FIS	Fidelity National Information Services, Inc.	0001136893	S&P 500	제외	PEG=불리, PEGY=불리(<1)	34.040000915527344	0.73	2025	5.13	599000000.0		599000000.0	9069000000.0	2729000000.0	13899000000.0	19586000000.0	41.50813797222637	58.491862027773635	0.7096395384458286	-16.319845857418112	-21.578034682080926	68.9860914697883	76.18908985973735	-72.03065134099617		23.901501752560208	-135.56130268199234		56.303003505120415	-98.95975095785441		41.1011925587379	-390.7160643251156		20.74380567948102	5년	56.303003505120415	41.1011925587379	20.74380567948102	-0.9697701364962034		0.4208312303832176	8.05587668593449	23.665912071876008	5년	0.4208312303832176	불리(<1)	5년	23.901501752560208	2.886265983784842	불리	N	주당순현금<=0	519000000.0	-16.116314983806813	-26.685331269031376		-49.89696836575096	38.84799972534179	45.971249961853026	N	N	주의	단기위험부채 존재
FDX	FEDEX CORP	0001048911	S&P 500	제외	PEG=불리, PEGY=불리(<1)	291.7099914550781	18.55	2026	1.67	13311000000.0		13311000000.0	23293000000.0	745000000.0	31647000000.0					-41.76569037656904	-44.88284518828452	17.977125705210092	18.145166395868607	10.350981558596088	6.216255240021917	-0.9430705522987193	29.201963117192175	20.932510480043835	6.6138588954025614	541.6964158239149	388.29806940481313	122.68708250971751	85.69690161172743	33.11099406226854	-57.94210479464819	3년	20.932510480043835	388.29806940481313	33.11099406226854	0.668682066072008	0.4386827666080312	0.04043635560108497			3년	0.4386827666080312	불리(<1)	3년	6.216255240021917	2.891954241111037	불리	N	주당순현금<=0 | FCF<=0	239000000.0	-6.998027147470454	-2.656133555284579		-14.0386072761423	311.25119934082034	300.51838752746585	N	N	주의	단기위험부채 존재
MSCI	MSCI Inc.	0001408198	S&P 500	제외	PEG=불리, PEGY=불리(<1)	565.1199951171875	15.69	2025	1.46	515332000.0	70898000.0	586230000.0	6202286000.0	0.0	-2654540000.0	8356999000.0	-46.55079501667614	146.55079501667615	-0.3176427327561006	-73.28221723471998	-73.28221723471998	40.68847752402215	40.68847752402215	11.672597864768674	13.538386829039872	53.02284334613518	31.84519572953735	35.576773658079745	114.54568669227037	499.65112099644097	558.1995786952712	1797.221824201722	-11.584950928372372	-1.2245923842212123	218.02481592056157	3년	35.576773658079745	558.1995786952712	-1.2245923842212125	0.3227596278827414	0.3686150906035977	1.339023887388486	20.214089983819616	3.576955364962422	3년	0.3686150906035977	불리(<1)	3년	13.538386829039872	3.0054154928373937	불리	N	주당순현금<=0	76636000.0	-7.574047415621344	2.237900518713243		-12.22527994709396	559.1457971191406	572.639698638916	Y	N	판정불가	
RVTY	REVVITY, INC.	0000031791	S&P 500	제외	PEG=불리, PEGY=불리(<1)	154.17999267578125	2.07	2025	18.0	919860000.0	0.0	919860000.0	2631236000.0	588828000.0	7250360000.0	4918051000.0	59.58345752785635	40.416542472143654	1.4742344070852458	-14.677953600068614	-19.728153008276514	81.57388708978254	84.01359694882018	-5.909090909090924	27.023182791188983	-9.341040767937725	-3.3181818181818485	62.546365582377966	-10.18208153587545	-6.868636363636426	129.47097675552237	-21.076908779262183	-104.45494661429917	-16.02608450774703	-113.67032674828566	3년	62.546365582377966	129.47097675552237	-16.02608450774703	0.14822033768724882	0.5519313152459584	0.10614866522827308	4.3690638535100135	2.8337424186402305	3년	0.5519313152459584	불리(<1)	3년	27.023182791188983	3.0186631870906058	불리	N	주당순현금<=0	116595000.0	38.638606191040004	66.42918144601076		-2.0208489592247303	132.08919967651366	107.69304996490479	Y	Y	강한 상승추세	단기위험부채 존재
DTE	DTE ENERGY CO	0000936340	S&P 500	제외	PEG=불리, PEGY=불리(<1)	126.9000015258789	7.03	2025	3.66	208000000.0		208000000.0	10982000000.0	882000000.0	12303000000.0					-52.04830917874396	-56.309178743961354	25.454951736077224	26.061049825012837	3.8404726735598333	8.394043095201798	37.69982747513958	16.180945347119668	25.288086190403597	83.89965495027916	113.75204579025127	177.77524591853728	589.8145743004625	-10.360879099710928	40.09081464217581	364.78689299320513	3년	25.288086190403597	177.77524591853728	40.09081464217581	0.2946567234275851	0.47354413475935375	1.6248244311742468			3년	0.4735441347593537	불리(<1)	3년	8.394043095201798	3.032501912055679	불리	N	주당순현금<=0 | FCF<=0	207000000.0	-14.87221084662681	-13.971929868116106		-17.82684222986419	133.0081999206543	140.9011999130249	N	N	주의	단기위험부채 존재
ZBRA	ZEBRA TECHNOLOGIES CORP	0000877212	S&P 500	제외	PEG=불리, PEGY=불리(<1)	387.17999267578125	8.18	2025	0.0	125000000.0	0.0	125000000.0	2361000000.0	141000000.0	3588000000.0	4914000000.0	42.201834862385326	57.798165137614674	0.7301587301587301	-43.66130504148459	-46.4145447601113	52.670085295509274	53.00666716820203	-19.64636542239686	-2.4059043989460127	17.195332607402314	-30.792730844793716	3.6881912021079746	42.89066521480463	-251.88453831041258	30.169404033243232	350.84564145710186	-165.05618654767034	-92.20791244280366	-9.384356605715737	5년	42.89066521480463	350.84564145710186	-9.384356605715737	-0.37300804265209603	-0.04567876405453901	0.32647246555472	16.22654046935317	4.190955311820834	5년	0.32647246555472	불리(<1)	5년	17.195332607402314	3.063045449486429	불리	N	주당순현금<=0	51212395.0	48.85241416336707	71.250386548347		0.0	361.602998046875	270.41654945373534	Y	Y	강한 상승추세	단기위험부채 존재
ALGN	ALIGN TECHNOLOGY INC	0001097149	S&P 500	보류	PEG=불리, PEGY=불리(<1)	142.7100067138672	5.65	2025	0.0	1094908000.0	318202000.0	1413110000.0			4049147000.0	2184546000.0	64.95582955400594	35.04417044599405	1.8535416512172322	19.467542844547307	19.467542844547307	21.812825463596436	21.812825463596436	0.533807829181499	7.016113370463617	-24.086097409967156	9.567615658362998	22.532226740927236	-39.67219481993431	54.05702846975094	127.3070810862389	-224.14790073262887	-62.121066549919654	-10.793164391415855	-257.0653003906336	3년	22.532226740927236	127.3070810862389	-10.793164391415855	0.024472200085787803	0.32165082795774685	-1.1042172161586585	6.761145092852813	4.737681153928381	3년	0.3216508279577468	불리(<1)	3년	7.016113370463617	3.108961373888841	불리	Y		72588000.0	-20.032499526529524	-21.01067794309799		-27.74542520230392	156.99720062255858	169.83080009460448	N	N	주의	
NDAQ	NASDAQ, INC.	0001120193	S&P 500	제외	PEG=불리, PEGY=불리(<1)	93.6500015258789	3.09	2025	1.26	604000000.0	291000000.0	895000000.0	8573000000.0	431000000.0	12227000000.0	18821000000.0	39.38095851584643	60.61904148415357	0.6496466712714521	-13.270015025137837	-14.014919489299652	34.60194710388892	34.84301650976653	60.10362694300518	10.989871033323162	-11.180293383285411	128.70725388601036	30.479742066646324	-13.860586766570822	397.705414507772	94.18240298593713	-42.82921310870384	324.67208545412734	0.5685012828441804	-145.733275398686	3년	30.479742066646324	94.18240298593713	0.5685012828441804	1.77341543118273	0.3540225929062355	-0.2866975477854097	3.4376217615263296	3.670711911922809	3년	0.3540225929062355	불리(<1)	3년	10.989871033323162	3.148530769739692	불리	N	주당순현금<=0	578597687.0	6.4083618370083695	8.705745638027707		-7.25886471319016	94.71640045166015	90.59820011138916	N	Y	상승전환	단기위험부채 존재
WMT	Walmart Inc.	0000104169	S&P 500	제외	PEG=불리, PEGY=양호	111.3499984741211	2.73	2026	92.0	10727000000.0		10727000000.0	34624000000.0	6596000000.0	99617000000.0					-2.9789329344303166	-3.801171777611568	41.878729453681835	42.17991584312552	13.278008298755179	-13.852054624316834	-10.485413986679248	35.05601659751036	-19.204109248633667	-12.470827973358496	95.70292531120327	-52.42721824876991	-34.04536036726869	-14.052153908699305	-147.0832680441882	-130.57508831055907	1년	35.05601659751036	95.70292531120327	-14.052153908699305	2.513877800786516	1.8660533973962925	1.946443626076967	1.8602592869608576	1.6706415019782883	3년	1.8660533973962925	양호	1년	13.278008298755179	3.153991811980416	불리	N	주당순현금<=0	8022000000.0	-2.0668412816148507	-10.61250803009547		-17.026824883560764	108.50599990844727	118.16844966888428	Y	N	주의	단기위험부채 존재
ADM	Archer-Daniels-Midland Co	0000007084	S&P 500	제외	PEG=불리, PEGY=불리(<1)	79.88999938964844	2.23	2025	2.52	1015000000.0	433000000.0	1448000000.0	6606000000.0	798000000.0	22740000000.0					-10.65702479338843	-12.305785123966942	40.60404671885061	41.343401127181785	-38.9041095890411	-33.86721254408997	12.82075623743526	-69.3082191780822	-59.23442508817995	34.141512474870524	-154.5573287671233	-132.0927679466413	76.13557281896126	-293.4626736111225	-265.3433082436059	-4.699495054913772	5년	34.141512474870524	76.13557281896126	-4.699495054913772	-0.8960710207278333	-0.7720218814923412	0.3778134810960417	8.685950413223141	10.87238763247331	5년	0.3778134810960417	불리(<1)	5년	12.82075623743526	3.167055512707672	불리	N	주당순현금<=0	484000000.0	-2.9047149065464017	14.42280111549572		-9.308658518714319	81.78559967041015	74.99475015640259	N	Y	중립/개선	단기위험부채 존재
CAT	CATERPILLAR INC	0000018230	S&P 500	제외	PEG=불리, PEGY=안심	800.469970703125	18.81	2025	82.0	9980000000.0		9980000000.0	30696000000.0	5514000000.0	21318000000.0	77267000000.0	21.623979307196837	78.37602069280317	0.2759004490921092	-43.8619521490578	-55.53673512597925	44.88739621755358	45.508065169011395	-14.693877551020417	14.168748532167829	67.65638212373489	-20.887755102040835	36.83749706433566	143.81276424746977	-392.8986734693881	692.9133197801536	2705.1180954949064	-149.0834994252526	-13.436687803353154	237.9412338377612	3년	36.83749706433566	692.9133197801536	-13.436687803353154	1.4994436773024267	2.1424443526657546	3.334040170171656	18.882066483167478	2.3588725591519264	3년	2.1424443526657546	안심	3년	14.168748532167829	3.168056523527401	불리	N	주당순현금<=0	472300000.0	-14.235975349733842	1.1039104808435285		-24.831444046255346	821.995400390625	801.3289492797852	N	N	판정불가	단기위험부채 존재
BAC	BANK OF AMERICA CORP /DE/	0000070858	S&P 500	제외	PEG=불리, PEGY=불리(<1)	54.31999969482422	3.81	2025	2.39	161560000000.0		161560000000.0	317816000000.0	45999000000.0	303243000000.0	3108495000000.0	8.888226469910645	91.11177353008935	0.09755299590316215	-20.343449335364344	-26.33220065356924	19.59670578220172	21.168556521888046	18.691588785046733	6.09903426261329	15.29664601415619	45.883177570093466	20.69806852522658	39.093292028312376	174.8149065420561	78.85964108111328	148.94544262787016	221.82420383686602	45.17607055256902	174.20000637824407	3년	20.69806852522658	78.85964108111328	45.17607055256902	1.075772072069053	0.4331867997081055	0.9025315892745452			3년	0.4331867997081055	불리(<1)	3년	6.09903426261329	3.213083406061241	불리	N	주당순현금<=0 | FCF<=0	7680900000.0	-10.392608624324618	1.8181841582875613		-16.185771113917546	60.0689998626709	55.276299934387204	N	N	판정불가	단기위험부채 존재
COST	COSTCO WHOLESALE CORP /NEW	0000909832	S&P 500	보류	PEG=불리, PEGY=양호	946.9199829101562	20.76	2026	62.0	20207000000.0	1094000000.0	21301000000.0	3914000000.0	36000000.0	35803000000.0	53242000000.0	40.20776012128699	59.792239878713005	0.6724578340407948	39.122285549707826	39.041282370333036	43.7282127822952	43.73211466954832	14.003294892915982	13.6025374409261	12.995379900170413	36.50658978583196	35.7050748818522	34.490759800340825	757.8768039538716	741.2373545472517	716.0281734550756	-19.964007769199345	-21.721225877056995	-24.383455162228596	3년	35.7050748818522	741.2373545472517	-21.721225877056995	1.7380837234603013	1.7289189891505528	1.7150341879633082	21.110328580396782	2.229367735541782	3년	1.7289189891505528	양호	3년	13.602537440926099	3.2147099739442484	불리	Y		444427000.0	2.7306734917446507	-3.4592438721846586		-13.469549182462847	931.4269970703125	963.4701473999023	Y	N	중립/개선	단기위험부채 존재
AZO	AUTOZONE INC	0000866787	S&P 500	제외	PEG=불리, PEGY=불리(<1)	2939.85009765625	144.87	2025	0.0	271803000.0		271803000.0	8799775000.0	180910000.0	-3414313000.0					-494.51852710930706	-505.0091040881415	23.70655501322259	23.778968742627125	-3.1293881644934842	7.323782044011162	36.18199999564493	2.2412236710130315	23.147564088022325	80.86399999128986	324.6860732196579	3353.3876094317943	11714.767678738162	-88.95569289473266	14.06661897847208	298.4818031394723	3년	23.147564088022325	3353.3876094317943	14.066618978472079	-0.13200518433606376	0.3089348933206973	1.526244533440815	103.80284140330531	3.5308889213793764	3년	0.3089348933206973	불리(<1)	3년	7.323782044011162	3.236927979391198	불리	N	주당순현금<=0	17245000.0	-3.041485474411365	-16.35011474950555		-28.260823199557038	2945.7094189453123	3283.4798999023437	N	N	주의	단기위험부채 존재
ABT	ABBOTT LABORATORIES	0000001800	S&P 500	제외	PEG=불리, PEGY=불리(<1)	99.5999984741211	3.72	2025	2.56	8522000000.0	417000000.0	8939000000.0	9896000000.0	0.0	52130000000.0					-0.5474828375286042	-0.5474828375286042	26.92136594399185	26.92136594399185	-51.30890052356021	-1.6467472577444189	8.273103706617114	-94.11780104712042	5.206505484511163	25.046207413234228	-350.118219895288	19.368200402381525	93.17189157723134	-451.5243225493208	-80.55401536234568	-6.4539226861132555	5년	25.046207413234228	93.17189157723134	-6.4539226861132555	-1.8107885248088496	0.03392297196789881	0.4023979960435396	4.230549199084668	4.247539421583308	3년	0.0339229719678988	불리(<1)	5년	8.273103706617114	3.25408297764468	불리	N	주당순현금<=0	1748000000.0	11.960431091669799	-1.0825344531295022		-25.264504178677704	106.17120010375976	103.34284999847412	N	N	중립/개선	
AMT	AMERICAN TOWER CORP /MA/	0001053507	S&P 500	제외	PEG=불리, PEGY=불리(<1)	182.24000549316406	5.4	2025	4.29	1474800000.0	4026000.0	1478826000.0	18294659000.0	3387800000.0	3652500000.0	52835100000.0	6.466020861215559	93.53397913878445	0.06913018050500519	-35.873241359595696	-43.1004401000945	40.39134200977032	41.72971214689973	106.10687022900764	12.230302192084208	7.337360126949077	220.71374045801528	32.96060438416842	23.174720253898155	1191.8541984732826	177.98726367450948	125.14348937105004	554.002503592983	-2.333593991695804	-31.330396400945983	3년	32.96060438416842	177.98726367450948	-2.3335939916958037	2.733181536832908	0.4090060238178788	0.28786763569619744	8.071559464711994	4.429082101303362	3년	0.4090060238178788	불리(<1)	3년	12.230302192084208	3.302562878283802	불리	N	주당순현금<=0	468757000.0	7.942903226127163	0.7184718880385743		-6.119920627883624	172.5633999633789	176.71150024414064	Y	Y	상승전환	단기위험부채 존재
DUK	Duke Energy CORP	0001326160	S&P 500	제외	PEG=불리, PEGY=불리(<1)	116.6500015258789	6.31	2025	3.76	245000000.0	44000000.0	289000000.0	80108000000.0	2624000000.0	51842000000.0					-102.72715572715573	-106.10424710424711	34.7665859355047	35.3017826672149	10.507880910683006			29.515761821366013			186.24445709281952			59.660912693173884			1년	29.515761821366013	186.24445709281952	59.660912693173884	0.4103906244102102			-2.18018018018018	-1.8689928432589906	1년	0.4103906244102102	불리(<1)	1년	10.507880910683006	3.3086200948621998	불리	N	주당순현금<=0 | FCF<=0	777000000.0	-7.69169977798867	-10.544473170390367		-12.595537496134135	119.55899948120117	123.98740013122558	N	N	주의	단기위험부채 존재
PLD	Prologis, Inc.	0001045609	S&P 500	제외	PEG=불리, PEGY=불리(<1)	129.49000549316406	1.49	2025	3.31	1145647000.0		1145647000.0	35037073000.0		53193178000.0	40970248000.0	56.49027468478048	43.50972531521952	1.2983367345006065	-35.42045625564362	-35.42045625564362	110.67816224752193	110.67816224752193	8.759124087591232	33.234053078207104	31.425771273344495	26.018248175182464	74.96810615641421	71.35154254668899	38.76718978102187	111.70247817305717	106.31379839456659	-70.06163554215894	-13.736602490951256	-17.898066349082807	3년	74.96810615641421	111.70247817305717	-13.736602490951256	0.10904702284990696	0.3301830490867707	0.31384485040202437			3년	0.3301830490867707	불리(<1)	3년	33.234053078207104	3.330263750469184	불리	N	주당순현금<=0 | FCF<=0	956832000.0	-9.123446907736755	-5.585117567778952		-13.707845128677775	136.87339996337892	137.94254997253418	N	N	주의	
KEY	KEYCORP /NEW/	0000091576	S&P 500	보류	PEG=불리, PEGY=불리(<1)	19.969999313354492	1.52	2025	4.14	1287000000.0	10163000000.0	11450000000.0	9917000000.0	343000000.0	20381000000.0	164000000000.0	11.053741979922009	88.94625802007799	0.12427439024390244	1.3835814995388063	1.074013036171676	12.227906456457688	12.431569919199221	575.0	-7.651730931537582	3.659228783256574	1158.5	-6.803461863075164	15.818457566513148	1760.92	-10.34126203187425	24.044055501099987	8717.827043301018	-151.78398791911206	20.40088296358158	5년	15.818457566513148	24.044055501099987	20.40088296358158	47.36215492506896	-0.2871898753922017	0.6378220843468848	1.8556057162764419	9.291966850672582	5년	0.6378220843468848	불리(<1)	5년	3.659228783256574	3.3416621864171385	불리	Y		1107994000.0	-14.291845634095212	-8.05709049412362		-16.756984143882303	21.569600067138673	21.586700019836425	N	N	주의	단기위험부채 존재
CARR	CARRIER GLOBAL Corp	0001783180	S&P 500	제외	PEG=불리, PEGY=불리(<1)	55.560001373291016	1.72	2025	1.72	1555000000.0		1555000000.0	11365000000.0	325000000.0	14128000000.0	23062000000.0	37.98870664157031	62.01129335842969	0.612609487468563	-11.375231910946196	-11.75208719851577	38.915833304789075	39.13493521616673	-72.03252032520325	-25.140280284035853	11.456573996486764	-135.5650406504065	-41.78056056807171	31.413147992973528	-233.17186991869917	-71.86256417708333	54.03061454791447	-519.6757814170794	-229.34226494031248	-2.7526760035534448	5년	31.413147992973528	54.03061454791447	-2.7526760035534448	-1.8067843947864384	-0.601818804716529	0.3385915931258042			5년	0.3385915931258042	불리(<1)	5년	11.456573996486764	3.396812460402462	불리	N	주당순현금<=0 | FCF<=0	862400000.0	-20.355505057481295	-13.619400440137309		-26.894735035143402	58.60240005493164	61.68589996337891	N	N	주의	단기위험부채 존재
SO	SOUTHERN CO	0000092122	S&P 500	제외	PEG=불리, PEGY=불리(<1)	86.16999816894531	3.92	2025	3.56	1639000000.0		1639000000.0		722000000.0	36016000000.0	116853000000.0	23.560041604249392	76.43995839575061	0.3082163059570572	1.477908025247971	0.8268710550045085	21.605125036657487	21.771205896413473	-1.754385964912288	6.338245126558739	5.994587569440402	4.991228070175424	21.17649025311748	20.489175138880803	19.565614035087663	83.01184179222051	80.31756654441274	-77.29416914141368	-3.665030107732981	-6.791727688166205	3년	21.17649025311748	83.01184179222051	-3.6650301077329805	0.08357341288347653	0.4581433854126905	0.44223708741463436	-2.6465284039675385	-3.0712875248978677	3년	0.4581433854126905	불리(<1)	3년	6.338245126558739	3.4086919336910664	불리	N	FCF<=0	1109000000.0	-10.202168621228624	-10.17408746500742		-13.588049424276038	88.25099990844727	92.14574993133544	N	N	주의	단기위험부채 존재
RTX	RTX Corp	0000101829	S&P 500	제외	PEG=불리, PEGY=불리(<1)	185.97000122070312	4.96	2025	1.58	7435000000.0	750000000.0	8185000000.0	41078000000.0	204000000.0	65245000000.0	103941000000.0	38.56406558462284	61.43593441537716	0.627711875006013	-24.250221173695074	-24.40061928634621	42.383109353709315	42.41343155384059	39.718309859154935	12.323650810265118	122.97071854507217	87.93661971830987	33.147301620530236	254.44143709014435	436.16563380281696	164.41061603782998	1262.0295279671159	134.5354793460424	-11.59293705509372	578.6199492838527	3년	33.147301620530236	164.41061603782998	-11.59293705509372	0.9744049100904523	0.32804697489822765	2.938687615050396	5.853730462990268	3.147674584377322	3년	0.3280469748982276	불리(<1)	3년	12.323650810265118	3.439168311910124	불리	N	주당순현금<=0	1356400000.0	-3.8368055185704075	-7.665956089901471		-17.526277577592687	203.30279907226563	194.98789970397948	N	N	주의	단기위험부채 존재
GEHC	GE HealthCare Technologies Inc.	0001932393	S&P 500	제외	PEG=불리, PEGY=양호	65.73999786376953	4.55	2025	25.0	4492000000.0		4492000000.0	9495000000.0	508000000.0	10379000000.0	26307000000.0	28.291446328299624	71.70855367170039	0.3945337742806097	-10.923580786026202	-12.032751091703057	16.849138164790272	17.092911858345627	4.838709677419354			18.177419354838708			82.70725806451613			25.809645196379826			1년	18.177419354838708	82.70725806451613	25.809645196379826	1.7709338831213013					1년	1.7709338831213013	양호	1년	4.838709677419354	3.4821552207233237	불리	N	주당순현금<=0 | FCF<=0	458000000.0	6.616928359477869	-10.957610411276331		-25.431040003433925	68.66769958496094	70.83330001831055	N	N	중립/개선	단기위험부채 존재
SHW	SHERWIN WILLIAMS CO	0000089800	S&P 500	제외	PEG=불리, PEGY=불리(<1)	319.3599853515625	10.26	2025	1.02	207200000.0		207200000.0	9320700000.0	1200500000.0	4598300000.0					-36.39576677316294	-41.19009584664537	34.67404991469059	35.14133345011773	-2.7488151658767856	9.945304600039684	18.130624645897143	3.0023696682464287	28.390609200079368	44.761249291794286	30.804312796208357	291.2876503928143	459.25041773380934	-90.35436053070396	-8.790185447887334	43.803368862335915	3년	28.390609200079368	291.2876503928143	-8.790185447887334	-0.04985904935045752	0.3162395113065214	0.5523042359636064	13.284496805111822	4.159724891798135	3년	0.3162395113065214	불리(<1)	3년	9.945304600039684	3.486474402659546	불리	N	주당순현금<=0	250400000.0	-2.782348447012939	-4.491901223733141		-14.288786870594416	337.1484008789063	333.09024993896486	N	N	주의	단기위험부채 존재
AEE	AMEREN CORP	0001002910	S&P 500	제외	PEG=불리, PEGY=불리(<1)	102.19000244140625	5.35	2025	2.96	13000000.0		13000000.0	18214000000.0	643000000.0	13401000000.0					-66.8662747979427	-69.22850844966936	31.59930415688766	32.040843157210396	21.04072398190045	8.922553391323573	8.85719705051664	50.5814479638009	26.345106782647147	26.21439410103328	270.61074660633477	140.94632128716222	140.24700844052805	164.81137111382074	37.925744123529206	37.24141803494226	3년	26.345106782647147	140.94632128716222	37.925744123529206	0.759533306896223	0.3760384511104352	0.37397016693295954	-2.8471711976487875	-2.7861543493761043	3년	0.3760384511104352	불리(<1)	3년	8.922553391323573	3.541509114152828	불리	N	주당순현금<=0 | FCF<=0	272200000.0	-9.526334482121824	-8.579349116674727		-13.632519688151723	105.04139999389649	107.91389976501465	N	N	주의	단기위험부채 존재
CTAS	CINTAS CORP	0000723254	S&P 500	제외	PEG=불리, PEGY=불리(<1)	202.41000366210938	4.91	2026	1.05	289018000.0	0.0	289018000.0	1429086000.0	0.0	5139887000.0					-2.8066873955248317	-2.8066873955248317	41.79566009320452	41.79566009320452	11.590909090909085	-27.696811943297327	-13.671080138691515	31.68181818181817	-46.89362388659465	-18.84216027738303	155.55772727272722	-230.24769328317976	-92.51500696195068	-23.147213844032343	-213.75311946910531	-145.7067364696013	1년	31.68181818181817	155.55772727272722	-23.147213844032343	0.302445494645133	-0.6375497332468206	-0.30197106854028494	4.631188807401335	2.2880236765038315	1년	0.302445494645133	불리(<1)	1년	11.590909090909085	3.605900086472549	불리	N	주당순현금<=0	406197000.0	9.808496528755906	15.215170822359125		-6.5210341277374795	200.4231997680664	188.32279983520507	Y	Y	강한 상승추세	
MKC	MCCORMICK & CO INC	0000063754	S&P 500	제외	PEG=불리, PEGY=불리(<1)	44.810001373291016	2.93	2025	4.24	95900000.0		95900000.0	3105800000.0	381400000.0	5736500000.0	7432300000.0	43.56129639754571	56.43870360245429	0.7718337526741386	-11.17260579064588	-12.588344469190794	19.106691864824878	19.589879127126895	0.34246575342466545	5.153167622194932	31.68223228750233	9.184931506849331	18.806335244389864	71.86446457500466	26.91184931506854	55.10256226606231	210.56288120476367	-39.94231535304228	22.96933848992509	369.90152812240166	3년	18.806335244389864	55.10256226606231	22.969338489925086	0.2398356442781659	0.491616638225459	1.8800864399574373	2.599109131403118	5.800287997652944	3년	0.491616638225459	불리(<1)	3년	5.153167622194932	3.707756716962101	불리	N	주당순현금<=0	269400000.0	-15.212861557161638	-17.187209632522904		-37.45987380459955	51.119800109863284	54.92724998474121	N	N	주의	단기위험부채 존재
PM	Philip Morris International Inc.	0001413329	S&P 500	제외	PEG=불리, PEGY=불리(<1)	201.19000244140625	7.26	2025	3.19	4872000000.0		4872000000.0	14828000000.0	168000000.0	-9994000000.0	77213000000.0	-14.867820110385457	114.86782011038545	-0.12943416264100605	-6.390243902439025	-6.498074454428755	28.592320433036537	28.607173126148073	60.61946902654868	7.709372585660357	41.71851076645543	129.73893805309734	23.918745171320715	91.93702153291086	941.9046902654867	173.6500899437884	667.4627763289328	368.16674727155146	-13.688509450482488	231.757427421535	3년	23.918745171320715	173.6500899437884	-13.688509450482488	2.2316995633841965	0.38119930179107997	1.5706493941837127	6.844672657252889	3.4020938288155262	3년	0.3811993017910799	불리(<1)	3년	7.709372585660357	3.708773978082086	불리	N	주당순현금<=0	1558000000.0	14.344987741368765	23.619049119143632		0.0	189.8833999633789	178.82240005493165	Y	Y	강한 상승추세	단기위험부채 존재
TFC	TRUIST FINANCIAL CORP	0000092230	S&P 500	제외	PEG=불리, PEGY=불리(<1)	46.11000061035156	3.82	2025	4.5	20295000000.0		20295000000.0	41963000000.0	27839000000.0	65189000000.0	482349000000.0	11.9058403252377	88.0941596747623	0.1351490310957419	-16.633146541797803	-38.00337760036847	16.42490763145271	22.019208955685873	13.69047619047619	-4.818353706579703	4.400488140687586	35.88095238095238	-1.1367074131594066	17.30097628137517	137.06523809523807	-4.3422223182689335	66.08972939485315	197.25707282785706	-109.4170944714629	43.3305758404527	5년	17.30097628137517	66.08972939485315	43.3305758404527	1.1074933630459218	-0.01938237424057564	0.5418896921918566	3.9725186151838487	8.615308094990635	5년	0.5418896921918566	불리(<1)	5년	4.400488140687586	3.7325194629171934	불리	N	주당순현금<=0	1302700000.0	-11.24157856943494	-7.798435996952213		-17.380398717534497	49.77319999694824	49.699600009918214	N	N	주의	단기위험부채 존재
CPAY	CORPAY, INC.	0001175454	S&P 500	보류	PEG=불리, PEGY=불리(<1)	397.9200134277344	15.03	2025	0.0	2408097000.0		2408097000.0	474939000.0	3345530000.0	3883864000.0					27.205353373300685	-19.876326381266008	24.664980708877824	27.797494331936154	7.587687902648523	6.564477917470324	43.85131319574005	23.675375805297044	21.628955834940648	96.2026263914801	355.84089835361453	325.0832061991579	1445.9254746639458	-10.574767202997638	-18.3043839894231	263.37088507023236	3년	21.628955834940648	325.0832061991579	-18.3043839894231	0.30762999542575914	0.2661456741017247	1.7778774576521912	18.282881589687296	4.5946122267629095	3년	0.2661456741017247	불리(<1)	3년	6.564477917470324	3.757340799827487	불리	Y		71058000.0	11.72507000680596	26.25567042372634		-6.42460197395428	403.5538000488281	349.03114974975585	N	Y	상승전환	단기위험부채 존재
IQV	IQVIA HOLDINGS INC.	0001478242	S&P 500	제외	PEG=불리, PEGY=불리(<1)	259.8800048828125	7.84	2025	0.0	1980000000.0	46000000.0	2026000000.0	13884000000.0	1840000000.0	6503000000.0	23314000000.0	21.80970587248885	78.19029412751115	0.27893111435189155	-68.34582132564842	-78.95100864553314	41.86553905720165	43.218241521472656	4.672897196261677	11.081058953610356	66.64690241687414	17.845794392523352	30.66211790722071	141.79380483374828	139.9110280373831	240.39100439261037	1111.6634298965864	-46.16321940563566	-7.499230461762652	327.7602774395314	3년	30.66211790722071	240.39100439261037	-7.499230461762652	0.11161679274873332	0.2646821037815876	1.591927487803591			3년	0.2646821037815876	불리(<1)	3년	11.081058953610356	3.778117166641488	불리	N	주당순현금<=0 | FCF<=0	173500000.0	25.044508777933494	51.1018062576559		-5.505048627613296	256.86300018310544	206.793999710083	Y	Y	강한 상승추세	단기위험부채 존재
CHTR	CHARTER COMMUNICATIONS, INC. /MO/	0001091667	S&P 500	제외	PEG=불리, PEGY=불리(<1)	103.37999725341797	36.21	2025	0.0	477000000.0		477000000.0	94006000000.0	750000000.0	16054000000.0					-679.0075792662888	-684.4524753354194	21.606947708359755	21.757317663320556	3.545896482699463	5.610772798941088	43.025880490420356	15.591792965398927	19.721545597882177	94.55176098084071	564.5788232770951	714.1171660993136	3423.7192651162422	446.11998285618927	590.7691865659276	3211.7811531021753	3년	19.721545597882177	714.1171660993136	590.7691865659276	0.16410908799152374	0.25967447483432715	1.991298404159769	32.07406777789203	31.02540977948381	3년	0.2596744748343271	불리(<1)	3년	5.610772798941088	3.85097534379535	불리	N	주당순현금<=0	137743676.0	-19.17755117378509	-54.317279779367226		-61.171832017495596	137.34400100708007	172.38110031127928	N	N	주의	단기위험부채 존재
PWR	QUANTA SERVICES, INC.	0001050915	S&P 500	제외	PEG=불리, PEGY=불리(<1)	705.9400024414062	6.8	2025	6.0	439508000.0		439508000.0	1040532000.0	0.0	8938249000.0	15899027000.0	35.98723547622533	64.01276452377466	0.5621884282604213	-3.972635516983826	-3.972635516983826	104.39891734682207	104.39891734682207	12.769485903814253	26.99606847284017	17.23954045081646	34.038971807628506	62.49213694568034	42.97908090163292	231.46500829187383	424.9465312306263	292.2577501311038	-67.211801641587	-39.80415761098659	-58.60019985829299	3년	62.49213694568034	424.9465312306263	-39.80415761098659	0.1797862121640632	0.316057573310118	0.22260327062217256	10.713234759503209	1.517584316294984	3년	0.316057573310118	불리(<1)	3년	26.99606847284017	3.8671896780768016	불리	N	주당순현금<=0	151291000.0	6.808484860014108	18.47810999992523		-10.098821860728158	651.8730029296875	612.460301361084	Y	Y	강한 상승추세	
EQIX	EQUINIX INC	0001101239	S&P 500	제외	PEG=불리, PEGY=불리(<1)	1026.06005859375	13.76	2025	2.04	1727000000.0	1500000000.0	3227000000.0	15334000000.0	1299000000.0	14156000000.0	25963000000.0	35.28502704454249	64.71497295545751	0.5452374532989254	-123.38595436340104	-136.62444075293254	83.53532070909527	84.49742001066006	61.882352941176464	21.50878828113374	89.03782666520712	132.26470588235293	51.51757656226748	186.57565333041424	1819.9623529411763	708.8818534968005	2567.2809898265	77.3738620559401	-30.91224557865091	150.20767237982594	3년	51.51757656226748	708.8818534968005	-30.91224557865091	0.7652134737565763	0.2819021712161783	1.0902912192362078	39.70668446745411	3.8698206927451655	3년	0.2819021712161783	불리(<1)	3년	21.50878828113374	3.883776232172391	불리	N	주당순현금<=0	98123000.0	0.24621222624476857	-2.9124473167204012		-8.05418638383335	1042.1945935058593	994.3803982543945	N	Y	상승전환	단기위험부채 존재
ADSK	Autodesk, Inc.	0000769397	S&P 500	보류	PEG=불리, PEGY=불리(<1)	235.35000610351562	5.23	2026	0.0	2249000000.0	348000000.0	2597000000.0	2500000000.0		3045000000.0					0.4511627906976744	0.4511627906976744	44.91373677109329	44.91373677109329	2.148437500000006	11.430299124308885	4.988943736048346	12.796875000000012	31.36059824861777	18.47788747209669	66.92765625000007	164.01592884027096	96.6393514790657	-71.56250073749189	-30.30978347706917	-58.93802890467734	3년	31.36059824861777	164.01592884027096	-30.309783477069175	0.04783475289419142	0.25449450315310845	0.11107834918022798	11.204651162790698	4.760845919784034	3년	0.2544945031531084	불리(<1)	3년	11.430299124308885	3.929357953159334	불리	Y		215000000.0	14.291962022272697	3.614513839890998		-24.935410640183896	233.4825994873047	237.31674987792968	Y	N	중립/개선	
WMB	WILLIAMS COMPANIES, INC.	0000107263	S&P 500	보류	PEG=불리, PEGY=불리(<1)	72.66999816894531	2.14	2025	2.94	152000000.0		152000000.0		700000000.0	12807000000.0					0.12408163265306123	-0.4473469387755102	33.8999609982674	34.16698369519664	17.582417582417587	8.61732445982799	65.95600451405528	43.664835164835175	25.73464891965598	140.41200902811056	93.44274725274728	55.072148688063805	300.4816993201566	28.585041430039503	-24.216113835546714	313.4879687509941	3년	25.73464891965598	55.072148688063805	-24.216113835546714	0.605381746116654	0.34092441759501363	2.032332854824715	0.8204081632653061	1.1289503012756343	3년	0.3409244175950136	불리(<1)	3년	8.61732445982799	3.933931135621192	불리	Y		1225000000.0	-4.356416217091708	1.5795320645190403		-8.476074593953353	72.18280029296875	71.49844997406007	Y	Y	강한 상승추세	단기위험부채 존재
BMY	BRISTOL MYERS SQUIBB CO	0000014272	S&P 500	제외	PEG=불리, PEGY=불리(<1)	59.119998931884766	3.46	2025	4.22	10209000000.0	130000000.0	10339000000.0	42850000000.0	2261000000.0	18473000000.0	71533000000.0	20.524187276403797	79.4758127235962	0.25824444661904294	-15.944580676802355	-17.053457577243748	21.694965204822868	22.015449858129628	178.4580498866213	5.459253851176027		365.4160997732426	19.418507702352052		1264.3397052154194	67.1880366501381		2038.5989987451303	13.646884073101797		3년	19.418507702352052	67.1880366501381	13.646884073101795	8.420296974987142	0.44615207997772194		6.299656694458068	10.655711786659927	3년	0.4461520799777219	불리(<1)	3년	5.459253851176027	3.973979924042067	불리	N	주당순현금<=0	2039000000.0	3.8103566986384507	1.825693306100007		-13.173737536264552	64.11840019226074	59.53040002822876	N	N	중립/개선	단기위험부채 존재
OTIS	Otis Worldwide Corp	0001781335	S&P 500	제외	PEG=불리, PEGY=불리(<1)	65.94999694824219	3.5	2025	2.66	1096000000.0		1096000000.0	6900000000.0	215000000.0	-5392000000.0	15924000000.0	-51.196353968856826	151.1963539688568	-0.33860838985179603	-14.697391744745506	-15.24183337553811	23.04211105513934	23.19766580679437	-14.00491400491401	5.744740983915486	43.261010500751794	-19.50982800982802	19.989481967830972	95.02202100150359	-68.28439803439807	69.9631868874084	332.57707350526255	-203.53965306167936	6.085201099123294	404.28671553430144	3년	19.989481967830972	69.9631868874084	6.085201099123294	-0.4923556690515831	0.36475568422542093	1.9929168117827256			3년	0.3647556842254209	불리(<1)	3년	5.744740983915486	4.01099216129225	불리	N	주당순현금<=0 | FCF<=0	394900000.0	-9.109703463005003	-19.34694917975841		-29.55565582842289	69.73879959106445	77.5328997039795	N	N	주의	단기위험부채 존재
SNA	Snap-on Inc	0000091440	S&P 500	제외	PEG=불리, PEGY=불리(<1)	360.3699951171875	19.19	2025	2.71	1624500000.0		1624500000.0	1186400000.0	193600000.0	5931800000.0	2455500000.0	70.72359400522218	29.27640599477782	2.415719812665445	8.266037735849057	4.613207547169812	18.348304188709662	18.53865490203323	-1.6401845207585868	4.491988613427633	38.10274863898202	5.219630958482826	17.483977226855266	84.70549727796404	100.16471809328544	335.5175229833526	1625.49849276413	-72.20503386784097	-6.896376632508828	351.0637718979739	3년	17.483977226855266	335.5175229833526	-6.896376632508828	0.058305959408483495	0.39251521772018927	2.2243335525304566			3년	0.3925152177201892	불리(<1)	3년	4.491988613427633	4.0846729071979775	불리	N	FCF<=0	53000000.0	-10.936187171665646	-5.5906307970987505		-14.056426697331503	385.39279907226563	379.77194946289063	N	N	주의	단기위험부채 존재
MAR	MARRIOTT INTERNATIONAL INC /MD/	0001048286	S&P 500	제외	PEG=불리, PEGY=안심	365.8800048828125	9.51	2025	81.0	358000000.0		358000000.0	1816000000.0	355000000.0	-3771000000.0					-5.328947368421052	-6.626461988304094	39.03353861737472	39.169975485921825	14.1656662665066	9.516775967882673		36.831332533013196	27.533551935765345		350.2659723889555	261.8440789091284		-4.267528229332463	-28.434438773719183		3년	27.533551935765345	261.8440789091284	-28.434438773719183	2.438048653476326	2.3189487598132237		8.998538011695906	2.459423278563157	3년	2.318948759813224	안심	3년	9.516775967882673	4.101550645839049	불리	N	주당순현금<=0	273600000.0	0.7406598263508757	1.757705909203322		-9.107170190268988	349.95580139160154	350.64705047607424	Y	Y	상승전환	단기위험부채 존재
YUM	YUM BRANDS INC	0001041061	S&P 500	제외	PEG=불리, PEGY=불리(<1)	144.82000732421875	5.55	2025	2.1	709000000.0	0.0	709000000.0	2884000000.0	38000000.0	-7926000000.0	15521000000.0	-104.35813034891378	204.35813034891373	-0.5106629727466013	-7.740213523131673	-7.875444839857651	27.48832808060368	27.512694083617372	6.321839080459772	6.690461655968871	38.731105019357614	21.143678160919542	21.880923311937742	85.96221003871523	117.34741379310346	121.43912438125447	477.0902657148695	-18.970164439786597	-16.144787847317154	229.4367087323604	3년	21.880923311937742	121.43912438125447	-16.144787847317154	0.30637873121146253	0.319788880218277	1.4853979077821349	5.832740213523132	4.02757900741226	3년	0.319788880218277	불리(<1)	3년	6.690461655968871	4.108584652911069	불리	N	주당순현금<=0	281000000.0	-8.446065223271459	-10.289280867974938		-13.879635959564208	145.64620056152344	153.660350189209	N	N	주의	단기위험부채 존재
LOW	LOWES COMPANIES INC	0000060667	S&P 500	제외	PEG=불리, PEGY=불리(<1)	186.0	11.85	2025	2.65	982000000.0	370000000.0	1352000000.0	39819000000.0	0.0	-9917000000.0	64061000000.0	-18.31597222222222	118.31597222222223	-0.15480557593543653	-68.69107142857143	-68.69107142857143	21.49291742013261	21.49291742013261	-3.1071136549468585	5.228278564465261	8.863759852581033	2.285772690106283	18.95655712893052	26.227519705162067	27.086406377759452	224.63520197782665	310.79610850617047	-85.43741592593578	20.77161396657348	67.09468199256476	3년	18.95655712893052	224.63520197782665	20.771613966573476	-0.02126810641903254	0.3665523116506094	0.5357001856712105	13.6625	7.345430107526882	3년	0.3665523116506094	불리(<1)	3년	5.228278564465261	4.1108975268097385	불리	N	주당순현금<=0	560000000.0	-10.43913397552304	-24.720738780315866		-35.27958853144821	202.18980041503906	230.08010055541993	N	N	주의	
BEN	FRANKLIN TEMPLETON INC	0000038777	S&P 500	보류	PEG=불리, PEGY=불리(<1)	32.0	0.91	2025	4.07	4647200000.0	58700000.0	4705900000.0	1850750000.0	0.0	12077800000.0	18179500000.0	39.916978712575144	60.083021287424856	0.6643637063725625	5.518264398917665	5.518264398917665	29.100808352837728	29.100808352837728	7.058823529411772	-28.882967962082805	-10.560604841265263	22.617647058823543	-49.26593592416561	-12.621209682530527	20.582058823529426	-44.83200169099071	-11.48530081110278	-35.681066176470544	-240.100005284346	-135.89156503469619	1년	22.617647058823543	20.582058823529426	-35.681066176470544	0.38242317513927615	-0.8526556259617853	-0.2230386442386347	1.761886354851179	5.505894858909934	1년	0.3824231751392761	불리(<1)	1년	7.058823529411772	4.122614516652007	불리	Y		517400000.0	-3.4399499415939228	24.659134806749616		-10.539559433931778	33.610600051879885	29.74280005455017	N	Y	중립/개선	
WM	WASTE MANAGEMENT INC	0000823768	S&P 500	보류	PEG=불리, PEGY=불리(<1)	208.8300018310547	6.7	2025	1.8	201000000.0	177000000.0	378000000.0		743000000.0	9990000000.0	35844000000.0	21.7960466029585	78.20395339704149	0.2787077335118848	0.9351806036615536	-0.9030183077684315	31.0290777951333	31.30343584161539	-1.6152716593245144	7.521507767680924	13.738220149762249	5.269456681350971	23.543015535361846	35.9764402995245	35.305359765051506	157.73820408692438	241.04215000681415	-83.09373200426735	-24.465736386606	15.425057651351914	3년	23.543015535361846	157.73820408692438	-24.465736386605997	0.0059533944867822975	0.3004120144731771	0.5007631954888235	8.000989609104403	3.8313410616053507	3년	0.3004120144731771	불리(<1)	3년	7.521507767680924	4.125380010702345	불리	Y		404200000.0	-10.859265794787365	-9.597401804738226		-15.285381329533209	217.09860107421875	224.58615005493164	N	N	주의	단기위험부채 존재
UBER	Uber Technologies, Inc	0001543151	S&P 500	제외	PEG=불리, PEGY=불리(<1)	71.51000213623047	4.73	2025	0.0	7105000000.0	528000000.0	7633000000.0	10521000000.0	0.0	27041000000.0	33719000000.0	44.504608294930875	55.49539170506912	0.8019514220469172	-1.362464021844714	-1.362464021844714	15.406441048218854	15.406441048218854	3.728070175438615			15.95614035087723			75.4725438596493			5.541241232058658			1년	15.95614035087723	75.4725438596493	5.541241232058658	0.24198127028627542			4.605864350855243	6.44086730983565	1년	0.2419812702862754	불리(<1)	1년	3.728070175438615	4.132551245875154	불리	N	주당순현금<=0	2119689000.0	-0.7907875698452638	-1.1473517330348737		-28.289208523009833	73.07999984741211	74.47555004119873	N	N	주의	
TER	TERADYNE, INC	0000097210	S&P 500	보류	PEG=불리, PEGY=불리(<1)	402.67999267578125	3.47	2025	13.0	293751000.0	586882000.0	880633000.0	171059000.0	200000000.0	2795752000.0	1387847000.0	66.82648121868276	33.173518781317235	2.014452601763739	4.442639886300315	3.190440711499571	114.7658077203115	115.12667203581604	4.518072289156637	-6.31450812985902	27.007110355932152	17.536144578313277	-4.129016259718039	62.514220711864304	60.850421686747076	-14.327686421221596	216.92434587016916	-84.88864041086319	-103.558082517588	-46.12984260064137	5년	62.514220711864304	216.92434587016916	-46.12984260064137	0.15264191170813546	0.058253342201309385	0.3485978197742568	2.819990107626519	0.7003054929269954	3년	0.0582533422013093	불리(<1)	5년	27.007110355932152	4.249466388954234	불리	Y		159719000.0	13.999371557182627	8.794204026575603		-16.77414109548544	382.8862005615234	340.6993992614746	Y	Y	강한 상승추세	단기위험부채 존재
DELL	Dell Technologies Inc.	0001571996	S&P 500	제외	PEG=불리, PEGY=불리(<1)	586.0599975585938	8.68	2026	44.0	11528000000.0	2187000000.0	13715000000.0	23513000000.0		-2470000000.0	103756000000.0	-2.438639101159094	102.43863910115908	-0.023805852191680483	-14.324561403508772	-14.324561403508772	69.16872799102565	69.16872799102565	303.72093023255815		15.515817208402405	615.9418604651163		39.531634416804806	5346.3753488372095		343.13458673786573	812.2573407345865		-41.450604346433074	5년	39.531634416804806	343.13458673786573	-41.450604346433074	5.027140737323859		0.8604440031935289	12.502923976608187	2.1333863475911707	5년	0.8604440031935289	불리(<1)	5년	15.515817208402405	4.457949398473717	불리	N	주당순현금<=0	684000000.0	28.089344453700082	208.79393977059317		-0.3976931948293183	505.6542016601563	304.28809997558596	Y	Y	강한 상승추세	
AME	AMETEK INC/	0001037868	S&P 500	제외	PEG=불리, PEGY=양호	248.5800018310547	6.4	2025	55.00000000000001	457951000.0	4563000.0	462514000.0	1074334000.0	273315000.0	10628786000.0	5438757000.0	66.1506616164027	33.84933838359729	1.9542674916345775	-2.6456051440160167	-3.8274618501334	39.254001089854796	39.43866620018564	7.925801011804396	8.504416556765815	11.164911034441637	24.35160202360879	25.50883311353163	30.829822068883274	155.85025295109628	163.25653192660243	197.31086124085297	-37.303784776291614	-34.32435001848686	-20.624804977291113	3년	25.50883311353163	163.25653192660243	-34.32435001848686	1.6030417095002218	1.6177820042191455	1.6855583939834855	7.227891671243065	2.9076722254413054	3년	1.6177820042191455	양호	3년	8.504416556765815	4.615719470917226	불리	N	주당순현금<=0	231259000.0	6.248929174919948	6.017827669591735		-3.8449588445911287	244.80779998779298	231.45184982299804	Y	Y	강한 상승추세	단기위험부채 존재
ED	CONSOLIDATED EDISON INC	0001047862	S&P 500	제외	PEG=불리, PEGY=불리(<1)	106.0999984741211	5.64	2025	3.31	1629000000.0		1629000000.0	25551000000.0	400000000.0	24190000000.0					-66.69082798996376	-67.80596598829105	30.636671358880296	30.834390862129816	7.633587786259531	6.569042175811535	11.45025129540247	23.76717557251906	21.63808435162307	31.40050259080494	134.0468702290075	122.03879574315411	177.09883461213985	26.340124558722742	15.022429310327134	66.91690589923628	3년	21.63808435162307	122.03879574315411	15.022429310327134	0.3572055089818836	0.3224580784278972	0.4817837787434466	0.9339280735991079	0.8802338237798399	3년	0.3224580784278972	불리(<1)	3년	6.569042175811535	4.663795807506056	불리	N	주당순현금<=0	358700000.0	-5.23401273514682	-5.174726022979148		-8.106704213208605	106.40019958496094	108.04564975738525	N	N	주의	단기위험부채 존재
CMS	CMS ENERGY CORP	0000811156	S&P 500	제외	PEG=불리, PEGY=불리(<1)	65.48999786376953	3.53	2025	3.49	509000000.0		509000000.0	17807000000.0	950000000.0	9144000000.0					-57.46843853820598	-60.62458471760797	34.8324182441857	35.726510646282584	6.006006006005998	7.393158422805435	45.03820062775774	20.512012012011994	23.28631684561087	98.57640125551548	72.40740240240234	82.20069846500637	347.9746964319696	10.562535905135007	25.516416470188275	431.34021649506985	3년	23.28631684561087	82.20069846500637	25.516416470188275	0.27261977447090086	0.31244337807703243	1.3931906848258566	-0.46179401993355484	-0.7051367155243552	3년	0.3124433780770324	불리(<1)	3년	7.393158422805435	4.711439448766481	불리	N	주당순현금<=0 | FCF<=0	301000000.0	-12.773047061006505	-16.520075957457447		-18.076062217071065	67.52519912719727	72.70624965667724	N	N	주의	단기위험부채 존재
KMI	KINDER MORGAN, INC.	0001506307	S&P 500	제외	PEG=불리, PEGY=불리(<1)	32.4900016784668	1.37	2025	3.71	63000000.0	0.0	63000000.0	30777000000.0	1000000000.0	31162000000.0	40299000000.0	43.60700242090091	56.39299757909909	0.7732698081838258	-13.816464237516868	-14.266306792622583	33.80034008465961	34.12869231466378	17.09401709401711	6.94673115572082		42.68803418803422	22.39346231144164		58.48260683760689	30.679043366675046		80.00185846825319	-5.573894177395466		3년	22.39346231144164	30.679043366675046	-5.573894177395466	0.6154972713857125	0.3152847317224897		1.3004948268106162	4.002753953911112	3년	0.3152847317224897	불리(<1)	3년	6.94673115572082	4.865646780763082	불리	N	주당순현금<=0	2223000000.0	-0.15365468854885433	1.309641370873993		-5.30457482359944	31.48160011291504	31.596950149536134	Y	Y	중립/개선	단기위험부채 존재
AMD	ADVANCED MICRO DEVICES INC	0000002488	S&P 500	보류	PEG=불리, PEGY=불리(<1)	608.0999755859375	2.65	2025	0.0	5539000000.0	5013000000.0	10552000000.0	2348000000.0	874000000.0	62999000000.0					5.014669926650367	4.480440097799511	227.57936062614607	227.7809567879766	165.0	46.66355102918431	12.817266899716717	338.5	101.82710205836862	34.134533799433434	897.025	269.84182045467685	90.4565145684986	47.51275053672999	-55.62541830483227	-85.12472978126026	3년	101.82710205836862	269.84182045467685	-55.62541830483227	0.7250218101765926	0.20504298325119402	0.056319988176661444	4.1167481662591685	0.6769854187697438	3년	0.205042983251194	불리(<1)	3년	46.66355102918431	4.877026192966185	불리	Y		1636000000.0	10.940829760988224	146.36388245953898		-6.362601769513942	528.9209997558594	385.3190502166748	Y	Y	강한 상승추세	단기위험부채 존재
CL	COLGATE PALMOLIVE CO	0000021665	S&P 500	제외	PEG=불리, PEGY=불리(<1)	88.2699966430664	2.63	2025	2.41	1288000000.0	107000000.0	1395000000.0	6871000000.0	1115000000.0	54000000.0	15965000000.0	0.33709969411324053	99.66290030588677	0.0033823989978077045	-6.751325360621379	-8.126001726051042	36.12978022953909	36.6524708627823	-25.07122507122507	7.281634513092983	28.522420757238454	-41.64245014245014	23.063269026185964	65.5448415144769	-109.51964387464386	60.65639753886908	172.38293318307424	-224.07346554855297	-31.283108818795192	95.29051743383621	3년	23.063269026185964	60.65639753886908	-31.283108818795192	-0.6272173516488108	0.26824504471159966	0.8561474927530458	4.3175933916902975	4.891348766160221	3년	0.2682450447115996	불리(<1)	3년	7.281634513092983	4.961767878430968	불리	N	주당순현금<=0	811100000.0	-3.0319698706380516	5.108350934328243		-10.964295757013097	89.16559967041016	88.68890003204346	N	N	판정불가	단기위험부채 존재
HLT	Hilton Worldwide Holdings Inc.	0001585689	S&P 500	보류	PEG=불리, PEGY=불리(<1)	326.55999755859375	6.12	2025	19.0	918000000.0		918000000.0		46000000.0	-5388000000.0	22120000000.0	-32.201769065264166	132.2017690652642	-0.24358047016274864	3.857142857142857	3.6638655462184873	52.729224624420084	52.760805884375046	-0.3257328990227944	10.548046712372283		7.848534201954411	29.596093424744566		48.033029315960995	181.12809175943676		-85.29120845325137	-44.53451337776377		3년	29.596093424744566	181.12809175943676	-44.53451337776377	0.3541540243383122	0.5603732450616754		8.521008403361344	2.6093240038784735	3년	0.5603732450616754	불리(<1)	3년	10.548046712372283	4.998956305585145	불리	Y		238000000.0	0.21481993448075887	-0.21390093080195793		-6.755754548467152	317.3525994873047	316.8854998779297	Y	Y	상승전환	단기위험부채 존재
PSA	Public Storage	0001393311	S&P 500	제외	PEG=불리, PEGY=불리(<1)	289.8599853515625	9.01	2025	4.2	318095000.0		318095000.0	10253881000.0	700000000.0	9248128000.0	10866770000.0	45.976509550284575	54.023490449715425	0.851046631151667	-56.484781298677674	-60.464269877545455	38.440040693700354	38.881715341743394	-15.319548872180459	-27.352783933755788	7.4520805832128945	-22.139097744360917	-46.205567867511576	23.404161166425787	-199.47327067669187	-416.3121664862793	210.87149210949633	-168.8171119703731	-243.62526306669983	-27.250568286016918	5년	23.404161166425787	210.87149210949633	-27.250568286016918	-0.289269955793849	-0.6023090380742007	0.30312352362109923			5년	0.3031235236210992	불리(<1)	5년	7.4520805832128945	5.158296433387103	불리	N	주당순현금<=0 | FCF<=0	175902000.0	-9.114855294832935	-2.1503647161055572		-12.28856347599896	305.54839904785155	300.19655029296877	N	N	주의	단기위험부채 존재
VRTX	VERTEX PHARMACEUTICALS INC / MA	0000875320	S&P 500	보류	PEG=불리, PEGY=불리(<1)	510.0799865722656	15.32	2025	0.0	5084800000.0	1523300000.0	6608100000.0			18665800000.0	6977200000.0	72.79101509183793	27.20898490816207	2.675256549905406	25.61279069767442	25.61279069767442	31.623185109307517	31.623185109307517	836.5384615384615	6.118290879552779	46.11882992489094	1681.576923076923	20.736581759105558	100.73765984978188	25761.758461538462	317.68443254949716	1543.3009488986584	4950.533081028589	-37.71870276967058	202.56057667928343	3년	20.736581759105558	317.68443254949716	-37.71870276967058	26.453327160022432	0.19347484633203532	1.4583866161956274	12.37906976744186	2.426887957441564	3년	0.1934748463320353	불리(<1)	3년	6.118290879552779	5.168630542720949	불리	Y		258000000.0	7.089918159762676	15.914100834436118		-8.581266312075863	520.4640008544922	474.9001997375488	N	Y	상승전환	
HUBB	HUBBELL INC	0000048898	S&P 500	제외	PEG=불리, PEGY=불리(<1)	474.1099853515625	4.19	2025	1.19	482500000.0	15400000.0	497900000.0	2036300000.0	56100000.0	3847900000.0	4370900000.0	46.818270307100796	53.181729692899204	0.8803450090370404	-28.755140186915888	-29.80373831775701	120.01554308794232	120.26580517167528	-70.84203201113432	-25.34455002230137	23.13753669964718	-133.18406402226864	-42.18910004460274	54.77507339929436	-558.0412282533057	-176.7723291868855	229.50755754304336	-217.7029055482783	-137.28508882929455	-51.591916510077574	5년	54.77507339929436	229.50755754304336	-51.591916510077574	-0.580358428741986	-0.20126184826411972	0.20270321721429854			5년	0.2027032172142985	불리(<1)	5년	23.13753669964718	5.187049280391737	불리	N	주당순현금<=0 | FCF<=0	53500000.0	-2.0211264958588826	-12.16769398272417		-15.011202634977039	472.2662005615234	488.7653012084961	Y	N	주의	단기위험부채 존재
PAYX	PAYCHEX INC	0000723531	S&P 500	제외	PEG=불리, PEGY=불리(<1)	103.9800033569336	4.89	2026	4.56	1088200000.0	36300000.0	1124500000.0	4556100000.0	0.0	3735100000.0	12439400000.0	23.09252217997465	76.90747782002535	0.3002636783124588	-9.532222222222222	-9.532222222222222	23.213134065267038	23.213134065267038	6.768558951965057	4.379080767859933	10.04574277704604	22.037117903930113	17.258161535719864	28.59148555409208	107.76150655021824	84.39240990967014	139.81236435951027	3.636760022312968	-18.83784652326357	34.46081923999793	3년	17.258161535719864	84.39240990967014	-18.83784652326357	0.48802367315474066	0.3850871985974161	0.6292016724661095	6.4494444444444445	6.202581492813909	3년	0.3850871985974161	불리(<1)	3년	4.379080767859933	5.300914802859722	불리	N	주당순현금<=0	360000000.0	-5.058430839975325	16.41290160344555		-19.138341769829726	115.53840026855468	103.49585006713868	N	Y	중립/개선	
CHRW	C. H. ROBINSON WORLDWIDE, INC.	0001043277	S&P 500	제외	PEG=불리, PEGY=불리(<1)	142.30999755859375	4.83	2025	1.86	160871000.0		160871000.0	1089438000.0	0.0	1845647000.0	3212734000.0	36.48691152366735	63.51308847633265	0.574478621635031	-7.642400948132541	-7.642400948132541	31.046045239487846	31.046045239487846	25.129533678756484	-13.256194627034546	5.361231500071417	58.75906735751297	-18.01238925406909	19.222463000142834	283.8062953367876	-86.99984009715371	92.84449629068989	99.42822022741949	-161.1340324570893	-34.758978368710366	5년	19.222463000142834	92.84449629068989	-34.758978368710366	0.8693388633096548	-0.3670739554466534	0.23259746754754596	7.365236786225741	5.17548795768423	5년	0.2325974675475459	불리(<1)	5년	5.361231500071417	5.790842130035661	불리	N	주당순현금<=0	121502000.0	-28.70597809556156	-13.709677941658537		-32.04565046181117	148.2196011352539	171.6986004638672	N	N	주의	
HD	HOME DEPOT, INC.	0000354950	S&P 500	제외	PEG=불리, PEGY=불리(<1)	290.739990234375	14.23	2025	3.26	1389000000.0		1389000000.0	8707000000.0	4464000000.0	12813000000.0	92282000000.0	12.191826442742281	87.80817355725772	0.13884614551050042	-7.354773869346734	-11.841206030150754	20.948331981990282	21.26361182463287	-4.560697518443995	-5.176454930934304	3.5714638909686514	-0.6213950368879892	-1.8529098618686088	15.642927781937303	-8.842451374916088	-26.366907334390305	222.5988623369678	-103.04136055304531	-109.0688959964314	-23.43713633699871	5년	15.642927781937303	222.5988623369678	-23.43713633699871	-0.06209074400588226	-0.09148484626756541	0.3261101598371557			5년	0.3261101598371557	불리(<1)	5년	3.5714638909686514	5.8654749485115705	불리	N	주당순현금<=0 | FCF<=0	995000000.0	-13.916030484688624	-14.778993107782712		-25.812708659758123	317.67599914550783	337.47499923706056	N	N	주의	단기위험부채 존재
REG	REGENCY CENTERS CORP	0000910606	S&P 500	제외	PEG=불리, PEGY=불리(<1)	72.05000305175781	0.46	2018	4.23	120661000.0		120661000.0	4739301000.0		6906890000.0	5819677000.0	54.27143077940815	45.72856922059185	1.1868167253955846	-27.255045438451553	-27.255045438451553	215.88054019610732	215.88054019610732	-7.9999999999999964	36.71886432341158	-1.6538041668570203	-7.499999999999993	81.93772864682316	5.1923916662859595	-3.449999999999997	37.691355177538654	2.3885001664915415	-104.78834122674729	-47.68722611925122	-96.68494092252051	3년	81.93772864682316	37.691355177538654	-47.68722611925122	-0.01746336189716453	0.18968298062536515	0.011933432401098992			3년	0.1896829806253651	불리(<1)	3년	36.71886432341158	5.879281513030458	불리	N	주당순현금<=0 | FCF<=0	169460000.0	-10.307479883681413	-8.017360695129094		-12.856793921362053	74.94640029907227	76.39580013275146	N	N	주의	
PNW	PINNACLE WEST CAPITAL CORP	0000764622	S&P 500	제외	PEG=불리, PEGY=불리(<1)	98.91999816894531	5.05	2025	3.72	6604000.0		6604000.0	9205676000.0	757005000.0	7046458000.0					-75.42015725049397	-81.62659156684786	34.52280305335431	35.751799947681825	-3.62595419847329	5.834499340033372	0.7285270633833552	1.2480916030534202	20.168998680066743	9.95705412676671	6.3028625954197715	101.85344333433704	50.28312334017188	-93.6283231782363	2.9654723207553024	-49.167888929503	3년	20.168998680066743	101.85344333433704	2.9654723207553024	0.0027241647030041083	0.2767590837067049	0.12885764393199026			3년	0.2767590837067049	불리(<1)	3년	5.834499340033372	5.917012076165021	불리	N	주당순현금<=0 | FCF<=0	121971000.0	-9.247708101885033	-3.614926613816216		-9.55472644711376	97.28179992675781	99.29870006561279	Y	N	주의	단기위험부채 존재
NI	NISOURCE INC.	0001111711	S&P 500	제외	PEG=불리, PEGY=불리(<1)	40.7599983215332	1.95	2025	2.96	110100000.0		110100000.0	6427700000.0	736000000.0	9450100000.0					-13.31422550052687	-14.865331928345627	27.73037119080004	28.525810384553246	20.37037037037036	4.679561967174672	61.04691919843306	49.24074074074072	17.859123934349345	130.59383839686612	96.0194444444444	34.82529167198122	254.65798487388892	135.57273895597302	-14.560124862460366	524.7742771357157	3년	17.859123934349345	34.82529167198122	-14.560124862460366	0.8413291769462703	0.2754943997904078	2.308188331055168	-0.8851422550052687	-2.1715954157379214	3년	0.2754943997904078	불리(<1)	3년	4.679561967174672	5.925847629611047	불리	N	주당순현금<=0 | FCF<=0	474500000.0	-12.56971416690389	-13.625769214446382		-16.95192175860335	41.16299980163574	44.82274990081787	N	N	주의	단기위험부채 존재
REGN	REGENERON PHARMACEUTICALS, INC.	0000872589	S&P 500	제외	PEG=불리, PEGY=안심	746.5399780273438	41.48	2025	51.0	3118100000.0	5487100000.0	8605200000.0	1985900000.0		31256900000.0	9301800000.0	77.06583297788144	22.934167022118558	3.360306607323314	60.951197053407	60.951197053407	16.528176976227986	16.528176976227986	8.189880020865917	2.765976893685007	32.28413389720095	24.879760041731835	14.031953787370014	73.0682677944019	1032.0124465310364	582.0454431001082	3030.8717481117906	38.23940805662207	-22.0342566732857	305.9892085244466	3년	14.031953787370014	582.0454431001082	-22.0342566732857	3.5811499420654234	3.252988939494967	5.038918328197125			3년	3.252988939494967	안심	3년	2.765976893685007	5.975529663303917	불리	N	FCF<=0	108600000.0	13.781013165740607	0.010711364618853914		-12.381025039291792	789.6901965332031	735.5499987792969	N	Y	상승전환	
PG	PROCTER & GAMBLE Co	0000080424	S&P 500	제외	PEG=불리, PEGY=불리(<1)	151.22999572753906	6.62	2026	2.95	4239000000.0		4239000000.0	22842000000.0	4837000000.0	54311000000.0	72210000000.0	42.92647070446803	57.07352929553197	0.7521257443567373	-7.679256965944273	-9.675954592363261	24.004418835873615	24.30603479152603	1.6897081413210495	3.912707147347039	3.77650968724621	11.879416282642099	16.325414294694077	16.053019374492422	78.6417357910907	108.07424263087479	106.27098825913984	-47.99858625085579	-28.536503548155288	-29.72889554886905	3년	16.325414294694077	108.07424263087479	-28.536503548155288	0.19328558516847727	0.28589349295518063	0.280219643443053	6.252631578947368	4.134518121796628	3년	0.2858934929551806	불리(<1)	3년	3.9127071473470387	6.134989901339666	불리	N	주당순현금<=0	2422500000.0	3.525461275966091	5.328035798109165		-9.551436311118323	145.91440032958985	147.73710052490233	Y	Y	상승전환	단기위험부채 존재
AMGN	AMGEN INC	0000318154	S&P 500	제외	PEG=불리, PEGY=불리(<1)	414.8699951171875	14.23	2025	2.44	9129000000.0	0.0	9129000000.0	50005000000.0	0.0	8658000000.0					-75.41697416974169	-75.41697416974169	34.4544602450407	34.4544602450407	88.22751322751324	5.524568667280372	38.82227702083121	184.95502645502648	19.549137334560744	86.14455404166242	2631.910026455027	278.1842242707994	1225.8370040128561	534.3939203681376	-32.94665134984726	195.47497250713354	3년	19.549137334560744	278.1842242707994	-32.94665134984726	2.631517446005085	0.23116219527562543	1.197588838349903	14.944649446494465	3.602248806224967	3년	0.2311621952756254	불리(<1)	3년	5.524568667280372	6.236588287715483	불리	N	주당순현금<=0	542000000.0	16.782546127287112	18.595273692473334		-6.5860578946196675	411.88799926757815	366.5681007385254	Y	Y	강한 상승추세	
AAPL	Apple Inc.	0000320193	S&P 500	제외	PEG=불리, PEGY=불리(<1)	336.6400146484375	7.46	2025	32.0	35934000000.0	18763000000.0	54697000000.0	78328000000.0	7979000000.0	73733000000.0	285508000000.0	20.524661717342955	79.47533828265705	0.2582519579136136	-1.5749068441701954	-2.106673663586809	45.3371208435131	45.40840325898449	22.69736842105263	6.880679389561806	59.17805489937251	53.89473684210526	22.26135877912361	126.85610979874502	402.0547368421052	166.06973649226214	946.3465790986379	19.43165379848921	-50.66845019428443	181.11529762346697	3년	22.26135877912361	166.06973649226214	-50.66845019428443	1.2064588002808478	0.8575903953796156	2.0111125983073626	6.582405496092323	1.9553247414650075	3년	0.8575903953796156	불리(<1)	3년	6.880679389561806	6.589047138614081	불리	N	주당순현금<=0	15004697000.0	6.91736972310284	29.876542744740497		-1.298851432448045	322.38860107421874	290.74344970703123	Y	Y	강한 상승추세	단기위험부채 존재
GWW	W.W. GRAINGER, INC.	0000277135	S&P 500	제외	PEG=불리, PEGY=안심	1289.7900390625	35.4	2025	79.0	585000000.0		585000000.0	2362000000.0	0.0	3736000000.0					-37.020833333333336	-37.020833333333336	37.48053311852637	37.48053311852637	-8.550762076982696	5.601826190477133	62.54354736477112	-8.601524153965393	19.703652380954267	133.58709472954223	-304.4939550503749	697.509294285781	4728.983153425795	-123.60802501403252	-45.920710103113024	266.6475170534822	3년	19.703652380954267	697.509294285781	-45.920710103113024	1.8796220880912373	2.257220459563288	3.7764550177864766	27.729166666666668	2.149897721866573	3년	2.257220459563288	안심	3년	5.601826190477133	6.6907704459380914	불리	N	주당순현금<=0	48000000.0	-5.9282101140466725	11.029905575884968		-8.005533967818357	1292.3213989257813	1212.868349914551	N	Y	중립/개선	
EXR	Extra Space Storage Inc.	0001289490	S&P 500	제외	PEG=불리, PEGY=불리(<1)	134.64999389648438	4.59	2025	4.92	138920000.0		138920000.0		500000000.0	13433166000.0	14940010000.0	47.34459758752422	52.65540241247578	0.8991403620211766	0.6557453781291385	-1.7044093084859584	29.19264673602511	29.706841656856284	13.89578163771711	-10.535332538619723	4.348871143162825	36.29156327543422	-12.570665077239447	17.19774228632565	166.57827543424307	-57.69935270452906	78.93763709423473	23.71205568884345	-142.85135931672372	-41.375684610190135	5년	17.19774228632565	78.93763709423473	-41.375684610190135	0.6445383937900204	-0.19235434831916548	0.31750704987378203			5년	0.317507049873782	불리(<1)	5년	4.348871143162825	6.712695266200514	불리	N	FCF<=0	211850521.0	-7.4570488683956215	-3.64937824938506		-11.907105973358966	140.6199984741211	141.81079917907715	N	N	주의	단기위험부채 존재
LNT	ALLIANT ENERGY CORP	0000352541	S&P 500	제외	PEG=불리, PEGY=불리(<1)	65.8499984741211	3.14	2025	3.28	556000000.0		556000000.0	10954000000.0	88000000.0	7334000000.0					-40.33359193173003	-40.67494181536075	33.81643006555768	33.9251402195802	16.72862453531599	4.774516892465397	4.91716309026109	41.95724907063198	18.049033784930792	18.33432618052218	131.74576208178442	56.67396608468269	57.56978420683964	100.0694990654559	-13.934749585521356	-12.57435756894597	3년	18.049033784930792	56.67396608468269	-13.934749585521356	0.591683524740092	0.23818353613467289	0.24240178736696302	-1.221877424359969	-1.8555466251683577	3년	0.2381835361346728	불리(<1)	3년	4.774516892465397	7.082691469564796	불리	N	주당순현금<=0 | FCF<=0	257800000.0	-13.707245995442563	-9.184944788164096		-15.609381642598985	67.33259956359863	70.2993498802185	N	N	주의	단기위험부채 존재
WRB	BERKLEY W R CORP	0000011544	S&P 500	보류	PEG=불리, PEGY=안심	71.91000366210938	4.45	2025	56.00000000000001	2539938000.0		2539938000.0			9700818000.0	34359177000.0	22.01729255756838	77.98270744243162	0.2823355751507086	6.35205233818752	6.35205233818752	14.732123893016146	14.732123893016146	2.0642201834862353		-2.067551596878059	12.62844036697247		4.364896806243882	56.19655963302749		19.423790787785276	-21.851541133158882		-72.98875010623868	1년	12.62844036697247	56.19655963302749	-21.851541133158882	3.941333958711272		3.6608739374428527	8.808458439307659	12.249281032854388	5년	3.6608739374428527	안심	1년	2.0642201834862353	7.136895574838944	불리	Y		399861000.0	-0.09724880739043762	7.392480055730122		-8.348197168994787	69.62800018310547	68.9253999710083	Y	Y	강한 상승추세	
VRSN	VERISIGN INC/CA	0001014473	S&P 500	보류	PEG=불리, PEGY=불리(<1)	303.739990234375	6.24	2022	1.09	307900000.0	272600000.0	580500000.0	0.0		-2154200000.0	3480100000.0	-162.47077456821782	262.4707745682178	-0.6190052009999713	6.188699360341151	6.188699360341151	47.68450174263363	47.68450174263363	-10.857142857142854	6.608652379326085	11.139222486886503	-13.214285714285708	21.71730475865217	30.778444973773006	-82.45714285714283	135.51598169398954	192.05749663634356	-127.14727909009163	-55.38421477217364	-36.76911081476425	3년	21.71730475865217	135.51598169398954	-55.384214772173635	-0.20482845579175413	0.16144978133310126	0.25646115697907423	11.389125799573561	3.749630001234071	3년	0.1614497813331012	불리(<1)	3년	6.608652379326085	7.215465272739348	불리	Y		93800000.0	12.977490548177872	11.899494364299201		-2.0193579889112856	290.6365997314453	267.18834991455077	Y	Y	강한 상승추세	
ES	EVERSOURCE ENERGY	0000072741	S&P 500	제외	PEG=불리, PEGY=불리(<1)	65.7300033569336	4.56	2025	4.83	135400000.0	91975000.0	227375000.0	26872433000.0	1150000000.0	16197271000.0					-71.76940909951273	-74.86697490193806	30.153379924659284	30.832670670805193	100.88105726872246	4.032716713858986	5.134994887862021	210.26211453744492	16.56543342771797	18.769989775724042	958.7952422907488	75.53837643039394	85.59115337730162	1358.6873472137277	14.922215993505962	30.216261990001804	3년	16.56543342771797	75.53837643039394	14.922215993505962	3.505778043219377	0.29392117023044245	0.330476878968805	-0.12147036955823949	-0.18480201331896948	3년	0.2939211702304424	불리(<1)	3년	4.032716713858986	7.477187728320476	불리	N	주당순현금<=0 | FCF<=0	371259264.0	-11.937293817757643	-4.295278006892889		-13.751470743258809	69.02559989929199	70.09255018234253	N	N	주의	단기위험부채 존재
COR	Cencora, Inc.	0001140859	S&P 500	제외	PEG=불리, PEGY=양호	323.8500061035156	7.96	2025	75.0	4356138000.0		4356138000.0	7542988000.0	13976000.0	1508019000.0					-16.324904976077537	-16.39649820197322	42.73554159291372	42.74453571676995	5.7104913678618825	-0.3327811631230859		19.920982735723765	7.834437673753828		158.57102257636117	62.36212388308047		-51.03565861114252	-80.7435162242526		1년	19.920982735723765	158.57102257636117	-51.03565861114252	1.8886034518220556	1.7471925253255245		16.428837071111705	5.072977230656708	3년	1.7471925253255245	양호	1년	5.7104913678618825	7.483689027782337	불리	N	주당순현금<=0	195214000.0	7.135770613777059	1.4822045182694366		-13.582386630149268	318.1396014404297	317.6249503326416	Y	Y	강한 상승추세	단기위험부채 존재
AVGO	Broadcom Inc.	0001730168	S&P 500	제외	PEG=불리, PEGY=불리(<1)	361.5400085449219	4.77	2025	69.0	16178000000.0		16178000000.0	39440000000.0	3152000000.0	24941000000.0	89800000000.0	21.736781098299648	78.26321890170036	0.27773942093541204	-4.793323717288275	-5.442818874922728	76.79944072583022	76.93560323267184	287.8048780487805	-43.55912867705002	10.237702081843047	584.109756097561	-78.61825735410004	28.975404163686093	2786.203536585366	-375.00908757905717	138.21267786078266	670.6487444636922	-203.72547400447988	-61.77112502236124	5년	28.975404163686093	138.21267786078266	-61.77112502236124	4.645930682263095	0.3312637576850656	1.0317484259386378	5.545847929116011	1.5339513741331705	3년	0.3312637576850656	불리(<1)	5년	10.237702081843047	7.501628794418324	불리	N	주당순현금<=0	4853000000.0	-7.08539432153894	-4.7952577893556665		-24.924724744846127	371.8686004638672	368.2847006225586	N	N	주의	단기위험부채 존재
TDY	TELEDYNE TECHNOLOGIES INC	0001094285	S&P 500	제외	PEG=불리, PEGY=불리(<1)	613.6599731445312	18.88	2025	0.0	352400000.0		352400000.0	2025300000.0	450100000.0	10513900000.0	4771400000.0	68.78438761424374	31.21561238575625	2.203525170809406	-35.29324894514768	-44.78902953586498	34.37252235644486	34.8754768368854	9.703660662405566	4.530504261422341	40.24408367454113	27.907321324811132	17.56100852284468	88.98816734908226	526.8902266124342	331.5518409113076	1680.096599550673	-14.139710968513953	-45.97140836604324	173.78298619371924	3년	17.56100852284468	331.5518409113076	-45.971408366043235	0.2823086581129571	0.13180598777246472	1.1708213688017386	22.658227848101266	3.692309884901801	3년	0.1318059877724647	불리(<1)	3년	4.530504261422341	7.586908735332187	불리	N	주당순현금<=0	47400000.0	-1.5150060682524114	-6.45284497019839		-11.231016348822676	630.3622021484375	626.1058488464355	N	N	주의	단기위험부채 존재
PEP	PEPSICO INC	0000077476	S&P 500	제외	PEG=불리, PEGY=불리(<1)	125.97000122070312	6.0	2025	4.61	9159000000.0	371000000.0	9530000000.0	42321000000.0	4898000000.0	20406000000.0	86852000000.0	19.025154300844694	80.97484569915531	0.23495141159673927	-23.882738528769117	-27.450109249817917	24.97545662491204	25.57001841175351	-13.66906474820144	-2.230046768668525	3.222947933334197	-18.83812949640288	4.039906462662949	14.945895866668394	-113.02877697841727	24.239438775977696	89.67537520001036	-189.72674119482429	-80.75776888061668	-28.812118495659544	5년	14.945895866668394	89.67537520001036	-28.812118495659544	-0.36271868355613474	0.09529168043148266	0.31362581477373824			3년	0.0952916804314826	불리(<1)	5년	3.222947933334197	7.749258486802326	불리	N	주당순현금<=0 | FCF<=0	1373000000.0	-6.998889583704848	-19.187838545806514		-26.11297016718438	135.5150003051758	146.68039978027343	N	N	주의	단기위험부채 존재
APH	AMPHENOL CORP /DE/	0000820313	S&P 500	보류	PEG=불리, PEGY=안심	87.23999786376953	3.34	2025	59.0	11130600000.0	303600000.0	11434200000.0	3541500000.0	1100000.0	13413100000.0	22727200000.0	37.11396972354961	62.88603027645039	0.5901782885705235	6.178238747553816	6.1773776908023486	24.269987759346023	24.27024556076862	73.95833333333334	2.961536144628707	23.76838535152701	156.41666666666669	14.423072289257414	56.03677070305402	522.4316666666667	48.17306144611976	187.1628141482004	498.84419928858205	-44.78099194667007	114.53784815591845	3년	14.423072289257414	48.17306144611976	-44.78099194667007	5.478302447109105	2.55301060548612	3.410318380554357	3.4270841487279844	3.928340477586417	3년	2.55301060548612	안심	3년	2.961536144628707	8.19506721312996	불리	Y		1277500000.0	10.172381831817834	20.107379772835543		-1.557216023518715	82.30970001220703	74.68214994430542	Y	Y	강한 상승추세	단기위험부채 존재
CI	Cigna Group	0001739940	S&P 500	보류	PEG=불리, PEGY=불리(<1)	282.42999267578125	22.18	2025	2.24	7676000000.0	1056000000.0	8732000000.0		0.0	41713000000.0	116045000000.0	26.441131353085108	73.5588686469149	0.3594553836873627	32.513786336911636	32.513786336911636	11.267637797063554	11.267637797063554	83.00330033003301	1.3586099967532128	-0.6888681408957265	174.50660066006603	11.217219993506426	7.122263718208547	3870.5564026402644	248.7979394559725	157.97180926986556	1270.448076696838	-11.90810257125101	-44.06691450393829	3년	11.217219993506426	248.7979394559725	-11.90810257125101	7.565321309161018	0.3193757255572275	0.13766255953918863	31.839829015910606	11.273529668097787	3년	0.3193757255572275	불리(<1)	3년	1.3586099967532128	8.293504260965838	불리	Y		268563000.0	-6.896328665507134	2.6570215499895022		-8.651918181540008	277.40319885253905	280.03419921875	Y	Y	중립/개선	
SNPS	SYNOPSYS INC	0000883241	S&P 500	제외	PEG=불리, PEGY=불리(<1)	509.989990234375	8.04	2025	0.0	2888030000.0	72929000.0	2960959000.0	13462398000.0	22117000.0	28327602000.0	19897446000.0	58.74043297997339	41.25956702002661	1.4236803055025253	-63.39304945187618	-63.52656106630608	71.31629846843921	71.33290439063198	-44.589937973811175	8.526334391298395	13.492100704033394	-80.67987594762235	25.55266878259679	35.48420140806679	-648.6662026188836	205.44345701207817	285.29297932085694	-227.19194788916886	-59.71617856310023	-44.05910218164371	3년	25.55266878259679	205.44345701207817	-59.71617856310023	-0.6252419002585264	0.11955660311046142	0.1891867776901556	8.144311102525716	1.5969550890171103	3년	0.1195566031104614	불리(<1)	3년	8.526334391298395	8.364238979557442	불리	N	주당순현금<=0	165656000.0	19.744070801355495	22.074348001499256		-4.596304893077152	419.84240173339845	445.8221516418457	Y	Y	상승전환	단기위험부채 존재
MPWR	MONOLITHIC POWER SYSTEMS, INC.	0001280452	S&P 500	보류	PEG=불리, PEGY=불리(<1)	1386.2900390625	12.86	2025	57.99999999999999	1099302000.0	157243000.0	1256545000.0			3531497000.0	662702000.0	84.19955753172418	15.800442468275827	5.328936686474464	26.010577739137634	26.010577739137634	105.77600787895508	105.77600787895508	-64.85378518720962	12.425319328361194	29.728257539054503	-121.20757037441925	33.35063865672239	67.956515078109	-1558.7293550150314	428.8892131254499	873.9207839044818	-212.43890607979452	-69.06208650135777	-36.95974440561629	3년	33.35063865672239	428.8892131254499	-69.06208650135777	-0.06479527186403905	0.6657967221541627	0.8293776565990886	13.790163323604297	0.9947531133477744	3년	0.6657967221541627	불리(<1)	3년	12.425319328361194	8.512940801249101	불리	Y		48309000.0	0.7178097105853265	1.024613861660928		-17.96566480387767	1316.8493994140624	1295.611600036621	Y	Y	강한 상승추세	
VST	Vistra Corp.	0001692819	S&P 500	제외	PEG=불리, PEGY=불리(<1)	161.47999572753906	2.18	2025	59.0	785000000.0		785000000.0	17043000000.0	1800000000.0	5097000000.0	36440000000.0	12.270987312516551	87.72901268748345	0.13987376509330407	-47.03519351216827	-52.24268202993816	95.64916937601252	98.0379255768244	-68.85714285714286		10.892615869362698	-129.21428571428572		30.285231738725397	-281.6871428571429		66.02180519042138	-274.44089070476946		-59.11456097520698	5년	30.285231738725397	66.02180519042138	-59.11456097520698	-0.10305518512547475		0.7307184821919718	3.8130388146781753	2.3613072303468567	5년	0.7307184821919718	불리(<1)	5년	10.892615869362698	8.781101851304772	불리	N	주당순현금<=0	345656067.0	1.9251424558224262	2.0733241735586105		-23.41475406537984	143.89660064697264	154.74089988708496	Y	Y	상승전환	단기위험부채 존재
CDNS	CADENCE DESIGN SYSTEMS INC	0000813672	S&P 500	보류	PEG=불리, PEGY=불리(<1)	352.8399963378906	4.06	2025	0.0	3001317000.0	154213000.0	3155530000.0			5474181000.0					11.545523065214846	11.545523065214846	84.06267814597926	84.06267814597926	5.454545454545442	9.527334351951566	13.985265633616972	19.409090909090885	27.554668703903133	36.470531267233945	78.80090909090899	111.87195493784671	148.0703569449698	-77.66667330552663	-68.29385667754212	-58.034701711318185	3년	27.554668703903133	111.87195493784671	-68.29385667754212	0.06488664856802845	0.11333607924561777	0.1663671196548226	5.8062214611872145	1.6455678271878778	3년	0.1133360792456177	불리(<1)	3년	9.527334351951566	8.82331563484596	불리	Y		273312000.0	-6.358808978582786	22.42886238478874		-15.262137917548968	320.50840087890623	326.6473504638672	Y	Y	중립/개선	
HII	HUNTINGTON INGALLS INDUSTRIES, INC.	0001501585	S&P 500	제외	PEG=불리, PEGY=불리(<1)	264.79998779296875	15.39	2025	2.08	627000000.0		627000000.0	2214000000.0	231000000.0	5073000000.0	7676000000.0	39.79135618479881	60.20864381520119	0.6608910891089109	-40.38167938931298	-46.25954198473283	19.829867913078733	20.211795307193086	10.243553008595986	2.146574918873223	20.13587083183459	28.987106017191973	12.793149837746446	48.77174166366918	446.1115616045845	196.88657600291782	750.5971042038688	68.47114130283587	-25.647060015406176	183.45813399006485	3년	12.793149837746446	196.88657600291782	-25.647060015406176	0.6214642004986842	0.213141859411257	1.1203236919789152	20.203562340966922	7.629744438191922	3년	0.213141859411257	불리(<1)	3년	2.146574918873223	9.237910933706331	불리	N	주당순현금<=0	39300000.0	-5.428575788225443	-32.8702546445386		-41.639305009307016	291.19960205078127	342.38505187988284	N	N	주의	단기위험부채 존재
KEYS	Keysight Technologies, Inc.	0001601046	S&P 500	제외	PEG=불리, PEGY=불리(<1)	382.75	4.91	2025	0.0	1873000000.0		1873000000.0	2534000000.0	0.0	5881000000.0	5420000000.0	52.03964250951243	47.96035749048757	1.0850553505535054	-3.820809248554913	-3.820809248554913	78.73132571253663	78.73132571253663	39.886039886039896	-7.381515092017421	8.205839717989182	88.27207977207979	-6.263030184034843	24.911679435978364	433.4159116809118	-30.75147820361108	122.31634603065378	13.23733812695278	-108.03435093497352	-68.04275740544642	5년	24.911679435978364	122.31634603065378	-68.04275740544642	0.50660952962575	-0.09375575763792887	0.10422585474999237	7.404624277456647	1.934585049629431	5년	0.1042258547499923	불리(<1)	5년	8.205839717989182	9.594548323913584	불리	N	주당순현금<=0	173000000.0	17.505291833875635	15.596030604032585		-1.3607192216857467	341.3882012939453	307.04044944763183	Y	Y	강한 상승추세	
SYK	STRYKER CORP	0000310764	S&P 500	제외	PEG=불리, PEGY=불리(<1)	277.3299865722656	2.2	2025	1.27	4011000000.0	89000000.0	4100000000.0	14859000000.0	0.0	11730000000.0	25424000000.0	31.571297841416808	68.42870215858319	0.46137507866582755	-27.83699870633894	-27.83699870633894	138.71226603572933	138.71226603572933	56.02836879432627	14.384834642672196	8.105373722329045	120.55673758865254	37.26966928534439	24.71074744465809	265.2248226950356	81.99327242775767	54.3636443782478	-4.364895418215342	-70.43476133209556	-80.39748782662494	3년	37.26966928534439	81.99327242775767	-70.43476133209556	0.41307355457351863	0.1128583296205387	0.0675886422323614	11.08150064683053	3.995781625995555	3년	0.1128583296205387	불리(<1)	3년	14.384834642672196	9.64295172530127	불리	N	주당순현금<=0	386500000.0	-10.846439694453391	-20.133050808728147		-28.587618845474495	304.79859924316406	328.3209002685547	N	N	주의	
EVRG	Evergy, Inc.	0001711269	S&P 500	제외	PEG=불리, PEGY=불리(<1)	80.95999908447266	3.66	2025	3.46	19800000.0		19800000.0	13039200000.0	1394000000.0	10221300000.0					-55.73373287671233	-61.701198630136986	37.34801419704508	38.978469320931595	-3.43007915567282	3.827192527443257	6.116382445678448	1.6398416886543599	16.154385054886514	20.732764891356894	6.001820580474957	59.12504930088465	75.88191950236623	-92.5866839817862	-26.970046974439438	-6.272331570567358	3년	16.154385054886514	59.12504930088465	-26.970046974439434	0.0008011361506215553	0.19511593009996792	0.25640941430391007	-3.2178938356164384	-3.9746712845919476	3년	0.1951159300999679	불리(<1)	3년	3.827192527443257	9.75859299714804	불리	N	주당순현금<=0 | FCF<=0	233600000.0	-6.3504893667681745	-1.80715332797996		-8.13570678815293	81.17619964599609	81.2695499420166	N	N	주의	단기위험부채 존재
CTVA	Corteva, Inc.	0001755672	S&P 500	보류	PEG=불리, PEGY=보통	13.239999771118164	1.6	2025	4.98	4521000000.0	9000000.0	4530000000.0		782000000.0	24144000000.0					6.648077487525683	5.5004402700322865	4.119951427245301	4.837224688178673	23.076923076923077	0.4201730021000882	11.94783991051851	54.65384615384615	9.340346004200176	32.39567982103702	87.44615384615385	14.944553606720284	51.83308771365924	560.4694513432663	12.874273905354938	291.4885846654494	3년	9.340346004200176	14.944553606720284	12.874273905354938	6.810013072334354	1.3107370553906688	4.108747447500097	3.2917522747285	24.862177731370913	3년	1.3107370553906688	보통	3년	0.42017300210008823	9.805369232799729	불리	Y		681400000.0	3.9272141361683	5.669505523215346		-8.373702796668114	12.265725269317628	11.918906931877137	Y	Y	강한 상승추세	단기위험부채 존재
ULTA	Ulta Beauty, Inc.	0001403568	S&P 500	보류	PEG=불리, PEGY=불리(<1)	570.3699951171875	25.64	2025	0.0	424243000.0	70000000.0	494243000.0		62287000.0	2803451000.0	4195843000.0	40.053339665400536	59.946660334599464	0.6681496423960572	10.985374852748327	9.600942410704363	21.816872865227737	21.87086789026845	1.1838989739542254	2.213584866040041	53.28338358172324	10.86779794790845	12.927169732080083	115.06676716344649	278.65033938437267	331.45263193053336	2950.311910070768	-51.145687576513986	-41.88813668881135	417.2628180527976	3년	12.927169732080083	331.45263193053336	-41.88813668881135	0.054265291880632095	0.10146206010890346	2.4423016034826697	23.73699184281301	4.161683126044531	3년	0.1014620601089034	불리(<1)	3년	2.2135848660400415	9.85590080594321	불리	Y		44991000.0	21.582964071848497	8.278909663428369		-19.304775019539242	540.3127947998047	554.6197479248046	Y	Y	상승전환	단기위험부채 존재
DGX	QUEST DIAGNOSTICS INC	0001022079	S&P 500	제외	PEG=불리, PEGY=불리(<1)	230.97000122070312	8.75	2025	1.49	420000000.0		420000000.0	5167000000.0	504000000.0	7170000000.0					-42.008849557522126	-46.469026548672566	31.197582946082886	31.70731745935722	13.784135240572166	3.161245578286187	15.756447866281853	36.06827048114433	14.822491156572374	40.012895732563706	315.5973667100129	129.69679762000828	350.11283765993244	36.63998140106697	-43.84690785186572	51.58368437872696	3년	14.822491156572374	129.69679762000828	-43.84690785186572	0.48959354533874105	0.14908993386842456	0.5528135912351917	12.026548672566372	5.2069743295686335	3년	0.1490899338684245	불리(<1)	3년	3.161245578286187	9.8687628573912	불리	N	주당순현금<=0	113000000.0	12.121359815875298	19.729405855622485		-6.659929654792474	237.47379974365234	207.39430046081543	N	Y	상승전환	단기위험부채 존재
MAS	MASCO CORP /DE/	0000062996	S&P 500	제외	PEG=불리, PEGY=불리(<1)	68.75	3.86	2025	1.84	647000000.0	0.0	647000000.0	2945000000.0	206000000.0	-185000000.0	5125000000.0	-3.7449392712550607	103.74493927125505	-0.03609756097560975	-10.942857142857143	-11.923809523809524	20.645817912657293	20.899950653836665	2.659574468085109	2.0689294926649726	39.146125181238034	13.819148936170219	12.637858985329945	86.79225036247607	53.341914893617044	48.78213568337359	335.0180863991576	-22.411760154738847	-29.04416627872932	387.29903476241105	3년	12.637858985329945	48.78213568337359	-29.04416627872932	0.21794120664633798	0.18933275054550067	1.985202298820564	4.3	6.254545454545454	3년	0.1893327505455006	불리(<1)	3년	2.0689294926649726	9.978985744005984	불리	N	주당순현금<=0	210000000.0	-11.689144062277812	6.904062525209875		-16.938500920237566	71.36100021362304	70.23290019989014	N	N	판정불가	단기위험부채 존재
CMG	CHIPOTLE MEXICAN GRILL INC	0001058090	S&P 500	보류	PEG=불리, PEGY=불리(<1)	31.59000015258789	1.14	2025	0.0	350545000.0	698591000.0	1049136000.0	0.0		2830607000.0	6163924000.0	31.47031234869278	68.52968765130723	0.4592215932578014	0.7814118109720128	0.7814118109720128	27.025077492645508	27.025077492645508	2.702702702702685	-67.10947685223975	-29.806686048388155	13.90540540540537	-125.7189537044795	-51.11337209677631	15.85216216216212	-143.31960722310663	-58.26924419032499	-49.819050061436954	-553.6866303603539	-284.45471322845657	1년	13.90540540540537	15.85216216216212	-49.819050061436954	0.10000721379756218	-2.483229765779678	-1.1029269409680553	1.0781861678990865	3.413061610291763	1년	0.1000072137975621	불리(<1)	1년	2.702702702702685	9.999278672278905	불리	Y		1342616000.0	-13.285753807419676	-8.673026848123765		-25.424929892781435	34.39519992828369	34.72760008811951	N	N	주의	
XEL	XCEL ENERGY INC	0000072903	S&P 500	제외	PEG=불리, PEGY=불리(<1)	73.77999877929688	3.42	2025	3.23	129000000.0		129000000.0	9263144000.0	1550000000.0	23609000000.0					-15.50788455008489	-18.13946349745331	26.10756822496543	26.877035753435727	-0.5813953488372098	2.5625825491252474	44.65267498881473	7.33720930232558	13.625165098250495	97.80534997762946	25.093255813953483	46.598064636016694	334.49429692349275	-65.98908074122278	-36.84187394010584	353.3671760067228	3년	13.625165098250495	46.598064636016694	-36.84187394010584	0.101449688011542	0.22187369191995737	1.8340534275814626	6.932088285229202	9.395619951100336	3년	0.2218736919199573	불리(<1)	3년	2.5625825491252474	10.187991108375185	불리	N	주당순현금<=0	589000000.0	-7.970561975294732	-8.290861929101723		-12.072463878805472	75.08820053100585	78.05350025177002	N	N	주의	단기위험부채 존재
FITB	FIFTH THIRD BANCORP	0000035527	S&P 500	제외	PEG=불리, PEGY=불리(<1)	50.63999938964844	3.53	2025	3.31	3499000000.0		3499000000.0	13589000000.0	926000000.0	21724000000.0	192652000000.0	10.133597044445274	89.86640295555472	0.11276290928721218	-15.003653753999819	-16.38059957919346	18.595935734744547	18.986005373609604	12.420382165605085	1.7598909234150195	14.04197322404901	33.34076433121017	12.019781846830039	36.58394644809802	117.69289808917188	42.42982991931004	129.141330961786	132.41093899623948	-16.212815105240065	155.01842914355245	3년	12.019781846830039	42.42982991931004	-16.212815105240065	0.8459043088761876	0.2726343538573573	0.9331056781202289	5.843841353143636	11.539971215596427	3년	0.2726343538573573	불리(<1)	3년	1.7598909234150195	10.566527440609583	불리	N	주당순현금<=0	672502856.0	-11.235757989718032	1.6051349009055027		-14.704395653185475	54.20999977111816	51.7535000038147	N	N	판정불가	단기위험부채 존재
CTSH	COGNIZANT TECHNOLOGY SOLUTIONS CORP	0001058290	S&P 500	보류	PEG=불리, PEGY=불리(<1)	59.20000076293945	4.56	2025	2.2	1901000000.0	13000000.0	1914000000.0	543000000.0	33000000.0	15015000000.0	5677000000.0	72.56427604871448	27.435723951285524	2.6448828606658448	2.803680981595092	2.736196319018405	12.367613987136922	12.382413255245845	1.1086474501108607	1.1211696562825724	12.15182468925482	10.717294900221722	10.742339312565145	32.80364937850964	48.87086474501105	48.985067265297054	149.58464116600393	-17.447864670290137	-17.254955010130978	152.67675546998865	3년	10.742339312565145	48.985067265297054	-17.254955010130978	0.26752512275626145	0.2685376225144796	1.1604360149161834	5.306748466257669	8.964102023423983	3년	0.2685376225144796	불리(<1)	3년	1.1211696562825724	11.030992426377145	불리	Y		489000000.0	37.57843932689695	-2.1972543254243804		-31.718566497435486	59.659399795532224	60.32334997177124	N	N	중립/개선	단기위험부채 존재
AMAT	APPLIED MATERIALS INC /DE	0000006951	S&P 500	보류	PEG=불리, PEGY=불리(<1)	507.0299987792969	8.66	2025	42.0	7241000000.0	1332000000.0	8573000000.0	6455000000.0	100000000.0	20415000000.0	15884000000.0	56.24121876635721	43.7587812336428	1.2852556031226392	2.621287128712871	2.4975247524752477	58.245809659420786	58.26010092688471	0.5807200929152232	5.191743203490939	47.74832161975129	9.661440185830447	18.88348640698188	103.99664323950257	83.66807200929168	163.53099228446308	900.6109304540923	-83.49839808083797	-67.74727478094529	77.62478208831108	3년	18.88348640698188	163.53099228446308	-67.74727478094529	0.7310520763965058	0.8102169663265735	1.5408545635219826	7.051980198019802	1.3908408210555272	3년	0.8102169663265735	불리(<1)	3년	5.191743203490939	11.218931171375385	불리	Y		808000000.0	-14.88501118192318	28.125233038444986		-29.87136946344442	489.9426025390625	434.3188999938965	Y	Y	강한 상승추세	단기위험부채 존재
DOV	DOVER Corp	0000029905	S&P 500	제외	PEG=불리, PEGY=불리(<1)	188.8300018310547	7.94	2025	1.12	513075000.0	0.0	513075000.0	2621295000.0	706677000.0	7405206000.0					-15.30168315466297	-20.430819367528688	25.70928022490147	26.355267153473978	-59.17737789203083	2.2834886521603703	44.73784358388186	-109.85475578406167	13.06697730432074	97.97568716776372	-872.2467609254496	103.75179979630668	777.926956112044	-561.9217033667377	-45.05544733874815	311.972117019864	3년	13.06697730432074	103.75179979630668	-45.055447338748145	-2.258226499697867	0.13238366155672546	1.783707796668104	8.100640890714706	4.289911990766336	3년	0.1323836615567254	불리(<1)	3년	2.2834886521603703	11.258772930874148	불리	N	주당순현금<=0	137777000.0	-11.823484841035691	-13.870645365887647		-19.064761987479038	196.33880004882812	209.86939987182618	N	N	주의	단기위험부채 존재
ITW	ILLINOIS TOOL WORKS INC	0000049826	S&P 500	제외	PEG=불리, PEGY=불리(<1)	264.1300048828125	10.49	2025	2.6	851000000.0		851000000.0	6683000000.0	1825000000.0	3226000000.0					-19.952104002736913	-26.195689360246323	27.081230589661526	27.676424618022764	-10.418445772843727	2.3985109954127504	39.022413479712895	-12.336891545687454	13.2970219908255	86.54482695942579	-129.4139923142614	139.4857606837595	907.8552348043766	-148.99632375037396	-47.19049024905533	243.7152985353436	3년	13.2970219908255	139.4857606837595	-47.19049024905533	-0.28870348956108666	0.18457473632387192	1.5369469028339717	9.261033185083818	3.5062404928939044	3년	0.1845747363238719	불리(<1)	3년	2.3985109954127504	11.29085113283011	불리	N	주당순현금<=0	292300000.0	-2.993240022411836	-3.7812846575885795		-11.839118991355358	276.40580200195313	269.0196509552002	N	N	주의	단기위험부채 존재
CIEN	CIENA CORP	0000936395	S&P 500	제외	PEG=불리, PEGY=불리(<1)	449.7699890136719	0.85	2025	0.0	1091952000.0	216148000.0	1308100000.0	1524158000.0	11580000.0	2729323000.0	3135344000.0	46.53841386049711	53.46158613950289	0.8705019289749386	-1.487511015642212	-1.5672367261511346	530.8911765050755	530.9849714586153	46.55172413793104	-5.273176281409042	-18.193805923142392	101.60344827586208	-2.0463525628180843	-27.887611846284784	86.36293103448277	-1.7393996783953716	-23.704470069342065	-80.79842293971785	-100.3867309337846	-105.27035388050791	1년	101.60344827586208	86.36293103448277	-80.79842293971785	0.08768600081920178	-0.009932687742378836	-0.03427031137137095	4.580386649041639	1.0183842321463574	1년	0.0876860008192017	불리(<1)	1년	46.55172413793104	11.404328976775696	불리	N	주당순현금<=0	145248000.0	0.6354454577746083	-6.278392428842505		-28.266349439605765	380.6496008300781	396.6435498809814	Y	Y	상승전환	단기위험부채 존재
VRSK	Verisk Analytics, Inc.	0001442145	S&P 500	제외	PEG=불리, PEGY=불리(<1)	177.6300048828125	6.48	2025	1.14	2178200000.0		2178200000.0	4773500000.0	195263000.0	309000000.0	5885700000.0	4.988135018644971	95.01186498135503	0.052500127427493756	-18.526903375906187	-19.9208149598809	30.271127817703498	30.486237630045274	-3.4277198211624373	2.5985568006018145	8.497453996787208	1.6445603576751253	13.697113601203629	25.494907993574415	10.656751117734812	88.75729613579952	165.20700379836222	-94.00059065203237	-50.03248680066456	-6.993751473826782	3년	13.697113601203629	88.75729613579952	-50.032486800664564	-0.07557431738055388	0.12350239552077044	0.3183711573227518	8.508540875329475	4.790035828092668	3년	0.1235023955207704	불리(<1)	3년	2.5985568006018145	11.64920767200195	불리	N	주당순현금<=0	140082773.0	-6.775474366650924	5.814028742189259		-27.19484876080657	180.4544012451172	188.8107007598877	N	N	판정불가	단기위험부채 존재
NTAP	NetApp, Inc.	0001002047	S&P 500	보류	PEG=불리, PEGY=안심	237.14999389648438	6.35	2026	90.0	2070000000.0	1514000000.0	3584000000.0	2487000000.0	0.0	1351000000.0	9393000000.0	12.57446016381236	87.42553983618764	0.14383051208346642	5.45771144278607	5.45771144278607	36.48697361475564	36.48697361475564	11.992945326278655	3.1252593706817544	14.4759458626317	32.48589065255731	14.750518741363509	37.4518917252634	206.2854056437389	93.66579400765828	237.8195124554226	-13.014796140461982	-60.50356465598592	0.2823186068604544	3년	14.750518741363509	93.66579400765828	-60.50356465598592	2.795324885071637	2.552287848094398	2.8633765838112906	9.298507462686567	3.9209393641162613	3년	2.552287848094398	안심	3년	3.1252593706817544	11.67486255926216	불리	Y		201000000.0	35.86364351203382	141.00608762095868		0.0	198.2674008178711	141.75399990081786	Y	Y	강한 상승추세	
UNP	UNION PACIFIC CORP	0000100885	S&P 500	제외	PEG=불리, PEGY=불리(<1)	278.3399963378906	11.98	2025	2.04	1266000000.0		1266000000.0	31814000000.0	0.0	18467000000.0	51231000000.0	26.49573875864444	73.50426124135556	0.3604653432492046	-51.26363483806008	-51.26363483806008	27.512823971281357	27.512823971281357	8.025247971145182	2.239111936305682	42.34446727212804	24.550495942290365	12.978223872611364	93.18893454425609	294.11494138863856	155.47912199388415	1116.403435840188	5.667509254256786	-44.140574822333335	301.0934290898427	3년	12.978223872611364	155.47912199388415	-44.140574822333335	0.3658384170833051	0.15553154197374786	1.6132283373912388	9.228058399060245	3.3153907165601346	3년	0.1555315419737478	불리(<1)	3년	2.239111936305682	12.287382120196655	불리	N	주당순현금<=0	595900000.0	-3.454731833783664	10.74242078196832		-10.392118758201196	288.6016003417969	265.8122007751465	N	Y	중립/개선	
LII	LENNOX INTERNATIONAL INC	0001069202	S&P 500	보류	PEG=불리, PEGY=불리(<1)	356.44000244140625	4.07	2025	1.52	34200000.0	500000.0	34700000.0		0.0	1163100000.0	2918700000.0	28.49478171394973	71.50521828605028	0.3984993318943365	0.980225988700565	0.980225988700565	87.33655441098419	87.33655441098419	-81.94321206743567	-33.564279747458514	7.0876315210889995	-155.38642413487133	-58.62855949491703	22.675263042178	-632.4227462289264	-238.61823714431233	92.28832058166446	-277.4275451400514	-166.94485341429598	-74.10831557918773	5년	22.675263042178	92.28832058166446	-74.10831557918773	-0.920842511017597	-0.36690570132485495	0.09855703123555364	18.045197740112993	5.0626185659617065	5년	0.0985570312355536	불리(<1)	5년	7.0876315210889995	12.322389242600623	불리	Y		35400000.0	-36.66329227376095	-31.17324494463488		-37.78863865132281	388.54219909667967	483.216349029541	N	N	주의	
A	AGILENT TECHNOLOGIES, INC.	0001090872	S&P 500	제외	PEG=불리, PEGY=양호	170.5399932861328	4.57	2025	61.0	1789000000.0	0.0	1789000000.0	2729000000.0	304000000.0	6741000000.0	5986000000.0	52.966134988606896	47.0338650113931	1.1261276311393251	-3.2982456140350878	-4.364912280701755	38.039001947520326	38.272408220313906	3.160270880361187	3.018045520401325	14.719612881567535	14.820541760722374	14.53609104080265	37.93922576313507	67.72987584650126	66.42993605646811	173.38226173752727	-60.28504836817734	-61.04729760073835	1.6666286872814018	3년	14.53609104080265	66.42993605646811	-61.04729760073835	1.6866970108437254	1.6829580757329654	1.9905783276341593	4.042105263157895	2.3701802640369705	3년	1.6829580757329654	양호	3년	3.0180455204013246	12.603852953968069	불리	N	주당순현금<=0	285000000.0	26.13905113579227	45.140419817985375		-2.6653805426541055	155.57979919433595	133.62644985198975	Y	Y	강한 상승추세	단기위험부채 존재
WEC	WEC ENERGY GROUP, INC.	0000783325	S&P 500	제외	PEG=불리, PEGY=불리(<1)	103.73999786376953	4.81	2025	3.69	27600000.0		27600000.0	18498100000.0	1924700000.0	9491800000.0					-57.042927733168625	-62.987029030265596	33.4268036584071	34.66258355385346	-0.41407867494824974	2.627012926537597	44.632634440111204	7.671842650103501	13.754025853075195	97.76526888022241	36.90156314699784	66.15686435329168	470.25094331386975	-64.4287990101401	-36.22819961865788	353.2976219369112	3년	13.754025853075195	66.15686435329168	-36.22819961865788	0.09800282906283295	0.18898046582891925	1.4456253410863495	2.107782581840642	2.0317935466015373	3년	0.1889804658289192	불리(<1)	3년	2.6270129265375974	12.724263105345136	불리	N	주당순현금<=0	323800000.0	-9.830512723150663	-10.814994724947935		-12.713505094105393	105.63519989013672	111.23285007476807	N	N	주의	단기위험부채 존재
MTD	METTLER TOLEDO INTERNATIONAL INC/	0001037646	S&P 500	제외	PEG=불리, PEGY=불리(<1)	1549.989990234375	42.05	2025	0.0	69807000.0		69807000.0	2088241000.0		-23636000.0	3736282000.0	-0.6366348959744613	100.63663489597445	-0.006326074959010053	-97.64234285817118	-97.64234285817118	39.18269519839587	39.18269519839587	3.8784584980237167	3.064056292120587	36.02403387418598	16.256916996047433	14.628112584241174	80.54806774837196	683.6033596837946	615.1121341673413	3387.046248819041	-55.89627262170729	-60.31508990104317	118.52052401363467	3년	14.628112584241174	615.1121341673413	-60.31508990104317	0.09898396418076161	0.07819922229969593	0.9193863181637592	41.05359847381745	2.648636361039319	3년	0.0781992222996959	불리(<1)	3년	3.064056292120587	12.787850960557291	불리	N	주당순현금<=0	20671708.0	17.885205086543255	15.164684585259437		0.0	1425.8115942382813	1322.1647967529298	Y	Y	강한 상승추세	
CSCO	CISCO SYSTEMS, INC.	0000858877	S&P 500	제외	PEG=불리, PEGY=불리(<1)	118.38999938964844	3.33	2026	1.46	7218000000.0	8700000000.0	15918000000.0	19372000000.0	31000000.0	50285000000.0	79352000000.0	38.78908027800705	61.21091972199295	0.6336954330073596	-0.8663155254577376	-0.8740907950840231	35.81270718171356	35.81504209751726	30.58823529411766	2.746874400366228	5.901191149181684	69.67647058823532	13.993748800732456	20.30238229836337	232.02264705882362	46.59918350643908	67.60693305355002	95.98162704198036	-60.63925690795	-42.89472641093594	3년	13.993748800732456	46.59918350643908	-60.63925690795	0.8948844646539849	0.11746876266629498	0.20554690579047888	3.202157010283421	2.7047529578443474	3년	0.1174687626662949	불리(<1)	3년	2.746874400366228	13.037620932700388	불리	N	주당순현금<=0	3987000000.0	1.1102597082728982	43.76442208053361		-8.930769700270435	112.31779968261719	98.69094993591308	Y	Y	강한 상승추세	단기위험부채 존재
AFL	AFLAC INC	0000004977	S&P 500	제외	PEG=불리, PEGY=불리(<1)	114.54000091552734	6.82	2025	2.12	6245000000.0		6245000000.0			29490000000.0	86980000000.0	25.31982484760024	74.68017515239977	0.3390434582662681	11.675559660333759	11.675559660333759	15.082762647389087	15.082762647389087	-29.179646936656283	1.1501008285269565	38.25795257148448	-49.859293873312566	10.800201657053913	85.01590514296896	-340.0403842159917	73.65737530110769	579.8084730750484	-396.8747874087846	-35.69288046764586	406.20610131010403	3년	10.800201657053913	73.65737530110769	-35.69288046764586	-1.7940776215384164	0.2168104680141625	2.677092619930218			3년	0.2168104680141625	불리(<1)	3년	1.1501008285269565	13.114295958474369	불리	N	FCF<=0	534878000.0	-6.153217491560159	2.140183287802344		-11.58626150725267	117.40320022583008	115.12405010223388	N	N	판정불가	
LUV	SOUTHWEST AIRLINES CO	0000092380	S&P 500	보류	PEG=불리, PEGY=불리(<1)	41.65999984741211	0.79	2025	1.73	3231000000.0	0.0	3231000000.0	2883000000.0	271000000.0	7981000000.0					0.6236559139784946	0.13799283154121864	51.94473915624508	52.5595025517353	3.947368421052635	-3.1641996800259364		16.39473684210527	2.171600639948127		12.951842105263164	1.7155645055590205		-68.91060453024048	-95.88198628938405		1년	16.39473684210527	12.951842105263164	-68.91060453024048	0.1092963120668606	-0.02761010457116732		0.7078853046594982	1.6991966088628574	1년	0.1092963120668606	불리(<1)	1년	3.947368421052635	13.159333919582076	불리	Y		558000000.0	-12.405385524635959	5.6020254543285075		-23.97810140982999	41.86739990234375	43.52604991912842	N	N	판정불가	단기위험부채 존재
COO	COOPER COMPANIES, INC.	0000711404	S&P 500	제외	PEG=불리, PEGY=불리(<1)	54.369998931884766	1.87	2025	0.0	110600000.0		110600000.0	2455700000.0	47100000.0	8238900000.0	4155700000.0	66.47168928404305	33.52831071595695	1.9825540823447314	-11.7255	-11.961	35.34518659459078	35.47112242346778	-4.59183673469387	-37.77093222139564	2.6595962043162835	-0.68367346938774	-67.04186444279128	13.819192408632567	-1.278469387755074	-125.3682865080197	25.8418898041429	-102.3514243385525	-330.5835736084568	-52.470313938174144	5년	13.819192408632567	25.8418898041429	-52.470313938174144	-0.12991406120901916	-1.0686301547825496	0.07524634782160997	2.1685	3.988412805960722	5년	0.0752463478216099	불리(<1)	5년	2.6595962043162835	13.289681545352163	불리	N	주당순현금<=0	200000000.0	-20.639326760242472	-24.170151679179796		-35.51945074873839	65.33100021362304	70.69834993362427	N	N	주의	단기위험부채 존재
AJG	Arthur J. Gallagher & Co.	0000354190	S&P 500	제외	PEG=불리, PEGY=불리(<1)	232.6999969482422	5.74	2025	1.23	738400000.0		738400000.0	12104000000.0	640000000.0	23321000000.0	47318000000.0	33.014340520109286	66.98565947989071	0.49285684094847626	-44.3795392424834	-46.87856306130418	48.27169620047484	48.707066203753726	-11.69230769230769	3.4145178584730878	51.46625205903632	-14.88461538461538	15.329035716946175	111.43250411807264	-85.43769230769229	87.98866501527104	639.622573637737	-136.71581152908036	-62.18793890451071	174.87003954710136	3년	15.329035716946175	87.98866501527104	-62.18793890451071	-0.21673793373361455	0.09621617270675895	1.0916594237788138	6.68566966028895	2.8730854095266687	3년	0.0962161727067589	불리(<1)	3년	3.4145178584730873	14.137192482589944	불리	N	주당순현금<=0	256100000.0	-8.324470996488554	4.584268291344795		-23.385905728388234	246.90300018310546	232.37565010070801	N	Y	중립/개선	단기위험부채 존재
TRMB	TRIMBLE INC.	0000864749	S&P 500	제외	PEG=불리, PEGY=불리(<1)	60.09000015258789	1.76	2025	0.0	253400000.0	0.0	253400000.0	1392200000.0	0.0	5836200000.0	3475800000.0	62.67396907216495	37.32603092783505	1.6790954600379768	-4.715527950310559	-4.715527950310559	36.821322785737756	36.821322785737756	-71.10016420361248	-0.7462964697448338	2.573740723547502	-133.70032840722496	7.0074070605103325	13.647481447095004	-235.31257799671593	12.333036426498186	24.019567346887207	-491.60022865565213	-79.47572575273651	-60.02734683658881	5년	13.647481447095004	24.019567346887207	-60.02734683658881	-1.9309508411021066	-0.02026805158759537	0.06989810601112911	1.4944099378881988	2.4869527942975704	5년	0.0698981060111291	불리(<1)	5년	2.573740723547502	14.306539290789663	불리	N	주당순현금<=0	241500000.0	16.498639045044783	-10.165943039480553		-28.053157845072306	58.591799926757815	62.15844997406006	Y	N	중립/개선	
GLW	CORNING INC /NY	0000024741	S&P 500	제외	PEG=불리, PEGY=불리(<1)	156.67999267578125	1.83	2025	69.0	1526000000.0		1526000000.0	3458000000.0	75000000.0	11807000000.0	18669000000.0	38.741960887255544	61.258039112744456	0.6324388022925705	-2.2181400688863375	-2.304247990815155	86.82958073479102	86.87663424404175	215.51724137931038	5.9197116093949065	27.64725090252995	439.53448275862075	20.33942321878981	63.7945018050599	804.348103448276	37.221144490385356	116.74393830325963	413.37001598711953	-76.24384335566873	-25.488930456590918	3년	20.33942321878981	37.221144490385356	-76.24384335566873	3.276731719439358	0.8628362704897405	1.113068266420929			3년	0.8628362704897405	불리(<1)	3년	5.9197116093949065	14.667873447920623	불리	N	주당순현금<=0 | FCF<=0	871000000.0	-16.49968387048245	-10.55546365612855		-38.722675435193864	155.46239990234375	152.3383502960205	Y	Y	중립/개선	단기위험부채 존재
VTR	Ventas, Inc.	0000740260	S&P 500	제외	PEG=불리, PEGY=불리(<1)	82.04000091552734	0.54	2025	2.54	741067000.0		741067000.0	13011016000.0	0.0	12527253000.0	14630983000.0	46.12690235109526	53.87309764890473	0.8562140356529702	-26.52302454524821	-26.52302454524821	201.04263974217693	201.04263974217693	184.21052631578948		13.239815312499648	376.92105263157896		34.979630624999295	203.53736842105266		18.88900053749962	148.09527809565157		-76.97586503326747	5년	34.979630624999295	18.88900053749962	-76.97586503326747	0.9289100389613064		0.07848989315269712	3.220825092139252	3.9259203512876373	5년	0.0784898931526971	불리(<1)	5년	13.239815312499648	15.18470122104902	불리	N	주당순현금<=0	462615000.0	-11.21212168751966	-2.807727335339394		-18.392517744243086	89.0779997253418	85.97205013275146	N	N	주의	
TSCO	TRACTOR SUPPLY CO /DE/	0000916365	S&P 500	제외	PEG=불리, PEGY=불리(<1)	33.70000076293945	2.06	2025	2.95	194109000.0	15900000.0	210009000.0	1764974000.0		2581293000.0	8352386000.0	23.608640787789728	76.39135921221028	0.30904857605958347	-2.9218889168661613	-2.9218889168661613	17.7776163494202	17.7776163494202	0.980392156862746	-40.358393897568654	-20.235562235652548	10.460784313725492	-72.21678779513731	-31.971124471305096	21.549215686274515	-148.76658285798285	-65.8605164108885	-36.05574125098357	-541.4438560535119	-295.43179501442796	1년	10.460784313725492	21.549215686274515	-36.05574125098357	0.2210865663658521	-2.104241263975116	-0.9723217047720968	1.3914310625392257	4.128875463021975	1년	0.2210865663658521	불리(<1)	1년	0.980392156862746	18.133168676408587	불리	N	주당순현금<=0	532178000.0	10.3109708823089	-25.83626368524784		-40.21642469133062	33.676400108337404	39.41869990348816	Y	N	중립/개선	
HSY	HERSHEY CO	0000047111	S&P 500	제외	PEG=불리, PEGY=불리(<1)	162.74000549316406	0.9006880540124623	2014	3.62	587998000.0	0.0	587998000.0	4089755000.0	218546000.0	4636750000.0	9104547000.0	33.743175771544706	66.25682422845529	0.5092784956791371	-15.574647411235695	-16.54666714108443	197.97603855189195	199.05523542312665	9.97663734289587			28.45327468579174			25.62752460702782			-84.2524740432651			1년	28.45327468579174	25.62752460702782	-84.2524740432651	0.06867819682800667			8.106961932422156	4.981542127797637	1년	0.0686781968280066	불리(<1)	1년	9.97663734289587	19.8439646293113	불리	N	주당순현금<=0	224837000.0	-5.085734794852237	-17.645865598646672		-31.124087381947486	174.3861996459961	190.27674995422365	N	N	주의	단기위험부채 존재
ANET	Arista Networks, Inc.	0001596532	S&P 500	보류	PEG=불리, PEGY=불리(<1)	216.74000549316406	2.75	2025	0.0	1963900000.0	8779100000.0	10743000000.0	0.0	98793000.0	12370500000.0	7078100000.0	63.60612074905134	36.39387925094865	1.7477147822155663	8.4212589166732	8.343816728070863	75.75227148236031	75.78043227821571	23.318385650224215	-13.642192783183182	3.548578845590522	55.13677130044843	-18.784385566366364	15.597157691181044	151.62612107623318	-51.6570603075075	42.892183650747874	-30.04239308233503	-123.83365276288912	-80.2103060977819	5년	15.597157691181044	42.892183650747874	-80.2103060977819	0.30782424333842107	-0.18008955396617915	0.046844520648028944	3.4147127067492358	1.5754879672442084	5년	0.0468445206480289	불리(<1)	5년	3.548578845590522	21.34721385055045	불리	Y		1275700000.0	18.716107135967942	42.573345218901196		0.0	197.86380004882812	161.0721499633789	Y	Y	강한 상승추세	단기위험부채 존재
PHM	PULTEGROUP INC/MI/	0000822416	S&P 500	보류	PEG=불리, PEGY=안심	112.12000274658203	11.12	2025	93.0	1980869000.0		1980869000.0	43900000.0		12985442000.0	5062981000.0	71.9477928902708	28.0522071097292	2.564781894302981	9.707317439873307	9.707317439873307	9.209773858516972	9.209773858516972	-24.302246426140233	0.3319275999318138	47.00020978752231	-40.104492852280465	9.163855199863628	102.50041957504462	-445.96196051735876	101.90206982248354	1139.8046656744962	-497.75414697887516	-9.11338982678538	916.5935049526594	3년	9.163855199863628	101.90206982248354	-9.11338982678538	7.459222629047486	10.13400861234185	15.20126464973443	8.762951232102317	7.815689455438811	3년	10.13400861234185	안심	3년	0.33192759993181387	27.74633341851924	불리	Y		199537000.0	-9.987150815541623	-7.909648668105107		-21.352409745588375	123.24839965820313	124.48179996490478	N	N	주의	
ELV	Elevance Health, Inc.	0001156039	S&P 500	보류	PEG=불리, PEGY=불리(<1)	412.70001220703125	25.21	2025	1.7	9491000000.0	25884000000.0	35375000000.0	30797000000.0	150000000.0	43882000000.0	77468000000.0	36.16151627523691	63.83848372476309	0.5664532452109258	20.382902938557436	19.715048975957256	15.561963874195708	15.588455503017611	-1.8302180685358211	0.5345551244794411	63.01431604750667	4.839563862928358	9.569110248958882	134.52863209501334	122.00540498442392	241.23726937625344	3391.4668151152864	-70.43726644640374	-41.54658050864399	721.7753125274818	3년	9.569110248958882	241.23726937625344	-41.54658050864399	-0.008367714357166971	0.14359081813476643	4.158492885002364	14.131789848619768	3.424228115004403	3년	0.1435908181347664	불리(<1)	3년	0.5345551244794411	29.11199081544717	불리	Y		224600000.0	-3.3013885179572044	30.572342406311037		-3.3013885179572044	399.58680114746096	367.2256004333496	Y	Y	강한 상승추세	단기위험부채 존재
TSLA	Tesla, Inc.	0001318605	S&P 500	보류	PEG=불리, PEGY=불리(<1)	382.70001220703125	1.08	2025	0.0	16513000000.0	27546000000.0	44059000000.0	0.0	50841000.0	82137000000.0	54941000000.0	59.919899619194915	40.08010038080509	1.4950037312753681	12.488378684807257	12.473967970521542	342.78854955761483	342.80189281158306	-47.05882352941176	-33.18021688674605	11.032151746146003	-85.61764705882352	-57.860433773492105	30.564303492292005	-92.46705882352941	-62.489268475371475	33.00944777167537	-124.16176009252568	-116.32852534155822	-91.37458930787332	5년	30.564303492292005	33.00944777167537	-91.37458930787332	-0.13728236719150463	-0.09679499776047573	0.03218354802219481	1.7630385487528344	0.4606842154473395	5년	0.0321835480221948	불리(<1)	5년	11.032151746146003	31.07177615439938	불리	Y		3528000000.0	-3.402488948951421	8.592020210425977		-21.878825754772436	354.74499755859375	390.60454925537107	Y	N	판정불가	단기위험부채 존재
URI	UNITED RENTALS, INC.	0001067701	S&P 500	제외	PEG=불리, PEGY=불리(<1)	1056.3699951171875	10.27	2025	75.0	459000000.0		459000000.0	14302000000.0		8968000000.0	20898000000.0	30.027455969999327	69.97254403000068	0.4291319743516126	-214.2746579159185	-214.2746579159185	123.72391947742025	123.72391947742025	-1.9102196752626655	3.924142525332664	20.2179802192882	4.679560649474669	16.348285050665325	48.9359604385764	48.05908787010485	167.89688747033287	502.57231370417963	-95.45054402413489	-84.1062422970744	-52.424594031712616	3년	16.348285050665325	167.89688747033287	-84.1062422970744	0.5907489888248836	0.6379052883119857	0.7696004185889502	77.28623614636865	7.316208951750373	3년	0.6379052883119857	불리(<1)	3년	3.9241425253326634	31.52890565995223	불리	N	주당순현금<=0	64604000.0	-0.887567560262359	35.51370125792565		-9.310447637626728	1061.163807373047	954.0912033081055	N	Y	중립/개선	
ACN	Accenture plc	0001467373	S&P 500	보류	PEG=불리, PEGY=불리(<1)	209.05999755859375	2.25	2025	3.28	11478729000.0	5945000.0	11484674000.0		99963000.0	31195446000.0					18.246493818420028	18.087675704682475	84.80600166229944	84.87658749062723	-15.41353383458647	-4.705085797437691	2.4863174611353456	-22.32706766917294	-0.9101715948753828	13.472634922270691	-50.23590225563912	-2.0478860884696113	30.313428575109054	-124.02941875169562	-100.97956859867256	-85.50012966176706	5년	13.472634922270691	30.313428575109054	-85.50012966176706	-0.14307399944290075	-0.016804067748794886	0.06799421442007171	17.276845866001423	8.264061067521633	5년	0.0679942144200717	불리(<1)	5년	2.4863174611353456	34.10908019106049	불리	Y		629418129.0	55.36563715197691	8.913780089803879		-27.545577262279085	184.09939880371093	194.13379959106445	Y	Y	상승전환	단기위험부채 존재
ON	ON SEMICONDUCTOR CORP	0001097864	S&P 500	제외	PEG=불리, PEGY=불리(<1)	77.52999877929688	0.29	2025	0.0	2147600000.0	400000000.0	2547600000.0	2980500000.0	0.0	7673300000.0	4832200000.0	61.359401863180196	38.6405981368198	1.587951657630065	-1.0512384652744051	-1.0512384652744051	270.96978360196994	270.96978360196994	-92.01101928374655	-59.13642526295217	6.668390127527379	-175.5220385674931	-109.77285052590435	21.83678025505476	-50.901391184572994	-31.834126652512257	6.33266627396588	-165.65380109120468	-141.06039875369254	-91.83197939678426	5년	21.83678025505476	6.33266627396588	-91.83197939678426	-0.3395619174236135	-0.2182399250457321	0.024609349569849604	3.4448761534725594	4.443281578372032	5년	0.0246093495698496	불리(<1)	5년	6.668390127527379	40.63496262514634	불리	N	주당순현금<=0	411800000.0	-17.283691451439964	9.1664354321904		-42.11154855583238	76.42220016479492	81.14429996490479	Y	N	판정불가	
RF	REGIONS FINANCIAL CORP	0001281761	S&P 500	제외	PEG=불리, PEGY=불리(<1)	27.030000686645508	2.3	2025	4.05	3538000000.0		3538000000.0	4134000000.0	750000000.0	19043000000.0	139711000000.0	11.995288307696184	88.00471169230381	0.13630279648703394	-0.6651785714285714	-1.5022321428571428	12.041382286119166	12.405318621522893	19.170984455958546	0.2915468391792686	17.429746204664866	46.84196891191709	9.083093678358537	43.35949240932973	107.73652849740931	20.891115460224633	99.72683254145838	298.58130137095344	-22.71137650933862	268.94868667439437	3년	9.083093678358537	20.891115460224633	-22.71137650933862	1.9284317949714784	0.36055219708322306	1.7838272794831767			3년	0.360552197083223	불리(<1)	3년	0.2915468391792686	41.30170754043081	불리	N	주당순현금<=0 | FCF<=0	896000000.0	-12.58085181128722	-2.8745930264235997		-16.574075883744044	29.570199928283692	28.68124997138977	N	N	주의	단기위험부채 존재
WSM	WILLIAMS SONOMA INC	0000719955	S&P 500	보류	PEG=불리, PEGY=불리(<1)	241.77999877929688	8.84	2025	1.27	1019801000.0		1019801000.0	299620000.0	0.0	2082559000.0	3329353000.0	38.48102112525111	61.51897887474889	0.6255146270161199	5.847855919060031	5.847855919060031	26.68915643215349	26.68915643215349	0.5688282138794165	-18.483779224854192	0.5286435792482447	9.637656427758833	-28.467558449708385	9.55728715849649	85.19688282138807	-251.65321669542212	84.48641848110897	-64.76264238087037	-204.0835544569333	-65.05648982229073	5년	9.55728715849649	84.48641848110897	-65.05648982229073	0.06889795181627048	-0.6449727726919112	0.06739229783528666	8.57024189422913	3.544644692488509	5년	0.0673922978352866	불리(<1)	5년	0.5286435792482447	50.48610723714207	불리	Y		123153000.0	9.730417898586175	24.937987516210303		-3.9717213632865733	234.41040008544923	210.14934997558595	Y	Y	강한 상승추세	
NOW	ServiceNow, Inc.	0001373715	S&P 500	보류	PEG=불리, PEGY=불리(<1)	140.86000061035156	1.67	2025	0.0	3726000000.0	2558000000.0	6284000000.0		0.0	12964000000.0	13074000000.0	49.788770258852445	50.211229741147555	0.9915863545969099	6.003682080002599	6.003682080002599	80.75228654511915	80.75228654511915	-75.58479532163743	1.437568278374224	23.132555206176452	-142.66959064327486	11.375136556748448	54.765110412352904	-238.258216374269	18.996478049769905	91.45773438862935	-269.14540347997115	-86.51393016650755	-35.0718912449669	3년	11.375136556748448	18.996478049769905	-86.51393016650755	-0.936008112654563	0.017802199044493976	0.286463160312513	4.37187288321004	3.10370074135067	3년	0.0178021990444939	불리(<1)	3년	1.4375682783742239	56.1728355862468	불리	Y		1046691000.0	34.34430392015542	58.1630411764585		-25.572496866134355	132.22419967651368	115.3357000732422	Y	Y	강한 상승추세	
LEN	LENNAR CORP /NEW/	0000920760	S&P 500	제외	PEG=불리, PEGY=불리(<1)	76.69000244140625	14.31	2024	2.58	3756305000.0		3756305000.0	5874995000.0		21959417000.0	12289828000.0	64.1164995023978	35.88350049760221	1.7867961211499461	-7.788757402975527	-7.788757402975527	5.903477277734576	5.903477277734576	4.224326292789512	0.0933489456862446	46.369977497318125	16.948652585579026	8.68669789137249	101.23995499463625	242.53521849963587	124.30664682554033	1448.7437559732448	216.25402370399058	62.08976772495842	1789.090767835265	3년	8.68669789137249	124.30664682554033	62.08976772495842	1.152596338170481	0.4528430990611225	8.291719472172234	0.10360673335318489	0.13509809630315753	3년	0.4528430990611225	불리(<1)	3년	0.09334894568624463	63.24096361598736	불리	N	주당순현금<=0	272019000.0	-8.386090932795797	-14.589596102627633		-42.39465212300374	82.85139999389648	93.41264991760254	N	N	주의	
DHR	DANAHER CORP /DE/	0000313616	S&P 500	보류	PEG=불리, PEGY=보통	219.80999755859375	5.05	2025	73.0	19912300000.0		19912300000.0	18416000000.0	764600000.0	52534000000.0	8444400000.0	86.15181769282238	13.848182307177623	6.221164321917484	2.089512637899735	1.0217846669459574	43.11296731102852	43.3243985924055	-4.536862003780722	-19.44272804312125	0.6459964100776094	-0.5737240075614434	-30.3854560862425	9.791992820155219	-2.8973062381852888	-153.44655323552462	49.449563741783855	-101.31809575104198	-169.808723415604	-77.50349652380925	5년	9.791992820155219	49.449563741783855	-77.50349652380925	1.5879941063278669	1.2422543679376605	1.708209872885242	7.345342829213797	3.3416782270132104	3년	1.2422543679376603	보통	5년	0.6459964100776094	66.73871036814116	불리	Y		716100000.0	10.429537396911194	12.222393954256816		-9.188186413039812	211.0504000854492	201.44305000305175	Y	Y	강한 상승추세	단기위험부채 존재
WAT	WATERS CORP /DE/	0001000697	S&P 500	제외	PEG=불리, PEGY=불리(<1)	433.7699890136719	3.77	2025	0.0	587831000.0	934000.0	588765000.0	947445000.0		2561242000.0	2515308000.0	50.45241354857137	49.54758645142863	1.0182617794719375	-6.0017067416294365	-6.0017067416294365	116.6503171764725	116.6503171764725	-2.8350515463917496	-0.3511881428137187	1.5554382507588116	2.829896907216501	7.797623714372563	11.610876501517623	10.668711340206208	29.397041403184563	43.77300441072144	-97.54046807976152	-93.22289643180962	-89.908706107065	5년	11.610876501517623	43.77300441072144	-89.908706107065	-0.024303847730673452	-0.0030106059830290006	0.013334196497774564			5년	0.0133341964977745	불리(<1)	5년	1.5554382507588116	74.9951450143169	불리	N	주당순현금<=0 | FCF<=0	59763000.0	15.244818441538488	33.59923580102628		-2.1409602812965223	415.901201171875	364.9518006896973	Y	Y	강한 상승추세	
TMO	THERMO FISHER SCIENTIFIC INC.	0000097745	S&P 500	제외	PEG=불리, PEGY=불리(<1)	658.02001953125	17.74	2025	28.000000000000004	9852000000.0	253000000.0	10105000000.0	19107000000.0	693000000.0	53407000000.0					-23.814814814814813	-25.64814814814815	38.43488355953015	38.538228166820645	7.3200241984270855	0.2075477652143886	2.137246520494207	23.14004839685417	8.915095530428777	12.774493040988414	410.5044585601929	158.1537947098065	226.61950654713445	-37.61520221639736	-75.9652001435352	-65.56039332837167	3년	8.915095530428777	158.1537947098065	-75.9652001435352	0.9189574919284305	0.733904858109559	0.7841118205500978	16.64814814814815	2.5300367244157247	3년	0.733904858109559	불리(<1)	3년	0.20754776521438867	185.18572589701665	불리	N	주당순현금<=0	378000000.0	23.20857013260149	27.96220456291312		-3.176817040018032	626.4082019042969	544.9417002868653	Y	Y	강한 상승추세	단기위험부채 존재
CNP	CENTERPOINT ENERGY INC	0001130310	S&P 500	제외	PEG=불리, PEGY=불리(<1)	38.599998474121094	1.6	2025	2.49	38000000.0	510000000.0	548000000.0	20566000000.0	500000000.0	11153000000.0					-30.53153359261801	-31.294135590635246	43.207207541711945	43.68383379047271	1.2658227848101276	0.2092056307007928		11.031645569620256	8.918411261401586		17.65063291139241	14.269458018242538		-54.27296992452975	-63.03249071937314		3년	8.918411261401586	14.269458018242538	-63.03249071937314	0.0869258394258477	0.06247118905092393		-3.6360863265461756	-9.419913135447262	3년	0.0624711890509239	불리(<1)	3년	0.2092056307007928	206.5298500665461	불리	N	주당순현금<=0 | FCF<=0	655650000.0	-11.791590597189305	-9.665343113408998		-14.298406550844645	39.165	41.39210006713867	N	N	주의	단기위험부채 존재
MCD	MCDONALDS CORP	0000063908	S&P 500	제외	PEG=불리, PEGY=불리(<1)	235.22999572753906	11.95	2025	3.34	774000000.0		774000000.0	39973000000.0	798000000.0	-1791000000.0					-54716638.74930207	-55830541.59687325	4578817.906217389	4672031.533629204	4.91659350307286	12.78230543570502	13.62338129334184	18.33318700614572	34.06461087141004	35.74676258668368	219.08158472344135	407.07209991335	427.17381291086997	-6.864945499043418	73.05280249413909	81.59835933749477	3년	34.06461087141004	407.07209991335	73.05280249413909	1.8032150813120502e-06	3.5210628083316454e-06	3.704751235096718e-06	10030709.10106086	4264213.443543644	3년	3.5210628083316454e-06	불리(<1)	3년	12.782305435705021	358215.3414537649	불리	N	주당순현금<=0	716.4	-12.534396671321357	-22.751309256273487		-31.029731598140064	255.64860137939453	287.73165031433103	N	N	주의	단기위험부채 존재
GM	General Motors Co	0001467858	S&P 500	보류	PEG=판정불가, PEGY=안심	82.7300033569336	3.27	2025	89.0	20945000000.0	5966000000.0	26911000000.0			61119000000.0	218116000000.0	21.88801547083997	78.11198452916003	0.28021328100643694	27.65775950668037	27.65775950668037	16.84166478601016	16.84166478601016	-48.665620094191524	-18.898461530269618	-5.460789481150885	-88.83124018838305	-29.296923060539235	-2.421578962301769	-290.47815541601256	-95.8009384079633	-7.918563206726785	-451.1158511172327	-215.7995098762851	-109.57157365576624	판정불가				2.394916441948956	4.162387706942221	4.960270352147283	18.051387461459402	21.81963825575805	3년	4.162387706942221	안심	판정불가			판정불가	Y		973000000.0	7.623260571058221	7.679293746279892		-8.383166599103298	84.82900024414063	80.67200008392334	N	Y	상승전환	
HUM	HUMANA INC	0000049071	S&P 500	보류	PEG=판정불가, PEGY=양호	431.8699951171875	9.84	2025	91.0	4200000000.0	15703000000.0	19903000000.0	12369000000.0	1694000000.0	17657000000.0	31172000000.0	36.1608879968871	63.83911200311291	0.5664378288207366	62.35412907817854	48.33396785460083	37.552425410468395	38.977238542945805	-1.4028056112224505	-23.616654426020823	-17.217108695019935	5.694388777555099	-38.733308852041645	-25.93421739003987	56.03278557114218	-381.1357591040898	-255.1926991179923	-87.02554328741043	-188.25242860427684	-159.09016648603847	판정불가				2.3859229706052694	1.7943806515143197	1.9647969604757354	3.103636634499197	0.7186506748765976	3년	1.7943806515143197	양호	판정불가			판정불가	Y		120826000.0	6.170564884685237	117.86309056414414		0.0	388.01759826660157	296.8869995880127	Y	Y	강한 상승추세	단기위험부채 존재
ODFL	OLD DOMINION FREIGHT LINE, INC.	0000878927	S&P 500	제외	PEG=판정불가, PEGY=불리(<1)	181.97000122070312	4.84	2025	64.0	120091000.0	0.0	120091000.0	45000000.0	20000000.0	4311057000.0	1159103000.0	78.81043698904602	21.189563010953975	3.719304496666819	0.3548757549693286	0.2603569031843401	37.52378625325078	37.54331494163611	-11.67883211678833	-26.48103950985108	-3.150049031832014	-14.85766423357666	-44.46207901970216	2.199901936335972	-71.91109489051104	-215.19646245535844	10.647525371866104	-139.51810430736512	-218.2593070350956	-94.14874688111246	판정불가				1.394346709313721	0.9998713945583931	1.62163675481699			3년	0.9998713945583932	불리(<1)	판정불가			판정불가	N	FCF<=0	211598000.0	-20.40155691576362	-12.358523844659164		-26.840347225336426	192.08420043945313	200.34369995117189	N	N	주의	단기위험부채 존재
IBKR	Interactive Brokers Group, Inc.	0001381197	S&P 500	제외	PEG=판정불가, PEGY=불리(<1)	87.87000274658203	2.22	2025	40.0	4963000000.0		4963000000.0		16000000.0	5363000000.0	182768000000.0	2.850673201120496	97.14932679887951	0.02934321106539438	11.1814650484052	11.145417609200186	34.544386350530104	34.56062393575759	-67.96536796536795	-16.033270923831843	-1.7104104038610624	-127.43073593073589	-23.566541847663686	5.079179192277875	-282.8962337662337	-52.31772290181339	11.275777806856883	-421.9485887375118	-159.5399126738373	-87.16765966267653	판정불가				-0.8095488419332943	0.693795189556186	1.1084171305752943			3년	0.693795189556186	불리(<1)	판정불가			판정불가	N	FCF<=0	443859546.0	-8.095385225770546	17.867202078551948		-10.510234686044095	90.44639999389648	81.89819993972779	N	Y	중립/개선	단기위험부채 존재
CEG	Constellation Energy Corp	0001868275	S&P 500	제외	PEG=판정불가, PEGY=불리(<1)	298.07000732421875	7.4	2025	56.99999999999999	3641000000.0		3641000000.0	7250000000.0	1650000000.0	14517000000.0	42396000000.0	25.50735332876496	74.49264667123504	0.3424143787149731	-11.493630573248408	-16.748407643312103	41.832924040198264	42.54302904966632	-37.76282590412111			-67.02565180824222			-495.98982338099245			-266.40044660430766			판정불가				0.45985726642950947			4.101910828025478	1.3761568514888247	1년	0.4598572664295094	불리(<1)	판정불가			판정불가	N	주당순현금<=0	314000000.0	16.238355823331972	2.1767469069463807		-26.211165164799453	273.97589904785156	286.1411499786377	Y	Y	상승전환	단기위험부채 존재
VZ	VERIZON COMMUNICATIONS INC	0000732712	S&P 500	제외	PEG=판정불가, PEGY=불리(<1)	41.650001525878906	4.06	2025	6.11	19048000000.0	350000000.0	19398000000.0	89658000000.0	441000000.0	105741000000.0					-16.606003308910424	-16.71023398723706	14.348769663741216	14.374442244609845	-1.932367149758456	-7.0765828174263685	-1.1420692869857585	4.635265700483088	-5.653165634852737	6.215861426028483	18.819178743961334	-22.95185247750211	25.236397389675638	-54.81589902879551	-155.10648652255426	-39.408411848448075	판정불가				0.29114920290331653	-0.06736346321516927	0.3462269469394307			5년	0.3462269469394307	불리(<1)	판정불가			판정불가	N	주당순현금<=0 | FCF<=0	4231000000.0	-1.9307738904054683	-8.3003011780041		-19.047617282291075	48.12540023803711	46.533200073242185	N	N	주의	단기위험부채 존재
TPL	Texas Pacific Land Corp	0001811074	S&P 500	보류	PEG=판정불가, PEGY=불리(<1)	360.9800109863281	6.97	2025	67.0	144809000.0		144809000.0			1458907000.0	164371000.0	89.87413123322068	10.12586876677932	8.875695834423347	2.0978453048822923	2.0978453048822923	51.48955031297645	51.48955031297645	-64.65517241379311	-50.58674419585327		-120.81034482758622	-92.67348839170654		-842.0481034482759	-645.9342140901946		-333.2672385785284	-278.93905325263535		판정불가				0.045539873080148924	0.31876867644754403		7.633813495643156	2.114746873319886	3년	0.318768676447544	불리(<1)	판정불가			판정불가	Y		69027492.0	-13.211353510706502	-13.386275283250681		-33.125840478638494	360.72480041503906	398.4852005004883	Y	N	주의	
UPS	UNITED PARCEL SERVICE INC	0001090727	S&P 500	제외	PEG=판정불가, PEGY=불리(<1)	94.56999969482422	6.56	2025	6.97	5887000000.0	206000000.0	6093000000.0	17321000000.0	2341000000.0	16227000000.0					-13.209411764705882	-15.963529411764705	16.429788332245444	16.849623339419047	-2.8148148148148207	-20.79061596362501		2.8703703703703587	-33.08123192725003		18.82962962962955	-217.01288144276018		-80.0892146659697	-329.4732813186603		판정불가				0.25290558229713317	-0.841192575591518		5.605882352941176	5.927759724047016	1년	0.2529055822971331	불리(<1)	판정불가			판정불가	N	주당순현금<=0	850000000.0	-16.803025232509615	-7.302486956853382		-21.191666920979813	100.42580032348633	104.80270000457763	N	N	주의	단기위험부채 존재
IR	Ingersoll Rand Inc.	0001699150	S&P 500	제외	PEG=판정불가, PEGY=불리(<1)	78.75	1.45	2025	10.0	1248800000.0		1248800000.0	2778100000.0	0.0	10089800000.0	8143200000.0	55.33812318323918	44.661876816760824	1.2390460752529717	-3.813715710723192	-3.813715710723192	56.9404935936022	56.9404935936022	-29.611650485436897	-0.455587184000239		-50.723300970873794	7.588825631999522		-73.548786407767	11.003797166399307		-193.39528432732317	-86.02692423314373		판정불가				-0.3444236122259476	0.1676208303377294				3년	0.1676208303377294	불리(<1)	판정불가			판정불가	N	주당순현금<=0 | FCF<=0	401000000.0	-0.3290749641825963	-10.195007632004438		-20.26124109295632	78.54799987792968	81.53684997558594	Y	N	주의	
FTV	Fortive Corp	0001659166	S&P 500	제외	PEG=판정불가, PEGY=불리(<1)	57.2599983215332	0.58	2025	50.0	375500000.0		375500000.0	2306500000.0	899500000.0	6453400000.0					-5.771069934249851	-8.459354453078303	108.67425561341906	113.309228921744	-75.42372881355932	-34.87672497401558	-29.666922875134137	-142.34745762711864	-61.25344994803116	-50.833845750268274	-82.56152542372881	-35.52700096985807	-29.483630535155598	-244.18709019186386	-162.04506114436575	-151.49079881140685	판정불가				-0.23394435664687457	0.1391615239563417	0.1871011401007024	2.9231918708906157	5.105120427136513	3년	0.1391615239563417	불리(<1)	판정불가			판정불가	N	주당순현금<=0	334600000.0	-5.636127169483329	-4.279507499750979		-10.656886264041587	57.973199691772464	58.33534984588623	N	N	주의	단기위험부채 존재
NKE	NIKE, Inc.	0000320187	S&P 500	보류	PEG=판정불가, PEGY=불리(<1)	34.709999084472656	2.1	2026	4.72	7563000000.0	2583000000.0	10146000000.0	5942000000.0	5000000.0	14865000000.0					2.838622552329507	2.8352464550979066	15.176845967687212	15.178453633035595	-2.77777777777778	-13.36921346091703	-10.018369318341202	2.94444444444444	-18.23842692183406	-11.536738636682404	6.183333333333325	-38.30069653585152	-24.22715113703305	-82.18572890686302	-210.3448503200484	-169.79876628078316	판정불가				0.1279727175433799	-0.5698953181268318	-0.34910872322364467	1.4746792707629979	4.24857190913234	1년	0.1279727175433799	불리(<1)	판정불가			판정불가	Y		1481000000.0	-19.01540226275805	-19.109766469584343		-50.18656869624838	38.14719978332519	48.00599983215332	N	N	주의	단기위험부채 존재
SLB	SLB LIMITED/NV	0000087347	S&P 500	제외	PEG=판정불가, PEGY=불리(<1)	48.95000076293945	2.35	2025	2.41	3130000000.0	1176000000.0	4306000000.0	9742000000.0	1178000000.0	26109000000.0	27577000000.0	48.632790671683495	51.36720932831651	0.946767233564202	-3.7828810020876826	-4.602644398051496	22.439524155330695	22.78835964297487	-24.43729903536977	-0.5610216224331555		-40.37459807073954	7.377956755133689		-94.88030546623791	17.33819837456417		-293.8310602398862	-64.57977915356624		판정불가				-0.9816295070649705	0.08239828816189958		3.336812804453723	6.816777839521625	3년	0.0823982881618995	불리(<1)	판정불가			판정불가	N	주당순현금<=0	1437000000.0	2.9659230548133575	-5.720334188652365		-18.55240930826779	52.80379997253418	50.76700002670288	N	N	중립/개선	단기위험부채 존재
BF-B	BROWN FORMAN CORP	0000014693	S&P 500	제외	PEG=판정불가, PEGY=불리(<1)	26.389999389648438	1.53	2026	3.48	308000000.0		308000000.0	2083000000.0	68000000.0	4020000000.0	3874000000.0	50.92475297694451	49.07524702305548	1.0376871450696954	-3.8030308548999106	-3.9487244313129777	19.734006695783233	19.82923125553034	-16.847826086956523	-2.0882960100536807	-4.036359234531672	-25.195652173913047	4.323407979892639	0.42728153093665533	-38.549347826086965	6.614814209235737	0.6537407423330827	-246.0755919577932	-74.93439044250066	-97.52277090771926	판정불가				-0.6774005042682469	0.07052313356332746	-0.02819291809861174	1.9132994667186594	7.250092879763981	3년	0.0705231335633274	불리(<1)	판정불가			판정불가	N	주당순현금<=0	466733000.0	5.139438201487301	-9.839429528779986		-14.54015509437825	27.081600036621094	26.876599979400634	N	N	중립/개선	단기위험부채 존재
PFE	PFIZER INC	0000078003	S&P 500	제외	PEG=판정불가, PEGY=불리(<1)	28.280000686645508	1.36	2025	6.18	1142000000.0	8525000000.0	9667000000.0	61641000000.0	0.0	86476000000.0	121385000000.0	41.60280187240512	58.39719812759488	0.7124109239197595	-9.097496936810783	-9.097496936810783	27.48345413489433	27.48345413489433	-3.5460992907801296	-37.11932514902995	-4.476866683376013	1.4078014184397407	-65.7386502980599	-0.4537333667520258	1.9146099290780476	-89.40456440536147	-0.6170773787827551	-93.22980946750057	-416.1406019610899	-102.18202745332377	판정불가				0.0958358689665482	-1.125743692811446	0.0619694056018092	1.588482408541922	5.6169815062700525	5년	0.0619694056018092	불리(<1)	판정불가			판정불가	N	주당순현금<=0	5713000000.0	16.6185595325588	3.438187742543386		-2.549964712079089	27.6181999206543	26.464449977874757	Y	Y	강한 상승추세	
KLAC	KLA CORP	0000319201	S&P 500	제외	PEG=판정불가, PEGY=불리(<1)	195.57000732421875	3.66	2026	47.0	1649842000.0	1475936000.0	3125778000.0	3469670000.0	0.0	6349820000.0	11601715000.0	35.37201693337088	64.62798306662913	0.5473173578216669	-0.26059669620265635	-0.26059669620265635	53.50562951377634	53.50562951377634	-87.94863351992097	-46.684357143962295	-2.244895179579909	-167.39726703984195	-84.86871428792459	4.010209640840182	-612.6739973658216	-310.619494293804	14.677367285475068	-413.27605175681254	-258.82777658174064	-92.49508271422073	판정불가				-0.7653144891861844	0.0058992457224792605	0.8364559996233067	2.854683082341833	1.459673250208197	3년	0.0058992457224792	불리(<1)	판정불가			판정불가	N	주당순현금<=0	1319633000.0	-15.106128632448968	10.567736355380575		-35.1794727178144	187.98340057373048	179.71321521759035	Y	Y	강한 상승추세	
EMR	EMERSON ELECTRIC CO	0000032604	S&P 500	제외	PEG=판정불가, PEGY=불리(<1)	161.8300018310547	1.12	2025	1.39	2354000000.0	99000000.0	2453000000.0	8319000000.0	4192000000.0	20282000000.0					-10.35115581436386	-17.74836774307394	153.7331764691237	160.33782997690054	-35.26011560693641	-3.335847899742972	-1.3703810340970568	-62.02023121387282	1.8283042005140562	5.759237931805886	-69.46265895953756	2.047700704575743	6.450346483622593	-142.92322695025015	-98.73465940715154	-96.01412197328123	판정불가				-0.22031754228235179	-0.01265730627854283	0.0001276169942854426	4.706193753308629	2.9081095594509994	5년	0.0001276169942854	불리(<1)	판정불가			판정불가	N	주당순현금<=0	566700000.0	18.913958546413333	12.024085774544059		-1.5512854215910976	155.85480102539063	145.31760082244872	Y	Y	강한 상승추세	단기위험부채 존재
CSX	CSX CORP	0000277948	S&P 500	제외	PEG=판정불가, PEGY=판정불가	47.2599983215332	1.54	2025	1.18	1958000000.0	5000000.0	1963000000.0	9832000000.0		13160000000.0	30522000000.0	30.126825694794196	69.87317430520581	0.4311644060022279	-4.201281366791244	-4.201281366791244	33.41641538202886	33.41641538202886	-13.966480446927374	-7.566647873326204	-15.619198935967571	-19.432960893854748	-6.633295746652408	-22.738397871935142	-29.92675977653631	-10.21527544984471	-35.01713272278012	-163.32365814516058	-121.61505673433402	-174.09465502842636	판정불가				-0.3826406962191362	-0.1911230693152355	-0.4320989780290103	0.9135077415910304	1.932940698338549	판정불가		판정불가	판정불가			판정불가	N	주당순현금<=0	1873000000.0	-5.328525530809946	11.593860742196904		-11.215482382197129	49.029600067138674	44.56584991455078	N	Y	중립/개선	
APTV	Aptiv PLC	0001521332	S&P 500	제외	PEG=판정불가, PEGY=판정불가	43.79999923706055	0.64	2025	0.0	1851000000.0		1851000000.0	7470000000.0	81000000.0	9207000000.0	13914000000.0	39.820942000778516	60.179057999221484	0.6617076326002588	-25.99703895623207	-26.371796058110483	109.05787217701972	109.64343014870472	-43.85964912280701	-9.379349728076658	-9.25361634386701	-79.21929824561401	-10.258699456153316	-10.007232687734021	-50.70035087719297	-6.565567651938123	-6.404628920149774	-215.7542277633051	-114.98988074498136	-114.62244071166698	판정불가				-0.40216857570460607	-0.08600341764281222	-0.08485051247696082	6.204312019987046	14.16509618278117	판정불가		판정불가	판정불가			판정불가	N	주당순현금<=0	216140000.0	-24.560802271683045	-26.212940049359712		-50.60336061628507	46.299999771118166	62.4848498916626	N	N	주의	단기위험부채 존재
AXON	AXON ENTERPRISE, INC.	0001069183	S&P 500	제외	PEG=판정불가, PEGY=판정불가	422.8900146484375	1.51	2025	0.0	1201147000.0	505417000.0	1706564000.0	1730170000.0	80552000.0	3242658000.0	3757655000.0	46.32161447638127	53.67838552361873	0.8629472370401221	-0.28658492169479177	-1.264513779288576	280.2494036888293	280.8970386938583	-68.54166666666667	-9.393302099393695		-128.58333333333334	-10.286604198787394		-194.16083333333336	-15.532772340168965		-145.91284414571618	-103.67300522644922		판정불가				-0.24457381805090608	-0.033517652404439754		0.9115090445550564	0.21554281562141497	판정불가		판정불가	판정불가			판정불가	N	주당순현금<=0	82370000.0	-22.72594249494887	17.590303619476533		-44.31554654891055	518.6832012939453	493.0313003540039	N	N	판정불가	단기위험부채 존재
UNH	UNITEDHEALTH GROUP INC	0000731766	S&P 500	제외	PEG=판정불가, PEGY=판정불가	379.29998779296875	13.23	2025	2.5	24365000000.0	3756000000.0	28121000000.0	72320000000.0	3620000000.0	32454000000.0	207883000000.0	13.503538780961733	86.49646121903827	0.1561166617760952	-48.51701427003293	-52.49066959385291	32.3368860213909	32.63723789771894	-14.700193423597675	-14.517352798270888	-3.7667253412291712	-20.90038684719535	-20.534705596541777	0.9665493175416575	-276.5121179883945	-271.6741550422477	12.78744747107613	-172.90063983321866	-171.6251420473375	-96.62867179472312	판정불가				-0.37728411497406483	-0.3716298715442603	-0.039172768224844855	17.64544456641054	4.65210786561951	판정불가		판정불가	판정불가			판정불가	N	주당순현금<=0	911000000.0	-10.792825415682582	21.18210472618809		-13.074370920717449	389.17899841308594	357.5252490234375	N	Y	중립/개선	단기위험부채 존재
KR	KROGER CO	0000056873	S&P 500	제외	PEG=판정불가, PEGY=판정불가	61.63999938964844	1.54	2025	2.54	3334000000.0		3334000000.0	14509000000.0	1366000000.0	5927000000.0	44017000000.0	11.86729136633029	88.13270863366971	0.13465252061703434	-17.061068702290076	-19.146564885496183	51.10458967008994	52.45880797087313	-47.97297297297297	-20.45740326595622		-87.44594594594594	-32.41480653191244		-134.66675675675674	-49.91880205914516		-318.4730014442085	-180.98442984009557		판정불가				-0.8890194259707282	-0.350602624570974				판정불가		판정불가	판정불가			판정불가	N	주당순현금<=0 | FCF<=0	655000000.0	4.9370065173912625	-9.392914161852172		-18.46560762729559	58.32720001220703	63.44089998245239	Y	N	중립/개선	단기위험부채 존재
CPB	CAMPBELL'S Co	0000016732	S&P 500	제외	PEG=판정불가, PEGY=판정불가	19.209999084472656	1.31	2026	5.16	394000000.0		394000000.0	2244000000.0	373000000.0	3850000000.0	11492000000.0	25.094511797679576	74.90548820232043	0.3350156630699617	-6.166666666666667	-7.41	19.371500573388797	20.320609988147066	-34.82587064676616	-22.825206063866467	-16.820734795525595	-61.151741293532325	-37.150412127732935	-25.14146959105119	-80.10878109452734	-48.66703988733015	-32.93532516427706	-517.0160588882009	-353.34222908249626	-271.4488637893716	판정불가				-1.5314183087870357	-0.9119172774944282	-0.6019530986434934	2.26	11.764706443045831	판정불가		판정불가	판정불가			판정불가	N	주당순현금<=0	300000000.0	-13.076928719966274	-4.7595487763512185		-39.324070824204746	21.70759998321533	22.98034993171692	N	N	주의	단기위험부채 존재
DVN	DEVON ENERGY CORP/DE	0001090012	S&P 500	제외	PEG=판정불가, PEGY=판정불가	48.2599983215332	4.17	2025	2.67	1384000000.0	2343000000.0	3727000000.0	7391000000.0	998000000.0	15528000000.0					-5.788309636650869	-7.3649289099526065	12.96122493002016	13.339311086687246	-8.552631578947361	-22.960449726899977		-8.605263157894722	-37.420899453799954		-35.88394736842099	-156.0451507223458		-174.35546750197437	-423.3426360330389		판정불가				-0.453863860145062	-1.5654731583204164		10.552922590837282	21.866810936312564	판정불가		판정불가	판정불가			판정불가	N	주당순현금<=0	633000000.0	11.1981489050325	2.0943470577160284		-7.317075851010102	47.357399978637694	44.90245002746582	Y	Y	강한 상승추세	단기위험부채 존재
CVS	CVS HEALTH Corp	0000064803	S&P 500	제외	PEG=판정불가, PEGY=판정불가	86.16000366210938	1.39	2025	3.02	8453000000.0	2145000000.0	10598000000.0	71348000000.0	0.0	75214000000.0	178156000000.0	29.68544026522477	70.31455973477523	0.4221805608567772	-47.7970102281668	-47.7970102281668	96.37195243904762	96.37195243904762	-62.02185792349728	-23.78711813669546	-23.938579568888617	-115.54371584699456	-39.07423627339092	-39.377159137777234	-160.60576502732243	-54.31318842001338	-54.734251201510354	-286.4040833344951	-163.03758833740477	-163.52628699525098	판정불가				-0.6122305964571403	-0.21548923323754435	-0.2170608671866329	6.142407553107789	7.129070673204996	판정불가		판정불가	판정불가			판정불가	N	주당순현금<=0	1271000000.0	-18.854771694788298	10.334239598757723		-22.097644800357163	92.90380004882813	87.91155017852783	N	N	판정불가	
COP	CONOCOPHILLIPS	0001163165	S&P 500	제외	PEG=판정불가, PEGY=판정불가	134.10000610351562	6.35	2025	2.59	6497000000.0	484000000.0	6981000000.0	16147000000.0	961000000.0	64487000000.0	57452000000.0	52.88463904083189	47.11536095916811	1.1224500452551696	-7.312640512634768	-8.079326911570183	22.269708128527622	22.390446144108	-18.693982074263765	-24.182162850978774		-28.88796414852753	-39.86432570195755		-183.43857234314981	-253.1384682074304		-236.79236688591078	-288.76842407600304		판정불가				-0.723133953140341	-0.9695754756354031				판정불가		판정불가	판정불가			판정불가	N	주당순현금<=0 | FCF<=0	1253446000.0	19.87128167618892	8.477595149724548		-5.041775283700889	129.37900009155274	117.49575019836426	Y	Y	강한 상승추세	단기위험부채 존재
SRE	SEMPRA	0001032208	S&P 500	제외	PEG=판정불가, PEGY=판정불가	81.33999633789062	2.75	2025	3.28	29000000.0		29000000.0		4166000000.0	31594000000.0					0.04435430833279802	-6.327371502509842	29.562051647111936	31.879042851054717	-37.782805429864254	-25.38521336020446	-26.568336591560993	-67.06561085972851	-42.27042672040892	-44.636673183121985	-184.4304298642534	-116.24367348112453	-122.75085125358547	-326.7401501939092	-242.910841793307	-250.91081482678212	판정불가				-1.1671316267805454	-0.7477564014865669	-0.7877780902881328			판정불가		판정불가	판정불가			판정불가	N	FCF<=0	653826000.0	-12.87489737990446	-15.473351864920314		-18.45614402216479	82.94899993896485	89.85490016937256	N	N	주의	단기위험부채 존재
CVX	CHEVRON CORP	0000093410	S&P 500	제외	PEG=판정불가, PEGY=판정불가	211.97999572753906	6.63	2025	3.47	8178000000.0	0.0	8178000000.0	33477000000.0	977000000.0	186450000000.0	131836000000.0	58.57939086230623	41.42060913769377	1.414257107315149	-13.63092672413793	-14.157327586206897	34.028796749875866	34.10819356165097	-31.79012345679013	-28.68529133996226		-55.08024691358026	-48.87058267992452		-365.1820370370371	-324.0119631678995		-272.2719333886632	-252.8502545987201		판정불가				-0.8322399309312469	-0.7409986172976935				판정불가		판정불가	판정불가			판정불가	N	주당순현금<=0 | FCF<=0	1856000000.0	16.626321596618766	10.532900759629605		-2.6587722970688676	204.27180023193358	188.14165000915528	Y	Y	강한 상승추세	단기위험부채 존재
ORLY	O REILLY AUTOMOTIVE INC	0000898173	S&P 500	제외	PEG=판정불가, PEGY=판정불가	86.44999694824219	2.97	2025	0.0	193793000.0		193793000.0	6016904000.0	25000.0	-763352000.0					-6.803343540685509	-6.803372749056861	31.39843114105309	31.398440975521563	-92.6955238563699	-29.203737570730283	-11.269579863367396	-176.8910477127398	-49.907475141460566	-14.039159726734791	-525.3664117068373	-148.2252011701379	-41.69630438840233	-707.7113131899534	-271.4577286322875	-148.23170140001972	판정불가				-2.9522342514486835	-0.9301018079386371	-0.35892175034925705	1.861365386210611	2.15311214796805	판정불가		판정불가	판정불가			판정불가	N	주당순현금<=0	855919000.0	0.8163229717110143	-8.041703027549163		-16.10869055013818	87.9592007446289	90.78115001678466	N	N	중립/개선	단기위험부채 존재
PANW	Palo Alto Networks Inc	0001327567	S&P 500	제외	PEG=판정불가, PEGY=판정불가	418.7799987792969	0.4	2026	0.0	2514000000.0	557000000.0	3071000000.0	1991500000.0		27492000000.0	20968000000.0	56.73132480396204	43.26867519603797	1.3111407859595574	1.412958115183246	1.412958115183246	1043.417601660284	1043.417601660284	-75.00000000000001	-32.13955958512733		-141.50000000000003	-55.77911917025466		-56.600000000000016	-22.311647668101866		-113.51544967882505	-105.32777299134108		판정불가				-0.07187917846187392	-0.03080220185473863				판정불가		판정불가	판정불가			판정불가	N	FCF<=0	764000000.0	18.6715354347732	157.69491904184454		-0.2691064449423797	370.85239990234373	255.92379989624024	Y	Y	강한 상승추세	
KMB	KIMBERLY CLARK CORP	0000055785	S&P 500	제외	PEG=판정불가, PEGY=판정불가	97.58999633789062	1.5	2025	5.31	688000000.0		688000000.0	6439000000.0	963000000.0	1502000000.0					-17.259903961584634	-20.150060024009605	76.56660019965017	78.49337090793348	-80.13245033112582	-35.99237051910854	-26.238981580201248	-151.76490066225165	-63.48474103821708	-43.977963160402496	-227.64735099337747	-95.22711155732563	-65.96694474060374	-333.2691459534263	-197.57876332694607	-167.59601108314746	판정불가				-0.9772204869489254	-0.4007278687979244	-0.2733434882263046			판정불가		판정불가	판정불가			판정불가	N	주당순현금<=0 | FCF<=0	333200000.0	-8.640707155310745	1.024842525266445		-19.63933269436736	103.73639968872071	102.49429992675782	N	N	판정불가	단기위험부채 존재
VLO	VALERO ENERGY CORP/TX	0001035002	S&P 500	제외	PEG=판정불가, PEGY=판정불가	433.75	7.57	2025	1.08	4688000000.0		4688000000.0	8261000000.0		23725000000.0					-11.563106796116505	-11.563106796116505	58.82603788588065	58.82603788588065	-11.77156177156177	-36.119777156007146		-15.043123543123539	-63.73955431201429		-113.8764452214452	-482.50842614194823		-126.25393549773953	-211.2411357099592		판정불가				-0.18174879960983983	-0.5956508106832289		14.475728155339805	3.3373436669371306	판정불가		판정불가	판정불가			판정불가	N	주당순현금<=0	309000000.0	43.89742578355249	79.17630399834098		-2.2645308853989965	367.50160034179686	266.92255126953125	Y	Y	강한 상승추세	
IRM	IRON MOUNTAIN INC	0001020569	S&P 500	제외	PEG=판정불가, PEGY=판정불가	114.51000213623047	0.49	2025	3.06	158535000.0		158535000.0	16215885000.0	216074000.0	-981007000.0					-53.91701587557418	-54.64254438982459	343.72860818735643	345.2092786246022	-19.672131147540984	-36.34769139588404	-16.260604064943717	-30.84426229508197	-64.19538279176808	-24.021208129887434	-15.113688524590165	-31.45573756796636	-11.770391983644842	-113.19857500885352	-127.46986025774764	-110.27892041224645	판정불가				-0.04832920726367413	-0.09684294703145538	-0.03840414719786272	-3.1282033201708437	-2.7318166638834547	판정불가		판정불가	판정불가			판정불가	N	주당순현금<=0 | FCF<=0	297816000.0	-6.644383892511252	2.3507373501764572		-13.94107602789838	117.93219970703124	113.12934982299805	N	Y	중립/개선	단기위험부채 존재
FANG	Diamondback Energy, Inc.	0001539838	S&P 500	제외	PEG=판정불가, PEGY=판정불가	192.1300048828125	5.73	2025	2.3	104000000.0		104000000.0	13726000000.0	763000000.0	36972000000.0	28092000000.0	56.824050165990414	43.17594983400959	1.316104228961982	-47.12206697823086	-49.76148388502797	41.7542882829046	42.214919505731324	-63.10367031551834	-38.48028199276532		-117.70734063103669	-68.46056398553064		-674.4630618158403	-392.2790316370906		-451.0451489486098	-304.1737478101647		판정불가				-1.4562257630532554	-0.8665045790656805				판정불가		판정불가	판정불가			판정불가	N	주당순현금<=0 | FCF<=0	289079000.0	0.7551536121295666	1.602326113960162		-10.089380557008276	196.59199951171874	185.58189979553222	N	Y	상승전환	단기위험부채 존재
COF	CAPITAL ONE FINANCIAL CORP	0000927628	S&P 500	보류	PEG=판정불가, PEGY=판정불가	199.25999450683594	4.03	2025	1.6	62093000000.0		62093000000.0	31377000000.0	1087000000.0	113616000000.0	555393000000.0	16.98273117402008	83.01726882597991	0.20456865678897646	56.74487345279882	54.7367448734528	35.3635536114236	35.8618485442638	-65.22864538395167	-39.17672229952939	-4.896815963113765	-121.95729076790334	-69.85344459905878	-1.2936319262275298	-491.4878817946505	-281.5093817342069	-5.213336662696945	-346.6565770068759	-241.27742120586535	-102.61634889411688	판정불가				-1.7992718176206566	-1.062583322717626	-0.0932263764931357	48.29115093293922	24.235246544324536	판정불가		판정불가	판정불가			판정불가	Y		541300000.0	-2.9373076995975467	0.865599305827458		-22.74947948327638	209.97780029296874	204.50759948730467	N	N	판정불가	단기위험부채 존재
MGM	MGM Resorts International	0000789570	S&P 500	제외	PEG=판정불가, PEGY=판정불가	29.270000457763672	0.76	2025	0.0	2062994000.0		2062994000.0	6230141000.0	0.0	2429917000.0	38097468000.0	5.995740904576005	94.00425909542399	0.06378158779475844	-15.028931566134704	-15.028931566134704	58.28806845249786	58.28806845249786	-68.33333333333333	-39.83701324007897		-128.16666666666666	-71.17402648015793		-97.40666666666667	-54.09226012492003		-432.78669334912905	-284.8044389441491		판정불가				-1.1723382700358633	-0.6834505636868775		5.267157154449554	17.995070283821864	판정불가		판정불가	판정불가			판정불가	N	주당순현금<=0	277275000.0	-37.28304776913356	-20.35374025098321		-42.25685292810195	39.394000129699705	39.57565005302429	N	N	주의	
WY	WEYERHAEUSER CO	0000106535	S&P 500	제외	PEG=판정불가, PEGY=판정불가	19.100000381469727	0.45	2025	4.52	464000000.0		464000000.0	5050000000.0	522000000.0	9426000000.0	7187000000.0	56.738698609522665	43.261301390477335	1.3115347154584667	-6.338044714587592	-7.059470650264592	56.5289891023496	58.13215784829849	-16.66666666666667	-43.761896821361546		-24.833333333333343	-79.02379364272309		-11.175000000000004	-35.56070713922539		-158.5078522346087	-286.1817090523484		판정불가				-0.2148750023580698	-0.6941906700350048		0.268116152339728	1.4037494606536587	판정불가		판정불가	판정불가			판정불가	N	주당순현금<=0	723567000.0	-19.74789498426598	-23.045928217909285		-29.520294787413327	22.534600067138673	24.03585005760193	N	N	주의	단기위험부채 존재
TSN	TYSON FOODS, INC.	0000100493	S&P 500	보류	PEG=판정불가, PEGY=판정불가	53.43000030517578	1.33	2025	3.9	1229000000.0		1229000000.0			18085000000.0					3.442577030812325	3.442577030812325	37.58452877771688	37.58452877771688	-40.888888888888886	-46.97317852013001	-5.767715060111856	-73.27777777777777	-85.44635704026003	-3.0354301202237117	-97.45944444444444	-113.64365486354583	-4.037122059897537	-282.4058466924686	-312.69633953667994	-107.55590873449137	판정불가				-0.9841519926363653	-1.1460348159444596	-0.04969372028469297	3.2969187675070026	6.170538552640863	판정불가		판정불가	판정불가			판정불가	Y		357000000.0	-7.045927747589154	-17.09852159018134		-22.283635919744317	54.482999877929686	59.85300006866455	N	N	주의	
OXY	OCCIDENTAL PETROLEUM CORP /DE/	0000797468	S&P 500	제외	PEG=판정불가, PEGY=판정불가	60.11000061035156	1.61	2025	1.92	1968000000.0		1968000000.0	35745000000.0	440000000.0	36034000000.0					-33.773622637736224	-34.213578642135786	58.31280947086198	58.58607406986791	-34.01639344262294	-49.362988839182776		-59.53278688524588	-90.22597767836555		-95.84778688524588	-145.26382406216854		-259.4539775611646	-341.6633215557689		판정불가				-0.5504175451992417	-0.8135946333179044		4.104589541045895	6.828463648924073	판정불가		판정불가	판정불가			판정불가	N	주당순현금<=0	1000100000.0	10.152099956952721	3.5308287781122827		-9.254223205177393	58.72540016174317	54.501450023651124	Y	Y	강한 상승추세	단기위험부채 존재
DOC	HEALTHPEAK PROPERTIES, INC.	0000765880	S&P 500	제외	PEG=판정불가, PEGY=판정불가	18.799999237060547	0.1	2025	6.59	467457000.0		467457000.0	9847894000.0		7500094000.0	12033567000.0	38.395741586792155	61.604258413207845	0.6232644069709339	-13.47678738700427	-13.47678738700427	322.7678662406482	322.7678662406482	-72.22222222222223	-52.27593913804323	-33.51833999568201	-135.94444444444446	-96.05187827608646	-58.536679991364025	-13.594444444444447	-9.605187827608646	-5.853667999136403	-172.31087763900354	-151.09142668832604	-131.13653317387926	판정불가				-0.20334187224600722	-0.1415442611129723	-0.08342943276641074			판정불가		판정불가	판정불가			판정불가	N	주당순현금<=0 | FCF<=0	696044000.0	-13.204065699443069	13.939389315518458		-17.61612844664254	20.548999977111816	18.9473499917984	N	N	판정불가	
GPC	GENUINE PARTS CO	0000040987	S&P 500	제외	PEG=판정불가, PEGY=판정불가	127.0199966430664	0.47	2025	3.32	333547000.0		333547000.0	3498423000.0	943540000.0	4422991000.0					-22.728014362657092	-29.503885098743268	318.6127893738798	333.0295356208717	-92.73570324574962	-61.61464058703222	-16.81535450665752	-176.97140649149924	-114.72928117406444	-25.13070901331504	-83.17656105100464	-53.92276215181028	-11.811433236258068	-165.4830445986671	-142.45218357495034	-109.29887698662823	판정불가				-0.2806406592198148	-0.18296390644452665	-0.042356600101263485	3.0227935368043086	2.3797776859485635	판정불가		판정불가	판정불가			판정불가	N	주당순현금<=0	139250000.0	3.9783831329930353	15.693592844393777		-14.900173309835518	131.9527995300293	119.91945011138915	N	Y	상승전환	단기위험부채 존재
CSGP	COSTAR GROUP, INC.	0001057352	S&P 500	보류	PEG=판정불가, PEGY=판정불가	29.670000076293945	0.02	2025	0.0	1633000000.0	0.0	1633000000.0	993000000.0	0.0	8334000000.0	2167000000.0	79.3638701076088	20.6361298923912	3.845869866174435	1.5212740670311387	1.5212740670311387	1407.4363004631402	1407.4363004631402	-94.11764705882352	-72.19119357371476	-53.398733410393206	-179.73529411764704	-135.8823871474295	-98.29746682078641	-3.5947058823529408	-2.71764774294859	-1.9659493364157283	-112.11562478297759	-109.15958117950922	-106.62605099885558	판정불가				-0.06687169218802481	-0.05129268980056792	-0.037940426428408495	0.2923698597575469	0.9854056589340817	판정불가		판정불가	판정불가			판정불가	Y		420700000.0	7.1893054522331745	-19.94063956598505		-62.073374916116165	30.19919994354248	39.15369994163513	N	N	중립/개선	
APD	Air Products & Chemicals, Inc.	0000002969	S&P 500	제외	PEG=판정불가, PEGY=판정불가	281.260009765625	-1.77	2025	2.6	1856000000.0	0.0	1856000000.0	4918100000.0	34700000.0	15024900000.0	23709700000.0	38.78935112276879	61.21064887723121	0.6337026617797779	-13.749887741356085	-13.905702739110911			-110.30267753201397			-212.10535506402795			375.4264784633295			33.4802195222043			판정불가							-23.661427929950605	-8.412652744223312	판정불가		판정불가	판정불가			판정불가	N	주당순현금<=0 | FCF<=0 | 순현금차감PER<=0/불가	222700000.0	-6.058779058335972	-5.822864385152792		-10.480916776440841	294.17459899902343	286.59129959106446	N	N	주의	단기위험부채 존재
ALB	ALBEMARLE CORP	0000915913	S&P 500	제외	PEG=판정불가, PEGY=판정불가	101.2699966430664	-5.76	2025	1.61	613110000.0		613110000.0	3119464000.0	367178000.0	9533365000.0					-21.300941664400327	-24.421505303236334			48.57142857142857			105.64285714285714			-608.5028571428571			-700.871805385331			1년	105.64285714285714	-608.5028571428571	-700.871805385331				5.885113543649714	5.8113101004557475	판정불가		판정불가	1년	48.57142857142857		판정불가	N	주당순현금<=0 | 순현금차감PER<=0/불가	117664000.0	-21.343691927715412	-45.386398833475695		-53.03311430462324	121.65939987182617	154.45079975128175	N	N	주의	단기위험부채 존재
ARE	ALEXANDRIA REAL ESTATE EQUITIES, INC.	0001035443	S&P 500	제외	PEG=판정불가, PEGY=판정불가	45.5099983215332	-8.44	2025	6.32	549062000.0		549062000.0	12400555000.0		15470070000.0	14925399000.0	50.89597400191456	49.10402599808544	1.036492893757815	-69.58899516755037	-69.58899516755037			-568.8888888888889			-1129.2777777777778			9531.104444444445			20842.8802372308			판정불가									판정불가		판정불가	판정불가			판정불가	N	주당순현금<=0 | FCF<=0 | 순현금차감PER<=0/불가	170307000.0	-4.189477217824833	4.022853306361607		-41.55644443773853	50.27379981994629	50.238500061035154	N	N	판정불가	
APO	Apollo Global Management, Inc.	0001858681	S&P 500	제외	PEG=판정불가, PEGY=판정불가	118.6500015258789	5.54	2025	1.95	8980000000.0		8980000000.0	13364000000.0		23341000000.0	418434000000.0	5.283458774262916	94.71654122573709	0.055781795934364796	-7.384732856185598	-7.384732856185598	22.74995205452428	22.74995205452428	-24.42019099590723			-40.34038199181446			-223.4857162346521			-288.35711197686527			판정불가				-0.9877027846939391					판정불가		판정불가	판정불가			판정불가	N	주당순현금<=0 | FCF<=0	593657223.0	-1.0672882315015175	7.912691968270047		-22.298622202267993	128.07219955444336	125.86130001068115	N	N	판정불가	
ARES	Ares Management Corp	0001176948	S&P 500	보류	PEG=판정불가, PEGY=판정불가	117.22000122070312	0.039510671963162464	2014	4.64	488896000.0		488896000.0			4275463000.0	19931981000.0	17.661769660605227	82.33823033939478	0.21450266283115563	6.083971489795992	6.083971489795992	2812.810418271907	2812.810418271907													판정불가							40.42582623597222	34.48714026188928	판정불가		판정불가	판정불가			판정불가	Y		80358036.0	-2.560267458787635	9.880015828061417		-34.249494041215165	132.2952001953125	128.5582506942749	N	N	판정불가	
AVB	AVB		S&P 500	판정불가																																																												SEC ticker mapping 없음
BKR	Baker Hughes Co	0001701605	S&P 500	제외	PEG=판정불가, PEGY=판정불가	56.70000076293945	2.98	2024	1.63	7023000000.0		7023000000.0			18834000000.0									56.020942408376975		111.75011009858267	120.54188481675395		232.00022019716533	359.21481675392675		691.3606561875526	533.5358234928254		1119.3309468867649	5년	232.00022019716533	691.3606561875526	1119.3309468867649						판정불가		판정불가	5년	111.75011009858267		판정불가	N	주당순현금<=0 | FCF<=0 | 순현금차감PER<=0/불가		-1.8691554848983438	-9.367008442639513		-18.61633091270426	60.38099998474121	59.64370004653931	N	N	주의	
BAX	BAXTER INTERNATIONAL INC	0000010456	S&P 500	제외	PEG=판정불가, PEGY=판정불가	24.350000381469727	-1.87	2025	17.0	1966000000.0	5148000000.0	7114000000.0	9438000000.0	1000000.0	6129000000.0	13953000000.0	30.519868538990142	69.48013146100986	0.43926037411309393	-4.530214424951267	-4.5321637426900585			-87.00000000000001			-165.50000000000003			309.48500000000007			1170.98560637197			판정불가									판정불가		판정불가	판정불가			판정불가	N	주당순현금<=0 | FCF<=0 | 순현금차감PER<=0/불가	513000000.0	11.697253365376792	38.11685502321329		-14.109347252829318	25.235599975585938	20.95799998283386	N	Y	상승전환	단기위험부채 존재
BLK	BlackRock, Inc.	0002012383	S&P 500	제외	PEG=판정불가, PEGY=판정불가	1082.3900146484375	35.31	2025	2.15	11468000000.0		11468000000.0	12768000000.0		55888000000.0	108456000000.0	34.006717616706425	65.99328238329359	0.5153057461090211	-8.081234006422008	-8.081234006422008	30.882788123898596	30.882788123898596	-15.94858367055462			-23.39716734110924			-826.1539788145673			-176.3268292975618			판정불가				-0.446804984549844			22.080417839085364	2.0399687303339666	판정불가		판정불가	판정불가			판정불가	N	주당순현금<=0	160866521.0	5.55372098770488	5.73828836354473		-9.995090146115103	1109.0521997070311	1060.9467520141602	N	Y	상승전환	
BK	BK		S&P 500	판정불가																																																												SEC ticker mapping 없음
BG	Bunge Global SA	0001996862	S&P 500	제외	PEG=판정불가, PEGY=판정불가	102.7300033569336	0.49	2025	2.73	1135000000.0	861000000.0	1996000000.0	8831000000.0	3883000000.0	15904000000.0					-41.05920370735475	-64.3851565962587	293.44736135569053	341.0513468432496	-88.76146788990825			-169.0229357798165			-82.82123853211009			-180.6203015922711			판정불가				-0.2931751285561182			-5.2803277335427685	-5.140005413215419	판정불가		판정불가	판정불가			판정불가	N	주당순현금<=0 | FCF<=0	166466940.0	-11.91802642872567	-16.81781104701733		-21.8248226968472	112.99460067749024	116.51420036315918	N	N	주의	단기위험부채 존재
CNC	CENTENE CORP	0001071739	S&P 500	제외	PEG=판정불가, PEGY=판정불가	65.36000061035156	-13.53	2025	0.0	17888000000.0	2432000000.0	20320000000.0	17351000000.0	50000000.0	19953000000.0	56691000000.0	26.03334899013621	73.96665100986378	0.35196062867121763	6.020895691885885	5.919499671476894			-314.42155309033285			-620.3431061806657			8393.242226624407			12741.557754353975			판정불가							8.762644083745002	13.406738069028101	판정불가		판정불가	판정불가			판정불가	N	순현금차감PER<=0/불가	493116000.0	-4.889407087698516	74.4328755832506		-5.834898196336924	64.9039998626709	53.42824993133545	Y	Y	강한 상승추세	단기위험부채 존재
CRL	CHARLES RIVER LABORATORIES INTERNATIONAL, INC.	0001100682	S&P 500	제외	PEG=판정불가, PEGY=판정불가	301.7900085449219	-2.91	2025	0.0	213770000.0	1063000.0	214833000.0	1626760000.0	166000.0	3164630000.0	3924228000.0	44.64231051038122	55.35768948961878	0.8064337749998216	-28.4869461706077	-28.490295375675895			-1555.0			-3101.5			9025.365			2890.6109362320262			판정불가									판정불가		판정불가	판정불가			판정불가	N	주당순현금<=0 | FCF<=0 | 순현금차감PER<=0/불가	49564000.0	30.52636122207315	69.2217196041305		-2.8895906252887738	283.16859954833984	212.62365028381348	Y	Y	강한 상승추세	단기위험부채 존재
COIN	Coinbase Global, Inc.	0001679788	S&P 500	보류	PEG=판정불가, PEGY=판정불가	179.38999938964844	4.45	2025	0.0	11285452000.0	309765000.0	11595217000.0	5937034000.0	452105000.0	14793058000.0	14878774000.0	49.855559980253325	50.144440019746675	0.9942390414694114	19.700576931781384	18.126444505569115	35.885263473677995	36.239001097545916	-53.05907172995781			-97.61814345991561			-434.4007383966245			-342.15437865801744			판정불가				-1.4785755096622568			8.437931958956717	4.703680242859526	판정불가		판정불가	판정불가			판정불가	Y		287209000.0	11.077399002878296	2.7846219242213532		-50.36659850457701	174.56540008544923	183.7828497314453	Y	N	중립/개선	단기위험부채 존재
CAG	CONAGRA BRANDS INC.	0000023217	S&P 500	제외	PEG=판정불가, PEGY=판정불가	13.489999771118164	-4.0	2026	5.16	218000000.0		218000000.0	6456000000.0	34200000.0	8932700000.0	10916800000.0	45.0021411118668	54.9978588881332	0.8182526014949436	-13.022964509394573	-13.094363256784968			-266.6666666666667			-524.8333333333334			2099.3333333333335			15462.145062655722			판정불가							2.04321503131524	15.146145781927478	판정불가		판정불가	판정불가			판정불가	N	주당순현금<=0 | 순현금차감PER<=0/불가	479000000.0	-4.664310001449046	-7.029637778594822		-32.61738530137346	14.986200046539306	15.493900022506715	N	N	주의	단기위험부채 존재
STZ	CONSTELLATION BRANDS, INC.	0000016918	S&P 500	제외	PEG=판정불가, PEGY=판정불가	122.63999938964844			3.48	102400000.0		102400000.0	9692900000.0	272000000.0	8082400000.0	13513600000.0	37.42544915725134	62.57455084274866	0.5980937721998579																	판정불가									판정불가		판정불가	판정불가			판정불가	N	주당순현금<=0 | FCF<=0 | 순현금차감PER<=0/불가		-6.624027098234587	-25.492105199242143		-26.421883382127042	125.82439926147461	142.73770023345946	N	N	주의	단기위험부채 존재 | EPS 없음
CTRA	CTRA		S&P 500	판정불가																																																												SEC ticker mapping 없음
CRWD	CrowdStrike Holdings, Inc.	0001535527	S&P 500	제외	PEG=판정불가, PEGY=판정불가	275.0400085449219	-0.65	2026	0.0	5230125000.0	0.0	5230125000.0	745471000.0		4428390000.0	6614079000.0	40.10325951560289	59.89674048439711	0.6695399314099514	17.897380435476663	17.897380435476663															판정불가							5.228916576208416	1.901147619894138	판정불가		판정불가	판정불가			판정불가	N	순현금차감PER<=0/불가	250576000.0	30.5177308030375	173.50836835955877		-1.369854768451173	228.7020004272461	157.3163750076294	Y	Y	강한 상승추세	
DDOG	Datadog, Inc.	0001561550	S&P 500	보류	PEG=판정불가, PEGY=판정불가	293.260009765625	0.31	2025	0.0	401305000.0	4073531000.0	4474836000.0			3732206000.0	2911638000.0	56.175400867329216	43.824599132670784	1.2818234959153576	12.311363736408858	12.311363736408858	906.2859549329553	906.2859549329553	-40.38461538461539			-72.26923076923077			-22.40346153846154			-107.6394533152906			판정불가				-0.044560566303383724			2.752776004754149	0.9386810042576833	판정불가		판정불가	판정불가			판정불가	Y		363472000.0	8.321943584021296	166.40625444002617		0.0	246.87600067138672	188.312275390625	Y	Y	강한 상승추세	
DOW	DOW INC.	0001751788	S&P 500	제외	PEG=판정불가, PEGY=판정불가	28.420000076293945	-3.7	2025	5.04	3816000000.0	21000000.0	3837000000.0	15060000000.0	62000000.0	16008000000.0					-15.77150084317032	-15.858628442945475			-335.6687898089172			-662.8375796178344			2452.4990445859876			8529.482892337139			판정불가									판정불가		판정불가	판정불가			판정불가	N	주당순현금<=0 | FCF<=0 | 순현금차감PER<=0/불가	711600000.0	-6.235563916034115	-29.14485254592758		-32.12323668188203	29.6892000579834	32.1322500705719	N	N	주의	단기위험부채 존재
DD	DuPont de Nemours, Inc.	0001666700	S&P 500	제외	PEG=판정불가, PEGY=판정불가	130.0	-0.3	2025	1.81	715000000.0	0.0	715000000.0	7859000000.0	60000000.0	13919000000.0	7472000000.0	65.0694217194147	34.930578280585294	1.8628211991434689	-17.041984732824428	-17.185114503816795			-117.96407185628743			-227.42814371257487			68.22844311377246			-47.51658222017503			판정불가									판정불가		판정불가	판정불가			판정불가	N	주당순현금<=0 | FCF<=0 | 순현금차감PER<=0/불가	419200000.0	-3.10799599452517	-8.094731138404931		-15.906589637368096	134.7211993408203	137.86454967498779	N	N	주의	단기위험부채 존재
SATS	SATS		S&P 500	판정불가																																																												SEC ticker mapping 없음
EA	EA		S&P 500	판정불가																																																												SEC ticker mapping 없음
EQR	EQR		S&P 500	판정불가																																																												SEC ticker mapping 없음
ERIE	ERIE INDEMNITY CO	0000922621	S&P 500	제외	PEG=판정불가, PEGY=판정불가	222.0399932861328			2.58	266417000.0	33902000.0	300319000.0	0.0	0.0	2283374000.0	1072107000.0	68.04908148787014	31.950918512129856	2.1298004770046273																	판정불가									판정불가		판정불가	판정불가			판정불가	N	주당순현금<=0 | FCF<=0 | 순현금차감PER<=0/불가		-6.889758816818392	-15.021628832026723		-32.70903643824896	244.11580139160156	247.3624001312256	N	N	주의	EPS 없음
XOM	ExxonMobil Holdings Corp	0002115436	S&P 500	제외	PEG=판정불가, PEGY=판정불가	168.94000244140625			2.51																											판정불가									판정불가		판정불가	판정불가			판정불가	N	주당순현금<=0 | FCF<=0 | 순현금차감PER<=0/불가		16.438077541867813	10.678723216021723		-1.4754760373742903	161.5692010498047	150.3283499908447	Y	Y	강한 상승추세	EPS 없음
F	FORD MOTOR CO	0000037996	S&P 500	제외	PEG=판정불가, PEGY=판정불가	12.170000076293945	-2.06	2025	4.95	23356000000.0	15131000000.0	38487000000.0	291000000.0		35952000000.0	253180000000.0	12.434459001424955	87.56554099857505	0.14200173789398846	9.59939683337522	9.59939683337522			-241.0958904109589			-473.6917808219178			975.8050684931507			7918.1188362844			판정불가									판정불가		판정불가	판정불가			판정불가	N	FCF<=0 | 순현금차감PER<=0/불가	3979000000.0	-12.697270856307208	0.0822387253891721		-30.217891607699087	13.523800010681152	13.462499990463257	N	N	판정불가	
GIS	GENERAL MILLS INC	0000040704	S&P 500	제외	PEG=판정불가, PEGY=판정불가	32.290000915527344	-3.74	2026	7.68	453800000.0		453800000.0	12416000000.0	68400000.0	7368400000.0	22636100000.0	24.55764968588045	75.44235031411955	0.32551543772999764	-22.246977868700018	-22.37418634926539			-805.6603773584906			-1602.8207547169811			5994.54962264151			18464.72422631274			판정불가							3.0245490050213872	9.366828489518461	판정불가		판정불가	판정불가			판정불가	N	주당순현금<=0 | 순현금차감PER<=0/불가	537700000.0	-11.437186707778068	-6.568288100584374		-34.556139408861085	36.7096000289917	38.40829997062683	N	N	주의	단기위험부채 존재
GDDY	GoDaddy Inc.	0001609711	S&P 500	제외	PEG=판정불가, PEGY=판정불가	104.3499984741211	6.22	2025	0.0	932400000.0	0.0	932400000.0	3765200000.0	15100000.0	215100000.0					-20.14492856685701	-20.252309399022906	20.01526158215082	20.032525381534406													판정불가							11.203874243534038	10.736822623253426	판정불가		판정불가	판정불가			판정불가	N	주당순현금<=0	140621000.0	14.54445688466608	27.333742965269735		-22.80662514578138	96.77839935302734	92.78099967956543	Y	Y	강한 상승추세	단기위험부채 존재
HAL	HALLIBURTON CO	0000045012	S&P 500	제외	PEG=판정불가, PEGY=판정불가	32.54999923706055	-1.29	2019	2.09	2206000000.0		2206000000.0	7158000000.0	0.0	10461000000.0	14505000000.0	41.90098534006248	58.099014659937524	0.7211995863495346	-5.805392731535756	-5.805392731535756			-168.25396825396825			-328.0079365079365			423.1302380952381			1199.939318012252			판정불가									판정불가		판정불가	판정불가			판정불가	N	주당순현금<=0 | FCF<=0 | 순현금차감PER<=0/불가	853000000.0	-8.102764201724478	-15.695419004127897		-24.267101945699764	34.03339958190918	35.550249891281126	N	N	주의	
HAS	HASBRO, INC.	0000046080	S&P 500	제외	PEG=판정불가, PEGY=판정불가	93.31999969482422	-2.3	2025	3.09	4580369000.0		4580369000.0	2767900000.0	0.0	2995530000.0	4986500000.0	37.528423220659406	62.4715767793406	0.6007279655068686	12.927738944365192	12.927738944365192			-183.63636363636363			-358.77272727272725			825.1772727272726			784.2448300747682			판정불가							5.919400855920114	6.343121383709584	판정불가		판정불가	판정불가			판정불가	N	순현금차감PER<=0/불가	140200000.0	19.000257426401433	0.8973963133583451		-11.912405565180118	91.88560012817383	90.63119979858398	Y	Y	강한 상승추세	
HPE	Hewlett Packard Enterprise Co	0001645590	S&P 500	제외	PEG=판정불가, PEGY=판정불가	73.45999908447266	-0.04	2025	79.0	5773000000.0		5773000000.0	21748000000.0	4609000000.0	24688000000.0	14276000000.0	63.361051226773434	36.63894877322657	1.7293359484449426	-12.06570996978852	-15.546827794561933			-102.07253886010363			-195.64507772020727			7.825803108808291			-89.34685106678359			판정불가									판정불가		판정불가	판정불가			판정불가	N	주당순현금<=0 | FCF<=0 | 순현금차감PER<=0/불가	1324000000.0	48.22436854100225	196.09028885838532		0.0	58.17280029296875	38.07305013656616	Y	Y	강한 상승추세	단기위험부채 존재
HON	HONEYWELL INTERNATIONAL INC	0000773840	S&P 500	제외	PEG=판정불가, PEGY=판정불가	207.72999572753906	-0.18	2025	1.36	12487000000.0	443000000.0	12930000000.0	29046000000.0	5893000000.0	13904000000.0					-25.07156191661481	-34.23926571250778			-102.06659012629163			-195.63318025258326			35.21397244546498			-83.04820046708517			판정불가							8.434971997510889	4.060545983245622	판정불가		판정불가	판정불가			판정불가	N	주당순현금<=0 | 순현금차감PER<=0/불가	642800000.0	-6.713668690482288	-15.224041965422296		-20.145726001003272	218.14200073242188	230.49052925109862	N	N	주의	단기위험부채 존재
INTC	INTEL CORP	0000050863	S&P 500	제외	PEG=판정불가, PEGY=판정불가	104.69999694824219	-0.06	2025	0.0	14265000000.0	23151000000.0	37416000000.0	44086000000.0	0.0	114281000000.0					-1.4724061810154525	-1.4724061810154525			98.63013698630138			205.76027397260276			-12.345616438356165			-111.79142005558906			1년	205.76027397260276	-12.345616438356165	-111.79142005558906				-1.0924944812362032	-1.0434522570008014	판정불가		판정불가	1년	98.63013698630138		판정불가	N	주당순현금<=0 | FCF<=0 | 순현금차감PER<=0/불가	4530000000.0	-2.8396484106596565	60.63209030075476		-25.71307284334007	103.08060012817383	83.03270002365112	Y	Y	강한 상승추세	
IFF	INTERNATIONAL FLAVORS & FRAGRANCES INC	0000051253	S&P 500	제외	PEG=판정불가, PEGY=판정불가	84.55000305175781	-1.41	2025	1.89	590000000.0		590000000.0	4740000000.0	314000000.0	14154000000.0					-16.2109375	-17.4375			-248.42105263157896			-488.3421052631579			688.5623684210526			714.3847942850396			판정불가							1.0	1.1827320684871456	판정불가		판정불가	판정불가			판정불가	N	주당순현금<=0 | 순현금차감PER<=0/불가	256000000.0	13.231559026502726	17.921906067571534		-3.996816912982537	84.53220031738282	76.81430000305176	Y	Y	강한 상승추세	단기위험부채 존재
IP	INTERNATIONAL PAPER CO /NEW/	0000051434	S&P 500	제외	PEG=판정불가, PEGY=판정불가	32.119998931884766	-4.52	2025	5.81	1145000000.0		1145000000.0	8839000000.0	992000000.0	14827000000.0					-15.214554083448686	-17.176191417836662			-387.8980891719745			-767.296178343949			3468.178726114649			10697.567999517802			판정불가							2.301759936721376	7.166127064956012	판정불가		판정불가	판정불가			판정불가	N	주당순현금<=0 | 순현금차감PER<=0/불가	505700000.0	-12.000002926343111	-12.360170273923355		-34.70217558728619	37.181600189208986	37.846950130462645	N	N	주의	단기위험부채 존재
IVZ	Invesco Ltd.	0000914208	S&P 500	제외	PEG=판정불가, PEGY=판정불가	29.510000228881836	-1.6	2025	2.82	1037500000.0	363900000.0	1401400000.0	1186000000.0	0.0	12231000000.0	14089100000.0	46.4701881831756	53.5298118168244	0.8681179067506086	0.4734065934065934	0.4734065934065934			-235.5932203389831			-462.6864406779662			740.298305084746			2408.6353756114377			판정불가							3.167032967032967	10.732066900946172	판정불가		판정불가	판정불가			판정불가	N	순현금차감PER<=0/불가	455000000.0	2.714934559949511	21.440333972831517		-11.407988555221548	31.477400016784667	27.910799951553344	N	Y	상승전환	
KKR	KKR & Co. Inc.	0001404912	S&P 500	제외	PEG=판정불가, PEGY=판정불가	90.94999694824219			87.0	5363009000.0		5363009000.0	36914472000.0		30902561000.0	328512161000.0	8.59802314942458	91.40197685057542	0.09406824059703531																	판정불가									판정불가		판정불가	판정불가			판정불가	N	주당순현금<=0 | FCF<=0 | 순현금차감PER<=0/불가		-6.439668959147616	-7.326271129123962		-36.29614468969682	102.2636001586914	101.9289001083374	N	N	주의	EPS 없음
KHC	Kraft Heinz Co	0001637459	S&P 500	제외	PEG=판정불가, PEGY=판정불가	22.270000457763672	-4.93	2025	7.28	2615000000.0		2615000000.0		0.0	41664000000.0	39997000000.0	51.020683067804704	48.979316932195296	1.0416781258594394	2.203032855939343	2.203032855939343			-318.14159292035396			-627.7831858407079			3094.97110619469			13797.49008790763			판정불가							3.08424599831508	13.849330646241024	판정불가		판정불가	판정불가			판정불가	N	순현금차감PER<=0/불가	1187000000.0	-11.204144635129454	-0.6690437913462688		-19.370022515966788	24.540400009155274	23.882750005722045	N	N	주의	
LYV	Live Nation Entertainment, Inc.	0001335258	S&P 500	제외	PEG=판정불가, PEGY=판정불가	170.3300018310547	-0.24	2025	0.0	7094200000.0		7094200000.0	1715688000.0		271007000.0					23.19881058106669	23.19881058106669			-108.75912408759125			-209.0182481751825			50.1643795620438			-70.54871189879962			판정불가							1.4389441534685132	0.8447978265718329	판정불가		판정불가	판정불가			판정불가	N	순현금차감PER<=0/불가	231844300.0	-6.18528083198221	2.781800975376547		-9.620080779440233	176.22820037841797	164.58945053100587	N	Y	중립/개선	
LITE	Lumentum Holdings Inc.	0001633978	S&P 500	제외	PEG=판정불가, PEGY=판정불가	1103.35498046875	-92.96	2026	0.0	2043500000.0	694900000.0	2738400000.0	40500000.0	1596900000.0	4643900000.0	2663600000.0	63.54977762572699	36.450222374273004	1.7434674876107523	36.16487935656836	14.758713136729222			-25224.324324324323			-50440.14864864865			4688916.218378378			424868.9629702252			판정불가							4.022788203753351	0.3645960071747995	판정불가		판정불가	판정불가			판정불가	N	순현금차감PER<=0/불가	74600000.0	35.414211708248054	26.65063359408153		-2.6508772982288376	920.3380029296875	764.1943006896972	Y	Y	강한 상승추세	단기위험부채 존재
LYB	LyondellBasell Industries N.V.	0001489393	S&P 500	제외	PEG=판정불가, PEGY=판정불가	60.029998779296875	-2.34	2025	4.57	3443000000.0	0.0	3443000000.0	5772000000.0	226000000.0	10082000000.0					-4.071678321678322	-4.466783216783217			-156.38554216867468			-304.27108433734935			711.9943373493975			1086.064220935733			판정불가							0.6713286713286714	1.1183219806431162	판정불가		판정불가	판정불가			판정불가	N	주당순현금<=0 | 순현금차감PER<=0/불가	572000000.0	2.527753307466374	-20.5005998132612		-27.130370501673916	62.29640014648437	62.43755006790161	N	N	중립/개선	단기위험부채 존재
MRNA	Moderna, Inc.	0001682852	S&P 500	제외	PEG=판정불가, PEGY=판정불가	225.0	-7.26	2025	0.0	2595000000.0	3204000000.0	5799000000.0	590000000.0		8650000000.0	3688000000.0	70.10860755389852	29.891392446101474	2.3454446854663775	13.390745501285346	13.390745501285346			21.76724137931034			52.03448275862068			-377.77034482758614			-267.8979310344827			1년	52.03448275862068	-377.77034482758614	-267.8979310344827				-5.308483290488432	-2.3593259068837478	판정불가		판정불가	1년	21.76724137931034		판정불가	N	FCF<=0 | 순현금차감PER<=0/불가	389000000.0	233.62988116064534	343.9621125594616		0.0	138.25850120544433	72.63127527236938	Y	Y	강한 상승추세	
TAP	MOLSON COORS BEVERAGE CO	0000024545	S&P 500	제외	PEG=판정불가, PEGY=판정불가	37.20000076293945	-10.75	2025	5.06	896500000.0		896500000.0	3865400000.0	7000000.0	10230300000.0	12195700000.0	45.618032640684916	54.38196735931508	0.838844838754643	-14.911602209944752	-14.946760421898544			-300.9345794392524			-593.3691588785048			6378.718457943926			17047.092277209664			판정불가									판정불가		판정불가	판정불가			판정불가	N	주당순현금<=0 | FCF<=0 | 순현금차감PER<=0/불가	199100000.0	-4.271744264898225	-16.68533148564726		-31.592497182294053	39.719400024414064	42.99434999465942	N	N	주의	단기위험부채 존재
MNST	Monster Beverage Corp	0000865752	S&P 500	보류	PEG=판정불가, PEGY=판정불가	43.63999938964844	2.28	2010	0.0	2088117000.0	677084000.0	2765201000.0	373951000.0		8254108000.0					2.429018813531603	2.429018813531603	18.074991480753	18.074991480753													판정불가							1.9969526162297564	4.575968478825049	판정불가		판정불가	판정불가			판정불가	Y		984451000.0	-10.947865649486744	16.110151530314276		-12.667603915190817	45.00840011596679	42.533950080871584	N	Y	중립/개선	
NCLH	Norwegian Cruise Line Holdings Ltd.	0001513761	S&P 500	제외	PEG=판정불가, PEGY=판정불가	15.569999694824219	0.92	2025	0.0	209893000.0	240000000.0	449893000.0	1552480000.0		2209888000.0	20331513000.0	9.803685227905754	90.19631477209424	0.1086927470670776	-2.307911555273571	-2.307911555273571	19.432512228367163	19.432512228367163	-51.322751322751316			-94.14550264550263			-86.61386243386242			-656.2868601895645			판정불가				-2.6410764969354537			-2.4487259618083104	-15.727206228670102	판정불가		판정불가	판정불가			판정불가	N	주당순현금<=0 | FCF<=0	477742311.0	-19.989720311715274	-23.149064566009937		-37.7697865309476	16.308999996185303	19.262800035476683	N	N	주의	
OMC	OMNICOM GROUP INC.	0000029989	S&P 500	제외	PEG=판정불가, PEGY=판정불가	76.4800033569336	-0.27	2025	4.27	5316800000.0	0.0	5316800000.0	9272900000.0	62000000.0	12045800000.0					-19.307467057101025	-19.610053684724257			-103.61930294906168			-198.73860589812335			53.65942359249331			-29.83862285928024			판정불가							13.608589555880917	17.793657111087427	판정불가		판정불가	판정불가			판정불가	N	주당순현금<=0 | 순현금차감PER<=0/불가	204900000.0	-5.287921539401119	0.6315833643863122		-14.009443155436518	81.1893994140625	78.17359985351563	N	N	판정불가	단기위험부채 존재
PSKY	PSKY		S&P 500	판정불가																																																												SEC ticker mapping 없음
PPL	PPL Corp	0000922224	S&P 500	제외	PEG=판정불가, PEGY=판정불가	34.25	1.59	2025	3.36	1071000000.0	0.0	1071000000.0	17990000000.0	456000000.0	13933000000.0					-22.76053746024742	-23.373978271280745	35.855683937262526	36.241495768101096													판정불가							-1.8847161760037021	-5.502820951835627	판정불가		판정불가	판정불가			판정불가	N	주당순현금<=0 | FCF<=0	743348000.0	-5.124649729410091	-13.291139240506332		-13.966343083377241	34.226000175476074	36.09035008430481	Y	N	주의	단기위험부채 존재
Q	Qnity Electronics, Inc.	0002058873	S&P 500	제외	PEG=판정불가, PEGY=판정불가	126.5999984741211	3.3	2025	25.0	915000000.0		915000000.0	4100000000.0		7095000000.0	6704000000.0	51.41676933111094	48.58323066888905	1.0583233890214798	-15.181124880838894	-15.181124880838894	42.963976774230304	42.963976774230304													판정불가									판정불가		판정불가	판정불가			판정불가	N	주당순현금<=0 | FCF<=0	209800000.0	-10.637396689207856	-6.236117265519303		-27.920747600741326	127.55199996948242	126.96255004882812	N	N	주의	
SJM	J M SMUCKER Co	0000091419	S&P 500	제외	PEG=판정불가, PEGY=판정불가	119.83000183105469	-1.3	2026	3.86	101300000.0	18600000.0	119900000.0	6392800000.0	420900000.0	5543800000.0	10675600000.0	34.18005598234213	65.81994401765786	0.519296339315823	-57.86808118081181	-61.75092250922509			88.76404494382022			186.02808988764045			-241.83651685393258			-301.8163341054537			1년	186.02808988764045	-241.83651685393258	-301.8163341054537				10.666051660516604	8.900985978081184	판정불가		판정불가	1년	88.76404494382022		판정불가	N	주당순현금<=0 | 순현금차감PER<=0/불가	108400000.0	10.127749765389638	33.84340831552033		-9.452920396714692	122.05899993896485	109.0802501296997	N	Y	상승전환	단기위험부채 존재
TTWO	TAKE TWO INTERACTIVE SOFTWARE INC	0000946581	S&P 500	제외	PEG=판정불가, PEGY=판정불가	213.44000244140625	-1.62	2026	0.0	1545500000.0	443800000.0	1989300000.0	2488000000.0	30000000.0	3510900000.0	5872300000.0	37.416872708670816	62.58312729132919	0.5978747679784752	-2.9318048206937095	-3.1081716637272194			93.66692728694292			195.83385457388584			-317.2508444096951			-248.63701310947422			1년	195.83385457388584	-317.2508444096951	-248.63701310947422				2.7131099353321577	1.2711347002898217	판정불가		판정불가	1년	93.66692728694292		판정불가	N	주당순현금<=0 | 순현금차감PER<=0/불가	170100000.0	-9.95612196809288	5.999206294417192		-18.62442506846356	222.52139923095703	223.59465003967284	N	N	판정불가	단기위험부채 존재
TKO	TKO Group Holdings, Inc.	0001973266	S&P 500	제외	PEG=판정불가, PEGY=판정불가	178.00999450683594	-0.08	2025	1.74	831100000.0		831100000.0	3724063000.0	38061000.0	3737381000.0	6245742000.0	37.436992412093886	62.56300758790611	0.5983886302059868	-14.911329390520558	-15.107508915779817			-500.0			-991.5			79.32000000000001			-55.44070420329463			판정불가									판정불가		판정불가	판정불가			판정불가	N	주당순현금<=0 | FCF<=0 | 순현금차감PER<=0/불가	194011072.0	-3.548983061553379	-8.932320358535872		-20.870381759344568	187.58019897460937	195.7552996826172	N	N	주의	단기위험부채 존재
VTRS	Viatris Inc	0001792044	S&P 500	제외	PEG=판정불가, PEGY=판정불가	17.639999389648438	-3.0	2025	2.75	1322400000.0	40700000.0	1363100000.0	12480600000.0	0.0	0.0	22481800000.0	0.0	100.0	0.0	-9.211616538238463	-9.211616538238463			-466.03773584905656			-923.5754716981131			2770.7264150943392			15607.066388677236			판정불가							1.6050211285110614	9.098759546743098	판정불가		판정불가	판정불가			판정불가	N	주당순현금<=0 | 순현금차감PER<=0/불가	1206900000.0	8.154506237006842	27.548803231818162		-3.4482816219499335	16.93260009765625	15.461350021362305	Y	Y	강한 상승추세	
V	VISA INC.	0001403161	S&P 500	제외	PEG=판정불가, PEGY=판정불가	385.45001220703125			72.0	17164000000.0	3604000000.0	20768000000.0	19602000000.0	5569000000.0	26437000000.0	61718000000.0	29.98922352674267	70.01077647325732	0.4283515343983927																	판정불가									판정불가		판정불가	판정불가			판정불가	N	주당순현금<=0 | FCF<=0 | 순현금차감PER<=0/불가		8.26639629839132	24.58385660733795		0.0	369.73000366210937	338.1487503051758	Y	Y	강한 상승추세	단기위험부채 존재 | EPS 없음
WYNN	WYNN RESORTS LTD	0001174922	S&P 500	제외	PEG=판정불가, PEGY=판정불가	75.1500015258789	3.14	2025	1.33	1463442000.0	0.0	1463442000.0	10537402000.0	9410000.0	-275492000.0	14139396000.0	-1.9871170487043188	101.9871170487043	-0.01948400058955842	-87.04622852373781	-87.13649837399154	51.65485033427283	51.683598694226255	-27.81609195402298			-47.13218390804596			-147.99505747126432			-296.9328735413269			판정불가				-0.5127513056881232			6.640445881258214	8.836255151600346	판정불가		판정불가	판정불가			판정불가	N	주당순현금<=0	104243000.0	-21.637121657814106	-27.081308649213664		-43.53444767171899	90.42860015869141	101.85279991149902	N	N	주의	단기위험부채 존재
