티커	종목명	CIK	유니버스	종합판정	종합판정사유	현재가	EPS(FY)	EPS기준연도	배당수익률(%)	현금및현금성자산	유가증권성자산	현금성자산합계	장기부채	단기위험부채	주주지분	총부채	주주지분비중	부채비중	주주대부채배수	주당순현금(린치식)	주당순현금(보수형)	순현금차감PER(린치식)	순현금차감PER(보수형)	연간이익증가율(1년,%)	연간이익증가율(3년CAGR,%)	연간이익증가율(5년CAGR,%)	그레이엄적정PER(1년)	그레이엄적정PER(3년)	그레이엄적정PER(5년)	그레이엄내재가치(1년)	그레이엄내재가치(3년)	그레이엄내재가치(5년)	그레이엄괴리율(1년,%)	그레이엄괴리율(3년,%)	그레이엄괴리율(5년,%)	그레이엄사용기준	그레이엄적정PER(선택)	그레이엄내재가치(선택)	그레이엄괴리율(선택,%)	배당감안점수(1년)	배당감안점수(3년)	배당감안점수(5년)	주당잉여현금흐름	잉여현금흐름수익률(%)	배당감안점수기준	배당감안점수	배당감안점수판정	사용연성장률기준	사용연성장률(%)	린치PER배수	린치PER판정	하드필터통과	하드필터사유	발행주식수	3M수익률(보조,%)	6M수익률(보조,%)	12M수익률(보조,%)	52주고점대비(보조,%)	50일이평(보조)	200일이평(보조)	50일선상회(보조)	200일선상회(보조)	추세판정(보조)	비고
BRK-B	BERKSHIRE HATHAWAY INC	0001067983	S&P 500	제외	PEG=매우 유망, PEGY=판정불가	512.3699951171875	3035.0	2013		31583000000.0		31583000000.0			717419000000.0	502473000000.0	58.81004220045709	41.18995779954291	1.4277762188217078	19217.429611745007	19217.429611745007	-6.163116842381489	-6.163116842381489	10.08342401160682	4.546670945333653		28.66684802321364	17.593341890667304		87003.88375045339	53395.79263817527		16880.675016021218	10321.334806298088		3년	17.593341890667304	53395.79263817527	10321.334806298088				15237.402157404884	2973.906025453313	판정불가		판정불가	3년	4.546670945333653	-1.355522956572617	매우 유망	N	순현금차감PER<=0/불가	1643456.0	7.154507109141761	7.942355873127571		-0.2802597162858911	489.80060119628905	490.1318000793457	Y	Y	상승전환	
CVNA	CARVANA CO.	0001690820	S&P 500	제외	PEG=매우 유망, PEGY=판정불가	66.06999969482422	8.45	2025		2327000000.0		2327000000.0	4830000000.0	211000000.0	3441000000.0	8998000000.0	27.662995417638076	72.33700458236193	0.3824183151811514	-11.160306228458557	-12.101107113078916	9.139681174352992	9.2510185571483	431.4465408805031			871.3930817610062			7363.271540880502			11044.651997716483			1년	871.3930817610062	7363.271540880502	11044.651997716483				3.9638482769075742	5.999467678547747	판정불가		판정불가	1년	431.4465408805031	0.021183809135891	매우 유망	N	주당순현금<=0	224277000.0	-18.71708765187643	-30.84861364275725		-30.954124768383416	66.83279975891114	72.38492000579834	N	N	주의	단기위험부채 존재
BXP	BXP, Inc.	0001037540	S&P 500	제외	PEG=매우 유망, PEGY=안심	69.95999908447266	1.74	2025	4.05	1478206000.0		1478206000.0	3300000000.0	750000000.0	5147190000.0	18473924000.0	21.790631889757613	78.20936811024238	0.2786192040196766	-11.467271777376329	-16.188142431814892	46.797282104510906	49.51042615878595	1833.3333333333333	-31.442996126467893	-20.67539892344771	3675.1666666666665	-54.385992252935786	-32.85079784689542	6394.79	-94.63162652010827	-57.16038825359803	9040.637626765347	-235.26533413164577	-181.70438679477422	1년	3675.1666666666665	6394.79	9040.637626765347	39.26260779910172	-0.5853544243294294	-0.35526419859851527			1년	39.26260779910172	안심	1년	1833.3333333333333	0.0255257902388241	매우 유망	N	주당순현금<=0 | FCF<=0	158869000.0	18.25557685077137	7.26770588017851		-11.364501692666185	65.07100021362305	63.907700080871585	Y	Y	강한 상승추세	단기위험부채 존재
EQT	EQT Corp	0000033213	S&P 500	제외	PEG=매우 유망, PEGY=안심	51.65999984741211	3.31	2025	1.27	110795000.0		110795000.0	7293209000.0	53650000.0	23752677000.0	14432726000.0	62.20355196984565	37.79644803015435	1.6457512600183777	-11.665122125911742	-11.75225631255918	19.13145678952382	19.15778131721187	635.5555555555555	-8.914070517873663		1279.611111111111	-9.328141035747326		4235.512777777778	-30.876146828323648		8098.824603732466	-159.7679963598962		1년	1279.611111111111	4235.512777777778	8098.824603732466	33.28683030056939	-0.3995550679684505		4.608492213143376	8.920813447068248	1년	33.28683030056939	안심	1년	635.5555555555555	0.030101942500999	매우 유망	N	주당순현금<=0	615717000.0	-13.059573478056441	-5.054217988811105		-23.951126725556648	52.82559997558594	56.39915008544922	N	N	주의	단기위험부채 존재
AIG	AMERICAN INTERNATIONAL GROUP, INC.	0000005272	S&P 500	제외	PEG=매우 유망, PEGY=안심	80.83000183105469	5.43	2025	2.53	1345000000.0	13230000000.0	14575000000.0	9191000000.0	250000000.0	41139000000.0	120092000000.0	25.51556462466895	74.48443537533105	0.3425623688505479	9.439817854436424	9.001490502354494	13.147363531605574	13.228086800865597	350.2304147465438	-25.267844119025785		708.9608294930875	-42.03568823805157		3849.6573041474653	-228.25378713262		4662.658934727917	-382.3874575800461		1년	708.9608294930875	3849.6573041474653	4662.658934727917	26.83126650438517	-1.729460364001132				1년	26.83126650438517	안심	1년	350.2304147465438	0.0375391827152422	매우 유망	N	FCF<=0	570349988.0	8.994063969219045	9.421955903196032		-6.652032279062981	76.85860000610352	77.57034999847411	Y	Y	상승전환	단기위험부채 존재
BKNG	Booking Holdings Inc.	0001075531	S&P 500	매우 유망	PEG=매우 유망, PEGY=안심	199.30999755859375	165.57	2025	86.0	17203000000.0	0.0	17203000000.0	16856000000.0	1880000000.0	-5578000000.0	34842000000.0	-19.060962274466924	119.06096227446692	-0.1600941392572183	10.631453169521125	-46.96835074604002	1.1395696345296407	1.4874575605763953	-4.1229949620707655	29.43673092572357	158.29965811243966	0.2540100758584689	67.37346185144713	325.0993162248793	42.05644825988669	11155.024078744102	53826.693787353266	-78.89897708341358	5496.821140627788	26906.51971636753	3년	67.37346185144713	11155.024078744102	5496.821140627788	71.84905823830951	101.2985318561689	214.37887664782747	278.4092649897362	139.6865528072111	3년	101.2985318561689	안심	3년	29.436730925723566	0.0387125064058596	매우 유망	Y		32639000.0	14.955584234356966	-3.31159407684527		-12.902231838717249	172.44980041503905	185.6196142578125	Y	Y	상승전환	단기위험부채 존재
EXE	EXPAND ENERGY Corp	0000895126	S&P 500	제외	PEG=매우 유망, PEGY=안심	88.5199966430664	7.57	2025	3.52	616000000.0	0.0	616000000.0	5009000000.0	0.0	18578000000.0	9709000000.0	65.67681267013116	34.323187329868844	1.9134823359769286	-18.27599118026376	-18.27599118026376	14.107792314838859	14.107792314838859	266.3736263736264	-39.005602482843		541.2472527472528	-69.51120496568599		4097.241703296704	-526.199821590243		4528.60580510159	-694.4417550217555		1년	541.2472527472528	4097.241703296704	4528.60580510159	19.13081936212988	-2.515319313675927		7.650705162873903	8.642911718267861	1년	19.13081936212988	안심	1년	266.3736263736264	0.0529624216439907	매우 유망	N	주당순현금<=0	240370000.0	-8.70462306219003	-18.65466192674814		-27.968103928135555	90.69919982910156	102.71727489471435	N	N	주의	
SOLV	Solventum Corp	0001964738	S&P 500	제외	PEG=매우 유망, PEGY=판정불가	86.16999816894531	8.88	2025		878000000.0		878000000.0	5035000000.0	0.0	5049000000.0	9245000000.0	35.322512942493354	64.67748705750664	0.5461330448891293	-23.713633770678836	-23.713633770678836	12.3742828760838	12.3742828760838	221.73913043478265			451.9782608695653			4013.5669565217404			4557.731277483285			1년	451.9782608695653	4013.5669565217404	4557.731277483285				-0.05704506560182544	-0.06620061136589862	판정불가		판정불가	1년	221.73913043478265	0.0558055894411622	매우 유망	N	주당순현금<=0 | FCF<=0	175300000.0	27.640342826623332	11.029503274416964		0.0	77.65519943237305	75.025149974823	Y	Y	강한 상승추세	
CMCSA	COMCAST CORP	0001166691	S&P 500	매우 유망	PEG=매우 유망, PEGY=안심	24.190000534057617	5.39	2025	5.79	9481000000.0	14000000.0	9495000000.0		2781000000.0	96903000000.0					2.559989215421947	1.8101914262604475	4.01298911291942	4.152098164711905	30.193236714975846	64.538600212299	49.1602769351271	68.88647342995169	137.577200424598	106.8205538702542	371.2980917874396	741.5411102885832	575.7627853606701	1434.9238676728473	2965.4861261559367	2280.168551670933	3년	137.577200424598	741.5411102885832	2965.4861261559367	8.966691835552554	17.525240720410395	13.693103915537709	5.9026691830682125	24.40127760542096	3년	17.525240720410395	안심	3년	64.538600212299	0.0621796738652331	매우 유망	Y		3709000000.0	-12.481906410182098	-15.714286094046503		-25.52339632086067	23.821999893188476	27.03646544456482	Y	N	주의	단기위험부채 존재
PGR	PROGRESSIVE CORP/OH/	0000080661	S&P 500	매우 유망	PEG=매우 유망, PEGY=안심	219.52000427246094	19.23	2025	6.44	138000000.0	10005000000.0	10143000000.0	2707900000.0	0.0	30323000000.0	92716000000.0	24.645031250253986	75.35496874974602	0.3270525044221062	12.642577792892364	12.642577792892364	10.758056499197535	10.758056499197535	33.541666666666664	153.53179173781882	14.762613935523516	75.58333333333333	315.56358347563764	38.025227871047036	1453.4675	6068.287710236512	731.2251319602345	562.1116398102855	2664.343837523233	233.10182112271747	3년	315.56358347563764	6068.287710236512	2664.343837523233	3.716439551107486	14.869952741905701	1.9708591358583274	29.246726747151843	13.32303488426129	3년	14.8699527419057	안심	3년	153.53179173781882	0.0700705461548231	매우 유망	Y		588100000.0	8.121955175249473	5.497886553602904		-13.12331382163231	209.90819946289062	211.25355003356933	Y	Y	상승전환	
T	AT&T INC.	0000732717	S&P 500	제외	PEG=매우 유망, PEGY=안심	24.65999984741211	3.04	2025	4.55	18234000000.0	1890000000.0	20124000000.0	61300000000.0	0.0	126491000000.0	279032000000.0	31.19206555485139	68.80793444514862	0.4533207660770091	-5.73561777406324	-5.73561777406324	9.99855842811689	9.99855842811689	104.02684563758389			216.55369127516778			658.3232214765101			2569.599454785059			1년	216.55369127516778	658.3232214765101	2569.599454785059	10.859250002705945			2.7353391837303245	11.09221087046105	1년	10.859250002705943	안심	1년	104.02684563758389	0.0961151745670591	매우 유망	N	주당순현금<=0	7179000000.0	-5.372216604838853	7.217390640922217		-16.745445142768133	22.90299995422363	25.23089994430542	Y	N	판정불가	
MOS	MOSAIC CO	0001285785	S&P 500	제외	PEG=매우 유망, PEGY=불리(<1)	23.079999923706055	1.7	2025	3.94	276600000.0		276600000.0	3834100000.0	759900000.0	12084900000.0					-11.155534650360615	-13.538413295703982	20.138549749450984	21.5402430702412	209.09090909090904	-44.713769482781785	-0.5780734258513109	426.6818181818181	-80.92753896556357	7.343853148297378	725.3590909090907	-137.57681624145806	12.484550352105542	3042.803697170102	-696.0867274533629	-45.907493962847276	1년	426.6818181818181	725.3590909090907	3042.803697170102	10.578264658641404	-2.0246626490019897	0.16693985495357438	-1.6763875823142051	-7.263377763672975	5년	0.1669398549535743	불리(<1)	1년	209.09090909090904	0.0963148031495482	매우 유망	N	주당순현금<=0 | FCF<=0	318900000.0	-0.47434500999692375	-18.846696588253675		-37.65532242486556	22.114599990844727	25.194149990081787	Y	N	주의	단기위험부채 존재
GPN	GLOBAL PAYMENTS INC	0001123360	S&P 500	제외	PEG=매우 유망, PEGY=안심	87.45999908447266	5.78	2025	1.19	8336402000.0		8336402000.0	9090364000.0	35137000.0	22888767000.0	29559003000.0	43.641068056849704	56.3589319431503	0.7743416447435659	-3.1154424647119106	-3.2606318799378533	15.670491617505979	15.695610893496626	-6.168831168831167	143.56933796914083	56.79044787371208	-3.8376623376623336	295.63867593828166	122.08089574742417	-22.18168831168829	1708.791546923268	705.6275774201117	-125.36209529371737	1853.797810211321	706.8003485097067	3년	295.63867593828166	1708.791546923268	1853.7978102113207	-0.31772016413761806	9.237702396485494	3.6999763178418967	10.570125780965919	12.085668753274092	3년	9.237702396485494	안심	3년	143.56933796914083	0.1091492921759814	매우 유망	N	주당순현금<=0	242008000.0	28.826041936609826	18.57374803614984		-2.833021876722519	72.65619987487793	74.44305011749267	Y	Y	상승전환	단기위험부채 존재
APA	APA Corp	0001841666	S&P 500	제외	PEG=매우 유망, PEGY=안심	34.93000030517578	3.99	2025	2.88	516000000.0		516000000.0			6093000000.0					1.4373259052924792	1.4373259052924792	8.394153984933157	8.394153984933157	75.77092511013217	-28.726114714581406		160.04185022026434	-48.95222942916281		638.5669823788547	-195.31939542235963		1728.1333432574709	-659.1737581331141		1년	160.04185022026434	638.5669823788547	1728.1333432574709	9.369726270366778	-3.079061303970971				1년	9.369726270366778	안심	1년	75.77092511013217	0.1107833113127806	매우 유망	N	FCF<=0	359000000.0	-9.624841070736622	35.23035388443032		-21.31110433553799	35.650200004577634	31.13425006866455	N	Y	중립/개선	
AIZ	ASSURANT, INC.	0001267238	S&P 500	매우 유망	PEG=매우 유망, PEGY=안심	283.0799865722656	16.93	2025	1.27	1834100000.0	402500000.0	2236600000.0	2006900000.0	0.0	5871600000.0	30418000000.0	16.17984215863498	83.82015784136502	0.19303044250115065	4.496282384855581	4.496282384855581	16.455032734046664	16.455032734046664	17.08160442600276	137.11065981498948	49.9928022766621	42.66320885200552	282.72131962997895	108.4856045533242	722.2881258644534	4786.471941335543	1836.6612850877787	155.15337011649365	1590.8549414932363	548.8135411222049	3년	282.72131962997895	4786.471941335543	1590.8549414932363	1.1152578498389705	8.409625313516988	3.1153266666310313	31.288018127789123	11.052712876896301	3년	8.409625313516988	안심	3년	137.11065981498948	0.1200127893502248	매우 유망	Y		51086649.0	20.254882715395574	19.417837134748982		0.0	264.73259979248047	236.2888996887207	Y	Y	강한 상승추세	
DASH	DoorDash, Inc.	0001792789	S&P 500	보류	PEG=매우 유망, PEGY=판정불가	195.52000427246094	2.13	2025		4378000000.0	1128000000.0	5506000000.0			10033000000.0	9613000000.0	51.0689198819098	48.9310801180902	1.0436908353271612	12.52257292704339	12.52257292704339	85.91428701662795	85.91428701662795	634.4827586206897			1277.4655172413793			2721.0015517241377			1291.6742493174095			1년	1277.4655172413793	2721.0015517241377	1291.6742493174095				4.944437621393449	2.5288653402969854	판정불가		판정불가	1년	634.4827586206897	0.1354083871457723	매우 유망	Y		439686000.0	13.694250674298814	-5.709874760339662		-30.60267940315786	172.4786004638672	192.18335006713866	Y	Y	상승전환	
EIX	EDISON INTERNATIONAL	0000827052	S&P 500	제외	PEG=매우 유망, PEGY=안심	79.79000091552734	11.55	2025	4.46	158000000.0	10000000.0	168000000.0	36070000000.0	2390000000.0	17579000000.0	74767000000.0	19.03601671972798	80.96398328027202	0.2351170971150374	-93.01036269430051	-99.20207253886011	14.961070442409337	15.497149216830081	248.9425981873112	93.26535131289802	52.72616154177432	506.3851963746224	195.03070262579604	113.95232308354863	5848.7490181268895	2252.6046153279444	1316.1493316149867	7230.1779057740405	2723.16654904259	1549.5166267868292	3년	195.03070262579604	2252.6046153279444	2723.16654904259	16.93746441223915	6.531975882947603	3.822330879458451	-1.8523316062176165	-2.321508440861727	3년	6.531975882947603	안심	3년	93.26535131289802	0.1604140254853713	매우 유망	N	주당순현금<=0 | FCF<=0	386000000.0	17.441857592426402	27.399009348170388		-0.7340089052634724	73.74219955444336	66.7095998954773	Y	Y	강한 상승추세	단기위험부채 존재
PSX	Phillips 66	0001534701	S&P 500	제외	PEG=매우 유망, PEGY=안심	205.85000610351562	10.79	2025	2.44	1116000000.0		1116000000.0	1100000000.0	0.0	29093000000.0	43439000000.0	40.110571885512606	59.889428114487394	0.6697437786321048	0.03921059274162915	0.03921059274162915	19.074216451415573	19.074216451415573	116.2324649298597	-22.599870532058443		240.9649298597194	-36.699741064116886		2600.011593186372	-395.99020608182116		1163.0612174375678	-292.3683237020114		1년	240.9649298597194	2600.011593186372	1163.0612174375678	6.221616769010323	-1.0569173618957384				1년	6.221616769010323	안심	1년	116.2324649298597	0.1641040346423512	매우 유망	N	FCF<=0	408053000.0	24.65935930275107	47.02522261256503		-3.0244490694525394	183.92960083007813	158.9169501876831	Y	Y	강한 상승추세	
MCHP	MICROCHIP TECHNOLOGY INC	0000827054	S&P 500	제외	PEG=매우 유망, PEGY=안심	75.70999908447266	0.22	2026	2.34	240300000.0	0.0	240300000.0	5496400000.0	0.0	6432400000.0					-9.64068231841526	-9.64068231841526	387.9576427403996	387.9576427403996	2300.0	-62.033647476478926	-29.795234328396646	4608.5	-115.56729495295785	-51.09046865679329	1013.87	-25.424804889650726	-11.239903104494525	1239.1494020080293	-133.5818322508276	-114.84599556255934	1년	4608.5	1013.87	1239.1494020080293	5.934513839544598	-0.1538664042157373	-0.07076863890207781	1.5975788701393985	2.1101292952822734	1년	5.934513839544598	안심	1년	2300.0	0.1686772359740868	매우 유망	N	주당순현금<=0	545200000.0	-10.147166905994476	0.7317660930883596		-26.438009685743367	90.04279998779298	75.29440000534058	N	Y	중립/개선	
TTD	Trade Desk, Inc.	0001671933	S&P 500	보류	PEG=매우 유망, PEGY=판정불가	18.90999984741211	0.9	2025		658175000.0	644882000.0	1303057000.0			2484391000.0	3668829000.0	40.37546195325375	59.62453804674625	0.6771618410124866	2.6401668723191727	2.6401668723191727	18.077592194547705	18.077592194547705	15.384615384615383	101.50381586419562	-28.890526663955164	39.26923076923077	211.50763172839123	-49.28105332791033	35.34230769230769	190.35686855555213	-44.352947995119294	86.89745096504797	906.6465895905496	-334.54758515605766	3년	211.50763172839123	190.35686855555213	906.6465895905496				1.6122143405646023	8.525723710067817	판정불가		판정불가	3년	101.50381586419562	0.1780976610646258	매우 유망	Y		493551000.0	-18.596641325668905	-41.25504611944305		-78.93271011879874	19.526200141906738	29.792175073623657	N	N	주의	
PODD	INSULET CORP	0001145197	S&P 500	제외	PEG=매우 유망, PEGY=판정불가	167.47000122070312	3.48	2025		907200000.0	0.0	907200000.0	1374300000.0	18400000.0	1515200000.0	1675200000.0	47.492477432296894	52.50752256770311	0.9044890162368673	-6.49778816459394	-6.753748991458698	49.99074407623479	50.06429603797754	-39.7923875432526	267.70008870907657	103.38356182130251	-71.0847750865052	543.9001774181531	215.26712364260501	-247.3750173010381	1892.7726174151728	749.1295902762654	-247.71303248217623	1030.215921429863	347.32166048593535	3년	543.9001774181531	1892.7726174151728	1030.215921429863				5.2541524079793005	3.1373693017742497	판정불가		판정불가	3년	267.70008870907657	0.1867416044473646	매우 유망	N	주당순현금<=0	71886000.0	-8.421279765778788	-36.78230383692501		-52.53387060138881	154.3827996826172	234.38705085754395	Y	N	주의	단기위험부채 존재
ACGL	ARCH CAPITAL GROUP LTD.	0000947484	S&P 500	제외	PEG=매우 유망, PEGY=안심	106.4800033569336	11.6	2025	4.6957173575956865	993000000.0		993000000.0			24206000000.0	55035000000.0	30.54731767645537	69.45268232354464	0.4398291996002544	2.641660015961692	2.641660015961692	8.951581322497578	8.951581322497578	3.663985701519215	45.06349306453876	17.271170538952106	15.827971403038429	98.62698612907752	43.04234107790421	183.60446827524578	1144.0730390972992	499.29115650368885	72.43093772243962	974.4487256092872	368.90603001767926	3년	98.62698612907752	1144.0730390972992	974.4487256092873	0.9338800328054734	5.558706180446244	2.453967305345199			3년	5.558706180446244	안심	3년	45.06349306453876	0.1986437515990461	매우 유망	N	FCF<=0	375900000.0	9.705343123106026	13.931098223843307		0.0	96.10019989013672	94.62324985504151	Y	Y	강한 상승추세	
UAL	United Airlines Holdings, Inc.	0000100517	S&P 500	제외	PEG=매우 유망, PEGY=안심	123.7699966430664	10.2	2025	1.7370930421855537	5942000000.0	6298000000.0	12240000000.0	17170000000.0	4096000000.0	15282000000.0					-15.007610350076103	-27.476407914764078	13.605647744425738	14.828078878218676	7.936507936507938	65.99631084110487		24.373015873015873	140.49262168220974		248.6047619047619	1433.0247411585392		100.86028007393399	1057.812700998257		3년	140.49262168220974	1433.0247411585392	1057.812700998257	0.7109989292980766	4.978329966762585				3년	4.978329966762585	안심	3년	65.99631084110487	0.2061577014082377	매우 유망	N	주당순현금<=0 | FCF<=0	328500000.0	36.898563908518156	18.963855780391945		-9.066199332855385	116.51520034790039	105.21949993133545	Y	Y	강한 상승추세	단기위험부채 존재
FCX	FREEPORT-MCMORAN INC	0000831259	S&P 500	제외	PEG=매우 유망, PEGY=안심	61.63999938964844	2.9	2021	96.0	3824000000.0		3824000000.0	8913000000.0	466000000.0	18899000000.0	27401000000.0	40.81857451403887	59.18142548596113	0.6897193533082734	-3.5266805266805266	-3.8496188496188495	22.471268936665158	22.582626979057686	607.3170731707318	106.36118797315696		1223.1341463414635	221.22237594631395		3547.089024390244	641.5448902443104		5654.5247558615765	940.7931482751584		3년	221.22237594631395	641.5448902443104	940.7931482751584	31.298502774944197	9.00532980774286				3년	9.00532980774286	안심	3년	106.36118797315697	0.2112732037398489	매우 유망	N	주당순현금<=0 | FCF<=0	1443000000.0	5.892458957434887	-1.9564173105346305		-14.054659313286422	63.51300025939941	56.80584999084473	N	Y	상승전환	단기위험부채 존재
EOG	EOG RESOURCES INC	0000821189	S&P 500	제외	PEG=매우 유망, PEGY=안심	139.63999938964844	9.12	2025	2.91	3396000000.0		3396000000.0	7909000000.0	27000000.0	29833000000.0					-8.265567765567766	-8.315018315018316	16.217715696843882	16.22313790621346	-18.93333333333334	-11.640253534777134	73.5055490536587	-29.36666666666668	-14.780507069554268	155.5110981073174	-267.8240000000001	-134.79822447433492	1418.2612147387345	-291.79604781626347	-196.53267334826955	915.6554145930988	5년	155.5110981073174	1418.2612147387345	915.6554145930988	-0.9880141958865162	-0.5383158576689147	4.711856495827576			5년	4.711856495827576	안심	5년	73.5055490536587	0.2206325359872494	매우 유망	N	주당순현금<=0 | FCF<=0	546000000.0	2.842834471243294	28.59379694160966		-6.838348149801831	137.09519927978516	123.40884971618652	Y	Y	강한 상승추세	단기위험부채 존재
GEV	GE Vernova Inc.	0001996810	S&P 500	제외	PEG=매우 유망, PEGY=안심	943.3800048828125	17.69	2025	20.0	8848000000.0		8848000000.0		63000000.0	11178000000.0	50720000000.0	18.058741801027498	81.9412581989725	0.22038643533123028	32.05797101449275	31.829710144927535	51.51622576983153	51.52912915420492	217.02508960573476			442.5501792114695			7828.712670250897			729.8578123058043			1년	442.5501792114695	7828.712670250897	729.8578123058043	4.60097932377141					1년	4.60097932377141	안심	1년	217.02508960573476	0.2373745167594219	매우 유망	N	FCF<=0	276000000.0	-13.366335912220318	36.18882463666813		-19.70277167959571	1028.8317944335938	831.5697485351562	N	Y	중립/개선	단기위험부채 존재
DAL	DELTA AIR LINES, INC.	0000027904	S&P 500	제외	PEG=매우 유망, PEGY=안심	89.37000274658203	7.66	2025	90.0	4310000000.0	0.0	4310000000.0	11936000000.0	1372000000.0	20853000000.0					-11.660550458715596	-13.758409785932722	13.189367259177235	13.463239234009759	43.71482176360225	54.92464741024845		95.9296435272045	118.34929482049691		734.8210694183865	906.5555983250064		722.2233935720561	914.3846598009396		3년	118.34929482049691	906.5555983250064	914.3846598009395	10.138077068902811	10.987990899215356				3년	10.987990899215356	안심	3년	54.924647410248454	0.2401356746209392	매우 유망	N	주당순현금<=0 | FCF<=0	654000000.0	32.95150420059336	35.122472892809434		-4.580397979701212	83.65539993286133	70.49054990768433	Y	Y	강한 상승추세	단기위험부채 존재
POOL	POOL CORP	0000945841	S&P 500	제외	PEG=매우 유망, PEGY=안심	192.16000366210938	10.85	2025	2.82	16358000.0		16358000.0	1186424000.0	13029000.0	1185229000.0	2440897000.0	32.68581952199124	67.31418047800877	0.48557108308953634	-31.379156833297575	-31.72857219480798	20.602687603263313	20.63489178404768	-3.982300884955761	81.32295304049583	49.55892924246974	0.5353982300884779	171.14590608099167	107.61785848493948	5.809070796459984	1856.9330809787596	1167.6537645615933	-96.97696154987874	866.3473384627721	507.6466186037206	3년	171.14590608099167	1856.9330809787596	866.3473384627721	-0.056415012805011974	4.084076537042099	2.5423347793796234	8.300686547951084	4.319674432639406	3년	4.084076537042099	안심	3년	81.32295304049583	0.2533440662564717	매우 유망	N	주당순현금<=0	37288000.0	-11.152207903330336	-27.338724241488833		-42.401532739483685	195.08340057373047	227.04850021362304	N	N	주의	단기위험부채 존재
PRU	PRUDENTIAL FINANCIAL INC	0001137774	S&P 500	제외	PEG=매우 유망, PEGY=안심	123.93000030517578	9.99	2025	4.59	19712000000.0	7800000000.0	27512000000.0	18856000000.0		32438000000.0	738159000000.0	4.209463571750215	95.79053642824978	0.043944461830039326	24.47271699180096	24.47271699180096	9.955684015352833	9.955684015352833	33.2		37.53520846738611	74.9		83.57041693477223	748.2510000000001		834.8684651783745	503.7690616940556		573.6613113229431	5년	83.57041693477223	834.8684651783745	573.6613113229431	3.7958215569842704		4.23127214588411			5년	4.23127214588411	안심	5년	37.53520846738611	0.2652358791080967	매우 유망	N	FCF<=0	353700000.0	27.881535055220397	15.369579610552853		0.0	109.3702001953125	105.42550010681153	Y	Y	강한 상승추세	
UHS	UNIVERSAL HEALTH SERVICES INC	0000352915	S&P 500	제외	PEG=매우 유망, PEGY=안심	166.22000122070312	23.1	2025	50.0	137797000.0		137797000.0	4004393000.0	748158000.0	7275792000.0					-59.98256337066799	-71.58874996121746	9.79231881347927	10.294751133416474	37.336504161712256	36.21405696848752	45.03135209620262	83.17300832342451	80.92811393697504	98.56270419240523	1921.2964922711064	1869.4394319441235	2276.798466844561	1055.875633594812	1024.6777873993185	1269.750000074588	3년	80.92811393697504	1869.4394319441235	1024.6777873993183	8.91887874825851	8.804253477716902	9.704683222260961	13.174350780304676	7.925851692668486	3년	8.804253477716902	안심	3년	36.21405696848752	0.270401044047627	매우 유망	N	주당순현금<=0	64462000.0	2.264063053141685	-17.97275872416222		-31.927264228643125	151.33160034179687	192.22440032958986	Y	N	중립/개선	단기위험부채 존재
EG	EVEREST GROUP, LTD.	0001095073	S&P 500	제외	PEG=매우 유망, PEGY=안심	398.70001220703125	37.8	2025	2.05	656095000.0	331000000.0	987095000.0		50000000.0	15461000000.0	47054000000.0	24.73166440054387	75.26833559945612	0.32857992944276787	23.728245192307693	22.526322115384616	9.91988801626253	9.951684923059435	18.942731277533024	35.51207914489844	88.45989078523058	46.38546255506605	79.52415828979689	185.41978157046117	1753.3704845814966	3006.013183354322	7008.867743363432	339.7718662900445	653.953622101572	1657.930155197479	3년	79.52415828979689	3006.013183354322	653.953622101572	2.116226639163449	3.7865426588807938	9.124083924823536			3년	3.7865426588807938	안심	3년	35.51207914489844	0.2793384182262837	매우 유망	N	FCF<=0	41600000.0	14.875962714514213	23.078350682900762		0.0	354.2003997802734	337.15514938354494	Y	Y	강한 상승추세	단기위험부채 존재
PYPL	PayPal Holdings, Inc.	0001633917	S&P 500	매우 유망	PEG=매우 유망, PEGY=안심	58.31999969482422	5.41	2025	100.0	8049000000.0	2373000000.0	10422000000.0	9987000000.0		20256000000.0	59917000000.0	25.26536365110449	74.7346363488955	0.3380676602633643	0.4493801652892562	0.4493801652892562	10.696972186605354	10.696972186605354	35.58897243107769	37.30414865193261	32.59424256515169	79.67794486215539	83.10829730386523	73.68848513030338	431.05768170426063	449.6158884139109	398.6547045549413	639.1249724963839	670.9463147576344	583.564311798721	3년	83.10829730386523	449.6158884139109	670.9463147576344	12.675453396135863	12.835795611758584	12.395492878927453	5.74793388429752	9.855853762646088	3년	12.835795611758584	안심	3년	37.304148651932614	0.2867502026762156	매우 유망	Y		968000000.0	17.485899298753505	5.062153590808105		-23.39419177871328	46.234000015258786	52.33792510986328	Y	Y	상승전환	
DIS	Walt Disney Co	0001744489	S&P 500	제외	PEG=매우 유망, PEGY=안심	98.88999938964844	6.85	2025	1.55	5695000000.0		5695000000.0	35315000000.0	6711000000.0	109869000000.0					-16.35560463832137	-20.06129210381005	16.824175770506542	17.365152042840656	151.8382352941176	58.50904212609996		312.1764705882352	125.51808425219991		2138.408823529411	859.7988771275693		2062.411605549322	769.4497749360598		3년	125.51808425219991	859.7988771275693	769.4497749360598	9.117132237943766	3.569805911763349		5.564329099944782	5.6267864640387915	3년	3.569805911763349	안심	3년	58.509042126099956	0.2875483029485718	매우 유망	N	주당순현금<=0	1811000000.0	-2.542625209438043	-10.595788044509147		-17.529817054874375	99.51320053100586	104.89030014038086	N	N	주의	단기위험부채 존재
IBM	INTERNATIONAL BUSINESS MACHINES CORP	0000051143	S&P 500	제외	PEG=매우 유망, PEGY=안심	227.5500030517578	11.17	2025	3.13	13587000000.0	608000000.0	14195000000.0	54836000000.0	6424000000.0	32648000000.0	119139000000.0	21.509088393604195	78.49091160639581	0.2740328523825112	-42.839739881982034	-49.61128804767315	24.20678092513338	24.813007260468304	73.71695178849146	83.76390990316042	12.386209881346621	155.9339035769829	176.02781980632085	33.27241976269325	1741.7817029548992	1966.230747236604	371.65292874928355	665.4500899122023	764.0873306379923	63.3280262645167	3년	176.02781980632085	1966.230747236604	764.0873306379923	3.174604340253392	3.589651601008226	0.640986091018673	12.756736597321586	5.606124555586131	3년	3.589651601008226	안심	3년	83.76390990316042	0.2889881925654959	매우 유망	N	주당순현금<=0	948675228.0	-2.3558146208982444	-22.56516218786101		-30.88418568828246	260.288798828125	271.34774993896485	N	N	주의	단기위험부채 존재
INCY	INCYTE CORP	0000879169	S&P 500	보류	PEG=매우 유망, PEGY=판정불가	129.92999267578125	6.41	2025		3097817000.0	284870000.0	3382687000.0	316153000.0	689118000.0	5167478000.0	1790495000.0	74.26700276071782	25.732997239282184	2.8860611171770936	15.279192825112107	11.845620328849028	17.88624022631344	18.42189896207991	4173.333333333333	61.56160063417288	56.62815181550294	8355.166666666666	131.62320126834578	121.75630363100588	53556.61833333333	843.7047201300965	780.4579062747476	41119.596207455346	549.3533192412483	500.67571020514936	3년	131.62320126834578	843.7047201300965	549.3533192412483				6.800189337319382	5.233733333833187	판정불가		판정불가	3년	61.56160063417288	0.2905421568324975	매우 유망	Y		200700000.0	32.934310942873445	25.572621187699184		0.0	107.46320007324219	100.6763000869751	Y	Y	강한 상승추세	단기위험부채 존재
NOC	NORTHROP GRUMMAN CORP /DE/	0001133421	S&P 500	제외	PEG=매우 유망, PEGY=안심	549.219970703125	29.08	2025	1.72	4403000000.0	250000000.0	4653000000.0	15162000000.0	534000000.0	16674000000.0	34703000000.0	32.45421102828114	67.54578897171886	0.4804771921735873	-73.08066759388039	-76.7941585535466	21.39960929494517	21.527308433860785	2.6111503175723305	-2.5984458859345416	71.32693092917182	13.722300635144661	3.3031082281309168	151.15386185834365	399.0445024700067	96.05438727404706	4395.554302840633	-27.34340997121062	-82.51076209936869	700.3267428919846	5년	151.15386185834365	4395.554302840633	700.3267428919846	0.20239389691079068	-0.041049622627551456	3.4134703079100768	22.99721835883171	4.187250935065253	5년	3.4134703079100768	안심	5년	71.32693092917182	0.3000214507504204	매우 유망	N	주당순현금<=0	143800000.0	-4.949644570726342	-19.082420572644555		-28.488847069594158	536.2383996582031	607.6795495605469	Y	N	주의	단기위험부채 존재
CPB	CAMPBELL'S Co	0000016732	S&P 500	제외	PEG=매우 유망, PEGY=안심	22.809999465942383	2.01	2025	6.97	132000000.0		132000000.0	2244000000.0	332000000.0	3902000000.0	10992000000.0	26.19846918222103	73.80153081777897	0.3549854439592431	-7.04	-8.146666666666667	14.850746002956411	15.401326434133859	6.3492063492063435	-7.137412911717755	48.32269407146974	21.19841269841269	-5.77482582343551	105.14538814293948	42.6088095238095	-11.607399905105373	211.34223016730834	86.79881859457615	-150.88733089378798	826.5332534657157	5년	105.14538814293948	211.34223016730834	826.5332534657157	0.8968711973496027	-0.011273030437960994	3.723226702581968	2.35	10.302499145205092	5년	3.723226702581968	안심	5년	48.32269407146974	0.3073244629323028	매우 유망	N	주당순현금<=0	300000000.0	11.051599071249395	-16.660581781037077		-32.970907187280005	21.72199977874756	25.169099922180177	Y	N	중립/개선	단기위험부채 존재
DHI	HORTON D R INC /DE/	0000882184	S&P 500	매우 유망	PEG=매우 유망, PEGY=안심	151.16000366210938	11.57	2025	1.22	2985400000.0		2985400000.0			24190400000.0	10729000000.0	69.27495890536493	30.725041094635074	2.254674247366949	9.633430138754436	9.633430138754436	12.232201687411834	12.232201687411834	-19.316596931659692	-11.176320062438394	38.872760394269434	-30.133193863319384	-13.852640124876789	86.24552078853887	-348.6410529986053	-160.27504624482447	997.8606755233948	-330.6437182800874	-206.03006242517043	560.135387237705	5년	86.24552078853887	997.8606755233948	560.135387237705	-1.479422706893634	-0.813943418925511	3.277640560450284	10.595353339787028	7.009362981672723	5년	3.277640560450284	안심	5년	38.872760394269434	0.3146728342249419	매우 유망	Y		309900000.0	-3.3565628010223114	1.7295964651446782		-17.865676387470774	150.35619995117187	150.26334999084472	Y	Y	강한 상승추세	
AWK	American Water Works Company, Inc.	0001410636	S&P 500	제외	PEG=매우 유망, PEGY=안심	138.0399932861328	5.69	2025	2.66	98000000.0		98000000.0	5212881000.0	1588000000.0	10837000000.0					-26.230158974358975	-34.373748717948715	28.869974035235813	30.301184886481817	366.3934426229509	91.51777276233976	48.04865146769342	741.2868852459018	191.5355455246795	104.59730293538684	4217.922377049182	1089.8372540354264	595.1586537023511	2955.579963921155	689.5083360199707	331.14943686551123	3년	191.5355455246795	1089.8372540354264	689.5083360199707	12.783296658754216	3.2621356932083048	1.756449500294094	-5.471794871794872	-3.9639199782144265	3년	3.2621356932083048	안심	3년	91.51777276233975	0.3154575681185723	매우 유망	N	주당순현금<=0 | FCF<=0	195000000.0	4.047633369489612	5.753462481474481		-6.095242662494682	128.4879998779297	131.39965015411377	Y	Y	상승전환	단기위험부채 존재
NVR	NVR INC	0000906163	S&P 500	매우 유망	PEG=매우 유망, PEGY=안심	6471.3701171875	436.55	2025	0.012686648810573858	2809782000.0		2809782000.0	600115000.0		3864869000.0	1992061000.0	65.98796639194937	34.012033608050636	1.9401358693333186	719.9716008227812	719.9716008227812	13.174661588282484	13.174661588282484	-13.842783556020443	-3.895748108815445	41.51016978111202	-19.185567112040886	0.7085037823691112	91.52033956222404	-8375.45932276145	309.2973261932355	39953.2042358889	-229.4232777772488	-95.2205279470608	517.384008523574	5년	91.52033956222404	39953.2042358889	517.384008523574	-1.0497496891692708	-0.29473709316818103	3.151720911514944	357.3721703051348	5.52235714900589	5년	3.151720911514944	안심	5년	41.51016978111202	0.3173839485059689	매우 유망	Y		3069103.0	0.45030477219374365	-13.712301201314524		-24.249442617493855	6350.58779296875	6960.674094238281	Y	N	중립/개선	
CRM	Salesforce, Inc.	0001108524	S&P 500	제외	PEG=매우 유망, PEGY=안심	181.5	7.8	2025	1.01	7327000000.0	57139000.0	7384139000.0	10439000000.0	4000000000.0	59142000000.0	53163000000.0	52.66194737545078	47.33805262454922	1.1124654364877828	-3.19546129707113	-7.379561715481172	23.6789052944963	24.21532842506169	85.7142857142857	74.02472751880647	12.233911375838758	179.9285714285714	156.54945503761294	32.96782275167752	1403.4428571428568	1221.085749293381	257.14901746308465	673.2467532467531	572.7745175170143	41.679899428696764	3년	156.54945503761294	1221.085749293381	572.7745175170143	3.6625124614372724	3.168842756267404	0.5593126544966185	15.064853556485355	8.300194796961629	3년	3.168842756267404	안심	3년	74.02472751880647	0.3198783175322127	매우 유망	N	주당순현금<=0	956000000.0	0.09926796189645426	-20.579354583866316		-32.12162382404784	170.61119995117187	205.9652007293701	Y	N	중립/개선	단기위험부채 존재
NXPI	NXP Semiconductors N.V.	0001413447	S&P 500	제외	PEG=매우 유망, PEGY=안심	259.1199951171875	7.95	2025	1.52	3267000000.0		3267000000.0	10972000000.0	307000000.0	10056000000.0					-30.295166534948553	-31.502254935497444	36.40442284932529	36.55625786826226	-18.293936279547793	-9.000664080454257	113.31378642177046	-28.087872559095587	-9.501328160908514	235.12757284354092	-223.29858684480993	-75.53555887922269	1869.2642041061504	-186.17574523487573	-129.15080283366848	621.3894100533508	5년	235.12757284354092	1869.2642041061504	621.3894100533508	-0.4607664389839015	-0.20548778129009404	3.1543910721248736	9.526955031042224	3.676657614451421	5년	3.1543910721248736	안심	5년	113.31378642177046	0.3212709062057349	매우 유망	N	주당순현금<=0	254331000.0	12.470157473697153	12.9456879022251		-22.109001515558624	294.1967999267578	241.0292000579834	N	Y	상승전환	단기위험부채 존재
SMCI	Super Micro Computer, Inc.	0001375365	S&P 500	보류	PEG=매우 유망, PEGY=판정불가	28.450000762939453	1.68	2025		5169911000.0		5169911000.0	120179000.0	170123000.0	6301693000.0	7716558000.0	44.95348956157227	55.04651043842773	0.8166455821364914	8.035830567057394	7.765107367576806	12.15129178326313	12.312436544858718	-12.5	-31.902283387417853	37.6467852709161	-16.5	-55.304566774835706	83.7935705418322	-27.72	-92.91167218172399	140.7731985102781	-197.43409229046352	-426.5788038317239	394.8091203345663	5년	83.7935705418322	140.7731985102781	394.8091203345663				2.4384231749739818	8.570907239308081	판정불가		판정불가	5년	37.6467852709161	0.3227710333251368	매우 유망	Y		628402000.0	4.403672524548452	-8.814102348569664		-53.13786659203574	32.60079986572266	33.19479990959167	N	N	중립/개선	단기위험부채 존재
EPAM	EPAM Systems, Inc.	0001352010	S&P 500	보류	PEG=매우 유망, PEGY=판정불가	100.4000015258789	6.72	2025		1296077000.0	1690000.0	1297767000.0	25034000.0	2861000.0	3677226000.0	1224328000.0	75.02163599544144	24.978364004558554	3.0034647578099984	22.633204701865452	22.58232710330233	11.572440003573432	11.580011074788182	-14.285714285714288	-1.770708271929189	35.70732296450074	-20.071428571428577	4.958583456141622	79.91464592900148	-134.88000000000002	33.3216808252717	537.0264206428899	-234.34262744033285	-66.81107537963258	434.88686502107976	5년	79.91464592900148	537.0264206428899	434.88686502107976				10.895577330037522	10.852168490484633	판정불가		판정불가	5년	35.70732296450074	0.3240915040054512	매우 유망	Y		56233000.0	-12.045553934471688	-53.953400927634185		-54.65221124946329	91.25940017700195	145.77334991455078	Y	N	주의	단기위험부채 존재
HIG	HARTFORD INSURANCE GROUP, INC.	0000874766	S&P 500	제외	PEG=매우 유망, PEGY=안심	143.4199981689453	13.32	2025	1.71	177000000.0	1843000000.0	2020000000.0	4371000000.0	0.0	18979000000.0	67018000000.0	22.06937451306441	77.93062548693558	0.2831925751290698	-8.205933682373473	-8.205933682373473	11.383328217065975	11.383328217065975	28.69565217391305	34.78299680616526	55.39512065939527	65.8913043478261	78.06599361233052	119.29024131879054	877.6721739130436	1039.8390349162426	1588.94601436629	511.95940950938154	625.0307127262247	1007.8971096447441	3년	78.06599361233052	1039.8390349162426	625.0307127262247	2.6710687414185825	3.205828393092863	5.016557510287969	20.080279232111693	14.00103157751934	3년	3.205828393092863	안심	3년	34.78299680616526	0.3272670345370669	매우 유망	N	주당순현금<=0	286500000.0	3.335978893858127	10.060625321135985		-0.07663945606291023	134.15019989013672	134.5369995880127	Y	Y	상승전환	
STE	STERIS plc	0001757898	S&P 500	제외	PEG=매우 유망, PEGY=안심	230.33999633789062	7.93	2026	1.15	220531000.0		220531000.0	1812800000.0	118900000.0	7183600000.0	3540000000.0	66.98869782535716	33.01130217464284	2.029265536723164	-16.13241134751773	-17.33707193515704	31.0810097963945	31.232921598114462	27.903225806451605	94.9679101546837	50.70740889939833	64.3064516129032	198.4358203093674	109.91481779879666	509.9501612903224	1573.5960550532834	871.6245051444575	121.39019249712311	583.1623166065098	278.4077967362008	3년	198.4358203093674	1573.5960550532834	583.1623166065098	0.934758104603856	3.092496375900686	1.668459591213602	9.852077001013171	4.277189006533173	3년	3.092496375900686	안심	3년	94.9679101546837	0.3272790750661962	매우 유망	N	주당순현금<=0	98700000.0	4.81911096149743	-12.441559309340144		-14.260189253291134	212.2540005493164	234.61820037841798	Y	N	중립/개선	단기위험부채 존재
LULU	lululemon athletica inc.	0001397187	S&P 500	보류	PEG=매우 유망, PEGY=판정불가	120.31999969482422	13.26	2025		881320000.0		881320000.0		0.0	4961840000.0	3494903000.0	58.673179497118454	41.326820502881546	1.4197361128477672	7.4018208082776225	7.4018208082776225	8.515699765199592	8.515699765199592	-9.426229508196727	25.676965842053367	24.12698368466455	-10.352459016393453	59.85393168410673	56.7539673693291	-137.27360655737718	793.6631341312552	752.5576073173038	-214.090431271238	559.6269416092726	525.4634385190049	3년	59.85393168410673	793.6631341312552	559.6269416092726				7.740744784492895	6.433464764067712	판정불가		판정불가	3년	25.676965842053367	0.3316474313040796	매우 유망	Y		119068000.0	-15.499683818685849	-35.44718059508377		-44.26533399416112	118.72879974365235	159.86214942932128	Y	N	주의	
FOX	Fox Corp	0001754301	S&P 500	제외	PEG=매우 유망, PEGY=안심	51.630001068115234	4.91	2025	1.1	5351000000.0		5351000000.0	6602000000.0	0.0	11962000000.0					-2.713665943600868	-2.713665943600868	11.067956621530774	11.067956621530774	56.86900958466454	32.515398101492245	89.67509021173869	122.23801916932908	73.53079620298449	187.85018042347738	600.1886741214058	361.03620935665384	922.344385879274	1062.4804604004937	599.2760059802059	1686.4504489597612	3년	73.53079620298449	361.03620935665384	599.2760059802059	5.237553016055012	3.0371819524571833	8.201612394753303	6.492407809110629	12.574874442759015	3년	3.0371819524571837	안심	3년	32.515398101492245	0.340391238236841	매우 유망	N	주당순현금<=0	461000000.0	-8.748675508565606	-20.446841518905433		-23.80460531226978	52.75230026245117	56.60845010757446	N	N	주의	
LDOS	Leidos Holdings, Inc.	0001336920	S&P 500	제외	PEG=매우 유망, PEGY=안심	118.36000061035156	11.14	2025	1.5	1108000000.0		1108000000.0	1331000000.0	18000000.0	4916000000.0	8531000000.0	36.55834015021938	63.44165984978062	0.5762513187199625	-1.7153846153846153	-1.853846153846154	10.778759894590321	10.791189117073403	20.824295010845983	30.95874508346872	20.63678102465594	50.148590021691966	70.41749016693744	49.77356204931188	558.6552928416485	784.4508404596831	554.4774812293343	371.9966964859828	562.766843878401	368.4669469162208	3년	70.41749016693744	784.4508404596831	562.766843878401	2.071137610371131	3.011361733714768	2.0537409907206503	12.53076923076923	10.586996591881828	3년	3.011361733714768	안심	3년	30.95874508346872	0.3481652717359638	매우 유망	N	주당순현금<=0	130000000.0	-19.014707113717712	-36.756609954356534		-40.68654532686114	114.63459991455078	160.9846001815796	Y	N	주의	단기위험부채 존재
CF	CF Industries Holdings, Inc.	0001324404	S&P 500	제외	PEG=매우 유망, PEGY=안심	122.91999816894531	8.97	2025	2.0	287000000.0	3100000.0	290100000.0	3215000000.0	0.0	4838000000.0					-18.032675709001232	-18.032675709001232	15.713787500328488	15.713787500328488	33.08605341246291	-18.18627213243168	43.58035462807208	74.67210682492582	-27.872544264863357	95.66070925614416	669.8087982195847	-250.01672205582435	858.0765620276131	444.9144225490285	-303.397922046983	598.077265546526	5년	95.66070925614416	858.0765620276131	598.077265546526	2.2328196440055876	-1.030068157157739	2.900659985832139	11.109741060419235	9.038188436310941	5년	2.900659985832139	안심	5년	43.58035462807208	0.3605704367124752	매우 유망	N	주당순현금<=0	162200000.0	0.49873323728857333	33.98735669416182		-10.66860994433869	114.864599609375	102.53754997253418	Y	Y	강한 상승추세	
APP	AppLovin Corp	0001751008	S&P 500	제외	PEG=매우 유망, PEGY=판정불가	418.2200012207031	9.75	2025		2487096000.0		2487096000.0	3512987000.0	0.0	2134671000.0	5124939000.0	29.404761412803165	70.59523858719683	0.41652612840855274	-2.9999444395707227	-2.9999444395707227	43.202045708746034	43.202045708746034	115.23178807947019			238.96357615894038			2329.8948675496686			457.0979055877665			1년	238.96357615894038	2329.8948675496686	457.0979055877665				11.598438459513993	2.7732864104204484	판정불가		판정불가	1년	115.23178807947019	0.3749143047138305	매우 유망	N	주당순현금<=0	341970000.0	-6.861456393192389	-23.059091342419734		-42.99072857974614	496.04120178222655	523.0872763061524	N	N	주의	
TMUS	T-Mobile US, Inc.	0001283699	S&P 500	제외	PEG=매우 유망, PEGY=안심	182.38999938964844	9.72	2025	2.3	5598000000.0	0.0	5598000000.0	81147000000.0	5135000000.0	59203000000.0	6830508000.0	89.65599707348578	10.344002926514218	8.66743732676984	-66.79390530320666	-71.33382911069539	25.636204186507722	26.10327453707241	0.6211180124223654	67.7257264346652	74.54322774580642	9.74223602484473	143.9514528693304	157.58645549161284	94.6945341614908	1399.2081218898916	1531.7403473784768	-48.081290378651545	667.1517772751874	739.8159726434052	3년	143.9514528693304	1399.2081218898916	667.1517772751874	0.1139450283345669	2.731516956457992	2.997449512679761	15.90962588427648	8.722860868203629	3년	2.731516956457992	안심	3년	67.7257264346652	0.3785297779159133	매우 유망	N	주당순현금<=0	1131076251.0	-2.318981256826702	-1.138276351557399		-29.58187231655992	184.41160003662108	199.82959983825683	N	N	주의	단기위험부채 존재
FOXA	Fox Corp	0001754301	S&P 500	제외	PEG=매우 유망, PEGY=안심	57.720001220703125	4.91	2025	99.0	5351000000.0		5351000000.0	6602000000.0	0.0	11962000000.0					-2.713665943600868	-2.713665943600868	12.308282518188186	12.308282518188186	56.86900958466454	32.515398101492245	89.67509021173869	122.23801916932908	73.53079620298449	187.85018042347738	600.1886741214058	361.03620935665384	922.344385879274	939.8278957522422	525.4958449778353	1497.9632127042396	3년	73.53079620298449	361.03620935665384	525.4958449778353	12.663749743665202	10.685113695363217	15.329115978035917	6.492407809110629	11.248107539509059	3년	10.685113695363215	안심	3년	32.515398101492245	0.3785370389674951	매우 유망	N	주당순현금<=0	461000000.0	-8.598575097342732	-19.799916296098097		-24.162395535636417	58.70380012512207	62.9778999710083	N	N	주의	
EXC	EXELON CORP	0001109357	S&P 500	제외	PEG=매우 유망, PEGY=안심	47.310001373291016	1.74	2021	3.56	626000000.0		626000000.0	35272000000.0	612000000.0	28798000000.0	87772000000.0	24.704469417517373	75.29553058248263	0.32810007747345393	-34.23517786561265	-34.8399209486166	46.86504553959981	47.21259903557909	-13.432835820895514	121.5523810846817	51.225599028568624	-18.365671641791028	251.6047621693634	110.95119805713725	-31.95626865671639	437.7922861746923	193.0550846194188	-167.546539270991	825.3694218276838	308.06400130101997	3년	251.6047621693634	437.7922861746923	825.3694218276838	-0.21066523476549723	2.6696310575216406	1.1690076985474418	-2.2480237154150196	-4.7516881212439515	3년	2.6696310575216406	안심	3년	121.5523810846817	0.3855543192276128	매우 유망	N	주당순현금<=0 | FCF<=0	1012000000.0	0.5739805538025555	5.532008567794389		-5.925630320114461	46.11699996948242	46.2085000038147	Y	Y	상승전환	단기위험부채 존재
BSX	BOSTON SCIENTIFIC CORP	0000885725	S&P 500	제외	PEG=매우 유망, PEGY=판정불가	46.060001373291016	1.94	2025		1965000000.0		1965000000.0	3815000000.0	250000000.0	24233000000.0					-1.2378721980595517	-1.405152224824356	24.380347201727094	24.466574019647098	55.199999999999996	62.7532758644933		118.89999999999999	134.0065517289866		230.66599999999997	259.97271035423404		400.794600787305	464.4218467283533		3년	134.0065517289866	259.97271035423404	464.42184672835333				2.4476413516226163	5.314027960585211	판정불가		판정불가	3년	62.753275864493304	0.3885111472805492	매우 유망	N	주당순현금<=0	1494500000.0	-21.19760346950138	-50.79585399746529		-57.40706340553202	47.14459991455078	73.91630004882812	N	N	주의	단기위험부채 존재
FSLR	FIRST SOLAR, INC.	0001274494	S&P 500	보류	PEG=매우 유망, PEGY=판정불가	202.58999633789062	14.21	2025		2803514000.0	509032000.0	3312546000.0	282593000.0	0.0	9537993000.0	3783317000.0	71.59951236027088	28.40048763972913	2.5210663024007767	28.17591154672345	28.17591154672345	12.274038338576155	12.274038338576155	18.21963394342763		30.670348455238837	44.93926788685526		69.84069691047767	638.5869966722133		992.4363030978878	215.21151498869827		389.87428848295576	5년	69.84069691047767	992.4363030978878	389.87428848295576				11.040200117168974	5.449528760914496	판정불가		판정불가	5년	30.670348455238837	0.4001923341852222	매우 유망	Y		107537000.0	3.436125654327893	-13.809830373292753		-36.342499186837195	246.6198031616211	234.58110130310058	N	N	중립/개선	
CAH	CARDINAL HEALTH INC	0000721371	S&P 500	매우 유망	PEG=매우 유망, PEGY=안심	232.50999450683594	6.45	2025	89.0	3874000000.0	200000000.0	4074000000.0	2502000000.0	855000000.0	-2781000000.0					6.4958677685950414	2.9628099173553717	35.04094988189781	35.58871078906675	86.95652173913044			182.41304347826087			1176.5641304347828			406.0273356981182			1년	182.41304347826087	1176.5641304347828	406.0273356981182	5.021454108184144			7.644628099173554	3.287870749551283	1년	5.021454108184144	안심	1년	86.95652173913044	0.4029709236418248	매우 유망	Y		242000000.0	13.08301824650162	8.62922902263974		-3.003634393797183	219.8720004272461	207.59995010375977	Y	Y	강한 상승추세	단기위험부채 존재
CBOE	Cboe Global Markets, Inc.	0001374310	S&P 500	매우 유망	PEG=매우 유망, PEGY=안심	297.3900146484375	10.42	2025	100.0	2216500000.0	36100000.0	2252600000.0	1442900000.0	304700000.0	5138300000.0	4167000000.0	55.21906870278228	44.78093129721771	1.2330933525317975	7.704091341579448	4.804947668886775	27.800952332711905	28.079181092087403	44.521497919556175	68.19298103960483	66.67733196826208	97.54299583911235	144.88596207920966	141.85466393652416	1016.3980166435507	1509.7117248653647	1478.1255982185817	241.77274507521562	407.6538049369563	397.03269289857036	3년	144.88596207920966	1509.7117248653647	407.6538049369563	5.198436952445884	6.049899982803865	5.995382099631951	16.0	5.380140291164301	3년	6.049899982803865	안심	3년	68.19298103960483	0.4076805546389853	매우 유망	Y		105100000.0	-2.0583584832310153	10.949860158132596		-18.901007704211025	287.8728005981445	278.03165077209474	Y	Y	강한 상승추세	단기위험부채 존재
NDSN	NORDSON CORP	0000072331	S&P 500	제외	PEG=매우 유망, PEGY=안심	302.6499938964844	8.51	2025	1.1	108442000.0	279000.0	108721000.0	1681254000.0	315000000.0	3043571000.0					-27.6290146883126	-33.16348654157003	38.81069431078696	39.46104352973612	4.9321824907521625	-1.1482071165261345	93.96062427456746	18.364364981504323	6.2035857669477315	196.42124854913493	156.2807459926018	52.79251487672519	1671.5448251531382	-48.36254777984412	-82.55657824503976	452.30294361904333	5년	196.42124854913493	1671.5448251531382	452.30294361904333	0.15542578142116853	-0.0012421090985928487	2.449340986104094	11.615626537353293	3.8379734913611783	5년	2.449340986104094	안심	5년	93.96062427456746	0.4130527506647477	매우 유망	N	주당순현금<=0	56916000.0	7.4026703286171	10.747217230817885		-0.6532368225656948	289.3002008056641	267.7338506317139	Y	Y	강한 상승추세	단기위험부채 존재
ECL	ECOLAB INC.	0000031462	S&P 500	제외	PEG=매우 유망, PEGY=안심	282.8999938964844	7.28	2025	1.08	646200000.0		646200000.0	6613200000.0	74400000.0	9770800000.0	14891800000.0	39.61788294826985	60.382117051730155	0.6561194751473965	-20.922159887798035	-21.18302945301543	41.73381233300582	41.76964606449173	338.5542168674699	98.55590630677445	47.57731615945522	685.6084337349398	205.6118126135489	103.65463231891044	4991.229397590362	1496.853995826636	754.605723281668	1664.3087682132286	429.11064974230726	166.73939185653887	3년	205.6118126135489	1496.853995826636	429.11064974230726	8.138106678523231	2.38741444255683	1.1658967498872332	6.677068723702665	2.3602222933047723	3년	2.38741444255683	안심	3년	98.55590630677445	0.4234531840547557	매우 유망	N	주당순현금<=0	285200000.0	5.970933080468166	-0.4188822051977126		-8.253611708536003	266.4719989013672	270.6288494873047	Y	Y	상승전환	단기위험부채 존재
EXPE	Expedia Group, Inc.	0001324424	S&P 500	매우 유망	PEG=매우 유망, PEGY=안심	295.7900085449219	9.81	2025	63.0	5413000000.0	320000000.0	5733000000.0	4469000000.0	1692000000.0	1284000000.0					9.579894348317076	-3.243824985031415	29.175342935433722	30.48255183791573	9.608938547486048	65.34957812135467		27.717877094972096	139.19915624270934		271.91237430167627	1365.5437227409786		-8.072495200465601	361.6598543874049		3년	139.19915624270934	1365.5437227409786	361.6598543874049	2.488709000205164	4.399248310650462		23.570784353849767	7.968756101601063	3년	4.399248310650462	안심	3년	65.34957812135467	0.4464503639373904	매우 유망	Y		131943000.0	22.141475319568514	10.890762305652647		-1.8319966341636018	245.87999816894532	246.52649932861328	Y	Y	상승전환	단기위험부채 존재
AOS	SMITH A O CORP	0000091142	S&P 500	제외	PEG=매우 유망, PEGY=안심	64.01000213623047	3.85	2025	2.31	174500000.0	18700000.0	193200000.0	112700000.0	42300000.0	1858000000.0	1284800000.0	59.119256713758425	40.88074328624157	1.4461394769613947	0.5672415936205122	0.2691755139913486	16.47863910197661	16.55605886291925		36.61380704310213	39.07395391564303		81.72761408620426	86.64790783128606		314.6513142318864	333.59444515045135		391.5658549147115	421.1598719220049	3년	81.72761408620426	314.6513142318864	391.5658549147115		2.362076552695011	2.5113696379623383			3년	2.362076552695011	안심	3년	36.61380704310213	0.45006625731593	매우 유망	N	FCF<=0	141914840.0	0.15647361767661128	-9.38561340699774		-20.454826438150796	59.134800033569334	65.97599983215332	Y	N	중립/개선	단기위험부채 존재
AES	AES CORP	0000874761	S&P 500	제외	PEG=매우 유망, PEGY=안심	14.829999923706055	1.26	2025	4.75	1382000000.0	174000000.0	1556000000.0			4063000000.0					2.179271708683473	2.179271708683473	10.04026048811316	10.04026048811316	-46.61016949152542		21.802033073406225	-84.72033898305084		52.10406614681245	-106.74762711864406		65.65112334498369	-819.8086828578188		342.6913262490247	5년	52.10406614681245	65.65112334498369	342.6913262490247	-4.16923141995015		2.6445561950152228	-2.273109243697479	-15.327776502978047	5년	2.6445561950152228	안심	5년	21.802033073406225	0.4605194595526098	매우 유망	N	FCF<=0	714000000.0	2.4171297826966143	-0.6032181777994028		-14.178244592506795	14.694599990844727	14.518699979782104	Y	Y	상승전환	
EME	EMCOR Group, Inc.	0000105634	S&P 500	제외	PEG=매우 유망, PEGY=안심	705.8200073242188	28.19	2025	22.0	1111968000.0		1111968000.0	0.0		3673944000.0	5616418000.0	39.54575720515519	60.4542427948448	0.654143619652241	24.630614870271227	24.630614870271227	24.16422108740502	24.16422108740502	30.994423791821568	51.54328097260492	63.67289600664736	70.48884758364314	111.58656194520984	135.84579201329473	1987.0806133829	3145.6251812354653	3829.4928768547784	181.52795227723456	345.6695968651567	442.5594113395115	3년	111.58656194520984	3145.6251812354653	345.6695968651567	2.193094641872961	3.0434782361322403	3.5454441381229604			3년	3.0434782361322403	안심	3년	51.54328097260492	0.4688141816243367	매우 유망	N	FCF<=0	45145767.0	-18.2870657592347	-1.4603257866792951		-25.211125051738414	810.1313977050781	743.8797506713868	N	N	주의	
TRV	TRAVELERS COMPANIES, INC.	0000086312	S&P 500	제외	PEG=매우 유망, PEGY=안심	397.2200012207031	27.43	2025	1.28	842000000.0		842000000.0	5861000000.0	100000000.0	32894000000.0	110814000000.0	22.88947031480502	77.11052968519499	0.29683974949013664	-22.051845342706503	-22.491212653778557	15.285156637382778	15.30117440300699	27.759664648346536	32.58155699339016	40.000996302713745	64.01932929669307	73.66311398678032	88.50199260542749	1756.0502026082909	2020.579216657384	2427.609657166876	342.0850403332524	408.6801295120864	511.14990426125314	3년	73.66311398678032	2020.579216657384	408.6801295120864	1.8998604552945486	2.215322864966607	2.7007244532746992			3년	2.215322864966607	안심	3년	32.58155699339016	0.4691352423852453	매우 유망	N	주당순현금<=0 | FCF<=0	227600000.0	28.127222533120523	41.22374115120942		0.0	324.6552001953125	298.6492004394531	Y	Y	강한 상승추세	단기위험부채 존재
DECK	DECKERS OUTDOOR CORP	0000910521	S&P 500	보류	PEG=매우 유망, PEGY=판정불가	103.91999816894531	7.02	2026		1907249000.0	26120000.0	1933369000.0		0.0	2499638000.0					13.259963650080588	13.259963650080588	12.914534831747112	12.914534831747112	10.90047393364928	26.59610321922323	42.853544612930364	30.30094786729856	61.69220643844646	94.20708922586073	212.71265402843588	433.0792891978941	661.3337663655423	104.6888546732109	316.742972313978	536.3873922422473	3년	61.69220643844646	433.0792891978941	316.74297231397793				7.526024484757039	7.242133003622454	판정불가		판정불가	3년	26.59610321922323	0.4855799635494231	매우 유망	Y		145805000.0	-2.1284631095638717	3.753987988579066		-16.13268089933633	105.62279998779297	102.13874988555908	N	Y	중립/개선	
D	DOMINION ENERGY, INC	0000715957	S&P 500	제외	PEG=매우 유망, PEGY=안심	70.62000274658203	0.65	2025	3.8	250000000.0		250000000.0	30948000000.0	2457000000.0	29083000000.0	82440000000.0	26.07802874743326	73.92197125256673	0.3527777777777778	-35.89150005845902	-38.764176312405006	163.86385046929394	168.28335239844156	333.33333333333337	-15.82903888645284	-4.5403361201187264	675.1666666666667	-23.158077772905678	-0.5806722402374529	438.8583333333334	-15.05275055238869	-0.3774369561543444	521.4363017064226	-121.31513730805857	-100.53446182593446	1년	675.1666666666667	438.8583333333334	521.4363017064226	2.0573990686036514	-0.07340874056115831	-0.004517995384573589	0.445457734128376	0.6307812472436303	1년	2.0573990686036514	안심	1년	333.33333333333337	0.4915915514078817	매우 유망	N	주당순현금<=0	855300000.0	12.291307730885336	15.52429496589145		-1.4925368369163472	68.49520011901855	63.12460018157959	Y	Y	강한 상승추세	단기위험부채 존재
SYY	SYSCO CORP	0000096021	S&P 500	제외	PEG=헐값, PEGY=안심	85.19999694824219	3.73	2025	2.62	1071000000.0	15000000.0	1086000000.0	10588184000.0	8782000.0	1830000000.0					-19.39911484586042	-19.417043674283057	28.042657317453784	28.04746397386736	-4.113110539845763	55.60535751644491		0.27377892030847484	119.71071503288982		1.0211953727506111	446.520967072679		-98.80141383881625	424.0856608761785		3년	119.71071503288982	446.520967072679	424.0856608761785	-0.05324426009073144	2.0763138406361143				3년	2.0763138406361143	안심	3년	55.60535751644491	0.5043157452797665	헐값	N	주당순현금<=0 | FCF<=0	489825648.0	16.123747797203492	1.5252607331091905		-6.537962345809412	79.56400024414063	78.46410011291503	Y	Y	강한 상승추세	단기위험부채 존재
SPG	SIMON PROPERTY GROUP INC.	0001063761	S&P 500	제외	PEG=헐값, PEGY=안심	236.6999969482422	9.35	2025	3.8	823147000.0	1000000000.0	1823147000.0	28430175000.0		5208268000.0	33901073000.0	13.317197034846483	86.68280296515351	0.1536313614616269	-81.57151298527937	-81.57151298527937	34.039733682729576	34.039733682729576	358.3333333333333	65.56992936260015		725.1666666666666	139.6398587252003		6780.3083333333325	1305.6326790806227		2764.5155981205794	451.5980971331055		3년	139.6398587252003	1305.6326790806227	451.59809713310545	10.638547783852538	2.0379104610267773				3년	2.0379104610267773	안심	3년	65.56992936260015	0.5191363482258866	헐값	N	주당순현금<=0 | FCF<=0	326180391.0	16.74475805092093	28.250975335592486		0.0	216.49660034179686	196.04225074768067	Y	Y	강한 상승추세	
BDX	BECTON DICKINSON & CO	0000010795	S&P 500	제외	PEG=헐값, PEGY=불리(<1)	166.33999633789062	5.82	2025	2.64	641000000.0		641000000.0	17621000000.0	752000000.0	25390000000.0					-58.854316503124686	-61.460820979588156	38.693180900518094	39.141033903346866	-0.6825938566552906	-0.3412995832631105	74.47134006583379	7.134812286689419	7.817400833473779	157.44268013166757	41.52460750853242	45.497272850817396	916.3163983663053	-75.0363061063303	-72.64802581911951	450.86955545253755	5년	157.44268013166757	916.3163983663053	450.86955545253755	0.050587883905882244	0.05940841159187588	1.9928922427982985	13.472716622358401	8.099505181538499	3년	0.0594084115918758	불리(<1)	5년	74.47134006583379	0.5195714333368077	헐값	N	주당순현금<=0	288509000.0	11.24932556501248	4.023836076589737		-10.27563682748548	150.31620025634766	154.76496101379394	Y	Y	상승전환	단기위험부채 존재
RCL	ROYAL CARIBBEAN CRUISES LTD	0000884887	S&P 500	제외	PEG=헐값, PEGY=양호	322.5	15.61	2025	1.64	825000000.0		825000000.0	7856962000.0	0.0	10037000000.0	31374000000.0	24.237521431503705	75.76247856849629	0.3199145789507235	-25.66409489051095	-25.66409489051095	22.30391383026976	22.30391383026976	42.68738574040219			93.87477148080438			1465.3851828153563			354.3830024233663			1년	93.87477148080438	1465.3851828153563	354.3830024233663	1.9874263359215132			4.510948905109489	1.398743846545578	1년	1.9874263359215127	양호	1년	42.68738574040219	0.5224942554671331	헐값	N	주당순현금<=0	274000000.0	26.030716624030028	10.984931826953614		-11.846708061373834	289.6074011230469	286.11930000305176	Y	Y	강한 상승추세	
FISV	FISERV INC	0000798354	S&P 500	제외	PEG=헐값, PEGY=판정불가	54.209999084472656	6.34	2025		798000000.0		798000000.0	3228000000.0	2000000.0	25792000000.0	54324000000.0	32.19331968645464	67.80668031354537	0.47478094396583465	-4.426229508196721	-4.429872495446266	9.248616497266463	9.249191100933585	17.843866171003718	17.481865339726866	35.26712030178827	44.187732342007436	43.46373067945373	79.03424060357654	280.1502230483271	275.56005250773666	501.07708542667524	416.7869909235442	408.3196036922	824.3259433483341	3년	43.46373067945373	275.56005250773666	408.31960369219996				7.830601092896175	14.444938618600881	판정불가		판정불가	3년	17.481865339726866	0.5290405982163321	헐값	N	주당순현금<=0	549000000.0	-11.996752553091483	-18.222962232943864		-61.95789537931744	52.2944002532959	64.37729999542236	Y	N	주의	단기위험부채 존재
WFC	WELLS FARGO & COMPANY/MN	0000072971	S&P 500	제외	PEG=헐값, PEGY=양호	86.87000274658203	6.26	2025	2.06	172593000000.0		172593000000.0	174712000000.0	18323000000.0	181117000000.0	1965593000000.0	8.436957017948396	91.5630429820516	0.09214369404042444	-0.6535484069950344	-6.304783641242328	13.981397947855761	14.884151180163636	16.573556797020476	25.8582131723802	72.48768573284212	41.64711359404095	60.21642634476039	153.47537146568425	260.71093109869634	376.95482891820006	960.7558253751833	200.11617688011896	333.9297997006587	1005.9696040046286	3년	60.21642634476039	376.95482891820006	333.9297997006587	1.332739177192091	1.9968112828561493	5.331919312422906			3년	1.9968112828561493	양호	3년	25.858213172380196	0.540694666512752	헐값	N	주당순현금<=0 | FCF<=0	3242300000.0	6.588960425254031	-2.0741701689552694		-9.876539789758299	82.76620025634766	84.71730010986329	Y	Y	상승전환	단기위험부채 존재
CCL	Carnival Corp Ltd.	0000815097	S&P 500	제외	PEG=헐값, PEGY=양호	28.229999542236328	2.02	2025	1.66	1928000000.0	0.0	1928000000.0	24037000000.0	0.0	12284000000.0					-15.769614835948644	-15.769614835948644	21.781987315933154	21.781987315933154	40.277777777777786			89.05555555555557			179.89222222222224			537.2377794518785			1년	89.05555555555557	179.89222222222224	537.2377794518785	1.9253421264781019			1.8594864479315263	6.586916323358258	1년	1.9253421264781017	양호	1년	40.277777777777786	0.5407941678438575	헐값	N	주당순현금<=0	1402000000.0	7.338404415069832	-1.603349540810317		-16.946166083538383	27.41740001678467	27.96235008239746	Y	Y	상승전환	
KLAC	KLA CORP	0000319201	S&P 500	양호	PEG=헐값, PEGY=안심	190.8000030517578	30.37	2025	45.0	2078908000.0	1475936000.0	3554844000.0	3469670000.0	0.0	4692453000.0	11375473000.0	29.203849955495187	70.79615004450481	0.41250618765479025	0.636814953271028	0.636814953271028	6.261547187964662	6.261547187964662	49.7534516765286	11.48114331133121	63.1164678859619	108.0069033530572	31.46228662266242	134.7329357719238	3280.169654832347	955.5096447302577	4091.839259393326	1619.1664582639153	400.79121040216086	2044.5698081479293	3년	31.46228662266242	955.5096447302577	400.79121040216086	15.132594042995393	9.020317441653043	17.266733706610545	28.012291588785047	14.681494308564675	3년	9.020317441653043	안심	3년	11.48114331133121	0.5453766247987589	헐값	Y		133750000.0	5.47438581302182	18.04520626313395		-36.76046254498463	221.17912048339844	161.3970449066162	N	Y	상승전환	
SYF	Synchrony Financial	0001601712	S&P 500	제외	PEG=헐값, PEGY=양호	77.12000274658203	9.28	2025	1.81	14973000000.0		14973000000.0	15182000000.0		16766000000.0	102329000000.0	14.077837020865697	85.92216297913431	0.16384407157306335	-0.5589729874297941	-0.5589729874297941	8.370579281682309	8.370579281682309	8.538011695906416	14.698468785789576	32.527017334119954	25.576023391812832	37.89693757157915	73.55403466823991	237.34549707602307	351.6835806642545	682.5814417212663	207.76126636813723	356.02122424696256	785.0900122037643	3년	37.89693757157915	351.6835806642545	356.02122424696256	1.2362360295124863	1.9722014725929127	4.102107653321091			3년	1.972201472592913	양호	3년	14.698468785789576	0.5694864821412522	헐값	N	주당순현금<=0 | FCF<=0	373900000.0	1.1409872086321826	5.643839378879489		-12.829205739250115	73.3020004272461	74.29455005645752	Y	Y	상승전환	
CB	Chubb Ltd	0000896159	S&P 500	제외	PEG=헐값, PEGY=양호	363.5	25.68	2025	1.14	2012000000.0		2012000000.0	15728000000.0	1499000000.0	73757000000.0	192548000000.0	27.69643829443683	72.30356170556317	0.3830577310592683	-34.16075806677187	-37.89413341979688	15.485232011945945	15.630612672110471	13.12775330396476	26.95518164431085	26.943805197471637	34.75550660792952	62.41036328862171	62.38761039494327	892.5214096916301	1602.6981292518055	1602.1138349421433	145.53546346399727	340.90732579141826	340.7465845783062	3년	62.41036328862171	1602.6981292518055	340.90732579141826	0.9213780777038425	1.8143210009793251	1.813586336698516			3년	1.8143210009793247	양호	3년	26.955181644310855	0.574480714553606	헐값	N	주당순현금<=0 | FCF<=0	401513338.0	10.038143739697647	20.575844537807054		0.0	336.2006005859375	317.48585067749025	Y	Y	강한 상승추세	단기위험부채 존재
CDW	CDW Corp	0001402057	S&P 500	제외	PEG=헐값, PEGY=불리(<1)	144.02999877929688	8.08	2025	1.83	618700000.0	0.0	618700000.0	4622300000.0	1007500000.0	2606100000.0	5981100000.0	30.34865846841811	69.65134153158189	0.4357225259567638	-30.307342922028766	-37.934140802422405	21.57640367590664	22.52031430466823	1.3801756587202048	-0.2054237502367883	37.39960471779868	11.26035131744041	8.089152499526424	83.29920943559736	90.98363864491851	65.36035219617351	673.0576122396267	-36.83007747272392	-54.62032024569557	367.3037686204391	5년	83.29920943559736	673.0576122396267	367.3037686204391	0.14878177600583448	0.07529411639518499	1.8181716150224119	8.236941710825132	5.718907019812545	3년	0.0752941163951849	불리(<1)	5년	37.39960471779868	0.5769152866377304	헐값	N	주당순현금<=0	132100000.0	8.358411648659825	14.856456959111974		-20.94082524439358	129.5086000061035	132.83920024871827	Y	Y	상승전환	단기위험부채 존재
VICI	VICI PROPERTIES INC.	0001705696	S&P 500	제외	PEG=헐값, PEGY=안심	27.100000381469727	2.61	2025	6.73	563479000.0	44484000.0	607963000.0	16773241000.0		27797640000.0	18501581000.0	60.03910951331125	39.96089048668875	1.5024467368491374	-15.211615261302986	-15.211615261302986	16.211346989568092	16.211346989568092	1.9531249999999931	27.13904027900833	8.322953223006625	12.406249999999986	62.77808055801666	25.14590644601325	32.38031249999996	163.85079025642347	65.63081582409458	19.484546288570435	504.6154536900316	142.18012878321295	3년	62.77808055801666	163.85079025642347	504.6154536900316	0.5356202051308588	2.0892181445997586	0.9285442617873217	2.359351998855903	8.706095814187393	3년	2.089218144599758	안심	3년	27.13904027900833	0.5973441515582016	헐값	N	주당순현금<=0	1062693062.0	-5.410119573118721	-4.9122793632641155		-20.129678344459624	27.267400093078614	28.47625002861023	N	N	주의	
AKAM	AKAMAI TECHNOLOGIES INC	0001086222	S&P 500	보류	PEG=헐값, PEGY=판정불가	111.79000091552734	3.07	2025		930231000.0	375005000.0	1305236000.0			4977371000.0	6502272000.0	43.35823857937046	56.64176142062954	0.7654818192779386	8.87776742414452	8.87776742414452	33.52190016005955	33.52190016005955	-6.116207951070342	55.27737277287406	35.18418669731969	-3.7324159021406835	119.05474554574812	78.86837339463938	-11.458516819571898	365.4980688254467	242.12590632154289	-110.25003732510064	226.9505911370647	116.58994931443125	3년	119.05474554574812	365.4980688254467	226.9505911370647				6.8763322745420785	6.151115679601872	판정불가		판정불가	3년	55.27737277287406	0.6064307777034866	헐값	Y		147023000.0	17.143456521045675	8.260699789685532		-30.625542175154873	130.73620071411133	104.55310009002686	N	Y	상승전환	
GL	GLOBE LIFE INC.	0000320335	S&P 500	제외	PEG=헐값, PEGY=안심	179.1699981689453	14.07	2025	76.0	61710000.0	314711000.0	376421000.0	2320793000.0	304656000.0	5974579000.0	24839113000.0	19.389364312462135	80.61063568753787	0.24053109303862824	-23.56100803984325	-27.252689706410393	14.408742445542897	14.67112209490801	17.839195979899504	23.497404952300016	48.78096035818152	44.17839195979901	55.49480990460003	106.06192071636303	621.589974874372	780.8119753577224	1492.2912244792278	246.92748854540608	335.7939294175072	732.8912428028809	3년	55.49480990460003	780.8119753577224	335.7939294175072	6.512656904970016	6.905349674223504	8.660086807005175	15.194269876451488	8.480365034175145	3년	6.905349674223504	안심	3년	23.497404952300016	0.613205691215383	헐값	N	주당순현금<=0	82524992.0	17.357699821725923	30.409781617951424		-3.025544762983745	169.00699951171876	147.8543497467041	Y	Y	강한 상승추세	단기위험부채 존재
META	Meta Platforms, Inc.	0001326801	S&P 500	양호	PEG=헐값, PEGY=안심	593.4099731445312	23.49	2025	35.0	35873000000.0	45719000000.0	81592000000.0	58744000000.0		217243000000.0	148778000000.0	59.35260545159977	40.64739454840023	1.4601822850152577	8.876456876456876	8.876456876456876	24.88435573725306	24.88435573725306	-1.550712489522217	39.8395285030712	18.41272352127048	5.398575020955565	88.1790570061424	45.32544704254096	126.81252724224622	2071.326049074285	1064.694751029287	-78.62986249283011	249.05480912262857	79.41976023547038	3년	88.1790570061424	2071.326049074285	249.05480912262857	1.344189412161578	3.0074931130739655	2.146437869850458	17.913364413364413	3.018716439570426	3년	3.007493113073965	안심	3년	39.8395285030712	0.6246147148888759	헐값	Y		2574000000.0	-11.608134565722072	-11.822221053261671		-24.8848135260087	605.1181945800781	636.852998046875	N	N	주의	
CINF	CINCINNATI FINANCIAL CORP	0000020286	S&P 500	양호	PEG=헐값, PEGY=양호	182.6300048828125	15.17	2025	2.04	1139000000.0	148000000.0	1287000000.0	790000000.0		15911000000.0	25091000000.0	38.80542412565241	61.19457587434759	0.6341317603921724	3.1515535827520607	3.1515535827520607	11.831143790379725	11.831143790379725	4.404679972470754		18.581314428449215	17.30935994494151		45.66262885689843	262.5829903647627		692.7020797591491	43.778669081925116		279.29259225702407	5년	45.66262885689843	692.7020797591491	279.29259225702407	0.5447216335677643		1.742968794379547	19.60684844641725	10.73583087236859	5년	1.742968794379547	양호	5년	18.581314428449215	0.6367226514538425	헐값	Y		157700000.0	10.711686135897747	15.691121358602512		-4.89506533158287	173.6219989013672	165.20359954833984	Y	Y	강한 상승추세	
STLD	STEEL DYNAMICS INC	0001022671	S&P 500	제외	PEG=헐값, PEGY=양호	259.739990234375	7.99	2025	85.0	769878000.0	0.0	769878000.0	4176508000.0	34655000.0	8957182000.0	7489369000.0	54.46237329638293	45.537626703617065	1.1959862039111706	-22.955109026710872	-23.188626991186222	35.38111379988559	35.41034007829302	-18.800813008130078	-27.445943360831997	55.10698446728479	-29.101626016260155	-46.39188672166399	118.71396893456958	-232.52199186991865	-370.67117490609525	948.5246117872109	-189.52105975676048	-242.7085504129041	265.1823544504313	5년	118.71396893456958	948.5246117872109	265.1823544504313	1.8710317421404632	1.6266886612075542	3.959937079983555	3.379349613217973	1.3010509510563368	3년	1.6266886612075542	양호	5년	55.10698446728479	0.642044091904361	헐값	N	주당순현금<=0	148404000.0	14.44306598115066	47.87361187581214		-8.14118642531202	246.93900024414063	196.91200057983397	Y	Y	강한 상승추세	단기위험부채 존재
AVY	Avery Dennison Corp	0000008818	S&P 500	제외	PEG=헐값, PEGY=불리(<1)	169.1300048828125	8.79	2025	2.45	202800000.0		202800000.0	954200000.0	250000000.0	2242100000.0					-9.596424010217113	-12.789272030651341	20.332927064053425	20.69616347138383	0.6872852233676829	-1.5437973187936491	30.981755136467836	9.874570446735365	5.412405362412701	70.46351027293568	86.79747422680386	47.57504313560764	619.3742552991046	-48.68002618048498	-71.87072561809973	266.21193012337415	5년	70.46351027293568	619.3742552991046	266.21193012337415	0.15429579880380767	0.04456823547104668	1.6442175310593536	9.098339719029374	5.379494741535347	3년	0.0445682354710466	불리(<1)	5년	30.981755136467836	0.6562871268748766	헐값	N	주당순현금<=0	78300000.0	1.5856804027535754	-9.527119570984299		-14.342867816226523	159.54899993896484	172.21984992980958	Y	N	중립/개선	단기위험부채 존재
TEL	TE Connectivity plc	0001385157	S&P 500	제외	PEG=헐값, PEGY=양호	214.2899932861328	6.16	2025	1.44	1255000000.0		1255000000.0	4842000000.0	500000000.0	9585000000.0	12351000000.0	43.695295404814004	56.304704595185996	0.7760505222249211	-11.996655518394649	-13.668896321070234	36.73484558515056	37.00631324792257	-40.36786060019361	-6.225079756818797	54.9338540505395	-72.23572120038722	-3.950159513637594	118.367708101079	-444.9720425943853	-24.33298260400758	729.1450819026467	-307.6494733938565	-111.35516513434052	240.26091033053913	5년	118.367708101079	729.1450819026467	240.26091033053913	-1.0596984955322513	-0.1302599665412255	1.5346152448052668	10.7123745819398	4.99900831469811	5년	1.5346152448052668	양호	5년	54.9338540505395	0.668710510486926	헐값	N	주당순현금<=0	299000000.0	4.889862988325122	-7.145335635838201		-13.939761732476786	205.47100036621094	219.87859977722167	Y	N	중립/개선	단기위험부채 존재
IT	GARTNER INC	0000749251	S&P 500	제외	PEG=헐값, PEGY=양호	155.83999633789062	9.65	2025	0.7668121330091755	1722521000.0		1722521000.0	2976674000.0	5000000.0	319908000.0	7765492000.0	3.9566131545749132	96.04338684542509	0.041196101934043584	-16.588228291779643	-16.654361484028833	17.868209806183447	17.875062986727404	-39.6875	-1.0484370535091214	26.662227247373906	-70.875	6.403125892981757	61.82445449474781	-683.94375	61.79016486727396	596.6059858743164	-538.8756199127985	-60.35025261852471	282.83239212914356	5년	61.82445449474781	596.6059858743164	282.83239212914356	-2.178208577645086	-0.015761227540684417	1.5350748439774322			5년	1.5350748439774322	양호	5년	26.662227247373906	0.6701694363490722	헐값	N	주당순현금<=0 | FCF<=0	75605000.0	4.745259857856765	-34.12799258950962		-55.52511442567859	145.16019943237305	185.87009983062745	Y	N	중립/개선	단기위험부채 존재
JBL	JABIL INC	0000898293	S&P 500	제외	PEG=헐값, PEGY=불리(<1)	302.95001220703125	5.92	2025	10.0	1933000000.0		1933000000.0	2386000000.0	2400000.0	1513000000.0	17026000000.0	8.161173741841523	91.83882625815848	0.08886409021496534	-4.084761045987376	-4.106402164111812	51.86398196841531	51.86763756269308	-47.00089525514772	-4.9779916366686106	76.05596028525254	-85.50179051029544	-1.455983273337221	160.61192057050508	-506.17059982094895	-8.619420978156349	950.8225697773901	-267.08056756077633	-102.84516277631506	213.85460685428623	5년	160.61192057050508	950.8225697773901	213.85460685428623	-0.7134217977647942	0.09683036613713437	1.6592624981564243	10.568079350766457	3.488390468703596	3년	0.0968303661371343	불리(<1)	5년	76.05596028525254	0.6819187053045713	헐값	N	주당순현금<=0	110900000.0	-8.427281533363773	25.041280226768237		-21.440238474417082	349.8264013671875	276.6108499145508	N	Y	중립/개선	단기위험부채 존재
GE	GENERAL ELECTRIC CO	0000040545	S&P 500	양호	PEG=헐값, PEGY=안심	363.5899963378906	8.14	2025	52.0	43299000000.0		43299000000.0	20469000000.0	25000000.0	18677000000.0	111271000000.0	14.37267214578139	85.62732785421862	0.16785146174654672	21.376404494382022	21.35299625468165	42.04098179895683	42.043857504079725	365.14285714285717	61.56813006403801	69.60524644031413	738.7857142857143	131.636260128076	147.71049288062827	6013.715714285715	1071.5191574425387	1202.363412048314	1553.9827208824147	194.70534619625695	230.69210488699377	3년	131.636260128076	1071.5191574425387	194.70534619625698	9.922291043003373	2.701367218471001	2.8925405934104886	6.709737827715355	1.845413211390964	3년	2.701367218471001	안심	3년	61.56813006403801	0.6828367493901362	헐값	Y		1068000000.0	25.722676691177114	22.227449775055064		-3.984894008068285	340.90560119628907	314.2024005126953	Y	Y	강한 상승추세	단기위험부채 존재
PTC	PTC INC.	0000857005	S&P 500	제외	PEG=헐값, PEGY=판정불가	127.51000213623047	6.08	2025		184415000.0		184415000.0	1172434000.0	25000000.0	3826229000.0	2790943000.0	57.82272245605827	42.177277543941734	1.3709448741876848	-8.180522781655448	-8.387515834968578	22.31752054570492	22.351565455789316	94.87179487179486	31.89223724402268	40.26105826759165	198.24358974358972	72.28447448804536	89.0221165351833	1205.3210256410255	439.4896048873158	541.2544685339145	845.2756689261694	244.67069055317663	324.48000899226986	3년	72.28447448804536	439.4896048873158	244.67069055317663				7.093138594268776	5.562809564296403	판정불가		판정불가	3년	31.89223724402268	0.6997790833845537	헐값	N	주당순현금<=0	120777000.0	-7.001676341175878	-22.54753182629431		-41.11208476650945	127.46960021972656	155.08470069885254	Y	N	주의	단기위험부채 존재
EXPD	EXPEDITORS INTERNATIONAL OF WASHINGTON INC	0000746515	S&P 500	제외	PEG=헐값, PEGY=안심	171.4199981689453	5.95	2025	95.0	1314285000.0	40000.0	1314325000.0			2355633000.0					9.646492818295915	9.646492818295915	27.188824428680572	27.188824428680572	4.020979020979029	-10.357841347469254	38.67934932316548	16.541958041958058	-12.215682694938508	85.85869864633096	98.42465034965045	-72.68331203488412	510.85925694566924	-42.58274915354584	-142.4007191758631	198.01613720832324	5년	85.85869864633096	510.85925694566924	198.01613720832324	3.6419735351457545	3.1131231464073377	4.916702069036558			3년	3.1131231464073377	안심	5년	38.67934932316548	0.7029286920397312	헐값	N	FCF<=0	136249000.0	16.311570423170995	8.233358305413162		-6.225385499359303	165.71220001220703	150.65084972381592	Y	Y	강한 상승추세	
TRGP	Targa Resources Corp.	0001389170	S&P 500	제외	PEG=헐값, PEGY=보통	261.6499938964844	8.49	2025	1.87	166100000.0		166100000.0	5632400000.0		3067900000.0					-25.201936376210234	-25.201936376210234	33.787035367808556	33.787035367808556	47.90940766550523			104.31881533101046			885.6667421602788			238.4929343857244			1년	104.31881533101046	885.6667421602788	238.4929343857244	1.4733286636013587			2.6929460580912865	1.0292169390061927	1년	1.4733286636013587	보통	1년	47.90940766550523	0.7052275745862586	헐값	N	주당순현금<=0	216900000.0	5.346861150853188	34.151970315458115		-8.37943616533009	270.0177996826172	220.8677498626709	N	Y	상승전환	
BLDR	Builders FirstSource, Inc.	0001316835	S&P 500	제외	PEG=헐값, PEGY=판정불가	73.68000030517578	3.89	2025		181753000.0		181753000.0	353830000.0	30074000.0	4352251000.0	6885279000.0	38.72960517124315	61.27039482875686	0.632109606596915	-1.538847453989376	-1.8077927420364508	19.33646471957973	19.4056023257615	-57.064017660044144	-38.61797619693695	26.944391684631476	-105.62803532008829	-68.7359523938739	62.38878336926295	-410.89305739514344	-267.3828548121695	242.69236730643289	-657.6724425804318	-462.89746702591526	229.38703352500465	5년	62.38878336926295	242.69236730643289	229.38703352500465				7.630734560283307	10.35658866541464	판정불가		판정불가	5년	26.944391684631476	0.7176433948074192	헐값	N	주당순현금<=0	111822000.0	-16.3867476070481	-37.181345613390896		-50.61993365735291	76.64540084838868	96.63190029144288	N	N	주의	단기위험부채 존재
L	LOEWS CORP	0000060086	S&P 500	제외	PEG=헐값, PEGY=안심	119.4000015258789	7.97	2025	21.0	495000000.0	4628000000.0	5123000000.0	9191000000.0	10000000.0	18686000000.0	66707000000.0	21.882355696602765	78.11764430339724	0.2801205270811159	-19.45480631276901	-19.502630320420852	17.422184170470253	17.42818467331239	24.33697347893915	24.20001937499827	40.610600779906946	57.1739469578783	56.90003874999654	89.72120155981389	455.67635725429005	453.4933088374724	715.0779764317167	281.63848528555184	279.8101365511136	498.892769927419	3년	56.90003874999654	453.4933088374724	279.8101365511136	2.6022554368230764	2.594394533586098	3.5363304725209996	12.91248206599713	10.814473953920732	3년	2.594394533586098	안심	3년	24.20001937499827	0.7199243893362172	헐값	N	주당순현금<=0	209100000.0	6.256116941770484	16.71554053177251		0.0	110.90379989624023	107.20844997406006	Y	Y	강한 상승추세	단기위험부채 존재
PKG	PACKAGING CORP OF AMERICA	0000075677	S&P 500	제외	PEG=헐값, PEGY=보통	253.24000549316406	8.58	2025	2.38	529000000.0	71800000.0	600800000.0	3967300000.0	0.0	4598000000.0					-37.572544642857146	-37.572544642857146	33.894236612589886	33.894236612589886	-3.9193729003359428	-8.031890655223496	45.85079043342193	0.6612541993281145	-7.563781310446991	100.20158086684386	5.673561030235222	-64.89724364363519	859.7295638375202	-97.75961107756793	-125.62677390456264	239.49200173300724	5년	100.20158086684386	859.7295638375202	239.49200173300724	-0.045416951499186405	-0.16675078774673222	1.4229791036363624	8.131696428571429	3.211063122801478	5년	1.4229791036363624	보통	5년	45.85079043342193	0.7392290578241247	헐값	N	주당순현금<=0	89600000.0	13.769715467691945	13.245689572819398		-0.4520593966915065	228.11580017089844	216.87145027160645	Y	Y	강한 상승추세	
MPC	Marathon Petroleum Corp	0001510295	S&P 500	보류	PEG=헐값, PEGY=보통	306.04998779296875	13.22	2025	1.25	3672000000.0	0.0	3672000000.0	3292000000.0	0.0	17314000000.0	59869000000.0	22.43240091730044	77.56759908269956	0.2891980824800815	1.2418300653594772	1.2418300653594772	23.056592868956827	23.056592868956827	31.150793650793656	-22.2431402744799		70.80158730158732	-35.9862805489598		935.9969841269844	-475.73862885724856		205.83140710992316	-255.444746882025		1년	70.80158730158732	935.9969841269844	205.83140710992316	1.4052724023425758	-0.9105048778800644		15.57843137254902	5.090159122335022	1년	1.4052724023425758	보통	1년	31.150793650793656	0.74016068827734	헐값	Y		306000000.0	31.5834698876561	78.15355943533507		-4.2875974336832545	270.81719787597655	219.86389915466307	Y	Y	강한 상승추세	
ZBH	ZIMMER BIOMET HOLDINGS, INC.	0001136869	S&P 500	제외	PEG=헐값, PEGY=보통	95.75	3.55	2025	1.04	591900000.0	164600000.0	756500000.0	6932000000.0	500000.0	12697700000.0	10386000000.0	55.00721288181703	44.99278711818296	1.222578471018679	-31.07951685958732	-31.082033215903373	35.72662446748939	35.72733330025447	-19.864559819413092	47.77871617006642	17.426534933980655	-31.229119638826184	104.05743234013283	43.35306986796131	-110.86337471783294	369.40388480747157	153.90339803126264	-215.78420336066105	285.8004018876988	60.73461935379909	3년	104.05743234013283	369.40388480747157	285.8004018876988	-0.5269056369023365	1.3664519639825086	0.5168844022973647	7.411172622043281	7.740128064797161	3년	1.3664519639825086	보통	3년	47.77871617006642	0.7477518722002053	헐값	N	주당순현금<=0	198700000.0	15.64009235621311	11.350159761246692		-11.103889319591309	88.08459991455078	91.11279994964599	Y	Y	상승전환	단기위험부채 존재
KVUE	Kenvue Inc.	0001944048	S&P 500	제외	PEG=헐값, PEGY=보통	19.75	0.76	2025	4.26	1062000000.0		1062000000.0	7687000000.0	700000000.0	10765000000.0	16311000000.0	39.75845767469345	60.24154232530654	0.6599840598369199	-3.4433471933471935	-3.807172557172557	30.517562096509465	30.996279680490204	40.74074074074073			89.98148148148147			68.38592592592592			246.2578527894983			1년	89.98148148148147	68.38592592592592	246.2578527894983	1.4745850470764774			0.895010395010395	4.531698202584279	1년	1.4745850470764774	보통	1년	40.74074074074073	0.7490674332779598	헐값	N	주당순현금<=0	1924000000.0	12.599766072510565	12.857142857142856		-10.955817275659518	18.390599937438964	17.47724992275238	Y	Y	강한 상승추세	단기위험부채 존재
EFX	EQUIFAX INC	0000033185	S&P 500	제외	PEG=헐값, PEGY=보통	187.02000427246094	5.32	2025	1.26	180800000.0		180800000.0	4055300000.0		4604300000.0	7126000000.0	39.251340545425094	60.748659454574906	0.6461268593881561	-31.22078968573731	-31.22078968573731	41.02270563124027	41.02270563124027	9.917355371900834	-1.9860869276462576	54.21135723165227	28.33471074380167	4.527826144707484	116.92271446330454	150.74066115702487	24.088035089843817	622.0288409447802	-19.398643079155498	-87.12007563920753	232.60016401163946	5년	116.92271446330454	622.0288409447802	232.60016401163946	0.27246753230700793	-0.017699635274503113	1.352211083547079			5년	1.352211083547079	보통	5년	54.21135723165227	0.7567179227028913	헐값	N	주당순현금<=0 | FCF<=0	124100000.0	8.916194141268608	-10.09950229780362		-28.70811045425743	166.56859985351562	192.67650032043457	Y	N	중립/개선	
ROP	ROPER TECHNOLOGIES INC	0000882835	S&P 500	제외	PEG=헐값, PEGY=안심	390.9200134277344	14.2	2025	97.0	297400000.0		297400000.0	8595800000.0	705200000.0	19881500000.0	14695500000.0	57.49920467362698	42.50079532637302	1.3528971453846415	-76.69500924214418	-83.21256931608133	32.930635399287226	33.389618503085615	231.7757009345794	-7.702444377568895	42.57857188588412	472.0514018691588	-6.90488875513779	93.65714377176823	6703.129906542054	-98.04942032295662	1329.9314415591089	1614.7062509710054	-125.0817090338308	240.20551414028856	5년	93.65714377176823	1329.9314415591089	240.20551414028856	9.983885732787764	2.7116863838091603	4.238562973154938			3년	2.7116863838091603	안심	5년	42.57857188588412	0.7734086405609243	헐값	N	주당순현금<=0 | FCF<=0	108200000.0	10.391962842529923	5.862925517421602		-30.57222762711819	341.6002001953125	385.4529504394531	Y	Y	상승전환	단기위험부채 존재
ADBE	ADOBE INC.	0000796343	S&P 500	보류	PEG=헐값, PEGY=보통	249.17999267578125	16.7	2025	0.010434224562254367	5431000000.0	1164000000.0	6595000000.0	1000000000.0	0.0	11623000000.0	17873000000.0	39.40534309736913	60.59465690263086	0.650310524254462	13.103044496487119	13.103044496487119	14.136344202352943	14.136344202352943	35.11326860841424	18.24924207604421	29.19321269200992	78.72653721682848	44.99848415208843	66.88642538401984	1314.7331715210355	751.4746853398767	1117.0033039131313	427.62389042674505	201.5790622956044	348.2716657619106	3년	44.99848415208843	751.4746853398767	201.57906229560436	2.4846383428560177	1.2916830574603024	2.065855676583719	23.072599531615925	9.259410951840211	3년	1.2916830574603024	보통	3년	18.249242076044215	0.7746263731637231	헐값	Y		427000000.0	2.4588798530337685	-16.2194938383574		-32.78122889928113	228.26560028076173	277.7598501586914	Y	N	중립/개선	
DE	DEERE & CO	0000315189	S&P 500	제외	PEG=헐값, PEGY=보통	639.8400268554688	18.5	2025	1.04	8276000000.0		8276000000.0	32888000000.0		25950000000.0	79989000000.0	24.495228386146746	75.50477161385325	0.3244196076960582	-90.5852042694148	-90.5852042694148	39.482444925669384	39.482444925669384	-27.790788446526154	-7.374709270152346	50.57565655156788	-47.08157689305231	-6.249418540304692	109.65131310313576	-871.0091725214677	-115.6142429956368	2028.5492924080115	-236.12920979671955	-118.06924202035778	217.0400736536343	5년	109.65131310313576	2028.5492924080115	217.0400736536343	-0.6775362695215011	-0.1604436929394374	1.3073064914987098	22.447552447552447	3.508306999465516	5년	1.3073064914987098	보통	5년	50.57565655156788	0.7806610456042691	헐값	N	주당순현금<=0	271700000.0	13.474983768627101	23.238125512187334		-3.4189140534626294	586.5059997558594	545.5338000488281	Y	Y	강한 상승추세	
ORCL	ORACLE CORP	0001341439	S&P 500	제외	PEG=헐값, PEGY=보통	119.95999908447266	5.83	2026	1.67	31289000000.0	605000000.0	31894000000.0	0.0	0.0	42508000000.0					10.945092656142759	10.945092656142759	18.698954790451097	18.698954790451097	34.331797235023046	23.834995611269672	5.082750468287545	77.16359447004609	56.169991222539345	18.66550093657509	449.86375576036875	327.4710488274044	108.81987046023278	275.0114698180238	172.98353728463098	-9.286536103084908	3년	56.169991222539345	327.4710488274044	172.98353728463098	1.9253374126241487	1.3639797463061507	0.3611298355422485	-8.128345916266301	-6.775880275342897	3년	1.3639797463061507	보통	3년	23.834995611269672	0.7845168128166069	헐값	N	FCF<=0	2914000000.0	-27.717525770352292	-31.412233693117386		-63.463587247438525	168.63620056152342	185.73529960632325	N	N	주의	
UDR	UDR, Inc.	0000074208	S&P 500	제외	PEG=헐값, PEGY=보통	39.0	1.13	2025	4.41	1222000.0		1222000.0	5821369000.0		3288462000.0	6456911000.0	33.74382899453926	66.25617100546074	0.5092933757333808	-17.58071064149849	-17.58071064149849	50.071425346458845	50.071425346458845	334.6153846153846	63.19306474930446	41.38706836756314	677.7307692307692	134.8861294986089	91.27413673512628	765.8357692307691	152.42132633342806	103.13977451069269	1863.6814595660744	290.82391367545654	164.4609602838274	3년	134.8861294986089	152.42132633342806	290.82391367545654	6.770835506869812	1.350132621181424	0.9146348051943763			3년	1.350132621181424	보통	3년	63.19306474930446	0.7923563375996883	헐값	N	주당순현금<=0 | FCF<=0	331053000.0	7.705056575722846	5.121298124053131		-5.43162363554509	38.92960006713867	36.75235006332397	Y	Y	강한 상승추세	
NSC	NORFOLK SOUTHERN CORP	0000702165	S&P 500	제외	PEG=헐값, PEGY=보통	338.8399963378906	12.75	2025	1.57	1530000000.0	0.0	1530000000.0	9736000000.0	0.0	15547000000.0	29689000000.0	34.36864444247944	65.63135555752055	0.5236619623429553	-36.4225477141589	-36.4225477141589	29.43235639623918	29.43235639623918	10.19878997407087	-2.7909035954415184	37.019144491250344	28.89757994814174	2.918192809116963	82.53828898250069	368.4441443388072	37.20695831624128	1052.3631845268837	8.73691073098566	-89.01931332830657	210.57820679394328	5년	82.53828898250069	1052.3631845268837	210.57820679394328	0.39985891090849485	-0.041481680195933054	1.3111129795975562	9.573901464713716	2.8254933207963555	5년	1.3111129795975562	보통	5년	37.019144491250344	0.7950577140753661	헐값	N	주당순현금<=0	225300000.0	6.98746660348144	17.25784507267898		-3.370788570346428	318.61279846191405	301.32099975585936	Y	Y	강한 상승추세	
FE	FIRSTENERGY CORP	0001031296	S&P 500	제외	PEG=헐값, PEGY=보통	49.650001525878906	1.76	2025	3.77	57000000.0		57000000.0		325000000.0	12510000000.0	41978000000.0	22.95918367346939	77.04081632653062	0.2980132450331126	0.0986159169550173	-0.46366782006920415	28.154196368706753	28.473675764743245	3.529411764705886	35.33748646850903	-2.4264922046119075	15.558823529411772	79.17497293701805	3.647015590776185	27.38352941176472	139.34795236915178	6.4187474397660855	-44.84687095630462	180.6605198119076	-87.0720095820733	3년	79.17497293701805	139.34795236915178	180.66051981190756	0.2592654987950267	1.3890464482224327	0.04771962864056012			3년	1.3890464482224327	보통	3년	35.33748646850903	0.7967232302669954	헐값	N	FCF<=0	578000000.0	0.14118534134537342	4.482325436861911		-4.353685856629552	47.24359977722168	47.44249984741211	Y	Y	상승전환	단기위험부채 존재
BIIB	BIOGEN INC.	0000875045	S&P 500	제외	PEG=헐값, PEGY=판정불가	205.61000061035156	8.79	2025		2913700000.0	1134989000.0	4048689000.0	6286800000.0		14799400000.0	11182700000.0	56.95998398897702	43.04001601102298	1.3234192100297781	-15.214894629503739	-15.214894629503739	25.122286147878874	25.122286147878874	-21.37745974955278	-25.041283434599325	30.526946389639487	-34.25491949910556	-41.58256686919865	69.55389277927898	-301.1007423971379	-365.51076278025613	611.3787175298622	-246.44265429858612	-277.7689614781579	197.34872609065204	5년	69.55389277927898	611.3787175298622	197.34872609065204				13.941536369816452	6.780573089067224	판정불가		판정불가	5년	30.526946389639487	0.8229544425185319	헐값	N	주당순현금<=0	147100000.0	12.122366198945711	18.08523223996785		-5.087016583147053	199.62640075683595	182.45160034179688	Y	Y	강한 상승추세	
PLTR	Palantir Technologies Inc.	0001321655	S&P 500	보류	PEG=헐값, PEGY=판정불가	123.52999877929688	0.63	2025		1423796000.0	5753247000.0	7177043000.0	0.0		7387268000.0	1412381000.0	83.9495757160314	16.0504242839686	5.230364894458365	2.7978525625907094	2.7978525625907094	191.63832732810502	191.63832732810502	231.57894736842107			471.65789473684214			297.14447368421054			140.54438324337676			1년	471.65789473684214	297.14447368421054	140.54438324337676				0.8188809670368397	0.6629004898639089	판정불가		판정불가	1년	231.57894736842107	0.827529140734999	헐값	Y		2565197000.0	-12.501767114422114	-25.44960708847658		-40.37551735383511	131.43969955444337	153.7399499130249	N	N	주의	
VRT	Vertiv Holdings Co	0001674101	S&P 500	제외	PEG=헐값, PEGY=보통	269.55999755859375	3.41	2025	9.0	1728400000.0		1728400000.0	2892100000.0	20900000.0	3941300000.0	8271100000.0	32.27293570469359	67.7270642953064	0.4765146111158129	-2.9788598174833623	-3.032360006694845	79.92341858535984	79.9391077904072	166.40624999999997		95.30556878636357	341.31249999999994		199.11113757272713	1163.875625		678.9689791229996	331.7686732234854		151.88046641653995	5년	199.11113757272713	678.9689791229996	151.88046641653995	2.194679020300696		1.3050689101212942	4.8477826951533824	1.7984058239574767	5년	1.3050689101212942	보통	5년	95.30556878636357	0.8386017690583825	헐값	N	주당순현금<=0	390652824.0	-11.628364869898355	42.46603667544699		-28.352340406892917	312.56660034179686	245.43490028381348	N	Y	중립/개선	단기위험부채 존재
PFG	PRINCIPAL FINANCIAL GROUP INC	0001126328	S&P 500	제외	PEG=헐값, PEGY=보통	114.08999633789062	5.25	2025	3.02	4431000000.0		4431000000.0	3926300000.0	27700000.0	11883900000.0	328985200000.0	3.486352972446021	96.51364702755399	0.036122901577335394	2.236154186973859	2.113424900310146	21.305493743031764	21.32887075001533	-21.40718562874251	-34.694566556534845	25.297404962923697	-34.31437125748502	-60.88913311306969	59.09480992584739	-180.15044910179637	-319.6679488436159	310.2477521106988	-257.90205529348964	-380.1892883727356	171.93247617596944	5년	59.09480992584739	310.2477521106988	171.93247617596944	-0.8630255581265878	-1.4866854032375767	1.3291128243477233			5년	1.3291128243477233	보통	5년	25.297404962923697	0.8422007622622738	헐값	N	FCF<=0	225700000.0	14.021586169918798	23.701607053355556		0.0	108.16880004882813	94.45025012969971	Y	Y	강한 상승추세	단기위험부채 존재
AMP	AMERIPRISE FINANCIAL INC	0000820027	S&P 500	제외	PEG=헐값, PEGY=보통	546.6199951171875	36.28	2025	1.26	2318000000.0		2318000000.0	2249000000.0		6549000000.0	184355000000.0	3.4305200519632906	96.5694799480367	0.03552385343494888	0.7026476578411406	0.7026476578411406	15.047335927765888	15.047335927765888	9.773071104387304	17.245791047295555	90.92651621947032	28.046142208774608	42.99158209459111	190.35303243894063	1017.5140393343428	1559.7345983917655	6906.008016884766	86.1465091697208	185.3416655673894	1163.4020121060917	3년	42.99158209459111	1559.7345983917655	185.3416655673894	0.7332242170541752	1.229838367145642	6.1264343842662825			3년	1.229838367145642	보통	3년	17.245791047295555	0.8725222221758031	헐값	N	FCF<=0	98200000.0	14.993160428854946	9.690367797667964		0.0	479.0855999755859	475.2663996887207	Y	Y	강한 상승추세	
CLX	CLOROX CO /DE/	0000021076	S&P 500	제외	PEG=헐값, PEGY=보통	100.31999969482422	6.52	2025	5.09	167000000.0		167000000.0	2484000000.0	202000000.0	321000000.0	5079000000.0	5.944444444444445	94.05555555555556	0.06320141760189013	-18.64233588388166	-20.26760642705995	18.245756990599062	18.495031613785915	189.77777777777774	20.46094189649925	22.02423977466943	388.0555555555555	49.4218837929985	52.54847954933886	2530.122222222222	322.2306823303502	342.61608666168934	2422.0516645922175	221.20283424101223	241.52321342098833	3년	49.4218837929985	322.2306823303502	221.20283424101223	10.680169525341226	1.4003771895934	1.4860572673767254	6.12292516514197	6.10339432193785	3년	1.4003771895934	보통	3년	20.46094189649925	0.8917359270601715	헐값	N	주당순현금<=0	124287000.0	3.850933001515222	-11.370264571947775		-21.107268948029155	95.11480026245117	104.5851001739502	Y	N	중립/개선	단기위험부채 존재
DXCM	DEXCOM INC	0001093557	S&P 500	보류	PEG=헐값, PEGY=판정불가	74.8499984741211	2.09	2025		917700000.0	1730000000.0	2647700000.0	4600000.0		2746000000.0	3593900000.0	43.31298600924305	56.68701399075695	0.7640724561061799	6.518125770653514	6.518125770653514	32.694675934673484	32.694675934673484	47.183098591549296	36.597938323358605	-16.208656508885298	102.86619718309859	81.69587664671721	-23.917313017770596	214.99035211267605	170.74438219163895	-49.987184207140544	187.22826519095733	128.11541171997848	-166.78314659475015	3년	81.69587664671721	170.74438219163895	128.11541171997848				2.656473489519112	3.549062850599216	판정불가		판정불가	3년	36.597938323358605	0.8933474789153938	헐값	Y		405500000.0	26.18003853538775	1.6017379320001135		-16.22831588989866	72.34360023498535	67.57265005111694	Y	Y	강한 상승추세	
RJF	RAYMOND JAMES FINANCIAL INC	0000720005	S&P 500	보류	PEG=헐값, PEGY=보통	177.17999267578125	10.3	2025	1.24	11389000000.0		11389000000.0	1190836000.0		12503000000.0	75726000000.0	14.171077536864296	85.8289224631357	0.1651084171882841	49.36187802516941	49.36187802516941	12.409525694234159	12.409525694234159	6.185567010309293	13.848488040155704	12.055643508520287	20.871134020618584	36.19697608031141	32.611287017040574	214.97268041237143	372.82885362720754	335.89625627551794	21.33011022624118	110.42378882441932	89.57911172858492	3년	36.19697608031141	372.82885362720754	110.42378882441932	0.5983763757997163	1.2158795115889298	1.0714062596846747	10.871248789932237	6.135709018695669	3년	1.2158795115889298	보통	3년	13.848488040155704	0.8960924584872323	헐값	Y		206600000.0	13.80306371468054	4.827824042748441		0.0	157.65880035400392	158.06995010375977	Y	Y	상승전환	
SW	Smurfit Westrock plc	0002005951	S&P 500	제외	PEG=헐값, PEGY=보통	50.79999923706055	1.33	2025	3.61	892000000.0		892000000.0	13223000000.0		18327000000.0	26803000000.0	40.60935076445823	59.39064923554177	0.6837667425288214	-23.44296577946768	-23.44296577946768	55.82177820791596	55.82177820791596	62.195121951219534			132.89024390243907			176.74402439024396			247.9213130800648			1년	132.89024390243907	176.74402439024396	247.9213130800648	1.1788431695264028					1년	1.1788431695264028	보통	1년	62.195121951219534	0.8975266300096288	헐값	N	주당순현금<=0 | FCF<=0	526000000.0	25.246542201827005	18.24953519475645		-2.0061745996646674	43.077999954223635	41.172999992370606	Y	Y	강한 상승추세	
FIX	COMFORT SYSTEMS USA INC	0001035983	S&P 500	보류	PEG=헐값, PEGY=보통	1626.3199462890625	28.88	2025	21.0	981898000.0		981898000.0	139063000.0	500000.0	2448774000.0	3992395000.0	38.0175399838135	61.9824600161865	0.6133596500346283	23.80015813401858	23.786039025216727	55.488912332238364	55.489401221047295	97.80821917808218	61.78475841689988	89.88133018013103	204.11643835616437	132.06951683379975	188.26266036026206	5894.882739726027	3814.167646160137	5437.025631204368	262.46759152016625	134.52750824727363	234.31463738796143	3년	132.06951683379975	3814.167646160137	134.52750824727363	2.1411163813541916	1.491915320329733	1.9982610132314733	29.126394261994182	1.7909387589111723	3년	1.491915320329733	보통	3년	61.78475841689988	0.8981003366205699	헐값	Y		35413000.0	-5.40306400957471	40.154082235612584		-21.30113386319803	1832.1673999023437	1385.8423989868163	N	Y	중립/개선	단기위험부채 존재
BA	BOEING CO	0000012927	S&P 500	제외	PEG=헐값, PEGY=보통	221.55999755859375	2.48	2025	3.710056007662728	10921000000.0	18479000000.0	29400000000.0	53848000000.0	6109000000.0	5454000000.0	162778000000.0	3.2419515906605163	96.75804840933948	0.03350575630613473	-32.07136298045389	-40.08526826708645	102.27070989477728	105.50212331680653	113.50762527233115			235.5152505446623			584.0778213507625			163.62061192760996			1년	235.5152505446623	584.0778213507625	163.62061192760996	1.1461510475540357			-2.462285189557917	-1.111340141131181	1년	1.1461510475540355	보통	1년	113.50762527233115	0.901002991203508	헐값	N	주당순현금<=0 | FCF<=0	762300000.0	-3.9701818713788306	-9.40464517075793		-12.131666499444293	219.0043994140625	218.33330032348633	Y	Y	중립/개선	단기위험부채 존재
TXT	TEXTRON INC	0000217346	S&P 500	제외	PEG=헐값, PEGY=양호	89.95999908447266	5.11	2025	8.0	1262000000.0		1262000000.0			7875000000.0	10254000000.0	43.43868939268575	56.561310607314255	0.7679929783499122	7.001076235174028	7.001076235174028	16.23462286679034	16.23462286679034	18.013856812933028			44.527713625866056			227.53661662817555			152.93087921723756			1년	44.527713625866056	227.53661662817555	152.93087921723756	1.602369024915704					1년	1.602369024915704	양호	1년	18.013856812933028	0.9012297052974636	헐값	N	FCF<=0	180258000.0	2.0648964232214073	-4.531469935628252		-10.727396962097192	91.10559997558593	89.52739994049072	N	Y	상승전환	
GOOG	Alphabet Inc.	0001652044	S&P 500	양호	PEG=헐값, PEGY=안심	332.6000061035156	10.81	2025	27.0	30708000000.0	96135000000.0	126843000000.0	46547000000.0	0.0	415265000000.0	180016000000.0	69.75949173583568	30.24050826416432	2.306822726868723	6.565494685200327	6.565494685200327	30.16045434026968	30.16045434026968	34.45273631840798	33.33790189024399	-28.686657181224508	77.40547263681596	75.17580378048798	-48.873314362449015	836.7531592039805	812.6504388670751	-528.3205282580739	151.57941787396015	144.33265903613744	-258.8456159239047	3년	75.17580378048798	812.6504388670751	144.33265903613744	2.0375268762565497	2.0005634268473846	-0.05592280415260569	5.99067865903516	1.8011661302166877	3년	2.0005634268473846	안심	3년	33.33790189024399	0.9046896364253756	헐값	Y		12230000000.0	-4.287768027765293	-0.7164160885028026		-16.64996015905177	359.6083984375	324.00024917602536	N	Y	중립/개선	
GOOGL	Alphabet Inc.	0001652044	S&P 500	양호	PEG=헐값, PEGY=양호	333.7099914550781	10.81	2025	27.0	30708000000.0	96135000000.0	126843000000.0	46547000000.0	0.0	415265000000.0	180016000000.0	69.75949173583568	30.24050826416432	2.306822726868723	6.565494685200327	6.565494685200327	30.26313568639017	30.26313568639017	34.45273631840798	33.33790189024399	-28.686657181224508	77.40547263681596	75.17580378048798	-48.873314362449015	836.7531592039805	812.6504388670751	-528.3205282580739	150.742615033934	143.51996034750692	-258.317264027497	3년	75.17580378048798	812.6504388670751	143.51996034750692	2.0306136467558544	1.993775612531088	-0.05573306080053777	5.99067865903516	1.7951750958711064	3년	1.993775612531088	양호	3년	33.33790189024399	0.907769654671831	헐값	Y		12230000000.0	-4.594318537452613	-0.2510824595846173		-17.115395285336554	361.83539978027346	324.75139976501464	N	Y	중립/개선	
DLTR	DOLLAR TREE, INC.	0000935703	S&P 500	제외	PEG=헐값, PEGY=판정불가	126.76000213623047	6.22	2025		717800000.0	0.0	717800000.0	2431700000.0	0.0	3754900000.0	9711300000.0	27.883887065393353	72.11611293460665	0.3866526623624026	-8.30780416868638	-8.30780416868638	21.715081399504317	21.715081399504317	136.22597553873032	-4.80407167954946	23.90309540249904	280.95195107746065	-1.1081433590989196	56.30619080499808	1747.5211357018052	-6.89265169359528	350.22450680708806	1278.6061109589787	-105.43756041135724	176.2894453336295	5년	56.30619080499808	350.22450680708806	176.2894453336295				9.05186621425109	7.140948297336681	판정불가		판정불가	5년	23.90309540249904	0.9084631523176714	헐값	N	주당순현금<=0	206300000.0	29.057219060094642	4.038087611801577		-10.232989087605283	114.29520034790039	112.89954990386963	Y	Y	강한 상승추세	
RL	RALPH LAUREN CORP	0001037038	S&P 500	제외	PEG=헐값, PEGY=안심	377.4599914550781	15.11	2026	98.0	1988000000.0	77000000.0	2065000000.0	1238900000.0	0.0	2841400000.0	4898100000.0	36.71296595387299	63.28703404612701	0.5801024887201159	13.260032102728731	13.260032102728731	24.10324019539043	24.10324019539043	30.146425495262708	25.853438682213326		68.79285099052541	60.20687736442665		1039.459978466839	909.7259169764867		175.3828225502268	141.01254108271607		3년	60.20687736442665	909.7259169764867	141.01254108271607	5.31656426507212	5.138455978458008				3년	5.138455978458008	안심	3년	25.853438682213326	0.9323030677529562	헐값	N	FCF<=0	62300000.0	2.886580117980997	5.497633371639177		-8.881112503300393	381.6535980224609	359.5913499450684	N	Y	상승전환	
PCAR	PACCAR INC	0000075362	S&P 500	보류	PEG=헐값, PEGY=보통	138.2100067138672	4.51	2025	1.05	3435900000.0		3435900000.0			19264000000.0					6.5222095671981775	6.5222095671981775	29.199068103474282	29.199068103474282	-42.911392405063296	-7.777639865294905	30.977934086980994	-77.32278481012659	-7.05527973058981	70.45586817396199	-348.7257594936709	-31.81931158496004	317.75596546456853	-352.3158545355036	-123.02243689983663	129.90807468985292	5년	70.45586817396199	317.75596546456853	129.90807468985292	-1.433655082988158	-0.23040597876116498	1.0968820639577233	6.971905846621109	5.044429135333794	5년	1.0968820639577233	보통	5년	30.977934086980994	0.9425763519764764	헐값	Y		526800000.0	15.55054427606608	14.402789096021884		0.0	119.68640029907226	115.33270008087158	Y	Y	강한 상승추세	
GILD	GILEAD SCIENCES, INC.	0000882095	S&P 500	제외	PEG=헐값, PEGY=보통	134.32000732421875	6.78	2025	2.51	5412000000.0	68000000.0	5480000000.0	22129000000.0	2807000000.0	22703000000.0					-13.26613545816733	-15.502788844621515	21.767867667018596	22.097757547026585	1684.2105263157894	23.0389935777624	40.69054645685804	3376.9210526315787	54.5779871555248	89.88109291371607	22895.524736842104	370.0387529144582	609.393809954995	16945.505872834998	175.49042044143624	353.68804104071654	3년	54.5779871555248	370.0387529144582	175.49042044143624	77.48671354114349	1.1737021727889658	1.9846016669015765	7.534661354581673	5.609485514987108	3년	1.1737021727889658	보통	3년	23.0389935777624	0.9448271945363657	헐값	N	주당순현금<=0	1255000000.0	3.914600829659798	-4.71731137043343		-13.786903277789575	129.64760055541993	131.5606999206543	Y	Y	상승전환	단기위험부채 존재
JCI	Johnson Controls International plc	0000833444	S&P 500	제외	PEG=헐값, PEGY=보통	140.27999877929688	5.03	2025	1.12	379000000.0	100000000.0	479000000.0	9195000000.0	723000000.0	12927000000.0	8245000000.0	61.05705648970338	38.942943510296615	1.5678593086719224	-13.325179636141263	-14.430515211741325	30.537808830106982	30.75755745348672	99.60317460317462	31.9394360396549	43.04007850240077	207.70634920634924	72.3788720793098	94.58015700480153	1044.7629365079367	364.0657265589283	475.7381897341517	644.7697074418048	159.52789401696137	239.13472617192753	3년	72.3788720793098	364.0657265589283	159.52789401696137	3.2983104702611294	1.0825739405068862	1.4460788181653588			3년	1.0825739405068862	보통	3년	31.9394360396549	0.956116093978375	헐값	N	주당순현금<=0 | FCF<=0	654100000.0	-0.9252048820367009	19.93844038762491		-5.350521270726283	141.85039947509765	130.14869995117186	N	Y	중립/개선	단기위험부채 존재
DG	DOLLAR GENERAL CORP	0000029534	S&P 500	제외	PEG=헐값, PEGY=보통	125.97000122070312	6.85	2025	1.92	1138501000.0		1138501000.0	4172068000.0		8511962000.0	22451768000.0	27.490105358753613	72.50989464124639	0.3791221252598014	-13.738109902451837	-13.738109902451837	20.395344689511674	20.395344689511674	34.050880626223076	-13.760458357934102	21.193089282505095	76.60176125244615	-19.020916715868204	50.88617856501019	524.7220645792561	-130.2932795036972	348.5703231703198	316.5452564058706	-203.43199034778092	176.70899404026707	5년	50.88617856501019	348.5703231703198	176.70899404026707	1.7636809366953792	-0.5805471071064109	1.133253182741796			5년	1.133253182741796	보통	5년	21.193089282505095	0.9623582677183378	헐값	N	주당순현금<=0 | FCF<=0	220814000.0	8.763600028167229	-14.689152040819064		-19.374041991943823	113.79939987182617	122.85474964141845	Y	Y	상승전환	
JPM	JPMORGAN CHASE & CO	0000019617	S&P 500	제외	PEG=헐값, PEGY=보통	357.30999755859375	20.02	2025	1.68	278793000000.0		278793000000.0	267889000000.0	64776000000.0	362438000000.0	4062462000000.0	8.19087437004226	91.80912562995775	0.08921634220824712	3.9201869494876864	-19.367966924321408	17.65183869176354	18.815083141004756	1.3670886075949347	18.30758541328956	17.65495483894246	11.23417721518987	45.115170826579124	43.80990967788492	224.9082278481012	903.205719948114	877.074391751256	-37.055153960191255	152.77930259983873	145.46595330219617	3년	45.115170826579124	903.205719948114	152.77930259983873	0.17262159828237755	1.1323231399466558	1.0953507550442476			3년	1.1323231399466558	보통	3년	18.307585413289562	0.9641816926305306	헐값	N	FCF<=0	2781500000.0	14.724669627265197	18.980387087805383		0.0	324.62400146484373	311.1879507446289	Y	Y	강한 상승추세	단기위험부채 존재
NVDA	NVIDIA CORP	0001045810	S&P 500	양호	PEG=헐값, PEGY=안심	197.00999450683594	4.9	2026	51.0	10605000000.0	34621000000.0	45226000000.0	7469000000.0	0.0	157293000000.0	49510000000.0	76.05934149891442	23.940658501085572	3.1769945465562515	1.5402219140083218	1.5402219140083218	39.89179032506686	39.89179032506686	66.66666666666669	41.21547046890686	-6.616661124591561	141.83333333333337	90.93094093781372	-4.7333222491831215	694.9833333333336	445.5616105952872	-23.1932790209973	252.76552089301174	126.16193239872756	-111.77264081401339	3년	90.93094093781372	445.5616105952872	126.16193239872757	2.9496461730053847	2.3116403078796215	1.1125933058842743	4.184517622583014	2.12401286191489	3년	2.311640307879621	안심	3년	41.21547046890686	0.967883900662044	헐값	Y		24514000000.0	-7.580805836148652	4.503495672589075		-16.42912110114938	207.82339965820313	193.00365028381347	N	Y	중립/개선	
BBY	BEST BUY CO INC	0000764478	S&P 500	보류	PEG=헐값, PEGY=보통	89.47000122070312	5.04	2026	4.34	1738000000.0	0.0	1738000000.0	1144000000.0	110000000.0	2964000000.0					2.8005657708628005	2.281942479962282	17.196316557508002	17.299218004115247	17.757009345794387	-7.119053945313414		44.014018691588774	-5.738107890626829		221.83065420560743	-28.920063768759217		147.93858408294778	-132.32375474928148		1년	44.014018691588774	221.83065420560743	147.93858408294778	1.2849850298985521	-0.16160751263328338		5.931164545025931	6.629221486646716	1년	1.284985029898552	보통	1년	17.757009345794387	0.968424142975451	헐값	Y		212100000.0	51.36186820650246	36.09675103140155		0.0	75.95420036315917	70.63460020065308	Y	Y	강한 상승추세	단기위험부채 존재
EBAY	EBAY INC	0001065088	S&P 500	제외	PEG=헐값, PEGY=보통	117.44000244140625	4.34	2025	1.1	1867000000.0	2625000000.0	4492000000.0	6973000000.0	750000000.0	4615000000.0	12995000000.0	26.20670073821692	73.79329926178308	0.3551365909965371	-5.301282051282051	-6.903846153846154	28.28140195684062	28.650656358353093	10.15228426395939		29.104348914704946	28.80456852791878		66.70869782940989	125.0118274111675		289.5157485796389	6.447398511881874		146.52226035509966	5년	66.70869782940989	289.5157485796389	146.52226035509966	0.3978686870308323		1.0679933392552066	3.0641025641025643	2.6090791045677313	5년	1.0679933392552066	보통	5년	29.104348914704946	0.971724261543314	헐값	N	주당순현금<=0	468000000.0	17.01873428375904	23.361351056823445		-1.2777376048793254	111.67179977416993	96.23075008392334	Y	Y	강한 상승추세	단기위험부채 존재
C	CITIGROUP INC	0000831001	S&P 500	제외	PEG=헐값, PEGY=불리(<1)	132.47000122070312	6.99	2025	2.01	188105000000.0		188105000000.0	315827000000.0	51878000000.0	212291000000.0	2443380000000.0	7.993874241199306	92.00612575880069	0.08688415228085684	-68.18749666328546	-95.88382894666596	28.706365934762314	32.66864523138327	17.67676767676767	-0.047641741369786	29.48968947668986	43.85353535353534	8.404716517260429	67.47937895337972	306.53621212121203	58.7489684556504	471.6808588841243	131.40047504831222	-55.65111503413439	256.06616934974966	5년	67.47937895337972	471.6808588841243	256.06616934974966	0.6857979767103766	0.06835968938352704	1.097306762837052	-39.58784902034061	-29.884387903329777	3년	0.068359689383527	불리(<1)	5년	29.48968947668986	0.9734373757123918	헐값	N	주당순현금<=0 | FCF<=0	1873100000.0	3.0654341234156224	15.402038648110384		-9.061575557194068	134.62560073852538	118.26600002288818	N	Y	상승전환	단기위험부채 존재
PH	Parker-Hannifin Corp	0000076334	S&P 500	제외	PEG=헐값, PEGY=안심	990.9600219726562	27.12	2025	81.0	467000000.0	8390000.0	475390000.0	8796284000.0	1800000000.0	13682000000.0	15803000000.0	46.40325589282686	53.596744107173144	0.8657849775359109	-63.90855606758833	-77.73344086021505	38.89633399853409	39.406101136905285	24.175824175824182	39.03778474522208	64.23010312898325	56.851648351648365	86.57556949044417	136.9602062579665	1541.8167032967037	2347.929444580846	3714.3607937160514	55.58818409520534	136.9348301162479	274.82448447537297	3년	86.57556949044417	2347.929444580846	136.9348301162479	2.704003523308598	3.0860950738891235	3.7337735513700756	25.6605222734255	2.589460896953677	3년	3.0860950738891235	안심	3년	39.03778474522208	0.9963765683014248	헐값	N	주당순현금<=0	130200000.0	2.98256312387144	7.0185916742183		-3.1338582771120893	923.3620007324218	903.4278985595703	Y	Y	강한 상승추세	단기위험부채 존재
HSIC	HENRY SCHEIN INC	0001000228	S&P 500	제외	PEG=헐값, PEGY=판정불가	85.70999908447266	3.27	2025		80209000.0		80209000.0	363524000.0	764000000.0	3245000000.0	6421000000.0	33.57128077798469	66.4287192220153	0.5053729948606136	-2.327636739241161	-8.604446893240233	26.922824410921656	28.842338219484066	7.213114754098368	-5.784216280166666	26.993797939062315	22.926229508196734	-3.0684325603333313	62.48759587812463	74.96877049180333	-10.033774472289993	204.33443852146755	-12.532060094975805	-111.706655675496	138.40210092650094	5년	62.48759587812463	204.33443852146755	138.40210092650094						판정불가		판정불가	5년	26.993797939062315	0.9973707468544856	헐값	N	주당순현금<=0 | FCF<=0	121717876.0	12.598523373439097	11.499929780194652		-2.889194414273688	81.02639999389649	75.94444997787475	Y	Y	강한 상승추세	단기위험부채 존재
XYZ	Block, Inc.	0001512673	S&P 500	보류	PEG=보통, PEGY=판정불가	83.0999984741211	2.1	2025		6564092000.0	1081851000.0	7645943000.0	4109829000.0	455000.0	22204278000.0	17380005000.0	56.093672329495014	43.906327670504986	1.2775760421242686	5.677421737273577	5.676691210234443	36.8678936842131	36.86824155423174	-53.94736842105262		36.69521853880895	-99.39473684210525		81.8904370776179	-208.72894736842102		171.96991786299762	-351.17803995318144		106.94334659530983	5년	81.8904370776179	171.96991786299762	106.94334659530983				3.8929480860191576	4.684654822504593	판정불가		판정불가	5년	36.69521853880895	1.0047056579107585	보통	Y		622838000.0	19.499564826099935	28.657691880641735		0.0	74.7093994140625	67.59014987945557	Y	Y	강한 상승추세	단기위험부채 존재
INTU	INTUIT INC.	0000896878	S&P 500	제외	PEG=보통, PEGY=보통	312.989990234375	13.67	2025	1.58	2884000000.0	485000000.0	3369000000.0	5973000000.0	0.0	19710000000.0	17248000000.0	53.33080794415282	46.66919205584718	1.1427411873840445	-9.201413427561837	-9.201413427561837	23.5692321625411	23.5692321625411	31.064237775647175	23.370799285623757	52.08691360323674	70.62847555129434	55.24159857124751	112.67382720647348	965.4912607861937	755.1526524689534	1540.2512179124924	208.47352660166825	141.27054411659478	392.1087785456374	3년	55.24159857124751	755.1526524689534	141.27054411659478	1.3850361161756093	1.058617400582035	2.2769903250615986	21.636042402826856	6.912694679668582	3년	1.058617400582035	보통	3년	23.370799285623754	1.0084906328830356	보통	N	주당순현금<=0	283000000.0	-21.826767966101535	-42.61276563552994		-61.23434962585455	296.61320129394534	471.87325073242187	Y	N	주의	
IEX	IDEX CORP /DE/	0000832101	S&P 500	제외	PEG=보통, PEGY=보통	224.64999389648438	6.41	2025	1.3	580000000.0		580000000.0	1820100000.0	0.0	4027500000.0	2900800000.0	58.131143281901764	41.868856718098236	1.3884100937672366	-16.46879150066401	-16.46879150066401	37.61603516336168	37.61603516336168	-3.4638554216867403	-5.969686551893727	37.169267564172536	1.5722891566265194	-3.439373103787453	82.83853512834507	10.07837349397599	-22.046381595277573	530.9950101726919	-95.5137441496571	-109.81365777620996	136.36546832819727	5년	82.83853512834507	530.9950101726919	136.36546832819727	-0.05752481388028776	-0.12414084928445726	1.022682677669387	8.191235059760956	3.646220913558255	5년	1.022682677669387	보통	5년	37.169267564172536	1.0120198117549075	보통	N	주당순현금<=0	75300000.0	9.393257318270809	15.293809011808435		-1.8824304205970144	219.04580139160157	196.67025024414062	Y	Y	강한 상승추세	
RMD	RESMED INC	0000943819	S&P 500	보류	PEG=보통, PEGY=보통	208.9600067138672	9.51	2025	1.18	1209450000.0		1209450000.0	1078611000.0	9900000.0	5967859000.0	2206532000.0	73.00677200295411	26.9932279970459	2.704632880919017	0.8880073299850686	0.8208158001900366	21.87928489841032	21.886350253804117	37.42774566473988	21.51639654394364	17.368222766330476	83.35549132947976	51.53279308788728	43.23644553266095	792.7107225433525	490.076862265808	411.17859701560565	279.360019656214	134.53141583062796	96.77382456186467	3년	51.53279308788728	490.076862265808	134.53141583062796	1.7645798683093614	1.0373463597794592	0.8477526963268407	11.278152572281797	5.397278048389988	3년	1.0373463597794592	보통	3년	21.51639654394364	1.0168656658528086	보통	Y		147340000.0	-3.7671514685337137	-18.21526156013026		-28.85983764063067	198.82140075683594	232.95690048217773	Y	N	주의	단기위험부채 존재
TROW	PRICE T ROWE GROUP INC	0001113169	S&P 500	보류	PEG=보통, PEGY=보통	121.68000030517578	9.24	2025	4.36	3378200000.0		3378200000.0			10860100000.0	2288600000.0	82.59447702054196	17.405522979458045	4.745302805208424	15.334543803903768	15.334543803903768	11.509248539098703	11.509248539098703	0.9836065573770475	11.309540391033558	22.643785680119024	10.467213114754095	31.119080782067115	53.78757136023805	96.71704918032785	287.54030642630016	496.99715936859957	-20.515245777646594	136.30860100685695	308.4460536835315	3년	31.119080782067115	287.54030642630016	136.30860100685695	0.4642880496692714	1.36147380411516	2.3462683587362783	6.71448025419882	5.518146151675522	3년	1.36147380411516	보통	3년	11.309540391033558	1.017658378781111	보통	Y		220300000.0	20.75022760611367	15.544585629179108		0.0	110.44460006713867	102.3339497756958	Y	Y	강한 상승추세	
ICE	Intercontinental Exchange, Inc.	0001571949	S&P 500	제외	PEG=보통, PEGY=보통	152.72000122070312	5.77	2025	1.4	837000000.0	16000000.0	853000000.0	18609000000.0	1035000000.0	28915000000.0	107896000000.0	21.134996454963417	78.86500354503659	0.26798954548824794	-30.88	-32.68	31.81975757724491	32.13171598279084	20.711297071129692	30.77318536913174	44.058395353098234	49.922594142259385	70.04637073826348	96.61679070619647	288.05336820083664	404.16755915978024	557.4788823747535	88.61535221215502	164.6461209594269	265.03331450941624	3년	70.04637073826348	404.16755915978024	164.6461209594269	0.6948920656435805	1.011107180531745	1.4286216745286158	7.459130434782609	4.8841869926409025	3년	1.011107180531745	보통	3년	30.77318536913174	1.0340092257450533	보통	N	주당순현금<=0	575000000.0	-2.2904681773225466	-11.865187963661395		-18.959934362510133	140.27740051269532	154.78770050048828	Y	N	주의	단기위험부채 존재
FFIV	F5, INC.	0001048695	S&P 500	보류	PEG=보통, PEGY=판정불가	403.4599914550781	11.8	2025		1344273000.0	0.0	1344273000.0	0.0	0.0	3591999000.0	1628778000.0	68.80200016204483	31.197999837955155	2.2053336918843454	22.906976347897213	22.906976347897213	32.250255517557704	32.250255517557704	23.560209424083766	30.824915840645065	56.42360566588014	55.62041884816753	70.14983168129012	121.34721133176028	656.3209424083769	827.7680138392235	1431.8970937147715	62.67311661841761	105.16731060591135	254.90435831087882	3년	70.14983168129012	827.7680138392235	105.16731060591135				15.445538818076477	3.828270248648981	판정불가		판정불가	3년	30.824915840645062	1.0462398562345212	보통	Y		58684000.0	32.80884166913538	49.19202839264454		-6.446231433713323	399.96720031738283	310.16510009765625	Y	Y	강한 상승추세	
AMZN	AMAZON COM INC	0001018724	S&P 500	보류	PEG=보통, PEGY=판정불가	230.86000061035156	7.17	2025		86810000000.0	36219000000.0	123029000000.0	65648000000.0	455000000.0	411065000000.0					5.29980604045442	5.257781472245313	31.4588834825519	31.464744649666144	29.656419529837247		-12.638188158251552	67.8128390596745		-16.776376316503104	486.2180560578662		-120.28661818932726	110.61164981910885		-152.10370695283353	1년	67.8128390596745	486.2180560578662	110.61164981910885				12.263507896924356	5.312097316339724	판정불가		판정불가	1년	29.656419529837247	1.0607782052348296	보통	Y		10827000000.0	-11.1051252372251	-5.648190485170634		-16.047853082365393	247.72120056152343	234.66445014953612	N	N	주의	단기위험부채 존재
CPRT	COPART INC	0000900075	S&P 500	제외	PEG=보통, PEGY=판정불가	30.690000534057617	1.59	2025		186319000.0		186319000.0	325386000.0	50370000.0	5987440000.0	883411000.0	87.14262614630996	12.85737385369003	6.777638041636339	-0.1422588620886838	-0.19378495299024207	19.391358110783838	19.423764457262802	13.571428571428584	-29.408420975097684	18.170645193625703	35.64285714285717	-50.31684195019537	44.841290387251405	56.6721428571429	-80.00377870081064	71.29765171572974	84.65996047882803	-360.6835363591084	132.31557665373316	5년	44.841290387251405	71.29765171572974	132.31557665373316				1.2590083708159985	4.102340661150654	판정불가		판정불가	5년	18.170645193625703	1.06718049382123	보통	N	주당순현금<=0	977563000.0	-7.9484091373784205	-23.978198300574526		-38.583150321512484	30.146800117492674	36.083850088119505	Y	N	주의	단기위험부채 존재
PEG	PUBLIC SERVICE ENTERPRISE GROUP INC	0000788784	S&P 500	제외	PEG=보통, PEGY=보통	78.94999694824219	4.22	2025	3.38	132000000.0		132000000.0	21670000000.0	1529000000.0	13130000000.0					-42.99001996007984	-46.041916167664674	28.895738603867784	29.618936757323905	19.20903954802259	27.00332083242836	2.3351713791253115	46.91807909604518	62.506641664856716	13.170342758250623	197.99429378531067	263.77802782569535	55.578846439817625	150.7844223415375	234.10771123730652	-29.602471705915523	3년	62.506641664856716	263.77802782569535	234.10771123730655	0.7817429364826473	1.0514810245536155	0.19778595928883153	0.05189620758483034	0.06573300771481005	3년	1.0514810245536157	보통	3년	27.003320832428358	1.070080927571205	보통	N	주당순현금<=0	501000000.0	-2.1200181455861666	-1.8279050661192064		-12.414025423979858	79.61179977416992	81.01000003814697	N	N	주의	단기위험부채 존재
NEM	NEWMONT Corp /DE/	0001164727	S&P 500	제외	PEG=보통, PEGY=불리(<1)	91.5199966430664	6.39	2025	1.11	7647000000.0	594000000.0	8241000000.0	5115000000.0	0.0	33867000000.0	23079000000.0	59.47213149299336	40.52786850700664	1.4674379305862473	2.82129963898917	2.82129963898917	13.8808602510293	13.8808602510293	118.83561643835617		12.729803073711565	246.17123287671234		33.95960614742313	1573.0341780821918		217.0018832820338	1618.7874079772112		137.10870983568154	5년	33.95960614742313	217.0018832820338	137.10870983568154	8.641079462597565		0.9970421734261973			5년	0.9970421734261972	불리(<1)	5년	12.729803073711565	1.0904222296804256	보통	N	FCF<=0	1108000000.0	-16.724299024221978	-27.937010517270544		-30.640395028606616	99.6631997680664	104.12899990081787	N	N	주의	
LMT	LOCKHEED MARTIN CORP	0000936468	S&P 500	제외	PEG=보통, PEGY=불리(<1)	581.3099975585938	21.49	2025	2.38	4121000000.0	3000000.0	4124000000.0	20532000000.0	0.0	6721000000.0	53119000000.0	11.231617647058824	88.76838235294117	0.1265272313108304	-70.26980728051392	-70.26980728051392	30.320139824993376	30.320139824993376	-3.6754818467055146	-0.2623064045820689	27.492062613344558	1.1490363065889708	7.975387190835862	63.484125226689116	24.69279022859698	171.39107073106265	1364.2738511215491	-95.75221648822442	-70.51640751907297	134.68955580521143	5년	63.484125226689116	1364.2738511215491	134.68955580521143	-0.04272677679532429	0.06984445347683661	0.9852217959997842	32.61241970021413	5.61015978345133	3년	0.0698444534768366	불리(<1)	5년	27.492062613344558	1.102868862603131	보통	N	주당순현금<=0	233500000.0	13.472842040951672	-2.2926320478317774		-14.096351843902976	525.5834033203125	544.0405516052247	Y	Y	상승전환	
LLY	ELI LILLY & Co	0000059478	S&P 500	제외	PEG=보통, PEGY=양호	1220.6600341796875	22.95	2025	57.99999999999999	7268000000.0	154800000.0	7422800000.0	40868000000.0	1000000000.0	26535000000.0					-37.19025909040365	-38.30223507172245	54.80829164575561	54.85674375823137	95.98633646456018	49.27183319275166	27.579995682880675	200.47267292912036	107.04366638550331	63.65999136576135	4600.8478437233125	2456.652143547301	1460.996801844223	276.9147604488576	101.25604793788708	19.689083031709774	3년	107.04366638550331	2456.652143547301	101.25604793788709	2.809544538622469	1.9572190625112988	1.5614424955262776			3년	1.9572190625112988	양호	3년	49.27183319275166	1.1123655868728346	보통	N	주당순현금<=0 | FCF<=0	899300000.0	39.66361947136012	17.4264819686446		-1.2059328326800234	1137.3348059082032	1019.7662045288085	Y	Y	강한 상승추세	단기위험부채 존재
DLR	DIGITAL REALTY TRUST, INC.	0001297996	S&P 500	제외	PEG=보통, PEGY=불리(<1)	193.17999267578125	3.58	2025	2.49	3451647000.0		3451647000.0	2940210000.0		22925663000.0	24564494000.0	48.2745571887665	51.72544281123349	0.93328456104164	1.470449383283977	1.470449383283977	53.5501517576808	53.5501517576808	122.36024844720497	47.747457450932274	86.18839525621738	253.22049689440993	103.99491490186455	180.87679051243475	906.5293788819876	372.3017953486751	647.5389100345164	369.2667011347486	92.72275052495648	235.1997797832496	3년	103.99491490186455	372.3017953486751	92.72275052495648	2.331463952000798	0.9381384702374185	1.6559877487835142			3년	0.9381384702374184	불리(<1)	3년	47.747457450932274	1.12152886491834	보통	N	FCF<=0	347810000.0	-0.7195031052004031	18.39911028430763		-5.262130740828375	185.06219909667968	175.85964973449708	Y	Y	강한 상승추세	
MET	METLIFE INC	0001099219	S&P 500	제외	PEG=보통, PEGY=불리(<1)	97.48999786376953	4.71	2025	2.49	22032000000.0	3601000000.0	25633000000.0	23692000000.0	355000000.0	28398000000.0	716245000000.0	3.813639556136296	96.1863604438637	0.03964844431723782	2.882815980989158	2.355562156542403	20.086450505898167	20.198393993041854	-20.707070707070713	17.4111403260089	102.01265397268551	-32.914141414141426	43.3222806520178	212.52530794537103	-155.02560606060612	204.04794187100384	1000.9942004226975	-259.0169345138725	109.3014117777868	926.7660502172394	3년	43.3222806520178	204.04794187100384	109.30141177778681	-0.9069332932526564	0.9907743690287713	5.202644137748451			3년	0.9907743690287713	불리(<1)	3년	17.4111403260089	1.153655081160472	보통	N	FCF<=0	673300000.0	24.540111630090156	27.122173373583045		0.0	87.51239929199218	79.48584968566894	Y	Y	강한 상승추세	단기위험부채 존재
PPG	PPG INDUSTRIES INC	0000079879	S&P 500	제외	PEG=보통, PEGY=불리(<1)	119.01000213623047	6.94	2025	2.5	2163000000.0	56000000.0	2219000000.0	6602000000.0	4000000.0	7941000000.0	14001000000.0	36.19086683073557	63.80913316926442	0.567173773301907	-19.299867899603697	-19.31748128577719	19.929376085855065	19.931914037753266	46.10526315789475	17.118429805639778	43.51289451505902	100.7105263157895	42.736859611279556	95.52578903011803	698.9310526315792	296.5938057022801	662.9489758690191	487.2876565715161	149.2175450621116	457.05315853212323	3년	42.736859611279556	296.5938057022801	149.2175450621116	2.4388753038983735	0.9843975908289482	2.3087975417211783	5.121092029942757	4.303077000268141	3년	0.9843975908289482	불리(<1)	3년	17.118429805639778	1.1642058478569806	보통	N	주당순현금<=0	227100000.0	10.521918461129598	7.916216406934251		-9.539370367329026	115.51599990844727	109.31994987487793	Y	Y	강한 상승추세	단기위험부채 존재
CCI	CROWN CASTLE INC.	0001051470	S&P 500	제외	PEG=보통, PEGY=불리(<1)	75.75	1.01	2025	5.73	99000000.0		99000000.0	24337000000.0		7089221000.0	33153000000.0	17.616376094152457	82.38362390584754	0.21383346906765602	-55.464530892448515	-55.464530892448515	129.91537712123616	129.91537712123616	111.24721603563475	-36.03957271499858	-15.540072887114587	230.9944320712695	-63.579145429997155	-22.580145774229173	233.3043763919822	-64.21493688429713	-22.805947231971466	207.99257609502598	-184.7721939066629	-130.10686103230555	1년	230.9944320712695	233.3043763919822	207.99257609502598	0.9004108568801089	-0.2333024264457462	-0.07551125282082576			1년	0.9004108568801089	불리(<1)	1년	111.24721603563475	1.1678078944431438	보통	N	주당순현금<=0 | FCF<=0	437000000.0	-12.092373668751645	-12.680115273775217		-30.71435220768143	84.1147999572754	87.38169982910156	N	N	주의	
WBD	Warner Bros. Discovery, Inc.	0001437107	S&P 500	제외	PEG=보통, PEGY=판정불가	25.610000610351562	0.29	2025		4566000000.0		4566000000.0	32567000000.0	0.0	35919000000.0	62919000000.0	36.34128574030232	63.65871425969769	0.5708768416535546	-11.067588932806323	-11.067588932806323	126.47444670054445	126.47444670054445	106.27705627705627			221.05411255411255			64.10569264069264			150.3150765829389			1년	221.05411255411255	64.10569264069264	150.3150765829389				1.2205533596837945	4.765924758277619	판정불가		판정불가	1년	106.27705627705627	1.190044691968463	보통	N	주당순현금<=0	2530000000.0	-4.972171111885848	-8.763801607472942		-14.576380915977794	26.682800102233887	26.343800048828125	N	N	주의	
SWKS	SKYWORKS SOLUTIONS, INC.	0000004127	S&P 500	보류	PEG=보통, PEGY=보통	64.68000030517578	3.08	2025	4.48	1161300000.0	212900000.0	1374200000.0	496400000.0		5757100000.0	2159900000.0	72.71820133889099	27.281798661109008	2.665447474420112	5.659574468085107	5.659574468085107	19.162475921133336	19.162475921133336	-16.531165311653112	-26.666925336211623	16.101965535917493	-24.562330623306224	-44.833850672423246	40.70393107183499	-75.65197831978317	-138.0882600710636	125.36810770125176	-216.96347860673927	-313.4945260042208	93.828242284686	5년	40.70393107183499	125.36810770125176	93.828242284686	-0.6288939571927907	-1.1578318703452497	1.0740765243816262	7.129593810444875	11.022872258512272	5년	1.0740765243816262	보통	5년	16.101965535917493	1.1900706083607608	보통	Y		155100000.0	6.067564432132766	7.710243342114453		-22.464634710032705	69.05140022277833	64.69314992904663	N	N	중립/개선	
XYL	Xylem Inc.	0001524472	S&P 500	제외	PEG=보통, PEGY=불리(<1)	124.97000122070312	3.92	2025	1.43	1479000000.0		1479000000.0	1408000000.0	534000000.0	11480000000.0	5885000000.0	66.10999136193493	33.89000863806507	1.9507221750212405	0.2909907620679197	-1.8975876455978427	31.80587001495796	32.36418083324004	7.397260273972603	25.99210498948732	36.73964338359592	23.294520547945204	60.48420997897464	81.97928676719184	91.3145205479452	237.0981031175806	321.358804127392	-26.930847678652658	89.72401440474805	157.1487564922534	3년	60.48420997897464	237.0981031175806	89.72401440474805	0.277535570315204	0.862171195964487	1.2000817259721286			3년	0.862171195964487	불리(<1)	3년	25.99210498948732	1.223674266775317	보통	N	FCF<=0	243994000.0	5.9876154179634655	-10.996369232039871		-18.293557558557783	114.28680038452148	128.7514002609253	Y	N	중립/개선	단기위험부채 존재
WST	WEST PHARMACEUTICAL SERVICES INC	0000105770	S&P 500	보류	PEG=보통, PEGY=불리(<1)	337.0	6.79	2025	27.0	791300000.0	7500000.0	798800000.0	202800000.0	0.0	3176000000.0	1094000000.0	74.37939110070258	25.620608899297427	2.903107861060329	8.198074277854195	8.198074277854195	48.42443677793017	48.42443677793017	1.4947683109118033	-4.229866358140244	39.39782987966147	11.489536621823607	0.04026728371951194	87.29565975932294	78.01395366218229	0.2734148564554861	592.7375297658028	-76.85045885395184	-99.91886799511708	75.88650734890292	5년	87.29565975932294	592.7375297658028	75.88650734890292	0.588437784864408	0.47021989633625294	1.3711636995212886	6.449793672627235	1.9138853627973993	3년	0.4702198963362529	불리(<1)	5년	39.39782987966147	1.2291143173580874	보통	Y		72700000.0	15.359598249822714	40.107263838312775		-7.858038771193088	336.0490008544922	283.74145050048827	Y	Y	강한 상승추세	
CBRE	CBRE GROUP, INC.	0001138118	S&P 500	제외	PEG=보통, PEGY=판정불가	147.0500030517578	3.85	2025		1864000000.0		1864000000.0	5050000000.0	2465000000.0	8878000000.0	21251000000.0	29.46662683793023	70.53337316206976	0.41776857559644254	-10.593461930091989	-18.789596160373456	40.94635454074021	43.075220574579554	22.611464968152863	-3.5428381522206065	32.860400171986704	53.722929936305725	1.414323695558787	74.22080034397341	206.83328025477704	5.44514622790133	285.75008132429764	40.655066958398535	-96.29707846657794	94.3217105706016	5년	74.22080034397341	285.75008132429764	94.3217105706016				4.318714363628149	2.9369019204359166	판정불가		판정불가	5년	32.860400171986704	1.2460698690957128	보통	N	주당순현금<=0	300751541.0	0.08167861019456879	-13.188497797028653		-14.311518834125735	134.68800033569335	148.0438505935669	Y	N	중립/개선	단기위험부채 존재
GS	GOLDMAN SACHS GROUP INC	0000886982	S&P 500	제외	PEG=보통, PEGY=불리(<1)	1033.3399658203125	51.32	2025	1.91	164259000000.0		164259000000.0	236027000000.0	69709000000.0	124972000000.0	1684348000000.0	6.907125328852828	93.09287467114717	0.07419606874588862	-225.9697732997481	-445.4565491183879	24.538381510523394	28.815208786802426	26.591021213616184	19.517790861873507	15.71173099479697	61.68204242723237	47.535581723747015	39.92346198959394	3165.522417365565	2439.526054062697	2048.872069305961	206.3389128526185	136.0816512236696	98.27666954500039	3년	47.535581723747015	2439.526054062697	136.0816512236696	1.161487411115252	0.8732357043468456	0.718129310494248	-148.6712846347607	-14.387451327960457	3년	0.8732357043468456	불리(<1)	3년	19.517790861873507	1.2572315014634787	보통	N	주당순현금<=0 | FCF<=0	317600000.0	11.52554955849887	11.14529088138465		-10.305796175934601	1045.3769982910155	913.0176010131836	N	Y	상승전환	단기위험부채 존재
HBAN	HUNTINGTON BANCSHARES INC /MD/	0000049196	S&P 500	제외	PEG=보통, PEGY=불리(<1)	17.299999237060547	1.39	2025	3.61	2672000000.0		2672000000.0	17221000000.0	1261000000.0	24342000000.0	200727000000.0	10.8153499593458	89.1846500406542	0.12126918650704688	-9.668163175256307	-10.506128242546032	19.401555692314286	20.00440825870977	13.93442622950819	-1.3987851140241592	15.035833064612024	36.36885245901638	5.702429771951682	38.57166612922405	50.55270491803277	7.926377383012837	53.61461591962142	192.21218004297555	-54.18278767300332	209.91108834714095	5년	38.57166612922405	53.61461591962142	209.91108834714095	0.9042793530447779	0.11397100938930321	0.96104834892175	1.4719211927412688	8.508215362160696	3년	0.1139710093893032	불리(<1)	5년	15.035833064612024	1.290354555610046	보통	N	주당순현금<=0	1504836000.0	4.5317222632887955	-0.7458466198456137		-10.223150876519227	17.108400020599365	16.768899970054626	Y	Y	상승전환	단기위험부채 존재
WTW	WILLIS TOWERS WATSON PLC	0001140536	S&P 500	제외	PEG=보통, PEGY=불리(<1)	316.1600036621094	16.26	2025	1.27	3132000000.0	0.0	3132000000.0	5756000000.0	988000000.0	7976000000.0	21478000000.0	27.079513818157125	72.92048618184288	0.37135673712636186	-26.505050505050505	-36.484848484848484	21.074111572396056	21.687875285790764	1793.7500000000005		16.276465322384226	3596.000000000001		41.05293064476845	58470.96000000002		667.5206522839351	18394.104036793302		111.13380710778848	5년	41.05293064476845	667.5206522839351	111.13380710778848	85.17654439825634		0.8326075935446541	16.454545454545453	5.2044993876363215	5년	0.8326075935446541	불리(<1)	5년	16.276465322384226	1.2947597131801007	보통	N	주당순현금<=0	99000000.0	8.690868521362095	0.5853895059224401		-9.650498591288404	270.6111990356445	298.5790495300293	Y	Y	상승전환	단기위험부채 존재
SWK	STANLEY BLACK & DECKER, INC.	0000093556	S&P 500	제외	PEG=보통, PEGY=불리(<1)	94.19000244140625	2.65	2025	3.57	280100000.0		280100000.0	4703300000.0	605600000.0	9054600000.0					-29.12337534073401	-33.110786288995115	46.53335010646803	48.03803348317033	35.8974358974359		-1.0951545801409002	80.2948717948718		6.3096908397182	212.78141025641025		16.720680725253228	125.90657685647413		-82.24792409825572	1년	80.2948717948718	212.78141025641025	125.90657685647413	0.8481537608432369		0.05318433798977869	4.5292932485284245	4.808677281164749	5년	0.0531843379897786	불리(<1)	1년	35.8974358974359	1.2962861815373237	보통	N	주당순현금<=0	151878000.0	20.247670419514428	16.197884626534265		0.0	84.74480010986328	77.61450012207031	Y	Y	강한 상승추세	단기위험부채 존재
MTB	M&T BANK CORP	0000036270	S&P 500	제외	PEG=보통, PEGY=불리(<1)	252.61000061035156	17.0	2025	2.42	1420888000.0		1420888000.0	10911000000.0	2149000000.0	29177000000.0	184333000000.0	13.665402088895135	86.33459791110486	0.15828419219564593	-59.76479775302127	-73.29831035763992	18.374988139021934	19.171077115764206	16.12021857923497	13.816843747424093	11.330076475388973	40.74043715846994	36.13368749484818	31.160152950777945	692.587431693989	614.2726874124191	529.722600163225	174.1726099602439	143.1703756495091	109.69977391366896	3년	36.13368749484818	614.2726874124191	143.1703756495091	1.0089921386050935	0.8836383253463339	0.7483039646805923			3년	0.8836383253463339	불리(<1)	3년	13.816843747424091	1.329897657882078	보통	N	주당순현금<=0 | FCF<=0	158791000.0	16.13184794440223	16.14786621461157		-0.5629006115468571	230.77699981689454	212.08835014343262	Y	Y	강한 상승추세	단기위험부채 존재
FDS	FACTSET RESEARCH SYSTEMS INC	0001013237	S&P 500	제외	PEG=보통, PEGY=불리(<1)	283.8699951171875	15.55	2025	1.75	337651000.0	17445000.0	355096000.0	1368260000.0	0.0	2186413000.0	2117859000.0	50.79634837203597	49.203651627964035	1.0323694825765077	-26.394789631366418	-26.394789631366418	19.952719276434333	19.952719276434333	11.79007907979871	14.904095738686006	46.6827292996804	32.08015815959742	38.30819147737201	101.8654585993608	498.84645938173986	595.6923774731348	1584.0078812200607	75.73060484106662	109.84689742472446	458.0046882257313	3년	38.30819147737201	595.6923774731348	109.84689742472446	0.678608208345344	0.8346779959138577	2.4273748669878352	17.33682428031783	6.107311296905763	3년	0.8346779959138577	불리(<1)	3년	14.904095738686006	1.3387406808347186	보통	N	주당순현금<=0	38385000.0	23.658302028310253	5.661427546992659		-31.678258973926564	242.15259887695314	247.9197996520996	Y	Y	상승전환	
HOOD	Robinhood Markets, Inc.	0001783879	S&P 500	제외	PEG=보통, PEGY=판정불가	92.76000213623047	2.05	2025		4261000000.0		4261000000.0			7972000000.0	28986000000.0	21.570431300395043	78.42956869960496	0.2750293245014835	4.637662377147143	4.637662377147143	42.98650719955285	42.98650719955285	31.410256410256395			71.32051282051279			146.2070512820512			57.618637251998535			1년	71.32051282051279	146.2070512820512	57.618637251998535						판정불가		판정불가	1년	31.410256410256395	1.368550025128622	보통	N	FCF<=0	918781846.0	13.025469088773999	-11.858605074939376		-39.15781316321208	95.94500076293946	100.13762512207032	N	N	중립/개선	
JBHT	HUNT J B TRANSPORT SERVICES INC	0000728535	S&P 500	제외	PEG=보통, PEGY=보통	277.6199951171875	6.12	2025	64.0	17284000.0		17284000.0	766938000.0	699859000.0	3565085000.0	4362070000.0	44.97307041429113	55.02692958570887	0.8172920196145408	-7.673962001474081	-14.838188928015724	46.616659659912024	47.78728497470641	10.071942446043176	-12.736907999542591	33.56042305195701	28.64388489208635	-16.973815999085183	75.62084610391402	175.30057553956848	-103.87975391440132	462.7995781559538	-36.85592586169035	-137.41796547130986	66.70253810810682	5년	75.62084610391402	462.7995781559538	66.70253810810682	1.5889586037787542	1.09967321499316	2.0928231186811965	9.700116698059126	3.4940266798738913	3년	1.09967321499316	보통	5년	33.56042305195701	1.3890367111207695	보통	N	주당순현금<=0	97688000.0	10.97697115969356	35.35175968556672		-6.966927478899965	278.3141979980469	221.7486994934082	N	Y	상승전환	단기위험부채 존재
JNJ	JOHNSON & JOHNSON	0000200406	S&P 500	제외	PEG=보통, PEGY=불리(<1)	266.7300109863281	11.03	2025	2.02	19709000000.0	393000000.0	20102000000.0	39438000000.0	8495000000.0	81544000000.0	117666000000.0	40.933688067868076	59.066311932131924	0.693012424999575	-7.959166872478801	-11.455915040750803	24.903823921922662	25.220845514694375	90.50086355785837	17.90172233284293	14.890675456717407	189.50172711571673	44.30344466568586	38.281350913434814	2090.2040500863554	488.666994662515	422.24330057518597	683.6403719090664	83.20660388214161	58.303634080691815	3년	44.30344466568586	488.666994662515	83.20660388214161	3.715126795303628	0.7999463213079488	0.6790393117834027	8.108174857989628	3.039843483681044	3년	0.7999463213079488	불리(<1)	3년	17.90172233284293	1.391141224229219	보통	N	주당순현금<=0	2429400000.0	17.094700754164283	18.842455928043567		-0.19083193634291673	243.3600003051758	225.40885017395019	Y	Y	강한 상승추세	단기위험부채 존재
EW	Edwards Lifesciences Corp	0001099800	S&P 500	보류	PEG=보통, PEGY=판정불가	83.68000030517578	1.83	2025		2938000000.0	1288300000.0	4226300000.0	598300000.0	0.0	10337600000.0	3359600000.0	75.47235931431241	24.527640685687587	3.0770329801166807	6.193240013656538	6.193240013656538	42.34249196257882	42.34249196257882	181.53846153846155	-9.143970358393016	30.15204668909448	371.5769230769231	-9.787940716786032	68.80409337818895	679.9857692307693	-17.91193151171844	125.91149088208579	712.6024937271789	-121.40527180496504	50.467842283573574	5년	68.80409337818895	125.91149088208579	50.467842283573574				2.278934790030727	2.7233924255731274	판정불가		판정불가	5년	30.15204668909448	1.4042990978086218	보통	Y		585800000.0	1.7015089288396679	0.09569597190777213		-12.082370207110248	87.33420013427734	83.49709999084473	N	Y	상승전환	
CSCO	CISCO SYSTEMS, INC.	0000858877	S&P 500	제외	PEG=보통, PEGY=불리(<1)	115.58000183105469	2.55	2025	1.47	8346000000.0	7764000000.0	16110000000.0	22861000000.0	31000000.0	46843000000.0	75448000000.0	38.30453590206965	61.69546409793034	0.6208647015162762	-1.6885942971485743	-1.6963481740870434	45.987684756158146	45.99072549221245	0.3937007874015664	-3.299135343193793	32.687404272277206	9.287401574803132	1.9017293136124138	73.87480854455441	23.682874015747984	4.849409749711655	188.38076178861374	-79.5095400237442	-95.8042830309	62.98733241410845	5년	73.87480854455441	188.38076178861374	62.98733241410845	0.04052608426111299	-0.03977446033416275	0.7427511181176225	3.3236618309154577	2.875637461724315	5년	0.7427511181176225	불리(<1)	5년	32.687404272277206	1.4068931375857567	보통	N	주당순현금<=0	3998000000.0	33.0647029920472	46.89883246410147		-11.092306283804088	117.8781999206543	88.82720001220703	N	Y	상승전환	단기위험부채 존재
GRMN	GARMIN LTD	0001121788	S&P 500	보류	PEG=보통, PEGY=불리(<1)	253.64999389648438	8.59	2025	1.73	2278646000.0	167989000.0	2446635000.0			8972564000.0					12.63653313775721	12.63653313775721	28.05744595561434	28.05744595561434	17.671232876712327	19.45038186480894	37.78102526893068	43.842465753424655	47.40076372961788	84.06205053786135	376.60678082191777	407.1725604374176	722.093014120229	48.47498122771987	60.52535786915352	184.68087186902048	3년	47.40076372961788	407.1725604374176	60.52535786915352	0.6914825001322015	0.7548934389222519	1.4082188853338753	7.039258119163706	2.775185605577604	3년	0.7548934389222519	불리(<1)	3년	19.45038186480894	1.442513887420274	보통	Y		193616000.0	2.3566427486485075	23.85253423672118		-5.184657478615051	238.88540008544922	228.68385009765626	Y	Y	강한 상승추세	
NTRS	NORTHERN TRUST CORP	0000073124	S&P 500	보류	PEG=보통, PEGY=불리(<1)	180.86000061035156	8.74	2025	1.8	5873100000.0		5873100000.0	1421600000.0		12957900000.0	164174800000.0	7.315363001862446	92.68463699813756	0.07892746024359402	23.155164963319883	23.155164963319883	18.044031538561974	18.044031538561974	-10.542476970317292	12.490113204685828	9.86611256684804	-12.584953940634584	33.48022640937165	28.23222513369608	-109.99249744114627	292.61717881790827	246.74964766850374	-160.8163756883515	61.792092132261246	36.431298703855575	3년	33.48022640937165	292.61717881790827	61.792092132261246	-0.48450796329155754	0.7919578933425364	0.6465358111304751	28.398432689485546	15.70188687031341	3년	0.7919578933425364	불리(<1)	3년	12.490113204685827	1.4446651717930403	보통	Y		192246525.0	8.364294322578303	20.60548980598771		-5.3733082248168085	175.0190002441406	150.32280059814454	Y	Y	강한 상승추세	
SBAC	SBA COMMUNICATIONS CORP	0001034054	S&P 500	제외	PEG=보통, PEGY=불리(<1)	174.92999267578125	3.47	2025	2.9	264568000.0	6648000.0	271216000.0	10964466000.0	1935802000.0	-4853519000.0					-99.44156677485051	-117.44350106478942	79.06961367453364	84.25749099151892	115.527950310559	54.54935861402714	29.8495127277137	239.555900621118	117.59871722805428	68.1990254554274	831.2589751552796	408.06754878134836	236.6506183303331	375.1952266390084	133.27477612010705	35.28304363960393	3년	117.59871722805428	408.06754878134836	133.27477612010705	1.497768166644043	0.7265668307233699	0.41418581937831705	9.917969367542987	5.669679176129133	3년	0.7265668307233699	불리(<1)	3년	54.54935861402714	1.4495058362464637	보통	N	주당순현금<=0	107533000.0	-19.605682421108927	-6.34937685991771		-24.075522000935923	191.53540069580077	194.43794982910157	N	N	주의	단기위험부채 존재
TDG	TransDigm Group INC	0001260221	S&P 500	제외	PEG=보통, PEGY=보통	1307.969970703125	32.08	2025	16.70527648907268	2808000000.0		2808000000.0	19384000000.0	124000000.0	-9686000000.0	32588000000.0	-42.293249497860444	142.29324949786044	-0.2972259727507058	-284.8109965635739	-286.94158075601376	49.65027952826369	49.71669424747939	25.214676034348155	33.77548076206609		58.92935206869631	76.05096152413218		1890.4536143637774	2439.71484569416		44.5334110650512	86.52682403577225		3년	76.05096152413218	2439.71484569416	86.52682403577225	0.8443044615601343	1.0167265467740685		31.20274914089347	2.3855860485940528	3년	1.0167265467740685	보통	3년	33.77548076206609	1.4700095574665188	보통	N	주당순현금<=0	58200000.0	13.336386695239932	-8.352841163793157		-19.302455768593063	1258.4409985351563	1281.2059478759766	Y	Y	상승전환	단기위험부채 존재
HCA	HCA Healthcare, Inc.	0000860730	S&P 500	제외	PEG=보통, PEGY=안심	418.19000244140625	28.33	2025	80.0	1040000000.0	103000000.0	1143000000.0	41603000000.0	4698000000.0	-6027000000.0	45623000000.0	-15.221234468128095	115.22123446812809	-0.13210442101571576	-168.93880874339757	-188.55508465729974	20.72463152787871	21.41705213902951	28.772727272727266	13.944298430482704	20.983259927461795	66.04545454545453	36.38859686096541	50.46651985492359	1871.0677272727269	1030.88894907115	1429.7165074899851	347.42048263932065	146.51209810200822	241.88203905957954	3년	36.38859686096541	1030.88894907115	146.51209810200822	5.248475811326562	4.532977983425622	4.872620282373631	32.117580742813004	7.680140738733486	3년	4.532977983425622	안심	3년	13.944298430482704	1.4862441184257769	보통	N	주당순현금<=0	239495000.0	-3.1788318576317476	-17.327612393452576		-23.286188854839274	387.9378009033203	457.47824951171873	Y	N	주의	단기위험부채 존재
MCK	MCKESSON CORP	0000927653	S&P 500	보류	PEG=보통, PEGY=안심	889.5	38.38	2026	44.0	3975000000.0		3975000000.0	3072000000.0	0.0	-2172000000.0					7.2763900080580175	7.2763900080580175	22.986545335902605	22.986545335902605	49.22239502332816	15.31382381030486	56.03117347520965	106.94479004665632	39.12764762060972	120.5623469504193	4104.54104199067	1501.719115679001	4627.182875957093	361.4436247319472	68.82733172332784	420.2004357455978	3년	39.12764762060972	1501.719115679001	68.82733172332784	4.055520029698609	2.580371384370787	4.351727152273347	46.08380338436744	5.1808660353420395	3년	2.580371384370787	안심	3년	15.31382381030486	1.501032375756777	보통	Y		124100000.0	6.526946107784437	6.631663167414259		-10.664966222522176	783.8202001953125	834.2789492797851	Y	Y	상승전환	
ISRG	INTUITIVE SURGICAL INC	0001035267	S&P 500	제외	PEG=보통, PEGY=판정불가	361.79998779296875	7.87	2025		3368000000.0	2566900000.0	5934900000.0			17824000000.0	2517000000.0	87.62597709060518	12.374022909394819	7.0814461660707195	16.3631100082713	16.3631100082713	43.892868841765875	43.892868841765875	22.58566978193147	29.189521389942357	21.11377974023332	53.67133956386294	66.87904277988471	50.72755948046664	422.3934423676013	526.3380666776927	399.22589311127246	16.74777684329434	45.47763527810756	10.344363344677543	3년	66.87904277988471	526.3380666776927	45.477635278107556						판정불가		판정불가	3년	29.189521389942353	1.5037200595173088	보통	N	FCF<=0	362700000.0	-22.467003163981623	-31.090963939106665		-38.972758253825134	404.2575982666016	483.1243006896973	N	N	주의	
CME	CME GROUP INC.	0001156375	S&P 500	보류	PEG=보통, PEGY=불리(<1)	260.0	11.16	2025	2.04	4416900000.0	125000000.0	4541900000.0		0.0	28728200000.0	169696000000.0	14.478173529236857	85.52182647076314	0.16929214595511974	12.605534123393744	12.605534123393744	22.16796289216902	22.16796289216902	15.408479834539815	14.67730855550884	56.73155320469705	39.31695966907963	37.854617111017674	121.9631064093941	438.77726990692867	422.45752695895726	1361.1082675288383	68.76048842574178	62.48366421498357	423.50317981878396	3년	37.854617111017674	422.45752695895726	62.48366421498357	0.7871034392927284	0.7541201975493356	2.651193232800768	11.63886653159779	4.476487127537611	3년	0.7541201975493356	불리(<1)	3년	14.677308555508839	1.5103561261474407	보통	Y		360310000.0	-8.621234627117191	-8.605177882780879		-20.357775284762024	254.9340005493164	278.6132494354248	Y	N	주의	
ZTS	Zoetis Inc.	0001555280	S&P 500	제외	PEG=보통, PEGY=불리(<1)	77.51000213623047	6.02	2025	2.76	1564000000.0	0.0	1564000000.0	9042000000.0	0.0	3331000000.0	12136000000.0	21.53617378935799	78.46382621064201	0.2744726433750824	-16.84860364775198	-16.84860364775198	15.674187007306056	15.674187007306056	10.05484460694698	10.268140283428306	11.973196718056611	28.60968921389396	29.03628056685661	32.446393436113226	172.23032906764163	174.79840901247678	195.3272884854016	122.20400505851114	125.51722899614116	152.00268752682672	3년	29.03628056685661	174.79840901247678	125.51722899614117	0.8175763502740986	0.831184435744937	0.9399656078614584	5.1438034404677415	6.636309248743235	3년	0.831184435744937	불리(<1)	3년	10.268140283428306	1.5264874236868908	보통	N	주당순현금<=0	443835000.0	-33.5533638042561	-37.97214892436587		-50.55498542209349	77.17659957885742	111.44320022583008	Y	N	주의	
DVA	DAVITA INC.	0000927066	S&P 500	제외	PEG=보통, PEGY=판정불가	239.4600067138672	9.84	2025		676438000.0	337399000.0	1013837000.0	4417624000.0	87345000.0	-651082000.0	16321665000.0	-4.154803940606422	104.15480394060641	-0.03989066066482801	-44.85454305857547	-46.00556104632009	28.893755058175067	29.010728430913343	-8.294501397949679	18.926802949554716	45.67357145242303	-8.089002795899358	46.353605899109425	99.84714290484607	-79.59578751164968	456.1194820472367	982.4958861836852	-133.23969985800565	90.47835515692512	310.2964414252598	3년	46.353605899109425	456.1194820472367	90.47835515692513				17.27134479804968	7.2126218632773025	판정불가		판정불가	3년	18.926802949554713	1.5266051606911692	보통	N	주당순현금<=0	75885000.0	59.565532769333316	126.73989710250608		0.0	214.34320037841798	154.92064990997315	Y	Y	강한 상승추세	단기위험부채 존재
BR	BROADRIDGE FINANCIAL SOLUTIONS, INC.	0001383312	S&P 500	제외	PEG=보통, PEGY=불리(<1)	158.17999267578125	7.1	2025	2.55	561500000.0	700000.0	562200000.0	2753000000.0	400000000.0	2655100000.0	5889900000.0	31.071971913399647	68.92802808660035	0.45078863817721865	-18.519019442096365	-21.900253592561285	24.887184805334876	25.36341496737219	21.16040955631398	15.988691932754072	29.22853605343554	50.82081911262796	40.477383865508145	66.95707210687108	360.8278156996585	287.3894254451078	475.39521195878467	128.11217120185415	81.68506685555667	200.5406713687197	3년	40.477383865508145	287.3894254451078	81.68506685555667	0.9527156141513989	0.7449091601867349	1.2769036072984608	9.530853761622993	6.025321913598907	3년	0.7449091601867349	불리(<1)	3년	15.988691932754072	1.5565491479857432	보통	N	주당순현금<=0	118300000.0	-0.40924834589175507	-23.369831373451433		-40.73214283264033	146.69919982910156	184.73810012817384	Y	N	주의	단기위험부채 존재
ESS	ESSEX PROPERTY TRUST, INC.	0000920522	S&P 500	제외	PEG=보통, PEGY=불리(<1)	294.5199890136719	10.4	2025	3.56	76241000.0		76241000.0	638959000.0		5541372000.0	7422114000.0	42.74600211702315	57.25399788297685	0.7466029220246415	-8.737930546901023	-8.737930546901023	29.159415342362774	29.159415342362774	-9.878682842287684	18.3737118876667	3.6579731144279037	-11.257365684575369	45.2474237753334	15.815946228855807	-117.07660311958384	470.5732072634674	164.4858407801004	-139.751666266071	59.77632242870381	-44.151213188974815	3년	45.2474237753334	470.5732072634674	59.77632242870381	-0.21669442847531675	0.7521999885848679	0.2475349052675154			3년	0.7521999885848679	불리(<1)	3년	18.3737118876667	1.5870182095287966	보통	N	주당순현금<=0 | FCF<=0	64399459.0	9.944745275972867	16.99836889221844		-1.2771084805686561	285.4405987548828	263.16974983215334	Y	Y	강한 상승추세	
MMM	3M CO	0000066740	S&P 500	제외	PEG=보통, PEGY=불리(<1)	182.47999572753906	6.0	2025	1.75	2398000000.0	404000000.0	2802000000.0	10932000000.0	1670000000.0	4702000000.0	32986000000.0	12.476119719804712	87.52388028019529	0.1425453222579276	-15.019397746166636	-18.10456308886015	32.91656557895095	33.4307598027332	351.12781954887214	-16.156804116139433	20.313637898738858	710.7556390977443	-23.813608232278867	49.127275797477715	4264.533834586466	-142.8816493936732	294.7636547848663	2236.9870311449604	-178.29989737999	61.53203731162837	5년	49.127275797477715	294.7636547848663	61.53203731162837	10.720371744205469	-0.4376764058687856	0.6702897921054017	2.5789765379641603	1.413292743504242	5년	0.6702897921054017	불리(<1)	5년	20.313637898738858	1.620417068721823	보통	N	주당순현금<=0	541300000.0	24.960622648043064	15.4571288858381		0.0	159.09019958496094	158.70400024414062	Y	Y	강한 상승추세	단기위험부채 존재
GNRC	GENERAC HOLDINGS INC.	0001474735	S&P 500	제외	PEG=보통, PEGY=불리(<1)	195.60000610351562	2.69	2025	5.623721705907601	341413000.0		341413000.0	1193750000.0	50618000.0	2632422000.0	2934633000.0	47.28571928964237	52.71428071035763	0.8970191502651268	-14.379177897293332	-15.233118564899213	78.05917620847917	78.37662627078618	-50.09276437847866	47.98739628823825	6.42832098504873	-91.68552875695732	104.4747925764765	21.35664197009746	-246.6340723562152	281.03719203072177	57.449366899562165	-226.09103510236665	43.67954154459024	-70.62915894329842	3년	104.4747925764765	281.03719203072177	43.679541544590236	-0.5696837301203881	0.686800970727159	0.15439623214531412	4.523398856608908	2.312576030399012	3년	0.686800970727159	불리(<1)	3년	47.98739628823825	1.6266599617035595	보통	N	주당순현금<=0	59275781.0	-9.911564801784722	14.75506577035044		-33.81606535556942	253.37080139160156	204.215050201416	N	N	판정불가	단기위험부채 존재
CHD	CHURCH & DWIGHT CO INC /DE/	0000313927	S&P 500	제외	PEG=보통, PEGY=불리(<1)	99.93000030517578	3.02	2025	1.25	409000000.0		409000000.0	2205100000.0	0.0	4002200000.0	4910200000.0	44.90597369956465	55.09402630043535	0.8150788155268625	-7.352026197298404	-7.352026197298404	35.52384983525635	35.52384983525635	27.426160337552734	21.59038130727984	38.621625217033674	63.35232067510547	51.680762614559676	85.74325043406735	191.3240084388185	156.07590309597023	258.9446163108834	91.45802847446711	56.18523228192809	159.1260037226995	3년	51.680762614559676	156.07590309597023	56.18523228192809	0.8072368414611557	0.642959065900888	1.1223903209235584	4.474007367990176	4.477141353274317	3년	0.642959065900888	불리(<1)	3년	21.590381307279838	1.6453553705083674	보통	N	주당순현금<=0	244300000.0	2.9357214878104942	8.231342275967425		-5.063653546345604	96.89099990844727	92.86919975280762	Y	Y	강한 상승추세	
MCO	MOODYS CORP /DE/	0001059556	S&P 500	제외	PEG=보통, PEGY=안심	484.20001220703125	13.67	2025	85.0	2384000000.0	64000000.0	2448000000.0	6994000000.0	129900000.0	4054000000.0	11625000000.0	25.856240831685696	74.1437591683143	0.3487311827956989	-25.26959421901056	-25.99166203446359	37.269173842431734	37.32199518957534	21.403197158081706	22.48000431974093	7.800452654910939	51.30639431616341	53.46000863948186	24.100905309821876	701.3584103019539	730.7983181017171	329.45937558526504	44.84890388686553	50.92901686860074	-31.957999322726817	3년	53.46000863948186	730.7983181017171	50.92901686860074	2.8549921070946693	2.8838848098471317	2.4900056289752173	14.313507504168983	2.9561146516553376	3년	2.883884809847132	안심	3년	22.48000431974093	1.6578810801074275	보통	N	주당순현금<=0	179900000.0	5.722837295907568	-6.6818245873566		-10.268522571618277	465.19440185546875	471.79254989624025	Y	Y	상승전환	단기위험부채 존재
FAST	FASTENAL CO	0000815556	S&P 500	보류	PEG=보통, PEGY=불리(<1)	48.099998474121094	1.09	2025	2.02	276800000.0	27165000.0	303965000.0	100000000.0	25000000.0	3943600000.0					0.1773093413120836	0.15557652669780128	43.96576984661377	43.98570820864522	-45.49999999999999	-16.762013813238276	26.237828742825165	-82.49999999999999	-25.024027626476553	60.97565748565033	-89.925	-27.276190112859446	66.46346665935887	-286.9542678850223	-156.70725775081814	38.177689745910804	5년	60.97565748565033	66.46346665935887	38.177689745910804	-0.9889511806956067	-0.3353066229630391	0.642723392343864	0.9132998013505995	1.8987522459943025	5년	0.642723392343864	불리(<1)	5년	26.237828742825165	1.675663420077638	보통	Y		1150334204.0	7.6544273625466674	9.442542978704793		-4.544554362502684	45.93399971008301	44.2210499382019	Y	Y	강한 상승추세	단기위험부채 존재
VMC	Vulcan Materials CO	0001396009	S&P 500	제외	PEG=보통, PEGY=안심	288.4200134277344	8.11	2025	73.0	183300000.0	0.0	183300000.0	4361700000.0	0.0	8525100000.0	8151500000.0	51.120132401088945	48.87986759891105	1.0458320554499172	-31.48756593820648	-31.48756593820648	39.44606404019	39.44606404019	18.394160583941606	23.456661319602468	56.64065143238312	45.28832116788321	55.413322639204935	121.78130286476625	367.28828467153284	449.402046603952	987.6463662332542	27.344937095899358	55.81513961636118	242.43336809243849	3년	55.413322639204935	449.402046603952	55.81513961636118	2.316939923101676	2.445279742519473	3.2865294570403143	8.555388093443858	2.966294880777221	3년	2.445279742519473	안심	3년	23.456661319602468	1.6816572274599613	보통	N	주당순현금<=0	132700000.0	-1.0430172635932045	-3.431881186318042		-12.697878835689302	286.0513995361328	290.83184982299804	Y	N	주의	
AXP	AMERICAN EXPRESS CO	0000004962	S&P 500	제외	PEG=보통, PEGY=불리(<1)	336.6300048828125	15.38	2025	1.13	654000000.0	742000000.0	1396000000.0	56387000000.0	1371000000.0	33474000000.0	266578000000.0	11.156066281844481	88.84393371815553	0.12556925177621558	-79.01005747126437	-80.97988505747126	27.02471146645493	27.152788682723262	9.77872947894362	16.01301181321386	54.27257678866031	28.05745895788724	40.52602362642772	117.04515357732062	431.52371877230576	623.2902433744584	1800.1544620191912	28.189321365612564	85.15587866014438	434.75757832278214	3년	40.52602362642772	623.2902433744584	85.15587866014438	0.40365757438277705	0.6343457851342107	2.050070982531306	22.992816091954023	6.830293128492296	3년	0.6343457851342107	불리(<1)	3년	16.01301181321386	1.6876719871120227	보통	N	주당순현금<=0	696000000.0	6.562206833445217	-6.34858994275821		-12.538649465797702	332.140400390625	339.2374501037598	Y	N	중립/개선	단기위험부채 존재
ALL	ALLSTATE CORP	0000899051	S&P 500	제외	PEG=보통, PEGY=불리(<1)	272.4200134277344	14.37	2025	1.65	678000000.0	4887000000.0	5565000000.0	7490000000.0		30610000000.0	89169000000.0	25.555397857721303	74.4446021422787	0.3432807365788559	-7.207038562336204	-7.207038562336204	19.4590850375832	19.4590850375832	103.25318246110325		11.203898286185531	215.0063649222065		30.907796572371062	3089.6414639321074		444.1450367449721	1034.1462857506633		63.036860308646794	5년	30.907796572371062	444.1450367449721	63.036860308646794	5.390961715748385		0.6605602607398838	36.997379258704605	13.581006326658523	5년	0.6605602607398838	불리(<1)	5년	11.203898286185531	1.7368137893197728	보통	N	주당순현금<=0	267100000.0	25.887255596711036	39.867539894207724		0.0	232.4190008544922	213.02990036010743	Y	Y	강한 상승추세	
KDP	Keurig Dr Pepper Inc.	0001418135	S&P 500	제외	PEG=보통, PEGY=불리(<1)	31.079999923706055	1.53	2025	3.05	1026000000.0		1026000000.0	13036000000.0	0.0	25516000000.0	29943000000.0	46.0087632304946	53.9912367695054	0.8521524229369135	-8.812738479600823	-8.812738479600823	26.07368523091953	26.07368523091953	45.714285714285715	14.847977704937376	38.520495126762675	99.92857142857143	38.195955409874756	85.54099025352535	152.8907142857143	58.439811777108375	130.8777150878938	391.9263663482122	88.03028288469785	321.09947042846585	3년	38.195955409874756	58.439811777108375	88.03028288469785	1.870249076124402	0.686438359074498	1.594346743032175	1.1043439976518932	3.5532303743976605	3년	0.686438359074498	불리(<1)	3년	14.847977704937376	1.7560428597794355	보통	N	주당순현금<=0	1362800000.0	7.954147048823623	12.649509792738467		-11.704547585042013	30.83100009918213	28.544000005722047	Y	Y	강한 상승추세	
PNR	PENTAIR plc	0000077360	S&P 500	제외	PEG=보통, PEGY=불리(<1)	66.7699966430664	3.96	2025	1.68	82500000.0		82500000.0	1638600000.0	3694000.0	4663800000.0	2999600000.0	60.85810475767936	39.14189524232064	1.5548073076410187	-9.402416918429003	-9.424737160120847	19.2354579700746	19.241094394744255	5.882352941176464	10.942784716109877	45.36942418564116	20.264705882352928	30.385569432219754	99.23884837128232	80.24823529411759	120.32685495159022	392.98583955027794	20.18607058362165	80.2109645067435	488.5665108702484	3년	30.385569432219754	120.32685495159022	80.2109645067435	0.39314649814636754	0.6562248081510546	2.4459736939374097	4.507552870090635	6.75086580307431	3년	0.6562248081510546	불리(<1)	3년	10.942784716109877	1.7578211094435878	보통	N	주당순현금<=0	165500000.0	-19.418300565731663	-37.946098894113575		-40.6963328760711	71.85580024719238	91.80380010604858	N	N	주의	단기위험부채 존재
TGT	TARGET CORP	0000027419	S&P 500	제외	PEG=보통, PEGY=불리(<1)	144.1999969482422	8.13	2025	3.31	5488000000.0	4611000000.0	10099000000.0	14654000000.0	970000000.0	16165000000.0					-9.997805092186129	-12.126865671641792	18.966519316165844	19.22839638620959	-8.23927765237019	10.780448872111425	-1.2094597080639313	-7.978555304740379	30.06089774422285	6.081080583872137	-64.86565462753929	244.3950986605318	49.43918514688048	-144.98311789203544	69.48342845544768	-65.71485007407752	3년	30.06089774422285	244.3950986605318	69.48342845544768	-0.2598936352105886	0.7429116875494193	0.1107499091910714	6.222563652326603	4.315231472966031	3년	0.7429116875494193	불리(<1)	3년	10.780448872111425	1.7593441183355032	보통	N	주당순현금<=0	455600000.0	13.418277206616658	38.52065231690644		0.0	131.3513996887207	113.44635005950927	Y	Y	강한 상승추세	단기위험부채 존재
LIN	LINDE PLC	0001707925	S&P 500	제외	PEG=보통, PEGY=불리(<1)	511.17999267578125	14.61	2025	1.26	5056000000.0		5056000000.0	20683000000.0	4510000000.0	38245000000.0	47076000000.0	44.824837964862105	55.175162035137895	0.812409720452035	-33.0943783818126	-42.6455172121687	37.25355038039657	37.90729020451403	7.268722466960355	21.083080176239765	25.40817902227086	23.03744493392071	50.66616035247953	59.31635804454172	336.57707048458155	740.2326027497259	866.6119910307546	-34.15683804000963	44.80860232321777	69.53167249259069	3년	50.66616035247953	740.2326027497259	44.80860232321777	0.22893717189028806	0.5997570687382608	0.7158560392220791	10.7773271635659	2.1083233534144754	3년	0.5997570687382608	불리(<1)	3년	21.083080176239765	1.7669880334838657	보통	N	주당순현금<=0	472195000.0	0.1744075165016623	12.83579322631423		-6.486905645841123	514.9932000732422	473.44315032958986	N	Y	상승전환	단기위험부채 존재
WDAY	Workday, Inc.	0001327811	S&P 500	보류	PEG=보통, PEGY=판정불가	159.69000244140625	2.59	2026		1501000000.0	3942000000.0	5443000000.0	2987000000.0	0.0	7805000000.0	10269000000.0	43.18357862122386	56.81642137877614	0.7600545330606681	9.160180070640802	9.160180070640802	58.119622536975086	58.119622536975086	32.82051282051282			74.14102564102564			192.0252564102564			20.248765404530978			1년	74.14102564102564	192.0252564102564	20.248765404530978				10.357418589645565	6.485953053602042	판정불가		판정불가	1년	32.82051282051282	1.7708322491734598	보통	Y		268117000.0	31.77917316326797	-15.319757720402638		-35.528280969199535	134.16699920654298	166.68964954376221	Y	N	중립/개선	
NFLX	NETFLIX INC	0001065280	S&P 500	제외	PEG=보통, PEGY=판정불가	72.38999938964844	2.53	2025		9033681000.0	28678000.0	9062359000.0	13463971000.0	998865000.0	26615488000.0	28981505000.0	47.87217179173701	52.127828208263	0.9183611410104479	-1.0132943879675764	-1.2432429383707544	29.01315959589566	29.10404835099573	-87.24155320221885	-36.64720009551697	16.282594168366128	-165.9831064044377	-64.79440019103394	41.065188336732255	-419.93725920322737	-163.92983248331586	103.8949264919326	-680.1039684264415	-326.4537006015742	43.521104251852314	5년	41.065188336732255	103.8949264919326	43.521104251852314				2.1780274838317877	3.008740851216583	판정불가		판정불가	5년	16.282594168366128	1.7818511777602684	보통	N	주당순현금<=0	4343863000.0	-21.54546220514233	-15.412482074310907		-42.695427557138174	78.0607992553711	92.0438798904419	N	N	주의	단기위험부채 존재
SBUX	STARBUCKS CORP	0000829224	S&P 500	제외	PEG=보통, PEGY=불리(<1)	103.0999984741211	1.63	2025	2.39	6455700000.0	247200000.0	6702900000.0	14575900000.0	0.0	-8096600000.0	40108900000.0	-25.292153328564332	125.29215332856434	-0.201865421390265	-6.9073521670468505	-6.9073521670468505	67.48917217249567	67.48917217249567	-50.755287009063444	-16.7980082334351	37.63685261204004	-93.01057401812689	-25.096016466870203	83.77370522408008	-151.60723564954682	-40.90650684099843	136.55113951525053	-247.04872734561815	-139.6765348655813	32.44533611659164	5년	83.77370522408008	136.55113951525053	32.44533611659164	-0.7166377279817056	-0.2134862196354943	0.5930855472598678	2.142481137041586	2.078061269398918	5년	0.5930855472598678	불리(<1)	5년	37.63685261204004	1.7931672679480608	보통	N	주당순현금<=0	1139800000.0	5.982730024522609	7.709984495718714		-4.862973275717808	102.43400009155273	94.50300014495849	Y	Y	강한 상승추세	
TJX	TJX COMPANIES INC /DE/	0000109198	S&P 500	보류	PEG=보통, PEGY=불리(<1)	160.8000030517578	4.87	2026	1.23	6230000000.0	0.0	6230000000.0	1870000000.0	999000000.0	10190000000.0					3.8652482269503547	2.979609929078014	32.22479565191119	32.40665156523199	14.319248826291089	17.920914155588186		37.138497652582174	44.34182831117637		180.8644835680752	215.94470387542893		12.477910532040903	34.29396752307356		3년	44.34182831117637	215.94470387542893	34.29396752307356	0.48252435777258046	0.5942912520673311		4.35904255319149	2.710847307501863	3년	0.5942912520673311	불리(<1)	3년	17.920914155588186	1.798166955777906	보통	Y		1128000000.0	2.2900802629792105	8.641314113643283		-4.518734306080741	156.96899993896486	154.1574501800537	Y	Y	강한 상승추세	단기위험부채 존재
STX	Seagate Technology Holdings plc	0001137789	S&P 500	제외	PEG=보통, PEGY=불리(<1)	747.2999877929688	6.77	2027	36.0	891000000.0	411000000.0	1302000000.0	4995000000.0	0.0	-453000000.0	8476000000.0	-5.6462669824255265	105.64626698242552	-0.05344502123643228	-17.018433179723502	-17.018433179723502	112.89784652476992	112.89784652476992		62.4216285007507	-1.6572902196046346		133.3432570015014	5.185419560790731		902.7338499001644	35.105290426553246		20.79939310132264	-95.30238311253943	3년	133.3432570015014	902.7338499001644	20.79939310132264		0.8717759596872106	0.304192779911533	3.769585253456221	0.5044273136667765	3년	0.8717759596872106	불리(<1)	3년	62.4216285007507	1.8086334694618256	보통	N	주당순현금<=0	217000000.0	29.060661793383424	101.01677645858192		-31.693543096161104	886.3145959472656	509.23864952087405	N	Y	상승전환	
CPT	CAMDEN PROPERTY TRUST	0000906345	S&P 500	제외	PEG=보통, PEGY=불리(<1)	115.04000091552734	3.54	2025	3.76	25203000.0	0.0	25203000.0	3900800000.0		4362523000.0	4604736000.0	48.64945910450451	51.35054089549549	0.9473991559993885	-35.741529409594776	-35.741529409594776	42.59365263421528	42.59365263421528	136.0	-16.313493007414216	23.343513504709378	280.5	-24.126986014828432	55.187027009418756	992.97	-85.40953049249265	195.3620756133424	763.1519402795618	-174.2433325910767	69.82099622616893	5년	55.187027009418756	195.3620756133424	69.82099622616893	3.2812400758448086	-0.2947268485100537	0.6363275236680982			5년	0.6363275236680982	불리(<1)	5년	23.343513504709378	1.824646175290722	보통	N	주당순현금<=0 | FCF<=0	108434000.0	8.600019431800622	5.618805407147853		-2.16023207686028	111.66219985961914	106.36329978942871	Y	Y	강한 상승추세	
TT	Trane Technologies plc	0001466258	S&P 500	제외	PEG=보통, PEGY=안심	470.0299987792969	12.98	2025	87.0	1763300000.0		1763300000.0	3922100000.0	763300000.0	8579200000.0	12819800000.0	40.0915930650965	59.9084069349035	0.6692148083433439	-9.598932859048466	-12.992885726989773	36.951381482152954	37.212857049790955	15.480427046263348	20.16860829862783	29.821435131157937	39.460854092526695	48.83721659725566	68.14287026231588	512.2018861209965	633.9070714323785	884.4944560048601	8.972169319239875	34.86523691651229	88.17829889623184	3년	48.83721659725566	633.9070714323785	34.86523691651229	2.7733855389347237	2.9002598549769756	3.1614903271635786	12.556247220987105	2.6713714557786994	3년	2.900259854976976	안심	3년	20.16860829862783	1.8321235126901116	보통	N	주당순현금<=0	224900000.0	-2.229849447884169	19.813921336992024		-6.640049506051781	470.1766015625	439.3949508666992	N	Y	중립/개선	단기위험부채 존재
WAB	WESTINGHOUSE AIR BRAKE TECHNOLOGIES CORP	0000943452	S&P 500	제외	PEG=보통, PEGY=보통	305.7900085449219	6.83	2025	41.0	473000000.0		473000000.0	4291000000.0	1250000000.0	11142000000.0	10879000000.0	50.59715725898006	49.40284274101994	1.0241750160860372	-22.314436002337814	-29.62010520163647	48.03871808891064	49.108362188368716	13.079470198675496	25.44351122642632	25.77438254899549	34.65894039735099	59.387022452852634	60.04876509799098	236.72056291390726	405.61336335298347	410.1330656192784	-22.587214657429865	32.64441349246934	34.122454677595556	3년	59.387022452852634	405.61336335298347	32.64441349246934	1.125747570919452	1.3831241521360305	1.3900117489690016	8.760958503798948	2.8650244478187146	3년	1.3831241521360305	보통	3년	25.443511226426317	1.8880538012778807	보통	N	주당순현금<=0	171100000.0	16.190446483381837	31.96530594425051		0.0	267.1997994995117	241.2410996246338	Y	Y	강한 상승추세	단기위험부채 존재
MS	MORGAN STANLEY	0000895421	S&P 500	제외	PEG=보통, PEGY=불리(<1)	211.5800018310547	10.21	2025	2.14	111695000000.0		111695000000.0	341681000000.0	941000000.0	111632000000.0	1307618000000.0	7.865562797252069	92.13443720274793	0.08537049811183388	-144.46356783919597	-145.05464824120602	34.872044042140125	34.92993634400202	28.427672955974852	18.408680655257537	41.34141455266054	65.35534591194971	45.317361310515075	91.18282910532108	667.2780817610067	462.690258980359	930.9766851653283	215.37861611979002	118.6833608924034	340.01166325194913	3년	45.317361310515075	462.690258980359	118.68336089240339	0.876566711117829	0.5892594259867896	1.246884596157216			3년	0.5892594259867896	불리(<1)	3년	18.408680655257537	1.8943260896962015	보통	N	주당순현금<=0 | FCF<=0	1592000000.0	11.147300458428976	15.83269330402648		-7.425071535378658	213.40819885253907	183.59749923706056	N	Y	상승전환	단기위험부채 존재
ALLE	Allegion plc	0001579241	S&P 500	제외	PEG=보통, PEGY=불리(<1)	161.22999572753906	7.44	2025	1.34	356200000.0		356200000.0	1979900000.0	200000.0	1318300000.0	3156100000.0	29.463168246021816	70.53683175397819	0.41769905896517856	-18.749422632794456	-18.75173210161663	24.190782037679234	24.191092450155335	9.090909090909092	12.754839878198432	17.023921536797502	26.681818181818183	34.009679756396864	42.547843073595004	198.5127272727273	253.03201738759267	316.55595246754683	23.12394252505714	56.9385499551764	96.3381261899253	3년	34.009679756396864	253.03201738759267	56.9385499551764	0.4311935461475387	0.5826533369712686	0.7591288908392505	7.98729792147806	4.953977630177274	3년	0.5826533369712686	불리(<1)	3년	12.754839878198432	1.8965962935393648	보통	N	주당순현금<=0	86600000.0	16.95197665292387	-3.3914576564259002		-10.313182457748892	135.57840087890625	152.263250579834	Y	Y	상승전환	단기위험부채 존재
BALL	BALL Corp	0000009389	S&P 500	제외	PEG=보통, PEGY=불리(<1)	66.88999938964844	3.3	2025	1.24	1212000000.0		1212000000.0	6337000000.0	2000000.0	5421000000.0	14103000000.0	27.76582667486171	72.2341733251383	0.3843863007870666	-18.570724566260346	-18.577971678286204	25.897189077548116	25.899385172101407	3099.9999999999995	13.617128057248994	13.396657763302722	6208.499999999999	35.73425611449799	35.29331552660544	20488.049999999996	117.92304517784335	116.46794123779794	30529.466567420273	76.29398453260046	74.1186160869093	3년	35.73425611449799	117.92304517784335	76.29398453260046	119.75199280174608	0.5736965511106208	0.5651832606030649	2.855362138187932	4.26874295745593	3년	0.5736965511106208	불리(<1)	3년	13.617128057248994	1.9018099094516412	보통	N	주당순현금<=0	275972000.0	8.888163856988651	17.330295314854393		-1.2839473423169379	58.912999877929686	56.967799797058106	Y	Y	강한 상승추세	단기위험부채 존재
FTNT	Fortinet, Inc.	0001262039	S&P 500	제외	PEG=보통, PEGY=판정불가	149.97999572753906	2.42	2025		2495300000.0	775500000.0	3270800000.0	496600000.0	499700000.0	1237500000.0	9151700000.0	11.911408000616024	88.08859199938398	0.1352207786531464	3.628302380329584	2.9747580434213967	60.475906341822096	60.745965985172596	7.079646017699122	31.674951451459886	-3.62054294817038	22.659292035398245	71.84990290291978	1.2589141036592402	54.83548672566375	173.87676502506585	3.046572130855361	-63.43813289254885	15.933304426104144	-97.96868101237321	3년	71.84990290291978	173.87676502506585	15.933304426104144						판정불가		판정불가	3년	31.674951451459886	1.9092659521356516	보통	N	FCF<=0	764600000.0	74.96499485736807	83.55158170114305		-10.10010544780745	147.82139938354493	99.46409992218018	Y	Y	강한 상승추세	단기위험부채 존재
ABBV	AbbVie Inc.	0001551152	S&P 500	제외	PEG=보통, PEGY=불리(<1)	263.20001220703125	1.02	2025	2.69	5229000000.0	28000000.0	5257000000.0	64503000000.0	2499000000.0	-3270000000.0					-33.41567963902989	-34.82515510434292	290.79969788829527	292.1815365797786	5200.0	-9.58502599188228	152.18545481323272	10408.5	-10.670051983764559	312.87090962646545	10616.67	-10.88345302343985	319.12832781899476	3933.689022646778	-104.13505034903989	21.249359049410188	5년	312.87090962646545	319.12832781899476	21.249359049410188	17.89097457040174	-0.023710567933708317	0.5325846482575265	10.048505358150027	3.817821007639599	5년	0.5325846482575265	불리(<1)	5년	152.18545481323272	1.910824515031182	보통	N	주당순현금<=0	1773000000.0	33.137745438109164	17.536739523815115		0.0	235.3118002319336	224.28839965820313	Y	Y	강한 상승추세	단기위험부채 존재
LH	LABCORP HOLDINGS INC.	0000920148	S&P 500	제외	PEG=보통, PEGY=안심	314.2300109863281	10.46	2025	96.0	532300000.0		532300000.0	5084600000.0	500100000.0	8619800000.0	9756000000.0	46.90843391852327	53.09156608147673	0.8835383353833538	-54.32338902147971	-60.29116945107398	35.23455066996251	35.805084171835766	18.325791855203633		-8.010928076671341	45.151583710407266		-7.521856153342682	472.28556561086003		-78.67861536396447	50.29931868328412		-125.03854266401935	1년	45.151583710407266	472.28556561086003	50.29931868328412	3.2447069618136632		2.4972383711519677	14.391408114558473	4.579896130667364	5년	2.497238371151968	안심	1년	18.325791855203633	1.9226754810028912	보통	N	주당순현금<=0	83800000.0	21.057904272366756	15.900714313050557		0.0	270.6483996582031	267.7633003997803	Y	Y	강한 상승추세	단기위험부채 존재
TYL	TYLER TECHNOLOGIES INC	0000860731	S&P 500	보류	PEG=보통, PEGY=불리(<1)	333.3500061035156	7.2	2025	0.006999849879334954	1015400000.0	81800000.0	1097200000.0	597934000.0	0.0	3702789000.0	1936119000.0	65.66500109595688	34.334998904043125	1.9124800696651394	11.395645028759244	11.395645028759244	44.71588348260505	44.71588348260505	19.008264462809922	22.991144762697367	41.04203232039028	46.516528925619845	54.482289525394734	90.58406464078055	334.9190082644629	392.2724845828421	652.20526541362	0.47067710581052413	17.675859427171936	95.65179345192209	3년	54.482289525394734	392.2724845828421	17.675859427171936	0.4252463069434018	0.5143171245072955	0.9179966708303575	14.55144709212088	4.36521578691743	3년	0.5143171245072955	불리(<1)	3년	22.991144762697367	1.944917660435752	보통	Y		43812000.0	-2.088346804326535	-21.778204608844586		-45.50967686965558	304.8242010498047	378.4333493041992	Y	N	주의	
SCHW	SCHWAB CHARLES CORP	0000316709	S&P 500	보류	PEG=보통, PEGY=불리(<1)	105.97000122070312	4.65	2025	1.23	46030000000.0		46030000000.0	18914000000.0	17050000000.0	49425000000.0	441570000000.0	10.066293954113585	89.93370604588642	0.11193015829879747	14.989496959646214	5.564400221116639	19.565699841087504	21.59260236550247	55.51839464882943	9.933056473764434	52.16529750329273	119.53678929765886	28.36611294752887	112.83059500658545	555.8460702341138	131.90242520600924	524.6622667806224	424.53153140619133	24.471476537304927	395.10452084256497	3년	28.36611294752887	131.90242520600924	24.471476537304927	2.9004019845821793	0.5705421510311777	2.7290256897002925	4.844112769485903	4.571211393493425	3년	0.5705421510311777	불리(<1)	3년	9.933056473764434	1.9697562268738904	보통	Y		1809000000.0	16.668500588394885	2.1693019413028036		-1.1566065426346195	94.384599609375	95.38559982299805	Y	Y	상승전환	단기위험부채 존재
CFG	CITIZENS FINANCIAL GROUP INC/RI	0000759944	S&P 500	제외	PEG=보통, PEGY=불리(<1)	72.94000244140625	3.86	2025	2.59	4074000000.0		4074000000.0	11224000000.0	58000000.0	26317000000.0	200034000000.0	11.626632972684018	88.37336702731598	0.13156263435216015	-16.365648187670065	-16.49840449464697	23.136178919449822	23.170571745091507	27.392739273927397	-1.9905807112054583	11.698377840871576	63.285478547854794	4.518838577589083	31.89675568174315	244.2819471947195	17.44271690949386	123.12147693152856	234.90806007438056	-76.08621287954323	68.79829011581651	5년	31.89675568174315	123.12147693152856	68.79829011581651	1.2959244211550378	0.02590830970323407	0.6175772538160919	4.772360345635256	6.542857397720766	3년	0.025908309703234	불리(<1)	5년	11.698377840871576	1.9777253935684205	보통	N	주당순현금<=0	436890731.0	12.232658622795034	15.011044697763133		-1.962364320603971	67.56740013122558	61.122100067138675	Y	Y	강한 상승추세	단기위험부채 존재
MU	MICRON TECHNOLOGY INC	0000723125	S&P 500	보류	PEG=보통, PEGY=불리(<1)	820.530029296875	7.59	2025	6.0	9642000000.0	665000000.0	10307000000.0	3038000000.0	224000000.0	54165000000.0	28633000000.0	65.41824681755598	34.58175318244402	1.8916983899696154	6.461333333333333	6.262222222222222	107.25542766318073	107.28166101115319	984.2857142857143	-0.6929629272242499	54.22135148690352	1977.0714285714287	7.1140741455515	116.94270297380704	15005.972142857143	53.995822764735884	887.5951155711955	1728.8144988082881	-93.41939711688482	8.173385967578728	5년	116.94270297380704	887.5951155711955	8.173385967578728	9.232965975349567	0.04948035906809014	0.5614760278241533	1.4826666666666666	0.18069621022123794	3년	0.0494803590680901	불리(<1)	5년	54.22135148690352	1.9781031774740416	보통	Y		1125000000.0	62.70995169316003	100.01219989014149		-32.38653303671766	958.2102014160156	508.75275093078614	N	Y	상승전환	단기위험부채 존재
MA	Mastercard Inc	0001141391	S&P 500	제외	PEG=보통, PEGY=안심	562.75	16.52	2025	63.0	10566000000.0		10566000000.0	18251000000.0	749000000.0	7737000000.0	46411000000.0	14.288616384723351	85.71138361527665	0.16670616879619055	-8.48233995584989	-9.309050772626932	34.5782288108868	34.62827183853674	18.9344852411807	17.359895932136805	20.99686615184875	46.3689704823614	43.21979186427361	50.4937323036975	766.0153923686103	713.9909615978	834.1564576570827	36.120016413791255	26.87533746740116	48.22860198260022	3년	43.21979186427361	713.9909615978	26.87533746740116	2.3695396802795172	2.324002665713053	2.429183594429878	18.939293598233995	3.3654897553503322	3년	2.324002665713053	안심	3년	17.359895932136805	1.9918453973491423	보통	N	주당순현금<=0	906000000.0	10.860487256827888	8.135898434004417		-6.045482276663416	509.85039978027345	527.7793981933594	Y	Y	상승전환	단기위험부채 존재
ETN	Eaton Corp plc	0001551182	S&P 500	제외	PEG=보통, PEGY=불리(<1)	386.260009765625	10.45	2025	1.1	622000000.0	181000000.0	803000000.0	8024000000.0	1000000.0	19425000000.0					-18.458588957055216	-18.461145194274028	38.72905250934739	38.72929712534919	9.999999999999993	19.3940377642204	24.525465160026606	28.499999999999986	47.28807552844079	57.55093032005321	297.8249999999998	494.16038927220626	601.407221844556	-22.89520207367204	27.93464940159172	55.70010009824162	3년	47.28807552844079	494.16038927220626	27.934649401591717	0.28660654678605857	0.5291644498474134	0.661660007144296	9.082310838445808	2.3513464010827256	3년	0.5291644498474134	불리(<1)	3년	19.394037764220396	1.996956641014576	보통	N	주당순현금<=0	391200000.0	-6.490424645513071	13.209650635047199		-11.363529568219477	403.21619995117186	374.0774507141113	N	Y	중립/개선	단기위험부채 존재
J	JACOBS SOLUTIONS INC.	0000052988	S&P 500	제외	PEG=불리, PEGY=불리(<1)	140.61000061035156	2.38	2025	1.06	1235448000.0		1235448000.0	2236456000.0	0.0	3640807000.0					-8.209559426565626	-8.209559426565626	62.52922690626772	62.52922690626772	-5.179282868525893	-21.81636262954282	30.86908124949421	-1.8585657370517854	-35.13272525908564	70.23816249898843	-4.423386454183249	-83.61588611662381	167.16682674759247	-103.14585480049958	-159.4665285212068	18.88686865938738	5년	70.23816249898843	167.16682674759247	18.88686865938738	-0.0658777194655031	-0.3319465737303442	0.5106265154590252	4.98205557195814	3.5431729964670566	5년	0.5106265154590252	불리(<1)	5년	30.86908124949421	2.0256264318618897	불리	N	주당순현금<=0	121932000.0	11.189310159987432	2.8076304876330394		-14.4916087796495	124.24819961547851	134.25780002593993	Y	Y	상승전환	
O	REALTY INCOME CORP	0000726728	S&P 500	제외	PEG=불리, PEGY=불리(<1)	65.7300033569336	1.17	2025	4.96	434842000.0		434842000.0	3975000000.0	516800000.0	39438695000.0	32671644000.0	54.69215031703013	45.30784968296987	1.2071230636572803	-3.897418790885291	-4.466372501744953	59.51061722035803	59.996902443315	19.38775510204081	-6.251173723614811	28.805493048681363	47.27551020408162	-4.0023474472296225	66.11098609736273	55.31234693877549	-4.682746513258658	77.34985373391439	-15.849164591681387	-107.12421462665982	17.678152721035968	5년	66.11098609736273	77.34985373391439	17.678152721035968	0.40913296213825306	-0.021696527173190077	0.567386033380452			5년	0.567386033380452	불리(<1)	5년	28.805493048681363	2.065946835896366	불리	N	주당순현금<=0 | FCF<=0	908334000.0	3.4303763116360964	7.895609541302062		-2.7086948901574925	62.562999877929684	61.2583998298645	Y	Y	강한 상승추세	단기위험부채 존재
VLTO	Veralto Corp	0001967680	S&P 500	보류	PEG=불리, PEGY=안심	98.47000122070312	3.76	2025	55.00000000000001	2031000000.0		2031000000.0	1973000000.0	700000000.0	3105000000.0					0.2317219336795845	-2.5649220934878145	26.12720193803818	26.87099024313589	12.574850299401197			33.6497005988024			126.522874251497			28.48875056670135			1년	33.6497005988024	126.522874251497	28.48875056670135	2.586379148431507			4.051138633639632	4.114084069685061	1년	2.586379148431507	안심	1년	12.574850299401197	2.077734630310655	불리	Y		250300000.0	15.035050205605938	-2.0783575861493375		-10.277903215760254	87.92000015258789	93.90315029144287	Y	Y	상승전환	단기위험부채 존재
ADP	AUTOMATIC DATA PROCESSING INC	0000008670	S&P 500	제외	PEG=불리, PEGY=불리(<1)	264.1700134277344	9.98	2025	2.67	3347800000.0	2032200000.0	5380000000.0	3974700000.0	0.0	6188000000.0	47181300000.0	11.594680837110474	88.40531916288953	0.13115365621549216	3.4384634206019085	3.4384634206019085	26.12540581233792	26.12540581233792	9.670329670329679	12.54965474117824	11.853901524507116	27.840659340659357	33.59930948235648	32.20780304901423	277.84978021978037	335.3211086339177	321.433874429162	5.178395009541159	26.93382730422853	21.676896729648163	3년	33.59930948235648	335.3211086339177	26.93382730422853	0.4723497793286665	0.5825614671979811	0.5559301788012071			3년	0.5825614671979811	불리(<1)	3년	12.54965474117824	2.081762913095496	불리	N	FCF<=0	408700000.0	32.63544502503486	3.795536179086656		-15.041483452257076	232.56360076904298	236.15215072631835	Y	Y	상승전환	
OKE	ONEOK INC /NEW/	0001039684	S&P 500	제외	PEG=불리, PEGY=불리(<1)	88.80000305175781	5.42	2025	4.78	78000000.0		78000000.0	30755000000.0	820000000.0	22485000000.0					-49.01262182457261	-50.32273526122384	25.42668355651853	25.668401902764142	4.835589941972921	12.173263216522322	51.01846065815958	18.17117988394584	32.846526433044644	110.53692131631917	98.48779497098644	178.02817326710198	599.1101135344499	10.909675209788027	100.48217021269332	574.67352809127	3년	32.846526433044644	178.02817326710198	100.48217021269332	0.37816925359531656	0.6667508634713821	2.1944844098181564	3.909570218884806	4.402669014105867	3년	0.6667508634713821	불리(<1)	3년	12.173263216522322	2.088731928675281	불리	N	주당순현금<=0	625900000.0	-1.1025702791794156	14.226917277988193		-6.761859467094311	89.5552000427246	81.53844970703125	N	Y	중립/개선	단기위험부채 존재
ADI	ANALOG DEVICES INC	0000006281	S&P 500	제외	PEG=불리, PEGY=불리(<1)	365.8299865722656	4.56	2025	1.18	2499406000.0	1152915000.0	3652321000.0	8145066000.0	446639000.0	33815755000.0					-9.0450243502735	-9.944220861711788	82.20943221985507	82.40662443727577	39.02439024390244	-4.58825332599776		86.54878048780488	-0.6765066519955205		394.6624390243902	-3.0848703330995733		7.881380288772211	-100.8432524523219		1년	86.54878048780488	394.6624390243902	7.881380288772211	0.48904838725053673	-0.04145817862946638		8.613997330428884	2.3546449571124164	1년	0.4890483872505367	불리(<1)	1년	39.02439024390244	2.1066167006337864	불리	N	주당순현금<=0	496709000.0	-4.547832476448132	20.40614907681384		-17.879595593461318	400.84920166015627	329.2871509552002	N	Y	중립/개선	단기위험부채 존재
BX	Blackstone Inc.	0001393818	S&P 500	제외	PEG=불리, PEGY=불리(<1)	133.89999389648438	3.87	2025	3.94	2631241000.0		2631241000.0	12576587000.0		8665526000.0	25827803000.0	25.122324377562975	74.87767562243702	0.3355115415740162	-12.746916027812693	-12.746916027812693	37.893258378371335	37.893258378371335	6.906077348066299	17.923308120835912	20.871508213597355	22.3121546961326	44.346616241671825	50.24301642719471	86.34803867403316	171.62140485526996	194.44047357324354	-35.51303763255789	28.17133135043106	45.2132057030278	3년	44.346616241671825	171.62140485526996	28.17133135043106	0.2862270971729633	0.576970919273467	0.6547736794194303	5.8284613995335155	4.352846650642412	3년	0.576970919273467	불리(<1)	3년	17.923308120835912	2.1141888608342496	불리	N	주당순현금<=0	780215856.0	10.187621457710371	-9.776975545840216		-29.033284346914424	120.72700057983398	132.42920040130616	Y	Y	상승전환	
TXN	TEXAS INSTRUMENTS INC	0000097476	S&P 500	제외	PEG=불리, PEGY=불리(<1)	277.07000732421875	5.45	2025	2.03	3225000000.0	1656000000.0	4881000000.0	13548000000.0	0.0	16273000000.0	18312000000.0	47.05219025589128	52.94780974410872	0.888652249890782	-9.49288061336254	-9.49288061336254	52.580346410565376	52.580346410565376	4.8076923076923075	-16.644237941707228	24.802935181675736	18.115384615384613	-24.788475883414456	58.10587036335147	98.72884615384615	-135.0971935646088	316.67699348026554	-64.36682298913837	-148.7592269077765	14.294938141644442	5년	58.10587036335147	316.67699348026554	14.294938141644442	0.13004273981577189	-0.27794107379198774	0.5103225256858328	2.8510405257393208	1.0289964450764681	5년	0.5103225256858328	불리(<1)	5년	24.802935181675736	2.1199243567515924	불리	N	주당순현금<=0	913000000.0	4.5547197449882	40.90932230274158		-16.615502485224532	299.7455993652344	225.0422004699707	N	Y	상승전환	
KIM	KIMCO REALTY CORP	0000879101	S&P 500	제외	PEG=불리, PEGY=불리(<1)	26.239999771118164	0.45	2020	3.94	211648000.0	223991000.0	435639000.0	7718700000.0		10391836000.0	9120372000.0	53.258124349637924	46.74187565036207	1.1394092258517525	-10.785262091668777	-10.785262091668777	82.27835969508209	82.27835969508209	104.54545454545455	38.33153542625083	-12.352677767919173	217.5909090909091	85.16307085250166	-16.205355535838347	97.9159090909091	38.32338188362575	-7.292409991127256	273.1551446074445	46.049474915802094	-127.79119685494	3년	85.16307085250166	38.32338188362575	46.049474915802094	1.3185174685967749	0.5137624957875463	-0.10224654209315762	1.631347931743768	6.2170272331303895	3년	0.5137624957875463	불리(<1)	3년	38.33153542625083	2.1464926666813056	불리	N	주당순현금<=0	675279000.0	10.25210341292	25.31040640825404		-0.5307027827986088	24.957799987792967	22.589949979782105	Y	Y	강한 상승추세	
AON	Aon plc	0000315293	S&P 500	제외	PEG=불리, PEGY=안심	381.260009765625	17.02	2025	89.0	1195000000.0	1603000000.0	2798000000.0	14660000000.0		9352000000.0	41236000000.0	18.48659761208192	81.51340238791809	0.22679212338733146	-54.63841547673883	-54.63841547673883	25.610953304486713	25.610953304486713	36.269015212169734	11.921526017460929	15.032502900053736	81.03803042433947	32.343052034921854	38.56500580010747	1379.2672778222577	550.47874563437	656.3763987178291	261.7655254927328	44.38407688568496	72.15978122681386	3년	32.343052034921854	550.47874563437	44.384076885684955	4.891228128951537	3.9405610879693715	4.062031649631276	14.822662367572548	3.8878093657618593	3년	3.940561087969372	안심	3년	11.921526017460927	2.148294879948716	불리	N	주당순현금<=0	217100000.0	18.521517796070697	15.271355938208607		0.0	337.8646014404297	336.41170013427734	Y	Y	강한 상승추세	
MDLZ	Mondelez International, Inc.	0001103982	S&P 500	제외	PEG=불리, PEGY=불리(<1)	62.47999954223633	1.89	2025	3.3	4475000000.0		4475000000.0	23095000000.0	2688000000.0	25838000000.0	45596000000.0	36.170451045720526	63.82954895427948	0.5666725151329064	-14.345146379044683	-16.41602465331279	40.648225355175136	41.743928145793184	-44.73684210526316	-1.2049365987475746	18.761141546758097	-80.97368421052632	6.090126802504851	46.022283093516194	-153.0402631578947	11.510339656734168	86.9821150467456	-344.94280454410034	-81.57756123389021	39.21593419338281	5년	46.022283093516194	86.9821150467456	39.21593419338281	-1.0194010130380176	0.0515413251856933	0.5427332030855655	2.4922958397534667	3.9889498367692537	3년	0.0515413251856933	불리(<1)	5년	18.761141546758097	2.166617913620459	불리	N	주당순현금<=0	1298000000.0	6.7304382731294465	5.862417922122387		-10.371538713513983	60.89460006713867	58.60110012054443	Y	Y	강한 상승추세	단기위험부채 존재
HPQ	HP INC	0000047217	S&P 500	제외	PEG=불리, PEGY=불리(<1)	28.290000915527344	2.65	2025	4.52	3690000000.0	5000000.0	3695000000.0	8821000000.0	788000000.0	-346000000.0					-5.378803777544596	-6.2056663168940185	12.705209318140355	13.017232917894853	-5.693950177935949	-3.836586737518144	5.789648870565345	-2.8879003558718974	0.8268265249637121	20.079297741130688	-7.652935943060528	2.191090291153837	53.21013901399632	-127.05173451889185	-92.25489494434328	88.08814878754995	5년	20.079297741130688	53.21013901399632	88.08814878754995	-0.09239912137927521	0.053790004191909366	0.8114505328019541			3년	0.0537900041919093	불리(<1)	5년	5.789648870565345	2.194469751479026	불리	N	주당순현금<=0 | FCF<=0	953000000.0	43.38571501213917	46.05059210026843		-3.6115824605290947	24.23620002746582	22.460799989700316	Y	Y	강한 상승추세	단기위험부채 존재
GEN	Gen Digital Inc.	0000849399	S&P 500	제외	PEG=불리, PEGY=불리(<1)	27.579999923706055	1.57	2026	1.87	1006000000.0	0.0	1006000000.0	8015000000.0	181000000.0	2611000000.0	12978000000.0	16.748989672204758	83.25101032779524	0.2011866235167206	-11.323101777059774	-11.615508885298869	24.779045669277597	24.96529223503498	52.42718446601942	-10.088488131506812	11.281344719290054	113.35436893203884	-11.676976263013625	31.062689438580108	177.96635922330097	-18.332852732931393	48.76842241857077	545.2732404481703	-166.47154743888746	76.82531745278385	5년	31.062689438580108	48.76842241857077	76.82531745278385	2.191254061625949	-0.33167089004144096	0.5307446014999603	2.4604200323101777	8.921029873518432	5년	0.5307446014999603	불리(<1)	5년	11.281344719290054	2.19646206067152	불리	N	주당순현금<=0	619000000.0	43.2727268763951	9.401035007149726		-14.241293362675822	25.395800132751464	24.265800075531004	Y	Y	강한 상승추세	단기위험부채 존재
MSI	Motorola Solutions, Inc.	0000068505	S&P 500	제외	PEG=불리, PEGY=불리(<1)	440.30999755859375	12.75	2025	1.14	1165000000.0	246000000.0	1411000000.0	8413000000.0	749000000.0	2410000000.0					-41.43195266272189	-45.86390532544379	37.78368237029927	38.131286500708825	38.13651137594799	17.15090983184706	40.00784395357051	84.77302275189598	42.80181966369412	88.51568790714101	1080.8560400866738	545.7232007121	1128.575020816048	145.47615227447568	23.94067900751642	156.31373965472227	3년	42.80181966369412	545.7232007121	23.94067900751642	1.0395098865965007	0.4840954794343986	1.089037419653827			3년	0.4840954794343986	불리(<1)	3년	17.15090983184706	2.203013294381606	불리	N	주당순현금<=0 | FCF<=0	169000000.0	1.2812272736206998	8.429376506649522		-10.195796752800145	409.92780029296875	416.35480041503905	Y	Y	상승전환	단기위험부채 존재
HRL	HORMEL FOODS CORP /DE/	0000048465	S&P 500	제외	PEG=불리, PEGY=불리(<1)	25.559999465942383	0.87	2025	4.49	670679000.0	32909000.0	703588000.0	2850778000.0	185000000.0	7901171000.0					-3.900464308550834	-4.236524879381503	33.86260203964738	34.24887855784355	-40.816326530612244	-21.81034655991424	15.135740743060389	-73.13265306122449	-35.12069311982848	38.77148148612078	-63.625408163265305	-30.55500301425078	33.731188892925076	-348.9257022405007	-219.54226781171897	31.96866039794115	5년	38.77148148612078	33.731188892925076	31.96866039794115	-1.0727565025298487	-0.51148894404615	0.5795697778948579	0.970668270069174	3.7976067697597116	5년	0.5795697778948579	불리(<1)	5년	15.135740743060389	2.237260971530125	불리	N	주당순현금<=0	550496000.0	19.943688909013567	1.4285662385072895		-12.61538644122262	24.027799873352052	23.297649955749513	Y	Y	강한 상승추세	단기위험부채 존재
DRI	DARDEN RESTAURANTS INC	0000940944	S&P 500	제외	PEG=불리, PEGY=불리(<1)	206.97999572753906	10.38	2026	3.0	219500000.0		219500000.0	901000000.0	0.0	2207500000.0	10654900000.0	17.162426918770993	82.83757308122901	0.20718167228223633	-5.859845227858985	-5.859845227858985	20.50480163346802	20.50480163346802	17.155756207674962	9.114765771480716	16.82500139829013	42.811512415349924	26.729531542961432	42.15000279658026	444.3834988713322	277.4525374159397	437.51702902850315	114.69876705201139	34.04799649390664	111.38131126663788	3년	26.729531542961432	277.4525374159397	34.04799649390664	0.9829773810040988	0.5908257971980059	0.9668467782654226	9.622527944969905	4.649013500626722	3년	0.5908257971980059	불리(<1)	3년	9.114765771480716	2.2496246362825585	불리	N	주당순현금<=0	116300000.0	5.327973901265826	5.119351012450513		-5.341629808357262	202.44440032958985	196.35674995422363	Y	Y	강한 상승추세	
MRSH	MARSH & MCLENNAN COMPANIES, INC.	0000062709	S&P 500	제외	PEG=불리, PEGY=불리(<1)	192.19000244140625	8.43	2025	2.16	2687000000.0	414000000.0	3101000000.0	18320000000.0	268000000.0	15315000000.0					-30.807692307692307	-31.350202429149796	26.452870076998646	26.517224777052913	3.0562347188264063	11.754120579715522	63.117645068661396	14.612469437652813	32.008241159431044	134.7352901373228	123.1831173594132	269.8294729740037	1135.8184958576312	-35.9055539858435	40.39724727942999	490.9872945674751	3년	32.008241159431044	269.8294729740037	40.39724727942999	0.1971897455226243	0.5259966324718072	2.4676961281952443	10.123481781376519	5.267434129131096	3년	0.5259966324718072	불리(<1)	3년	11.754120579715522	2.2505188625212207	불리	N	주당순현금<=0	494000000.0	12.510241307171333	7.260860753112142		-9.005257169575277	169.88259979248048	177.47014961242675	Y	Y	상승전환	단기위험부채 존재
RVTY	REVVITY, INC.	0000031791	S&P 500	제외	PEG=불리, PEGY=불리(<1)	111.51000213623047	2.07	2025	26.0	919860000.0	0.0	919860000.0	2631236000.0	588828000.0	7250360000.0	4918051000.0	59.58345752785635	40.416542472143654	1.4742344070852458	-14.677953600068614	-19.728153008276514	60.96036508999956	63.40007494903719	-5.909090909090924	27.023182791188983	-9.341040767937725	-3.3181818181818485	62.546365582377966	-10.18208153587545	-6.868636363636426	129.47097675552237	-21.076908779262183	-106.15965943148767	16.107052529107825	-118.90136164961487	3년	62.546365582377966	129.47097675552237	16.107052529107825	0.32957330654512357	0.8697976580833723	0.27327525364173294	4.3690638535100135	3.9180914445435837	3년	0.8697976580833723	불리(<1)	3년	27.023182791188983	2.2558543736704446	불리	N	주당순현금<=0	116595000.0	30.911014013526362	-2.704823713124649		-5.299361243116374	104.94200012207031	98.57805000305176	Y	Y	상승전환	단기위험부채 존재
CRH	CRH PUBLIC LTD CO	0000849395	S&P 500	제외	PEG=불리, PEGY=불리(<1)	103.4000015258789	5.51	2025	1.52	4096000000.0		4096000000.0	16478000000.0	120000000.0	24004000000.0	32851000000.0	42.2196816462932	57.7803183537068	0.7306931295850964	-18.289512555391433	-18.466765140324963	22.085211267018213	22.11738052018219	9.76095617529881			28.02191235059762			154.40073705179287			49.323728020593435			1년	28.02191235059762	154.40073705179287	49.323728020593435	0.5107923143187519			4.301329394387001	4.1598929699343055	1년	0.5107923143187519	불리(<1)	1년	9.76095617529881	2.26260735837615	불리	N	주당순현금<=0	677000000.0	-9.646977175817407	-16.397152918221813		-21.297002829228862	105.17199966430664	114.28490005493164	N	N	주의	단기위험부채 존재
AEP	AMERICAN ELECTRIC POWER CO INC	0000004904	S&P 500	제외	PEG=불리, PEGY=불리(<1)	133.02000427246094	6.66	2025	2.84	197000000.0	220000000.0	417000000.0	44128000000.0	1508000000.0	31138000000.0	82204000000.0	27.472605036085472	72.52739496391453	0.37878935331614033	-81.32765295651676	-84.13340209651417	32.18433291726392	32.60561657191818	19.35483870967742	14.044924681547055	8.545142209229773	47.20967741935484	36.58984936309411	25.590284418459547	314.41645161290324	243.68839675820678	170.4312942269406	136.36779545495529	83.19680418823852	28.124559278957186	3년	36.58984936309411	243.68839675820678	83.19680418823852	0.689616241751338	0.5246318053244425	0.35374796297619376	12.919842193728178	9.712706193622463	3년	0.5246318053244425	불리(<1)	3년	14.044924681547055	2.291527626313964	불리	N	주당순현금<=0	537467865.0	-1.8954142155334641	11.37905378259989		-4.088252988055697	131.56759994506837	126.09210014343262	Y	Y	강한 상승추세	단기위험부채 존재
ROK	ROCKWELL AUTOMATION, INC	0001024478	S&P 500	제외	PEG=불리, PEGY=불리(<1)	471.1700134277344	7.67	2025	1.18	468000000.0	300000.0	468300000.0	2614000000.0	608000000.0	3654000000.0					-18.971706454465075	-24.347480106100797	63.903744443572286	64.60462757937877	-7.3671497584541	-1.270785701033128	27.797562094762206	-6.2342995169082	5.958428597933744	64.09512418952441	-47.817077294685895	45.701147346151814	491.60960253365226	-110.14858245048732	-90.30049747570338	4.338049647349385	5년	64.09512418952441	491.60960253365226	4.338049647349385	-0.0968198313311268	-0.0014206632463187332	0.4534564030179752	12.232537577365164	2.5962046031694945	5년	0.4534564030179752	불리(<1)	5년	27.797562094762206	2.298897443801859	불리	N	주당순현금<=0	113100000.0	17.41384121079852	12.250152097137423		-4.829517207931245	461.5797998046875	409.4330996704102	Y	Y	강한 상승추세	단기위험부채 존재
MSFT	MICROSOFT CORP	0000789019	S&P 500	보류	PEG=불리, PEGY=안심	393.3500061035156	13.64	2025	94.0	30242000000.0	64323000000.0	94565000000.0	40152000000.0	0.0	343479000000.0	275524000000.0	55.4890687121064	44.5109312878936	1.2466391312553535	7.2890823844608175	7.2890823844608175	28.303586782921904	28.303586782921904	15.593220338983048	12.226568954799856	56.34799019984356	39.6864406779661	32.95313790959971	121.19598039968712	541.3230508474576	449.48080108694006	1653.1131726517324	37.61867101763836	14.26993621773398	320.2651956275023	3년	32.95313790959971	449.48080108694006	14.269936217733981	3.8720612048049854	3.753113333992563	5.311976582789924	9.59290020093771	2.438769556905308	3년	3.753113333992563	안심	3년	12.226568954799856	2.314924725616552	불리	Y		7465000000.0	-8.363423155849592	-18.150980670443108		-27.435570906204344	398.5353985595703	434.7883494567871	N	N	주의	
ZBRA	ZEBRA TECHNOLOGIES CORP	0000877212	S&P 500	제외	PEG=불리, PEGY=판정불가	284.3999938964844	8.18	2025		125000000.0	0.0	125000000.0	2361000000.0	141000000.0	3588000000.0	4914000000.0	42.201834862385326	57.798165137614674	0.7301587301587301	-43.66130504148459	-46.4145447601113	40.105293268700365	40.44187514139312	-19.64636542239686	-2.4059043989460127	17.195332607402314	-30.792730844793716	3.6881912021079746	42.89066521480463	-251.88453831041258	30.169404033243232	350.84564145710186	-188.56699849371068	-89.3919111530557	23.36344901076275	5년	42.89066521480463	350.84564145710186	23.36344901076275				16.22654046935317	5.705534745988529	판정불가		판정불가	5년	17.195332607402314	2.3323359997954145	불리	N	주당순현금<=0	51212395.0	29.720847824623874	19.215290412061513		-16.686194603745285	252.23339935302735	246.3690498352051	Y	Y	강한 상승추세	단기위험부채 존재
FICO	FAIR ISAAC CORP	0000814547	S&P 500	제외	PEG=불리, PEGY=불리(<1)	1336.219970703125	26.54	2025	0.005987038193861422	134136000.0		134136000.0	2656150000.0	399541000.0	-1745784000.0	3613917000.0	-93.4507339680847	193.45073396808473	-0.48307252214148805	-102.68368551769065	-118.9509791946582	54.21641507991016	54.82935003382755	29.7799511002445	23.23712626480905		68.059902200489	54.9742525296181		1806.3098044009782	1459.0166621360643		35.180572361187636	9.189856021110288		3년	54.9742525296181	1459.0166621360643	9.189856021110288	0.5493896653723147	0.42870988922348763		31.3458328243964	2.3458587292257036	3년	0.4287098892234876	불리(<1)	3년	23.23712626480905	2.333180723901174	불리	N	주당순현금<=0	24561000.0	32.233544849393866	-13.513270504652109		-28.90745465723348	1214.5851904296876	1382.7105456542968	Y	N	중립/개선	단기위험부채 존재
NUE	NUCOR CORP	0000073309	S&P 500	제외	PEG=불리, PEGY=안심	265.6199951171875	7.52	2025	90.0	2260000000.0	439000000.0	2699000000.0	4233276000.0	122000000.0	20936000000.0	12980000000.0	61.7289774737587	38.271022526241296	1.6129429892141756	-6.641887445887446	-7.170025974025974	36.20503757487699	36.27526876212946	516.3934426229508	15.425826725292405	42.054467881799674	1041.2868852459017	39.351653450584806	92.60893576359935	7830.47737704918	295.92443394839773	696.419196942267	2847.99997025619	11.408944879258945	162.18628482205096	3년	39.351653450584806	295.92443394839773	11.408944879258943	16.748869307726746	2.911910435316006	3.6474059061171498	-0.8138528138528138	-0.30639742068128356	3년	2.911910435316006	안심	3년	15.425826725292403	2.347040338234495	불리	N	주당순현금<=0 | FCF<=0	231000000.0	17.995644083780917	53.024537570702		-0.2740795831048026	240.8179995727539	189.52829956054688	Y	Y	강한 상승추세	단기위험부채 존재
QCOM	QUALCOMM INC/DE	0000804328	S&P 500	제외	PEG=불리, PEGY=불리(<1)	162.8800048828125	5.01	2025	2.16	5520000000.0	4635000000.0	10155000000.0	14811000000.0	1000000000.0	4909000000.0	28937000000.0	14.503929563316198	85.49607043668381	0.16964439990323807	-4.213574660633484	-5.118552036199095	33.352011884919364	33.532646091619085	-44.147157190635454	-23.90448036479093	14.194083679524194	-79.79431438127091	-39.30896072958187	36.88816735904839	-399.76951505016723	-196.93789325520515	184.80971846883241	-345.4380544363257	-220.90980313814228	13.4637235563676	5년	36.88816735904839	184.80971846883241	13.4637235563676	-1.2589092776625153	-0.6519690758032815	0.49034774081856664			5년	0.4903477408185666	불리(<1)	5년	14.194083679524194	2.349712220805885	불리	N	주당순현금<=0 | FCF<=0	1105000000.0	8.586669921875	6.429699443518788		-35.11273917993402	201.42640045166016	169.14024978637696	N	N	중립/개선	단기위험부채 존재
MRK	Merck & Co., Inc.	0000310158	S&P 500	제외	PEG=불리, PEGY=불리(<1)	131.82000732421875	7.28	2025	2.6	14565000000.0	498000000.0	15063000000.0	46750000000.0	2300000000.0	52606000000.0					-12.639409652971679	-13.55684084563223	19.843326507855824	19.96934727607843	8.011869436201781	8.433903046142621	21.232013056721488	24.523738872403563	25.367806092285242	50.964026113442976	178.53281899109794	184.67762835183657	371.0181101058649	35.43681464983261	40.098329609109726	181.45811674348104	3년	25.367806092285242	184.67762835183657	40.098329609109726	0.534782786142264	0.5560510754975675	1.2010089662782384	4.93019545273235	3.740096479137841	3년	0.5560510754975675	불리(<1)	3년	8.433903046142621	2.3528046740982496	불리	N	주당순현금<=0	2507000000.0	19.803697888454263	22.14604295846887		0.0	121.81320007324219	110.93230010986328	Y	Y	강한 상승추세	단기위험부채 존재
USB	US BANCORP \DE\	0000036104	S&P 500	제외	PEG=불리, PEGY=불리(<1)	64.43000030517578	4.62	2025	3.28	8252000000.0		8252000000.0	39829000000.0	17162000000.0	65193000000.0	626694000000.0	9.422492401215806	90.5775075987842	0.1040268456375839	-20.26765083440308	-31.28305519897304	18.332824921986766	20.717111580984593	21.899736147757256	7.780088648706851	8.588568965361265	52.29947229551451	24.060177297413702	25.67713793072253	241.62356200527705	111.1580191140513	118.62837723993809	275.01716725254613	72.52525001947232	84.11978376229878	3년	24.060177297413702	111.1580191140513	72.52525001947232	1.3734782421643548	0.6032942929293106	0.6473944422568043			3년	0.6032942929293106	불리(<1)	3년	7.780088648706851	2.356377382028149	불리	N	주당순현금<=0 | FCF<=0	1558000000.0	14.62373484182069	13.974883595384302		-0.062045780626573954	59.02860000610352	54.418899974823	Y	Y	강한 상승추세	단기위험부채 존재
STT	STATE STREET CORP	0000093751	S&P 500	제외	PEG=불리, PEGY=불리(<1)	182.57000732421875	9.4	2025	1.99	4433000000.0		4433000000.0	11534000000.0	2380000000.0	27841000000.0	338206000000.0	7.605853893079304	92.39414610692069	0.08231965133675925	-24.5693189721091	-32.80407170462841	22.036098542162538	22.912136066898636	14.494518879415338	9.345182660480011	8.263522928949719	37.489037758830676	27.190365320960023	25.027045857899438	352.3969549330084	255.58943401702422	235.25423106425472	93.02017899752875	39.99530249409104	28.8569982069816	3년	27.190365320960023	255.58943401702422	39.99530249409104	0.7480688492962969	0.5143915398087352	0.46530573047362483	37.51656465491888	20.549139042479588	3년	0.5143915398087352	불리(<1)	3년	9.345182660480011	2.3580168887817825	불리	N	주당순현금<=0	289019000.0	19.733743730191613	43.05751715642274		-2.1544504488826832	169.61060089111328	138.84390022277833	Y	Y	강한 상승추세	단기위험부채 존재
MO	ALTRIA GROUP, INC.	0000764180	S&P 500	제외	PEG=불리, PEGY=불리(<1)	74.81999969482422	4.12	2025	5.82	4474000000.0		4474000000.0	24140000000.0	0.0	-3502000000.0	38469000000.0	-10.015157148168273	110.01515714816827	-0.0910343393381684	-11.68508615567439	-11.68508615567439	20.996380060800632	20.996380060800632	-37.00305810397553	8.90191356086536	11.413340246469872	-65.50611620795107	26.30382712173072	31.326680492939744	-269.8851987767584	108.37176774153056	129.06592363091175	-460.71264351452294	44.843314867090726	72.5019034447284	3년	26.30382712173072	108.37176774153056	44.843314867090726	-1.4851635383659778	0.701164368249866	0.8207767337305825	5.3915626856803325	7.206044784377755	3년	0.701164368249866	불리(<1)	3년	8.90191356086536	2.358636704034628	불리	N	주당순현금<=0	1683000000.0	10.353976883610772	17.604528373115524		0.0	71.99600006103516	65.49530027389527	Y	Y	강한 상승추세	
EQR	EQUITY RESIDENTIAL	0000906107	S&P 500	제외	PEG=불리, PEGY=불리(<1)	68.08999633789062	2.94	2025	4.18	55904000.0		55904000.0	8241242000.0	587400000.0	11041499000.0	9336889000.0	54.18239656640162	45.81760343359838	1.182567234118345	-20.96595126674197	-22.470519529418997	30.291138641031495	30.802896553506674	8.088235294117638	12.771101671748507	3.713728933664817	24.676470588235276	34.042203343497015	15.927457867329634	72.5488235294117	100.08407782988122	46.82672612994912	6.548432121209902	46.987932461066364	-31.2281852717753	3년	34.042203343497015	100.08407782988122	46.987932461066364	0.40501070096782177	0.559605958449744	0.260595318888812			3년	0.559605958449744	불리(<1)	3년	12.771101671748507	2.371850089334094	불리	N	주당순현금<=0 | FCF<=0	390411000.0	4.51265501635314	9.557513541714613		-2.9365718363218107	67.295199508667	63.1601997756958	Y	Y	강한 상승추세	단기위험부채 존재
SPGI	S&P Global Inc.	0000064040	S&P 500	제외	PEG=불리, PEGY=안심	424.3599853515625	14.66	2025	88.0	1745000000.0	56000000.0	1801000000.0	12370000000.0	400000000.0	31127000000.0	25048000000.0	55.41076991544281	44.58923008455719	1.2426940274672629	-34.64110127826942	-35.95214683710259	31.309760343099036	31.399190463074017		12.852521260492766	50.79787589706457		34.20504252098553	110.09575179412914		501.44592335764787	1614.0037213019332		18.165223081111968	280.33833938532314	3년	34.20504252098553	501.44592335764787	18.165223081111968		3.2211208311826507	4.433054561136458	18.297194362504097	4.311715287516027	3년	3.2211208311826507	안심	3년	12.852521260492766	2.4360792492397416	불리	N	주당순현금<=0	305100000.0	3.478558533350995	-14.833100063035653		-20.49127049037851	409.28764709472654	435.4274937438965	Y	N	중립/개선	단기위험부채 존재
NEE	NEXTERA ENERGY INC	0000753308	S&P 500	제외	PEG=불리, PEGY=불리(<1)	89.27999877929688	3.3	2025	2.81	2812000000.0		2812000000.0	89556000000.0	400000000.0	54608000000.0	146242000000.0	27.18844909136171	72.8115509086383	0.373408459949946	-41.89317106152806	-42.086351782092144	39.749445406310585	39.807985018602736	-2.077151335311581	16.260329205681433		4.345697329376838	41.02065841136287		14.340801186943565	135.36817275749746		-83.93727443657957	51.62205937315487		3년	41.02065841136287	135.36817275749746	51.62205937315487	0.01843670162432185	0.479763403256284				3년	0.479763403256284	불리(<1)	3년	16.260329205681433	2.444565845101214	불리	N	주당순현금<=0 | FCF<=0	2070600000.0	-7.491454975545386	2.4440587677849512		-8.786267588315432	87.55440048217774	87.63675022125244	Y	Y	중립/개선	단기위험부채 존재
HWM	Howmet Aerospace Inc.	0000004281	S&P 500	제외	PEG=불리, PEGY=불리(<1)	286.0400085449219	3.71	2025	17.0	742000000.0		742000000.0	2859000000.0	0.0	5353000000.0	5826000000.0	47.884426156185704	52.1155738438143	0.9188122210779265	-5.214285714285714	-5.214285714285714	78.50520060895083	78.50520060895083	32.02846975088968			72.55693950177935			269.1862455516014			-5.892099877585344			1년	72.55693950177935	269.1862455516014	-5.892099877585344	0.6245251189804572			3.5246305418719213	1.2322159266466344	1년	0.6245251189804572	불리(<1)	1년	32.02846975088968	2.4511068190127983	불리	N	주당순현금<=0	406000000.0	18.970185608517465	32.714708005834204		-1.1131857539907308	268.09520141601564	234.94560035705567	Y	Y	강한 상승추세	
DPZ	DOMINOS PIZZA INC	0001286681	S&P 500	제외	PEG=불리, PEGY=불리(<1)	350.4700012207031	17.57	2025	2.32	125675000.0		125675000.0	1536443000.0	100000.0	-3901142000.0	5617601000.0	-227.278484368109	327.278484368109	-0.6944498194157969	-41.20516930398778	-41.2080900655378	22.292269238741653	22.292435474458788	5.272618334331929	9.073110679208952	7.235872833479218	19.045236668663858	26.646221358417904	22.971745666958434	334.624808268424	468.17410926740257	403.6135713684597	-4.5211267432560875	33.58464565775405	15.163514698163926	3년	26.646221358417904	468.17410926740257	33.58464565775405	0.34059423260224875	0.5110790004011304	0.4286630818576379	19.613030638847075	5.596208112116297	3년	0.5110790004011304	불리(<1)	3년	9.073110679208952	2.456959914511395	불리	N	주당순현금<=0	34237646.0	2.940142752998276	-15.318818625286578		-26.27582194856962	311.90799926757813	373.3746006774902	Y	N	중립/개선	단기위험부채 존재
ROST	ROSS STORES, INC.	0000745732	S&P 500	보류	PEG=불리, PEGY=안심	251.02999877929688	6.61	2025	73.0	4594392000.0	0.0	4594392000.0	1017863000.0	499743000.0	6187443000.0					11.024514820477412	9.484076001183665	36.309452943845606	36.542499663859786	4.588607594936709	14.703265747939431	58.06122059198926	17.67721518987342	37.906531495878866	124.62244118397852	116.8463924050633	250.56217318775933	823.7543362260981	-53.45321556257764	-0.1863624243367279	228.14975908530153	3년	37.906531495878866	250.56217318775933	-0.1863624243367279	2.136870740380787	2.415438918443	3.609561972599313	6.804867824028408	2.7107787344616057	3년	2.415438918443	안심	3년	14.703265747939431	2.4694821930246444	불리	Y		324416000.0	11.311632681602891	34.96236493510585		0.0	226.95480010986327	200.9290000152588	Y	Y	강한 상승추세	단기위험부채 존재
IDXX	IDEXX LABORATORIES INC /DE	0000874716	S&P 500	제외	PEG=불리, PEGY=판정불가	569.5399780273438	13.08	2025		180070000.0	0.0	180070000.0	374842000.0	74995000.0	1605383000.0	1745376000.0	47.91102553182726	52.08897446817274	0.919792067726381	-2.4038506633755015	-3.3294291885220613	43.726592407547344	43.79735529173286	22.58669165885661	17.66051173291583	14.281792796945748	53.67338331771322	43.82102346583166	37.063585593891496	702.0478537956889	573.1789869330781	484.79169956810074	23.265772532298577	0.6389382740678684	-14.880128125996839	3년	43.82102346583166	573.1789869330781	0.6389382740678684				13.046948472693613	2.2907871222460923	판정불가		판정불가	3년	17.66051173291583	2.4759527395828123	불리	N	주당순현금<=0	81025000.0	0.21819290181415152	-18.022313346190177		-25.713468009045247	555.7727990722656	621.4574478149414	Y	N	중립/개선	단기위험부채 존재
LVS	LAS VEGAS SANDS CORP	0001300514	S&P 500	보류	PEG=불리, PEGY=불리(<1)	48.25	0.58	2025	2.51	3841000000.0		3841000000.0			1590000000.0	19986000000.0	7.369299221357063	92.63070077864293	0.0795556889822876	5.542568542568542	5.542568542568542	73.63350251281285	73.63350251281285	28.888888888888875			66.27777777777774			38.44111111111109			-20.329303396660947			1년	66.27777777777774	38.44111111111109	-20.329303396660947	0.42642123241964763			2.676767676767677	5.547705029570315	1년	0.4264212324196476	불리(<1)	1년	28.888888888888875	2.548852010058908	불리	Y		693000000.0	-11.07629654892216	-20.04970800340573		-30.565546865333225	48.28620002746582	55.83474981307983	N	N	주의	
ABNB	Airbnb, Inc.	0001559720	S&P 500	보류	PEG=불리, PEGY=판정불가	153.11000061035156	4.030497592295345	2025		6560000000.0	4454000000.0	11014000000.0	0.0	1999000000.0	8199000000.0	14009000000.0	36.919128242074926	63.080871757925074	0.5852666143193661	17.67897271268058	14.470304975922954	33.6015652649339	34.39766243737517	-1.825115293410216	13.128576286013535		4.849769413179568	34.757152572027074		19.546983943007856	140.08861975659707		-87.23337217354415	-8.504591993891053		3년	34.757152572027074	140.08861975659707	-8.504591993891053				7.417335473515249	4.844448725718164	판정불가		판정불가	3년	13.128576286013537	2.559421869737023	불리	Y		623000000.0	10.11939585991193	15.799424592939326		0.0	140.02640045166015	132.04982498168945	Y	Y	강한 상승추세	단기위험부채 존재
LHX	L3HARRIS TECHNOLOGIES, INC. /DE/	0000202058	S&P 500	제외	PEG=불리, PEGY=불리(<1)	305.20001220703125	8.53	2025	1.65	1069000000.0		1069000000.0	10443000000.0	0.0	19635000000.0	21560000000.0	47.66355140186916	52.336448598130836	0.9107142857142857	-49.75583864118896	-49.75583864118896	41.612643710225115	41.612643710225115	8.386277001270638	15.822311734425586	10.447613089419638	25.272554002541277	40.14462346885117	29.395226178839277	215.57488564167707	342.4336381893005	250.741279305499	-29.366029810168325	12.199745902045356	-17.843620813681483	3년	40.14462346885117	342.4336381893005	12.199745902045356	0.2411833545390559	0.4198798772819201	0.29071964698188585	14.235668789808917	4.664373597780922	3년	0.4198798772819201	불리(<1)	3년	15.822311734425586	2.629997715168632	불리	N	주당순현금<=0	188400000.0	-6.0576189300662	-15.34919704507509		-19.361656270387286	299.4570007324219	316.3115007019043	Y	N	주의	
MDT	Medtronic plc	0001613103	S&P 500	제외	PEG=불리, PEGY=불리(<1)	86.87999725341797	3.73	2026	3.42	1949000000.0	7271000000.0	9220000000.0	22140000000.0	0.0	49463000000.0	42956000000.0	53.52038000843983	46.47961999156018	1.1514805847844305	-10.030277152395	-10.030277152395	25.98130681120991	25.98130681120991	3.3240997229916927	9.77073559217516	6.995481881143495	15.148199445983385	28.04147118435032	22.490963762286988	56.502783933518025	104.5946875176267	83.89129483333046	-34.964565239675885	20.389837504871487	-3.4400351226644754	3년	28.04147118435032	104.5946875176267	20.389837504871487	0.25957507726600876	0.5077010054969167	0.4008836798251282	4.212405869109541	4.848533612199003	3년	0.5077010054969167	불리(<1)	3년	9.77073559217516	2.6590942479312303	불리	N	주당순현금<=0	1288100000.0	6.080580750618769	-13.715368808362705		-17.532037482886366	80.28019989013671	90.25424983978272	Y	N	중립/개선	
KO	COCA COLA CO	0000021344	S&P 500	제외	PEG=불리, PEGY=불리(<1)	88.2699966430664	3.04	2025	2.52	10270000000.0	2348000000.0	12618000000.0	35547000000.0	2373000000.0	32169000000.0					-5.316253188036169	-5.866450266635752	30.784950602336373	30.96593648345466	23.577235772357728	11.551776147388226	11.17422496891589	55.654471544715456	31.603552294776453	30.84844993783178	169.189593495935	96.07479897612042	93.77928781100861	91.67282194433481	8.841965140900543	6.241408607071652	3년	31.603552294776453	96.07479897612042	8.841965140900543	0.8477270634430423	0.45709919529058046	0.4448350476767239	1.2279156039879435	1.3910905751511615	3년	0.4570991952905804	불리(<1)	3년	11.551776147388226	2.664953874586345	불리	N	주당순현금<=0	4313000000.0	12.661133838084094	20.01358664927586		0.0	81.59119979858399	75.7572501373291	Y	Y	강한 상승추세	단기위험부채 존재
ATO	ATMOS ENERGY CORP	0000731802	S&P 500	제외	PEG=불리, PEGY=불리(<1)	179.3800048828125	7.46	2025	2.24	202687000.0		202687000.0	3529452000.0	0.0	13558890000.0					-20.718084609492255	-20.718084609492255	26.822800200040852	26.822800200040852	9.224011713030746	10.031474661040264	69.70420030995797	26.948023426061493	28.562949322080527	147.90840061991594	201.03225475841873	213.07960194272073	1103.3966686245728	12.07060390579846	18.786707627711287	515.1168684299083	3년	28.562949322080527	213.07960194272073	18.786707627711287	0.4273980206217726	0.4575016243464981	2.6822031918147156			3년	0.4575016243464981	불리(<1)	3년	10.031474661040264	2.673864123309197	불리	N	주당순현금<=0 | FCF<=0	160573000.0	-4.141505796920875	6.1231770562985455		-6.7138118748123805	173.94739990234376	176.39759979248046	Y	Y	중립/개선	
NWSA	NEWS CORP	0001564708	S&P 500	보류	PEG=불리, PEGY=안심	28.18000030517578	1.31	2025	73.0	2403000000.0		2403000000.0	1937000000.0	25000000.0	8774000000.0					0.8176873135637831	0.7738199684155115	20.887261825658012	20.92074834867196	184.7826086956522	7.653296278279198		378.0652173913044	23.806592556558396		495.26543478260874	31.1866362490915		1657.5068467676492	10.669396420707256		3년	23.806592556558396	31.1866362490915	10.669396420707255	12.341618104245278	3.8613628225411674		1.2124934198982278	4.302673551339638	3년	3.861362822541168	안심	3년	7.653296278279198	2.7291850551948578	불리	Y		569900000.0	7.721714333127183	5.741090838821883		-9.184661032560959	26.526000099182127	25.746650018692016	Y	Y	강한 상승추세	단기위험부채 존재
CASY	CASEYS GENERAL STORES INC	0000726958	S&P 500	제외	PEG=불리, PEGY=불리(<1)	856.8599853515625	19.16	2026	30.0	522991000.0		522991000.0	2330237000.0	101357000.0	3951719000.0	4984336000.0	44.222187531298765	55.777812468701235	0.79282757021196	-48.47547934636911	-51.19416244767903	47.251329055215635	47.393222745263124	30.874316939890704	17.173098488337637	17.985950946001218	70.24863387978141	42.84619697667527	44.471901892002435	1345.9638251366118	820.9331340730982	852.0816402507667	57.08095233136299	-4.192849694541845	-0.5576576316415727	3년	42.84619697667527	820.9331340730982	-4.192849694541845	1.2883090943062343	0.9983443731966443	1.015547115932488	19.35590141349151	2.2589339850605747	3년	0.9983443731966444	불리(<1)	3년	17.173098488337637	2.751473712638655	불리	N	주당순현금<=0	37281653.0	9.208396700129517	38.86620249321857		-6.484921862905779	823.6331994628906	687.3060488891601	Y	Y	강한 상승추세	단기위험부채 존재
ROL	ROLLINS INC	0000084839	S&P 500	제외	PEG=불리, PEGY=불리(<1)	39.0099983215332	1.09	2025	1.87	100004000.0		100004000.0	486147000.0	123683000.0	1374321000.0	1766202000.0	43.7608958762601	56.2391041237399	0.7781222079920643	-0.7975738773554313	-1.0530396759661838	36.520708439347366	36.75508073165081	13.54166666666668	13.271785112236143	15.512803857109425	35.58333333333336	35.04357022447229	39.52560771421885	38.785833333333365	38.1974915446748	43.08291240849855	-0.574634703524457	-2.0828167439574274	10.440692802381202	3년	35.04357022447229	38.1974915446748	-2.0828167439574274	0.4219980204453583	0.4146081979045731	0.4759711571854727	1.3426108186150074	3.441709501109866	3년	0.4146081979045731	불리(<1)	3년	13.271785112236145	2.751755557410019	불리	N	주당순현금<=0	484147000.0	-30.01435746887795	-38.55725737874127		-40.53353776079359	45.88319999694824	55.13249998092651	N	N	주의	단기위험부채 존재
NRG	NRG ENERGY, INC.	0001013871	S&P 500	제외	PEG=불리, PEGY=불리(<1)	127.55999755859375	4.01	2025	1.39	4708000000.0		4708000000.0	10892000000.0		1681000000.0	27459000000.0	5.768702814001372	94.23129718599863	0.061218544011071054	-31.07537688442211	-31.07537688442211	39.55994375137553	39.55994375137553	-19.63927855711424	-8.120643852977938	14.13919505192036	-30.778557114228477	-7.741287705955877	36.77839010384072	-123.42201402805618	-31.042563700883065	147.48134431640128	-196.75604922410193	-124.33565717702676	15.61723670358084	5년	36.77839010384072	147.48134431640128	15.61723670358084	-0.4613069895095515	-0.17013785194636202	0.39254846138097454	3.849246231155779	3.0175966641796585	5년	0.3925484613809745	불리(<1)	5년	14.13919505192036	2.797892214239068	불리	N	주당순현금<=0	199000000.0	-17.602222356270115	-18.251728372812014		-30.685215234080587	135.30499923706054	153.63869983673095	N	N	주의	
RSG	REPUBLIC SERVICES, INC.	0001060391	S&P 500	제외	PEG=불리, PEGY=불리(<1)	216.6300048828125	6.85	2025	1.15	76000000.0		76000000.0	13710000000.0		11968000000.0					-43.67520053304631	-43.67520053304631	38.00075991472392	38.00075991472392	5.546995377503843	13.459076140014382	56.06006028771993	19.593990755007688	35.418152280028764	120.62012057543986	134.21883667180265	242.614343118197	826.2478259417629	-38.042360870365464	11.994801112357866	281.4096880940973	3년	35.418152280028764	242.614343118197	11.994801112357866	0.1762331961921898	0.3844416841346873	1.5054977957310032	7.716998539248097	3.5622944030411023	3년	0.3844416841346873	불리(<1)	3년	13.459076140014382	2.823430042255732	불리	N	주당순현금<=0	312168000.0	4.073990504436598	-0.2578376317044495		-11.942600008150094	212.45700012207033	214.62864967346192	Y	Y	상승전환	
WELL	WELLTOWER INC.	0000766704	S&P 500	제외	PEG=불리, PEGY=불리(<1)	243.57000732421875	1.39	2025	1.19	5033678000.0		5033678000.0	19197302000.0		42129498000.0	24100108000.0	63.61127680572341	36.38872319427659	1.7481041163798934	-20.843541259210532	-20.843541259210532	190.22557452045274	190.22557452045274	-11.464968152866252	66.71109926452392	28.940704466365673	-14.429936305732504	141.92219852904785	66.38140893273135	-20.05761146496818	197.27185595537648	92.27015841649657	-108.23484454646719	-19.008149598326483	-62.11760247899705	3년	141.92219852904785	197.27185595537648	-19.008149598326483	-0.05401465170374084	0.35695042286347944	0.15839460357695528			3년	0.3569504228634794	불리(<1)	3년	66.71109926452392	2.851483135754775	불리	N	주당순현금<=0 | FCF<=0	679521000.0	13.695566532146497	32.74292878763523		-3.3720790863734473	222.64019927978515	203.09834976196288	Y	Y	강한 상승추세	
ETR	ENTERGY CORP /DE/	0000065984	S&P 500	제외	PEG=불리, PEGY=불리(<1)	112.31999969482422	3.91	2025	2.25	1928916000.0		1928916000.0	27902021000.0	657774000.0	16923076000.0					-57.69853670100379	-59.15976350773198	43.48300163576163	43.85671693160005	59.59183673469387	-10.03626231922775	15.165895704950483	127.68367346938774	-11.572524638455501	38.831791409900966	499.24316326530607	-45.24857133636101	151.83230441271277	344.48287448518533	-140.28540906276916	35.17833406805939	5년	38.831791409900966	151.83230441271277	35.17833406805939	1.4222071708093267	-0.1790645085739461	0.400521929254929	-5.629813158795977	-5.012298053857102	5년	0.400521929254929	불리(<1)	5년	15.165895704950483	2.867156842016777	불리	N	주당순현금<=0 | FCF<=0	450151884.0	-0.7423152528285293	16.297367535054686		-4.740907296809382	112.3356005859375	103.96835021972656	N	Y	중립/개선	단기위험부채 존재
PNC	PNC FINANCIAL SERVICES GROUP, INC.	0000713676	S&P 500	제외	PEG=불리, PEGY=불리(<1)	251.60000610351562	16.59	2025	3.2	39713000000.0		39713000000.0	57101000000.0	14000000.0	60585000000.0	512936000000.0	10.563693395708265	89.43630660429174	0.11811415069326388	-43.90909090909091	-43.94444444444444	17.812483243677306	17.814614258466552	20.742358078602617	6.201879866723403	-0.4401788836301823	49.984716157205234	20.903759733446805	7.619642232739635	829.2464410480349	346.7933739778825	126.40986464115055	229.58919750854795	37.83520094001966	-49.7576066873616	3년	20.903759733446805	346.7933739778825	37.83520094001966	1.344133647794513	0.5278253311514374	0.15493747158187166			3년	0.5278253311514374	불리(<1)	3년	6.201879866723403	2.8721103321029102	불리	N	주당순현금<=0 | FCF<=0	396000000.0	13.90285064906671	12.472065058511683		-1.4106547365894673	237.1433999633789	215.61095008850097	Y	Y	강한 상승추세	단기위험부채 존재
CMI	CUMMINS INC	0000026172	S&P 500	보류	PEG=불리, PEGY=불리(<1)	641.5999755859375	20.5	2025	1.33	2101000000.0	764000000.0	2865000000.0	1630000000.0	24000000.0	12349000000.0	20584000000.0	37.49734309051711	62.50265690948289	0.5999319860085504	8.904109589041095	8.731074260994953	30.86321297545836	30.871653723167928	-27.74057102573141	10.67954284093311	43.57635272286971	-46.98114205146282	29.85908568186622	95.65270544573941	-963.1134120549877	612.1112564782575	1960.880461637658	-250.11119836396966	-4.596122230327337	205.62352497705368	3년	29.85908568186622	612.1112564782575	-4.596122230327337	-0.8557297986678322	0.3891216008677642	1.4550122425224519	17.202595529920693	2.6812026472118426	3년	0.3891216008677642	불리(<1)	3년	10.67954284093311	2.889937653245252	불리	Y		138700000.0	-0.13231171374308293	11.344427977178562		-11.818475803079231	671.9498034667969	576.4185520935058	N	Y	중립/개선	단기위험부채 존재
BRO	BROWN & BROWN, INC.	0000079282	S&P 500	제외	PEG=불리, PEGY=안심	73.6500015258789	3.16	2025	95.0	1079000000.0	10000000.0	1089000000.0	6894000000.0	25000000.0	5578800000.0	3863400000.0	59.08368812353053	40.91631187646947	1.4440130455039601	-18.54632587859425	-18.62619808306709	29.176052976099097	29.201328990172783	-8.670520231213867	10.064241629820891	56.18583117469611	-8.841040462427735	28.628483259641783	120.87166234939222	-27.937687861271645	90.46600710046803	381.95445302407944	-137.93304451114642	22.83232209938295	418.6075290030639	3년	28.628483259641783	90.46600710046803	22.83232209938295	2.9589156504310874	3.6010436955228	5.181846608879787	4.415335463258786	5.995024265827529	3년	3.6010436955228	안심	3년	10.064241629820891	2.898981766261342	불리	N	주당순현금<=0	313000000.0	16.645553116608912	-0.6341084771813499		-24.03300273934226	62.533400268554686	71.25965009689331	Y	Y	상승전환	단기위험부채 존재
INVH	Invitation Homes Inc.	0001687229	S&P 500	제외	PEG=불리, PEGY=불리(<1)	30.049999237060547	0.96	2025	4.05	129971000.0		129971000.0	8380020000.0		9530132000.0	9112398000.0	51.12037904726451	48.87962095273549	1.0458423787020716	-13.454578621849206	-13.454578621849206	45.317268603030996	45.317268603030996	29.729729729729726	15.0739165329576	22.36032947934692	67.95945945945945	38.647833065915194	53.22065895869384	65.24108108108108	37.101919743278586	51.09183260034608	117.10842841093823	23.467290133974217	70.02274175546307	3년	38.647833065915194	37.101919743278586	23.467290133974217	0.7454052455286416	0.422000643959343	0.5827873191276248	1.9605145330390512	6.524174984407841	3년	0.422000643959343	불리(<1)	3년	15.073916532957599	3.0063367077792527	불리	N	주당순현금<=0	613177806.0	6.787490720823253	12.252516709784466		-6.093752384185791	29.53720001220703	27.680199956893922	Y	Y	강한 상승추세	
DELL	Dell Technologies Inc.	0001571996	S&P 500	제외	PEG=불리, PEGY=양호	392.1000061035156	8.68	2026	59.0	11528000000.0	2187000000.0	13715000000.0	23513000000.0		-2470000000.0	103756000000.0	-2.438639101159094	102.43863910115908	-0.023805852191680483	-14.324561403508772	-14.324561403508772	46.82310685564797	46.82310685564797	303.72093023255815		15.515817208402405	615.9418604651163		39.531634416804806	5346.3753488372095		343.13458673786573	1263.5234036251838		-12.487992502790956	5년	39.531634416804806	343.13458673786573	-12.487992502790956	7.746622439019239		1.5914325684993293	12.502923976608187	3.1887079270555727	5년	1.5914325684993291	양호	5년	15.515817208402405	3.017766078752944	불리	N	주당순현금<=0	684000000.0	90.40451612157476	241.96755065436065		-15.8511431680896	389.6963980102539	210.75189949035644	Y	Y	강한 상승추세	
FRT	FEDERAL REALTY INVESTMENT TRUST	0000034903	S&P 500	제외	PEG=불리, PEGY=불리(<1)	126.12000274658203	4.68	2024	3.56	107415000.0		107415000.0	4963602000.0		3248731000.0	5629819000.0	36.59078340494788	63.40921659505212	0.5770578059436724	-56.20261558937562	-56.20261558937562	38.95782443076018	38.95782443076018	67.14285714285715	12.808740658788563	19.50578386760935	142.7857142857143	34.11748131757713	47.5115677352187	668.2371428571429	159.66981256626096	222.3541370008235	429.8423154968197	26.601497850497125	76.30362524460817	3년	34.11748131757713	159.66981256626096	26.601497850497125	1.8148564037121087	0.42016567654800024	0.592070635479253			3년	0.4201656765480002	불리(<1)	3년	12.808740658788565	3.041503100777494	불리	N	주당순현금<=0 | FCF<=0	86405000.0	12.216392411688348	24.28064502814673		-0.7944580576232041	122.06220001220703	108.22249980926513	Y	Y	강한 상승추세	
MSCI	MSCI Inc.	0001408198	S&P 500	제외	PEG=불리, PEGY=불리(<1)	579.3900146484375	15.69	2025	1.44	515332000.0	70898000.0	586230000.0	6202286000.0	0.0	-2654540000.0	8356999000.0	-46.55079501667614	146.55079501667615	-0.3176427327561006	-73.28221723471998	-73.28221723471998	41.59797526342623	41.59797526342623	11.672597864768674	13.538386829039872	53.02284334613518	31.84519572953735	35.576773658079745	114.54568669227037	499.65112099644097	558.1995786952712	1797.221824201722	-13.762559180516865	-3.6573698920276176	210.19206040204904	3년	35.576773658079745	558.1995786952712	-3.6573698920276176	0.3152220217866597	0.3600749011024382	1.3092666890933993	20.214089983819616	3.4888571554145833	3년	0.3600749011024382	불리(<1)	3년	13.538386829039872	3.0725946738498027	불리	N	주당순현금<=0	76636000.0	-2.5875136841146062	-0.4056700217554776		-10.008853382245132	595.312998046875	572.218299407959	N	Y	중립/개선	
FDX	FEDEX CORP	0001048911	S&P 500	제외	PEG=불리, PEGY=불리(<1)	312.6400146484375	18.55	2026	1.57	13311000000.0		13311000000.0	23293000000.0	745000000.0	31647000000.0					-41.76569037656904	-44.88284518828452	19.105428842318414	19.27346953297693	10.350981558596088	6.216255240021917	-0.9430705522987193	29.201963117192175	20.932510480043835	6.6138588954025614	541.6964158239149	388.29806940481313	122.68708250971751	73.26522212233466	24.19973490643954	-60.75771597961359	3년	20.932510480043835	388.29806940481313	24.19973490643954	0.62395781099617	0.4075415058350016	0.032814204427206346			3년	0.4075415058350016	불리(<1)	3년	6.216255240021917	3.073462736747446	불리	N	주당순현금<=0 | FCF<=0	239000000.0	-0.5698850999751981	24.18739146046125		-7.707744753228784	320.0188800048828	274.3811493682861	N	Y	중립/개선	단기위험부채 존재
PCG	PG&E Corp	0001004980	S&P 500	제외	PEG=불리, PEGY=불리(<1)	17.780000686645508	1.18	2025	1.14	713000000.0		713000000.0	57387000000.0	2675000000.0	32540000000.0					-25.737511353315167	-26.952316076294277	36.8792474914921	37.9087430194405	2.6086956521739157	11.995586155825675		13.717391304347831	32.491172311651354		16.18652173913044	38.3395833277486		-8.962198458810644	115.6331937407928		3년	32.491172311651354	38.3395833277486	115.63319374079279	0.10164783468097403	0.3561782587580185		-1.3946412352406903	-7.843876160748408	3년	0.3561782587580185	불리(<1)	3년	11.995586155825677	3.074401451702436	불리	N	주당순현금<=0 | FCF<=0	2202000000.0	9.348096164622245	17.205013824819893		-6.959706338186178	16.910000076293944	16.687049984931946	Y	Y	강한 상승추세	단기위험부채 존재
HST	HOST HOTELS & RESORTS, INC.	0001070750	S&P 500	제외	PEG=불리, PEGY=불리(<1)	25.469999313354492	1.1	2025	3.2	768000000.0		768000000.0	1274000000.0		6558000000.0	6317000000.0	50.935922330097085	49.064077669902915	1.038151021054298	-0.7290015847860539	-0.7290015847860539	23.81727354376413	23.81727354376413	11.111111111111121	7.721734501594191		30.722222222222243	23.943469003188383		33.79444444444447	26.337815903507224		32.68333472912695	3.407210889470713		3년	23.943469003188383	26.337815903507224	3.407210889470713	0.6008710898337931	0.4585635917362898		2.175479037602651	8.541339207897028	3년	0.4585635917362898	불리(<1)	3년	7.721734501594191	3.0844460579222117	불리	N	주당순현금<=0	694100000.0	21.633231441083822	37.082881689668625		0.0	23.83039993286133	20.022099952697754	Y	Y	강한 상승추세	
NWS	NEWS CORP	0001564708	S&P 500	보류	PEG=불리, PEGY=안심	31.809999465942383	1.31	2025	65.0	2403000000.0		2403000000.0	1937000000.0	25000000.0	8774000000.0					0.8176873135637831	0.7738199684155115	23.658253551434044	23.691740074447992	184.7826086956522	7.653296278279198		378.0652173913044	23.806592556558396		495.26543478260874	31.1866362490915		1456.9488937366013	-1.9596454804040264		3년	23.806592556558396	31.1866362490915	-1.9596454804040264	10.557947912453226	3.0709492617588134		1.2124934198982278	3.8116738140671553	3년	3.070949261758813	안심	3년	7.653296278279198	3.091250187004844	불리	Y		569900000.0	5.540809920744416	3.145263646417651		-9.553593625062417	30.180599937438966	29.346749992370604	Y	Y	강한 상승추세	단기위험부채 존재
MAA	MID AMERICA APARTMENT COMMUNITIES INC.	0000912595	S&P 500	제외	PEG=불리, PEGY=불리(<1)	135.63999938964844	3.78	2025	4.59	60258000.0		60258000.0			5662851000.0	6135738000.0	47.996001894802845	52.003998105197155	0.9229290755244113	0.5143705878838061	0.5143705878838061	35.74752084702768	35.74752084702768	-15.812917594654795	-11.64378965026387	11.534580200891554	-23.12583518930959	-14.787579300527739	31.56916040178311	-87.41565701559024	-55.89704975599485	119.33142631874014	-164.44681318854495	-141.20985697988783	-12.023424612425138	5년	31.56916040178311	119.33142631874014	-12.023424612425138	-0.3139495363239421	-0.197322485115786	0.4510684886342901			5년	0.4510684886342901	불리(<1)	5년	11.534580200891554	3.0991609772035407	불리	N	FCF<=0	117149000.0	4.034356734043465	0.6754276634504341		-10.950634934691339	134.52200088500976	132.13350009918213	Y	Y	강한 상승추세	
JKHY	JACK HENRY & ASSOCIATES INC	0000779152	S&P 500	보류	PEG=불리, PEGY=불리(<1)	157.42999267578125	6.24	2025	1.56	50992000.0		50992000.0	0.0	0.0	2130832000.0	913138000.0	70.00174114725178	29.998258852748222	2.3335268053678635	0.6980902183585461	0.6980902183585461	25.117292060484406	25.117292060484406	19.311663479923514	8.098386987445227	50.80610407826143	47.12332695984703	24.696773974890455	110.11220815652285	294.04956022944543	154.10786960331643	687.1001788967027	86.78115601200906	-2.1102224652367	336.4480790593373	3년	24.696773974890455	154.10786960331643	-2.1102224652366997	0.8309679017014617	0.38453138038077816	2.084862649690092	8.051831063043329	5.1145470606897945	3년	0.3845313803807781	불리(<1)	3년	8.098386987445227	3.101517882440449	불리	Y		73045000.0	3.0300978609634655	-12.030628760821138		-18.260650214534135	139.01439971923827	159.30194984436037	Y	N	중립/개선	
AMT	AMERICAN TOWER CORP /MA/	0001053507	S&P 500	제외	PEG=불리, PEGY=불리(<1)	171.5	5.4	2025	4.19	1474800000.0	4026000.0	1478826000.0	18294659000.0	3387800000.0	3652500000.0	52835100000.0	6.466020861215559	93.53397913878445	0.06913018050500519	-35.873241359595696	-43.1004401000945	38.402452103628825	39.740822240758234	106.10687022900764	12.230302192084208	7.337360126949077	220.71374045801528	32.96060438416842	23.174720253898155	1191.8541984732826	177.98726367450948	125.14348937105004	594.958716310952	3.782661034699397	-27.030035352157412	3년	32.96060438416842	177.98726367450948	3.782661034699397	2.872130923602797	0.4275847320315407	0.3001725018976016	8.071559464711994	4.70644866747055	3년	0.4275847320315407	불리(<1)	3년	12.230302192084208	3.1399430284301526	불리	N	주당순현금<=0	468757000.0	-3.8677097155552898	-4.759264161514876		-20.12482202166335	176.4535998535156	179.09945014953612	N	N	주의	단기위험부채 존재
WMT	Walmart Inc.	0000104169	S&P 500	제외	PEG=불리, PEGY=양호	113.0999984741211	2.73	2026	89.0	10727000000.0		10727000000.0	34624000000.0	6596000000.0	99617000000.0					-2.9789329344303166	-3.801171777611568	42.51975509470748	42.82094148415116	13.278008298755179	-13.852054624316834	-10.485413986679248	35.05601659751036	-19.204109248633667	-12.470827973358496	95.70292531120327	-52.42721824876991	-34.04536036726869	-15.382027760945128	-146.35474708761026	-130.10199896250109	1년	35.05601659751036	95.70292531120327	-15.382027760945128	2.4054232690414987	1.7673654330393118	1.8465437027668494	1.8602592869608576	1.6447916110153722	3년	1.7673654330393118	양호	1년	13.278008298755179	3.202269055570159	불리	N	주당순현금<=0	8022000000.0	-11.356688047389197	-3.283738572871353		-15.722801008899335	116.88399917602538	117.85069965362548	N	N	주의	단기위험부채 존재
NDAQ	NASDAQ, INC.	0001120193	S&P 500	제외	PEG=불리, PEGY=불리(<1)	95.95999908447266	3.09	2025	1.23	604000000.0	291000000.0	895000000.0	8573000000.0	431000000.0	12227000000.0	18821000000.0	39.38095851584643	60.61904148415357	0.6496466712714521	-13.270015025137837	-14.014919489299652	35.34951912932379	35.5905885352014	60.10362694300518	10.989871033323162	-11.180293383285411	128.70725388601036	30.479742066646324	-13.860586766570822	397.705414507772	94.18240298593713	-42.82921310870384	314.4491645499869	-1.852434468002362	-144.63236089758786	3년	30.479742066646324	94.18240298593713	-1.852434468002362	1.735062553994591	0.3456870513179431	-0.2814831326808986	3.4376217615263296	3.5823486810376317	3년	0.3456870513179431	불리(<1)	3년	10.989871033323162	3.2165545002428164	불리	N	주당순현금<=0	578597687.0	5.092543697523366	-2.5786811325150705		-4.971285507603673	87.89239990234375	89.1495000076294	Y	Y	상승전환	단기위험부채 존재
PWR	QUANTA SERVICES, INC.	0001050915	S&P 500	제외	PEG=불리, PEGY=불리(<1)	588.3599853515625	6.8	2025	7.000000000000001	439508000.0		439508000.0	1040532000.0	0.0	8938249000.0	15899027000.0	35.98723547622533	64.01276452377466	0.5621884282604213	-3.972635516983826	-3.972635516983826	87.10773836302153	87.10773836302153	12.769485903814253	26.99606847284017	17.23954045081646	34.038971807628506	62.49213694568034	42.97908090163292	231.46500829187383	424.9465312306263	292.2577501311038	-60.659287841683074	-27.77439971946628	-50.326711977791774	3년	62.49213694568034	424.9465312306263	-27.77439971946628	0.22695441616707937	0.3902761007427554	0.2782708047108073	10.713234759503209	1.8208639313058883	3년	0.3902761007427554	불리(<1)	3년	26.99606847284017	3.226682376015517	불리	N	주당순현금<=0	151291000.0	-6.748663410955313	22.761699843212725		-25.072590205708778	687.5013977050781	558.3059005737305	N	Y	중립/개선	
GD	GENERAL DYNAMICS CORP	0000040533	S&P 500	제외	PEG=불리, PEGY=불리(<1)	393.19000244140625	15.45	2025	1.63	2333000000.0		2333000000.0	7007000000.0	0.0	25622000000.0					-17.157015692392402	-17.157015692392402	26.559677549113182	26.559677549113182	13.352898019075557	8.220181851997577	7.03040276544542	35.205796038151114	24.940363703995153	22.56080553089084	543.9295487894346	385.3286192267251	348.56444545226344	38.337583715774116	-1.99938532665328	-11.349616397175044	3년	24.940363703995153	385.3286192267251	-1.9993853266532802	0.5641219849664865	0.3708697831057241	0.32607333991276516	14.532440121134258	3.696035003662104	3년	0.3708697831057241	불리(<1)	3년	8.220181851997577	3.231032844201488	불리	N	주당순현금<=0	272425000.0	25.34749159083485	7.247288112511652		0.0	357.1694006347656	348.7816500854492	Y	Y	강한 상승추세	
ADM	Archer-Daniels-Midland Co	0000007084	S&P 500	제외	PEG=불리, PEGY=불리(<1)	83.18000030517578	2.23	2025	2.5	1015000000.0	433000000.0	1448000000.0	6606000000.0	798000000.0	22740000000.0					-10.65702479338843	-12.305785123966942	42.079383452270946	42.81873786060212	-38.9041095890411	-33.86721254408997	12.82075623743526	-69.3082191780822	-59.23442508817995	34.141512474870524	-154.5573287671233	-132.0927679466413	76.13557281896126	-285.8106855014115	-258.8035194301652	-8.468895720569247	5년	34.141512474870524	76.13557281896126	-8.468895720569247	-0.8651293484452524	-0.7454294709348253	0.36409174708591	8.685950413223141	10.44235438970378	5년	0.36409174708591	불리(<1)	5년	12.82075623743526	3.282129593058136	불리	N	주당순현금<=0	484000000.0	14.258237387762485	21.911177213393707		-4.74118117741339	80.195400390625	69.2954002571106	Y	Y	강한 상승추세	단기위험부채 존재
CAT	CATERPILLAR INC	0000018230	S&P 500	제외	PEG=불리, PEGY=양호	840.8499755859375	18.81	2025	75.0	9980000000.0		9980000000.0	30696000000.0	5514000000.0	21318000000.0	77267000000.0	21.623979307196837	78.37602069280317	0.2759004490921092	-43.8619521490578	-55.53673512597925	47.03412693965951	47.654795891117324	-14.693877551020417	14.168748532167829	67.65638212373489	-20.887755102040835	36.83749706433566	143.81276424746977	-392.8986734693881	692.9133197801536	2705.1180954949064	-146.72637032493233	-17.593704002036247	221.71233561728693	3년	36.83749706433566	692.9133197801536	-17.593704002036247	1.2821779922979506	1.895830843135734	3.0330398671320085	18.882066483167478	2.245592796742333	3년	1.895830843135734	양호	3년	14.168748532167829	3.3195681914232726	불리	N	주당순현금<=0	472300000.0	2.809735117554646	31.606957306913763		-21.039538331441353	924.1941979980469	733.5676483154297	N	Y	상승전환	단기위험부채 존재
DTE	DTE ENERGY CO	0000936340	S&P 500	제외	PEG=불리, PEGY=불리(<1)	146.0800018310547	7.03	2025	3.17	208000000.0		208000000.0	10982000000.0	882000000.0	12303000000.0					-52.04830917874396	-56.309178743961354	28.183259034110762	28.78935712304638	3.8404726735598333	8.394043095201798	37.69982747513958	16.180945347119668	25.288086190403597	83.89965495027916	113.75204579025127	177.77524591853728	589.8145743004625	-22.13030917003378	21.69718215374816	303.76134098259274	3년	25.288086190403597	177.77524591853728	21.697182153748162	0.24874599013105328	0.41031603482072837	1.4501455429861398			3년	0.4103160348207283	불리(<1)	3년	8.394043095201798	3.3575308959541643	불리	N	주당순현금<=0 | FCF<=0	207000000.0	-1.682595214154503	6.877384883661208		-5.406974836978062	147.21420043945312	141.57930015563966	N	Y	중립/개선	단기위험부채 존재
MLM	MARTIN MARIETTA MATERIALS INC	0000916076	S&P 500	제외	PEG=불리, PEGY=양호	583.6699829101562	18.77	2025	57.99999999999999	67000000.0		67000000.0	5293000000.0	30000000.0	10032000000.0	8677000000.0	53.621251803944624	46.378748196055376	1.1561599631208943	-86.23762376237623	-86.73267326732673	35.690335997471095	35.71671050492717	-42.085775995063244	10.610393458663768	10.217788506018909	-75.67155199012649	29.720786917327537	28.935577012037818	-1420.3550308546742	557.8591704382378	543.1207805159498	-343.3489938565691	-4.42215862176546	-6.947282468087468	3년	29.720786917327537	557.8591704382378	-4.42215862176546	0.4458972873235035	1.9223801497280744	1.9113798343297357	16.138613861386137	2.7650237863731872	3년	1.9223801497280744	양호	3년	10.610393458663768	3.36371465737952	불리	N	주당순현금<=0	60600000.0	-4.945931242905999	-10.100888269517716		-17.573541542367078	575.1011987304687	612.8787487792969	Y	N	주의	단기위험부채 존재
TER	TERADYNE, INC	0000097210	S&P 500	보류	PEG=불리, PEGY=불리(<1)	320.6499938964844	3.47	2025	16.0	293751000.0	586882000.0	880633000.0	171059000.0	200000000.0	2795752000.0	1387847000.0	66.82648121868276	33.173518781317235	2.014452601763739	4.442639886300315	3.190440711499571	91.12603861964959	91.48690293515412	4.518072289156637	-6.31450812985902	27.007110355932152	17.536144578313277	-4.129016259718039	62.514220711864304	60.850421686747076	-14.327686421221596	216.92434587016916	-81.02279031809636	-104.46832580506675	-32.3485576175626	5년	62.514220711864304	216.92434587016916	-32.3485576175626	0.22516146427473813	0.10628676519745575	0.4719519361029098	2.819990107626519	0.8794605212239293	3년	0.1062867651974557	불리(<1)	5년	27.007110355932152	3.374149896774633	불리	Y		159719000.0	-15.647281251756162	34.19686558139856		-33.72809269108919	379.00239807128906	286.2196992492676	N	Y	중립/개선	단기위험부채 존재
AZO	AUTOZONE INC	0000866787	S&P 500	제외	PEG=불리, PEGY=판정불가	3118.800048828125	144.87	2025		271803000.0		271803000.0	8799775000.0	180910000.0	-3414313000.0					-494.51852710930706	-505.0091040881415	24.941800068595512	25.014213798000046	-3.1293881644934842	7.323782044011162	36.18199999564493	2.2412236710130315	23.147564088022325	80.86399999128986	324.6860732196579	3353.3876094317943	11714.767678738162	-89.5893911717214	7.521724924039752	275.61778553709894	3년	23.147564088022325	3353.3876094317943	7.521724924039752				103.80284140330531	3.3282942086110574	판정불가		판정불가	3년	7.323782044011162	3.4055901607545844	불리	N	주당순현금<=0	17245000.0	-12.469233954326508	-17.926098309649387		-28.378197907221924	3099.6825927734376	3497.3269458007812	Y	N	주의	단기위험부채 존재
GEHC	GE HealthCare Technologies Inc.	0001932393	S&P 500	제외	PEG=불리, PEGY=양호	64.11000061035156	4.55	2025	23.0	4492000000.0		4492000000.0	9495000000.0	508000000.0	10379000000.0	26307000000.0	28.291446328299624	71.70855367170039	0.3945337742806097	-10.923580786026202	-12.032751091703057	16.490897010192917	16.73467070374827	4.838709677419354			18.177419354838708			82.70725806451613			29.008356382953693			1년	18.177419354838708	82.70725806451613	29.008356382953693	1.6881258587821164					1년	1.6881258587821164	양호	1년	4.838709677419354	3.40811871543987	불리	N	주당순현금<=0 | FCF<=0	458000000.0	-6.408758233063416	-20.18177184519738		-27.279947881960396	63.524700241088865	73.12162498474122	Y	N	주의	단기위험부채 존재
DUK	Duke Energy CORP	0001326160	S&P 500	제외	PEG=불리, PEGY=불리(<1)	129.24000549316406	6.31	2025	3.37	245000000.0	44000000.0	289000000.0	80108000000.0	2624000000.0	51842000000.0					-102.72715572715573	-106.10424710424711	36.76183220607287	37.297028937783075	10.507880910683006			29.515761821366013			186.24445709281952			44.10743514141262			1년	29.515761821366013	186.24445709281952	44.10743514141262	0.37750786829363886			-2.18018018018018	-1.686923620794412	1년	0.3775078682936388	불리(<1)	1년	10.507880910683006	3.4985010316112697	불리	N	주당순현금<=0 | FCF<=0	777000000.0	1.1267624468076498	7.440356230375111		-3.1619968592918157	125.30440032958984	124.66410034179688	Y	Y	강한 상승추세	단기위험부채 존재
ABT	ABBOTT LABORATORIES	0000001800	S&P 500	제외	PEG=불리, PEGY=불리(<1)	107.2699966430664	3.72	2025	2.41	8522000000.0	417000000.0	8939000000.0	9896000000.0	0.0	52130000000.0					-0.5474828375286042	-0.5474828375286042	28.983193408762098	28.983193408762098	-51.30890052356021	-1.6467472577444189	8.273103706617114	-94.11780104712042	5.206505484511163	25.046207413234228	-350.118219895288	19.368200402381525	93.17189157723134	-426.3896996848825	-81.94443832525893	-13.142635878646992	5년	25.046207413234228	93.17189157723134	-13.142635878646992	-1.6871467485973188	0.026334321808197905	0.36859650197784743	4.230549199084668	3.9438326945805096	3년	0.0263343218081979	불리(<1)	5년	8.273103706617114	3.5033035287083782	불리	N	주당순현금<=0	1748000000.0	14.287231989678784	-0.9236169123535642		-21.48294504691335	92.14179977416993	108.7388998413086	Y	N	중립/개선	
FIS	Fidelity National Information Services, Inc.	0001136893	S&P 500	제외	PEG=불리, PEGY=불리(<1)	44.93000030517578	0.73	2025	3.89	599000000.0		599000000.0	9069000000.0	2729000000.0	13899000000.0	19586000000.0	41.50813797222637	58.491862027773635	0.7096395384458286	-16.319845857418112	-21.578034682080926	83.90389885286835	91.10689724281741	-72.03065134099617		23.901501752560208	-135.56130268199234		56.303003505120415	-98.95975095785441		41.1011925587379	-320.25317223613416		-8.521717606124335	5년	56.303003505120415	41.1011925587379	-8.521717606124335	-0.8121273537060036		0.33123015893808044	8.05587668593449	17.929838929928696	5년	0.3312301589380804	불리(<1)	5년	23.901501752560208	3.510402807383473	불리	N	주당순현금<=0	519000000.0	-2.958961024751283	-22.61453799096076		-44.95221907223312	41.00360008239746	52.86605001449585	Y	N	주의	단기위험부채 존재
BAC	BANK OF AMERICA CORP /DE/	0000070858	S&P 500	제외	PEG=불리, PEGY=불리(<1)	62.619998931884766	3.81	2025	2.06	161560000000.0		161560000000.0	317816000000.0	45999000000.0	303243000000.0	3108495000000.0	8.888226469910645	91.11177353008935	0.09755299590316215	-20.343449335364344	-26.33220065356924	21.775183272243858	23.347034011930187	18.691588785046733	6.09903426261329	15.29664601415619	45.883177570093466	20.69806852522658	39.093292028312376	174.8149065420561	78.85964108111328	148.94544262787016	179.1678529605405	25.9336353021872	137.85602869442135	3년	20.69806852522658	78.85964108111328	25.9336353021872	0.9529926120758823	0.3746941718287788	0.7970838085335503			3년	0.3746941718287788	불리(<1)	3년	6.09903426261329	3.5702674119613347	불리	N	주당순현금<=0 | FCF<=0	7680900000.0	18.913784871501704	20.03067113228292		0.0	56.57539985656738	53.37860004425049	Y	Y	강한 상승추세	단기위험부채 존재
IQV	IQVIA HOLDINGS INC.	0001478242	S&P 500	제외	PEG=불리, PEGY=판정불가	242.94000244140625	7.84	2025		1980000000.0	46000000.0	2026000000.0	13884000000.0	1840000000.0	6503000000.0	23314000000.0	21.80970587248885	78.19029412751115	0.27893111435189155	-68.34582132564842	-78.95100864553314	39.70482446008351	41.05752692435451	4.672897196261677	11.081058953610356	66.64690241687414	17.845794392523352	30.66211790722071	141.79380483374828	139.9110280373831	240.39100439261037	1111.6634298965864	-42.40922588649118	-1.0492294489091614	357.58764251461804	3년	30.66211790722071	240.39100439261037	-1.0492294489091614						판정불가		판정불가	3년	11.081058953610356	3.583125459967628	불리	N	주당순현금<=0 | FCF<=0	173500000.0	52.811680066816955	0.7882547329056688		-0.5526181513073047	189.84519958496094	196.87834976196288	Y	Y	상승전환	단기위험부채 존재
CPAY	CORPAY, INC.	0001175454	S&P 500	보류	PEG=불리, PEGY=판정불가	384.32000732421875	15.03	2025		2408097000.0		2408097000.0	474939000.0	3345530000.0	3883864000.0					27.205353373300685	-19.876326381266008	23.760123350027815	26.892636973086145	7.587687902648523	6.564477917470324	43.85131319574005	23.675375805297044	21.628955834940648	96.2026263914801	355.84089835361453	325.0832061991579	1445.9254746639458	-7.410259270363396	-15.41340549441853	276.22956055060104	3년	21.628955834940648	325.0832061991579	-15.41340549441853				18.282881589687296	4.757202654365988	판정불가		판정불가	3년	6.564477917470324	3.619499318718704	불리	Y		71058000.0	23.349487527628597	20.87055530648927		0.0	353.32759948730467	319.2382997131348	Y	Y	강한 상승추세	단기위험부채 존재
AMD	ADVANCED MICRO DEVICES INC	0000002488	S&P 500	보류	PEG=불리, PEGY=판정불가	454.6199951171875	2.65	2025		5539000000.0	5013000000.0	10552000000.0	2348000000.0	874000000.0	62999000000.0					5.014669926650367	4.480440097799511	169.66238686435364	169.86398302618417	165.0	46.66355102918431	12.817266899716717	338.5	101.82710205836862	34.134533799433434	897.025	269.84182045467685	90.4565145684986	97.31314276416146	-40.64453315892548	-80.10282971711756	3년	101.82710205836862	269.84182045467685	-40.644533158925476				4.1167481662591685	0.9055360983843207	판정불가		판정불가	3년	46.66355102918431	3.635865319341929	불리	Y		1636000000.0	40.657778885642415	80.38328664013488		-21.74002579844203	509.5684002685547	308.1890000915527	N	Y	상승전환	단기위험부채 존재
PLD	Prologis, Inc.	0001045609	S&P 500	제외	PEG=불리, PEGY=불리(<1)	147.1199951171875	1.49	2025	2.91	1145647000.0		1145647000.0	35037073000.0		53193178000.0	40970248000.0	56.49027468478048	43.50972531521952	1.2983367345006065	-35.42045625564362	-35.42045625564362	122.51037004887995	122.51037004887995	8.759124087591232	33.234053078207104	31.425771273344495	26.018248175182464	74.96810615641421	71.35154254668899	38.76718978102187	111.70247817305717	106.31379839456659	-73.64927197683625	-24.073897579943992	-27.73667623501278	3년	74.96810615641421	111.70247817305717	-24.073897579943992	0.09525009256714687	0.2950285193309442	0.28026828471455106			3년	0.2950285193309442	불리(<1)	3년	33.234053078207104	3.686290376939155	불리	N	주당순현금<=0 | FCF<=0	956832000.0	3.949690091220681	14.312353229000529		-1.9592179723035619	143.7197994995117	134.80589992523193	Y	Y	강한 상승추세	
PM	Philip Morris International Inc.	0001413329	S&P 500	제외	PEG=불리, PEGY=불리(<1)	200.1699981689453	7.26	2025	3.01	4872000000.0		4872000000.0	14828000000.0	168000000.0	-9994000000.0	77213000000.0	-14.867820110385457	114.86782011038545	-0.12943416264100605	-6.390243902439025	-6.498074454428755	28.4518239767747	28.466676669886233	60.61946902654868	7.709372585660357	41.71851076645543	129.73893805309734	23.918745171320715	91.93702153291086	941.9046902654867	173.6500899437884	667.4627763289328	370.5523799178489	-13.248692844955643	233.44796045089043	3년	23.918745171320715	173.6500899437884	-13.248692844955645	2.236393317999211	0.37675519834547716	1.5720788517097333	6.844672657252889	3.41942984456438	3년	0.3767551983454771	불리(<1)	3년	7.709372585660357	3.690549867792857	불리	N	주당순현금<=0	1558000000.0	20.66429495775617	11.901829553325571		0.0	183.4288003540039	169.44924987792967	Y	Y	강한 상승추세	단기위험부채 존재
AEE	AMEREN CORP	0001002910	S&P 500	제외	PEG=불리, PEGY=불리(<1)	112.51000213623047	5.35	2025	2.68	13000000.0		13000000.0	18214000000.0	643000000.0	13401000000.0					-66.8662747979427	-69.22850844966936	33.528276062462275	33.96981506278502	21.04072398190045	8.922553391323573	8.85719705051664	50.5814479638009	26.345106782647147	26.21439410103328	270.61074660633477	140.94632128716222	140.24700844052805	140.5215016160707	25.27448103369529	24.65292487570374	3년	26.345106782647147	140.94632128716222	25.274481033695295	0.7074841527106667	0.34605278749519747	0.34410349726968226	-2.8471711976487875	-2.530593852625963	3년	0.3460527874951974	불리(<1)	3년	8.922553391323573	3.757699684382464	불리	N	주당순현금<=0 | FCF<=0	272200000.0	0.27629696650641744	8.224320052956635		-4.910410390110831	110.77899948120117	107.25629962921143	Y	Y	강한 상승추세	단기위험부채 존재
CARR	CARRIER GLOBAL Corp	0001783180	S&P 500	제외	PEG=불리, PEGY=불리(<1)	63.15999984741211	1.72	2025	1.38	1555000000.0		1555000000.0	11365000000.0	325000000.0	14128000000.0	23062000000.0	37.98870664157031	62.01129335842969	0.612609487468563	-11.375231910946196	-11.75208719851577	43.33443706881297	43.55353898019062	-72.03252032520325	-25.140280284035853	11.456573996486764	-135.5650406504065	-41.78056056807171	31.413147992973528	-233.17186991869917	-71.86256417708333	54.03061454791447	-469.1764890468933	-213.77860093523705	-14.454378279850022	5년	31.413147992973528	54.03061454791447	-14.454378279850022	-1.6304012490807371	-0.5483001947459405	0.29622108569456923			5년	0.2962210856945692	불리(<1)	5년	11.456573996486764	3.7824952801860103	불리	N	주당순현금<=0 | FCF<=0	862400000.0	1.8709674958259814	10.671105984148443		-16.894737042878806	68.32939964294434	60.83384998321533	N	Y	상승전환	단기위험부채 존재
WMB	WILLIAMS COMPANIES, INC.	0000107263	S&P 500	보류	PEG=불리, PEGY=불리(<1)	70.16000366210938	2.14	2025	2.97	152000000.0		152000000.0		700000000.0	12807000000.0					0.12408163265306123	-0.4473469387755102	32.72706636890482	32.99408906583405	17.582417582417587	8.61732445982799	65.95600451405528	43.664835164835175	25.73464891965598	140.41200902811056	93.44274725274728	55.072148688063805	300.4816993201566	33.18520863078574	-21.50492329890501	328.28062091797585	3년	25.73464891965598	55.072148688063805	-21.50492329890501	0.6279944969936317	0.3540593687565449	2.106085639852657	0.8204081632653061	1.1693388261728042	3년	0.3540593687565449	불리(<1)	3년	8.61732445982799	3.797822226779434	불리	Y		1225000000.0	-3.9430410970952234	7.147220624997441		-11.637276682870002	74.07879974365234	68.38439981460571	N	Y	중립/개선	단기위험부채 존재
KEY	KEYCORP /NEW/	0000091576	S&P 500	보류	PEG=불리, PEGY=불리(<1)	22.6299991607666	1.52	2025	3.64	1287000000.0	10163000000.0	11450000000.0	9917000000.0	343000000.0	20381000000.0	164000000000.0	11.053741979922009	88.94625802007799	0.12427439024390244	1.3835814995388063	1.074013036171676	13.977906356070918	14.181569818812452	575.0	-7.651730931537582	3.659228783256574	1158.5	-6.803461863075164	15.818457566513148	1760.92	-10.34126203187425	24.044055501099987	7681.352475933313	-145.69713837993768	6.248592102402362	5년	15.818457566513148	24.044055501099987	6.248592102402362	41.39675751574081	-0.2870051372031976	0.5221975736077495	1.8556057162764419	8.199760429039197	5년	0.5221975736077495	불리(<1)	5년	3.659228783256574	3.819905008407568	불리	Y		1107994000.0	3.0510022961143246	5.452004315976411		-5.669031360262378	22.45020000457764	20.746150016784668	Y	Y	강한 상승추세	단기위험부채 존재
SHW	SHERWIN WILLIAMS CO	0000089800	S&P 500	제외	PEG=불리, PEGY=안심	354.2699890136719	10.26	2025	98.0	207200000.0		207200000.0	9320700000.0	1200500000.0	4598300000.0					-36.39576677316294	-41.19009584664537	38.07658438468176	38.543867920108895	-2.7488151658767856	9.945304600039684	18.130624645897143	3.0023696682464287	28.390609200079368	44.761249291794286	30.804312796208357	291.2876503928143	459.25041773380934	-91.3048483497089	-17.77806209219346	29.632887903492744	3년	28.390609200079368	291.2876503928143	-17.77806209219346	2.5015685196921926	2.834952408269744	3.0499223216202287	13.284496805111822	3.7498227953480843	3년	2.834952408269744	안심	3년	9.945304600039684	3.8285991144534495	불리	N	주당순현금<=0	250400000.0	9.25154994800803	2.3665056516338323		-5.585913002417053	320.7089990234375	332.43499923706054	Y	Y	상승전환	단기위험부채 존재
SO	SOUTHERN CO	0000092122	S&P 500	제외	PEG=불리, PEGY=불리(<1)	96.77999877929688	3.92	2025	3.15	1639000000.0		1639000000.0		722000000.0	36016000000.0	116853000000.0	23.560041604249392	76.43995839575061	0.3082163059570572	1.477908025247971	0.8268710550045085	24.31175784542064	24.477838705176627	-1.754385964912288	6.338245126558739	5.994587569440402	4.991228070175424	21.17649025311748	20.489175138880803	19.565614035087663	83.01184179222051	80.31756654441274	-79.7834115707045	-14.226242158231608	-17.010159581037076	3년	21.17649025311748	83.01184179222051	-14.226242158231607	0.057404900293978114	0.39027392370749303	0.3761384770111502	-2.6465284039675385	-2.7345819770083346	3년	0.390273923707493	불리(<1)	3년	6.338245126558739	3.835723825755595	불리	N	FCF<=0	1109000000.0	2.510322026540379	8.937418695074628		-2.9482575264909494	94.43119979858399	92.87300018310548	Y	Y	강한 상승추세	단기위험부채 존재
EQIX	EQUINIX INC	0001101239	S&P 500	제외	PEG=불리, PEGY=불리(<1)	1034.8599853515625	13.76	2025	1.88	1727000000.0	1500000000.0	3227000000.0	15334000000.0	1299000000.0	14156000000.0	25963000000.0	35.28502704454249	64.71497295545751	0.5452374532989254	-123.38595436340104	-136.62444075293254	84.17485026998281	85.1369495715476	61.882352941176464	21.50878828113374	89.03782666520712	132.26470588235293	51.51757656226748	186.57565333041424	1819.9623529411763	708.8818534968005	2567.2809898265	75.86556429881661	-31.499732956050156	148.0800326774973	3년	51.51757656226748	708.8818534968005	-31.499732956050153	0.7574988578734003	0.2778595768940061	1.0801067821753987	39.70668446745411	3.8369136916589697	3년	0.2778595768940061	불리(<1)	3년	21.50878828113374	3.913509639397776	불리	N	주당순현금<=0	98123000.0	-3.859163704972257	27.831511451546543		-7.265620043361354	1056.18900390625	927.9439996337891	N	Y	중립/개선	단기위험부채 존재
ALGN	ALIGN TECHNOLOGY INC	0001097149	S&P 500	보류	PEG=불리, PEGY=판정불가	175.60000610351562	5.65	2025		1094908000.0	318202000.0	1413110000.0			4049147000.0	2184546000.0	64.95582955400594	35.04417044599405	1.8535416512172322	19.467542844547307	19.467542844547307	27.63406429362271	27.63406429362271	0.533807829181499	7.016113370463617	-24.086097409967156	9.567615658362998	22.532226740927236	-39.67219481993431	54.05702846975094	127.3070810862389	-224.14790073262887	-69.21581629223606	-27.501664771473987	-227.64686386200603	3년	22.532226740927236	127.3070810862389	-27.501664771473987				6.761145092852813	3.850310283512827	판정불가		판정불가	3년	7.016113370463617	3.938657036238381	불리	Y		72588000.0	-0.9476493046870704	5.124528952009633		-14.678583068578776	172.72280059814454	166.0288496017456	Y	Y	강한 상승추세	
ADSK	Autodesk, Inc.	0000769397	S&P 500	보류	PEG=불리, PEGY=불리(<1)	237.3800048828125	5.23	2026	0.025275928370470893	2249000000.0	348000000.0	2597000000.0	2500000000.0		3045000000.0					0.4511627906976744	0.4511627906976744	45.30188185317682	45.30188185317682	2.148437500000006	11.430299124308885	4.988943736048346	12.796875000000012	31.36059824861777	18.47788747209669	66.92765625000007	164.01592884027096	96.6393514790657	-71.80568924369166	-30.905752183617665	-59.289177904106246	3년	31.36059824861777	164.01592884027096	-30.905752183617665	0.04798285058919785	0.25287194668439644	0.11068457775484643	11.204651162790698	4.720132670113519	3년	0.2528719466843964	불리(<1)	3년	11.430299124308885	3.963315514362441	불리	Y		215000000.0	1.0772828245879218	-11.455105328276549		-27.36007874298847	216.08260040283204	254.87349975585937	Y	N	중립/개선	
RTX	RTX Corp	0000101829	S&P 500	제외	PEG=불리, PEGY=불리(<1)	218.5800018310547	4.96	2025	1.34	7435000000.0	750000000.0	8185000000.0	41078000000.0	204000000.0	65245000000.0	103941000000.0	38.56406558462284	61.43593441537716	0.627711875006013	-24.250221173695074	-24.40061928634621	48.957706250957614	48.98802845108889	39.718309859154935	12.323650810265118	122.97071854507217	87.93661971830987	33.147301620530236	254.44143709014435	436.16563380281696	164.41061603782998	1262.0295279671159	99.54507738541378	-24.782407054371525	477.3764833905374	3년	33.147301620530236	164.41061603782998	-24.782407054371525	0.8386485602223621	0.2790909104324686	2.5391450716227264	5.853730462990268	2.6780722911306154	3년	0.2790909104324686	불리(<1)	3년	12.323650810265118	3.972662566045588	불리	N	주당순현금<=0	1356400000.0	24.419405136500515	8.594993619175861		0.0	187.97820037841797	187.0213998413086	Y	Y	강한 상승추세	단기위험부채 존재
CHTR	CHARTER COMMUNICATIONS, INC. /MO/	0001091667	S&P 500	제외	PEG=불리, PEGY=판정불가	139.97000122070312	36.21	2025		477000000.0		477000000.0	94006000000.0	750000000.0	16054000000.0					-679.0075792662888	-684.4524753354194	22.617442156503504	22.767812111464306	3.545896482699463	5.610772798941088	43.025880490420356	15.591792965398927	19.721545597882177	94.55176098084071	564.5788232770951	714.1171660993136	3423.7192651162422	303.3570181848278	410.1930126965575	2346.037890446082	3년	19.721545597882177	714.1171660993136	410.1930126965575				32.07406777789203	22.914958561240564	판정불가		판정불가	3년	5.610772798941088	4.031074322020677	불리	N	주당순현금<=0	137743676.0	-19.143896524061788	-23.509483021501975		-50.49515241735838	136.09119979858397	194.0617501449585	Y	N	주의	단기위험부채 존재
UBER	Uber Technologies, Inc	0001543151	S&P 500	제외	PEG=불리, PEGY=판정불가	70.73999786376953	4.73	2025		7105000000.0	528000000.0	7633000000.0	10521000000.0	0.0	27041000000.0	33719000000.0	44.504608294930875	55.49539170506912	0.8019514220469172	-1.362464021844714	-1.362464021844714	15.243649447275738	15.243649447275738	3.728070175438615			15.95614035087723			75.4725438596493			6.690056741298855			1년	15.95614035087723	75.4725438596493	6.690056741298855				4.605864350855243	6.510976095483034	판정불가		판정불가	1년	3.728070175438615	4.088884792916296	불리	N	주당순현금<=0	2119689000.0	-4.547298230775231	-12.924667991261318		-29.33067038751456	72.06560012817383	78.93360012054444	N	N	주의	
TFC	TRUIST FINANCIAL CORP	0000092230	S&P 500	제외	PEG=불리, PEGY=불리(<1)	52.9900016784668	3.82	2025	3.99	20295000000.0		20295000000.0	41963000000.0	27839000000.0	65189000000.0	482349000000.0	11.9058403252377	88.0941596747623	0.1351490310957419	-16.633146541797803	-38.00337760036847	18.22595503148288	23.82025635571604	13.69047619047619	-4.818353706579703	4.400488140687586	35.88095238095238	-1.1367074131594066	17.30097628137517	137.06523809523807	-4.3422223182689335	66.08972939485315	158.66245282822172	-108.19441815574324	24.721130970844275	5년	17.30097628137517	66.08972939485315	24.721130970844275	0.9700713164240532	-0.045449124896272036	0.4603593131989051	3.9725186151838487	7.496732382248886	5년	0.4603593131989051	불리(<1)	5년	4.400488140687586	4.141803011116633	불리	N	주당순현금<=0	1302700000.0	3.597263143104623	4.126552002367534		-5.052857239623332	49.90499977111816	48.61355007171631	Y	Y	강한 상승추세	단기위험부채 존재
MKC	MCCORMICK & CO INC	0000063754	S&P 500	제외	PEG=불리, PEGY=불리(<1)	51.529998779296875	2.93	2025	3.79	95900000.0		95900000.0	3105800000.0	381400000.0	5736500000.0	7432300000.0	43.56129639754571	56.43870360245429	0.7718337526741386	-11.17260579064588	-12.588344469190794	21.40020633786442	21.883393600166436	0.34246575342466545	5.153167622194932	31.68223228750233	9.184931506849331	18.806335244389864	71.86446457500466	26.91184931506854	55.10256226606231	210.56288120476367	-47.77440335224523	6.932978015518176	308.62194099131466	3년	18.806335244389864	55.10256226606231	6.932978015518176	0.19310401442779052	0.4179009996913605	1.6575649658451934	2.599109131403118	5.043875786869528	3년	0.4179009996913605	불리(<1)	3년	5.153167622194932	4.152825583567812	불리	N	주당순현금<=0	269400000.0	0.7626112520591422	-18.735216995273476		-29.226753870128654	49.3007999420166	58.80240007400513	Y	N	중립/개선	단기위험부채 존재
BMY	BRISTOL MYERS SQUIBB CO	0000014272	S&P 500	제외	PEG=불리, PEGY=불리(<1)	63.599998474121094	3.46	2025	4.03	10209000000.0	130000000.0	10339000000.0	42850000000.0	2261000000.0	18473000000.0	71533000000.0	20.524187276403797	79.4758127235962	0.25824444661904294	-15.944580676802355	-17.053457577243748	22.9897627603825	23.31024741368926	178.4580498866213	5.459253851176027		365.4160997732426	19.418507702352052		1264.3397052154194	67.1880366501381		1887.9555590396446	5.641569594497686		3년	19.418507702352052	67.1880366501381	5.641569594497686	7.937796130767253	0.41275997277921217		6.299656694458068	9.90512082641229	3년	0.4127599727792121	불리(<1)	3년	5.459253851176027	4.211154745154426	불리	N	주당순현금<=0	2039000000.0	9.16580897087702	14.470836756845529		0.0	57.70840003967285	55.261100025177	Y	Y	강한 상승추세	단기위험부채 존재
YUM	YUM BRANDS INC	0001041061	S&P 500	제외	PEG=불리, PEGY=불리(<1)	150.27999877929688	5.55	2025	2.03	709000000.0	0.0	709000000.0	2884000000.0	38000000.0	-7926000000.0	15521000000.0	-104.35813034891378	204.35813034891373	-0.5106629727466013	-7.740213523131673	-7.875444839857651	28.4721103247619	28.496476327775593	6.321839080459772	6.690461655968871	38.731105019357614	21.143678160919542	21.880923311937742	85.96221003871523	117.34741379310346	121.43912438125447	477.0902657148695	-21.914150421679622	-19.191425760122925	217.46757358943708	3년	21.880923311937742	121.43912438125447	-19.191425760122925	0.29333403759665344	0.3062808325937391	1.4316151684727108	5.832740213523132	3.881248510049011	3년	0.3062808325937391	불리(<1)	3년	6.690461655968871	4.255627158308367	불리	N	주당순현금<=0	281000000.0	-3.9498962478457855	-2.42191796674176		-10.632733404751527	153.5824005126953	154.0332501220703	N	N	주의	단기위험부채 존재
MAR	MARRIOTT INTERNATIONAL INC /MD/	0001048286	S&P 500	제외	PEG=불리, PEGY=안심	383.5199890136719	9.51	2025	76.0	358000000.0		358000000.0	1816000000.0	355000000.0	-3771000000.0					-5.328947368421052	-6.626461988304094	40.888426538600726	41.02486340714784	14.1656662665066	9.516775967882673		36.831332533013196	27.533551935765345		350.2659723889555	261.8440789091284		-8.670738834301261	-31.72609344755845		3년	27.533551935765345	261.8440789091284	-31.726093447558455	2.2051635120120285	2.091466539734674		8.998538011695906	2.3463022187808633	3년	2.091466539734674	안심	3년	9.516775967882673	4.2964578210721225	불리	N	주당순현금<=0	273600000.0	7.029833780412931	22.159571301676962		-4.725001025364528	377.7665997314453	333.3595504760742	Y	Y	강한 상승추세	단기위험부채 존재
BEN	FRANKLIN RESOURCES INC	0000038777	S&P 500	보류	PEG=불리, PEGY=불리(<1)	33.33000183105469	0.91	2025	3.97	4647200000.0	58700000.0	4705900000.0	1850750000.0	0.0	12077800000.0	18179500000.0	39.916978712575144	60.083021287424856	0.6643637063725625	5.518264398917665	5.518264398917665	30.5623488265242	30.5623488265242	7.058823529411772	-28.882967962082805	-10.560604841265263	22.617647058823543	-49.26593592416561	-12.621209682530527	20.582058823529426	-44.83200169099071	-11.48530081110278	-38.2476516867382	-234.50944862901036	-134.4593464750474	1년	22.617647058823543	20.582058823529426	-38.2476516867382	0.36086308653869453	-0.8151522680240317	-0.21564457884681504	1.761886354851179	5.286187392913882	1년	0.3608630865386945	불리(<1)	1년	7.058823529411772	4.329666083757591	불리	Y		517400000.0	13.13646594314315	30.705889533547804		-3.222987340056016	32.47080032348633	26.93970006942749	Y	Y	강한 상승추세	
OTIS	Otis Worldwide Corp	0001781335	S&P 500	제외	PEG=불리, PEGY=불리(<1)	73.61000061035156	3.5	2025	2.4	1096000000.0		1096000000.0	6900000000.0	215000000.0	-5392000000.0	15924000000.0	-51.196353968856826	151.1963539688568	-0.33860838985179603	-14.697391744745506	-15.24183337553811	25.230683530027733	25.38623828168276	-14.00491400491401	5.744740983915486	43.261010500751794	-19.50982800982802	19.989481967830972	95.02202100150359	-68.28439803439807	69.9631868874084	332.57707350526255	-192.76510999620265	-4.954236778569355	351.8096328591705	3년	19.989481967830972	69.9631868874084	-4.954236778569355	-0.4599524222600898	0.32281095255394904	1.8097413193903116			3년	0.322810952553949	불리(<1)	3년	5.744740983915486	4.391961900574857	불리	N	주당순현금<=0 | FCF<=0	394900000.0	-4.8474663526543615	-18.70789825564495		-21.37363976627421	71.91759918212891	82.62409969329833	Y	N	주의	단기위험부채 존재
AME	AMETEK INC/	0001037868	S&P 500	제외	PEG=불리, PEGY=양호	241.42999267578125	6.4	2025	56.00000000000001	457951000.0	4563000.0	462514000.0	1074334000.0	273315000.0	10628786000.0	5438757000.0	66.1506616164027	33.84933838359729	1.9542674916345775	-2.6456051440160167	-3.8274618501334	38.13681215934332	38.32147726967416	7.925801011804396	8.504416556765815	11.164911034441637	24.35160202360879	25.50883311353163	30.829822068883274	155.85025295109628	163.25653192660243	197.31086124085297	-35.44702080143408	-32.37934934379041	-18.274088876014794	3년	25.50883311353163	163.25653192660243	-32.37934934379041	1.6762229822647332	1.6913950827157054	1.7611569303121888	7.227891671243065	2.9937836600730354	3년	1.6913950827157054	양호	3년	8.504416556765815	4.484353736060002	불리	N	주당순현금<=0	231259000.0	5.45097003445707	9.462275729144043		-0.6951309951251261	232.21060028076172	218.38049987792968	Y	Y	강한 상승추세	단기위험부채 존재
COST	COSTCO WHOLESALE CORP /NEW	0000909832	S&P 500	보류	PEG=불리, PEGY=보통	966.5800170898438	18.21	2025	62.0	14161000000.0	1123000000.0	15284000000.0	5713000000.0	36000000.0	29164000000.0	47935000000.0	37.82669035914863	62.17330964085137	0.6084072181078544	21.517390844935846	21.436456139009852	51.89800253953366	51.90244705935387	9.963768115942043	11.49058481522638	42.2175267261373	28.427536231884087	31.481169630452758	92.9350534522746	517.6654347826093	573.2720989705448	1692.3473233659206	-46.443602637142845	-40.69067342230611	75.08610704173255	3년	31.481169630452758	573.2720989705448	-40.69067342230611	1.3866384946342232	1.416058060408865	2.0081221169687384	17.619035842833792	1.8228222735124164	3년	1.416058060408865	보통	3년	11.490584815226379	4.5165675528335765	불리	Y		444803000.0	-2.7585495885469102	-0.3813344699789889		-11.67299651554341	966.6231945800781	957.5216482543946	N	Y	중립/개선	단기위험부채 존재
LOW	LOWES COMPANIES INC	0000060667	S&P 500	제외	PEG=불리, PEGY=불리(<1)	218.24000549316406	11.85	2025	2.36	982000000.0	370000000.0	1352000000.0	39819000000.0	0.0	-9917000000.0	64061000000.0	-18.31597222222222	118.31597222222223	-0.15480557593543653	-68.69107142857143	-68.69107142857143	24.213592989175993	24.213592989175993	-3.1071136549468585	5.228278564465261	8.863759852581033	2.285772690106283	18.95655712893052	26.227519705162067	27.086406377759452	224.63520197782665	310.79610850617047	-87.58870706745473	2.930350221633815	42.4102367500653	3년	18.95655712893052	224.63520197782665	2.930350221633815	-0.030855133944013798	0.3133892011754467	0.4635313667656964	13.6625	6.26030959315933	3년	0.3133892011754467	불리(<1)	3년	5.228278564465261	4.631274460727307	불리	N	주당순현금<=0	560000000.0	-9.187750149019546	-20.3329183221994		-24.06138196550226	214.88339965820313	239.64480072021485	Y	N	주의	
WM	WASTE MANAGEMENT INC	0000823768	S&P 500	보류	PEG=불리, PEGY=불리(<1)	239.41000366210938	6.7	2025	1.49	201000000.0	177000000.0	378000000.0		743000000.0	9990000000.0	35844000000.0	21.7960466029585	78.20395339704149	0.2787077335118848	0.9351806036615536	-0.9030183077684315	35.59325717290266	35.867615219384746	-1.6152716593245144	7.521507767680924	13.738220149762249	5.269456681350971	23.543015535361846	35.9764402995245	35.305359765051506	157.73820408692438	241.04215000681415	-85.25318105968553	-34.11377900918971	0.6817369031113296	3년	23.543015535361846	157.73820408692438	-34.11377900918971	-0.003519533453091347	0.253180194324599	0.42784002812070754	8.000989609104403	3.3419612742651204	3년	0.253180194324599	불리(<1)	3년	7.521507767680924	4.732197090301881	불리	Y		404200000.0	5.83996767996855	3.9782860638911455		-2.880204049710311	224.45859954833983	222.9185996246338	Y	Y	강한 상승추세	단기위험부채 존재
SNA	Snap-on Inc	0000091440	S&P 500	제외	PEG=불리, PEGY=불리(<1)	419.30999755859375	19.19	2025	2.4	1624500000.0		1624500000.0	1186400000.0	193600000.0	5931800000.0	2455500000.0	70.72359400522218	29.27640599477782	2.415719812665445	8.266037735849057	4.613207547169812	21.419695665593782	21.61004637891735	-1.6401845207585868	4.491988613427633	38.10274863898202	5.219630958482826	17.483977226855266	84.70549727796404	100.16471809328544	335.5175229833526	1625.49849276413	-76.11201290775603	-19.98341920371982	287.6603234429166	3년	17.483977226855266	335.5175229833526	-19.98341920371982	0.035472748591003384	0.3217594087715335	1.8909114896548755			3년	0.3217594087715335	불리(<1)	3년	4.491988613427633	4.768421629913568	불리	N	FCF<=0	53000000.0	11.066669910838357	13.998692080115326		0.0	389.7996014404297	367.90374938964845	Y	Y	강한 상승추세	단기위험부채 존재
KMI	KINDER MORGAN, INC.	0001506307	S&P 500	제외	PEG=불리, PEGY=불리(<1)	31.610000610351562	1.37	2025	3.72	63000000.0	0.0	63000000.0	30777000000.0	1000000000.0	31162000000.0	40299000000.0	43.60700242090091	56.39299757909909	0.7732698081838258	-13.816464237516868	-14.266306792622583	33.158003538590094	33.486355768594265	17.09401709401711	6.94673115572082		42.68803418803422	22.39346231144164		58.48260683760689	30.679043366675046		85.01298863770079	-2.945135165140267		3년	22.39346231144164	30.679043366675046	-2.945135165140267	0.6277222652984293	0.32169401101928885		1.3004948268106162	4.114187920593502	3년	0.3216940110192888	불리(<1)	3년	6.94673115572082	4.773180765932418	불리	N	주당순현금<=0	2223000000.0	-0.5662167347968317	6.826632130270549		-7.869427732058609	32.24700035095215	30.38820011138916	N	Y	중립/개선	단기위험부채 존재
ED	CONSOLIDATED EDISON INC	0001047862	S&P 500	제외	PEG=불리, PEGY=불리(<1)	111.9800033569336	5.64	2025	3.15	1629000000.0		1629000000.0	25551000000.0	400000000.0	24190000000.0					-66.69082798996376	-67.80596598829105	31.679225416116555	31.876944919366075	7.633587786259531	6.569042175811535	11.45025129540247	23.76717557251906	21.63808435162307	31.40050259080494	134.0468702290075	122.03879574315411	177.09883461213985	19.70607805907658	8.982668409250127	58.15219619849585	3년	21.63808435162307	122.03879574315411	8.982668409250127	0.34039935145552724	0.3067954486938638	0.4608777867395302	0.9339280735991079	0.8340132573690272	3년	0.3067954486938638	불리(<1)	3년	6.569042175811535	4.822502972010973	불리	N	주당순현금<=0	358700000.0	2.152892310910981	6.293312746882607		-3.014027156706478	109.00080001831054	106.1372998046875	Y	Y	강한 상승추세	단기위험부채 존재
HLT	Hilton Worldwide Holdings Inc.	0001585689	S&P 500	보류	PEG=불리, PEGY=불리(<1)	322.42999267578125	6.12	2025	18.0	918000000.0		918000000.0		46000000.0	-5388000000.0	22120000000.0	-32.201769065264166	132.2017690652642	-0.24358047016274864	3.857142857142857	3.6638655462184873	52.05438722526772	52.08596848522268	-0.3257328990227944	10.548046712372283		7.848534201954411	29.596093424744566		48.033029315960995	181.12809175943676		-85.10280358308339	-43.82405611330032		3년	29.596093424744566	181.12809175943676	-43.82405611330032	0.33953462989567074	0.5484272937231846		8.521008403361344	2.642746827814379	3년	0.5484272937231846	불리(<1)	3년	10.548046712372283	4.934978830176279	불리	Y		238000000.0	-0.28760289396047023	8.86652194937836		-7.935014690211551	332.81859985351565	304.9552998352051	N	Y	중립/개선	단기위험부채 존재
VRTX	VERTEX PHARMACEUTICALS INC / MA	0000875320	S&P 500	보류	PEG=불리, PEGY=판정불가	490.3900146484375	15.32	2025		5084800000.0	1523300000.0	6608100000.0			18665800000.0	6977200000.0	72.79101509183793	27.20898490816207	2.675256549905406	25.61279069767442	25.61279069767442	30.337938900180358	30.337938900180358	836.5384615384615	6.118290879552779	46.11882992489094	1681.576923076923	20.736581759105558	100.73765984978188	25761.758461538462	317.68443254949716	1543.3009488986584	5153.320355637169	-35.21800545281364	214.7088853359008	3년	20.736581759105558	317.68443254949716	-35.21800545281364				12.37906976744186	2.5243315315701245	판정불가		판정불가	3년	6.118290879552779	4.958564327428305	불리	Y		258000000.0	14.007066989394978	3.4207142504542043		-7.40195438342901	465.6161993408203	451.8740498352051	Y	Y	강한 상승추세	
CMS	CMS ENERGY CORP	0000811156	S&P 500	제외	PEG=불리, PEGY=불리(<1)	74.37000274658203	3.53	2025	3.07	509000000.0		509000000.0	17807000000.0	950000000.0	9144000000.0					-57.46843853820598	-60.62458471760797	37.34800036396261	38.24209276605949	6.006006006005998	7.393158422805435	45.03820062775774	20.512012012011994	23.28631684561087	98.57640125551548	72.40740240240234	82.20069846500637	347.9746964319696	-2.638967690867655	10.529373980403989	367.8965760129169	3년	23.28631684561087	82.20069846500637	10.529373980403989	0.24301183242901295	0.28015310915819264	1.2881064624326644	-0.46179401993355484	-0.6209412436182522	3년	0.2801531091581926	불리(<1)	3년	7.393158422805435	5.0516975598353815	불리	N	주당순현금<=0 | FCF<=0	301000000.0	-2.041616780487887	3.234316770465906		-6.967725199792019	74.08899963378906	74.07904975891114	Y	Y	강한 상승추세	단기위험부채 존재
CL	COLGATE PALMOLIVE CO	0000021665	S&P 500	제외	PEG=불리, PEGY=불리(<1)	92.7300033569336	2.63	2025	2.3	1288000000.0	107000000.0	1395000000.0	6871000000.0	1115000000.0	54000000.0	15965000000.0	0.33709969411324053	99.66290030588677	0.0033823989978077045	-6.751325360621379	-8.126001726051042	37.82560027283459	38.34829090607781	-25.07122507122507	7.281634513092983	28.522420757238454	-41.64245014245014	23.063269026185964	65.5448415144769	-109.51964387464386	60.65639753886908	172.38293318307424	-218.10594188494105	-34.58816419385615	85.89768892765261	3년	23.063269026185964	60.65639753886908	-34.58816419385615	-0.602005649797415	0.2533108382677611	0.8148560904497887	4.3175933916902975	4.656091055093727	3년	0.2533108382677611	불리(<1)	3년	7.281634513092983	5.19465790336236	불리	N	주당순현금<=0	811100000.0	8.240930709564886	8.127333310499708		-6.465600234191782	90.7152000427246	85.82135032653808	Y	Y	강한 상승추세	단기위험부채 존재
HUBB	HUBBELL INC	0000048898	S&P 500	제외	PEG=불리, PEGY=불리(<1)	483.6600036621094	4.19	2025	1.14	482500000.0	15400000.0	497900000.0	2036300000.0	56100000.0	3847900000.0	4370900000.0	46.818270307100796	53.181729692899204	0.8803450090370404	-28.755140186915888	-29.80373831775701	122.2947837348509	122.54504581858386	-70.84203201113432	-25.34455002230137	23.13753669964718	-133.18406402226864	-42.18910004460274	54.77507339929436	-558.0412282533057	-176.7723291868855	229.50755754304336	-215.3788248000676	-136.54888306835906	-52.547749285595245	5년	54.77507339929436	229.50755754304336	-52.547749285595245	-0.5699509814110822	-0.19791972546253164	0.1985165348694157			5년	0.1985165348694157	불리(<1)	5년	23.13753669964718	5.285557634003267	불리	N	주당순현금<=0 | FCF<=0	53500000.0	-11.20780155456943	-0.09914714169551031		-13.299269547498449	487.9714019775391	480.1226510620117	N	Y	중립/개선	단기위험부채 존재
REGN	REGENERON PHARMACEUTICALS, INC.	0000872589	S&P 500	제외	PEG=불리, PEGY=안심	695.1799926757812	41.48	2025	56.00000000000001	3118100000.0	5487100000.0	8605200000.0	1985900000.0		31256900000.0	9301800000.0	77.06583297788144	22.934167022118558	3.360306607323314	60.951197053407	60.951197053407	15.28999025126264	15.28999025126264	8.189880020865917	2.765976893685007	32.28413389720095	24.879760041731835	14.031953787370014	73.0682677944019	1032.0124465310364	582.0454431001082	3030.8717481117906	48.452552922124646	-16.274137743839944	335.9837423464705	3년	14.031953787370014	582.0454431001082	-16.274137743839944	4.1981635675382565	3.8434280158440353	5.773982353580016			3년	3.8434280158440353	안심	3년	2.765976893685007	5.527880686990252	불리	N	FCF<=0	108600000.0	-5.000208518915173	-9.863210025830627		-14.415160481121758	638.9202014160156	707.2117489624023	Y	N	주의	
PSA	Public Storage	0001393311	S&P 500	제외	PEG=불리, PEGY=불리(<1)	330.4700012207031	9.01	2025	3.7	318095000.0		318095000.0	10253881000.0	700000000.0	9248128000.0	10866770000.0	45.976509550284575	54.023490449715425	0.851046631151667	-56.484781298677674	-60.464269877545455	42.947256661418514	43.388931309461555	-15.319548872180459	-27.352783933755788	7.4520805832128945	-22.139097744360917	-46.205567867511576	23.404161166425787	-199.47327067669187	-416.3121664862793	210.87149210949633	-160.36047748354454	-225.97578144717795	-36.19042838061824	5년	23.404161166425787	210.87149210949633	-36.19042838061824	-0.2705539253364891	-0.5507402747566916	0.2596692187147618			5년	0.2596692187147618	불리(<1)	5년	7.4520805832128945	5.763122953630516	불리	N	주당순현금<=0 | FCF<=0	175902000.0	11.216929706253186	19.00251591430637		0.0	315.14600036621096	293.54905014038087	Y	Y	강한 상승추세	단기위험부채 존재
AMGN	AMGEN INC	0000318154	S&P 500	제외	PEG=불리, PEGY=불리(<1)	393.1000061035156	14.23	2025	2.68	9129000000.0	0.0	9129000000.0	50005000000.0	0.0	8658000000.0					-75.41697416974169	-75.41697416974169	32.924594537825534	32.924594537825534	88.22751322751324	5.524568667280372	38.82227702083121	184.95502645502648	19.549137334560744	86.14455404166242	2631.910026455027	278.1842242707994	1225.8370040128561	569.5268342890746	-29.23321802301251	211.83845967431876	3년	19.549137334560744	278.1842242707994	-29.23321802301251	2.7610822396939114	0.24919270176143019	1.2605250756589021	14.944649446494465	3.801742359311759	3년	0.2491927017614301	불리(<1)	3년	5.524568667280372	5.959667898206	불리	N	주당순현금<=0	542000000.0	15.76405384006334	11.8922913321984		0.0	352.15940185546873	342.4166009521484	Y	Y	강한 상승추세	
PAYX	PAYCHEX INC	0000723531	S&P 500	제외	PEG=불리, PEGY=불리(<1)	118.87000274658203	4.89	2026	4.12	1088200000.0	36300000.0	1124500000.0	4556100000.0	0.0	3735100000.0	12439400000.0	23.09252217997465	76.90747782002535	0.3002636783124588	-9.532222222222222	-9.532222222222222	26.258123715501895	26.258123715501895	6.768558951965057	4.379080767859933	10.04574277704604	22.037117903930113	17.258161535719864	28.59148555409208	107.76150655021824	84.39240990967014	139.81236435951027	-9.34507944787879	-29.00445195615448	17.617869209252966	3년	17.258161535719864	84.39240990967014	-29.004451956154476	0.4146739146307253	0.32367433636708653	0.539480388261065	6.4494444444444445	5.4256282454993805	3년	0.3236743363670865	불리(<1)	3년	4.379080767859933	5.996263852501241	불리	N	주당순현금<=0	360000000.0	30.640735836211917	13.274251935484438		-19.295262295477677	102.62080017089843	103.7099499130249	Y	Y	상승전환	
PNW	PINNACLE WEST CAPITAL CORP	0000764622	S&P 500	제외	PEG=불리, PEGY=불리(<1)	105.33000183105469	5.05	2025	3.45	6604000.0		6604000.0	9205676000.0	757005000.0	7046458000.0					-75.42015725049397	-81.62659156684786	35.79211070921755	37.02110760354506	-3.62595419847329	5.834499340033372	0.7285270633833552	1.2480916030534202	20.168998680066743	9.95705412676671	6.3028625954197715	101.85344333433704	50.28312334017188	-94.01608042737023	-3.300634611488862	-52.26134770146107	3년	20.168998680066743	101.85344333433704	-3.300634611488862	-0.004916005091255381	0.2594007214456434	0.11674436015608484			3년	0.2594007214456434	불리(<1)	3년	5.834499340033372	6.134564188503761	불리	N	주당순현금<=0 | FCF<=0	121971000.0	2.143133267658781	11.154494994236487		-3.6938838932721874	104.29280059814454	97.25955020904541	Y	Y	강한 상승추세	단기위험부채 존재
PG	PROCTER & GAMBLE Co	0000080424	S&P 500	제외	PEG=불리, PEGY=불리(<1)	148.8800048828125	6.51	2025	2.93	4239000000.0		4239000000.0	24995000000.0	4108000000.0	52284000000.0	72946000000.0	41.75037930208417	58.24962069791584	0.7167493762509254	-8.45664928292047	-10.130378096479792	24.168456861095695	24.425558061335224	8.139534883720936	3.864775179637992	43.49588337951526	24.77906976744187	16.229550359275983	95.49176675903053	161.31174418604658	105.65437283888664	621.6514016012887	8.350173895426337	-29.03387333843113	317.5519755595168	3년	16.229550359275983	105.65437283888664	-29.03387333843113	0.45801579088566974	0.28114228470149605	1.9209287397346273	5.721968709256845	3.8433426394368824	3년	0.281142284701496	불리(<1)	3년	3.8647751796379914	6.253522064732242	불리	N	주당순현금<=0	2454400000.0	-0.19440456505495085	0.3640343523346523		-10.956933253474133	147.14680084228516	148.11440071105957	Y	Y	중립/개선	단기위험부채 존재
REG	REGENCY CENTERS CORP	0000910606	S&P 500	제외	PEG=불리, PEGY=불리(<1)	80.97000122070312	0.46	2018	3.67	120661000.0		120661000.0	4739301000.0		6906890000.0	5819677000.0	54.27143077940815	45.72856922059185	1.1868167253955846	-27.255045438451553	-27.255045438451553	235.27184056337975	235.27184056337975	-7.9999999999999964	36.71886432341158	-1.6538041668570203	-7.499999999999993	81.93772864682316	5.1923916662859595	-3.449999999999997	37.691355177538654	2.3885001664915415	-104.26083728292926	-53.450222787076605	-97.05014186676235	3년	81.93772864682316	37.691355177538654	-53.450222787076605	-0.018404242469610553	0.1716689265774297	0.00856964364419905			3년	0.1716689265774297	불리(<1)	3년	36.71886432341158	6.407383368155338	불리	N	주당순현금<=0 | FCF<=0	169460000.0	0.8218200500228479	13.578342237147357		-2.0682136891158276	79.40059951782227	75.05695011138916	Y	Y	강한 상승추세	
NI	NISOURCE INC.	0001111711	S&P 500	제외	PEG=불리, PEGY=불리(<1)	45.72999954223633	1.95	2025	2.62	110100000.0		110100000.0	6427700000.0	736000000.0	9450100000.0					-13.31422550052687	-14.865331928345627	30.27908976551959	31.074528959272797	20.37037037037036	4.679561967174672	61.04691919843306	49.24074074074072	17.859123934349345	130.59383839686612	96.0194444444444	34.82529167198122	254.65798487388892	109.97035951369436	-23.845851693445784	456.8729224208416	3년	17.859123934349345	34.82529167198122	-23.845851693445784	0.7592820837220384	0.24107600405766066	2.1026695218207636	-0.8851422550052687	-1.9355833454311526	3년	0.2410760040576606	불리(<1)	3년	4.679561967174672	6.470496593039212	불리	N	주당순현금<=0 | FCF<=0	474500000.0	-5.711341150028193	3.0186982901837522		-6.825595280843477	46.81199989318848	45.19009992599487	N	Y	중립/개선	단기위험부채 존재
SNPS	SYNOPSYS INC	0000883241	S&P 500	제외	PEG=불리, PEGY=판정불가	383.82000732421875	8.04	2025		2888030000.0	72929000.0	2960959000.0	13462398000.0	22117000.0	28327602000.0	19897446000.0	58.74043297997339	41.25956702002661	1.4236803055025253	-63.39304945187618	-63.52656106630608	55.623514524389925	55.6401204465827	-44.589937973811175	8.526334391298395	13.492100704033394	-80.67987594762235	25.55266878259679	35.48420140806679	-648.6662026188836	205.44345701207817	285.29297932085694	-269.00270706079823	-46.47401044976354	-25.670112584864412	3년	25.55266878259679	205.44345701207817	-46.47401044976354				8.144311102525716	2.121908953966042	판정불가		판정불가	3년	8.526334391298395	6.523731297843169	불리	N	주당순현금<=0	165656000.0	-20.680320794989537	-23.648299581471488		-40.525292965923775	453.2897998046875	450.653751373291	N	N	주의	단기위험부채 존재
AAPL	Apple Inc.	0000320193	S&P 500	제외	PEG=불리, PEGY=불리(<1)	340.0799865722656	7.46	2025	32.0	35934000000.0	18763000000.0	54697000000.0	78328000000.0	7979000000.0	73733000000.0	285508000000.0	20.524661717342955	79.47533828265705	0.2582519579136136	-1.5749068441701954	-2.106673663586809	45.79824308531311	45.86952550078451	22.69736842105263	6.880679389561806	59.17805489937251	53.89473684210526	22.26135877912361	126.85610979874502	402.0547368421052	166.06973649226214	946.3465790986379	18.223580544828756	-51.167447938906285	178.27176442726162	3년	22.26135877912361	166.06973649226214	-51.167447938906285	1.1943115005342497	0.8489556972116759	1.9908635955646976	6.582405496092323	1.9355462702870898	3년	0.8489556972116759	불리(<1)	3년	6.880679389561806	6.656064102447558	불리	N	주당순현금<=0	15004697000.0	25.6252067920806	31.67615326543536		0.0	307.82960021972656	276.7926993560791	Y	Y	강한 상승추세	단기위험부채 존재
VRSN	VERISIGN INC/CA	0001014473	S&P 500	보류	PEG=불리, PEGY=불리(<1)	281.1499938964844	6.24	2022	1.18	307900000.0	272600000.0	580500000.0	0.0		-2154200000.0	3480100000.0	-162.47077456821782	262.4707745682178	-0.6190052009999713	6.188699360341151	6.188699360341151	44.064310021817825	44.064310021817825	-10.857142857142854	6.608652379326085	11.139222486886503	-13.214285714285708	21.71730475865217	30.778444973773006	-82.45714285714283	135.51598169398954	192.05749663634356	-129.32852379413617	-51.79940080529232	-31.6886001046628	3년	21.71730475865217	135.51598169398954	-51.799400805292315	-0.21961407888496048	0.17675648104939448	0.2795737067206275	11.389125799573561	4.050907361487222	3년	0.1767564810493944	불리(<1)	3년	6.608652379326085	6.667669517565284	불리	Y		93800000.0	3.975591805714074	12.62668284947106		-9.30645358177924	276.98760009765624	256.5136003112793	Y	Y	강한 상승추세	
AMCR	Amcor plc	0001748790	S&P 500	제외	PEG=불리, PEGY=불리(<1)	46.689998626708984	0.32	2025	5.75	827000000.0		827000000.0	5314400000.0	116000000.0	11728000000.0	25326000000.0	31.651103794462138	68.34889620553787	0.4630814183052989	-2.816949152542373	-2.8897677338355305	154.70921181016047	154.93676987670162	-36.633663366336634	-15.4270585896647	23.14429789759256	-64.76732673267327	-22.3541171793294	54.78859579518512	-20.725544554455446	-7.153317497385408	17.532350654459236	-144.38968765057837	-115.32087750650167	-62.44945133832181	5년	54.78859579518512	17.532350654459236	-62.44945133832181	-0.19962394614377035	-0.06254998313571114	0.18676520654146941	0.664030131826742	1.4222106475858494	5년	0.1867652065414694	불리(<1)	5년	23.14429789759256	6.684549796874725	불리	N	주당순현금<=0	1593000000.0	21.146853963612887	4.4051819146504245		-7.690792929068957	41.1789998626709	41.93859977722168	Y	Y	상승전환	단기위험부채 존재
CHRW	C. H. ROBINSON WORLDWIDE, INC.	0001043277	S&P 500	제외	PEG=불리, PEGY=불리(<1)	169.33999633789062	4.83	2025	1.44	160871000.0		160871000.0	1089438000.0	0.0	1845647000.0	3212734000.0	36.48691152366735	63.51308847633265	0.574478621635031	-7.642400948132541	-7.642400948132541	36.642318278679745	36.642318278679745	25.129533678756484	-13.256194627034546	5.361231500071417	58.75906735751297	-18.01238925406909	19.222463000142834	283.8062953367876	-86.99984009715371	92.84449629068989	67.59554829002003	-151.3758367654382	-45.1727304248704	5년	19.222463000142834	92.84449629068989	-45.1727304248704	0.7251051496437635	-0.322473991333397	0.18561138649430647	7.365236786225741	4.349378141906652	5년	0.1856113864943064	불리(<1)	5년	5.361231500071417	6.834683090665201	불리	N	주당순현금<=0	121502000.0	-9.906368222428263	-6.1464261974551455		-19.138574243860397	186.68399993896483	171.38465042114257	N	N	주의	
HD	HOME DEPOT, INC.	0000354950	S&P 500	제외	PEG=불리, PEGY=불리(<1)	344.4700012207031	14.23	2025	2.77	1389000000.0		1389000000.0	8707000000.0	4464000000.0	12813000000.0	92282000000.0	12.191826442742281	87.80817355725772	0.13884614551050042	-7.354773869346734	-11.841206030150754	24.724158474353466	25.03943831699606	-4.560697518443995	-5.176454930934304	3.5714638909686514	-0.6213950368879892	-1.8529098618686088	15.642927781937303	-8.842451374916088	-26.366907334390305	222.5988623369678	-102.56697284047405	-107.65434065113176	-35.37931850432806	5년	15.642927781937303	222.5988623369678	-35.37931850432806	-0.07242703610323066	-0.09733212693287564	0.25648856350547555			5년	0.2564885635054755	불리(<1)	5년	3.5714638909686514	6.9226959110169775	불리	N	주당순현금<=0 | FCF<=0	995000000.0	4.68303767593794	-9.435793856624187		-18.64579134271501	328.89019958496095	349.7703491210938	Y	N	중립/개선	단기위험부채 존재
GWW	W.W. GRAINGER, INC.	0000277135	S&P 500	제외	PEG=불리, PEGY=양호	1398.9000244140625	35.4	2025	66.0	585000000.0		585000000.0	2362000000.0	0.0	3736000000.0					-37.020833333333336	-37.020833333333336	40.562736094559206	40.562736094559206	-8.550762076982696	5.601826190477133	62.54354736477112	-8.601524153965393	19.703652380954267	133.58709472954223	-304.4939550503749	697.509294285781	4728.983153425795	-121.76667022204921	-50.13873170972766	238.0501158691849	3년	19.703652380954267	697.509294285781	-50.13873170972766	1.416305788374151	1.7652119428916255	3.1690058349395476	27.729166666666668	1.9822121797646828	3년	1.7652119428916255	양호	3년	5.601826190477133	7.24098440674831	불리	N	주당순현금<=0	48000000.0	20.580275376328384	32.276177891418875		-0.22324806298066324	1325.5518017578124	1127.2144494628906	Y	Y	강한 상승추세	
AVB	AVALONBAY COMMUNITIES INC	0000915912	S&P 500	제외	PEG=불리, PEGY=불리(<1)	190.38999938964844	7.4	2025	3.8	187234000.0		187234000.0	9328552000.0	740000000.0	11611340000.0	10357820000.0	52.85290834970476	47.14709165029523	1.121021604932312	-64.00300751159544	-69.18412314049935	34.37743336503296	35.077584125695644	-2.631578947368412	-3.0476001690547427	4.670255670459733	3.236842105263176	2.4047996618905145	17.840511340919466	23.952631578947503	17.79551749798981	132.01978392280407	-87.4191755576791	-90.65312382213423	-30.658236070154633	5년	17.840511340919466	132.01978392280407	-30.658236070154633	0.03398802465049786	0.021886445766790764	0.24638999603371384			3년	0.0218864457667907	불리(<1)	5년	4.670255670459733	7.360931775636363	불리	N	주당순현금<=0 | FCF<=0	142826382.0	3.7547680597539212	8.157700795280842		-6.267229240624317	187.53679992675782	179.92519989013672	Y	Y	강한 상승추세	단기위험부채 존재
COR	Cencora, Inc.	0001140859	S&P 500	제외	PEG=불리, PEGY=양호	319.5799865722656	7.96	2025	77.0	4356138000.0		4356138000.0	7542988000.0	13976000.0	1508019000.0					-16.324904976077537	-16.39649820197322	42.199106978435076	42.20810110229131	5.7104913678618825	-0.3327811631230859		19.920982735723765	7.834437673753828		158.57102257636117	62.36212388308047		-50.38142898835625	-80.48622363622925		1년	19.920982735723765	158.57102257636117	-50.38142898835625	1.9600057273754454	1.8167971866337362		16.428837071111705	5.140759046686017	3년	1.816797186633736	양호	1년	5.7104913678618825	7.389750594130612	불리	N	주당순현금<=0	195214000.0	2.432769183456429	-10.265633338691805		-14.721818126146601	285.325400390625	324.5845000457764	Y	N	중립/개선	단기위험부채 존재
EXR	Extra Space Storage Inc.	0001289490	S&P 500	제외	PEG=불리, PEGY=불리(<1)	152.2100067138672	4.59	2025	4.37	138920000.0		138920000.0		500000000.0	13433166000.0	14940010000.0	47.34459758752422	52.65540241247578	0.8991403620211766	0.6557453781291385	-1.7044093084859584	33.01835758948542	33.53255251031659	13.89578163771711	-10.535332538619723	4.348871143162825	36.29156327543422	-12.570665077239447	17.19774228632565	166.57827543424307	-57.69935270452906	78.93763709423473	9.439766169504304	-137.90772627255416	-48.13899637845357	5년	17.19774228632565	78.93763709423473	-48.13899637845357	0.5532007940798904	-0.18672438572726138	0.2640613216309499			5년	0.2640613216309499	불리(<1)	5년	4.348871143162825	7.592397314736715	불리	N	FCF<=0	211850521.0	7.93504616535563	8.884765737352996		-0.3535144262735268	145.67099975585938	140.6072492980957	Y	Y	강한 상승추세	단기위험부채 존재
WRB	BERKLEY W R CORP	0000011544	S&P 500	보류	PEG=불리, PEGY=안심	76.16999816894531	4.45	2025	53.0	2539938000.0		2539938000.0			9700818000.0	34359177000.0	22.01729255756838	77.98270744243162	0.2823355751507086	6.35205233818752	6.35205233818752	15.689426029383773	15.689426029383773	2.0642201834862353		-2.067551596878059	12.62844036697247		4.364896806243882	56.19655963302749		19.423790787785276	-26.222185921045536		-74.49942069749925	1년	12.62844036697247	56.19655963302749	-26.222185921045536	3.5096389173421514		3.2462913753335303	8.808458439307659	11.564209860909367	5년	3.2462913753335303	안심	1년	2.0642201834862353	7.60065527645704	불리	Y		399861000.0	13.483306096593006	13.297626603628188		-2.918685881020533	69.41400009155274	69.93424999237061	Y	Y	상승전환	
LNT	ALLIANT ENERGY CORP	0000352541	S&P 500	제외	PEG=불리, PEGY=불리(<1)	73.79000091552734	3.14	2025	2.9	556000000.0		556000000.0	10954000000.0	88000000.0	7334000000.0					-40.33359193173003	-40.67494181536075	36.34509326345776	36.45380341748028	16.72862453531599	4.774516892465397	4.91716309026109	41.95724907063198	18.049033784930792	18.33432618052218	131.74576208178442	56.67396608468269	57.56978420683964	78.54148319174456	-23.195601868115705	-21.981591689172276	3년	18.049033784930792	56.67396608468269	-23.195601868115702	0.5400625716663405	0.21115689088577858	0.21508166270467807	-1.221877424359969	-1.6558848207072647	3년	0.2111568908857785	불리(<1)	3년	4.774516892465397	7.612308026559395	불리	N	주당순현금<=0 | FCF<=0	257800000.0	1.8354979959414486	9.822887683144078		-5.433804857234604	74.03119995117187	70.21339988708496	N	Y	상승전환	단기위험부채 존재
KEYS	Keysight Technologies, Inc.	0001601046	S&P 500	제외	PEG=불리, PEGY=판정불가	305.1700134277344	4.91	2025		1873000000.0		1873000000.0	2534000000.0	0.0	5881000000.0	5420000000.0	52.03964250951243	47.96035749048757	1.0850553505535054	-3.820809248554913	-3.820809248554913	62.93092111533386	62.93092111533386	39.886039886039896	-7.381515092017421	8.205839717989182	88.27207977207979	-6.263030184034843	24.911679435978364	433.4159116809118	-30.75147820361108	122.31634603065378	42.02441020095398	-110.07683482993755	-59.91862219463485	5년	24.911679435978364	122.31634603065378	-59.91862219463485				7.404624277456647	2.426393142067379	판정불가		판정불가	5년	8.205839717989182	7.669040985211311	불리	N	주당순현금<=0	173000000.0	-8.164301944584196	40.10192046936152		-18.259490967707393	335.3243994140625	266.67619918823243	N	Y	중립/개선	
MPWR	MONOLITHIC POWER SYSTEMS, INC.	0001280452	S&P 500	보류	PEG=불리, PEGY=불리(<1)	1282.010009765625	12.86	2025	60.0	1099302000.0	157243000.0	1256545000.0			3531497000.0	662702000.0	84.19955753172418	15.800442468275827	5.328936686474464	26.010577739137634	26.010577739137634	97.66714090408144	97.66714090408144	-64.85378518720962	12.425319328361194	29.728257539054503	-121.20757037441925	33.35063865672239	67.956515078109	-1558.7293550150314	428.8892131254499	873.9207839044818	-221.58480379572043	-66.54556439821724	-31.831984364595513	3년	33.35063865672239	428.8892131254499	-66.54556439821724	-0.04969721794125734	0.7415525698606233	0.9187148994888293	13.790163323604297	1.0756673675368098	3년	0.7415525698606233	불리(<1)	3년	12.425319328361194	7.860332464949454	불리	Y		48309000.0	-14.76450406742793	17.0261728718621		-24.136482335962395	1456.0298071289062	1205.206050415039	N	Y	중립/개선	
AVGO	Broadcom Inc.	0001730168	S&P 500	제외	PEG=불리, PEGY=불리(<1)	380.9100036621094	4.77	2025	68.0	16178000000.0		16178000000.0	39440000000.0	3152000000.0	24941000000.0	89800000000.0	21.736781098299648	78.26321890170036	0.27773942093541204	-4.793323717288275	-5.442818874922728	80.86023634788211	80.99639885472372	287.8048780487805	-43.55912867705002	10.237702081843047	584.109756097561	-78.61825735410004	28.975404163686093	2786.203536585366	-375.00908757905717	138.21267786078266	631.4597962244383	-198.4508371987293	-63.715135719201065	5년	28.975404163686093	138.21267786078266	-63.715135719201065	4.400245338364012	0.302260696070673	0.9675670714743373	5.545847929116011	1.4559470415052476	3년	0.302260696070673	불리(<1)	5년	10.237702081843047	7.898279877795116	불리	N	주당순현금<=0	4853000000.0	-4.7320069893598715	14.459567259121009		-20.90246529708393	397.4980010986328	365.3399002075195	N	Y	중립/개선	단기위험부채 존재
ES	EVERSOURCE ENERGY	0000072741	S&P 500	제외	PEG=불리, PEGY=불리(<1)	75.38999938964844	4.56	2025	4.22	135400000.0	91975000.0	227375000.0	26872433000.0	1150000000.0	16197271000.0					-71.76940909951273	-74.86697490193806	32.271800107272185	32.9510908534181	100.88105726872246	4.032716713858986	5.134994887862021	210.26211453744492	16.56543342771797	18.769989775724042	958.7952422907488	75.53837643039394	85.59115337730162	1171.7804086126546	0.1968126302516859	13.53117664178396	3년	16.56543342771797	75.53837643039394	0.19681263025168594	3.256746042035591	0.2557253294339569	0.2898814090557641	-0.12147036955823949	-0.16112265624307487	3년	0.2557253294339569	불리(<1)	3년	4.032716713858986	8.002496182378916	불리	N	주당순현금<=0 | FCF<=0	371259264.0	9.930004923840663	6.739349173626263		-1.0759738940756547	71.4088003540039	70.37250024795532	Y	Y	강한 상승추세	단기위험부채 존재
TDY	TELEDYNE TECHNOLOGIES INC	0001094285	S&P 500	제외	PEG=불리, PEGY=판정불가	649.6699829101562	18.88	2025		352400000.0		352400000.0	2025300000.0	450100000.0	10513900000.0	4771400000.0	68.78438761424374	31.21561238575625	2.203525170809406	-35.29324894514768	-44.78902953586498	36.279832195725845	36.78278667616638	9.703660662405566	4.530504261422341	40.24408367454113	27.907321324811132	17.56100852284468	88.98816734908226	526.8902266124342	331.5518409113076	1680.096599550673	-18.898788543028843	-48.96611362185125	158.6076998701379	3년	17.56100852284468	331.5518409113076	-48.96611362185125				22.658227848101266	3.4876519531663055	판정불가		판정불가	3년	4.530504261422341	8.007901571719497	불리	N	주당순현금<=0	47400000.0	1.212040705443873	5.462478866273157		-5.652135875833942	628.1384008789063	597.6366986083984	Y	Y	강한 상승추세	단기위험부채 존재
VST	Vistra Corp.	0001692819	S&P 500	제외	PEG=불리, PEGY=불리(<1)	148.63999938964844	2.18	2025	57.99999999999999	785000000.0		785000000.0	17043000000.0	1800000000.0	5097000000.0	36440000000.0	12.270987312516551	87.72901268748345	0.13987376509330407	-47.03519351216827	-52.24268202993816	89.75926279899848	92.14801899981036	-68.85714285714286		10.892615869362698	-129.21428571428572		30.285231738725397	-281.6871428571429		66.02180519042138	-289.5096501707602		-55.58274659477747	5년	30.285231738725397	66.02180519042138	-55.58274659477747	-0.12095846733340161		0.7675265339872129	3.8130388146781753	2.5652844660491314	5년	0.7675265339872129	불리(<1)	5년	10.892615869362698	8.24037713947679	불리	N	주당순현금<=0	345656067.0	-7.745777126210795	-9.50931184679752		-31.791482820033178	155.58	164.67894981384276	N	N	주의	단기위험부채 존재
EA	ELECTRONIC ARTS INC.	0000712515	S&P 500	제외	PEG=불리, PEGY=불리(<1)	208.8699951171875	3.51	2026	36.0	2732000000.0		2732000000.0			6764000000.0	6367000000.0	51.51168989414363	48.48831010585637	1.0623527564001884	10.798418972332016	10.798418972332016	56.430648474317806	56.430648474317806	-17.41176470588236	6.816467042447916	4.108225464616777	-26.323529411764717	22.13293408489583	16.716450929233552	-92.39558823529416	77.68659863798436	58.674742761609764	-144.23593162984236	-62.80624290032758	-71.90848655466763	3년	22.13293408489583	77.68659863798436	-62.80624290032758	0.32939964003031696	0.7587449054733821	0.7107525174528246			3년	0.7587449054733821	불리(<1)	3년	6.816467042447916	8.278577175376842	불리	N	FCF<=0	253000000.0	3.130398645190091	2.2018887838303636		-0.20067761594846356	204.45179931640624	202.62204986572266	Y	Y	강한 상승추세	
NTAP	NetApp, Inc.	0001002047	S&P 500	보류	PEG=불리, PEGY=불리(<1)	174.52999877929688	6.35	2026	1.22	2070000000.0	1514000000.0	3584000000.0	2487000000.0	0.0	1351000000.0	9393000000.0	12.57446016381236	87.42553983618764	0.14383051208346642	5.45771144278607	5.45771144278607	26.625557060867845	26.625557060867845	11.992945326278655	3.1252593706817544	14.4759458626317	32.48589065255731	14.750518741363509	37.4518917252634	206.2854056437389	93.66579400765828	237.8195124554226	18.194812975732933	-46.33255333594312	36.262828235138485	3년	14.750518741363509	93.66579400765828	-46.33255333594312	0.4962504745374137	0.16319881536180422	0.5895067594923815	9.298507462686567	5.327741664884247	3년	0.1631988153618042	불리(<1)	3년	3.1252593706817544	8.519471155144368	불리	Y		201000000.0	61.18396818145051	74.72219425940185		-3.617187422976109	158.17019927978515	120.12934982299805	Y	Y	강한 상승추세	
CDNS	CADENCE DESIGN SYSTEMS INC	0000813672	S&P 500	보류	PEG=불리, PEGY=판정불가	344.7200012207031	4.06	2025		3001317000.0	154213000.0	3155530000.0			5474181000.0					11.545523065214846	11.545523065214846	82.06267934864243	82.06267934864243	5.454545454545442	9.527334351951566	13.985265633616972	19.409090909090885	27.554668703903133	36.470531267233945	78.80090909090899	111.87195493784671	148.0703569449698	-77.14060431310523	-67.54700784935832	-57.04619505087278	3년	27.554668703903133	111.87195493784671	-67.54700784935832				5.8062214611872145	1.6843297286570402	판정불가		판정불가	3년	9.527334351951566	8.613393454784426	불리	Y		273312000.0	5.966617628655357	8.276535637039718		-17.212231539280822	371.8421997070312	327.6378503417969	N	Y	상승전환	
PEP	PEPSICO INC	0000077476	S&P 500	제외	PEG=불리, PEGY=불리(<1)	142.86000061035156	6.0	2025	4.23	9159000000.0	371000000.0	9530000000.0	42321000000.0	4898000000.0	20406000000.0	86852000000.0	19.025154300844694	80.97484569915531	0.23495141159673927	-23.882738528769117	-27.450109249817917	27.79045652318678	28.385018310028247	-13.66906474820144	-2.230046768668525	3.222947933334197	-18.83812949640288	4.039906462662949	14.945895866668394	-113.02877697841727	24.239438775977696	89.67537520001036	-179.11856117563764	-83.0327322746621	-37.22849305832039	5년	14.945895866668394	89.67537520001036	-37.22849305832039	-0.33965130224924583	0.07196546878108416	0.26818371720939094			3년	0.0719654687810841	불리(<1)	5년	3.222947933334197	8.622682431744114	불리	N	주당순현금<=0 | FCF<=0	1373000000.0	-8.592995874786347	-3.9790282413748046		-16.206231446171405	142.0141989135742	149.8509497833252	Y	N	주의	단기위험부채 존재
ULTA	Ulta Beauty, Inc.	0001403568	S&P 500	보류	PEG=불리, PEGY=불리(<1)	501.5199890136719	25.64	2025	0.19939384708607077	424243000.0	70000000.0	494243000.0		62287000.0	2803451000.0	4195843000.0	40.053339665400536	59.946660334599464	0.6681496423960572	10.985374852748327	9.600942410704363	19.131615216884693	19.18561024192541	1.1838989739542254	2.213584866040041	53.28338358172324	10.86779794790845	12.927169732080083	115.06676716344649	278.65033938437267	331.45263193053336	2950.311910070768	-44.43883683831066	-33.910384592567524	488.27404185286423	3년	12.927169732080083	331.45263193053336	-33.910384592567524	0.07230402688736207	0.1261251956916072	2.795518142221878	23.73699184281301	4.733010121789167	3년	0.1261251956916072	불리(<1)	3년	2.2135848660400415	8.642819848651161	불리	Y		44991000.0	-6.806658689697798	-22.997083001160444		-29.045586738233865	477.44659606933595	555.3393498229981	Y	N	주의	단기위험부채 존재
CIEN	CIENA CORP	0000936395	S&P 500	제외	PEG=불리, PEGY=판정불가	350.510009765625	0.85	2025		1091952000.0	216148000.0	1308100000.0	1524158000.0	11580000.0	2729323000.0	3135344000.0	46.53841386049711	53.46158613950289	0.8705019289749386	-1.487511015642212	-1.5672367261511346	414.1147303309026	414.2085252844425	46.55172413793104	-5.273176281409042	-18.193805923142392	101.60344827586208	-2.0463525628180843	-27.887611846284784	86.36293103448277	-1.7393996783953716	-23.704470069342065	-75.36078039761804	-100.49624821829153	-106.76285110522021	1년	101.60344827586208	86.36293103448277	-75.36078039761804				4.580386649041639	1.3067777014711788	판정불가		판정불가	1년	46.55172413793104	8.89579791081198	불리	N	주당순현금<=0	145248000.0	-26.004347155504547	41.60876038923966		-44.0972871187201	474.3373992919922	348.2809996795654	N	Y	중립/개선	단기위험부채 존재
CI	Cigna Group	0001739940	S&P 500	보류	PEG=불리, PEGY=불리(<1)	301.05999755859375	22.18	2025	2.14	7676000000.0	1056000000.0	8732000000.0		0.0	41713000000.0	116045000000.0	26.441131353085108	73.5588686469149	0.3594553836873627	32.513786336911636	32.513786336911636	12.107583914413082	12.107583914413082	83.00330033003301	1.3586099967532128	-0.6888681408957265	174.50660066006603	11.217219993506426	7.122263718208547	3870.5564026402644	248.7979394559725	157.97180926986556	1185.642873190736	-17.359349806162726	-47.52813042220253	3년	11.217219993506426	248.7979394559725	-17.359349806162726	7.032228802368813	0.28896021051635296	0.11985313249630429	31.839829015910606	10.575908215675112	3년	0.2889602105163529	불리(<1)	3년	1.3586099967532128	8.911743578619042	불리	Y		268563000.0	5.664742162787051	11.466548795075958		-3.196142264117763	286.4863977050781	280.1272497558594	Y	Y	강한 상승추세	
CTSH	COGNIZANT TECHNOLOGY SOLUTIONS CORP	0001058290	S&P 500	보류	PEG=불리, PEGY=불리(<1)	50.310001373291016	4.56	2025	2.81	1901000000.0	13000000.0	1914000000.0	543000000.0	33000000.0	15015000000.0	5677000000.0	72.56427604871448	27.435723951285524	2.6448828606658448	2.803680981595092	2.736196319018405	10.418052717477178	10.4328519855861	1.1086474501108607	1.1211696562825724	12.15182468925482	10.717294900221722	10.742339312565145	32.80364937850964	48.87086474501105	48.985067265297054	149.58464116600393	-2.860537843364064	-2.6335401944499903	197.32585387170482	3년	10.742339312565145	48.985067265297054	-2.6335401944499903	0.37614010567800193	0.37734207753505583	1.4361440755771062	5.306748466257669	10.548098432521527	3년	0.3773420775350558	불리(<1)	3년	1.1211696562825724	9.292128679275883	불리	Y		489000000.0	-8.726410834183373	-40.56704020506081		-41.97231471262349	47.257400054931644	64.23199996948242	Y	N	주의	단기위험부채 존재
DGX	QUEST DIAGNOSTICS INC	0001022079	S&P 500	제외	PEG=불리, PEGY=불리(<1)	235.94000244140625	8.75	2025	1.48	420000000.0		420000000.0	5167000000.0	504000000.0	7170000000.0					-42.008849557522126	-46.469026548672566	31.765583085591814	32.27531759886615	13.784135240572166	3.161245578286187	15.756447866281853	36.06827048114433	14.822491156572374	40.012895732563706	315.5973667100129	129.69679762000828	350.11283765993244	33.761703587499504	-45.02975490465319	48.39062220781323	3년	14.822491156572374	129.69679762000828	-45.02975490465319	0.4805243209118252	0.1461092518207656	0.5426139296684258	12.026548672566372	5.097291068967022	3년	0.1461092518207656	불리(<1)	3년	3.161245578286187	10.048438914009637	불리	N	주당순현금<=0	113000000.0	20.963854780765125	28.061221996739704		0.0	204.20700012207033	193.27295051574708	Y	Y	강한 상승추세	단기위험부채 존재
EVRG	Evergy, Inc.	0001711269	S&P 500	제외	PEG=불리, PEGY=불리(<1)	85.66000366210938	3.66	2025	3.24	19800000.0		19800000.0	13039200000.0	1394000000.0	10221300000.0					-55.73373287671233	-61.701198630136986	38.63216845322997	40.26262357711649	-3.43007915567282	3.827192527443257	6.116382445678448	1.6398416886543599	16.154385054886514	20.732764891356894	6.001820580474957	59.12504930088465	75.88191950236623	-92.99343880003849	-30.977064238630348	-11.414993861444767	3년	16.154385054886514	59.12504930088465	-30.977064238630348	-0.0049202300384183495	0.18293543464947232	0.24219149015685598	-3.2178938356164384	-3.756588487095563	3년	0.1829354346494723	불리(<1)	3년	3.827192527443257	10.094127268543255	불리	N	주당순현금<=0 | FCF<=0	233600000.0	4.565436495067998	11.116886407226989		-2.8026706777331656	84.43599975585937	79.92009998321534	Y	Y	강한 상승추세	단기위험부채 존재
HII	HUNTINGTON INGALLS INDUSTRIES, INC.	0001501585	S&P 500	제외	PEG=불리, PEGY=불리(<1)	299.8999938964844	15.39	2025	1.92	627000000.0		627000000.0	2214000000.0	231000000.0	5073000000.0	7676000000.0	39.79135618479881	60.20864381520119	0.6608910891089109	-40.38167938931298	-46.25954198473283	22.110570064054407	22.49249745816876	10.243553008595986	2.146574918873223	20.13587083183459	28.987106017191973	12.793149837746446	48.77174166366918	446.1115616045845	196.88657600291782	750.5971042038688	48.75344137504969	-34.3492564154981	150.282467315738	3년	12.793149837746446	196.88657600291782	-34.3492564154981	0.5501238988121123	0.18391994901498873	0.9975261048421025	20.203562340966922	6.736766506217578	3년	0.1839199490149887	불리(<1)	3년	2.146574918873223	10.300395234125189	불리	N	주당순현금<=0	39300000.0	-17.01715579375893	-29.066442480837463		-33.90342568600316	293.3640020751953	346.8642018127441	Y	N	주의	단기위험부채 존재
A	AGILENT TECHNOLOGIES, INC.	0001090872	S&P 500	제외	PEG=불리, PEGY=안심	140.5399932861328	4.57	2025	74.0	1789000000.0	0.0	1789000000.0	2729000000.0	304000000.0	6741000000.0	5986000000.0	52.966134988606896	47.0338650113931	1.1261276311393251	-3.2982456140350878	-4.364912280701755	31.474450525200854	31.707856797994435	3.160270880361187	3.018045520401325	14.719612881567535	14.820541760722374	14.53609104080265	37.93922576313507	67.72987584650126	66.42993605646811	173.38226173752727	-51.8074006815936	-52.73236144161479	23.368628163037663	3년	14.53609104080265	66.42993605646811	-52.732361441614785	2.451520823805352	2.4470020678751734	2.8187819453919243	4.042105263157895	2.87612455973892	3년	2.4470020678751734	안심	3년	3.0180455204013246	10.428752751554104	불리	N	주당순현금<=0	285000000.0	22.34699218749221	3.3762386472418138		-10.597966911917089	130.02099975585938	130.99535007476806	Y	Y	상승전환	단기위험부채 존재
AMAT	APPLIED MATERIALS INC /DE	0000006951	S&P 500	보류	PEG=불리, PEGY=불리(<1)	476.4599914550781	8.66	2025	41.0	7241000000.0	1332000000.0	8573000000.0	6455000000.0	100000000.0	20415000000.0	15884000000.0	56.24121876635721	43.7587812336428	1.2852556031226392	2.621287128712871	2.4975247524752477	54.71578571897982	54.73007698644375	0.5807200929152232	5.191743203490939	47.74832161975129	9.661440185830447	18.88348640698188	103.99664323950257	83.66807200929168	163.53099228446308	900.6109304540923	-82.43964372459169	-65.67791730318217	89.02131272421943	3년	18.88348640698188	163.53099228446308	-65.67791730318217	0.7599401077135898	0.8442123711926874	1.6219875206683958	7.051980198019802	1.4800781439137225	3년	0.8442123711926874	불리(<1)	3년	5.191743203490939	10.539000789212531	불리	Y		808000000.0	25.01902594222456	43.20579594598946		-34.09958624411091	539.8091979980469	369.48519943237307	N	Y	상승전환	단기위험부채 존재
CMG	CHIPOTLE MEXICAN GRILL INC	0001058090	S&P 500	보류	PEG=불리, PEGY=판정불가	33.5099983215332	1.14	2025		350545000.0	698591000.0	1049136000.0	0.0		2830607000.0	6163924000.0	31.47031234869278	68.52968765130723	0.4592215932578014	0.7814118109720128	0.7814118109720128	28.70928641277298	28.70928641277298	2.702702702702685	-67.10947685223975	-29.806686048388155	13.90540540540537	-125.7189537044795	-51.11337209677631	15.85216216216212	-143.31960722310663	-58.26924419032499	-52.69423170345051	-527.6920752067326	-273.88614475961265	1년	13.90540540540537	15.85216216216212	-52.69423170345051				1.0781861678990865	3.217505884523588	판정불가		판정불가	1년	2.702702702702685	10.622435972726072	불리	Y		1342616000.0	1.947062398677546	-15.485505594087368		-24.493020470861538	32.588800010681155	34.99405004501343	Y	N	중립/개선	
XEL	XCEL ENERGY INC	0000072903	S&P 500	제외	PEG=불리, PEGY=불리(<1)	80.33000183105469	3.42	2025	2.94	129000000.0		129000000.0	9263144000.0	1550000000.0	23609000000.0					-15.50788455008489	-18.13946349745331	28.02277379565485	28.792241324125143	-0.5813953488372098	2.5625825491252474	44.65267498881473	7.33720930232558	13.625165098250495	97.80534997762946	25.093255813953483	46.598064636016694	334.49429692349275	-68.76228651565559	-41.991704750587466	316.4002107543597	3년	13.625165098250495	46.598064636016694	-41.991704750587466	0.08416742283836692	0.19636109505970695	1.6983570340276002	6.932088285229202	8.629513416180869	3년	0.1963610950597069	불리(<1)	3년	2.5625825491252474	10.935364328154265	불리	N	주당순현금<=0	589000000.0	1.0694494693261003	5.240403385360071		-4.266477982137529	79.56340026855469	79.08655025482177	Y	Y	강한 상승추세	단기위험부채 존재
MTD	METTLER TOLEDO INTERNATIONAL INC/	0001037646	S&P 500	제외	PEG=불리, PEGY=판정불가	1388.3800048828125	42.05	2025		69807000.0		69807000.0	2088241000.0		-23636000.0	3736282000.0	-0.6366348959744613	100.63663489597445	-0.006326074959010053	-97.64234285817118	-97.64234285817118	35.3394137393813	35.3394137393813	3.8784584980237167	3.064056292120587	36.02403387418598	16.256916996047433	14.628112584241174	80.54806774837196	683.6033596837946	615.1121341673413	3387.046248819041	-50.762517662338794	-55.695693397769695	143.95671479761245	3년	14.628112584241174	615.1121341673413	-55.695693397769695				41.05359847381745	2.9569425034526207	판정불가		판정불가	3년	3.064056292120587	11.533539325063582	불리	N	주당순현금<=0	20671708.0	8.918181381149948	-2.615614967914026		-7.8113181181385	1204.839599609375	1316.8647485351562	Y	Y	상승전환	
MAS	MASCO CORP /DE/	0000062996	S&P 500	제외	PEG=불리, PEGY=불리(<1)	81.61000061035156	3.86	2025	1.58	647000000.0	0.0	647000000.0	2945000000.0	206000000.0	-185000000.0	5125000000.0	-3.7449392712550607	103.74493927125505	-0.03609756097560975	-10.942857142857143	-11.923809523809524	23.97742428839604	24.231557029575413	2.659574468085109	2.0689294926649726	39.146125181238034	13.819148936170219	12.637858985329945	86.79225036247607	53.341914893617044	48.78213568337359	335.0180863991576	-34.638016793678275	-40.22529675464066	310.5110695914678	3년	12.637858985329945	48.78213568337359	-40.22529675464066	0.1768152582651201	0.1521818794536194	1.6985196029144625	4.3	5.268962097587069	3년	0.1521818794536194	불리(<1)	3년	2.0689294926649726	11.589290197372025	불리	N	주당순현금<=0	210000000.0	9.779398211720736	21.497696642907304		-1.4014692276926866	74.45640029907227	68.41780015945434	Y	Y	강한 상승추세	단기위험부채 존재
FITB	FIFTH THIRD BANCORP	0000035527	S&P 500	제외	PEG=불리, PEGY=불리(<1)	57.79999923706055	3.53	2025	2.81	3499000000.0		3499000000.0	13589000000.0	926000000.0	21724000000.0	192652000000.0	10.133597044445274	89.86640295555472	0.11276290928721218	-15.003653753999819	-16.38059957919346	20.624264303416535	21.01433394228159	12.420382165605085	1.7598909234150195	14.04197322404901	33.34076433121017	12.019781846830039	36.58394644809802	117.69289808917188	42.42982991931004	129.141330961786	103.62093363784828	-26.59198879001952	123.4279111875531	3년	12.019781846830039	42.42982991931004	-26.591988790019517	0.7384691129604114	0.22157837274505787	0.8170945143123178	5.843841353143636	10.110452301522951	3년	0.2215783727450578	불리(<1)	3년	1.7598909234150195	11.719058283109796	불리	N	주당순현금<=0	672502856.0	14.887691630527122	13.69000602593109		-2.6444327489806407	53.997799758911135	48.965850048065185	Y	Y	강한 상승추세	단기위험부채 존재
SYK	STRYKER CORP	0000310764	S&P 500	제외	PEG=불리, PEGY=불리(<1)	346.6000061035156	2.2	2025	1.05	4011000000.0	89000000.0	4100000000.0	14859000000.0	0.0	11730000000.0	25424000000.0	31.571297841416808	68.42870215858319	0.46137507866582755	-27.83699870633894	-27.83699870633894	170.1986385499339	170.1986385499339	56.02836879432627	14.384834642672196	8.105373722329045	120.55673758865254	37.26966928534439	24.71074744465809	265.2248226950356	81.99327242775767	54.3636443782478	-23.478125209315927	-76.34354559033979	-84.31516346770879	3년	37.26966928534439	81.99327242775767	-76.34354559033979	0.3353632513198998	0.09068718042737947	0.05379228529870401	11.08150064683053	3.197201515201626	3년	0.0906871804273794	불리(<1)	3년	14.384834642672196	11.831810568405462	불리	N	주당순현금<=0	386500000.0	7.830636219788856	-2.2477933993484522		-13.473300605109994	315.4282000732422	343.54270065307617	Y	Y	상승전환	
GLW	CORNING INC /NY	0000024741	S&P 500	제외	PEG=불리, PEGY=보통	126.01000213623047	1.83	2025	78.0	1526000000.0		1526000000.0	3458000000.0	75000000.0	11807000000.0	18669000000.0	38.741960887255544	61.258039112744456	0.6324388022925705	-2.2181400688863375	-2.304247990815155	70.07002306290535	70.11707657215608	215.51724137931038	5.9197116093949065	27.64725090252995	439.53448275862075	20.33942321878981	63.7945018050599	804.348103448276	37.221144490385356	116.74393830325963	538.3208394669247	-70.46175394065524	-7.353435184417522	3년	20.33942321878981	37.221144490385356	-70.46175394065524	4.188913154999326	1.1976549734264539	1.5077382065035878			3년	1.197654973426454	보통	3년	5.9197116093949065	11.836729166282424	불리	N	주당순현금<=0 | FCF<=0	871000000.0	-17.667429190695984	14.825956432638531		-50.717665558665395	185.45580001831055	134.53375030517577	N	N	판정불가	단기위험부채 존재
DOV	DOVER Corp	0000029905	S&P 500	제외	PEG=불리, PEGY=불리(<1)	203.0800018310547	7.94	2025	1.01	513075000.0	0.0	513075000.0	2621295000.0	706677000.0	7405206000.0					-15.30168315466297	-20.430819367528688	27.503990552357386	28.149977480929895	-59.17737789203083	2.2834886521603703	44.73784358388186	-109.85475578406167	13.06697730432074	97.97568716776372	-872.2467609254496	103.75179979630668	777.926956112044	-529.5089388718269	-48.91087312348	283.06428456663747	3년	13.06697730432074	103.75179979630668	-48.910873123479995	-2.114870486931769	0.11974584727589949	1.663316582980748	8.100640890714706	3.9888914800452637	3년	0.1197458472758994	불리(<1)	3년	2.2834886521603703	12.044723991221206	불리	N	주당순현금<=0	137777000.0	-9.395912204846013	-2.016787024301203		-12.95700829106008	214.86479919433594	206.1246999359131	N	N	주의	단기위험부채 존재
ITW	ILLINOIS TOOL WORKS INC	0000049826	S&P 500	제외	PEG=불리, PEGY=불리(<1)	295.1600036621094	10.49	2025	2.26	851000000.0		851000000.0	6683000000.0	1825000000.0	3226000000.0					-19.952104002736913	-26.195689360246323	30.039285764046358	30.634479792407596	-10.418445772843727	2.3985109954127504	39.022413479712895	-12.336891545687454	13.2970219908255	86.54482695942579	-129.4139923142614	139.4857606837595	907.8552348043766	-143.84536885370514	-52.7423231626468	207.58070996762248	3년	13.2970219908255	139.4857606837595	-52.7423231626468	-0.27159253508645226	0.1550806178284193	1.374280793624038	9.261033185083818	3.1376314779036187	3년	0.1550806178284193	불리(<1)	3년	2.3985109954127504	12.52413927703384	불리	N	주당순현금<=0	292300000.0	9.94152133201094	14.09795542019976		-1.4819767526547234	263.0817987060547	261.4953005218506	Y	Y	강한 상승추세	단기위험부채 존재
UNP	UNION PACIFIC CORP	0000100885	S&P 500	제외	PEG=불리, PEGY=불리(<1)	294.45001220703125	11.98	2025	1.84	1266000000.0		1266000000.0	31814000000.0	0.0	18467000000.0	51231000000.0	26.49573875864444	73.50426124135556	0.3604653432492046	-51.26363483806008	-51.26363483806008	28.85756653130979	28.85756653130979	8.025247971145182	2.239111936305682	42.34446727212804	24.550495942290365	12.978223872611364	93.18893454425609	294.11494138863856	155.47912199388415	1116.403435840188	-0.1137954846329281	-47.19676836536691	279.1487144022367	3년	12.978223872611364	155.47912199388415	-47.19676836536691	0.3418600095902618	0.14135328881179016	1.5311224258701415	9.228058399060245	3.133998307519814	3년	0.1413532888117901	불리(<1)	3년	2.239111936305682	12.887951720235112	불리	N	주당순현금<=0	595900000.0	9.976104783329065	26.617935215204703		-4.187815570240372	276.21760131835936	249.7485507965088	Y	Y	강한 상승추세	
WEC	WEC ENERGY GROUP, INC.	0000783325	S&P 500	제외	PEG=불리, PEGY=불리(<1)	113.61000061035156	4.81	2025	3.35	27600000.0		27600000.0	18498100000.0	1924700000.0	9491800000.0					-57.042927733168625	-62.987029030265596	35.47877928139713	36.71455917684349	-0.41407867494824974	2.627012926537597	44.632634440111204	7.671842650103501	13.754025853075195	97.76526888022241	36.90156314699784	66.15686435329168	470.25094331386975	-67.51908903375575	-41.76844996226168	313.91685660375117	3년	13.754025853075195	66.15686435329168	-41.76844996226168	0.0827514752344133	0.1684672654358086	1.3524319441641646	2.107782581840642	1.8552790868030256	3년	0.1684672654358086	불리(<1)	3년	2.6270129265375974	13.505369129705104	불리	N	주당순현금<=0	323800000.0	-1.8742426946141366	2.954238496881345		-4.408917064404094	113.66760025024413	112.56840015411377	N	Y	중립/개선	단기위험부채 존재
VRSK	Verisk Analytics, Inc.	0001442145	S&P 500	제외	PEG=불리, PEGY=안심	212.25999450683594	6.48	2025	97.0	2178200000.0		2178200000.0	4773500000.0	195263000.0	309000000.0	5885700000.0	4.988135018644971	95.01186498135503	0.052500127427493756	-18.526903375906187	-19.9208149598809	35.615262018941685	35.83037183128346	-3.4277198211624373	2.5985568006018145	8.497453996787208	1.6445603576751253	13.697113601203629	25.494907993574415	10.656751117734812	88.75729613579952	165.20700379836222	-94.9793878293012	-58.18463279337311	-22.167620807583855	3년	13.697113601203629	88.75729613579952	-58.184632793373105	2.6273084872735715	2.7965133809104405	2.9621417340880227	8.508540875329475	4.00854663880407	3년	2.7965133809104405	안심	3년	2.5985568006018145	13.705785461642918	불리	N	주당순현금<=0	140082773.0	20.151698237716143	-1.8587036689246328		-27.814996320869955	183.3786004638672	199.7891004180908	Y	Y	상승전환	단기위험부채 존재
APH	AMPHENOL CORP /DE/	0000820313	S&P 500	보류	PEG=불리, PEGY=양호	143.85000610351562	3.34	2025	67.0	11130600000.0	303600000.0	11434200000.0	3541500000.0	1100000.0	13413100000.0	22727200000.0	37.11396972354961	62.88603027645039	0.5901782885705235	6.178238747553816	6.1773776908023486	41.219092022743055	41.21934982416565	73.95833333333334	2.961536144628707	23.76838535152701	156.41666666666669	14.423072289257414	56.03677070305402	522.4316666666667	48.17306144611976	187.1628141482004	263.17806360795055	-66.51160277917955	30.10970191653417	3년	14.423072289257414	48.17306144611976	-66.51160277917955	3.4197340702109145	1.697309006856015	2.202095701221284	3.4270841487279844	2.382401114576128	3년	1.697309006856015	양호	3년	2.961536144628707	13.918145857345518	불리	Y		1277500000.0	0.0904570565740892	-13.47368053923872		-18.415381052586397	151.82579956054687	141.63549987792967	N	Y	상승전환	단기위험부채 존재
TRMB	TRIMBLE INC.	0000864749	S&P 500	제외	PEG=불리, PEGY=판정불가	58.380001068115234	1.76	2025		253400000.0	0.0	253400000.0	1392200000.0	0.0	5836200000.0	3475800000.0	62.67396907216495	37.32603092783505	1.6790954600379768	-4.715527950310559	-4.715527950310559	35.849732396832835	35.849732396832835	-71.10016420361248	-0.7462964697448338	2.573740723547502	-133.70032840722496	7.0074070605103325	13.647481447095004	-235.31257799671593	12.333036426498186	24.019567346887207	-503.0705270494317	-78.87455258503928	-58.85651437576676	5년	13.647481447095004	24.019567346887207	-58.85651437576676				1.4944099378881988	2.5597977227588378	판정불가		판정불가	5년	2.573740723547502	13.929038021910593	불리	N	주당순현금<=0	241500000.0	-12.394955578010213	-16.611913602694585		-31.470830619744326	52.98980010986328	67.63554988861084	Y	N	주의	
LUV	SOUTHWEST AIRLINES CO	0000092380	S&P 500	보류	PEG=불리, PEGY=불리(<1)	46.310001373291016	0.79	2025	1.59	3231000000.0	0.0	3231000000.0	2883000000.0	271000000.0	7981000000.0					0.6236559139784946	0.13799283154121864	57.83081703710445	58.445580432594674	3.947368421052635	-3.1641996800259364		16.39473684210527	2.171600639948127		12.951842105263164	1.7155645055590205		-72.03230032134474	-96.2954773165944		1년	16.39473684210527	12.951842105263164	-72.03230032134474	0.09575117047887877	-0.027220775369919542		0.7078853046594982	1.5285797531152012	1년	0.0957511704788787	불리(<1)	1년	3.947368421052635	14.650473649399782	불리	Y		558000000.0	21.836367846024718	12.022257383547696		-15.49269704738947	45.83400016784668	41.57419998168945	Y	Y	강한 상승추세	단기위험부채 존재
AFL	AFLAC INC	0000004977	S&P 500	제외	PEG=불리, PEGY=불리(<1)	129.5500030517578	6.82	2025	1.93	6245000000.0		6245000000.0			29490000000.0	86980000000.0	25.31982484760024	74.68017515239977	0.3390434582662681	11.675559660333759	11.675559660333759	17.283642726015255	17.283642726015255	-29.179646936656283	1.1501008285269565	38.25795257148448	-49.859293873312566	10.800201657053913	85.01590514296896	-340.0403842159917	73.65737530110769	579.8084730750484	-362.4780981905024	-43.14367150444597	347.555738646647	3년	10.800201657053913	73.65737530110769	-43.14367150444597	-1.5766148009782825	0.1782090082139226	2.3252015335282166			3년	0.1782090082139226	불리(<1)	3년	1.1501008285269565	15.02793694023511	불리	N	FCF<=0	534878000.0	11.402529909568493	19.533130037676028		0.0	119.04860000610351	113.07345001220703	Y	Y	강한 상승추세	
AJG	Arthur J. Gallagher & Co.	0000354190	S&P 500	제외	PEG=불리, PEGY=불리(<1)	265.30999755859375	5.74	2025	1.11	738400000.0		738400000.0	12104000000.0	640000000.0	23321000000.0	47318000000.0	33.014340520109286	66.98565947989071	0.49285684094847626	-44.3795392424834	-46.87856306130418	53.95288097579741	54.3882509790763	-11.69230769230769	3.4145178584730878	51.46625205903632	-14.88461538461538	15.329035716946175	111.43250411807264	-85.43769230769229	87.98866501527104	639.622573637737	-132.2029675074055	-66.83552605444552	141.08498719369828	3년	15.329035716946175	87.98866501527104	-66.83552605444552	-0.19613980756754734	0.08386054232215569	0.974484607830699	6.68566966028895	2.5199463728510336	3년	0.0838605423221556	불리(<1)	3년	3.4145178584730873	15.801024686959522	불리	N	주당순현금<=0	256100000.0	24.313560038816906	9.482934656832143		-14.548444933456095	227.22739990234376	235.66075050354004	Y	Y	상승전환	단기위험부채 존재
ANET	Arista Networks, Inc.	0001596532	S&P 500	보류	PEG=불리, PEGY=판정불가	169.7100067138672	2.75	2025		1963900000.0	8779100000.0	10743000000.0	0.0	98793000.0	12370500000.0	7078100000.0	63.60612074905134	36.39387925094865	1.7477147822155663	8.4212589166732	8.343816728070863	58.65045374443418	58.67861454028957	23.318385650224215	-13.642192783183182	3.548578845590522	55.13677130044843	-18.784385566366364	15.597157691181044	151.62612107623318	-51.6570603075075	42.892183650747874	-10.655756833551733	-130.4384292404171	-74.72619058753291	5년	15.597157691181044	42.892183650747874	-74.72619058753291				3.4147127067492358	2.0120868373462955	판정불가		판정불가	5년	3.548578845590522	16.527871098965	불리	Y		1275700000.0	2.6740961989652368	15.692960589905258		-9.226572197550386	164.9002001953125	145.59784969329834	Y	Y	강한 상승추세	단기위험부채 존재
COO	COOPER COMPANIES, INC.	0000711404	S&P 500	제외	PEG=불리, PEGY=불리(<1)	72.05999755859375	1.87	2025	0.041631974766036126	110600000.0		110600000.0	2455700000.0	47100000.0	8238900000.0	4155700000.0	66.47168928404305	33.52831071595695	1.9825540823447314	-11.7255	-11.961	44.8050789083389	44.931014737215904	-4.59183673469387	-37.77093222139564	2.6595962043162835	-0.68367346938774	-67.04186444279128	13.819192408632567	-1.278469387755074	-125.3682865080197	25.8418898041429	-101.77417350967231	-273.9776446787688	-64.13836985890788	5년	13.819192408632567	25.8418898041429	-64.13836985890788	-0.10155555733394707	-0.8420764155736732	0.06028843704546139	2.1685	3.0092979093383114	5년	0.0602884370454613	불리(<1)	5년	2.6595962043162835	16.846571985485735	불리	N	주당순현금<=0	200000000.0	14.217779971962674	-10.706319351151638		-14.539850783447072	67.33079971313477	73.0315999031067	Y	N	중립/개선	단기위험부채 존재
TSCO	TRACTOR SUPPLY CO /DE/	0000916365	S&P 500	제외	PEG=불리, PEGY=불리(<1)	31.459999084472656	2.06	2025	3.02	194109000.0	15900000.0	210009000.0	1764974000.0		2581293000.0	8352386000.0	23.608640787789728	76.39135921221028	0.30904857605958347	-2.9218889168661613	-2.9218889168661613	16.690236893853793	16.690236893853793	0.980392156862746	-40.358393897568654	-20.235562235652548	10.460784313725492	-72.21678779513731	-31.971124471305096	21.549215686274515	-148.76658285798285	-65.8605164108885	-31.50280892121733	-572.8753566029436	-309.34684783062977	1년	10.460784313725492	21.549215686274515	-31.50280892121733	0.23968456423383042	-2.23713984019715	-1.0314750081223956	1.3914310625392257	4.42285792444914	1년	0.2396845642338304	불리(<1)	1년	0.980392156862746	17.024041631730853	불리	N	주당순현금<=0	532178000.0	-11.604386205137251	-43.54925651734496		-49.784519843183986	30.63639991760254	44.74904991149902	Y	N	주의	
VTR	Ventas, Inc.	0000740260	S&P 500	제외	PEG=불리, PEGY=불리(<1)	98.13999938964844	0.54	2025	2.0	741067000.0		741067000.0	13011016000.0	0.0	12527253000.0	14630983000.0	46.12690235109526	53.87309764890473	0.8562140356529702	-26.52302454524821	-26.52302454524821	230.85745173129007	230.85745173129007	184.21052631578948		13.239815312499648	376.92105263157896		34.979630624999295	203.53736842105266		18.88900053749962	107.39491510789767		-80.75300524253723	5년	34.979630624999295	18.88900053749962	-80.75300524253723	0.8066039234138821		0.06601396315436356	3.220825092139252	3.2818678542594086	5년	0.0660139631543635	불리(<1)	5년	13.239815312499648	17.436606650648564	불리	N	주당순현금<=0	462615000.0	12.070343418590813	29.216594250198735		-2.3773992028940816	88.6368000793457	82.44225025177002	Y	Y	강한 상승추세	
LITE	Lumentum Holdings Inc.	0001633978	S&P 500	제외	PEG=불리, PEGY=판정불가	651.9299926757812	0.37	2025		520700000.0	356400000.0	877100000.0	2562600000.0	10600000.0	1134700000.0	3084000000.0	26.89691137080143	73.10308862919857	0.3679312581063554	-24.216954022988507	-24.36925287356322	1827.4241802669453	1827.8357987820123	104.55665024630541	-48.31605646443386		217.61330049261082	-88.13211292886773		80.516921182266	-32.608881783681056		-87.64945284204637	-105.0018993066788		1년	217.61330049261082	80.516921182266	-87.64945284204637				-1.5043103448275863	-0.23074722159250496	판정불가		판정불가	1년	104.55665024630541	17.477837860739218	불리	N	주당순현금<=0 | FCF<=0	69600000.0	-17.62007699328526	75.88355534309963		-38.09360891897252	840.8724011230469	593.452200088501	N	Y	중립/개선	단기위험부채 존재
LII	LENNOX INTERNATIONAL INC	0001069202	S&P 500	보류	PEG=불리, PEGY=불리(<1)	544.1099853515625	4.07	2025	99.0	34200000.0	500000.0	34700000.0		0.0	1163100000.0	2918700000.0	28.49478171394973	71.50521828605028	0.3984993318943365	0.980225988700565	0.980225988700565	133.44711532257048	133.44711532257048	-81.94321206743567	-33.564279747458514	7.0876315210889995	-155.38642413487133	-58.62855949491703	22.675263042178	-632.4227462289264	-238.61823714431233	92.28832058166446	-216.23068189426866	-143.85478002028128	-83.03866441229988	5년	22.675263042178	92.28832058166446	-83.03866441229988	0.12781683509107256	0.4903494548710868	0.7949788293636194	18.045197740112993	3.3164614188165578	3년	0.4903494548710868	불리(<1)	5년	7.0876315210889995	18.82816776316648	불리	Y		35400000.0	9.805859988536202	9.083800855544544		-14.91900664026442	529.8572021484375	510.8814500427246	Y	Y	강한 상승추세	
HSY	HERSHEY CO	0000047111	S&P 500	제외	PEG=불리, PEGY=불리(<1)	183.38999938964844	0.9006880540124623	2014	3.22	587998000.0	0.0	587998000.0	4089755000.0	218546000.0	4636750000.0	9104547000.0	33.743175771544706	66.25682422845529	0.5092784956791371	-15.574647411235695	-16.54666714108443	220.90294848979	221.9821453610247	9.97663734289587			28.45327468579174			25.62752460702782			-86.02566950634147			1년	28.45327468579174	25.62752460702782	-86.02566950634147	0.059739525584040866			8.106961932422156	4.420612879330081	1년	0.0597395255840408	불리(<1)	1년	9.97663734289587	22.14202450158117	불리	N	주당순현금<=0	224837000.0	-2.410599629329646	-4.299955791475907		-22.384458973631382	180.374599609375	192.10220024108887	Y	N	주의	단기위험부채 존재
TSLA	Tesla, Inc.	0001318605	S&P 500	보류	PEG=불리, PEGY=판정불가	307.44000244140625	1.08	2025		16513000000.0	27546000000.0	44059000000.0	0.0	50841000.0	82137000000.0	54941000000.0	59.919899619194915	40.08010038080509	1.4950037312753681	12.488378684807257	12.473967970521542	273.1033553301843	273.1166985841525	-47.05882352941176	-33.18021688674605	11.032151746146003	-85.61764705882352	-57.860433773492105	30.564303492292005	-92.46705882352941	-62.489268475371475	33.00944777167537	-130.07645657339347	-120.3256791501233	-89.26312532216217	5년	30.564303492292005	33.00944777167537	-89.26312532216217				1.7630385487528344	0.573457759157039	판정불가		판정불가	5년	11.032151746146003	24.75522106787471	불리	Y		3528000000.0	-18.238388536778583	-28.651657740505108		-37.241773622715826	397.1197985839844	413.4324501037598	N	N	주의	단기위험부채 존재
ACN	Accenture plc	0001467373	S&P 500	보류	PEG=불리, PEGY=불리(<1)	164.66000366210938	2.25	2025	4.23	11478729000.0	5945000.0	11484674000.0		99963000.0	31195446000.0					18.246493818420028	18.087675704682475	65.07267104163971	65.1432568699675	-15.41353383458647	-4.705085797437691	2.4863174611353456	-22.32706766917294	-0.9101715948753828	13.472634922270691	-50.23590225563912	-2.0478860884696113	30.313428575109054	-130.50886744708552	-101.2437058441174	-81.59029035532288	5년	13.472634922270691	30.313428575109054	-81.59029035532288	-0.17186222196765485	-0.007300849801196661	0.10321256763592207	17.276845866001423	10.492436221156888	5년	0.103212567635922	불리(<1)	5년	2.4863174611353456	26.172309875475477	불리	Y		629418129.0	-7.364273607814697	-40.29731292602066		-42.9333892057212	154.7838006591797	212.18929985046387	Y	N	주의	단기위험부채 존재
ELV	Elevance Health, Inc.	0001156039	S&P 500	보류	PEG=불리, PEGY=불리(<1)	385.7300109863281	25.21	2025	1.82	9491000000.0	25884000000.0	35375000000.0	30797000000.0	150000000.0	43882000000.0	77468000000.0	36.16151627523691	63.83848372476309	0.5664532452109258	20.382902938557436	19.715048975957256	14.492150259729103	14.518641888551006	-1.8302180685358211	0.5345551244794411	63.01431604750667	4.839563862928358	9.569110248958882	134.52863209501334	122.00540498442392	241.23726937625344	3391.4668151152864	-68.3702585981187	-37.45955396122811	779.2333286287891	3년	9.569110248958882	241.23726937625344	-37.45955396122811	-0.0007050760827546155	0.16247106759735283	4.47375405895899	14.131789848619768	3.6636480040752284	3년	0.1624710675973528	불리(<1)	3년	0.5345551244794411	27.110675019422565	불리	Y		224600000.0	6.337878748107895	19.45063636405735		-9.620655764314122	397.83700073242187	350.8182998657227	N	Y	상승전환	단기위험부채 존재
URI	UNITED RENTALS, INC.	0001067701	S&P 500	제외	PEG=불리, PEGY=불리(<1)	1091.260009765625	10.27	2025	70.0	459000000.0		459000000.0	14302000000.0		8968000000.0	20898000000.0	30.027455969999327	69.97254403000068	0.4291319743516126	-214.2746579159185	-214.2746579159185	127.1211945162165	127.1211945162165	-1.9102196752626655	3.924142525332664	20.2179802192882	4.679560649474669	16.348285050665325	48.9359604385764	48.05908787010485	167.89688747033287	502.57231370417963	-95.59600027124362	-84.6144011539108	-53.945685793789934	3년	16.348285050665325	167.89688747033287	-84.6144011539108	0.5356288586168949	0.5815249204246768	0.709700538628744	77.28623614636865	7.082293445626013	3년	0.5815249204246768	불리(<1)	3년	3.9241425253326634	32.39464257365117	불리	N	주당순현금<=0	64604000.0	13.351757829290744	20.255660927431695		-4.408759498733151	1053.7892053222656	901.8943511962891	Y	Y	강한 상승추세	
PHM	PULTEGROUP INC/MI/	0000822416	S&P 500	보류	PEG=불리, PEGY=안심	134.75	11.12	2025	80.0	1980869000.0		1980869000.0	43900000.0		12985442000.0	5062981000.0	71.9477928902708	28.0522071097292	2.564781894302981	9.707317439873307	9.707317439873307	11.24484555396823	11.24484555396823	-24.302246426140233	0.3319275999318138	47.00020978752231	-40.104492852280465	9.163855199863628	102.50041957504462	-445.96196051735876	101.90206982248354	1139.8046656744962	-430.95507274015495	-24.376942617822973	745.8661711870102	3년	9.163855199863628	101.90206982248354	-24.376942617822973	4.953180842417566	7.143888923541794	11.294082179964207	8.762951232102317	6.503117797478529	3년	7.143888923541794	안심	3년	0.33192759993181387	33.87740445891875	불리	Y		199537000.0	7.860401561543395	8.774623012257221		-5.478393443001961	124.08240020751953	124.06475002288818	Y	Y	강한 상승추세	
NOW	ServiceNow, Inc.	0001373715	S&P 500	보류	PEG=불리, PEGY=판정불가	110.62000274658203	1.67	2025		3726000000.0	2558000000.0	6284000000.0		0.0	12964000000.0	13074000000.0	49.788770258852445	50.211229741147555	0.9915863545969099	6.003682080002599	6.003682080002599	62.64450339316134	62.64450339316134	-75.58479532163743	1.437568278374224	23.132555206176452	-142.66959064327486	11.375136556748448	54.765110412352904	-238.258216374269	18.996478049769905	91.45773438862935	-315.38438840947396	-82.8272666985114	-17.32260701697077	3년	11.375136556748448	18.996478049769905	-82.8272666985114				4.37187288321004	3.952154017954156	판정불가		판정불가	3년	1.4375682783742239	43.57671516236246	불리	Y		1046691000.0	22.24555791582372	-16.069802590868232		-44.311315401490745	104.88860046386719	125.96302997589112	Y	N	중립/개선	
ON	ON SEMICONDUCTOR CORP	0001097864	S&P 500	제외	PEG=불리, PEGY=판정불가	84.38999938964844	0.29	2025		2147600000.0	400000000.0	2547600000.0	2980500000.0	0.0	7673300000.0	4832200000.0	61.359401863180196	38.6405981368198	1.587951657630065	-1.0512384652744051	-1.0512384652744051	294.6249581204236	294.6249581204236	-92.01101928374655	-59.13642526295217	6.668390127527379	-175.5220385674931	-109.77285052590435	21.83678025505476	-50.901391184572994	-31.834126652512257	6.33266627396588	-160.31685217764883	-137.72262931953182	-92.49595174811357	5년	21.83678025505476	6.33266627396588	-92.49595174811357				3.4448761534725594	4.082090506443492	판정불가		판정불가	5년	6.668390127527379	44.182321742724696	불리	N	주당순현금<=0	411800000.0	-9.549842841019618	34.74372976278162		-36.98946912217013	106.83279998779297	74.52160001754761	N	Y	중립/개선	
RF	REGIONS FINANCIAL CORP	0001281761	S&P 500	제외	PEG=불리, PEGY=불리(<1)	31.270000457763672	2.3	2025	3.56	3538000000.0		3538000000.0	4134000000.0	750000000.0	19043000000.0	139711000000.0	11.995288307696184	88.00471169230381	0.13630279648703394	-0.6651785714285714	-1.5022321428571428	13.88486044747489	14.248796782878618	19.170984455958546	0.2915468391792686	17.429746204664866	46.84196891191709	9.083093678358537	43.35949240932973	107.73652849740931	20.891115460224633	99.72683254145838	244.5363828597599	-33.19118914487314	218.92174954125508	3년	9.083093678358537	20.891115460224633	-33.19118914487314	1.6371057197116026	0.27739182930568906	1.511700192023325			3년	0.277391829305689	불리(<1)	3년	0.2915468391792686	47.62480185537961	불리	N	주당순현금<=0 | FCF<=0	896000000.0	10.377693406195432	12.19949593163987		-3.487657453388282	29.393400077819823	27.549399976730346	Y	Y	강한 상승추세	단기위험부채 존재
WSM	WILLIAMS SONOMA INC	0000719955	S&P 500	보류	PEG=불리, PEGY=불리(<1)	236.32000732421875	8.84	2025	1.3	1019801000.0		1019801000.0	299620000.0	0.0	2082559000.0	3329353000.0	38.48102112525111	61.51897887474889	0.6255146270161199	5.847855919060031	5.847855919060031	26.07151033995008	26.07151033995008	0.5688282138794165	-18.483779224854192	0.5286435792482447	9.637656427758833	-28.467558449708385	9.55728715849649	85.19688282138807	-251.65321669542212	84.48641848110897	-63.948510417697136	-206.488324685166	-64.24914697755658	5년	9.55728715849649	84.48641848110897	-64.24914697755658	0.07168085736159906	-0.6591017935206853	0.07013953374408712	8.57024189422913	3.626540973516137	5년	0.0701395337440871	불리(<1)	5년	0.5286435792482447	49.31774708590041	불리	Y		123153000.0	26.104597129686514	13.478995113670479		-1.6030273864674482	215.5252001953125	197.76644981384277	Y	Y	강한 상승추세	
DHR	DANAHER CORP /DE/	0000313616	S&P 500	보류	PEG=불리, PEGY=양호	199.0500030517578	5.05	2025	81.0	19912300000.0		19912300000.0	18416000000.0	764600000.0	52534000000.0	8444400000.0	86.15181769282238	13.848182307177623	6.221164321917484	2.089512637899735	1.0217846669459574	39.00207730967487	39.213508591051855	-4.536862003780722	-19.44272804312125	0.6459964100776094	-0.5737240075614434	-30.3854560862425	9.791992820155219	-2.8973062381852888	-153.44655323552462	49.449563741783855	-101.45556704032398	-177.08945033054073	-75.15721528076251	5년	9.791992820155219	49.449563741783855	-75.15721528076251	1.9604888577883979	1.5783075211126982	2.093375585146704	7.345342829213797	3.690199807383992	3년	1.5783075211126982	양호	5년	0.6459964100776094	60.3750681911517	불리	Y		716100000.0	11.213547772551792	-15.567336987589474		-17.764924378375348	185.77880004882812	203.8297498321533	Y	N	중립/개선	단기위험부채 존재
WAT	WATERS CORP /DE/	0001000697	S&P 500	제외	PEG=불리, PEGY=판정불가	383.8999938964844	3.77	2025		587831000.0	934000.0	588765000.0	947445000.0		2561242000.0	2515308000.0	50.45241354857137	49.54758645142863	1.0182617794719375	-6.0017067416294365	-6.0017067416294365	103.4222017607729	103.4222017607729	-2.8350515463917496	-0.3511881428137187	1.5554382507588116	2.829896907216501	7.797623714372563	11.610876501517623	10.668711340206208	29.397041403184563	43.77300441072144	-97.22096600421334	-92.34252621240957	-88.59781059998545	5년	11.610876501517623	43.77300441072144	-88.59781059998545						판정불가		판정불가	5년	1.5554382507588116	66.49071521181826	불리	N	주당순현금<=0 | FCF<=0	59763000.0	27.656030283568	-1.5868139402489434		-6.942360511760848	365.167001953125	353.68955078125	Y	Y	상승전환	
WDC	WESTERN DIGITAL CORP	0000106040	S&P 500	제외	PEG=불리, PEGY=불리(<1)	463.510009765625	0.75	2025	12.0	2114000000.0	24000000.0	2138000000.0	2485000000.0	255000000.0	5311000000.0	8462000000.0	38.56095258839759	61.43904741160241	0.6276294020326164	-0.9665738161559888	-1.6768802228412256	619.3021114423747	620.2491866512884	128.73563218390805	-45.95080650627739	8.88624888199654	265.9712643678161	-83.40161301255478	26.27249776399308	199.4784482758621	-62.55120975941608	19.70437332299481	-56.963507999162985	-113.49511519525656	-95.74887857697865	5년	26.27249776399308	19.70437332299481	-95.74887857697865	0.22724875239990738	-0.05482107339696431	0.033725460475747114	3.562674094707521	0.7686293757731351	5년	0.0337254604757471	불리(<1)	5년	8.88624888199654	69.69218617059839	불리	N	주당순현금<=0	359000000.0	18.54779440460319	83.45207118159166		-37.88643958334833	558.4263989257812	325.90899921417235	N	Y	상승전환	단기위험부채 존재
LEN	LENNAR CORP /NEW/	0000920760	S&P 500	제외	PEG=불리, PEGY=불리(<1)	87.6500015258789	14.31	2024	2.35	3756305000.0		3756305000.0	5874995000.0		21959417000.0	12289828000.0	64.1164995023978	35.88350049760221	1.7867961211499461	-7.788757402975527	-7.788757402975527	6.669375187201568	6.669375187201568	4.224326292789512	0.0933489456862446	46.369977497318125	16.948652585579026	8.68669789137249	101.23995499463625	242.53521849963587	124.30664682554033	1448.7437559732448	176.70874418413635	41.82161398917768	1552.8736232200738	3년	8.68669789137249	124.30664682554033	41.82161398917768	0.9857484559281576	0.366353500456084	7.305028751540481	0.10360673335318489	0.11820505596066043	3년	0.366353500456084	불리(<1)	3년	0.09334894568624463	71.44564020699302	불리	N	주당순현금<=0	272019000.0	-5.058490234383228	-20.3688545753667		-38.44802999809479	87.75379943847656	103.59800003051758	N	N	주의	
CTVA	Corteva, Inc.	0001755672	S&P 500	보류	PEG=불리, PEGY=양호	88.94999694824219	1.6	2025	82.0	4521000000.0	9000000.0	4530000000.0		782000000.0	24144000000.0					6.648077487525683	5.5004402700322865	51.43869966294781	52.15597292388119	23.076923076923077	0.4201730021000882	11.94783991051851	54.65384615384615	9.340346004200176	32.39567982103702	87.44615384615385	14.944553606720284	51.83308771365924	-1.6906612183060443	-83.1989273530654	-41.72783643396903	3년	9.340346004200176	14.944553606720284	-83.1989273530654	2.0427600962979207	1.6022989216710073	1.8264038656908501	3.2917522747285	3.7006772205331155	3년	1.6022989216710073	양호	3년	0.42017300210008823	122.42266734380698	불리	Y		681400000.0	12.680509497407133	21.849310888002993		-0.33613787311799204	81.67400024414063	74.86520004272461	Y	Y	강한 상승추세	단기위험부채 존재
TMO	THERMO FISHER SCIENTIFIC INC.	0000097745	S&P 500	제외	PEG=불리, PEGY=보통	576.4099731445312	17.74	2025	34.0	9852000000.0	253000000.0	10105000000.0	19107000000.0	693000000.0	53407000000.0					-23.814814814814813	-25.64814814814815	33.83454272600598	33.93788733329647	7.3200241984270855	0.2075477652143886	2.137246520494207	23.14004839685417	8.915095530428777	12.774493040988414	410.5044585601929	158.1537947098065	226.61950654713445	-28.78255448622131	-72.56227302122852	-60.684318956030445	3년	8.915095530428777	158.1537947098065	-72.56227302122852	1.2212378495267087	1.0110243854107628	1.068057777908679	16.64814814814815	2.888247761801604	3년	1.0110243854107628	보통	3년	0.20754776521438867	163.02051092217846	불리	N	주당순현금<=0	378000000.0	22.583040204192994	-7.613277883762315		-9.858478045050045	496.82420166015623	530.0035502624512	Y	Y	상승전환	단기위험부채 존재
CNP	CENTERPOINT ENERGY INC	0001130310	S&P 500	제외	PEG=불리, PEGY=불리(<1)	44.099998474121094	1.6	2025	2.18	38000000.0	510000000.0	548000000.0	20566000000.0	500000000.0	11153000000.0					-30.53153359261801	-31.294135590635246	46.644707541711945	47.12133379047271	1.2658227848101276	0.2092056307007928		11.031645569620256	8.918411261401586		17.65063291139241	14.269458018242538		-59.975887704961686	-67.64295122001832		3년	8.918411261401586	14.269458018242538	-67.64295122001832	0.0738738211988725	0.05122136586587557		-3.6360863265461756	-8.245093996272846	3년	0.0512213658658755	불리(<1)	3년	0.2092056307007928	222.9610521737032	불리	N	주당순현금<=0 | FCF<=0	655650000.0	2.249008536943786	10.720553469161963		-2.0870391258855148	43.13680015563965	41.33140014648438	Y	Y	강한 상승추세	단기위험부채 존재
MCD	MCDONALDS CORP	0000063908	S&P 500	제외	PEG=불리, PEGY=불리(<1)	273.0199890136719	11.95	2025	2.75	774000000.0		774000000.0	39973000000.0	798000000.0	-1791000000.0					-54716638.74930207	-55830541.59687325	4578821.068559923	4672034.695971739	4.91659350307286	12.78230543570502	13.62338129334184	18.33318700614572	34.06461087141004	35.74676258668368	219.08158472344135	407.07209991335	427.17381291086997	-19.756210702773657	49.099742251094014	56.46246798782144	3년	34.06461087141004	407.07209991335	49.099742251094014	1.6743597070684543e-06	3.3922062476641088e-06	3.575894547565582e-06	10030709.10106086	3673983.4095292403	3년	3.3922062476641088e-06	불리(<1)	3년	12.782305435705021	358215.58885377814	불리	N	주당순현금<=0	716.4	-6.624722002923278	-13.086943376987147		-19.949571638999576	275.4647991943359	300.9043998718262	N	N	주의	단기위험부채 존재
GM	General Motors Co	0001467858	S&P 500	보류	PEG=판정불가, PEGY=안심	90.30000305175781	3.27	2025	83.0	20945000000.0	5966000000.0	26911000000.0			61119000000.0	218116000000.0	21.88801547083997	78.11198452916003	0.28021328100643694	27.65775950668037	27.65775950668037	19.156649402164355	19.156649402164355	-48.665620094191524	-18.898461530269618	-5.460789481150885	-88.83124018838305	-29.296923060539235	-2.421578962301769	-290.47815541601256	-95.8009384079633	-7.918563206726785	-421.68122436221563	-206.09184404241103	-108.76917269004748	판정불가				1.7922956768175395	3.346176939610748	4.047639484913713	18.051387461459402	19.990461629456178	3년	3.346176939610748	안심	판정불가			판정불가	Y		973000000.0	14.376195746982013	4.538094377150181		0.0	79.58079971313477	76.89465000152587	Y	Y	강한 상승추세	
HUM	HUMANA INC	0000049071	S&P 500	보류	PEG=판정불가, PEGY=안심	388.7099914550781	9.84	2025	93.0	4200000000.0	15703000000.0	19903000000.0	12369000000.0	1694000000.0	17657000000.0	31172000000.0	36.1608879968871	63.83911200311291	0.5664378288207366	62.35412907817854	48.33396785460083	33.166246176514186	34.591059308991596	-1.4028056112224505	-23.616654426020823	-17.217108695019935	5.694388777555099	-38.733308852041645	-25.93421739003987	56.03278557114218	-381.1357591040898	-255.1926991179923	-85.58493817938876	-198.0514438739701	-165.65118075887796	판정불가				2.7617594677820283	2.091986690465778	2.2849402643173935	3.103636634499197	0.7984452941076183	3년	2.091986690465778	안심	판정불가			판정불가	Y		120826000.0	69.2103384074187	86.94272358350028		-5.05838046344349	364.16480041503905	263.9928002166748	Y	Y	강한 상승추세	단기위험부채 존재
WYNN	WYNN RESORTS LTD	0001174922	S&P 500	제외	PEG=판정불가, PEGY=보통	99.0199966430664	3.14	2025	100.0	1463442000.0	0.0	1463442000.0	10537402000.0	9410000.0	-275492000.0	14139396000.0	-1.9871170487043188	101.9871170487043	-0.01948400058955842	-87.04622852373781	-87.13649837399154	59.25675960726248	59.285507967215906	-27.81609195402298			-47.13218390804596			-147.99505747126432			-249.45976821705665			판정불가				1.218154832029158			6.640445881258214	6.706166538456647	1년	1.218154832029158	보통	판정불가			판정불가	N	주당순현금<=0	104243000.0	-6.760829106873745	-12.964753832484998		-25.738713542375923	100.12279983520507	110.34934993743896	N	N	주의	단기위험부채 존재
CTAS	CINTAS CORP	0000723254	S&P 500	제외	PEG=판정불가, PEGY=보통	214.89999389648438	4.4	2025	85.0	263973000.0	0.0	263973000.0	2424999000.0	0.0	4684481000.0					-5.267120983899036	-5.267120983899036	50.03798065463259	50.03798065463259	-70.95709570957096	-27.715987825710187	-11.511595525071694	-133.41419141914193	-46.93197565142037	-14.523191050143389	-587.0224422442245	-206.50069286624966	-63.90204062063091	-373.1607533348691	-196.0915303542165	-129.73571076573043	판정불가				0.28064490426491506	1.1448106303423813	1.4686524818448012	4.282429817249431	1.9927547412180213	3년	1.1448106303423813	보통	판정불가			판정불가	N	주당순현금<=0	410286000.0	23.34978325723207	12.389512238273003		-5.0249746591622735	180.67919921875	184.63289985656738	Y	Y	상승전환	
CEG	Constellation Energy Corp	0001868275	S&P 500	제외	PEG=판정불가, PEGY=불리(<1)	259.82000732421875	7.4	2025	63.0	3641000000.0		3641000000.0	7250000000.0	1650000000.0	14517000000.0	42396000000.0	25.50735332876496	74.49264667123504	0.3424143787149731	-11.493630573248408	-16.748407643312103	36.664005121279345	37.374110130747404	-37.76282590412111			-67.02565180824222			-495.98982338099245			-290.8974710950828			판정불가				0.6883365309490299			4.101910828025478	1.578750947730854	1년	0.6883365309490299	불리(<1)	판정불가			판정불가	N	주당순현금<=0	314000000.0	-15.01095332620248	-10.02216424112733		-35.680158565991924	263.31630126953127	309.7536003875732	N	N	주의	단기위험부채 존재
IBKR	Interactive Brokers Group, Inc.	0001381197	S&P 500	제외	PEG=판정불가, PEGY=불리(<1)	90.91000366210938	2.22	2025	38.0	4963000000.0		4963000000.0		16000000.0	5363000000.0	182768000000.0	2.850673201120496	97.14932679887951	0.02934321106539438	11.1814650484052	11.145417609200186	35.91375613229918	35.92999371752666	-67.96536796536795	-16.033270923831843	-1.7104104038610624	-127.43073593073589	-23.566541847663686	5.079179192277875	-282.8962337662337	-52.31772290181339	11.275777806856883	-411.18273278009207	-157.54891738456615	-87.59676894440986	판정불가				-0.8343702021860775	0.6116522313969909	1.010464888786772			3년	0.6116522313969909	불리(<1)	판정불가			판정불가	N	FCF<=0	443859546.0	17.31837161995118	20.442500819998145		-6.672825947678696	90.12419982910156	75.7554998779297	Y	Y	강한 상승추세	단기위험부채 존재
ODFL	OLD DOMINION FREIGHT LINE, INC.	0000878927	S&P 500	제외	PEG=판정불가, PEGY=불리(<1)	226.27999877929688	4.84	2025	51.0	120091000.0	0.0	120091000.0	45000000.0	20000000.0	4311057000.0	1159103000.0	78.81043698904602	21.189563010953975	3.719304496666819	0.3548757549693286	0.2603569031843401	46.67874442651396	46.69827311489929	-11.67883211678833	-26.48103950985108	-3.150049031832014	-14.85766423357666	-44.46207901970216	2.199901936335972	-71.91109489051104	-215.19646245535844	10.647525371866104	-131.7796956330417	-195.10184886700975	-95.29453534147699	판정불가				0.8423784394011439	0.5252703514497687	1.0250907893098506			3년	0.5252703514497687	불리(<1)	판정불가			판정불가	N	FCF<=0	211598000.0	2.033635938111389	29.717952082294595		-9.025850252831635	225.63259948730467	187.00669967651368	Y	Y	강한 상승추세	단기위험부채 존재
VZ	VERIZON COMMUNICATIONS INC	0000732712	S&P 500	제외	PEG=판정불가, PEGY=불리(<1)	48.189998626708984	4.06	2025	5.98	19048000000.0	350000000.0	19398000000.0	89658000000.0	441000000.0	105741000000.0					-16.606003308910424	-16.71023398723706	15.959606388083602	15.98527896895223	-1.932367149758456	-7.0765828174263685	-1.1420692869857585	4.635265700483088	-5.653165634852737	6.215861426028483	18.819178743961334	-22.95185247750211	25.236397389675638	-60.94795750101779	-147.62783384845585	-47.631462733247446	판정불가				0.25361733565457795	-0.06870989113147193	0.30313596685107036			5년	0.3031359668510703	불리(<1)	판정불가			판정불가	N	주당순현금<=0 | FCF<=0	4231000000.0	2.011001089094422	22.55849186349903		-6.208646117342842	45.48300003051758	44.52639993667603	Y	Y	강한 상승추세	단기위험부채 존재
LRCX	LAM RESEARCH CORP	0000707549	S&P 500	제외	PEG=판정불가, PEGY=불리(<1)	269.6099853515625	4.15	2025	36.0	6390659000.0	2574947000.0	8965606000.0	3719694000.0	749670000.0	9861619000.0	11483641000.0	46.20051008982791	53.79948991017209	0.858753682738776	4.066150857812551	3.4850752862863157	63.98646614307227	64.1264843530786	-85.68965517241381	-49.77203332215717	-22.764985950471615	-162.87931034482762	-91.04406664431433	-37.02997190094323	-675.9491379310347	-377.8328765739045	-153.67438338891444	-350.71368816315146	-240.14053525548127	-156.99877294549313	판정불가				-0.7765650795796236	-0.21523353534422754	0.2068408344341942			5년	0.2068408344341942	불리(<1)	판정불가			판정불가	N	FCF<=0	1290142000.0	7.316001248496096	13.062978176911976		-37.781830543453474	337.78239868164064	238.90899909973143	N	Y	상승전환	단기위험부채 존재
TPL	Texas Pacific Land Corp	0001811074	S&P 500	보류	PEG=판정불가, PEGY=불리(<1)	389.4200134277344	6.97	2025	61.0	144809000.0		144809000.0			1458907000.0	164371000.0	89.87413123322068	10.12586876677932	8.875695834423347	2.0978453048822923	2.0978453048822923	55.569894996105035	55.569894996105035	-64.65517241379311	-50.58674419585327		-120.81034482758622	-92.67348839170654		-842.0481034482759	-645.9342140901946		-316.2313374796637	-265.8708314461249		판정불가				-0.06577612597701159	0.18739023719365688		7.633813495643156	1.9603033312153542	3년	0.1873902371936568	불리(<1)	판정불가			판정불가	Y		69027492.0	-9.626359029077825	12.809965138176915		-27.85712420025557	395.2848016357422	383.7401501464844	N	Y	중립/개선	
UPS	UNITED PARCEL SERVICE INC	0001090727	S&P 500	제외	PEG=판정불가, PEGY=불리(<1)	105.52999877929688	6.56	2025	5.81	5887000000.0	206000000.0	6093000000.0	17321000000.0	2341000000.0	16227000000.0					-13.209411764705882	-15.963529411764705	18.10051990000042	18.520354907174024	-2.8148148148148207	-20.79061596362501		2.8703703703703587	-33.08123192725003		18.82962962962955	-217.01288144276018		-82.15708343841696	-305.6409399725439		판정불가				0.16547509141906522	-0.8276345677576182		5.605882352941176	5.312122067456094	1년	0.1654750914190652	불리(<1)	판정불가			판정불가	N	주당순현금<=0	850000000.0	1.5297251304058346	-1.557834157170368		-12.058334350585941	108.27259979248046	103.00155010223389	N	Y	상승전환	단기위험부채 존재
TECH	BIO-TECHNE Corp	0000842023	S&P 500	보류	PEG=판정불가, PEGY=불리(<1)	72.06999969482422	0.46	2025	45.0	162186000.0	1072000.0	163258000.0		12500000.0	2068850000.0					1.0221704640082145	0.943907035569163	154.45180267568696	154.62194056359792	-56.19047619047619	-58.90886842633716	-20.841196114496352	-103.88095238095238	-109.31773685267432	-33.182392228992704	-47.7852380952381	-50.28615895223019	-15.263900425336644	-166.3039243757203	-169.7740518456552	-121.17927083387075	판정불가				-0.07245286876951251	-0.09005313104400965	0.15641645786570418	1.6062786052830944	2.228775651567612	5년	0.1564164578657041	불리(<1)	판정불가			판정불가	Y		159717000.0	34.6851092421399	5.628017219642123		-0.06933312514354473	60.68400009155273	59.44190000534058	Y	Y	강한 상승추세	단기위험부채 존재
IR	Ingersoll Rand Inc.	0001699150	S&P 500	제외	PEG=판정불가, PEGY=불리(<1)	86.5	1.45	2025	9.0	1248800000.0		1248800000.0	2778100000.0	0.0	10089800000.0	8143200000.0	55.33812318323918	44.661876816760824	1.2390460752529717	-3.813715710723192	-3.813715710723192	62.285321179809095	62.285321179809095	-29.611650485436897	-0.455587184000239		-50.723300970873794	7.588825631999522		-73.548786407767	11.003797166399307		-185.0274987373029	-87.27884720647478		판정불가				-0.330923082598128	0.13718180550652095				3년	0.1371818055065209	불리(<1)	판정불가			판정불가	N	주당순현금<=0 | FCF<=0	401000000.0	6.540211108413141	0.2666087468221612		-12.413934660834558	76.76320007324219	81.40734992980957	Y	Y	상승전환	
PFE	PFIZER INC	0000078003	S&P 500	제외	PEG=판정불가, PEGY=불리(<1)	25.25	1.36	2025	6.97	1142000000.0	8525000000.0	9667000000.0	61641000000.0	0.0	86476000000.0	121385000000.0	41.60280187240512	58.39719812759488	0.7124109239197595	-9.097496936810783	-9.097496936810783	25.25551245353734	25.25551245353734	-3.5460992907801296	-37.11932514902995	-4.476866683376013	1.4078014184397407	-65.7386502980599	-0.4537333667520258	1.9146099290780476	-89.40456440536147	-0.6170773787827551	-92.41738641949289	-454.0774827935108	-102.4438708070604	판정불가				0.13557043103040706	-1.1937720608320965	0.0987164018631819	1.588482408541922	6.291019439769988	5년	0.0987164018631819	불리(<1)	판정불가			판정불가	N	주당순현금<=0	5713000000.0	-4.645013457324443	-4.716981132075471		-11.558666638340364	25.109799995422364	25.82955002784729	Y	N	주의	
SLB	SLB LIMITED/NV	0000087347	S&P 500	제외	PEG=판정불가, PEGY=불리(<1)	49.97999954223633	2.35	2025	2.29	3130000000.0	1176000000.0	4306000000.0	9742000000.0	1178000000.0	26109000000.0	27577000000.0	48.632790671683495	51.36720932831651	0.946767233564202	-3.7828810020876826	-4.602644398051496	22.877821508222983	23.22665699586716	-24.43729903536977	-0.5610216224331555		-40.37459807073954	7.377956755133689		-94.88030546623791	17.33819837456417		-289.8365472893971	-65.30972682400234		판정불가				-0.9680685299257781	0.07557443251077893		3.336812804453723	6.676296188506166	3년	0.0755744325107789	불리(<1)	판정불가			판정불가	N	주당순현금<=0	1437000000.0	-10.188682530414416	-1.3422824856374693		-13.842439254676131	51.286799926757816	46.500700082778934	N	Y	중립/개선	단기위험부채 존재
BF-B	BROWN FORMAN CORP	0000014693	S&P 500	제외	PEG=판정불가, PEGY=불리(<1)	28.899999618530273	1.53	2026	3.37	308000000.0		308000000.0	2083000000.0	68000000.0	4020000000.0	3874000000.0	50.92475297694451	49.07524702305548	1.0376871450696954	-3.8030308548999106	-3.9487244313129777	21.374529721196197	21.4697542809433	-16.847826086956523	-2.0882960100536807	-4.036359234531672	-25.195652173913047	4.323407979892639	0.42728153093665533	-38.549347826086965	6.614814209235737	0.6537407423330827	-233.38874856375318	-77.11136921609365	-97.7379212769473	판정불가				-0.6305554443890826	0.059964079054114064	-0.031175386931244276	1.9132994667186594	6.620413467036444	3년	0.059964079054114	불리(<1)	판정불가			판정불가	N	주당순현금<=0	466733000.0	4.219257467032711	7.956664640806421		-7.549586030300482	26.265599937438964	27.195049982070923	Y	Y	상승전환	단기위험부채 존재
NKE	NIKE, Inc.	0000320187	S&P 500	보류	PEG=판정불가, PEGY=불리(<1)	43.04999923706055	2.1	2026	3.89	7563000000.0	2583000000.0	10146000000.0	5942000000.0	5000000.0	14865000000.0					2.838622552329507	2.8352464550979066	19.148274611776685	19.149882277125066	-2.77777777777778	-13.36921346091703	-10.018369318341202	2.94444444444444	-18.23842692183406	-11.536738636682404	6.183333333333325	-38.30069653585152	-24.22715113703305	-85.63685611401762	-188.96793778077355	-156.27677483482177	판정불가				0.058084722763385416	-0.4950426946084775	-0.32004812144129663	1.4746792707629979	3.4255035932578775	1년	0.0580847227633854	불리(<1)	판정불가			판정불가	Y		1481000000.0	-4.397067723543124	-31.764147831762724		-45.62334188110788	43.53239974975586	54.92849987030029	N	N	주의	단기위험부채 존재
FTV	Fortive Corp	0001659166	S&P 500	제외	PEG=판정불가, PEGY=불리(<1)	64.08999633789062	0.58	2025	38.0	375500000.0		375500000.0	2306500000.0	899500000.0	6453400000.0					-5.771069934249851	-8.459354453078303	120.45011426231117	125.08508757063609	-75.42372881355932	-34.87672497401558	-29.666922875134137	-142.34745762711864	-61.25344994803116	-50.833845750268274	-82.56152542372881	-35.52700096985807	-29.483630535155598	-228.82123598268586	-155.43298954575562	-146.00348294562875	판정불가				-0.31069898972498694	0.025930029582061524	0.06918280796910195	2.9231918708906157	4.56107354957422	3년	0.0259300295820615	불리(<1)	판정불가			판정불가	N	주당순현금<=0	334600000.0	3.7558618470681315	20.583244586898086		0.0	60.85279975891113	56.68959989547729	Y	Y	강한 상승추세	단기위험부채 존재
EMR	EMERSON ELECTRIC CO	0000032604	S&P 500	제외	PEG=판정불가, PEGY=불리(<1)	151.80999755859375	1.12	2025	1.49	2354000000.0	99000000.0	2453000000.0	8319000000.0	4192000000.0	20282000000.0					-10.35115581436386	-17.74836774307394	144.78674408299784	151.39139759077472	-35.26011560693641	-3.335847899742972	-1.3703810340970568	-62.02023121387282	1.8283042005140562	5.759237931805886	-69.46265895953756	2.047700704575743	6.450346483622593	-145.7563138638002	-98.65114239015423	-95.75103972903169	판정불가				-0.23324038274925196	-0.012748735469076192	0.0008261734640180358	4.706193753308629	3.1000552196782625	5년	0.000826173464018	불리(<1)	판정불가			판정불가	N	주당순현금<=0	566700000.0	9.673457279854603	2.8035480740725482		-6.110461211968166	140.9288003540039	139.28815074920655	Y	Y	강한 상승추세	단기위험부채 존재
CSX	CSX CORP	0000277948	S&P 500	제외	PEG=판정불가, PEGY=판정불가	50.84000015258789	1.54	2025	1.08	1958000000.0	5000000.0	1963000000.0	9832000000.0		13160000000.0	30522000000.0	30.126825694794196	69.87317430520581	0.4311644060022279	-4.201281366791244	-4.201281366791244	35.741091895700734	35.741091895700734	-13.966480446927374	-7.566647873326204	-15.619198935967571	-19.432960893854748	-6.633295746652408	-22.738397871935142	-29.92675977653631	-10.21527544984471	-35.01713272278012	-158.86459419102295	-120.0929886293966	-168.87712946042873	판정불가				-0.3605508327650582	-0.18148991900570552	-0.40679224290057237	0.9135077415910304	1.7968287546209427	판정불가		판정불가	판정불가			판정불가	N	주당순현금<=0	1873000000.0	12.403273639463276	34.961514796408366		-4.489948168705215	47.865999908447264	41.08404989242554	Y	Y	강한 상승추세	
APTV	Aptiv PLC	0001521332	S&P 500	제외	PEG=판정불가, PEGY=판정불가	59.400001525878906	0.64	2025	1.4814814434248942	1851000000.0		1851000000.0	7470000000.0	81000000.0	9207000000.0	13914000000.0	39.820942000778516	60.179057999221484	0.6617076326002588	-25.99703895623207	-26.371796058110483	133.43287575329842	134.0184337249834	-43.85964912280701	-9.379349728076658	-9.25361634386701	-79.21929824561401	-10.258699456153316	-10.007232687734021	-50.70035087719297	-6.565567651938123	-6.404628920149774	-185.35412386328684	-111.05314391124668	-110.78220329230035	판정불가				-0.31759914818694546	-0.0591898228983237	-0.05824752600559905	6.204312019987046	10.444969462305489	판정불가		판정불가	판정불가			판정불가	N	주당순현금<=0	216140000.0	0.473617386760683	-23.85591603734677		-33.01003411243734	61.59139984130859	71.12219989776611	N	N	중립/개선	단기위험부채 존재
AXON	AXON ENTERPRISE, INC.	0001069183	S&P 500	제외	PEG=판정불가, PEGY=판정불가	547.6500244140625	1.51	2025		1201147000.0	505417000.0	1706564000.0	1730170000.0	80552000.0	3242658000.0	3757655000.0	46.32161447638127	53.67838552361873	0.8629472370401221	-0.28658492169479177	-1.264513779288576	362.87192671242207	363.51956171745104	-68.54166666666667	-9.393302099393695		-128.58333333333334	-10.286604198787394		-194.16083333333336	-15.532772340168965		-135.4534510504347	-102.83625886017036		판정불가							0.9115090445550564	0.1664400627992834	판정불가		판정불가	판정불가			판정불가	N	주당순현금<=0	82370000.0	34.78625377291784	-10.253670691401062		-37.12182476601916	484.42720092773436	517.6566505432129	Y	Y	상승전환	단기위험부채 존재
UNH	UNITEDHEALTH GROUP INC	0000731766	S&P 500	제외	PEG=판정불가, PEGY=판정불가	428.7900085449219	13.23	2025	2.22	24365000000.0	3756000000.0	28121000000.0	72320000000.0	3620000000.0	32454000000.0	207883000000.0	13.503538780961733	86.49646121903827	0.1561166617760952	-48.51701427003293	-52.49066959385291	36.07762833068441	36.37798020701245	-14.700193423597675	-14.517352798270888	-3.7667253412291712	-20.90038684719535	-20.534705596541777	0.9665493175416575	-276.5121179883945	-271.6741550422477	12.78744747107613	-164.4866047431294	-163.35832216897052	-97.01778324675294	판정불가				-0.34592610437707555	-0.3408581264143646	-0.04287214578109239	17.64544456641054	4.115171579274783	판정불가		판정불가	판정불가			판정불가	N	주당순현금<=0	911000000.0	16.909785802823162	51.67668554287281		-1.7325535585761553	408.51939880371094	343.81359924316405	Y	Y	강한 상승추세	단기위험부채 존재
KR	KROGER CO	0000056873	S&P 500	제외	PEG=판정불가, PEGY=판정불가	59.189998626708984	1.54	2025	2.48	3334000000.0		3334000000.0	14509000000.0	1366000000.0	5927000000.0	44017000000.0	11.86729136633029	88.13270863366971	0.13465252061703434	-17.061068702290076	-19.146564885496183	49.51368008376562	50.867898384548816	-47.97297297297297	-20.45740326595622		-87.44594594594594	-32.41480653191244		-134.66675675675674	-49.91880205914516		-327.51606670250794	-184.3365487706224		판정불가				-0.9187960356816429	-0.36307952136748145				판정불가		판정불가	판정불가			판정불가	N	주당순현금<=0 | FCF<=0	655000000.0	-11.564323387382757	-4.701339486311184		-21.70634944262528	60.87380004882812	65.32019994735718	N	N	주의	단기위험부채 존재
DVN	DEVON ENERGY CORP/DE	0001090012	S&P 500	제외	PEG=판정불가, PEGY=판정불가	42.65999984741211	4.17	2025	2.41	1384000000.0	2343000000.0	3727000000.0	7391000000.0	998000000.0	15528000000.0					-5.788309636650869	-7.3649289099526065	11.618299636465942	11.996385793133026	-8.552631578947361	-22.960449726899977		-8.605263157894722	-37.420899453799954		-35.88394736842099	-156.0451507223458		-184.1161450932303	-465.787977685171		판정불가				-0.5287031468587454	-1.7688001144676124		10.552922590837282	24.7372776103689	판정불가		판정불가	판정불가			판정불가	N	주당순현금<=0	633000000.0	-13.783346317541167	8.13687965118679		-18.071826200428166	44.19220024108887	41.6566500377655	N	Y	중립/개선	단기위험부채 존재
CVS	CVS HEALTH Corp	0000064803	S&P 500	제외	PEG=판정불가, PEGY=판정불가	109.33999633789062	1.39	2025	2.48	8453000000.0	2145000000.0	10598000000.0	71348000000.0	0.0	75214000000.0	178156000000.0	29.68544026522477	70.31455973477523	0.4221805608567772	-47.7970102281668	-47.7970102281668	113.04820616263126	113.04820616263126	-62.02185792349728	-23.78711813669546	-23.938579568888617	-115.54371584699456	-39.07423627339092	-39.377159137777234	-160.60576502732243	-54.31318842001338	-54.734251201510354	-246.88656521535495	-149.6736695071497	-150.05876443636095	판정불가				-0.5266944071438012	-0.18847816219253422	-0.18981795728822343	6.142407553107789	5.617713333486918	판정불가		판정불가	판정불가			판정불가	N	주당순현금<=0	1271000000.0	35.020982718357494	51.861106024848084		-1.1392424535388135	100.51640045166016	84.1636003112793	Y	Y	강한 상승추세	
COP	CONOCOPHILLIPS	0001163165	S&P 500	제외	PEG=판정불가, PEGY=판정불가	114.0999984741211	6.35	2025	2.91	6497000000.0	484000000.0	6981000000.0	16147000000.0	961000000.0	64487000000.0	57452000000.0	52.88463904083189	47.11536095916811	1.1224500452551696	-7.312640512634768	-8.079326911570183	19.12010062783557	19.240838643415948	-18.693982074263765	-24.182162850978774		-28.88796414852753	-39.86432570195755		-183.43857234314981	-253.1384682074304		-260.77000420359803	-321.85667974819864		판정불가				-0.8255177303452582	-1.112554963231217				판정불가		판정불가	판정불가			판정불가	N	주당순현금<=0 | FCF<=0	1253446000.0	-8.22072172280468	14.248518410124976		-14.72347094791633	113.90340026855469	107.2903003692627	Y	Y	강한 상승추세	단기위험부채 존재
SRE	SEMPRA	0001032208	S&P 500	제외	PEG=판정불가, PEGY=판정불가	90.55999755859375	2.75	2025	2.88	29000000.0		29000000.0		4166000000.0	31594000000.0					0.04435430833279802	-6.327371502509842	32.914779363731256	35.23177056767403	-37.782805429864254	-25.38521336020446	-26.568336591560993	-67.06561085972851	-42.27042672040892	-44.636673183121985	-184.4304298642534	-116.24367348112453	-122.75085125358547	-303.655515499461	-228.36095032568107	-235.54643834234176	판정불가				-1.0603991916264703	-0.6837418872387436	-0.7196869324198824			판정불가		판정불가	판정불가			판정불가	N	FCF<=0	653826000.0	-2.5188416887520826	3.960506169290756		-9.2130350289787	91.8536003112793	91.95330020904541	N	N	판정불가	단기위험부채 존재
CVX	CHEVRON CORP	0000093410	S&P 500	제외	PEG=판정불가, PEGY=판정불가	187.5800018310547	6.63	2025	3.75	8178000000.0	0.0	8178000000.0	33477000000.0	977000000.0	186450000000.0	131836000000.0	58.57939086230623	41.42060913769377	1.414257107315149	-13.63092672413793	-14.157327586206897	30.348556343166308	30.427953154941417	-31.79012345679013	-28.68529133996226		-55.08024691358026	-48.87058267992452		-365.1820370370371	-324.0119631678995		-294.6806874252731	-272.7326793928296		판정불가				-0.9239359902239311	-0.8216302303808605				판정불가		판정불가	판정불가			판정불가	N	주당순현금<=0 | FCF<=0	1856000000.0	-0.41410000890285126	10.96125314687133		-11.16267712372504	182.8188003540039	174.735650100708	Y	Y	강한 상승추세	단기위험부채 존재
ORLY	O REILLY AUTOMOTIVE INC	0000898173	S&P 500	제외	PEG=판정불가, PEGY=판정불가	91.16999816894531	2.97	2025		193793000.0		193793000.0	6016904000.0	25000.0	-763352000.0					-6.803343540685509	-6.803372749056861	32.98765714128984	32.98766697575831	-92.6955238563699	-29.203737570730283	-11.269579863367396	-176.8910477127398	-49.907475141460566	-14.039159726734791	-525.3664117068373	-148.2252011701379	-41.69630438840233	-676.24922919631	-262.581116756704	-145.7346772247771	판정불가							1.861365386210611	2.0416424521160477	판정불가		판정불가	판정불가			판정불가	N	주당순현금<=0	855919000.0	-0.4368259552386067	-9.391775312744887		-15.4424054655958	88.41919982910156	93.3025997543335	Y	N	주의	단기위험부채 존재
KMB	KIMBERLY CLARK CORP	0000055785	S&P 500	제외	PEG=판정불가, PEGY=판정불가	113.08999633789062	1.5	2025	4.59	688000000.0		688000000.0	6439000000.0	963000000.0	1502000000.0					-17.259903961584634	-20.150060024009605	86.8999335329835	88.82670424126682	-80.13245033112582	-35.99237051910854	-26.238981580201248	-151.76490066225165	-63.48474103821708	-43.977963160402496	-227.64735099337747	-95.22711155732563	-65.96694474060374	-301.29751380768647	-184.2047171642006	-158.33137048082264	판정불가				-0.8693038908073863	-0.3613624227593862	-0.2491254101130494			판정불가		판정불가	판정불가			판정불가	N	주당순현금<=0 | FCF<=0	333200000.0	14.882155153545828	12.370823751736593		-17.313743653467405	104.46500015258789	103.76005001068116	Y	Y	강한 상승추세	단기위험부채 존재
VLO	VALERO ENERGY CORP/TX	0001035002	S&P 500	제외	PEG=판정불가, PEGY=판정불가	298.8800048828125	7.57	2025	1.57	4688000000.0		4688000000.0	8261000000.0		23725000000.0					-11.563106796116505	-11.563106796116505	41.00965808176077	41.00965808176077	-11.77156177156177	-36.119777156007146		-15.043123543123539	-63.73955431201429		-113.8764452214452	-482.50842614194823		-138.10105840505952	-261.4388444389696		판정불가				-0.24875998115426765	-0.8424790347465324		14.475728155339805	4.843324383983323	판정불가		판정불가	판정불가			판정불가	N	주당순현금<=0	309000000.0	24.393390588984666	63.40276578580968		-5.057173928680769	267.27760223388674	216.35475120544433	Y	Y	강한 상승추세	
TPR	TAPESTRY, INC.	0001116132	S&P 500	제외	PEG=판정불가, PEGY=판정불가	150.89999389648438	0.82	2025	1.09	1100000000.0	19600000.0	1119600000.0	2396600000.0	16700000.0	857800000.0	5722700000.0	13.035483625864297	86.9645163741357	0.1498942806717109	-5.739325842696629	-5.81438202247191	191.02356065753781	191.11509258409302	-76.57142857142858	-36.28355598173916		-144.64285714285717	-64.06711196347831		-118.60714285714288	-52.53503181005221		-178.5998327730258	-134.81446914178846		판정불가				-0.39514198307061066	-0.1842367290223077		4.916404494382022	3.2580548000251204	판정불가		판정불가	판정불가			판정불가	N	주당순현금<=0	222500000.0	4.908229795841557	18.315816852180266		-5.97545720508319	142.46260009765626	134.29400020599365	Y	Y	강한 상승추세	단기위험부채 존재
IRM	IRON MOUNTAIN INC	0001020569	S&P 500	제외	PEG=판정불가, PEGY=판정불가	125.69999694824219	0.49	2025	2.72	158535000.0		158535000.0	16215885000.0	216074000.0	-981007000.0					-53.91701587557418	-54.64254438982459	366.5653322935028	368.0460027307485	-19.672131147540984	-36.34769139588404	-16.260604064943717	-30.84426229508197	-64.19538279176808	-24.021208129887434	-15.113688524590165	-31.45573756796636	-11.770391983644842	-112.02361884767056	-125.02445372446466	-109.36387610931398	판정불가				-0.04624586575461449	-0.09173723872217929	-0.03693912891386569	-3.1282033201708437	-2.488626409003735	판정불가		판정불가	판정불가			판정불가	N	주당순현금<=0 | FCF<=0	297816000.0	11.614272671518933	37.0475308278442		-5.531339805647106	125.40640014648437	106.76294986724854	Y	Y	강한 상승추세	단기위험부채 존재
FANG	Diamondback Energy, Inc.	0001539838	S&P 500	제외	PEG=판정불가, PEGY=판정불가	190.30499267578125	5.73	2025	2.25	104000000.0		104000000.0	13726000000.0	763000000.0	36972000000.0	28092000000.0	56.824050165990414	43.17594983400959	1.316104228961982	-47.12206697823086	-49.76148388502797	41.435787025133	41.89641824795972	-63.10367031551834	-38.48028199276532		-117.70734063103669	-68.46056398553064		-674.4630618158403	-392.2790316370906		-454.4116485503401	-306.1317604553909		판정불가				-1.468625907325167	-0.8743717591460187				판정불가		판정불가	판정불가			판정불가	N	주당순현금<=0 | FCF<=0	289079000.0	-4.876039689021516	19.598415356679013		-10.943427160115816	192.08690002441406	172.7843748474121	N	Y	중립/개선	단기위험부채 존재
COF	CAPITAL ONE FINANCIAL CORP	0000927628	S&P 500	보류	PEG=판정불가, PEGY=판정불가	212.41000366210938	4.03	2025	1.55	62093000000.0		62093000000.0	31377000000.0	1087000000.0	113616000000.0	555393000000.0	16.98273117402008	83.01726882597991	0.20456865678897646	56.74487345279882	54.7367448734528	38.626583178488964	39.124878111329174	-65.22864538395167	-39.17672229952939	-4.896815963113765	-121.95729076790334	-69.85344459905878	-1.2936319262275298	-491.4878817946505	-281.5093817342069	-5.213336662696945	-331.38640992468675	-232.53113171732585	-102.45437435752322	판정불가				-1.648570495860326	-0.9741146951999525	-0.08664540551382752	48.29115093293922	22.73487599470985	판정불가		판정불가	판정불가			판정불가	Y		541300000.0	10.572616821078839	-2.1647998411078673		-17.65139115622033	195.6269989013672	207.36389923095703	Y	Y	상승전환	단기위험부채 존재
MGM	MGM Resorts International	0000789570	S&P 500	제외	PEG=판정불가, PEGY=판정불가	46.20000076293945	0.76	2025	0.02597402554509505	2062994000.0		2062994000.0	6230141000.0	0.0	2429917000.0	38097468000.0	5.995740904576005	94.00425909542399	0.06378158779475844	-15.028931566134704	-15.028931566134704	80.56438464351862	80.56438464351862	-68.33333333333333	-39.83701324007897		-128.16666666666666	-71.17402648015793		-97.40666666666667	-54.09226012492003		-310.83693735521314	-217.08281218971655		판정불가				-0.8478604982838845	-0.49415184377923077		5.267157154449554	11.40077287330857	판정불가		판정불가	판정불가			판정불가	N	주당순현금<=0	277275000.0	16.255658811340766	37.99283570675187		-8.857758898031843	45.543599929809574	38.00359999656677	Y	Y	강한 상승추세	
WY	WEYERHAEUSER CO	0000106535	S&P 500	제외	PEG=판정불가, PEGY=판정불가	24.610000610351562	0.45	2025	3.51	464000000.0		464000000.0	5050000000.0	522000000.0	9426000000.0	7187000000.0	56.738698609522665	43.261301390477335	1.3115347154584667	-6.338044714587592	-7.059470650264592	68.77343405542034	70.37660280136923	-16.66666666666667	-43.761896821361546		-24.833333333333343	-79.02379364272309		-11.175000000000004	-35.56070713922539		-145.4083694548936	-244.49697788413584		판정불가				-0.19130448911515036	-0.5852826367362285		0.268116152339728	1.0894601612766797	판정불가		판정불가	판정불가			판정불가	N	주당순현금<=0	723567000.0	-0.8460881831374389	-6.176130233156107		-9.188190907999994	24.03559997558594	24.10630005836487	Y	Y	중립/개선	단기위험부채 존재
TSN	TYSON FOODS, INC.	0000100493	S&P 500	보류	PEG=판정불가, PEGY=판정불가	61.18000030517578	1.33	2025	3.36	1229000000.0		1229000000.0			18085000000.0					3.442577030812325	3.442577030812325	43.41159644688982	43.41159644688982	-40.888888888888886	-46.97317852013001	-5.767715060111856	-73.27777777777777	-85.44635704026003	-3.0354301202237117	-97.45944444444444	-113.64365486354583	-4.037122059897537	-259.2995161136007	-285.7529491609559	-106.59876109800541	판정불가				-0.8644899510848929	-1.0046435074896822	-0.055462485998585165	3.2969187675070026	5.388883215203394	판정불가		판정불가	판정불가			판정불가	Y		357000000.0	-4.570270281205846	-6.950569878059653		-11.010908647017049	59.20620010375976	59.821850032806395	Y	Y	중립/개선	
OXY	OCCIDENTAL PETROLEUM CORP /DE/	0000797468	S&P 500	제외	PEG=판정불가, PEGY=판정불가	53.93000030517578	1.61	2025	1.89	1968000000.0		1968000000.0	35745000000.0	440000000.0	36034000000.0					-33.773622637736224	-34.213578642135786	54.474299964541615	54.747564563547556	-34.01639344262294	-49.362988839182776		-59.53278688524588	-90.22597767836555		-95.84778688524588	-145.26382406216854		-277.72628656196605	-369.3562455778945		판정불가				-0.5897532132314621	-0.8714749683811241		4.104589541045895	7.610957756015381	판정불가		판정불가	판정불가			판정불가	N	주당순현금<=0	1000100000.0	-7.984985934890454	21.05499714646939		-18.583934111698998	54.98239990234375	50.03704996109009	N	Y	중립/개선	단기위험부채 존재
DOC	HEALTHPEAK PROPERTIES, INC.	0000765880	S&P 500	제외	PEG=판정불가, PEGY=판정불가	22.81999969482422	0.1	2025	5.42	467457000.0		467457000.0	9847894000.0		7500094000.0	12033567000.0	38.395741586792155	61.604258413207845	0.6232644069709339	-13.47678738700427	-13.47678738700427	362.9678708182849	362.9678708182849	-72.22222222222223	-52.27593913804323	-33.51833999568201	-135.94444444444446	-96.05187827608646	-58.536679991364025	-13.594444444444447	-9.605187827608646	-5.853667999136403	-159.5725005532221	-142.09109533768833	-125.65148149613721	판정불가				-0.18404445019230334	-0.12909114801927205	-0.07741274711818523			판정불가		판정불가	판정불가			판정불가	N	주당순현금<=0 | FCF<=0	696044000.0	42.18069021543176	28.853759878687878		0.0	20.808199996948243	18.172950043678284	Y	Y	강한 상승추세	
GPC	GENUINE PARTS CO	0000040987	S&P 500	제외	PEG=판정불가, PEGY=판정불가	129.7100067138672	0.47	2025	3.33	333547000.0		333547000.0	3498423000.0	943540000.0	4422991000.0					-22.728014362657092	-29.503885098743268	324.33621505643464	338.7529613034265	-92.73570324574962	-61.61464058703222	-16.81535450665752	-176.97140649149924	-114.72928117406444	-25.13070901331504	-83.17656105100464	-53.92276215181028	-11.811433236258068	-164.1250148375116	-141.57178271585536	-109.1060308572132	판정불가				-0.275657478552597	-0.17970438662512808	-0.04157831867252648	3.0227935368043086	2.330424316045575	판정불가		판정불가	판정불가			판정불가	N	주당순현금<=0	139250000.0	23.052843380644596	-6.937866143049442		-13.097942189776369	110.61640090942383	119.20765026092529	Y	Y	상승전환	단기위험부채 존재
CSGP	COSTAR GROUP, INC.	0001057352	S&P 500	보류	PEG=판정불가, PEGY=판정불가	30.329999923706055	0.02	2025		1633000000.0	0.0	1633000000.0	993000000.0	0.0	8334000000.0	2167000000.0	79.3638701076088	20.6361298923912	3.845869866174435	1.5212740670311387	1.5212740670311387	1440.4362928337457	1440.4362928337457	-94.11764705882352	-72.19119357371476	-53.398733410393206	-179.73529411764704	-135.8823871474295	-98.29746682078641	-3.5947058823529408	-2.71764774294859	-1.9659493364157283	-111.85198117835571	-108.96026294027276	-106.48186396756016	판정불가							0.2923698597575469	0.9639626129013914	판정불가		판정불가	판정불가			판정불가	Y		420700000.0	-15.656282825651147	-54.198128413468474		-68.67706356483944	30.938800086975096	49.493900022506715	N	N	주의	
APD	Air Products & Chemicals, Inc.	0000002969	S&P 500	제외	PEG=판정불가, PEGY=판정불가	292.8500061035156	-1.77	2025	2.47	1856000000.0	0.0	1856000000.0	4918100000.0	34700000.0	15024900000.0	23709700000.0	38.78935112276879	61.21064887723121	0.6337026617797779	-13.749887741356085	-13.905702739110911			-110.30267753201397			-212.10535506402795			375.4264784633295			28.197531377419537			판정불가							-23.661427929950605	-8.079708873759369	판정불가		판정불가	판정불가			판정불가	N	주당순현금<=0 | FCF<=0 | 순현금차감PER<=0/불가	222700000.0	-3.4613482079235425	13.017139403338462		-6.79206727523749	289.2540002441406	275.67569915771486	Y	Y	강한 상승추세	단기위험부채 존재
ALB	ALBEMARLE CORP	0000915913	S&P 500	제외	PEG=판정불가, PEGY=판정불가	113.16000366210938	-5.76	2025	1.41	613110000.0		613110000.0	3119464000.0	367178000.0	9533365000.0					-21.300941664400327	-24.421505303236334			48.57142857142857			105.64285714285714			-608.5028571428571			-637.7366891572565			1년	105.64285714285714	-608.5028571428571	-637.7366891572565				5.885113543649714	5.200701089779385	판정불가		판정불가	1년	48.57142857142857		판정불가	N	주당순현금<=0 | 순현금차감PER<=0/불가	117664000.0	-39.454249674944506	-41.72416936329246		-47.51878015737457	147.25000030517577	152.16119987487792	N	N	주의	단기위험부채 존재
ARE	ALEXANDRIA REAL ESTATE EQUITIES, INC.	0001035443	S&P 500	제외	PEG=판정불가, PEGY=판정불가	54.0	-8.44	2025	5.6	549062000.0		549062000.0	12400555000.0		15470070000.0	14925399000.0	50.89597400191456	49.10402599808544	1.036492893757815	-69.58899516755037	-69.58899516755037			-568.8888888888889			-1129.2777777777778			9531.104444444445			17550.19341563786			판정불가									판정불가		판정불가	판정불가			판정불가	N	주당순현금<=0 | FCF<=0 | 순현금차감PER<=0/불가	170307000.0	33.63029003688107	-7.120742059012719		-38.25042666158098	50.475599975585936	52.087050132751465	Y	Y	상승전환	
APO	Apollo Global Management, Inc.	0001858681	S&P 500	제외	PEG=판정불가, PEGY=판정불가	124.69000244140625	5.54	2025	1.81	8980000000.0		8980000000.0	13364000000.0		23341000000.0	418434000000.0	5.283458774262916	94.71654122573709	0.055781795934364796	-7.384732856185598	-7.384732856185598	23.84020492736315	23.84020492736315	-24.42019099590723			-40.34038199181446			-223.4857162346521			-279.2330674944621			판정불가				-0.9484058993954309					판정불가		판정불가	판정불가			판정불가	N	주당순현금<=0 | FCF<=0	593657223.0	0.9063710846872741	-5.337077675483604		-18.3431532852813	126.10940048217773	126.92420021057129	N	N	중립/개선	
ARES	Ares Management Corp	0001176948	S&P 500	보류	PEG=판정불가, PEGY=판정불가	127.9000015258789	0.039510671963162464	2014	4.23	488896000.0		488896000.0			4275463000.0	19931981000.0	17.661769660605227	82.33823033939478	0.21450266283115563	6.083971489795992	6.083971489795992	3083.117142367443	3083.117142367443													판정불가							40.42582623597222	31.607369627585634	판정불가		판정불가	판정불가			판정불가	Y		80358036.0	13.175824359067745	-14.37943677521265		-33.648057080981545	123.60420013427735	134.56135036468507	Y	N	중립/개선	
BKR	Baker Hughes Co	0001701605	S&P 500	제외	PEG=판정불가, PEGY=판정불가	58.459999084472656	2.98	2024	1.52	7023000000.0		7023000000.0			18834000000.0									56.020942408376975		111.75011009858267	120.54188481675395		232.00022019716533	359.21481675392675		691.3606561875526	514.4625767695854		1082.6217362551797	5년	232.00022019716533	691.3606561875526	1082.6217362551797						판정불가		판정불가	5년	111.75011009858267		판정불가	N	주당순현금<=0 | FCF<=0 | 순현금차감PER<=0/불가		-13.610166002190393	3.4690249282701924		-16.090138336575123	60.11640022277832	56.31220006942749	N	Y	중립/개선	
BAX	BAXTER INTERNATIONAL INC	0000010456	S&P 500	제외	PEG=판정불가, PEGY=판정불가	24.3700008392334	-1.87	2025	86.0	1966000000.0	5148000000.0	7114000000.0	9438000000.0	1000000.0	6129000000.0	13953000000.0	30.519868538990142	69.48013146100986	0.43926037411309393	-4.530214424951267	-4.5321637426900585			-87.00000000000001			-165.50000000000003			309.48500000000007			1169.9425085852213			판정불가									판정불가		판정불가	판정불가			판정불가	N	주당순현금<=0 | FCF<=0 | 순현금차감PER<=0/불가	513000000.0	35.841695171463094	24.527343992134366		-15.499304055840613	20.756399993896483	19.522599983215333	Y	Y	강한 상승추세	단기위험부채 존재
BLK	BlackRock, Inc.	0002012383	S&P 500	제외	PEG=판정불가, PEGY=판정불가	1097.550048828125	35.31	2025	2.16	11468000000.0		11468000000.0	12768000000.0		55888000000.0	108456000000.0	34.006717616706425	65.99328238329359	0.5153057461090211	-8.081234006422008	-8.081234006422008	31.312129222162188	31.312129222162188	-15.94858367055462			-23.39716734110924			-826.1539788145673			-175.27255633550993			판정불가				-0.44035918390357487			22.080417839085364	2.0117914315307117	판정불가		판정불가	판정불가			판정불가	N	주당순현금<=0	160866521.0	4.55247281454072	-0.8258765383293509		-8.734474756783584	1032.057001953125	1055.238453063965	Y	Y	상승전환	
BK	BK		S&P 500	판정불가																																																												SEC ticker mapping 없음
BG	Bunge Global SA	0001996862	S&P 500	제외	PEG=판정불가, PEGY=판정불가	117.37000274658203	0.49	2025	2.45	1135000000.0	861000000.0	1996000000.0	8831000000.0	3883000000.0	15904000000.0					-41.05920370735475	-64.3851565962587	323.32491113048326	370.9288966180423	-88.76146788990825			-169.0229357798165			-82.82123853211009			-170.56422986623977			판정불가				-0.26694963771311697			-5.2803277335427685	-4.498873315138044	판정불가		판정불가	판정불가			판정불가	N	주당순현금<=0 | FCF<=0	166466940.0	-7.1145915007482685	1.0503669433282736		-10.68411880698823	118.83740036010742	111.53300029754638	N	Y	중립/개선	단기위험부채 존재
CNC	CENTENE CORP	0001071739	S&P 500	제외	PEG=판정불가, PEGY=판정불가	63.90999984741211	-13.53	2025		17888000000.0	2432000000.0	20320000000.0	17351000000.0	50000000.0	19953000000.0	56691000000.0	26.03334899013621	73.96665100986378	0.35196062867121763	6.020895691885885	5.919499671476894			-314.42155309033285			-620.3431061806657			8393.242226624407			13032.9091639237			판정불가							8.762644083745002	13.710912384081041	판정불가		판정불가	판정불가			판정불가	N	순현금차감PER<=0/불가	493116000.0	28.928788059050923	53.888759272663144		-6.9994198018755505	63.43120002746582	46.22270000457764	Y	Y	강한 상승추세	단기위험부채 존재
CRL	CHARLES RIVER LABORATORIES INTERNATIONAL, INC.	0001100682	S&P 500	제외	PEG=판정불가, PEGY=판정불가	240.42999267578125	-2.91	2025		213770000.0	1063000.0	214833000.0	1626760000.0	166000.0	3164630000.0	3924228000.0	44.64231051038122	55.35768948961878	0.8064337749998216	-28.4869461706077	-28.490295375675895			-1555.0			-3101.5			9025.365			3653.8432287733185			판정불가									판정불가		판정불가	판정불가			판정불가	N	주당순현금<=0 | FCF<=0 | 순현금차감PER<=0/불가	49564000.0	44.1513294285689	9.520336178517486		0.0	199.5461996459961	186.2503003692627	Y	Y	강한 상승추세	단기위험부채 존재
COHR	COHERENT CORP.	0000820318	S&P 500	제외	PEG=판정불가, PEGY=판정불가	243.3300018310547	-0.52	2025		909200000.0		909200000.0	3498615000.0	188306000.0	5644514000.0	6429653000.0	46.74868253851383	53.25131746148616	0.8778878113640036	-16.732351135666054	-17.949151885237956			71.73913043478261			151.97826086956522			-79.02869565217392			-132.47799081801838			1년	151.97826086956522	-79.02869565217392	-132.47799081801838				1.2456075732609608	0.5119005317419891	판정불가		판정불가	1년	71.73913043478261		판정불가	N	주당순현금<=0 | 순현금차감PER<=0/불가	154755000.0	-19.94933682472818	13.705608332268548		-42.99936904557312	354.71699981689454	253.01975025177	N	N	판정불가	단기위험부채 존재
COIN	Coinbase Global, Inc.	0001679788	S&P 500	보류	PEG=판정불가, PEGY=판정불가	167.89999389648438	4.45	2025		11285452000.0	309765000.0	11595217000.0	5937034000.0	452105000.0	14793058000.0	14878774000.0	49.855559980253325	50.144440019746675	0.9942390414694114	19.700576931781384	18.126444505569115	33.30323976734899	33.65697739121691	-53.05907172995781			-97.61814345991561			-434.4007383966245			-358.72588099344796			판정불가							8.437931958956717	5.0255701403771145	판정불가		판정불가	판정불가			판정불가	Y		287209000.0	-13.49820267035875	-20.36238085743205		-56.64523493697391	166.51779907226563	215.5878997039795	Y	N	주의	단기위험부채 존재
CAG	CONAGRA BRANDS INC.	0000023217	S&P 500	제외	PEG=판정불가, PEGY=판정불가	15.430000305175781	-4.0	2026	8.04	218000000.0		218000000.0	6456000000.0	34200000.0	8932700000.0	10916800000.0	45.0021411118668	54.9978588881332	0.8182526014949436	-13.022964509394573	-13.094363256784968			-266.6666666666667			-524.8333333333334			2099.3333333333335			13505.530083036621			판정불가							2.04321503131524	13.24183403048846	판정불가		판정불가	판정불가			판정불가	N	주당순현금<=0 | 순현금차감PER<=0/불가	479000000.0	8.128940505961978	-14.03899916799225		-22.927073165015376	13.753000011444092	16.190000038146973	Y	N	중립/개선	단기위험부채 존재
STZ	CONSTELLATION BRANDS, INC.	0000016918	S&P 500	제외	PEG=판정불가, PEGY=판정불가	132.02000427246094			3.18	102400000.0		102400000.0	9692900000.0	272000000.0	8082400000.0	13513600000.0	37.42544915725134	62.57455084274866	0.5980937721998579																	판정불가									판정불가		판정불가	판정불가			판정불가	N	주당순현금<=0 | FCF<=0 | 순현금차감PER<=0/불가		-15.0395747531899	-18.127129133357556		-24.91611050581024	138.9984002685547	145.48035053253173	N	N	주의	단기위험부채 존재 | EPS 없음
CTRA	CTRA		S&P 500	판정불가																																																												SEC ticker mapping 없음
CRWD	CrowdStrike Holdings, Inc.	0001535527	S&P 500	제외	PEG=판정불가, PEGY=판정불가	181.8000030517578	-0.65	2026		5230125000.0	0.0	5230125000.0	745471000.0		4428390000.0	6614079000.0	40.10325951560289	59.89674048439711	0.6695399314099514	17.897380435476663	17.897380435476663															판정불가							5.228916576208416	2.8761916878074874	판정불가		판정불가	판정불가			판정불가	N	순현금차감PER<=0/불가	250576000.0	59.827694633992955	52.56157567659536		-13.728464510190541	179.43829956054688	131.7622749710083	Y	Y	강한 상승추세	
DDOG	Datadog, Inc.	0001561550	S&P 500	보류	PEG=판정불가, PEGY=판정불가	250.8800048828125	0.31	2025		401305000.0	4073531000.0	4474836000.0			3732206000.0	2911638000.0	56.175400867329216	43.824599132670784	1.2818234959153576	12.311363736408858	12.311363736408858	769.5762617625925	769.5762617625925	-40.38461538461539			-72.26923076923077			-22.40346153846154			-108.92995101340432			판정불가							2.752776004754149	1.097248067274228	판정불가		판정불가	판정불가			판정불가	Y		363472000.0	90.71075565395827	81.52086874737172		-9.589529816584385	241.49900024414063	165.6920002746582	Y	Y	강한 상승추세	
DOW	DOW INC.	0001751788	S&P 500	제외	PEG=판정불가, PEGY=판정불가	28.850000381469727	-3.7	2025	4.87	3816000000.0	21000000.0	3837000000.0	15060000000.0	62000000.0	16008000000.0					-15.77150084317032	-15.858628442945475			-335.6687898089172			-662.8375796178344			2452.4990445859876			8400.863127063321			판정불가									판정불가		판정불가	판정불가			판정불가	N	주당순현금<=0 | FCF<=0 | 순현금차감PER<=0/불가	711600000.0	-24.09891698120441	3.7396653559845783		-31.09624762970814	31.921600189208984	30.371050081253053	N	N	판정불가	단기위험부채 존재
DD	DuPont de Nemours, Inc.	0001666700	S&P 500	제외	PEG=판정불가, PEGY=판정불가	140.77000427246094	-0.3	2025	1.71	715000000.0	0.0	715000000.0	7859000000.0	60000000.0	13919000000.0	7472000000.0	65.0694217194147	34.930578280585294	1.8628211991434689	-17.041984732824428	-17.185114503816795			-117.96407185628743			-227.42814371257487			68.22844311377246			-51.53197340129647			판정불가									판정불가		판정불가	판정불가			판정불가	N	주당순현금<=0 | FCF<=0 | 순현금차감PER<=0/불가	419200000.0	3.5149632959880606	5.185685082906311		-8.939771261280738	140.23819946289063	132.1324439239502	Y	Y	강한 상승추세	단기위험부채 존재
SATS	SATS		S&P 500	판정불가																																																												SEC ticker mapping 없음
ERIE	ERIE INDEMNITY CO	0000922621	S&P 500	제외	PEG=판정불가, PEGY=판정불가	242.42999267578125			2.56	266417000.0	33902000.0	300319000.0	0.0	0.0	2283374000.0	1072107000.0	68.04908148787014	31.950918512129856	2.1298004770046273																	판정불가									판정불가		판정불가	판정불가			판정불가	N	주당순현금<=0 | FCF<=0 | 순현금차감PER<=0/불가		5.4318474827179	-11.034865073107802		-34.2936908363145	227.9427996826172	261.3309499359131	Y	N	중립/개선	EPS 없음
EL	ESTEE LAUDER COMPANIES INC	0001001250	S&P 500	제외	PEG=판정불가, PEGY=판정불가	84.75	-3.15	2025	1.68	2181000000.0	534000000.0	2715000000.0	1080100000.0	1000000000.0	5590000000.0	8745000000.0	38.99546564352982	61.004534356470174	0.6392224128073185	4.540127742293807	1.763121355179117			-391.6666666666667			-774.8333333333334			2440.725			2779.9115044247787			판정불가							1.8605942793668426	2.1953914800788703	판정불가		판정불가	판정불가			판정불가	N	순현금차감PER<=0/불가	360100000.0	9.922181163786469	-27.215734951013047		-29.144720702672267	83.52059982299805	92.39664993286132	Y	N	중립/개선	단기위험부채 존재
XOM	ExxonMobil Holdings Corp	0002115436	S&P 500	제외	PEG=판정불가, PEGY=판정불가	153.0399932861328			2.66																											판정불가									판정불가		판정불가	판정불가			판정불가	N	주당순현금<=0 | FCF<=0 | 순현금차감PER<=0/불가		1.647181035968015	11.84681081499419		-10.748240393868436	146.6309994506836	138.48894981384277	Y	Y	강한 상승추세	EPS 없음
F	FORD MOTOR CO	0000037996	S&P 500	제외	PEG=판정불가, PEGY=판정불가	14.960000038146973	-2.06	2025	4.09	23356000000.0	15131000000.0	38487000000.0	291000000.0		35952000000.0	253180000000.0	12.434459001424955	87.56554099857505	0.14200173789398846	9.59939683337522	9.59939683337522			-241.0958904109589			-473.6917808219178			975.8050684931507			6422.761136396488			판정불가									판정불가		판정불가	판정불가			판정불가	N	FCF<=0 | 순현금차감PER<=0/불가	3979000000.0	20.64516530944964	7.3941113453420915		-14.220185894304239	14.423399982452393	13.291049990653992	Y	Y	강한 상승추세	
GIS	GENERAL MILLS INC	0000040704	S&P 500	제외	PEG=판정불가, PEGY=판정불가	37.650001525878906	-3.74	2026	6.66	453800000.0		453800000.0	12416000000.0	68400000.0	7368400000.0	22636100000.0	24.55764968588045	75.44235031411955	0.32551543772999764	-22.246977868700018	-22.37418634926539			-805.6603773584906			-1602.8207547169811			5994.54962264151			15821.777900914898			판정불가							3.0245490050213872	8.033330365053104	판정불가		판정불가	판정불가			판정불가	N	주당순현금<=0 | 순현금차감PER<=0/불가	537700000.0	8.345328132025621	-15.790645723912833		-26.33535301063279	35.01460014343262	41.15225004196167	Y	N	중립/개선	단기위험부채 존재
GDDY	GoDaddy Inc.	0001609711	S&P 500	제외	PEG=판정불가, PEGY=판정불가	102.91999816894531	6.22	2025		932400000.0	0.0	932400000.0	3765200000.0	15100000.0	215100000.0					-20.14492856685701	-20.252309399022906	19.7853579961097	19.802621795493284													판정불가							11.203874243534038	10.886003150857665	판정불가		판정불가	판정불가			판정불가	N	주당순현금<=0	140621000.0	20.656499984526544	-0.8955226950797979		-37.63935872772907	86.60899963378907	101.14035007476807	Y	Y	상승전환	단기위험부채 존재
HAL	HALLIBURTON CO	0000045012	S&P 500	제외	PEG=판정불가, PEGY=판정불가	31.229999542236328	-1.29	2019	2.12	2206000000.0		2206000000.0	7158000000.0	0.0	10461000000.0	14505000000.0	41.90098534006248	58.099014659937524	0.7211995863495346	-5.805392731535756	-5.805392731535756			-168.25396825396825			-328.0079365079365			423.1302380952381			1254.8839074524637			판정불가									판정불가		판정불가	판정불가			판정불가	N	주당순현금<=0 | FCF<=0 | 순현금차감PER<=0/불가	853000000.0	-23.47464226581606	-8.8441299700603		-27.33829717344065	36.860199737548825	33.60019998550415	N	N	주의	
HAS	HASBRO, INC.	0000046080	S&P 500	제외	PEG=판정불가, PEGY=판정불가	96.33999633789062	-2.3	2025	3.09	4580369000.0		4580369000.0	2767900000.0	0.0	2995530000.0	4986500000.0	37.528423220659406	62.4715767793406	0.6007279655068686	12.927738944365192	12.927738944365192			-183.63636363636363			-358.77272727272725			825.1772727272726			756.5261616090901			판정불가							5.919400855920114	6.1442817946132795	판정불가		판정불가	판정불가			판정불가	N	순현금차감PER<=0/불가	140200000.0	0.8373408150483597	7.414420465456861		-9.061738608912373	84.80039962768555	87.07879981994628	Y	Y	상승전환	
HPE	Hewlett Packard Enterprise Co	0001645590	S&P 500	제외	PEG=판정불가, PEGY=판정불가	45.59000015258789	-0.04	2025	1.18	5773000000.0		5773000000.0	21748000000.0	4609000000.0	24688000000.0	14276000000.0	63.361051226773434	36.63894877322657	1.7293359484449426	-12.06570996978852	-15.546827794561933			-102.07253886010363			-195.64507772020727			7.825803108808291			-82.83438674574327			판정불가									판정불가		판정불가	판정불가			판정불가	N	주당순현금<=0 | FCF<=0 | 순현금차감PER<=0/불가	1324000000.0	63.112697345748735	111.06481179370151		-18.80676952150042	45.14360023498535	29.13305009841919	Y	Y	강한 상승추세	단기위험부채 존재
HON	HONEYWELL INTERNATIONAL INC	0000773840	S&P 500	제외	PEG=판정불가, PEGY=판정불가	247.0500030517578	-0.18	2025	1.14	12487000000.0	443000000.0	12930000000.0	29046000000.0	5893000000.0	13904000000.0					-25.07156191661481	-34.23926571250778			-102.06659012629163			-195.63318025258326			35.21397244546498			-85.74621655111353			판정불가							8.434971997510889	3.414277228623929	판정불가		판정불가	판정불가			판정불가	N	주당순현금<=0 | 순현금차감PER<=0/불가	642800000.0	10.62893057265768	6.632645299087603		-5.03057314349774	232.87162872314454	226.79177307128907	Y	Y	강한 상승추세	단기위험부채 존재
INTC	INTEL CORP	0000050863	S&P 500	제외	PEG=판정불가, PEGY=판정불가	86.30000305175781	-0.06	2025	0.5793742552942074	14265000000.0	23151000000.0	37416000000.0	44086000000.0	0.0	114281000000.0					-1.4724061810154525	-1.4724061810154525			98.63013698630138			205.76027397260276			-12.345616438356165			-114.30546466024106			1년	205.76027397260276	-12.345616438356165	-114.30546466024106				-1.0924944812362032	-1.2659263529585132	판정불가		판정불가	1년	98.63013698630138		판정불가	N	주당순현금<=0 | FCF<=0 | 순현금차감PER<=0/불가	4530000000.0	2.106018077838412	96.44890155302377		-38.76826908128103	114.10219970703125	66.27620000839234	N	Y	상승전환	
IFF	INTERNATIONAL FLAVORS & FRAGRANCES INC	0000051253	S&P 500	제외	PEG=판정불가, PEGY=판정불가	79.25	-1.41	2025	2.09	590000000.0		590000000.0	4740000000.0	314000000.0	14154000000.0					-16.2109375	-17.4375			-248.42105263157896			-488.3421052631579			688.5623684210526			768.8484144114229			판정불가							1.0	1.2618296529968454	판정불가		판정불가	판정불가			판정불가	N	주당순현금<=0 | 순현금차감PER<=0/불가	256000000.0	11.982483763144858	8.250240392105646		-5.46343997496852	76.41119979858398	71.74259983062744	Y	Y	강한 상승추세	단기위험부채 존재
IP	INTERNATIONAL PAPER CO /NEW/	0000051434	S&P 500	제외	PEG=판정불가, PEGY=판정불가	44.09000015258789	-4.52	2025	4.36	1145000000.0		1145000000.0	8839000000.0	992000000.0	14827000000.0					-15.214554083448686	-17.176191417836662			-387.8980891719745			-767.296178343949			3468.178726114649			7766.134529625494			판정불가							2.301759936721376	5.220594077467411	판정불가		판정불가	판정불가			판정불가	N	주당순현금<=0 | 순현금차감PER<=0/불가	505700000.0	29.600233860450032	4.478671458480776		-19.01175373844195	35.85880001068115	38.69875	Y	Y	상승전환	단기위험부채 존재
IVZ	Invesco Ltd.	0000914208	S&P 500	제외	PEG=판정불가, PEGY=판정불가	29.43000030517578	-1.6	2025	2.86	1037500000.0	363900000.0	1401400000.0	1186000000.0	0.0	12231000000.0	14089100000.0	46.4701881831756	53.5298118168244	0.8681179067506086	0.4734065934065934	0.4734065934065934			-235.5932203389831			-462.6864406779662			740.298305084746			2415.4546293176613			판정불가							3.167032967032967	10.761240007449095	판정불가		판정불가	판정불가			판정불가	N	순현금차감PER<=0/불가	455000000.0	13.805102902415145	8.357880966556653		-3.508195720735141	28.077999954223632	26.05099995613098	Y	Y	강한 상승추세	
KKR	KKR & Co. Inc.	0001404912	S&P 500	제외	PEG=판정불가, PEGY=판정불가	102.66000366210938			74.0	5363009000.0		5363009000.0	36914472000.0		30902561000.0	328512161000.0	8.59802314942458	91.40197685057542	0.09406824059703531																	판정불가									판정불가		판정불가	판정불가			판정불가	N	주당순현금<=0 | FCF<=0 | 순현금차감PER<=0/불가		1.2426056383331385	-11.499996843009164		-32.01324260787458	95.64199996948243	107.49535003662109	Y	N	중립/개선	EPS 없음
KHC	Kraft Heinz Co	0001637459	S&P 500	제외	PEG=판정불가, PEGY=판정불가	27.299999237060547	-4.93	2025	6.1	2615000000.0		2615000000.0		0.0	41664000000.0	39997000000.0	51.020683067804704	48.979316932195296	1.0416781258594394	2.203032855939343	2.203032855939343			-318.14159292035396			-627.7831858407079			3094.97110619469			11236.89081570807			판정불가							3.08424599831508	11.297604705161039	판정불가		판정불가	판정불가			판정불가	N	순현금차감PER<=0/불가	1187000000.0	21.495327420127964	15.189866490428727		-4.411765589787131	24.250800018310546	23.94364999771118	Y	Y	강한 상승추세	
LYV	Live Nation Entertainment, Inc.	0001335258	S&P 500	제외	PEG=판정불가, PEGY=판정불가	180.8699951171875	-0.24	2025		7094200000.0		7094200000.0	1715688000.0		271007000.0					23.19881058106669	23.19881058106669			-108.75912408759125			-209.0182481751825			50.1643795620438			-72.26495222187528			판정불가							1.4389441534685132	0.7955681939042497	판정불가		판정불가	판정불가			판정불가	N	순현금차감PER<=0/불가	231844300.0	16.8788336783118	23.208440978994748		-3.065545491701993	173.62320007324217	155.6849008178711	Y	Y	강한 상승추세	
LYB	LyondellBasell Industries N.V.	0001489393	S&P 500	제외	PEG=판정불가, PEGY=판정불가	58.220001220703125	-2.34	2025	7.03	3443000000.0	0.0	3443000000.0	5772000000.0	226000000.0	10082000000.0					-4.071678321678322	-4.466783216783217			-156.38554216867468			-304.27108433734935			711.9943373493975			1122.9376888027464			판정불가							0.6713286713286714	1.153089414724962	판정불가		판정불가	판정불가			판정불가	N	주당순현금<=0 | 순현금차감PER<=0/불가	572000000.0	-18.550645654025754	15.44715619350856		-29.327502838333054	61.84980003356934	57.98694995880127	N	Y	중립/개선	단기위험부채 존재
MRNA	Moderna, Inc.	0001682852	S&P 500	제외	PEG=판정불가, PEGY=판정불가	55.80500030517578	-7.26	2025		2595000000.0	3204000000.0	5799000000.0	590000000.0		8650000000.0	3688000000.0	70.10860755389852	29.891392446101474	2.3454446854663775	13.390745501285346	13.390745501285346			21.76724137931034			52.03448275862068			-377.77034482758614			-776.9471243825956			1년	52.03448275862068	-377.77034482758614	-776.9471243825956				-5.308483290488432	-9.512558483036301	판정불가		판정불가	1년	21.76724137931034		판정불가	N	FCF<=0 | 순현금차감PER<=0/불가	389000000.0	18.381419235720454	22.78327693820401		-31.778730778450036	57.91799995422363	44.42569995880127	N	Y	상승전환	
TAP	MOLSON COORS BEVERAGE CO	0000024545	S&P 500	제외	PEG=판정불가, PEGY=판정불가	42.5099983215332	-10.75	2025	4.67	896500000.0		896500000.0	3865400000.0	7000000.0	10230300000.0	12195700000.0	45.618032640684916	54.38196735931508	0.838844838754643	-14.911602209944752	-14.946760421898544			-300.9345794392524			-593.3691588785048			6378.718457943926			14905.219265588212			판정불가									판정불가		판정불가	판정불가			판정불가	N	주당순현금<=0 | FCF<=0 | 순현금차감PER<=0/불가	199100000.0	-0.11748836970008059	-12.278169367208935		-21.82788251826976	40.33	44.62920000076294	Y	N	주의	단기위험부채 존재
MNST	Monster Beverage Corp	0000865752	S&P 500	보류	PEG=판정불가, PEGY=판정불가	97.73999786376953	2.28	2010	0.005328422461456296	2088117000.0	677084000.0	2765201000.0	373951000.0		8254108000.0					2.429018813531603	2.429018813531603	41.80306098694646	41.80306098694646													판정불가							1.9969526162297564	2.0431273377078627	판정불가		판정불가	판정불가			판정불가	Y		984451000.0	26.62261273791573	20.058952790909434		-2.201325319084879	92.89079971313477	80.16550018310546	Y	Y	강한 상승추세	
NCLH	Norwegian Cruise Line Holdings Ltd.	0001513761	S&P 500	제외	PEG=판정불가, PEGY=판정불가	21.219999313354492	0.92	2025		209893000.0	240000000.0	449893000.0	1552480000.0		2209888000.0	20331513000.0	9.803685227905754	90.19631477209424	0.1086927470670776	-2.307911555273571	-2.307911555273571	25.57381616155224	25.57381616155224	-51.322751322751316			-94.14550264550263			-86.61386243386242			-508.17090120899894			판정불가							-2.4487259618083104	-11.539708016235613	판정불가		판정불가	판정불가			판정불가	N	주당순현금<=0 | FCF<=0	477742311.0	19.28048466165846	1.7257847194131148		-21.232372335968908	19.034999942779542	20.339950070381164	Y	Y	상승전환	
OMC	OMNICOM GROUP INC.	0000029989	S&P 500	제외	PEG=판정불가, PEGY=판정불가	86.22000122070312	-0.27	2025	3.88	5316800000.0	0.0	5316800000.0	9272900000.0	62000000.0	12045800000.0					-19.307467057101025	-19.610053684724257			-103.61930294906168			-198.73860589812335			53.65942359249331			-37.764529305517314			판정불가							13.608589555880917	15.783564559511076	판정불가		판정불가	판정불가			판정불가	N	주당순현금<=0 | 순현금차감PER<=0/불가	204900000.0	12.148808924248389	10.495966384122557		0.0	76.66720016479492	76.76370002746582	Y	Y	상승전환	단기위험부채 존재
PANW	Palo Alto Networks Inc	0001327567	S&P 500	제외	PEG=판정불가, PEGY=판정불가	319.0	1.6	2025		2268600000.0	634600000.0	2903200000.0	1991500000.0		7824400000.0	15751800000.0	33.18770624612957	66.81229375387043	0.4967305323836006	1.2853517552516565	1.2853517552516565	198.5716551529677	198.5716551529677	-78.02197802197801			-147.54395604395603			-236.07032967032967			-174.0032381411692			판정불가									판정불가		판정불가	판정불가			판정불가	N	FCF<=0	709300000.0	76.25282629876959	73.84196185286103		-11.062783953954424	300.4477993774414	212.63865005493165	Y	Y	강한 상승추세	
PSKY	Paramount Skydance Corp	0002041610	S&P 500	제외	PEG=판정불가, PEGY=판정불가	8.069999694824219	-0.53	2025	2.49	3274000000.0		3274000000.0		0.0	11693000000.0					2.970961887477314	2.970961887477314															판정불가							0.29310344827586204	3.6320131271361396	판정불가		판정불가	판정불가			판정불가	N	순현금차감PER<=0/불가	1102000000.0	-23.288979622917914	-30.129873925908836		-59.09782117557256	9.805799961090088	11.898200006484986	N	N	주의	
PPL	PPL Corp	0000922224	S&P 500	제외	PEG=판정불가, PEGY=판정불가	36.33000183105469	1.59	2025	3.17	1071000000.0	0.0	1071000000.0	17990000000.0	456000000.0	13933000000.0					-22.76053746024742	-23.373978271280745	37.16386118949818	37.54967302033675													판정불가							-1.8847161760037021	-5.187767908100288	판정불가		판정불가	판정불가			판정불가	N	주당순현금<=0 | FCF<=0	743348000.0	-6.8222614334514375	-1.0620898057828843		-8.741520779175605	35.84779998779297	36.555650005340574	Y	N	주의	단기위험부채 존재
Q	Qnity Electronics, Inc.	0002058873	S&P 500	제외	PEG=판정불가, PEGY=판정불가	127.88999938964844	3.3	2025	24.0	915000000.0		915000000.0	4100000000.0		7095000000.0	6704000000.0	51.41676933111094	48.58323066888905	1.0583233890214798	-15.181124880838894	-15.181124880838894	43.35488614257192	43.35488614257192													판정불가									판정불가		판정불가	판정불가			판정불가	N	주당순현금<=0 | FCF<=0	209800000.0	-7.049928923917648	28.597288400328047		-27.186290233393272	149.51879974365235		N	판정불가	판정불가	
SNDK	Sandisk Corp	0002023554	S&P 500	제외	PEG=판정불가, PEGY=판정불가	1096.0999755859375	-11.32	2025		1481000000.0		1481000000.0	1829000000.0	20000000.0	9216000000.0	3769000000.0	70.97420100115518	29.02579899884482	2.445210931281507	-2.4	-2.537931034482759															판정불가							-0.8275862068965517	-0.07550280315024663	판정불가		판정불가	판정불가			판정불가	N	주당순현금<=0 | FCF<=0 | 순현금차감PER<=0/불가	145000000.0	9.35302062986505	127.67588065999567		-53.05781689139454	1721.4801977539062	827.4390492630005	N	Y	상승전환	단기위험부채 존재
SJM	J M SMUCKER Co	0000091419	S&P 500	제외	PEG=판정불가, PEGY=판정불가	123.04000091552734	-1.3	2026	3.7	101300000.0	18600000.0	119900000.0	6392800000.0	420900000.0	5543800000.0	10675600000.0	34.18005598234213	65.81994401765786	0.519296339315823	-57.86808118081181	-61.75092250922509			88.76404494382022			186.02808988764045			-241.83651685393258			-296.5511338218898			1년	186.02808988764045	-241.83651685393258	-296.5511338218898				10.666051660516604	8.668767539947714	판정불가		판정불가	1년	88.76404494382022		판정불가	N	주당순현금<=0 | 순현금차감PER<=0/불가	108400000.0	25.48699345840715	16.902613696463042		0.0	110.16900024414062	104.21235012054443	Y	Y	강한 상승추세	단기위험부채 존재
TTWO	TAKE TWO INTERACTIVE SOFTWARE INC	0000946581	S&P 500	제외	PEG=판정불가, PEGY=판정불가	247.6199951171875	-1.62	2026	0.0004038446085610916	1545500000.0	443800000.0	1989300000.0	2488000000.0	30000000.0	3510900000.0	5872300000.0	37.416872708670816	62.58312729132919	0.5978747679784752	-2.9318048206937095	-3.1081716637272194			93.66692728694292			195.83385457388584			-317.2508444096951			-228.12004307630912			1년	195.83385457388584	-317.2508444096951	-228.12004307630912				2.7131099353321577	1.0956748198174238	판정불가		판정불가	1년	93.66692728694292		판정불가	N	주당순현금<=0 | 순현금차감PER<=0/불가	170100000.0	16.248064176744936	0.8553237244147915		-5.5930508024753305	233.8490005493164	229.9141502380371	Y	Y	강한 상승추세	단기위험부채 존재
TKO	TKO Group Holdings, Inc.	0001973266	S&P 500	제외	PEG=판정불가, PEGY=판정불가	186.05999755859375	-0.08	2025	1.7	831100000.0		831100000.0	3724063000.0	38061000.0	3737381000.0	6245742000.0	37.436992412093886	62.56300758790611	0.5983886302059868	-14.911329390520558	-15.107508915779817			-500.0			-991.5			79.32000000000001			-57.36859021777603			판정불가									판정불가		판정불가	판정불가			판정불가	N	주당순현금<=0 | FCF<=0 | 순현금차감PER<=0/불가	194011072.0	0.8018180262527652	-6.59169874084159		-17.291966569307327	195.18579925537108	196.8196999359131	N	N	중립/개선	단기위험부채 존재
VTRS	Viatris Inc	0001792044	S&P 500	제외	PEG=판정불가, PEGY=판정불가	17.860000610351562	-3.0	2025	2.72	1322400000.0	40700000.0	1363100000.0	12480600000.0	0.0	0.0	22481800000.0	0.0	100.0	0.0	-9.211616538238463	-9.211616538238463			-466.03773584905656			-923.5754716981131			2770.7264150943392			15413.585220643503			판정불가							1.6050211285110614	8.986680143677036	판정불가		판정불가	판정불가			판정불가	N	주당순현금<=0 | 순현금차감PER<=0/불가	1206900000.0	20.51282711287128	36.12805461995243		0.0	16.39700002670288	13.830049996376038	Y	Y	강한 상승추세	
V	VISA INC.	0001403161	S&P 500	제외	PEG=판정불가, PEGY=판정불가	366.5899963378906			74.0	17164000000.0	3604000000.0	20768000000.0	19602000000.0	5569000000.0	26437000000.0	61718000000.0	29.98922352674267	70.01077647325732	0.4283515343983927																	판정불가									판정불가		판정불가	판정불가			판정불가	N	주당순현금<=0 | FCF<=0 | 순현금차감PER<=0/불가		18.522473587444566	12.70675316097023		0.0	338.1882012939453	329.968849029541	Y	Y	강한 상승추세	단기위험부채 존재 | EPS 없음
