종목코드	종목명	그룹	판정구분	현재가	현금배당금(FY2025 DPS)	EPS(FY2025)	현금및현금성자산	유가증권성자산	장기부채	단기위험부채	주주지분	총부채	주주지분비중	부채비중	주주대부채배수	주주대부채판정	업종보정유형	업종보정판정	주당순현금(린치식)	주당순현금(보수형)	순현금차감PER(린치식)	순현금차감PER(보수형)	현금보다부채많음(린치형)	현금보다부채많음(보수형)	연간이익증가율(1년,%)	연간이익증가율(3년CAGR,%)	연간이익증가율(5년CAGR,%)	그레이엄적정PER(1년)	그레이엄적정PER(3년)	그레이엄적정PER(5년)	그레이엄내재가치(1년)	그레이엄내재가치(3년)	그레이엄내재가치(5년)	그레이엄괴리율(1년,%)	그레이엄괴리율(3년,%)	그레이엄괴리율(5년,%)	그레이엄사용기준	그레이엄적정PER(선택)	그레이엄내재가치(선택)	그레이엄괴리율(선택,%)	배당수익률(%)	배당감안이익성장률(1년)	배당감안이익성장률(3년)	배당감안이익성장률(5년)	주당잉여현금흐름	잉여현금흐름수익률(%)	배당감안점수기준	배당감안점수	배당감안점수판정	사용연성장률기준	사용연성장률(%)	린치PER배수	린치PER판정	하드필터통과	하드필터사유	종합판정	종합판정사유	발행주식수	비고
"=""090430"""	아모레퍼시픽	직접추가	메인	131300.0	1240.0	3421.0	524558265446.0	595819964751.0		256253631834.0						판정불가	일반	일반	19154.135475076495	14773.189248313625	32.78160319348831	34.0622071767572	N	N	-60.24866372298396	20.627708642947496	46.209846998093965		49.75541728589499	100.91969399618793		170213.28253504678	345246.2731609589		29.636925007651783	162.9446101759017	3년	49.75541728589499	170213.28253504678	29.636925007651783	0.9444021325209445	-1.8090714246166928	0.6580553930856406	1.438436334315143	8421.099814611242	6.413632760556924	3년	0.6580553930856406	불리(<1)	3년	20.627708642947496	1.5892023569324634	보통	Y	통과	제외	배당감안점수<1	58492759.0	단기위험부채 존재; 배당감안점수<1; fs=2025:CFS,2024:CFS,2022:CFS,2020:CFS
"=""002790"""	아모레퍼시픽홀딩스	직접추가	메인	26100.0	400.0	1366.0	596631422270.0	1336881950600.0		256253631834.0						판정불가	일반	일반	24333.723385937104	21108.710783911738	1.2930282679816218	3.6539452533589034	N	N	-50.96913137114143												1년				1.532567049808429	-38.2331659295446			6579.082341427906	25.207212036122247	1년	-38.2331659295446	불리(<1)	1년	-50.96913137114143		판정불가	Y	통과	보류	배당감안점수 또는 린치PER배수 미산출	79458180.0	단기위험부채 존재; 배당감안점수<1; fs=2025:CFS,2024:CFS,2022:CFS,2020:CFS
"=""278470"""	에이피알	직접추가	메인	357500.0	5090.0		154350192148.0	117891913354.0	78219359846.0	0.0						판정불가	일반	일반	5183.525259069071	5183.525259069071			N	N													판정불가				1.4237762237762237						판정불가		판정불가	판정불가			판정불가	N	주당FCF<=0 / 순현금차감PER<=0	제외	하드필터 미통과	37430655.0	EPS 미추출; fs=2025:CFS,2024:CFS,2022:CFS,2020:CFS
"=""002030"""	아세아	직접추가	메인	180500.0	5600.0	18725.0	163716811000.0	12160000.0	658028958000.0	265707008000.0						판정불가	일반	일반	-238487.41512057534	-366684.4193364424	22.375829912981327	29.222131873775293	Y	Y	-50.09727367214776	-25.894534715298978	-3.336896679607082			1.826206640785836			34195.71934871478			-81.05500313090594	3년				3.102493074792244	-2.100247489372071	-1.0186009515242134	-0.010475750205754334	-24122.07535681443	-13.36403066859525	3년	-1.0186009515242134	불리(<1)	3년	-25.894534715298978		판정불가	N	주당순현금<=0 / 주당FCF<=0	제외	하드필터 미통과	2072646.0	주당순현금 음수(린치식); 주당순현금 음수(보수형); 단기위험부채 존재; 주당FCF 음수; 1년 점수 과열 가능; 배당감안점수<1; fs=2025:CFS,2024:CFS,2022:CFS,2020:CFS
"=""282330"""	BGF리테일	필수소비재	메인	122300.0	4100.0	11303.0	414042445266.0	56154402761.0		0.0						판정불가	일반	일반	27204.316433276137	27204.316433276137	8.41331359521577	8.41331359521577	N	N	0.017697548889472614	0.2966584171548048	9.736317603940137	8.535395097778945	9.09331683430961	27.972635207880273	96475.57079019542	102781.76017820151	316174.6957546707	-21.115641218155833	-15.959313018641442	158.52387224421153	3년	9.09331683430961	102781.76017820151	-15.959313018641442	3.3524121013900245	0.4005686477912709	0.43372572259993647	1.5557163722951044	30299.629909466068	24.774840481983702	3년	0.43372572259993647	불리(<1)	3년	0.2966584171548048	28.360272652656487	매우 불리	Y	통과	제외	배당감안점수<1	17283906.0	배당감안점수<1; PER>연성장률의 2배; fs=2025:CFS,2024:CFS,2022:CFS,2020:CFS
"=""138930"""	BNK금융지주	직접추가	메인	14940.0	735.0	2512.0		18192691866568.0	16445000245415.0							판정불가	일반	일반	5631.773694536628	5631.773694536628	3.7055041024933812	3.7055041024933812	N	N	15.547378104875808			39.594756209751615			99462.02759889606			565.7431566191168			1년	39.594756209751615	99462.02759889606	565.7431566191168	4.919678714859438	5.523420364307046					1년	5.523420364307046	안심(>=2)	1년	15.547378104875808	0.23833626978759198	매우 유망	N	주당FCF<=0	제외	하드필터 미통과	310327033.0	fs=2025:CFS,2024:CFS,2022:NA,2020:NA
"=""068270"""	셀트리온	헬스케어	메인	190300.0	750.0	4668.0	1119206211717.0									판정불가	일반	일반	4845.86731932615	4845.86731932615	39.7288201972309	39.7288201972309	N	N	127.9296875	6.22945826601542	3.8046169226709114	264.359375	20.95891653203084	16.109233845341823	1234029.5625	97836.22237151997	75197.90359005563	548.4653507619548	-48.58842755043617	-60.484548822881955	3년	20.95891653203084	97836.22237151997	-48.58842755043617	0.3941145559642669	3.229992771466907	0.16671959522325178	0.10568477638628267	1360.9075488767974	0.7151379657786638	3년	0.16671959522325178	불리(<1)	3년	6.22945826601542	6.377572254391689	매우 불리	Y	통과	제외	배당감안점수<1	230960969.0	1년 점수 과열 가능; 배당감안점수<1; PER>연성장률의 2배; fs=2025:CFS,2024:CFS,2022:CFS,2020:CFS
"=""030000"""	제일기획	직접추가	메인	18700.0	1230.0	2049.0	622369326472.0	216919787330.0	234763824456.0	4043255307.0						판정불가	일반	일반	5254.857894167939	5219.71175149604	6.56180678664327	6.578959613715939	N	N	0.0	2.315711686466715		8.5	13.13142337293343		17416.5	26906.286491140596		-6.863636363636361	43.88388497936147		3년	13.13142337293343	26906.286491140596	43.88388497936147	6.577540106951872	1.0023977116090383	1.3553053423519013		1492.008099731205	7.978652939739065	3년	1.3553053423519013	보통(1~1.5)	3년	2.315711686466715	2.8336026565790653	매우 불리	Y	통과	제외	린치PER배수>=2	115041225.0	단기위험부채 존재; PER>연성장률의 2배; fs=2025:CFS,2024:CFS,2022:CFS,2020:CFS
"=""185750"""	종근당	직접추가	메인	67500.0	500.0	5882.0	216235970816.0	108445557936.0		162832228224.0						판정불가	일반	일반	23522.90833817535	11725.848019601848	7.476554175760736	9.482174767153715	N	N	-28.564488705367985	-5.359713960632673	-7.035300955800583										3년				0.7407407407407408	-3.721466776076185	-0.6177943891407641	-0.8419065878592893	-8097.876847707491	-11.996854589196284	3년	-0.6177943891407641	불리(<1)	3년	-5.359713960632673		판정불가	N	주당FCF<=0	제외	하드필터 미통과	13802780.0	단기위험부채 존재; 주당FCF 음수; 배당감안점수<1; fs=2025:CFS,2024:CFS,2022:CFS,2020:CFS
"=""001040"""	CJ	직접추가	메인	137800.0	3300.0	4321.0	2587324564000.0	1114436500000.0	6845375033000.0	4564809586000.0						판정불가	일반	일반	-107742.88598847626	-264195.22512220073	56.82547697025603	93.0329148628097	Y	Y	44.370197126628796	-10.479231651272991	10.856012353166022	97.24039425325759		30.212024706332045	420175.74356832606		130546.15875606076	204.91708531808857		-5.264035735804962	3년				2.39477503628447	0.8229578466607733	-0.14226816994814037	0.23318391848054892	55371.62013720534	40.182598067638125	3년	-0.14226816994814037	불리(<1)	3년	-10.479231651272991		판정불가	N	주당순현금<=0	제외	하드필터 미통과	29176998.0	주당순현금 음수(린치식); 주당순현금 음수(보수형); 단기위험부채 존재; 1년 점수 과열 가능; 배당감안점수<1; fs=2025:CFS,2024:CFS,2022:CFS,2020:CFS
"=""097950"""	CJ제일제당	필수소비재	메인	197500.0	6000.0	-35668.0	1038957402000.0	243275982000.0	2029479364000.0	4904408060000.0						판정불가	일반	일반	-49637.08964403655	-375420.76602481195			Y	Y	-483.77447815795136												1년				3.0379746835443036				48486.635145865745	24.550195010564934	판정불가		판정불가	1년	-483.77447815795136		판정불가	N	주당순현금<=0 / 순현금차감PER<=0	제외	하드필터 미통과	15054186.0	주당순현금 음수(린치식); 주당순현금 음수(보수형); 단기위험부채 존재; fs=2025:CFS,2024:CFS,2022:CFS,2020:CFS
"=""000120"""	CJ대한통운	직접추가	메인	76900.0	800.0	11347.0	307146405592.0	86460297519.0	237118568377.0							판정불가	일반	일반	6859.800761114246	6859.800761114246	6.172574181623843	6.172574181623843	N	N	-6.130046326935801	11.480536742818348			31.461073485636696			356988.8008415196			364.2247085065274		3년	31.461073485636696	356988.8008415196	364.2247085065274	1.0403120936280885	-0.824572388041959	2.0284647001443616		12818.247147684604	16.668721908562553	3년	2.0284647001443616	안심(>=2)	3년	11.480536742818348	0.5376555399716044	헐값	Y	통과	양호	배당감안점수>=1.5 & 린치PER배수<1	22812344.0	fs=2025:CFS,2024:CFS,2022:CFS,2020:CFS
"=""192820"""	코스맥스	직접추가	메인	195000.0	3300.0	10847.0	192279928597.0									판정불가	일반	일반	16941.695768248654	16941.695768248654	16.415442447842846	16.415442447842846	N	N	43.4408886537953	80.71243772559032	38.50568621710888	95.3817773075906	169.92487545118064	85.51137243421776	1034606.1384554352	1843175.1240189564	927541.8567939601	430.56725048996674	845.2180123174136	375.6624906635693	3년	169.92487545118064	1843175.1240189564	845.2180123174136	1.6923076923076923	2.749435264355847	5.019952747525658	2.4487913766039853	-9341.661092827891	-4.7905954322194315	3년	5.019952747525658	안심(>=2)	3년	80.71243772559032	0.20338181958588322	매우 유망	N	주당FCF<=0	제외	하드필터 미통과	11349509.0	주당FCF 음수; fs=2025:CFS,2024:CFS,2022:CFS,2020:CFS
"=""005420"""	코스모화학	직접추가	메인	9770.0		-791.0	42470783114.0	0.0	359006489619.0	388905499282.0						판정불가	일반	일반	-8241.35147565256	-18366.929236803113			Y	Y	-53.084223013048636												1년								1735.2172172327241	17.760667525411712	판정불가		판정불가	1년	-53.084223013048636		판정불가	N	주당순현금<=0 / 순현금차감PER<=0	제외	하드필터 미통과	38408228.0	주당순현금 음수(린치식); 주당순현금 음수(보수형); 단기위험부채 존재; fs=2025:CFS,2024:CFS,2022:CFS,2020:CFS
"=""021240"""	코웨이	직접추가	메인	92800.0	1940.0	8630.0	182190550994.0	2827952531.0	904957690609.0	910394928000.0						판정불가	일반	일반	-10011.790673154132	-22672.142564755995	11.913301352625044	13.380317794293859	Y	Y	10.06249202907792	10.977619808999673	9.097067548815364	28.62498405815584	30.455239617999347	26.694135097630728	247033.6124218849	262828.71790333436	230370.38589255317	166.20001338565183	183.2206011889379	148.24395031525123	3년	30.455239617999347	262828.71790333436	183.2206011889379	2.0905172413793105	1.020121032007586	1.0969366646214715	0.9390835049874346	-2804.5647658552634	-3.0221603080336887	3년	1.0969366646214715	보통(1~1.5)	3년	10.977619808999673	1.0852353752366501	보통	N	주당순현금<=0 / 주당FCF<=0	제외	하드필터 미통과	71909133.0	주당순현금 음수(린치식); 주당순현금 음수(보수형); 단기위험부채 존재; 주당FCF 음수; fs=2025:CFS,2024:CFS,2022:CFS,2020:CFS
"=""112610"""	씨에스윈드	직접추가	메인	41000.0	1000.0	837.0	478878903508.0	28665354936.0	782993106603.0	242475043746.0						판정불가	일반	일반	-6531.6500890188545	-12281.40054778353	56.7881124122089	63.657587273337555	Y	Y	-75.62609202096681	371.20709785870895	-15.050492534791582		750.9141957174179			628515.1818154788			1432.9638580865337		3년	750.9141957174179	628515.1818154788	1432.9638580865337	2.4390243902439024	-1.2887744374998522	6.579653846156409	-0.22207936853059293	10303.466412416965	25.13040588394382	3년	6.579653846156409	안심(>=2)	3년	371.20709785870895	0.15298229139418001	매우 유망	N	주당순현금<=0	제외	하드필터 미통과	42171403.0	주당순현금 음수(린치식); 주당순현금 음수(보수형); 단기위험부채 존재; fs=2025:CFS,2024:CFS,2022:CFS,2020:CFS
"=""001680"""	대상	직접추가	메인	17710.0	850.0	-8438.0	595682138976.0	95932724888.0	719633177987.0	369419425431.0						판정불가	일반	일반	-808.6554463926876	-11470.718447992345			Y	Y	-419.37925813777446												1년				4.799548277809147						판정불가		판정불가	1년	-419.37925813777446		판정불가	N	주당순현금<=0 / 주당FCF<=0 / 순현금차감PER<=0	제외	하드필터 미통과	34648025.0	주당순현금 음수(린치식); 주당순현금 음수(보수형); 단기위험부채 존재; fs=2025:CFS,2024:CFS,2022:CFS,2020:CFS
"=""047040"""	대우건설	직접추가	메인	16230.0		-2220.0	1828879779729.0	434603860342.0	3056914611252.0	366055916900.0						판정불가	일반	일반	-1909.0176969162108	-2789.758742835851			Y	Y	-489.47368421052636												1년								846.7375999427635	5.217113986092197	판정불가		판정불가	1년	-489.47368421052636		판정불가	N	주당순현금<=0 / 순현금차감PER<=0	제외	하드필터 미통과	415622638.0	주당순현금 음수(린치식); 주당순현금 음수(보수형); 단기위험부채 존재; fs=2025:CFS,2024:CFS,2022:CFS,2020:CFS
"=""003090"""	대웅	직접추가	메인	17070.0	200.0	4280.0	255917494906.0	69412115604.0	668965344648.0	118388808025.0						판정불가	일반	일반	-5910.286064182885	-7946.487927707312	5.369225715930581	5.844973814884886	Y	Y	202.2598870056497	20.159526008317698	12.806544500421424	413.0197740112994	48.819052016635396	34.11308900084285	1767724.6327683614	208945.5426311995	146004.0209236074	10255.738914870306	1124.051216351491	755.325254385515	3년	48.819052016635396	208945.5426311995	1124.051216351491	1.1716461628588166	37.88843008870419	3.9728581549266178	2.6033903960875997	-1554.3945053642824	-9.106001788894448	3년	3.9728581549266178	안심(>=2)	3년	20.159526008317698	0.26633690264916304	매우 유망	N	주당순현금<=0 / 주당FCF<=0	제외	하드필터 미통과	58141980.0	주당순현금 음수(린치식); 주당순현금 음수(보수형); 단기위험부채 존재; 주당FCF 음수; 1년 점수 과열 가능; fs=2025:CFS,2024:CFS,2022:CFS,2020:CFS
"=""069620"""	대웅제약	직접추가	메인	124500.0	600.0	17022.0	168941641596.0	50139032546.0	550560567693.0	70828808025.0						판정불가	일반	일반	-28608.962834228405	-34721.96931155238	8.994769288816144	9.353893156594546	Y	Y	691.7209302325581	64.61424206621207	70.08103158930474	1391.9418604651162	137.72848413242414	148.6620631786095	23693634.348837208	2344414.256902124	2530525.6394262905	18931.031605491735	1783.0636601623485	1932.5507143986267	3년	137.72848413242414	2344414.256902124	1783.0636601623485	0.48192771084337355	76.95615481811946	7.237113892181124	7.844888182722398	-7954.179962240783	-6.388899568064886	3년	7.237113892181124	안심(>=2)	3년	64.61424206621207	0.13920722430820973	매우 유망	N	주당순현금<=0 / 주당FCF<=0	제외	하드필터 미통과	11586575.0	주당순현금 음수(린치식); 주당순현금 음수(보수형); 단기위험부채 존재; 주당FCF 음수; 1년 점수 과열 가능; fs=2025:CFS,2024:CFS,2022:CFS,2020:CFS
"=""005830"""	DB손해보험	직접추가	메인	155600.0	7600.0	29597.0	1713419000000.0	38577437000000.0								판정불가	일반	일반	580693.762250663	580693.762250663	-14.362731433951517	-14.362731433951517	N	N	-4.024255788313125			0.4514884233737497			13362.70286659287			-91.41214468727965			1년	0.4514884233737497	13362.70286659287	-91.41214468727965	4.884318766066838	-0.05988157487374877					1년	-0.05988157487374877	불리(<1)	1년	-4.024255788313125		판정불가	N	주당FCF<=0 / 순현금차감PER<=0	제외	하드필터 미통과	69384000.0	배당감안점수<1; fs=2025:CFS,2024:CFS,2022:NA,2020:NA
"=""000210"""	DL	직접추가	메인	51200.0	1000.0	-3845.0	1148320161495.0	191085453910.0	4026838230267.0	1422974217066.0						판정불가	일반	일반	-128242.38838418842	-196145.71410721686			Y	Y	-196.17308654327164												1년				1.953125				13042.307430075487	25.473256699366186	판정불가		판정불가	1년	-196.17308654327164		판정불가	N	주당순현금<=0 / 순현금차감PER<=0	제외	하드필터 미통과	20955884.0	주당순현금 음수(린치식); 주당순현금 음수(보수형); 단기위험부채 존재; fs=2025:CFS,2024:CFS,2022:CFS,2020:CFS
"=""375500"""	DL이앤씨	직접추가	메인	70900.0	890.0	8796.0	1844315983193.0	467317685812.0	444336959874.0	519274372386.0						판정불가	일반	일반	48258.513014689786	34838.3591979743	2.5740662784572774	4.099777262622294	N	N	61.010433827567276	-4.5977556239353845		130.52086765513457			1148061.5518945637			1519.2687614873962			3년				1.2552891396332861	24.189634699118336	-1.2985160919420258		5614.431755408378	7.918803604243128	3년	-1.2985160919420258	불리(<1)	3년	-4.5977556239353845		판정불가	Y	통과	보류	배당감안점수 또는 린치PER배수 미산출	38693623.0	단기위험부채 존재; 1년 점수 과열 가능; 배당감안점수<1; fs=2025:CFS,2024:CFS,2022:CFS,2020:NA
"=""007340"""	DN오토모티브	직접추가	메인	46400.0	1000.0	5440.0	387784364000.0	182678434000.0	166472358000.0	641674039000.0						판정불가	일반	일반	6904.537131693404	-4062.213043680007	7.2601953802034185	9.276142103617648	N	Y	-12.568306010928964	-36.239823236398784	0.45844418153007105			9.416888363060142			51227.872695047176			10.404898049670642	3년				2.1551724137931036	-1.4342773233802562	-4.694729141249459	0.3599925977818445	1407.8963795869365	3.0342594387649493	3년	-4.694729141249459	불리(<1)	3년	-36.239823236398784		판정불가	Y	통과	보류	배당감안점수 또는 린치PER배수 미산출	58510865.0	주당순현금 음수(보수형); 단기위험부채 존재; 1년 점수 과열 가능; 배당감안점수<1; fs=2025:CFS,2024:CFS,2022:CFS,2020:CFS
"=""026960"""	동서	직접추가	메인	25200.0	1140.0	1468.0	38923278454.0	723123250000.0	100000000.0	1896791452.0						판정불가	일반	일반	7642.392461925778	7623.367472437312	11.96022311857917	11.97318292068303	N	N	-7.90464240903388	-4.791896569068244	4.358606974752632			17.217213949505265			25274.87007787373			0.29710348362590455	3년				4.523809523809524	-0.2826730615060621	-0.022414886628851417	0.7426631100856381	1043.7561603209629	4.141889525083186	3년	-0.022414886628851417	불리(<1)	3년	-4.791896569068244		판정불가	Y	통과	보류	배당감안점수 또는 린치PER배수 미산출	99700000.0	단기위험부채 존재; 배당감안점수<1; fs=2025:CFS,2024:CFS,2022:CFS,2020:CFS
"=""006040"""	동원산업	직접추가	메인	36200.0	1150.0	8793.0	462412200801.0	2315664040.0	920658109908.0	869187931428.0						판정불가	일반	일반	-10327.316971310991	-30015.370950217297	5.291404181884566	7.530464113524087	Y	Y	362.7894736842105	15.223245686790676	-33.98325939665047	734.078947368421	38.94649137358135		6454756.184210526	342456.4986479008		17730.818188426867	846.012427204146		3년	38.94649137358135	342456.4986479008	846.012427204146	3.1767955801104977	69.16241071079546	3.4773456410483248	-5.821982739857166	2047.1984446583815	5.655244322260723	3년	3.4773456410483248	안심(>=2)	3년	15.223245686790676	0.3475871237154083	매우 유망	N	주당순현금<=0	제외	하드필터 미통과	44147986.0	주당순현금 음수(린치식); 주당순현금 음수(보수형); 단기위험부채 존재; 1년 점수 과열 가능; fs=2025:CFS,2024:CFS,2022:CFS,2020:CFS
"=""014820"""	동원시스템즈	직접추가	메인	21500.0	600.0	1884.0	158748112816.0	38387113087.0	134729679435.0	120000000000.0						판정불가	일반	일반	2152.5625002716333	-1986.6128559613196	10.26934049879425	12.46635501908775	N	Y	-25.386138613861387	-8.631888523856201	-1.217505302346611			6.064989395306778			11426.44002075797			-46.853767345311766	3년				2.7906976744186047	-2.200281599592084	-0.5687990236688935	0.15319312591268217	2395.320646013515	11.141026260527978	3년	-0.5687990236688935	불리(<1)	3년	-8.631888523856201		판정불가	Y	통과	보류	배당감안점수 또는 린치PER배수 미산출	28991282.0	주당순현금 음수(보수형); 단기위험부채 존재; 배당감안점수<1; fs=2025:CFS,2024:CFS,2022:CFS,2020:CFS
"=""000150"""	두산	직접추가	메인	1260000.0	4000.0	4194.0	4927903000000.0	175670000000.0	4309343000000.0	3985915000000.0						판정불가	일반	일반	49045.20763611584	-197092.59727544463	288.7350482508069	347.4231276288614	N	Y	-133.60576923076923												1년				0.31746031746031744	-0.4616284365919072			5159.062075166259	0.4094493710449412	1년	-0.4616284365919072	불리(<1)	1년	-133.60576923076923		판정불가	Y	통과	보류	배당감안점수 또는 린치PER배수 미산출	16193835.0	주당순현금 음수(보수형); 단기위험부채 존재; 배당감안점수<1; fs=2025:CFS,2024:CFS,2022:CFS,2020:CFS
"=""241560"""	두산밥캣	직접추가	메인	64300.0	1700.0	2.95	1389744000.0	5896000.0	976095000.0	54294000.0						판정불가	일반	일반	4.376822687223808	3.810410953130613	21795.12650078399	21795.31850476165	N	N	-28.743961352657	-92.28374718011123	-73.96450801980052										3년				2.6438569206842923	-0.0011975202085215638	-0.004112841017747822	-0.0032723210437228143	6.059063659665145	0.009423116111454346	3년	-0.004112841017747822	불리(<1)	3년	-92.28374718011123		판정불가	Y	통과	보류	배당감안점수 또는 린치PER배수 미산출	95856065.0	단기위험부채 존재; 1년 점수 과열 가능; 배당감안점수<1; fs=2025:CFS,2024:CFS,2022:CFS,2020:CFS
"=""034020"""	두산에너빌리티	전력/에너지설비	메인	77000.0		132.0	3080997000000.0	107870000000.0	3096393000000.0	1883572000000.0						판정불가	일반	일반	144.364047956165	-2796.1389965416356	582.2396663033625	604.5162045192548	N	Y	-24.13793103448276												1년					-0.04145703639144752			83.81713492188614	0.10885342197647549	1년	-0.04145703639144752	불리(<1)	1년	-24.13793103448276		판정불가	Y	통과	보류	배당감안점수 또는 린치PER배수 미산출	640561146.0	주당순현금 음수(보수형); 단기위험부채 존재; 배당감안점수<1; fs=2025:CFS,2024:CFS,2022:CFS,2020:CFS
"=""454910"""	두산로보틱스	직접추가	메인	73000.0		-856.0	156738581281.0	40399292507.0	16815636710.0							판정불가	일반	일반	2781.8928219046043	2781.8928219046043			N	N													판정불가								-504.36322470324734	-0.6909085269907498	판정불가		판정불가	판정불가			판정불가	N	주당FCF<=0 / 순현금차감PER<=0	제외	하드필터 미통과	64819980.0	주당FCF 음수; fs=2025:CFS,2024:CFS,2022:NA,2020:NA
"=""192080"""	더블유게임즈	직접추가	메인	60900.0	1200.0	6651.0	569919505893.0	290204328298.0	53240025218.0							판정불가	일반	일반	37536.62715928326	37536.62715928326	3.512760914256012	3.512760914256012	N	N	-29.55195424213537		0.05119867759955099			8.602397355199102			57214.54480942923			-6.051650559229504	5년	8.602397355199102	57214.54480942923	-6.051650559229504	1.9704433497536946	-7.851804197788202		0.5755136989678733	10978.50357230814	18.027099461918127	5년	0.5755136989678733	불리(<1)	5년	0.05119867759955099	68.61038368473054	매우 불리	Y	통과	제외	배당감안점수<1	21495906.0	배당감안점수<1; PER>연성장률의 2배; fs=2025:CFS,2024:CFS,2022:CFS,2020:CFS
"=""450080"""	에코프로머티	직접추가	메인	33900.0		345.0	45037598354.0	777438041.0								판정불가	일반	일반	649.3175374808915	649.3175374808915	96.37878974643219	96.37878974643219	N	N	-155.8252427184466	5.476875138059767			19.453750276119536			6711.54384526124			-80.20193555970135		3년	19.453750276119536	6711.54384526124	-80.20193555970135		-1.616800160371541	0.056826560620538535		-2943.2049268330334	-8.682020433135792	3년	0.056826560620538535	불리(<1)	3년	5.476875138059767	17.597404964863824	매우 불리	N	주당FCF<=0	제외	하드필터 미통과	70558754.0	주당FCF 음수; 배당감안점수<1; PER>연성장률의 2배; fs=2025:OFS,2024:OFS,2022:OFS,2020:NA
"=""139480"""	이마트	직접추가	메인	79700.0	2500.0	5084.0	1303365061491.0	1225715519294.0	5485558368112.0	3111389126654.0						판정불가	일반	일반	-107134.98980867355	-219883.5596791311	36.74960460438111	58.92674265915247	Y	Y	-122.85971223021583	-48.64098247110502	-16.302783941696873										3년				3.136762860727729	-3.2578023806877994	-1.2382233795503883	-0.3582629316071486	20093.231814609306	25.211081323223723	3년	-1.2382233795503883	불리(<1)	3년	-48.64098247110502		판정불가	N	주당순현금<=0	제외	하드필터 미통과	27595819.0	주당순현금 음수(린치식); 주당순현금 음수(보수형); 단기위험부채 존재; 1년 점수 과열 가능; 배당감안점수<1; fs=2025:CFS,2024:CFS,2022:CFS,2020:CFS
"=""383220"""	F&F	직접추가	메인	65000.0	2700.0	10611.0	325383761882.0	16380800000.0	136145710441.0	186267116479.0						판정불가	일반	일반	5367.64687570116	505.17391270411537	5.619861758957576	6.078110082677965	N	N	11.64772727272727	-2.8457492223840752		31.79545454545454	2.8085015552318495		337381.5681818181	29801.010002565155		419.04856643356635	-54.15229230374592		3년	2.8085015552318495	29801.010002565155	-54.15229230374592	4.153846153846154	2.811737032745881	0.2327631866348109		8579.832305807739	13.199742008934983	3년	0.2327631866348109	불리(<1)	3년	-2.8457492223840752		판정불가	Y	통과	보류	배당감안점수 또는 린치PER배수 미산출	38307075.0	단기위험부채 존재; 1년 점수 과열 가능; 배당감안점수<1; fs=2025:CFS,2024:CFS,2022:CFS,2020:NA
"=""093370"""	후성	직접추가	메인	10230.0		50.0	67697035372.0	6532556311.0	163041804446.0	95387151720.0						판정불가	일반	일반	-828.0447485733343	-1717.3912427755338	221.1608949714667	238.94782485551067	Y	Y	-107.48502994011977	-63.71940165586019	-5.111991994525078										3년					-0.48600377545943224	-0.28811332882371005	-0.023114357514173595	3.33571650938	0.03260719950518084	3년	-0.28811332882371005	불리(<1)	3년	-63.71940165586019		판정불가	N	주당순현금<=0	제외	하드필터 미통과	107255330.0	주당순현금 음수(린치식); 주당순현금 음수(보수형); 단기위험부채 존재; 1년 점수 과열 가능; 배당감안점수<1; fs=2025:CFS,2024:CFS,2022:CFS,2020:CFS
"=""114090"""	GKL	직접추가	메인	9270.0	414.0	761.0	213092869283.0		30375090489.0							판정불가	일반	일반	2953.9374287595624	2953.9374287595624	8.299688004258131	8.299688004258131	N	N	42.509363295880156			93.51872659176031			71167.7509363296			667.7211535742135			1년	93.51872659176031	71167.7509363296	667.7211535742135	4.466019417475728	5.659897418945784			1553.3159719230266	16.75637510165077	1년	5.659897418945784	안심(>=2)	1년	42.509363295880156	0.19524376186228376	매우 유망	Y	통과	매우 유망	배당감안점수>=2 & 린치PER배수<=0.5	61855670.0	fs=2025:CFS,2024:CFS,2022:CFS,2020:CFS
"=""006280"""	녹십자	직접추가	메인	122300.0	1500.0		49372311054.0		105096001522.0							판정불가	일반	일반	-4768.194863868153	-4768.194863868153			Y	Y													판정불가				1.2264922322158627				-497.6412769975163	-0.4069021071116241	판정불가		판정불가	판정불가			판정불가	N	주당순현금<=0 / 주당FCF<=0 / 순현금차감PER<=0	제외	하드필터 미통과	11686538.0	주당순현금 음수(린치식); 주당순현금 음수(보수형); 주당FCF 음수; EPS 미추출; fs=2025:CFS,2024:CFS,2022:CFS,2020:CFS
"=""005250"""	녹십자홀딩스	직접추가	메인	10060.0	300.0	0.0	79656808438.0		2117348227.0							판정불가	일반	일반	1648.7861266886407	1648.7861266886407			N	N	-100.0												1년				2.982107355864811				-2674.1633975649934	-26.582141128876675	판정불가		판정불가	1년	-100.0		판정불가	N	주당FCF<=0 / 순현금차감PER<=0	제외	하드필터 미통과	47028210.0	주당FCF 음수; fs=2025:CFS,2024:CFS,2022:CFS,2020:CFS
"=""078930"""	GS	직접추가	메인	95000.0	3000.0	8550.0	1610917000000.0	857643000000.0	104176000000.0							판정불가	일반	일반	25446.638122701283	25446.638122701283	8.13489612599985	8.13489612599985	N	N	41.60317986088109	-27.687155007765817		91.70635972176218			784089.3756210667			725.3572374958596			3년				3.1578947368421053	5.502353552451988	-3.0153132739490083		3039.077126716312	3.1990285544382226	3년	-3.0153132739490083	불리(<1)	3년	-27.687155007765817		판정불가	Y	통과	보류	배당감안점수 또는 린치PER배수 미산출	92915378.0	1년 점수 과열 가능; 배당감안점수<1; fs=2025:CFS,2024:CFS,2022:CFS,2020:CFS
"=""006360"""	GS건설	직접추가	메인	31150.0	500.0	1073.0	3015810000000.0	301590000000.0								판정불가	일반	일반	38763.054954990854	38763.054954990854	-7.095111794026891	-7.095111794026891	N	N	-62.91047355686139	-35.490770024369326	-22.823533314849886										3년				1.6051364365971106	8.640503335250468	4.775912567903336	2.99056554628438	3464.721168093708	11.122700379113027	3년	4.775912567903336	안심(>=2)	3년	-35.490770024369326		판정불가	N	순현금차감PER<=0	제외	하드필터 미통과	85581490.0	fs=2025:CFS,2024:CFS,2022:CFS,2020:CFS
"=""007070"""	GS리테일	직접추가	메인	24800.0	600.0	585.0	294440001357.0	139922954133.0	2214168472527.0							판정불가	일반	일반	-21287.651544267934	-21287.651544267934	78.78231033208195	78.78231033208195	Y	Y	-345.7983193277311	17.566734386037865	-23.182279339928648		43.63346877207573			25525.579231664302			2.925722708323808		3년	43.63346877207573	25525.579231664302	2.925722708323808	2.4193548387096775	-4.35857952174309	0.2536875237664711	-0.2635480530299178	8424.851248528614	33.97117438922828	3년	0.2536875237664711	불리(<1)	3년	17.566734386037865	4.484744210323949	매우 불리	N	주당순현금<=0	제외	하드필터 미통과	83607415.0	주당순현금 음수(린치식); 주당순현금 음수(보수형); 배당감안점수<1; PER>연성장률의 2배; fs=2025:CFS,2024:CFS,2022:CFS,2020:CFS
"=""086790"""	하나금융지주	직접추가	메인	128600.0	4105.0	13954.0		73098647000000.0	72812888000000.0							판정불가	일반	일반	1026.7067789838566	1026.7067789838566	9.142417458865998	9.142417458865998	N	N	10.491725393934592			29.483450787869184			411412.0722939266			219.91607487863655			1년	29.483450787869184	411412.0722939266	219.91607487863655	3.1920684292379473	1.4967369281417437			-14044.963863826157	-10.921433797687524	1년	1.4967369281417437	보통(1~1.5)	1년	10.491725393934592	0.8713931327397639	헐값	N	주당FCF<=0	제외	하드필터 미통과	278325814.0	주당FCF 음수; fs=2025:CFS,2024:CFS,2022:NA,2020:NA
"=""009420"""	한올바이오파마	직접추가	메인	53100.0		-109.0	24743015950.0	0.0	15000000000.0	15739600000.0						판정불가	일반	일반	186.5026217711966	-114.78772617593224			N	Y	202.77777777777777			414.05555555555554									1년	414.05555555555554							-315.0056843677905	-0.5932310440071383	판정불가		판정불가	1년	202.77777777777777		판정불가	N	주당FCF<=0 / 순현금차감PER<=0	제외	하드필터 미통과	52240638.0	주당순현금 음수(보수형); 단기위험부채 존재; 주당FCF 음수; fs=2025:CFS,2024:CFS,2022:CFS,2020:CFS
"=""300720"""	한일시멘트	직접추가	메인	14230.0	1000.0	1061.0	129285266021.0		337958155586.0	209542035372.0						판정불가	일반	일반	-2837.341716779947	-5686.501277561126	16.086090213741706	18.77144323992566	Y	Y	-60.067745577719236	-2.308290966967641	-43.43181980026135		3.883418066064718			4120.306568094666			-71.04492924740221		3년	3.883418066064718	4120.306568094666	-71.04492924740221	7.027406886858749	-3.2972796985528676	0.2933662473097257	-2.263098890388154	83.57535581957487	0.5873180310581508	3년	0.2933662473097257	불리(<1)	3년	-2.308290966967641		판정불가	N	주당순현금<=0	제외	하드필터 미통과	73545209.0	주당순현금 음수(린치식); 주당순현금 음수(보수형); 단기위험부채 존재; 배당감안점수<1; fs=2025:CFS,2024:CFS,2022:CFS,2020:CFS
"=""180640"""	한진칼	직접추가	메인	122500.0	360.0		110930322000.0	30600000000.0	366131984000.0	0.0						판정불가	일반	일반	-3364.2000447588075	-3364.2000447588075			Y	Y													판정불가				0.29387755102040813				1732.6632753204844	1.41441900026162	판정불가		판정불가	판정불가			판정불가	N	주당순현금<=0 / 순현금차감PER<=0	제외	하드필터 미통과	66762279.0	주당순현금 음수(린치식); 주당순현금 음수(보수형); EPS 미추출; fs=2025:CFS,2024:CFS,2022:CFS,2020:CFS
"=""161390"""	한국타이어앤테크놀로지	직접추가	메인	67700.0	2300.0	8931.0	2603079747970.0	489388296676.0								판정불가	일반	일반	24964.41026923666	24964.41026923666	4.785084506859628	4.785084506859628	N	N	-2.2545693334792616	16.43379388057411	24.1178312692236	3.990861333041477	41.36758776114822	56.7356625384472	35642.38256539343	369453.9262948148	506706.20213087194	-47.35246297578518	445.7221954133158	648.4582010795746	3년	41.36758776114822	369453.9262948148	445.7221954133158	3.3973412112259975	0.23881958116069263	4.1443646529902045	5.750195726116309	-5650.2614211339005	-8.346028687051552	3년	4.1443646529902045	안심(>=2)	3년	16.43379388057411	0.29117345280300316	매우 유망	N	주당FCF<=0	제외	하드필터 미통과	123875069.0	주당FCF 음수; fs=2025:CFS,2024:CFS,2022:CFS,2020:CFS
"=""000240"""	한국앤컴퍼니	직접추가	메인	25450.0	1100.0	3666.0	87970654737.0	34240766097.0	15178888600.0	83728229501.0						판정불가	일반	일반	1127.4267830786544	245.4757867889732	6.6346353564979115	6.875211187455271	N	N	-0.9991898460707582	28.543628944993937	19.90708834889714	6.5016203078584835	65.58725788998788	48.31417669779428	23834.9400486092	240442.88742469557	177119.77177411385	-6.346011596820422	844.7657659123598	595.9519519611546	3년	65.58725788998788	240442.88742469557	844.7657659123598	4.322200392927308	0.5008580529752881	4.953675307224338	3.6519397736146066	2176.2560889928754	8.55110447541405	3년	4.953675307224338	안심(>=2)	3년	28.543628944993937	0.23243839699862384	매우 유망	Y	통과	매우 유망	배당감안점수>=2 & 린치PER배수<=0.5	94935240.0	단기위험부채 존재; fs=2025:CFS,2024:CFS,2022:CFS,2020:CFS
"=""128940"""	한미약품	헬스케어	메인	380000.0	2000.0	13372.0	108273819495.0		91812500000.0	319500000000.0						판정불가	일반	일반	1284.9372460725326	-23654.585387266292	28.321497364188414	30.186552900633135	N	Y	39.77213337514372	26.231706206675454	68.07388619564503	88.04426675028743	60.96341241335091	144.64777239129006	1177327.9349848435	815202.7507913284	1934230.0124163306	209.82314078548515	114.5270396819285	409.0078980042976	3년	60.96341241335091	815202.7507913284	114.5270396819285	0.5263157894736842	1.422892605091334	0.9447954552707994	2.422195447612928	7534.569419649112	1.9827814262234504	3년	0.9447954552707994	불리(<1)	3년	26.231706206675454	1.079666611887455	보통	Y	통과	제외	배당감안점수<1	12810991.0	주당순현금 음수(보수형); 단기위험부채 존재; 배당감안점수<1; fs=2025:CFS,2024:CFS,2022:CFS,2020:CFS
"=""008930"""	한미사이언스	직접추가	메인	40350.0	300.0	1748.0	127389343692.0	0.0	0.0	199600000000.0						판정불가	일반	일반	1862.6474131965133	-1055.8417861270873	22.01793626247339	23.687552509226023	N	Y	99.08883826879271	20.062307210120522	38.49990058066466	206.67767653758543	48.624614420241045	85.49980116132932	361272.57858769933	84995.82600658135	149453.65243000365	795.3471588294904	110.64640893824374	270.3931906567625	3년	48.624614420241045	84995.82600658135	110.64640893824374	0.7434944237918215	4.53413669212656	0.9449478545985727	1.7823375695451333	667.8946648379807	1.6552531966244874	3년	0.9449478545985727	불리(<1)	3년	20.062307210120522	1.0974777742096553	보통	Y	통과	제외	배당감안점수<1	68391550.0	주당순현금 음수(보수형); 단기위험부채 존재; 1년 점수 과열 가능; 배당감안점수<1; fs=2025:CFS,2024:CFS,2022:CFS,2020:CFS
"=""042700"""	한미반도체	반도체소부장	메인	209000.0	800.0	2256.0	276235377529.0	1620849416.0	1700783956.0							판정불가	일반	일반	2897.3777017947336	2897.3777017947336	91.35754534494914	91.35754534494914	N	N	41.97608558842039	33.93410123050573	17.576648487156234	92.45217117684078	76.36820246101146	43.65329697431247	208572.0981749528	172286.66475204186	98481.83797404893	-0.20473771533359164	-17.566189113855568	-52.87950336169908	3년	76.36820246101146	172286.66475204186	-17.566189113855568	0.3827751196172249	0.46366023242085164	0.3756326444690342	0.1965839114761896	1415.2619637779844	0.6771588343435333	3년	0.3756326444690342	불리(<1)	3년	33.93410123050573	2.6922046564422186	매우 불리	Y	통과	제외	배당감안점수<1	95312200.0	배당감안점수<1; PER>연성장률의 2배; fs=2025:CFS,2024:CFS,2022:CFS,2020:CFS
"=""018880"""	한온시스템	직접추가	메인	3530.0	316.0	-292.0	924789114632.0	12500000000.0	551438792860.0							판정불가	일반	일반	375.9762265709175	375.9762265709175			N	N	-55.69044006069803												1년				8.951841359773372				-358.42775774108145	-10.153760842523555	판정불가		판정불가	1년	-55.69044006069803		판정불가	N	주당FCF<=0 / 순현금차감PER<=0	제외	하드필터 미통과	1026262552.0	주당FCF 음수; fs=2025:CFS,2024:CFS,2022:CFS,2020:CFS
"=""014680"""	한솔케미칼	직접추가	메인	225500.0	2600.0	13428.0	112551479633.0	97254225348.0	138153315888.0	52809626645.0						판정불가	일반	일반	6321.231270657452	1662.3236254868134	16.32251777847353	16.66947247352645	N	N	22.295081967213104	-1.612254890420728	3.943248256290177	53.09016393442621	5.275490219158544	16.386496512580354	712894.7213114752	70839.28266286093	220037.875170929	216.139565991785	-68.58568396325457	-2.422228305574714	3년	5.275490219158544	70839.28266286093	-68.58568396325457	1.1529933481152994	1.4365476964743886	-0.02813668507141172	0.31222153797415403	10281.03332708436	4.559216553030758	3년	-0.02813668507141172	불리(<1)	3년	-1.612254890420728		판정불가	Y	통과	보류	배당감안점수 또는 린치PER배수 미산출	11335195.0	단기위험부채 존재; 1년 점수 과열 가능; 배당감안점수<1; fs=2025:CFS,2024:CFS,2022:CFS,2020:CFS
"=""009240"""	한샘	직접추가	메인	38650.0	8530.0	2808.0	98241927402.0	251054722982.0	161476119968.0	96981921492.0						판정불가	일반	일반	7980.840700116019	3859.9000100620688	10.92206527773646	12.389636748553395	N	N	-69.38174681059863		-5.701809832138416										5년				22.06985769728331	-4.331771318905765		1.498622050768139	2308.508445254018	5.9728549683157	5년	1.498622050768139	보통(1~1.5)	5년	-5.701809832138416		판정불가	Y	통과	보류	배당감안점수 또는 린치PER배수 미산출	23533928.0	단기위험부채 존재; fs=2025:CFS,2024:CFS,2022:CFS,2020:CFS
"=""000880"""	한화	직접추가	메인	83800.0	1100.0	4122.0	14684582000000.0	103264989000000.0	60168760000000.0							판정불가	일반	일반	770834.9267100092	770834.9267100092	-166.67513991023998	-166.67513991023998	N	N	-50.52808449351897	-33.7392629586393	7.803689278908865			24.107378557817732			99370.61441532469			18.58068545981466	3년				1.3126491646778042	0.2952776002188766	0.19454979195712263	-0.054695249984467495	29660.332448246358	35.39419146568778	3년	0.19454979195712263	불리(<1)	3년	-33.7392629586393		판정불가	N	순현금차감PER<=0	제외	하드필터 미통과	74958735.0	배당감안점수<1; fs=2025:CFS,2024:CFS,2022:CFS,2020:CFS
"=""012450"""	한화에어로스페이스	우주항공/방산	메인	1007000.0	7000.0	28530.0	7713355500000.0		12463889065000.0							판정불가	일반	일반	-92129.95017531911	-92129.95017531911	38.5254101007823	38.5254101007823	Y	Y	-37.89049744203766	93.07351740567623	64.20288154253949		194.64703481135246	136.90576308507897		5553279.903167886	3905921.420817303		451.4677163026699	287.87700306030814	3년	194.64703481135246	5553279.903167886	451.4677163026699	0.6951340615690168	-0.965476117792536	2.433942980021416	1.6845509349371126	39867.85493454941	3.9590719895282436	3년	2.433942980021416	안심(>=2)	3년	93.07351740567623	0.41392451015752385	매우 유망	N	주당순현금<=0	제외	하드필터 미통과	51563401.0	주당순현금 음수(린치식); 주당순현금 음수(보수형); fs=2025:CFS,2024:CFS,2022:CFS,2020:CFS
"=""082740"""	한화엔진	직접추가	메인	46050.0		2071.0	276708027934.0	133988650000.0	53947006810.0	30000000000.0						판정불가	일반	일반	4275.157453852644	3915.6484367553294	20.171338747536144	20.344930740340256	N	N	113.94628099173553		62.28278611303117	236.39256198347107		133.06557222606233	489568.9958677686		275578.8000801751	963.1248553046007		498.43387639560285	5년	133.06557222606233	275578.8000801751	498.43387639560285		5.648920104802348		3.0876872820669274	3492.7128128726085	7.584609799940519	5년	3.0876872820669274	안심(>=2)	5년	62.28278611303117	0.32386699450035966	매우 유망	Y	통과	매우 유망	배당감안점수>=2 & 린치PER배수<=0.5	83447142.0	단기위험부채 존재; fs=2025:CFS,2024:OFS,2022:CFS,2020:CFS
"=""088350"""	한화생명	직접추가	메인	4355.0	150.0	693.0	3103115000000.0	104518986000000.0								판정불가	일반	일반	123912.9344985205	123912.9344985205	-172.52227200363708	-172.52227200363708	N	N	-25.96153846153846												1년				3.4443168771526977	0.1305177663317062					1년	0.1305177663317062	불리(<1)	1년	-25.96153846153846		판정불가	N	주당FCF<=0 / 순현금차감PER<=0	제외	하드필터 미통과	868530000.0	배당감안점수<1; fs=2025:CFS,2024:CFS,2022:NA,2020:NA
"=""042660"""	한화오션	직접추가	메인	91900.0		4007.0	778471159631.0		5646344947762.0							판정불가	일반	일반	-15886.622071524067	-15886.622071524067	26.899581250692304	26.899581250692304	Y	Y	143.14320388349512		47.03819321855338	294.78640776699024		102.57638643710676	1181209.13592233		411023.5804534868	1185.3200608512839		347.2509036490608	5년	102.57638643710676	411023.5804534868	347.2509036490608		5.32139153206376		1.748658939341027	1951.772804089628	2.123800657333654	5년	1.748658939341027	양호(>=1.5)	5년	47.03819321855338	0.5718668046136228	헐값	N	주당순현금<=0	제외	하드필터 미통과	306413394.0	주당순현금 음수(린치식); 주당순현금 음수(보수형); fs=2025:CFS,2024:CFS,2022:CFS,2020:CFS
"=""009830"""	한화솔루션	석유화학	watchlist	30150.0	300.0	-12.0	2470461000000.0		8369710000000.0							판정불가	일반	일반	-34319.40174528579	-34319.40174528579			Y	Y	-99.19893190921229												1년				0.9950248756218906				-15547.574445000917	-51.5674110945304	판정불가		판정불가	1년	-99.19893190921229		판정불가	N	주당순현금<=0 / 주당FCF<=0 / 순현금차감PER<=0	제외	하드필터 미통과	171892536.0	린치식 단독판정 비중 낮춤; 주당순현금 음수(린치식); 주당순현금 음수(보수형); 주당FCF 음수; fs=2025:CFS,2024:CFS,2022:CFS,2020:CFS
"=""272210"""	한화시스템	우주항공/방산	메인	72400.0	500.0	1243.0	325483658125.0	164123075536.0	1615285782454.0	1474436243190.0						판정불가	일반	일반	-5958.515188681878	-13763.093908709392	63.03983522822355	69.31865962084424	Y	Y	-52.02624469316866		7.897266078384502			24.294532156769			30198.10347086387			-58.289912333060954	5년	24.294532156769	30198.10347086387	-58.289912333060954	0.6906077348066298	-0.8143364710981756		0.1362293188441942	-1268.1431386537038	-1.7515789207924084	5년	0.1362293188441942	불리(<1)	5년	7.897266078384502	7.982488446320558	매우 불리	N	주당순현금<=0 / 주당FCF<=0	제외	하드필터 미통과	188919389.0	주당순현금 음수(린치식); 주당순현금 음수(보수형); 단기위험부채 존재; 주당FCF 음수; 배당감안점수<1; PER>연성장률의 2배; fs=2025:CFS,2024:CFS,2022:CFS,2020:CFS
"=""267250"""	HD현대	직접추가	메인	219000.0	4000.0	13623.0	6367475266000.0		1596736136000.0							판정불가	일반	일반	60394.38933167378	60394.38933167378	11.642487753675857	11.642487753675857	N	N	89.12952936276552	-11.915391188425783		186.75905872553105			2544218.6570179095			1061.7436790036115			3년				1.82648401826484	7.8124207905920295	-0.8665593972366942		64511.54397881789	29.457326017725066	3년	-0.8665593972366942	불리(<1)	3년	-11.915391188425783		판정불가	Y	통과	보류	배당감안점수 또는 린치PER배수 미산출	78993085.0	1년 점수 과열 가능; 배당감안점수<1; fs=2025:CFS,2024:CFS,2022:CFS,2020:CFS
"=""267260"""	HD현대일렉트릭	전력설비	메인	772000.0	7100.0	20354.0	950781542257.0		55346966947.0							판정불가	일반	일반	24840.658635145344	24840.658635145344	36.70823137294167	36.70823137294167	N	N	46.06386795837818	65.20736528007924		100.62773591675636	138.9147305601585		2048176.936849659	2827470.425821466		165.30789337430818	266.2526458317961		3년	138.9147305601585	2827470.425821466	266.2526458317961	0.9196891191709845	1.2799188443652896	1.8014230576086465		19908.873951397247	2.5788696828234774	3년	1.8014230576086465	양호(>=1.5)	3년	65.20736528007924	0.5629460907563456	헐값	Y	통과	양호	배당감안점수>=1.5 & 린치PER배수<1	36047135.0	fs=2025:CFS,2024:CFS,2022:CFS,2020:CFS
"=""329180"""	HD현대중공업	직접추가	메인	509000.0	5661.0	15702.0	1869917695000.0		20593805000.0							판정불가	일반	일반	17619.114963644908	17619.114963644908	31.294159026643428	31.294159026643428	N	N	124.2822453935152			257.0644907870304			4036426.634337952			693.0111265889886			1년	257.0644907870304	4036426.634337952	693.0111265889886	1.112180746561886	4.006959446755478					1년	4.006959446755478	안심(>=2)	1년	124.2822453935152	0.25179911199348426	매우 유망	N	주당FCF<=0	제외	하드필터 미통과	104961225.0	fs=2025:CFS,2024:CFS,2022:CFS,2020:CFS
"=""071970"""	HD현대마린엔진	직접추가	메인	59200.0		4867.0	94276230277.0	247003276789.0								판정불가	일반	일반	10060.862797055377	10060.862797055377	10.096391453245248	10.096391453245248	N	N	97.52435064935065	113.65854515790357	162.5665198099373	203.5487012987013	235.81709031580715	333.6330396198746	990671.5292207792	1147721.7785670334	1623792.0038299295	1573.431637197262	1838.7192205524211	2642.8918983613676	3년	235.81709031580715	1147721.7785670334	1838.7192205524211		9.659327404347396	11.257343347297683	16.101447785850667			3년	11.257343347297683	안심(>=2)	3년	113.65854515790357	0.08883090522774624	매우 유망	N	주당FCF<=0	제외	하드필터 미통과	33921495.0	fs=2025:CFS,2024:CFS,2022:CFS,2020:CFS
"=""443060"""	HD현대마린솔루션	직접추가	메인	193100.0	3950.0	6013.0	377924043510.0		9931501625.0							판정불가	일반	일반	8208.377954504365	8208.377954504365	30.748648269664997	30.748648269664997	N	N	13.36726998491704			35.23453996983408			211865.28883861232			9.717912397002749			1년	35.23453996983408	211865.28883861232	9.717912397002749	2.045572242361471	0.5012526759585726			6828.081523113242	3.5360339322181473	1년	0.5012526759585726	불리(<1)	1년	13.36726998491704	2.300293800032485	매우 불리	Y	통과	제외	배당감안점수<1	44831335.0	배당감안점수<1; PER>연성장률의 2배; fs=2025:CFS,2024:CFS,2022:NA,2020:NA
"=""009540"""	HD한국조선해양	직접추가	메인	396000.0	12300.0	30664.0	3742015549000.0		398797408000.0							판정불가	일반	일반	47238.53250999998	47238.53250999998	11.373645561244457	11.373645561244457	N	N	84.96802991916998			178.43605983833996			5471563.338882856			1281.7079138593072			1년	178.43605983833996	5471563.338882856	1281.7079138593072	3.106060606060606	7.743699243217307					1년	7.743699243217307	안심(>=2)	1년	84.96802991916998	0.1338579412993828	매우 유망	N	주당FCF<=0	제외	하드필터 미통과	70773116.0	fs=2025:CFS,2024:CFS,2022:CFS,2020:CFS
"=""017960"""	한국카본	조선/LNG사이클	watchlist	23250.0	320.0	2043.0	57866929673.0	27093215744.0	98920898088.0	81871440000.0						판정불가	일반	일반	-268.94950885840325	-1846.1770478341368	11.511967454164662	12.283982891744559	Y	Y	394.6731234866828	63.08567663703022	8.209872487827186	797.8462469733656	134.67135327406044	24.91974497565437	1629999.882566586	275133.5747389055	50911.03898526188	6910.75218308209	1083.3702139307763	118.97221068929844	3년	134.67135327406044	275133.5747389055	1083.3702139307763	1.3763440860215055	34.40328242323395	5.599565928214245	0.8327174839588958	2529.43380973873	10.879285203177332	3년	5.599565928214245	안심(>=2)	3년	63.08567663703022	0.18248147706174134	매우 유망	N	주당순현금<=0	제외	하드필터 미통과	51908452.0	린치식 단독판정 비중 낮춤; 주당순현금 음수(린치식); 주당순현금 음수(보수형); 단기위험부채 존재; 1년 점수 과열 가능; fs=2025:CFS,2024:CFS,2022:CFS,2020:CFS
"=""000080"""	하이트진로	직접추가	메인	15050.0	700.0	596.0	243639082453.0	11534336304.0								판정불가	일반	일반	3638.389855001192	3638.389855001192	19.146996887581896	19.146996887581896	N	N	-56.748911465892604	-21.8770293860485	-13.71294563046288										3년				4.651162790697675	-2.7209357676860435	-0.899664145583214	-0.473274367409668	1956.0991773402343	12.997336726513185	3년	-0.899664145583214	불리(<1)	3년	-21.8770293860485		판정불가	Y	통과	보류	배당감안점수 또는 린치PER배수 미산출	70133611.0	배당감안점수<1; fs=2025:CFS,2024:CFS,2022:CFS,2020:CFS
"=""204320"""	HL만도	직접추가	메인	50600.0	750.0	2130.0	799652317531.0		965892545521.0	659326263869.0						판정불가	일반	일반	-3540.256046154449	-17581.28462433386	25.417960585049038	32.0099927813774	Y	Y	-23.021322732200943	0.5378148348890388	76.60035963530261		9.575629669778078	161.70071927060522		20396.091196627305	344422.5320463891		-59.69151937425434	580.6769408031406	3년	9.575629669778078	20396.091196627305	-59.69151937425434	1.4822134387351777	-0.8473972261226641	0.07947247643512385	3.071944848319826	6770.8428804833	13.381112412022333	3년	0.07947247643512385	불리(<1)	3년	0.5378148348890388	47.26154604919598	매우 불리	N	주당순현금<=0	제외	하드필터 미통과	46957120.0	주당순현금 음수(린치식); 주당순현금 음수(보수형); 단기위험부채 존재; 배당감안점수<1; PER>연성장률의 2배; fs=2025:CFS,2024:CFS,2022:CFS,2020:CFS
"=""011200"""	HMM	직접추가	메인	21100.0	700.0	1951.0	1760767000000.0	10915294000000.0	151318000000.0							판정불가	일반	일반	13278.45506473833	13278.45506473833	4.008992791010595	4.008992791010595	N	N	-60.97219443888777	-54.38515324967628	80.08768235294812			168.67536470589624			329085.6365412036			1459.6475665459886	3년				3.3175355450236967	-14.381332643736277	-12.738266284529626	20.804531772916178	1809.1182228382938	8.574020013451628	3년	-12.738266284529626	불리(<1)	3년	-54.38515324967628		판정불가	Y	통과	보류	배당감안점수 또는 린치PER배수 미산출	943237970.0	1년 점수 과열 가능; 배당감안점수<1; fs=2025:CFS,2024:CFS,2022:CFS,2020:CFS
"=""008770"""	호텔신라	직접추가	메인	42100.0	200.0	-4566.0	338290693972.0		739494888568.0	24083900000.0						판정불가	일반	일반	-10222.252285555276	-10835.884209488653			Y	Y													판정불가				0.4750593824228029				1275.405833262693	3.029467537441076	판정불가		판정불가	판정불가			판정불가	N	주당순현금<=0 / 순현금차감PER<=0	제외	하드필터 미통과	39248121.0	주당순현금 음수(린치식); 주당순현금 음수(보수형); 단기위험부채 존재; fs=2025:CFS,2024:CFS,2022:CFS,2020:CFS
"=""298050"""	HS효성첨단소재	직접추가	메인	175400.0	2500.0	-4843.0	31544586945.0		554202076606.0							판정불가	일반	일반	-116665.97238650985	-116665.97238650985			Y	Y	-143.41940111170882												1년				1.4253135689851768				-3354.717829760524	-1.9126099371496716	판정불가		판정불가	1년	-143.41940111170882		판정불가	N	주당순현금<=0 / 주당FCF<=0 / 순현금차감PER<=0	제외	하드필터 미통과	4479948.0	주당순현금 음수(린치식); 주당순현금 음수(보수형); 주당FCF 음수; fs=2025:CFS,2024:CFS,2022:CFS,2020:CFS
"=""352820"""	하이브	직접추가	메인	181000.0	500.0	-5690.0	534914956000.0	57033836000.0	1161573182000.0	0.0						판정불가	일반	일반	-13368.578698363612	-13368.578698363612			Y	Y	-2628.8888888888887												1년				0.2762430939226519				1088.4641428108619	0.6013614048678795	판정불가		판정불가	1년	-2628.8888888888887		판정불가	N	주당순현금<=0 / 순현금차감PER<=0	제외	하드필터 미통과	42609196.0	주당순현금 음수(린치식); 주당순현금 음수(보수형); fs=2025:CFS,2024:CFS,2022:CFS,2020:CFS
"=""298040"""	효성중공업	전력설비	메인	2985000.0	7500.0	55832.0	216772513676.0		637432979185.0							판정불가	일반	일반	-45113.22859928438	-45113.22859928438	54.27198073863168	54.27198073863168	Y	Y	133.51875862645866	270.5887113046113		275.5375172529173	549.6774226092226		15383810.66326488	30689589.85911812		415.3705414829106	928.1269634545433		3년	549.6774226092226	30689589.85911812	928.1269634545433	0.25125628140703515	2.4648080480439516	4.990419805946571		33728.061849754005	1.1299183199247573	3년	4.990419805946571	안심(>=2)	3년	270.5887113046113	0.20057001076270248	매우 유망	N	주당순현금<=0	제외	하드필터 미통과	9324548.0	주당순현금 음수(린치식); 주당순현금 음수(보수형); fs=2025:CFS,2024:CFS,2022:CFS,2020:CFS
"=""298020"""	효성티앤씨	직접추가	메인	330000.0	10100.0	2517.0	78332153321.0		1022720440533.0							판정불가	일반	일반	-218220.35149809992	-218220.35149809992	217.80705264127928	217.80705264127928	Y	Y	-91.92622293504411	-2.1428862261368864	-39.74816600029081		4.214227547726227			10607.210737626914			-96.78569371587064		3년	4.214227547726227	10607.210737626914	-96.78569371587064	3.0606060606060606	-0.40800155824520823	0.0042134532529606705	-0.16844064273762474	-681.4700322251034	-0.20650607037124347	3년	0.0042134532529606705	불리(<1)	3년	-2.1428862261368864		판정불가	N	주당순현금<=0 / 주당FCF<=0	제외	하드필터 미통과	4327682.0	주당순현금 음수(린치식); 주당순현금 음수(보수형); 주당FCF 음수; 배당감안점수<1; fs=2025:CFS,2024:CFS,2022:CFS,2020:CFS
"=""307950"""	현대오토에버	직접추가	메인	414500.0	1900.0	6654.0	301124937000.0	503550000000.0	137177596000.0							판정불가	일반	일반	24339.913182556786	24339.913182556786	58.63542032122681	58.63542032122681	N	N	6.840077071290951	17.005273141647017	18.824559086735636	22.1801541425819	42.51054628329403	46.14911817347127	147586.74566473998	282865.1749690385	307076.2323262778	-64.39402999644392	-31.75749699178806	-25.916469885095815	3년	42.51054628329403	282865.1749690385	-31.75749699178806	0.4583835946924005	0.1244718742698466	0.29783459623324876	0.32886167739207545	6801.802196340414	1.6409655479711496	3년	0.29783459623324876	불리(<1)	3년	17.005273141647017	3.4480728320455416	매우 불리	Y	통과	제외	배당감안점수<1	27423982.0	배당감안점수<1; PER>연성장률의 2배; fs=2025:CFS,2024:CFS,2022:CFS,2020:CFS
"=""069960"""	현대백화점	직접추가	메인	110100.0	2150.0	9572.0	279878097000.0	1384271000.0	850398528000.0	925684884000.0						판정불가	일반	일반	-25150.950692818045	-66058.30557705347	14.129852767741124	18.403500373699693	Y	Y	-681.8844984802432	13.23304981191371	24.719368231601415		34.96609962382742	57.93873646320283		334695.50559927605	554589.5854257775		203.99228483131338	403.7144281796344	3년	34.96609962382742	334695.50559927605	203.99228483131338	1.952770208900999	-48.12022739710683	1.0747330683787726	1.8876444701105242	17816.28700542092	16.181913719728357	3년	1.0747330683787726	보통(1~1.5)	3년	13.23304981191371	1.0677699372838467	보통	N	주당순현금<=0	제외	하드필터 미통과	22628813.0	주당순현금 음수(린치식); 주당순현금 음수(보수형); 단기위험부채 존재; fs=2025:CFS,2024:CFS,2022:CFS,2020:CFS
"=""000720"""	현대건설	직접추가	메인	110100.0	800.0	3319.0	4812659000000.0	700784000000.0	579678000000.0	1194728000000.0						판정불가	일반	일반	44306.32756193628	33577.399427860786	19.82334210245969	23.05592063035228	N	N	-321.1192538307795	-3.003815607902416	24.7843511038494		2.4923687841951683	58.0687022076988		8272.171994743763	192730.0226273523		-92.48667393756243	75.0499751383763	3년	2.4923687841951683	8272.171994743763	-92.48667393756243	0.7266121707538601	-16.162392799560834	-0.11487484932553321	1.2869153517477685	-7760.002367187725	-7.048140206346708	3년	-0.11487484932553321	불리(<1)	3년	-3.003815607902416		판정불가	N	주당FCF<=0	제외	하드필터 미통과	111355765.0	단기위험부채 존재; 주당FCF 음수; 배당감안점수<1; fs=2025:CFS,2024:CFS,2022:CFS,2020:CFS
"=""017800"""	현대엘리베이터	직접추가	메인	71200.0	14010.0		546026985679.0	858153283222.0	939270698991.0							판정불가	일반	일반	11892.58649504245	11892.58649504245			N	N													판정불가				19.676966292134832				5302.308441375475	7.447062417662184	판정불가		판정불가	판정불가			판정불가	N	순현금차감PER<=0	제외	하드필터 미통과	39092385.0	EPS 미추출; fs=2025:CFS,2024:CFS,2022:CFS,2020:CFS
"=""086280"""	현대글로비스	직접추가	메인	205500.0	5800.0	23117.0	2644639919844.0	1773253190103.0	2551475394576.0	800732226936.0						판정불가	일반	일반	24885.56953828	14209.1398458	7.813056644967773	8.274899863918328	N	N	58.49845731916352	-10.017436249066701	7.416538424274255	125.49691463832704		23.333076848548508	2901112.1756942063		539390.7375078959	1311.7334188292973		162.47724452938974	3년				2.8223844282238444	7.848508533069812	-0.9209010183584219	1.310488752067704	25034.3648264	12.182172664914843	3년	-0.9209010183584219	불리(<1)	3년	-10.017436249066701		판정불가	Y	통과	보류	배당감안점수 또는 린치PER배수 미산출	75000000.0	단기위험부채 존재; 1년 점수 과열 가능; 배당감안점수<1; fs=2025:CFS,2024:CFS,2022:CFS,2020:CFS
"=""001450"""	현대해상	직접추가	메인	36700.0	2063.0	13006.0	1509674177483.0	19831696034080.0								판정불가	일반	일반	238717.78760137584	238717.78760137584	-15.532660895077337	-15.532660895077337	N	N	19.90412095510279			48.30824191020558			628296.9942841338			1611.9809108559505			1년	48.30824191020558	628296.9942841338	1611.9809108559505	5.62125340599455	-1.6433355838719772					1년	-1.6433355838719772	불리(<1)	1년	19.90412095510279		판정불가	N	주당FCF<=0 / 순현금차감PER<=0	제외	하드필터 미통과	89400000.0	배당감안점수<1; fs=2025:CFS,2024:CFS,2022:NA,2020:NA
"=""012330"""	현대모비스	직접추가	메인	503000.0	6500.0	40861.0	4922378000000.0			2945574000000.0						판정불가	일반	일반	54251.49199158146	21787.145638739283	10.982318298828186	11.776825196673128	N	N	-9.074523242617772	14.580422448898144	20.046998821740058		37.66084489779629	48.593997643480115		1538859.783368854	1985599.337710241		205.9363386419193	294.75135938573385	3년	37.66084489779629	1538859.783368854	205.9363386419193	1.2922465208747516	-0.7086187551651448	1.4452931100591493	1.9430547141300492	32588.711819214936	6.478869148949292	3년	1.4452931100591493	보통(1~1.5)	3년	14.580422448898144	0.7532236008469103	헐값	Y	통과	보류	중간구간(보류)	90732583.0	단기위험부채 존재; fs=2025:CFS,2024:CFS,2022:CFS,2020:CFS
"=""005380"""	현대자동차	직접추가	메인	404500.0	10000.0	36088.0	18360566000000.0	5857507000000.0	131240462000000.0	10388351000000.0						판정불가	일반	일반	-522678.0458231802	-573412.8785132379	25.69214270181723	27.098007052572544	Y	Y	-24.20875774440827	8.159836431248424	45.92494426173537		24.819672862496848	100.34988852347074		895692.3542617862	3621426.777035012		121.43197880390267	795.2847409233651	3년	24.819672862496848	895692.3542617862	121.43197880390267	2.4721878862793574	-0.8460395892395329	0.4138239632607898	1.8837328092760264	-83323.46231986141	-20.599125419001584	3년	0.4138239632607898	불리(<1)	3년	8.159836431248424	3.1486100142189284	매우 불리	N	주당순현금<=0 / 주당FCF<=0	제외	하드필터 미통과	204757766.0	주당순현금 음수(린치식); 주당순현금 음수(보수형); 단기위험부채 존재; 주당FCF 음수; 배당감안점수<1; PER>연성장률의 2배; fs=2025:CFS,2024:CFS,2022:CFS,2020:CFS
"=""064350"""	현대로템	방산	메인	147700.0	600.0	7055.0	908414081000.0		60775088000.0	49136977000.0						판정불가	일반	일반	7766.386844661084	7316.175404518884	19.8346723111749	19.898486831393498	N	N	89.24356223175967	57.31843168250532	84.95065921728904	186.98712446351934	123.13686336501064	178.4013184345781	1319194.163090129	868730.57104015	1258621.3015559483	793.1578626202632	488.17235683151654	752.1471235991525	3년	123.13686336501064	868730.57104015	488.17235683151654	0.4062288422477996	4.5198523911836235	2.9102906072328163	4.303418111497944	6852.009336460757	4.6391396997026115	3년	2.9102906072328163	안심(>=2)	3년	57.31843168250532	0.34604352786625214	매우 유망	Y	통과	매우 유망	배당감안점수>=2 & 린치PER배수<=0.5	109142000.0	단기위험부채 존재; fs=2025:CFS,2024:CFS,2022:CFS,2020:CFS
"=""004020"""	현대제철	철강	watchlist	27650.0	500.0	-53.0	1342926134232.0	805366237672.0	5816297925103.0	1215935236760.0						판정불가	일반	일반	-27486.85957521251	-36598.68904783317			Y	Y													판정불가				1.8083182640144666				3999.7338333915905	14.465583484237216	판정불가		판정불가	판정불가			판정불가	N	주당순현금<=0 / 순현금차감PER<=0	제외	하드필터 미통과	133445785.0	린치식 단독판정 비중 낮춤; 주당순현금 음수(린치식); 주당순현금 음수(보수형); 단기위험부채 존재; fs=2025:CFS,2024:CFS,2022:CFS,2020:CFS
"=""011210"""	현대위아	직접추가	메인	62300.0	1200.0	5351.0	1116473000000.0	572468000000.0	739686000000.0	71245000000.0						판정불가	일반	일반	34905.39080171221	32285.615748994038	5.119530778973611	5.609116847506254	N	N	46.32212195788898	29.51602682110046	18.44874189552963	101.14424391577796	67.53205364220092	45.39748379105926	541222.8491933278	361364.01903941715	242921.9357659581	768.7365155591136	480.03855383534057	289.92285034664224	3년	67.53205364220092	361364.01903941715	480.03855383534057	1.9261637239165328	9.42435698989558	6.141615687545623	3.979838485028314	5543.207939464645	8.897605039269093	3년	6.141615687545623	안심(>=2)	3년	29.51602682110046	0.17344918440424215	매우 유망	Y	통과	매우 유망	배당감안점수>=2 & 린치PER배수<=0.5	27195083.0	단기위험부채 존재; fs=2025:CFS,2024:CFS,2022:CFS,2020:CFS
"=""139130"""	iM금융지주	직접추가	메인	17290.0	700.0	2511.0		10012037000000.0	9824584000000.0							판정불가	일반	일반	1167.025597818984	1167.025597818984	6.420937635277187	6.420937635277187	N	N	123.9964317573595			256.49286351471903			644053.5802854595			3625.006248036203			1년	256.49286351471903	644053.5802854595	3625.006248036203	4.048582995951417	19.94179386664971					1년	19.94179386664971	안심(>=2)	1년	123.9964317573595	0.051783245245652705	매우 유망	N	주당FCF<=0	제외	하드필터 미통과	160624583.0	fs=2025:CFS,2024:CFS,2022:NA,2020:NA
"=""024110"""	IBK기업은행	금융/은행	보정필요	20200.0	1048.0	3183.0			203390126000000.0							판정불가	금융보정	보정보류	-255058.34950533815	-255058.34950533815	86.47764671861079	86.47764671861079	Y	Y	2.4790727623953623			13.458145524790725			42837.27720540888			112.06572873964791			1년	13.458145524790725	42837.27720540888	112.06572873964791	5.188118811881188	0.08866096459845617					1년	0.08866096459845617	불리(<1)	1년	2.4790727623953623	34.88306113090977	매우 불리	N	주당순현금<=0 / 주당FCF<=0	제외	하드필터 미통과	797425869.0	린치식 단독판정 비중 낮춤; 주당순현금 음수(린치식); 주당순현금 음수(보수형); 배당감안점수<1; PER>연성장률의 2배; fs=2025:CFS,2024:CFS,2022:NA,2020:NA
"=""007660"""	이수페타시스	직접추가	메인	84700.0	230.0	2278.0	162780032068.0	175712986992.0	105628209085.0							판정불가	일반	일반	3172.1466751335415	3172.1466751335415	35.78922446218896	35.78922446218896	N	N	94.53458582408199	12.033069515911986		197.56917164816397	32.56613903182397		450062.57301451755	74185.66471449501		431.3607709734564	-12.41361899115111		3년	32.56613903182397	74185.66471449501	-12.41361899115111	0.2715466351829988	2.649013324092198	0.3438078454059466		185.87558603504556	0.2194516954368897	3년	0.3438078454059466	불리(<1)	3년	12.033069515911986	2.974238984895991	매우 불리	Y	통과	제외	배당감안점수<1	73409219.0	1년 점수 과열 가능; 배당감안점수<1; PER>연성장률의 2배; fs=2025:CFS,2024:CFS,2022:CFS,2020:CFS
"=""457190"""	이수스페셜티케미컬	직접추가	메인	60200.0		26.0	26339571000.0	550236000.0	1431768000.0							판정불가	일반	일반	842.7503651316791	842.7503651316791	2282.9711398026275	2282.9711398026275	N	N	-92.73743016759776												1년					-0.04062137648205895			-1474.6892904859199	-2.4496499841958803	1년	-0.04062137648205895	불리(<1)	1년	-92.73743016759776		판정불가	N	주당FCF<=0	제외	하드필터 미통과	30208280.0	주당FCF 음수; 배당감안점수<1; fs=2025:CFS,2024:OFS,2022:NA,2020:NA
"=""175330"""	JB금융지주	직접추가	메인	27800.0	1140.0	3619.0		3918901000000.0	14183144000000.0							판정불가	일반	일반	-54055.16269326126	-54055.16269326126	22.61817150960521	22.61817150960521	Y	Y	5.2340796743239215			18.968159348647845			68645.76868275655			146.92722547754155			1년	18.968159348647845	68645.76868275655	146.92722547754155	4.100719424460432	0.4127123669046441					1년	0.4127123669046441	불리(<1)	1년	5.2340796743239215	4.321327323418471	매우 불리	N	주당순현금<=0 / 주당FCF<=0	제외	하드필터 미통과	189884601.0	주당순현금 음수(린치식); 주당순현금 음수(보수형); 배당감안점수<1; PER>연성장률의 2배; fs=2025:CFS,2024:CFS,2022:NA,2020:NA
"=""035720"""	카카오	직접추가	메인	38150.0	75.0	1138.0	6373784263399.0	3754429416501.0	2787664614576.0	1144217904147.0						판정불가	일반	일반	16588.990645648104	14003.159539614913	18.94640540804209	21.218664727930655	N	N	803.1746031746031	-28.535770270641315	-8.670866917633225	1614.8492063492063			1837698.3968253967			4717.033805571157			3년				0.19659239842726078	42.40230155911407	-1.495754854912218	-0.44727611051798405	1786.2097378837223	4.682070086195864	3년	-1.495754854912218	불리(<1)	3년	-28.535770270641315		판정불가	Y	통과	보류	배당감안점수 또는 린치PER배수 미산출	442495220.0	단기위험부채 존재; 1년 점수 과열 가능; 배당감안점수<1; fs=2025:CFS,2024:CFS,2022:CFS,2020:CFS
"=""323410"""	카카오뱅크	직접추가	메인	21550.0	460.0	1008.0		5031536000000.0								판정불가	일반	일반	10548.040591320245	10548.040591320245	10.91464227051563	10.91464227051563	N	N	9.090909090909083			26.681818181818166			26895.27272727271			24.80404977852766			1년	26.681818181818166	26895.27272727271	24.80404977852766	2.134570765661253	1.028478953166829			12444.320071931525	57.746264834949066	1년	1.028478953166829	보통(1~1.5)	1년	9.090909090909083	1.2006106497567204	보통	Y	통과	보류	중간구간(보류)	477011437.0	fs=2025:OFS,2024:OFS,2022:NA,2020:NA
"=""377300"""	카카오페이	직접추가	메인	41550.0		335.0	1631491473258.0	2303511051026.0	95911725899.0	38914909706.0						판정불가	일반	일반	28407.16665292835	28119.217661003742	39.23233834946761	40.09188757909331	N	N	-428.4313725490196	-6.283340638970736											3년					-10.920362909105913	-0.1601571790852992		721.2173895844579	1.7357819243909938	3년	-0.1601571790852992	불리(<1)	3년	-6.283340638970736		판정불가	Y	통과	보류	배당감안점수 또는 린치PER배수 미산출	135145150.0	단기위험부채 존재; 배당감안점수<1; fs=2025:CFS,2024:CFS,2022:CFS,2020:NA
"=""035250"""	강원랜드	직접추가	메인	14180.0	950.0		200357737326.0	3009244892731.0	0.0							판정불가	일반	일반	15002.314335326879	15002.314335326879			N	N													판정불가				6.699576868829338				808.0316694922186	5.698389770749073	판정불가		판정불가	판정불가			판정불가	N	순현금차감PER<=0	제외	하드필터 미통과	213940500.0	EPS 미추출; fs=2025:CFS,2024:CFS,2022:CFS,2020:CFS
"=""105560"""	KB금융	금융/은행	보정필요	170700.0	4367.0	15410.0		89862530000000.0	80049270000000.0							판정불가	금융보정	보정양호	25725.386408830236	25725.386408830236	9.407826968927305	9.407826968927305	N	N	19.64285714285714			47.78571428571428			736377.857142857			331.3871453678131			1년	47.78571428571428	736377.857142857	331.3871453678131	2.558289396602226	2.3598591484289146					1년	2.3598591484289146	안심(>=2)	1년	19.64285714285714	0.4789439184181174	매우 유망	N	주당FCF<=0	제외	하드필터 미통과	381462103.0	린치식 단독판정 비중 낮춤; fs=2025:CFS,2024:CFS,2022:NA,2020:NA
"=""002380"""	케이씨씨	직접추가	메인	432000.0	15000.0		1193612441434.0	36838546215.0	2949860953111.0	758686269704.0						판정불가	일반	일반	-193486.25179354099	-278861.68031899276			Y	Y													판정불가				3.4722222222222223				51624.29856328795	11.95006911187221	판정불가		판정불가	판정불가			판정불가	N	주당순현금<=0 / 순현금차감PER<=0	제외	하드필터 미통과	8886471.0	주당순현금 음수(린치식); 주당순현금 음수(보수형); 단기위험부채 존재; EPS 미추출; fs=2025:CFS,2024:CFS,2022:CFS,2020:CFS
"=""015760"""	한국전력	유틸리티	메인	35700.0	1542.0	13311.0	2240811000000.0	4250164000000.0	83995702000000.0							판정불가	일반	일반	-120730.62929345189	-120730.62929345189	11.751981766467726	11.751981766467726	Y	Y	144.73248758963044			297.9649751792609			3966211.7846111413			11009.83693168387			1년	297.9649751792609	3966211.7846111413	11009.83693168387	4.319327731092438	12.68312173066987			7699.067871674695	21.566016447268055	1년	12.68312173066987	안심(>=2)	1년	144.73248758963044	0.08119795328737038	매우 유망	N	주당순현금<=0	제외	하드필터 미통과	641964077.0	주당순현금 음수(린치식); 주당순현금 음수(보수형); fs=2025:CFS,2024:CFS,2022:CFS,2020:CFS
"=""052690"""	한전기술	원전/유틸리티	메인	102500.0	1347.0	2244.0	27327763423.0	143766317133.0	10000000.0							판정불가	일반	일반	4476.297241130298	4476.297241130298	43.682576987018585	43.682576987018585	N	N	45.90377113133941	68.14874025084036	33.4594702358408	100.30754226267882	144.79748050168072	75.4189404716816	225090.12483745127	324925.5462457715	169240.1024184535	119.60012179263538	217.0005329227039	65.11229504239364	3년	144.79748050168072	324925.5462457715	217.0005329227039	1.3141463414634145	1.0809325074121625	1.5901737347809513	0.7960523159528362	565.6546605965464	0.5518582054600452	3년	1.5901737347809513	양호(>=1.5)	3년	68.14874025084036	0.6409887670151015	헐값	Y	통과	양호	배당감안점수>=1.5 & 린치PER배수<1	38220000.0	fs=2025:CFS,2024:CFS,2022:CFS,2020:CFS
"=""051600"""	한전KPS	원전/유틸리티	메인	46600.0	1651.0	2761.0	145552915316.0	253105895590.0								판정불가	일반	일반	8859.0846868	8859.0846868	13.669292036653387	13.669292036653387	N	N	-27.94885177453027	7.4435664015639835	7.368549852889328		23.38713280312797	23.237099705778654		64571.873669436325	64157.632287654866		38.56625250952001	37.677322505697134	3년	23.38713280312797	64571.873669436325	38.56625250952001	3.5429184549356223	-1.7854570122689308	0.8037347382029739	0.7982467766850326	1565.3651230222222	3.3591526245112067	3년	0.8037347382029739	불리(<1)	3년	7.4435664015639835	1.836390152142836	보통	Y	통과	제외	배당감안점수<1	45000000.0	배당감안점수<1; fs=2025:CFS,2024:CFS,2022:CFS,2020:CFS
"=""000270"""	기아	직접추가	메인	133000.0	6800.0	19382.0	13998106000000.0	7661873000000.0	978970000000.0	211292000000.0						판정불가	일반	일반	52972.13234688462	52430.93110337479	4.12897882845503	4.156901707595977	N	N	-22.138753866548832	12.82583771622907	39.189006811542605		34.15167543245814	86.87801362308521		661927.7732319037	1683869.6600426375		397.69005506158175	1166.0674135658928	3년	34.15167543245814	661927.7732319037	397.69005506158175	5.112781954887218	-4.123530930777949	4.344565670206769	10.729478306142477	10401.987179740363	7.821042992285987	3년	4.344565670206769	안심(>=2)	3년	12.82583771622907	0.32192663900857404	매우 유망	Y	통과	매우 유망	배당감안점수>=2 & 린치PER배수<=0.5	390412998.0	단기위험부채 존재; fs=2025:CFS,2024:CFS,2022:CFS,2020:CFS
"=""039490"""	키움증권	직접추가	메인	292500.0	11500.0	42059.0		62457765152889.0								판정불가	일반	일반	2288251.0791779323	2288251.0791779323	-47.45122516412498	-47.45122516412498	N	N	43.20394960844398			94.90789921688796			3991731.3331630905			1264.6944728762703			1년	94.90789921688796	3991731.3331630905	1264.6944728762703	3.9316239316239314	-0.993347871989284			-250622.40952773768	-85.68287505221801	1년	-0.993347871989284	불리(<1)	1년	43.20394960844398		판정불가	N	주당FCF<=0 / 순현금차감PER<=0	제외	하드필터 미통과	27294979.0	주당FCF 음수; 배당감안점수<1; fs=2025:CFS,2024:CFS,2022:NA,2020:NA
"=""161890"""	한국콜마	직접추가	메인	102300.0	864.0	5299.0	225316644282.0	284826044.0	476529423888.0	829915405830.0						판정불가	일반	일반	-10630.253549352963	-45788.59706291151	21.31161606894753	27.946517656710988	Y	Y	38.35509138381201		-5.429179724160593	85.21018276762402			451528.7584856397			341.3770855187094			5년				0.844574780058651	1.8393568107201046		-0.21512235061244475	4731.724715873624	4.625341853248899	5년	-0.21512235061244475	불리(<1)	5년	-5.429179724160593		판정불가	N	주당순현금<=0	제외	하드필터 미통과	23605077.0	주당순현금 음수(린치식); 주당순현금 음수(보수형); 단기위험부채 존재; 배당감안점수<1; fs=2025:CFS,2024:CFS,2022:CFS,2020:CFS
"=""120110"""	코오롱인더	직접추가	메인	53800.0	1300.0		263843934948.0	219536778414.0	1102334698976.0	1502712536405.0						판정불가	일반	일반	-22491.80343980112	-77097.98706719637			Y	Y													판정불가				2.41635687732342				6217.225588737651	11.556181391705673	판정불가		판정불가	판정불가			판정불가	N	주당순현금<=0 / 순현금차감PER<=0	제외	하드필터 미통과	27519091.0	주당순현금 음수(린치식); 주당순현금 음수(보수형); 단기위험부채 존재; EPS 미추출; fs=2025:CFS,2024:CFS,2022:CFS,2020:CFS
"=""047810"""	한국항공우주	우주항공/방산	메인	146500.0	500.0	1907.0	60938581663.0	200000.0	1487227060504.0	492840000000.0						판정불가	일반	일반	-14632.333554052933	-19688.393661788952	84.49519326379283	87.14650952374879	Y	Y	8.045325779036826	16.21391673368946	20.01192023737235	24.590651558073652	40.92783346737892	48.5238404747447	46894.372521246456	78049.3784222916	92534.96378533814	-67.99018940529253	-46.72397377317979	-36.836202194308434	3년	40.92783346737892	78049.3784222916	-46.72397377317979	0.3412969283276451	0.0992556189697271	0.19593083372603165	0.24088017767066977	-11214.27678311756	-7.654796438988096	3년	0.19593083372603165	불리(<1)	3년	16.21391673368946	5.211275884267233	매우 불리	N	주당순현금<=0 / 주당FCF<=0	제외	하드필터 미통과	97475107.0	주당순현금 음수(린치식); 주당순현금 음수(보수형); 단기위험부채 존재; 주당FCF 음수; 배당감안점수<1; PER>연성장률의 2배; fs=2025:CFS,2024:CFS,2022:CFS,2020:CFS
"=""071320"""	지역난방공사	유틸리티	메인	64300.0	6157.0	28102.0	13136000000.0	14472000000.0	3000419000000.0							판정불가	일반	일반	-256747.27759763927	-256747.27759763927	11.424356899780772	11.424356899780772	Y	Y	66.77744807121661		65.27173293436219	142.05489614243322		139.04346586872438	3992026.6913946583		3907399.4778428925	6108.439644470697		5976.8265596312485	5년	139.04346586872438	3907399.4778428925	5976.8265596312485	9.57542768273717	6.683341252707097		6.5515425746665565	29663.925551856057	46.13363227349309	5년	6.5515425746665565	안심(>=2)	5년	65.27173293436219	0.17502763273144903	매우 유망	N	주당순현금<=0	제외	하드필터 미통과	11578744.0	주당순현금 음수(린치식); 주당순현금 음수(보수형); fs=2025:CFS,2024:CFS,2022:CFS,2020:CFS
"=""036460"""	한국가스공사	유틸리티	메인	33950.0	1154.0		1147352000000.0	151248000000.0	21802116000000.0							판정불가	일반	일반	-222108.6520858384	-222108.6520858384			Y	Y													판정불가				3.399116347569956				46549.424241439454	137.11170616035184	판정불가		판정불가	판정불가			판정불가	N	주당순현금<=0 / 순현금차감PER<=0	제외	하드필터 미통과	92313000.0	주당순현금 음수(린치식); 주당순현금 음수(보수형); EPS 미추출; fs=2025:CFS,2024:CFS,2022:CFS,2020:CFS
"=""071050"""	한국금융지주	직접추가	메인	209500.0	8690.0	34592.0		111427682000000.0								판정불가	일반	일반	1999563.901886215	1999563.901886215	-51.74791575758022	-51.74791575758022	N	N													판정불가				4.147971360381861						판정불가		판정불가	판정불가			판정불가	N	주당FCF<=0 / 순현금차감PER<=0	제외	하드필터 미통과	55725992.0	fs=2025:CFS,2024:CFS,2022:NA,2020:NA
"=""006650"""	대한유화	직접추가	메인	89900.0	1300.0	5134.0	151455436829.0	90052666000.0								판정불가	일반	일반	37155.09274292308	37155.09274292308	10.273647693236642	10.273647693236642	N	N	-471.7595944967415		-24.26352631533887										5년				1.4460511679644048	-45.77863261151094		-2.220971151502079	19148.828141846156	21.300142538204845	5년	-2.220971151502079	불리(<1)	5년	-24.26352631533887		판정불가	Y	통과	보류	배당감안점수 또는 린치PER배수 미산출	6500000.0	배당감안점수<1; fs=2025:CFS,2024:CFS,2022:CFS,2020:CFS
"=""010130"""	고려아연	소재	메인	1095000.0	20000.0	42566.0	3451069963536.0	1038402532013.0	2668945939951.0	3128688084125.0						판정불가	일반	일반	87219.33882994796	-62672.518151442666	23.675719146033266	27.197117844087835	N	Y	348.6298482293424	-0.31206428596768365	5.597910450753152	705.7596964586847	7.875871428064633	19.695820901506302	30041367.239460375	335244.3432069992	838372.3124935173	2643.5038574849655	-69.38407824593615	-23.436318493742714	3년	7.875871428064633	335244.3432069992	-69.38407824593615	1.82648401826484	14.802352151838404	0.06396509955858676	0.3135868618487945	-75274.78704653852	-6.874409775939591	3년	0.06396509955858676	불리(<1)	3년	-0.31206428596768365		판정불가	N	주당FCF<=0	제외	하드필터 미통과	20872969.0	주당순현금 음수(보수형); 단기위험부채 존재; 주당FCF 음수; 1년 점수 과열 가능; 배당감안점수<1; fs=2025:CFS,2024:CFS,2022:CFS,2020:CFS
"=""003490"""	대한항공	직접추가	메인	26900.0	750.0	2133.0	1869988073408.0	3532702331766.0	5900725093281.0	2027009390000.0						판정불가	일반	일반	-1352.5441151358968	-6857.420958534969	13.24544965547862	15.826263928052024	Y	Y	-40.1850813236119	-23.620676172572395	-13.307685693628002										3년				2.7881040892193307	-2.823382988657114	-1.5728097290178622	-0.7942034342380768	-599.9903851348527	-2.230447528382352	3년	-1.5728097290178622	불리(<1)	3년	-23.620676172572395		판정불가	N	주당순현금<=0 / 주당FCF<=0	제외	하드필터 미통과	368220661.0	주당순현금 음수(린치식); 주당순현금 음수(보수형); 단기위험부채 존재; 주당FCF 음수; 1년 점수 과열 가능; 배당감안점수<1; fs=2025:CFS,2024:CFS,2022:CFS,2020:CFS
"=""259960"""	크래프톤	직접추가	메인	229000.0	2240.0	16454.0	596725775511.0	2771628277288.0	232600090556.0	253882981026.0						판정불가	일반	일반	66149.80047167496	60794.052303852826	9.897301539341502	10.222799787051608	N	N	-42.45444689259609	15.546458229987593			39.592916459975186			651461.8474324316			184.48115608403128		3년	39.592916459975186	651461.8474324316	184.48115608403128	0.9781659388646289	-4.190665585853314	1.6696090447651102		19894.79976593031	8.687685487305814	3년	1.6696090447651102	양호(>=1.5)	3년	15.546458229987593	0.6366274165424108	헐값	Y	통과	양호	배당감안점수>=1.5 & 린치PER배수<1	47403831.0	단기위험부채 존재; fs=2025:CFS,2024:CFS,2022:CFS,2020:NA
"=""030200"""	KT	통신	보정필요	52500.0	2400.0	7119.0	3506971000000.0									판정불가	통신보정	보정양호	13915.354148989203	13915.354148989203	5.419953062369827	5.419953062369827	N	N	273.1132075471698	10.974077918572789	21.542256858726816	554.7264150943396	30.448155837145578	51.58451371745363	3949097.3490566034	216760.42140463938	367230.1531545524	7422.090188679244	312.876993151694	599.4860060086712	3년	30.448155837145578	216760.42140463938	312.876993151694	4.571428571428571	51.233771385684875	2.8681994679865777	4.818064866919236	17845.761962904104	33.991927548388766	3년	2.8681994679865777	안심(>=2)	3년	10.974077918572789	0.4938868761991356	매우 유망	Y	통과	매우 유망	배당감안점수>=2 & 린치PER배수<=0.5	252021685.0	린치식 단독판정 비중 낮춤; 1년 점수 과열 가능; fs=2025:CFS,2024:CFS,2022:CFS,2020:CFS
"=""033780"""	KT&G	필수소비재	메인	176000.0	6000.0	10228.0	913503000000.0		1062456000000.0	332978000000.0						판정불가	일반	일반	-1262.563450588038	-4084.9695293504915	17.331107103107943	17.607056074437867	Y	Y	-10.146710006149517	6.408926515670932	1.8767217197089403		21.317853031341862	12.25344343941788		218039.00080456457	125328.21949836609		23.885795911684404	-28.790784375928357	3년	21.317853031341862	218039.00080456457	23.885795911684404	3.4090909090909087	-0.38875872481627954	0.5664968409895292	0.3049899003769908	-776.4757168675206	-0.44117938458381856	3년	0.5664968409895292	불리(<1)	3년	6.408926515670932	2.704213733880455	매우 불리	N	주당순현금<=0 / 주당FCF<=0	제외	하드필터 미통과	117976645.0	주당순현금 음수(린치식); 주당순현금 음수(보수형); 단기위험부채 존재; 주당FCF 음수; 배당감안점수<1; PER>연성장률의 2배; fs=2025:CFS,2024:CFS,2022:CFS,2020:CFS
"=""011780"""	금호석유	석유화학	watchlist	119800.0	1700.0	11391.0	650436032913.0	82275660739.0								판정불가	일반	일반	28146.856005717942	28146.856005717942	8.046101658702666	8.046101658702666	N	N	-15.138195634358931	-32.65223990875862	-11.416304781151009										3년				1.4190317195325544	-1.7050696718438456	-3.8817814531890997	-1.2424989747433033	19963.595148223274	16.664102794844133	3년	-3.8817814531890997	불리(<1)	3년	-32.65223990875862		판정불가	Y	통과	보류	배당감안점수 또는 린치PER배수 미산출	26031742.0	린치식 단독판정 비중 낮춤; 1년 점수 과열 가능; 배당감안점수<1; fs=2025:CFS,2024:CFS,2022:CFS,2020:CFS
"=""073240"""	금호타이어	직접추가	메인	7380.0		1209.0	574762190002.0	23370402051.0	732635884134.0	995816495352.0						판정불가	일반	일반	-468.2279387996295	-3934.8278846250682	6.491503671463714	9.358831997208494	Y	Y	6.896551724137923			22.293103448275843			26952.362068965496			265.20815811606366			1년	22.293103448275843	26952.362068965496	265.20815811606366		1.0623966453958544			2095.5020502990724	28.39433672491968	1년	1.0623966453958544	보통(1~1.5)	1년	6.896551724137923	0.9412680323622397	헐값	N	주당순현금<=0	제외	하드필터 미통과	287260287.0	주당순현금 음수(린치식); 주당순현금 음수(보수형); 단기위험부채 존재; fs=2025:CFS,2024:CFS,2022:CFS,2020:CFS
"=""066970"""	엘앤에프	2차전지	메인	79800.0		-15508.0	382883140911.0	62183142824.0	390410933286.0	781033333338.0						판정불가	일반	일반	1358.2710122097233	-18051.629894608985			N	Y	37.65311556896857			83.80623113793715									1년	83.80623113793715							-4189.943890632833	-5.250556253925856	판정불가		판정불가	1년	37.65311556896857		판정불가	N	주당FCF<=0 / 순현금차감PER<=0	제외	하드필터 미통과	40238914.0	주당순현금 음수(보수형); 단기위험부채 존재; 주당FCF 음수; fs=2025:CFS,2024:CFS,2022:CFS,2020:CFS
"=""003550"""	LG	직접추가	메인	106800.0	3100.0	4780.0	1511450000000.0	1839426000000.0	159829000000.0	0.0						판정불가	일반	일반	20691.31243852798	20691.31243852798	18.014369782734732	18.014369782734732	N	N	28.77155172413792	-27.26466268691552	-10.530872700659177	66.04310344827584			315686.03448275855			195.5861746093245			3년				2.902621722846442	1.7582726361785583	-1.3523670968172343	-0.42345366892178354	5491.624275551311	5.1419702954600295	3년	-1.3523670968172343	불리(<1)	3년	-27.26466268691552		판정불가	Y	통과	보류	배당감안점수 또는 린치PER배수 미산출	154221585.0	1년 점수 과열 가능; 배당감안점수<1; fs=2025:CFS,2024:CFS,2022:CFS,2020:CFS
"=""051910"""	LG화학	석유화학	watchlist	255500.0	2000.0	-23244.0	9899926000000.0	245464000000.0	2407851000000.0							판정불가	일반	일반	109608.75742571683	109608.75742571683			N	N	163.35825968728756			335.2165193745751									1년	335.2165193745751			0.7827788649706457				-79651.86819199358	-31.17489948806011	판정불가		판정불가	1년	163.35825968728756		판정불가	N	주당FCF<=0 / 순현금차감PER<=0	제외	하드필터 미통과	70592343.0	린치식 단독판정 비중 낮춤; 주당FCF 음수; fs=2025:CFS,2024:CFS,2022:CFS,2020:CFS
"=""064400"""	LG씨엔에스	직접추가	메인	73300.0	1850.0	4549.0	1140987852000.0	602021775000.0	159828598000.0	0.0						판정불가	일반	일반	16340.667162589976	16340.667162589976	12.521286620666086	12.521286620666086	N	N	8.827751196172251			26.155502392344502			118981.38038277514			62.32111921251724			1년	26.155502392344502	118981.38038277514	62.32111921251724	2.5238744884038202	0.9065862022390321			3767.269821212876	5.139522266320432	1년	0.9065862022390321	불리(<1)	1년	8.827751196172251	1.4184004898207108	보통	Y	통과	제외	배당감안점수<1	96885948.0	배당감안점수<1; fs=2025:CFS,2024:CFS,2022:NA,2020:NA
"=""034220"""	LG디스플레이	직접추가	메인	9800.0		453.0	1572058000000.0	611000000.0	8934975000000.0							판정불가	일반	일반	-14724.612	-14724.612	54.13821633554084	54.13821633554084	Y	Y	-108.33026848105922												1년					-2.000994414179512			490.0	5.0	1년	-2.000994414179512	불리(<1)	1년	-108.33026848105922		판정불가	N	주당순현금<=0	제외	하드필터 미통과	500000000.0	주당순현금 음수(린치식); 주당순현금 음수(보수형); 배당감안점수<1; fs=2025:CFS,2024:CFS,2022:CFS,2020:CFS
"=""066570"""	LG전자	직접추가	메인	179500.0	1350.0	5380.0	8769841000000.0	226864000000.0								판정불가	일반	일반	55233.007286238106	55233.007286238106	23.09795403601522	23.09795403601522	N	N	157.90987535953977	-6.773782148657093	-13.211093618974335	324.31975071907954			1744840.258868648			872.0558545229236			3년				0.7520891364902507	6.869091706072242	-0.26070244155727323	-0.5393986178627563	2290.6763841474362	1.2761428323941149	3년	-0.26070244155727323	불리(<1)	3년	-6.773782148657093		판정불가	Y	통과	보류	배당감안점수 또는 린치PER배수 미산출	162886387.0	1년 점수 과열 가능; 배당감안점수<1; fs=2025:CFS,2024:CFS,2022:CFS,2020:CFS
"=""373220"""	LG에너지솔루션	2차전지	메인	335500.0		-4585.0	3779307000000.0	46724000000.0	2407851000000.0							판정불가	일반	일반	6060.598290598291	6060.598290598291			N	N													판정불가								-28061.529914529914	-8.36409237392844	판정불가		판정불가	판정불가			판정불가	N	주당FCF<=0 / 순현금차감PER<=0	제외	하드필터 미통과	234000000.0	주당FCF 음수; fs=2025:CFS,2024:CFS,2022:CFS,2020:CFS
"=""051900"""	LG생활건강	직접추가	메인	292500.0	2000.0	-5930.0	1086333734803.0	100697817600.0	120239309804.0	55803511595.0						판정불가	일반	일반	69713.77885077163	66067.07660540048			N	N	-152.33430412143676												1년				0.6837606837606838				22989.9067608023	7.859797183180274	판정불가		판정불가	1년	-152.33430412143676		판정불가	N	순현금차감PER<=0	제외	하드필터 미통과	15302459.0	단기위험부채 존재; fs=2025:CFS,2024:CFS,2022:CFS,2020:CFS
"=""011070"""	LG이노텍	직접추가	메인	601000.0	1880.0	14421.0	1406403000000.0	72896000000.0								판정불가	일반	일반	62504.42861478592	62504.42861478592	37.34107006346398	37.34107006346398	N	N	-24.040031603897816	-29.57093933979966	0.6187699510769251			9.73753990215385			140425.0629289607			-76.6347649036671	3년				0.31281198003327787	-0.6354188453501287	-0.783537464514005	0.02494791738766213	24374.504243378797	4.055657943989816	3년	-0.783537464514005	불리(<1)	3년	-29.57093933979966		판정불가	Y	통과	보류	배당감안점수 또는 린치PER배수 미산출	23667107.0	1년 점수 과열 가능; 배당감안점수<1; fs=2025:CFS,2024:CFS,2022:CFS,2020:CFS
"=""032640"""	LG유플러스	통신	보정필요	14920.0	660.0	1221.0	794318000000.0	96103000000.0	6032435000000.0	0.0						판정불가	통신보정	보정주의	-11962.94739559469	-11962.94739559469	22.017155934147983	22.017155934147983	Y	Y	40.18369690011481	-7.505357255026945	16.093370483592317	88.86739380022962		40.68674096718463	108507.08783008037		49678.510720932434	627.2593018101902		232.96588955048549	3년				4.423592493297587	2.026024138941023	-0.13997106487989344	0.9318625456555303	2279.814694868141	15.280259348982177	3년	-0.13997106487989344	불리(<1)	3년	-7.505357255026945		판정불가	N	주당순현금<=0	제외	하드필터 미통과	429828355.0	린치식 단독판정 비중 낮춤; 주당순현금 음수(린치식); 주당순현금 음수(보수형); 1년 점수 과열 가능; 배당감안점수<1; fs=2025:CFS,2024:CFS,2022:CFS,2020:CFS
"=""079550"""	LIG넥스원	우주항공/방산	메인	798000.0	2950.0	11604.0	125190009682.0	74459447021.0	923361958512.0	603656788627.0						판정불가	일반	일반	-32896.0228095	-60334.96774709091	71.60427635380042	73.9688872584532	Y	Y	14.066647006782663	27.179527397785485	34.219216690902975	36.633294013565326	62.85905479557097	76.93843338180595	425092.74373341206	729416.4718478055	892793.5809624762	-46.73023261486065	-8.594427086741163	11.878894857453147	3년	62.85905479557097	729416.4718478055	-8.594427086741163	0.36967418546365916	0.20161255622381707	0.38474240626533424	0.4830562172775987	-39377.47379822727	-4.9345205260936424	3년	0.38474240626533424	불리(<1)	3년	27.179527397785485	2.634493061848991	매우 불리	N	주당순현금<=0 / 주당FCF<=0	제외	하드필터 미통과	22000000.0	주당순현금 음수(린치식); 주당순현금 음수(보수형); 단기위험부채 존재; 주당FCF 음수; 배당감안점수<1; PER>연성장률의 2배; fs=2025:CFS,2024:CFS,2022:CFS,2020:CFS
"=""004990"""	롯데지주	직접추가	메인	22850.0	1250.0	-8978.0	1391291862106.0	1039362449959.0	5672138060606.0	3773429305995.0						판정불가	일반	일반	-30897.982305800204	-66866.49579327319			Y	Y	-37.605115018416846												1년				5.470459518599562				-1991.5043153635747	-8.715554990650217	판정불가		판정불가	1년	-37.605115018416846		판정불가	N	주당순현금<=0 / 주당FCF<=0 / 순현금차감PER<=0	제외	하드필터 미통과	104909237.0	주당순현금 음수(린치식); 주당순현금 음수(보수형); 단기위험부채 존재; 주당FCF 음수; fs=2025:CFS,2024:CFS,2022:CFS,2020:CFS
"=""011170"""	롯데케미칼	석유화학	watchlist	57700.0	1000.0		1870312010924.0	824440281077.0	9399387662619.0							판정불가	일반	일반	-156740.37864171478	-156740.37864171478			Y	Y													판정불가				1.733102253032929				-26783.67225319289	-46.41884272650414	판정불가		판정불가	판정불가			판정불가	N	주당순현금<=0 / 주당FCF<=0 / 순현금차감PER<=0	제외	하드필터 미통과	42775419.0	린치식 단독판정 비중 낮춤; 주당순현금 음수(린치식); 주당순현금 음수(보수형); 주당FCF 음수; EPS 미추출; fs=2025:CFS,2024:CFS,2022:CFS,2020:CFS
"=""005300"""	롯데칠성음료	직접추가	메인	100300.0	3400.0	4697.0	213358325740.0	11845742299.0	168590223949.0	1587240348429.0						판정불가	일반	일반	5630.868480357551	-152237.61390908112	20.1552334510629	53.76572576305751	N	Y	-20.09186798230691	-28.321091651421646											3년				3.389830508474576	-0.8286700084315589	-1.2369621618861628		12123.245426933277	12.08698447351274	3년	-1.2369621618861628	불리(<1)	3년	-28.321091651421646		판정불가	Y	통과	보류	배당감안점수 또는 린치PER배수 미산출	10054194.0	주당순현금 음수(보수형); 단기위험부채 존재; 1년 점수 과열 가능; 배당감안점수<1; fs=2025:CFS,2024:CFS,2022:CFS,2020:CFS
"=""004000"""	롯데정밀화학	직접추가	메인	47000.0	1500.0	4165.0	172038879703.0	562065025.0	45301437028.0	842860000.0						판정불가	일반	일반	4934.089445736434	4901.420453488372	10.099858476413822	10.107702172031603	N	N		-10.129293888244783	-11.804095268565707										3년				3.1914893617021276		-0.6869209645604932	-0.8527452069726105	1136.2980498449613	2.4176554252020455	3년	-0.6869209645604932	불리(<1)	3년	-10.129293888244783		판정불가	Y	통과	보류	배당감안점수 또는 린치PER배수 미산출	25800000.0	단기위험부채 존재; 배당감안점수<1; fs=2025:CFS,2024:CFS,2022:CFS,2020:CFS
"=""023530"""	롯데쇼핑	직접추가	메인	114300.0	4000.0	1824.0	571525104252.0		9833740433980.0							판정불가	일반	일반	-327416.85979916755	-327416.85979916755	242.16933103024536	242.16933103024536	Y	Y	-105.26042567918326												1년				3.499562554680665	-0.4202054103696282			36267.714863697605	31.730284220207878	1년	-0.4202054103696282	불리(<1)	1년	-105.26042567918326		판정불가	N	주당순현금<=0	제외	하드필터 미통과	28288755.0	주당순현금 음수(린치식); 주당순현금 음수(보수형); 배당감안점수<1; fs=2025:CFS,2024:CFS,2022:CFS,2020:CFS
"=""280360"""	롯데웰푸드	직접추가	메인	101800.0	3300.0	8176.0	465769787384.0	60447985569.0	1114724963974.0							판정불가	일반	일반	-63249.23537832038	-63249.23537832038	20.187039552142906	20.187039552142906	Y	Y	-14.575279490126425		5.046315298946524			18.59263059789305			152013.34776837355			49.32548896696814	5년	18.59263059789305	152013.34776837355	49.32548896696814	3.2416502946954813	-0.5614309699129634		0.41055874350641064	-12931.762180407184	-12.703106267590556	5년	0.41055874350641064	불리(<1)	5년	5.046315298946524	4.0003524069051295	매우 불리	N	주당순현금<=0 / 주당FCF<=0	제외	하드필터 미통과	9304574.0	주당순현금 음수(린치식); 주당순현금 음수(보수형); 주당FCF 음수; 배당감안점수<1; PER>연성장률의 2배; fs=2025:CFS,2024:CFS,2022:CFS,2020:CFS
"=""006260"""	LS	직접추가	메인	329000.0	2500.0	9903.0	2086611000000.0	856757000000.0	2796384000000.0	5804770000000.0						판정불가	일반	일반	4636.719242902208	-178479.05362776027	32.754042285882846	51.24498168512171	N	Y	14.129307364296405	-15.509731147342876	16.589235636822398	36.75861472859281		41.678471273644796	364020.5616572546		412741.90102290444	10.644547616186806		25.4534653565059	3년				0.7598784194528876	0.4545755193754087	-0.4503215999769057	0.5296785631785315	-31030.6309148265	-9.431802709673708	3년	-0.4503215999769057	불리(<1)	3년	-15.509731147342876		판정불가	N	주당FCF<=0	제외	하드필터 미통과	31700000.0	주당순현금 음수(보수형); 단기위험부채 존재; 주당FCF 음수; 1년 점수 과열 가능; 배당감안점수<1; fs=2025:CFS,2024:CFS,2022:CFS,2020:CFS
"=""010120"""	LS ELECTRIC	전력설비	메인	212000.0	3000.0	9647.0	762716704001.0	205184236697.0	773010797653.0	302192853551.0						판정불가	일반	일반	6496.3381015	-3576.7570168666666	21.302338747641752	22.346507413378944	N	Y	19.423124535776193	45.94979891928113	27.235637161019888	47.346249071552386	100.39959783856226	62.971274322039775	456749.26479326584	968554.9203486101	607483.8833847177	115.44776641191783	356.86552846632554	186.54900159656495	3년	100.39959783856226	968554.9203486101	356.86552846632554	1.4150943396226416	0.9782127268868871	2.22345977218803	1.3449570885175353	3012.7272868333334	1.421097776808176	3년	2.22345977218803	안심(>=2)	3년	45.94979891928113	0.4636002604725875	매우 유망	Y	통과	매우 유망	배당감안점수>=2 & 린치PER배수<=0.5	30000000.0	주당순현금 음수(보수형); 단기위험부채 존재; fs=2025:CFS,2024:CFS,2022:CFS,2020:CFS
"=""138040"""	메리츠금융지주	직접추가	메인	120400.0	1350.0	12903.0		57255930460341.0								판정불가	일반	일반	326762.6475868441	326762.6475868441	-15.993385072219182	-15.993385072219182	N	N	5.253283302063783			19.006566604127563			245241.72889305794			103.68914359888532			1년	19.006566604127563	245241.72889305794	103.68914359888532	1.1212624584717608	-0.398573893628576					1년	-0.398573893628576	불리(<1)	1년	5.253283302063783		판정불가	N	주당FCF<=0 / 순현금차감PER<=0	제외	하드필터 미통과	175221773.0	배당감안점수<1; fs=2025:CFS,2024:CFS,2022:NA,2020:NA
"=""006800"""	미래에셋증권	금융/증권	보정필요	35200.0	0.0	2680.0	1698057000000.0	128930885000000.0	9756730000000.0							판정불가	금융보정	보정주의	213146.27533903014	213146.27533903014	-66.39786393247392	-66.39786393247392	N	N	73.46278317152104			155.42556634304208			416540.51779935276			1083.3537437481614			1년	155.42556634304208	416540.51779935276	1083.3537437481614	0.0	-1.1064028090757871			-12193.31326010751	-34.64009448894179	1년	-1.1064028090757871	불리(<1)	1년	73.46278317152104		판정불가	N	주당FCF<=0 / 순현금차감PER<=0	제외	하드필터 미통과	567085734.0	린치식 단독판정 비중 낮춤; 주당FCF 음수; 배당감안점수<1; fs=2025:CFS,2024:CFS,2022:NA,2020:NA
"=""081660"""	미스토홀딩스	직접추가	메인	44050.0	1980.0	4061.0	625567094487.0	7474935386.0	1662319967352.0							판정불가	일반	일반	-19386.744506858304	-19386.744506858304	15.620966389278085	15.620966389278085	Y	Y	186.591390261115	-10.790250426997183	11.983680556282028	381.68278052223		32.467361112564056	1550013.7717007762		131849.95347812262	3418.759981159538		199.3188501205962	3년				4.494892167990919	12.232679955080352	-0.4030069652622305	1.0549009781868237	5893.732083819284	13.379641506967726	3년	-0.4030069652622305	불리(<1)	3년	-10.790250426997183		판정불가	N	주당순현금<=0	제외	하드필터 미통과	53091840.0	주당순현금 음수(린치식); 주당순현금 음수(보수형); 1년 점수 과열 가능; 배당감안점수<1; fs=2025:CFS,2024:CFS,2022:CFS,2020:CFS
"=""002840"""	미원상사	직접추가	메인	118400.0	2400.0	9449.0	26488253934.0	2869800000.0		56542234.0						판정불가	일반	일반	6180.642933473684	6168.739305263158	11.876320993388328	11.877580769894893	N	N	-12.428174235403155	-13.799130124356108	-1.8410746860862304			4.817850627827539			45523.87058234242			-61.550784981129716	3년				2.027027027027027	-0.8757886566190451	-0.9912247322956943	0.015657402746550756	4071.338190526316	3.4386302284850645	3년	-0.9912247322956943	불리(<1)	3년	-13.799130124356108		판정불가	Y	통과	보류	배당감안점수 또는 린치PER배수 미산출	4750000.0	단기위험부채 존재; 1년 점수 과열 가능; 배당감안점수<1; fs=2025:CFS,2024:CFS,2022:CFS,2020:CFS
"=""268280"""	미원에스씨	직접추가	메인	115300.0	3200.0	12662.0	58959811112.0			34836825379.0						판정불가	일반	일반	11791.9622224	4824.5971466	8.174698924151002	8.724956788295687	N	N	13.418129702615555	-0.7008484463701614	13.343223272870098	35.33625940523111	7.098303107259677	35.186446545740196	447427.71658903634	89878.71394412204	445530.7861621624	288.0552615689821	-22.047949744907168	286.41004870959443	3년	7.098303107259677	89878.71394412204	-22.047949744907168	2.7753686036426712	1.9809290172653096	0.25377327978937925	1.9717658137711531	6279.6343486	5.446343754206417	3년	0.25377327978937925	불리(<1)	3년	-0.7008484463701614		판정불가	Y	통과	보류	배당감안점수 또는 린치PER배수 미산출	5000000.0	단기위험부채 존재; 1년 점수 과열 가능; 배당감안점수<1; fs=2025:CFS,2024:CFS,2022:CFS,2020:CFS
"=""035420"""	NAVER	직접추가	메인	229000.0	2630.0	13009.0	5984018799741.0	5235312755210.0	1256361590806.0	132159574017.0						판정불가	일반	일반	63518.0261625246	62675.45458896267	12.720576050232562	12.785344408566173	N	N	2.416942213824602		10.610774201816863	13.333884427649204		29.721548403633726	173460.5025192885		386647.62318287115	-24.253055668432964		68.84175684841536	5년	29.721548403633726	386647.62318287115	68.84175684841536	1.1484716157205241	0.28028713601220456		0.9244271463101232	11325.425174978569	4.945600513091078	5년	0.9244271463101232	불리(<1)	5년	10.610774201816863	1.1988358067269438	보통	Y	통과	제외	배당감안점수<1	156852638.0	단기위험부채 존재; 배당감안점수<1; fs=2025:CFS,2024:CFS,2022:CFS,2020:CFS
"=""036570"""	NC	직접추가	메인	235000.0	1150.0	17876.0	503522487163.0	1499844872739.0	177813001472.0							판정불가	일반	일반	84736.00511687186	84736.00511687186	8.405907075583361	8.405907075583361	N	N	278.087986463621	-5.903415055311056	-8.909537463398499	564.675972927242			10094147.692047378			4195.381996615905			3년				0.48936170212765956	33.140664732653576	-0.6440772309879083	-1.0016974593650843	2177.512866910366	0.926601219961858	3년	-0.6440772309879083	불리(<1)	3년	-5.903415055311056		판정불가	Y	통과	보류	배당감안점수 또는 린치PER배수 미산출	21544022.0	1년 점수 과열 가능; 배당감안점수<1; fs=2025:CFS,2024:CFS,2022:CFS,2020:CFS
"=""251270"""	넷마블	직접추가	메인	37950.0	876.0		688942929318.0	236601481356.0	377828444422.0	732523334222.0						판정불가	일반	일반	6372.235610039484	-2150.0853795346234			N	Y													판정불가				2.308300395256917				3193.167304922608	8.414143095975252	판정불가		판정불가	판정불가			판정불가	N	순현금차감PER<=0	제외	하드필터 미통과	85953502.0	주당순현금 음수(보수형); 단기위험부채 존재; EPS 미추출; fs=2025:CFS,2024:CFS,2022:CFS,2020:CFS
"=""005940"""	NH투자증권	직접추가	메인	28250.0	1300.0	2932.0	2630830000000.0	68236691000000.0	4707188000000.0							판정불가	일반	일반	185664.03388290948	185664.03388290948	-53.68827895051483	-53.68827895051483	N	N	45.43650793650793			99.37301587301586			291361.6825396825			931.3687877510885			1년	99.37301587301586	291361.6825396825	931.3687877510885	4.601769911504425	-0.9320149355901923			-15292.555387622808	-54.13293942521348	1년	-0.9320149355901923	불리(<1)	1년	45.43650793650793		판정불가	N	주당FCF<=0 / 순현금차감PER<=0	제외	하드필터 미통과	356344369.0	주당FCF 음수; 배당감안점수<1; fs=2025:CFS,2024:CFS,2022:NA,2020:NA
"=""004370"""	농심	필수소비재	메인	376500.0	6000.0	29342.0	253539960716.0	745596630000.0	125972160319.0	27652497602.0						판정불가	일반	일반	143550.1925638563	139004.05987973648	7.939125057465193	8.094061076963516	N	N	7.867068597897209	13.475331168715332	2.7004092516118794	24.234137195794418	35.450662337430664	13.900818503223759	711078.0535989997	1040193.3343048906	407877.8165215915	88.86535288154043	176.27977006770004	8.334081413437321	3년	35.450662337430664	1040193.3343048906	176.27977006770004	1.593625498007968	1.1916544993845697	1.8980626401084206	0.540870022645902	33019.471789396775	8.770112029056248	3년	1.8980626401084206	양호(>=1.5)	3년	13.475331168715332	0.5891599217907806	헐값	Y	통과	양호	배당감안점수>=1.5 & 린치PER배수<1	6082642.0	단기위험부채 존재; fs=2025:CFS,2024:CFS,2022:CFS,2020:CFS
"=""010060"""	OCI홀딩스	직접추가	메인	246000.0	1000.0	-4809.0	1034744959000.0									판정불가	일반	일반	55422.18002432964	55422.18002432964			N	N	-194.72129210163482												1년				0.40650406504065045				9707.740268037376	3.946235881316006	판정불가		판정불가	1년	-194.72129210163482		판정불가	N	순현금차감PER<=0	제외	하드필터 미통과	18670232.0	fs=2025:CFS,2024:CFS,2022:CFS,2020:CFS
"=""271560"""	오리온	필수소비재	메인	130300.0	3500.0	9682.0	311390944459.0	31192701875.0	22097727513.0							판정불가	일반	일반	8106.152590268567	8106.152590268567	12.62072375642754	12.62072375642754	N	N	-27.04393037450079	-0.8262042047842644	7.4207333275822185		6.847591590431471	23.34146665516444		66298.38177855751	225992.0801553021		-49.11866325513622	73.43981592885808	3년	6.847591590431471	66298.38177855751	-49.11866325513622	2.686108979278588	-1.929986097890554	0.1473691057968924	0.8008132102339651	9890.016867456836	7.590189460826428	3년	0.1473691057968924	불리(<1)	3년	-0.8262042047842644		판정불가	Y	통과	보류	배당감안점수 또는 린치PER배수 미산출	39536132.0	배당감안점수<1; fs=2025:CFS,2024:CFS,2022:CFS,2020:CFS
"=""001800"""	오리온홀딩스	직접추가	메인	25850.0	1100.0	2011.0	353427526408.0	40225597539.0	23781543774.0							판정불가	일반	일반	5904.20765579646	5904.20765579646	9.918345273099721	9.918345273099721	N	N	-24.681647940074903	5.512222260013111	9.302936730683564		19.524444520026222	27.10587346136713		39263.65792977273	54509.911530809295		51.89035949621945	110.87006394897215	3년	19.524444520026222	39263.65792977273	51.89035949621945	4.25531914893617	-2.059449255768348	0.9847954613397614	1.366987688600848	5198.228152968624	20.109199818060443	3년	0.9847954613397614	불리(<1)	3년	5.512222260013111	1.7993369652471398	보통	Y	통과	제외	배당감안점수<1	62645422.0	배당감안점수<1; fs=2025:CFS,2024:CFS,2022:CFS,2020:CFS
"=""007310"""	오뚜기	직접추가	메인	323500.0	9000.0	20279.0	412685029869.0	273077178893.0	186473980697.0	509239504017.0						판정불가	일반	일반	124578.19519914767	-2482.958596547259	9.809251185997944	16.074903032523657	N	Y	-49.363264083100276	-36.84393156790511	-8.312202484315046										3년				2.7820710973724885	-4.748700191531373	-3.4724220865251847	-0.5637669259439959	8412.798855490377	2.600556060429792	3년	-3.4724220865251847	불리(<1)	3년	-36.84393156790511		판정불가	Y	통과	보류	배당감안점수 또는 린치PER배수 미산출	4007830.0	주당순현금 음수(보수형); 단기위험부채 존재; 1년 점수 과열 가능; 배당감안점수<1; fs=2025:CFS,2024:CFS,2022:CFS,2020:CFS
"=""028670"""	팬오션	직접추가	메인	5860.0	150.0	564.0	839667000000.0									판정불가	일반	일반	1570.7349206252525	1570.7349206252525	7.60507992796941	7.60507992796941	N	N	12.350597609561742	-23.645583428215545	26.662075505745552	33.201195219123484		61.824151011491104	18725.474103585646		34868.82117048098	219.54733965163217		495.031077994556	3년				2.5597269624573378	1.960574341524403	-2.772601559151296	3.8424057005282837	898.78863125288	15.33768995312082	3년	-2.772601559151296	불리(<1)	3년	-23.645583428215545		판정불가	Y	통과	보류	배당감안점수 또는 린치PER배수 미산출	534569512.0	1년 점수 과열 가능; 배당감안점수<1; fs=2025:CFS,2024:CFS,2022:CFS,2020:CFS
"=""034230"""	파라다이스	직접추가	메인	9780.0	150.0	1087.0	341761126505.0	5000000000.0	796472209722.0	137240950000.0						판정불가	일반	일반	-4866.710272452332	-6351.912585875921	13.474434473277215	14.840765948367913	Y	Y	24.22857142857142	54.2810589168254		56.95714285714284	117.0621178336508		61912.414285714265	127246.52208517843		533.0512708150743	1201.089182875035		3년	117.0621178336508	127246.52208517843	1201.089182875035	1.5337423312883436	1.9119402607175933	4.142274123549069		1428.3554813839717	14.604861772842245	3년	4.142274123549069	안심(>=2)	3년	54.2810589168254	0.24823455441287587	매우 유망	N	주당순현금<=0	제외	하드필터 미통과	92405559.0	주당순현금 음수(린치식); 주당순현금 음수(보수형); 단기위험부채 존재; fs=2025:CFS,2024:CFS,2022:CFS,2020:CFS
"=""103140"""	풍산	직접추가	메인	80700.0	1700.0	5388.0	239069532140.0	18564061989.0	421550501295.0	535368466545.0						판정불가	일반	일반	-5849.103665257674	-24952.841736404414	16.06330802992904	19.608916432146327	Y	Y	-37.65332099051145	-5.551366378147627	15.984603902585516			40.46920780517103			218048.09165426152			170.19590043898577	3년				2.1065675340768277	-2.2129161309864798	-0.21445139678903466	1.1262419548299143			3년	-0.21445139678903466	불리(<1)	3년	-5.551366378147627		판정불가	N	주당순현금<=0 / 주당FCF<=0	제외	하드필터 미통과	28024278.0	주당순현금 음수(린치식); 주당순현금 음수(보수형); 단기위험부채 존재; 배당감안점수<1; fs=2025:CFS,2024:CFS,2022:CFS,2020:CFS
"=""005490"""	POSCO홀딩스	철강	watchlist	317000.0	10000.0	8697.0	7049800440769.0		16374578210992.0							판정불가	일반	일반	-115216.08368150219	-115216.08368150219	49.697146565655075	49.697146565655075	Y	Y	-39.817313680714136	-40.58072367872994	-15.48101970257214										3년				3.1545741324921135	-0.7377232312480304	-0.7530844753187994	-0.24803125374201349	-20625.34356158169	-6.506417527312836	3년	-0.7530844753187994	불리(<1)	3년	-40.58072367872994		판정불가	N	주당순현금<=0 / 주당FCF<=0	제외	하드필터 미통과	80932952.0	린치식 단독판정 비중 낮춤; 주당순현금 음수(린치식); 주당순현금 음수(보수형); 주당FCF 음수; 1년 점수 과열 가능; 배당감안점수<1; fs=2025:CFS,2024:CFS,2022:CFS,2020:CFS
"=""022100"""	포스코DX	직접추가	메인	20850.0	125.0	343.0	246949912811.0	5459116668.0	1166279518.0							판정불가	일반	일반	1652.5352570003922	1652.5352570003922	55.969284965013436	55.969284965013436	N	N	-40.86206896551724		43.180492810132876			94.86098562026575			32537.318067751152			56.05428329856667	5년	94.86098562026575	32537.318067751152	56.05428329856667	0.5995203836930456	-0.7193686431226061		0.7822149813275788	902.5027073978604	4.328550155385422	5년	0.7822149813275788	불리(<1)	5년	43.180492810132876	1.296170592844172	보통	Y	통과	제외	배당감안점수<1	152034729.0	배당감안점수<1; fs=2025:CFS,2024:CFS,2022:CFS,2020:CFS
"=""003670"""	포스코퓨처엠	2차전지	메인	146200.0	250.0	51.0	319841457995.0	455490703002.0	75416813902.0	2985898850806.0						판정불가	일반	일반	7868.972364368042	-25700.738083203534	2712.3730908947446	3370.6027075137945	N	Y	-101.85319767441861	-67.79595834778358	-36.26680545246004										3년				0.1709986320109439	-0.03748827894796185	-0.024932027213654756	-0.013307832518181335	-17346.109652439416	-11.86464408511588	3년	-0.024932027213654756	불리(<1)	3년	-67.79595834778358		판정불가	N	주당FCF<=0	제외	하드필터 미통과	88946220.0	주당순현금 음수(보수형); 단기위험부채 존재; 주당FCF 음수; 1년 점수 과열 가능; 배당감안점수<1; fs=2025:CFS,2024:CFS,2022:CFS,2020:CFS
"=""047050"""	포스코인터내셔널	에너지/상사	watchlist	54400.0	1850.0	3603.0	1171465925000.0	32399478000.0	3152207468000.0	2325933168000.0						판정불가	일반	일반	-11074.984015146463	-24296.313636184528	18.172351933151944	21.84188554987081	Y	Y	19.344153693275913	-8.992163844445855	13.250872999134566	47.18830738655183		35.00174599826913	170019.47151374622		126111.29083176368	212.5357932237982		131.82222579368323	3년				3.4007352941176467	1.2516205426277214	-0.3076887664786927	0.9163155300153841	5016.375456714567	9.221278413078249	3년	-0.3076887664786927	불리(<1)	3년	-8.992163844445855		판정불가	N	주당순현금<=0	제외	하드필터 미통과	175922788.0	린치식 단독판정 비중 낮춤; 주당순현금 음수(린치식); 주당순현금 음수(보수형); 단기위험부채 존재; 1년 점수 과열 가능; 배당감안점수<1; fs=2025:CFS,2024:CFS,2022:CFS,2020:CFS
"=""012750"""	에스원	직접추가	메인	73600.0	3200.0	5281.0	217937111676.0	27694386215.0	36737106943.0							판정불가	일반	일반	5497.339730559434	5497.339730559434	12.895788727407794	12.895788727407794	N	N	1.033097378993686	5.738563246263584	4.672200779142521	10.566194757987372	19.97712649252717	17.844401558285043	55800.07451693131	105499.20500703598	94236.2846293033	-24.184681362865067	43.3413111508641	28.038430202857747	3년	19.97712649252717	105499.20500703598	43.3413111508641	4.3478260869565215	0.41726206746191297	0.7821459816399758	0.6994552296695523	4591.768535203577	6.238815944570077	3년	0.7821459816399758	불리(<1)	3년	5.738563246263584	2.2472155788828023	매우 불리	Y	통과	제외	배당감안점수<1	37999178.0	배당감안점수<1; PER>연성장률의 2배; fs=2025:CFS,2024:CFS,2022:CFS,2020:CFS
"=""062040"""	산일전기	직접추가	메인	167200.0	1250.0	4901.0	108606384509.0	126933410833.0	741366607.0	520000000.0						판정불가	일반	일반	7712.165751415659	7695.085883324793	32.54189639840529	32.545381374551155	N	N	60.1110748121529			128.7221496243058			630867.2553087228			277.31295173966674			1년	128.7221496243058	630867.2553087228	277.31295173966674	0.7476076555023924	1.8701639794611864			3251.520036754562	1.9446890171977045	1년	1.8701639794611864	양호(>=1.5)	1년	60.1110748121529	0.541362743888688	헐값	Y	통과	양호	배당감안점수>=1.5 & 린치PER배수<1	30445200.0	단기위험부채 존재; fs=2025:CFS,2024:OFS,2022:NA,2020:NA
"=""207940"""	삼성바이오로직스	헬스케어	메인	1491000.0		24091.0	148851266520.0	1307174500000.0	918724421281.0							판정불가	일반	일반	11607.049188490424	11607.049188490424	61.40853226563902	61.40853226563902	N	N	58.274751987385855	28.169383318294948	45.91602063406175	125.04950397477171	64.8387666365899	100.3320412681235	3012567.600256225	1562030.7270420871	2417099.2061903635	102.0501408622552	4.763965596384123	62.11262281625509	3년	64.8387666365899	1562030.7270420871	4.763965596384123		0.9489683247159018	0.4587209998187345	0.7477140218144237	16692.97982791496	1.1195828187736392	3년	0.4587209998187345	불리(<1)	3년	28.169383318294948	2.1799743207639373	매우 불리	Y	통과	제외	배당감안점수<1	46290951.0	배당감안점수<1; PER>연성장률의 2배; fs=2025:CFS,2024:CFS,2022:CFS,2020:CFS
"=""028260"""	삼성물산	직접추가	메인	347500.0	2800.0	14955.0	3458217651048.0	2068618122746.0	1611322967337.0	981336899188.0						판정불가	일반	일반	23035.606644979205	17262.240061011005	21.69604770010169	22.082096953459647	N	N	9.328167263688858	6.272963576271873	18.957826688295864	27.156334527377716	21.045927152543747	46.41565337659173	406122.9828569337	314741.84056629176	694146.0962469293	16.869923124297472	-9.426808470131864	99.75427230127461	3년	21.045927152543747	314741.84056629176	-9.426808470131864	0.8057553956834532	0.4670861163033308	0.326267671872889	0.9109300623397266	6578.623290328812	1.893129004411169	3년	0.326267671872889	불리(<1)	3년	6.272963576271873	3.458659919877299	매우 불리	Y	통과	제외	배당감안점수<1	169976544.0	단기위험부채 존재; 배당감안점수<1; PER>연성장률의 2배; fs=2025:CFS,2024:CFS,2022:CFS,2020:CFS
"=""029780"""	삼성카드	직접추가	메인	46550.0	2800.0	6053.0		29504306000000.0	18053189000000.0							판정불가	일반	일반	98836.75651616586	98836.75651616586	-8.638155710584149	-8.638155710584149	N	N	-2.8098908156711677			2.8802183686576646			17433.961785484844			-62.54788016007553			1년	2.8802183686576646	17433.961785484844	-62.54788016007553	6.015037593984962	-0.37104526541314786					1년	-0.37104526541314786	불리(<1)	1년	-2.8098908156711677		판정불가	N	주당FCF<=0 / 순현금차감PER<=0	제외	하드필터 미통과	115858891.0	배당감안점수<1; fs=2025:CFS,2024:CFS,2022:NA,2020:NA
"=""028050"""	삼성E&A	직접추가	메인	49100.0	790.0	3150.0	861796626374.0	2074000285556.0		0.0						판정불가	일반	일반	14978.555673112245	14978.555673112245	10.832204548218334	10.832204548218334	N	N	-18.4360435007768												1년				1.6089613034623216	-1.5534309865005433			805.8218167704082	1.6411849628725217	1년	-1.5534309865005433	불리(<1)	1년	-18.4360435007768		판정불가	Y	통과	보류	배당감안점수 또는 린치PER배수 미산출	196000000.0	배당감안점수<1; fs=2025:CFS,2024:CFS,2022:CFS,2020:CFS
"=""009150"""	삼성전기	직접추가	메인	1356000.0	2350.0	9395.0	2701205916236.0		249136193271.0	2003354614634.0						판정불가	일반	일반	32828.335646491505	6007.402663954398	140.83785676993173	143.6926660283178	N	N	4.528259902091669	-10.207342192334501	3.285033400534343	17.55651980418334		15.070066801068686	164943.50356030246		141583.2775960403	-87.83602481118713		-89.55875533952505	3년				0.1733038348082596	0.03338281229726645	-0.07124532130531872	0.024555452025885573			3년	-0.07124532130531872	불리(<1)	3년	-10.207342192334501		판정불가	N	주당FCF<=0	제외	하드필터 미통과	74693696.0	단기위험부채 존재; 1년 점수 과열 가능; 배당감안점수<1; fs=2025:CFS,2024:CFS,2022:CFS,2020:CFS
"=""005930"""	삼성전자	반도체	메인	246000.0	1668.0	6605.0	57856378000000.0	67965021000000.0	6486651000000.0	17574980000000.0						판정불가	일반	일반	20159.129590764183	17190.201384077154	34.192410357189374	34.64190743617303	N	N	33.43434343434344	-6.409201466872028	11.451444833603809	75.36868686868688		31.402889667207617	497810.17676767684		207416.08625190632	102.3618604746654		-15.684517783777919	3년				0.6780487804878049	0.9976597688925051	-0.1676147608932512	0.35474228015461445	5602.031650745953	2.277248638514615	3년	-0.1676147608932512	불리(<1)	3년	-6.409201466872028		판정불가	Y	통과	보류	배당감안점수 또는 린치PER배수 미산출	5919637922.0	단기위험부채 존재; 1년 점수 과열 가능; 배당감안점수<1; fs=2025:CFS,2024:CFS,2022:CFS,2020:CFS
"=""000810"""	삼성화재해상보험	직접추가	메인	637000.0	19500.0	47478.0		11734007737216.0								판정불가	일반	일반	255025.28109142228	255025.28109142228	8.045299273528322	8.045299273528322	N	N	-2.667131347506102			3.165737304987796			150302.87576621058			-76.40457209321654			1년	3.165737304987796	150302.87576621058	-76.40457209321654	3.061224489795918	0.04898427378413531			72732.0784920961	11.417908711475055	1년	0.04898427378413531	불리(<1)	1년	-2.667131347506102		판정불가	Y	통과	보류	배당감안점수 또는 린치PER배수 미산출	46011155.0	배당감안점수<1; fs=2025:CFS,2024:CFS,2022:NA,2020:NA
"=""010140"""	삼성중공업	직접추가	메인	22200.0		639.0	772614649370.0	311797002761.0	592438711867.0	1454489650793.0						판정불가	일반	일반	559.0601593909091	-1093.7689892375	33.86688550956039	36.4534725966158	N	Y	752.0			1512.5			966487.5			4253.5472972972975			1년	1512.5	966487.5	4253.5472972972975		22.204580925745756			1530.2205002727273	6.892885136363637	1년	22.204580925745756	안심(>=2)	1년	752.0	0.04503575200739414	매우 유망	Y	통과	매우 유망	배당감안점수>=2 & 린치PER배수<=0.5	880000000.0	주당순현금 음수(보수형); 단기위험부채 존재; fs=2025:CFS,2024:CFS,2022:CFS,2020:CFS
"=""032830"""	삼성생명	직접추가	메인	294000.0	5300.0	12824.0	4537833000000.0	132160246000000.0								판정불가	일반	일반	683490.395	683490.395	-30.371989628820963	-30.371989628820963	N	N	9.307875894988072			27.115751789976144			347732.4009546541			18.27632685532452			1년	27.115751789976144	347732.4009546541	18.27632685532452	1.8027210884353742	-0.3658172256479451					1년	-0.3658172256479451	불리(<1)	1년	9.307875894988072		판정불가	N	주당FCF<=0 / 순현금차감PER<=0	제외	하드필터 미통과	200000000.0	배당감안점수<1; fs=2025:CFS,2024:CFS,2022:NA,2020:NA
"=""006400"""	삼성SDI	2차전지	메인	429000.0	1000.0		1803994237947.0		5493341323030.0	5390568184387.0						판정불가	일반	일반	-45781.75616742857	-112674.26384699586			Y	Y													판정불가				0.2331002331002331				-28996.751032548895	-6.759149424836572	판정불가		판정불가	판정불가			판정불가	N	주당순현금<=0 / 주당FCF<=0 / 순현금차감PER<=0	제외	하드필터 미통과	80585530.0	주당순현금 음수(린치식); 주당순현금 음수(보수형); 단기위험부채 존재; 주당FCF 음수; EPS 미추출; fs=2025:CFS,2024:CFS,2022:CFS,2020:CFS
"=""018260"""	삼성에스디에스	직접추가	메인	230500.0	3190.0	9819.0	1558981444019.0	4845117385939.0								판정불가	일반	일반	82764.03348192893	82764.03348192893	15.045927947659749	15.045927947659749	N	N	0.3269643404516298	-11.608687356751402	11.36201067352738	9.15392868090326		31.22402134705476	89882.42571778911		306588.6656067307	-61.0054552200481		33.01026707450354	3년				1.383947939262473	0.11371264608376773	-0.6795685485838904	0.8471367573425317	10905.769354957107	4.731353299330632	3년	-0.6795685485838904	불리(<1)	3년	-11.608687356751402		판정불가	Y	통과	보류	배당감안점수 또는 린치PER배수 미산출	77377800.0	1년 점수 과열 가능; 배당감안점수<1; fs=2025:CFS,2024:CFS,2022:CFS,2020:CFS
"=""016360"""	삼성증권	직접추가	메인	97600.0	4000.0	11279.0	3379830380886.0	70613319064436.0	4076142290150.0							판정불가	일반	일반	782945.2089045016	782945.2089045016	-60.76294076642447	-60.76294076642447	N	N	12.028208184346445			32.556416368692894			367203.82022248715			276.2334223591057			1년	32.556416368692894	367203.82022248715	276.2334223591057	4.098360655737705	-0.26540138835734467					1년	-0.26540138835734467	불리(<1)	1년	12.028208184346445		판정불가	N	주당FCF<=0 / 순현금차감PER<=0	제외	하드필터 미통과	89300000.0	배당감안점수<1; fs=2025:CFS,2024:CFS,2022:NA,2020:NA
"=""003230"""	삼양식품	직접추가	메인	1210000.0	4800.0	52156.0	332840576772.0	3879418399.0	340183053989.0	92341086958.0						판정불가	일반	일반	-459.7174993014085	-12717.901899305922	23.20844615191543	23.44347537961703	Y	Y	43.018536799385764	69.73880446754251	42.35358590359803	94.53707359877153	147.97760893508502	93.20717180719606	4930675.610617528	7717920.171618294	4861313.252776118	307.49385211715105	537.8446422825036	301.76142584926595	3년	147.97760893508502	7717920.171618294	537.8446422825036	0.39669421487603307	1.8706651332915136	3.0219816623367586	1.842013887471989	-20189.147647522273	-1.668524598968783	3년	3.0219816623367586	안심(>=2)	3년	69.73880446754251	0.33279099533054074	매우 유망	N	주당순현금<=0 / 주당FCF<=0	제외	하드필터 미통과	7533015.0	주당순현금 음수(린치식); 주당순현금 음수(보수형); 단기위험부채 존재; 주당FCF 음수; fs=2025:CFS,2024:CFS,2022:CFS,2020:CFS
"=""137310"""	에스디바이오센서	직접추가	메인	6400.0	200.0	-4279.0	366780003956.0	488796710916.0	899239816964.0							판정불가	일반	일반	-358.6318204794644	-358.6318204794644			Y	Y	431.55279503105584			871.6055900621117									1년	871.6055900621117			3.125				2464.3043924052927	38.5047561313327	판정불가		판정불가	1년	431.55279503105584		판정불가	N	주당순현금<=0 / 순현금차감PER<=0	제외	하드필터 미통과	121749102.0	주당순현금 음수(린치식); 주당순현금 음수(보수형); fs=2025:CFS,2024:CFS,2022:CFS,2020:NA
"=""001430"""	세아베스틸지주	철강	watchlist	40800.0	1200.0	1567.0	232872225511.0	13022996803.0	1004860666577.0	664568218048.0						판정불가	일반	일반	-21163.42997643279	-39694.63327894818	39.54271217385628	51.368623662379186	Y	Y	177.83687943262413	-15.225348963483798		364.17375886524826			570660.2801418441			1298.6771572104021			3년				2.941176470588235	4.5717161510922875	-0.31065579009568445		-2464.44276371399	-6.040300891455859	3년	-0.31065579009568445	불리(<1)	3년	-15.225348963483798		판정불가	N	주당순현금<=0 / 주당FCF<=0	제외	하드필터 미통과	35862119.0	린치식 단독판정 비중 낮춤; 주당순현금 음수(린치식); 주당순현금 음수(보수형); 단기위험부채 존재; 주당FCF 음수; 1년 점수 과열 가능; 배당감안점수<1; fs=2025:CFS,2024:CFS,2022:CFS,2020:CFS
"=""003030"""	세아제강지주	직접추가	메인	107500.0	1800.0	15656.0	657858846224.0	16603582224.0	0.0							판정불가	일반	일반	162848.45134399107	162848.45134399107	-3.5352868768517545	-3.5352868768517545	N	N	47.712048306444	-38.977007618002915	29.936065767104946	103.924096612888		68.3721315342099	1627035.6565713745		1070434.0912995902	1413.5215409966274		895.7526430693863	3년				1.6744186046511629	-13.969578320352555	10.55150269631597	-8.941419882707198	-147158.44666591173	-136.89157829387136	3년	10.55150269631597	안심(>=2)	3년	-38.977007618002915		판정불가	N	주당FCF<=0 / 순현금차감PER<=0	제외	하드필터 미통과	4141657.0	주당FCF 음수; fs=2025:CFS,2024:CFS,2022:CFS,2020:CFS
"=""004490"""	세방전지	직접추가	메인	53200.0	2650.0	10646.0	227178088991.0	123000000000.0	162095437595.0	251228623014.0						판정불가	일반	일반	13434.475099714286	-4510.426544142857	3.7352550159952767	5.420855395842838	N	Y	-17.389617443935744	48.94307252053962	16.711840434713388		106.38614504107925	41.923680869426775		1132586.9001073297	446319.50653591746		2028.9227445626498	738.9464408569877	3년	106.38614504107925	1132586.9001073297	2028.9227445626498	4.981203007518797	-3.3219724980707017	14.436571344430693	5.807647228726623	11070.1328675	20.80852042763158	3년	14.436571344430693	안심(>=2)	3년	48.94307252053962	0.07631835975209211	매우 유망	Y	통과	매우 유망	배당감안점수>=2 & 린치PER배수<=0.5	14000000.0	주당순현금 음수(보수형); 단기위험부채 존재; fs=2025:CFS,2024:CFS,2022:CFS,2020:CFS
"=""055550"""	신한지주	직접추가	메인	103600.0	2590.0	9812.0		78053377000000.0	92991422000000.0							판정불가	일반	일반	-30768.6938706553	-30768.6938706553	13.694322652940816	13.694322652940816	Y	Y	16.242151403862092			40.984302807724184			402137.9791493897			288.16407253802095			1년	40.984302807724184	402137.9791493897	288.16407253802095	2.5	1.3686074060652624					1년	1.3686074060652624	보통(1~1.5)	1년	16.242151403862092	0.8431347739859482	헐값	N	주당순현금<=0 / 주당FCF<=0	제외	하드필터 미통과	485494934.0	주당순현금 음수(린치식); 주당순현금 음수(보수형); fs=2025:CFS,2024:CFS,2022:NA,2020:NA
"=""004170"""	신세계	직접추가	메인	430000.0	5200.0	1590.0	845128179533.0	3188808721.0	2404267280398.0	2154639015848.0						판정불가	일반	일반	-161318.93140667863	-384709.14210858254	371.8986989979111	512.3956868607437	Y	Y	-86.49796195652173	-66.22887992742359											3년				1.2093023255813953	-0.22933304112316727	-0.17483141989213413		50780.68871201069	11.809462491165277	3년	-0.17483141989213413	불리(<1)	3년	-66.22887992742359		판정불가	N	주당순현금<=0	제외	하드필터 미통과	9645181.0	주당순현금 음수(린치식); 주당순현금 음수(보수형); 단기위험부채 존재; 1년 점수 과열 가능; 배당감안점수<1; fs=2025:CFS,2024:CFS,2022:CFS,2020:CFS
"=""034730"""	SK	직접추가	메인	562000.0	8000.0	29050.0	25214132000000.0	3449044000000.0	45546013000000.0	11714166000000.0						판정불가	일반	일반	-231053.85910201556	-391370.70990508975	27.299616492324116	32.8182688435487	Y	Y	-223.85418887230867	14.11831256779157	52.31072476454839		36.73662513558314	113.12144952909678		1067198.96018869	3286178.1088202614		89.89305341435767	484.7292008576978	3년	36.73662513558314	1067198.96018869	89.89305341435767	1.4234875444839856	-8.147759196191124	0.5693047049450484	1.9683138158420987	-54497.63687223273	-9.697088411429311	3년	0.5693047049450484	불리(<1)	3년	14.11831256779157	1.9336316830527862	보통	N	주당순현금<=0 / 주당FCF<=0	제외	하드필터 미통과	73068838.0	주당순현금 음수(린치식); 주당순현금 음수(보수형); 단기위험부채 존재; 주당FCF 음수; 배당감안점수<1; fs=2025:CFS,2024:CFS,2022:CFS,2020:CFS
"=""326030"""	에스케이바이오팜	직접추가	메인	82000.0		3409.0	307770519305.0	1711367837.0	0.0	0.0						판정불가	일반	일반	3951.8457878072995	3951.8457878072995	22.894735761863508	22.894735761863508	N	N	10.897852960312292			30.295705920624584			103278.06148340921			25.94885546757222			1년	30.295705920624584	103278.06148340921	25.94885546757222		0.4759981977370184			1874.8221177897738	2.2863684363289924	1년	0.4759981977370184	불리(<1)	1년	10.897852960312292	2.100848290506521	매우 불리	Y	통과	제외	배당감안점수<1	78313250.0	배당감안점수<1; PER>연성장률의 2배; fs=2025:CFS,2024:CFS,2022:CFS,2020:CFS
"=""302440"""	SK바이오사이언스	헬스케어	메인	34600.0		-733.0	105552891515.0	800748039267.0	1496569133.0							판정불가	일반	일반	11535.766059068677	11535.766059068677			N	N	5.014326647564471			18.52865329512894									1년	18.52865329512894							-2012.819504379828	-5.817397411502393	판정불가		판정불가	1년	5.014326647564471		판정불가	N	주당FCF<=0 / 순현금차감PER<=0	제외	하드필터 미통과	78434701.0	주당FCF 음수; fs=2025:CFS,2024:CFS,2022:CFS,2020:OFS
"=""285130"""	SK케미칼	직접추가	메인	41900.0	1150.0	2306.0	567555999965.0	950748039267.0	341978345417.0	477883213809.0						판정불가	일반	일반	68000.55528903044	40375.277635757375	-11.318540888564804	0.6611979029673136	N	N	92.16666666666666	-38.59552986089414	-34.69934418185778	192.83333333333331			444673.6666666666			961.2736674622115			3년				2.7446300715990453	-8.385471031354864	3.1674488913597942	2.8232185071260196	-13324.604357906223	-31.80096505466879	3년	3.1674488913597942	안심(>=2)	3년	-38.59552986089414		판정불가	N	주당FCF<=0 / 순현금차감PER<=0	제외	하드필터 미통과	17298766.0	단기위험부채 존재; 주당FCF 음수; fs=2025:CFS,2024:CFS,2022:CFS,2020:CFS
"=""000660"""	SK하이닉스	반도체	메인	1668000.0	3000.0	62044.0	14923766000000.0	20018487000000.0								판정불가	일반	일반	47997.4443489617	47997.4443489617	26.110543415173723	26.110543415173723	N	N	115.94041486843936	167.48263503477668	54.92375157287208	240.38082973687872	343.46527006955336	118.34750314574416	14914188.200194903	21309959.216195367	7342752.485174551	794.1359832251142	1177.57549257766	340.2129787274911	3년	343.46527006955336	21309959.216195367	1177.57549257766	0.1798561151079137	4.447256004486902	6.421256290378477	2.1103968160217383	34057.28359137954	2.041803572624673	3년	6.421256290378477	안심(>=2)	3년	167.48263503477668	0.1559000036615858	매우 유망	Y	통과	매우 유망	배당감안점수>=2 & 린치PER배수<=0.5	728002365.0	fs=2025:CFS,2024:CFS,2022:CFS,2020:CFS
"=""361610"""	SK아이이테크놀로지	직접추가	메인	13920.0		-2800.0	408979015000.0	44693499000.0	1097240539000.0	169179804000.0						판정불가	일반	일반	-7868.820694217059	-9937.359669189884			Y	Y	-19.075144508670515												1년								-1892.9730116363094	-13.598944049111417	판정불가		판정불가	1년	-19.075144508670515		판정불가	N	주당순현금<=0 / 주당FCF<=0 / 순현금차감PER<=0	제외	하드필터 미통과	81787100.0	주당순현금 음수(린치식); 주당순현금 음수(보수형); 단기위험부채 존재; 주당FCF 음수; fs=2025:CFS,2024:CFS,2022:CFS,2020:NA
"=""096770"""	SK이노베이션	에너지	메인	109200.0	2000.0		16091551855000.0	253291655000.0	22764517807000.0	7201712771000.0						판정불가	일반	일반	-37974.37695614934	-80574.75554913652			Y	Y													판정불가				1.8315018315018317				-19919.883669709132	-18.24165171218785	판정불가		판정불가	판정불가			판정불가	N	주당순현금<=0 / 주당FCF<=0 / 순현금차감PER<=0	제외	하드필터 미통과	169052788.0	주당순현금 음수(린치식); 주당순현금 음수(보수형); 단기위험부채 존재; 주당FCF 음수; EPS 미추출; fs=2025:CFS,2024:CFS,2022:CFS,2020:CFS
"=""402340"""	SK스퀘어	직접추가	메인	1119000.0		66713.0	1310718000000.0	317762000000.0	86661000000.0	0.0						판정불가	일반	일반	11672.743401201547	11672.743401201547	16.598372979761045	16.598372979761045	N	N	140.21676508713813			288.93353017427626			19275622.59851649			1622.5757460693912			1년	288.93353017427626	19275622.59851649	1622.5757460693912		8.447621056480003			2638.92507607574	0.23582887185663448	1년	8.447621056480003	안심(>=2)	1년	140.21676508713813	0.11837652201893216	매우 유망	Y	통과	매우 유망	배당감안점수>=2 & 린치PER배수<=0.5	132087115.0	fs=2025:CFS,2024:CFS,2022:NA,2020:NA
"=""017670"""	SK텔레콤	통신	보정필요	93000.0	1660.0	1825.0	1490024000000.0	186643000000.0	8712284000000.0	130000000000.0						판정불가	통신보정	보정주의	-32755.78594880276	-33361.02812917505	68.90727997194672	69.23891952283564	Y	Y	-68.42560553633218	-23.75836950489595	-38.33216341204368										3년				1.7849462365591398	-0.9671062234194058	-0.31888391585450115	-0.5303825254800872	7451.904674561442	8.012800725334884	3년	-0.31888391585450115	불리(<1)	3년	-23.75836950489595		판정불가	N	주당순현금<=0	제외	하드필터 미통과	214790053.0	린치식 단독판정 비중 낮춤; 주당순현금 음수(린치식); 주당순현금 음수(보수형); 단기위험부채 존재; 배당감안점수<1; fs=2025:CFS,2024:CFS,2022:CFS,2020:CFS
"=""011790"""	SKC	석유화학	watchlist	81400.0		-25549.0	783286752410.0	262260000000.0	1840079753358.0	1176505206999.0						판정불가	일반	일반	-20981.481685498515	-52049.822993021764			Y	Y	53.32773210106223			115.15546420212446									1년	115.15546420212446							-22628.561644175294	-27.79921577908513	판정불가		판정불가	1년	53.32773210106223		판정불가	N	주당순현금<=0 / 주당FCF<=0 / 순현금차감PER<=0	제외	하드필터 미통과	37868298.0	린치식 단독판정 비중 낮춤; 주당순현금 음수(린치식); 주당순현금 음수(보수형); 단기위험부채 존재; 주당FCF 음수; fs=2025:CFS,2024:CFS,2022:CFS,2020:CFS
"=""005850"""	에스엘	직접추가	메인	56100.0	2770.0	6749.0	477732627030.0	395471183250.0	5459184760.0							판정불가	일반	일반	18681.85736639187	18681.85736639187	5.544249908669157	5.544249908669157	N	N	-15.61640410102526	26.173083545484687	36.58097754545193		60.846167090969374	81.66195509090386		410650.7816969523	551136.5349085102		631.9978283368133	882.4180657905707	3년	60.846167090969374	410650.7816969523	631.9978283368133	4.937611408199643	-1.9261023346238297	5.611344269499596	7.488585406067618	6628.339203100551	11.81522139590116	3년	5.611344269499596	안심(>=2)	3년	26.173083545484687	0.2118302147713748	매우 유망	Y	통과	매우 유망	배당감안점수>=2 & 린치PER배수<=0.5	46448520.0	fs=2025:CFS,2024:CFS,2022:CFS,2020:CFS
"=""010950"""	S-Oil	에너지	메인	122500.0	330.0	1519.0	1834658000000.0									판정불가	일반	일반	16296.078356273132	16296.078356273132	69.91699910712762	69.91699910712762	N	N	-191.56118143459918	-56.19807916164843											3년				0.2693877551020408	-2.7359840399671285	-0.7999298042075835		299.21979550835795	0.24426105755784322	3년	-0.7999298042075835	불리(<1)	3년	-56.19807916164843		판정불가	Y	통과	보류	배당감안점수 또는 린치PER배수 미산출	112582792.0	배당감안점수<1; fs=2025:CFS,2024:CFS,2022:CFS,2020:CFS
"=""003240"""	태광산업	직접추가	메인	904000.0	1750.0	165122.0	426476897621.0	483945901661.0	4773639440.0	862776693.0						판정불가	일반	일반	813408.6220962816	812633.7193721933	0.5486329980482212	0.5533259082848238	N	N	-35.9373969451137	-25.915466865090508	-1.6741276308672282			5.151744738265544			850666.3946718831			-5.899735102667803	3년				0.19358407079646017	-65.15067996543583	-46.883586816324275	-2.6986046507188726	-250604.9826773846	-27.721790119179712	3년	-46.883586816324275	불리(<1)	3년	-25.915466865090508		판정불가	N	주당FCF<=0	제외	하드필터 미통과	1113400.0	단기위험부채 존재; 주당FCF 음수; 1년 점수 과열 가능; 배당감안점수<1; fs=2025:CFS,2024:CFS,2022:CFS,2020:CFS
"=""001440"""	대한전선	직접추가	메인	28450.0		453.0	438856642626.0	245247440000.0	6781981976.0	210000000000.0						판정불가	일반	일반	3632.780419185475	2506.4567877893646	54.78414918502103	57.270514817242024	N	N	10.757946210268955	193.05011690585698	172.76923736437072	30.01589242053791	394.60023381171396	354.03847472874145	13597.199266503672	178753.90591670643	160379.42905211987	-52.206680961322775	528.308983890005	463.7238279512122	3년	394.60023381171396	178753.90591670643	528.308983890005		0.19636968667591118	3.5238316151241853	3.1536354937425757	-1780.5372383992687	-6.258478869593212	3년	3.5238316151241853	안심(>=2)	3년	193.05011690585698	0.28378200470988124	매우 유망	N	주당FCF<=0	제외	하드필터 미통과	186447300.0	단기위험부채 존재; 주당FCF 음수; fs=2025:CFS,2024:CFS,2022:CFS,2020:CFS
"=""069260"""	티케이지휴켐스	직접추가	메인	15270.0	1000.0	1561.0	171952696150.0	96497220778.0	5482000000.0	34682173632.0						판정불가	일반	일반	6432.901178680633	5584.482108237203	5.661177976501836	6.204687951161304	N	N	-22.875494071146242	-9.82716016983225	3.8551596973951163			16.210319394790233			25304.308575267554			65.71256434359891	3년				6.548788474132286	-2.8839767385484283	-0.5790970906245454	1.8377709046971575	2212.3194254165533	14.488011954266886	3년	-0.5790970906245454	불리(<1)	3년	-9.82716016983225		판정불가	Y	통과	보류	배당감안점수 또는 린치PER배수 미산출	40878588.0	단기위험부채 존재; 배당감안점수<1; fs=2025:CFS,2024:CFS,2022:OFS,2020:CFS
"=""316140"""	우리금융지주	금융/은행	보정필요	33350.0	1360.0	4052.0	38499679000000.0	34245475000000.0	55583392000000.0							판정불가	금융보정	보정양호	23378.716262091115	23378.716262091115	2.4608301426231205	2.4608301426231205	N	N	2.5822784810126675			13.664556962025335			55368.78481012666			66.02334275900049			1년	13.664556962025335	55368.78481012666	66.02334275900049	4.077961019490255	2.706501105112214			17894.539902880944	53.65679131298634	1년	2.706501105112214	안심(>=2)	1년	2.5822784810126675	0.952968535623656	헐값	Y	통과	양호	배당감안점수>=1.5 & 린치PER배수<1	734076320.0	린치식 단독판정 비중 낮춤; fs=2025:CFS,2024:CFS,2022:NA,2020:NA
"=""008730"""	율촌화학	직접추가	메인	14220.0	250.0	168.0	23775188232.0	161779800.0	131712944797.0	113904302896.0						판정불가	일반	일반	-4345.805514717742	-8938.72095407258	110.51074711141514	137.84952948852728	Y	Y	-82.87461773700306		-27.064834063200415										5년				1.7580872011251758	-0.7340148596959308		-0.22899806148773375	-316.2289210887097	-2.223832075166735	5년	-0.22899806148773375	불리(<1)	5년	-27.064834063200415		판정불가	N	주당순현금<=0 / 주당FCF<=0	제외	하드필터 미통과	24800000.0	주당순현금 음수(린치식); 주당순현금 음수(보수형); 단기위험부채 존재; 주당FCF 음수; 배당감안점수<1; fs=2025:CFS,2024:CFS,2022:CFS,2020:CFS
"=""000670"""	영풍	직접추가	메인	37250.0	5.0	-464.0	137031350994.0	333746815114.0	234811309711.0	423217185895.0						판정불가	일반	일반	13052.744166069715	-10357.940446676752			N	Y	-99.68345363005008												1년				0.013422818791946307				-6139.559379575671	-16.48203860288771	판정불가		판정불가	1년	-99.68345363005008		판정불가	N	주당FCF<=0 / 순현금차감PER<=0	제외	하드필터 미통과	18077950.0	주당순현금 음수(보수형); 단기위험부채 존재; 주당FCF 음수; fs=2025:CFS,2024:CFS,2022:CFS,2020:CFS
"=""111770"""	영원무역	직접추가	메인	88200.0	2100.0	11558.0	1090560747187.0	439263571966.0	252626536541.0	76448105310.0						판정불가	일반	일반	28823.18822323828	27097.94397472907	5.137291207541246	5.286559614576131	N	N	17.387771683932552	-9.077711442871605	27.98342129695397	43.275543367865104		64.46684259390794	500178.73024578486		745107.7667003879	467.09606603830485		744.793386281619	3년				2.380952380952381	3.848083214723275	-1.3035583912566158	5.910580586386306	3279.956119440683	3.7187711104769647	3년	-1.3035583912566158	불리(<1)	3년	-9.077711442871605		판정불가	Y	통과	보류	배당감안점수 또는 린치PER배수 미산출	44311468.0	단기위험부채 존재; 1년 점수 과열 가능; 배당감안점수<1; fs=2025:CFS,2024:CFS,2022:CFS,2020:CFS
"=""009970"""	영원무역홀딩스	직접추가	메인	189900.0	6576.0	31684.0	1464189666693.0	805803639244.0	195931585244.0	78827842676.0						판정불가	일반	일반	153642.88520106729	147803.45570768186	1.144335147043704	1.3286373024971008	N	N	10.101817423636938	-5.869320927784449	28.52060357499411	28.703634847273875		65.54120714998822	909445.9665010255		2076607.6073402269	378.90782859453685		993.5269127647324	3년				3.4628751974723535	11.853776104100763	-2.1029204045064516	27.949398264217574	20832.48592605641	10.970240087444134	3년	-2.1029204045064516	불리(<1)	3년	-5.869320927784449		판정불가	Y	통과	보류	배당감안점수 또는 린치PER배수 미산출	13499237.0	단기위험부채 존재; 1년 점수 과열 가능; 배당감안점수<1; fs=2025:CFS,2024:CFS,2022:CFS,2020:CFS
"=""000100"""	유한양행	헬스케어	메인	75100.0	600.0	2599.0	348564938250.0	29513907780.0	105262499518.0	199841800000.0						판정불가	일반	일반	3411.5503159327723	912.5418633854255	27.583089528305972	28.544616443483868	N	N	175.60975609756096	25.052899606383704	-2.455406441809782	359.7195121951219	58.60579921276741	3.589187116380436	934911.0121951218	152316.4721539825	9328.297315472753	1144.8881653729984	102.8182052649567	-87.57883180363149	3년	58.60579921276741	152316.4721539825	102.8182052649567	0.7989347536617843	6.395537768537163	0.9372349074064434	-0.06005388506055908	-353.25969258346265	-0.47038574245467735	3년	0.9372349074064434	불리(<1)	3년	25.052899606383704	1.1009938953843712	보통	N	주당FCF<=0	제외	하드필터 미통과	79968437.0	단기위험부채 존재; 주당FCF 음수; 1년 점수 과열 가능; 배당감안점수<1; fs=2025:CFS,2024:CFS,2022:CFS,2020:CFS
"=""000990"""	DB하이텍	직접추가	메인	90000.0	810.0	6285.0	323054472680.0	132808839381.0	102572732928.0	231678525383.0						판정불가	일반	일반	8120.7660013468	2795.384563807385	13.027722195489769	13.875038255559684	N	N	13.858695652173903	-21.22701789143928	10.459461040450746	36.21739130434781		29.418922080901492	227626.30434782596		184897.92527846587	152.91811594202883		105.44213919829542	3년				0.8999999999999999	1.132868465469996	-1.5602894801116152	0.8719452925073441	4658.664548185125	5.176293942427916	3년	-1.5602894801116152	불리(<1)	3년	-21.22701789143928		판정불가	Y	통과	보류	배당감안점수 또는 린치PER배수 미산출	43504588.0	단기위험부채 존재; 1년 점수 과열 가능; 배당감안점수<1; fs=2025:CFS,2024:CFS,2022:CFS,2020:CFS
