순위	종목코드	종목명	그룹	판정구분	현재가	현금배당금(FY2025 DPS)	EPS(FY2025)	현금및현금성자산	유가증권성자산	장기부채	단기위험부채	주주지분	총부채	주주지분비중	부채비중	주주대부채배수	주주대부채판정	업종보정유형	업종보정판정	주당순현금(린치식)	주당순현금(보수형)	순현금차감PER(린치식)	순현금차감PER(보수형)	현금보다부채많음(린치형)	현금보다부채많음(보수형)	연간이익증가율(1년,%)	연간이익증가율(3년CAGR,%)	연간이익증가율(5년CAGR,%)	그레이엄적정PER(1년)	그레이엄적정PER(3년)	그레이엄적정PER(5년)	그레이엄내재가치(1년)	그레이엄내재가치(3년)	그레이엄내재가치(5년)	그레이엄괴리율(1년,%)	그레이엄괴리율(3년,%)	그레이엄괴리율(5년,%)	그레이엄사용기준	그레이엄적정PER(선택)	그레이엄내재가치(선택)	그레이엄괴리율(선택,%)	배당수익률(%)	배당감안이익성장률(1년)	배당감안이익성장률(3년)	배당감안이익성장률(5년)	주당잉여현금흐름	잉여현금흐름수익률(%)	배당감안점수기준	배당감안점수	배당감안점수판정	사용연성장률기준	사용연성장률(%)	린치PER배수	린치PER판정	하드필터통과	하드필터사유	종합판정	종합판정사유	발행주식수	비고
1	010140	삼성중공업	직접추가	메인	21000.0		639.0	772614649370.0	311797002761.0	592438711867.0	1454489650793.0						판정불가	일반	일반	559.0601593909091	-1093.7689892375	31.988951237259922	34.57553832431533	N	Y	752.0			1512.5			966487.5			4502.321428571429			1년	1512.5	966487.5	4502.321428571429		23.50811673763438			1530.2205002727273	7.2867642870129865	1년	23.50811673763438	안심(>=2)	1년	752.0	0.04253849898571798	매우 유망	Y	통과	매우 유망	배당감안점수>=2 & 린치PER배수<=0.5	880000000.0	주당순현금 음수(보수형); 단기위험부채 존재; fs=2025:CFS,2024:CFS,2022:CFS,2020:CFS
2	139130	iM금융지주	직접추가	메인	18960.0	700.0	2511.0		10012037000000.0	9824584000000.0							판정불가	일반	일반	1167.025597818984	1167.025597818984	7.08601131110355	7.08601131110355	N	N	123.9964317573595			256.49286351471903			644053.5802854595			3296.9070690161366			1년	256.49286351471903	644053.5802854595	3296.9070690161366	3.691983122362869	18.01978705278649					1년	18.01978705278649	안심(>=2)	1년	123.9964317573595	0.057146896976597694	매우 유망	N	주당FCF<=0	제외	하드필터 미통과	160624583.0	fs=2025:CFS,2024:CFS,2022:NA,2020:NA
3	071970	HD현대마린엔진	직접추가	메인	52300.0		4867.0	94276230277.0	247003276789.0								판정불가	일반	일반	10060.862797055377	10060.862797055377	8.67868033756824	8.67868033756824	N	N	97.52435064935065	113.65854515790357	162.5665198099373	203.5487012987013	235.81709031580715	333.6330396198746	990671.5292207792	1147721.7785670334	1623792.0038299295	1794.2094248963272	2094.496708541173	3004.7648256786415	3년	235.81709031580715	1147721.7785670334	2094.496708541173		11.237232719263503	13.096293530469014	18.73170960177205			3년	13.096293530469014	안심(>=2)	3년	113.65854515790357	0.07635748218940441	매우 유망	N	주당FCF<=0	제외	하드필터 미통과	33921495.0	fs=2025:CFS,2024:CFS,2022:CFS,2020:CFS
4	015760	한국전력	유틸리티	메인	32350.0	1542.0	13311.0	2240811000000.0	4250164000000.0	83995702000000.0							판정불가	일반	일반	-120730.62929345189	-120730.62929345189	11.500310216621735	11.500310216621735	Y	Y	144.73248758963044			297.9649751792609			3966211.7846111413			12160.314635583125			1년	297.9649751792609	3966211.7846111413	12160.314635583125	4.76661514683153	12.99957130898839			7699.067871674695	23.79928244721699	1년	12.99957130898839	안심(>=2)	1년	144.73248758963044	0.079459079354936	매우 유망	N	주당순현금<=0	제외	하드필터 미통과	641964077.0	주당순현금 음수(린치식); 주당순현금 음수(보수형); fs=2025:CFS,2024:CFS,2022:CFS,2020:CFS
5	004490	세방전지	직접추가	메인	67100.0	2650.0	10646.0	227178088991.0	123000000000.0	162095437595.0	251228623014.0						판정불가	일반	일반	13434.475099714286	-4510.426544142857	5.040909721988138	6.726510101835699	N	Y	-17.389617443935744	48.94307252053962	16.711840434713388		106.38614504107925	41.923680869426775		1132586.9001073297	446319.50653591746		1587.9089420377493	565.1557474454805	3년	106.38614504107925	1132586.9001073297	1587.9089420377493	3.9493293591654246	-2.6662425685079443	10.49263025858044	4.098698634446093	11070.1328675	16.49796254470939	3년	10.49263025858044	안심(>=2)	3년	48.94307252053962	0.10299536711498143	매우 유망	Y	통과	매우 유망	배당감안점수>=2 & 린치PER배수<=0.5	14000000.0	주당순현금 음수(보수형); 단기위험부채 존재; fs=2025:CFS,2024:CFS,2022:CFS,2020:CFS
6	402340	SK스퀘어	직접추가	메인	1067000.0		66713.0	1310718000000.0	317762000000.0	86661000000.0	0.0						판정불가	일반	일반	11672.743401201547	11672.743401201547	15.81891470326321	15.81891470326321	N	N	140.21676508713813			288.93353017427626			19275622.59851649			1706.5250795235697			1년	288.93353017427626	19275622.59851649	1706.5250795235697		8.86386757355822			2638.92507607574	0.24732193777654543	1년	8.86386757355822	안심(>=2)	1년	140.21676508713813	0.11281756994916049	매우 유망	Y	통과	매우 유망	배당감안점수>=2 & 린치PER배수<=0.5	132087115.0	fs=2025:CFS,2024:CFS,2022:NA,2020:NA
7	009540	HD한국조선해양	직접추가	메인	353500.0	12300.0	30664.0	3742015549000.0		398797408000.0							판정불가	일반	일반	47238.53250999998	47238.53250999998	9.987655475150014	9.987655475150014	N	N	84.96802991916998			178.43605983833996			5471563.338882856			1447.825555553849			1년	178.43605983833996	5471563.338882856	1447.825555553849	3.4794908062234793	8.855683993651672					1년	8.855683993651672	안심(>=2)	1년	84.96802991916998	0.11754604037131687	매우 유망	N	주당FCF<=0	제외	하드필터 미통과	70773116.0	fs=2025:CFS,2024:CFS,2022:CFS,2020:CFS
8	069620	대웅제약	직접추가	메인	126800.0	600.0	17022.0	168941641596.0	50139032546.0	550560567693.0	70828808025.0						판정불가	일반	일반	-28608.962834228405	-34721.96931155238	9.129888546247704	9.489012414026107	Y	Y	691.7209302325581	64.61424206621207	70.08103158930474	1391.9418604651162	137.72848413242414	148.6620631786095	23693634.348837208	2344414.256902124	2530525.6394262905	18585.831505392118	1748.9071426672901	1895.6826809355605	3년	137.72848413242414	2344414.256902124	1748.9071426672901	0.47318611987381703	75.81627232863833	7.12904958876373	7.727829025708716	-7954.179962240783	-6.273012588517968	3년	7.12904958876373	안심(>=2)	3년	64.61424206621207	0.14129839264990596	매우 유망	N	주당순현금<=0 / 주당FCF<=0	제외	하드필터 미통과	11586575.0	주당순현금 음수(린치식); 주당순현금 음수(보수형); 단기위험부채 존재; 주당FCF 음수; 1년 점수 과열 가능; fs=2025:CFS,2024:CFS,2022:CFS,2020:CFS
9	011210	현대위아	직접추가	메인	59000.0	1200.0	5351.0	1116473000000.0	572468000000.0	739686000000.0	71245000000.0						판정불가	일반	일반	34905.39080171221	32285.615748994038	4.502823621432964	4.992409689965607	N	N	46.32212195788898	29.51602682110046	18.44874189552963	101.14424391577796	67.53205364220092	45.39748379105926	541222.8491933278	361364.01903941715	242921.9357659581	817.3268630395388	512.481388202402	311.7320945185731	3년	67.53205364220092	361364.01903941715	512.481388202402	2.0338983050847457	10.739043837472156	7.00669796969415	4.548843552991767	5543.207939464645	9.395267694007874	3년	7.00669796969415	안심(>=2)	3년	29.51602682110046	0.15255520835256792	매우 유망	Y	통과	매우 유망	배당감안점수>=2 & 린치PER배수<=0.5	27195083.0	단기위험부채 존재; fs=2025:CFS,2024:CFS,2022:CFS,2020:CFS
10	000660	SK하이닉스	반도체	메인	1693000.0	3000.0	62044.0	14923766000000.0	20018487000000.0								판정불가	일반	일반	47997.4443489617	47997.4443489617	26.51348326431304	26.51348326431304	N	N	115.94041486843936	167.48263503477668	54.92375157287208	240.38082973687872	343.46527006955336	118.34750314574416	14914188.200194903	21309959.216195367	7342752.485174551	780.932557601589	1158.7099359831877	333.7124917409658	3년	343.46527006955336	21309959.216195367	1158.7099359831877	0.1772002362669817	4.379568461342076	6.323568789496346	2.0782237950343005	34057.28359137954	2.0116528996680176	3년	6.323568789496346	안심(>=2)	3년	167.48263503477668	0.15830586412022768	매우 유망	Y	통과	매우 유망	배당감안점수>=2 & 린치PER배수<=0.5	728002365.0	fs=2025:CFS,2024:CFS,2022:CFS,2020:CFS
11	112610	씨에스윈드	직접추가	메인	47300.0	1000.0	837.0	478878903508.0	28665354936.0	782993106603.0	242475043746.0						판정불가	일반	일반	-6531.6500890188545	-12281.40054778353	64.31499413263901	71.18446899376767	Y	Y	-75.62609202096681	371.20709785870895	-15.050492534791582		750.9141957174179			628515.1818154788			1228.7847395676085		3년	750.9141957174179	628515.1818154788	1228.7847395676085	2.1141649048625792	-1.1429982713595226	5.804575865989482	-0.20114015097707966	10303.466412416965	21.78322708756229	3년	5.804575865989482	안심(>=2)	3년	371.20709785870895	0.17325906348137493	매우 유망	N	주당순현금<=0	제외	하드필터 미통과	42171403.0	주당순현금 음수(린치식); 주당순현금 음수(보수형); 단기위험부채 존재; fs=2025:CFS,2024:CFS,2022:CFS,2020:CFS
12	071320	지역난방공사	유틸리티	메인	75700.0	6157.0	28102.0	13136000000.0	14472000000.0	3000419000000.0							판정불가	일반	일반	-256747.27759763927	-256747.27759763927	11.830021976999475	11.830021976999475	Y	Y	66.77744807121661		65.27173293436219	142.05489614243322		139.04346586872438	3992026.6913946583		3907399.4778428925	5173.483079781583		5061.6901953010465	5년	139.04346586872438	3907399.4778428925	5061.6901953010465	8.1334214002642	6.332267988776884		6.204988839187652	29663.925551856057	39.186163212491486	5년	6.204988839187652	안심(>=2)	5년	65.27173293436219	0.18124265198988734	매우 유망	N	주당순현금<=0	제외	하드필터 미통과	11578744.0	주당순현금 음수(린치식); 주당순현금 음수(보수형); fs=2025:CFS,2024:CFS,2022:CFS,2020:CFS
13	017960	한국카본	조선/LNG사이클	watchlist	23850.0	320.0	2043.0	57866929673.0	27093215744.0	98920898088.0	81871440000.0						판정불가	일반	일반	-268.94950885840325	-1846.1770478341368	11.805653210405485	12.577668647985382	Y	Y	394.6731234866828	63.08567663703022	8.209872487827186	797.8462469733656	134.67135327406044	24.91974497565437	1629999.882566586	275133.5747389055	50911.03898526188	6734.381058979396	1053.599894083461	113.46347582919027	3년	134.67135327406044	275133.5747389055	1053.599894083461	1.341719077568134	33.544509186090956	5.4573342589643525	0.8090692988488398	2529.43380973873	10.605592493663437	3년	5.4573342589643525	안심(>=2)	3년	63.08567663703022	0.18713682470793644	매우 유망	N	주당순현금<=0	제외	하드필터 미통과	51908452.0	린치식 단독판정 비중 낮춤; 주당순현금 음수(린치식); 주당순현금 음수(보수형); 단기위험부채 존재; 1년 점수 과열 가능; fs=2025:CFS,2024:CFS,2022:CFS,2020:CFS
14	005850	에스엘	직접추가	메인	52900.0	2770.0	6749.0	477732627030.0	395471183250.0	5459184760.0							판정불가	일반	일반	18681.85736639187	18681.85736639187	5.070105590992464	5.070105590992464	N	N	-15.61640410102526	26.173083545484687	36.58097754545193		60.846167090969374	81.66195509090386		410650.7816969523	551136.5349085102		676.2774701265639	941.8460017174106	3년	60.846167090969374	410650.7816969523	676.2774701265639	5.236294896030246	-2.047316178865444	6.195014655575764	8.247810956003487	6628.339203100551	12.529941782798772	3년	6.195014655575764	안심(>=2)	3년	26.173083545484687	0.1937144923020408	매우 유망	Y	통과	매우 유망	배당감안점수>=2 & 린치PER배수<=0.5	46448520.0	fs=2025:CFS,2024:CFS,2022:CFS,2020:CFS
15	298040	효성중공업	전력설비	메인	2916000.0	7500.0	55832.0	216772513676.0		637432979185.0							판정불가	일반	일반	-45113.22859928438	-45113.22859928438	53.036130330263724	53.036130330263724	Y	Y	133.51875862645866	270.5887113046113		275.5375172529173	549.6774226092226		15383810.66326488	30689589.85911812		427.5655234315803	952.455070614476		3년	549.6774226092226	30689589.85911812	952.455070614476	0.257201646090535	2.522355221610377	5.106818903719122		33728.061849754005	1.1566550702933471	3년	5.106818903719122	안심(>=2)	3년	270.5887113046113	0.19600274554897848	매우 유망	N	주당순현금<=0	제외	하드필터 미통과	9324548.0	주당순현금 음수(린치식); 주당순현금 음수(보수형); fs=2025:CFS,2024:CFS,2022:CFS,2020:CFS
16	114090	GKL	직접추가	메인	9610.0	414.0	761.0	213092869283.0		30375090489.0							판정불가	일반	일반	2953.9374287595624	2953.9374287595624	8.746468556163519	8.746468556163519	N	N	42.509363295880156			93.51872659176031			71167.7509363296			640.5593229586847			1년	93.51872659176031	71167.7509363296	640.5593229586847	4.308012486992716	5.352717554776013			1553.3159719230266	16.163537689105375	1년	5.352717554776013	안심(>=2)	1년	42.509363295880156	0.2057539299115118	매우 유망	Y	통과	매우 유망	배당감안점수>=2 & 린치PER배수<=0.5	61855670.0	fs=2025:CFS,2024:CFS,2022:CFS,2020:CFS
17	329180	HD현대중공업	직접추가	메인	453000.0	5661.0	15702.0	1869917695000.0		20593805000.0							판정불가	일반	일반	17619.114963644908	17619.114963644908	27.727734367364356	27.727734367364356	N	N	124.2822453935152			257.0644907870304			4036426.634337952			791.0434071386208			1년	257.0644907870304	4036426.634337952	791.0434071386208	1.2496688741721855	4.5273051380439835					1년	4.5273051380439835	안심(>=2)	1년	124.2822453935152	0.2231029402435558	매우 유망	N	주당FCF<=0	제외	하드필터 미통과	104961225.0	fs=2025:CFS,2024:CFS,2022:CFS,2020:CFS
18	000240	한국앤컴퍼니	직접추가	메인	24600.0	1100.0	3666.0	87970654737.0	34240766097.0	15178888600.0	83728229501.0						판정불가	일반	일반	1127.4267830786544	245.4757867889732	6.402775018254594	6.643350849211955	N	N	-0.9991898460707582	28.543628944993937	19.90708834889714	6.5016203078584835	65.58725788998788	48.31417669779428	23834.9400486092	240442.88742469557	177119.77177411385	-3.1099998024016196	877.4101114825022	619.9990722524954	3년	65.58725788998788	240442.88742469557	877.4101114825022	4.471544715447155	0.5423203001005906	5.156385093387379	3.8075104926910184	2176.2560889928754	8.846569467450713	3년	5.156385093387379	안심(>=2)	3년	28.543628944993937	0.22431538157230463	매우 유망	Y	통과	매우 유망	배당감안점수>=2 & 린치PER배수<=0.5	94935240.0	단기위험부채 존재; fs=2025:CFS,2024:CFS,2022:CFS,2020:CFS
19	138930	BNK금융지주	직접추가	메인	15410.0	735.0	2512.0		18192691866568.0	16445000245415.0							판정불가	일반	일반	5631.773694536628	5631.773694536628	3.8926060133214064	3.8926060133214064	N	N	15.547378104875808			39.594756209751615			99462.02759889606			545.4382063523431			1년	39.594756209751615	99462.02759889606	545.4382063523431	4.7696301103179755	5.219384686162494					1년	5.219384686162494	안심(>=2)	1년	15.547378104875808	0.2503705761230987	매우 유망	N	주당FCF<=0	제외	하드필터 미통과	310327033.0	fs=2025:CFS,2024:CFS,2022:NA,2020:NA
20	034230	파라다이스	직접추가	메인	10210.0	150.0	1087.0	341761126505.0	5000000000.0	796472209722.0	137240950000.0						판정불가	일반	일반	-4866.710272452332	-6351.912585875921	13.870018649910149	15.236350125000849	Y	Y	24.22857142857142	54.2810589168254		56.95714285714284	117.0621178336508		61912.414285714265	127246.52208517843		506.3899538267803	1146.2930664562039		3년	117.0621178336508	127246.52208517843	1146.2930664562039	1.4691478942213516	1.8527530475209018	4.01947598040237		1428.3554813839717	13.989769651165245	3년	4.01947598040237	안심(>=2)	3년	54.2810589168254	0.2555222563208118	매우 유망	N	주당순현금<=0	제외	하드필터 미통과	92405559.0	주당순현금 음수(린치식); 주당순현금 음수(보수형); 단기위험부채 존재; fs=2025:CFS,2024:CFS,2022:CFS,2020:CFS
21	003090	대웅	직접추가	메인	17790.0	200.0	4280.0	255917494906.0	69412115604.0	668965344648.0	118388808025.0						판정불가	일반	일반	-5910.286064182885	-7946.487927707312	5.5374500149960015	6.013198113950307	Y	Y	202.2598870056497	20.159526008317698	12.806544500421424	413.0197740112994	48.819052016635396	34.11308900084285	1767724.6327683614	208945.5426311995	146004.0209236074	9836.619633324122	1074.511200849913	720.7083806835717	3년	48.819052016635396	208945.5426311995	1074.511200849913	1.1242270938729624	36.72883972744439	3.8436018464368984	2.5157376692463824	-1554.3945053642824	-8.73746208748894	3년	3.8436018464368984	안심(>=2)	3년	20.159526008317698	0.27468155812350364	매우 유망	N	주당순현금<=0 / 주당FCF<=0	제외	하드필터 미통과	58141980.0	주당순현금 음수(린치식); 주당순현금 음수(보수형); 단기위험부채 존재; 주당FCF 음수; 1년 점수 과열 가능; fs=2025:CFS,2024:CFS,2022:CFS,2020:CFS
22	001440	대한전선	직접추가	메인	28650.0		453.0	438856642626.0	245247440000.0	6781981976.0	210000000000.0						판정불가	일반	일반	3632.780419185475	2506.4567877893646	55.225650288773785	57.71201592099478	N	N	10.757946210268955	193.05011690585698	172.76923736437072	30.01589242053791	394.60023381171396	354.03847472874145	13597.199266503672	178753.90591670643	160379.42905211987	-52.540316696322265	523.9228827808251	459.7885830789524	3년	394.60023381171396	178753.90591670643	523.9228827808251		0.19479981048690012	3.49566036608717	3.128423775201631	-1780.5372383992687	-6.214789662824673	3년	3.49566036608717	안심(>=2)	3년	193.05011690585698	0.28606898132936737	매우 유망	N	주당FCF<=0	제외	하드필터 미통과	186447300.0	단기위험부채 존재; 주당FCF 음수; fs=2025:CFS,2024:CFS,2022:CFS,2020:CFS
23	161390	한국타이어앤테크놀로지	직접추가	메인	67400.0	2300.0	8931.0	2603079747970.0	489388296676.0								판정불가	일반	일반	24964.41026923666	24964.41026923666	4.751493643574442	4.751493643574442	N	N	-2.2545693334792616	16.43379388057411	24.1178312692236	3.990861333041477	41.36758776114822	56.7356625384472	35642.38256539343	369453.9262948148	506706.20213087194	-47.118126757576505	448.1512259566985	651.7896174048544	3년	41.36758776114822	369453.9262948148	448.1512259566985	3.4124629080118694	0.24369043955229844	4.176845909375159	5.7940294657586975	-5650.2614211339005	-8.383177182691247	3년	4.176845909375159	안심(>=2)	3년	16.43379388057411	0.2891294413270595	매우 유망	N	주당FCF<=0	제외	하드필터 미통과	123875069.0	주당FCF 음수; fs=2025:CFS,2024:CFS,2022:CFS,2020:CFS
24	064350	현대로템	방산	메인	130300.0	600.0	7055.0	908414081000.0		60775088000.0	49136977000.0						판정불가	일반	일반	7766.386844661084	7316.175404518884	17.36833637921175	17.43215089943035	N	N	89.24356223175967	57.31843168250532	84.95065921728904	186.98712446351934	123.13686336501064	178.4013184345781	1319194.163090129	868730.57104015	1258621.3015559483	912.4283676823707	566.7157106985035	865.941137034496	3년	123.13686336501064	868730.57104015	566.7157106985035	0.4604758250191865	5.164803127842807	3.326680589666629	4.917634779606022	6852.009336460757	5.25864108707656	3년	3.326680589666629	안심(>=2)	3년	57.31843168250532	0.30301485699080805	매우 유망	Y	통과	매우 유망	배당감안점수>=2 & 린치PER배수<=0.5	109142000.0	단기위험부채 존재; fs=2025:CFS,2024:CFS,2022:CFS,2020:CFS
25	192820	코스맥스	직접추가	메인	287000.0	3300.0	10847.0	192279928597.0									판정불가	일반	일반	16941.695768248654	16941.695768248654	24.89705026567266	24.89705026567266	N	N	43.4408886537953	80.71243772559032	38.50568621710888	95.3817773075906	169.92487545118064	85.51137243421776	1034606.1384554352	1843175.1240189564	927541.8567939601	260.48994371269515	542.2212975675807	223.18531595608366	3년	169.92487545118064	1843175.1240189564	542.2212975675807	1.1498257839721253	1.7910039125899113	3.288030615515597	1.592779529218242	-9341.661092827891	-3.2549341786856765	3년	3.288030615515597	안심(>=2)	3년	80.71243772559032	0.308466092305609	매우 유망	N	주당FCF<=0	제외	하드필터 미통과	11349509.0	주당FCF 음수; fs=2025:CFS,2024:CFS,2022:CFS,2020:CFS
26	000270	기아	직접추가	메인	131200.0	6800.0	19382.0	13998106000000.0	7661873000000.0	978970000000.0	211292000000.0						판정불가	일반	일반	52972.13234688462	52430.93110337479	4.036109155562656	4.064032034703603	N	N	-22.138753866548832	12.82583771622907	39.189006811542605		34.15167543245814	86.87801362308521		661927.7732319037	1683869.6600426375		404.51811984139	1183.4372408861566	3년	34.15167543245814	661927.7732319037	404.51811984139	5.182926829268292	-4.20103282239323	4.46191216624488	10.993739745531041	10401.987179740363	7.928343886997228	3년	4.46191216624488	안심(>=2)	3년	12.82583771622907	0.3146858119415933	매우 유망	Y	통과	매우 유망	배당감안점수>=2 & 린치PER배수<=0.5	390412998.0	단기위험부채 존재; fs=2025:CFS,2024:CFS,2022:CFS,2020:CFS
27	082740	한화엔진	직접추가	메인	47850.0		2071.0	276708027934.0	133988650000.0	53947006810.0	30000000000.0						판정불가	일반	일반	4275.157453852644	3915.6484367553294	21.040484087951402	21.214076080755515	N	N	113.94628099173553		62.28278611303117	236.39256198347107		133.06557222606233	489568.9958677686		275578.8000801751	923.1326977382834		475.9222572208466	5년	133.06557222606233	275578.8000801751	475.9222572208466		5.415573164354408		2.9601403585907375	3492.7128128726085	7.2992953247076455	5년	2.9601403585907375	안심(>=2)	5년	62.28278611303117	0.3378218188532383	매우 유망	Y	통과	매우 유망	배당감안점수>=2 & 린치PER배수<=0.5	83447142.0	단기위험부채 존재; fs=2025:CFS,2024:OFS,2022:CFS,2020:CFS
28	006040	동원산업	직접추가	메인	37950.0	1150.0	8793.0	462412200801.0	2315664040.0	920658109908.0	869187931428.0						판정불가	일반	일반	-10327.316971310991	-30015.370950217297	5.4904261311624	7.729486062801922	Y	Y	362.7894736842105	15.223245686790676	-33.98325939665047	734.078947368421	38.94649137358135		6454756.184210526	342456.4986479008		16908.58019554816	802.388665738869		3년	38.94649137358135	342456.4986479008	802.388665738869	3.0303030303030303	66.62866742495711	3.324614206808238	-5.637623679274283	2047.1984446583815	5.3944623047651685	3년	3.324614206808238	안심(>=2)	3년	15.223245686790676	0.36066067934031204	매우 유망	N	주당순현금<=0	제외	하드필터 미통과	44147986.0	주당순현금 음수(린치식); 주당순현금 음수(보수형); 단기위험부채 존재; 1년 점수 과열 가능; fs=2025:CFS,2024:CFS,2022:CFS,2020:CFS
29	003230	삼양식품	직접추가	메인	1492000.0	4800.0	52156.0	332840576772.0	3879418399.0	340183053989.0	92341086958.0						판정불가	일반	일반	-459.7174993014085	-12717.901899305922	28.615302505930313	28.850331733631908	Y	Y	43.018536799385764	69.73880446754251	42.35358590359803	94.53707359877153	147.97760893508502	93.20717180719606	4930675.610617528	7717920.171618294	4861313.252776118	230.47423663656352	417.2868747733441	225.8252850386138	3년	147.97760893508502	7717920.171618294	417.2868747733441	0.32171581769436997	1.5145830664588704	2.448358540704483	1.4913454684761154	-20189.147647522273	-1.3531600299947906	3년	2.448358540704483	안심(>=2)	3년	69.73880446754251	0.41032109346308493	매우 유망	N	주당순현금<=0 / 주당FCF<=0	제외	하드필터 미통과	7533015.0	주당순현금 음수(린치식); 주당순현금 음수(보수형); 단기위험부채 존재; 주당FCF 음수; fs=2025:CFS,2024:CFS,2022:CFS,2020:CFS
30	012450	한화에어로스페이스	우주항공/방산	메인	1058000.0	7000.0	28530.0	7713355500000.0		12463889065000.0							판정불가	일반	일반	-92129.95017531911	-92129.95017531911	40.3130021091945	40.3130021091945	Y	Y	-37.89049744203766	93.07351740567623	64.20288154253949		194.64703481135246	136.90576308507897		5553279.903167886	3905921.420817303		424.88467893836355	269.1797184137338	3년	194.64703481135246	5553279.903167886	424.88467893836355	0.6616257088846881	-0.923495393181395	2.3251838913079115	1.6090219992975918	39867.85493454941	3.768228254683309	3년	2.3251838913079115	안심(>=2)	3년	93.07351740567623	0.4331307468856437	매우 유망	N	주당순현금<=0	제외	하드필터 미통과	51563401.0	주당순현금 음수(린치식); 주당순현금 음수(보수형); fs=2025:CFS,2024:CFS,2022:CFS,2020:CFS
31	010120	LS ELECTRIC	전력설비	메인	204500.0	3000.0	9647.0	762716704001.0	205184236697.0	773010797653.0	302192853551.0						판정불가	일반	일반	6496.3381015	-3576.7570168666666	20.524894982740747	21.56906364847794	N	Y	19.423124535776193	45.94979891928113	27.235637161019888	47.346249071552386	100.39959783856226	62.971274322039775	456749.26479326584	968554.9203486101	607483.8833847177	123.3492737375383	373.62098794553066	197.05813368445857	3년	100.39959783856226	968554.9203486101	373.62098794553066	1.466992665036675	1.0177941089773777	2.3102087306264067	1.3984300455711183	3012.7272868333334	1.4732162771801143	3년	2.3102087306264067	안심(>=2)	3년	45.94979891928113	0.44668084443190537	매우 유망	Y	통과	매우 유망	배당감안점수>=2 & 린치PER배수<=0.5	30000000.0	주당순현금 음수(보수형); 단기위험부채 존재; fs=2025:CFS,2024:CFS,2022:CFS,2020:CFS
32	105560	KB금융	금융/은행	보정필요	171200.0	4367.0	15410.0		89862530000000.0	80049270000000.0							판정불가	금융보정	보정양호	25725.386408830236	25725.386408830236	9.440273432262801	9.440273432262801	N	N	19.64285714285714			47.78571428571428			736377.857142857			330.1272530040053			1년	47.78571428571428	736377.857142857	330.1272530040053	2.5508177570093458	2.350956787333938					1년	2.350956787333938	안심(>=2)	1년	19.64285714285714	0.4805957383697427	매우 유망	N	주당FCF<=0	제외	하드필터 미통과	381462103.0	린치식 단독판정 비중 낮춤; fs=2025:CFS,2024:CFS,2022:NA,2020:NA
33	000120	CJ대한통운	직접추가	메인	73500.0	800.0	11347.0	307146405592.0	86460297519.0	237118568377.0							판정불가	일반	일반	6859.800761114246	6859.800761114246	5.872935510609478	5.872935510609478	N	N	-6.130046326935801	11.480536742818348			31.461073485636696			356988.8008415196			385.6990487639723		3년	31.461073485636696	356988.8008415196	385.6990487639723	1.0884353741496597	-0.8584482059573878	2.1401515637728554		12818.247147684604	17.439792037666127	3년	2.1401515637728554	안심(>=2)	3년	11.480536742818348	0.511555830722226	헐값	Y	통과	양호	배당감안점수>=1.5 & 린치PER배수<1	22812344.0	fs=2025:CFS,2024:CFS,2022:CFS,2020:CFS
34	030200	KT	통신	보정필요	54000.0	2400.0	7119.0	3506971000000.0									판정불가	통신보정	보정양호	13915.354148989203	13915.354148989203	5.630656812896587	5.630656812896587	N	N	273.1132075471698	10.974077918572789	21.542256858726816	554.7264150943396	30.448155837145578	51.58451371745363	3949097.3490566034	216760.42140463938	367230.1531545524	7213.14323899371	301.4081877863692	580.055839175097	3년	30.448155837145578	216760.42140463938	301.4081877863692	4.444444444444445	49.29400977802266	2.738316838579523	4.6152166908220575	17845.761962904104	33.047707338711305	3년	2.738316838579523	안심(>=2)	3년	10.974077918572789	0.5130870087378485	헐값	Y	통과	양호	배당감안점수>=1.5 & 린치PER배수<1	252021685.0	린치식 단독판정 비중 낮춤; 1년 점수 과열 가능; fs=2025:CFS,2024:CFS,2022:CFS,2020:CFS
35	042660	한화오션	직접추가	메인	87900.0		4007.0	778471159631.0		5646344947762.0							판정불가	일반	일반	-15886.622071524067	-15886.622071524067	25.901328193542316	25.901328193542316	Y	Y	143.14320388349512		47.03819321855338	294.78640776699024		102.57638643710676	1181209.13592233		411023.5804534868	1243.8101660094767		367.60361826335253	5년	102.57638643710676	411023.5804534868	367.60361826335253		5.526481221885115		1.816053326187376	1951.772804089628	2.2204468760974154	5년	1.816053326187376	양호(>=1.5)	5년	47.03819321855338	0.5506446234700613	헐값	N	주당순현금<=0	제외	하드필터 미통과	306413394.0	주당순현금 음수(린치식); 주당순현금 음수(보수형); fs=2025:CFS,2024:CFS,2022:CFS,2020:CFS
36	267260	HD현대일렉트릭	전력설비	메인	769000.0	7100.0	20354.0	950781542257.0		55346966947.0							판정불가	일반	일반	24840.658635145344	24840.658635145344	36.56084019676008	36.56084019676008	N	N	46.06386795837818	65.20736528007924		100.62773591675636	138.9147305601585		2048176.936849659	2827470.425821466		166.34290466185422	267.681459794729		3년	138.9147305601585	2827470.425821466	267.681459794729	0.9232769830949286	1.2851768364348743	1.8087834389821948		19908.873951397247	2.588930292769473	3년	1.8087834389821948	양호(>=1.5)	3년	65.20736528007924	0.5606857452332822	헐값	Y	통과	양호	배당감안점수>=1.5 & 린치PER배수<1	36047135.0	fs=2025:CFS,2024:CFS,2022:CFS,2020:CFS
37	062040	산일전기	직접추가	메인	195600.0	1250.0	4901.0	108606384509.0	126933410833.0	741366607.0	520000000.0						판정불가	일반	일반	7712.165751415659	7695.085883324793	38.336632166615864	38.34011714276173	N	N	60.1110748121529			128.7221496243058			630867.2553087228			222.52927163022642			1년	128.7221496243058	630867.2553087228	222.52927163022642	0.6390593047034765	1.5846497379537303			3251.520036754562	1.6623313071342343	1년	1.5846497379537303	양호(>=1.5)	1년	60.1110748121529	0.6377632122935388	헐값	Y	통과	양호	배당감안점수>=1.5 & 린치PER배수<1	30445200.0	단기위험부채 존재; fs=2025:CFS,2024:OFS,2022:NA,2020:NA
38	259960	크래프톤	직접추가	메인	231000.0	2240.0	16454.0	596725775511.0	2771628277288.0	232600090556.0	253882981026.0						판정불가	일반	일반	66149.80047167496	60794.052303852826	10.018852529982075	10.344350777692183	N	N	-42.45444689259609	15.546458229987593			39.592916459975186			651461.8474324316			182.0181157716154		3년	39.592916459975186	651461.8474324316	182.0181157716154	0.9696969696969697	-4.140668784050197	1.6485076659486584		19894.79976593031	8.612467431138663	3년	1.6485076659486584	양호(>=1.5)	3년	15.546458229987593	0.6444459813140392	헐값	Y	통과	양호	배당감안점수>=1.5 & 린치PER배수<1	47403831.0	단기위험부채 존재; fs=2025:CFS,2024:CFS,2022:CFS,2020:NA
39	012330	현대모비스	직접추가	메인	443500.0	6500.0	40861.0	4922378000000.0			2945574000000.0						판정불가	일반	일반	54251.49199158146	21787.145638739283	9.526162061829583	10.320668959674524	N	N	-9.074523242617772	14.580422448898144	20.046998821740058		37.66084489779629	48.593997643480115		1538859.783368854	1985599.337710241		246.98078542702459	347.7112373642032	3년	37.66084489779629	1538859.783368854	246.98078542702459	1.4656144306651635	-0.7987381237655798	1.6844177933795854	2.258266562418059	32588.711819214936	7.3480748183122735	3년	1.6844177933795854	양호(>=1.5)	3년	14.580422448898144	0.6533529529214349	헐값	Y	통과	양호	배당감안점수>=1.5 & 린치PER배수<1	90732583.0	단기위험부채 존재; fs=2025:CFS,2024:CFS,2022:CFS,2020:CFS
40	052690	한전기술	원전/유틸리티	메인	110500.0	1347.0	2244.0	27327763423.0	143766317133.0	10000000.0							판정불가	일반	일반	4476.297241130298	4476.297241130298	47.24763937561039	47.24763937561039	N	N	45.90377113133941	68.14874025084036	33.4594702358408	100.30754226267882	144.79748050168072	75.4189404716816	225090.12483745127	324925.5462457715	169240.1024184535	103.70147044113236	194.05026809572084	53.15846372710724	3년	144.79748050168072	324925.5462457715	194.05026809572084	1.2190045248868777	0.9973572495677201	1.468173768942527	0.7339726432687975	565.6546605965464	0.5119046702231188	3년	1.468173768942527	보통(1~1.5)	3년	68.14874025084036	0.693301727980625	헐값	Y	통과	보류	중간구간(보류)	38220000.0	fs=2025:CFS,2024:CFS,2022:CFS,2020:CFS
41	004370	농심	필수소비재	메인	441500.0	6000.0	29342.0	253539960716.0	745596630000.0	125972160319.0	27652497602.0						판정불가	일반	일반	143550.1925638563	139004.05987973648	10.154379641338139	10.309315660836463	N	N	7.867068597897209	13.475331168715332	2.7004092516118794	24.234137195794418	35.450662337430664	13.900818503223759	711078.0535989997	1040193.3343048906	407877.8165215915	61.05958178912792	135.60437923100582	-7.615443596468518	3년	35.450662337430664	1040193.3343048906	135.60437923100582	1.3590033975084939	0.9085805653598643	1.4608804368347375	0.3997696356156156	33019.471789396775	7.478929057621015	3년	1.4608804368347375	보통(1~1.5)	3년	13.475331168715332	0.753553253289448	헐값	Y	통과	보류	중간구간(보류)	6082642.0	단기위험부채 존재; fs=2025:CFS,2024:CFS,2022:CFS,2020:CFS
42	055550	신한지주	직접추가	메인	111100.0	2590.0	9812.0		78053377000000.0	92991422000000.0							판정불가	일반	일반	-30768.6938706553	-30768.6938706553	14.45869281192981	14.45869281192981	Y	Y	16.242151403862092			40.984302807724184			402137.9791493897			261.96037727217794			1년	40.984302807724184	402137.9791493897	261.96037727217794	2.331233123312331	1.2845825531233084					1년	1.2845825531233084	보통(1~1.5)	1년	16.242151403862092	0.8901956675820539	헐값	N	주당순현금<=0 / 주당FCF<=0	제외	하드필터 미통과	485494934.0	주당순현금 음수(린치식); 주당순현금 음수(보수형); fs=2025:CFS,2024:CFS,2022:NA,2020:NA
43	086790	하나금융지주	직접추가	메인	137400.0	4105.0	13954.0		73098647000000.0	72812888000000.0							판정불가	일반	일반	1026.7067789838566	1026.7067789838566	9.773061001936087	9.773061001936087	N	N	10.491725393934592			29.483450787869184			411412.0722939266			199.4265446098447			1년	29.483450787869184	411412.0722939266	199.4265446098447	2.987627365356623	1.3792355083653827			-14044.963863826157	-10.221953321561978	1년	1.3792355083653827	보통(1~1.5)	1년	10.491725393934592	0.9315017916486859	헐값	N	주당FCF<=0	제외	하드필터 미통과	278325814.0	주당FCF 음수; fs=2025:CFS,2024:CFS,2022:NA,2020:NA
44	073240	금호타이어	직접추가	메인	7450.0		1209.0	574762190002.0	23370402051.0	732635884134.0	995816495352.0						판정불가	일반	일반	-468.2279387996295	-3934.8278846250682	6.549402761620868	9.416731087365648	Y	Y	6.896551724137923			22.293103448275843			26952.362068965496			261.776672066651			1년	22.293103448275843	26952.362068965496	261.776672066651		1.0530046746477904			2095.5020502990724	28.12754429931641	1년	1.0530046746477904	보통(1~1.5)	1년	6.896551724137923	0.9496634004350271	헐값	N	주당순현금<=0	제외	하드필터 미통과	287260287.0	주당순현금 음수(린치식); 주당순현금 음수(보수형); 단기위험부채 존재; fs=2025:CFS,2024:CFS,2022:CFS,2020:CFS
45	069960	현대백화점	직접추가	메인	97800.0	2150.0	9572.0	279878097000.0	1384271000.0	850398528000.0	925684884000.0						판정불가	일반	일반	-25150.950692818045	-66058.30557705347	12.844854857168622	17.11850246312719	Y	Y	-681.8844984802432	13.23304981191371	24.719368231601415		34.96609962382742	57.93873646320283		334695.50559927605	554589.5854257775		242.22444335304297	467.06501577277857	3년	34.96609962382742	334695.50559927605	242.22444335304297	2.198364008179959	-52.915049802430055	1.2013692635445785	2.095604235244338	17816.28700542092	18.217062377731004	3년	1.2013692635445785	보통(1~1.5)	3년	13.23304981191371	0.9706647401572087	헐값	N	주당순현금<=0	제외	하드필터 미통과	22628813.0	주당순현금 음수(린치식); 주당순현금 음수(보수형); 단기위험부채 존재; fs=2025:CFS,2024:CFS,2022:CFS,2020:CFS
46	316140	우리금융지주	금융/은행	보정필요	34550.0	1360.0	4052.0	38499679000000.0	34245475000000.0	55583392000000.0							판정불가	금융보정	보정양호	23378.716262091115	23378.716262091115	2.7569801919814623	2.7569801919814623	N	N	2.5822784810126675			13.664556962025335			55368.78481012666			60.2569748484129			1년	13.664556962025335	55368.78481012666	60.2569748484129	3.9363241678726486	2.3643995222904914			17894.539902880944	51.79316903872922	1년	2.3643995222904914	안심(>=2)	1년	2.5822784810126675	1.0676540939536017	보통	Y	통과	보류	중간구간(보류)	734076320.0	린치식 단독판정 비중 낮춤; fs=2025:CFS,2024:CFS,2022:NA,2020:NA
47	035420	NAVER	직접추가	메인	215000.0	2630.0	13009.0	5984018799741.0	5235312755210.0	1256361590806.0	132159574017.0						판정불가	일반	일반	63518.0261625246	62675.45458896267	11.64439801963836	11.709166377971968	N	N	2.416942213824602		10.610774201816863	13.333884427649204		29.721548403633726	173460.5025192885		386647.62318287115	-19.32069650265651		79.83610380598658	5년	29.721548403633726	386647.62318287115	79.83610380598658	1.2232558139534884	0.3126136723975659		1.0162852554346027	11325.425174978569	5.267639616269102	5년	1.0162852554346027	보통(1~1.5)	5년	10.610774201816863	1.0974126673663935	보통	Y	통과	보류	중간구간(보류)	156852638.0	단기위험부채 존재; fs=2025:CFS,2024:CFS,2022:CFS,2020:CFS
48	021240	코웨이	직접추가	메인	97800.0	1940.0	8630.0	182190550994.0	2827952531.0	904957690609.0	910394928000.0						판정불가	일반	일반	-10011.790673154132	-22672.142564755995	12.492675628407198	13.959692070076013	Y	Y	10.06249202907792	10.977619808999673	9.097067548815364	28.62498405815584	30.455239617999347	26.694135097630728	247033.6124218849	262828.71790333436	230370.38589255317	152.59060574834854	168.7410203510576	135.55254181242654	3년	30.455239617999347	262828.71790333436	168.7410203510576	1.9836400817995912	0.9642555741610477	1.0375087192151653	0.8869763339903296	-2804.5647658552634	-2.867653134821333	3년	1.0375087192151653	보통(1~1.5)	3년	10.977619808999673	1.1380131436293186	보통	N	주당순현금<=0 / 주당FCF<=0	제외	하드필터 미통과	71909133.0	주당순현금 음수(린치식); 주당순현금 음수(보수형); 단기위험부채 존재; 주당FCF 음수; fs=2025:CFS,2024:CFS,2022:CFS,2020:CFS
49	000100	유한양행	헬스케어	메인	82700.0	600.0	2599.0	348564938250.0	29513907780.0	105262499518.0	199841800000.0						판정불가	일반	일반	3411.5503159327723	912.5418633854255	30.507291144312127	31.468818059490022	N	N	175.60975609756096	25.052899606383704	-2.455406441809782	359.7195121951219	58.60579921276741	3.589187116380436	934911.0121951218	152316.4721539825	9328.297315472753	1030.4848998731825	84.17953102053505	-88.72031763546221	3년	58.60579921276741	152316.4721539825	84.17953102053505	0.7255139056831923	5.780102506286292	0.8449918870254433	-0.05670423270107731	-353.25969258346265	-0.427158032144453	3년	0.8449918870254433	불리(<1)	3년	25.052899606383704	1.2177149800472036	보통	N	주당FCF<=0	제외	하드필터 미통과	79968437.0	단기위험부채 존재; 주당FCF 음수; 1년 점수 과열 가능; 배당감안점수<1; fs=2025:CFS,2024:CFS,2022:CFS,2020:CFS
50	323410	카카오뱅크	직접추가	메인	21950.0	460.0	1008.0		5031536000000.0								판정불가	일반	일반	10548.040591320245	10548.040591320245	11.311467667341027	11.311467667341027	N	N	9.090909090909083			26.681818181818166			26895.27272727271			22.529716297369973			1년	26.681818181818166	26895.27272727271	22.529716297369973	2.0956719817767655	0.9889592934950646			12444.320071931525	56.69394110219373	1년	0.9889592934950646	불리(<1)	1년	9.090909090909083	1.244261443407514	보통	Y	통과	제외	배당감안점수<1	477011437.0	배당감안점수<1; fs=2025:OFS,2024:OFS,2022:NA,2020:NA
51	008930	한미사이언스	직접추가	메인	45800.0	300.0	1748.0	127389343692.0	0.0	0.0	199600000000.0						판정불가	일반	일반	1862.6474131965133	-1055.8417861270873	25.135785232725105	26.805401479477737	N	Y	99.08883826879271	20.062307210120522	38.49990058066466	206.67767653758543	48.624614420241045	85.49980116132932	361272.57858769933	84995.82600658135	149453.65243000365	688.8047567417016	85.58040612790687	226.31801840612152	3년	48.624614420241045	84995.82600658135	85.58040612790687	0.6550218340611353	3.968201477668342	0.8242165045717006	1.5577361937254586	667.8946648379807	1.4582852944060714	3년	0.8242165045717006	불리(<1)	3년	20.062307210120522	1.2528860698556765	보통	Y	통과	제외	배당감안점수<1	68391550.0	주당순현금 음수(보수형); 단기위험부채 존재; 1년 점수 과열 가능; 배당감안점수<1; fs=2025:CFS,2024:CFS,2022:CFS,2020:CFS
52	022100	포스코DX	직접추가	메인	21700.0	125.0	343.0	246949912811.0	5459116668.0	1166279518.0							판정불가	일반	일반	1652.5352570003922	1652.5352570003922	58.4474190758006	58.4474190758006	N	N	-40.86206896551724		43.180492810132876			94.86098562026575			32537.318067751152			49.941557915903935	5년	94.86098562026575	32537.318067751152	49.941557915903935	0.5760368663594471	-0.6892696501604414		0.7486477652630712	902.5027073978604	4.158998651603043	5년	0.7486477652630712	불리(<1)	5년	43.180492810132876	1.3535607231903832	보통	Y	통과	제외	배당감안점수<1	152034729.0	배당감안점수<1; fs=2025:CFS,2024:CFS,2022:CFS,2020:CFS
53	128940	한미약품	헬스케어	메인	492000.0	2000.0	13372.0	108273819495.0		91812500000.0	319500000000.0						판정불가	일반	일반	1284.9372460725326	-23654.585387266292	36.697207803913216	38.56226334035794	N	Y	39.77213337514372	26.231706206675454	68.07388619564503	88.04426675028743	60.96341241335091	144.64777239129006	1177327.9349848435	815202.7507913284	1934230.0124163306	139.29429572862674	65.69161601449764	293.136181385433	3년	60.96341241335091	815202.7507913284	65.69161601449764	0.40650406504065045	1.0948690607436327	0.7258920191981345	1.8660926636871609	7534.569419649112	1.531416548709169	3년	0.7258920191981345	불리(<1)	3년	26.231706206675454	1.3989638155742419	보통	Y	통과	제외	배당감안점수<1	12810991.0	주당순현금 음수(보수형); 단기위험부채 존재; 배당감안점수<1; fs=2025:CFS,2024:CFS,2022:CFS,2020:CFS
54	064400	LG씨엔에스	직접추가	메인	75800.0	1850.0	4549.0	1140987852000.0	602021775000.0	159828598000.0	0.0						판정불가	일반	일반	16340.667162589976	16340.667162589976	13.070857955025286	13.070857955025286	N	N	8.827751196172251			26.155502392344502			118981.38038277514			56.9675202938986			1년	26.155502392344502	118981.38038277514	56.9675202938986	2.440633245382586	0.8620998315739893			3767.269821212876	4.97001295674522	1년	0.8620998315739893	불리(<1)	1년	8.827751196172251	1.4806554539838939	보통	Y	통과	제외	배당감안점수<1	96885948.0	배당감안점수<1; fs=2025:CFS,2024:CFS,2022:NA,2020:NA
55	001800	오리온홀딩스	직접추가	메인	25500.0	1100.0	2011.0	353427526408.0	40225597539.0	23781543774.0							판정불가	일반	일반	5904.20765579646	5904.20765579646	9.744302508306086	9.744302508306086	N	N	-24.681647940074903	5.512222260013111	9.302936730683564		19.524444520026222	27.10587346136713		39263.65792977273	54509.911530809295		53.97512913636364	113.76435894435018	3년	19.524444520026222	39263.65792977273	53.97512913636364	4.313725490196078	-2.090239135383689	1.0083787671650697	1.3973973210779058	5198.228152968624	20.385208443014214	3년	1.0083787671650697	보통(1~1.5)	3년	5.512222260013111	1.7677629907983625	보통	Y	통과	보류	중간구간(보류)	62645422.0	fs=2025:CFS,2024:CFS,2022:CFS,2020:CFS
56	051600	한전KPS	원전/유틸리티	메인	45350.0	1651.0	2761.0	145552915316.0	253105895590.0								판정불가	일반	일반	8859.0846868	8859.0846868	13.21655752017385	13.21655752017385	N	N	-27.94885177453027	7.4435664015639835	7.368549852889328		23.38713280312797	23.237099705778654		64571.873669436325	64157.632287654866		42.38560897339874	41.47217704003279	3년	23.38713280312797	64571.873669436325	42.38560897339874	3.640573318632855	-1.8392291955596667	0.8386555805683836	0.8329796283728026	1565.3651230222222	3.451742277888031	3년	0.8386555805683836	불리(<1)	3년	7.4435664015639835	1.7755678940940047	보통	Y	통과	제외	배당감안점수<1	45000000.0	배당감안점수<1; fs=2025:CFS,2024:CFS,2022:CFS,2020:CFS
57	090430	아모레퍼시픽	직접추가	메인	146300.0	1240.0	3421.0	524558265446.0	595819964751.0		256253631834.0						판정불가	일반	일반	19154.135475076495	14773.189248313625	37.16628603476279	38.446890018031674	N	N	-60.24866372298396	20.627708642947496	46.209846998093965		49.75541728589499	100.91969399618793		170213.28253504678	345246.2731609589		16.345374254987544	135.9851491189056	3년	49.75541728589499	170213.28253504678	16.345374254987544	0.8475734791524265	-1.5982519799872346	0.5778161988532677	1.266131903339282	8421.099814611242	5.75604908722573	3년	0.5778161988532677	불리(<1)	3년	20.627708642947496	1.8017651246722328	보통	Y	통과	제외	배당감안점수<1	58492759.0	단기위험부채 존재; 배당감안점수<1; fs=2025:CFS,2024:CFS,2022:CFS,2020:CFS
58	034730	SK	직접추가	메인	586000.0	8000.0	29050.0	25214132000000.0	3449044000000.0	45546013000000.0	11714166000000.0						판정불가	일반	일반	-231053.85910201556	-391370.70990508975	28.12577828234133	33.64443063356592	Y	Y	-223.85418887230867	14.11831256779157	52.31072476454839		36.73662513558314	113.12144952909678		1067198.96018869	3286178.1088202614		82.11586351342834	460.78124723895246	3년	36.73662513558314	1067198.96018869	82.11586351342834	1.3651877133105803	-7.910501139756443	0.5505092206043384	1.908424077692428	-54497.63687223273	-9.299938032804219	3년	0.5505092206043384	불리(<1)	3년	14.11831256779157	1.992148718006521	보통	N	주당순현금<=0 / 주당FCF<=0	제외	하드필터 미통과	73068838.0	주당순현금 음수(린치식); 주당순현금 음수(보수형); 단기위험부채 존재; 주당FCF 음수; 배당감안점수<1; fs=2025:CFS,2024:CFS,2022:CFS,2020:CFS
59	207940	삼성바이오로직스	헬스케어	메인	1520000.0		24091.0	148851266520.0	1307174500000.0	918724421281.0							판정불가	일반	일반	11607.049188490424	11607.049188490424	62.61230130801999	62.61230130801999	N	N	58.274751987385855	28.169383318294948	45.91602063406175	125.04950397477171	64.8387666365899	100.3320412681235	3012567.600256225	1562030.7270420871	2417099.2061903635	98.19523685896219	2.765179410663632	59.019684617787085	3년	64.8387666365899	1562030.7270420871	2.765179410663632		0.9307236879970975	0.4499017402301861	0.7333386519076944	16692.97982791496	1.0982223570996685	3년	0.4499017402301861	불리(<1)	3년	28.169383318294948	2.2227075616297096	매우 불리	Y	통과	제외	배당감안점수<1	46290951.0	배당감안점수<1; PER>연성장률의 2배; fs=2025:CFS,2024:CFS,2022:CFS,2020:CFS
60	079550	LIG넥스원	우주항공/방산	메인	685000.0	2950.0	11604.0	125190009682.0	74459447021.0	923361958512.0	603656788627.0						판정불가	일반	일반	-32896.0228095	-60334.96774709091	61.866254981859704	64.23086588651249	Y	Y	14.066647006782663	27.179527397785485	34.219216690902975	36.633294013565326	62.85905479557097	76.93843338180595	425092.74373341206	729416.4718478055	892793.5809624762	-37.942665148406995	6.4841564741321855	30.334829337587777	3년	62.85905479557097	729416.4718478055	6.4841564741321855	0.43065693430656937	0.23433298080415732	0.44628827686737876	0.560077115308976	-39377.47379822727	-5.748536320909091	3년	0.44628827686737876	불리(<1)	3년	27.179527397785485	2.2762079000277393	매우 불리	N	주당순현금<=0 / 주당FCF<=0	제외	하드필터 미통과	22000000.0	주당순현금 음수(린치식); 주당순현금 음수(보수형); 단기위험부채 존재; 주당FCF 음수; 배당감안점수<1; PER>연성장률의 2배; fs=2025:CFS,2024:CFS,2022:CFS,2020:CFS
61	326030	에스케이바이오팜	직접추가	메인	89000.0		3409.0	307770519305.0	1711367837.0	0.0	0.0						판정불가	일반	일반	3951.8457878072995	3951.8457878072995	24.948123852212586	24.948123852212586	N	N	10.897852960312292			30.295705920624584			103278.06148340921			16.04276571169574			1년	30.295705920624584	103278.06148340921	16.04276571169574		0.4368205410903389			1874.8221177897738	2.106541705381768	1년	0.4368205410903389	불리(<1)	1년	10.897852960312292	2.2892696334836273	매우 불리	Y	통과	제외	배당감안점수<1	78313250.0	배당감안점수<1; PER>연성장률의 2배; fs=2025:CFS,2024:CFS,2022:CFS,2020:CFS
62	443060	HD현대마린솔루션	직접추가	메인	203000.0	3950.0	6013.0	377924043510.0		9931501625.0							판정불가	일반	일반	8208.377954504365	8208.377954504365	32.39508099875198	32.39508099875198	N	N	13.36726998491704			35.23453996983408			211865.28883861232			4.367137358922335			1년	35.23453996983408	211865.28883861232	4.367137358922335	1.9458128078817736	0.4726977775850831			6828.081523113242	3.3635869571986414	1년	0.4726977775850831	불리(<1)	1년	13.36726998491704	2.4234627590603743	매우 불리	Y	통과	제외	배당감안점수<1	44831335.0	배당감안점수<1; PER>연성장률의 2배; fs=2025:CFS,2024:CFS,2022:NA,2020:NA
63	012750	에스원	직접추가	메인	81400.0	3200.0	5281.0	217937111676.0	27694386215.0	36737106943.0							판정불가	일반	일반	5497.339730559434	5497.339730559434	14.372781721158978	14.372781721158978	N	N	1.033097378993686	5.738563246263584	4.672200779142521	10.566194757987372	19.97712649252717	17.844401558285043	55800.07451693131	105499.20500703598	94236.2846293033	-31.4495399054898	29.60590295704666	15.769391436490544	3년	19.97712649252717	105499.20500703598	29.60590295704666	3.9312039312039313	0.3453959996407231	0.6727832764086377	0.598590090440245	4591.768535203577	5.640993286490881	3년	0.6727832764086377	불리(<1)	3년	5.738563246263584	2.5045958551589007	매우 불리	Y	통과	제외	배당감안점수<1	37999178.0	배당감안점수<1; PER>연성장률의 2배; fs=2025:CFS,2024:CFS,2022:CFS,2020:CFS
64	033780	KT&G	필수소비재	메인	174900.0	6000.0	10228.0	913503000000.0		1062456000000.0	332978000000.0						판정불가	일반	일반	-1262.563450588038	-4084.9695293504915	17.223559195403602	17.499508166733523	Y	Y	-10.146710006149517	6.408926515670932	1.8767217197089403		21.317853031341862	12.25344343941788		218039.00080456457	125328.21949836609		24.664951860814497	-28.342927673890173	3년	21.317853031341862	218039.00080456457	24.664951860814497	3.430531732418525	-0.3899413702786424	0.571279033355387	0.30813918261121054	-776.4757168675206	-0.4439540976944086	3년	0.571279033355387	불리(<1)	3년	6.408926515670932	2.687432778841983	매우 불리	N	주당순현금<=0 / 주당FCF<=0	제외	하드필터 미통과	117976645.0	주당순현금 음수(린치식); 주당순현금 음수(보수형); 단기위험부채 존재; 주당FCF 음수; 배당감안점수<1; PER>연성장률의 2배; fs=2025:CFS,2024:CFS,2022:CFS,2020:CFS
65	042700	한미반도체	반도체소부장	메인	215000.0	800.0	2256.0	276235377529.0	1620849416.0	1700783956.0							판정불가	일반	일반	2897.3777017947336	2897.3777017947336	94.01711981303426	94.01711981303426	N	N	41.97608558842039	33.93410123050573	17.576648487156234	92.45217117684078	76.36820246101146	43.65329697431247	208572.0981749528	172286.66475204186	98481.83797404893	-2.989721779091725	-19.86666755718983	-54.19449396555864	3년	76.36820246101146	172286.66475204186	-19.86666755718983	0.37209302325581395	0.45043050346459534	0.3648930569452037	0.1909092891391009	1415.2619637779844	0.6582613785013881	3년	0.3648930569452037	불리(<1)	3년	33.93410123050573	2.770579340657937	매우 불리	Y	통과	제외	배당감안점수<1	95312200.0	배당감안점수<1; PER>연성장률의 2배; fs=2025:CFS,2024:CFS,2022:CFS,2020:CFS
66	030000	제일기획	직접추가	메인	19180.0	1230.0	2049.0	622369326472.0	216919787330.0	234763824456.0	4043255307.0						판정불가	일반	일반	5254.857894167939	5219.71175149604	6.7960674015773845	6.813220228650053	N	N	0.0	2.315711686466715		8.5	13.13142337293343		17416.5	26906.286491140596		-9.194473409801873	40.28303697153595		3년	13.13142337293343	26906.286491140596	40.28303697153595	6.412930135557874	0.9436236806700028	1.2843665764701875		1492.008099731205	7.778978622164781	3년	1.2843665764701875	보통(1~1.5)	3년	2.315711686466715	2.934764047396048	매우 불리	Y	통과	제외	린치PER배수>=2	115041225.0	단기위험부채 존재; PER>연성장률의 2배; fs=2025:CFS,2024:CFS,2022:CFS,2020:CFS
67	005380	현대자동차	직접추가	메인	400500.0	10000.0	36088.0	18360566000000.0	5857507000000.0	131240462000000.0	10388351000000.0						판정불가	일반	일반	-522678.0458231802	-573412.8785132379	25.58130253334017	26.987166884095487	Y	Y	-24.20875774440827	8.159836431248424	45.92494426173537		24.819672862496848	100.34988852347074		895692.3542617862	3621426.777035012		123.64353414776184	804.226411244697	3년	24.819672862496848	895692.3542617862	123.64353414776184	2.4968789013732833	-0.8487401614807474	0.4165822017363184	1.8928599550394425	-83323.46231986141	-20.804859505583373	3년	0.4165822017363184	불리(<1)	3년	8.159836431248424	3.135026387952525	매우 불리	N	주당순현금<=0 / 주당FCF<=0	제외	하드필터 미통과	204757766.0	주당순현금 음수(린치식); 주당순현금 음수(보수형); 단기위험부채 존재; 주당FCF 음수; 배당감안점수<1; PER>연성장률의 2배; fs=2025:CFS,2024:CFS,2022:CFS,2020:CFS
68	010130	고려아연	소재	메인	1251000.0	20000.0	42566.0	3451069963536.0	1038402532013.0	2668945939951.0	3128688084125.0						판정불가	일반	일반	87219.33882994796	-62672.518151442666	27.34061601207659	30.862014710131156	N	Y	184.74145427787812	8.708371766163726	5.597910450753152	377.98290855575624	25.91674353232745	19.695820901506302	16089220.48558432	1103172.1051970504	838372.3124935173	1186.1087518452694	-11.816778161706608	-32.98382793816808	3년	25.91674353232745	1103172.1051970504	-11.816778161706608	1.5987210231814548	6.815507566426136	0.3769883160201089	0.26322126285507946	-75274.78704653852	-6.017169228340409	3년	0.3769883160201089	불리(<1)	3년	8.708371766163726	3.1395784133043363	매우 불리	N	주당FCF<=0	제외	하드필터 미통과	20872969.0	주당순현금 음수(보수형); 단기위험부채 존재; 주당FCF 음수; 1년 점수 과열 가능; 배당감안점수<1; PER>연성장률의 2배; fs=2025:CFS,2024:CFS,2022:CFS,2020:CFS
69	307950	현대오토에버	직접추가	메인	406000.0	1900.0	6654.0	301124937000.0	503550000000.0	137177596000.0							판정불가	일반	일반	24339.913182556786	24339.913182556786	57.35799320971494	57.35799320971494	N	N	6.840077071290951	17.005273141647017	18.824559086735636	22.1801541425819	42.51054628329403	46.14911817347127	147586.74566473998	282865.1749690385	307076.2323262778	-63.6485848116404	-30.328774638167854	-24.36546001815817	3년	42.51054628329403	282865.1749690385	-30.328774638167854	0.4679802955665025	0.12741131545759277	0.30463502049883445	0.33635310970109894	6801.802196340414	1.6753207380148805	3년	0.30463502049883445	불리(<1)	3년	17.005273141647017	3.372953361698231	매우 불리	Y	통과	제외	배당감안점수<1	27423982.0	배당감안점수<1; PER>연성장률의 2배; fs=2025:CFS,2024:CFS,2022:CFS,2020:CFS
70	028260	삼성물산	직접추가	메인	390500.0	2800.0	14955.0	3458217651048.0	2068618122746.0	1611322967337.0	981336899188.0						판정불가	일반	일반	23035.606644979205	17262.240061011005	24.571340244401256	24.957389497759213	N	N	9.328167263688858	6.272963576271873	18.957826688295864	27.156334527377716	21.045927152543747	46.41565337659173	406122.9828569337	314741.84056629176	694146.0962469293	4.000763855808898	-19.400296910040527	77.75828328986665	3년	21.045927152543747	314741.84056629176	-19.400296910040527	0.7170294494238156	0.40881761487965795	0.28447748296059694	0.800723767691212	6578.623290328812	1.6846666556539853	3년	0.28447748296059694	불리(<1)	3년	6.272963576271873	3.917022623460603	매우 불리	Y	통과	제외	배당감안점수<1	169976544.0	단기위험부채 존재; 배당감안점수<1; PER>연성장률의 2배; fs=2025:CFS,2024:CFS,2022:CFS,2020:CFS
71	007660	이수페타시스	직접추가	메인	111100.0	230.0	2278.0	162780032068.0	175712986992.0	105628209085.0							판정불가	일반	일반	3172.1466751335415	3172.1466751335415	47.37833771943216	47.37833771943216	N	N	94.53458582408199	12.033069515911986		197.56917164816397	32.56613903182397		450062.57301451755	74185.66471449501		305.0968253956054	-33.226224379392434		3년	32.56613903182397	74185.66471449501	-33.226224379392434	0.20702070207020704	1.999681945094795	0.25834781900678494		185.87558603504556	0.16730475790733174	3년	0.25834781900678494	불리(<1)	3년	12.033069515911986	3.937344304109703	매우 불리	Y	통과	제외	배당감안점수<1	73409219.0	1년 점수 과열 가능; 배당감안점수<1; PER>연성장률의 2배; fs=2025:CFS,2024:CFS,2022:CFS,2020:CFS
72	175330	JB금융지주	직접추가	메인	29250.0	1140.0	3619.0		3918901000000.0	14183144000000.0							판정불가	일반	일반	-54055.16269326126	-54055.16269326126	23.018834676225822	23.018834676225822	Y	Y	5.2340796743239215			18.968159348647845			68645.76868275655			134.68638865899675			1년	18.968159348647845	68645.76868275655	134.68638865899675	3.897435897435898	0.39669756094086633					1년	0.39669756094086633	불리(<1)	1년	5.2340796743239215	4.39787624730782	매우 불리	N	주당순현금<=0 / 주당FCF<=0	제외	하드필터 미통과	189884601.0	주당순현금 음수(린치식); 주당순현금 음수(보수형); 배당감안점수<1; PER>연성장률의 2배; fs=2025:CFS,2024:CFS,2022:NA,2020:NA
73	047810	한국항공우주	우주항공/방산	메인	127200.0	500.0	1907.0	60938581663.0	200000.0	1487227060504.0	492840000000.0						판정불가	일반	일반	-14632.333554052933	-19688.393661788952	74.37458497852802	77.02590123848398	Y	Y	8.045325779036826	16.21391673368946	20.01192023737235	24.590651558073652	40.92783346737892	48.5238404747447	46894.372521246456	78049.3784222916	92534.96378533814	-63.13335493612699	-38.64042576863868	-27.25238696121215	3년	40.92783346737892	78049.3784222916	-38.64042576863868	0.39308176100628933	0.11345821348084548	0.22328862069603747	0.2743544989766272	-11214.27678311756	-8.816255332639592	3년	0.22328862069603747	불리(<1)	3년	16.21391673368946	4.587083195264699	매우 불리	N	주당순현금<=0 / 주당FCF<=0	제외	하드필터 미통과	97475107.0	주당순현금 음수(린치식); 주당순현금 음수(보수형); 단기위험부채 존재; 주당FCF 음수; 배당감안점수<1; PER>연성장률의 2배; fs=2025:CFS,2024:CFS,2022:CFS,2020:CFS
74	007070	GS리테일	직접추가	메인	26350.0	600.0	585.0	294440001357.0	139922954133.0	2214168472527.0							판정불가	일반	일반	-21287.651544267934	-21287.651544267934	81.4318829816546	81.4318829816546	Y	Y	-345.7983193277311	17.566734386037865	-23.182279339928648		43.63346877207573			25525.579231664302			-3.1287315686364225		3년	43.63346877207573	25525.579231664302	-3.1287315686364225	2.2770398481973433	-4.218510820349372	0.24368556279983994	-0.25672057093952927	8424.851248528614	31.972870013391326	3년	0.24368556279983994	불리(<1)	3년	17.566734386037865	4.635573191473601	매우 불리	N	주당순현금<=0	제외	하드필터 미통과	83607415.0	주당순현금 음수(린치식); 주당순현금 음수(보수형); 배당감안점수<1; PER>연성장률의 2배; fs=2025:CFS,2024:CFS,2022:CFS,2020:CFS
75	280360	롯데웰푸드	직접추가	메인	144700.0	3300.0	8176.0	465769787384.0	60447985569.0	1114724963974.0							판정불가	일반	일반	-63249.23537832038	-63249.23537832038	25.434104131399266	25.434104131399266	Y	Y	-14.575279490126425		5.046315298946524			18.59263059789305			152013.34776837355			5.054144967777163	5년	18.59263059789305	152013.34776837355	5.054144967777163	2.2805805114029023	-0.4833942219944479		0.28807367354072144	-12931.762180407184	-8.936946911131434	5년	0.28807367354072144	불리(<1)	5년	5.046315298946524	5.040133765860593	매우 불리	N	주당순현금<=0 / 주당FCF<=0	제외	하드필터 미통과	9304574.0	주당순현금 음수(린치식); 주당순현금 음수(보수형); 주당FCF 음수; 배당감안점수<1; PER>연성장률의 2배; fs=2025:CFS,2024:CFS,2022:CFS,2020:CFS
76	068270	셀트리온	헬스케어	메인	188000.0	750.0	4668.0	1119206211717.0									판정불가	일반	일반	4845.86731932615	4845.86731932615	39.23610383047855	39.23610383047855	N	N	127.9296875	6.22945826601542	3.8046169226709114	264.359375	20.95891653203084	16.109233845341823	1234029.5625	97836.22237151997	75197.90359005563	556.3987034574468	-47.95945618536172	-60.00111511167254	3년	20.95891653203084	97836.22237151997	-47.95945618536172	0.39893617021276595	3.270677033190214	0.16893610193475067	0.10713482437107741	1360.9075488767974	0.7238869940834028	3년	0.16893610193475067	불리(<1)	3년	6.22945826601542	6.298477677349517	매우 불리	Y	통과	제외	배당감안점수<1	230960969.0	1년 점수 과열 가능; 배당감안점수<1; PER>연성장률의 2배; fs=2025:CFS,2024:CFS,2022:CFS,2020:CFS
77	272210	한화시스템	우주항공/방산	메인	70600.0	500.0	1243.0	325483658125.0	164123075536.0	1615285782454.0	1474436243190.0						판정불가	일반	일반	-5958.515188681878	-13763.093908709392	61.59172581551237	67.87055020813305	Y	Y	-52.02624469316866		7.897266078384502			24.294532156769			30198.10347086387			-57.22648233588687	5년	24.294532156769	30198.10347086387	-57.22648233588687	0.708215297450425	-0.8331968087634488		0.13971814008932296	-1268.1431386537038	-1.7962367403026966	5년	0.13971814008932296	불리(<1)	5년	7.897266078384502	7.799119999779953	매우 불리	N	주당순현금<=0 / 주당FCF<=0	제외	하드필터 미통과	188919389.0	주당순현금 음수(린치식); 주당순현금 음수(보수형); 단기위험부채 존재; 주당FCF 음수; 배당감안점수<1; PER>연성장률의 2배; fs=2025:CFS,2024:CFS,2022:CFS,2020:CFS
78	450080	에코프로머티	직접추가	메인	37400.0		345.0	45037598354.0	777438041.0								판정불가	일반	일반	649.3175374808915	649.3175374808915	106.52371728266408	106.52371728266408	N	N	-155.8252427184466	5.476875138059767			19.453750276119536			6711.54384526124			-82.05469560090577		3년	19.453750276119536	6711.54384526124	-82.05469560090577		-1.4628220521535062	0.05141460773028324		-2943.2049268330334	-7.869531889927897	3년	0.05141460773028324	불리(<1)	3년	5.476875138059767	19.449725362992496	매우 불리	N	주당FCF<=0	제외	하드필터 미통과	70558754.0	주당FCF 음수; 배당감안점수<1; PER>연성장률의 2배; fs=2025:OFS,2024:OFS,2022:OFS,2020:NA
79	024110	IBK기업은행	금융/은행	보정필요	20900.0	1048.0	3183.0			203390126000000.0							판정불가	금융보정	보정보류	-255058.34950533815	-255058.34950533815	86.69756503466482	86.69756503466482	Y	Y	2.4790727623953623			13.458145524790725			42837.27720540888			104.96304882970757			1년	13.458145524790725	42837.27720540888	104.96304882970757	5.014354066985646	0.08643180262773084					1년	0.08643180262773084	불리(<1)	1년	2.4790727623953623	34.971771038658325	매우 불리	N	주당순현금<=0 / 주당FCF<=0	제외	하드필터 미통과	797425869.0	린치식 단독판정 비중 낮춤; 주당순현금 음수(린치식); 주당순현금 음수(보수형); 배당감안점수<1; PER>연성장률의 2배; fs=2025:CFS,2024:CFS,2022:NA,2020:NA
80	282330	BGF리테일	필수소비재	메인	150900.0	4100.0	11303.0	414042445266.0	56154402761.0		0.0						판정불가	일반	일반	27204.316433276137	27204.316433276137	10.943615285032633	10.943615285032633	N	N	0.017697548889472614	0.2966584171548048	9.736317603940137	8.535395097778945	9.09331683430961	27.972635207880273	96475.57079019542	102781.76017820151	316174.6957546707	-36.066553485622656	-31.887501538633856	109.5259746551827	3년	9.09331683430961	102781.76017820151	-31.887501538633856	2.7170311464546058	0.2498926199538751	0.27538336145013925	1.1379556413525374	30299.629909466068	20.079277607333378	3년	0.27538336145013925	불리(<1)	3년	0.2966584171548048	36.88961665066103	매우 불리	Y	통과	제외	배당감안점수<1	17283906.0	배당감안점수<1; PER>연성장률의 2배; fs=2025:CFS,2024:CFS,2022:CFS,2020:CFS
81	204320	HL만도	직접추가	메인	50300.0	750.0	2130.0	799652317531.0		965892545521.0	659326263869.0						판정불가	일반	일반	-3540.256046154449	-17581.28462433386	25.2771155146265	31.869147710954863	Y	Y	-23.021322732200943	0.5378148348890388	76.60035963530261		9.575629669778078	161.70071927060522		20396.091196627305	344422.5320463891		-59.4511109410988	584.7366442274138	3년	9.575629669778078	20396.091196627305	-59.4511109410988	1.4910536779324055	-0.8517692235021885	0.08026503307497437	3.089411577363237	6770.8428804833	13.460920239529422	3년	0.08026503307497437	불리(<1)	3년	0.5378148348890388	46.999662104600816	매우 불리	N	주당순현금<=0	제외	하드필터 미통과	46957120.0	주당순현금 음수(린치식); 주당순현금 음수(보수형); 단기위험부채 존재; 배당감안점수<1; PER>연성장률의 2배; fs=2025:CFS,2024:CFS,2022:CFS,2020:CFS
82	192080	더블유게임즈	직접추가	메인	58500.0	1200.0	6651.0	569919505893.0	290204328298.0	53240025218.0							판정불가	일반	일반	37536.62715928326	37536.62715928326	3.151912921472972	3.151912921472972	N	N	-29.55195424213537		0.05119867759955099			8.602397355199102			57214.54480942923			-2.1973593001209712	5년	8.602397355199102	57214.54480942923	-2.1973593001209712	2.051282051282051	-8.725073590548792		0.6670491162868349	10978.50357230814	18.766672773176307	5년	0.6670491162868349	불리(<1)	5년	0.05119867759955099	61.562389289144726	매우 불리	Y	통과	제외	배당감안점수<1	21495906.0	배당감안점수<1; PER>연성장률의 2배; fs=2025:CFS,2024:CFS,2022:CFS,2020:CFS
83	003030	세아제강지주	직접추가	메인	102300.0	1800.0	15656.0	657858846224.0	16603582224.0	0.0							판정불가	일반	일반	162848.45134399107	162848.45134399107	-3.8674279090438852	-3.8674279090438852	N	N	47.712048306444	-38.977007618002915	29.936065767104946	103.924096612888		68.3721315342099	1627035.6565713745		1070434.0912995902	1490.4551872642958		946.3676356789739	3년				1.7595307917888565	-12.791855533375239	9.623314952861023	-8.195523563548381	-147158.44666591173	-143.84989898916103	3년	9.623314952861023	안심(>=2)	3년	-38.977007618002915		판정불가	N	주당FCF<=0 / 순현금차감PER<=0	제외	하드필터 미통과	4141657.0	주당FCF 음수; fs=2025:CFS,2024:CFS,2022:CFS,2020:CFS
84	006360	GS건설	직접추가	메인	33300.0	500.0	1073.0	3015810000000.0	301590000000.0								판정불가	일반	일반	38763.054954990854	38763.054954990854	-5.0913839282300595	-5.0913839282300595	N	N	-62.91047355686139	-35.490770024369326	-22.823533314849886										3년				1.5015015015015014	12.061351671962354	6.675840793385948	4.187865640052146	3464.721168093708	10.404568072353477	3년	6.675840793385948	안심(>=2)	3년	-35.490770024369326		판정불가	N	순현금차감PER<=0	제외	하드필터 미통과	85581490.0	fs=2025:CFS,2024:CFS,2022:CFS,2020:CFS
85	285130	SK케미칼	직접추가	메인	54100.0	1150.0	2306.0	567555999965.0	950748039267.0	341978345417.0	477883213809.0						판정불가	일반	일반	68000.55528903044	40375.277635757375	-6.027994487870962	5.9517443036611555	N	N	92.16666666666666	-38.59552986089414	-34.69934418185778	192.83333333333331			444673.6666666666			721.9476278496611			3년				2.1256931608133085	-15.642409762850207	6.0500779775864855	5.403729397328832	-13324.604357906223	-24.62958291664736	3년	6.0500779775864855	안심(>=2)	3년	-38.59552986089414		판정불가	N	주당FCF<=0 / 순현금차감PER<=0	제외	하드필터 미통과	17298766.0	단기위험부채 존재; 주당FCF 음수; fs=2025:CFS,2024:CFS,2022:CFS,2020:CFS
86	009240	한샘	직접추가	메인	38400.0	8530.0	2808.0	98241927402.0	251054722982.0	161476119968.0	96981921492.0						판정불가	일반	일반	7980.840700116019	3859.9000100620688	10.833033938705121	12.300605409522055	N	N	-69.38174681059863		-5.701809832138416										5년				22.213541666666668	-4.354108499134823		1.5242019851459923	2308.508445254018	6.011740742849005	5년	1.5242019851459923	양호(>=1.5)	5년	-5.701809832138416		판정불가	Y	통과	보류	배당감안점수 또는 린치PER배수 미산출	23533928.0	단기위험부채 존재; fs=2025:CFS,2024:CFS,2022:CFS,2020:CFS
87	000880	한화	직접추가	메인	128300.0	1100.0	4122.0	14684582000000.0	103264989000000.0	60168760000000.0							판정불가	일반	일반	770834.9267100092	770834.9267100092	-155.87940968219536	-155.87940968219536	N	N	-50.52808449351897	-33.7392629586393	7.803689278908865			24.107378557817732			99370.61441532469			-22.548235062100787	3년				0.857365549493375	0.3186483644330802	0.2109444568476687	-0.05556253289680959	29660.332448246358	23.117952025133558	3년	0.2109444568476687	불리(<1)	3년	-33.7392629586393		판정불가	N	순현금차감PER<=0	제외	하드필터 미통과	74958735.0	배당감안점수<1; fs=2025:CFS,2024:CFS,2022:CFS,2020:CFS
88	300720	한일시멘트	직접추가	메인	17070.0	1000.0	1061.0	129285266021.0		337958155586.0	209542035372.0						판정불가	일반	일반	-2837.341716779947	-5686.501277561126	18.76281028914227	21.448163315326227	Y	Y	-60.067745577719236	-2.308290966967641	-43.43181980026135		3.883418066064718			4120.306568094666			-75.86229309844953		3년	3.883418066064718	4120.306568094666	-75.86229309844953	5.8582308142940835	-2.889200174602592	0.18920086024537244	-2.002556568389464	83.57535581957487	0.48960372477782577	3년	0.18920086024537244	불리(<1)	3년	-2.308290966967641		판정불가	N	주당순현금<=0	제외	하드필터 미통과	73545209.0	주당순현금 음수(린치식); 주당순현금 음수(보수형); 단기위험부채 존재; 배당감안점수<1; fs=2025:CFS,2024:CFS,2022:CFS,2020:CFS
89	383220	F&F	직접추가	메인	68300.0	2700.0	10611.0	325383761882.0	16380800000.0	136145710441.0	186267116479.0						판정불가	일반	일반	5367.64687570116	505.17391270411537	5.9308597798792615	6.389108103599649	N	N	11.64772727272727	-2.8457492223840752		31.79545454545454	2.8085015552318495		337381.5681818181	29801.010002565155		393.9700851856781	-56.367481694633746		3년	2.8085015552318495	29801.010002565155	-56.367481694633746	3.953147877013177	2.6304575944734347	0.18671806377652145		8579.832305807739	12.561979949938124	3년	0.18671806377652145	불리(<1)	3년	-2.8457492223840752		판정불가	Y	통과	보류	배당감안점수 또는 린치PER배수 미산출	38307075.0	단기위험부채 존재; 1년 점수 과열 가능; 배당감안점수<1; fs=2025:CFS,2024:CFS,2022:CFS,2020:NA
90	268280	미원에스씨	직접추가	메인	133000.0	3200.0	12662.0	58959811112.0			34836825379.0						판정불가	일반	일반	11791.9622224	4824.5971466	9.572582354888644	10.122840219033328	N	N	13.418129702615555	-0.7008484463701614	13.343223272870098	35.33625940523111	7.098303107259677	35.186446545740196	447427.71658903634	89878.71394412204	445530.7861621624	236.41181698423784	-32.42201959088569	234.98555350538527	3년	7.098303107259677	89878.71394412204	-32.42201959088569	2.4060150375939853	1.653069584941024	0.17813026078099067	1.6452444833155255	6279.6343486	4.721529585413534	3년	0.17813026078099067	불리(<1)	3년	-0.7008484463701614		판정불가	Y	통과	보류	배당감안점수 또는 린치PER배수 미산출	5000000.0	단기위험부채 존재; 1년 점수 과열 가능; 배당감안점수<1; fs=2025:CFS,2024:CFS,2022:CFS,2020:CFS
91	271560	오리온	필수소비재	메인	129700.0	3500.0	9682.0	311390944459.0	31192701875.0	22097727513.0							판정불가	일반	일반	8106.152590268567	8106.152590268567	12.558753089210022	12.558753089210022	N	N	-27.04393037450079	-0.8262042047842644	7.4207333275822185		6.847591590431471	23.34146665516444		66298.38177855751	225992.0801553021		-48.88328313141287	74.24215894780424	3년	6.847591590431471	66298.38177855751	-48.88328313141287	2.6985350809560527	-1.9385200999342305	0.14908573031668407	0.8057542286767579	9890.016867456836	7.62530213373696	3년	0.14908573031668407	불리(<1)	3년	-0.8262042047842644		판정불가	Y	통과	보류	배당감안점수 또는 린치PER배수 미산출	39536132.0	배당감안점수<1; fs=2025:CFS,2024:CFS,2022:CFS,2020:CFS
92	088350	한화생명	직접추가	메인	5920.0	150.0	693.0	3103115000000.0	104518986000000.0								판정불가	일반	일반	123912.9344985205	123912.9344985205	-170.26397474533982	-170.26397474533982	N	N	-25.96153846153846												1년				2.5337837837837838	0.13759666255175276					1년	0.13759666255175276	불리(<1)	1년	-25.96153846153846		판정불가	N	주당FCF<=0 / 순현금차감PER<=0	제외	하드필터 미통과	868530000.0	배당감안점수<1; fs=2025:CFS,2024:CFS,2022:NA,2020:NA
93	000810	삼성화재해상보험	직접추가	메인	677000.0	19500.0	47478.0		11734007737216.0								판정불가	일반	일반	255025.28109142228	255025.28109142228	8.887794745115162	8.887794745115162	N	N	-2.667131347506102			3.165737304987796			150302.87576621058			-77.7986889562466			1년	3.165737304987796	150302.87576621058	-77.7986889562466	2.880354505169867	0.023990558263168135			72732.0784920961	10.743290766927046	1년	0.023990558263168135	불리(<1)	1년	-2.667131347506102		판정불가	Y	통과	보류	배당감안점수 또는 린치PER배수 미산출	46011155.0	배당감안점수<1; fs=2025:CFS,2024:CFS,2022:NA,2020:NA
94	005830	DB손해보험	직접추가	메인	192600.0	7600.0	29597.0	1713419000000.0	38577437000000.0								판정불가	일반	일반	580693.762250663	580693.762250663	-13.112604731920905	-13.112604731920905	N	N	-4.024255788313125			0.4514884233737497			13362.70286659287			-93.06194036002447			1년	0.4514884233737497	13362.70286659287	-93.06194036002447	3.9460020768431985	0.005967823561357594					1년	0.005967823561357594	불리(<1)	1년	-4.024255788313125		판정불가	N	주당FCF<=0 / 순현금차감PER<=0	제외	하드필터 미통과	69384000.0	배당감안점수<1; fs=2025:CFS,2024:CFS,2022:NA,2020:NA
95	298020	효성티앤씨	직접추가	메인	345000.0	10100.0	2517.0	78332153321.0		1022720440533.0							판정불가	일반	일반	-218220.35149809992	-218220.35149809992	223.76652820742947	223.76652820742947	Y	Y	-91.92622293504411	-2.1428862261368864	-39.74816600029081		4.214227547726227			10607.210737626914			-96.92544616300668		3년	4.214227547726227	10607.210737626914	-96.92544616300668	2.9275362318840576	-0.3977301136864361	0.003506556642018453	-0.16454931871792003	-681.4700322251034	-0.19752754557249372	3년	0.003506556642018453	불리(<1)	3년	-2.1428862261368864		판정불가	N	주당순현금<=0 / 주당FCF<=0	제외	하드필터 미통과	4327682.0	주당순현금 음수(린치식); 주당순현금 음수(보수형); 주당FCF 음수; 배당감안점수<1; fs=2025:CFS,2024:CFS,2022:CFS,2020:CFS
96	241560	두산밥캣	직접추가	메인	62100.0	1700.0	2.95	1389744000.0	5896000.0	976095000.0	54294000.0						판정불가	일반	일반	4.376822687223808	3.810410953130613	21049.36378891958	21049.55579289724	N	N	-28.743961352657	-92.28374718011123	-73.96450801980052										3년				2.737520128824477	-0.001235497732122543	-0.004254106107398079	-0.003383807159457715	6.059063659665145	0.009756946311860137	3년	-0.004254106107398079	불리(<1)	3년	-92.28374718011123		판정불가	Y	통과	보류	배당감안점수 또는 린치PER배수 미산출	95856065.0	단기위험부채 존재; 1년 점수 과열 가능; 배당감안점수<1; fs=2025:CFS,2024:CFS,2022:CFS,2020:CFS
97	003670	포스코퓨처엠	2차전지	메인	191300.0	250.0	51.0	319841457995.0	455490703002.0	75416813902.0	2985898850806.0						판정불가	일반	일반	7868.972364368042	-25700.738083203534	3596.6868163849404	4254.91643300399	N	Y	-101.85319767441861	-67.79595834778358	-36.26680545246004										3년				0.13068478829064298	-0.028282282578156223	-0.01881322367330939	-0.01004705789215479	-17346.109652439416	-9.067490670381293	3년	-0.01881322367330939	불리(<1)	3년	-67.79595834778358		판정불가	N	주당FCF<=0	제외	하드필터 미통과	88946220.0	주당순현금 음수(보수형); 단기위험부채 존재; 주당FCF 음수; 1년 점수 과열 가능; 배당감안점수<1; fs=2025:CFS,2024:CFS,2022:CFS,2020:CFS
98	014680	한솔케미칼	직접추가	메인	205500.0	2600.0	13428.0	112551479633.0	97254225348.0	138153315888.0	52809626645.0						판정불가	일반	일반	6321.231270657452	1662.3236254868134	14.83309269655515	15.180047391608072	N	N	22.295081967213104	-1.612254890420728	3.943248256290177	53.09016393442621	5.275490219158544	16.386496512580354	712894.7213114752	70839.28266286093	220037.875170929	246.90740696422148	-65.52832960444724	7.0743918106710435	3년	5.275490219158544	70839.28266286093	-65.52832960444724	1.2652068126520681	1.588359842538895	-0.02339687918550246	0.3511374988003588	10281.03332708436	5.002935925588496	3년	-0.02339687918550246	불리(<1)	3년	-1.612254890420728		판정불가	Y	통과	보류	배당감안점수 또는 린치PER배수 미산출	11335195.0	단기위험부채 존재; 1년 점수 과열 가능; 배당감안점수<1; fs=2025:CFS,2024:CFS,2022:CFS,2020:CFS
99	026960	동서	직접추가	메인	25650.0	1140.0	1468.0	38923278454.0	723123250000.0	100000000.0	1896791452.0						판정불가	일반	일반	7642.392461925778	7623.367472437312	12.266762628115956	12.279722430219815	N	N	-7.90464240903388	-4.791896569068244	4.358606974752632			17.217213949505265			25274.87007787373			-1.4624948231043655	3년				4.444444444444445	-0.28207914911946774	-0.02832467988150545	0.7176344473333248	1043.7561603209629	4.069224796572954	3년	-0.02832467988150545	불리(<1)	3년	-4.791896569068244		판정불가	Y	통과	보류	배당감안점수 또는 린치PER배수 미산출	99700000.0	단기위험부채 존재; 배당감안점수<1; fs=2025:CFS,2024:CFS,2022:CFS,2020:CFS
100	457190	이수스페셜티케미컬	직접추가	메인	69600.0		26.0	26339571000.0	550236000.0	1431768000.0							판정불가	일반	일반	842.7503651316791	842.7503651316791	2644.5096013410894	2644.5096013410894	N	N	-92.73743016759776												1년					-0.03506791206981005			-1474.6892904859199	-2.1188064518475858	1년	-0.03506791206981005	불리(<1)	1년	-92.73743016759776		판정불가	N	주당FCF<=0	제외	하드필터 미통과	30208280.0	주당FCF 음수; 배당감안점수<1; fs=2025:CFS,2024:OFS,2022:NA,2020:NA
101	034020	두산에너빌리티	전력/에너지설비	메인	81400.0		132.0	3080997000000.0	107870000000.0	3096393000000.0	1883572000000.0						판정불가	일반	일반	144.364047956165	-2796.1389965416356	615.5729996366957	637.8495378525881	N	Y	-24.13793103448276												1년					-0.039212134139620644			83.81713492188614	0.10296945322099034	1년	-0.039212134139620644	불리(<1)	1년	-24.13793103448276		판정불가	Y	통과	보류	배당감안점수 또는 린치PER배수 미산출	640561146.0	주당순현금 음수(보수형); 단기위험부채 존재; 배당감안점수<1; fs=2025:CFS,2024:CFS,2022:CFS,2020:CFS
102	009150	삼성전기	직접추가	메인	1430000.0	2350.0	9395.0	2701205916236.0		249136193271.0	2003354614634.0						판정불가	일반	일반	32828.335646491505	6007.402663954398	148.71438683911745	151.56919609750352	N	N	4.528259902091669	-10.207342192334501	3.285033400534343	17.55651980418334		15.070066801068686	164943.50356030246		141583.2775960403	-88.46548926151732		-90.0990714967804	3년				0.16433566433566435	0.031554415589285845	-0.0675321785703463	0.023194588890727914			3년	-0.0675321785703463	불리(<1)	3년	-10.207342192334501		판정불가	N	주당FCF<=0	제외	하드필터 미통과	74693696.0	단기위험부채 존재; 1년 점수 과열 가능; 배당감안점수<1; fs=2025:CFS,2024:CFS,2022:CFS,2020:CFS
103	000720	현대건설	직접추가	메인	120700.0	800.0	3319.0	4812659000000.0	700784000000.0	579678000000.0	1194728000000.0						판정불가	일반	일반	44306.32756193628	33577.399427860786	23.017075154583825	26.249653682476414	N	N	-321.1192538307795	-3.003815607902416	24.7843511038494		2.4923687841951683	58.0687022076988		8272.171994743763	192730.0226273523		-93.14650207560582	59.67690358521318	3년	2.4923687841951683	8272.171994743763	-93.14650207560582	0.6628003314001657	-13.922553206572852	-0.10170776524731638	1.1055771102255707	-7760.002367187725	-6.4291651757976185	3년	-0.10170776524731638	불리(<1)	3년	-3.003815607902416		판정불가	N	주당FCF<=0	제외	하드필터 미통과	111355765.0	단기위험부채 존재; 주당FCF 음수; 배당감안점수<1; fs=2025:CFS,2024:CFS,2022:CFS,2020:CFS
104	377300	카카오페이	직접추가	메인	45900.0		335.0	1631491473258.0	2303511051026.0	95911725899.0	38914909706.0						판정불가	일반	일반	28407.16665292835	28119.217661003742	52.217412976333286	53.07696220595898	N	N	-428.4313725490196	-6.283340638970736											3년					-8.204760598599538	-0.12033037028890267		721.2173895844579	1.5712797158702787	3년	-0.12033037028890267	불리(<1)	3년	-6.283340638970736		판정불가	Y	통과	보류	배당감안점수 또는 린치PER배수 미산출	135145150.0	단기위험부채 존재; 배당감안점수<1; fs=2025:CFS,2024:CFS,2022:CFS,2020:NA
105	032640	LG유플러스	통신	보정필요	15220.0	660.0	1221.0	794318000000.0	96103000000.0	6032435000000.0	0.0						판정불가	통신보정	보정주의	-11962.94739559469	-11962.94739559469	22.26285617984823	22.26285617984823	Y	Y	40.18369690011481	-7.505357255026945	16.093370483592317	88.86739380022962		40.68674096718463	108507.08783008037		49678.510720932434	612.9243615642599		226.40282996670456	3년				4.336399474375821	1.9997477419267113	-0.1423428222799006	0.917661677950408	2279.814694868141	14.979071582576486	3년	-0.1423428222799006	불리(<1)	3년	-7.505357255026945		판정불가	N	주당순현금<=0	제외	하드필터 미통과	429828355.0	린치식 단독판정 비중 낮춤; 주당순현금 음수(린치식); 주당순현금 음수(보수형); 1년 점수 과열 가능; 배당감안점수<1; fs=2025:CFS,2024:CFS,2022:CFS,2020:CFS
106	001040	CJ	직접추가	메인	133600.0	3300.0	4321.0	2587324564000.0	1114436500000.0	6845375033000.0	4564809586000.0						판정불가	일반	일반	-107742.88598847626	-264195.22512220073	55.85347974739095	92.06091763994462	Y	Y	44.370197126628796	-10.479231651272991	10.856012353166022	97.24039425325759		30.212024706332045	420175.74356832606		130546.15875606076	214.50280207210034		-2.285809314325782	3년				2.470059880239521	0.8386273732400055	-0.1433961108109401	0.23858982992063332	55371.62013720534	41.44582345599202	3년	-0.1433961108109401	불리(<1)	3년	-10.479231651272991		판정불가	N	주당순현금<=0	제외	하드필터 미통과	29176998.0	주당순현금 음수(린치식); 주당순현금 음수(보수형); 단기위험부채 존재; 1년 점수 과열 가능; 배당감안점수<1; fs=2025:CFS,2024:CFS,2022:CFS,2020:CFS
107	161890	한국콜마	직접추가	메인	155000.0	864.0	5299.0	225316644282.0	284826044.0	476529423888.0	829915405830.0						판정불가	일반	일반	-10630.253549352963	-45788.59706291151	31.256888761908467	37.89179034967192	Y	Y	38.35509138381201		-5.429179724160593	85.21018276762402			451528.7584856397			191.3088764423482			5년				0.5574193548387096	1.244925911694444		-0.15586197354545744	4731.724715873624	3.052725623144273	5년	-0.15586197354545744	불리(<1)	5년	-5.429179724160593		판정불가	N	주당순현금<=0	제외	하드필터 미통과	23605077.0	주당순현금 음수(린치식); 주당순현금 음수(보수형); 단기위험부채 존재; 배당감안점수<1; fs=2025:CFS,2024:CFS,2022:CFS,2020:CFS
108	005930	삼성전자	반도체	메인	261000.0	1668.0	6605.0	57856378000000.0	67965021000000.0	6486651000000.0	17574980000000.0						판정불가	일반	일반	20159.129590764183	17190.201384077154	36.463417170209816	36.91291424919347	N	N	33.43434343434344	-6.409201466872028	11.451444833603809	75.36868686868688		31.402889667207617	497810.17676767684		207416.08625190632	90.73186849336277		-20.53023515252631	3년				0.639080459770115	0.9344550384584125	-0.15824411025898125	0.33157960036866047	5602.031650745953	2.1463722799792926	3년	-0.15824411025898125	불리(<1)	3년	-6.409201466872028		판정불가	Y	통과	보류	배당감안점수 또는 린치PER배수 미산출	5919637922.0	단기위험부채 존재; 1년 점수 과열 가능; 배당감안점수<1; fs=2025:CFS,2024:CFS,2022:CFS,2020:CFS
109	004170	신세계	직접추가	메인	436000.0	5200.0	1590.0	845128179533.0	3188808721.0	2404267280398.0	2154639015848.0						판정불가	일반	일반	-161318.93140667863	-384709.14210858254	375.67228390357144	516.1692717664041	Y	Y	-86.49796195652173	-66.22887992742359											3년				1.1926605504587156	-0.2270737157387938	-0.17311955702768467		50780.68871201069	11.64694695229603	3년	-0.17311955702768467	불리(<1)	3년	-66.22887992742359		판정불가	N	주당순현금<=0	제외	하드필터 미통과	9645181.0	주당순현금 음수(린치식); 주당순현금 음수(보수형); 단기위험부채 존재; 1년 점수 과열 가능; 배당감안점수<1; fs=2025:CFS,2024:CFS,2022:CFS,2020:CFS
110	008730	율촌화학	직접추가	메인	16300.0	250.0	168.0	23775188232.0	161779800.0	131712944797.0	113904302896.0						판정불가	일반	일반	-4345.805514717742	-8938.72095407258	122.89169949236752	150.23048186947966	Y	Y	-82.87461773700306		-27.064834063200415										5년				1.5337423312883436	-0.6618907195661867		-0.20775277612218015	-316.2289210887097	-1.9400547306055809	5년	-0.20775277612218015	불리(<1)	5년	-27.064834063200415		판정불가	N	주당순현금<=0 / 주당FCF<=0	제외	하드필터 미통과	24800000.0	주당순현금 음수(린치식); 주당순현금 음수(보수형); 단기위험부채 존재; 주당FCF 음수; 배당감안점수<1; fs=2025:CFS,2024:CFS,2022:CFS,2020:CFS
111	103140	풍산	직접추가	메인	80900.0	1700.0	5388.0	239069532140.0	18564061989.0	421550501295.0	535368466545.0						판정불가	일반	일반	-5849.103665257674	-24952.841736404414	16.100427554799122	19.64603595701641	Y	Y	-37.65332099051145	-5.551366378147627	15.984603902585516			40.46920780517103			218048.09165426152			169.52792540699818	3년				2.1013597033374536	-2.2081377134967375	-0.21428043839629682	1.1233219456046066			3년	-0.21428043839629682	불리(<1)	3년	-5.551366378147627		판정불가	N	주당순현금<=0 / 주당FCF<=0	제외	하드필터 미통과	28024278.0	주당순현금 음수(린치식); 주당순현금 음수(보수형); 단기위험부채 존재; 배당감안점수<1; fs=2025:CFS,2024:CFS,2022:CFS,2020:CFS
112	066570	LG전자	직접추가	메인	206500.0	1350.0	5380.0	8769841000000.0	226864000000.0								판정불가	일반	일반	55233.007286238106	55233.007286238106	28.116541396610018	28.116541396610018	N	N	157.90987535953977	-6.773782148657093	-13.211093618974335	324.31975071907954			1744840.258868648			744.9589631325172			3년				0.6537530266343826	5.639513983938722	-0.2176664987237938	-0.44661754143964444	2290.6763841474362	1.1092863845750296	3년	-0.2176664987237938	불리(<1)	3년	-6.773782148657093		판정불가	Y	통과	보류	배당감안점수 또는 린치PER배수 미산출	162886387.0	1년 점수 과열 가능; 배당감안점수<1; fs=2025:CFS,2024:CFS,2022:CFS,2020:CFS
113	093370	후성	직접추가	메인	12700.0		50.0	67697035372.0	6532556311.0	163041804446.0	95387151720.0						판정불가	일반	일반	-828.0447485733343	-1717.3912427755338	270.5608949714667	288.3478248555107	Y	Y	-107.48502994011977	-63.71940165586019	-5.111991994525078										3년					-0.39726742459014674	-0.2355085411089434	-0.01889405338884685	3.33571650938	0.02626548432582677	3년	-0.2355085411089434	불리(<1)	3년	-63.71940165586019		판정불가	N	주당순현금<=0	제외	하드필터 미통과	107255330.0	주당순현금 음수(린치식); 주당순현금 음수(보수형); 단기위험부채 존재; 1년 점수 과열 가능; 배당감안점수<1; fs=2025:CFS,2024:CFS,2022:CFS,2020:CFS
114	016360	삼성증권	직접추가	메인	88300.0	4000.0	11279.0	3379830380886.0	70613319064436.0	4076142290150.0							판정불가	일반	일반	782945.2089045016	782945.2089045016	-61.587481949153435	-61.587481949153435	N	N	12.028208184346445			32.556416368692894			367203.82022248715			315.8593660503818			1년	32.556416368692894	367203.82022248715	315.8593660503818	4.530011325028313	-0.2688569005475043					1년	-0.2688569005475043	불리(<1)	1년	12.028208184346445		판정불가	N	주당FCF<=0 / 순현금차감PER<=0	제외	하드필터 미통과	89300000.0	배당감안점수<1; fs=2025:CFS,2024:CFS,2022:NA,2020:NA
115	047050	포스코인터내셔널	에너지/상사	watchlist	55300.0	1850.0	3603.0	1171465925000.0	32399478000.0	3152207468000.0	2325933168000.0						판정불가	일반	일반	-11074.984015146463	-24296.313636184528	18.422143773285168	22.09167739000403	Y	Y	19.344153693275913	-8.992163844445855	13.250872999134566	47.18830738655183		35.00174599826913	170019.47151374622		126111.29083176368	207.4493155763946		128.04935050951843	3년				3.3453887884267632	1.231645065901932	-0.30652106104001586	0.9008865630301052	5016.375456714567	9.071203357530862	3년	-0.30652106104001586	불리(<1)	3년	-8.992163844445855		판정불가	N	주당순현금<=0	제외	하드필터 미통과	175922788.0	린치식 단독판정 비중 낮춤; 주당순현금 음수(린치식); 주당순현금 음수(보수형); 단기위험부채 존재; 1년 점수 과열 가능; 배당감안점수<1; fs=2025:CFS,2024:CFS,2022:CFS,2020:CFS
116	001430	세아베스틸지주	철강	watchlist	41350.0	1200.0	1567.0	232872225511.0	13022996803.0	1004860666577.0	664568218048.0						판정불가	일반	일반	-21163.42997643279	-39694.63327894818	39.89370132510069	51.7196128136236	Y	Y	177.83687943262413	-15.225348963483798		364.17375886524826			570660.2801418441			1280.0732288799131			3년				2.902055622732769	4.530513064768896	-0.30890323362894745		-2464.44276371399	-5.959958316116058	3년	-0.30890323362894745	불리(<1)	3년	-15.225348963483798		판정불가	N	주당순현금<=0 / 주당FCF<=0	제외	하드필터 미통과	35862119.0	린치식 단독판정 비중 낮춤; 주당순현금 음수(린치식); 주당순현금 음수(보수형); 단기위험부채 존재; 주당FCF 음수; 1년 점수 과열 가능; 배당감안점수<1; fs=2025:CFS,2024:CFS,2022:CFS,2020:CFS
117	017670	SK텔레콤	통신	보정필요	94600.0	1660.0	1825.0	1490024000000.0	186643000000.0	8712284000000.0	130000000000.0						판정불가	통신보정	보정주의	-32755.78594880276	-33361.02812917505	69.78399230071385	70.11563185160276	Y	Y	-68.42560553633218	-23.75836950489595	-38.33216341204368										3년				1.754756871035941	-0.9553888573470773	-0.31531031556695455	-0.5241518195661266	7451.904674561442	7.877277668669601	3년	-0.31531031556695455	불리(<1)	3년	-23.75836950489595		판정불가	N	주당순현금<=0	제외	하드필터 미통과	214790053.0	린치식 단독판정 비중 낮춤; 주당순현금 음수(린치식); 주당순현금 음수(보수형); 단기위험부채 존재; 배당감안점수<1; fs=2025:CFS,2024:CFS,2022:CFS,2020:CFS
118	029780	삼성카드	직접추가	메인	46050.0	2800.0	6053.0		29504306000000.0	18053189000000.0							판정불가	일반	일반	98836.75651616586	98836.75651616586	-8.72075937818699	-8.72075937818699	N	N	-2.8098908156711677			2.8802183686576646			17433.961785484844			-62.14123390774192			1년	2.8802183686576646	17433.961785484844	-62.14123390774192	6.080347448425624	-0.3750197076799029					1년	-0.3750197076799029	불리(<1)	1년	-2.8098908156711677		판정불가	N	주당FCF<=0 / 순현금차감PER<=0	제외	하드필터 미통과	115858891.0	배당감안점수<1; fs=2025:CFS,2024:CFS,2022:NA,2020:NA
119	032830	삼성생명	직접추가	메인	309500.0	5300.0	12824.0	4537833000000.0	132160246000000.0								판정불가	일반	일반	683490.395	683490.395	-29.16331838739863	-29.16331838739863	N	N	9.307875894988072			27.115751789976144			347732.4009546541			12.352956689710526			1년	27.115751789976144	347732.4009546541	12.352956689710526	1.7124394184168013	-0.37788276241453767					1년	-0.37788276241453767	불리(<1)	1년	9.307875894988072		판정불가	N	주당FCF<=0 / 순현금차감PER<=0	제외	하드필터 미통과	200000000.0	배당감안점수<1; fs=2025:CFS,2024:CFS,2022:NA,2020:NA
120	081660	미스토홀딩스	직접추가	메인	41750.0	1980.0	4061.0	625567094487.0	7474935386.0	1662319967352.0							판정불가	일반	일반	-19386.744506858304	-19386.744506858304	15.054603424491086	15.054603424491086	Y	Y	186.591390261115	-10.790250426997183	11.983680556282028	381.68278052223		32.467361112564056	1550013.7717007762		131849.95347812262	3612.6078364090445		215.8082718038865	3년				4.74251497005988	12.709328823628102	-0.40172001124245776	1.1110352796893639	5893.732083819284	14.116723554058163	3년	-0.40172001124245776	불리(<1)	3년	-10.790250426997183		판정불가	N	주당순현금<=0	제외	하드필터 미통과	53091840.0	주당순현금 음수(린치식); 주당순현금 음수(보수형); 1년 점수 과열 가능; 배당감안점수<1; fs=2025:CFS,2024:CFS,2022:CFS,2020:CFS
121	138040	메리츠금융지주	직접추가	메인	125400.0	1350.0	12903.0		57255930460341.0								판정불가	일반	일반	326762.6475868441	326762.6475868441	-15.605878290850509	-15.605878290850509	N	N	5.253283302063783			19.006566604127563			245241.72889305794			95.5675669003652			1년	19.006566604127563	245241.72889305794	95.5675669003652	1.076555023923445	-0.4056060292164598					1년	-0.4056060292164598	불리(<1)	1년	5.253283302063783		판정불가	N	주당FCF<=0 / 순현금차감PER<=0	제외	하드필터 미통과	175221773.0	배당감안점수<1; fs=2025:CFS,2024:CFS,2022:NA,2020:NA
122	023530	롯데쇼핑	직접추가	메인	113300.0	4000.0	1824.0	571525104252.0		9833740433980.0							판정불가	일반	일반	-327416.85979916755	-327416.85979916755	241.6210854162103	241.6210854162103	Y	Y	-105.26042567918326												1년				3.5304501323918798	-0.4210310344875487			36267.714863697605	32.01033968552304	1년	-0.4210310344875487	불리(<1)	1년	-105.26042567918326		판정불가	N	주당순현금<=0	제외	하드필터 미통과	28288755.0	주당순현금 음수(린치식); 주당순현금 음수(보수형); 배당감안점수<1; fs=2025:CFS,2024:CFS,2022:CFS,2020:CFS
123	006260	LS	직접추가	메인	310000.0	2500.0	9903.0	2086611000000.0	856757000000.0	2796384000000.0	5804770000000.0						판정불가	일반	일반	4636.719242902208	-178479.05362776027	30.835431763818825	49.326371163057686	N	Y	14.129307364296405	-15.509731147342876	16.589235636822398	36.75861472859281		41.678471273644796	364020.5616572546		412741.90102290444	17.425987631372443		33.14254871706594	3년				0.8064516129032258	0.48437002898479625	-0.4768306682733706	0.5641460571386288	-31030.6309148265	-10.009880940266612	3년	-0.4768306682733706	불리(<1)	3년	-15.509731147342876		판정불가	N	주당FCF<=0	제외	하드필터 미통과	31700000.0	주당순현금 음수(보수형); 단기위험부채 존재; 주당FCF 음수; 1년 점수 과열 가능; 배당감안점수<1; fs=2025:CFS,2024:CFS,2022:CFS,2020:CFS
124	000150	두산	직접추가	메인	1206000.0	4000.0	4194.0	4927903000000.0	175670000000.0	4309343000000.0	3985915000000.0						판정불가	일반	일반	49045.20763611584	-197092.59727544463	275.8595117701202	334.54759114817466	N	Y	-133.60576923076923												1년				0.33167495854063017	-0.4831230702071598			5159.062075166259	0.42778292497232656	1년	-0.4831230702071598	불리(<1)	1년	-133.60576923076923		판정불가	Y	통과	보류	배당감안점수 또는 린치PER배수 미산출	16193835.0	주당순현금 음수(보수형); 단기위험부채 존재; 배당감안점수<1; fs=2025:CFS,2024:CFS,2022:CFS,2020:CFS
125	014820	동원시스템즈	직접추가	메인	22950.0	600.0	1884.0	158748112816.0	38387113087.0	134729679435.0	120000000000.0						판정불가	일반	일반	2152.5625002716333	-1986.6128559613196	11.03897956461166	13.23599408490516	N	Y	-25.386138613861387	-8.631888523856201	-1.217505302346611			6.064989395306778			11426.44002075797			-50.21159032349469	3년				2.6143790849673203	-2.0628500483771983	-0.5451146461199714	0.12654011853584313	2395.320646013515	10.43712699788024	3년	-0.5451146461199714	불리(<1)	3년	-8.631888523856201		판정불가	Y	통과	보류	배당감안점수 또는 린치PER배수 미산출	28991282.0	주당순현금 음수(보수형); 단기위험부채 존재; 배당감안점수<1; fs=2025:CFS,2024:CFS,2022:CFS,2020:CFS
126	069260	티케이지휴켐스	직접추가	메인	16420.0	1000.0	1561.0	171952696150.0	96497220778.0	5482000000.0	34682173632.0						판정불가	일반	일반	6432.901178680633	5584.482108237203	6.397885215451228	6.941395190110696	N	N	-22.875494071146242	-9.82716016983225	3.8551596973951163			16.210319394790233			25304.308575267554			54.10662956922994	3년				6.090133982947625	-2.6235794364770864	-0.5841033499412448	1.5544657875893642	2212.3194254165533	13.473321713864514	3년	-0.5841033499412448	불리(<1)	3년	-9.82716016983225		판정불가	Y	통과	보류	배당감안점수 또는 린치PER배수 미산출	40878588.0	단기위험부채 존재; 배당감안점수<1; fs=2025:CFS,2024:CFS,2022:OFS,2020:CFS
127	185750	종근당	직접추가	메인	68800.0	500.0	5882.0	216235970816.0	108445557936.0		162832228224.0						판정불가	일반	일반	23522.90833817535	11725.848019601848	7.697567436556383	9.703188027949363	N	N	-28.564488705367985	-5.359713960632673	-7.035300955800583										3년				0.7267441860465116	-3.616433990187306	-0.6018745289042621	-0.8195519976602237	-8097.876847707491	-11.770169836784143	3년	-0.6018745289042621	불리(<1)	3년	-5.359713960632673		판정불가	N	주당FCF<=0	제외	하드필터 미통과	13802780.0	단기위험부채 존재; 주당FCF 음수; 배당감안점수<1; fs=2025:CFS,2024:CFS,2022:CFS,2020:CFS
128	018260	삼성에스디에스	직접추가	메인	245000.0	3190.0	9819.0	1558981444019.0	4845117385939.0								판정불가	일반	일반	82764.03348192893	82764.03348192893	16.522656738779006	16.522656738779006	N	N	0.3269643404516298	-11.608687356751402	11.36201067352738	9.15392868090326		31.22402134705476	89882.42571778911		306588.6656067307	-63.31329562539219		25.138230859890065	3년				1.3020408163265307	0.09859220478477004	-0.6237886983535139	0.7664658105576405	10905.769354957107	4.451334430594738	3년	-0.6237886983535139	불리(<1)	3년	-11.608687356751402		판정불가	Y	통과	보류	배당감안점수 또는 린치PER배수 미산출	77377800.0	1년 점수 과열 가능; 배당감안점수<1; fs=2025:CFS,2024:CFS,2022:CFS,2020:CFS
129	010950	S-Oil	에너지	메인	151700.0	330.0	1519.0	1834658000000.0									판정불가	일반	일반	16296.078356273132	16296.078356273132	89.14017224735147	89.14017224735147	N	N	-191.56118143459918	-56.19807916164843											3년				0.2175346077785102	-2.1465478695269837	-0.6280057929272536		299.21979550835795	0.19724442683477783	3년	-0.6280057929272536	불리(<1)	3년	-56.19807916164843		판정불가	Y	통과	보류	배당감안점수 또는 린치PER배수 미산출	112582792.0	배당감안점수<1; fs=2025:CFS,2024:CFS,2022:CFS,2020:CFS
130	004000	롯데정밀화학	직접추가	메인	47700.0	1500.0	4165.0	172038879703.0	562065025.0	45301437028.0	842860000.0						판정불가	일반	일반	4934.089445736434	4901.420453488372	10.267925703304577	10.275769398922359	N	N		-10.129293888244783	-11.804095268565707										3년				3.1446540880503147		-0.6802386384570904	-0.8433486402933829	1136.2980498449613	2.382176205125705	3년	-0.6802386384570904	불리(<1)	3년	-10.129293888244783		판정불가	Y	통과	보류	배당감안점수 또는 린치PER배수 미산출	25800000.0	단기위험부채 존재; 배당감안점수<1; fs=2025:CFS,2024:CFS,2022:CFS,2020:CFS
131	036570	NC	직접추가	메인	224000.0	1150.0	17876.0	503522487163.0	1499844872739.0	177813001472.0							판정불가	일반	일반	84736.00511687186	84736.00511687186	7.790556885384211	7.790556885384211	N	N	278.087986463621	-5.903415055311056	-8.909537463398499	564.675972927242			10094147.692047378			4406.315933949722			3년				0.5133928571428571	35.76142032201128	-0.6918660985943595	-1.077733559972788	2177.512866910366	0.9721039584421278	3년	-0.6918660985943595	불리(<1)	3년	-5.903415055311056		판정불가	Y	통과	보류	배당감안점수 또는 린치PER배수 미산출	21544022.0	1년 점수 과열 가능; 배당감안점수<1; fs=2025:CFS,2024:CFS,2022:CFS,2020:CFS
132	005490	POSCO홀딩스	철강	watchlist	341000.0	10000.0	8697.0	7049800440769.0		16374578210992.0							판정불가	일반	일반	-115216.08368150219	-115216.08368150219	52.4567188319538	52.4567188319538	Y	Y	-39.817313680714136	-40.58072367872994	-15.48101970257214										3년				2.932551319648094	-0.703146578405469	-0.7176997188804081	-0.23921565554115817	-20625.34356158169	-6.04848784797117	3년	-0.7176997188804081	불리(<1)	3년	-40.58072367872994		판정불가	N	주당순현금<=0 / 주당FCF<=0	제외	하드필터 미통과	80932952.0	린치식 단독판정 비중 낮춤; 주당순현금 음수(린치식); 주당순현금 음수(보수형); 주당FCF 음수; 1년 점수 과열 가능; 배당감안점수<1; fs=2025:CFS,2024:CFS,2022:CFS,2020:CFS
133	011070	LG이노텍	직접추가	메인	590000.0	1880.0	14421.0	1406403000000.0	72896000000.0								판정불가	일반	일반	62504.42861478592	62504.42861478592	36.578293556980384	36.578293556980384	N	N	-24.040031603897816	-29.57093933979966	0.6187699510769251			9.73753990215385			140425.0629289607			-76.19914187644734	3년				0.31864406779661014	-0.6485099557514584	-0.7997173303460657	0.02562760390703477	24374.504243378797	4.131271905657423	3년	-0.7997173303460657	불리(<1)	3년	-29.57093933979966		판정불가	Y	통과	보류	배당감안점수 또는 린치PER배수 미산출	23667107.0	1년 점수 과열 가능; 배당감안점수<1; fs=2025:CFS,2024:CFS,2022:CFS,2020:CFS
134	002840	미원상사	직접추가	메인	138000.0	2400.0	9449.0	26488253934.0	2869800000.0		56542234.0						판정불가	일반	일반	6180.642933473684	6168.739305263158	13.95061456942812	13.951874345934685	N	N	-12.428174235403155	-13.799130124356108	-1.8410746860862304			4.817850627827539			45523.87058234242			-67.01168798380984	3년				1.7391304347826086	-0.7662059436467338	-0.8644780220652226	-0.007307509701187361	4071.338190526316	2.9502450655987795	3년	-0.8644780220652226	불리(<1)	3년	-13.799130124356108		판정불가	Y	통과	보류	배당감안점수 또는 린치PER배수 미산출	4750000.0	단기위험부채 존재; 1년 점수 과열 가능; 배당감안점수<1; fs=2025:CFS,2024:CFS,2022:CFS,2020:CFS
135	000080	하이트진로	직접추가	메인	15600.0	700.0	596.0	243639082453.0	11534336304.0								판정불가	일반	일반	3638.389855001192	3638.389855001192	20.069815679528205	20.069815679528205	N	N	-56.748911465892604	-21.8770293860485	-13.71294563046288										3년				4.487179487179487	-2.6039966092972944	-0.8664678428814452	-0.459683650841594	1956.0991773402343	12.539097290642529	3년	-0.8664678428814452	불리(<1)	3년	-21.8770293860485		판정불가	Y	통과	보류	배당감안점수 또는 린치PER배수 미산출	70133611.0	배당감안점수<1; fs=2025:CFS,2024:CFS,2022:CFS,2020:CFS
136	267250	HD현대	직접추가	메인	219000.0	4000.0	13623.0	6367475266000.0		1596736136000.0							판정불가	일반	일반	60394.38933167378	60394.38933167378	11.642487753675857	11.642487753675857	N	N	89.12952936276552	-11.915391188425783		186.75905872553105			2544218.6570179095			1061.7436790036115			3년				1.82648401826484	7.8124207905920295	-0.8665593972366942		64511.54397881789	29.457326017725066	3년	-0.8665593972366942	불리(<1)	3년	-11.915391188425783		판정불가	Y	통과	보류	배당감안점수 또는 린치PER배수 미산출	78993085.0	1년 점수 과열 가능; 배당감안점수<1; fs=2025:CFS,2024:CFS,2022:CFS,2020:CFS
137	086280	현대글로비스	직접추가	메인	209500.0	5800.0	23117.0	2644639919844.0	1773253190103.0	2551475394576.0	800732226936.0						판정불가	일반	일반	24885.56953828	14209.1398458	7.986089477947831	8.447932696898386	N	N	58.49845731916352	-10.017436249066701	7.416538424274255	125.49691463832704		23.333076848548508	2901112.1756942063		539390.7375078959	1284.779081476948		157.46574582715795	3년				2.768496420047733	7.671708901883591	-0.907695793922123	1.2753469482712603	25034.3648264	11.949577482768497	3년	-0.907695793922123	불리(<1)	3년	-10.017436249066701		판정불가	Y	통과	보류	배당감안점수 또는 린치PER배수 미산출	75000000.0	단기위험부채 존재; 1년 점수 과열 가능; 배당감안점수<1; fs=2025:CFS,2024:CFS,2022:CFS,2020:CFS
138	005940	NH투자증권	직접추가	메인	26500.0	1300.0	2932.0	2630830000000.0	68236691000000.0	4707188000000.0							판정불가	일반	일반	185664.03388290948	185664.03388290948	-54.28514116061033	-54.28514116061033	N	N	45.43650793650793			99.37301587301586			291361.6825396825			999.4780473195565			1년	99.37301587301586	291361.6825396825	999.4780473195565	4.905660377358491	-0.9273655228218334			-15292.555387622808	-57.70775617970871	1년	-0.9273655228218334	불리(<1)	1년	45.43650793650793		판정불가	N	주당FCF<=0 / 순현금차감PER<=0	제외	하드필터 미통과	356344369.0	주당FCF 음수; 배당감안점수<1; fs=2025:CFS,2024:CFS,2022:NA,2020:NA
139	002030	아세아	직접추가	메인	214500.0	5600.0	18725.0	163716811000.0	12160000.0	658028958000.0	265707008000.0						판정불가	일반	일반	-238487.41512057534	-366684.4193364424	24.191584252100153	31.03788621289412	Y	Y	-50.09727367214776	-25.894534715298978	-3.336896679607082			1.826206640785836			34195.71934871478			-84.05793969756887	3년				2.6107226107226107	-1.962936803417605	-0.9624757048540556	-0.030017631806045515	-24122.07535681443	-11.245722777069664	3년	-0.9624757048540556	불리(<1)	3년	-25.894534715298978		판정불가	N	주당순현금<=0 / 주당FCF<=0	제외	하드필터 미통과	2072646.0	주당순현금 음수(린치식); 주당순현금 음수(보수형); 단기위험부채 존재; 주당FCF 음수; 1년 점수 과열 가능; 배당감안점수<1; fs=2025:CFS,2024:CFS,2022:CFS,2020:CFS
140	039490	키움증권	직접추가	메인	282000.0	11500.0	42059.0		62457765152889.0								판정불가	일반	일반	2288251.0791779323	2288251.0791779323	-47.70087446629574	-47.70087446629574	N	N	43.20394960844398			94.90789921688796			3991731.3331630905			1315.5075649514506			1년	94.90789921688796	3991731.3331630905	1315.5075649514506	4.078014184397164	-0.9912179665856946			-250622.40952773768	-88.87319486799208	1년	-0.9912179665856946	불리(<1)	1년	43.20394960844398		판정불가	N	주당FCF<=0 / 순현금차감PER<=0	제외	하드필터 미통과	27294979.0	주당FCF 음수; 배당감안점수<1; fs=2025:CFS,2024:CFS,2022:NA,2020:NA
141	006800	미래에셋증권	금융/증권	보정필요	34900.0	0.0	2680.0	1698057000000.0	128930885000000.0	9756730000000.0							판정불가	금융보정	보정주의	213146.27533903014	213146.27533903014	-66.50980423098139	-66.50980423098139	N	N	73.46278317152104			155.42556634304208			416540.51779935276			1093.525838966627			1년	155.42556634304208	416540.51779935276	1093.525838966627	0.0	-1.104540661650314			-12193.31326010751	-34.937860344147595	1년	-1.104540661650314	불리(<1)	1년	73.46278317152104		판정불가	N	주당FCF<=0 / 순현금차감PER<=0	제외	하드필터 미통과	567085734.0	린치식 단독판정 비중 낮춤; 주당FCF 음수; 배당감안점수<1; fs=2025:CFS,2024:CFS,2022:NA,2020:NA
142	003550	LG	직접추가	메인	120300.0	3100.0	4780.0	1511450000000.0	1839426000000.0	159829000000.0	0.0						판정불가	일반	일반	20691.31243852798	20691.31243852798	20.83863756516151	20.83863756516151	N	N	28.77155172413792	-27.26466268691552	-10.530872700659177	66.04310344827584			315686.03448275855			162.4156562616447			3년				2.57689110556941	1.5043422455850157	-1.184711404675499	-0.3816939360943351	5491.624275551311	4.564941209934589	3년	-1.184711404675499	불리(<1)	3년	-27.26466268691552		판정불가	Y	통과	보류	배당감안점수 또는 린치PER배수 미산출	154221585.0	1년 점수 과열 가능; 배당감안점수<1; fs=2025:CFS,2024:CFS,2022:CFS,2020:CFS
143	005300	롯데칠성음료	직접추가	메인	99100.0	3400.0	4697.0	213358325740.0	11845742299.0	168590223949.0	1587240348429.0						판정불가	일반	일반	5630.868480357551	-152237.61390908112	19.899751228367567	53.51024354036217	N	Y	-20.09186798230691	-28.321091651421646											3년				3.4308779011099895	-0.8372461489592031	-1.2507801461774088		12123.245426933277	12.233345536764155	3년	-1.2507801461774088	불리(<1)	3년	-28.321091651421646		판정불가	Y	통과	보류	배당감안점수 또는 린치PER배수 미산출	10054194.0	주당순현금 음수(보수형); 단기위험부채 존재; 1년 점수 과열 가능; 배당감안점수<1; fs=2025:CFS,2024:CFS,2022:CFS,2020:CFS
144	139480	이마트	직접추가	메인	74800.0	2500.0	5084.0	1303365061491.0	1225715519294.0	5485558368112.0	3111389126654.0						판정불가	일반	일반	-107134.98980867355	-219883.5596791311	35.78579657920408	57.96293463397544	Y	Y	-122.85971223021583	-48.64098247110502	-16.302783941696873										3년				3.342245989304813	-3.339801755603933	-1.2658300446530875	-0.3621698883719614	20093.231814609306	26.86260937781993	3년	-1.2658300446530875	불리(<1)	3년	-48.64098247110502		판정불가	N	주당순현금<=0	제외	하드필터 미통과	27595819.0	주당순현금 음수(린치식); 주당순현금 음수(보수형); 단기위험부채 존재; 1년 점수 과열 가능; 배당감안점수<1; fs=2025:CFS,2024:CFS,2022:CFS,2020:CFS
145	375500	DL이앤씨	직접추가	메인	71500.0	890.0	8796.0	1844315983193.0	467317685812.0	444336959874.0	519274372386.0						판정불가	일반	일반	48258.513014689786	34838.3591979743	2.6422791024681915	4.167990086633209	N	N	61.010433827567276	-4.5977556239353845		130.52086765513457			1148061.5518945637			1505.6804921602288			3년				1.2447552447552448	23.561170738613132	-1.2689803950112812		5614.431755408378	7.852352105466263	3년	-1.2689803950112812	불리(<1)	3년	-4.5977556239353845		판정불가	Y	통과	보류	배당감안점수 또는 린치PER배수 미산출	38693623.0	단기위험부채 존재; 1년 점수 과열 가능; 배당감안점수<1; fs=2025:CFS,2024:CFS,2022:CFS,2020:NA
146	000990	DB하이텍	직접추가	메인	94400.0	810.0	6285.0	323054472680.0	132808839381.0	102572732928.0	231678525383.0						판정불가	일반	일반	8120.7660013468	2795.384563807385	13.727801749984598	14.575117810054513	N	N	13.858695652173903	-21.22701789143928	10.459461040450746	36.21739130434781		29.418922080901492	227626.30434782596		184897.92527846587	141.1295596904936		95.86644626956131	3년				0.8580508474576272	1.0720395564896645	-1.4837748544849512	0.8244227367226564	4658.664548185125	4.935026004433395	3년	-1.4837748544849512	불리(<1)	3년	-21.22701789143928		판정불가	Y	통과	보류	배당감안점수 또는 린치PER배수 미산출	43504588.0	단기위험부채 존재; 1년 점수 과열 가능; 배당감안점수<1; fs=2025:CFS,2024:CFS,2022:CFS,2020:CFS
147	003490	대한항공	직접추가	메인	28750.0	750.0	2133.0	1869988073408.0	3532702331766.0	5900725093281.0	2027009390000.0						판정불가	일반	일반	-1352.5441151358968	-6857.420958534969	14.112772674700373	16.693586947273776	Y	Y	-40.1850813236119	-23.620676172572395	-13.307685693628002										3년				2.608695652173913	-2.6625799577144935	-1.4888626781373833	-0.7581068786457469	-599.9903851348527	-2.086923078729922	3년	-1.4888626781373833	불리(<1)	3년	-23.620676172572395		판정불가	N	주당순현금<=0 / 주당FCF<=0	제외	하드필터 미통과	368220661.0	주당순현금 음수(린치식); 주당순현금 음수(보수형); 단기위험부채 존재; 주당FCF 음수; 1년 점수 과열 가능; 배당감안점수<1; fs=2025:CFS,2024:CFS,2022:CFS,2020:CFS
148	111770	영원무역	직접추가	메인	74500.0	2100.0	11558.0	1090560747187.0	439263571966.0	252626536541.0	76448105310.0						판정불가	일반	일반	28823.18822323828	27097.94397472907	3.951965026541073	4.101233433575958	N	N	17.387771683932552	-9.077711442871605	27.98342129695397	43.275543367865104		64.46684259390794	500178.73024578486		745107.7667003879	571.3808459674964		900.1446532891114	3년				2.8187919463087248	5.113042118170493	-1.583748705904149	7.7941512732014475	3279.956119440683	4.402625663678769	3년	-1.583748705904149	불리(<1)	3년	-9.077711442871605		판정불가	Y	통과	보류	배당감안점수 또는 린치PER배수 미산출	44311468.0	단기위험부채 존재; 1년 점수 과열 가능; 배당감안점수<1; fs=2025:CFS,2024:CFS,2022:CFS,2020:CFS
149	035720	카카오	직접추가	메인	36500.0	75.0	1138.0	6373784263399.0	3754429416501.0	2787664614576.0	1144217904147.0						판정불가	일반	일반	16588.990645648104	14003.159539614913	17.496493281504303	19.76875260139287	N	N	803.1746031746031	-28.535770270641315	-8.670866917633225	1614.8492063492063			1837698.3968253967			4934.790128288759			3년				0.2054794520547945	45.916634247842	-1.6191982223394854	-0.48383337903071505	1786.2097378837223	4.893725309270472	3년	-1.6191982223394854	불리(<1)	3년	-28.535770270641315		판정불가	Y	통과	보류	배당감안점수 또는 린치PER배수 미산출	442495220.0	단기위험부채 존재; 1년 점수 과열 가능; 배당감안점수<1; fs=2025:CFS,2024:CFS,2022:CFS,2020:CFS
150	001450	현대해상	직접추가	메인	53400.0	2063.0	13006.0	1509674177483.0	19831696034080.0								판정불가	일반	일반	238717.78760137584	238717.78760137584	-14.248638136350595	-14.248638136350595	N	N	19.90412095510279			48.30824191020558			628296.9942841338			1076.586131618228			1년	48.30824191020558	628296.9942841338	1076.586131618228	3.8632958801498125	-1.668048315060936					1년	-1.668048315060936	불리(<1)	1년	19.90412095510279		판정불가	N	주당FCF<=0 / 순현금차감PER<=0	제외	하드필터 미통과	89400000.0	배당감안점수<1; fs=2025:CFS,2024:CFS,2022:NA,2020:NA
151	028050	삼성E&A	직접추가	메인	45800.0	790.0	3150.0	861796626374.0	2074000285556.0		0.0						판정불가	일반	일반	14978.555673112245	14978.555673112245	9.784585500599288	9.784585500599288	N	N	-18.4360435007768												1년				1.724890829694323	-1.7079060395618137			805.8218167704082	1.7594362811580964	1년	-1.7079060395618137	불리(<1)	1년	-18.4360435007768		판정불가	Y	통과	보류	배당감안점수 또는 린치PER배수 미산출	196000000.0	배당감안점수<1; fs=2025:CFS,2024:CFS,2022:CFS,2020:CFS
152	006650	대한유화	직접추가	메인	98600.0	1300.0	5134.0	151455436829.0	90052666000.0								판정불가	일반	일반	37155.09274292308	37155.09274292308	11.96823281205238	11.96823281205238	N	N	-471.7595944967415		-24.26352631533887										5년				1.3184584178498986	-39.30748536284679		-1.9171642345044104	19148.828141846156	19.420718196598536	5년	-1.9171642345044104	불리(<1)	5년	-24.26352631533887		판정불가	Y	통과	보류	배당감안점수 또는 린치PER배수 미산출	6500000.0	배당감안점수<1; fs=2025:CFS,2024:CFS,2022:CFS,2020:CFS
153	034220	LG디스플레이	직접추가	메인	9280.0		453.0	1572058000000.0	611000000.0	8934975000000.0							판정불가	일반	일반	-14724.612	-14724.612	52.990313465783665	52.990313465783665	Y	Y	-108.33026848105922												1년					-2.044340963391528			490.0	5.280172413793103	1년	-2.044340963391528	불리(<1)	1년	-108.33026848105922		판정불가	N	주당순현금<=0	제외	하드필터 미통과	500000000.0	주당순현금 음수(린치식); 주당순현금 음수(보수형); 배당감안점수<1; fs=2025:CFS,2024:CFS,2022:CFS,2020:CFS
154	078930	GS	직접추가	메인	124700.0	3000.0	8550.0	1610917000000.0	857643000000.0	104176000000.0							판정불가	일반	일반	25446.638122701283	25446.638122701283	11.608580336526165	11.608580336526165	N	N	41.60317986088109	-27.687155007765817		91.70635972176218			784089.3756210667			528.7805738741513			3년				2.405773857257418	3.791071125180158	-2.177818511619465		3039.077126716312	2.4371107672143637	3년	-2.177818511619465	불리(<1)	3년	-27.687155007765817		판정불가	Y	통과	보류	배당감안점수 또는 린치PER배수 미산출	92915378.0	1년 점수 과열 가능; 배당감안점수<1; fs=2025:CFS,2024:CFS,2022:CFS,2020:CFS
155	028670	팬오션	직접추가	메인	5600.0	150.0	564.0	839667000000.0									판정불가	일반	일반	1570.7349206252525	1570.7349206252525	7.1440870201679925	7.1440870201679925	N	N	12.350597609561742	-23.645583428215545	26.662075505745552	33.201195219123484		61.824151011491104	18725.474103585646		34868.82117048098	234.38346613545798		522.657520901446	3년				2.6785714285714284	2.103721440641097	-2.9348763446544748	4.106983418803182	898.78863125288	16.04979698665857	3년	-2.9348763446544748	불리(<1)	3년	-23.645583428215545		판정불가	Y	통과	보류	배당감안점수 또는 린치PER배수 미산출	534569512.0	1년 점수 과열 가능; 배당감안점수<1; fs=2025:CFS,2024:CFS,2022:CFS,2020:CFS
156	007310	오뚜기	직접추가	메인	336500.0	9000.0	20279.0	412685029869.0	273077178893.0	186473980697.0	509239504017.0						판정불가	일반	일반	124578.19519914767	-2482.958596547259	10.450308437341699	16.71596028386741	N	Y	-49.363264083100276	-36.84393156790511	-8.312202484315046										3년				2.674591381872214	-4.467683703420386	-3.2696968123865955	-0.539468393324944	8412.798855490377	2.500088812924332	3년	-3.2696968123865955	불리(<1)	3년	-36.84393156790511		판정불가	Y	통과	보류	배당감안점수 또는 린치PER배수 미산출	4007830.0	주당순현금 음수(보수형); 단기위험부채 존재; 1년 점수 과열 가능; 배당감안점수<1; fs=2025:CFS,2024:CFS,2022:CFS,2020:CFS
157	011780	금호석유	석유화학	watchlist	130100.0	1700.0	11391.0	650436032913.0	82275660739.0								판정불가	일반	일반	28146.856005717942	28146.856005717942	8.950324290605044	8.950324290605044	N	N	-15.138195634358931	-32.65223990875862	-11.416304781151009										3년				1.3066871637202153	-1.545363946774235	-3.502169499929866	-1.1295252874851287	19963.595148223274	15.344807954053246	3년	-3.502169499929866	불리(<1)	3년	-32.65223990875862		판정불가	Y	통과	보류	배당감안점수 또는 린치PER배수 미산출	26031742.0	린치식 단독판정 비중 낮춤; 1년 점수 과열 가능; 배당감안점수<1; fs=2025:CFS,2024:CFS,2022:CFS,2020:CFS
158	009970	영원무역홀딩스	직접추가	메인	167000.0	6576.0	31684.0	1464189666693.0	805803639244.0	195931585244.0	78827842676.0						판정불가	일반	일반	153642.88520106729	147803.45570768186	0.42157286955348805	0.6058750250068848	N	N	10.101817423636938	-5.869320927784449	28.52060357499411	28.703634847273875		65.54120714998822	909445.9665010255		2076607.6073402269	444.5784230545063		1143.4776091857645	3년				3.9377245508982037	33.302764453047516	-4.5818801834475495	76.9933989354457	20832.48592605641	12.474542470692462	3년	-4.5818801834475495	불리(<1)	3년	-5.869320927784449		판정불가	Y	통과	보류	배당감안점수 또는 린치PER배수 미산출	13499237.0	단기위험부채 존재; 1년 점수 과열 가능; 배당감안점수<1; fs=2025:CFS,2024:CFS,2022:CFS,2020:CFS
159	007340	DN오토모티브	직접추가	메인	46200.0	1000.0	5440.0	387784364000.0	182678434000.0	166472358000.0	641674039000.0						판정불가	일반	일반	6904.537131693404	-4062.213043680007	7.223430674321065	9.239377397735295	N	Y	-12.568306010928964	-36.239823236398784	0.45844418153007105			9.416888363060142			51227.872695047176			10.882841331270953	3년				2.1645021645021645	-1.4402856918682425	-4.717332055671647	0.36311642823079604	1407.8963795869365	3.0473947610106853	3년	-4.717332055671647	불리(<1)	3년	-36.239823236398784		판정불가	Y	통과	보류	배당감안점수 또는 린치PER배수 미산출	58510865.0	주당순현금 음수(보수형); 단기위험부채 존재; 1년 점수 과열 가능; 배당감안점수<1; fs=2025:CFS,2024:CFS,2022:CFS,2020:CFS
160	011200	HMM	직접추가	메인	21350.0	700.0	1951.0	1760767000000.0	10915294000000.0	151318000000.0							판정불가	일반	일반	13278.45506473833	13278.45506473833	4.13713220669486	4.13713220669486	N	N	-60.97219443888777	-54.38515324967628	80.08768235294812			168.67536470589624			329085.6365412036			1441.3847144787053	3년				3.278688524590164	-13.94528940142059	-12.353113744439627	20.150763067864197	1809.1182228382938	8.473621652638379	3년	-12.353113744439627	불리(<1)	3년	-54.38515324967628		판정불가	Y	통과	보류	배당감안점수 또는 린치PER배수 미산출	943237970.0	1년 점수 과열 가능; 배당감안점수<1; fs=2025:CFS,2024:CFS,2022:CFS,2020:CFS
161	002790	아모레퍼시픽홀딩스	직접추가	메인	27200.0	400.0	1366.0	596631422270.0	1336881950600.0		256253631834.0						판정불가	일반	일반	24333.723385937104	21108.710783911738	2.0982991318176394	4.459216117194921	N	N	-50.96913137114143												1년				1.4705882352941175	-23.58984111715735			6579.082341427906	24.18780272583789	1년	-23.58984111715735	불리(<1)	1년	-50.96913137114143		판정불가	Y	통과	보류	배당감안점수 또는 린치PER배수 미산출	79458180.0	단기위험부채 존재; 배당감안점수<1; fs=2025:CFS,2024:CFS,2022:CFS,2020:CFS
162	003240	태광산업	직접추가	메인	953000.0	1750.0	165122.0	426476897621.0	483945901661.0	4773639440.0	862776693.0						판정불가	일반	일반	813408.6220962816	812633.7193721933	0.8453832796581824	0.8500761898947848	N	N	-35.9373969451137	-25.915466865090508	-1.6741276308672282			5.151744738265544			850666.3946718831			-10.738048827714264	3년				0.18363064008394542	-42.29296600174803	-30.438070924954694	-1.7631020469034377	-250604.9826773846	-26.29643050129954	3년	-30.438070924954694	불리(<1)	3년	-25.915466865090508		판정불가	N	주당FCF<=0	제외	하드필터 미통과	1113400.0	단기위험부채 존재; 주당FCF 음수; 1년 점수 과열 가능; 배당감안점수<1; fs=2025:CFS,2024:CFS,2022:CFS,2020:CFS
163	278470	에이피알	직접추가	메인	432500.0	5090.0		154350192148.0	117891913354.0	78219359846.0	0.0						판정불가	일반	일반	5183.525259069071	5183.525259069071			N	N													판정불가				1.176878612716763						판정불가		판정불가	판정불가			판정불가	N	주당FCF<=0 / 순현금차감PER<=0	제외	하드필터 미통과	37430655.0	EPS 미추출; fs=2025:CFS,2024:CFS,2022:CFS,2020:CFS
164	097950	CJ제일제당	필수소비재	메인	185800.0	6000.0	-35668.0	1038957402000.0	243275982000.0	2029479364000.0	4904408060000.0						판정불가	일반	일반	-49637.08964403655	-375420.76602481195			Y	Y	-483.77447815795136												1년				3.229278794402583				48486.635145865745	26.09614378141321	판정불가		판정불가	1년	-483.77447815795136		판정불가	N	주당순현금<=0 / 순현금차감PER<=0	제외	하드필터 미통과	15054186.0	주당순현금 음수(린치식); 주당순현금 음수(보수형); 단기위험부채 존재; fs=2025:CFS,2024:CFS,2022:CFS,2020:CFS
165	005420	코스모화학	직접추가	메인	11380.0		-791.0	42470783114.0	0.0	359006489619.0	388905499282.0						판정불가	일반	일반	-8241.35147565256	-18366.929236803113			Y	Y	-53.084223013048636												1년								1735.2172172327241	15.247954457229563	판정불가		판정불가	1년	-53.084223013048636		판정불가	N	주당순현금<=0 / 순현금차감PER<=0	제외	하드필터 미통과	38408228.0	주당순현금 음수(린치식); 주당순현금 음수(보수형); 단기위험부채 존재; fs=2025:CFS,2024:CFS,2022:CFS,2020:CFS
166	001680	대상	직접추가	메인	18740.0	850.0	-8438.0	595682138976.0	95932724888.0	719633177987.0	369419425431.0						판정불가	일반	일반	-808.6554463926876	-11470.718447992345			Y	Y	-419.37925813777446												1년				4.535752401280683						판정불가		판정불가	1년	-419.37925813777446		판정불가	N	주당순현금<=0 / 주당FCF<=0 / 순현금차감PER<=0	제외	하드필터 미통과	34648025.0	주당순현금 음수(린치식); 주당순현금 음수(보수형); 단기위험부채 존재; fs=2025:CFS,2024:CFS,2022:CFS,2020:CFS
167	047040	대우건설	직접추가	메인	16820.0		-2220.0	1828879779729.0	434603860342.0	3056914611252.0	366055916900.0						판정불가	일반	일반	-1909.0176969162108	-2789.758742835851			Y	Y	-489.47368421052636												1년								846.7375999427635	5.0341117713600685	판정불가		판정불가	1년	-489.47368421052636		판정불가	N	주당순현금<=0 / 순현금차감PER<=0	제외	하드필터 미통과	415622638.0	주당순현금 음수(린치식); 주당순현금 음수(보수형); 단기위험부채 존재; fs=2025:CFS,2024:CFS,2022:CFS,2020:CFS
168	000210	DL	직접추가	메인	50600.0	1000.0	-3845.0	1148320161495.0	191085453910.0	4026838230267.0	1422974217066.0						판정불가	일반	일반	-128242.38838418842	-196145.71410721686			Y	Y	-196.17308654327164												1년				1.9762845849802373				13042.307430075487	25.775311126631394	판정불가		판정불가	1년	-196.17308654327164		판정불가	N	주당순현금<=0 / 순현금차감PER<=0	제외	하드필터 미통과	20955884.0	주당순현금 음수(린치식); 주당순현금 음수(보수형); 단기위험부채 존재; fs=2025:CFS,2024:CFS,2022:CFS,2020:CFS
169	454910	두산로보틱스	직접추가	메인	69000.0		-856.0	156738581281.0	40399292507.0	16815636710.0							판정불가	일반	일반	2781.8928219046043	2781.8928219046043			N	N													판정불가								-504.36322470324734	-0.7309611952220976	판정불가		판정불가	판정불가			판정불가	N	주당FCF<=0 / 순현금차감PER<=0	제외	하드필터 미통과	64819980.0	주당FCF 음수; fs=2025:CFS,2024:CFS,2022:NA,2020:NA
170	006280	녹십자	직접추가	메인	128100.0	1500.0		49372311054.0		105096001522.0							판정불가	일반	일반	-4768.194863868153	-4768.194863868153			Y	Y													판정불가				1.1709601873536302				-497.6412769975163	-0.3884787486319409	판정불가		판정불가	판정불가			판정불가	N	주당순현금<=0 / 주당FCF<=0 / 순현금차감PER<=0	제외	하드필터 미통과	11686538.0	주당순현금 음수(린치식); 주당순현금 음수(보수형); 주당FCF 음수; EPS 미추출; fs=2025:CFS,2024:CFS,2022:CFS,2020:CFS
171	005250	녹십자홀딩스	직접추가	메인	9970.0	300.0	0.0	79656808438.0		2117348227.0							판정불가	일반	일반	1648.7861266886407	1648.7861266886407			N	N	-100.0												1년				3.009027081243731				-2674.1633975649934	-26.82210027647937	판정불가		판정불가	1년	-100.0		판정불가	N	주당FCF<=0 / 순현금차감PER<=0	제외	하드필터 미통과	47028210.0	주당FCF 음수; fs=2025:CFS,2024:CFS,2022:CFS,2020:CFS
172	009420	한올바이오파마	직접추가	메인	55100.0		-109.0	24743015950.0	0.0	15000000000.0	15739600000.0						판정불가	일반	일반	186.5026217711966	-114.78772617593224			N	Y	202.77777777777777			414.05555555555554									1년	414.05555555555554							-315.0056843677905	-0.5716981567473511	판정불가		판정불가	1년	202.77777777777777		판정불가	N	주당FCF<=0 / 순현금차감PER<=0	제외	하드필터 미통과	52240638.0	주당순현금 음수(보수형); 단기위험부채 존재; 주당FCF 음수; fs=2025:CFS,2024:CFS,2022:CFS,2020:CFS
173	180640	한진칼	직접추가	메인	129800.0	360.0		110930322000.0	30600000000.0	366131984000.0	0.0						판정불가	일반	일반	-3364.2000447588075	-3364.2000447588075			Y	Y													판정불가				0.2773497688751926				1732.6632753204844	1.3348715526351962	판정불가		판정불가	판정불가			판정불가	N	주당순현금<=0 / 순현금차감PER<=0	제외	하드필터 미통과	66762279.0	주당순현금 음수(린치식); 주당순현금 음수(보수형); EPS 미추출; fs=2025:CFS,2024:CFS,2022:CFS,2020:CFS
174	018880	한온시스템	직접추가	메인	3540.0	316.0	-292.0	924789114632.0	12500000000.0	551438792860.0							판정불가	일반	일반	375.9762265709175	375.9762265709175			N	N	-55.69044006069803												1년				8.926553672316384				-358.42775774108145	-10.125077902290435	판정불가		판정불가	1년	-55.69044006069803		판정불가	N	주당FCF<=0 / 순현금차감PER<=0	제외	하드필터 미통과	1026262552.0	주당FCF 음수; fs=2025:CFS,2024:CFS,2022:CFS,2020:CFS
175	009830	한화솔루션	석유화학	watchlist	33100.0	300.0	-12.0	2470461000000.0		8369710000000.0							판정불가	일반	일반	-34319.40174528579	-34319.40174528579			Y	Y	-99.19893190921229												1년				0.906344410876133				-15547.574445000917	-46.971524003023916	판정불가		판정불가	1년	-99.19893190921229		판정불가	N	주당순현금<=0 / 주당FCF<=0 / 순현금차감PER<=0	제외	하드필터 미통과	171892536.0	린치식 단독판정 비중 낮춤; 주당순현금 음수(린치식); 주당순현금 음수(보수형); 주당FCF 음수; fs=2025:CFS,2024:CFS,2022:CFS,2020:CFS
176	008770	호텔신라	직접추가	메인	44800.0	200.0	-4566.0	338290693972.0		739494888568.0	24083900000.0						판정불가	일반	일반	-10222.252285555276	-10835.884209488653			Y	Y													판정불가				0.4464285714285714				1275.405833262693	2.846888020675654	판정불가		판정불가	판정불가			판정불가	N	주당순현금<=0 / 순현금차감PER<=0	제외	하드필터 미통과	39248121.0	주당순현금 음수(린치식); 주당순현금 음수(보수형); 단기위험부채 존재; fs=2025:CFS,2024:CFS,2022:CFS,2020:CFS
177	298050	HS효성첨단소재	직접추가	메인	176700.0	2500.0	-4843.0	31544586945.0		554202076606.0							판정불가	일반	일반	-116665.97238650985	-116665.97238650985			Y	Y	-143.41940111170882												1년				1.414827391058291				-3354.717829760524	-1.8985386699267255	판정불가		판정불가	1년	-143.41940111170882		판정불가	N	주당순현금<=0 / 주당FCF<=0 / 순현금차감PER<=0	제외	하드필터 미통과	4479948.0	주당순현금 음수(린치식); 주당순현금 음수(보수형); 주당FCF 음수; fs=2025:CFS,2024:CFS,2022:CFS,2020:CFS
178	352820	하이브	직접추가	메인	178000.0	500.0	-5690.0	534914956000.0	57033836000.0	1161573182000.0	0.0						판정불가	일반	일반	-13368.578698363612	-13368.578698363612			Y	Y	-2628.8888888888887												1년				0.2808988764044944				1088.4641428108619	0.6114967094443045	판정불가		판정불가	1년	-2628.8888888888887		판정불가	N	주당순현금<=0 / 순현금차감PER<=0	제외	하드필터 미통과	42609196.0	주당순현금 음수(린치식); 주당순현금 음수(보수형); fs=2025:CFS,2024:CFS,2022:CFS,2020:CFS
179	017800	현대엘리베이터	직접추가	메인	74800.0	14010.0		546026985679.0	858153283222.0	939270698991.0							판정불가	일반	일반	11892.58649504245	11892.58649504245			N	N													판정불가				18.72994652406417				5302.308441375475	7.088647648897693	판정불가		판정불가	판정불가			판정불가	N	순현금차감PER<=0	제외	하드필터 미통과	39092385.0	EPS 미추출; fs=2025:CFS,2024:CFS,2022:CFS,2020:CFS
180	004020	현대제철	철강	watchlist	30800.0	500.0	-53.0	1342926134232.0	805366237672.0	5816297925103.0	1215935236760.0						판정불가	일반	일반	-27486.85957521251	-36598.68904783317			Y	Y													판정불가				1.6233766233766231				3999.7338333915905	12.986148809712954	판정불가		판정불가	판정불가			판정불가	N	주당순현금<=0 / 순현금차감PER<=0	제외	하드필터 미통과	133445785.0	린치식 단독판정 비중 낮춤; 주당순현금 음수(린치식); 주당순현금 음수(보수형); 단기위험부채 존재; fs=2025:CFS,2024:CFS,2022:CFS,2020:CFS
181	035250	강원랜드	직접추가	메인	14750.0	950.0		200357737326.0	3009244892731.0	0.0							판정불가	일반	일반	15002.314335326879	15002.314335326879			N	N													판정불가				6.440677966101695				808.0316694922186	5.478180810116736	판정불가		판정불가	판정불가			판정불가	N	순현금차감PER<=0	제외	하드필터 미통과	213940500.0	EPS 미추출; fs=2025:CFS,2024:CFS,2022:CFS,2020:CFS
182	002380	케이씨씨	직접추가	메인	493500.0	15000.0		1193612441434.0	36838546215.0	2949860953111.0	758686269704.0						판정불가	일반	일반	-193486.25179354099	-278861.68031899276			Y	Y													판정불가				3.0395136778115504				51624.29856328795	10.460850772702726	판정불가		판정불가	판정불가			판정불가	N	주당순현금<=0 / 순현금차감PER<=0	제외	하드필터 미통과	8886471.0	주당순현금 음수(린치식); 주당순현금 음수(보수형); 단기위험부채 존재; EPS 미추출; fs=2025:CFS,2024:CFS,2022:CFS,2020:CFS
183	120110	코오롱인더	직접추가	메인	58900.0	1300.0		263843934948.0	219536778414.0	1102334698976.0	1502712536405.0						판정불가	일반	일반	-22491.80343980112	-77097.98706719637			Y	Y													판정불가				2.2071307300509337				6217.225588737651	10.555561271201446	판정불가		판정불가	판정불가			판정불가	N	주당순현금<=0 / 순현금차감PER<=0	제외	하드필터 미통과	27519091.0	주당순현금 음수(린치식); 주당순현금 음수(보수형); 단기위험부채 존재; EPS 미추출; fs=2025:CFS,2024:CFS,2022:CFS,2020:CFS
184	036460	한국가스공사	유틸리티	메인	37500.0	1154.0		1147352000000.0	151248000000.0	21802116000000.0							판정불가	일반	일반	-222108.6520858384	-222108.6520858384			Y	Y													판정불가				3.0773333333333333				46549.424241439454	124.13179797717189	판정불가		판정불가	판정불가			판정불가	N	주당순현금<=0 / 순현금차감PER<=0	제외	하드필터 미통과	92313000.0	주당순현금 음수(린치식); 주당순현금 음수(보수형); EPS 미추출; fs=2025:CFS,2024:CFS,2022:CFS,2020:CFS
185	071050	한국금융지주	직접추가	메인	191000.0	8690.0	34592.0		111427682000000.0								판정불가	일반	일반	1999563.901886215	1999563.901886215	-52.28272149301038	-52.28272149301038	N	N													판정불가				4.549738219895287						판정불가		판정불가	판정불가			판정불가	N	주당FCF<=0 / 순현금차감PER<=0	제외	하드필터 미통과	55725992.0	fs=2025:CFS,2024:CFS,2022:NA,2020:NA
186	066970	엘앤에프	2차전지	메인	131200.0		-15508.0	382883140911.0	62183142824.0	390410933286.0	781033333338.0						판정불가	일반	일반	1358.2710122097233	-18051.629894608985			N	Y	37.65311556896857			83.80623113793715									1년	83.80623113793715							-4189.943890632833	-3.1935547946896596	판정불가		판정불가	1년	37.65311556896857		판정불가	N	주당FCF<=0 / 순현금차감PER<=0	제외	하드필터 미통과	40238914.0	주당순현금 음수(보수형); 단기위험부채 존재; 주당FCF 음수; fs=2025:CFS,2024:CFS,2022:CFS,2020:CFS
187	051910	LG화학	석유화학	watchlist	282000.0	2000.0	-23244.0	9899926000000.0	245464000000.0	2407851000000.0							판정불가	일반	일반	109608.75742571683	109608.75742571683			N	N	163.35825968728756			335.2165193745751									1년	335.2165193745751			0.7092198581560284				-79651.86819199358	-28.245343330494176	판정불가		판정불가	1년	163.35825968728756		판정불가	N	주당FCF<=0 / 순현금차감PER<=0	제외	하드필터 미통과	70592343.0	린치식 단독판정 비중 낮춤; 주당FCF 음수; fs=2025:CFS,2024:CFS,2022:CFS,2020:CFS
188	373220	LG에너지솔루션	2차전지	메인	367000.0		-4585.0	3779307000000.0	46724000000.0	2407851000000.0							판정불가	일반	일반	6060.598290598291	6060.598290598291			N	N													판정불가								-28061.529914529914	-7.646193437201612	판정불가		판정불가	판정불가			판정불가	N	주당FCF<=0 / 순현금차감PER<=0	제외	하드필터 미통과	234000000.0	주당FCF 음수; fs=2025:CFS,2024:CFS,2022:CFS,2020:CFS
189	051900	LG생활건강	직접추가	메인	306000.0	2000.0	-5930.0	1086333734803.0	100697817600.0	120239309804.0	55803511595.0						판정불가	일반	일반	69713.77885077163	66067.07660540048			N	N	-152.33430412143676												1년				0.6535947712418301				22989.9067608023	7.51304142509879	판정불가		판정불가	1년	-152.33430412143676		판정불가	N	순현금차감PER<=0	제외	하드필터 미통과	15302459.0	단기위험부채 존재; fs=2025:CFS,2024:CFS,2022:CFS,2020:CFS
190	004990	롯데지주	직접추가	메인	24250.0	1250.0	-8978.0	1391291862106.0	1039362449959.0	5672138060606.0	3773429305995.0						판정불가	일반	일반	-30897.982305800204	-66866.49579327319			Y	Y	-37.605115018416846												1년				5.154639175257731				-1991.5043153635747	-8.21238892933433	판정불가		판정불가	1년	-37.605115018416846		판정불가	N	주당순현금<=0 / 주당FCF<=0 / 순현금차감PER<=0	제외	하드필터 미통과	104909237.0	주당순현금 음수(린치식); 주당순현금 음수(보수형); 단기위험부채 존재; 주당FCF 음수; fs=2025:CFS,2024:CFS,2022:CFS,2020:CFS
191	011170	롯데케미칼	석유화학	watchlist	60000.0	1000.0		1870312010924.0	824440281077.0	9399387662619.0							판정불가	일반	일반	-156740.37864171478	-156740.37864171478			Y	Y													판정불가				1.6666666666666667				-26783.67225319289	-44.63945375532148	판정불가		판정불가	판정불가			판정불가	N	주당순현금<=0 / 주당FCF<=0 / 순현금차감PER<=0	제외	하드필터 미통과	42775419.0	린치식 단독판정 비중 낮춤; 주당순현금 음수(린치식); 주당순현금 음수(보수형); 주당FCF 음수; EPS 미추출; fs=2025:CFS,2024:CFS,2022:CFS,2020:CFS
192	251270	넷마블	직접추가	메인	38800.0	876.0		688942929318.0	236601481356.0	377828444422.0	732523334222.0						판정불가	일반	일반	6372.235610039484	-2150.0853795346234			N	Y													판정불가				2.2577319587628866				3193.167304922608	8.229812641553114	판정불가		판정불가	판정불가			판정불가	N	순현금차감PER<=0	제외	하드필터 미통과	85953502.0	주당순현금 음수(보수형); 단기위험부채 존재; EPS 미추출; fs=2025:CFS,2024:CFS,2022:CFS,2020:CFS
193	010060	OCI홀딩스	직접추가	메인	263500.0	1000.0	-4809.0	1034744959000.0									판정불가	일반	일반	55422.18002432964	55422.18002432964			N	N	-194.72129210163482												1년				0.3795066413662239				9707.740268037376	3.684151904378511	판정불가		판정불가	1년	-194.72129210163482		판정불가	N	순현금차감PER<=0	제외	하드필터 미통과	18670232.0	fs=2025:CFS,2024:CFS,2022:CFS,2020:CFS
194	006400	삼성SDI	2차전지	메인	569000.0	1000.0		1803994237947.0		5493341323030.0	5390568184387.0						판정불가	일반	일반	-45781.75616742857	-112674.26384699586			Y	Y													판정불가				0.17574692442882248				-28996.751032548895	-5.096089812398751	판정불가		판정불가	판정불가			판정불가	N	주당순현금<=0 / 주당FCF<=0 / 순현금차감PER<=0	제외	하드필터 미통과	80585530.0	주당순현금 음수(린치식); 주당순현금 음수(보수형); 단기위험부채 존재; 주당FCF 음수; EPS 미추출; fs=2025:CFS,2024:CFS,2022:CFS,2020:CFS
195	137310	에스디바이오센서	직접추가	메인	6190.0	200.0	-4279.0	366780003956.0	488796710916.0	899239816964.0							판정불가	일반	일반	-358.6318204794644	-358.6318204794644			Y	Y	431.55279503105584			871.6055900621117									1년	871.6055900621117			3.231017770597738				2464.3043924052927	39.811056420117815	판정불가		판정불가	1년	431.55279503105584		판정불가	N	주당순현금<=0 / 순현금차감PER<=0	제외	하드필터 미통과	121749102.0	주당순현금 음수(린치식); 주당순현금 음수(보수형); fs=2025:CFS,2024:CFS,2022:CFS,2020:NA
196	302440	SK바이오사이언스	헬스케어	메인	38350.0		-733.0	105552891515.0	800748039267.0	1496569133.0							판정불가	일반	일반	11535.766059068677	11535.766059068677			N	N	5.014326647564471			18.52865329512894									1년	18.52865329512894							-2012.819504379828	-5.248551510768782	판정불가		판정불가	1년	5.014326647564471		판정불가	N	주당FCF<=0 / 순현금차감PER<=0	제외	하드필터 미통과	78434701.0	주당FCF 음수; fs=2025:CFS,2024:CFS,2022:CFS,2020:OFS
197	361610	SK아이이테크놀로지	직접추가	메인	16140.0		-2800.0	408979015000.0	44693499000.0	1097240539000.0	169179804000.0						판정불가	일반	일반	-7868.820694217059	-9937.359669189884			Y	Y	-19.075144508670515												1년								-1892.9730116363094	-11.728457321166724	판정불가		판정불가	1년	-19.075144508670515		판정불가	N	주당순현금<=0 / 주당FCF<=0 / 순현금차감PER<=0	제외	하드필터 미통과	81787100.0	주당순현금 음수(린치식); 주당순현금 음수(보수형); 단기위험부채 존재; 주당FCF 음수; fs=2025:CFS,2024:CFS,2022:CFS,2020:NA
198	096770	SK이노베이션	에너지	메인	135300.0	2000.0		16091551855000.0	253291655000.0	22764517807000.0	7201712771000.0						판정불가	일반	일반	-37974.37695614934	-80574.75554913652			Y	Y													판정불가				1.4781966001478197				-19919.883669709132	-14.722752157952057	판정불가		판정불가	판정불가			판정불가	N	주당순현금<=0 / 주당FCF<=0 / 순현금차감PER<=0	제외	하드필터 미통과	169052788.0	주당순현금 음수(린치식); 주당순현금 음수(보수형); 단기위험부채 존재; 주당FCF 음수; EPS 미추출; fs=2025:CFS,2024:CFS,2022:CFS,2020:CFS
199	011790	SKC	석유화학	watchlist	88700.0		-25549.0	783286752410.0	262260000000.0	1840079753358.0	1176505206999.0						판정불가	일반	일반	-20981.481685498515	-52049.822993021764			Y	Y	53.32773210106223			115.15546420212446									1년	115.15546420212446							-22628.561644175294	-25.5113434545381	판정불가		판정불가	1년	53.32773210106223		판정불가	N	주당순현금<=0 / 주당FCF<=0 / 순현금차감PER<=0	제외	하드필터 미통과	37868298.0	린치식 단독판정 비중 낮춤; 주당순현금 음수(린치식); 주당순현금 음수(보수형); 단기위험부채 존재; 주당FCF 음수; fs=2025:CFS,2024:CFS,2022:CFS,2020:CFS
200	000670	영풍	직접추가	메인	40350.0	5.0	-464.0	137031350994.0	333746815114.0	234811309711.0	423217185895.0						판정불가	일반	일반	13052.744166069715	-10357.940446676752			N	Y	-99.68345363005008												1년				0.012391573729863693				-6139.559379575671	-15.215760544177623	판정불가		판정불가	1년	-99.68345363005008		판정불가	N	주당FCF<=0 / 순현금차감PER<=0	제외	하드필터 미통과	18077950.0	주당순현금 음수(보수형); 단기위험부채 존재; 주당FCF 음수; fs=2025:CFS,2024:CFS,2022:CFS,2020:CFS
