순위	종목코드	종목명	그룹	판정구분	현재가	현금배당금(FY2025 DPS)	EPS(FY2025)	현금및현금성자산	유가증권성자산	장기부채	단기위험부채	주주지분	총부채	주주지분비중	부채비중	주주대부채배수	주주대부채판정	업종보정유형	업종보정판정	주당순현금(린치식)	주당순현금(보수형)	순현금차감PER(린치식)	순현금차감PER(보수형)	현금보다부채많음(린치형)	현금보다부채많음(보수형)	연간이익증가율(1년,%)	연간이익증가율(3년CAGR,%)	연간이익증가율(5년CAGR,%)	그레이엄적정PER(1년)	그레이엄적정PER(3년)	그레이엄적정PER(5년)	그레이엄내재가치(1년)	그레이엄내재가치(3년)	그레이엄내재가치(5년)	그레이엄괴리율(1년,%)	그레이엄괴리율(3년,%)	그레이엄괴리율(5년,%)	그레이엄사용기준	그레이엄적정PER(선택)	그레이엄내재가치(선택)	그레이엄괴리율(선택,%)	배당수익률(%)	배당감안이익성장률(1년)	배당감안이익성장률(3년)	배당감안이익성장률(5년)	주당잉여현금흐름	잉여현금흐름수익률(%)	배당감안점수기준	배당감안점수	배당감안점수판정	사용연성장률기준	사용연성장률(%)	린치PER배수	린치PER판정	하드필터통과	하드필터사유	종합판정	종합판정사유	발행주식수	비고
1	010140	삼성중공업	직접추가	메인	21250.0		639.0	772614649370.0	311797002761.0	592438711867.0	1454489650793.0						판정불가	일반	일반	559.0601593909091	-1093.7689892375	32.38018754398919	34.9667746310446	N	Y	752.0			1512.5			966487.5			4448.176470588235			1년	1512.5	966487.5	4448.176470588235		23.22407796367429			1530.2205002727273	7.201037648342247	1년	23.22407796367429	안심(>=2)	1년	752.0	0.04305876003190052	매우 유망	Y	통과	매우 유망	배당감안점수>=2 & 린치PER배수<=0.5	880000000.0	주당순현금 음수(보수형); 단기위험부채 존재; fs=2025:CFS,2024:CFS,2022:CFS,2020:CFS
2	139130	iM금융지주	직접추가	메인	17380.0	700.0	2511.0		10012037000000.0	9824584000000.0							판정불가	일반	일반	1167.025597818984	1167.025597818984	6.456779929183997	6.456779929183997	N	N	123.9964317573595			256.49286351471903			644053.5802854595			3605.716802563058			1년	256.49286351471903	644053.5802854595	3605.716802563058	4.027617951668585	19.827847799236928					1년	19.827847799236928	안심(>=2)	1년	123.9964317573595	0.0520723043209731	매우 유망	N	주당FCF<=0	제외	하드필터 미통과	160624583.0	fs=2025:CFS,2024:CFS,2022:NA,2020:NA
3	015760	한국전력	유틸리티	메인	32600.0	1542.0	13311.0	2240811000000.0	4250164000000.0	83995702000000.0							판정불가	일반	일반	-120730.62929345189	-120730.62929345189	11.519091675565464	11.519091675565464	Y	Y	144.73248758963044			297.9649751792609			3966211.7846111413			12066.293817825586			1년	297.9649751792609	3966211.7846111413	12066.293817825586	4.730061349693251	12.975202659109549			7699.067871674695	23.616772612499066	1년	12.975202659109549	안심(>=2)	1년	144.73248758963044	0.0795888460663117	매우 유망	N	주당순현금<=0	제외	하드필터 미통과	641964077.0	주당순현금 음수(린치식); 주당순현금 음수(보수형); fs=2025:CFS,2024:CFS,2022:CFS,2020:CFS
4	004490	세방전지	직접추가	메인	55100.0	2650.0	10646.0	227178088991.0	123000000000.0	162095437595.0	251228623014.0						판정불가	일반	일반	13434.475099714286	-4510.426544142857	3.91372580314538	5.599326182992942	N	Y	-17.389617443935744	48.94307252053962	16.711840434713388		106.38614504107925	41.923680869426775		1132586.9001073297	446319.50653591746		1955.5116154398	710.0172532412295	3년	106.38614504107925	1132586.9001073297	1955.5116154398	4.809437386569873	-3.214374406928417	13.734357645573875	5.498923252105975	11070.1328675	20.09098524047187	3년	13.734357645573875	안심(>=2)	3년	48.94307252053962	0.07996485716140792	매우 유망	Y	통과	매우 유망	배당감안점수>=2 & 린치PER배수<=0.5	14000000.0	주당순현금 음수(보수형); 단기위험부채 존재; fs=2025:CFS,2024:CFS,2022:CFS,2020:CFS
5	071970	HD현대마린엔진	직접추가	메인	55200.0		4867.0	94276230277.0	247003276789.0								판정불가	일반	일반	10060.862797055377	10060.862797055377	9.274529936910751	9.274529936910751	N	N	97.52435064935065	113.65854515790357	162.5665198099373	203.5487012987013	235.81709031580715	333.6330396198746	990671.5292207792	1147721.7785670334	1623792.0038299295	1694.6947993130057	1979.206120592452	2841.6521808513216	3년	235.81709031580715	1147721.7785670334	1979.206120592452		10.515287708676587	12.254911670031445	17.52827592511783			3년	12.254911670031445	안심(>=2)	3년	113.65854515790357	0.08159993535044663	매우 유망	N	주당FCF<=0	제외	하드필터 미통과	33921495.0	fs=2025:CFS,2024:CFS,2022:CFS,2020:CFS
6	402340	SK스퀘어	직접추가	메인	1135000.0		66713.0	1310718000000.0	317762000000.0	86661000000.0	0.0						판정불가	일반	일반	11672.743401201547	11672.743401201547	16.838206295606533	16.838206295606533	N	N	140.21676508713813			288.93353017427626			19275622.59851649			1598.2927399573998			1년	288.93353017427626	19275622.59851649	1598.2927399573998		8.327298206562764			2638.92507607574	0.232504411989052	1년	8.327298206562764	안심(>=2)	1년	140.21676508713813	0.12008696880963114	매우 유망	Y	통과	매우 유망	배당감안점수>=2 & 린치PER배수<=0.5	132087115.0	fs=2025:CFS,2024:CFS,2022:NA,2020:NA
7	009540	HD한국조선해양	직접추가	메인	374500.0	12300.0	30664.0	3742015549000.0		398797408000.0							판정불가	일반	일반	47238.53250999998	47238.53250999998	10.672497635337855	10.672497635337855	N	N	84.96802991916998			178.43605983833996			5471563.338882856			1361.0315991676518			1년	178.43605983833996	5471563.338882856	1361.0315991676518	3.2843791722296394	8.269142997903868					1년	8.269142997903868	안심(>=2)	1년	84.96802991916998	0.12560603847694943	매우 유망	N	주당FCF<=0	제외	하드필터 미통과	70773116.0	fs=2025:CFS,2024:CFS,2022:CFS,2020:CFS
8	069620	대웅제약	직접추가	메인	118500.0	600.0	17022.0	168941641596.0	50139032546.0	550560567693.0	70828808025.0						판정불가	일반	일반	-28608.962834228405	-34721.96931155238	8.642284269429469	9.001408137207871	Y	Y	691.7209302325581	64.61424206621207	70.08103158930474	1391.9418604651162	137.72848413242414	148.6620631786095	23693634.348837208	2344414.256902124	2530525.6394262905	19894.628142478658	1878.4086556136067	2035.4646746213423	3년	137.72848413242414	2344414.256902124	1878.4086556136067	0.5063291139240507	80.09771927950946	7.535110990330238	8.167674020272502	-7954.179962240783	-6.71238815378969	3년	7.535110990330238	안심(>=2)	3년	64.61424206621207	0.13375200254726305	매우 유망	N	주당순현금<=0 / 주당FCF<=0	제외	하드필터 미통과	11586575.0	주당순현금 음수(린치식); 주당순현금 음수(보수형); 단기위험부채 존재; 주당FCF 음수; 1년 점수 과열 가능; fs=2025:CFS,2024:CFS,2022:CFS,2020:CFS
9	000660	SK하이닉스	반도체	메인	1662000.0	3000.0	62044.0	14923766000000.0	20018487000000.0								판정불가	일반	일반	47997.4443489617	47997.4443489617	26.013837851380284	26.013837851380284	N	N	115.94041486843936	167.48263503477668	54.92375157287208	240.38082973687872	343.46527006955336	118.34750314574416	14914188.200194903	21309959.216195367	7342752.485174551	797.3639109623889	1182.187678471442	341.8021952571932	3년	343.46527006955336	21309959.216195367	1182.187678471442	0.18050541516245489	4.463813488306205	6.4451520536037705	2.1182671047175274	34057.28359137954	2.0491747046558086	3년	6.4451520536037705	안심(>=2)	3년	167.48263503477668	0.15532259715151173	매우 유망	Y	통과	매우 유망	배당감안점수>=2 & 린치PER배수<=0.5	728002365.0	fs=2025:CFS,2024:CFS,2022:CFS,2020:CFS
10	112610	씨에스윈드	직접추가	메인	45700.0	1000.0	837.0	478878903508.0	28665354936.0	782993106603.0	242475043746.0						판정불가	일반	일반	-6531.6500890188545	-12281.40054778353	62.403405124275814	69.27287998540446	Y	Y	-75.62609202096681	371.20709785870895	-15.050492534791582		750.9141957174179			628515.1818154788			1275.3067435787284		3년	750.9141957174179	628515.1818154788	1275.3067435787284	2.1881838074398248	-1.1768253361699743	5.983572225306223	-0.2061154948473819	10303.466412416965	22.54587836415091	3년	5.983572225306223	안심(>=2)	3년	371.20709785870895	0.16810940707827782	매우 유망	N	주당순현금<=0	제외	하드필터 미통과	42171403.0	주당순현금 음수(린치식); 주당순현금 음수(보수형); 단기위험부채 존재; fs=2025:CFS,2024:CFS,2022:CFS,2020:CFS
11	071320	지역난방공사	유틸리티	메인	73700.0	6157.0	28102.0	13136000000.0	14472000000.0	3000419000000.0							판정불가	일반	일반	-256747.27759763927	-256747.27759763927	11.75885266520672	11.75885266520672	Y	Y	66.77744807121661		65.27173293436219	142.05489614243322		139.04346586872438	3992026.6913946583		3907399.4778428925	5316.58981193305		5201.763199244087	5년	139.04346586872438	3907399.4778428925	5201.763199244087	8.354138398914518	6.389363708284062		6.26131421402433	29663.925551856057	40.24955977185354	5년	6.26131421402433	안심(>=2)	5년	65.27173293436219	0.18015229773402097	매우 유망	N	주당순현금<=0	제외	하드필터 미통과	11578744.0	주당순현금 음수(린치식); 주당순현금 음수(보수형); fs=2025:CFS,2024:CFS,2022:CFS,2020:CFS
12	011210	현대위아	직접추가	메인	63900.0	1200.0	5351.0	1116473000000.0	572468000000.0	739686000000.0	71245000000.0						판정불가	일반	일반	34905.39080171221	32285.615748994038	5.418540309902409	5.9081263784350515	N	N	46.32212195788898	29.51602682110046	18.44874189552963	101.14424391577796	67.53205364220092	45.39748379105926	541222.8491933278	361364.01903941715	242921.9357659581	746.984114543549	465.5148967753007	280.1595238903883	3년	67.53205364220092	361364.01903941715	465.5148967753007	1.8779342723004695	8.895394972351431	5.793804105513123	3.751319544616656	5543.207939464645	8.674816806673936	3년	5.793804105513123	안심(>=2)	3년	29.51602682110046	0.1835795970353569	매우 유망	Y	통과	매우 유망	배당감안점수>=2 & 린치PER배수<=0.5	27195083.0	단기위험부채 존재; fs=2025:CFS,2024:CFS,2022:CFS,2020:CFS
13	017960	한국카본	조선/LNG사이클	watchlist	24500.0	320.0	2043.0	57866929673.0	27093215744.0	98920898088.0	81871440000.0						판정불가	일반	일반	-268.94950885840325	-1846.1770478341368	12.123812779666375	12.895828217246272	Y	Y	394.6731234866828	63.08567663703022	8.209872487827186	797.8462469733656	134.67135327406044	24.91974497565437	1629999.882566586	275133.5747389055	50911.03898526188	6553.060745169738	1022.9941826077775	107.8001591235179	3년	134.67135327406044	275133.5747389055	1022.9941826077775	1.306122448979592	32.66128017085389	5.31118388713536	0.7849011783460285	2529.43380973873	10.324219631586653	3년	5.31118388713536	안심(>=2)	3년	63.08567663703022	0.19218011799131443	매우 유망	N	주당순현금<=0	제외	하드필터 미통과	51908452.0	린치식 단독판정 비중 낮춤; 주당순현금 음수(린치식); 주당순현금 음수(보수형); 단기위험부채 존재; 1년 점수 과열 가능; fs=2025:CFS,2024:CFS,2022:CFS,2020:CFS
14	114090	GKL	직접추가	메인	9330.0	414.0	761.0	213092869283.0		30375090489.0							판정불가	일반	일반	2953.9374287595624	2953.9374287595624	8.378531631064964	8.378531631064964	N	N	42.509363295880156			93.51872659176031			71167.7509363296			662.7840400464052			1년	93.51872659176031	71167.7509363296	662.7840400464052	4.437299035369775	5.6032088196918			1553.3159719230266	16.648617062411862	1년	5.6032088196918	안심(>=2)	1년	42.509363295880156	0.19709849740038282	매우 유망	Y	통과	매우 유망	배당감안점수>=2 & 린치PER배수<=0.5	61855670.0	fs=2025:CFS,2024:CFS,2022:CFS,2020:CFS
15	298040	효성중공업	전력설비	메인	2984000.0	7500.0	55832.0	216772513676.0		637432979185.0							판정불가	일반	일반	-45113.22859928438	-45113.22859928438	54.25406986314809	54.25406986314809	Y	Y	133.51875862645866	270.5887113046113		275.5375172529173	549.6774226092226		15383810.66326488	30689589.85911812		415.54325279037806	928.4715100240657		3년	549.6774226092226	30689589.85911812	928.4715100240657	0.25134048257372654	2.4656233061677706	4.992068843321048		33728.061849754005	1.1302969788791557	3년	4.992068843321048	안심(>=2)	3년	270.5887113046113	0.2005038185132282	매우 유망	N	주당순현금<=0	제외	하드필터 미통과	9324548.0	주당순현금 음수(린치식); 주당순현금 음수(보수형); fs=2025:CFS,2024:CFS,2022:CFS,2020:CFS
16	005850	에스엘	직접추가	메인	58300.0	2770.0	6749.0	477732627030.0	395471183250.0	5459184760.0							판정불가	일반	일반	18681.85736639187	18681.85736639187	5.870224127071882	5.870224127071882	N	N	-15.61640410102526	26.173083545484687	36.58097754545193		60.846167090969374	81.66195509090386		410650.7816969523	551136.5349085102		604.3752687769336	845.3456859494171	3년	60.846167090969374	410650.7816969523	604.3752687769336	4.7512864493996565	-1.8508863403560054	5.268004990179086	7.041002711334034	6628.339203100551	11.36936398473508	3년	5.268004990179086	안심(>=2)	3년	26.173083545484687	0.22428477396904187	매우 유망	Y	통과	매우 유망	배당감안점수>=2 & 린치PER배수<=0.5	46448520.0	fs=2025:CFS,2024:CFS,2022:CFS,2020:CFS
17	000240	한국앤컴퍼니	직접추가	메인	25150.0	1100.0	3666.0	87970654737.0	34240766097.0	15178888600.0	83728229501.0						판정불가	일반	일반	1127.4267830786544	245.4757867889732	6.552802295941447	6.793378126898807	N	N	-0.9991898460707582	28.543628944993937	19.90708834889714	6.5016203078584835	65.58725788998788	48.31417669779428	23834.9400486092	240442.88742469557	177119.77177411385	-5.228866605927629	856.0353376727458	604.253565702242	3년	65.58725788998788	240442.88742469557	856.0353376727458	4.3737574552683895	0.5149808367158747	5.023406004580679	3.7054140667732565	2176.2560889928754	8.653105721641651	3년	5.023406004580679	안심(>=2)	3년	28.543628944993937	0.22957145037757	매우 유망	Y	통과	매우 유망	배당감안점수>=2 & 린치PER배수<=0.5	94935240.0	단기위험부채 존재; fs=2025:CFS,2024:CFS,2022:CFS,2020:CFS
18	138930	BNK금융지주	직접추가	메인	14820.0	735.0	2512.0		18192691866568.0	16445000245415.0							판정불가	일반	일반	5631.773694536628	5631.773694536628	3.6577334018564382	3.6577334018564382	N	N	15.547378104875808			39.594756209751615			99462.02759889606			571.1337894662353			1년	39.594756209751615	99462.02759889606	571.1337894662353	4.959514170040486	5.6064480436185615					1년	5.6064480436185615	안심(>=2)	1년	15.547378104875808	0.23526368093597325	매우 유망	N	주당FCF<=0	제외	하드필터 미통과	310327033.0	fs=2025:CFS,2024:CFS,2022:NA,2020:NA
19	329180	HD현대중공업	직접추가	메인	489500.0	5661.0	15702.0	1869917695000.0		20593805000.0							판정불가	일반	일반	17619.114963644908	17619.114963644908	30.052279011358753	30.052279011358753	N	N	124.2822453935152			257.0644907870304			4036426.634337952			724.6019681997859			1년	257.0644907870304	4036426.634337952	724.6019681997859	1.1564862104187947	4.174017270255023					1년	4.174017270255023	안심(>=2)	1년	124.2822453935152	0.24180669504484847	매우 유망	N	주당FCF<=0	제외	하드필터 미통과	104961225.0	fs=2025:CFS,2024:CFS,2022:CFS,2020:CFS
20	034230	파라다이스	직접추가	메인	9580.0	150.0	1087.0	341761126505.0	5000000000.0	796472209722.0	137240950000.0						판정불가	일반	일반	-4866.710272452332	-6351.912585875921	13.290441832982825	14.656773308073525	Y	Y	24.22857142857142	54.2810589168254		56.95714285714284	117.0621178336508		61912.414285714265	127246.52208517843		546.2673725022366	1228.2517962962258		3년	117.0621178336508	127246.52208517843	1228.2517962962258	1.5657620041753653	1.9408183532870302	4.202028918437157		1428.3554813839717	14.909764941377574	3년	4.202028918437157	안심(>=2)	3년	54.2810589168254	0.244844925618487	매우 유망	N	주당순현금<=0	제외	하드필터 미통과	92405559.0	주당순현금 음수(린치식); 주당순현금 음수(보수형); 단기위험부채 존재; fs=2025:CFS,2024:CFS,2022:CFS,2020:CFS
21	192820	코스맥스	직접추가	메인	239000.0	3300.0	10847.0	192279928597.0									판정불가	일반	일반	16941.695768248654	16941.695768248654	20.47186357810928	20.47186357810928	N	N	43.4408886537953	80.71243772559032	38.50568621710888	95.3817773075906	169.92487545118064	85.51137243421776	1034606.1384554352	1843175.1240189564	927541.8567939601	332.8895976800984	671.2029807610696	288.0928271104436	3년	169.92487545118064	1843175.1240189564	671.2029807610696	1.380753138075314	2.1894265571307705	4.0100497226568335	1.9483541008858163	-9341.661092827891	-3.9086448087145986	3년	4.0100497226568335	안심(>=2)	3년	80.71243772559032	0.2536395152344477	매우 유망	N	주당FCF<=0	제외	하드필터 미통과	11349509.0	주당FCF 음수; fs=2025:CFS,2024:CFS,2022:CFS,2020:CFS
22	003090	대웅	직접추가	메인	17350.0	200.0	4280.0	255917494906.0	69412115604.0	668965344648.0	118388808025.0						판정불가	일반	일반	-5910.286064182885	-7946.487927707312	5.434646276678244	5.910394375632549	Y	Y	202.2598870056497	20.159526008317698	12.806544500421424	413.0197740112994	48.819052016635396	34.11308900084285	1767724.6327683614	208945.5426311995	146004.0209236074	10088.61459808854	1104.2970756841469	741.5217344300139	3년	48.819052016635396	208945.5426311995	1104.2970756841469	1.1527377521613833	37.42886186185067	3.921554904490588	2.5685723673473335	-1554.3945053642824	-8.959046140428141	3년	3.921554904490588	안심(>=2)	3년	20.159526008317698	0.26958204644473993	매우 유망	N	주당순현금<=0 / 주당FCF<=0	제외	하드필터 미통과	58141980.0	주당순현금 음수(린치식); 주당순현금 음수(보수형); 단기위험부채 존재; 주당FCF 음수; 1년 점수 과열 가능; fs=2025:CFS,2024:CFS,2022:CFS,2020:CFS
23	001440	대한전선	직접추가	메인	28700.0		453.0	438856642626.0	245247440000.0	6781981976.0	210000000000.0						판정불가	일반	일반	3632.780419185475	2506.4567877893646	55.33602556471198	57.82239119693297	N	N	10.757946210268955	193.05011690585698	172.76923736437072	30.01589242053791	394.60023381171396	354.03847472874145	13597.199266503672	178753.90591670643	160379.42905211987	-52.62299907141578	522.835909117444	458.813341645017	3년	394.60023381171396	178753.90591670643	522.835909117444		0.1944112556057756	3.4886877930923514	3.1221837058450834	-1780.5372383992687	-6.203962503133341	3년	3.4886877930923514	안심(>=2)	3년	193.05011690585698	0.2866407254842389	매우 유망	N	주당FCF<=0	제외	하드필터 미통과	186447300.0	단기위험부채 존재; 주당FCF 음수; fs=2025:CFS,2024:CFS,2022:CFS,2020:CFS
24	161390	한국타이어앤테크놀로지	직접추가	메인	69100.0	2300.0	8931.0	2603079747970.0	489388296676.0								판정불가	일반	일반	24964.41026923666	24964.41026923666	4.941841868857165	4.941841868857165	N	N	-2.2545693334792616	16.43379388057411	24.1178312692236	3.990861333041477	41.36758776114822	56.7356625384472	35642.38256539343	369453.9262948148	506706.20213087194	-48.41912798061732	434.6655952168087	633.2940696539391	3년	41.36758776114822	369453.9262948148	434.6655952168087	3.3285094066570187	0.21731575021564037	3.9989752427673895	5.553868659546522	-5650.2614211339005	-8.176934039267584	3년	3.9989752427673895	안심(>=2)	3년	16.43379388057411	0.30071217302407366	매우 유망	N	주당FCF<=0	제외	하드필터 미통과	123875069.0	주당FCF 음수; fs=2025:CFS,2024:CFS,2022:CFS,2020:CFS
25	082740	한화엔진	직접추가	메인	47100.0		2071.0	276708027934.0	133988650000.0	53947006810.0	30000000000.0						판정불가	일반	일반	4275.157453852644	3915.6484367553294	20.678340196111712	20.851932188915825	N	N	113.94628099173553		62.28278611303117	236.39256198347107		133.06557222606233	489568.9958677686		275578.8000801751	939.4246196767912		485.09299380079636	5년	133.06557222606233	275578.8000801751	485.09299380079636		5.510417176189104		3.011981886473781	3492.7128128726085	7.415526141980061	5년	3.011981886473781	안심(>=2)	5년	62.28278611303117	0.33200730870620554	매우 유망	Y	통과	매우 유망	배당감안점수>=2 & 린치PER배수<=0.5	83447142.0	단기위험부채 존재; fs=2025:CFS,2024:OFS,2022:CFS,2020:CFS
26	064350	현대로템	방산	메인	143200.0	600.0	7055.0	908414081000.0		60775088000.0	49136977000.0						판정불가	일반	일반	7766.386844661084	7316.175404518884	19.196826811529256	19.260641331747856	N	N	89.24356223175967	57.31843168250532	84.95065921728904	186.98712446351934	123.13686336501064	178.4013184345781	1319194.163090129	868730.57104015	1258621.3015559483	821.2249742249504	506.6554267040153	778.9254899133718	3년	123.13686336501064	868730.57104015	506.6554267040153	0.41899441340782123	4.670696752408988	3.007654684952261	4.447071095074183	6852.009336460757	4.784922720992149	3년	3.007654684952261	안심(>=2)	3년	57.31843168250532	0.3349154233294993	매우 유망	Y	통과	매우 유망	배당감안점수>=2 & 린치PER배수<=0.5	109142000.0	단기위험부채 존재; fs=2025:CFS,2024:CFS,2022:CFS,2020:CFS
27	000270	기아	직접추가	메인	137200.0	6800.0	19382.0	13998106000000.0	7661873000000.0	978970000000.0	211292000000.0						판정불가	일반	일반	52972.13234688462	52430.93110337479	4.34567473187057	4.373597611011517	N	N	-22.138753866548832	12.82583771622907	39.189006811542605		34.15167543245814	86.87801362308521		661927.7732319037	1683869.6600426375		382.4546452127578	1127.310247844488	3년	34.15167543245814	661927.7732319037	382.4546452127578	4.956268221574344	-3.953928148133256	4.091909090064182	10.158439772162808	10401.987179740363	7.581623308848662	3년	4.091909090064182	안심(>=2)	3년	12.82583771622907	0.3388219021648625	매우 유망	Y	통과	매우 유망	배당감안점수>=2 & 린치PER배수<=0.5	390412998.0	단기위험부채 존재; fs=2025:CFS,2024:CFS,2022:CFS,2020:CFS
28	006040	동원산업	직접추가	메인	38000.0	1150.0	8793.0	462412200801.0	2315664040.0	920658109908.0	869187931428.0						판정불가	일반	일반	-10327.316971310991	-30015.370950217297	5.4961124725703385	7.73517240420986	Y	Y	362.7894736842105	15.223245686790676	-33.98325939665047	734.078947368421	38.94649137358135		6454756.184210526	342456.4986479008		16886.20048476454	801.201312231318		3년	38.94649137358135	342456.4986479008	801.201312231318	3.026315789473684	66.55900717086399	3.320449056918532	-5.632516394392364	2047.1984446583815	5.387364328048372	3년	3.320449056918532	안심(>=2)	3년	15.223245686790676	0.36103420950102355	매우 유망	N	주당순현금<=0	제외	하드필터 미통과	44147986.0	주당순현금 음수(린치식); 주당순현금 음수(보수형); 단기위험부채 존재; 1년 점수 과열 가능; fs=2025:CFS,2024:CFS,2022:CFS,2020:CFS
29	003230	삼양식품	직접추가	메인	1334000.0	4800.0	52156.0	332840576772.0	3879418399.0	340183053989.0	92341086958.0						판정불가	일반	일반	-459.7174993014085	-12717.901899305922	25.585929087723393	25.820958315424992	Y	Y	43.018536799385764	69.73880446754251	42.35358590359803	94.53707359877153	147.97760893508502	93.20717180719606	4930675.610617528	7717920.171618294	4861313.252776118	269.61586286488216	478.55473550362024	264.4162858153012	3년	147.97760893508502	7717920.171618294	478.55473550362024	0.35982008995502246	1.695398933555027	2.739733402572907	1.6694100045031293	-20189.147647522273	-1.513429358884728	3년	2.739733402572907	안심(>=2)	3년	69.73880446754251	0.36688224415478	매우 유망	N	주당순현금<=0 / 주당FCF<=0	제외	하드필터 미통과	7533015.0	주당순현금 음수(린치식); 주당순현금 음수(보수형); 단기위험부채 존재; 주당FCF 음수; fs=2025:CFS,2024:CFS,2022:CFS,2020:CFS
30	010120	LS ELECTRIC	전력설비	메인	209000.0	3000.0	9647.0	762716704001.0	205184236697.0	773010797653.0	302192853551.0						판정불가	일반	일반	6496.3381015	-3576.7570168666666	20.99136124168135	22.035529907418542	N	Y	19.423124535776193	45.94979891928113	27.235637161019888	47.346249071552386	100.39959783856226	62.971274322039775	456749.26479326584	968554.9203486101	607483.8833847177	118.54031808290233	363.4234068653637	190.66214516015205	3년	100.39959783856226	968554.9203486101	363.4234068653637	1.4354066985645932	0.9936721584745629	2.257366974551208	1.3658496716570254	3012.7272868333334	1.4414963094896331	3년	2.257366974551208	안심(>=2)	3년	45.94979891928113	0.45683249405631465	매우 유망	Y	통과	매우 유망	배당감안점수>=2 & 린치PER배수<=0.5	30000000.0	주당순현금 음수(보수형); 단기위험부채 존재; fs=2025:CFS,2024:CFS,2022:CFS,2020:CFS
31	012450	한화에어로스페이스	우주항공/방산	메인	1146000.0	7000.0	28530.0	7713355500000.0		12463889065000.0							판정불가	일반	일반	-92129.95017531911	-92129.95017531911	43.3974745942979	43.3974745942979	Y	Y	-37.89049744203766	93.07351740567623	64.20288154253949		194.64703481135246	136.90576308507897		5553279.903167886	3905921.420817303		384.579398182189	240.83083951285366	3년	194.64703481135246	5553279.903167886	384.579398182189	0.6108202443280977	-0.8590287233581984	2.1587509071855933	1.4934901717848719	39867.85493454941	3.4788704131369466	3년	2.1587509071855933	안심(>=2)	3년	93.07351740567623	0.46627092006357584	매우 유망	N	주당순현금<=0	제외	하드필터 미통과	51563401.0	주당순현금 음수(린치식); 주당순현금 음수(보수형); fs=2025:CFS,2024:CFS,2022:CFS,2020:CFS
32	105560	KB금융	금융/은행	보정필요	168500.0	4367.0	15410.0		89862530000000.0	80049270000000.0							판정불가	금융보정	보정양호	25725.386408830236	25725.386408830236	9.26506253025112	9.26506253025112	N	N	19.64285714285714			47.78571428571428			736377.857142857			337.0194997880457			1년	47.78571428571428	736377.857142857	337.0194997880457	2.5916913946587536	2.3998271425495976					1년	2.3998271425495976	안심(>=2)	1년	19.64285714285714	0.4716759106309662	매우 유망	N	주당FCF<=0	제외	하드필터 미통과	381462103.0	린치식 단독판정 비중 낮춤; fs=2025:CFS,2024:CFS,2022:NA,2020:NA
33	030200	KT	통신	보정필요	54300.0	2400.0	7119.0	3506971000000.0									판정불가	통신보정	보정양호	13915.354148989203	13915.354148989203	5.6727975630019385	5.6727975630019385	N	N	273.1132075471698	10.974077918572789	21.542256858726816	554.7264150943396	30.448155837145578	51.58451371745363	3949097.3490566034	216760.42140463938	367230.1531545524	7172.739132700927	299.19046299196935	576.2986245940192	3년	30.448155837145578	216760.42140463938	299.19046299196935	4.41988950276243	48.923497439782935	2.713646529841798	4.576603707986111	17845.761962904104	32.86512332026538	3년	2.713646529841798	안심(>=2)	3년	10.974077918572789	0.516927035245591	헐값	Y	통과	양호	배당감안점수>=1.5 & 린치PER배수<1	252021685.0	린치식 단독판정 비중 낮춤; 1년 점수 과열 가능; fs=2025:CFS,2024:CFS,2022:CFS,2020:CFS
34	000120	CJ대한통운	직접추가	메인	75300.0	800.0	11347.0	307146405592.0	86460297519.0	237118568377.0							판정불가	일반	일반	6859.800761114246	6859.800761114246	6.031567748205318	6.031567748205318	N	N	-6.130046326935801	11.480536742818348			31.461073485636696			356988.8008415196			374.088712936945		3년	31.461073485636696	356988.8008415196	374.088712936945	1.0624169986719787	-0.8401844329397918	2.0795511656521573		12818.247147684604	17.02290457859841	3년	2.0795511656521573	안심(>=2)	3년	11.480536742818348	0.5253733238542498	헐값	Y	통과	양호	배당감안점수>=1.5 & 린치PER배수<1	22812344.0	fs=2025:CFS,2024:CFS,2022:CFS,2020:CFS
35	042660	한화오션	직접추가	메인	90900.0		4007.0	778471159631.0		5646344947762.0							판정불가	일반	일반	-15886.622071524067	-15886.622071524067	26.65001798640481	26.65001798640481	Y	Y	143.14320388349512		47.03819321855338	294.78640776699024		102.57638643710676	1181209.13592233		411023.5804534868	1199.4599955141143		352.171155614397	5년	102.57638643710676	411023.5804534868	352.171155614397		5.371223537504475		1.7650342015734983	1951.772804089628	2.147164800978689	5년	1.7650342015734983	양호(>=1.5)	5년	47.03819321855338	0.5665612593277325	헐값	N	주당순현금<=0	제외	하드필터 미통과	306413394.0	주당순현금 음수(린치식); 주당순현금 음수(보수형); fs=2025:CFS,2024:CFS,2022:CFS,2020:CFS
36	267260	HD현대일렉트릭	전력설비	메인	785000.0	7100.0	20354.0	950781542257.0		55346966947.0							판정불가	일반	일반	24840.658635145344	24840.658635145344	37.346926469728544	37.346926469728544	N	N	46.06386795837818	65.20736528007924		100.62773591675636	138.9147305601585		2048176.936849659	2827470.425821466		160.91425947129414	260.1873153912695		3년	138.9147305601585	2827470.425821466	260.1873153912695	0.9044585987261147	1.257622273018219	1.7702078893263713		19908.873951397247	2.536162286802197	3년	1.7702078893263713	양호(>=1.5)	3년	65.20736528007924	0.572740921356287	헐값	Y	통과	양호	배당감안점수>=1.5 & 린치PER배수<1	36047135.0	fs=2025:CFS,2024:CFS,2022:CFS,2020:CFS
37	062040	산일전기	직접추가	메인	179200.0	1250.0	4901.0	108606384509.0	126933410833.0	741366607.0	520000000.0						판정불가	일반	일반	7712.165751415659	7695.085883324793	34.990376300466096	34.99386127661196	N	N	60.1110748121529			128.7221496243058			630867.2553087228			252.04645943567124			1년	128.7221496243058	630867.2553087228	252.04645943567124	0.6975446428571429	1.7378669761319496			3251.520036754562	1.814464306224644	1년	1.7378669761319496	양호(>=1.5)	1년	60.1110748121529	0.5820953361724277	헐값	Y	통과	양호	배당감안점수>=1.5 & 린치PER배수<1	30445200.0	단기위험부채 존재; fs=2025:CFS,2024:OFS,2022:NA,2020:NA
38	052690	한전기술	원전/유틸리티	메인	96500.0	1347.0	2244.0	27327763423.0	143766317133.0	10000000.0							판정불가	일반	일반	4476.297241130298	4476.297241130298	41.00878019557474	41.00878019557474	N	N	45.90377113133941	68.14874025084036	33.4594702358408	100.30754226267882	144.79748050168072	75.4189404716816	225090.12483745127	324925.5462457715	169240.1024184535	133.2540153755972	236.7104106173798	75.37834447508133	3년	144.79748050168072	324925.5462457715	236.7104106173798	1.395854922279793	1.153402413532976	1.6958464709619605	0.8499478646253866	565.6546605965464	0.5861706327425351	3년	1.6958464709619605	양호(>=1.5)	3년	68.14874025084036	0.6017540462909591	헐값	Y	통과	양호	배당감안점수>=1.5 & 린치PER배수<1	38220000.0	fs=2025:CFS,2024:CFS,2022:CFS,2020:CFS
39	259960	크래프톤	직접추가	메인	226500.0	2240.0	16454.0	596725775511.0	2771628277288.0	232600090556.0	253882981026.0						판정불가	일반	일반	66149.80047167496	60794.052303852826	9.745362801040784	10.070861048750892	N	N	-42.45444689259609	15.546458229987593			39.592916459975186			651461.8474324316			187.6211246942303		3년	39.592916459975186	651461.8474324316	187.6211246942303	0.988962472406181	-4.25489386765175	1.6967475752290955		19894.79976593031	8.783576055598372	3년	1.6967475752290955	양호(>=1.5)	3년	15.546458229987593	0.6268542105778753	헐값	Y	통과	양호	배당감안점수>=1.5 & 린치PER배수<1	47403831.0	단기위험부채 존재; fs=2025:CFS,2024:CFS,2022:CFS,2020:NA
40	004370	농심	필수소비재	메인	420000.0	6000.0	29342.0	253539960716.0	745596630000.0	125972160319.0	27652497602.0						판정불가	일반	일반	143550.1925638563	139004.05987973648	9.421641586672472	9.576577606170796	N	N	7.867068597897209	13.475331168715332	2.7004092516118794	24.234137195794418	35.450662337430664	13.900818503223759	711078.0535989997	1040193.3343048906	407877.8165215915	69.30429847595232	147.6650795964025	-2.886234161525836	3년	35.450662337430664	1040193.3343048906	147.6650795964025	1.4285714285714286	0.986626368765495	1.5818795971149344	0.4382442955614042	33019.471789396775	7.861778997475423	3년	1.5818795971149344	양호(>=1.5)	3년	13.475331168715332	0.6991769974860427	헐값	Y	통과	양호	배당감안점수>=1.5 & 린치PER배수<1	6082642.0	단기위험부채 존재; fs=2025:CFS,2024:CFS,2022:CFS,2020:CFS
41	012330	현대모비스	직접추가	메인	518000.0	6500.0	40861.0	4922378000000.0			2945574000000.0						판정불가	일반	일반	54251.49199158146	21787.145638739283	11.349416509836239	12.14392340768118	N	N	-9.074523242617772	14.580422448898144	20.046998821740058		37.66084489779629	48.593997643480115		1538859.783368854	1985599.337710241		197.07717825653552	283.3203354652975	3년	37.66084489779629	1538859.783368854	197.07717825653552	1.2548262548262548	-0.6889955074795602	1.395247825295724	1.8769092717766227	32588.711819214936	6.291257107956551	3년	1.395247825295724	보통(1~1.5)	3년	14.580422448898144	0.7784010751138369	헐값	Y	통과	보류	중간구간(보류)	90732583.0	단기위험부채 존재; fs=2025:CFS,2024:CFS,2022:CFS,2020:CFS
42	055550	신한지주	직접추가	메인	106500.0	2590.0	9812.0		78053377000000.0	92991422000000.0							판정불가	일반	일반	-30768.6938706553	-30768.6938706553	13.98987911441656	13.98987911441656	Y	Y	16.242151403862092			40.984302807724184			402137.9791493897			277.59434661914526			1년	40.984302807724184	402137.9791493897	277.59434661914526	2.431924882629108	1.3348275659685707					1년	1.3348275659685707	보통(1~1.5)	1년	16.242151403862092	0.8613316528431091	헐값	N	주당순현금<=0 / 주당FCF<=0	제외	하드필터 미통과	485494934.0	주당순현금 음수(린치식); 주당순현금 음수(보수형); fs=2025:CFS,2024:CFS,2022:NA,2020:NA
43	086790	하나금융지주	직접추가	메인	130700.0	4105.0	13954.0		73098647000000.0	72812888000000.0							판정불가	일반	일반	1026.7067789838566	1026.7067789838566	9.292911940734996	9.292911940734996	N	N	10.491725393934592			29.483450787869184			411412.0722939266			214.77587780713588			1년	29.483450787869184	411412.0722939266	214.77587780713588	3.1407804131599084	1.4669789075840824			-14044.963863826157	-10.745955519377318	1년	1.4669789075840824	보통(1~1.5)	1년	10.491725393934592	0.8857372445248475	헐값	N	주당FCF<=0	제외	하드필터 미통과	278325814.0	주당FCF 음수; fs=2025:CFS,2024:CFS,2022:NA,2020:NA
44	069960	현대백화점	직접추가	메인	100000.0	2150.0	9572.0	279878097000.0	1384271000.0	850398528000.0	925684884000.0						판정불가	일반	일반	-25150.950692818045	-66058.30557705347	13.074691881823867	17.348339487782432	Y	Y	-681.8844984802432	13.23304981191371	24.719368231601415		34.96609962382742	57.93873646320283		334695.50559927605	554589.5854257775		234.69550559927606	454.58958542577744	3년	34.96609962382742	334695.50559927605	234.69550559927606	2.15	-51.98856727363452	1.1765516121491835	2.0550670313657324	17816.28700542092	17.816287005420918	3년	1.1765516121491835	보통(1~1.5)	3년	13.23304981191371	0.9880331493993717	헐값	N	주당순현금<=0	제외	하드필터 미통과	22628813.0	주당순현금 음수(린치식); 주당순현금 음수(보수형); 단기위험부채 존재; fs=2025:CFS,2024:CFS,2022:CFS,2020:CFS
45	073240	금호타이어	직접추가	메인	7790.0		1209.0	574762190002.0	23370402051.0	732635884134.0	995816495352.0						판정불가	일반	일반	-468.2279387996295	-3934.8278846250682	6.830626913812762	9.697955239557542	Y	Y	6.896551724137923			22.293103448275843			26952.362068965496			245.98667610995503			1년	22.293103448275843	26952.362068965496	245.98667610995503		1.0096513557477205			2095.5020502990724	26.899897949923908	1년	1.0096513557477205	보통(1~1.5)	1년	6.896551724137923	0.9904409025028517	헐값	N	주당순현금<=0	제외	하드필터 미통과	287260287.0	주당순현금 음수(린치식); 주당순현금 음수(보수형); 단기위험부채 존재; fs=2025:CFS,2024:CFS,2022:CFS,2020:CFS
46	316140	우리금융지주	금융/은행	보정필요	33750.0	1360.0	4052.0	38499679000000.0	34245475000000.0	55583392000000.0							판정불가	금융보정	보정양호	23378.716262091115	23378.716262091115	2.5595468257425678	2.5595468257425678	N	N	2.5822784810126675			13.664556962025335			55368.78481012666			64.05565869667159			1년	13.664556962025335	55368.78481012666	64.05565869667159	4.029629629629629	2.5832338928685434			17894.539902880944	53.020858971499095	1년	2.5832338928685434	안심(>=2)	1년	2.5822784810126675	0.9911970550669712	헐값	Y	통과	양호	배당감안점수>=1.5 & 린치PER배수<1	734076320.0	린치식 단독판정 비중 낮춤; fs=2025:CFS,2024:CFS,2022:NA,2020:NA
47	035420	NAVER	직접추가	메인	217000.0	2630.0	13009.0	5984018799741.0	5235312755210.0	1256361590806.0	132159574017.0						판정불가	일반	일반	63518.0261625246	62675.45458896267	11.798137738294674	11.862906096628283	N	N	2.416942213824602		10.610774201816863	13.333884427649204		29.721548403633726	173460.5025192885		386647.62318287115	-20.064284553323265		78.1786281948715	5년	29.721548403633726	386647.62318287115	78.1786281948715	1.2119815668202765	0.30758445622024166		1.0020866030630036	11325.425174978569	5.219089942386438	5년	1.0020866030630036	보통(1~1.5)	5년	10.610774201816863	1.1119016872750436	보통	Y	통과	보류	중간구간(보류)	156852638.0	단기위험부채 존재; fs=2025:CFS,2024:CFS,2022:CFS,2020:CFS
48	128940	한미약품	헬스케어	메인	392000.0	2000.0	13372.0	108273819495.0		91812500000.0	319500000000.0						판정불가	일반	일반	1284.9372460725326	-23654.585387266292	29.218894911301785	31.083950447746506	N	Y	39.77213337514372	26.231706206675454	68.07388619564503	88.04426675028743	60.96341241335091	144.64777239129006	1177327.9349848435	815202.7507913284	1934230.0124163306	200.338758924705	107.9598854059511	393.42602357559457	3년	60.96341241335091	815202.7507913284	107.9598854059511	0.5102040816326531	1.3786400060323731	0.9152266151573177	2.3472513414855247	7534.569419649112	1.9220840356247735	3년	0.9152266151573177	불리(<1)	3년	26.231706206675454	1.113877026568182	보통	Y	통과	제외	배당감안점수<1	12810991.0	주당순현금 음수(보수형); 단기위험부채 존재; 배당감안점수<1; fs=2025:CFS,2024:CFS,2022:CFS,2020:CFS
49	021240	코웨이	직접추가	메인	96500.0	1940.0	8630.0	182190550994.0	2827952531.0	904957690609.0	910394928000.0						판정불가	일반	일반	-10011.790673154132	-22672.142564755995	12.342038316703839	13.809054758372653	Y	Y	10.06249202907792	10.977619808999673	9.097067548815364	28.62498405815584	30.455239617999347	26.694135097630728	247033.6124218849	262828.71790333436	230370.38589255317	155.99338074806727	172.36136570293718	138.7257884896924	3년	30.455239617999347	262828.71790333436	172.36136570293718	2.010362694300518	0.9781896971620089	1.052336913078784	0.8999672467458616	-2804.5647658552634	-2.9062847314562315	3년	1.052336913078784	보통(1~1.5)	3년	10.977619808999673	1.124290923847225	보통	N	주당순현금<=0 / 주당FCF<=0	제외	하드필터 미통과	71909133.0	주당순현금 음수(린치식); 주당순현금 음수(보수형); 단기위험부채 존재; 주당FCF 음수; fs=2025:CFS,2024:CFS,2022:CFS,2020:CFS
50	000100	유한양행	헬스케어	메인	79600.0	600.0	2599.0	348564938250.0	29513907780.0	105262499518.0	199841800000.0						판정불가	일반	일반	3411.5503159327723	912.5418633854255	29.31452469567804	30.276051610855934	N	N	175.60975609756096	25.052899606383704	-2.455406441809782	359.7195121951219	58.60579921276741	3.589187116380436	934911.0121951218	152316.4721539825	9328.297315472753	1074.511321853168	91.35235195223932	-88.28103352327543	3년	58.60579921276741	152316.4721539825	91.35235195223932	0.7537688442211055	6.016250536983261	0.8803372634729976	-0.05804759296812191	-353.25969258346265	-0.44379358364756616	3년	0.8803372634729976	불리(<1)	3년	25.052899606383704	1.1701050639347326	보통	N	주당FCF<=0	제외	하드필터 미통과	79968437.0	단기위험부채 존재; 주당FCF 음수; 1년 점수 과열 가능; 배당감안점수<1; fs=2025:CFS,2024:CFS,2022:CFS,2020:CFS
51	008930	한미사이언스	직접추가	메인	44600.0	300.0	1748.0	127389343692.0	0.0	0.0	199600000000.0						판정불가	일반	일반	1862.6474131965133	-1055.8417861270873	24.449286376889866	26.118902623642498	N	Y	99.08883826879271	20.062307210120522	38.49990058066466	206.67767653758543	48.624614420241045	85.49980116132932	361272.57858769933	84995.82600658135	149453.65243000365	710.0282031114334	90.57360091161739	235.09787540359562	3년	48.624614420241045	84995.82600658135	90.57360091161739	0.672645739910314	4.080343387977177	0.8480800883264259	1.602195897120414	667.8946648379807	1.4975216700403156	3년	0.8480800883264259	불리(<1)	3년	20.062307210120522	1.218667729529947	보통	Y	통과	제외	배당감안점수<1	68391550.0	주당순현금 음수(보수형); 단기위험부채 존재; 1년 점수 과열 가능; 배당감안점수<1; fs=2025:CFS,2024:CFS,2022:CFS,2020:CFS
52	323410	카카오뱅크	직접추가	메인	21950.0	460.0	1008.0		5031536000000.0								판정불가	일반	일반	10548.040591320245	10548.040591320245	11.311467667341027	11.311467667341027	N	N	9.090909090909083			26.681818181818166			26895.27272727271			22.529716297369973			1년	26.681818181818166	26895.27272727271	22.529716297369973	2.0956719817767655	0.9889592934950646			12444.320071931525	56.69394110219373	1년	0.9889592934950646	불리(<1)	1년	9.090909090909083	1.244261443407514	보통	Y	통과	제외	배당감안점수<1	477011437.0	배당감안점수<1; fs=2025:OFS,2024:OFS,2022:NA,2020:NA
53	022100	포스코DX	직접추가	메인	20300.0	125.0	343.0	246949912811.0	5459116668.0	1166279518.0							판정불가	일반	일반	1652.5352570003922	1652.5352570003922	54.36578642273938	54.36578642273938	N	N	-40.86206896551724		43.180492810132876			94.86098562026575			32537.318067751152			60.28235501355248	5년	94.86098562026575	32537.318067751152	60.28235501355248	0.6157635467980296	-0.7402873768029506		0.8055848951834973	902.5027073978604	4.445826144817047	5년	0.8055848951834973	불리(<1)	5년	43.180492810132876	1.259035802620153	보통	Y	통과	제외	배당감안점수<1	152034729.0	배당감안점수<1; fs=2025:CFS,2024:CFS,2022:CFS,2020:CFS
54	064400	LG씨엔에스	직접추가	메인	73900.0	1850.0	4549.0	1140987852000.0	602021775000.0	159828598000.0	0.0						판정불가	일반	일반	16340.667162589976	16340.667162589976	12.653183740912294	12.653183740912294	N	N	8.827751196172251			26.155502392344502			118981.38038277514			61.003221086299256			1년	26.155502392344502	118981.38038277514	61.003221086299256	2.503382949932341	0.895516446937142			3767.269821212876	5.097794074712958	1년	0.895516446937142	불리(<1)	1년	8.827751196172251	1.4333416812198747	보통	Y	통과	제외	배당감안점수<1	96885948.0	배당감안점수<1; fs=2025:CFS,2024:CFS,2022:NA,2020:NA
55	090430	아모레퍼시픽	직접추가	메인	132200.0	1240.0	3421.0	524558265446.0	595819964751.0		256253631834.0						판정불가	일반	일반	19154.135475076495	14773.189248313625	33.044684163964774	34.325288147233664	N	N	-60.24866372298396	20.627708642947496	46.209846998093965		49.75541728589499	100.91969399618793		170213.28253504678	345246.2731609589		28.754374080973367	161.15451827606572	3년	49.75541728589499	170213.28253504678	28.754374080973367	0.9379727685325264	-1.7948633026769776	0.6526218045986771	1.4267898440996807	8421.099814611242	6.369969602580364	3년	0.6526218045986771	불리(<1)	3년	20.627708642947496	1.6019561229968495	보통	Y	통과	제외	배당감안점수<1	58492759.0	단기위험부채 존재; 배당감안점수<1; fs=2025:CFS,2024:CFS,2022:CFS,2020:CFS
56	051600	한전KPS	원전/유틸리티	메인	44950.0	1651.0	2761.0	145552915316.0	253105895590.0								판정불가	일반	일반	8859.0846868	8859.0846868	13.071682474900397	13.071682474900397	N	N	-27.94885177453027	7.4435664015639835	7.368549852889328		23.38713280312797	23.237099705778654		64571.873669436325	64157.632287654866		43.6526666728283	42.73110631291406	3년	23.38713280312797	64571.873669436325	43.6526666728283	3.6729699666295885	-1.857135212281513	0.8504288862232539	0.8446900267597763	1565.3651230222222	3.4824585606723515	3년	0.8504288862232539	불리(<1)	3년	7.4435664015639835	1.7561047715183784	보통	Y	통과	제외	배당감안점수<1	45000000.0	배당감안점수<1; fs=2025:CFS,2024:CFS,2022:CFS,2020:CFS
57	001800	오리온홀딩스	직접추가	메인	25800.0	1100.0	2011.0	353427526408.0	40225597539.0	23781543774.0							판정불가	일반	일반	5904.20765579646	5904.20765579646	9.893482020986344	9.893482020986344	N	N	-24.681647940074903	5.512222260013111	9.302936730683564		19.524444520026222	27.10587346136713		39263.65792977273	54509.911530809295		52.18472065803383	111.27872686360192	3년	19.524444520026222	39263.65792977273	52.18472065803383	4.263565891472868	-2.0637912926197877	0.9881038981775366	1.371256610501618	5198.228152968624	20.148171135537304	3년	0.9881038981775366	불리(<1)	3년	5.512222260013111	1.7948263974687428	보통	Y	통과	제외	배당감안점수<1	62645422.0	배당감안점수<1; fs=2025:CFS,2024:CFS,2022:CFS,2020:CFS
58	034730	SK	직접추가	메인	590000.0	8000.0	29050.0	25214132000000.0	3449044000000.0	45546013000000.0	11714166000000.0						판정불가	일반	일반	-231053.85910201556	-391370.70990508975	28.263471914010864	33.78212426523545	Y	Y	-223.85418887230867	14.11831256779157	52.31072476454839		36.73662513558314	113.12144952909678		1067198.96018869	3286178.1088202614		80.88117969299833	456.97934047801044	3년	36.73662513558314	1067198.96018869	80.88117969299833	1.3559322033898304	-7.872290330991545	0.5474997841121725	1.898799168453696	-54497.63687223273	-9.236887605463174	3년	0.5474997841121725	불리(<1)	3년	14.11831256779157	2.0019015571654766	매우 불리	N	주당순현금<=0 / 주당FCF<=0	제외	하드필터 미통과	73068838.0	주당순현금 음수(린치식); 주당순현금 음수(보수형); 단기위험부채 존재; 주당FCF 음수; 배당감안점수<1; PER>연성장률의 2배; fs=2025:CFS,2024:CFS,2022:CFS,2020:CFS
59	326030	에스케이바이오팜	직접추가	메인	85200.0		3409.0	307770519305.0	1711367837.0	0.0	0.0						판정불가	일반	일반	3951.8457878072995	3951.8457878072995	23.8334274603088	23.8334274603088	N	N	10.897852960312292			30.295705920624584			103278.06148340921			21.21838202278077			1년	30.295705920624584	103278.06148340921	21.21838202278077		0.4572507659026854			1874.8221177897738	2.2004954434152273	1년	0.4572507659026854	불리(<1)	1년	10.897852960312292	2.1869837615817698	매우 불리	Y	통과	제외	배당감안점수<1	78313250.0	배당감안점수<1; PER>연성장률의 2배; fs=2025:CFS,2024:CFS,2022:CFS,2020:CFS
60	207940	삼성바이오로직스	헬스케어	메인	1531000.0		24091.0	148851266520.0	1307174500000.0	918724421281.0							판정불가	일반	일반	11607.049188490424	11607.049188490424	63.06890335857829	63.06890335857829	N	N	58.274751987385855	28.169383318294948	45.91602063406175	125.04950397477171	64.8387666365899	100.3320412681235	3012567.600256225	1562030.7270420871	2417099.2061903635	96.77123450399903	2.026827370482498	57.87715259244699	3년	64.8387666365899	1562030.7270420871	2.026827370482498		0.9239854965618273	0.4466445715432517	0.7280294755246685	16692.97982791496	1.090331798034942	3년	0.4466445715432517	불리(<1)	3년	28.169383318294948	2.2389167219581063	매우 불리	Y	통과	제외	배당감안점수<1	46290951.0	배당감안점수<1; PER>연성장률의 2배; fs=2025:CFS,2024:CFS,2022:CFS,2020:CFS
61	012750	에스원	직접추가	메인	77500.0	3200.0	5281.0	217937111676.0	27694386215.0	36737106943.0							판정불가	일반	일반	5497.339730559434	5497.339730559434	13.634285224283385	13.634285224283385	N	N	1.033097378993686	5.738563246263584	4.672200779142521	10.566194757987372	19.97712649252717	17.844401558285043	55800.07451693131	105499.20500703598	94236.2846293033	-27.999903849120887	36.12800646069159	21.595205973294583	3년	19.97712649252717	105499.20500703598	36.12800646069159	4.129032258064516	0.37861388053289186	0.7237339795967734	0.6455221445368896	4591.768535203577	5.924862626069132	3년	0.7237339795967734	불리(<1)	3년	5.738563246263584	2.3759057170208515	매우 불리	Y	통과	제외	배당감안점수<1	37999178.0	배당감안점수<1; PER>연성장률의 2배; fs=2025:CFS,2024:CFS,2022:CFS,2020:CFS
62	443060	HD현대마린솔루션	직접추가	메인	204000.0	3950.0	6013.0	377924043510.0		9931501625.0							판정불가	일반	일반	8208.377954504365	8208.377954504365	32.56138733502339	32.56138733502339	N	N	13.36726998491704			35.23453996983408			211865.28883861232			3.855533744417805			1년	35.23453996983408	211865.28883861232	3.855533744417805	1.9362745098039216	0.46999055467947765			6828.081523113242	3.3470987858398242	1년	0.46999055467947765	불리(<1)	1년	13.36726998491704	2.43590406805309	매우 불리	Y	통과	제외	배당감안점수<1	44831335.0	배당감안점수<1; PER>연성장률의 2배; fs=2025:CFS,2024:CFS,2022:NA,2020:NA
63	079550	LIG넥스원	우주항공/방산	메인	795000.0	2950.0	11604.0	125190009682.0	74459447021.0	923361958512.0	603656788627.0						판정불가	일반	일반	-32896.0228095	-60334.96774709091	71.34574481295243	73.71035571760521	Y	Y	14.066647006782663	27.179527397785485	34.219216690902975	36.633294013565326	62.85905479557097	76.93843338180595	425092.74373341206	729416.4718478055	892793.5809624762	-46.52921462472804	-8.249500396502452	12.30107936634921	3년	62.85905479557097	729416.4718478055	-8.249500396502452	0.3710691823899371	0.2023626808721956	0.3861561281952412	0.484826193404785	-39377.47379822727	-4.953141358267581	3년	0.3861561281952412	불리(<1)	3년	27.179527397785485	2.624981066402409	매우 불리	N	주당순현금<=0 / 주당FCF<=0	제외	하드필터 미통과	22000000.0	주당순현금 음수(린치식); 주당순현금 음수(보수형); 단기위험부채 존재; 주당FCF 음수; 배당감안점수<1; PER>연성장률의 2배; fs=2025:CFS,2024:CFS,2022:CFS,2020:CFS
64	033780	KT&G	필수소비재	메인	176600.0	6000.0	10228.0	913503000000.0		1062456000000.0	332978000000.0						판정불가	일반	일반	-1262.563450588038	-4084.9695293504915	17.389769598219402	17.665718569549323	Y	Y	-10.146710006149517	6.408926515670932	1.8767217197089403		21.317853031341862	12.25344343941788		218039.00080456457	125328.21949836609		23.464892867816857	-29.032718290845928	3년	21.317853031341862	218039.00080456457	23.464892867816857	3.397508493771234	-0.38811333722727165	0.5639197778932206	0.30329500248354185	-776.4757168675206	-0.4396804738774182	3년	0.5639197778932206	불리(<1)	3년	6.408926515670932	2.7133669820832576	매우 불리	N	주당순현금<=0 / 주당FCF<=0	제외	하드필터 미통과	117976645.0	주당순현금 음수(린치식); 주당순현금 음수(보수형); 단기위험부채 존재; 주당FCF 음수; 배당감안점수<1; PER>연성장률의 2배; fs=2025:CFS,2024:CFS,2022:CFS,2020:CFS
65	030000	제일기획	직접추가	메인	18850.0	1230.0	2049.0	622369326472.0	216919787330.0	234763824456.0	4043255307.0						판정불가	일반	일반	5254.857894167939	5219.71175149604	6.635013228810181	6.65216605588285	N	N	0.0	2.315711686466715		8.5	13.13142337293343		17416.5	26906.286491140596		-7.604774535809023	42.7389203774037		3년	13.13142337293343	26906.286491140596	42.7389203774037	6.525198938992043	0.9834492734179777	1.3324631497447892		1492.008099731205	7.915162332791538	3년	1.3324631497447892	보통(1~1.5)	3년	2.315711686466715	2.865215591209372	매우 불리	Y	통과	제외	린치PER배수>=2	115041225.0	단기위험부채 존재; PER>연성장률의 2배; fs=2025:CFS,2024:CFS,2022:CFS,2020:CFS
66	042700	한미반도체	반도체소부장	메인	229000.0	800.0	2256.0	276235377529.0	1620849416.0	1700783956.0							판정불가	일반	일반	2897.3777017947336	2897.3777017947336	100.2227935718995	100.2227935718995	N	N	41.97608558842039	33.93410123050573	17.576648487156234	92.45217117684078	76.36820246101146	43.65329697431247	208572.0981749528	172286.66475204186	98481.83797404893	-8.920481146308823	-24.765648579894382	-56.99483057901793	3년	76.36820246101146	172286.66475204186	-24.765648579894382	0.34934497816593885	0.4223134185161403	0.3420723468866076	0.178861442855932	1415.2619637779844	0.6180183247938796	3년	0.3420723468866076	불리(<1)	3년	33.93410123050573	2.9534536038279464	매우 불리	Y	통과	제외	배당감안점수<1	95312200.0	배당감안점수<1; PER>연성장률의 2배; fs=2025:CFS,2024:CFS,2022:CFS,2020:CFS
67	010130	고려아연	소재	메인	1219000.0	20000.0	42566.0	3451069963536.0	1038402532013.0	2668945939951.0	3128688084125.0						판정불가	일반	일반	87219.33882994796	-62672.518151442666	26.58884229596514	30.110240994019705	N	Y	184.74145427787812	8.708371766163726	5.597910450753152	377.98290855575624	25.91674353232745	19.695820901506302	16089220.48558432	1103172.1051970504	838372.3124935173	1219.8704253965807	-9.501878162670184	-31.22458470110605	3년	25.91674353232745	1103172.1051970504	-9.501878162670184	1.6406890894175554	7.009787838546817	0.3892257037889819	0.2722419975866781	-75274.78704653852	-6.175126090774284	3년	0.3892257037889819	불리(<1)	3년	8.708371766163726	3.0532507120648855	매우 불리	N	주당FCF<=0	제외	하드필터 미통과	20872969.0	주당순현금 음수(보수형); 단기위험부채 존재; 주당FCF 음수; 1년 점수 과열 가능; 배당감안점수<1; PER>연성장률의 2배; fs=2025:CFS,2024:CFS,2022:CFS,2020:CFS
68	005380	현대자동차	직접추가	메인	435000.0	10000.0	36088.0	18360566000000.0	5857507000000.0	131240462000000.0	10388351000000.0						판정불가	일반	일반	-522678.0458231802	-573412.8785132379	26.53729898645478	27.943163337210095	Y	Y	-24.20875774440827	8.159836431248424	45.92494426173537		24.819672862496848	100.34988852347074		895692.3542617862	3621426.777035012		105.90628833604279	732.5119027666694	3년	24.819672862496848	895692.3542617862	105.90628833604279	2.2988505747126435	-0.8256268726097153	0.3941127170214049	1.8172081062606447	-83323.46231986141	-19.154818924106074	3년	0.3941127170214049	불리(<1)	3년	8.159836431248424	3.252185164500249	매우 불리	N	주당순현금<=0 / 주당FCF<=0	제외	하드필터 미통과	204757766.0	주당순현금 음수(린치식); 주당순현금 음수(보수형); 단기위험부채 존재; 주당FCF 음수; 배당감안점수<1; PER>연성장률의 2배; fs=2025:CFS,2024:CFS,2022:CFS,2020:CFS
69	007660	이수페타시스	직접추가	메인	102900.0	230.0	2278.0	162780032068.0	175712986992.0	105628209085.0							판정불가	일반	일반	3172.1466751335415	3172.1466751335415	43.77868890468238	43.77868890468238	N	N	94.53458582408199	12.033069515911986		197.56917164816397	32.56613903182397		450062.57301451755	74185.66471449501		337.3785937944777	-27.90508774101553		3년	32.56613903182397	74185.66471449501	-27.90508774101553	0.22351797862001943	2.1644801654296932	0.2799669839637681		185.87558603504556	0.1806371098494126	3년	0.2799669839637681	불리(<1)	3년	12.033069515911986	3.6381979549599897	매우 불리	Y	통과	제외	배당감안점수<1	73409219.0	1년 점수 과열 가능; 배당감안점수<1; PER>연성장률의 2배; fs=2025:CFS,2024:CFS,2022:CFS,2020:CFS
70	028260	삼성물산	직접추가	메인	369000.0	2800.0	14955.0	3458217651048.0	2068618122746.0	1611322967337.0	981336899188.0						판정불가	일반	일반	23035.606644979205	17262.240061011005	23.133693972251475	23.519743225609428	N	N	9.328167263688858	6.272963576271873	18.957826688295864	27.156334527377716	21.045927152543747	46.41565337659173	406122.9828569337	314741.84056629176	694146.0962469293	10.060428958518619	-14.704108247617409	88.1154732376502	3년	21.045927152543747	314741.84056629176	-14.704108247617409	0.7588075880758808	0.4360295793600415	0.30396231456948725	0.8522907884932497	6578.623290328812	1.7828247399265074	3년	0.30396231456948725	불리(<1)	3년	6.272963576271873	3.687841271668951	매우 불리	Y	통과	제외	배당감안점수<1	169976544.0	단기위험부채 존재; 배당감안점수<1; PER>연성장률의 2배; fs=2025:CFS,2024:CFS,2022:CFS,2020:CFS
71	307950	현대오토에버	직접추가	메인	451000.0	1900.0	6654.0	301124937000.0	503550000000.0	137177596000.0							판정불가	일반	일반	24339.913182556786	24339.913182556786	64.12084262360132	64.12084262360132	N	N	6.840077071290951	17.005273141647017	18.824559086735636	22.1801541425819	42.51054628329403	46.14911817347127	147586.74566473998	282865.1749690385	307076.2323262778	-67.27566614972507	-37.280449009082375	-31.91214360836412	3년	42.51054628329403	282865.1749690385	-37.280449009082375	0.42128603104212864	0.11324497316665562	0.2717768273100462	0.300149597701853	6801.802196340414	1.5081601322262561	3년	0.2717768273100462	불리(<1)	3년	17.005273141647017	3.7706446753016403	매우 불리	Y	통과	제외	배당감안점수<1	27423982.0	배당감안점수<1; PER>연성장률의 2배; fs=2025:CFS,2024:CFS,2022:CFS,2020:CFS
72	175330	JB금융지주	직접추가	메인	27900.0	1140.0	3619.0		3918901000000.0	14183144000000.0							판정불가	일반	일반	-54055.16269326126	-54055.16269326126	22.64580345213077	22.64580345213077	Y	Y	5.2340796743239215			18.968159348647845			68645.76868275655			146.04218165862562			1년	18.968159348647845	68645.76868275655	146.04218165862562	4.086021505376344	0.41155974878088625					1년	0.41155974878088625	불리(<1)	1년	5.2340796743239215	4.326606559548771	매우 불리	N	주당순현금<=0 / 주당FCF<=0	제외	하드필터 미통과	189884601.0	주당순현금 음수(린치식); 주당순현금 음수(보수형); 배당감안점수<1; PER>연성장률의 2배; fs=2025:CFS,2024:CFS,2022:NA,2020:NA
73	280360	롯데웰푸드	직접추가	메인	123200.0	3300.0	8176.0	465769787384.0	60447985569.0	1114724963974.0							판정불가	일반	일반	-63249.23537832038	-63249.23537832038	22.804456381888503	22.804456381888503	Y	Y	-14.575279490126425		5.046315298946524			18.59263059789305			152013.34776837355			23.387457604199312	5년	18.59263059789305	152013.34776837355	23.387457604199312	2.6785714285714284	-0.5216834754720777		0.338744611937039	-12931.762180407184	-10.496560211369466	5년	0.338744611937039	불리(<1)	5년	5.046315298946524	4.519031219997132	매우 불리	N	주당순현금<=0 / 주당FCF<=0	제외	하드필터 미통과	9304574.0	주당순현금 음수(린치식); 주당순현금 음수(보수형); 주당FCF 음수; 배당감안점수<1; PER>연성장률의 2배; fs=2025:CFS,2024:CFS,2022:CFS,2020:CFS
74	007070	GS리테일	직접추가	메인	27250.0	600.0	585.0	294440001357.0	139922954133.0	2214168472527.0							판정불가	일반	일반	-21287.651544267934	-21287.651544267934	82.97034452011613	82.97034452011613	Y	Y	-345.7983193277311	17.566734386037865	-23.182279339928648		43.63346877207573			25525.579231664302			-6.3281496085713655		3년	43.63346877207573	25525.579231664302	-6.3281496085713655	2.2018348623853212	-4.141196308785254	0.23826066244223326	-0.2528667875117311	8424.851248528614	30.916885315701336	3년	0.23826066244223326	불리(<1)	3년	17.566734386037865	4.723151309560495	매우 불리	N	주당순현금<=0	제외	하드필터 미통과	83607415.0	주당순현금 음수(린치식); 주당순현금 음수(보수형); 배당감안점수<1; PER>연성장률의 2배; fs=2025:CFS,2024:CFS,2022:CFS,2020:CFS
75	047810	한국항공우주	우주항공/방산	메인	140000.0	500.0	1907.0	60938581663.0	200000.0	1487227060504.0	492840000000.0						판정불가	일반	일반	-14632.333554052933	-19688.393661788952	81.0866982454394	83.73801450539536	Y	Y	8.045325779036826	16.21391673368946	20.01192023737235	24.590651558073652	40.92783346737892	48.5238404747447	46894.372521246456	78049.3784222916	92534.96378533814	-66.50401962768112	-44.25044398407743	-33.90359729618704	3년	40.92783346737892	78049.3784222916	-44.25044398407743	0.35714285714285715	0.10362326766279781	0.2043622437390874	0.2512010420360264	-11214.27678311756	-8.01019770222683	3년	0.2043622437390874	불리(<1)	3년	16.21391673368946	5.001055548592805	매우 불리	N	주당순현금<=0 / 주당FCF<=0	제외	하드필터 미통과	97475107.0	주당순현금 음수(린치식); 주당순현금 음수(보수형); 단기위험부채 존재; 주당FCF 음수; 배당감안점수<1; PER>연성장률의 2배; fs=2025:CFS,2024:CFS,2022:CFS,2020:CFS
76	068270	셀트리온	헬스케어	메인	195500.0	750.0	4668.0	1119206211717.0									판정불가	일반	일반	4845.86731932615	4845.86731932615	40.84278763510579	40.84278763510579	N	N	127.9296875	6.22945826601542	3.8046169226709114	264.359375	20.95891653203084	16.109233845341823	1234029.5625	97836.22237151997	75197.90359005563	531.2171675191815	-49.955896485156025	-61.53559918667231	3년	20.95891653203084	97836.22237151997	-49.955896485156025	0.3836317135549872	3.1416396050122994	0.16191573500448891	0.10254561156902899	1360.9075488767974	0.6961163932873644	3년	0.16191573500448891	불리(<1)	3년	6.22945826601542	6.556394776400079	매우 불리	Y	통과	제외	배당감안점수<1	230960969.0	1년 점수 과열 가능; 배당감안점수<1; PER>연성장률의 2배; fs=2025:CFS,2024:CFS,2022:CFS,2020:CFS
77	272210	한화시스템	우주항공/방산	메인	79900.0	500.0	1243.0	325483658125.0	164123075536.0	1615285782454.0	1474436243190.0						판정불가	일반	일반	-5958.515188681878	-13763.093908709392	69.07362444785348	75.35244884047417	Y	Y	-52.02624469316866		7.897266078384502			24.294532156769			30198.10347086387			-62.20512707025798	5년	24.294532156769	30198.10347086387	-62.20512707025798	0.6257822277847309	-0.7441402253936776		0.12339077866984718	-1268.1431386537038	-1.5871628769132715	5년	0.12339077866984718	불리(<1)	5년	7.897266078384502	8.746523640239745	매우 불리	N	주당순현금<=0 / 주당FCF<=0	제외	하드필터 미통과	188919389.0	주당순현금 음수(린치식); 주당순현금 음수(보수형); 단기위험부채 존재; 주당FCF 음수; 배당감안점수<1; PER>연성장률의 2배; fs=2025:CFS,2024:CFS,2022:CFS,2020:CFS
78	450080	에코프로머티	직접추가	메인	37250.0		345.0	45037598354.0	777438041.0								판정불가	일반	일반	649.3175374808915	649.3175374808915	106.08893467396842	106.08893467396842	N	N	-155.8252427184466	5.476875138059767			19.453750276119536			6711.54384526124			-81.98243263017116		3년	19.453750276119536	6711.54384526124	-81.98243263017116		-1.4688171127113996	0.05162531940669638		-2943.2049268330334	-7.90122128008868	3년	0.05162531940669638	불리(<1)	3년	5.476875138059767	19.370340203072697	매우 불리	N	주당FCF<=0	제외	하드필터 미통과	70558754.0	주당FCF 음수; 배당감안점수<1; PER>연성장률의 2배; fs=2025:OFS,2024:OFS,2022:OFS,2020:NA
79	282330	BGF리테일	필수소비재	메인	143200.0	4100.0	11303.0	414042445266.0	56154402761.0		0.0						판정불가	일반	일반	27204.316433276137	27204.316433276137	10.262380214697325	10.262380214697325	N	N	0.017697548889472614	0.2966584171548048	9.736317603940137	8.535395097778945	9.09331683430961	27.972635207880273	96475.57079019542	102781.76017820151	316174.6957546707	-32.628791347628905	-28.225027808518497	120.792385303541	3년	9.09331683430961	102781.76017820151	-28.225027808518497	2.863128491620112	0.2807171416611317	0.3079000039629803	1.22773136757454	30299.629909466068	21.158959433984684	3년	0.3079000039629803	불리(<1)	3년	0.2966584171548048	34.59325480504443	매우 불리	Y	통과	제외	배당감안점수<1	17283906.0	배당감안점수<1; PER>연성장률의 2배; fs=2025:CFS,2024:CFS,2022:CFS,2020:CFS
80	024110	IBK기업은행	금융/은행	보정필요	20450.0	1048.0	3183.0			203390126000000.0							판정불가	금융보정	보정보류	-255058.34950533815	-255058.34950533815	86.55618897434437	86.55618897434437	Y	Y	2.4790727623953623			13.458145524790725			42837.27720540888			109.47323816825856			1년	13.458145524790725	42837.27720540888	109.47323816825856	5.124694376528118	0.0878477579595986					1년	0.0878477579595986	불리(<1)	1년	2.4790727623953623	34.914743240819966	매우 불리	N	주당순현금<=0 / 주당FCF<=0	제외	하드필터 미통과	797425869.0	린치식 단독판정 비중 낮춤; 주당순현금 음수(린치식); 주당순현금 음수(보수형); 배당감안점수<1; PER>연성장률의 2배; fs=2025:CFS,2024:CFS,2022:NA,2020:NA
81	204320	HL만도	직접추가	메인	53200.0	750.0	2130.0	799652317531.0		965892545521.0	659326263869.0						판정불가	일반	일반	-3540.256046154449	-17581.28462433386	26.63861786204434	33.2306500583727	Y	Y	-23.021322732200943	0.5378148348890388	76.60035963530261		9.575629669778078	161.70071927060522		20396.091196627305	344422.5320463891		-61.661482713106565	547.4107745232878	3년	9.575629669778078	20396.091196627305	-61.661482713106565	1.4097744360902256	-0.81128639661533	0.07311149854190668	2.9284602705512164	6770.8428804833	12.72714827158515	3년	0.07311149854190668	불리(<1)	3년	0.5378148348890388	49.53120690235401	매우 불리	N	주당순현금<=0	제외	하드필터 미통과	46957120.0	주당순현금 음수(린치식); 주당순현금 음수(보수형); 단기위험부채 존재; 배당감안점수<1; PER>연성장률의 2배; fs=2025:CFS,2024:CFS,2022:CFS,2020:CFS
82	192080	더블유게임즈	직접추가	메인	58800.0	1200.0	6651.0	569919505893.0	290204328298.0	53240025218.0							판정불가	일반	일반	37536.62715928326	37536.62715928326	3.197018920570852	3.197018920570852	N	N	-29.55195424213537		0.05119867759955099			8.602397355199102			57214.54480942923			-2.696352364916277	5년	8.602397355199102	57214.54480942923	-2.696352364916277	2.0408163265306123	-8.605247137759333		0.6543642862634726	10978.50357230814	18.67092444270092	5년	0.6543642862634726	불리(<1)	5년	0.05119867759955099	62.44338858859295	매우 불리	Y	통과	제외	배당감안점수<1	21495906.0	배당감안점수<1; PER>연성장률의 2배; fs=2025:CFS,2024:CFS,2022:CFS,2020:CFS
83	003030	세아제강지주	직접추가	메인	99600.0	1800.0	15656.0	657858846224.0	16603582224.0	0.0							판정불가	일반	일반	162848.45134399107	162848.45134399107	-4.039885752682107	-4.039885752682107	N	N	47.712048306444	-38.977007618002915	29.936065767104946	103.924096612888		68.3721315342099	1627035.6565713745		1070434.0912995902	1533.5699363166414		974.7330233931627	3년				1.8072289156626504	-12.25759347011991	9.200700459824391	-7.857473360897153	-147158.44666591173	-147.74944444368649	3년	9.200700459824391	안심(>=2)	3년	-38.977007618002915		판정불가	N	주당FCF<=0 / 순현금차감PER<=0	제외	하드필터 미통과	4141657.0	주당FCF 음수; fs=2025:CFS,2024:CFS,2022:CFS,2020:CFS
84	006360	GS건설	직접추가	메인	34150.0	500.0	1073.0	3015810000000.0	301590000000.0								판정불가	일반	일반	38763.054954990854	38763.054954990854	-4.299212446403405	-4.299212446403405	N	N	-62.91047355686139	-35.490770024369326	-22.823533314849886										3년				1.4641288433382138	14.292465301389651	7.914621946514135	4.96821330366689	3464.721168093708	10.14559639266093	3년	7.914621946514135	안심(>=2)	3년	-35.490770024369326		판정불가	N	순현금차감PER<=0	제외	하드필터 미통과	85581490.0	fs=2025:CFS,2024:CFS,2022:CFS,2020:CFS
85	285130	SK케미칼	직접추가	메인	47950.0	1150.0	2306.0	567555999965.0	950748039267.0	341978345417.0	477883213809.0						판정불가	일반	일반	68000.55528903044	40375.277635757375	-8.694950255433842	3.2847885360982763	N	N	92.16666666666666	-38.59552986089414	-34.69934418185778	192.83333333333331			444673.6666666666			827.369482099409			3년				2.398331595411887	-10.875852705768027	4.163013841610088	3.714916317808676	-13324.604357906223	-27.788538806895147	3년	4.163013841610088	안심(>=2)	3년	-38.59552986089414		판정불가	N	주당FCF<=0 / 순현금차감PER<=0	제외	하드필터 미통과	17298766.0	단기위험부채 존재; 주당FCF 음수; fs=2025:CFS,2024:CFS,2022:CFS,2020:CFS
86	009240	한샘	직접추가	메인	39900.0	8530.0	2808.0	98241927402.0	251054722982.0	161476119968.0	96981921492.0						판정불가	일반	일반	7980.840700116019	3859.9000100620688	11.367221972893155	12.83479344371009	N	N	-69.38174681059863		-5.701809832138416										5년				21.37844611528822	-4.222957975992857		1.3791088377206933	2308.508445254018	5.785735451764457	5년	1.3791088377206933	보통(1~1.5)	5년	-5.701809832138416		판정불가	Y	통과	보류	배당감안점수 또는 린치PER배수 미산출	23533928.0	단기위험부채 존재; fs=2025:CFS,2024:CFS,2022:CFS,2020:CFS
87	300720	한일시멘트	직접추가	메인	15040.0	1000.0	1061.0	129285266021.0		337958155586.0	209542035372.0						판정불가	일반	일반	-2837.341716779947	-5686.501277561126	16.849520939472146	19.534873965656104	Y	Y	-60.067745577719236	-2.308290966967641	-43.43181980026135		3.883418066064718			4120.306568094666			-72.60434462703014		3년	3.883418066064718	4120.306568094666	-72.60434462703014	6.648936170212766	-3.1703458869484007	0.2576123807221492	-2.1830225180990164	83.57535581957487	0.5556872062471734	3년	0.2576123807221492	불리(<1)	3년	-2.308290966967641		판정불가	N	주당순현금<=0	제외	하드필터 미통과	73545209.0	주당순현금 음수(린치식); 주당순현금 음수(보수형); 단기위험부채 존재; 배당감안점수<1; fs=2025:CFS,2024:CFS,2022:CFS,2020:CFS
88	383220	F&F	직접추가	메인	64900.0	2700.0	10611.0	325383761882.0	16380800000.0	136145710441.0	186267116479.0						판정불가	일반	일반	5367.64687570116	505.17391270411537	5.6104375765054035	6.068685900225793	N	N	11.64772727272727	-2.8457492223840752		31.79545454545454	2.8085015552318495		337381.5681818181	29801.010002565155		419.8483330998738	-54.08164868634029		3년	2.8085015552318495	29801.010002565155	-54.08164868634029	4.160246533127889	2.8176008716420897	0.23429497126008136		8579.832305807739	13.220080594464928	3년	0.23429497126008136	불리(<1)	3년	-2.8457492223840752		판정불가	Y	통과	보류	배당감안점수 또는 린치PER배수 미산출	38307075.0	단기위험부채 존재; 1년 점수 과열 가능; 배당감안점수<1; fs=2025:CFS,2024:CFS,2022:CFS,2020:NA
89	000880	한화	직접추가	메인	83800.0	1100.0	4122.0	14684582000000.0	103264989000000.0	60168760000000.0							판정불가	일반	일반	770834.9267100092	770834.9267100092	-166.67513991023998	-166.67513991023998	N	N	-50.52808449351897	-33.7392629586393	7.803689278908865			24.107378557817732			99370.61441532469			18.58068545981466	3년				1.3126491646778042	0.2952776002188766	0.19454979195712263	-0.054695249984467495	29660.332448246358	35.39419146568778	3년	0.19454979195712263	불리(<1)	3년	-33.7392629586393		판정불가	N	순현금차감PER<=0	제외	하드필터 미통과	74958735.0	배당감안점수<1; fs=2025:CFS,2024:CFS,2022:CFS,2020:CFS
90	268280	미원에스씨	직접추가	메인	130500.0	3200.0	12662.0	58959811112.0			34836825379.0						판정불가	일반	일반	11791.9622224	4824.5971466	9.375141192355077	9.925399056499762	N	N	13.418129702615555	-0.7008484463701614	13.343223272870098	35.33625940523111	7.098303107259677	35.186446545740196	447427.71658903634	89878.71394412204	445530.7861621624	242.85648780769068	-31.127422265040583	241.40290127368766	3년	7.098303107259677	89878.71394412204	-31.127422265040583	2.452107279693487	1.6927997836715638	0.18679812894459474	1.6848098848307294	6279.6343486	4.811980343754789	3년	0.18679812894459474	불리(<1)	3년	-0.7008484463701614		판정불가	Y	통과	보류	배당감안점수 또는 린치PER배수 미산출	5000000.0	단기위험부채 존재; 1년 점수 과열 가능; 배당감안점수<1; fs=2025:CFS,2024:CFS,2022:CFS,2020:CFS
91	271560	오리온	필수소비재	메인	125100.0	3500.0	9682.0	311390944459.0	31192701875.0	22097727513.0							판정불가	일반	일반	8106.152590268567	8106.152590268567	12.083644640542392	12.083644640542392	N	N	-27.04393037450079	-0.8262042047842644	7.4207333275822185		6.847591590431471	23.34146665516444		66298.38177855751	225992.0801553021		-47.003691623854905	80.64914480839495	3년	6.847591590431471	66298.38177855751	-47.003691623854905	2.7977617905675456	-2.006527774127336	0.16315918288166284	0.845646774803789	9890.016867456836	7.905688942811221	3년	0.16315918288166284	불리(<1)	3년	-0.8262042047842644		판정불가	Y	통과	보류	배당감안점수 또는 린치PER배수 미산출	39536132.0	배당감안점수<1; fs=2025:CFS,2024:CFS,2022:CFS,2020:CFS
92	088350	한화생명	직접추가	메인	5520.0	150.0	693.0	3103115000000.0	104518986000000.0								판정불가	일반	일반	123912.9344985205	123912.9344985205	-170.8411753225404	-170.8411753225404	N	N	-25.96153846153846												1년				2.717391304347826	0.1360570548247911					1년	0.1360570548247911	불리(<1)	1년	-25.96153846153846		판정불가	N	주당FCF<=0 / 순현금차감PER<=0	제외	하드필터 미통과	868530000.0	배당감안점수<1; fs=2025:CFS,2024:CFS,2022:NA,2020:NA
93	000810	삼성화재해상보험	직접추가	메인	626000.0	19500.0	47478.0		11734007737216.0								판정불가	일반	일반	255025.28109142228	255025.28109142228	7.8136130188419415	7.8136130188419415	N	N	-2.667131347506102			3.165737304987796			150302.87576621058			-75.98995594788968			1년	3.165737304987796	150302.87576621058	-75.98995594788968	3.1150159744408943	0.05732106592107289			72732.0784920961	11.618542890111199	1년	0.05732106592107289	불리(<1)	1년	-2.667131347506102		판정불가	Y	통과	보류	배당감안점수 또는 린치PER배수 미산출	46011155.0	배당감안점수<1; fs=2025:CFS,2024:CFS,2022:NA,2020:NA
94	298020	효성티앤씨	직접추가	메인	322500.0	10100.0	2517.0	78332153321.0		1022720440533.0							판정불가	일반	일반	-218220.35149809992	-218220.35149809992	214.8273148582042	214.8273148582042	Y	Y	-91.92622293504411	-2.1428862261368864	-39.74816600029081		4.214227547726227			10607.210737626914			-96.71094240693739		3년	4.214227547726227	10607.210737626914	-96.71094240693739	3.131782945736434	-0.41332937595908625	0.004603216868638256	-0.170445658079946	-681.4700322251034	-0.21130853712406308	3년	0.004603216868638256	불리(<1)	3년	-2.1428862261368864		판정불가	N	주당순현금<=0 / 주당FCF<=0	제외	하드필터 미통과	4327682.0	주당순현금 음수(린치식); 주당순현금 음수(보수형); 주당FCF 음수; 배당감안점수<1; fs=2025:CFS,2024:CFS,2022:CFS,2020:CFS
95	241560	두산밥캣	직접추가	메인	64300.0	1700.0	2.95	1389744000.0	5896000.0	976095000.0	54294000.0						판정불가	일반	일반	4.376822687223808	3.810410953130613	21795.12650078399	21795.31850476165	N	N	-28.743961352657	-92.28374718011123	-73.96450801980052										3년				2.6438569206842923	-0.0011975202085215638	-0.004112841017747822	-0.0032723210437228143	6.059063659665145	0.009423116111454346	3년	-0.004112841017747822	불리(<1)	3년	-92.28374718011123		판정불가	Y	통과	보류	배당감안점수 또는 린치PER배수 미산출	95856065.0	단기위험부채 존재; 1년 점수 과열 가능; 배당감안점수<1; fs=2025:CFS,2024:CFS,2022:CFS,2020:CFS
96	005830	DB손해보험	직접추가	메인	182000.0	7600.0	29597.0	1713419000000.0	38577437000000.0								판정불가	일반	일반	580693.762250663	580693.762250663	-13.470749138448593	-13.470749138448593	N	N	-4.024255788313125			0.4514884233737497			13362.70286659287			-92.65785556780611			1년	0.4514884233737497	13362.70286659287	-92.65785556780611	4.175824175824175	-0.01125166729431842					1년	-0.01125166729431842	불리(<1)	1년	-4.024255788313125		판정불가	N	주당FCF<=0 / 순현금차감PER<=0	제외	하드필터 미통과	69384000.0	배당감안점수<1; fs=2025:CFS,2024:CFS,2022:NA,2020:NA
97	003670	포스코퓨처엠	2차전지	메인	160400.0	250.0	51.0	319841457995.0	455490703002.0	75416813902.0	2985898850806.0						판정불가	일반	일반	7868.972364368042	-25700.738083203534	2990.8044634437642	3649.034080062814	N	Y	-101.85319767441861	-67.79595834778358	-36.26680545246004										3년				0.15586034912718205	-0.03400333875662067	-0.02261602148365532	-0.012073990641886658	-17346.109652439416	-10.81428282571036	3년	-0.02261602148365532	불리(<1)	3년	-67.79595834778358		판정불가	N	주당FCF<=0	제외	하드필터 미통과	88946220.0	주당순현금 음수(보수형); 단기위험부채 존재; 주당FCF 음수; 1년 점수 과열 가능; 배당감안점수<1; fs=2025:CFS,2024:CFS,2022:CFS,2020:CFS
98	014680	한솔케미칼	직접추가	메인	210500.0	2600.0	13428.0	112551479633.0	97254225348.0	138153315888.0	52809626645.0						판정불가	일반	일반	6321.231270657452	1662.3236254868134	15.205448967034744	15.552403662087666	N	N	22.295081967213104	-1.612254890420728	3.943248256290177	53.09016393442621	5.275490219158544	16.386496512580354	712894.7213114752	70839.28266286093	220037.875170929	238.66732603870554	-66.34713412690691	4.531057088327328	3년	5.275490219158544	70839.28266286093	-66.34713412690691	1.2351543942992875	1.5474871154758862	-0.024800352619576728	0.34056229854285713	10281.03332708436	4.884101343032951	3년	-0.024800352619576728	불리(<1)	3년	-1.612254890420728		판정불가	Y	통과	보류	배당감안점수 또는 린치PER배수 미산출	11335195.0	단기위험부채 존재; 1년 점수 과열 가능; 배당감안점수<1; fs=2025:CFS,2024:CFS,2022:CFS,2020:CFS
99	026960	동서	직접추가	메인	25800.0	1140.0	1468.0	38923278454.0	723123250000.0	100000000.0	1896791452.0						판정불가	일반	일반	7642.392461925778	7623.367472437312	12.368942464628217	12.381902266732077	N	N	-7.90464240903388	-4.791896569068244	4.358606974752632			17.217213949505265			25274.87007787373			-2.0353872950630625	3년				4.4186046511627906	-0.2818379799113951	-0.03017977640149637	0.7096169822938252	1043.7561603209629	4.0455665128719485	3년	-0.03017977640149637	불리(<1)	3년	-4.791896569068244		판정불가	Y	통과	보류	배당감안점수 또는 린치PER배수 미산출	99700000.0	단기위험부채 존재; 배당감안점수<1; fs=2025:CFS,2024:CFS,2022:CFS,2020:CFS
100	457190	이수스페셜티케미컬	직접추가	메인	64600.0		26.0	26339571000.0	550236000.0	1431768000.0							판정불가	일반	일반	842.7503651316791	842.7503651316791	2452.201909033397	2452.201909033397	N	N	-92.73743016759776												1년					-0.03781802380381996			-1474.6892904859199	-2.28280075926613	1년	-0.03781802380381996	불리(<1)	1년	-92.73743016759776		판정불가	N	주당FCF<=0	제외	하드필터 미통과	30208280.0	주당FCF 음수; 배당감안점수<1; fs=2025:CFS,2024:OFS,2022:NA,2020:NA
101	034020	두산에너빌리티	전력/에너지설비	메인	77900.0		132.0	3080997000000.0	107870000000.0	3096393000000.0	1883572000000.0						판정불가	일반	일반	144.364047956165	-2796.1389965416356	589.0578481215442	611.3343863374366	N	Y	-24.13793103448276												1년					-0.04097718265100208			83.81713492188614	0.10759580862886539	1년	-0.04097718265100208	불리(<1)	1년	-24.13793103448276		판정불가	Y	통과	보류	배당감안점수 또는 린치PER배수 미산출	640561146.0	주당순현금 음수(보수형); 단기위험부채 존재; 배당감안점수<1; fs=2025:CFS,2024:CFS,2022:CFS,2020:CFS
102	009150	삼성전기	직접추가	메인	1440000.0	2350.0	9395.0	2701205916236.0		249136193271.0	2003354614634.0						판정불가	일반	일반	32828.335646491505	6007.402663954398	149.77878279441282	152.63359205279892	N	N	4.528259902091669	-10.207342192334501	3.285033400534343	17.55651980418334		15.070066801068686	164943.50356030246		141583.2775960403	-88.54559003053456		-90.16782794471942	3년				0.16319444444444445	0.031322556232651656	-0.06705988365305858	0.023022138253799566			3년	-0.06705988365305858	불리(<1)	3년	-10.207342192334501		판정불가	N	주당FCF<=0	제외	하드필터 미통과	74693696.0	단기위험부채 존재; 1년 점수 과열 가능; 배당감안점수<1; fs=2025:CFS,2024:CFS,2022:CFS,2020:CFS
103	000720	현대건설	직접추가	메인	110100.0	800.0	3319.0	4812659000000.0	700784000000.0	579678000000.0	1194728000000.0						판정불가	일반	일반	44306.32756193628	33577.399427860786	19.82334210245969	23.05592063035228	N	N	-321.1192538307795	-3.003815607902416	24.7843511038494		2.4923687841951683	58.0687022076988		8272.171994743763	192730.0226273523		-92.48667393756243	75.0499751383763	3년	2.4923687841951683	8272.171994743763	-92.48667393756243	0.7266121707538601	-16.162392799560834	-0.11487484932553321	1.2869153517477685	-7760.002367187725	-7.048140206346708	3년	-0.11487484932553321	불리(<1)	3년	-3.003815607902416		판정불가	N	주당FCF<=0	제외	하드필터 미통과	111355765.0	단기위험부채 존재; 주당FCF 음수; 배당감안점수<1; fs=2025:CFS,2024:CFS,2022:CFS,2020:CFS
104	032640	LG유플러스	통신	보정필요	14930.0	660.0	1221.0	794318000000.0	96103000000.0	6032435000000.0	0.0						판정불가	통신보정	보정주의	-11962.94739559469	-11962.94739559469	22.025345942337992	22.025345942337992	Y	Y	40.18369690011481	-7.505357255026945	16.093370483592317	88.86739380022962		40.68674096718463	108507.08783008037		49678.510720932434	626.7721890829228		232.7428715400699	3년				4.420629604822505	2.025136250831689	-0.1400535391489518	0.9313815157373759	2279.814694868141	15.270024747944683	3년	-0.1400535391489518	불리(<1)	3년	-7.505357255026945		판정불가	N	주당순현금<=0	제외	하드필터 미통과	429828355.0	린치식 단독판정 비중 낮춤; 주당순현금 음수(린치식); 주당순현금 음수(보수형); 1년 점수 과열 가능; 배당감안점수<1; fs=2025:CFS,2024:CFS,2022:CFS,2020:CFS
105	001040	CJ	직접추가	메인	126900.0	3300.0	4321.0	2587324564000.0	1114436500000.0	6845375033000.0	4564809586000.0						판정불가	일반	일반	-107742.88598847626	-264195.22512220073	54.30291274901094	90.51035064156463	Y	Y	44.370197126628796	-10.479231651272991	10.856012353166022	97.24039425325759		30.212024706332045	420175.74356832606		130546.15875606076	231.1077569490355		2.87325355087531	3년				2.6004728132387704	0.8649751470416855	-0.1450890650092747	0.24780411372408168	55371.62013720534	43.63405842175362	3년	-0.1450890650092747	불리(<1)	3년	-10.479231651272991		판정불가	N	주당순현금<=0	제외	하드필터 미통과	29176998.0	주당순현금 음수(린치식); 주당순현금 음수(보수형); 단기위험부채 존재; 1년 점수 과열 가능; 배당감안점수<1; fs=2025:CFS,2024:CFS,2022:CFS,2020:CFS
106	377300	카카오페이	직접추가	메인	42850.0		335.0	1631491473258.0	2303511051026.0	95911725899.0	38914909706.0						판정불가	일반	일반	28407.16665292835	28119.217661003742	43.11293536439298	43.97248459401868	N	N	-428.4313725490196	-6.283340638970736											3년					-9.937420612349712	-0.14574142507030857		721.2173895844579	1.6831210958797151	3년	-0.14574142507030857	불리(<1)	3년	-6.283340638970736		판정불가	Y	통과	보류	배당감안점수 또는 린치PER배수 미산출	135145150.0	단기위험부채 존재; 배당감안점수<1; fs=2025:CFS,2024:CFS,2022:CFS,2020:NA
107	005930	삼성전자	반도체	메인	268500.0	1668.0	6605.0	57856378000000.0	67965021000000.0	6486651000000.0	17574980000000.0						판정불가	일반	일반	20159.129590764183	17190.201384077154	37.59892057672003	38.04841765570369	N	N	33.43434343434344	-6.409201466872028	11.451444833603809	75.36868686868688		31.402889667207617	497810.17676767684		207416.08625190632	85.40416266952582		-22.750060986254628	3년				0.6212290502793296	0.9057593133593527	-0.15393985592704523	0.3210909701316831	5602.031650745953	2.086417747018977	3년	-0.15393985592704523	불리(<1)	3년	-6.409201466872028		판정불가	Y	통과	보류	배당감안점수 또는 린치PER배수 미산출	5919637922.0	단기위험부채 존재; 1년 점수 과열 가능; 배당감안점수<1; fs=2025:CFS,2024:CFS,2022:CFS,2020:CFS
108	004170	신세계	직접추가	메인	424500.0	5200.0	1590.0	845128179533.0	3188808721.0	2404267280398.0	2154639015848.0						판정불가	일반	일반	-161318.93140667863	-384709.14210858254	368.43957950105573	508.9365673638884	Y	Y	-86.49796195652173	-66.22887992742359											3년				1.2249705535924618	-0.23144362372361502	-0.1764303103967821		50780.68871201069	11.962470839107347	3년	-0.1764303103967821	불리(<1)	3년	-66.22887992742359		판정불가	N	주당순현금<=0	제외	하드필터 미통과	9645181.0	주당순현금 음수(린치식); 주당순현금 음수(보수형); 단기위험부채 존재; 1년 점수 과열 가능; 배당감안점수<1; fs=2025:CFS,2024:CFS,2022:CFS,2020:CFS
109	161890	한국콜마	직접추가	메인	129700.0	864.0	5299.0	225316644282.0	284826044.0	476529423888.0	829915405830.0						판정불가	일반	일반	-10630.253549352963	-45788.59706291151	26.482403009879782	33.11730459764324	Y	Y	38.35509138381201		-5.429179724160593	85.21018276762402			451528.7584856397			248.13319852400903			5년				0.6661526599845798	1.4734782198291805		-0.17985630165053648	4731.724715873624	3.6482071826319378	5년	-0.17985630165053648	불리(<1)	5년	-5.429179724160593		판정불가	N	주당순현금<=0	제외	하드필터 미통과	23605077.0	주당순현금 음수(린치식); 주당순현금 음수(보수형); 단기위험부채 존재; 배당감안점수<1; fs=2025:CFS,2024:CFS,2022:CFS,2020:CFS
110	008730	율촌화학	직접추가	메인	15630.0	250.0	168.0	23775188232.0	161779800.0	131712944797.0	113904302896.0						판정불가	일반	일반	-4345.805514717742	-8938.72095407258	118.90360425427228	146.24238663138442	Y	Y	-82.87461773700306		-27.064834063200415										5년				1.599488163787588	-0.6835379808959425		-0.21416798976888746	-316.2289210887097	-2.0232176653148413	5년	-0.21416798976888746	불리(<1)	5년	-27.064834063200415		판정불가	N	주당순현금<=0 / 주당FCF<=0	제외	하드필터 미통과	24800000.0	주당순현금 음수(린치식); 주당순현금 음수(보수형); 단기위험부채 존재; 주당FCF 음수; 배당감안점수<1; fs=2025:CFS,2024:CFS,2022:CFS,2020:CFS
111	103140	풍산	직접추가	메인	80400.0	1700.0	5388.0	239069532140.0	18564061989.0	421550501295.0	535368466545.0						판정불가	일반	일반	-5849.103665257674	-24952.841736404414	16.00762874262392	19.553237144841205	Y	Y	-37.65332099051145	-5.551366378147627	15.984603902585516			40.46920780517103			218048.09165426152			171.20409409734017	3년				2.1144278606965177	-2.2201222742744293	-0.2147062861533942	1.1306503951512372			3년	-0.2147062861533942	불리(<1)	3년	-5.551366378147627		판정불가	N	주당순현금<=0 / 주당FCF<=0	제외	하드필터 미통과	28024278.0	주당순현금 음수(린치식); 주당순현금 음수(보수형); 단기위험부채 존재; 배당감안점수<1; fs=2025:CFS,2024:CFS,2022:CFS,2020:CFS
112	066570	LG전자	직접추가	메인	208000.0	1350.0	5380.0	8769841000000.0	226864000000.0								판정불가	일반	일반	55233.007286238106	55233.007286238106	28.395351805531952	28.395351805531952	N	N	157.90987535953977	-6.773782148657093	-13.211093618974335	324.31975071907954			1744840.258868648			738.8655090714653			3년				0.6490384615384616	5.583974268288092	-0.21569529157675077	-0.442398292631421	2290.6763841474362	1.1012867231478058	3년	-0.21569529157675077	불리(<1)	3년	-6.773782148657093		판정불가	Y	통과	보류	배당감안점수 또는 린치PER배수 미산출	162886387.0	1년 점수 과열 가능; 배당감안점수<1; fs=2025:CFS,2024:CFS,2022:CFS,2020:CFS
113	093370	후성	직접추가	메인	12970.0		50.0	67697035372.0	6532556311.0	163041804446.0	95387151720.0						판정불가	일반	일반	-828.0447485733343	-1717.3912427755338	275.9608949714667	293.74782485551066	Y	Y	-107.48502994011977	-63.71940165586019	-5.111991994525078										3년					-0.38949369964622454	-0.2309001123599361	-0.01852433474334702	3.33571650938	0.025718708630531995	3년	-0.2309001123599361	불리(<1)	3년	-63.71940165586019		판정불가	N	주당순현금<=0	제외	하드필터 미통과	107255330.0	주당순현금 음수(린치식); 주당순현금 음수(보수형); 단기위험부채 존재; 1년 점수 과열 가능; 배당감안점수<1; fs=2025:CFS,2024:CFS,2022:CFS,2020:CFS
114	016360	삼성증권	직접추가	메인	88800.0	4000.0	11279.0	3379830380886.0	70613319064436.0	4076142290150.0							판정불가	일반	일반	782945.2089045016	782945.2089045016	-61.543151778038975	-61.543151778038975	N	N	12.028208184346445			32.556416368692894			367203.82022248715			313.5178155658639			1년	32.556416368692894	367203.82022248715	313.5178155658639	4.504504504504505	-0.26863610671870847					1년	-0.26863610671870847	불리(<1)	1년	12.028208184346445		판정불가	N	주당FCF<=0 / 순현금차감PER<=0	제외	하드필터 미통과	89300000.0	배당감안점수<1; fs=2025:CFS,2024:CFS,2022:NA,2020:NA
115	001430	세아베스틸지주	철강	watchlist	43100.0	1200.0	1567.0	232872225511.0	13022996803.0	1004860666577.0	664568218048.0						판정불가	일반	일반	-21163.42997643279	-39694.63327894818	41.010484988151106	52.83639647667402	Y	Y	177.83687943262413	-15.225348963483798		364.17375886524826			570660.2801418441			1224.0377729509144			3년				2.784222737819025	4.404266426564544	-0.3033645232252022		-2464.44276371399	-5.717964648988376	3년	-0.3033645232252022	불리(<1)	3년	-15.225348963483798		판정불가	N	주당순현금<=0 / 주당FCF<=0	제외	하드필터 미통과	35862119.0	린치식 단독판정 비중 낮춤; 주당순현금 음수(린치식); 주당순현금 음수(보수형); 단기위험부채 존재; 주당FCF 음수; 1년 점수 과열 가능; 배당감안점수<1; fs=2025:CFS,2024:CFS,2022:CFS,2020:CFS
116	017670	SK텔레콤	통신	보정필요	99800.0	1660.0	1825.0	1490024000000.0	186643000000.0	8712284000000.0	130000000000.0						판정불가	통신보정	보정주의	-32755.78594880276	-33361.02812917505	72.633307369207	72.96494692009591	Y	Y	-68.42560553633218	-23.75836950489595	-38.33216341204368										3년				1.6633266533066133	-0.9191689226495218	-0.30419987264625875	-0.5048487820104812	7451.904674561442	7.46683835126397	3년	-0.30419987264625875	불리(<1)	3년	-23.75836950489595		판정불가	N	주당순현금<=0	제외	하드필터 미통과	214790053.0	린치식 단독판정 비중 낮춤; 주당순현금 음수(린치식); 주당순현금 음수(보수형); 단기위험부채 존재; 배당감안점수<1; fs=2025:CFS,2024:CFS,2022:CFS,2020:CFS
117	047050	포스코인터내셔널	에너지/상사	watchlist	51400.0	1850.0	3603.0	1171465925000.0	32399478000.0	3152207468000.0	2325933168000.0						판정불가	일반	일반	-11074.984015146463	-24296.313636184528	17.339712466041206	21.009246082760068	Y	Y	19.344153693275913	-8.992163844445855	13.250872999134566	47.18830738655183		35.00174599826913	170019.47151374622		126111.29083176368	230.77718193335838		145.35270589837293	3년				3.599221789883268	1.32316931599024	-0.31101680983028657	0.9717632182204717	5016.375456714567	9.759485324347407	3년	-0.31101680983028657	불리(<1)	3년	-8.992163844445855		판정불가	N	주당순현금<=0	제외	하드필터 미통과	175922788.0	린치식 단독판정 비중 낮춤; 주당순현금 음수(린치식); 주당순현금 음수(보수형); 단기위험부채 존재; 1년 점수 과열 가능; 배당감안점수<1; fs=2025:CFS,2024:CFS,2022:CFS,2020:CFS
118	029780	삼성카드	직접추가	메인	47950.0	2800.0	6053.0		29504306000000.0	18053189000000.0							판정불가	일반	일반	98836.75651616586	98836.75651616586	-8.406865441296192	-8.406865441296192	N	N	-2.8098908156711677			2.8802183686576646			17433.961785484844			-63.641372710146314			1년	2.8802183686576646	17433.961785484844	-63.641372710146314	5.839416058394161	-0.3603632369136496					1년	-0.3603632369136496	불리(<1)	1년	-2.8098908156711677		판정불가	N	주당FCF<=0 / 순현금차감PER<=0	제외	하드필터 미통과	115858891.0	배당감안점수<1; fs=2025:CFS,2024:CFS,2022:NA,2020:NA
119	032830	삼성생명	직접추가	메인	310500.0	5300.0	12824.0	4537833000000.0	132160246000000.0								판정불가	일반	일반	683490.395	683490.395	-29.085339597629446	-29.085339597629446	N	N	9.307875894988072			27.115751789976144			347732.4009546541			11.991111418568146			1년	27.115751789976144	347732.4009546541	11.991111418568146	1.706924315619968	-0.37870626105757366					1년	-0.37870626105757366	불리(<1)	1년	9.307875894988072		판정불가	N	주당FCF<=0 / 순현금차감PER<=0	제외	하드필터 미통과	200000000.0	배당감안점수<1; fs=2025:CFS,2024:CFS,2022:NA,2020:NA
120	138040	메리츠금융지주	직접추가	메인	117200.0	1350.0	12903.0		57255930460341.0								판정불가	일반	일반	326762.6475868441	326762.6475868441	-16.241389412295135	-16.241389412295135	N	N	5.253283302063783			19.006566604127563			245241.72889305794			109.2506219224044			1년	19.006566604127563	245241.72889305794	109.2506219224044	1.151877133105802	-0.3943726902035068					1년	-0.3943726902035068	불리(<1)	1년	5.253283302063783		판정불가	N	주당FCF<=0 / 순현금차감PER<=0	제외	하드필터 미통과	175221773.0	배당감안점수<1; fs=2025:CFS,2024:CFS,2022:NA,2020:NA
121	081660	미스토홀딩스	직접추가	메인	43500.0	1980.0	4061.0	625567094487.0	7474935386.0	1662319967352.0							판정불가	일반	일반	-19386.744506858304	-19386.744506858304	15.485531767263803	15.485531767263803	Y	Y	186.591390261115	-10.790250426997183	11.983680556282028	381.68278052223		32.467361112564056	1550013.7717007762		131849.95347812262	3463.2500498868417		203.10334132901752	3년				4.551724137931035	12.343335525817713	-0.4028616119114686	1.0677970212923962	5893.732083819284	13.548809388090307	3년	-0.4028616119114686	불리(<1)	3년	-10.790250426997183		판정불가	N	주당순현금<=0	제외	하드필터 미통과	53091840.0	주당순현금 음수(린치식); 주당순현금 음수(보수형); 1년 점수 과열 가능; 배당감안점수<1; fs=2025:CFS,2024:CFS,2022:CFS,2020:CFS
122	023530	롯데쇼핑	직접추가	메인	103000.0	4000.0	1824.0	571525104252.0		9833740433980.0							판정불가	일반	일반	-327416.85979916755	-327416.85979916755	235.97415559164887	235.97415559164887	Y	Y	-105.26042567918326												1년				3.8834951456310676	-0.42961031168592906			36267.714863697605	35.211373654075345	1년	-0.42961031168592906	불리(<1)	1년	-105.26042567918326		판정불가	N	주당순현금<=0	제외	하드필터 미통과	28288755.0	주당순현금 음수(린치식); 주당순현금 음수(보수형); 배당감안점수<1; fs=2025:CFS,2024:CFS,2022:CFS,2020:CFS
123	006260	LS	직접추가	메인	343500.0	2500.0	9903.0	2086611000000.0	856757000000.0	2796384000000.0	5804770000000.0						판정불가	일반	일반	4636.719242902208	-178479.05362776027	34.21824505272118	52.70918445196004	N	Y	14.129307364296405	-15.509731147342876	16.589235636822398	36.75861472859281		41.678471273644796	364020.5616572546		412741.90102290444	5.973962636755337		20.157758667512216	3년				0.727802037845706	0.43418677314547466	-0.4319896910762713	0.5060761487910082	-31030.6309148265	-9.033662566179476	3년	-0.4319896910762713	불리(<1)	3년	-15.509731147342876		판정불가	N	주당FCF<=0	제외	하드필터 미통과	31700000.0	주당순현금 음수(보수형); 단기위험부채 존재; 주당FCF 음수; 1년 점수 과열 가능; 배당감안점수<1; fs=2025:CFS,2024:CFS,2022:CFS,2020:CFS
124	000150	두산	직접추가	메인	1250000.0	4000.0	4194.0	4927903000000.0	175670000000.0	4309343000000.0	3985915000000.0						판정불가	일반	일반	49045.20763611584	-197092.59727544463	286.35068964327235	345.0387690213268	N	Y	-133.60576923076923												1년				0.32	-0.46546341270144276			5159.062075166259	0.4127249660133008	1년	-0.46546341270144276	불리(<1)	1년	-133.60576923076923		판정불가	Y	통과	보류	배당감안점수 또는 린치PER배수 미산출	16193835.0	주당순현금 음수(보수형); 단기위험부채 존재; 배당감안점수<1; fs=2025:CFS,2024:CFS,2022:CFS,2020:CFS
125	014820	동원시스템즈	직접추가	메인	21500.0	600.0	1884.0	158748112816.0	38387113087.0	134729679435.0	120000000000.0						판정불가	일반	일반	2152.5625002716333	-1986.6128559613196	10.26934049879425	12.46635501908775	N	Y	-25.386138613861387	-8.631888523856201	-1.217505302346611			6.064989395306778			11426.44002075797			-46.853767345311766	3년				2.7906976744186047	-2.200281599592084	-0.5687990236688935	0.15319312591268217	2395.320646013515	11.141026260527978	3년	-0.5687990236688935	불리(<1)	3년	-8.631888523856201		판정불가	Y	통과	보류	배당감안점수 또는 린치PER배수 미산출	28991282.0	주당순현금 음수(보수형); 단기위험부채 존재; 배당감안점수<1; fs=2025:CFS,2024:CFS,2022:CFS,2020:CFS
126	069260	티케이지휴켐스	직접추가	메인	16130.0	1000.0	1561.0	171952696150.0	96497220778.0	5482000000.0	34682173632.0						판정불가	일반	일반	6432.901178680633	5584.482108237203	6.212106868237903	6.755616842897371	N	N	-22.875494071146242	-9.82716016983225	3.8551596973951163			16.210319394790233			25304.308575267554			56.87730052862712	3년				6.199628022318661	-2.6844139037739665	-0.5839455476950862	1.6185793214735649	2212.3194254165533	13.715557504132384	3년	-0.5839455476950862	불리(<1)	3년	-9.82716016983225		판정불가	Y	통과	보류	배당감안점수 또는 린치PER배수 미산출	40878588.0	단기위험부채 존재; 배당감안점수<1; fs=2025:CFS,2024:CFS,2022:OFS,2020:CFS
127	010950	S-Oil	에너지	메인	153600.0	330.0	1519.0	1834658000000.0									판정불가	일반	일반	16296.078356273132	16296.078356273132	90.39099515716055	90.39099515716055	N	N	-191.56118143459918	-56.19807916164843											3년				0.21484375000000003	-2.1168738916073457	-0.6193452712221145		299.21979550835795	0.19480455436742053	3년	-0.6193452712221145	불리(<1)	3년	-56.19807916164843		판정불가	Y	통과	보류	배당감안점수 또는 린치PER배수 미산출	112582792.0	배당감안점수<1; fs=2025:CFS,2024:CFS,2022:CFS,2020:CFS
128	185750	종근당	직접추가	메인	66700.0	500.0	5882.0	216235970816.0	108445557936.0		162832228224.0						판정불가	일반	일반	23522.90833817535	11725.848019601848	7.340546015271107	9.346166606664084	N	N	-28.564488705367985	-5.359713960632673	-7.035300955800583										3년				0.7496251874062968	-3.7892090670225715	-0.6280307709584071	-0.8562953975518589	-8097.876847707491	-12.14074489911168	3년	-0.6280307709584071	불리(<1)	3년	-5.359713960632673		판정불가	N	주당FCF<=0	제외	하드필터 미통과	13802780.0	단기위험부채 존재; 주당FCF 음수; 배당감안점수<1; fs=2025:CFS,2024:CFS,2022:CFS,2020:CFS
129	036570	NC	직접추가	메인	230000.0	1150.0	17876.0	503522487163.0	1499844872739.0	177813001472.0							판정불가	일반	일반	84736.00511687186	84736.00511687186	8.126202443674655	8.126202443674655	N	N	278.087986463621	-5.903415055311056	-8.909537463398499	564.675972927242			10094147.692047378			4288.759866107555			3년				0.5	34.282678581367456	-0.6649372930054203	-1.0348668423765874	2177.512866910366	0.9467447247436374	3년	-0.6649372930054203	불리(<1)	3년	-5.903415055311056		판정불가	Y	통과	보류	배당감안점수 또는 린치PER배수 미산출	21544022.0	1년 점수 과열 가능; 배당감안점수<1; fs=2025:CFS,2024:CFS,2022:CFS,2020:CFS
130	018260	삼성에스디에스	직접추가	메인	228500.0	3190.0	9819.0	1558981444019.0	4845117385939.0								판정불가	일반	일반	82764.03348192893	82764.03348192893	14.842241217850196	14.842241217850196	N	N	0.3269643404516298	-11.608687356751402	11.36201067352738	9.15392868090326		31.22402134705476	89882.42571778911		306588.6656067307	-60.66414629418419		34.17447072504625	3년				1.3960612691466083	0.11608931456564801	-0.6880784335537181	0.8595785336873748	10905.769354957107	4.7727655820381205	3년	-0.6880784335537181	불리(<1)	3년	-11.608687356751402		판정불가	Y	통과	보류	배당감안점수 또는 린치PER배수 미산출	77377800.0	1년 점수 과열 가능; 배당감안점수<1; fs=2025:CFS,2024:CFS,2022:CFS,2020:CFS
131	004000	롯데정밀화학	직접추가	메인	46350.0	1500.0	4165.0	172038879703.0	562065025.0	45301437028.0	842860000.0						판정불가	일반	일반	4934.089445736434	4901.420453488372	9.943796051443833	9.951639747061614	N	N		-10.129293888244783	-11.804095268565707										3년				3.2362459546925564		-0.693200855879517	-0.8616276188236085	1136.2980498449613	2.4515599780905313	3년	-0.693200855879517	불리(<1)	3년	-10.129293888244783		판정불가	Y	통과	보류	배당감안점수 또는 린치PER배수 미산출	25800000.0	단기위험부채 존재; 배당감안점수<1; fs=2025:CFS,2024:CFS,2022:CFS,2020:CFS
132	011070	LG이노텍	직접추가	메인	633000.0	1880.0	14421.0	1406403000000.0	72896000000.0								판정불가	일반	일반	62504.42861478592	62504.42861478592	39.56005626414355	39.56005626414355	N	N	-24.040031603897816	-29.57093933979966	0.6187699510769251			9.73753990215385			140425.0629289607			-77.81594582480874	3년				0.296998420221169	-0.6001769316288073	-0.739987342892427	0.023148813671635966	24374.504243378797	3.8506325818923846	3년	-0.739987342892427	불리(<1)	3년	-29.57093933979966		판정불가	Y	통과	보류	배당감안점수 또는 린치PER배수 미산출	23667107.0	1년 점수 과열 가능; 배당감안점수<1; fs=2025:CFS,2024:CFS,2022:CFS,2020:CFS
133	005490	POSCO홀딩스	철강	watchlist	324500.0	10000.0	8697.0	7049800440769.0		16374578210992.0							판정불가	일반	일반	-115216.08368150219	-115216.08368150219	50.55951289887343	50.55951289887343	Y	Y	-39.817313680714136	-40.58072367872994	-15.48101970257214										3년				3.0816640986132513	-0.7265823477290547	-0.7416815833475374	-0.24524278208058395	-20625.34356158169	-6.356038077529027	3년	-0.7416815833475374	불리(<1)	3년	-40.58072367872994		판정불가	N	주당순현금<=0 / 주당FCF<=0	제외	하드필터 미통과	80932952.0	린치식 단독판정 비중 낮춤; 주당순현금 음수(린치식); 주당순현금 음수(보수형); 주당FCF 음수; 1년 점수 과열 가능; 배당감안점수<1; fs=2025:CFS,2024:CFS,2022:CFS,2020:CFS
134	267250	HD현대	직접추가	메인	234500.0	4000.0	13623.0	6367475266000.0		1596736136000.0							판정불가	일반	일반	60394.38933167378	60394.38933167378	12.780269446401395	12.780269446401395	N	N	89.12952936276552	-11.915391188425783		186.75905872553105			2544218.6570179095			984.9546511803451			3년				1.7057569296375266	7.107462536165856	-0.7988590773931636		64511.54397881789	27.510253295871166	3년	-0.7988590773931636	불리(<1)	3년	-11.915391188425783		판정불가	Y	통과	보류	배당감안점수 또는 린치PER배수 미산출	78993085.0	1년 점수 과열 가능; 배당감안점수<1; fs=2025:CFS,2024:CFS,2022:CFS,2020:CFS
135	000080	하이트진로	직접추가	메인	15390.0	700.0	596.0	243639082453.0	11534336304.0								판정불가	일반	일반	3638.389855001192	3638.389855001192	19.71746668623961	19.71746668623961	N	N	-56.748911465892604	-21.8770293860485	-13.71294563046288										3년				4.548408057179987	-2.64742445058331	-0.8788462333734677	-0.46479285189707575	1956.0991773402343	12.710196084082096	3년	-0.8788462333734677	불리(<1)	3년	-21.8770293860485		판정불가	Y	통과	보류	배당감안점수 또는 린치PER배수 미산출	70133611.0	배당감안점수<1; fs=2025:CFS,2024:CFS,2022:CFS,2020:CFS
136	002840	미원상사	직접추가	메인	130300.0	2400.0	9449.0	26488253934.0	2869800000.0		56542234.0						판정불가	일반	일반	6180.642933473684	6168.739305263158	13.135713521698202	13.136973298204767	N	N	-12.428174235403155	-13.799130124356108	-1.8410746860862304			4.817850627827539			45523.87058234242			-65.06226355921534	3년				1.841903300076746	-0.8059151806134854	-0.910283769855961	6.308100349073902e-05	4071.338190526316	3.1245880203578786	3년	-0.910283769855961	불리(<1)	3년	-13.799130124356108		판정불가	Y	통과	보류	배당감안점수 또는 린치PER배수 미산출	4750000.0	단기위험부채 존재; 1년 점수 과열 가능; 배당감안점수<1; fs=2025:CFS,2024:CFS,2022:CFS,2020:CFS
137	086280	현대글로비스	직접추가	메인	206500.0	5800.0	23117.0	2644639919844.0	1773253190103.0	2551475394576.0	800732226936.0						판정불가	일반	일반	24885.56953828	14209.1398458	7.856314853212788	8.318158072163342	N	N	58.49845731916352	-10.017436249066701	7.416538424274255	125.49691463832704		23.333076848548508	2901112.1756942063		539390.7375078959	1304.8969373821824		161.20616828469534	3년				2.8087167070217918	7.803553596265831	-0.9175700919238174	1.3015332662125292	25034.3648264	12.123179092687652	3년	-0.9175700919238174	불리(<1)	3년	-10.017436249066701		판정불가	Y	통과	보류	배당감안점수 또는 린치PER배수 미산출	75000000.0	단기위험부채 존재; 1년 점수 과열 가능; 배당감안점수<1; fs=2025:CFS,2024:CFS,2022:CFS,2020:CFS
138	005940	NH투자증권	직접추가	메인	27500.0	1300.0	2932.0	2630830000000.0	68236691000000.0	4707188000000.0							판정불가	일반	일반	185664.03388290948	185664.03388290948	-53.94407704055576	-53.94407704055576	N	N	45.43650793650793			99.37301587301586			291361.6825396825			959.4970274170272			1년	99.37301587301586	291361.6825396825	959.4970274170272	4.7272727272727275	-0.9299219379741536			-15292.555387622808	-55.60929231862839	1년	-0.9299219379741536	불리(<1)	1년	45.43650793650793		판정불가	N	주당FCF<=0 / 순현금차감PER<=0	제외	하드필터 미통과	356344369.0	주당FCF 음수; 배당감안점수<1; fs=2025:CFS,2024:CFS,2022:NA,2020:NA
139	039490	키움증권	직접추가	메인	283500.0	11500.0	42059.0		62457765152889.0								판정불가	일반	일반	2288251.0791779323	2288251.0791779323	-47.66521028027134	-47.66521028027134	N	N	43.20394960844398			94.90789921688796			3991731.3331630905			1308.0181069358343			1년	94.90789921688796	3991731.3331630905	1308.0181069358343	4.056437389770723	-0.9915069443798469			-250622.40952773768	-88.402966323717	1년	-0.9915069443798469	불리(<1)	1년	43.20394960844398		판정불가	N	주당FCF<=0 / 순현금차감PER<=0	제외	하드필터 미통과	27294979.0	주당FCF 음수; 배당감안점수<1; fs=2025:CFS,2024:CFS,2022:NA,2020:NA
140	002030	아세아	직접추가	메인	183600.0	5600.0	18725.0	163716811000.0	12160000.0	658028958000.0	265707008000.0						판정불가	일반	일반	-238487.41512057534	-366684.4193364424	22.541383985077456	29.38768594587142	Y	Y	-50.09727367214776	-25.894534715298978	-3.336896679607082			1.826206640785836			34195.71934871478			-81.37488052902245	3년				3.0501089324618738	-2.087146236044398	-1.0134437973267418	-0.012722721343776569	-24122.07535681443	-13.138385270596094	3년	-1.0134437973267418	불리(<1)	3년	-25.894534715298978		판정불가	N	주당순현금<=0 / 주당FCF<=0	제외	하드필터 미통과	2072646.0	주당순현금 음수(린치식); 주당순현금 음수(보수형); 단기위험부채 존재; 주당FCF 음수; 1년 점수 과열 가능; 배당감안점수<1; fs=2025:CFS,2024:CFS,2022:CFS,2020:CFS
141	006800	미래에셋증권	금융/증권	보정필요	36350.0	0.0	2680.0	1698057000000.0	128930885000000.0	9756730000000.0							판정불가	금융보정	보정주의	213146.27533903014	213146.27533903014	-65.968759454862	-65.968759454862	N	N	73.46278317152104			155.42556634304208			416540.51779935276			1045.9161425016582			1년	155.42556634304208	416540.51779935276	1045.9161425016582	0.0	-1.1135995852974423			-12193.31326010751	-33.54419053674693	1년	-1.1135995852974423	불리(<1)	1년	73.46278317152104		판정불가	N	주당FCF<=0 / 순현금차감PER<=0	제외	하드필터 미통과	567085734.0	린치식 단독판정 비중 낮춤; 주당FCF 음수; 배당감안점수<1; fs=2025:CFS,2024:CFS,2022:NA,2020:NA
142	139480	이마트	직접추가	메인	76100.0	2500.0	5084.0	1303365061491.0	1225715519294.0	5485558368112.0	3111389126654.0						판정불가	일반	일반	-107134.98980867355	-219883.5596791311	36.04150074914901	58.21863880392036	Y	Y	-122.85971223021583	-48.64098247110502	-16.302783941696873										3년				3.28515111695138	-3.317690957030633	-1.258433483939332	-0.3611845387723723	20093.231814609306	26.403721175570706	3년	-1.258433483939332	불리(<1)	3년	-48.64098247110502		판정불가	N	주당순현금<=0	제외	하드필터 미통과	27595819.0	주당순현금 음수(린치식); 주당순현금 음수(보수형); 단기위험부채 존재; 1년 점수 과열 가능; 배당감안점수<1; fs=2025:CFS,2024:CFS,2022:CFS,2020:CFS
143	005300	롯데칠성음료	직접추가	메인	97800.0	3400.0	4697.0	213358325740.0	11845742299.0	168590223949.0	1587240348429.0						판정불가	일반	일반	5630.868480357551	-152237.61390908112	19.622978820447617	53.233471132442226	N	Y	-20.09186798230691	-28.321091651421646											3년				3.476482617586912	-0.8467310451054642	-1.2660977347611493		12123.245426933277	12.39595646925693	3년	-1.2660977347611493	불리(<1)	3년	-28.321091651421646		판정불가	Y	통과	보류	배당감안점수 또는 린치PER배수 미산출	10054194.0	주당순현금 음수(보수형); 단기위험부채 존재; 1년 점수 과열 가능; 배당감안점수<1; fs=2025:CFS,2024:CFS,2022:CFS,2020:CFS
144	003550	LG	직접추가	메인	112700.0	3100.0	4780.0	1511450000000.0	1839426000000.0	159829000000.0	0.0						판정불가	일반	일반	20691.31243852798	20691.31243852798	19.248679406165696	19.248679406165696	N	N	28.77155172413792	-27.26466268691552	-10.530872700659177	66.04310344827584			315686.03448275855			180.11183183918237			3년				2.750665483584738	1.637630122179994	-1.2735417680383054	-0.4041943373311262	5491.624275551311	4.872781078572592	3년	-1.2735417680383054	불리(<1)	3년	-27.26466268691552		판정불가	Y	통과	보류	배당감안점수 또는 린치PER배수 미산출	154221585.0	1년 점수 과열 가능; 배당감안점수<1; fs=2025:CFS,2024:CFS,2022:CFS,2020:CFS
145	375500	DL이앤씨	직접추가	메인	70600.0	890.0	8796.0	1844315983193.0	467317685812.0	444336959874.0	519274372386.0						판정불가	일반	일반	48258.513014689786	34838.3591979743	2.5399598664518206	4.065670850616837	N	N	61.010433827567276	-4.5977556239353845		130.52086765513457			1148061.5518945637			1526.1495069328098			3년				1.2606232294617563	24.516551572138876	-1.3138524110364833		5614.431755408378	7.952452911343312	3년	-1.3138524110364833	불리(<1)	3년	-4.5977556239353845		판정불가	Y	통과	보류	배당감안점수 또는 린치PER배수 미산출	38693623.0	단기위험부채 존재; 1년 점수 과열 가능; 배당감안점수<1; fs=2025:CFS,2024:CFS,2022:CFS,2020:NA
146	000990	DB하이텍	직접추가	메인	97600.0	810.0	6285.0	323054472680.0	132808839381.0	102572732928.0	231678525383.0						판정불가	일반	일반	8120.7660013468	2795.384563807385	14.236950516889928	15.084266576959843	N	N	13.858695652173903	-21.22701789143928	10.459461040450746	36.21739130434781		29.418922080901492	227626.30434782596		184897.92527846587	133.2236724875266		89.44459557219864	3년				0.8299180327868851	1.0317247129246556	-1.432687416764876	0.7929632866142604	4658.664548185125	4.773221873140496	3년	-1.432687416764876	불리(<1)	3년	-21.22701789143928		판정불가	Y	통과	보류	배당감안점수 또는 린치PER배수 미산출	43504588.0	단기위험부채 존재; 1년 점수 과열 가능; 배당감안점수<1; fs=2025:CFS,2024:CFS,2022:CFS,2020:CFS
147	111770	영원무역	직접추가	메인	80900.0	2100.0	11558.0	1090560747187.0	439263571966.0	252626536541.0	76448105310.0						판정불가	일반	일반	28823.18822323828	27097.94397472907	4.505694045402468	4.654962452437353	N	N	17.387771683932552	-9.077711442871605	27.98342129695397	43.275543367865104		64.46684259390794	500178.73024578486		745107.7667003879	518.2678989441098		821.0231974046823	3년				2.595797280593325	4.435181076024628	-1.4386050399698826	6.786794280616945	3279.956119440683	4.054333893004553	3년	-1.4386050399698826	불리(<1)	3년	-9.077711442871605		판정불가	Y	통과	보류	배당감안점수 또는 린치PER배수 미산출	44311468.0	단기위험부채 존재; 1년 점수 과열 가능; 배당감안점수<1; fs=2025:CFS,2024:CFS,2022:CFS,2020:CFS
148	035720	카카오	직접추가	메인	38250.0	75.0	1138.0	6373784263399.0	3754429416501.0	2787664614576.0	1144217904147.0						판정불가	일반	일반	16588.990645648104	14003.159539614913	19.0342788702565	21.30653819014507	N	N	803.1746031746031	-28.535770270641315	-8.670866917633225	1614.8492063492063			1837698.3968253967			4704.440253138292			3년				0.19607843137254902	42.20652051396312	-1.488876570131226	-0.44523822226349846	1786.2097378837223	4.669829380088163	3년	-1.488876570131226	불리(<1)	3년	-28.535770270641315		판정불가	Y	통과	보류	배당감안점수 또는 린치PER배수 미산출	442495220.0	단기위험부채 존재; 1년 점수 과열 가능; 배당감안점수<1; fs=2025:CFS,2024:CFS,2022:CFS,2020:CFS
149	028050	삼성E&A	직접추가	메인	47900.0	790.0	3150.0	861796626374.0	2074000285556.0		0.0						판정불가	일반	일반	14978.555673112245	14978.555673112245	10.451252167265952	10.451252167265952	N	N	-18.4360435007768												1년				1.649269311064718	-1.6061974126209897			805.8218167704082	1.6823002437795578	1년	-1.6061974126209897	불리(<1)	1년	-18.4360435007768		판정불가	Y	통과	보류	배당감안점수 또는 린치PER배수 미산출	196000000.0	배당감안점수<1; fs=2025:CFS,2024:CFS,2022:CFS,2020:CFS
150	001450	현대해상	직접추가	메인	49700.0	2063.0	13006.0	1509674177483.0	19831696034080.0								판정불가	일반	일반	238717.78760137584	238717.78760137584	-14.533122220619394	-14.533122220619394	N	N	19.90412095510279			48.30824191020558			628296.9942841338			1164.1790629459433			1년	48.30824191020558	628296.9942841338	1164.1790629459433	4.150905432595573	-1.65518640953624					1년	-1.65518640953624	불리(<1)	1년	19.90412095510279		판정불가	N	주당FCF<=0 / 순현금차감PER<=0	제외	하드필터 미통과	89400000.0	배당감안점수<1; fs=2025:CFS,2024:CFS,2022:NA,2020:NA
151	003490	대한항공	직접추가	메인	25250.0	750.0	2133.0	1869988073408.0	3532702331766.0	5900725093281.0	2027009390000.0						판정불가	일반	일반	-1352.5441151358968	-6857.420958534969	12.471891286983544	15.052705559556946	Y	Y	-40.1850813236119	-23.620676172572395	-13.307685693628002										3년				2.9702970297029703	-2.9838926140054345	-1.655753619695312	-0.8288549367579708	-599.9903851348527	-2.376199545088525	3년	-1.655753619695312	불리(<1)	3년	-23.620676172572395		판정불가	N	주당순현금<=0 / 주당FCF<=0	제외	하드필터 미통과	368220661.0	주당순현금 음수(린치식); 주당순현금 음수(보수형); 단기위험부채 존재; 주당FCF 음수; 1년 점수 과열 가능; 배당감안점수<1; fs=2025:CFS,2024:CFS,2022:CFS,2020:CFS
152	034220	LG디스플레이	직접추가	메인	9780.0		453.0	1572058000000.0	611000000.0	8934975000000.0							판정불가	일반	일반	-14724.612	-14724.612	54.09406622516556	54.09406622516556	Y	Y	-108.33026848105922												1년					-2.0026275715738664			490.0	5.010224948875256	1년	-2.0026275715738664	불리(<1)	1년	-108.33026848105922		판정불가	N	주당순현금<=0	제외	하드필터 미통과	500000000.0	주당순현금 음수(린치식); 주당순현금 음수(보수형); 배당감안점수<1; fs=2025:CFS,2024:CFS,2022:CFS,2020:CFS
153	078930	GS	직접추가	메인	119300.0	3000.0	8550.0	1610917000000.0	857643000000.0	104176000000.0							판정불가	일반	일반	25446.638122701283	25446.638122701283	10.977001389157744	10.977001389157744	N	N	41.60317986088109	-27.687155007765817		91.70635972176218			784089.3756210667			557.2417230687902			3년				2.5146689019279127	4.019116623815434	-2.2932024159805056		3039.077126716312	2.547424247037981	3년	-2.2932024159805056	불리(<1)	3년	-27.687155007765817		판정불가	Y	통과	보류	배당감안점수 또는 린치PER배수 미산출	92915378.0	1년 점수 과열 가능; 배당감안점수<1; fs=2025:CFS,2024:CFS,2022:CFS,2020:CFS
154	006650	대한유화	직접추가	메인	86400.0	1300.0	5134.0	151455436829.0	90052666000.0								판정불가	일반	일반	37155.09274292308	37155.09274292308	9.591918047736058	9.591918047736058	N	N	-471.7595944967415		-24.26352631533887										5년				1.5046296296296295	-49.02616583323543		-2.3727159231808628	19148.828141846156	22.162995534544162	5년	-2.3727159231808628	불리(<1)	5년	-24.26352631533887		판정불가	Y	통과	보류	배당감안점수 또는 린치PER배수 미산출	6500000.0	배당감안점수<1; fs=2025:CFS,2024:CFS,2022:CFS,2020:CFS
155	009970	영원무역홀딩스	직접추가	메인	183300.0	6576.0	31684.0	1464189666693.0	805803639244.0	195931585244.0	78827842676.0						판정불가	일반	일반	153642.88520106729	147803.45570768186	0.9360281151032923	1.120330270556689	N	N	10.101817423636938	-5.869320927784449	28.52060357499411	28.703634847273875		65.54120714998822	909445.9665010255		2076607.6073402269	396.15164566340724		1032.9010405565884	3년				3.587561374795417	14.624965401730169	-2.4377040776571506	34.302564668419535	20832.48592605641	11.365240548857836	3년	-2.4377040776571506	불리(<1)	3년	-5.869320927784449		판정불가	Y	통과	보류	배당감안점수 또는 린치PER배수 미산출	13499237.0	단기위험부채 존재; 1년 점수 과열 가능; 배당감안점수<1; fs=2025:CFS,2024:CFS,2022:CFS,2020:CFS
156	028670	팬오션	직접추가	메인	6040.0	150.0	564.0	839667000000.0									판정불가	일반	일반	1570.7349206252525	1570.7349206252525	7.924228864139622	7.924228864139622	N	N	12.350597609561742	-23.645583428215545	26.662075505745552	33.201195219123484		61.824151011491104	18725.474103585646		34868.82117048098	210.02440568850406		477.2983637496851	3년				2.4834437086092715	1.8719854729715242	-2.6705613987720134	3.67802592707162	898.78863125288	14.88060647769669	3년	-2.6705613987720134	불리(<1)	3년	-23.645583428215545		판정불가	Y	통과	보류	배당감안점수 또는 린치PER배수 미산출	534569512.0	1년 점수 과열 가능; 배당감안점수<1; fs=2025:CFS,2024:CFS,2022:CFS,2020:CFS
157	007340	DN오토모티브	직접추가	메인	62800.0	1000.0	5440.0	387784364000.0	182678434000.0	166472358000.0	641674039000.0						판정불가	일반	일반	6904.537131693404	-4062.213043680007	10.27490126255636	12.29084798597059	N	Y	-12.568306010928964	-36.239823236398784	0.45844418153007105			9.416888363060142			51227.872695047176			-18.426954307249723	3년				1.5923566878980893	-1.0682291773478412	-3.372048612745552	0.19959324347978483	1407.8963795869365	2.2418732159027654	3년	-3.372048612745552	불리(<1)	3년	-36.239823236398784		판정불가	Y	통과	보류	배당감안점수 또는 린치PER배수 미산출	58510865.0	주당순현금 음수(보수형); 단기위험부채 존재; 1년 점수 과열 가능; 배당감안점수<1; fs=2025:CFS,2024:CFS,2022:CFS,2020:CFS
158	007310	오뚜기	직접추가	메인	326000.0	9000.0	20279.0	412685029869.0	273077178893.0	186473980697.0	509239504017.0						판정불가	일반	일반	124578.19519914767	-2482.958596547259	9.932531426640974	16.198183273166688	N	Y	-49.363264083100276	-36.84393156790511	-8.312202484315046										3년				2.7607361963190185	-4.691908425457809	-3.431471183687208	-0.5589175658791191	8412.798855490377	2.580613145855944	3년	-3.431471183687208	불리(<1)	3년	-36.84393156790511		판정불가	Y	통과	보류	배당감안점수 또는 린치PER배수 미산출	4007830.0	주당순현금 음수(보수형); 단기위험부채 존재; 1년 점수 과열 가능; 배당감안점수<1; fs=2025:CFS,2024:CFS,2022:CFS,2020:CFS
159	011780	금호석유	석유화학	watchlist	126500.0	1700.0	11391.0	650436032913.0	82275660739.0								판정불가	일반	일반	28146.856005717942	28146.856005717942	8.634285312464407	8.634285312464407	N	N	-15.138195634358931	-32.65223990875862	-11.416304781151009										3년				1.3438735177865613	-1.597621762238846	-3.6260518685635126	-1.166562245612146	19963.595148223274	15.781498140887965	3년	-3.6260518685635126	불리(<1)	3년	-32.65223990875862		판정불가	Y	통과	보류	배당감안점수 또는 린치PER배수 미산출	26031742.0	린치식 단독판정 비중 낮춤; 1년 점수 과열 가능; 배당감안점수<1; fs=2025:CFS,2024:CFS,2022:CFS,2020:CFS
160	011200	HMM	직접추가	메인	22650.0	700.0	1951.0	1760767000000.0	10915294000000.0	151318000000.0							판정불가	일반	일반	13278.45506473833	13278.45506473833	4.8034571682530345	4.8034571682530345	N	N	-60.97219443888777	-54.38515324967628	80.08768235294812			168.67536470589624			329085.6365412036			1352.916717621208	3년				3.090507726269316	-12.050005794819942	-10.678693225875536	17.316317636588494	1809.1182228382938	7.987276922023372	3년	-10.678693225875536	불리(<1)	3년	-54.38515324967628		판정불가	Y	통과	보류	배당감안점수 또는 린치PER배수 미산출	943237970.0	1년 점수 과열 가능; 배당감안점수<1; fs=2025:CFS,2024:CFS,2022:CFS,2020:CFS
161	003240	태광산업	직접추가	메인	896000.0	1750.0	165122.0	426476897621.0	483945901661.0	4773639440.0	862776693.0						판정불가	일반	일반	813408.6220962816	812633.7193721933	0.500183972479248	0.5048768827158505	N	N	-35.9373969451137	-25.915466865090508	-1.6741276308672282			5.151744738265544			850666.3946718831			-5.059554166084479	3년				0.1953125	-71.45787632488883	-51.42138848952744	-2.9565424168575944	-250604.9826773846	-27.969306102386675	3년	-51.42138848952744	불리(<1)	3년	-25.915466865090508		판정불가	N	주당FCF<=0	제외	하드필터 미통과	1113400.0	단기위험부채 존재; 주당FCF 음수; 1년 점수 과열 가능; 배당감안점수<1; fs=2025:CFS,2024:CFS,2022:CFS,2020:CFS
162	002790	아모레퍼시픽홀딩스	직접추가	메인	25250.0	400.0	1366.0	596631422270.0	1336881950600.0		256253631834.0						판정불가	일반	일반	24333.723385937104	21108.710783911738	0.6707735095628811	3.0316904949401624	N	N	-50.96913137114143												1년				1.5841584158415842	-73.62391664435623			6579.082341427906	26.055771649219427	1년	-73.62391664435623	불리(<1)	1년	-50.96913137114143		판정불가	Y	통과	보류	배당감안점수 또는 린치PER배수 미산출	79458180.0	단기위험부채 존재; 배당감안점수<1; fs=2025:CFS,2024:CFS,2022:CFS,2020:CFS
163	278470	에이피알	직접추가	메인	396500.0	5090.0		154350192148.0	117891913354.0	78219359846.0	0.0						판정불가	일반	일반	5183.525259069071	5183.525259069071			N	N													판정불가				1.2837326607818411						판정불가		판정불가	판정불가			판정불가	N	주당FCF<=0 / 순현금차감PER<=0	제외	하드필터 미통과	37430655.0	EPS 미추출; fs=2025:CFS,2024:CFS,2022:CFS,2020:CFS
164	097950	CJ제일제당	필수소비재	메인	183400.0	6000.0	-35668.0	1038957402000.0	243275982000.0	2029479364000.0	4904408060000.0						판정불가	일반	일반	-49637.08964403655	-375420.76602481195			Y	Y	-483.77447815795136												1년				3.271537622682661				48486.635145865745	26.437641846164528	판정불가		판정불가	1년	-483.77447815795136		판정불가	N	주당순현금<=0 / 순현금차감PER<=0	제외	하드필터 미통과	15054186.0	주당순현금 음수(린치식); 주당순현금 음수(보수형); 단기위험부채 존재; fs=2025:CFS,2024:CFS,2022:CFS,2020:CFS
165	005420	코스모화학	직접추가	메인	10470.0		-791.0	42470783114.0	0.0	359006489619.0	388905499282.0						판정불가	일반	일반	-8241.35147565256	-18366.929236803113			Y	Y	-53.084223013048636												1년								1735.2172172327241	16.573230346062314	판정불가		판정불가	1년	-53.084223013048636		판정불가	N	주당순현금<=0 / 순현금차감PER<=0	제외	하드필터 미통과	38408228.0	주당순현금 음수(린치식); 주당순현금 음수(보수형); 단기위험부채 존재; fs=2025:CFS,2024:CFS,2022:CFS,2020:CFS
166	001680	대상	직접추가	메인	17510.0	850.0	-8438.0	595682138976.0	95932724888.0	719633177987.0	369419425431.0						판정불가	일반	일반	-808.6554463926876	-11470.718447992345			Y	Y	-419.37925813777446												1년				4.854368932038835						판정불가		판정불가	1년	-419.37925813777446		판정불가	N	주당순현금<=0 / 주당FCF<=0 / 순현금차감PER<=0	제외	하드필터 미통과	34648025.0	주당순현금 음수(린치식); 주당순현금 음수(보수형); 단기위험부채 존재; fs=2025:CFS,2024:CFS,2022:CFS,2020:CFS
167	047040	대우건설	직접추가	메인	17170.0		-2220.0	1828879779729.0	434603860342.0	3056914611252.0	366055916900.0						판정불가	일반	일반	-1909.0176969162108	-2789.758742835851			Y	Y	-489.47368421052636												1년								846.7375999427635	4.931494466760417	판정불가		판정불가	1년	-489.47368421052636		판정불가	N	주당순현금<=0 / 순현금차감PER<=0	제외	하드필터 미통과	415622638.0	주당순현금 음수(린치식); 주당순현금 음수(보수형); 단기위험부채 존재; fs=2025:CFS,2024:CFS,2022:CFS,2020:CFS
168	000210	DL	직접추가	메인	50700.0	1000.0	-3845.0	1148320161495.0	191085453910.0	4026838230267.0	1422974217066.0						판정불가	일반	일반	-128242.38838418842	-196145.71410721686			Y	Y	-196.17308654327164												1년				1.9723865877712032				13042.307430075487	25.7244722486696	판정불가		판정불가	1년	-196.17308654327164		판정불가	N	주당순현금<=0 / 순현금차감PER<=0	제외	하드필터 미통과	20955884.0	주당순현금 음수(린치식); 주당순현금 음수(보수형); 단기위험부채 존재; fs=2025:CFS,2024:CFS,2022:CFS,2020:CFS
169	454910	두산로보틱스	직접추가	메인	74400.0		-856.0	156738581281.0	40399292507.0	16815636710.0							판정불가	일반	일반	2781.8928219046043	2781.8928219046043			N	N													판정불가								-504.36322470324734	-0.6779075600850099	판정불가		판정불가	판정불가			판정불가	N	주당FCF<=0 / 순현금차감PER<=0	제외	하드필터 미통과	64819980.0	주당FCF 음수; fs=2025:CFS,2024:CFS,2022:NA,2020:NA
170	006280	녹십자	직접추가	메인	121800.0	1500.0		49372311054.0		105096001522.0							판정불가	일반	일반	-4768.194863868153	-4768.194863868153			Y	Y													판정불가				1.2315270935960592				-497.6412769975163	-0.40857247700945504	판정불가		판정불가	판정불가			판정불가	N	주당순현금<=0 / 주당FCF<=0 / 순현금차감PER<=0	제외	하드필터 미통과	11686538.0	주당순현금 음수(린치식); 주당순현금 음수(보수형); 주당FCF 음수; EPS 미추출; fs=2025:CFS,2024:CFS,2022:CFS,2020:CFS
171	005250	녹십자홀딩스	직접추가	메인	10080.0	300.0	0.0	79656808438.0		2117348227.0							판정불가	일반	일반	1648.7861266886407	1648.7861266886407			N	N	-100.0												1년				2.976190476190476				-2674.1633975649934	-26.529398785366997	판정불가		판정불가	1년	-100.0		판정불가	N	주당FCF<=0 / 순현금차감PER<=0	제외	하드필터 미통과	47028210.0	주당FCF 음수; fs=2025:CFS,2024:CFS,2022:CFS,2020:CFS
172	009420	한올바이오파마	직접추가	메인	58700.0		-109.0	24743015950.0	0.0	15000000000.0	15739600000.0						판정불가	일반	일반	186.5026217711966	-114.78772617593224			N	Y	202.77777777777777			414.05555555555554									1년	414.05555555555554							-315.0056843677905	-0.5366366002858441	판정불가		판정불가	1년	202.77777777777777		판정불가	N	주당FCF<=0 / 순현금차감PER<=0	제외	하드필터 미통과	52240638.0	주당순현금 음수(보수형); 단기위험부채 존재; 주당FCF 음수; fs=2025:CFS,2024:CFS,2022:CFS,2020:CFS
173	180640	한진칼	직접추가	메인	118900.0	360.0		110930322000.0	30600000000.0	366131984000.0	0.0						판정불가	일반	일반	-3364.2000447588075	-3364.2000447588075			Y	Y													판정불가				0.3027754415475189				1732.6632753204844	1.4572441339953612	판정불가		판정불가	판정불가			판정불가	N	주당순현금<=0 / 순현금차감PER<=0	제외	하드필터 미통과	66762279.0	주당순현금 음수(린치식); 주당순현금 음수(보수형); EPS 미추출; fs=2025:CFS,2024:CFS,2022:CFS,2020:CFS
174	018880	한온시스템	직접추가	메인	3655.0	316.0	-292.0	924789114632.0	12500000000.0	551438792860.0							판정불가	일반	일반	375.9762265709175	375.9762265709175			N	N	-55.69044006069803												1년				8.645690834473324				-358.42775774108145	-9.80650499975599	판정불가		판정불가	1년	-55.69044006069803		판정불가	N	주당FCF<=0 / 순현금차감PER<=0	제외	하드필터 미통과	1026262552.0	주당FCF 음수; fs=2025:CFS,2024:CFS,2022:CFS,2020:CFS
175	009830	한화솔루션	석유화학	watchlist	34000.0	300.0	-12.0	2470461000000.0		8369710000000.0							판정불가	일반	일반	-34319.40174528579	-34319.40174528579			Y	Y	-99.19893190921229												1년				0.8823529411764706				-15547.574445000917	-45.72816013235564	판정불가		판정불가	1년	-99.19893190921229		판정불가	N	주당순현금<=0 / 주당FCF<=0 / 순현금차감PER<=0	제외	하드필터 미통과	171892536.0	린치식 단독판정 비중 낮춤; 주당순현금 음수(린치식); 주당순현금 음수(보수형); 주당FCF 음수; fs=2025:CFS,2024:CFS,2022:CFS,2020:CFS
176	008770	호텔신라	직접추가	메인	43650.0	200.0	-4566.0	338290693972.0		739494888568.0	24083900000.0						판정불가	일반	일반	-10222.252285555276	-10835.884209488653			Y	Y													판정불가				0.45819014891179843				1275.405833262693	2.921891943328048	판정불가		판정불가	판정불가			판정불가	N	주당순현금<=0 / 순현금차감PER<=0	제외	하드필터 미통과	39248121.0	주당순현금 음수(린치식); 주당순현금 음수(보수형); 단기위험부채 존재; fs=2025:CFS,2024:CFS,2022:CFS,2020:CFS
177	298050	HS효성첨단소재	직접추가	메인	170100.0	2500.0	-4843.0	31544586945.0		554202076606.0							판정불가	일반	일반	-116665.97238650985	-116665.97238650985			Y	Y	-143.41940111170882												1년				1.4697236919459142				-3354.717829760524	-1.9722033096769689	판정불가		판정불가	1년	-143.41940111170882		판정불가	N	주당순현금<=0 / 주당FCF<=0 / 순현금차감PER<=0	제외	하드필터 미통과	4479948.0	주당순현금 음수(린치식); 주당순현금 음수(보수형); 주당FCF 음수; fs=2025:CFS,2024:CFS,2022:CFS,2020:CFS
178	352820	하이브	직접추가	메인	171800.0	500.0	-5690.0	534914956000.0	57033836000.0	1161573182000.0	0.0						판정불가	일반	일반	-13368.578698363612	-13368.578698363612			Y	Y	-2628.8888888888887												1년				0.2910360884749709				1088.4641428108619	0.6335646931378707	판정불가		판정불가	1년	-2628.8888888888887		판정불가	N	주당순현금<=0 / 순현금차감PER<=0	제외	하드필터 미통과	42609196.0	주당순현금 음수(린치식); 주당순현금 음수(보수형); fs=2025:CFS,2024:CFS,2022:CFS,2020:CFS
179	017800	현대엘리베이터	직접추가	메인	74300.0	14010.0		546026985679.0	858153283222.0	939270698991.0							판정불가	일반	일반	11892.58649504245	11892.58649504245			N	N													판정불가				18.85598923283984				5302.308441375475	7.136350526750303	판정불가		판정불가	판정불가			판정불가	N	순현금차감PER<=0	제외	하드필터 미통과	39092385.0	EPS 미추출; fs=2025:CFS,2024:CFS,2022:CFS,2020:CFS
180	004020	현대제철	철강	watchlist	28650.0	500.0	-53.0	1342926134232.0	805366237672.0	5816297925103.0	1215935236760.0						판정불가	일반	일반	-27486.85957521251	-36598.68904783317			Y	Y													판정불가				1.7452006980802792				3999.7338333915905	13.960676556340628	판정불가		판정불가	판정불가			판정불가	N	주당순현금<=0 / 순현금차감PER<=0	제외	하드필터 미통과	133445785.0	린치식 단독판정 비중 낮춤; 주당순현금 음수(린치식); 주당순현금 음수(보수형); 단기위험부채 존재; fs=2025:CFS,2024:CFS,2022:CFS,2020:CFS
181	035250	강원랜드	직접추가	메인	14450.0	950.0		200357737326.0	3009244892731.0	0.0							판정불가	일반	일반	15002.314335326879	15002.314335326879			N	N													판정불가				6.5743944636678195				808.0316694922186	5.591914667766218	판정불가		판정불가	판정불가			판정불가	N	순현금차감PER<=0	제외	하드필터 미통과	213940500.0	EPS 미추출; fs=2025:CFS,2024:CFS,2022:CFS,2020:CFS
182	002380	케이씨씨	직접추가	메인	454500.0	15000.0		1193612441434.0	36838546215.0	2949860953111.0	758686269704.0						판정불가	일반	일반	-193486.25179354099	-278861.68031899276			Y	Y													판정불가				3.3003300330033				51624.29856328795	11.358481532076556	판정불가		판정불가	판정불가			판정불가	N	주당순현금<=0 / 순현금차감PER<=0	제외	하드필터 미통과	8886471.0	주당순현금 음수(린치식); 주당순현금 음수(보수형); 단기위험부채 존재; EPS 미추출; fs=2025:CFS,2024:CFS,2022:CFS,2020:CFS
183	120110	코오롱인더	직접추가	메인	56000.0	1300.0		263843934948.0	219536778414.0	1102334698976.0	1502712536405.0						판정불가	일반	일반	-22491.80343980112	-77097.98706719637			Y	Y													판정불가				2.3214285714285716				6217.225588737651	11.102188551317235	판정불가		판정불가	판정불가			판정불가	N	주당순현금<=0 / 순현금차감PER<=0	제외	하드필터 미통과	27519091.0	주당순현금 음수(린치식); 주당순현금 음수(보수형); 단기위험부채 존재; EPS 미추출; fs=2025:CFS,2024:CFS,2022:CFS,2020:CFS
184	036460	한국가스공사	유틸리티	메인	36550.0	1154.0		1147352000000.0	151248000000.0	21802116000000.0							판정불가	일반	일반	-222108.6520858384	-222108.6520858384			Y	Y													판정불가				3.1573187414500685				46549.424241439454	127.35820585893147	판정불가		판정불가	판정불가			판정불가	N	주당순현금<=0 / 순현금차감PER<=0	제외	하드필터 미통과	92313000.0	주당순현금 음수(린치식); 주당순현금 음수(보수형); EPS 미추출; fs=2025:CFS,2024:CFS,2022:CFS,2020:CFS
185	071050	한국금융지주	직접추가	메인	191600.0	8690.0	34592.0		111427682000000.0								판정불가	일반	일반	1999563.901886215	1999563.901886215	-52.26537644213156	-52.26537644213156	N	N													판정불가				4.535490605427975						판정불가		판정불가	판정불가			판정불가	N	주당FCF<=0 / 순현금차감PER<=0	제외	하드필터 미통과	55725992.0	fs=2025:CFS,2024:CFS,2022:NA,2020:NA
186	066970	엘앤에프	2차전지	메인	105400.0		-15508.0	382883140911.0	62183142824.0	390410933286.0	781033333338.0						판정불가	일반	일반	1358.2710122097233	-18051.629894608985			N	Y	37.65311556896857			83.80623113793715									1년	83.80623113793715							-4189.943890632833	-3.975278833617489	판정불가		판정불가	1년	37.65311556896857		판정불가	N	주당FCF<=0 / 순현금차감PER<=0	제외	하드필터 미통과	40238914.0	주당순현금 음수(보수형); 단기위험부채 존재; 주당FCF 음수; fs=2025:CFS,2024:CFS,2022:CFS,2020:CFS
187	051910	LG화학	석유화학	watchlist	270500.0	2000.0	-23244.0	9899926000000.0	245464000000.0	2407851000000.0							판정불가	일반	일반	109608.75742571683	109608.75742571683			N	N	163.35825968728756			335.2165193745751									1년	335.2165193745751			0.7393715341959335				-79651.86819199358	-29.446161993343285	판정불가		판정불가	1년	163.35825968728756		판정불가	N	주당FCF<=0 / 순현금차감PER<=0	제외	하드필터 미통과	70592343.0	린치식 단독판정 비중 낮춤; 주당FCF 음수; fs=2025:CFS,2024:CFS,2022:CFS,2020:CFS
188	373220	LG에너지솔루션	2차전지	메인	351000.0		-4585.0	3779307000000.0	46724000000.0	2407851000000.0							판정불가	일반	일반	6060.598290598291	6060.598290598291			N	N													판정불가								-28061.529914529914	-7.99473786738744	판정불가		판정불가	판정불가			판정불가	N	주당FCF<=0 / 순현금차감PER<=0	제외	하드필터 미통과	234000000.0	주당FCF 음수; fs=2025:CFS,2024:CFS,2022:CFS,2020:CFS
189	051900	LG생활건강	직접추가	메인	300000.0	2000.0	-5930.0	1086333734803.0	100697817600.0	120239309804.0	55803511595.0						판정불가	일반	일반	69713.77885077163	66067.07660540048			N	N	-152.33430412143676												1년				0.6666666666666667				22989.9067608023	7.663302253600766	판정불가		판정불가	1년	-152.33430412143676		판정불가	N	순현금차감PER<=0	제외	하드필터 미통과	15302459.0	단기위험부채 존재; fs=2025:CFS,2024:CFS,2022:CFS,2020:CFS
190	004990	롯데지주	직접추가	메인	23400.0	1250.0	-8978.0	1391291862106.0	1039362449959.0	5672138060606.0	3773429305995.0						판정불가	일반	일반	-30897.982305800204	-66866.49579327319			Y	Y	-37.605115018416846												1년				5.3418803418803416				-1991.5043153635747	-8.510702202408439	판정불가		판정불가	1년	-37.605115018416846		판정불가	N	주당순현금<=0 / 주당FCF<=0 / 순현금차감PER<=0	제외	하드필터 미통과	104909237.0	주당순현금 음수(린치식); 주당순현금 음수(보수형); 단기위험부채 존재; 주당FCF 음수; fs=2025:CFS,2024:CFS,2022:CFS,2020:CFS
191	011170	롯데케미칼	석유화학	watchlist	55700.0	1000.0		1870312010924.0	824440281077.0	9399387662619.0							판정불가	일반	일반	-156740.37864171478	-156740.37864171478			Y	Y													판정불가				1.7953321364452424				-26783.67225319289	-48.08558752817395	판정불가		판정불가	판정불가			판정불가	N	주당순현금<=0 / 주당FCF<=0 / 순현금차감PER<=0	제외	하드필터 미통과	42775419.0	린치식 단독판정 비중 낮춤; 주당순현금 음수(린치식); 주당순현금 음수(보수형); 주당FCF 음수; EPS 미추출; fs=2025:CFS,2024:CFS,2022:CFS,2020:CFS
192	251270	넷마블	직접추가	메인	37950.0	876.0		688942929318.0	236601481356.0	377828444422.0	732523334222.0						판정불가	일반	일반	6372.235610039484	-2150.0853795346234			N	Y													판정불가				2.308300395256917				3193.167304922608	8.414143095975252	판정불가		판정불가	판정불가			판정불가	N	순현금차감PER<=0	제외	하드필터 미통과	85953502.0	주당순현금 음수(보수형); 단기위험부채 존재; EPS 미추출; fs=2025:CFS,2024:CFS,2022:CFS,2020:CFS
193	010060	OCI홀딩스	직접추가	메인	272500.0	1000.0	-4809.0	1034744959000.0									판정불가	일반	일반	55422.18002432964	55422.18002432964			N	N	-194.72129210163482												1년				0.3669724770642202				9707.740268037376	3.5624734928577526	판정불가		판정불가	1년	-194.72129210163482		판정불가	N	순현금차감PER<=0	제외	하드필터 미통과	18670232.0	fs=2025:CFS,2024:CFS,2022:CFS,2020:CFS
194	006400	삼성SDI	2차전지	메인	488000.0	1000.0		1803994237947.0		5493341323030.0	5390568184387.0						판정불가	일반	일반	-45781.75616742857	-112674.26384699586			Y	Y													판정불가				0.20491803278688525				-28996.751032548895	-5.941957178801003	판정불가		판정불가	판정불가			판정불가	N	주당순현금<=0 / 주당FCF<=0 / 순현금차감PER<=0	제외	하드필터 미통과	80585530.0	주당순현금 음수(린치식); 주당순현금 음수(보수형); 단기위험부채 존재; 주당FCF 음수; EPS 미추출; fs=2025:CFS,2024:CFS,2022:CFS,2020:CFS
195	137310	에스디바이오센서	직접추가	메인	6150.0	200.0	-4279.0	366780003956.0	488796710916.0	899239816964.0							판정불가	일반	일반	-358.6318204794644	-358.6318204794644			Y	Y	431.55279503105584			871.6055900621117									1년	871.6055900621117			3.2520325203252036				2464.3043924052927	40.06999012041126	판정불가		판정불가	1년	431.55279503105584		판정불가	N	주당순현금<=0 / 순현금차감PER<=0	제외	하드필터 미통과	121749102.0	주당순현금 음수(린치식); 주당순현금 음수(보수형); fs=2025:CFS,2024:CFS,2022:CFS,2020:NA
196	302440	SK바이오사이언스	헬스케어	메인	36500.0		-733.0	105552891515.0	800748039267.0	1496569133.0							판정불가	일반	일반	11535.766059068677	11535.766059068677			N	N	5.014326647564471			18.52865329512894									1년	18.52865329512894							-2012.819504379828	-5.5145739846022686	판정불가		판정불가	1년	5.014326647564471		판정불가	N	주당FCF<=0 / 순현금차감PER<=0	제외	하드필터 미통과	78434701.0	주당FCF 음수; fs=2025:CFS,2024:CFS,2022:CFS,2020:OFS
197	361610	SK아이이테크놀로지	직접추가	메인	14710.0		-2800.0	408979015000.0	44693499000.0	1097240539000.0	169179804000.0						판정불가	일반	일반	-7868.820694217059	-9937.359669189884			Y	Y	-19.075144508670515												1년								-1892.9730116363094	-12.86861326741203	판정불가		판정불가	1년	-19.075144508670515		판정불가	N	주당순현금<=0 / 주당FCF<=0 / 순현금차감PER<=0	제외	하드필터 미통과	81787100.0	주당순현금 음수(린치식); 주당순현금 음수(보수형); 단기위험부채 존재; 주당FCF 음수; fs=2025:CFS,2024:CFS,2022:CFS,2020:NA
198	096770	SK이노베이션	에너지	메인	131500.0	2000.0		16091551855000.0	253291655000.0	22764517807000.0	7201712771000.0						판정불가	일반	일반	-37974.37695614934	-80574.75554913652			Y	Y													판정불가				1.520912547528517				-19919.883669709132	-15.148200509284512	판정불가		판정불가	판정불가			판정불가	N	주당순현금<=0 / 주당FCF<=0 / 순현금차감PER<=0	제외	하드필터 미통과	169052788.0	주당순현금 음수(린치식); 주당순현금 음수(보수형); 단기위험부채 존재; 주당FCF 음수; EPS 미추출; fs=2025:CFS,2024:CFS,2022:CFS,2020:CFS
199	011790	SKC	석유화학	watchlist	86200.0		-25549.0	783286752410.0	262260000000.0	1840079753358.0	1176505206999.0						판정불가	일반	일반	-20981.481685498515	-52049.822993021764			Y	Y	53.32773210106223			115.15546420212446									1년	115.15546420212446							-22628.561644175294	-26.251231605771803	판정불가		판정불가	1년	53.32773210106223		판정불가	N	주당순현금<=0 / 주당FCF<=0 / 순현금차감PER<=0	제외	하드필터 미통과	37868298.0	린치식 단독판정 비중 낮춤; 주당순현금 음수(린치식); 주당순현금 음수(보수형); 단기위험부채 존재; 주당FCF 음수; fs=2025:CFS,2024:CFS,2022:CFS,2020:CFS
200	000670	영풍	직접추가	메인	38200.0	5.0	-464.0	137031350994.0	333746815114.0	234811309711.0	423217185895.0						판정불가	일반	일반	13052.744166069715	-10357.940446676752			N	Y	-99.68345363005008												1년				0.013089005235602096				-6139.559379575671	-16.07214497271118	판정불가		판정불가	1년	-99.68345363005008		판정불가	N	주당FCF<=0 / 순현금차감PER<=0	제외	하드필터 미통과	18077950.0	주당순현금 음수(보수형); 단기위험부채 존재; 주당FCF 음수; fs=2025:CFS,2024:CFS,2022:CFS,2020:CFS
