종목코드	종목명	그룹	판정구분	현재가	현금배당금(FY2025 DPS)	EPS(FY2025)	현금및현금성자산	유가증권성자산	장기부채	단기위험부채	주주지분	총부채	주주지분비중	부채비중	주주대부채배수	주주대부채판정	업종보정유형	업종보정판정	주당순현금(린치식)	주당순현금(보수형)	순현금차감PER(린치식)	순현금차감PER(보수형)	현금보다부채많음(린치형)	현금보다부채많음(보수형)	연간이익증가율(1년,%)	연간이익증가율(3년CAGR,%)	연간이익증가율(5년CAGR,%)	그레이엄적정PER(1년)	그레이엄적정PER(3년)	그레이엄적정PER(5년)	그레이엄내재가치(1년)	그레이엄내재가치(3년)	그레이엄내재가치(5년)	그레이엄괴리율(1년,%)	그레이엄괴리율(3년,%)	그레이엄괴리율(5년,%)	그레이엄사용기준	그레이엄적정PER(선택)	그레이엄내재가치(선택)	그레이엄괴리율(선택,%)	배당수익률(%)	배당감안이익성장률(1년)	배당감안이익성장률(3년)	배당감안이익성장률(5년)	주당잉여현금흐름	잉여현금흐름수익률(%)	배당감안점수기준	배당감안점수	배당감안점수판정	사용연성장률기준	사용연성장률(%)	린치PER배수	린치PER판정	하드필터통과	하드필터사유	종합판정	종합판정사유	발행주식수	비고
"=""090430"""	아모레퍼시픽	직접추가	메인	137800.0	1240.0	3421.0	524558265446.0	595819964751.0		256253631834.0						판정불가	일반	일반	19154.135475076495	14773.189248313625	34.681632424707246	35.962236407976135	N	N	-60.24866372298396	20.627708642947496	46.209846998093965		49.75541728589499	100.91969399618793		170213.28253504678	345246.2731609589		23.521975714838007	150.541562526095	3년	49.75541728589499	170213.28253504678	23.521975714838007	0.8998548621190131	-1.71124611823591	0.6207194413873738	1.358347302783013	8421.099814611242	6.111102913360843	3년	0.6207194413873738	불리(<1)	3년	20.627708642947496	1.6813128896196967	보통	Y	통과	제외	배당감안점수<1	58492759.0	단기위험부채 존재; 배당감안점수<1; fs=2025:CFS,2024:CFS,2022:CFS,2020:CFS
"=""002790"""	아모레퍼시픽홀딩스	직접추가	메인	26700.0	400.0	1366.0	596631422270.0	1336881950600.0		256253631834.0						판정불가	일반	일반	24333.723385937104	21108.710783911738	1.732266920983086	4.093183906360368	N	N	-50.96913137114143												1년				1.4981273408239701	-28.558534156065257			6579.082341427906	24.64075783306332	1년	-28.558534156065257	불리(<1)	1년	-50.96913137114143		판정불가	Y	통과	보류	배당감안점수 또는 린치PER배수 미산출	79458180.0	단기위험부채 존재; 배당감안점수<1; fs=2025:CFS,2024:CFS,2022:CFS,2020:CFS
"=""278470"""	에이피알	직접추가	메인	378000.0	5090.0		154350192148.0	117891913354.0	78219359846.0	0.0						판정불가	일반	일반	5183.525259069071	5183.525259069071			N	N													판정불가				1.3465608465608465						판정불가		판정불가	판정불가			판정불가	N	주당FCF<=0 / 순현금차감PER<=0	제외	하드필터 미통과	37430655.0	EPS 미추출; fs=2025:CFS,2024:CFS,2022:CFS,2020:CFS
"=""002030"""	아세아	직접추가	메인	191100.0	5600.0	18725.0	163716811000.0	12160000.0	658028958000.0	265707008000.0						판정불가	일반	일반	-238487.41512057534	-366684.4193364424	22.941918030471314	29.78821999126528	Y	Y	-50.09727367214776	-25.894534715298978	-3.336896679607082			1.826206640785836			34195.71934871478			-82.10585068094464	3년				2.93040293040293	-2.055925344999406	-1.000968260561093	-0.017718385562368818	-24122.07535681443	-12.622750055894521	3년	-1.000968260561093	불리(<1)	3년	-25.894534715298978		판정불가	N	주당순현금<=0 / 주당FCF<=0	제외	하드필터 미통과	2072646.0	주당순현금 음수(린치식); 주당순현금 음수(보수형); 단기위험부채 존재; 주당FCF 음수; 1년 점수 과열 가능; 배당감안점수<1; fs=2025:CFS,2024:CFS,2022:CFS,2020:CFS
"=""282330"""	BGF리테일	필수소비재	메인	133500.0	4100.0	11303.0	414042445266.0	56154402761.0		0.0						판정불가	일반	일반	27204.316433276137	27204.316433276137	9.404200970248949	9.404200970248949	N	N	0.017697548889472614	0.2966584171548048	9.736317603940137	8.535395097778945	9.09331683430961	27.972635207880273	96475.57079019542	102781.76017820151	316174.6957546707	-27.733654838804934	-23.009917469511976	136.83497809338633	3년	9.09331683430961	102781.76017820151	-23.009917469511976	3.0711610486891385	0.32845518798997364	0.3581186191680025	1.36188908479805	30299.629909466068	22.696351992109413	3년	0.3581186191680025	불리(<1)	3년	0.2966584171548048	31.70043533718974	매우 불리	Y	통과	제외	배당감안점수<1	17283906.0	배당감안점수<1; PER>연성장률의 2배; fs=2025:CFS,2024:CFS,2022:CFS,2020:CFS
"=""138930"""	BNK금융지주	직접추가	메인	14920.0	735.0	2512.0		18192691866568.0	16445000245415.0							판정불가	일반	일반	5631.773694536628	5631.773694536628	3.6975423190538907	3.6975423190538907	N	N	15.547378104875808			39.594756209751615			99462.02759889606			566.6355737191426			1년	39.594756209751615	99462.02759889606	566.6355737191426	4.92627345844504	5.537097292387325					1년	5.537097292387325	안심(>=2)	1년	15.547378104875808	0.23782417164565553	매우 유망	N	주당FCF<=0	제외	하드필터 미통과	310327033.0	fs=2025:CFS,2024:CFS,2022:NA,2020:NA
"=""068270"""	셀트리온	헬스케어	메인	195000.0	750.0	4668.0	1119206211717.0									판정불가	일반	일반	4845.86731932615	4845.86731932615	40.73567538146398	40.73567538146398	N	N	127.9296875	6.22945826601542	3.8046169226709114	264.359375	20.95891653203084	16.109233845341823	1234029.5625	97836.22237151997	75197.90359005563	532.8356730769231	-49.827578271015405	-61.43697251792018	3년	20.95891653203084	97836.22237151997	-49.827578271015405	0.38461538461538464	3.149924523971498	0.16236563132178772	0.10283939736009703	1360.9075488767974	0.6979013071163064	3년	0.16236563132178772	불리(<1)	3년	6.22945826601542	6.539200303130042	매우 불리	Y	통과	제외	배당감안점수<1	230960969.0	1년 점수 과열 가능; 배당감안점수<1; PER>연성장률의 2배; fs=2025:CFS,2024:CFS,2022:CFS,2020:CFS
"=""030000"""	제일기획	직접추가	메인	19120.0	1230.0	2049.0	622369326472.0	216919787330.0	234763824456.0	4043255307.0						판정불가	일반	일반	5254.857894167939	5219.71175149604	6.76678482471062	6.783937651783289	N	N	0.0	2.315711686466715		8.5	13.13142337293343		17416.5	26906.286491140596		-8.90951882845188	40.723255706802284		3년	13.13142337293343	26906.286491140596	40.723255706802284	6.433054393305439	0.9506810930079408	1.2928985192234619		1492.008099731205	7.803389642945632	3년	1.2928985192234619	보통(1~1.5)	3년	2.315711686466715	2.922118873543925	매우 불리	Y	통과	제외	린치PER배수>=2	115041225.0	단기위험부채 존재; PER>연성장률의 2배; fs=2025:CFS,2024:CFS,2022:CFS,2020:CFS
"=""185750"""	종근당	직접추가	메인	68800.0	500.0	5882.0	216235970816.0	108445557936.0		162832228224.0						판정불가	일반	일반	23522.90833817535	11725.848019601848	7.697567436556383	9.703188027949363	N	N	-28.564488705367985	-5.359713960632673	-7.035300955800583										3년				0.7267441860465116	-3.616433990187306	-0.6018745289042621	-0.8195519976602237	-8097.876847707491	-11.770169836784143	3년	-0.6018745289042621	불리(<1)	3년	-5.359713960632673		판정불가	N	주당FCF<=0	제외	하드필터 미통과	13802780.0	단기위험부채 존재; 주당FCF 음수; 배당감안점수<1; fs=2025:CFS,2024:CFS,2022:CFS,2020:CFS
"=""001040"""	CJ	직접추가	메인	145900.0	3300.0	4321.0	2587324564000.0	1114436500000.0	6845375033000.0	4564809586000.0						판정불가	일반	일반	-107742.88598847626	-264195.22512220073	58.700043042924385	94.90748093547806	Y	Y	44.370197126628796	-10.479231651272991	10.856012353166022	97.24039425325759		30.212024706332045	420175.74356832606		130546.15875606076	187.98885782613164		-10.523537521548487	3년				2.2618231665524333	0.7944120289499886	-0.13998982042843786	0.22347233221151208	55371.62013720534	37.95176157450674	3년	-0.13998982042843786	불리(<1)	3년	-10.479231651272991		판정불가	N	주당순현금<=0	제외	하드필터 미통과	29176998.0	주당순현금 음수(린치식); 주당순현금 음수(보수형); 단기위험부채 존재; 1년 점수 과열 가능; 배당감안점수<1; fs=2025:CFS,2024:CFS,2022:CFS,2020:CFS
"=""097950"""	CJ제일제당	필수소비재	메인	203000.0	6000.0	-35668.0	1038957402000.0	243275982000.0	2029479364000.0	4904408060000.0						판정불가	일반	일반	-49637.08964403655	-375420.76602481195			Y	Y	-483.77447815795136												1년				2.955665024630542				48486.635145865745	23.885041943776226	판정불가		판정불가	1년	-483.77447815795136		판정불가	N	주당순현금<=0 / 순현금차감PER<=0	제외	하드필터 미통과	15054186.0	주당순현금 음수(린치식); 주당순현금 음수(보수형); 단기위험부채 존재; fs=2025:CFS,2024:CFS,2022:CFS,2020:CFS
"=""000120"""	CJ대한통운	직접추가	메인	78200.0	800.0	11347.0	307146405592.0	86460297519.0	237118568377.0							판정불가	일반	일반	6859.800761114246	6859.800761114246	6.287141908776395	6.287141908776395	N	N	-6.130046326935801	11.480536742818348			31.461073485636696			356988.8008415196			356.50741795590744		3년	31.461073485636696	356988.8008415196	356.50741795590744	1.0230179028132993	-0.812297304279622	1.9887501868182091		12818.247147684604	16.391620393458574	3년	1.9887501868182091	양호(>=1.5)	3년	11.480536742818348	0.547634840566955	헐값	Y	통과	양호	배당감안점수>=1.5 & 린치PER배수<1	22812344.0	fs=2025:CFS,2024:CFS,2022:CFS,2020:CFS
"=""192820"""	코스맥스	직접추가	메인	202000.0	3300.0	10847.0	192279928597.0									판정불가	일반	일반	16941.695768248654	16941.695768248654	17.060782173112507	17.060782173112507	N	N	43.4408886537953	80.71243772559032	38.50568621710888	95.3817773075906	169.92487545118064	85.51137243421776	1034606.1384554352	1843175.1240189564	927541.8567939601	412.1812566611065	812.4629326826516	359.17913702671297	3년	169.92487545118064	1843175.1240189564	812.4629326826516	1.6336633663366338	2.641997978918495	4.8266310569103315	2.352726221820265	-9341.661092827891	-4.624584699419748	3년	4.8266310569103315	안심(>=2)	3년	80.71243772559032	0.2113773620754276	매우 유망	N	주당FCF<=0	제외	하드필터 미통과	11349509.0	주당FCF 음수; fs=2025:CFS,2024:CFS,2022:CFS,2020:CFS
"=""005420"""	코스모화학	직접추가	메인	9940.0		-791.0	42470783114.0	0.0	359006489619.0	388905499282.0						판정불가	일반	일반	-8241.35147565256	-18366.929236803113			Y	Y	-53.084223013048636												1년								1735.2172172327241	17.456913654252755	판정불가		판정불가	1년	-53.084223013048636		판정불가	N	주당순현금<=0 / 순현금차감PER<=0	제외	하드필터 미통과	38408228.0	주당순현금 음수(린치식); 주당순현금 음수(보수형); 단기위험부채 존재; fs=2025:CFS,2024:CFS,2022:CFS,2020:CFS
"=""021240"""	코웨이	직접추가	메인	96600.0	1940.0	8630.0	182190550994.0	2827952531.0	904957690609.0	910394928000.0						판정불가	일반	일반	-10011.790673154132	-22672.142564755995	12.353625802219481	13.820642243888296	Y	Y	10.06249202907792	10.977619808999673	9.097067548815364	28.62498405815584	30.455239617999347	26.694135097630728	247033.6124218849	262828.71790333436	230370.38589255317	155.72837724832803	172.07941811939372	138.47866034425795	3년	30.455239617999347	262828.71790333436	172.07941811939372	2.008281573498965	0.9771037099414345	1.0511813770630452	0.8989546308193272	-2804.5647658552634	-2.9032761551296726	3년	1.0511813770630452	보통(1~1.5)	3년	10.977619808999673	1.1253464792150782	보통	N	주당순현금<=0 / 주당FCF<=0	제외	하드필터 미통과	71909133.0	주당순현금 음수(린치식); 주당순현금 음수(보수형); 단기위험부채 존재; 주당FCF 음수; fs=2025:CFS,2024:CFS,2022:CFS,2020:CFS
"=""112610"""	씨에스윈드	직접추가	메인	42250.0	1000.0	837.0	478878903508.0	28665354936.0	782993106603.0	242475043746.0						판정불가	일반	일반	-6531.6500890188545	-12281.40054778353	58.28154132499266	65.1510161861213	Y	Y	-75.62609202096681	371.20709785870895	-15.050492534791582		750.9141957174179			628515.1818154788			1387.6098977881156		3년	750.9141957174179	628515.1818154788	1387.6098977881156	2.366863905325444	-1.2569885155769873	6.409816097362477	-0.21762685648169475	10303.466412416965	24.386902751282758	3년	6.409816097362477	안심(>=2)	3년	371.20709785870895	0.15700546045909963	매우 유망	N	주당순현금<=0	제외	하드필터 미통과	42171403.0	주당순현금 음수(린치식); 주당순현금 음수(보수형); 단기위험부채 존재; fs=2025:CFS,2024:CFS,2022:CFS,2020:CFS
"=""001680"""	대상	직접추가	메인	18260.0	850.0	-8438.0	595682138976.0	95932724888.0	719633177987.0	369419425431.0						판정불가	일반	일반	-808.6554463926876	-11470.718447992345			Y	Y	-419.37925813777446												1년				4.6549835706462215						판정불가		판정불가	1년	-419.37925813777446		판정불가	N	주당순현금<=0 / 주당FCF<=0 / 순현금차감PER<=0	제외	하드필터 미통과	34648025.0	주당순현금 음수(린치식); 주당순현금 음수(보수형); 단기위험부채 존재; fs=2025:CFS,2024:CFS,2022:CFS,2020:CFS
"=""047040"""	대우건설	직접추가	메인	16870.0		-2220.0	1828879779729.0	434603860342.0	3056914611252.0	366055916900.0						판정불가	일반	일반	-1909.0176969162108	-2789.758742835851			Y	Y	-489.47368421052636												1년								846.7375999427635	5.019191463798242	판정불가		판정불가	1년	-489.47368421052636		판정불가	N	주당순현금<=0 / 순현금차감PER<=0	제외	하드필터 미통과	415622638.0	주당순현금 음수(린치식); 주당순현금 음수(보수형); 단기위험부채 존재; fs=2025:CFS,2024:CFS,2022:CFS,2020:CFS
"=""003090"""	대웅	직접추가	메인	17880.0	200.0	4280.0	255917494906.0	69412115604.0	668965344648.0	118388808025.0						판정불가	일반	일반	-5910.286064182885	-7946.487927707312	5.558478052379178	6.034226151333484	Y	Y	202.2598870056497	20.159526008317698	12.806544500421424	413.0197740112994	48.819052016635396	34.11308900084285	1767724.6327683614	208945.5426311995	146004.0209236074	9786.603091545645	1068.599231718118	716.5772982304665	3년	48.819052016635396	208945.5426311995	1068.599231718118	1.1185682326621924	36.588874386444765	3.828043223427372	2.5052024316482266	-1554.3945053642824	-8.693481573625741	3년	3.828043223427372	안심(>=2)	3년	20.159526008317698	0.2757246400577962	매우 유망	N	주당순현금<=0 / 주당FCF<=0	제외	하드필터 미통과	58141980.0	주당순현금 음수(린치식); 주당순현금 음수(보수형); 단기위험부채 존재; 주당FCF 음수; 1년 점수 과열 가능; fs=2025:CFS,2024:CFS,2022:CFS,2020:CFS
"=""069620"""	대웅제약	직접추가	메인	128000.0	600.0	17022.0	168941641596.0	50139032546.0	550560567693.0	70828808025.0						판정불가	일반	일반	-28608.962834228405	-34721.96931155238	9.20038555012504	9.559509417903442	Y	Y	691.7209302325581	64.61424206621207	70.08103158930474	1391.9418604651162	137.72848413242414	148.6620631786095	23693634.348837208	2344414.256902124	2530525.6394262905	18410.651835029068	1731.5736382047842	1876.9731558017895	3년	137.72848413242414	2344414.256902124	1731.5736382047842	0.46875	75.23485580701026	7.073941815984826	7.66813316734818	-7954.179962240783	-6.214203095500612	3년	7.073941815984826	안심(>=2)	3년	64.61424206621207	0.1423894370020953	매우 유망	N	주당순현금<=0 / 주당FCF<=0	제외	하드필터 미통과	11586575.0	주당순현금 음수(린치식); 주당순현금 음수(보수형); 단기위험부채 존재; 주당FCF 음수; 1년 점수 과열 가능; fs=2025:CFS,2024:CFS,2022:CFS,2020:CFS
"=""005830"""	DB손해보험	직접추가	메인	159800.0	7600.0	29597.0	1713419000000.0	38577437000000.0								판정불가	일반	일반	580693.762250663	580693.762250663	-14.22082515966696	-14.22082515966696	N	N	-4.024255788313125			0.4514884233737497			13362.70286659287			-91.63785803091811			1년	0.4514884233737497	13362.70286659287	-91.63785803091811	4.755944931163955	-0.05145194703089688					1년	-0.05145194703089688	불리(<1)	1년	-4.024255788313125		판정불가	N	주당FCF<=0 / 순현금차감PER<=0	제외	하드필터 미통과	69384000.0	배당감안점수<1; fs=2025:CFS,2024:CFS,2022:NA,2020:NA
"=""000210"""	DL	직접추가	메인	49700.0	1000.0	-3845.0	1148320161495.0	191085453910.0	4026838230267.0	1422974217066.0						판정불가	일반	일반	-128242.38838418842	-196145.71410721686			Y	Y	-196.17308654327164												1년				2.0120724346076457				13042.307430075487	26.242067263733375	판정불가		판정불가	1년	-196.17308654327164		판정불가	N	주당순현금<=0 / 순현금차감PER<=0	제외	하드필터 미통과	20955884.0	주당순현금 음수(린치식); 주당순현금 음수(보수형); 단기위험부채 존재; fs=2025:CFS,2024:CFS,2022:CFS,2020:CFS
"=""375500"""	DL이앤씨	직접추가	메인	72100.0	890.0	8796.0	1844315983193.0	467317685812.0	444336959874.0	519274372386.0						판정불가	일반	일반	48258.513014689786	34838.3591979743	2.7104919264791056	4.236202910644122	N	N	61.010433827567276	-4.5977556239353845		130.52086765513457			1148061.5518945637			1492.318379881503			3년				1.234396671289875	22.964403579579145	-1.2408666190031674		5614.431755408378	7.78700659557334	3년	-1.2408666190031674	불리(<1)	3년	-4.5977556239353845		판정불가	Y	통과	보류	배당감안점수 또는 린치PER배수 미산출	38693623.0	단기위험부채 존재; 1년 점수 과열 가능; 배당감안점수<1; fs=2025:CFS,2024:CFS,2022:CFS,2020:NA
"=""007340"""	DN오토모티브	직접추가	메인	47800.0	1000.0	5440.0	387784364000.0	182678434000.0	166472358000.0	641674039000.0						판정불가	일반	일반	6904.537131693404	-4062.213043680007	7.5175483213798895	9.533495044794119	N	Y	-12.568306010928964	-36.239823236398784	0.45844418153007105			9.416888363060142			51227.872695047176			7.17128178880162	3년				2.092050209205021	-1.3935734569114107	-4.542408185136313	0.3392720979899114	1407.8963795869365	2.945389915453842	3년	-4.542408185136313	불리(<1)	3년	-36.239823236398784		판정불가	Y	통과	보류	배당감안점수 또는 린치PER배수 미산출	58510865.0	주당순현금 음수(보수형); 단기위험부채 존재; 1년 점수 과열 가능; 배당감안점수<1; fs=2025:CFS,2024:CFS,2022:CFS,2020:CFS
"=""026960"""	동서	직접추가	메인	26250.0	1140.0	1468.0	38923278454.0	723123250000.0	100000000.0	1896791452.0						판정불가	일반	일반	7642.392461925778	7623.367472437312	12.675481974165	12.688441776268862	N	N	-7.90464240903388	-4.791896569068244	4.358606974752632			17.217213949505265			25274.87007787373			-3.71478065571913	3년				4.3428571428571425	-0.2809980143900106	-0.03542582657813938	0.6864799409872526	1043.7561603209629	3.9762139440798587	3년	-0.03542582657813938	불리(<1)	3년	-4.791896569068244		판정불가	Y	통과	보류	배당감안점수 또는 린치PER배수 미산출	99700000.0	단기위험부채 존재; 배당감안점수<1; fs=2025:CFS,2024:CFS,2022:CFS,2020:CFS
"=""006040"""	동원산업	직접추가	메인	37000.0	1150.0	8793.0	462412200801.0	2315664040.0	920658109908.0	869187931428.0						판정불가	일반	일반	-10327.316971310991	-30015.370950217297	5.382385644411576	7.621445576051098	Y	Y	362.7894736842105	15.223245686790676	-33.98325939665047	734.078947368421	38.94649137358135		6454756.184210526	342456.4986479008		17345.286984352773	825.5581044537861		3년	38.94649137358135	342456.4986479008	825.5581044537861	3.1081081081081083	67.98055842992649	3.4058046015212353	-5.73633205205194	2047.1984446583815	5.532968769346977	3년	3.4058046015212353	안심(>=2)	3년	15.223245686790676	0.35356360628679284	매우 유망	N	주당순현금<=0	제외	하드필터 미통과	44147986.0	주당순현금 음수(린치식); 주당순현금 음수(보수형); 단기위험부채 존재; 1년 점수 과열 가능; fs=2025:CFS,2024:CFS,2022:CFS,2020:CFS
"=""014820"""	동원시스템즈	직접추가	메인	21350.0	600.0	1884.0	158748112816.0	38387113087.0	134729679435.0	120000000000.0						판정불가	일반	일반	2152.5625002716333	-1986.6128559613196	10.189722664399346	12.386737184692846	N	Y	-25.386138613861387	-8.631888523856201	-1.217505302346611			6.064989395306778			11426.44002075797			-46.480374610032925	3년				2.810304449648712	-2.2155494224673733	-0.5713191875718882	0.1563142785884636	2395.320646013515	11.219300449712016	3년	-0.5713191875718882	불리(<1)	3년	-8.631888523856201		판정불가	Y	통과	보류	배당감안점수 또는 린치PER배수 미산출	28991282.0	주당순현금 음수(보수형); 단기위험부채 존재; 배당감안점수<1; fs=2025:CFS,2024:CFS,2022:CFS,2020:CFS
"=""000150"""	두산	직접추가	메인	1188000.0	4000.0	4194.0	4927903000000.0	175670000000.0	4309343000000.0	3985915000000.0						판정불가	일반	일반	49045.20763611584	-197092.59727544463	271.567666276558	330.25574565461244	N	Y	-133.60576923076923												1년				0.33670033670033667	-0.4907398245207545			5159.062075166259	0.43426448444160426	1년	-0.4907398245207545	불리(<1)	1년	-133.60576923076923		판정불가	Y	통과	보류	배당감안점수 또는 린치PER배수 미산출	16193835.0	주당순현금 음수(보수형); 단기위험부채 존재; 배당감안점수<1; fs=2025:CFS,2024:CFS,2022:CFS,2020:CFS
"=""241560"""	두산밥캣	직접추가	메인	64000.0	1700.0	2.95	1389744000.0	5896000.0	976095000.0	54294000.0						판정불가	일반	일반	4.376822687223808	3.810410953130613	21693.431585529754	21693.62358950741	N	N	-28.743961352657	-92.28374718011123	-73.96450801980052										3년				2.65625	-0.0012025626858435056	-0.004131549995985687	-0.0032870898151201454	6.059063659665145	0.009467286968226789	3년	-0.004131549995985687	불리(<1)	3년	-92.28374718011123		판정불가	Y	통과	보류	배당감안점수 또는 린치PER배수 미산출	95856065.0	단기위험부채 존재; 1년 점수 과열 가능; 배당감안점수<1; fs=2025:CFS,2024:CFS,2022:CFS,2020:CFS
"=""034020"""	두산에너빌리티	전력/에너지설비	메인	76400.0		132.0	3080997000000.0	107870000000.0	3096393000000.0	1883572000000.0						판정불가	일반	일반	144.364047956165	-2796.1389965416356	577.6942117579079	599.9707499738003	N	Y	-24.13793103448276												1년					-0.04178323158376763			83.81713492188614	0.10970829178257348	1년	-0.04178323158376763	불리(<1)	1년	-24.13793103448276		판정불가	Y	통과	보류	배당감안점수 또는 린치PER배수 미산출	640561146.0	주당순현금 음수(보수형); 단기위험부채 존재; 배당감안점수<1; fs=2025:CFS,2024:CFS,2022:CFS,2020:CFS
"=""454910"""	두산로보틱스	직접추가	메인	70700.0		-856.0	156738581281.0	40399292507.0	16815636710.0							판정불가	일반	일반	2781.8928219046043	2781.8928219046043			N	N													판정불가								-504.36322470324734	-0.7133850420130797	판정불가		판정불가	판정불가			판정불가	N	주당FCF<=0 / 순현금차감PER<=0	제외	하드필터 미통과	64819980.0	주당FCF 음수; fs=2025:CFS,2024:CFS,2022:NA,2020:NA
"=""192080"""	더블유게임즈	직접추가	메인	62100.0	1200.0	6651.0	569919505893.0	290204328298.0	53240025218.0							판정불가	일반	일반	37536.62715928326	37536.62715928326	3.693184910647532	3.693184910647532	N	N	-29.55195424213537		0.05119867759955099			8.602397355199102			57214.54480942923			-7.867077601563233	5년	8.602397355199102	57214.54480942923	-7.867077601563233	1.932367149758454	-7.478528089061841		0.5370881435260232	10978.50357230814	17.678749713861738	5년	0.5370881435260232	불리(<1)	5년	0.05119867759955099	72.13438088252344	매우 불리	Y	통과	제외	배당감안점수<1	21495906.0	배당감안점수<1; PER>연성장률의 2배; fs=2025:CFS,2024:CFS,2022:CFS,2020:CFS
"=""450080"""	에코프로머티	직접추가	메인	35450.0		345.0	45037598354.0	777438041.0								판정불가	일반	일반	649.3175374808915	649.3175374808915	100.8715433696206	100.8715433696206	N	N	-155.8252427184466	5.476875138059767			19.453750276119536			6711.54384526124			-81.06757730532796		3년	19.453750276119536	6711.54384526124	-81.06757730532796		-1.5447889217622137	0.05429554218270475		-2943.2049268330334	-8.30241164127795	3년	0.05429554218270475	불리(<1)	3년	5.476875138059767	18.417718284035093	매우 불리	N	주당FCF<=0	제외	하드필터 미통과	70558754.0	주당FCF 음수; 배당감안점수<1; PER>연성장률의 2배; fs=2025:OFS,2024:OFS,2022:OFS,2020:NA
"=""139480"""	이마트	직접추가	메인	81400.0	2500.0	5084.0	1303365061491.0	1225715519294.0	5485558368112.0	3111389126654.0						판정불가	일반	일반	-107134.98980867355	-219883.5596791311	37.08398698046294	59.26112503523429	Y	Y	-122.85971223021583	-48.64098247110502	-16.302783941696873										3년				3.0712530712530715	-3.230193647249182	-1.2288249756925969	-0.35679903774679367	20093.231814609306	24.684559968807502	3년	-1.2288249756925969	불리(<1)	3년	-48.64098247110502		판정불가	N	주당순현금<=0	제외	하드필터 미통과	27595819.0	주당순현금 음수(린치식); 주당순현금 음수(보수형); 단기위험부채 존재; 1년 점수 과열 가능; 배당감안점수<1; fs=2025:CFS,2024:CFS,2022:CFS,2020:CFS
"=""383220"""	F&F	직접추가	메인	67000.0	2700.0	10611.0	325383761882.0	16380800000.0	136145710441.0	186267116479.0						판정불가	일반	일반	5367.64687570116	505.17391270411537	5.8083454080010215	6.26659373172141	N	N	11.64772727272727	-2.8457492223840752		31.79545454545454	2.8085015552318495		337381.5681818181	29801.010002565155		403.55457937584794	-55.52088059318634		3년	2.8085015552318495	29801.010002565155	-55.52088059318634	4.029850746268656	2.6991469889858815	0.20386210542049996		8579.832305807739	12.805719859414536	3년	0.20386210542049996	불리(<1)	3년	-2.8457492223840752		판정불가	Y	통과	보류	배당감안점수 또는 린치PER배수 미산출	38307075.0	단기위험부채 존재; 1년 점수 과열 가능; 배당감안점수<1; fs=2025:CFS,2024:CFS,2022:CFS,2020:NA
"=""093370"""	후성	직접추가	메인	9860.0		50.0	67697035372.0	6532556311.0	163041804446.0	95387151720.0						판정불가	일반	일반	-828.0447485733343	-1717.3912427755338	213.76089497146668	231.54782485551067	Y	Y	-107.48502994011977	-63.71940165586019	-5.111991994525078										3년					-0.5028283117661307	-0.2980872701920789	-0.023914533082430436	3.33571650938	0.03383079624117647	3년	-0.2980872701920789	불리(<1)	3년	-63.71940165586019		판정불가	N	주당순현금<=0	제외	하드필터 미통과	107255330.0	주당순현금 음수(린치식); 주당순현금 음수(보수형); 단기위험부채 존재; 1년 점수 과열 가능; 배당감안점수<1; fs=2025:CFS,2024:CFS,2022:CFS,2020:CFS
"=""114090"""	GKL	직접추가	메인	9310.0	414.0	761.0	213092869283.0		30375090489.0							판정불가	일반	일반	2953.9374287595624	2953.9374287595624	8.352250422129353	8.352250422129353	N	N	42.509363295880156			93.51872659176031			71167.7509363296			664.422673859609			1년	93.51872659176031	71167.7509363296	664.422673859609	4.446831364124598	5.62198117714406			1553.3159719230266	16.684382082954098	1년	5.62198117714406	안심(>=2)	1년	42.509363295880156	0.19648025222101648	매우 유망	Y	통과	매우 유망	배당감안점수>=2 & 린치PER배수<=0.5	61855670.0	fs=2025:CFS,2024:CFS,2022:CFS,2020:CFS
"=""006280"""	녹십자	직접추가	메인	126500.0	1500.0		49372311054.0		105096001522.0							판정불가	일반	일반	-4768.194863868153	-4768.194863868153			Y	Y													판정불가				1.185770750988142				-497.6412769975163	-0.3933923138320287	판정불가		판정불가	판정불가			판정불가	N	주당순현금<=0 / 주당FCF<=0 / 순현금차감PER<=0	제외	하드필터 미통과	11686538.0	주당순현금 음수(린치식); 주당순현금 음수(보수형); 주당FCF 음수; EPS 미추출; fs=2025:CFS,2024:CFS,2022:CFS,2020:CFS
"=""005250"""	녹십자홀딩스	직접추가	메인	10260.0	300.0	0.0	79656808438.0		2117348227.0							판정불가	일반	일반	1648.7861266886407	1648.7861266886407			N	N	-100.0												1년				2.923976608187134				-2674.1633975649934	-26.063970736500906	판정불가		판정불가	1년	-100.0		판정불가	N	주당FCF<=0 / 순현금차감PER<=0	제외	하드필터 미통과	47028210.0	주당FCF 음수; fs=2025:CFS,2024:CFS,2022:CFS,2020:CFS
"=""078930"""	GS	직접추가	메인	98800.0	3000.0	8550.0	1610917000000.0	857643000000.0	104176000000.0							판정불가	일반	일반	25446.638122701283	25446.638122701283	8.579340570444293	8.579340570444293	N	N	41.60317986088109	-27.687155007765817		91.70635972176218			784089.3756210667			693.6127283614036			3년				3.0364372469635628	5.203152473236406	-2.8732648574091613		3039.077126716312	3.0759889946521373	3년	-2.8732648574091613	불리(<1)	3년	-27.687155007765817		판정불가	Y	통과	보류	배당감안점수 또는 린치PER배수 미산출	92915378.0	1년 점수 과열 가능; 배당감안점수<1; fs=2025:CFS,2024:CFS,2022:CFS,2020:CFS
"=""006360"""	GS건설	직접추가	메인	32600.0	500.0	1073.0	3015810000000.0	301590000000.0								판정불가	일반	일반	38763.054954990854	38763.054954990854	-5.74376044267554	-5.74376044267554	N	N	-62.91047355686139	-35.490770024369326	-22.823533314849886										3년				1.5337423312883436	10.685809730076894	5.911985367771228	3.706594520443544	3464.721168093708	10.627979043232234	3년	5.911985367771228	안심(>=2)	3년	-35.490770024369326		판정불가	N	순현금차감PER<=0	제외	하드필터 미통과	85581490.0	fs=2025:CFS,2024:CFS,2022:CFS,2020:CFS
"=""007070"""	GS리테일	직접추가	메인	26450.0	600.0	585.0	294440001357.0	139922954133.0	2214168472527.0							판정불가	일반	일반	-21287.651544267934	-21287.651544267934	81.60282315259477	81.60282315259477	Y	Y	-345.7983193277311	17.566734386037865	-23.182279339928648		43.63346877207573			25525.579231664302			-3.4949745494733397		3년	43.63346877207573	25525.579231664302	-3.4949745494733397	2.2684310018903595	-4.2097794543633675	0.24306959761474276	-0.2562882940818118	8424.851248528614	31.851989597461678	3년	0.24306959761474276	불리(<1)	3년	17.566734386037865	4.645304093483256	매우 불리	N	주당순현금<=0	제외	하드필터 미통과	83607415.0	주당순현금 음수(린치식); 주당순현금 음수(보수형); 배당감안점수<1; PER>연성장률의 2배; fs=2025:CFS,2024:CFS,2022:CFS,2020:CFS
"=""086790"""	하나금융지주	직접추가	메인	133300.0	4105.0	13954.0		73098647000000.0	72812888000000.0							판정불가	일반	일반	1026.7067789838566	1026.7067789838566	9.479238442096614	9.479238442096614	N	N	10.491725393934592			29.483450787869184			411412.0722939266			208.63621327376342			1년	29.483450787869184	411412.0722939266	208.63621327376342	3.0795198799699923	1.4316809685507712			-14044.963863826157	-10.536356987116397	1년	1.4316809685507712	보통(1~1.5)	1년	10.491725393934592	0.9034966210206654	헐값	N	주당FCF<=0	제외	하드필터 미통과	278325814.0	주당FCF 음수; fs=2025:CFS,2024:CFS,2022:NA,2020:NA
"=""009420"""	한올바이오파마	직접추가	메인	55600.0		-109.0	24743015950.0	0.0	15000000000.0	15739600000.0						판정불가	일반	일반	186.5026217711966	-114.78772617593224			N	Y	202.77777777777777			414.05555555555554									1년	414.05555555555554							-315.0056843677905	-0.5665569862730044	판정불가		판정불가	1년	202.77777777777777		판정불가	N	주당FCF<=0 / 순현금차감PER<=0	제외	하드필터 미통과	52240638.0	주당순현금 음수(보수형); 단기위험부채 존재; 주당FCF 음수; fs=2025:CFS,2024:CFS,2022:CFS,2020:CFS
"=""300720"""	한일시멘트	직접추가	메인	14730.0	1000.0	1061.0	129285266021.0		337958155586.0	209542035372.0						판정불가	일반	일반	-2837.341716779947	-5686.501277561126	16.557343748143214	19.242696774327168	Y	Y	-60.067745577719236	-2.308290966967641	-43.43181980026135		3.883418066064718			4120.306568094666			-72.027789761747		3년	3.883418066064718	4120.306568094666	-72.027789761747	6.788866259334691	-3.2178397772504654	0.27060954706998297	-2.2130937243503146	83.57535581957487	0.5673819132354031	3년	0.27060954706998297	불리(<1)	3년	-2.308290966967641		판정불가	N	주당순현금<=0	제외	하드필터 미통과	73545209.0	주당순현금 음수(린치식); 주당순현금 음수(보수형); 단기위험부채 존재; 배당감안점수<1; fs=2025:CFS,2024:CFS,2022:CFS,2020:CFS
"=""180640"""	한진칼	직접추가	메인	127200.0	360.0		110930322000.0	30600000000.0	366131984000.0	0.0						판정불가	일반	일반	-3364.2000447588075	-3364.2000447588075			Y	Y													판정불가				0.2830188679245283				1732.6632753204844	1.3621566629878024	판정불가		판정불가	판정불가			판정불가	N	주당순현금<=0 / 순현금차감PER<=0	제외	하드필터 미통과	66762279.0	주당순현금 음수(린치식); 주당순현금 음수(보수형); EPS 미추출; fs=2025:CFS,2024:CFS,2022:CFS,2020:CFS
"=""161390"""	한국타이어앤테크놀로지	직접추가	메인	70500.0	2300.0	8931.0	2603079747970.0	489388296676.0								판정불가	일반	일반	24964.41026923666	24964.41026923666	5.098599230854702	5.098599230854702	N	N	-2.2545693334792616	16.43379388057411	24.1178312692236	3.990861333041477	41.36758776114822	56.7356625384472	35642.38256539343	369453.9262948148	506706.20213087194	-49.44342898525754	424.04812240399264	618.7322016040737	3년	41.36758776114822	369453.9262948148	424.04812240399264	3.2624113475177303	0.19767037345069374	3.8630620561228297	5.370149991599056	-5650.2614211339005	-8.014555207282129	3년	3.8630620561228297	안심(>=2)	3년	16.43379388057411	0.31025089324514415	매우 유망	N	주당FCF<=0	제외	하드필터 미통과	123875069.0	주당FCF 음수; fs=2025:CFS,2024:CFS,2022:CFS,2020:CFS
"=""000240"""	한국앤컴퍼니	직접추가	메인	26400.0	1100.0	3666.0	87970654737.0	34240766097.0	15178888600.0	83728229501.0						판정불가	일반	일반	1127.4267830786544	245.4757867889732	6.893773381593384	7.1343492125507435	N	N	-0.9991898460707582	28.543628944993937	19.90708834889714	6.5016203078584835	65.58725788998788	48.31417669779428	23834.9400486092	240442.88742469557	177119.77177411385	-9.716136179510604	810.7685129723317	570.9082264170979	3년	65.58725788998788	240442.88742469557	810.7685129723317	4.166666666666666	0.4594692406125768	4.744904394304321	3.4921013040320665	2176.2560889928754	8.243394276488164	3년	4.744904394304321	안심(>=2)	3년	28.543628944993937	0.24151706129862768	매우 유망	Y	통과	매우 유망	배당감안점수>=2 & 린치PER배수<=0.5	94935240.0	단기위험부채 존재; fs=2025:CFS,2024:CFS,2022:CFS,2020:CFS
"=""128940"""	한미약품	헬스케어	메인	391000.0	2000.0	13372.0	108273819495.0		91812500000.0	319500000000.0						판정불가	일반	일반	1284.9372460725326	-23654.585387266292	29.14411178237567	31.009167318820392	N	Y	39.77213337514372	26.231706206675454	68.07388619564503	88.04426675028743	60.96341241335091	144.64777239129006	1177327.9349848435	815202.7507913284	1934230.0124163306	201.1068887429267	108.49175212054436	394.6879827151741	3년	60.96341241335091	815202.7507913284	108.49175212054436	0.5115089514066496	1.3822223379925103	0.9176198388812982	2.3533191081337863	7534.569419649112	1.9269998515726627	3년	0.9176198388812982	불리(<1)	3년	26.231706206675454	1.1110261586781216	보통	Y	통과	제외	배당감안점수<1	12810991.0	주당순현금 음수(보수형); 단기위험부채 존재; 배당감안점수<1; fs=2025:CFS,2024:CFS,2022:CFS,2020:CFS
"=""008930"""	한미사이언스	직접추가	메인	43800.0	300.0	1748.0	127389343692.0	0.0	0.0	199600000000.0						판정불가	일반	일반	1862.6474131965133	-1055.8417861270873	23.991620472999706	25.66123671975234	N	Y	99.08883826879271	20.062307210120522	38.49990058066466	206.67767653758543	48.624614420241045	85.49980116132932	361272.57858769933	84995.82600658135	149453.65243000365	724.8232387847016	94.05439727529989	241.21838454338734	3년	48.624614420241045	84995.82600658135	94.05439727529989	0.684931506849315	4.158692402121313	0.864770211762848	1.6332715887871263	667.8946648379807	1.5248736640136547	3년	0.864770211762848	불리(<1)	3년	20.062307210120522	1.1958555026461275	보통	Y	통과	제외	배당감안점수<1	68391550.0	주당순현금 음수(보수형); 단기위험부채 존재; 1년 점수 과열 가능; 배당감안점수<1; fs=2025:CFS,2024:CFS,2022:CFS,2020:CFS
"=""042700"""	한미반도체	반도체소부장	메인	200500.0	800.0	2256.0	276235377529.0	1620849416.0	1700783956.0							판정불가	일반	일반	2897.3777017947336	2897.3777017947336	87.58981484849525	87.58981484849525	N	N	41.97608558842039	33.93410123050573	17.576648487156234	92.45217117684078	76.36820246101146	43.65329697431247	208572.0981749528	172286.66475204186	98481.83797404893	4.025984127158488	-14.07148890172476	-50.881876322170115	3년	76.36820246101146	172286.66475204186	-14.07148890172476	0.399002493765586	0.48379013194036863	0.3919759824091139	0.2052253565327708	1415.2619637779844	0.7058663160987453	3년	0.3919759824091139	불리(<1)	3년	33.93410123050573	2.5811738538032842	매우 불리	Y	통과	제외	배당감안점수<1	95312200.0	배당감안점수<1; PER>연성장률의 2배; fs=2025:CFS,2024:CFS,2022:CFS,2020:CFS
"=""018880"""	한온시스템	직접추가	메인	3610.0	316.0	-292.0	924789114632.0	12500000000.0	551438792860.0							판정불가	일반	일반	375.9762265709175	375.9762265709175			N	N	-55.69044006069803												1년				8.753462603878116				-358.42775774108145	-9.928746751830511	판정불가		판정불가	1년	-55.69044006069803		판정불가	N	주당FCF<=0 / 순현금차감PER<=0	제외	하드필터 미통과	1026262552.0	주당FCF 음수; fs=2025:CFS,2024:CFS,2022:CFS,2020:CFS
"=""014680"""	한솔케미칼	직접추가	메인	223500.0	2600.0	13428.0	112551479633.0	97254225348.0	138153315888.0	52809626645.0						판정불가	일반	일반	6321.231270657452	1662.3236254868134	16.17357527028169	16.520529965334614	N	N	22.295081967213104	-1.612254890420728	3.943248256290177	53.09016393442621	5.275490219158544	16.386496512580354	712894.7213114752	70839.28266286093	220037.875170929	218.96855539663318	-68.30457151549847	-1.5490491405239282	3년	5.275490219158544	70839.28266286093	-68.30457151549847	1.1633109619686801	1.4504147992735816	-0.027757865589370618	0.315734717458666	10281.03332708436	4.600014911447141	3년	-0.027757865589370618	불리(<1)	3년	-1.612254890420728		판정불가	Y	통과	보류	배당감안점수 또는 린치PER배수 미산출	11335195.0	단기위험부채 존재; 1년 점수 과열 가능; 배당감안점수<1; fs=2025:CFS,2024:CFS,2022:CFS,2020:CFS
"=""009240"""	한샘	직접추가	메인	40250.0	8530.0	2808.0	98241927402.0	251054722982.0	161476119968.0	96981921492.0						판정불가	일반	일반	7980.840700116019	3859.9000100620688	11.49186584753703	12.959437318353965	N	N	-69.38174681059863		-5.701809832138416										5년				21.192546583850934	-4.193331254130133		1.3479740328706098	2308.508445254018	5.735424708705636	5년	1.3479740328706098	보통(1~1.5)	5년	-5.701809832138416		판정불가	Y	통과	보류	배당감안점수 또는 린치PER배수 미산출	23533928.0	단기위험부채 존재; fs=2025:CFS,2024:CFS,2022:CFS,2020:CFS
"=""000880"""	한화	직접추가	메인	83800.0	1100.0	4122.0	14684582000000.0	103264989000000.0	60168760000000.0							판정불가	일반	일반	770834.9267100092	770834.9267100092	-166.67513991023998	-166.67513991023998	N	N	-50.52808449351897	-33.7392629586393	7.803689278908865			24.107378557817732			99370.61441532469			18.58068545981466	3년				1.3126491646778042	0.2952776002188766	0.19454979195712263	-0.054695249984467495	29660.332448246358	35.39419146568778	3년	0.19454979195712263	불리(<1)	3년	-33.7392629586393		판정불가	N	순현금차감PER<=0	제외	하드필터 미통과	74958735.0	배당감안점수<1; fs=2025:CFS,2024:CFS,2022:CFS,2020:CFS
"=""012450"""	한화에어로스페이스	우주항공/방산	메인	1054000.0	7000.0	28530.0	7713355500000.0		12463889065000.0							판정불가	일반	일반	-92129.95017531911	-92129.95017531911	40.17279881441707	40.17279881441707	Y	Y	-37.89049744203766	93.07351740567623	64.20288154253949		194.64703481135246	136.90576308507897		5553279.903167886	3905921.420817303		426.8766511544483	270.580779963691	3년	194.64703481135246	5553279.903167886	426.8766511544483	0.6641366223908919	-0.9266558944926463	2.333361299049617	1.6146999979909575	39867.85493454941	3.7825289311716705	3년	2.333361299049617	안심(>=2)	3년	93.07351740567623	0.4316243753775558	매우 유망	N	주당순현금<=0	제외	하드필터 미통과	51563401.0	주당순현금 음수(린치식); 주당순현금 음수(보수형); fs=2025:CFS,2024:CFS,2022:CFS,2020:CFS
"=""082740"""	한화엔진	직접추가	메인	43450.0		2071.0	276708027934.0	133988650000.0	53947006810.0	30000000000.0						판정불가	일반	일반	4275.157453852644	3915.6484367553294	18.91590658915855	19.089498581962662	N	N	113.94628099173553		62.28278611303117	236.39256198347107		133.06557222606233	489568.9958677686		275578.8000801751	1026.7410721927931		534.2434984584007	5년	133.06557222606233	275578.8000801751	534.2434984584007		6.023833986209397		3.2926143835330572	3492.7128128726085	8.038464471513484	5년	3.2926143835330572	안심(>=2)	5년	62.28278611303117	0.3037100259906461	매우 유망	Y	통과	매우 유망	배당감안점수>=2 & 린치PER배수<=0.5	83447142.0	단기위험부채 존재; fs=2025:CFS,2024:OFS,2022:CFS,2020:CFS
"=""088350"""	한화생명	직접추가	메인	4580.0	150.0	693.0	3103115000000.0	104518986000000.0								판정불가	일반	일반	123912.9344985205	123912.9344985205	-172.19759667896176	-172.19759667896176	N	N	-25.96153846153846												1년				3.2751091703056767	0.13174649198808766					1년	0.13174649198808766	불리(<1)	1년	-25.96153846153846		판정불가	N	주당FCF<=0 / 순현금차감PER<=0	제외	하드필터 미통과	868530000.0	배당감안점수<1; fs=2025:CFS,2024:CFS,2022:NA,2020:NA
"=""042660"""	한화오션	직접추가	메인	90700.0		4007.0	778471159631.0		5646344947762.0							판정불가	일반	일반	-15886.622071524067	-15886.622071524067	26.600105333547308	26.600105333547308	Y	Y	143.14320388349512		47.03819321855338	294.78640776699024		102.57638643710676	1181209.13592233		411023.5804534868	1202.3253979298015		353.1682254172953	5년	102.57638643710676	411023.5804534868	353.1682254172953		5.3813021448064315		1.7683461260294382	1951.772804089628	2.1518994532410454	5년	1.7683461260294382	양호(>=1.5)	5년	47.03819321855338	0.5655001502705543	헐값	N	주당순현금<=0	제외	하드필터 미통과	306413394.0	주당순현금 음수(린치식); 주당순현금 음수(보수형); fs=2025:CFS,2024:CFS,2022:CFS,2020:CFS
"=""009830"""	한화솔루션	석유화학	watchlist	30400.0	300.0	-12.0	2470461000000.0		8369710000000.0							판정불가	일반	일반	-34319.40174528579	-34319.40174528579			Y	Y	-99.19893190921229												1년				0.9868421052631579				-15547.574445000917	-51.14333699013459	판정불가		판정불가	1년	-99.19893190921229		판정불가	N	주당순현금<=0 / 주당FCF<=0 / 순현금차감PER<=0	제외	하드필터 미통과	171892536.0	린치식 단독판정 비중 낮춤; 주당순현금 음수(린치식); 주당순현금 음수(보수형); 주당FCF 음수; fs=2025:CFS,2024:CFS,2022:CFS,2020:CFS
"=""272210"""	한화시스템	우주항공/방산	메인	70100.0	500.0	1243.0	325483658125.0	164123075536.0	1615285782454.0	1474436243190.0						판정불가	일반	일반	-5958.515188681878	-13763.093908709392	61.189473200870374	67.46829759349106	Y	Y	-52.02624469316866		7.897266078384502			24.294532156769			30198.10347086387			-56.921393051549394	5년	24.294532156769	30198.10347086387	-56.921393051549394	0.7132667617689016	-0.8385915950436695		0.14071918566592473	-1268.1431386537038	-1.8090486999339568	5년	0.14071918566592473	불리(<1)	5년	7.897266078384502	7.748184320185341	매우 불리	N	주당순현금<=0 / 주당FCF<=0	제외	하드필터 미통과	188919389.0	주당순현금 음수(린치식); 주당순현금 음수(보수형); 단기위험부채 존재; 주당FCF 음수; 배당감안점수<1; PER>연성장률의 2배; fs=2025:CFS,2024:CFS,2022:CFS,2020:CFS
"=""267250"""	HD현대	직접추가	메인	219000.0	4000.0	13623.0	6367475266000.0		1596736136000.0							판정불가	일반	일반	60394.38933167378	60394.38933167378	11.642487753675857	11.642487753675857	N	N	89.12952936276552	-11.915391188425783		186.75905872553105			2544218.6570179095			1061.7436790036115			3년				1.82648401826484	7.8124207905920295	-0.8665593972366942		64511.54397881789	29.457326017725066	3년	-0.8665593972366942	불리(<1)	3년	-11.915391188425783		판정불가	Y	통과	보류	배당감안점수 또는 린치PER배수 미산출	78993085.0	1년 점수 과열 가능; 배당감안점수<1; fs=2025:CFS,2024:CFS,2022:CFS,2020:CFS
"=""267260"""	HD현대일렉트릭	전력설비	메인	761000.0	7100.0	20354.0	950781542257.0		55346966947.0							판정불가	일반	일반	24840.658635145344	24840.658635145344	36.16779706027585	36.16779706027585	N	N	46.06386795837818	65.20736528007924		100.62773591675636	138.9147305601585		2048176.936849659	2827470.425821466		169.14283007222855	271.54670510137527		3년	138.9147305601585	2827470.425821466	271.54670510137527	0.9329829172141918	1.29941148467708	1.8287082314431948		19908.873951397247	2.6161463799470757	3년	1.8287082314431948	양호(>=1.5)	3년	65.20736528007924	0.5546581571717798	헐값	Y	통과	양호	배당감안점수>=1.5 & 린치PER배수<1	36047135.0	fs=2025:CFS,2024:CFS,2022:CFS,2020:CFS
"=""329180"""	HD현대중공업	직접추가	메인	507000.0	5661.0	15702.0	1869917695000.0		20593805000.0							판정불가	일반	일반	17619.114963644908	17619.114963644908	31.166786717383463	31.166786717383463	N	N	124.2822453935152			257.0644907870304			4036426.634337952			696.1393756090634			1년	257.0644907870304	4036426.634337952	696.1393756090634	1.116568047337278	4.02347584234311					1년	4.02347584234311	안심(>=2)	1년	124.2822453935152	0.2507742487167011	매우 유망	N	주당FCF<=0	제외	하드필터 미통과	104961225.0	fs=2025:CFS,2024:CFS,2022:CFS,2020:CFS
"=""071970"""	HD현대마린엔진	직접추가	메인	56400.0		4867.0	94276230277.0	247003276789.0								판정불가	일반	일반	10060.862797055377	10060.862797055377	9.5210883918111	9.5210883918111	N	N	97.52435064935065	113.65854515790357	162.5665198099373	203.5487012987013	235.81709031580715	333.6330396198746	990671.5292207792	1147721.7785670334	1623792.0038299295	1656.509803582942	1934.9676924947398	2779.063836577889	3년	235.81709031580715	1147721.7785670334	1934.9676924947398		10.242983431729236	11.937558027048572	17.074363047585774			3년	11.937558027048572	안심(>=2)	3년	113.65854515790357	0.08376922631363651	매우 유망	N	주당FCF<=0	제외	하드필터 미통과	33921495.0	fs=2025:CFS,2024:CFS,2022:CFS,2020:CFS
"=""443060"""	HD현대마린솔루션	직접추가	메인	195800.0	3950.0	6013.0	377924043510.0		9931501625.0							판정불가	일반	일반	8208.377954504365	8208.377954504365	31.19767537759781	31.19767537759781	N	N	13.36726998491704			35.23453996983408			211865.28883861232			8.204948334327034			1년	35.23453996983408	211865.28883861232	8.204948334327034	2.017364657814096	0.4931340061887565			6828.081523113242	3.487273505165088	1년	0.4931340061887565	불리(<1)	1년	13.36726998491704	2.3338853343128183	매우 불리	Y	통과	제외	배당감안점수<1	44831335.0	배당감안점수<1; PER>연성장률의 2배; fs=2025:CFS,2024:CFS,2022:NA,2020:NA
"=""009540"""	HD한국조선해양	직접추가	메인	400000.0	12300.0	30664.0	3742015549000.0		398797408000.0							판정불가	일반	일반	47238.53250999998	47238.53250999998	11.504091686994522	11.504091686994522	N	N	84.96802991916998			178.43605983833996			5471563.338882856			1267.8908347207139			1년	178.43605983833996	5471563.338882856	1267.8908347207139	3.075	7.653192647856189					1년	7.653192647856189	안심(>=2)	1년	84.96802991916998	0.135393179033789	매우 유망	N	주당FCF<=0	제외	하드필터 미통과	70773116.0	fs=2025:CFS,2024:CFS,2022:CFS,2020:CFS
"=""017960"""	한국카본	조선/LNG사이클	watchlist	22900.0	320.0	2043.0	57866929673.0	27093215744.0	98920898088.0	81871440000.0						판정불가	일반	일반	-268.94950885840325	-1846.1770478341368	11.340650763024183	12.11266620060408	Y	Y	394.6731234866828	63.08567663703022	8.209872487827186	797.8462469733656	134.67135327406044	24.91974497565437	1629999.882566586	275133.5747389055	50911.03898526188	7017.903417321335	1101.4566582484954	122.3189475338947	3년	134.67135327406044	275133.5747389055	1101.4566582484954	1.3973799126637554	34.9248479364801	5.686010256125587	0.8471517729665982	2529.43380973873	11.045562487942053	3년	5.686010256125587	안심(>=2)	3년	63.08567663703022	0.17976585760146088	매우 유망	N	주당순현금<=0	제외	하드필터 미통과	51908452.0	린치식 단독판정 비중 낮춤; 주당순현금 음수(린치식); 주당순현금 음수(보수형); 단기위험부채 존재; 1년 점수 과열 가능; fs=2025:CFS,2024:CFS,2022:CFS,2020:CFS
"=""000080"""	하이트진로	직접추가	메인	15480.0	700.0	596.0	243639082453.0	11534336304.0								판정불가	일반	일반	3638.389855001192	3638.389855001192	19.86847339764901	19.86847339764901	N	N	-56.748911465892604	-21.8770293860485	-13.71294563046288										3년				4.521963824289406	-2.6286341479956428	-0.8734976872361354	-0.46259124303234195	1956.0991773402343	12.636299595221152	3년	-0.8734976872361354	불리(<1)	3년	-21.8770293860485		판정불가	Y	통과	보류	배당감안점수 또는 린치PER배수 미산출	70133611.0	배당감안점수<1; fs=2025:CFS,2024:CFS,2022:CFS,2020:CFS
"=""204320"""	HL만도	직접추가	메인	51200.0	750.0	2130.0	799652317531.0		965892545521.0	659326263869.0						판정불가	일반	일반	-3540.256046154449	-17581.28462433386	25.699650725894106	32.29168292222247	Y	Y	-23.021322732200943	0.5378148348890388	76.60035963530261		9.575629669778078	161.70071927060522		20396.091196627305	344422.5320463891		-60.163884381587295	572.7002579031038	3년	9.575629669778078	20396.091196627305	-60.163884381587295	1.46484375	-0.8387849007022247	0.0779255175974523	3.0375978342245222	6770.8428804833	13.224302500943946	3년	0.0779255175974523	불리(<1)	3년	0.5378148348890388	47.78531393838629	매우 불리	N	주당순현금<=0	제외	하드필터 미통과	46957120.0	주당순현금 음수(린치식); 주당순현금 음수(보수형); 단기위험부채 존재; 배당감안점수<1; PER>연성장률의 2배; fs=2025:CFS,2024:CFS,2022:CFS,2020:CFS
"=""011200"""	HMM	직접추가	메인	21400.0	700.0	1951.0	1760767000000.0	10915294000000.0	151318000000.0							판정불가	일반	일반	13278.45506473833	13278.45506473833	4.162760089831712	4.162760089831712	N	N	-60.97219443888777	-54.38515324967628	80.08768235294812			168.67536470589624			329085.6365412036			1437.7833483233812	3년				3.2710280373831773	-13.861275969866732	-12.2789024851921	20.024865375727487	1809.1182228382938	8.45382347120698	3년	-12.2789024851921	불리(<1)	3년	-54.38515324967628		판정불가	Y	통과	보류	배당감안점수 또는 린치PER배수 미산출	943237970.0	1년 점수 과열 가능; 배당감안점수<1; fs=2025:CFS,2024:CFS,2022:CFS,2020:CFS
"=""008770"""	호텔신라	직접추가	메인	42850.0	200.0	-4566.0	338290693972.0		739494888568.0	24083900000.0						판정불가	일반	일반	-10222.252285555276	-10835.884209488653			Y	Y													판정불가				0.4667444574095682				1275.405833262693	2.97644301811597	판정불가		판정불가	판정불가			판정불가	N	주당순현금<=0 / 순현금차감PER<=0	제외	하드필터 미통과	39248121.0	주당순현금 음수(린치식); 주당순현금 음수(보수형); 단기위험부채 존재; fs=2025:CFS,2024:CFS,2022:CFS,2020:CFS
"=""298050"""	HS효성첨단소재	직접추가	메인	179200.0	2500.0	-4843.0	31544586945.0		554202076606.0							판정불가	일반	일반	-116665.97238650985	-116665.97238650985			Y	Y	-143.41940111170882												1년				1.3950892857142858				-3354.717829760524	-1.8720523603574353	판정불가		판정불가	1년	-143.41940111170882		판정불가	N	주당순현금<=0 / 주당FCF<=0 / 순현금차감PER<=0	제외	하드필터 미통과	4479948.0	주당순현금 음수(린치식); 주당순현금 음수(보수형); 주당FCF 음수; fs=2025:CFS,2024:CFS,2022:CFS,2020:CFS
"=""352820"""	하이브	직접추가	메인	180700.0	500.0	-5690.0	534914956000.0	57033836000.0	1161573182000.0	0.0						판정불가	일반	일반	-13368.578698363612	-13368.578698363612			Y	Y	-2628.8888888888887												1년				0.2767017155506364				1088.4641428108619	0.6023597912622368	판정불가		판정불가	1년	-2628.8888888888887		판정불가	N	주당순현금<=0 / 순현금차감PER<=0	제외	하드필터 미통과	42609196.0	주당순현금 음수(린치식); 주당순현금 음수(보수형); fs=2025:CFS,2024:CFS,2022:CFS,2020:CFS
"=""298040"""	효성중공업	전력설비	메인	2708000.0	7500.0	55832.0	216772513676.0		637432979185.0							판정불가	일반	일반	-45113.22859928438	-45113.22859928438	49.310668229676246	49.310668229676246	Y	Y	133.51875862645866	270.5887113046113		275.5375172529173	549.6774226092226		15383810.66326488	30689589.85911812		468.0875429566056	1033.2935693913632		3년	549.6774226092226	30689589.85911812	1033.2935693913632	0.27695716395864106	2.7133218955223177	5.493043963771657		33728.061849754005	1.2454971140972675	3년	5.493043963771657	안심(>=2)	3년	270.5887113046113	0.18223475765833216	매우 유망	N	주당순현금<=0	제외	하드필터 미통과	9324548.0	주당순현금 음수(린치식); 주당순현금 음수(보수형); fs=2025:CFS,2024:CFS,2022:CFS,2020:CFS
"=""298020"""	효성티앤씨	직접추가	메인	345500.0	10100.0	2517.0	78332153321.0		1022720440533.0							판정불가	일반	일반	-218220.35149809992	-218220.35149809992	223.9651773929678	223.9651773929678	Y	Y	-91.92622293504411	-2.1428862261368864	-39.74816600029081		4.214227547726227			10607.210737626914			-96.9298955896883		3년	4.214227547726227	10607.210737626914	-96.9298955896883	2.923299565846599	-0.39739625778088516	0.0034845298219749786	-0.1644222859245281	-681.4700322251034	-0.19724168805357553	3년	0.0034845298219749786	불리(<1)	3년	-2.1428862261368864		판정불가	N	주당순현금<=0 / 주당FCF<=0	제외	하드필터 미통과	4327682.0	주당순현금 음수(린치식); 주당순현금 음수(보수형); 주당FCF 음수; 배당감안점수<1; fs=2025:CFS,2024:CFS,2022:CFS,2020:CFS
"=""307950"""	현대오토에버	직접추가	메인	417000.0	1900.0	6654.0	301124937000.0	503550000000.0	137177596000.0							판정불가	일반	일반	24339.913182556786	24339.913182556786	59.011134177553835	59.011134177553835	N	N	6.840077071290951	17.005273141647017	18.824559086735636	22.1801541425819	42.51054628329403	46.14911817347127	147586.74566473998	282865.1749690385	307076.2323262778	-64.60749504442687	-32.166624707664624	-26.360615749094052	3년	42.51054628329403	282865.1749690385	-32.166624707664624	0.4556354916067146	0.1236328137830089	0.29589176477640666	0.32672130178572284	6801.802196340414	1.6311276250216822	3년	0.29589176477640666	불리(<1)	3년	17.005273141647017	3.470166793912398	매우 불리	Y	통과	제외	배당감안점수<1	27423982.0	배당감안점수<1; PER>연성장률의 2배; fs=2025:CFS,2024:CFS,2022:CFS,2020:CFS
"=""069960"""	현대백화점	직접추가	메인	106400.0	2150.0	9572.0	279878097000.0	1384271000.0	850398528000.0	925684884000.0						판정불가	일반	일반	-25150.950692818045	-66058.30557705347	13.74330868082094	18.016956286779507	Y	Y	-681.8844984802432	13.23304981191371	24.719368231601415		34.96609962382742	57.93873646320283		334695.50559927605	554589.5854257775		214.56344511210153	421.23081337009165	3년	34.96609962382742	334695.50559927605	214.56344511210153	2.020676691729323	-49.46871510914088	1.1099020518203095	1.9456773870361366	17816.28700542092	16.744630644192593	3년	1.1099020518203095	보통(1~1.5)	3년	13.23304981191371	1.0385594308311183	보통	N	주당순현금<=0	제외	하드필터 미통과	22628813.0	주당순현금 음수(린치식); 주당순현금 음수(보수형); 단기위험부채 존재; fs=2025:CFS,2024:CFS,2022:CFS,2020:CFS
"=""000720"""	현대건설	직접추가	메인	112600.0	800.0	3319.0	4812659000000.0	700784000000.0	579678000000.0	1194728000000.0						판정불가	일반	일반	44306.32756193628	33577.399427860786	20.57658102984746	23.809159557740045	N	N	-321.1192538307795	-3.003815607902416	24.7843511038494		2.4923687841951683	58.0687022076988		8272.171994743763	192730.0226273523		-92.65348845937498	71.16343039729334	3년	2.4923687841951683	8272.171994743763	-92.65348845937498	0.7104795737122558	-15.571526377112734	-0.11145369733016142	1.2390217131106476	-7760.002367187725	-6.891653967307039	3년	-0.11145369733016142	불리(<1)	3년	-3.003815607902416		판정불가	N	주당FCF<=0	제외	하드필터 미통과	111355765.0	단기위험부채 존재; 주당FCF 음수; 배당감안점수<1; fs=2025:CFS,2024:CFS,2022:CFS,2020:CFS
"=""017800"""	현대엘리베이터	직접추가	메인	72400.0	14010.0		546026985679.0	858153283222.0	939270698991.0							판정불가	일반	일반	11892.58649504245	11892.58649504245			N	N													판정불가				19.35082872928177				5302.308441375475	7.323630443888778	판정불가		판정불가	판정불가			판정불가	N	순현금차감PER<=0	제외	하드필터 미통과	39092385.0	EPS 미추출; fs=2025:CFS,2024:CFS,2022:CFS,2020:CFS
"=""086280"""	현대글로비스	직접추가	메인	207500.0	5800.0	23117.0	2644639919844.0	1773253190103.0	2551475394576.0	800732226936.0						판정불가	일반	일반	24885.56953828	14209.1398458	7.899573061457802	8.361416280408358	N	N	58.49845731916352	-10.017436249066701	7.416538424274255	125.49691463832704		23.333076848548508	2901112.1756942063		539390.7375078959	1298.1263497321477		159.94734337729923	3년				2.7951807228915664	7.759107684073226	-0.9142589694388277	1.292692537649792	25034.3648264	12.064754133204818	3년	-0.9142589694388277	불리(<1)	3년	-10.017436249066701		판정불가	Y	통과	보류	배당감안점수 또는 린치PER배수 미산출	75000000.0	단기위험부채 존재; 1년 점수 과열 가능; 배당감안점수<1; fs=2025:CFS,2024:CFS,2022:CFS,2020:CFS
"=""001450"""	현대해상	직접추가	메인	38650.0	2063.0	13006.0	1509674177483.0	19831696034080.0								판정불가	일반	일반	238717.78760137584	238717.78760137584	-15.382730093908645	-15.382730093908645	N	N	19.90412095510279			48.30824191020558			628296.9942841338			1525.606712248729			1년	48.30824191020558	628296.9942841338	1525.606712248729	5.33764553686934	-1.6409159062062417					1년	-1.6409159062062417	불리(<1)	1년	19.90412095510279		판정불가	N	주당FCF<=0 / 순현금차감PER<=0	제외	하드필터 미통과	89400000.0	배당감안점수<1; fs=2025:CFS,2024:CFS,2022:NA,2020:NA
"=""012330"""	현대모비스	직접추가	메인	508000.0	6500.0	40861.0	4922378000000.0			2945574000000.0						판정불가	일반	일반	54251.49199158146	21787.145638739283	11.104684369164204	11.899191267009146	N	N	-9.074523242617772	14.580422448898144	20.046998821740058		37.66084489779629	48.593997643480115		1538859.783368854	1985599.337710241		202.92515420646734	290.86601136028366	3년	37.66084489779629	1538859.783368854	202.92515420646734	1.279527559055118	-0.7019556274114386	1.4282215937621434	1.920498203444239	32588.711819214936	6.415100751813964	3년	1.4282215937621434	보통(1~1.5)	3년	14.580422448898144	0.7616160922692192	헐값	Y	통과	보류	중간구간(보류)	90732583.0	단기위험부채 존재; fs=2025:CFS,2024:CFS,2022:CFS,2020:CFS
"=""005380"""	현대자동차	직접추가	메인	400000.0	10000.0	36088.0	18360566000000.0	5857507000000.0	131240462000000.0	10388351000000.0						판정불가	일반	일반	-522678.0458231802	-573412.8785132379	25.56744751228054	26.973311863035853	Y	Y	-24.20875774440827	8.159836431248424	45.92494426173537		24.819672862496848	100.34988852347074		895692.3542617862	3621426.777035012		123.92308856544653	805.356694258753	3년	24.819672862496848	895692.3542617862	123.92308856544653	2.5	-0.8490780213387016	0.41693002111877997	1.8940077705635625	-83323.46231986141	-20.830865579965355	3년	0.41693002111877997	불리(<1)	3년	8.159836431248424	3.133328434669225	매우 불리	N	주당순현금<=0 / 주당FCF<=0	제외	하드필터 미통과	204757766.0	주당순현금 음수(린치식); 주당순현금 음수(보수형); 단기위험부채 존재; 주당FCF 음수; 배당감안점수<1; PER>연성장률의 2배; fs=2025:CFS,2024:CFS,2022:CFS,2020:CFS
"=""064350"""	현대로템	방산	메인	144200.0	600.0	7055.0	908414081000.0		60775088000.0	49136977000.0						판정불가	일반	일반	7766.386844661084	7316.175404518884	19.338570255894957	19.402384776113553	N	N	89.24356223175967	57.31843168250532	84.95065921728904	186.98712446351934	123.13686336501064	178.4013184345781	1319194.163090129	868730.57104015	1258621.3015559483	814.8364515188134	502.4483849099514	772.8303062107825	3년	123.13686336501064	868730.57104015	502.4483849099514	0.4160887656033287	4.636312292530113	2.9854596117574665	4.414325715566802	6852.009336460757	4.751740177850734	3년	2.9854596117574665	안심(>=2)	3년	57.31843168250532	0.3373883354487778	매우 유망	Y	통과	매우 유망	배당감안점수>=2 & 린치PER배수<=0.5	109142000.0	단기위험부채 존재; fs=2025:CFS,2024:CFS,2022:CFS,2020:CFS
"=""004020"""	현대제철	철강	watchlist	28150.0	500.0	-53.0	1342926134232.0	805366237672.0	5816297925103.0	1215935236760.0						판정불가	일반	일반	-27486.85957521251	-36598.68904783317			Y	Y													판정불가				1.7761989342806392				3999.7338333915905	14.20864594455272	판정불가		판정불가	판정불가			판정불가	N	주당순현금<=0 / 순현금차감PER<=0	제외	하드필터 미통과	133445785.0	린치식 단독판정 비중 낮춤; 주당순현금 음수(린치식); 주당순현금 음수(보수형); 단기위험부채 존재; fs=2025:CFS,2024:CFS,2022:CFS,2020:CFS
"=""011210"""	현대위아	직접추가	메인	62800.0	1200.0	5351.0	1116473000000.0	572468000000.0	739686000000.0	71245000000.0						판정불가	일반	일반	34905.39080171221	32285.615748994038	5.21297125738886	5.702557325921503	N	N	46.32212195788898	29.51602682110046	18.44874189552963	101.14424391577796	67.53205364220092	45.39748379105926	541222.8491933278	361364.01903941715	242921.9357659581	761.8198235562545	475.42041248314837	286.8183690540734	3년	67.53205364220092	361364.01903941715	475.42041248314837	1.910828025477707	9.252487228852711	6.028587785139574	3.9055595965831773	5543.207939464645	8.826764234816315	3년	6.028587785139574	안심(>=2)	3년	29.51602682110046	0.1766149383514655	매우 유망	Y	통과	매우 유망	배당감안점수>=2 & 린치PER배수<=0.5	27195083.0	단기위험부채 존재; fs=2025:CFS,2024:CFS,2022:CFS,2020:CFS
"=""139130"""	iM금융지주	직접추가	메인	17680.0	700.0	2511.0		10012037000000.0	9824584000000.0							판정불가	일반	일반	1167.025597818984	1167.025597818984	6.576254242206696	6.576254242206696	N	N	123.9964317573595			256.49286351471903			644053.5802854595			3542.8369925648162			1년	256.49286351471903	644053.5802854595	3542.8369925648162	3.959276018099547	19.45723250087163					1년	19.45723250087163	안심(>=2)	1년	123.9964317573595	0.05303583457204105	매우 유망	N	주당FCF<=0	제외	하드필터 미통과	160624583.0	fs=2025:CFS,2024:CFS,2022:NA,2020:NA
"=""024110"""	IBK기업은행	금융/은행	보정필요	20350.0	1048.0	3183.0			203390126000000.0							판정불가	금융보정	보정보류	-255058.34950533815	-255058.34950533815	86.52477207205094	86.52477207205094	Y	Y	2.4790727623953623			13.458145524790725			42837.27720540888			110.50259068996992			1년	13.458145524790725	42837.27720540888	110.50259068996992	5.14987714987715	0.08817070221138208					1년	0.08817070221138208	불리(<1)	1년	2.4790727623953623	34.90207039685589	매우 불리	N	주당순현금<=0 / 주당FCF<=0	제외	하드필터 미통과	797425869.0	린치식 단독판정 비중 낮춤; 주당순현금 음수(린치식); 주당순현금 음수(보수형); 배당감안점수<1; PER>연성장률의 2배; fs=2025:CFS,2024:CFS,2022:NA,2020:NA
"=""007660"""	이수페타시스	직접추가	메인	83100.0	230.0	2278.0	162780032068.0	175712986992.0	105628209085.0							판정불가	일반	일반	3172.1466751335415	3172.1466751335415	35.08685396174998	35.08685396174998	N	N	94.53458582408199	12.033069515911986		197.56917164816397	32.56613903182397		450062.57301451755	74185.66471449501		441.5915439404543	-10.727238610715995		3년	32.56613903182397	74185.66471449501	-10.727238610715995	0.2767749699157641	2.7021904242927164	0.3508392202745608		185.87558603504556	0.22367699883880332	3년	0.3508392202745608	불리(<1)	3년	12.033069515911986	2.9158689655497056	매우 불리	Y	통과	제외	배당감안점수<1	73409219.0	1년 점수 과열 가능; 배당감안점수<1; PER>연성장률의 2배; fs=2025:CFS,2024:CFS,2022:CFS,2020:CFS
"=""457190"""	이수스페셜티케미컬	직접추가	메인	62100.0		26.0	26339571000.0	550236000.0	1431768000.0							판정불가	일반	일반	842.7503651316791	842.7503651316791	2356.048062879551	2356.048062879551	N	N	-92.73743016759776												1년					-0.03936143393197782			-1474.6892904859199	-2.374700950862995	1년	-0.03936143393197782	불리(<1)	1년	-92.73743016759776		판정불가	N	주당FCF<=0	제외	하드필터 미통과	30208280.0	주당FCF 음수; 배당감안점수<1; fs=2025:CFS,2024:OFS,2022:NA,2020:NA
"=""175330"""	JB금융지주	직접추가	메인	28250.0	1140.0	3619.0		3918901000000.0	14183144000000.0							판정불가	일반	일반	-54055.16269326126	-54055.16269326126	22.74251525097023	22.74251525097023	Y	Y	5.2340796743239215			18.968159348647845			68645.76868275655			142.993871443386			1년	18.968159348647845	68645.76868275655	142.993871443386	4.035398230088496	0.40758367322703976					1년	0.40758367322703976	불리(<1)	1년	5.2340796743239215	4.34508388600482	매우 불리	N	주당순현금<=0 / 주당FCF<=0	제외	하드필터 미통과	189884601.0	주당순현금 음수(린치식); 주당순현금 음수(보수형); 배당감안점수<1; PER>연성장률의 2배; fs=2025:CFS,2024:CFS,2022:NA,2020:NA
"=""035720"""	카카오	직접추가	메인	38300.0	75.0	1138.0	6373784263399.0	3754429416501.0	2787664614576.0	1144217904147.0						판정불가	일반	일반	16588.990645648104	14003.159539614913	19.078215601363706	21.350474921252275	N	N	803.1746031746031	-28.535770270641315	-8.670866917633225	1614.8492063492063			1837698.3968253967			4698.168137925318			3년				0.19582245430809397	42.10930636361435	-1.485461135804938	-0.44422626520267106	1786.2097378837223	4.663732997085437	3년	-1.485461135804938	불리(<1)	3년	-28.535770270641315		판정불가	Y	통과	보류	배당감안점수 또는 린치PER배수 미산출	442495220.0	단기위험부채 존재; 1년 점수 과열 가능; 배당감안점수<1; fs=2025:CFS,2024:CFS,2022:CFS,2020:CFS
"=""323410"""	카카오뱅크	직접추가	메인	21600.0	460.0	1008.0		5031536000000.0								판정불가	일반	일반	10548.040591320245	10548.040591320245	10.964245445118804	10.964245445118804	N	N	9.090909090909083			26.681818181818166			26895.27272727271			24.515151515151423			1년	26.681818181818166	26895.27272727271	24.515151515151423	2.1296296296296298	1.0233753683007898			12444.320071931525	57.61259292560891	1년	1.0233753683007898	보통(1~1.5)	1년	9.090909090909083	1.2060669989630695	보통	Y	통과	보류	중간구간(보류)	477011437.0	fs=2025:OFS,2024:OFS,2022:NA,2020:NA
"=""377300"""	카카오페이	직접추가	메인	41800.0		335.0	1631491473258.0	2303511051026.0	95911725899.0	38914909706.0						판정불가	일반	일반	28407.16665292835	28119.217661003742	39.97860700618403	40.83815623580973	N	N	-428.4313725490196	-6.283340638970736											3년					-10.7165157726168	-0.1571675730972519		721.2173895844579	1.725400453551335	3년	-0.1571675730972519	불리(<1)	3년	-6.283340638970736		판정불가	Y	통과	보류	배당감안점수 또는 린치PER배수 미산출	135145150.0	단기위험부채 존재; 배당감안점수<1; fs=2025:CFS,2024:CFS,2022:CFS,2020:NA
"=""035250"""	강원랜드	직접추가	메인	14500.0	950.0		200357737326.0	3009244892731.0	0.0							판정불가	일반	일반	15002.314335326879	15002.314335326879			N	N													판정불가				6.551724137931035				808.0316694922186	5.572632203394611	판정불가		판정불가	판정불가			판정불가	N	순현금차감PER<=0	제외	하드필터 미통과	213940500.0	EPS 미추출; fs=2025:CFS,2024:CFS,2022:CFS,2020:CFS
"=""105560"""	KB금융	금융/은행	보정필요	171500.0	4367.0	15410.0		89862530000000.0	80049270000000.0							판정불가	금융보정	보정양호	25725.386408830236	25725.386408830236	9.459741310264098	9.459741310264098	N	N	19.64285714285714			47.78571428571428			736377.857142857			329.374843815077			1년	47.78571428571428	736377.857142857	329.374843815077	2.5463556851311955	2.345646894583934					1년	2.345646894583934	안심(>=2)	1년	19.64285714285714	0.4815868303407178	매우 유망	N	주당FCF<=0	제외	하드필터 미통과	381462103.0	린치식 단독판정 비중 낮춤; fs=2025:CFS,2024:CFS,2022:NA,2020:NA
"=""002380"""	케이씨씨	직접추가	메인	429500.0	15000.0		1193612441434.0	36838546215.0	2949860953111.0	758686269704.0						판정불가	일반	일반	-193486.25179354099	-278861.68031899276			Y	Y													판정불가				3.4924330616996504				51624.29856328795	12.019627139298708	판정불가		판정불가	판정불가			판정불가	N	주당순현금<=0 / 순현금차감PER<=0	제외	하드필터 미통과	8886471.0	주당순현금 음수(린치식); 주당순현금 음수(보수형); 단기위험부채 존재; EPS 미추출; fs=2025:CFS,2024:CFS,2022:CFS,2020:CFS
"=""015760"""	한국전력	유틸리티	메인	35950.0	1542.0	13311.0	2240811000000.0	4250164000000.0	83995702000000.0							판정불가	일반	일반	-120730.62929345189	-120730.62929345189	11.770763225411457	11.770763225411457	Y	Y	144.73248758963044			297.9649751792609			3966211.7846111413			10932.577982228488			1년	297.9649751792609	3966211.7846111413	10932.577982228488	4.289290681502086	12.660332674895288			7699.067871674695	21.416044149303744	1년	12.660332674895288	안심(>=2)	1년	144.73248758963044	0.08132771999874609	매우 유망	N	주당순현금<=0	제외	하드필터 미통과	641964077.0	주당순현금 음수(린치식); 주당순현금 음수(보수형); fs=2025:CFS,2024:CFS,2022:CFS,2020:CFS
"=""052690"""	한전기술	원전/유틸리티	메인	102200.0	1347.0	2244.0	27327763423.0	143766317133.0	10000000.0							판정불가	일반	일반	4476.297241130298	4476.297241130298	43.54888714744639	43.54888714744639	N	N	45.90377113133941	68.14874025084036	33.4594702358408	100.30754226267882	144.79748050168072	75.4189404716816	225090.12483745127	324925.5462457715	169240.1024184535	120.24474054545134	217.93106286279013	65.5969690982911	3년	144.79748050168072	324925.5462457715	217.93106286279013	1.318003913894325	1.084339420324377	1.5951439569405406	0.7985846809813231	565.6546605965464	0.5534781414839006	3년	1.5951439569405406	양호(>=1.5)	3년	68.14874025084036	0.6390270309788945	헐값	Y	통과	양호	배당감안점수>=1.5 & 린치PER배수<1	38220000.0	fs=2025:CFS,2024:CFS,2022:CFS,2020:CFS
"=""051600"""	한전KPS	원전/유틸리티	메인	47200.0	1651.0	2761.0	145552915316.0	253105895590.0								판정불가	일반	일반	8859.0846868	8859.0846868	13.886604604563564	13.886604604563564	N	N	-27.94885177453027	7.4435664015639835	7.368549852889328		23.38713280312797	23.237099705778654		64571.873669436325	64157.632287654866		36.8048170962634	35.92718705011624	3년	23.38713280312797	64571.873669436325	36.8048170962634	3.4978813559322033	-1.7607594595559182	0.7879138255222224	0.782511745545811	1565.3651230222222	3.3164515318267416	3년	0.7879138255222224	불리(<1)	3년	7.4435664015639835	1.8655848360062752	보통	Y	통과	제외	배당감안점수<1	45000000.0	배당감안점수<1; fs=2025:CFS,2024:CFS,2022:CFS,2020:CFS
"=""000270"""	기아	직접추가	메인	133600.0	6800.0	19382.0	13998106000000.0	7661873000000.0	978970000000.0	211292000000.0						판정불가	일반	일반	52972.13234688462	52430.93110337479	4.159935386085821	4.187858265226768	N	N	-22.138753866548832	12.82583771622907	39.189006811542605		34.15167543245814	86.87801362308521		661927.7732319037	1683869.6600426375		395.45492008376027	1160.3814820678424	3년	34.15167543245814	661927.7732319037	395.45492008376027	5.089820359281437	-4.098364980449643	4.306715468570718	10.644114165553665	10401.987179740363	7.785918547709852	3년	4.306715468570718	안심(>=2)	3년	12.82583771622907	0.32434024803090095	매우 유망	Y	통과	매우 유망	배당감안점수>=2 & 린치PER배수<=0.5	390412998.0	단기위험부채 존재; fs=2025:CFS,2024:CFS,2022:CFS,2020:CFS
"=""039490"""	키움증권	직접추가	메인	290500.0	11500.0	42059.0		62457765152889.0								판정불가	일반	일반	2288251.0791779323	2288251.0791779323	-47.4987774121575	-47.4987774121575	N	N	43.20394960844398			94.90789921688796			3991731.3331630905			1274.089959780754			1년	94.90789921688796	3991731.3331630905	1274.089959780754	3.9586919104991396	-0.9929232727339978			-250622.40952773768	-86.27277436410935	1년	-0.9929232727339978	불리(<1)	1년	43.20394960844398		판정불가	N	주당FCF<=0 / 순현금차감PER<=0	제외	하드필터 미통과	27294979.0	주당FCF 음수; 배당감안점수<1; fs=2025:CFS,2024:CFS,2022:NA,2020:NA
"=""161890"""	한국콜마	직접추가	메인	106900.0	864.0	5299.0	225316644282.0	284826044.0	476529423888.0	829915405830.0						판정불가	일반	일반	-10630.253549352963	-45788.59706291151	22.179704387498198	28.814605975261657	Y	Y	38.35509138381201		-5.429179724160593	85.21018276762402			451528.7584856397			322.38424554316157			5년				0.8082319925163703	1.7657279236960055		-0.20834126780557383	4731.724715873624	4.42630936938599	5년	-0.20834126780557383	불리(<1)	5년	-5.429179724160593		판정불가	N	주당순현금<=0	제외	하드필터 미통과	23605077.0	주당순현금 음수(린치식); 주당순현금 음수(보수형); 단기위험부채 존재; 배당감안점수<1; fs=2025:CFS,2024:CFS,2022:CFS,2020:CFS
"=""120110"""	코오롱인더	직접추가	메인	56900.0	1300.0		263843934948.0	219536778414.0	1102334698976.0	1502712536405.0						판정불가	일반	일반	-22491.80343980112	-77097.98706719637			Y	Y													판정불가				2.2847100175746924				6217.225588737651	10.926582757008173	판정불가		판정불가	판정불가			판정불가	N	주당순현금<=0 / 순현금차감PER<=0	제외	하드필터 미통과	27519091.0	주당순현금 음수(린치식); 주당순현금 음수(보수형); 단기위험부채 존재; EPS 미추출; fs=2025:CFS,2024:CFS,2022:CFS,2020:CFS
"=""047810"""	한국항공우주	우주항공/방산	메인	150100.0	500.0	1907.0	60938581663.0	200000.0	1487227060504.0	492840000000.0						판정불가	일반	일반	-14632.333554052933	-19688.393661788952	86.38297512011165	89.03429138006763	Y	Y	8.045325779036826	16.21391673368946	20.01192023737235	24.590651558073652	40.92783346737892	48.5238404747447	46894.372521246456	78049.3784222916	92534.96378533814	-68.7579130438065	-48.001746554102866	-38.35112339417846	3년	40.92783346737892	78049.3784222916	-48.001746554102866	0.3331112591605596	0.09699176286238748	0.1915542729321619	0.2355213103999261	-11214.27678311756	-7.471203719598642	3년	0.1915542729321619	불리(<1)	3년	16.21391673368946	5.3277056086407635	매우 불리	N	주당순현금<=0 / 주당FCF<=0	제외	하드필터 미통과	97475107.0	주당순현금 음수(린치식); 주당순현금 음수(보수형); 단기위험부채 존재; 주당FCF 음수; 배당감안점수<1; PER>연성장률의 2배; fs=2025:CFS,2024:CFS,2022:CFS,2020:CFS
"=""071320"""	지역난방공사	유틸리티	메인	64300.0	6157.0	28102.0	13136000000.0	14472000000.0	3000419000000.0							판정불가	일반	일반	-256747.27759763927	-256747.27759763927	11.424356899780772	11.424356899780772	Y	Y	66.77744807121661		65.27173293436219	142.05489614243322		139.04346586872438	3992026.6913946583		3907399.4778428925	6108.439644470697		5976.8265596312485	5년	139.04346586872438	3907399.4778428925	5976.8265596312485	9.57542768273717	6.683341252707097		6.5515425746665565	29663.925551856057	46.13363227349309	5년	6.5515425746665565	안심(>=2)	5년	65.27173293436219	0.17502763273144903	매우 유망	N	주당순현금<=0	제외	하드필터 미통과	11578744.0	주당순현금 음수(린치식); 주당순현금 음수(보수형); fs=2025:CFS,2024:CFS,2022:CFS,2020:CFS
"=""036460"""	한국가스공사	유틸리티	메인	34750.0	1154.0		1147352000000.0	151248000000.0	21802116000000.0							판정불가	일반	일반	-222108.6520858384	-222108.6520858384			Y	Y													판정불가				3.3208633093525184				46549.424241439454	133.95517767320706	판정불가		판정불가	판정불가			판정불가	N	주당순현금<=0 / 순현금차감PER<=0	제외	하드필터 미통과	92313000.0	주당순현금 음수(린치식); 주당순현금 음수(보수형); EPS 미추출; fs=2025:CFS,2024:CFS,2022:CFS,2020:CFS
"=""071050"""	한국금융지주	직접추가	메인	204000.0	8690.0	34592.0		111427682000000.0								판정불가	일반	일반	1999563.901886215	1999563.901886215	-51.9069120573027	-51.9069120573027	N	N													판정불가				4.259803921568627						판정불가		판정불가	판정불가			판정불가	N	주당FCF<=0 / 순현금차감PER<=0	제외	하드필터 미통과	55725992.0	fs=2025:CFS,2024:CFS,2022:NA,2020:NA
"=""006650"""	대한유화	직접추가	메인	91100.0	1300.0	5134.0	151455436829.0	90052666000.0								판정불가	일반	일반	37155.09274292308	37155.09274292308	10.507383571693985	10.507383571693985	N	N	-471.7595944967415		-24.26352631533887										5년				1.4270032930845227	-44.76210352410602		-2.1733786404994326	19148.828141846156	21.019569859326186	5년	-2.1733786404994326	불리(<1)	5년	-24.26352631533887		판정불가	Y	통과	보류	배당감안점수 또는 린치PER배수 미산출	6500000.0	배당감안점수<1; fs=2025:CFS,2024:CFS,2022:CFS,2020:CFS
"=""010130"""	고려아연	소재	메인	1234000.0	20000.0	42566.0	3451069963536.0	1038402532013.0	2668945939951.0	3128688084125.0						판정불가	일반	일반	87219.33882994796	-62672.518151442666	26.94123622539238	30.46263492344695	N	Y	348.6298482293424	-0.31206428596768365	5.597910450753152	705.7596964586847	7.875871428064633	19.695820901506302	30041367.239460375	335244.3432069992	838372.3124935173	2334.4706028736123	-72.83271124740686	-32.06059055968255	3년	7.875871428064633	335244.3432069992	-72.83271124740686	1.6207455429497568	13.000539056265632	0.04857539743289984	0.26794078539348	-75274.78704653852	-6.10006378010847	3년	0.04857539743289984	불리(<1)	3년	-0.31206428596768365		판정불가	N	주당FCF<=0	제외	하드필터 미통과	20872969.0	주당순현금 음수(보수형); 단기위험부채 존재; 주당FCF 음수; 1년 점수 과열 가능; 배당감안점수<1; fs=2025:CFS,2024:CFS,2022:CFS,2020:CFS
"=""003490"""	대한항공	직접추가	메인	27500.0	750.0	2133.0	1869988073408.0	3532702331766.0	5900725093281.0	2027009390000.0						판정불가	일반	일반	-1352.5441151358968	-6857.420958534969	13.526743607658648	16.10755788023205	Y	Y	-40.1850813236119	-23.620676172572395	-13.307685693628002										3년				2.727272727272727	-2.7691667472081822	-1.5445996502417716	-0.7821847795181686	-599.9903851348527	-2.1817832186721913	3년	-1.5445996502417716	불리(<1)	3년	-23.620676172572395		판정불가	N	주당순현금<=0 / 주당FCF<=0	제외	하드필터 미통과	368220661.0	주당순현금 음수(린치식); 주당순현금 음수(보수형); 단기위험부채 존재; 주당FCF 음수; 1년 점수 과열 가능; 배당감안점수<1; fs=2025:CFS,2024:CFS,2022:CFS,2020:CFS
"=""259960"""	크래프톤	직접추가	메인	230000.0	2240.0	16454.0	596725775511.0	2771628277288.0	232600090556.0	253882981026.0						판정불가	일반	일반	66149.80047167496	60794.052303852826	9.958077034661788	10.283575282371896	N	N	-42.45444689259609	15.546458229987593			39.592916459975186			651461.8474324316			183.2442814923616		3년	39.592916459975186	651461.8474324316	183.2442814923616	0.9739130434782608	-4.1655164651502075	1.658992114236737		19894.79976593031	8.64991294170883	3년	1.658992114236737	양호(>=1.5)	3년	15.546458229987593	0.640536698928225	헐값	Y	통과	양호	배당감안점수>=1.5 & 린치PER배수<1	47403831.0	단기위험부채 존재; fs=2025:CFS,2024:CFS,2022:CFS,2020:NA
"=""030200"""	KT	통신	보정필요	53500.0	2400.0	7119.0	3506971000000.0									판정불가	통신보정	보정양호	13915.354148989203	13915.354148989203	5.560422229387667	5.560422229387667	N	N	273.1132075471698	10.974077918572789	21.542256858726816	554.7264150943396	30.448155837145578	51.58451371745363	3949097.3490566034	216760.42140463938	367230.1531545524	7281.490372068417	305.15966617689605	586.4115012234624	3년	30.448155837145578	216760.42140463938	305.15966617689605	4.485981308411215	49.924120400142925	2.7803750487283625	4.680982323531994	17845.761962904104	33.35656441664319	3년	2.7803750487283625	안심(>=2)	3년	10.974077918572789	0.5066869645582776	헐값	Y	통과	양호	배당감안점수>=1.5 & 린치PER배수<1	252021685.0	린치식 단독판정 비중 낮춤; 1년 점수 과열 가능; fs=2025:CFS,2024:CFS,2022:CFS,2020:CFS
"=""033780"""	KT&G	필수소비재	메인	182700.0	6000.0	10228.0	913503000000.0		1062456000000.0	332978000000.0						판정불가	일반	일반	-1262.563450588038	-4084.9695293504915	17.986171631852564	18.26212060318249	Y	Y	-10.146710006149517	6.408926515670932	1.8767217197089403		21.317853031341862	12.25344343941788		218039.00080456457	125328.21949836609		19.342638645081855	-31.402178709159234	3년	21.317853031341862	218039.00080456457	19.342638645081855	3.284072249589491	-0.3815507767315339	0.5389139480963604	0.28693120887153867	-776.4757168675206	-0.42500039237412185	3년	0.5389139480963604	불리(<1)	3년	6.408926515670932	2.8064250054784163	매우 불리	N	주당순현금<=0 / 주당FCF<=0	제외	하드필터 미통과	117976645.0	주당순현금 음수(린치식); 주당순현금 음수(보수형); 단기위험부채 존재; 주당FCF 음수; 배당감안점수<1; PER>연성장률의 2배; fs=2025:CFS,2024:CFS,2022:CFS,2020:CFS
"=""011780"""	금호석유	석유화학	watchlist	121700.0	1700.0	11391.0	650436032913.0	82275660739.0								판정불가	일반	일반	28146.856005717942	28146.856005717942	8.21290000827689	8.21290000827689	N	N	-15.138195634358931	-32.65223990875862	-11.416304781151009										3년				1.3968775677896468	-1.6731383619331666	-3.805642624343421	-1.219962157491735	19963.595148223274	16.403940138227835	3년	-3.805642624343421	불리(<1)	3년	-32.65223990875862		판정불가	Y	통과	보류	배당감안점수 또는 린치PER배수 미산출	26031742.0	린치식 단독판정 비중 낮춤; 1년 점수 과열 가능; 배당감안점수<1; fs=2025:CFS,2024:CFS,2022:CFS,2020:CFS
"=""073240"""	금호타이어	직접추가	메인	7940.0		1209.0	574762190002.0	23370402051.0	732635884134.0	995816495352.0						판정불가	일반	일반	-468.2279387996295	-3934.8278846250682	6.954696392720951	9.82202471846573	Y	Y	6.896551724137923			22.293103448275843			26952.362068965496			239.4504038912531			1년	22.293103448275843	26952.362068965496	239.4504038912531		0.9916395101526093			2095.5020502990724	26.391713479837183	1년	0.9916395101526093	불리(<1)	1년	6.896551724137923	1.0084309769445392	보통	N	주당순현금<=0	제외	하드필터 미통과	287260287.0	주당순현금 음수(린치식); 주당순현금 음수(보수형); 단기위험부채 존재; 배당감안점수<1; fs=2025:CFS,2024:CFS,2022:CFS,2020:CFS
"=""066970"""	엘앤에프	2차전지	메인	79800.0		-15508.0	382883140911.0	62183142824.0	390410933286.0	781033333338.0						판정불가	일반	일반	1358.2710122097233	-18051.629894608985			N	Y	37.65311556896857			83.80623113793715									1년	83.80623113793715							-4189.943890632833	-5.250556253925856	판정불가		판정불가	1년	37.65311556896857		판정불가	N	주당FCF<=0 / 순현금차감PER<=0	제외	하드필터 미통과	40238914.0	주당순현금 음수(보수형); 단기위험부채 존재; 주당FCF 음수; fs=2025:CFS,2024:CFS,2022:CFS,2020:CFS
"=""003550"""	LG	직접추가	메인	104500.0	3100.0	4780.0	1511450000000.0	1839426000000.0	159829000000.0	0.0						판정불가	일반	일반	20691.31243852798	20691.31243852798	17.533198234617576	17.533198234617576	N	N	28.77155172413792	-27.26466268691552	-10.530872700659177	66.04310344827584			315686.03448275855			202.09189902656323			3년				2.9665071770334928	1.8101693984448164	-1.3858370380999692	-0.43143101574535264	5491.624275551311	5.255142847417522	3년	-1.3858370380999692	불리(<1)	3년	-27.26466268691552		판정불가	Y	통과	보류	배당감안점수 또는 린치PER배수 미산출	154221585.0	1년 점수 과열 가능; 배당감안점수<1; fs=2025:CFS,2024:CFS,2022:CFS,2020:CFS
"=""051910"""	LG화학	석유화학	watchlist	261000.0	2000.0	-23244.0	9899926000000.0	245464000000.0	2407851000000.0							판정불가	일반	일반	109608.75742571683	109608.75742571683			N	N	163.35825968728756			335.2165193745751									1년	335.2165193745751			0.7662835249042145				-79651.86819199358	-30.517957161683363	판정불가		판정불가	1년	163.35825968728756		판정불가	N	주당FCF<=0 / 순현금차감PER<=0	제외	하드필터 미통과	70592343.0	린치식 단독판정 비중 낮춤; 주당FCF 음수; fs=2025:CFS,2024:CFS,2022:CFS,2020:CFS
"=""064400"""	LG씨엔에스	직접추가	메인	72100.0	1850.0	4549.0	1140987852000.0	602021775000.0	159828598000.0	0.0						판정불가	일반	일반	16340.667162589976	16340.667162589976	12.25749238017367	12.25749238017367	N	N	8.827751196172251			26.155502392344502			118981.38038277514			65.02271897749672			1년	26.155502392344502	118981.38038277514	65.02271897749672	2.565880721220527	0.9295238833533216			3767.269821212876	5.225062165343795	1년	0.9295238833533216	불리(<1)	1년	8.827751196172251	1.3885181070223829	보통	Y	통과	제외	배당감안점수<1	96885948.0	배당감안점수<1; fs=2025:CFS,2024:CFS,2022:NA,2020:NA
"=""034220"""	LG디스플레이	직접추가	메인	9560.0		453.0	1572058000000.0	611000000.0	8934975000000.0							판정불가	일반	일반	-14724.612	-14724.612	53.60841501103753	53.60841501103753	Y	Y	-108.33026848105922												1년					-2.020769844785654			490.0	5.125523012552302	1년	-2.020769844785654	불리(<1)	1년	-108.33026848105922		판정불가	N	주당순현금<=0	제외	하드필터 미통과	500000000.0	주당순현금 음수(린치식); 주당순현금 음수(보수형); 배당감안점수<1; fs=2025:CFS,2024:CFS,2022:CFS,2020:CFS
"=""066570"""	LG전자	직접추가	메인	175200.0	1350.0	5380.0	8769841000000.0	226864000000.0								판정불가	일반	일반	55233.007286238106	55233.007286238106	22.298697530439014	22.298697530439014	N	N	157.90987535953977	-6.773782148657093	-13.211093618974335	324.31975071907954			1744840.258868648			895.91338976521			3년				0.7705479452054794	7.1161296792396636	-0.2692190517072511	-0.5579045886777374	2290.6763841474362	1.3074636895818699	3년	-0.2692190517072511	불리(<1)	3년	-6.773782148657093		판정불가	Y	통과	보류	배당감안점수 또는 린치PER배수 미산출	162886387.0	1년 점수 과열 가능; 배당감안점수<1; fs=2025:CFS,2024:CFS,2022:CFS,2020:CFS
"=""373220"""	LG에너지솔루션	2차전지	메인	345000.0		-4585.0	3779307000000.0	46724000000.0	2407851000000.0							판정불가	일반	일반	6060.598290598291	6060.598290598291			N	N													판정불가								-28061.529914529914	-8.133776786820265	판정불가		판정불가	판정불가			판정불가	N	주당FCF<=0 / 순현금차감PER<=0	제외	하드필터 미통과	234000000.0	주당FCF 음수; fs=2025:CFS,2024:CFS,2022:CFS,2020:CFS
"=""051900"""	LG생활건강	직접추가	메인	324000.0	2000.0	-5930.0	1086333734803.0	100697817600.0	120239309804.0	55803511595.0						판정불가	일반	일반	69713.77885077163	66067.07660540048			N	N	-152.33430412143676												1년				0.6172839506172839				22989.9067608023	7.095650234815524	판정불가		판정불가	1년	-152.33430412143676		판정불가	N	순현금차감PER<=0	제외	하드필터 미통과	15302459.0	단기위험부채 존재; fs=2025:CFS,2024:CFS,2022:CFS,2020:CFS
"=""011070"""	LG이노텍	직접추가	메인	554000.0	1880.0	14421.0	1406403000000.0	72896000000.0								판정불가	일반	일반	62504.42861478592	62504.42861478592	34.08193408121587	34.08193408121587	N	N	-24.040031603897816	-29.57093933979966	0.6187699510769251			9.73753990215385			140425.0629289607			-74.6525157167941	3년				0.33935018050541516	-0.6954030650641667	-0.8576857489846835	0.028112258221589734	24374.504243378797	4.399730007830108	3년	-0.8576857489846835	불리(<1)	3년	-29.57093933979966		판정불가	Y	통과	보류	배당감안점수 또는 린치PER배수 미산출	23667107.0	1년 점수 과열 가능; 배당감안점수<1; fs=2025:CFS,2024:CFS,2022:CFS,2020:CFS
"=""032640"""	LG유플러스	통신	보정필요	15000.0	660.0	1221.0	794318000000.0	96103000000.0	6032435000000.0	0.0						판정불가	통신보정	보정주의	-11962.94739559469	-11962.94739559469	22.082675999668048	22.082675999668048	Y	Y	40.18369690011481	-7.505357255026945	16.093370483592317	88.86739380022962		40.68674096718463	108507.08783008037		49678.510720932434	623.3805855338692		231.19007147288292	3년				4.3999999999999995	2.018944483937771	-0.14062413699651374	0.9280293060451721	2279.814694868141	15.198764632454273	3년	-0.14062413699651374	불리(<1)	3년	-7.505357255026945		판정불가	N	주당순현금<=0	제외	하드필터 미통과	429828355.0	린치식 단독판정 비중 낮춤; 주당순현금 음수(린치식); 주당순현금 음수(보수형); 1년 점수 과열 가능; 배당감안점수<1; fs=2025:CFS,2024:CFS,2022:CFS,2020:CFS
"=""079550"""	LIG넥스원	우주항공/방산	메인	702000.0	2950.0	11604.0	125190009682.0	74459447021.0	923361958512.0	603656788627.0						판정불가	일반	일반	-32896.0228095	-60334.96774709091	63.33126704666494	65.69587795131773	Y	Y	14.066647006782663	27.179527397785485	34.219216690902975	36.633294013565326	62.85905479557097	76.93843338180595	425092.74373341206	729416.4718478055	892793.5809624762	-39.44547810065355	3.9054803202002164	27.178572786677524	3년	62.85905479557097	729416.4718478055	3.9054803202002164	0.42022792022792027	0.22874759344915824	0.43579982850614424	0.5469564438937754	-39377.47379822727	-5.609326751884226	3년	0.43579982850614424	불리(<1)	3년	27.179527397785485	2.33010920755837	매우 불리	N	주당순현금<=0 / 주당FCF<=0	제외	하드필터 미통과	22000000.0	주당순현금 음수(린치식); 주당순현금 음수(보수형); 단기위험부채 존재; 주당FCF 음수; 배당감안점수<1; PER>연성장률의 2배; fs=2025:CFS,2024:CFS,2022:CFS,2020:CFS
"=""004990"""	롯데지주	직접추가	메인	23450.0	1250.0	-8978.0	1391291862106.0	1039362449959.0	5672138060606.0	3773429305995.0						판정불가	일반	일반	-30897.982305800204	-66866.49579327319			Y	Y	-37.605115018416846												1년				5.330490405117271				-1991.5043153635747	-8.49255571583614	판정불가		판정불가	1년	-37.605115018416846		판정불가	N	주당순현금<=0 / 주당FCF<=0 / 순현금차감PER<=0	제외	하드필터 미통과	104909237.0	주당순현금 음수(린치식); 주당순현금 음수(보수형); 단기위험부채 존재; 주당FCF 음수; fs=2025:CFS,2024:CFS,2022:CFS,2020:CFS
"=""011170"""	롯데케미칼	석유화학	watchlist	58700.0	1000.0		1870312010924.0	824440281077.0	9399387662619.0							판정불가	일반	일반	-156740.37864171478	-156740.37864171478			Y	Y													판정불가				1.7035775127768313				-26783.67225319289	-45.62806176012417	판정불가		판정불가	판정불가			판정불가	N	주당순현금<=0 / 주당FCF<=0 / 순현금차감PER<=0	제외	하드필터 미통과	42775419.0	린치식 단독판정 비중 낮춤; 주당순현금 음수(린치식); 주당순현금 음수(보수형); 주당FCF 음수; EPS 미추출; fs=2025:CFS,2024:CFS,2022:CFS,2020:CFS
"=""005300"""	롯데칠성음료	직접추가	메인	101500.0	3400.0	4697.0	213358325740.0	11845742299.0	168590223949.0	1587240348429.0						판정불가	일반	일반	5630.868480357551	-152237.61390908112	20.41071567375824	54.021207985752845	N	Y	-20.09186798230691	-28.321091651421646											3년				3.3497536945812803	-0.8202610116827368	-1.223442546355474		12123.245426933277	11.944084164466283	3년	-1.223442546355474	불리(<1)	3년	-28.321091651421646		판정불가	Y	통과	보류	배당감안점수 또는 린치PER배수 미산출	10054194.0	주당순현금 음수(보수형); 단기위험부채 존재; 1년 점수 과열 가능; 배당감안점수<1; fs=2025:CFS,2024:CFS,2022:CFS,2020:CFS
"=""004000"""	롯데정밀화학	직접추가	메인	47450.0	1500.0	4165.0	172038879703.0	562065025.0	45301437028.0	842860000.0						판정불가	일반	일반	4934.089445736434	4901.420453488372	10.207901693700736	10.215745389318517	N	N		-10.129293888244783	-11.804095268565707										3년				3.1612223393045316		-0.6826154637872568	-0.8466845771638519	1136.2980498449613	2.394727186185377	3년	-0.6826154637872568	불리(<1)	3년	-10.129293888244783		판정불가	Y	통과	보류	배당감안점수 또는 린치PER배수 미산출	25800000.0	단기위험부채 존재; 배당감안점수<1; fs=2025:CFS,2024:CFS,2022:CFS,2020:CFS
"=""023530"""	롯데쇼핑	직접추가	메인	114500.0	4000.0	1824.0	571525104252.0		9833740433980.0							판정불가	일반	일반	-327416.85979916755	-327416.85979916755	242.27898015305237	242.27898015305237	Y	Y	-105.26042567918326												1년				3.4934497816593884	-0.4200404667100533			36267.714863697605	31.674860142967344	1년	-0.4200404667100533	불리(<1)	1년	-105.26042567918326		판정불가	N	주당순현금<=0	제외	하드필터 미통과	28288755.0	주당순현금 음수(린치식); 주당순현금 음수(보수형); 배당감안점수<1; fs=2025:CFS,2024:CFS,2022:CFS,2020:CFS
"=""280360"""	롯데웰푸드	직접추가	메인	104000.0	3300.0	8176.0	465769787384.0	60447985569.0	1114724963974.0							판정불가	일반	일반	-63249.23537832038	-63249.23537832038	20.456119786976565	20.456119786976565	Y	Y	-14.575279490126425		5.046315298946524			18.59263059789305			152013.34776837355			46.16668054651303	5년	18.59263059789305	152013.34776837355	46.16668054651303	3.173076923076923	-0.5573981129260271		0.4018060271262364	-12931.762180407184	-12.434386711929985	5년	0.4018060271262364	불리(<1)	5년	5.046315298946524	4.053674527877204	매우 불리	N	주당순현금<=0 / 주당FCF<=0	제외	하드필터 미통과	9304574.0	주당순현금 음수(린치식); 주당순현금 음수(보수형); 주당FCF 음수; 배당감안점수<1; PER>연성장률의 2배; fs=2025:CFS,2024:CFS,2022:CFS,2020:CFS
"=""006260"""	LS	직접추가	메인	328500.0	2500.0	9903.0	2086611000000.0	856757000000.0	2796384000000.0	5804770000000.0						판정불가	일반	일반	4636.719242902208	-178479.05362776027	32.703552535302215	51.19449193454108	N	Y	14.129307364296405	-15.509731147342876	16.589235636822398	36.75861472859281		41.678471273644796	364020.5616572546		412741.90102290444	10.81295636446107		25.644414314430563	3년				0.76103500761035	0.4553126867741114	-0.450981468261342	0.5305316792634013	-31030.6309148265	-9.44615857376758	3년	-0.450981468261342	불리(<1)	3년	-15.509731147342876		판정불가	N	주당FCF<=0	제외	하드필터 미통과	31700000.0	주당순현금 음수(보수형); 단기위험부채 존재; 주당FCF 음수; 1년 점수 과열 가능; 배당감안점수<1; fs=2025:CFS,2024:CFS,2022:CFS,2020:CFS
"=""010120"""	LS ELECTRIC	전력설비	메인	202500.0	3000.0	9647.0	762716704001.0	205184236697.0	773010797653.0	302192853551.0						판정불가	일반	일반	6496.3381015	-3576.7570168666666	20.317576645433814	21.361745311171003	N	Y	19.423124535776193	45.94979891928113	27.235637161019888	47.346249071552386	100.39959783856226	62.971274322039775	456749.26479326584	968554.9203486101	607483.8833847177	125.55519249050167	378.2987260980791	199.9920411776384	3년	100.39959783856226	968554.9203486101	378.2987260980791	1.4814814814814816	1.0288926864688752	2.3344949660333802	1.4134125906671686	3012.7272868333334	1.487766561399177	3년	2.3344949660333802	안심(>=2)	3년	45.94979891928113	0.44216900015439015	매우 유망	Y	통과	매우 유망	배당감안점수>=2 & 린치PER배수<=0.5	30000000.0	주당순현금 음수(보수형); 단기위험부채 존재; fs=2025:CFS,2024:CFS,2022:CFS,2020:CFS
"=""138040"""	메리츠금융지주	직접추가	메인	125700.0	1350.0	12903.0		57255930460341.0								판정불가	일반	일반	326762.6475868441	326762.6475868441	-15.582627883968387	-15.582627883968387	N	N	5.253283302063783			19.006566604127563			245241.72889305794			95.10081853067459			1년	19.006566604127563	245241.72889305794	95.10081853067459	1.0739856801909307	-0.40604633758624825					1년	-0.40604633758624825	불리(<1)	1년	5.253283302063783		판정불가	N	주당FCF<=0 / 순현금차감PER<=0	제외	하드필터 미통과	175221773.0	배당감안점수<1; fs=2025:CFS,2024:CFS,2022:NA,2020:NA
"=""006800"""	미래에셋증권	금융/증권	보정필요	34550.0	0.0	2680.0	1698057000000.0	128930885000000.0	9756730000000.0							판정불가	금융보정	보정주의	213146.27533903014	213146.27533903014	-66.64040124590677	-66.64040124590677	N	N	73.46278317152104			155.42556634304208			416540.51779935276			1105.6165493468966			1년	155.42556634304208	416540.51779935276	1105.6165493468966	0.0	-1.1023760631398256			-12193.31326010751	-35.29178946485531	1년	-1.1023760631398256	불리(<1)	1년	73.46278317152104		판정불가	N	주당FCF<=0 / 순현금차감PER<=0	제외	하드필터 미통과	567085734.0	린치식 단독판정 비중 낮춤; 주당FCF 음수; 배당감안점수<1; fs=2025:CFS,2024:CFS,2022:NA,2020:NA
"=""081660"""	미스토홀딩스	직접추가	메인	46500.0	1980.0	4061.0	625567094487.0	7474935386.0	1662319967352.0							판정불가	일반	일반	-19386.744506858304	-19386.744506858304	16.22426606915989	16.22426606915989	Y	Y	186.591390261115	-10.790250426997183	11.983680556282028	381.68278052223		32.467361112564056	1550013.7717007762		131849.95347812262	3233.362949894142		183.54828704972607	3년				4.258064516129032	11.76321036425942	-0.40261826840259624	1.0010773370688488	5893.732083819284	12.674692653374803	3년	-0.40261826840259624	불리(<1)	3년	-10.790250426997183		판정불가	N	주당순현금<=0	제외	하드필터 미통과	53091840.0	주당순현금 음수(린치식); 주당순현금 음수(보수형); 1년 점수 과열 가능; 배당감안점수<1; fs=2025:CFS,2024:CFS,2022:CFS,2020:CFS
"=""002840"""	미원상사	직접추가	메인	123600.0	2400.0	9449.0	26488253934.0	2869800000.0		56542234.0						판정불가	일반	일반	6180.642933473684	6168.739305263158	12.426643778868273	12.427903555374838	N	N	-12.428174235403155	-13.799130124356108	-1.8410746860862304			4.817850627827539			45523.87058234242			-63.16838949648671	3년				1.9417475728155338	-0.8438663607964666	-0.9541902675044297	0.00810137383196736	4071.338190526316	3.2939629373190256	3년	-0.9541902675044297	불리(<1)	3년	-13.799130124356108		판정불가	Y	통과	보류	배당감안점수 또는 린치PER배수 미산출	4750000.0	단기위험부채 존재; 1년 점수 과열 가능; 배당감안점수<1; fs=2025:CFS,2024:CFS,2022:CFS,2020:CFS
"=""268280"""	미원에스씨	직접추가	메인	118800.0	3200.0	12662.0	58959811112.0			34836825379.0						판정불가	일반	일반	11791.9622224	4824.5971466	8.451116551697993	9.001374415842678	N	N	13.418129702615555	-0.7008484463701614	13.343223272870098	35.33625940523111	7.098303107259677	35.186446545740196	447427.71658903634	89878.71394412204	445530.7861621624	276.6226570614784	-24.344516882052158	275.02591427791447	3년	7.098303107259677	89878.71394412204	-24.344516882052158	2.6936026936026933	1.9064619802197722	0.23579774755705493	1.8975984851671086	6279.6343486	5.285887498821548	3년	0.23579774755705493	불리(<1)	3년	-0.7008484463701614		판정불가	Y	통과	보류	배당감안점수 또는 린치PER배수 미산출	5000000.0	단기위험부채 존재; 1년 점수 과열 가능; 배당감안점수<1; fs=2025:CFS,2024:CFS,2022:CFS,2020:CFS
"=""035420"""	NAVER	직접추가	메인	226000.0	2630.0	13009.0	5984018799741.0	5235312755210.0	1256361590806.0	132159574017.0						판정불가	일반	일반	63518.0261625246	62675.45458896267	12.48996647224809	12.554734830581701	N	N	2.416942213824602		10.610774201816863	13.333884427649204		29.721548403633726	173460.5025192885		386647.62318287115	-23.247565256951987		71.0830191074651	5년	29.721548403633726	386647.62318287115	71.0830191074651	1.163716814159292	0.2866828374551597		0.9427159826360082	11325.425174978569	5.011250077424146	5년	0.9427159826360082	불리(<1)	5년	10.610774201816863	1.1771022768639687	보통	Y	통과	제외	배당감안점수<1	156852638.0	단기위험부채 존재; 배당감안점수<1; fs=2025:CFS,2024:CFS,2022:CFS,2020:CFS
"=""036570"""	NC	직접추가	메인	239500.0	1150.0	17876.0	503522487163.0	1499844872739.0	177813001472.0							판정불가	일반	일반	84736.00511687186	84736.00511687186	8.657641244301194	8.657641244301194	N	N	278.087986463621	-5.903415055311056	-8.909537463398499	564.675972927242			10094147.692047378			4114.675445531265			3년				0.4801670146137787	32.175987156039696	-0.6264117312861718	-0.9736336042260089	2177.512866910366	0.909191176162992	3년	-0.6264117312861718	불리(<1)	3년	-5.903415055311056		판정불가	Y	통과	보류	배당감안점수 또는 린치PER배수 미산출	21544022.0	1년 점수 과열 가능; 배당감안점수<1; fs=2025:CFS,2024:CFS,2022:CFS,2020:CFS
"=""251270"""	넷마블	직접추가	메인	39000.0	876.0		688942929318.0	236601481356.0	377828444422.0	732523334222.0						판정불가	일반	일반	6372.235610039484	-2150.0853795346234			N	Y													판정불가				2.246153846153846				3193.167304922608	8.187608474160534	판정불가		판정불가	판정불가			판정불가	N	순현금차감PER<=0	제외	하드필터 미통과	85953502.0	주당순현금 음수(보수형); 단기위험부채 존재; EPS 미추출; fs=2025:CFS,2024:CFS,2022:CFS,2020:CFS
"=""005940"""	NH투자증권	직접추가	메인	28300.0	1300.0	2932.0	2630830000000.0	68236691000000.0	4707188000000.0							판정불가	일반	일반	185664.03388290948	185664.03388290948	-53.6712257445121	-53.6712257445121	N	N	45.43650793650793			99.37301587301586			291361.6825396825			929.5465814123055			1년	99.37301587301586	291361.6825396825	929.5465814123055	4.593639575971731	-0.9321595849261046			-15292.555387622808	-54.037298189479884	1년	-0.9321595849261046	불리(<1)	1년	45.43650793650793		판정불가	N	주당FCF<=0 / 순현금차감PER<=0	제외	하드필터 미통과	356344369.0	주당FCF 음수; 배당감안점수<1; fs=2025:CFS,2024:CFS,2022:NA,2020:NA
"=""004370"""	농심	필수소비재	메인	390000.0	6000.0	29342.0	253539960716.0	745596630000.0	125972160319.0	27652497602.0						판정불가	일반	일반	143550.1925638563	139004.05987973648	8.399216394115728	8.554152413614052	N	N	7.867068597897209	13.475331168715332	2.7004092516118794	24.234137195794418	35.450662337430664	13.900818503223759	711078.0535989997	1040193.3343048906	407877.8165215915	82.32770605102557	166.71623956535657	4.584055518356789	3년	35.450662337430664	1040193.3343048906	166.71623956535657	1.5384615384615385	1.1198104317145605	1.787523026278397	0.5046745542885477	33019.471789396775	8.466531228050457	3년	1.787523026278397	양호(>=1.5)	3년	13.475331168715332	0.6233031521789654	헐값	Y	통과	양호	배당감안점수>=1.5 & 린치PER배수<1	6082642.0	단기위험부채 존재; fs=2025:CFS,2024:CFS,2022:CFS,2020:CFS
"=""010060"""	OCI홀딩스	직접추가	메인	244000.0	1000.0	-4809.0	1034744959000.0									판정불가	일반	일반	55422.18002432964	55422.18002432964			N	N	-194.72129210163482												1년				0.4098360655737705				9707.740268037376	3.9785820770644986	판정불가		판정불가	1년	-194.72129210163482		판정불가	N	순현금차감PER<=0	제외	하드필터 미통과	18670232.0	fs=2025:CFS,2024:CFS,2022:CFS,2020:CFS
"=""271560"""	오리온	필수소비재	메인	135500.0	3500.0	9682.0	311390944459.0	31192701875.0	22097727513.0							판정불가	일반	일반	8106.152590268567	8106.152590268567	13.157802872312686	13.157802872312686	N	N	-27.04393037450079	-0.8262042047842644	7.4207333275822185		6.847591590431471	23.34146665516444		66298.38177855751	225992.0801553021		-51.071304960474166	66.78382299284289	3년	6.847591590431471	66298.38177855751	-51.071304960474166	2.5830258302583027	-1.8590417246419124	0.133519375728818	0.7602910041228036	9890.016867456836	7.298905437237517	3년	0.133519375728818	불리(<1)	3년	-0.8262042047842644		판정불가	Y	통과	보류	배당감안점수 또는 린치PER배수 미산출	39536132.0	배당감안점수<1; fs=2025:CFS,2024:CFS,2022:CFS,2020:CFS
"=""001800"""	오리온홀딩스	직접추가	메인	26900.0	1100.0	2011.0	353427526408.0	40225597539.0	23781543774.0							판정불가	일반	일반	5904.20765579646	5904.20765579646	10.440473567480627	10.440473567480627	N	N	-24.681647940074903	5.512222260013111	9.302936730683564		19.524444520026222	27.10587346136713		39263.65792977273	54509.911530809295		45.961553642277806	102.63907632271115	3년	19.524444520026222	39263.65792977273	45.961553642277806	4.089219330855019	-1.972365379417268	0.9196365977855772	1.2827153840273762	5198.228152968624	19.32426822664916	3년	0.9196365977855772	불리(<1)	3년	5.512222260013111	1.8940588885934715	보통	Y	통과	제외	배당감안점수<1	62645422.0	배당감안점수<1; fs=2025:CFS,2024:CFS,2022:CFS,2020:CFS
"=""007310"""	오뚜기	직접추가	메인	334500.0	9000.0	20279.0	412685029869.0	273077178893.0	186473980697.0	509239504017.0						판정불가	일반	일반	124578.19519914767	-2482.958596547259	10.351684244827275	16.61733609135299	N	Y	-49.363264083100276	-36.84393156790511	-8.312202484315046										3년				2.690582959641256	-4.508704092938432	-3.299303552977888	-0.5430632727696371	8412.798855490377	2.5150370270524296	3년	-3.299303552977888	불리(<1)	3년	-36.84393156790511		판정불가	Y	통과	보류	배당감안점수 또는 린치PER배수 미산출	4007830.0	주당순현금 음수(보수형); 단기위험부채 존재; 1년 점수 과열 가능; 배당감안점수<1; fs=2025:CFS,2024:CFS,2022:CFS,2020:CFS
"=""028670"""	팬오션	직접추가	메인	5850.0	150.0	564.0	839667000000.0									판정불가	일반	일반	1570.7349206252525	1570.7349206252525	7.587349431515509	7.587349431515509	N	N	12.350597609561742	-23.645583428215545	26.662075505745552	33.201195219123484		61.824151011491104	18725.474103585646		34868.82117048098	220.09357442026746		496.048225136427	3년				2.564102564102564	1.9657326063978604	-2.778504015716874	3.851961522748852	898.78863125288	15.363908226544956	3년	-2.778504015716874	불리(<1)	3년	-23.645583428215545		판정불가	Y	통과	보류	배당감안점수 또는 린치PER배수 미산출	534569512.0	1년 점수 과열 가능; 배당감안점수<1; fs=2025:CFS,2024:CFS,2022:CFS,2020:CFS
"=""034230"""	파라다이스	직접추가	메인	9990.0	150.0	1087.0	341761126505.0	5000000000.0	796472209722.0	137240950000.0						판정불가	일반	일반	-4866.710272452332	-6351.912585875921	13.667626745586322	15.033958220677022	Y	Y	24.22857142857142	54.2810589168254		56.95714285714284	117.0621178336508		61912.414285714265	127246.52208517843		519.7438867438866	1173.7389598115958		3년	117.0621178336508	127246.52208517843	1173.7389598115958	1.5015015015015014	1.8825560142240436	4.081364047810329		1428.3554813839717	14.297852666506222	3년	4.081364047810329	안심(>=2)	3년	54.2810589168254	0.2517936646469841	매우 유망	N	주당순현금<=0	제외	하드필터 미통과	92405559.0	주당순현금 음수(린치식); 주당순현금 음수(보수형); 단기위험부채 존재; fs=2025:CFS,2024:CFS,2022:CFS,2020:CFS
"=""103140"""	풍산	직접추가	메인	83800.0	1700.0	5388.0	239069532140.0	18564061989.0	421550501295.0	535368466545.0						판정불가	일반	일반	-5849.103665257674	-24952.841736404414	16.63866066541531	20.184269067632595	Y	Y	-37.65332099051145	-5.551366378147627	15.984603902585516			40.46920780517103			218048.09165426152			160.2005866995961	3년				2.028639618138425	-2.1410786654494114	-0.21171937037765612	1.0826137922366434			3년	-0.21171937037765612	불리(<1)	3년	-5.551366378147627		판정불가	N	주당순현금<=0 / 주당FCF<=0	제외	하드필터 미통과	28024278.0	주당순현금 음수(린치식); 주당순현금 음수(보수형); 단기위험부채 존재; 배당감안점수<1; fs=2025:CFS,2024:CFS,2022:CFS,2020:CFS
"=""005490"""	POSCO홀딩스	철강	watchlist	319000.0	10000.0	8697.0	7049800440769.0		16374578210992.0							판정불가	일반	일반	-115216.08368150219	-115216.08368150219	49.927110921179974	49.927110921179974	Y	Y	-39.817313680714136	-40.58072367872994	-15.48101970257214										3년				3.1347962382445136	-0.7347214121878669	-0.7500119023430253	-0.24728495674061002	-20625.34356158169	-6.465624940934698	3년	-0.7500119023430253	불리(<1)	3년	-40.58072367872994		판정불가	N	주당순현금<=0 / 주당FCF<=0	제외	하드필터 미통과	80932952.0	린치식 단독판정 비중 낮춤; 주당순현금 음수(린치식); 주당순현금 음수(보수형); 주당FCF 음수; 1년 점수 과열 가능; 배당감안점수<1; fs=2025:CFS,2024:CFS,2022:CFS,2020:CFS
"=""022100"""	포스코DX	직접추가	메인	20600.0	125.0	343.0	246949912811.0	5459116668.0	1166279518.0							판정불가	일반	일반	1652.5352570003922	1652.5352570003922	55.240421991252504	55.240421991252504	N	N	-40.86206896551724		43.180492810132876			94.86098562026575			32537.318067751152			57.94814595995705	5년	94.86098562026575	32537.318067751152	57.94814595995705	0.6067961165048543	-0.7287285541625105		0.7926675312793878	902.5027073978604	4.381081103873108	5년	0.7926675312793878	불리(<1)	5년	43.180492810132876	1.279291142742345	보통	Y	통과	제외	배당감안점수<1	152034729.0	배당감안점수<1; fs=2025:CFS,2024:CFS,2022:CFS,2020:CFS
"=""003670"""	포스코퓨처엠	2차전지	메인	147500.0	250.0	51.0	319841457995.0	455490703002.0	75416813902.0	2985898850806.0						판정불가	일반	일반	7868.972364368042	-25700.738083203534	2737.863286973176	3396.092903592226	N	Y	-101.85319767441861	-67.79595834778358	-36.26680545246004										3년				0.1694915254237288	-0.03713980410665813	-0.02470045423528937	-0.013184483717206867	-17346.109652439416	-11.760074340636892	3년	-0.02470045423528937	불리(<1)	3년	-67.79595834778358		판정불가	N	주당FCF<=0	제외	하드필터 미통과	88946220.0	주당순현금 음수(보수형); 단기위험부채 존재; 주당FCF 음수; 1년 점수 과열 가능; 배당감안점수<1; fs=2025:CFS,2024:CFS,2022:CFS,2020:CFS
"=""047050"""	포스코인터내셔널	에너지/상사	watchlist	55400.0	1850.0	3603.0	1171465925000.0	32399478000.0	3152207468000.0	2325933168000.0						판정불가	일반	일반	-11074.984015146463	-24296.313636184528	18.44989842218886	22.11943203890772	Y	Y	19.344153693275913	-8.992163844445855	13.250872999134566	47.18830738655183		35.00174599826913	170019.47151374622		126111.29083176368	206.8943529128993		127.63770908260592	3년				3.3393501805054155	1.229464973449442	-0.3063872512784166	0.8992040389603267	5016.375456714567	9.05482934425012	3년	-0.3063872512784166	불리(<1)	3년	-8.992163844445855		판정불가	N	주당순현금<=0	제외	하드필터 미통과	175922788.0	린치식 단독판정 비중 낮춤; 주당순현금 음수(린치식); 주당순현금 음수(보수형); 단기위험부채 존재; 1년 점수 과열 가능; 배당감안점수<1; fs=2025:CFS,2024:CFS,2022:CFS,2020:CFS
"=""012750"""	에스원	직접추가	메인	75000.0	3200.0	5281.0	217937111676.0	27694386215.0	36737106943.0							판정불가	일반	일반	5497.339730559434	5497.339730559434	13.16089003397852	13.16089003397852	N	N	1.033097378993686	5.738563246263584	4.672200779142521	10.566194757987372	19.97712649252717	17.844401558285043	55800.07451693131	105499.20500703598	94236.2846293033	-25.59990064409159	40.66560667604797	25.64837950573775	3년	19.97712649252717	105499.20500703598	40.66560667604797	4.266666666666667	0.4026903979880942	0.7602244139339323	0.6791993111963552	4591.768535203577	6.1223580469381025	3년	0.7602244139339323	불리(<1)	3년	5.738563246263584	2.2934120387272303	매우 불리	Y	통과	제외	배당감안점수<1	37999178.0	배당감안점수<1; PER>연성장률의 2배; fs=2025:CFS,2024:CFS,2022:CFS,2020:CFS
"=""062040"""	산일전기	직접추가	메인	161400.0	1250.0	4901.0	108606384509.0	126933410833.0	741366607.0	520000000.0						판정불가	일반	일반	7712.165751415659	7695.085883324793	31.358464445742573	31.361949421888433	N	N	60.1110748121529			128.7221496243058			630867.2553087228			290.8719053957391			1년	128.7221496243058	630867.2553087228	290.8719053957391	0.7744733581164809	1.9415985204127428			3251.520036754562	2.014572513478663	1년	1.9415985204127428	양호(>=1.5)	1년	60.1110748121529	0.5216753242848805	헐값	Y	통과	양호	배당감안점수>=1.5 & 린치PER배수<1	30445200.0	단기위험부채 존재; fs=2025:CFS,2024:OFS,2022:NA,2020:NA
"=""207940"""	삼성바이오로직스	헬스케어	메인	1514000.0		24091.0	148851266520.0	1307174500000.0	918724421281.0							판정불가	일반	일반	11607.049188490424	11607.049188490424	62.36324564407909	62.36324564407909	N	N	58.274751987385855	28.169383318294948	45.91602063406175	125.04950397477171	64.8387666365899	100.3320412681235	3012567.600256225	1562030.7270420871	2417099.2061903635	98.98068693898448	3.1724390384469725	59.649881518518065	3년	64.8387666365899	1562030.7270420871	3.1724390384469725		0.93444065307269	0.4516984808498243	0.7362673343865823	16692.97982791496	1.1025746253576594	3년	0.4516984808498243	불리(<1)	3년	28.169383318294948	2.2138662014505845	매우 불리	Y	통과	제외	배당감안점수<1	46290951.0	배당감안점수<1; PER>연성장률의 2배; fs=2025:CFS,2024:CFS,2022:CFS,2020:CFS
"=""028260"""	삼성물산	직접추가	메인	334000.0	2800.0	14955.0	3458217651048.0	2068618122746.0	1611322967337.0	981336899188.0						판정불가	일반	일반	23035.606644979205	17262.240061011005	20.79333957572857	21.179388829086527	N	N	9.328167263688858	6.272963576271873	18.957826688295864	27.156334527377716	21.045927152543747	46.41565337659173	406122.9828569337	314741.84056629176	694146.0962469293	21.59370744219573	-5.765915998116233	107.82817252902075	3년	21.045927152543747	314741.84056629176	-5.765915998116233	0.8383233532934131	0.48893014900065906	0.34199830689371674	0.9520428389818016	6578.623290328812	1.9696476917152133	3년	0.34199830689371674	불리(<1)	3년	6.272963576271873	3.314755350147657	매우 불리	Y	통과	제외	배당감안점수<1	169976544.0	단기위험부채 존재; 배당감안점수<1; PER>연성장률의 2배; fs=2025:CFS,2024:CFS,2022:CFS,2020:CFS
"=""029780"""	삼성카드	직접추가	메인	47350.0	2800.0	6053.0		29504306000000.0	18053189000000.0							판정불가	일반	일반	98836.75651616586	98836.75651616586	-8.505989842419602	-8.505989842419602	N	N	-2.8098908156711677			2.8802183686576646			17433.961785484844			-63.180650928226314			1년	2.8802183686576646	17433.961785484844	-63.180650928226314	5.913410770855332	-0.36486288047357246					1년	-0.36486288047357246	불리(<1)	1년	-2.8098908156711677		판정불가	N	주당FCF<=0 / 순현금차감PER<=0	제외	하드필터 미통과	115858891.0	배당감안점수<1; fs=2025:CFS,2024:CFS,2022:NA,2020:NA
"=""028050"""	삼성E&A	직접추가	메인	49450.0	790.0	3150.0	861796626374.0	2074000285556.0		0.0						판정불가	일반	일반	14978.555673112245	14978.555673112245	10.943315659329445	10.943315659329445	N	N	-18.4360435007768												1년				1.5975733063700708	-1.538699121783216			805.8218167704082	1.629568891345618	1년	-1.538699121783216	불리(<1)	1년	-18.4360435007768		판정불가	Y	통과	보류	배당감안점수 또는 린치PER배수 미산출	196000000.0	배당감안점수<1; fs=2025:CFS,2024:CFS,2022:CFS,2020:CFS
"=""009150"""	삼성전기	직접추가	메인	1229000.0	2350.0	9395.0	2701205916236.0		249136193271.0	2003354614634.0						판정불가	일반	일반	32828.335646491505	6007.402663954398	127.32002813768052	130.1748373960666	N	N	4.528259902091669	-10.207342192334501	3.285033400534343	17.55651980418334		15.070066801068686	164943.50356030246		141583.2775960403	-86.57904771681835		-88.47979840552968	3년				0.19121236777868186	0.03706779160280139	-0.0786689256282966	0.02730321237876184			3년	-0.0786689256282966	불리(<1)	3년	-10.207342192334501		판정불가	N	주당FCF<=0	제외	하드필터 미통과	74693696.0	단기위험부채 존재; 1년 점수 과열 가능; 배당감안점수<1; fs=2025:CFS,2024:CFS,2022:CFS,2020:CFS
"=""005930"""	삼성전자	반도체	메인	230500.0	1668.0	6605.0	57856378000000.0	67965021000000.0	6486651000000.0	17574980000000.0						판정불가	일반	일반	20159.129590764183	17190.201384077154	31.845703317068256	32.29520039605191	N	N	33.43434343434344	-6.409201466872028	11.451444833603809	75.36868686868688		31.402889667207617	497810.17676767684		207416.08625190632	115.96970792523939		-10.01471312281721	3년				0.723644251626898	1.0726089904776188	-0.17853451558715794	0.38231496927578473	5602.031650745953	2.43038249490063	3년	-0.17853451558715794	불리(<1)	3년	-6.409201466872028		판정불가	Y	통과	보류	배당감안점수 또는 린치PER배수 미산출	5919637922.0	단기위험부채 존재; 1년 점수 과열 가능; 배당감안점수<1; fs=2025:CFS,2024:CFS,2022:CFS,2020:CFS
"=""000810"""	삼성화재해상보험	직접추가	메인	648000.0	19500.0	47478.0		11734007737216.0								판정불가	일반	일반	255025.28109142228	255025.28109142228	8.276985528214704	8.276985528214704	N	N	-2.667131347506102			3.165737304987796			150302.87576621058			-76.80511176447368			1년	3.165737304987796	150302.87576621058	-76.80511176447368	3.009259259259259	0.041334844743524876			72732.0784920961	11.224086187051867	1년	0.041334844743524876	불리(<1)	1년	-2.667131347506102		판정불가	Y	통과	보류	배당감안점수 또는 린치PER배수 미산출	46011155.0	배당감안점수<1; fs=2025:CFS,2024:CFS,2022:NA,2020:NA
"=""010140"""	삼성중공업	직접추가	메인	22100.0		639.0	772614649370.0	311797002761.0	592438711867.0	1454489650793.0						판정불가	일반	일반	559.0601593909091	-1093.7689892375	33.71039098686869	36.296978073924095	N	Y	752.0			1512.5			966487.5			4273.246606334842			1년	1512.5	966487.5	4273.246606334842		22.307661762004745			1530.2205002727273	6.924074661867545	1년	22.307661762004745	안심(>=2)	1년	752.0	0.044827647588921125	매우 유망	Y	통과	매우 유망	배당감안점수>=2 & 린치PER배수<=0.5	880000000.0	주당순현금 음수(보수형); 단기위험부채 존재; fs=2025:CFS,2024:CFS,2022:CFS,2020:CFS
"=""032830"""	삼성생명	직접추가	메인	287500.0	5300.0	12824.0	4537833000000.0	132160246000000.0								판정불가	일반	일반	683490.395	683490.395	-30.87885176232065	-30.87885176232065	N	N	9.307875894988072			27.115751789976144			347732.4009546541			20.950400332053597			1년	27.115751789976144	347732.4009546541	20.950400332053597	1.8434782608695652	-0.3611324100290825					1년	-0.3611324100290825	불리(<1)	1년	9.307875894988072		판정불가	N	주당FCF<=0 / 순현금차감PER<=0	제외	하드필터 미통과	200000000.0	배당감안점수<1; fs=2025:CFS,2024:CFS,2022:NA,2020:NA
"=""006400"""	삼성SDI	2차전지	메인	427000.0	1000.0		1803994237947.0		5493341323030.0	5390568184387.0						판정불가	일반	일반	-45781.75616742857	-112674.26384699586			Y	Y													판정불가				0.234192037470726				-28996.751032548895	-6.790808204344004	판정불가		판정불가	판정불가			판정불가	N	주당순현금<=0 / 주당FCF<=0 / 순현금차감PER<=0	제외	하드필터 미통과	80585530.0	주당순현금 음수(린치식); 주당순현금 음수(보수형); 단기위험부채 존재; 주당FCF 음수; EPS 미추출; fs=2025:CFS,2024:CFS,2022:CFS,2020:CFS
"=""018260"""	삼성에스디에스	직접추가	메인	232500.0	3190.0	9819.0	1558981444019.0	4845117385939.0								판정불가	일반	일반	82764.03348192893	82764.03348192893	15.249614677469301	15.249614677469301	N	N	0.3269643404516298	-11.608687356751402	11.36201067352738	9.15392868090326		31.22402134705476	89882.42571778911		306588.6656067307	-61.34089216439178		31.8660927340777	3년				1.3720430107526882	0.11141313319309856	-0.6712723280230121	0.8350410127473007	10905.769354957107	4.690653486003057	3년	-0.6712723280230121	불리(<1)	3년	-11.608687356751402		판정불가	Y	통과	보류	배당감안점수 또는 린치PER배수 미산출	77377800.0	1년 점수 과열 가능; 배당감안점수<1; fs=2025:CFS,2024:CFS,2022:CFS,2020:CFS
"=""016360"""	삼성증권	직접추가	메인	95400.0	4000.0	11279.0	3379830380886.0	70613319064436.0	4076142290150.0							판정불가	일반	일반	782945.2089045016	782945.2089045016	-60.9579935193281	-60.9579935193281	N	N	12.028208184346445			32.556416368692894			367203.82022248715			284.90966480344565			1년	32.556416368692894	367203.82022248715	284.90966480344565	4.1928721174004195	-0.2661025956604626					1년	-0.2661025956604626	불리(<1)	1년	12.028208184346445		판정불가	N	주당FCF<=0 / 순현금차감PER<=0	제외	하드필터 미통과	89300000.0	배당감안점수<1; fs=2025:CFS,2024:CFS,2022:NA,2020:NA
"=""003230"""	삼양식품	직접추가	메인	1233000.0	4800.0	52156.0	332840576772.0	3879418399.0	340183053989.0	92341086958.0						판정불가	일반	일반	-459.7174993014085	-12717.901899305922	23.649430890008844	23.884460117710443	Y	Y	43.018536799385764	69.73880446754251	42.35358590359803	94.53707359877153	147.97760893508502	93.20717180719606	4930675.610617528	7717920.171618294	4861313.252776118	299.89258804683925	525.9464859382233	294.2670926825724	3년	147.97760893508502	7717920.171618294	525.9464859382233	0.38929440389294406	1.8354704350038793	2.96531866655034	1.8073534414542096	-20189.147647522273	-1.6374004580310033	3년	2.96531866655034	안심(>=2)	3년	69.73880446754251	0.33911437212858514	매우 유망	N	주당순현금<=0 / 주당FCF<=0	제외	하드필터 미통과	7533015.0	주당순현금 음수(린치식); 주당순현금 음수(보수형); 단기위험부채 존재; 주당FCF 음수; fs=2025:CFS,2024:CFS,2022:CFS,2020:CFS
"=""137310"""	에스디바이오센서	직접추가	메인	6350.0	200.0	-4279.0	366780003956.0	488796710916.0	899239816964.0							판정불가	일반	일반	-358.6318204794644	-358.6318204794644			Y	Y	431.55279503105584			871.6055900621117									1년	871.6055900621117			3.149606299212598				2464.3043924052927	38.80794318748492	판정불가		판정불가	1년	431.55279503105584		판정불가	N	주당순현금<=0 / 순현금차감PER<=0	제외	하드필터 미통과	121749102.0	주당순현금 음수(린치식); 주당순현금 음수(보수형); fs=2025:CFS,2024:CFS,2022:CFS,2020:NA
"=""001430"""	세아베스틸지주	철강	watchlist	40050.0	1200.0	1567.0	232872225511.0	13022996803.0	1004860666577.0	664568218048.0						판정불가	일반	일반	-21163.42997643279	-39694.63327894818	39.064090603977526	50.89000209250044	Y	Y	177.83687943262413	-15.225348963483798		364.17375886524826			570660.2801418441			1324.8696133379378			3년				2.9962546816479403	4.629139737246553	-0.313052066303335		-2464.44276371399	-6.1534151403595265	3년	-0.313052066303335	불리(<1)	3년	-15.225348963483798		판정불가	N	주당순현금<=0 / 주당FCF<=0	제외	하드필터 미통과	35862119.0	린치식 단독판정 비중 낮춤; 주당순현금 음수(린치식); 주당순현금 음수(보수형); 단기위험부채 존재; 주당FCF 음수; 1년 점수 과열 가능; 배당감안점수<1; fs=2025:CFS,2024:CFS,2022:CFS,2020:CFS
"=""003030"""	세아제강지주	직접추가	메인	112900.0	1800.0	15656.0	657858846224.0	16603582224.0	0.0							판정불가	일반	일반	162848.45134399107	162848.45134399107	-3.190371189575311	-3.190371189575311	N	N	47.712048306444	-38.977007618002915	29.936065767104946	103.924096612888		68.3721315342099	1627035.6565713745		1070434.0912995902	1341.1298995317754		848.1258558898054	3년				1.5943312666076175	-15.454747000650755	11.717343885734978	-9.882987013153715	-147158.44666591173	-130.34406259159584	3년	11.717343885734978	안심(>=2)	3년	-38.977007618002915		판정불가	N	주당FCF<=0 / 순현금차감PER<=0	제외	하드필터 미통과	4141657.0	주당FCF 음수; fs=2025:CFS,2024:CFS,2022:CFS,2020:CFS
"=""004490"""	세방전지	직접추가	메인	54300.0	2650.0	10646.0	227178088991.0	123000000000.0	162095437595.0	251228623014.0						판정불가	일반	일반	13434.475099714286	-4510.426544142857	3.8385802085558627	5.524180588403425	N	Y	-17.389617443935744	48.94307252053962	16.711840434713388		106.38614504107925	41.923680869426775		1132586.9001073297	446319.50653591746		1985.7953961460953	721.9512090900874	3년	106.38614504107925	1132586.9001073297	1985.7953961460953	4.880294659300184	-3.2588410571057924	14.02168621092564	5.625031631718043	11070.1328675	20.38698502302026	3년	14.02168621092564	안심(>=2)	3년	48.94307252053962	0.07842948983116968	매우 유망	Y	통과	매우 유망	배당감안점수>=2 & 린치PER배수<=0.5	14000000.0	주당순현금 음수(보수형); 단기위험부채 존재; fs=2025:CFS,2024:CFS,2022:CFS,2020:CFS
"=""055550"""	신한지주	직접추가	메인	107400.0	2590.0	9812.0		78053377000000.0	92991422000000.0							판정불가	일반	일반	-30768.6938706553	-30768.6938706553	14.08160353349524	14.08160353349524	Y	Y	16.242151403862092			40.984302807724184			402137.9791493897			274.4301481837893			1년	40.984302807724184	402137.9791493897	274.4301481837893	2.4115456238361266	1.324685571733898					1년	1.324685571733898	보통(1~1.5)	1년	16.242151403862092	0.8669789600746418	헐값	N	주당순현금<=0 / 주당FCF<=0	제외	하드필터 미통과	485494934.0	주당순현금 음수(린치식); 주당순현금 음수(보수형); fs=2025:CFS,2024:CFS,2022:NA,2020:NA
"=""004170"""	신세계	직접추가	메인	427500.0	5200.0	1590.0	845128179533.0	3188808721.0	2404267280398.0	2154639015848.0						판정불가	일반	일반	-161318.93140667863	-384709.14210858254	370.32637195388594	510.8233598167186	Y	Y	-86.49796195652173	-66.22887992742359											3년				1.2163742690058479	-0.2302876439438004	-0.17555462041605094		50780.68871201069	11.87852367532414	3년	-0.17555462041605094	불리(<1)	3년	-66.22887992742359		판정불가	N	주당순현금<=0	제외	하드필터 미통과	9645181.0	주당순현금 음수(린치식); 주당순현금 음수(보수형); 단기위험부채 존재; 1년 점수 과열 가능; 배당감안점수<1; fs=2025:CFS,2024:CFS,2022:CFS,2020:CFS
"=""034730"""	SK	직접추가	메인	509000.0	8000.0	29050.0	25214132000000.0	3449044000000.0	45546013000000.0	11714166000000.0						판정불가	일반	일반	-231053.85910201556	-391370.70990508975	25.475175872702774	30.99382822392736	Y	Y	-223.85418887230867	14.11831256779157	52.31072476454839		36.73662513558314	113.12144952909678		1067198.96018869	3286178.1088202614		109.66580750268959	545.6145596896388	3년	36.73662513558314	1067198.96018869	109.66580750268959	1.5717092337917484	-8.72545417347629	0.6158945429850999	2.115095662836086	-54497.63687223273	-10.706804886489731	3년	0.6158945429850999	불리(<1)	3년	14.11831256779157	1.804406564196622	보통	N	주당순현금<=0 / 주당FCF<=0	제외	하드필터 미통과	73068838.0	주당순현금 음수(린치식); 주당순현금 음수(보수형); 단기위험부채 존재; 주당FCF 음수; 배당감안점수<1; fs=2025:CFS,2024:CFS,2022:CFS,2020:CFS
"=""326030"""	에스케이바이오팜	직접추가	메인	83500.0		3409.0	307770519305.0	1711367837.0	0.0	0.0						판정불가	일반	일반	3951.8457878072995	3951.8457878072995	23.334747495509742	23.334747495509742	N	N	10.897852960312292			30.295705920624584			103278.06148340921			23.68630117773558			1년	30.295705920624584	103278.06148340921	23.68630117773558		0.467022536344537			1874.8221177897738	2.245295949448831	1년	0.467022536344537	불리(<1)	1년	10.897852960312292	2.1412242925730443	매우 불리	Y	통과	제외	배당감안점수<1	78313250.0	배당감안점수<1; PER>연성장률의 2배; fs=2025:CFS,2024:CFS,2022:CFS,2020:CFS
"=""302440"""	SK바이오사이언스	헬스케어	메인	35900.0		-733.0	105552891515.0	800748039267.0	1496569133.0							판정불가	일반	일반	11535.766059068677	11535.766059068677			N	N	5.014326647564471			18.52865329512894									1년	18.52865329512894							-2012.819504379828	-5.606739566517627	판정불가		판정불가	1년	5.014326647564471		판정불가	N	주당FCF<=0 / 순현금차감PER<=0	제외	하드필터 미통과	78434701.0	주당FCF 음수; fs=2025:CFS,2024:CFS,2022:CFS,2020:OFS
"=""285130"""	SK케미칼	직접추가	메인	42700.0	1150.0	2306.0	567555999965.0	950748039267.0	341978345417.0	477883213809.0						판정불가	일반	일반	68000.55528903044	40375.277635757375	-10.97161981310947	1.0081189784226474	N	N	92.16666666666666	-38.59552986089414	-34.69934418185778	192.83333333333331			444673.6666666666			941.3903200624512			3년				2.693208430913349	-8.645931659447077	3.2722899664352934	2.9171750658641864	-13324.604357906223	-31.20516243069373	3년	3.2722899664352934	안심(>=2)	3년	-38.59552986089414		판정불가	N	주당FCF<=0 / 순현금차감PER<=0	제외	하드필터 미통과	17298766.0	단기위험부채 존재; 주당FCF 음수; fs=2025:CFS,2024:CFS,2022:CFS,2020:CFS
"=""000660"""	SK하이닉스	반도체	메인	1495000.0	3000.0	62044.0	14923766000000.0	20018487000000.0								판정불가	일반	일반	47997.4443489617	47997.4443489617	23.322199659129623	23.322199659129623	N	N	115.94041486843936	167.48263503477668	54.92375157287208	240.38082973687872	343.46527006955336	118.34750314574416	14914188.200194903	21309959.216195367	7342752.485174551	897.6045618859466	1325.4153321869812	391.1540123862576	3년	343.46527006955336	21309959.216195367	1325.4153321869812	0.2006688963210702	4.979851191664774	7.1898580057587775	2.363602973770716	34057.28359137954	2.2780791699919427	3년	7.1898580057587775	안심(>=2)	3년	167.48263503477668	0.1392514492877839	매우 유망	Y	통과	매우 유망	배당감안점수>=2 & 린치PER배수<=0.5	728002365.0	fs=2025:CFS,2024:CFS,2022:CFS,2020:CFS
"=""361610"""	SK아이이테크놀로지	직접추가	메인	14250.0		-2800.0	408979015000.0	44693499000.0	1097240539000.0	169179804000.0						판정불가	일반	일반	-7868.820694217059	-9937.359669189884			Y	Y	-19.075144508670515												1년								-1892.9730116363094	-13.284021134289889	판정불가		판정불가	1년	-19.075144508670515		판정불가	N	주당순현금<=0 / 주당FCF<=0 / 순현금차감PER<=0	제외	하드필터 미통과	81787100.0	주당순현금 음수(린치식); 주당순현금 음수(보수형); 단기위험부채 존재; 주당FCF 음수; fs=2025:CFS,2024:CFS,2022:CFS,2020:NA
"=""096770"""	SK이노베이션	에너지	메인	108600.0	2000.0		16091551855000.0	253291655000.0	22764517807000.0	7201712771000.0						판정불가	일반	일반	-37974.37695614934	-80574.75554913652			Y	Y													판정불가				1.841620626151013				-19919.883669709132	-18.342434318332536	판정불가		판정불가	판정불가			판정불가	N	주당순현금<=0 / 주당FCF<=0 / 순현금차감PER<=0	제외	하드필터 미통과	169052788.0	주당순현금 음수(린치식); 주당순현금 음수(보수형); 단기위험부채 존재; 주당FCF 음수; EPS 미추출; fs=2025:CFS,2024:CFS,2022:CFS,2020:CFS
"=""402340"""	SK스퀘어	직접추가	메인	970000.0		66713.0	1310718000000.0	317762000000.0	86661000000.0	0.0						판정불가	일반	일반	11672.743401201547	11672.743401201547	14.364925225949941	14.364925225949941	N	N	140.21676508713813			288.93353017427626			19275622.59851649			1887.1775874759269			1년	288.93353017427626	19275622.59851649	1887.1775874759269		9.761050815206433			2638.92507607574	0.2720541315542	1년	9.761050815206433	안심(>=2)	1년	140.21676508713813	0.10244798628054795	매우 유망	Y	통과	매우 유망	배당감안점수>=2 & 린치PER배수<=0.5	132087115.0	fs=2025:CFS,2024:CFS,2022:NA,2020:NA
"=""017670"""	SK텔레콤	통신	보정필요	91100.0	1660.0	1825.0	1490024000000.0	186643000000.0	8712284000000.0	130000000000.0						판정불가	통신보정	보정주의	-32755.78594880276	-33361.02812917505	67.86618408153576	68.19782363242469	Y	Y	-68.42560553633218	-23.75836950489595	-38.33216341204368										3년				1.8221734357848518	-0.981393502550971	-0.32322719136170264	-0.537970278871065	7451.904674561442	8.179917315654711	3년	-0.32322719136170264	불리(<1)	3년	-23.75836950489595		판정불가	N	주당순현금<=0	제외	하드필터 미통과	214790053.0	린치식 단독판정 비중 낮춤; 주당순현금 음수(린치식); 주당순현금 음수(보수형); 단기위험부채 존재; 배당감안점수<1; fs=2025:CFS,2024:CFS,2022:CFS,2020:CFS
"=""011790"""	SKC	석유화학	watchlist	80300.0		-25549.0	783286752410.0	262260000000.0	1840079753358.0	1176505206999.0						판정불가	일반	일반	-20981.481685498515	-52049.822993021764			Y	Y	53.32773210106223			115.15546420212446									1년	115.15546420212446							-22628.561644175294	-28.180026954141084	판정불가		판정불가	1년	53.32773210106223		판정불가	N	주당순현금<=0 / 주당FCF<=0 / 순현금차감PER<=0	제외	하드필터 미통과	37868298.0	린치식 단독판정 비중 낮춤; 주당순현금 음수(린치식); 주당순현금 음수(보수형); 단기위험부채 존재; 주당FCF 음수; fs=2025:CFS,2024:CFS,2022:CFS,2020:CFS
"=""005850"""	에스엘	직접추가	메인	56800.0	2770.0	6749.0	477732627030.0	395471183250.0	5459184760.0							판정불가	일반	일반	18681.85736639187	18681.85736639187	5.647968978160932	5.647968978160932	N	N	-15.61640410102526	26.173083545484687	36.58097754545193		60.846167090969374	81.66195509090386		410650.7816969523	551136.5349085102		622.9767283397048	870.3108008952644	3년	60.846167090969374	410650.7816969523	622.9767283397048	4.876760563380281	-1.9015054047166486	5.49752384068074	7.340291398401324	6628.339203100551	11.66961127306435	3년	5.49752384068074	안심(>=2)	3년	26.173083545484687	0.21579302906154157	매우 유망	Y	통과	매우 유망	배당감안점수>=2 & 린치PER배수<=0.5	46448520.0	fs=2025:CFS,2024:CFS,2022:CFS,2020:CFS
"=""010950"""	S-Oil	에너지	메인	124900.0	330.0	1519.0	1834658000000.0									판정불가	일반	일반	16296.078356273132	16296.078356273132	71.49698594057068	71.49698594057068	N	N	-191.56118143459918	-56.19807916164843											3년				0.2642113690952762	-2.6755948876574	-0.7823248358895323		299.21979550835795	0.23956749039900554	3년	-0.7823248358895323	불리(<1)	3년	-56.19807916164843		판정불가	Y	통과	보류	배당감안점수 또는 린치PER배수 미산출	112582792.0	배당감안점수<1; fs=2025:CFS,2024:CFS,2022:CFS,2020:CFS
"=""003240"""	태광산업	직접추가	메인	910000.0	1750.0	165122.0	426476897621.0	483945901661.0	4773639440.0	862776693.0						판정불가	일반	일반	813408.6220962816	812633.7193721933	0.5849697672249512	0.5896626774615537	N	N	-35.9373969451137	-25.915466865090508	-1.6741276308672282			5.151744738265544			850666.3946718831			-6.520176409683176	3년				0.19230769230769232	-61.10587462045738	-43.97348480898659	-2.5331564494164693	-250604.9826773846	-27.53900908542688	3년	-43.97348480898659	불리(<1)	3년	-25.915466865090508		판정불가	N	주당FCF<=0	제외	하드필터 미통과	1113400.0	단기위험부채 존재; 주당FCF 음수; 1년 점수 과열 가능; 배당감안점수<1; fs=2025:CFS,2024:CFS,2022:CFS,2020:CFS
"=""001440"""	대한전선	직접추가	메인	27400.0		453.0	438856642626.0	245247440000.0	6781981976.0	210000000000.0						판정불가	일반	일반	3632.780419185475	2506.4567877893646	52.466268390319044	54.95263402254003	N	N	10.757946210268955	193.05011690585698	172.76923736437072	30.01589242053791	394.60023381171396	354.03847472874145	13597.199266503672	178753.90591670643	160379.42905211987	-50.37518515874573	552.3865179441841	485.3263834018973	3년	394.60023381171396	178753.90591670643	552.3865179441841		0.20504500396780623	3.679509193786653	3.292958364773846	-1780.5372383992687	-6.498311089048427	3년	3.679509193786653	안심(>=2)	3년	193.05011690585698	0.27177537745757907	매우 유망	N	주당FCF<=0	제외	하드필터 미통과	186447300.0	단기위험부채 존재; 주당FCF 음수; fs=2025:CFS,2024:CFS,2022:CFS,2020:CFS
"=""069260"""	티케이지휴켐스	직접추가	메인	15700.0	1000.0	1561.0	171952696150.0	96497220778.0	5482000000.0	34682173632.0						판정불가	일반	일반	6432.901178680633	5584.482108237203	5.93664242236987	6.480152397029338	N	N	-22.875494071146242	-9.82716016983225	3.8551596973951163			16.210319394790233			25304.308575267554			61.17393996985703	3년				6.369426751592357	-2.7803708131986107	-0.5824392261206105	1.7222843691006546	2212.3194254165533	14.091206531315626	3년	-0.5824392261206105	불리(<1)	3년	-9.82716016983225		판정불가	Y	통과	보류	배당감안점수 또는 린치PER배수 미산출	40878588.0	단기위험부채 존재; 배당감안점수<1; fs=2025:CFS,2024:CFS,2022:OFS,2020:CFS
"=""316140"""	우리금융지주	금융/은행	보정필요	33500.0	1360.0	4052.0	38499679000000.0	34245475000000.0	55583392000000.0							판정불가	금융보정	보정양호	23378.716262091115	23378.716262091115	2.4978488987929133	2.4978488987929133	N	N	2.5822784810126675			13.664556962025335			55368.78481012666			65.2799546570945			1년	13.664556962025335	55368.78481012666	65.2799546570945	4.059701492537314	2.6590799694728218			17894.539902880944	53.4165370235252	1년	2.6590799694728218	안심(>=2)	1년	2.5822784810126675	0.9673042304148992	헐값	Y	통과	양호	배당감안점수>=1.5 & 린치PER배수<1	734076320.0	린치식 단독판정 비중 낮춤; fs=2025:CFS,2024:CFS,2022:NA,2020:NA
"=""008730"""	율촌화학	직접추가	메인	14260.0	250.0	168.0	23775188232.0	161779800.0	131712944797.0	113904302896.0						판정불가	일반	일반	-4345.805514717742	-8938.72095407258	110.74884234951038	138.08762472662252	Y	Y	-82.87461773700306		-27.064834063200415										5년				1.753155680224404	-0.7324813545298181		-0.2285502750728113	-316.2289210887097	-2.217594117031625	5년	-0.2285502750728113	불리(<1)	5년	-27.064834063200415		판정불가	N	주당순현금<=0 / 주당FCF<=0	제외	하드필터 미통과	24800000.0	주당순현금 음수(린치식); 주당순현금 음수(보수형); 단기위험부채 존재; 주당FCF 음수; 배당감안점수<1; fs=2025:CFS,2024:CFS,2022:CFS,2020:CFS
"=""000670"""	영풍	직접추가	메인	38150.0	5.0	-464.0	137031350994.0	333746815114.0	234811309711.0	423217185895.0						판정불가	일반	일반	13052.744166069715	-10357.940446676752			N	Y	-99.68345363005008												1년				0.01310615989515072				-6139.559379575671	-16.093209382898223	판정불가		판정불가	1년	-99.68345363005008		판정불가	N	주당FCF<=0 / 순현금차감PER<=0	제외	하드필터 미통과	18077950.0	주당순현금 음수(보수형); 단기위험부채 존재; 주당FCF 음수; fs=2025:CFS,2024:CFS,2022:CFS,2020:CFS
"=""111770"""	영원무역	직접추가	메인	95000.0	2100.0	11558.0	1090560747187.0	439263571966.0	252626536541.0	76448105310.0						판정불가	일반	일반	28823.18822323828	27097.94397472907	5.725628290081478	5.874896697116363	N	N	17.387771683932552	-9.077711442871605	27.98342129695397	43.275543367865104		64.46684259390794	500178.73024578486		745107.7667003879	426.5039265745104		684.3239649477769	3년				2.2105263157894735	3.422907846405644	-1.1993766935548673	5.273473247477225	3279.956119440683	3.4525853888849296	3년	-1.1993766935548673	불리(<1)	3년	-9.077711442871605		판정불가	Y	통과	보류	배당감안점수 또는 린치PER배수 미산출	44311468.0	단기위험부채 존재; 1년 점수 과열 가능; 배당감안점수<1; fs=2025:CFS,2024:CFS,2022:CFS,2020:CFS
"=""009970"""	영원무역홀딩스	직접추가	메인	203000.0	6576.0	31684.0	1464189666693.0	805803639244.0	195931585244.0	78827842676.0						판정불가	일반	일반	153642.88520106729	147803.45570768186	1.5577930437739147	1.7420951992273115	N	N	10.101817423636938	-5.869320927784449	28.52060357499411	28.703634847273875		65.54120714998822	909445.9665010255		2076607.6073402269	348.00293916306674		922.9594124828704	3년				3.239408866995074	8.564184019150266	-1.6882294289992088	20.387825307684817	20832.48592605641	10.262308337958824	3년	-1.6882294289992088	불리(<1)	3년	-5.869320927784449		판정불가	Y	통과	보류	배당감안점수 또는 린치PER배수 미산출	13499237.0	단기위험부채 존재; 1년 점수 과열 가능; 배당감안점수<1; fs=2025:CFS,2024:CFS,2022:CFS,2020:CFS
"=""000100"""	유한양행	헬스케어	메인	77800.0	600.0	2599.0	348564938250.0	29513907780.0	105262499518.0	199841800000.0						판정불가	일반	일반	3411.5503159327723	912.5418633854255	28.621950628729213	29.583477543907108	N	N	175.60975609756096	25.052899606383704	-2.455406441809782	359.7195121951219	58.60579921276741	3.589187116380436	934911.0121951218	152316.4721539825	9328.297315472753	1101.6851056492567	95.77952719020885	-88.00990062278566	3년	58.60579921276741	152316.4721539825	95.77952719020885	0.7712082262210797	6.162436886699822	0.9022483536354052	-0.05884288731524093	-353.25969258346265	-0.45406130152116025	3년	0.9022483536354052	불리(<1)	3년	25.052899606383704	1.142460596514588	보통	N	주당FCF<=0	제외	하드필터 미통과	79968437.0	단기위험부채 존재; 주당FCF 음수; 1년 점수 과열 가능; 배당감안점수<1; fs=2025:CFS,2024:CFS,2022:CFS,2020:CFS
"=""000990"""	DB하이텍	직접추가	메인	88600.0	810.0	6285.0	323054472680.0	132808839381.0	102572732928.0	231678525383.0						판정불가	일반	일반	8120.7660013468	2795.384563807385	12.804969609968687	13.652285670038603	N	N	13.858695652173903	-21.22701789143928	10.459461040450746	36.21739130434781		29.418922080901492	227626.30434782596		184897.92527846587	156.91456472666587		108.6884032488328	3년				0.9142212189616253	1.1536862109875523	-1.5863213495379258	0.8882240728285636	4658.664548185125	5.258086397500141	3년	-1.5863213495379258	불리(<1)	3년	-21.22701789143928		판정불가	Y	통과	보류	배당감안점수 또는 린치PER배수 미산출	43504588.0	단기위험부채 존재; 1년 점수 과열 가능; 배당감안점수<1; fs=2025:CFS,2024:CFS,2022:CFS,2020:CFS
