종목코드	종목명	그룹	판정구분	현재가	현금배당금(FY2025 DPS)	EPS(FY2025)	현금및현금성자산	유가증권성자산	장기부채	단기위험부채	주주지분	총부채	주주지분비중	부채비중	주주대부채배수	주주대부채판정	업종보정유형	업종보정판정	주당순현금(린치식)	주당순현금(보수형)	순현금차감PER(린치식)	순현금차감PER(보수형)	현금보다부채많음(린치형)	현금보다부채많음(보수형)	연간이익증가율(1년,%)	연간이익증가율(3년CAGR,%)	연간이익증가율(5년CAGR,%)	그레이엄적정PER(1년)	그레이엄적정PER(3년)	그레이엄적정PER(5년)	그레이엄내재가치(1년)	그레이엄내재가치(3년)	그레이엄내재가치(5년)	그레이엄괴리율(1년,%)	그레이엄괴리율(3년,%)	그레이엄괴리율(5년,%)	그레이엄사용기준	그레이엄적정PER(선택)	그레이엄내재가치(선택)	그레이엄괴리율(선택,%)	배당수익률(%)	배당감안이익성장률(1년)	배당감안이익성장률(3년)	배당감안이익성장률(5년)	주당잉여현금흐름	잉여현금흐름수익률(%)	배당감안점수기준	배당감안점수	배당감안점수판정	사용연성장률기준	사용연성장률(%)	린치PER배수	린치PER판정	하드필터통과	하드필터사유	종합판정	종합판정사유	발행주식수	비고
"=""090430"""	아모레퍼시픽	직접추가	메인	131900.0	1240.0	3421.0	524558265446.0	595819964751.0		256253631834.0						판정불가	일반	일반	19154.135475076495	14773.189248313625	32.95699050713929	34.23759449040818	N	N	-60.24866372298396	20.627708642947496	46.209846998093965		49.75541728589499	100.91969399618793		170213.28253504678	345246.2731609589		29.047219511028644	161.7485012592562	3년	49.75541728589499	170213.28253504678	29.047219511028644	0.940106141015921	-1.7995744353271685	0.6544230663079295	1.4306510519792777	8421.099814611242	6.38445778211618	3년	0.6544230663079295	불리(<1)	3년	20.627708642947496	1.5977048676420542	보통	Y	통과	제외	배당감안점수<1	58492759.0	단기위험부채 존재; 배당감안점수<1; fs=2025:CFS,2024:CFS,2022:CFS,2020:CFS
"=""002790"""	아모레퍼시픽홀딩스	직접추가	메인	25900.0	400.0	1366.0	596631422270.0	1336881950600.0		256253631834.0						판정불가	일반	일반	24333.723385937104	21108.710783911738	1.1466153836478006	3.507532369025082	N	N	-50.96913137114143												1년				1.5444015444015444	-43.10488986245923			6579.082341427906	25.401862322115466	1년	-43.10488986245923	불리(<1)	1년	-50.96913137114143		판정불가	Y	통과	보류	배당감안점수 또는 린치PER배수 미산출	79458180.0	단기위험부채 존재; 배당감안점수<1; fs=2025:CFS,2024:CFS,2022:CFS,2020:CFS
"=""278470"""	에이피알	직접추가	메인	359500.0	5090.0		154350192148.0	117891913354.0	78219359846.0	0.0						판정불가	일반	일반	5183.525259069071	5183.525259069071			N	N													판정불가				1.415855354659249						판정불가		판정불가	판정불가			판정불가	N	주당FCF<=0 / 순현금차감PER<=0	제외	하드필터 미통과	37430655.0	EPS 미추출; fs=2025:CFS,2024:CFS,2022:CFS,2020:CFS
"=""002030"""	아세아	직접추가	메인	183900.0	5600.0	18725.0	163716811000.0	12160000.0	658028958000.0	265707008000.0						판정불가	일반	일반	-238487.41512057534	-366684.4193364424	22.55740534689321	29.403707307687174	Y	Y	-50.09727367214776	-25.894534715298978	-3.336896679607082			1.826206640785836			34195.71934871478			-81.40526408444003	3년				3.0451332245785756	-2.085884423495967	-1.0129445802536599	-0.012934264847472385	-24122.07535681443	-13.116952341932805	3년	-1.0129445802536599	불리(<1)	3년	-25.894534715298978		판정불가	N	주당순현금<=0 / 주당FCF<=0	제외	하드필터 미통과	2072646.0	주당순현금 음수(린치식); 주당순현금 음수(보수형); 단기위험부채 존재; 주당FCF 음수; 1년 점수 과열 가능; 배당감안점수<1; fs=2025:CFS,2024:CFS,2022:CFS,2020:CFS
"=""282330"""	BGF리테일	필수소비재	메인	125300.0	4100.0	11303.0	414042445266.0	56154402761.0		0.0						판정불가	일반	일반	27204.316433276137	27204.316433276137	8.678729856385372	8.678729856385372	N	N	0.017697548889472614	0.2966584171548048	9.736317603940137	8.535395097778945	9.09331683430961	27.972635207880273	96475.57079019542	102781.76017820151	316174.6957546707	-23.004332968718742	-17.971460352592572	152.33415463261827	3년	9.09331683430961	102781.76017820151	-17.971460352592572	3.2721468475658417	0.37906980063849005	0.4112128530069293	1.4988903522483772	30299.629909466068	24.181667924553928	3년	0.4112128530069293	불리(<1)	3년	0.2966584171548048	29.25495908601361	매우 불리	Y	통과	제외	배당감안점수<1	17283906.0	배당감안점수<1; PER>연성장률의 2배; fs=2025:CFS,2024:CFS,2022:CFS,2020:CFS
"=""138930"""	BNK금융지주	직접추가	메인	15110.0	735.0	2512.0		18192691866568.0	16445000245415.0							판정불가	일반	일반	5631.773694536628	5631.773694536628	3.77317926172905	3.77317926172905	N	N	15.547378104875808			39.594756209751615			99462.02759889606			558.2529953600005			1년	39.594756209751615	99462.02759889606	558.2529953600005	4.864328259430841	5.409683703962965					1년	5.409683703962965	안심(>=2)	1년	15.547378104875808	0.24268910399405186	매우 유망	N	주당FCF<=0	제외	하드필터 미통과	310327033.0	fs=2025:CFS,2024:CFS,2022:NA,2020:NA
"=""068270"""	셀트리온	헬스케어	메인	185800.0	750.0	4668.0	1119206211717.0									판정불가	일반	일반	4845.86731932615	4845.86731932615	38.76480991445455	38.76480991445455	N	N	127.9296875	6.22945826601542	3.8046169226709114	264.359375	20.95891653203084	16.109233845341823	1234029.5625	97836.22237151997	75197.90359005563	564.1709163078579	-47.34326029519915	-59.52750075885058	3년	20.95891653203084	97836.22237151997	-47.34326029519915	0.4036598493003229	3.3105630501608005	0.17111184422040457	0.1085592005031878	1360.9075488767974	0.7324583147883732	3년	0.17111184422040457	불리(<1)	3년	6.22945826601542	6.222821994961351	매우 불리	Y	통과	제외	배당감안점수<1	230960969.0	1년 점수 과열 가능; 배당감안점수<1; PER>연성장률의 2배; fs=2025:CFS,2024:CFS,2022:CFS,2020:CFS
"=""030000"""	제일기획	직접추가	메인	18730.0	1230.0	2049.0	622369326472.0	216919787330.0	234763824456.0	4043255307.0						판정불가	일반	일반	5254.857894167939	5219.71175149604	6.5764480750766525	6.593600902149321	N	N	0.0	2.315711686466715		8.5	13.13142337293343		17416.5	26906.286491140596		-7.012813667912443	43.65342493935182		3년	13.13142337293343	26906.286491140596	43.65342493935182	6.5670048051254675	0.9985640774710937	1.3506860223310817		1492.008099731205	7.96587346359426	3년	1.3506860223310817	보통(1~1.5)	3년	2.315711686466715	2.8399252435051268	매우 불리	Y	통과	제외	린치PER배수>=2	115041225.0	단기위험부채 존재; PER>연성장률의 2배; fs=2025:CFS,2024:CFS,2022:CFS,2020:CFS
"=""185750"""	종근당	직접추가	메인	67500.0	500.0	5882.0	216235970816.0	108445557936.0		162832228224.0						판정불가	일반	일반	23522.90833817535	11725.848019601848	7.476554175760736	9.482174767153715	N	N	-28.564488705367985	-5.359713960632673	-7.035300955800583										3년				0.7407407407407408	-3.721466776076185	-0.6177943891407641	-0.8419065878592893	-8097.876847707491	-11.996854589196284	3년	-0.6177943891407641	불리(<1)	3년	-5.359713960632673		판정불가	N	주당FCF<=0	제외	하드필터 미통과	13802780.0	단기위험부채 존재; 주당FCF 음수; 배당감안점수<1; fs=2025:CFS,2024:CFS,2022:CFS,2020:CFS
"=""001040"""	CJ	직접추가	메인	132000.0	3300.0	4321.0	2587324564000.0	1114436500000.0	6845375033000.0	4564809586000.0						판정불가	일반	일반	-107742.88598847626	-264195.22512220073	55.48319509106139	91.69063298361507	Y	Y	44.370197126628796	-10.479231651272991	10.856012353166022	97.24039425325759		30.212024706332045	420175.74356832606		130546.15875606076	218.31495724873187		-1.1013948817721553	3년				2.5	0.8447638433529905	-0.14381348511341382	0.24072175964714296	55371.62013720534	41.94819707364041	3년	-0.14381348511341382	불리(<1)	3년	-10.479231651272991		판정불가	N	주당순현금<=0	제외	하드필터 미통과	29176998.0	주당순현금 음수(린치식); 주당순현금 음수(보수형); 단기위험부채 존재; 1년 점수 과열 가능; 배당감안점수<1; fs=2025:CFS,2024:CFS,2022:CFS,2020:CFS
"=""097950"""	CJ제일제당	필수소비재	메인	195100.0	6000.0	-35668.0	1038957402000.0	243275982000.0	2029479364000.0	4904408060000.0						판정불가	일반	일반	-49637.08964403655	-375420.76602481195			Y	Y	-483.77447815795136												1년				3.075345976422348				48486.635145865745	24.852196384349433	판정불가		판정불가	1년	-483.77447815795136		판정불가	N	주당순현금<=0 / 순현금차감PER<=0	제외	하드필터 미통과	15054186.0	주당순현금 음수(린치식); 주당순현금 음수(보수형); 단기위험부채 존재; fs=2025:CFS,2024:CFS,2022:CFS,2020:CFS
"=""000120"""	CJ대한통운	직접추가	메인	76000.0	800.0	11347.0	307146405592.0	86460297519.0	237118568377.0							판정불가	일반	일반	6859.800761114246	6859.800761114246	6.093258062825923	6.093258062825923	N	N	-6.130046326935801	11.480536742818348			31.461073485636696			356988.8008415196			369.72210637042053		3년	31.461073485636696	356988.8008415196	369.72210637042053	1.0526315789473684	-0.8332840486381167	2.05689110694798		12818.247147684604	16.86611466800606	3년	2.05689110694798	안심(>=2)	3년	11.480536742818348	0.5307467934055924	헐값	Y	통과	양호	배당감안점수>=1.5 & 린치PER배수<1	22812344.0	fs=2025:CFS,2024:CFS,2022:CFS,2020:CFS
"=""192820"""	코스맥스	직접추가	메인	195200.0	3300.0	10847.0	192279928597.0									판정불가	일반	일반	16941.695768248654	16941.695768248654	16.433880725707695	16.433880725707695	N	N	43.4408886537953	80.71243772559032	38.50568621710888	95.3817773075906	169.92487545118064	85.51137243421776	1034606.1384554352	1843175.1240189564	927541.8567939601	430.02363650380903	844.2495512392195	375.1751315542828	3년	169.92487545118064	1843175.1240189564	844.2495512392195	1.6905737704918034	2.746244978746102	5.0142150153967116	2.4459384036249725	-9341.661092827891	-4.785687035260191	3년	5.0142150153967116	안심(>=2)	3년	80.71243772559032	0.2036102636570131	매우 유망	N	주당FCF<=0	제외	하드필터 미통과	11349509.0	주당FCF 음수; fs=2025:CFS,2024:CFS,2022:CFS,2020:CFS
"=""005420"""	코스모화학	직접추가	메인	9470.0		-791.0	42470783114.0	0.0	359006489619.0	388905499282.0						판정불가	일반	일반	-8241.35147565256	-18366.929236803113			Y	Y	-53.084223013048636												1년								1735.2172172327241	18.323307468138587	판정불가		판정불가	1년	-53.084223013048636		판정불가	N	주당순현금<=0 / 순현금차감PER<=0	제외	하드필터 미통과	38408228.0	주당순현금 음수(린치식); 주당순현금 음수(보수형); 단기위험부채 존재; fs=2025:CFS,2024:CFS,2022:CFS,2020:CFS
"=""021240"""	코웨이	직접추가	메인	94300.0	1940.0	8630.0	182190550994.0	2827952531.0	904957690609.0	910394928000.0						판정불가	일반	일반	-10011.790673154132	-22672.142564755995	12.08711363535969	13.554130077028505	Y	Y	10.06249202907792	10.977619808999673	9.097067548815364	28.62498405815584	30.455239617999347	26.694135097630728	247033.6124218849	262828.71790333436	230370.38589255317	161.9656547421897	178.71550148815945	144.29521303558127	3년	30.455239617999347	262828.71790333436	178.71550148815945	2.0572640509013786	1.00270059880335	1.0784116252343943	0.9228283886639252	-2804.5647658552634	-2.9740877686694205	3년	1.0784116252343943	보통(1~1.5)	3년	10.977619808999673	1.1010687057544508	보통	N	주당순현금<=0 / 주당FCF<=0	제외	하드필터 미통과	71909133.0	주당순현금 음수(린치식); 주당순현금 음수(보수형); 단기위험부채 존재; 주당FCF 음수; fs=2025:CFS,2024:CFS,2022:CFS,2020:CFS
"=""112610"""	씨에스윈드	직접추가	메인	39850.0	1000.0	837.0	478878903508.0	28665354936.0	782993106603.0	242475043746.0						판정불가	일반	일반	-6531.6500890188545	-12281.40054778353	55.414157812447854	62.2836326735765	Y	Y	-75.62609202096681	371.20709785870895	-15.050492534791582		750.9141957174179			628515.1818154788			1477.202463777864		3년	750.9141957174179	628515.1818154788	1477.202463777864	2.5094102885821834	-1.319458503363922	6.744061858923389	-0.2263154894215907	10303.466412416965	25.855624623380084	3년	6.744061858923389	안심(>=2)	3년	371.20709785870895	0.14928097585445393	매우 유망	N	주당순현금<=0	제외	하드필터 미통과	42171403.0	주당순현금 음수(린치식); 주당순현금 음수(보수형); 단기위험부채 존재; fs=2025:CFS,2024:CFS,2022:CFS,2020:CFS
"=""001680"""	대상	직접추가	메인	17740.0	850.0	-8438.0	595682138976.0	95932724888.0	719633177987.0	369419425431.0						판정불가	일반	일반	-808.6554463926876	-11470.718447992345			Y	Y	-419.37925813777446												1년				4.791431792559188						판정불가		판정불가	1년	-419.37925813777446		판정불가	N	주당순현금<=0 / 주당FCF<=0 / 순현금차감PER<=0	제외	하드필터 미통과	34648025.0	주당순현금 음수(린치식); 주당순현금 음수(보수형); 단기위험부채 존재; fs=2025:CFS,2024:CFS,2022:CFS,2020:CFS
"=""047040"""	대우건설	직접추가	메인	15200.0		-2220.0	1828879779729.0	434603860342.0	3056914611252.0	366055916900.0						판정불가	일반	일반	-1909.0176969162108	-2789.758742835851			Y	Y	-489.47368421052636												1년								846.7375999427635	5.570642104886602	판정불가		판정불가	1년	-489.47368421052636		판정불가	N	주당순현금<=0 / 순현금차감PER<=0	제외	하드필터 미통과	415622638.0	주당순현금 음수(린치식); 주당순현금 음수(보수형); 단기위험부채 존재; fs=2025:CFS,2024:CFS,2022:CFS,2020:CFS
"=""003090"""	대웅	직접추가	메인	17110.0	200.0	4280.0	255917494906.0	69412115604.0	668965344648.0	118388808025.0						판정불가	일반	일반	-5910.286064182885	-7946.487927707312	5.378571510323104	5.854319609277409	Y	Y	202.2598870056497	20.159526008317698	12.806544500421424	413.0197740112994	48.819052016635396	34.11308900084285	1767724.6327683614	208945.5426311995	146004.0209236074	10231.529121965876	1121.1896121051986	753.325662908284	3년	48.819052016635396	208945.5426311995	1121.1896121051986	1.168907071887785	37.82208597340319	3.9654456651305603	2.5983574905504363	-1554.3945053642824	-9.084713649119127	3년	3.9654456651305603	안심(>=2)	3년	20.159526008317698	0.2668004946199597	매우 유망	N	주당순현금<=0 / 주당FCF<=0	제외	하드필터 미통과	58141980.0	주당순현금 음수(린치식); 주당순현금 음수(보수형); 단기위험부채 존재; 주당FCF 음수; 1년 점수 과열 가능; fs=2025:CFS,2024:CFS,2022:CFS,2020:CFS
"=""069620"""	대웅제약	직접추가	메인	123600.0	600.0	17022.0	168941641596.0	50139032546.0	550560567693.0	70828808025.0						판정불가	일반	일반	-28608.962834228405	-34721.96931155238	8.941896535908143	9.301020403686547	Y	Y	691.7209302325581	64.61424206621207	70.08103158930474	1391.9418604651162	137.72848413242414	148.6620631786095	23693634.348837208	2344414.256902124	2530525.6394262905	19069.607078347253	1796.7752887557638	1947.3508409597819	3년	137.72848413242414	2344414.256902124	1796.7752887557638	0.48543689320388345	77.41158314078628	7.2802988379471785	7.891666851560352	-7954.179962240783	-6.435420681424582	3년	7.2802988379471785	안심(>=2)	3년	64.61424206621207	0.1383889410440677	매우 유망	N	주당순현금<=0 / 주당FCF<=0	제외	하드필터 미통과	11586575.0	주당순현금 음수(린치식); 주당순현금 음수(보수형); 단기위험부채 존재; 주당FCF 음수; 1년 점수 과열 가능; fs=2025:CFS,2024:CFS,2022:CFS,2020:CFS
"=""005830"""	DB손해보험	직접추가	메인	154800.0	7600.0	29597.0	1713419000000.0	38577437000000.0								판정불가	일반	일반	580693.762250663	580693.762250663	-14.389761200481907	-14.389761200481907	N	N	-4.024255788313125			0.4514884233737497			13362.70286659287			-91.36776300607696			1년	0.4514884233737497	13362.70286659287	-91.36776300607696	4.909560723514212	-0.061523254129570853					1년	-0.061523254129570853	불리(<1)	1년	-4.024255788313125		판정불가	N	주당FCF<=0 / 순현금차감PER<=0	제외	하드필터 미통과	69384000.0	배당감안점수<1; fs=2025:CFS,2024:CFS,2022:NA,2020:NA
"=""000210"""	DL	직접추가	메인	51900.0	1000.0	-3845.0	1148320161495.0	191085453910.0	4026838230267.0	1422974217066.0						판정불가	일반	일반	-128242.38838418842	-196145.71410721686			Y	Y	-196.17308654327164												1년				1.9267822736030826				13042.307430075487	25.129686763151227	판정불가		판정불가	1년	-196.17308654327164		판정불가	N	주당순현금<=0 / 순현금차감PER<=0	제외	하드필터 미통과	20955884.0	주당순현금 음수(린치식); 주당순현금 음수(보수형); 단기위험부채 존재; fs=2025:CFS,2024:CFS,2022:CFS,2020:CFS
"=""375500"""	DL이앤씨	직접추가	메인	66000.0	890.0	8796.0	1844315983193.0	467317685812.0	444336959874.0	519274372386.0						판정불가	일반	일반	48258.513014689786	34838.3591979743	2.016994882368146	3.5427058665331628	N	N	61.010433827567276	-4.5977556239353845		130.52086765513457			1148061.5518945637			1639.487199840248			3년				1.3484848484848484	30.916746106384146	-1.6109464648891818		5614.431755408378	8.506714780921785	3년	-1.6109464648891818	불리(<1)	3년	-4.5977556239353845		판정불가	Y	통과	보류	배당감안점수 또는 린치PER배수 미산출	38693623.0	단기위험부채 존재; 1년 점수 과열 가능; 배당감안점수<1; fs=2025:CFS,2024:CFS,2022:CFS,2020:NA
"=""007340"""	DN오토모티브	직접추가	메인	42850.0	1000.0	5440.0	387784364000.0	182678434000.0	166472358000.0	641674039000.0						판정불가	일반	일반	6904.537131693404	-4062.213043680007	6.607621850791654	8.623568574205883	N	Y	-12.568306010928964	-36.239823236398784	0.45844418153007105			9.416888363060142			51227.872695047176			19.551628226481157	3년				2.3337222870478413	-1.5489057871335246	-5.131362192781761	0.4225675336192832	1407.8963795869365	3.285639158896001	3년	-5.131362192781761	불리(<1)	3년	-36.239823236398784		판정불가	Y	통과	보류	배당감안점수 또는 린치PER배수 미산출	58510865.0	주당순현금 음수(보수형); 단기위험부채 존재; 1년 점수 과열 가능; 배당감안점수<1; fs=2025:CFS,2024:CFS,2022:CFS,2020:CFS
"=""026960"""	동서	직접추가	메인	25400.0	1140.0	1468.0	38923278454.0	723123250000.0	100000000.0	1896791452.0						판정불가	일반	일반	7642.392461925778	7623.367472437312	12.096462900595519	12.109422702699378	N	N	-7.90464240903388	-4.791896569068244	4.358606974752632			17.217213949505265			25274.87007787373			-0.49263748868610957	3년				4.488188976377953	-0.28243408513142565	-0.025107140424936863	0.7313539522941909	1043.7561603209629	4.109276221736074	3년	-0.025107140424936863	불리(<1)	3년	-4.791896569068244		판정불가	Y	통과	보류	배당감안점수 또는 린치PER배수 미산출	99700000.0	단기위험부채 존재; 배당감안점수<1; fs=2025:CFS,2024:CFS,2022:CFS,2020:CFS
"=""006040"""	동원산업	직접추가	메인	36950.0	1150.0	8793.0	462412200801.0	2315664040.0	920658109908.0	869187931428.0						판정불가	일반	일반	-10327.316971310991	-30015.370950217297	5.376699303003638	7.61575923464316	Y	Y	362.7894736842105	15.223245686790676	-33.98325939665047	734.078947368421	38.94649137358135		6454756.184210526	342456.4986479008		17368.893597322127	826.8105511445219		3년	38.94649137358135	342456.4986479008	826.8105511445219	3.1123139377537212	68.05323619596078	3.410188777769556	-5.741616504692946	2047.1984446583815	5.54045587187654	3년	3.410188777769556	안심(>=2)	3년	15.223245686790676	0.3531900761260813	매우 유망	N	주당순현금<=0	제외	하드필터 미통과	44147986.0	주당순현금 음수(린치식); 주당순현금 음수(보수형); 단기위험부채 존재; 1년 점수 과열 가능; fs=2025:CFS,2024:CFS,2022:CFS,2020:CFS
"=""014820"""	동원시스템즈	직접추가	메인	21150.0	600.0	1884.0	158748112816.0	38387113087.0	134729679435.0	120000000000.0						판정불가	일반	일반	2152.5625002716333	-1986.6128559613196	10.083565551872805	12.280580072166305	N	Y	-25.386138613861387	-8.631888523856201	-1.217505302346611			6.064989395306778			11426.44002075797			-45.97427886166445	3년				2.8368794326241136	-2.236238666296887	-0.574698410142808	0.16059538879843338	2395.320646013515	11.32539312535941	3년	-0.574698410142808	불리(<1)	3년	-8.631888523856201		판정불가	Y	통과	보류	배당감안점수 또는 린치PER배수 미산출	28991282.0	주당순현금 음수(보수형); 단기위험부채 존재; 배당감안점수<1; fs=2025:CFS,2024:CFS,2022:CFS,2020:CFS
"=""000150"""	두산	직접추가	메인	1274000.0	4000.0	4194.0	4927903000000.0	175670000000.0	4309343000000.0	3985915000000.0						판정불가	일반	일반	49045.20763611584	-197092.59727544463	292.0731503013553	350.7612296794098	N	Y	-133.60576923076923												1년				0.3139717425431711	-0.45636443250842534			5159.062075166259	0.40494992740708474	1년	-0.45636443250842534	불리(<1)	1년	-133.60576923076923		판정불가	Y	통과	보류	배당감안점수 또는 린치PER배수 미산출	16193835.0	주당순현금 음수(보수형); 단기위험부채 존재; 배당감안점수<1; fs=2025:CFS,2024:CFS,2022:CFS,2020:CFS
"=""241560"""	두산밥캣	직접추가	메인	62700.0	1700.0	2.95	1389744000.0	5896000.0	976095000.0	54294000.0						판정불가	일반	일반	4.376822687223808	3.810410953130613	21252.75361942806	21252.945623405714	N	N	-28.743961352657	-92.28374718011123	-73.96450801980052										3년				2.711323763955343	-0.0012249065723372477	-0.004214626726499754	-0.0033526565795553927	6.059063659665145	0.00966357840456961	3년	-0.004214626726499754	불리(<1)	3년	-92.28374718011123		판정불가	Y	통과	보류	배당감안점수 또는 린치PER배수 미산출	95856065.0	단기위험부채 존재; 1년 점수 과열 가능; 배당감안점수<1; fs=2025:CFS,2024:CFS,2022:CFS,2020:CFS
"=""034020"""	두산에너빌리티	전력/에너지설비	메인	73000.0		132.0	3080997000000.0	107870000000.0	3096393000000.0	1883572000000.0						판정불가	일반	일반	144.364047956165	-2796.1389965416356	551.9366360003321	574.2131742162245	N	Y	-24.13793103448276												1년					-0.043733156054653055			83.81713492188614	0.11481799304367965	1년	-0.043733156054653055	불리(<1)	1년	-24.13793103448276		판정불가	Y	통과	보류	배당감안점수 또는 린치PER배수 미산출	640561146.0	주당순현금 음수(보수형); 단기위험부채 존재; 배당감안점수<1; fs=2025:CFS,2024:CFS,2022:CFS,2020:CFS
"=""454910"""	두산로보틱스	직접추가	메인	68500.0		-856.0	156738581281.0	40399292507.0	16815636710.0							판정불가	일반	일반	2781.8928219046043	2781.8928219046043			N	N													판정불가								-504.36322470324734	-0.7362966783989012	판정불가		판정불가	판정불가			판정불가	N	주당FCF<=0 / 순현금차감PER<=0	제외	하드필터 미통과	64819980.0	주당FCF 음수; fs=2025:CFS,2024:CFS,2022:NA,2020:NA
"=""192080"""	더블유게임즈	직접추가	메인	61500.0	1200.0	6651.0	569919505893.0	290204328298.0	53240025218.0							판정불가	일반	일반	37536.62715928326	37536.62715928326	3.602972912451772	3.602972912451772	N	N	-29.55195424213537		0.05119867759955099			8.602397355199102			57214.54480942923			-6.96821982206629	5년	8.602397355199102	57214.54480942923	-6.96821982206629	1.951219512195122	-7.660544611521472		0.5557683164573268	10978.50357230814	17.851225320826245	5년	0.5557683164573268	불리(<1)	5년	0.05119867759955099	70.37238228362699	매우 불리	Y	통과	제외	배당감안점수<1	21495906.0	배당감안점수<1; PER>연성장률의 2배; fs=2025:CFS,2024:CFS,2022:CFS,2020:CFS
"=""450080"""	에코프로머티	직접추가	메인	32750.0		345.0	45037598354.0	777438041.0								판정불가	일반	일반	649.3175374808915	649.3175374808915	93.04545641309886	93.04545641309886	N	N	-155.8252427184466	5.476875138059767			19.453750276119536			6711.54384526124			-79.50673635034737		3년	19.453750276119536	6711.54384526124	-79.50673635034737		-1.6747216761087287	0.058862359852842175		-2943.2049268330334	-8.986885272772621	3년	0.058862359852842175	불리(<1)	3년	5.476875138059767	16.98878540547869	매우 불리	N	주당FCF<=0	제외	하드필터 미통과	70558754.0	주당FCF 음수; 배당감안점수<1; PER>연성장률의 2배; fs=2025:OFS,2024:OFS,2022:OFS,2020:NA
"=""139480"""	이마트	직접추가	메인	80100.0	2500.0	5084.0	1303365061491.0	1225715519294.0	5485558368112.0	3111389126654.0						판정불가	일반	일반	-107134.98980867355	-219883.5596791311	36.82828281051801	59.005420865289366	Y	Y	-122.85971223021583	-48.64098247110502	-16.302783941696873										3년				3.1210986267166043	-3.251267897000681	-1.2360034291739532	-0.3579228872223071	20093.231814609306	25.085183289150194	3년	-1.2360034291739532	불리(<1)	3년	-48.64098247110502		판정불가	N	주당순현금<=0	제외	하드필터 미통과	27595819.0	주당순현금 음수(린치식); 주당순현금 음수(보수형); 단기위험부채 존재; 1년 점수 과열 가능; 배당감안점수<1; fs=2025:CFS,2024:CFS,2022:CFS,2020:CFS
"=""383220"""	F&F	직접추가	메인	63300.0	2700.0	10611.0	325383761882.0	16380800000.0	136145710441.0	186267116479.0						판정불가	일반	일반	5367.64687570116	505.17391270411537	5.459650657270648	5.917898980991036	N	N	11.64772727272727	-2.8457492223840752		31.79545454545454	2.8085015552318495		337381.5681818181	29801.010002565155		432.98825937096075	-52.920995256611135		3년	2.8085015552318495	29801.010002565155	-52.920995256611135	4.265402843601896	2.914679182840675	0.2600264577967566		8579.832305807739	13.554237449933238	3년	0.2600264577967566	불리(<1)	3년	-2.8457492223840752		판정불가	Y	통과	보류	배당감안점수 또는 린치PER배수 미산출	38307075.0	단기위험부채 존재; 1년 점수 과열 가능; 배당감안점수<1; fs=2025:CFS,2024:CFS,2022:CFS,2020:NA
"=""093370"""	후성	직접추가	메인	9700.0		50.0	67697035372.0	6532556311.0	163041804446.0	95387151720.0						판정불가	일반	일반	-828.0447485733343	-1717.3912427755338	210.5608949714667	228.34782485551065	Y	Y	-107.48502994011977	-63.71940165586019	-5.111991994525078										3년					-0.5104700469414569	-0.30261745261148737	-0.024277974289660047	3.33571650938	0.03438882999360825	3년	-0.30261745261148737	불리(<1)	3년	-63.71940165586019		판정불가	N	주당순현금<=0	제외	하드필터 미통과	107255330.0	주당순현금 음수(린치식); 주당순현금 음수(보수형); 단기위험부채 존재; 1년 점수 과열 가능; 배당감안점수<1; fs=2025:CFS,2024:CFS,2022:CFS,2020:CFS
"=""114090"""	GKL	직접추가	메인	9360.0	414.0	761.0	213092869283.0		30375090489.0							판정불가	일반	일반	2953.9374287595624	2953.9374287595624	8.417953444468381	8.417953444468381	N	N	42.509363295880156			93.51872659176031			71167.7509363296			660.3392194052307			1년	93.51872659176031	71167.7509363296	660.3392194052307	4.423076923076923	5.575279137448474			1553.3159719230266	16.595256110288744	1년	5.575279137448474	안심(>=2)	1년	42.509363295880156	0.19802586516943238	매우 유망	Y	통과	매우 유망	배당감안점수>=2 & 린치PER배수<=0.5	61855670.0	fs=2025:CFS,2024:CFS,2022:CFS,2020:CFS
"=""006280"""	녹십자	직접추가	메인	120000.0	1500.0		49372311054.0		105096001522.0							판정불가	일반	일반	-4768.194863868153	-4768.194863868153			Y	Y													판정불가				1.25				-497.6412769975163	-0.41470106416459696	판정불가		판정불가	판정불가			판정불가	N	주당순현금<=0 / 주당FCF<=0 / 순현금차감PER<=0	제외	하드필터 미통과	11686538.0	주당순현금 음수(린치식); 주당순현금 음수(보수형); 주당FCF 음수; EPS 미추출; fs=2025:CFS,2024:CFS,2022:CFS,2020:CFS
"=""005250"""	녹십자홀딩스	직접추가	메인	9850.0	300.0	0.0	79656808438.0		2117348227.0							판정불가	일반	일반	1648.7861266886407	1648.7861266886407			N	N	-100.0												1년				3.0456852791878175				-2674.1633975649934	-27.148866980355262	판정불가		판정불가	1년	-100.0		판정불가	N	주당FCF<=0 / 순현금차감PER<=0	제외	하드필터 미통과	47028210.0	주당FCF 음수; fs=2025:CFS,2024:CFS,2022:CFS,2020:CFS
"=""078930"""	GS	직접추가	메인	96900.0	3000.0	8550.0	1610917000000.0	857643000000.0	104176000000.0							판정불가	일반	일반	25446.638122701283	25446.638122701283	8.357118348222071	8.357118348222071	N	N	41.60317986088109	-27.687155007765817		91.70635972176218			784089.3756210667			709.1737622508427			3년				3.0959752321981426	5.3486325346330315	-2.9425429616895764		3039.077126716312	3.1363025043511987	3년	-2.9425429616895764	불리(<1)	3년	-27.687155007765817		판정불가	Y	통과	보류	배당감안점수 또는 린치PER배수 미산출	92915378.0	1년 점수 과열 가능; 배당감안점수<1; fs=2025:CFS,2024:CFS,2022:CFS,2020:CFS
"=""006360"""	GS건설	직접추가	메인	28750.0	500.0	1073.0	3015810000000.0	301590000000.0								판정불가	일반	일반	38763.054954990854	38763.054954990854	-9.33183127212568	-9.33183127212568	N	N	-62.91047355686139	-35.490770024369326	-22.823533314849886										3년				1.7391304347826086	6.55512742764633	3.6168291737553564	2.2594067836445677	3464.721168093708	12.051204062934637	3년	3.6168291737553564	안심(>=2)	3년	-35.490770024369326		판정불가	N	순현금차감PER<=0	제외	하드필터 미통과	85581490.0	fs=2025:CFS,2024:CFS,2022:CFS,2020:CFS
"=""007070"""	GS리테일	직접추가	메인	25050.0	600.0	585.0	294440001357.0	139922954133.0	2214168472527.0							판정불가	일반	일반	-21287.651544267934	-21287.651544267934	79.20966075943237	79.20966075943237	Y	Y	-345.7983193277311	17.566734386037865	-23.182279339928648		43.63346877207573			25525.579231664302			1.8985198868834319		3년	43.63346877207573	25525.579231664302	1.8985198868834319	2.3952095808383236	-4.335369025122356	0.2520140065679943	-0.26243099086388877	8424.851248528614	33.63214071268908	3년	0.2520140065679943	불리(<1)	3년	17.566734386037865	4.509071465348086	매우 불리	N	주당순현금<=0	제외	하드필터 미통과	83607415.0	주당순현금 음수(린치식); 주당순현금 음수(보수형); 배당감안점수<1; PER>연성장률의 2배; fs=2025:CFS,2024:CFS,2022:CFS,2020:CFS
"=""086790"""	하나금융지주	직접추가	메인	127600.0	4105.0	13954.0		73098647000000.0	72812888000000.0							판정불가	일반	일반	1026.7067789838566	1026.7067789838566	9.070753419880761	9.070753419880761	N	N	10.491725393934592			29.483450787869184			411412.0722939266			222.4232541488453			1년	29.483450787869184	411412.0722939266	222.4232541488453	3.2170846394984327	1.5113198869883107			-14044.963863826157	-11.007024971650594	1년	1.5113198869883107	양호(>=1.5)	1년	10.491725393934592	0.8645626033182956	헐값	N	주당FCF<=0	제외	하드필터 미통과	278325814.0	주당FCF 음수; fs=2025:CFS,2024:CFS,2022:NA,2020:NA
"=""009420"""	한올바이오파마	직접추가	메인	52000.0		-109.0	24743015950.0	0.0	15000000000.0	15739600000.0						판정불가	일반	일반	186.5026217711966	-114.78772617593224			N	Y	202.77777777777777			414.05555555555554									1년	414.05555555555554							-315.0056843677905	-0.6057801622457509	판정불가		판정불가	1년	202.77777777777777		판정불가	N	주당FCF<=0 / 순현금차감PER<=0	제외	하드필터 미통과	52240638.0	주당순현금 음수(보수형); 단기위험부채 존재; 주당FCF 음수; fs=2025:CFS,2024:CFS,2022:CFS,2020:CFS
"=""300720"""	한일시멘트	직접추가	메인	14010.0	1000.0	1061.0	129285266021.0		337958155586.0	209542035372.0						판정불가	일반	일반	-2837.341716779947	-5686.501277561126	15.878738658605041	18.564091684788995	Y	Y	-60.067745577719236	-2.308290966967641	-43.43181980026135		3.883418066064718			4120.306568094666			-70.59024576663336		3년	3.883418066064718	4120.306568094666	-70.59024576663336	7.137758743754461	-3.3333873660853306	0.30414681421623024	-2.285701769947472	83.57535581957487	0.5965407267635608	3년	0.30414681421623024	불리(<1)	3년	-2.308290966967641		판정불가	N	주당순현금<=0	제외	하드필터 미통과	73545209.0	주당순현금 음수(린치식); 주당순현금 음수(보수형); 단기위험부채 존재; 배당감안점수<1; fs=2025:CFS,2024:CFS,2022:CFS,2020:CFS
"=""180640"""	한진칼	직접추가	메인	120400.0	360.0		110930322000.0	30600000000.0	366131984000.0	0.0						판정불가	일반	일반	-3364.2000447588075	-3364.2000447588075			Y	Y													판정불가				0.29900332225913623				1732.6632753204844	1.4390890991033922	판정불가		판정불가	판정불가			판정불가	N	주당순현금<=0 / 순현금차감PER<=0	제외	하드필터 미통과	66762279.0	주당순현금 음수(린치식); 주당순현금 음수(보수형); EPS 미추출; fs=2025:CFS,2024:CFS,2022:CFS,2020:CFS
"=""161390"""	한국타이어앤테크놀로지	직접추가	메인	67700.0	2300.0	8931.0	2603079747970.0	489388296676.0								판정불가	일반	일반	24964.41026923666	24964.41026923666	4.785084506859628	4.785084506859628	N	N	-2.2545693334792616	16.43379388057411	24.1178312692236	3.990861333041477	41.36758776114822	56.7356625384472	35642.38256539343	369453.9262948148	506706.20213087194	-47.35246297578518	445.7221954133158	648.4582010795746	3년	41.36758776114822	369453.9262948148	445.7221954133158	3.3973412112259975	0.23881958116069263	4.1443646529902045	5.750195726116309	-5650.2614211339005	-8.346028687051552	3년	4.1443646529902045	안심(>=2)	3년	16.43379388057411	0.29117345280300316	매우 유망	N	주당FCF<=0	제외	하드필터 미통과	123875069.0	주당FCF 음수; fs=2025:CFS,2024:CFS,2022:CFS,2020:CFS
"=""000240"""	한국앤컴퍼니	직접추가	메인	25050.0	1100.0	3666.0	87970654737.0	34240766097.0	15178888600.0	83728229501.0						판정불가	일반	일반	1127.4267830786544	245.4757867889732	6.525524609089292	6.766100440046651	N	N	-0.9991898460707582	28.543628944993937	19.90708834889714	6.5016203078584835	65.58725788998788	48.31417669779428	23834.9400486092	240442.88742469557	177119.77177411385	-4.850538728106979	859.8518460067687	607.0649571820912	3년	65.58725788998788	240442.88742469557	859.8518460067687	4.39121756487026	0.5198091987998642	5.047080270602277	3.7235789257346	2176.2560889928754	8.68764905785579	3년	5.047080270602277	안심(>=2)	3년	28.543628944993937	0.22861580150388539	매우 유망	Y	통과	매우 유망	배당감안점수>=2 & 린치PER배수<=0.5	94935240.0	단기위험부채 존재; fs=2025:CFS,2024:CFS,2022:CFS,2020:CFS
"=""128940"""	한미약품	헬스케어	메인	378000.0	2000.0	13372.0	108273819495.0		91812500000.0	319500000000.0						판정불가	일반	일반	1284.9372460725326	-23654.585387266292	28.171931106336185	30.036986642780906	N	Y	39.77213337514372	26.231706206675454	68.07388619564503	88.04426675028743	60.96341241335091	144.64777239129006	1177327.9349848435	815202.7507913284	1934230.0124163306	211.462416662657	115.66210338394929	411.70106148580174	3년	60.96341241335091	815202.7507913284	115.66210338394929	0.5291005291005291	1.4305456644816246	0.949910271850593	2.435153858136334	7534.569419649112	1.9932723332405058	3년	0.949910271850593	불리(<1)	3년	26.231706206675454	1.073964876107334	보통	Y	통과	제외	배당감안점수<1	12810991.0	주당순현금 음수(보수형); 단기위험부채 존재; 배당감안점수<1; fs=2025:CFS,2024:CFS,2022:CFS,2020:CFS
"=""008930"""	한미사이언스	직접추가	메인	39200.0	300.0	1748.0	127389343692.0	0.0	0.0	199600000000.0						판정불가	일반	일반	1862.6474131965133	-1055.8417861270873	21.360041525631285	23.029657772383917	N	Y	99.08883826879271	20.062307210120522	38.49990058066466	206.67767653758543	48.624614420241045	85.49980116132932	361272.57858769933	84995.82600658135	149453.65243000365	821.6137208869882	116.82608675148303	281.2593174234787	3년	48.624614420241045	84995.82600658135	116.82608675148303	0.7653061224489796	4.674810405748523	0.9750736349260891	1.8382551670602696	667.8946648379807	1.7038129205050527	3년	0.9750736349260891	불리(<1)	3년	20.062307210120522	1.0646851980641645	보통	Y	통과	제외	배당감안점수<1	68391550.0	주당순현금 음수(보수형); 단기위험부채 존재; 1년 점수 과열 가능; 배당감안점수<1; fs=2025:CFS,2024:CFS,2022:CFS,2020:CFS
"=""042700"""	한미반도체	반도체소부장	메인	203000.0	800.0	2256.0	276235377529.0	1620849416.0	1700783956.0							판정불가	일반	일반	2897.3777017947336	2897.3777017947336	88.69797087686403	88.69797087686403	N	N	41.97608558842039	33.93410123050573	17.576648487156234	92.45217117684078	76.36820246101146	43.65329697431247	208572.0981749528	172286.66475204186	98481.83797404893	2.744875948252612	-15.12972179702371	-51.48677932312861	3년	76.36820246101146	172286.66475204186	-15.12972179702371	0.3940886699507389	0.47769045717169795	0.38702339592540363	0.2026059556881527	1415.2619637779844	0.6971733811714209	3년	0.38702339592540363	불리(<1)	3년	33.93410123050573	2.6138299722264997	매우 불리	Y	통과	제외	배당감안점수<1	95312200.0	배당감안점수<1; PER>연성장률의 2배; fs=2025:CFS,2024:CFS,2022:CFS,2020:CFS
"=""018880"""	한온시스템	직접추가	메인	3370.0	316.0	-292.0	924789114632.0	12500000000.0	551438792860.0							판정불가	일반	일반	375.9762265709175	375.9762265709175			N	N	-55.69044006069803												1년				9.376854599406528				-358.42775774108145	-10.635838508637432	판정불가		판정불가	1년	-55.69044006069803		판정불가	N	주당FCF<=0 / 순현금차감PER<=0	제외	하드필터 미통과	1026262552.0	주당FCF 음수; fs=2025:CFS,2024:CFS,2022:CFS,2020:CFS
"=""014680"""	한솔케미칼	직접추가	메인	214500.0	2600.0	13428.0	112551479633.0	97254225348.0	138153315888.0	52809626645.0						판정불가	일반	일반	6321.231270657452	1662.3236254868134	15.50333398341842	15.850288678471342	N	N	22.295081967213104	-1.612254890420728	3.943248256290177	53.09016393442621	5.275490219158544	16.386496512580354	712894.7213114752	70839.28266286093	220037.875170929	232.35185142726115	-66.97469339726763	2.5817599864470964	3년	5.275490219158544	70839.28266286093	-66.97469339726763	1.2121212121212122	1.5162676108556024	-0.025809524501470355	0.3325329554227053	10281.03332708436	4.793022530109258	3년	-0.025809524501470355	불리(<1)	3년	-1.612254890420728		판정불가	Y	통과	보류	배당감안점수 또는 린치PER배수 미산출	11335195.0	단기위험부채 존재; 1년 점수 과열 가능; 배당감안점수<1; fs=2025:CFS,2024:CFS,2022:CFS,2020:CFS
"=""009240"""	한샘	직접추가	메인	39000.0	8530.0	2808.0	98241927402.0	251054722982.0	161476119968.0	96981921492.0						판정불가	일반	일반	7980.840700116019	3859.9000100620688	11.046709152380336	12.51428062319727	N	N	-69.38174681059863		-5.701809832138416										5년				21.871794871794872	-4.300824008620372		1.4637829978688415	2308.508445254018	5.919252423728252	5년	1.4637829978688415	보통(1~1.5)	5년	-5.701809832138416		판정불가	Y	통과	보류	배당감안점수 또는 린치PER배수 미산출	23533928.0	단기위험부채 존재; fs=2025:CFS,2024:CFS,2022:CFS,2020:CFS
"=""000880"""	한화	직접추가	메인	83800.0	1100.0	4122.0	14684582000000.0	103264989000000.0	60168760000000.0							판정불가	일반	일반	770834.9267100092	770834.9267100092	-166.67513991023998	-166.67513991023998	N	N	-50.52808449351897	-33.7392629586393	7.803689278908865			24.107378557817732			99370.61441532469			18.58068545981466	3년				1.3126491646778042	0.2952776002188766	0.19454979195712263	-0.054695249984467495	29660.332448246358	35.39419146568778	3년	0.19454979195712263	불리(<1)	3년	-33.7392629586393		판정불가	N	순현금차감PER<=0	제외	하드필터 미통과	74958735.0	배당감안점수<1; fs=2025:CFS,2024:CFS,2022:CFS,2020:CFS
"=""012450"""	한화에어로스페이스	우주항공/방산	메인	1004000.0	7000.0	28530.0	7713355500000.0		12463889065000.0							판정불가	일반	일반	-92129.95017531911	-92129.95017531911	38.42025762969923	38.42025762969923	Y	Y	-37.89049744203766	93.07351740567623	64.20288154253949		194.64703481135246	136.90576308507897		5553279.903167886	3905921.420817303		453.11552820397264	289.0359980893728	3년	194.64703481135246	5553279.903167886	453.11552820397264	0.697211155378486	-0.9680644686231467	2.4406585053341505	1.6892154478357682	39867.85493454941	3.970901885911296	3년	2.4406585053341505	안심(>=2)	3년	93.07351740567623	0.41279473152645796	매우 유망	N	주당순현금<=0	제외	하드필터 미통과	51563401.0	주당순현금 음수(린치식); 주당순현금 음수(보수형); fs=2025:CFS,2024:CFS,2022:CFS,2020:CFS
"=""082740"""	한화엔진	직접추가	메인	40750.0		2071.0	276708027934.0	133988650000.0	53947006810.0	30000000000.0						판정불가	일반	일반	4275.157453852644	3915.6484367553294	17.61218857853566	17.785780571339775	N	N	113.94628099173553		62.28278611303117	236.39256198347107		133.06557222606233	489568.9958677686		275578.8000801751	1101.3963088779597		576.2669940617794	5년	133.06557222606233	275578.8000801751	576.2669940617794		6.469740003272746		3.53634562991998	3492.7128128726085	8.571074387417445	5년	3.53634562991998	안심(>=2)	5년	62.28278611303117	0.28277778946132814	매우 유망	Y	통과	매우 유망	배당감안점수>=2 & 린치PER배수<=0.5	83447142.0	단기위험부채 존재; fs=2025:CFS,2024:OFS,2022:CFS,2020:CFS
"=""088350"""	한화생명	직접추가	메인	4310.0	150.0	693.0	3103115000000.0	104518986000000.0								판정불가	일반	일반	123912.9344985205	123912.9344985205	-172.58720706857216	-172.58720706857216	N	N	-25.96153846153846												1년				3.480278422273782	0.13026029229578093					1년	0.13026029229578093	불리(<1)	1년	-25.96153846153846		판정불가	N	주당FCF<=0 / 순현금차감PER<=0	제외	하드필터 미통과	868530000.0	배당감안점수<1; fs=2025:CFS,2024:CFS,2022:NA,2020:NA
"=""042660"""	한화오션	직접추가	메인	87500.0		4007.0	778471159631.0		5646344947762.0							판정불가	일반	일반	-15886.622071524067	-15886.622071524067	25.80150288782732	25.80150288782732	Y	Y	143.14320388349512		47.03819321855338	294.78640776699024		102.57638643710676	1181209.13592233		411023.5804534868	1249.9532981969485		369.7412348039849	5년	102.57638643710676	411023.5804534868	369.7412348039849		5.547863025879298		1.823079586605986	1951.772804089628	2.230597490388146	5년	1.823079586605986	양호(>=1.5)	5년	47.03819321855338	0.5485224053557052	헐값	N	주당순현금<=0	제외	하드필터 미통과	306413394.0	주당순현금 음수(린치식); 주당순현금 음수(보수형); fs=2025:CFS,2024:CFS,2022:CFS,2020:CFS
"=""009830"""	한화솔루션	석유화학	watchlist	26800.0	300.0	-12.0	2470461000000.0		8369710000000.0							판정불가	일반	일반	-34319.40174528579	-34319.40174528579			Y	Y	-99.19893190921229												1년				1.1194029850746268				-15547.574445000917	-58.0133374813467	판정불가		판정불가	1년	-99.19893190921229		판정불가	N	주당순현금<=0 / 주당FCF<=0 / 순현금차감PER<=0	제외	하드필터 미통과	171892536.0	린치식 단독판정 비중 낮춤; 주당순현금 음수(린치식); 주당순현금 음수(보수형); 주당FCF 음수; fs=2025:CFS,2024:CFS,2022:CFS,2020:CFS
"=""272210"""	한화시스템	우주항공/방산	메인	69100.0	500.0	1243.0	325483658125.0	164123075536.0	1615285782454.0	1474436243190.0						판정불가	일반	일반	-5958.515188681878	-13763.093908709392	60.384967971586384	66.66379236420707	Y	Y	-52.02624469316866		7.897266078384502			24.294532156769			30198.10347086387			-56.297968927838106	5년	24.294532156769	30198.10347086387	-56.297968927838106	0.723589001447178	-0.8495931589441513		0.14276491930720486	-1268.1431386537038	-1.8352288547810476	5년	0.14276491930720486	불리(<1)	5년	7.897266078384502	7.6463129609961165	매우 불리	N	주당순현금<=0 / 주당FCF<=0	제외	하드필터 미통과	188919389.0	주당순현금 음수(린치식); 주당순현금 음수(보수형); 단기위험부채 존재; 주당FCF 음수; 배당감안점수<1; PER>연성장률의 2배; fs=2025:CFS,2024:CFS,2022:CFS,2020:CFS
"=""267250"""	HD현대	직접추가	메인	208500.0	4000.0	13623.0	6367475266000.0		1596736136000.0							판정불가	일반	일반	60394.38933167378	60394.38933167378	10.871732413442428	10.871732413442428	N	N	89.12952936276552	-11.915391188425783		186.75905872553105			2544218.6570179095			1120.2487563635057			3년				1.9184652278177456	8.374745728473444	-0.9195338498441398		64511.54397881789	30.940788479049345	3년	-0.9195338498441398	불리(<1)	3년	-11.915391188425783		판정불가	Y	통과	보류	배당감안점수 또는 린치PER배수 미산출	78993085.0	1년 점수 과열 가능; 배당감안점수<1; fs=2025:CFS,2024:CFS,2022:CFS,2020:CFS
"=""267260"""	HD현대일렉트릭	전력설비	메인	716000.0	7100.0	20354.0	950781542257.0		55346966947.0							판정불가	일반	일반	24840.658635145344	24840.658635145344	33.95692941755206	33.95692941755206	N	N	46.06386795837818	65.20736528007924		100.62773591675636	138.9147305601585		2048176.936849659	2827470.425821466		186.05823140358368	294.8981041650092		3년	138.9147305601585	2827470.425821466	294.8981041650092	0.9916201117318436	1.3857403739746688	1.949498571493139		19908.873951397247	2.7805689876253137	3년	1.949498571493139	양호(>=1.5)	3년	65.20736528007924	0.520752974325829	헐값	Y	통과	양호	배당감안점수>=1.5 & 린치PER배수<1	36047135.0	fs=2025:CFS,2024:CFS,2022:CFS,2020:CFS
"=""329180"""	HD현대중공업	직접추가	메인	483000.0	5661.0	15702.0	1869917695000.0		20593805000.0							판정불가	일반	일반	17619.114963644908	17619.114963644908	29.63831900626386	29.63831900626386	N	N	124.2822453935152			257.0644907870304			4036426.634337952			735.699096136222			1년	257.0644907870304	4036426.634337952	735.699096136222	1.1720496894409937	4.232841108716127					1년	4.232841108716127	안심(>=2)	1년	124.2822453935152	0.2384758893953032	매우 유망	N	주당FCF<=0	제외	하드필터 미통과	104961225.0	fs=2025:CFS,2024:CFS,2022:CFS,2020:CFS
"=""071970"""	HD현대마린엔진	직접추가	메인	52600.0		4867.0	94276230277.0	247003276789.0								판정불가	일반	일반	10060.862797055377	10060.862797055377	8.740319951293326	8.740319951293326	N	N	97.52435064935065	113.65854515790357	162.5665198099373	203.5487012987013	235.81709031580715	333.6330396198746	990671.5292207792	1147721.7785670334	1623792.0038299295	1783.4059490889338	2081.9805676179344	2987.057041501767	3년	235.81709031580715	1147721.7785670334	2081.9805676179344		11.157984054682087	13.003934157019646	18.599607418934582			3년	13.003934157019646	안심(>=2)	3년	113.65854515790357	0.07689980493020188	매우 유망	N	주당FCF<=0	제외	하드필터 미통과	33921495.0	fs=2025:CFS,2024:CFS,2022:CFS,2020:CFS
"=""443060"""	HD현대마린솔루션	직접추가	메인	184900.0	3950.0	6013.0	377924043510.0		9931501625.0							판정불가	일반	일반	8208.377954504365	8208.377954504365	29.38493631223942	29.38493631223942	N	N	13.36726998491704			35.23453996983408			211865.28883861232			14.583714893787093			1년	35.23453996983408	211865.28883861232	14.583714893787093	2.1362898864250948	0.5276022961766498			6828.081523113242	3.692851013041234	1년	0.5276022961766498	불리(<1)	1년	13.36726998491704	2.1982750662922133	매우 불리	Y	통과	제외	배당감안점수<1	44831335.0	배당감안점수<1; PER>연성장률의 2배; fs=2025:CFS,2024:CFS,2022:NA,2020:NA
"=""009540"""	HD한국조선해양	직접추가	메인	374000.0	12300.0	30664.0	3742015549000.0		398797408000.0							판정불가	일반	일반	47238.53250999998	47238.53250999998	10.656191869619098	10.656191869619098	N	N	84.96802991916998			178.43605983833996			5471563.338882856			1362.9848499686782			1년	178.43605983833996	5471563.338882856	1362.9848499686782	3.288770053475936	8.282208227149782					1년	8.282208227149782	안심(>=2)	1년	84.96802991916998	0.12541413376014868	매우 유망	N	주당FCF<=0	제외	하드필터 미통과	70773116.0	fs=2025:CFS,2024:CFS,2022:CFS,2020:CFS
"=""017960"""	한국카본	조선/LNG사이클	watchlist	22200.0	320.0	2043.0	57866929673.0	27093215744.0	98920898088.0	81871440000.0						판정불가	일반	일반	-268.94950885840325	-1846.1770478341368	10.998017380743223	11.77003281832312	Y	Y	394.6731234866828	63.08567663703022	8.209872487827186	797.8462469733656	134.67135327406044	24.91974497565437	1629999.882566586	275133.5747389055	50911.03898526188	7242.341813362999	1139.3404267518263	129.32900443811656	3년	134.67135327406044	275133.5747389055	1139.3404267518263	1.4414414414414414	36.01690661279494	5.867159129194889	0.8775503434071142	2529.43380973873	11.393845989814098	3년	5.867159129194889	안심(>=2)	3년	63.08567663703022	0.17433461868089997	매우 유망	N	주당순현금<=0	제외	하드필터 미통과	51908452.0	린치식 단독판정 비중 낮춤; 주당순현금 음수(린치식); 주당순현금 음수(보수형); 단기위험부채 존재; 1년 점수 과열 가능; fs=2025:CFS,2024:CFS,2022:CFS,2020:CFS
"=""000080"""	하이트진로	직접추가	메인	15130.0	700.0	596.0	243639082453.0	11534336304.0								판정불가	일반	일반	3638.389855001192	3638.389855001192	19.281225075501357	19.281225075501357	N	N	-56.748911465892604	-21.8770293860485	-13.71294563046288										3년				4.626569729015202	-2.7032691923244974	-0.8946765358261212	-0.47125511298515926	1956.0991773402343	12.928613201191238	3년	-0.8946765358261212	불리(<1)	3년	-21.8770293860485		판정불가	Y	통과	보류	배당감안점수 또는 린치PER배수 미산출	70133611.0	배당감안점수<1; fs=2025:CFS,2024:CFS,2022:CFS,2020:CFS
"=""204320"""	HL만도	직접추가	메인	48750.0	750.0	2130.0	799652317531.0		965892545521.0	659326263869.0						판정불가	일반	일반	-3540.256046154449	-17581.28462433386	24.54941598411007	31.14144818043843	Y	Y	-23.021322732200943	0.5378148348890388	76.60035963530261		9.575629669778078	161.70071927060522		20396.091196627305	344422.5320463891		-58.16186421204655	606.5077580438751	3년	9.575629669778078	20396.091196627305	-58.16186421204655	1.5384615384615385	-0.8750864463596391	0.08457538764647086	3.182919757616251	6770.8428804833	13.888908472786257	3년	0.08457538764647086	불리(<1)	3년	0.5378148348890388	45.64659505752583	매우 불리	N	주당순현금<=0	제외	하드필터 미통과	46957120.0	주당순현금 음수(린치식); 주당순현금 음수(보수형); 단기위험부채 존재; 배당감안점수<1; PER>연성장률의 2배; fs=2025:CFS,2024:CFS,2022:CFS,2020:CFS
"=""011200"""	HMM	직접추가	메인	21200.0	700.0	1951.0	1760767000000.0	10915294000000.0	151318000000.0							판정불가	일반	일반	13278.45506473833	13278.45506473833	4.060248557284301	4.060248557284301	N	N	-60.97219443888777	-54.38515324967628	80.08768235294812			168.67536470589624			329085.6365412036			1452.2907384019038	3년				3.30188679245283	-14.203639711409132	-12.581315093524843	20.53804538537318	1809.1182228382938	8.533576522822141	3년	-12.581315093524843	불리(<1)	3년	-54.38515324967628		판정불가	Y	통과	보류	배당감안점수 또는 린치PER배수 미산출	943237970.0	1년 점수 과열 가능; 배당감안점수<1; fs=2025:CFS,2024:CFS,2022:CFS,2020:CFS
"=""008770"""	호텔신라	직접추가	메인	41500.0	200.0	-4566.0	338290693972.0		739494888568.0	24083900000.0						판정불가	일반	일반	-10222.252285555276	-10835.884209488653			Y	Y													판정불가				0.48192771084337355				1275.405833262693	3.073267068102875	판정불가		판정불가	판정불가			판정불가	N	주당순현금<=0 / 순현금차감PER<=0	제외	하드필터 미통과	39248121.0	주당순현금 음수(린치식); 주당순현금 음수(보수형); 단기위험부채 존재; fs=2025:CFS,2024:CFS,2022:CFS,2020:CFS
"=""298050"""	HS효성첨단소재	직접추가	메인	164800.0	2500.0	-4843.0	31544586945.0		554202076606.0							판정불가	일반	일반	-116665.97238650985	-116665.97238650985			Y	Y	-143.41940111170882												1년				1.516990291262136				-3354.717829760524	-2.0356297510682793	판정불가		판정불가	1년	-143.41940111170882		판정불가	N	주당순현금<=0 / 주당FCF<=0 / 순현금차감PER<=0	제외	하드필터 미통과	4479948.0	주당순현금 음수(린치식); 주당순현금 음수(보수형); 주당FCF 음수; fs=2025:CFS,2024:CFS,2022:CFS,2020:CFS
"=""352820"""	하이브	직접추가	메인	181000.0	500.0	-5690.0	534914956000.0	57033836000.0	1161573182000.0	0.0						판정불가	일반	일반	-13368.578698363612	-13368.578698363612			Y	Y	-2628.8888888888887												1년				0.2762430939226519				1088.4641428108619	0.6013614048678795	판정불가		판정불가	1년	-2628.8888888888887		판정불가	N	주당순현금<=0 / 순현금차감PER<=0	제외	하드필터 미통과	42609196.0	주당순현금 음수(린치식); 주당순현금 음수(보수형); fs=2025:CFS,2024:CFS,2022:CFS,2020:CFS
"=""298040"""	효성중공업	전력설비	메인	2655000.0	7500.0	55832.0	216772513676.0		637432979185.0							판정불가	일반	일반	-45113.22859928438	-45113.22859928438	48.361391829045786	48.361391829045786	Y	Y	133.51875862645866	270.5887113046113		275.5375172529173	549.6774226092226		15383810.66326488	30689589.85911812		479.42789692146437	1055.9167555223396		3년	549.6774226092226	30689589.85911812	1055.9167555223396	0.2824858757062147	2.766695486663062	5.600980181418862		33728.061849754005	1.270360145000151	3년	5.600980181418862	안심(>=2)	3년	270.5887113046113	0.17872656843619633	매우 유망	N	주당순현금<=0	제외	하드필터 미통과	9324548.0	주당순현금 음수(린치식); 주당순현금 음수(보수형); fs=2025:CFS,2024:CFS,2022:CFS,2020:CFS
"=""298020"""	효성티앤씨	직접추가	메인	320500.0	10100.0	2517.0	78332153321.0		1022720440533.0							판정불가	일반	일반	-218220.35149809992	-218220.35149809992	214.03271811605083	214.03271811605083	Y	Y	-91.92622293504411	-2.1428862261368864	-39.74816600029081		4.214227547726227			10607.210737626914			-96.69041786657506		3년	4.214227547726227	10607.210737626914	-96.69041786657506	3.1513260530421214	-0.4147725528293636	0.00471161528845533	-0.17098712883422568	-681.4700322251034	-0.21262715514043787	3년	0.00471161528845533	불리(<1)	3년	-2.1428862261368864		판정불가	N	주당순현금<=0 / 주당FCF<=0	제외	하드필터 미통과	4327682.0	주당순현금 음수(린치식); 주당순현금 음수(보수형); 주당FCF 음수; 배당감안점수<1; fs=2025:CFS,2024:CFS,2022:CFS,2020:CFS
"=""307950"""	현대오토에버	직접추가	메인	394000.0	1900.0	6654.0	301124937000.0	503550000000.0	137177596000.0							판정불가	일반	일반	24339.913182556786	24339.913182556786	55.55456669934524	55.55456669934524	N	N	6.840077071290951	17.005273141647017	18.824559086735636	22.1801541425819	42.51054628329403	46.14911817347127	147586.74566473998	282865.1749690385	307076.2323262778	-62.54143511047209	-28.206808383492763	-22.06186996794979	3년	42.51054628329403	282865.1749690385	-28.206808383492763	0.4822335025380711	0.13180393636146068	0.3147807225070337	0.34752845240895847	6801.802196340414	1.7263457351117804	3년	0.3147807225070337	불리(<1)	3년	17.005273141647017	3.2669023447373218	매우 불리	Y	통과	제외	배당감안점수<1	27423982.0	배당감안점수<1; PER>연성장률의 2배; fs=2025:CFS,2024:CFS,2022:CFS,2020:CFS
"=""069960"""	현대백화점	직접추가	메인	118400.0	2150.0	9572.0	279878097000.0	1384271000.0	850398528000.0	925684884000.0						판정불가	일반	일반	-25150.950692818045	-66058.30557705347	14.996965178940455	19.270612784899022	Y	Y	-681.8844984802432	13.23304981191371	24.719368231601415		34.96609962382742	57.93873646320283		334695.50559927605	554589.5854257775		182.68201486425343	368.40336606906885	3년	34.96609962382742	334695.50559927605	182.68201486425343	1.8158783783783783	-45.34708269222721	1.0034649017805686	1.7693744229827255	17816.28700542092	15.047539700524426	3년	1.0034649017805686	보통(1~1.5)	3년	13.23304981191371	1.1332962085156433	보통	N	주당순현금<=0	제외	하드필터 미통과	22628813.0	주당순현금 음수(린치식); 주당순현금 음수(보수형); 단기위험부채 존재; fs=2025:CFS,2024:CFS,2022:CFS,2020:CFS
"=""000720"""	현대건설	직접추가	메인	101500.0	800.0	3319.0	4812659000000.0	700784000000.0	579678000000.0	1194728000000.0						판정불가	일반	일반	44306.32756193628	33577.399427860786	17.23220019224577	20.46477872013836	N	N	-321.1192538307795	-3.003815607902416	24.7843511038494		2.4923687841951683	58.0687022076988		8272.171994743763	192730.0226273523		-91.8500768524692	89.8817956919727	3년	2.4923687841951683	8272.171994743763	-91.8500768524692	0.7881773399014778	-18.58909906554023	-0.12857547169153372	1.4839967130406324	-7760.002367187725	-7.645322529248991	3년	-0.12857547169153372	불리(<1)	3년	-3.003815607902416		판정불가	N	주당FCF<=0	제외	하드필터 미통과	111355765.0	단기위험부채 존재; 주당FCF 음수; 배당감안점수<1; fs=2025:CFS,2024:CFS,2022:CFS,2020:CFS
"=""017800"""	현대엘리베이터	직접추가	메인	69200.0	14010.0		546026985679.0	858153283222.0	939270698991.0							판정불가	일반	일반	11892.58649504245	11892.58649504245			N	N													판정불가				20.245664739884393				5302.308441375475	7.662295435513693	판정불가		판정불가	판정불가			판정불가	N	순현금차감PER<=0	제외	하드필터 미통과	39092385.0	EPS 미추출; fs=2025:CFS,2024:CFS,2022:CFS,2020:CFS
"=""086280"""	현대글로비스	직접추가	메인	200000.0	5800.0	23117.0	2644639919844.0	1773253190103.0	2551475394576.0	800732226936.0						판정불가	일반	일반	24885.56953828	14209.1398458	7.575136499620194	8.036979718570748	N	N	58.49845731916352	-10.017436249066701	7.416538424274255	125.49691463832704		23.333076848548508	2901112.1756942063		539390.7375078959	1350.5560878471033		169.69536875394797	3년				2.9000000000000004	8.105260852031108	-0.9395786134577983	1.3618947229256546	25034.3648264	12.5171824132	3년	-0.9395786134577983	불리(<1)	3년	-10.017436249066701		판정불가	Y	통과	보류	배당감안점수 또는 린치PER배수 미산출	75000000.0	단기위험부채 존재; 1년 점수 과열 가능; 배당감안점수<1; fs=2025:CFS,2024:CFS,2022:CFS,2020:CFS
"=""001450"""	현대해상	직접추가	메인	36800.0	2063.0	13006.0	1509674177483.0	19831696034080.0								판정불가	일반	일반	238717.78760137584	238717.78760137584	-15.524972136043045	-15.524972136043045	N	N	19.90412095510279			48.30824191020558			628296.9942841338			1607.328788815581			1년	48.30824191020558	628296.9942841338	1607.328788815581	5.605978260869565	-1.6431655395211735					1년	-1.6431655395211735	불리(<1)	1년	19.90412095510279		판정불가	N	주당FCF<=0 / 순현금차감PER<=0	제외	하드필터 미통과	89400000.0	배당감안점수<1; fs=2025:CFS,2024:CFS,2022:NA,2020:NA
"=""012330"""	현대모비스	직접추가	메인	481500.0	6500.0	40861.0	4922378000000.0			2945574000000.0						판정불가	일반	일반	54251.49199158146	21787.145638739283	10.456144196383313	11.250651094228255	N	N	-9.074523242617772	14.580422448898144	20.046998821740058		37.66084489779629	48.593997643480115		1538859.783368854	1985599.337710241		219.59704742863013	312.37784791489946	3년	37.66084489779629	1538859.783368854	219.59704742863013	1.3499480789200415	-0.7387594335557836	1.5235415874743157	2.0463515516609947	32588.711819214936	6.768164448435085	3년	1.5235415874743157	양호(>=1.5)	3년	14.580422448898144	0.7171358877309822	헐값	Y	통과	양호	배당감안점수>=1.5 & 린치PER배수<1	90732583.0	단기위험부채 존재; fs=2025:CFS,2024:CFS,2022:CFS,2020:CFS
"=""005380"""	현대자동차	직접추가	메인	392500.0	10000.0	36088.0	18360566000000.0	5857507000000.0	131240462000000.0	10388351000000.0						판정불가	일반	일반	-522678.0458231802	-573412.8785132379	25.35962219638606	26.765486547141375	Y	Y	-24.20875774440827	8.159836431248424	45.92494426173537		24.819672862496848	100.34988852347074		895692.3542617862	3621426.777035012		128.20187369727037	822.6565037031877	3년	24.819672862496848	895692.3542617862	128.20187369727037	2.547770700636943	-0.8541525924963577	0.4222305462189135	1.9114131349038808	-83323.46231986141	-21.22890759741692	3년	0.4222305462189135	불리(<1)	3년	8.159836431248424	3.10785913541972	매우 불리	N	주당순현금<=0 / 주당FCF<=0	제외	하드필터 미통과	204757766.0	주당순현금 음수(린치식); 주당순현금 음수(보수형); 단기위험부채 존재; 주당FCF 음수; 배당감안점수<1; PER>연성장률의 2배; fs=2025:CFS,2024:CFS,2022:CFS,2020:CFS
"=""064350"""	현대로템	방산	메인	139900.0	600.0	7055.0	908414081000.0		60775088000.0	49136977000.0						판정불가	일반	일반	7766.386844661084	7316.175404518884	18.729073445122452	18.792887965341052	N	N	89.24356223175967	57.31843168250532	84.95065921728904	186.98712446351934	123.13686336501064	178.4013184345781	1319194.163090129	868730.57104015	1258621.3015559483	842.9550844103852	520.9653831595068	799.6578281314855	3년	123.13686336501064	868730.57104015	520.9653831595068	0.42887776983559683	4.787873797619622	3.0832977200684666	4.558663152093076	6852.009336460757	4.897790805189962	3년	3.0832977200684666	안심(>=2)	3년	57.31843168250532	0.32675481333588063	매우 유망	Y	통과	매우 유망	배당감안점수>=2 & 린치PER배수<=0.5	109142000.0	단기위험부채 존재; fs=2025:CFS,2024:CFS,2022:CFS,2020:CFS
"=""004020"""	현대제철	철강	watchlist	26450.0	500.0	-53.0	1342926134232.0	805366237672.0	5816297925103.0	1215935236760.0						판정불가	일반	일반	-27486.85957521251	-36598.68904783317			Y	Y													판정불가				1.890359168241966				3999.7338333915905	15.121867044958753	판정불가		판정불가	판정불가			판정불가	N	주당순현금<=0 / 순현금차감PER<=0	제외	하드필터 미통과	133445785.0	린치식 단독판정 비중 낮춤; 주당순현금 음수(린치식); 주당순현금 음수(보수형); 단기위험부채 존재; fs=2025:CFS,2024:CFS,2022:CFS,2020:CFS
"=""011210"""	현대위아	직접추가	메인	60200.0	1200.0	5351.0	1116473000000.0	572468000000.0	739686000000.0	71245000000.0						판정불가	일반	일반	34905.39080171221	32285.615748994038	4.727080769629563	5.216666838162205	N	N	46.32212195788898	29.51602682110046	18.44874189552963	101.14424391577796	67.53205364220092	45.39748379105926	541222.8491933278	361364.01903941715	242921.9357659581	799.0412777297804	500.27245687610827	303.5248102424554	3년	67.53205364220092	361364.01903941715	500.27245687610827	1.9933554817275747	10.220996804207937	6.66571692729872	4.324465430883499	5543.207939464645	9.207986610406389	3년	6.66571692729872	안심(>=2)	3년	29.51602682110046	0.160153017825904	매우 유망	Y	통과	매우 유망	배당감안점수>=2 & 린치PER배수<=0.5	27195083.0	단기위험부채 존재; fs=2025:CFS,2024:CFS,2022:CFS,2020:CFS
"=""139130"""	iM금융지주	직접추가	메인	17250.0	700.0	2511.0		10012037000000.0	9824584000000.0							판정불가	일반	일반	1167.025597818984	1167.025597818984	6.40500772687416	6.40500772687416	N	N	123.9964317573595			256.49286351471903			644053.5802854595			3633.643943683823			1년	256.49286351471903	644053.5802854595	3633.643943683823	4.057971014492753	19.992856875810006					1년	19.992856875810006	안심(>=2)	1년	123.9964317573595	0.05165477454551031	매우 유망	N	주당FCF<=0	제외	하드필터 미통과	160624583.0	fs=2025:CFS,2024:CFS,2022:NA,2020:NA
"=""024110"""	IBK기업은행	금융/은행	보정필요	20350.0	1048.0	3183.0			203390126000000.0							판정불가	금융보정	보정보류	-255058.34950533815	-255058.34950533815	86.52477207205094	86.52477207205094	Y	Y	2.4790727623953623			13.458145524790725			42837.27720540888			110.50259068996992			1년	13.458145524790725	42837.27720540888	110.50259068996992	5.14987714987715	0.08817070221138208					1년	0.08817070221138208	불리(<1)	1년	2.4790727623953623	34.90207039685589	매우 불리	N	주당순현금<=0 / 주당FCF<=0	제외	하드필터 미통과	797425869.0	린치식 단독판정 비중 낮춤; 주당순현금 음수(린치식); 주당순현금 음수(보수형); 배당감안점수<1; PER>연성장률의 2배; fs=2025:CFS,2024:CFS,2022:NA,2020:NA
"=""007660"""	이수페타시스	직접추가	메인	79600.0	230.0	2278.0	162780032068.0	175712986992.0	105628209085.0							판정불가	일반	일반	3172.1466751335415	3172.1466751335415	33.55041849203971	33.55041849203971	N	N	94.53458582408199	12.033069515911986		197.56917164816397	32.56613903182397		450062.57301451755	74185.66471449501		465.40524248054965	-6.801928750634412		3년	32.56613903182397	74185.66471449501	-6.801928750634412	0.2889447236180904	2.826299486255238	0.3672685705084019		185.87558603504556	0.2335120427575949	3년	0.3672685705084019	불리(<1)	3년	12.033069515911986	2.7881845482297063	매우 불리	Y	통과	제외	배당감안점수<1	73409219.0	1년 점수 과열 가능; 배당감안점수<1; PER>연성장률의 2배; fs=2025:CFS,2024:CFS,2022:CFS,2020:CFS
"=""457190"""	이수스페셜티케미컬	직접추가	메인	57900.0		26.0	26339571000.0	550236000.0	1431768000.0							판정불가	일반	일반	842.7503651316791	842.7503651316791	2194.5096013410894	2194.5096013410894	N	N	-92.73743016759776												1년					-0.04225884002098915			-1474.6892904859199	-2.5469590509255955	1년	-0.04225884002098915	불리(<1)	1년	-92.73743016759776		판정불가	N	주당FCF<=0	제외	하드필터 미통과	30208280.0	주당FCF 음수; 배당감안점수<1; fs=2025:CFS,2024:OFS,2022:NA,2020:NA
"=""175330"""	JB금융지주	직접추가	메인	27050.0	1140.0	3619.0		3918901000000.0	14183144000000.0							판정불가	일반	일반	-54055.16269326126	-54055.16269326126	22.410931940663513	22.410931940663513	Y	Y	5.2340796743239215			18.968159348647845			68645.76868275655			153.77363653514436			1년	18.968159348647845	68645.76868275655	153.77363653514436	4.214417744916821	0.42160216470502576					1년	0.42160216470502576	불리(<1)	1년	5.2340796743239215	4.28173305244122	매우 불리	N	주당순현금<=0 / 주당FCF<=0	제외	하드필터 미통과	189884601.0	주당순현금 음수(린치식); 주당순현금 음수(보수형); 배당감안점수<1; PER>연성장률의 2배; fs=2025:CFS,2024:CFS,2022:NA,2020:NA
"=""035720"""	카카오	직접추가	메인	37900.0	75.0	1138.0	6373784263399.0	3754429416501.0	2787664614576.0	1144217904147.0						판정불가	일반	일반	16588.990645648104	14003.159539614913	18.72672175250606	20.998981072394628	N	N	803.1746031746031	-28.535770270641315	-8.670866917633225	1614.8492063492063			1837698.3968253967			4748.808434895505			3년				0.1978891820580475	42.899793299334505	-1.513232345901173	-0.4524538703332473	1786.2097378837223	4.712954453519056	3년	-1.513232345901173	불리(<1)	3년	-28.535770270641315		판정불가	Y	통과	보류	배당감안점수 또는 린치PER배수 미산출	442495220.0	단기위험부채 존재; 1년 점수 과열 가능; 배당감안점수<1; fs=2025:CFS,2024:CFS,2022:CFS,2020:CFS
"=""323410"""	카카오뱅크	직접추가	메인	21850.0	460.0	1008.0		5031536000000.0								판정불가	일반	일반	10548.040591320245	10548.040591320245	11.212261318134678	11.212261318134678	N	N	9.090909090909083			26.681818181818166			26895.27272727271			23.090493030996374			1년	26.681818181818166	26895.27272727271	23.090493030996374	2.1052631578947367	0.9985650468826627			12444.320071931525	56.95340994019005	1년	0.9985650468826627	불리(<1)	1년	9.090909090909083	1.2333487449948157	보통	Y	통과	제외	배당감안점수<1	477011437.0	배당감안점수<1; fs=2025:OFS,2024:OFS,2022:NA,2020:NA
"=""377300"""	카카오페이	직접추가	메인	43800.0		335.0	1631491473258.0	2303511051026.0	95911725899.0	38914909706.0						판정불가	일반	일반	28407.16665292835	28119.217661003742	45.94875625991537	46.80830548954107	N	N	-428.4313725490196	-6.283340638970736											3년					-9.32411249883543	-0.13674669676428602		721.2173895844579	1.6466150447133743	3년	-0.13674669676428602	불리(<1)	3년	-6.283340638970736		판정불가	Y	통과	보류	배당감안점수 또는 린치PER배수 미산출	135145150.0	단기위험부채 존재; 배당감안점수<1; fs=2025:CFS,2024:CFS,2022:CFS,2020:NA
"=""035250"""	강원랜드	직접추가	메인	14500.0	950.0		200357737326.0	3009244892731.0	0.0							판정불가	일반	일반	15002.314335326879	15002.314335326879			N	N													판정불가				6.551724137931035				808.0316694922186	5.572632203394611	판정불가		판정불가	판정불가			판정불가	N	순현금차감PER<=0	제외	하드필터 미통과	213940500.0	EPS 미추출; fs=2025:CFS,2024:CFS,2022:CFS,2020:CFS
"=""105560"""	KB금융	금융/은행	보정필요	168800.0	4367.0	15410.0		89862530000000.0	80049270000000.0							판정불가	금융보정	보정양호	25725.386408830236	25725.386408830236	9.284530408252419	9.284530408252419	N	N	19.64285714285714			47.78571428571428			736377.857142857			336.2428063642518			1년	47.78571428571428	736377.857142857	336.2428063642518	2.587085308056872	2.3942990623580975					1년	2.3942990623580975	안심(>=2)	1년	19.64285714285714	0.4726670026019414	매우 유망	N	주당FCF<=0	제외	하드필터 미통과	381462103.0	린치식 단독판정 비중 낮춤; fs=2025:CFS,2024:CFS,2022:NA,2020:NA
"=""002380"""	케이씨씨	직접추가	메인	396500.0	15000.0		1193612441434.0	36838546215.0	2949860953111.0	758686269704.0						판정불가	일반	일반	-193486.25179354099	-278861.68031899276			Y	Y													판정불가				3.783102143757881				51624.29856328795	13.01999963765144	판정불가		판정불가	판정불가			판정불가	N	주당순현금<=0 / 순현금차감PER<=0	제외	하드필터 미통과	8886471.0	주당순현금 음수(린치식); 주당순현금 음수(보수형); 단기위험부채 존재; EPS 미추출; fs=2025:CFS,2024:CFS,2022:CFS,2020:CFS
"=""015760"""	한국전력	유틸리티	메인	35150.0	1542.0	13311.0	2240811000000.0	4250164000000.0	83995702000000.0							판정불가	일반	일반	-120730.62929345189	-120730.62929345189	11.710662556791519	11.710662556791519	Y	Y	144.73248758963044			297.9649751792609			3966211.7846111413			11183.675062905097			1년	297.9649751792609	3966211.7846111413	11183.675062905097	4.386913229018492	12.733643386570655			7699.067871674695	21.903464784280782	1년	12.733643386570655	안심(>=2)	1년	144.73248758963044	0.08091246652234385	매우 유망	N	주당순현금<=0	제외	하드필터 미통과	641964077.0	주당순현금 음수(린치식); 주당순현금 음수(보수형); fs=2025:CFS,2024:CFS,2022:CFS,2020:CFS
"=""052690"""	한전기술	원전/유틸리티	메인	99000.0	1347.0	2244.0	27327763423.0	143766317133.0	10000000.0							판정불가	일반	일반	4476.297241130298	4476.297241130298	42.12286219200968	42.12286219200968	N	N	45.90377113133941	68.14874025084036	33.4594702358408	100.30754226267882	144.79748050168072	75.4189404716816	225090.12483745127	324925.5462457715	169240.1024184535	127.36376246207199	228.20762247047628	70.94959840247827	3년	144.79748050168072	324925.5462457715	228.20762247047628	1.3606060606060606	1.1220599629839754	1.6501572470218253	0.8266312991203125	565.6546605965464	0.5713683440369155	3년	1.6501572470218253	양호(>=1.5)	3년	68.14874025084036	0.6181018465926852	헐값	Y	통과	양호	배당감안점수>=1.5 & 린치PER배수<1	38220000.0	fs=2025:CFS,2024:CFS,2022:CFS,2020:CFS
"=""051600"""	한전KPS	원전/유틸리티	메인	45800.0	1651.0	2761.0	145552915316.0	253105895590.0								판정불가	일반	일반	8859.0846868	8859.0846868	13.379541946106484	13.379541946106484	N	N	-27.94885177453027	7.4435664015639835	7.368549852889328		23.38713280312797	23.237099705778654		64571.873669436325	64157.632287654866		40.986623732393724	40.08216656693202	3년	23.38713280312797	64571.873669436325	40.986623732393724	3.604803493449782	-1.8194978855882828	0.8257659297692848	0.8201591198368651	1565.3651230222222	3.4178277795245022	3년	0.8257659297692848	불리(<1)	3년	7.4435664015639835	1.7974639069915839	보통	Y	통과	제외	배당감안점수<1	45000000.0	배당감안점수<1; fs=2025:CFS,2024:CFS,2022:CFS,2020:CFS
"=""000270"""	기아	직접추가	메인	129600.0	6800.0	19382.0	13998106000000.0	7661873000000.0	978970000000.0	211292000000.0						판정불가	일반	일반	52972.13234688462	52430.93110337479	3.9535583352138786	3.981481214354825	N	N	-22.138753866548832	12.82583771622907	39.189006811542605		34.15167543245814	86.87801362308521		661927.7732319037	1683869.6600426375		410.7467386048639	1199.2821450946276	3년	34.15167543245814	661927.7732319037	410.7467386048639	5.246913580246913	-4.27256634506902	4.571262079404297	11.239475081473822	10401.987179740363	8.026224675725588	3년	4.571262079404297	안심(>=2)	3년	12.82583771622907	0.3082495212153882	매우 유망	Y	통과	매우 유망	배당감안점수>=2 & 린치PER배수<=0.5	390412998.0	단기위험부채 존재; fs=2025:CFS,2024:CFS,2022:CFS,2020:CFS
"=""039490"""	키움증권	직접추가	메인	284000.0	11500.0	42059.0		62457765152889.0								판정불가	일반	일반	2288251.0791779323	2288251.0791779323	-47.65332221826321	-47.65332221826321	N	N	43.20394960844398			94.90789921688796			3991731.3331630905			1305.5392018179896			1년	94.90789921688796	3991731.3331630905	1305.5392018179896	4.049295774647888	-0.9916044293126322			-250622.40952773768	-88.24732729849917	1년	-0.9916044293126322	불리(<1)	1년	43.20394960844398		판정불가	N	주당FCF<=0 / 순현금차감PER<=0	제외	하드필터 미통과	27294979.0	주당FCF 음수; 배당감안점수<1; fs=2025:CFS,2024:CFS,2022:NA,2020:NA
"=""161890"""	한국콜마	직접추가	메인	101300.0	864.0	5299.0	225316644282.0	284826044.0	476529423888.0	829915405830.0						판정불가	일반	일반	-10630.253549352963	-45788.59706291151	21.12290121708869	27.757802804852144	Y	Y	38.35509138381201		-5.429179724160593	85.21018276762402			451528.7584856397			345.73421370744296			5년				0.8529121421520238	1.8561845800918801		-0.21664957549989922	4731.724715873624	4.671001693853528	5년	-0.21664957549989922	불리(<1)	5년	-5.429179724160593		판정불가	N	주당순현금<=0	제외	하드필터 미통과	23605077.0	주당순현금 음수(린치식); 주당순현금 음수(보수형); 단기위험부채 존재; 배당감안점수<1; fs=2025:CFS,2024:CFS,2022:CFS,2020:CFS
"=""120110"""	코오롱인더	직접추가	메인	52100.0	1300.0		263843934948.0	219536778414.0	1102334698976.0	1502712536405.0						판정불가	일반	일반	-22491.80343980112	-77097.98706719637			Y	Y													판정불가				2.495201535508637				6217.225588737651	11.93325448893983	판정불가		판정불가	판정불가			판정불가	N	주당순현금<=0 / 순현금차감PER<=0	제외	하드필터 미통과	27519091.0	주당순현금 음수(린치식); 주당순현금 음수(보수형); 단기위험부채 존재; EPS 미추출; fs=2025:CFS,2024:CFS,2022:CFS,2020:CFS
"=""047810"""	한국항공우주	우주항공/방산	메인	137500.0	500.0	1907.0	60938581663.0	200000.0	1487227060504.0	492840000000.0						판정불가	일반	일반	-14632.333554052933	-19688.393661788952	79.77573862299576	82.42705488295174	Y	Y	8.045325779036826	16.21391673368946	20.01192023737235	24.590651558073652	40.92783346737892	48.5238404747447	46894.372521246456	78049.3784222916	92534.96378533814	-65.89500180272985	-43.236815692878835	-32.701844519754076	3년	40.92783346737892	78049.3784222916	-43.236815692878835	0.36363636363636365	0.10540751220633968	0.207801938076287	0.2554104412282478	-11214.27678311756	-8.155837660449135	3년	0.207801938076287	불리(<1)	3년	16.21391673368946	4.920201573333409	매우 불리	N	주당순현금<=0 / 주당FCF<=0	제외	하드필터 미통과	97475107.0	주당순현금 음수(린치식); 주당순현금 음수(보수형); 단기위험부채 존재; 주당FCF 음수; 배당감안점수<1; PER>연성장률의 2배; fs=2025:CFS,2024:CFS,2022:CFS,2020:CFS
"=""071320"""	지역난방공사	유틸리티	메인	64200.0	6157.0	28102.0	13136000000.0	14472000000.0	3000419000000.0							판정불가	일반	일반	-256747.27759763927	-256747.27759763927	11.420798434191134	11.420798434191134	Y	Y	66.77744807121661		65.27173293436219	142.05489614243322		139.04346586872438	3992026.6913946583		3907399.4778428925	6118.110111206633		5986.292021562138	5년	139.04346586872438	3907399.4778428925	5986.292021562138	9.590342679127724	6.686729582908798		6.554889839345278	29663.925551856057	46.205491513794485	5년	6.554889839345278	안심(>=2)	5년	65.27173293436219	0.17497311501865573	매우 유망	N	주당순현금<=0	제외	하드필터 미통과	11578744.0	주당순현금 음수(린치식); 주당순현금 음수(보수형); fs=2025:CFS,2024:CFS,2022:CFS,2020:CFS
"=""036460"""	한국가스공사	유틸리티	메인	34100.0	1154.0		1147352000000.0	151248000000.0	21802116000000.0							판정불가	일반	일반	-222108.6520858384	-222108.6520858384			Y	Y													판정불가				3.3841642228739004				46549.424241439454	136.50857548809222	판정불가		판정불가	판정불가			판정불가	N	주당순현금<=0 / 순현금차감PER<=0	제외	하드필터 미통과	92313000.0	주당순현금 음수(린치식); 주당순현금 음수(보수형); EPS 미추출; fs=2025:CFS,2024:CFS,2022:CFS,2020:CFS
"=""071050"""	한국금융지주	직접추가	메인	202500.0	8690.0	34592.0		111427682000000.0								판정불가	일반	일반	1999563.901886215	1999563.901886215	-51.95027468449974	-51.95027468449974	N	N													판정불가				4.291358024691358						판정불가		판정불가	판정불가			판정불가	N	주당FCF<=0 / 순현금차감PER<=0	제외	하드필터 미통과	55725992.0	fs=2025:CFS,2024:CFS,2022:NA,2020:NA
"=""006650"""	대한유화	직접추가	메인	89700.0	1300.0	5134.0	151455436829.0	90052666000.0								판정불가	일반	일반	37155.09274292308	37155.09274292308	10.234691713493751	10.234691713493751	N	N	-471.7595944967415		-24.26352631533887										5년				1.4492753623188406	-45.95256333069126		-2.2291097369294453	19148.828141846156	21.347634494811768	5년	-2.2291097369294453	불리(<1)	5년	-24.26352631533887		판정불가	Y	통과	보류	배당감안점수 또는 린치PER배수 미산출	6500000.0	배당감안점수<1; fs=2025:CFS,2024:CFS,2022:CFS,2020:CFS
"=""010130"""	고려아연	소재	메인	1044000.0	20000.0	42566.0	3451069963536.0	1038402532013.0	2668945939951.0	3128688084125.0						판정불가	일반	일반	87219.33882994796	-62672.518151442666	22.47757978598064	25.99897848403521	N	Y	348.6298482293424	-0.31206428596768365	5.597910450753152	705.7596964586847	7.875871428064633	19.695820901506302	30041367.239460375	335244.3432069992	838372.3124935173	2777.5255976494614	-67.88847287289279	-19.696138650046237	3년	7.875871428064633	335244.3432069992	-67.88847287289279	1.9157088122605364	15.595342575993865	0.07134418124913308	0.33427172028992036	-75274.78704653852	-7.210228644304456	3년	0.07134418124913308	불리(<1)	3년	-0.31206428596768365		판정불가	N	주당FCF<=0	제외	하드필터 미통과	20872969.0	주당순현금 음수(보수형); 단기위험부채 존재; 주당FCF 음수; 1년 점수 과열 가능; 배당감안점수<1; fs=2025:CFS,2024:CFS,2022:CFS,2020:CFS
"=""003490"""	대한항공	직접추가	메인	26100.0	750.0	2133.0	1869988073408.0	3532702331766.0	5900725093281.0	2027009390000.0						판정불가	일반	일반	-1352.5441151358968	-6857.420958534969	12.870391052571916	15.45120532514532	Y	Y	-40.1850813236119	-23.620676172572395	-13.307685693628002										3년				2.8735632183908044	-2.899019769703505	-1.612003308169541	-0.8107074938606567	-599.9903851348527	-2.298813736148861	3년	-1.612003308169541	불리(<1)	3년	-23.620676172572395		판정불가	N	주당순현금<=0 / 주당FCF<=0	제외	하드필터 미통과	368220661.0	주당순현금 음수(린치식); 주당순현금 음수(보수형); 단기위험부채 존재; 주당FCF 음수; 1년 점수 과열 가능; 배당감안점수<1; fs=2025:CFS,2024:CFS,2022:CFS,2020:CFS
"=""259960"""	크래프톤	직접추가	메인	238000.0	2240.0	16454.0	596725775511.0	2771628277288.0	232600090556.0	253882981026.0						판정불가	일반	일반	66149.80047167496	60794.052303852826	10.444280997224082	10.76977924493419	N	N	-42.45444689259609	15.546458229987593			39.592916459975186			651461.8474324316			173.72346530774442		3년	39.592916459975186	651461.8474324316	173.72346530774442	0.9411764705882352	-3.974737029101515	1.5786280266643506		19894.79976593031	8.359159565516936	3년	1.5786280266643506	양호(>=1.5)	3년	15.546458229987593	0.6718109580147386	헐값	Y	통과	양호	배당감안점수>=1.5 & 린치PER배수<1	47403831.0	단기위험부채 존재; fs=2025:CFS,2024:CFS,2022:CFS,2020:NA
"=""030200"""	KT	통신	보정필요	52300.0	2400.0	7119.0	3506971000000.0									판정불가	통신보정	보정양호	13915.354148989203	13915.354148989203	5.3918592289662595	5.3918592289662595	N	N	273.1132075471698	10.974077918572789	21.542256858726816	554.7264150943396	30.448155837145578	51.58451371745363	3949097.3490566034	216760.42140463938	367230.1531545524	7450.855351924672	314.4558726666145	602.1609046932168	3년	30.448155837145578	216760.42140463938	314.4558726666145	4.588910133843212	51.503962898203255	2.8863861965846938	4.846411206766605	17845.761962904104	34.12191579905182	3년	2.8863861965846938	안심(>=2)	3년	10.974077918572789	0.4913268585273073	매우 유망	Y	통과	매우 유망	배당감안점수>=2 & 린치PER배수<=0.5	252021685.0	린치식 단독판정 비중 낮춤; 1년 점수 과열 가능; fs=2025:CFS,2024:CFS,2022:CFS,2020:CFS
"=""033780"""	KT&G	필수소비재	메인	175600.0	6000.0	10228.0	913503000000.0		1062456000000.0	332978000000.0						판정불가	일반	일반	-1262.563450588038	-4084.9695293504915	17.291998773033637	17.56794774436356	Y	Y	-10.146710006149517	6.408926515670932	1.8767217197089403		21.317853031341862	12.25344343941788		218039.00080456457	125328.21949836609		24.16799590237162	-28.628576595463507	3년	21.317853031341862	218039.00080456457	24.16799590237162	3.416856492027335	-0.3891888729842608	0.5682271400008012	0.3061287640149185	-776.4757168675206	-0.4421843490133945	3년	0.5682271400008012	불리(<1)	3년	6.408926515670932	2.6981115684119197	매우 불리	N	주당순현금<=0 / 주당FCF<=0	제외	하드필터 미통과	117976645.0	주당순현금 음수(린치식); 주당순현금 음수(보수형); 단기위험부채 존재; 주당FCF 음수; 배당감안점수<1; PER>연성장률의 2배; fs=2025:CFS,2024:CFS,2022:CFS,2020:CFS
"=""011780"""	금호석유	석유화학	watchlist	117000.0	1700.0	11391.0	650436032913.0	82275660739.0								판정불가	일반	일반	28146.856005717942	28146.856005717942	7.8002935645932805	7.8002935645932805	N	N	-15.138195634358931	-32.65223990875862	-11.416304781151009										3년				1.452991452991453	-1.7544473253528179	-3.99975311152202	-1.2772997895085065	19963.595148223274	17.06290183608827	3년	-3.99975311152202	불리(<1)	3년	-32.65223990875862		판정불가	Y	통과	보류	배당감안점수 또는 린치PER배수 미산출	26031742.0	린치식 단독판정 비중 낮춤; 1년 점수 과열 가능; 배당감안점수<1; fs=2025:CFS,2024:CFS,2022:CFS,2020:CFS
"=""073240"""	금호타이어	직접추가	메인	6980.0		1209.0	574762190002.0	23370402051.0	732635884134.0	995816495352.0						판정불가	일반	일반	-468.2279387996295	-3934.8278846250682	6.160651727708544	9.027980053453325	Y	Y	6.896551724137923			22.293103448275843			26952.362068965496			286.1369923920558			1년	22.293103448275843	26952.362068965496	286.1369923920558		1.119451647156022			2095.5020502990724	30.021519345258916	1년	1.119451647156022	보통(1~1.5)	1년	6.896551724137923	0.89329450051774	헐값	N	주당순현금<=0	제외	하드필터 미통과	287260287.0	주당순현금 음수(린치식); 주당순현금 음수(보수형); 단기위험부채 존재; fs=2025:CFS,2024:CFS,2022:CFS,2020:CFS
"=""066970"""	엘앤에프	2차전지	메인	77500.0		-15508.0	382883140911.0	62183142824.0	390410933286.0	781033333338.0						판정불가	일반	일반	1358.2710122097233	-18051.629894608985			N	Y	37.65311556896857			83.80623113793715									1년	83.80623113793715							-4189.943890632833	-5.406379213719785	판정불가		판정불가	1년	37.65311556896857		판정불가	N	주당FCF<=0 / 순현금차감PER<=0	제외	하드필터 미통과	40238914.0	주당순현금 음수(보수형); 단기위험부채 존재; 주당FCF 음수; fs=2025:CFS,2024:CFS,2022:CFS,2020:CFS
"=""003550"""	LG	직접추가	메인	102000.0	3100.0	4780.0	1511450000000.0	1839426000000.0	159829000000.0	0.0						판정불가	일반	일반	20691.31243852798	20691.31243852798	17.010185682316322	17.010185682316322	N	N	28.77155172413792	-27.26466268691552	-10.530872700659177	66.04310344827584			315686.03448275855			209.49611223799857			3년				3.0392156862745097	1.8701011267315382	-1.4241729898237165	-0.44042182456438117	5491.624275551311	5.38394536818756	3년	-1.4241729898237165	불리(<1)	3년	-27.26466268691552		판정불가	Y	통과	보류	배당감안점수 또는 린치PER배수 미산출	154221585.0	1년 점수 과열 가능; 배당감안점수<1; fs=2025:CFS,2024:CFS,2022:CFS,2020:CFS
"=""051910"""	LG화학	석유화학	watchlist	256500.0	2000.0	-23244.0	9899926000000.0	245464000000.0	2407851000000.0							판정불가	일반	일반	109608.75742571683	109608.75742571683			N	N	163.35825968728756			335.2165193745751									1년	335.2165193745751			0.7797270955165692				-79651.86819199358	-31.053359918905876	판정불가		판정불가	1년	163.35825968728756		판정불가	N	주당FCF<=0 / 순현금차감PER<=0	제외	하드필터 미통과	70592343.0	린치식 단독판정 비중 낮춤; 주당FCF 음수; fs=2025:CFS,2024:CFS,2022:CFS,2020:CFS
"=""064400"""	LG씨엔에스	직접추가	메인	68100.0	1850.0	4549.0	1140987852000.0	602021775000.0	159828598000.0	0.0						판정불가	일반	일반	16340.667162589976	16340.667162589976	11.37817824519895	11.37817824519895	N	N	8.827751196172251			26.155502392344502			118981.38038277514			74.71568338146129			1년	26.155502392344502	118981.38038277514	74.71568338146129	2.7165932452276063	1.0146039368183586			3767.269821212876	5.5319674320306556	1년	1.0146039368183586	보통(1~1.5)	1년	8.827751196172251	1.28891016436129	보통	Y	통과	보류	중간구간(보류)	96885948.0	fs=2025:CFS,2024:CFS,2022:NA,2020:NA
"=""034220"""	LG디스플레이	직접추가	메인	9530.0		453.0	1572058000000.0	611000000.0	8934975000000.0							판정불가	일반	일반	-14724.612	-14724.612	53.54218984547462	53.54218984547462	Y	Y	-108.33026848105922												1년					-2.023269290884547			490.0	5.141657922350472	1년	-2.023269290884547	불리(<1)	1년	-108.33026848105922		판정불가	N	주당순현금<=0	제외	하드필터 미통과	500000000.0	주당순현금 음수(린치식); 주당순현금 음수(보수형); 배당감안점수<1; fs=2025:CFS,2024:CFS,2022:CFS,2020:CFS
"=""066570"""	LG전자	직접추가	메인	165500.0	1350.0	5380.0	8769841000000.0	226864000000.0								판정불가	일반	일반	55233.007286238106	55233.007286238106	20.495723552743847	20.495723552743847	N	N	157.90987535953977	-6.773782148657093	-13.211093618974335	324.31975071907954			1744840.258868648			954.2841443315094			3년				0.8157099697885197	7.744327001721246	-0.29069830901729454	-0.604779022184186	2290.6763841474362	1.3840944919319857	3년	-0.29069830901729454	불리(<1)	3년	-6.773782148657093		판정불가	Y	통과	보류	배당감안점수 또는 린치PER배수 미산출	162886387.0	1년 점수 과열 가능; 배당감안점수<1; fs=2025:CFS,2024:CFS,2022:CFS,2020:CFS
"=""373220"""	LG에너지솔루션	2차전지	메인	328500.0		-4585.0	3779307000000.0	46724000000.0	2407851000000.0							판정불가	일반	일반	6060.598290598291	6060.598290598291			N	N													판정불가								-28061.529914529914	-8.542322652824936	판정불가		판정불가	판정불가			판정불가	N	주당FCF<=0 / 순현금차감PER<=0	제외	하드필터 미통과	234000000.0	주당FCF 음수; fs=2025:CFS,2024:CFS,2022:CFS,2020:CFS
"=""051900"""	LG생활건강	직접추가	메인	291500.0	2000.0	-5930.0	1086333734803.0	100697817600.0	120239309804.0	55803511595.0						판정불가	일반	일반	69713.77885077163	66067.07660540048			N	N	-152.33430412143676												1년				0.6861063464837049				22989.9067608023	7.886760466827547	판정불가		판정불가	1년	-152.33430412143676		판정불가	N	순현금차감PER<=0	제외	하드필터 미통과	15302459.0	단기위험부채 존재; fs=2025:CFS,2024:CFS,2022:CFS,2020:CFS
"=""011070"""	LG이노텍	직접추가	메인	525000.0	1880.0	14421.0	1406403000000.0	72896000000.0								판정불가	일반	일반	62504.42861478592	62504.42861478592	32.07097783685002	32.07097783685002	N	N	-24.040031603897816	-29.57093933979966	0.6187699510769251			9.73753990215385			140425.0629289607			-73.25236896591225	3년				0.3580952380952381	-0.7384226476123122	-0.910880991852342	0.03045947629478671	24374.504243378797	4.642762713024533	3년	-0.910880991852342	불리(<1)	3년	-29.57093933979966		판정불가	Y	통과	보류	배당감안점수 또는 린치PER배수 미산출	23667107.0	1년 점수 과열 가능; 배당감안점수<1; fs=2025:CFS,2024:CFS,2022:CFS,2020:CFS
"=""032640"""	LG유플러스	통신	보정필요	14930.0	660.0	1221.0	794318000000.0	96103000000.0	6032435000000.0	0.0						판정불가	통신보정	보정주의	-11962.94739559469	-11962.94739559469	22.025345942337992	22.025345942337992	Y	Y	40.18369690011481	-7.505357255026945	16.093370483592317	88.86739380022962		40.68674096718463	108507.08783008037		49678.510720932434	626.7721890829228		232.7428715400699	3년				4.420629604822505	2.025136250831689	-0.1400535391489518	0.9313815157373759	2279.814694868141	15.270024747944683	3년	-0.1400535391489518	불리(<1)	3년	-7.505357255026945		판정불가	N	주당순현금<=0	제외	하드필터 미통과	429828355.0	린치식 단독판정 비중 낮춤; 주당순현금 음수(린치식); 주당순현금 음수(보수형); 1년 점수 과열 가능; 배당감안점수<1; fs=2025:CFS,2024:CFS,2022:CFS,2020:CFS
"=""079550"""	LIG넥스원	우주항공/방산	메인	801000.0	2950.0	11604.0	125190009682.0	74459447021.0	923361958512.0	603656788627.0						판정불가	일반	일반	-32896.0228095	-60334.96774709091	71.8628078946484	74.22741879930118	Y	Y	14.066647006782663	27.179527397785485	34.219216690902975	36.633294013565326	62.85905479557097	76.93843338180595	425092.74373341206	729416.4718478055	892793.5809624762	-46.92974485225817	-8.936770056453735	11.459872779335356	3년	62.85905479557097	729416.4718478055	-8.936770056453735	0.3682896379525593	0.20086797423636696	0.3833390016727905	0.48129912178718603	-39377.47379822727	-4.916039175808648	3년	0.3833390016727905	불리(<1)	3년	27.179527397785485	2.6440050572955727	매우 불리	N	주당순현금<=0 / 주당FCF<=0	제외	하드필터 미통과	22000000.0	주당순현금 음수(린치식); 주당순현금 음수(보수형); 단기위험부채 존재; 주당FCF 음수; 배당감안점수<1; PER>연성장률의 2배; fs=2025:CFS,2024:CFS,2022:CFS,2020:CFS
"=""004990"""	롯데지주	직접추가	메인	22650.0	1250.0	-8978.0	1391291862106.0	1039362449959.0	5672138060606.0	3773429305995.0						판정불가	일반	일반	-30897.982305800204	-66866.49579327319			Y	Y	-37.605115018416846												1년				5.518763796909492				-1991.5043153635747	-8.792513533614017	판정불가		판정불가	1년	-37.605115018416846		판정불가	N	주당순현금<=0 / 주당FCF<=0 / 순현금차감PER<=0	제외	하드필터 미통과	104909237.0	주당순현금 음수(린치식); 주당순현금 음수(보수형); 단기위험부채 존재; 주당FCF 음수; fs=2025:CFS,2024:CFS,2022:CFS,2020:CFS
"=""011170"""	롯데케미칼	석유화학	watchlist	57700.0	1000.0		1870312010924.0	824440281077.0	9399387662619.0							판정불가	일반	일반	-156740.37864171478	-156740.37864171478			Y	Y													판정불가				1.733102253032929				-26783.67225319289	-46.41884272650414	판정불가		판정불가	판정불가			판정불가	N	주당순현금<=0 / 주당FCF<=0 / 순현금차감PER<=0	제외	하드필터 미통과	42775419.0	린치식 단독판정 비중 낮춤; 주당순현금 음수(린치식); 주당순현금 음수(보수형); 주당FCF 음수; EPS 미추출; fs=2025:CFS,2024:CFS,2022:CFS,2020:CFS
"=""005300"""	롯데칠성음료	직접추가	메인	102700.0	3400.0	4697.0	213358325740.0	11845742299.0	168590223949.0	1587240348429.0						판정불가	일반	일반	5630.868480357551	-152237.61390908112	20.66619789645358	54.27669020844819	N	Y	-20.09186798230691	-28.321091651421646											3년				3.3106134371957157	-0.8120146061308615	-1.210211880266464		12123.245426933277	11.80452329789024	3년	-1.210211880266464	불리(<1)	3년	-28.321091651421646		판정불가	Y	통과	보류	배당감안점수 또는 린치PER배수 미산출	10054194.0	주당순현금 음수(보수형); 단기위험부채 존재; 1년 점수 과열 가능; 배당감안점수<1; fs=2025:CFS,2024:CFS,2022:CFS,2020:CFS
"=""004000"""	롯데정밀화학	직접추가	메인	45850.0	1500.0	4165.0	172038879703.0	562065025.0	45301437028.0	842860000.0						판정불가	일반	일반	4934.089445736434	4901.420453488372	9.82374803223615	9.831591727853931	N	N		-10.129293888244783	-11.804095268565707										3년				3.271537622682661		-0.6980794135862126	-0.8685643827471831	1136.2980498449613	2.478294547099152	3년	-0.6980794135862126	불리(<1)	3년	-10.129293888244783		판정불가	Y	통과	보류	배당감안점수 또는 린치PER배수 미산출	25800000.0	단기위험부채 존재; 배당감안점수<1; fs=2025:CFS,2024:CFS,2022:CFS,2020:CFS
"=""023530"""	롯데쇼핑	직접추가	메인	114700.0	4000.0	1824.0	571525104252.0		9833740433980.0							판정불가	일반	일반	-327416.85979916755	-327416.85979916755	242.38862927585942	242.38862927585942	Y	Y	-105.26042567918326												1년				3.4873583260680032	-0.4198755843339855			36267.714863697605	31.61962934934403	1년	-0.4198755843339855	불리(<1)	1년	-105.26042567918326		판정불가	N	주당순현금<=0	제외	하드필터 미통과	28288755.0	주당순현금 음수(린치식); 주당순현금 음수(보수형); 배당감안점수<1; fs=2025:CFS,2024:CFS,2022:CFS,2020:CFS
"=""280360"""	롯데웰푸드	직접추가	메인	103300.0	3300.0	8176.0	465769787384.0	60447985569.0	1114724963974.0							판정불가	일반	일반	-63249.23537832038	-63249.23537832038	20.3705033486204	20.3705033486204	Y	Y	-14.575279490126425		5.046315298946524			18.59263059789305			152013.34776837355			47.157161440826286	5년	18.59263059789305	152013.34776837355	47.157161440826286	3.1945788964181996	-0.5586852911260529		0.404550346858407	-12931.762180407184	-12.518646834856906	5년	0.404550346858407	불리(<1)	5년	5.046315298946524	4.036708398476998	매우 불리	N	주당순현금<=0 / 주당FCF<=0	제외	하드필터 미통과	9304574.0	주당순현금 음수(린치식); 주당순현금 음수(보수형); 주당FCF 음수; 배당감안점수<1; PER>연성장률의 2배; fs=2025:CFS,2024:CFS,2022:CFS,2020:CFS
"=""006260"""	LS	직접추가	메인	300500.0	2500.0	9903.0	2086611000000.0	856757000000.0	2796384000000.0	5804770000000.0						판정불가	일반	일반	4636.719242902208	-178479.05362776027	29.876126502786814	48.36706590202567	N	Y	14.129307364296405	-15.509731147342876	16.589235636822398	36.75861472859281		41.678471273644796	364020.5616572546		412741.90102290444	21.1382900689699		37.351714150716944	3년				0.8319467554076538	0.5007762341047957	-0.49128806542461567	0.5831138246989622	-31030.6309148265	-10.326333083136937	3년	-0.49128806542461567	불리(<1)	3년	-15.509731147342876		판정불가	N	주당FCF<=0	제외	하드필터 미통과	31700000.0	주당순현금 음수(보수형); 단기위험부채 존재; 주당FCF 음수; 1년 점수 과열 가능; 배당감안점수<1; fs=2025:CFS,2024:CFS,2022:CFS,2020:CFS
"=""010120"""	LS ELECTRIC	전력설비	메인	197000.0	3000.0	9647.0	762716704001.0	205184236697.0	773010797653.0	302192853551.0						판정불가	일반	일반	6496.3381015	-3576.7570168666666	19.747451217839743	20.79161988357693	N	Y	19.423124535776193	45.94979891928113	27.235637161019888	47.346249071552386	100.39959783856226	62.971274322039775	456749.26479326584	968554.9203486101	607483.8833847177	131.8524186767847	391.6522438317818	208.3674534947806	3년	100.39959783856226	968554.9203486101	391.6522438317818	1.5228426395939088	1.0606921847437012	2.403988293739321	1.4563135000750647	3012.7272868333334	1.529303191285956	3년	2.403988293739321	안심(>=2)	3년	45.94979891928113	0.4297614283912232	매우 유망	Y	통과	매우 유망	배당감안점수>=2 & 린치PER배수<=0.5	30000000.0	주당순현금 음수(보수형); 단기위험부채 존재; fs=2025:CFS,2024:CFS,2022:CFS,2020:CFS
"=""138040"""	메리츠금융지주	직접추가	메인	119500.0	1350.0	12903.0		57255930460341.0								판정불가	일반	일반	326762.6475868441	326762.6475868441	-16.063136292865543	-16.063136292865543	N	N	5.253283302063783			19.006566604127563			245241.72889305794			105.22320409460914			1년	19.006566604127563	245241.72889305794	105.22320409460914	1.1297071129707115	-0.3973688760811614					1년	-0.3973688760811614	불리(<1)	1년	5.253283302063783		판정불가	N	주당FCF<=0 / 순현금차감PER<=0	제외	하드필터 미통과	175221773.0	배당감안점수<1; fs=2025:CFS,2024:CFS,2022:NA,2020:NA
"=""006800"""	미래에셋증권	금융/증권	보정필요	34050.0	0.0	2680.0	1698057000000.0	128930885000000.0	9756730000000.0							판정불가	금융보정	보정주의	213146.27533903014	213146.27533903014	-66.82696841008587	-66.82696841008587	N	N	73.46278317152104			155.42556634304208			416540.51779935276			1123.3201697484662			1년	155.42556634304208	416540.51779935276	1123.3201697484662	0.0	-1.0992984556880432			-12193.31326010751	-35.81002425875921	1년	-1.0992984556880432	불리(<1)	1년	73.46278317152104		판정불가	N	주당FCF<=0 / 순현금차감PER<=0	제외	하드필터 미통과	567085734.0	린치식 단독판정 비중 낮춤; 주당FCF 음수; 배당감안점수<1; fs=2025:CFS,2024:CFS,2022:NA,2020:NA
"=""081660"""	미스토홀딩스	직접추가	메인	44400.0	1980.0	4061.0	625567094487.0	7474935386.0	1662319967352.0							판정불가	일반	일반	-19386.744506858304	-19386.744506858304	15.707152057832628	15.707152057832628	Y	Y	186.591390261115	-10.790250426997183	11.983680556282028	381.68278052223		32.467361112564056	1550013.7717007762		131849.95347812262	3391.0220083350814		196.95935468045636	3년				4.45945945945946	12.163302998349968	-0.40305148535063495	1.0468568684634239	5893.732083819284	13.27417135995334	3년	-0.40305148535063495	불리(<1)	3년	-10.790250426997183		판정불가	N	주당순현금<=0	제외	하드필터 미통과	53091840.0	주당순현금 음수(린치식); 주당순현금 음수(보수형); 1년 점수 과열 가능; 배당감안점수<1; fs=2025:CFS,2024:CFS,2022:CFS,2020:CFS
"=""002840"""	미원상사	직접추가	메인	120000.0	2400.0	9449.0	26488253934.0	2869800000.0		56542234.0						판정불가	일반	일반	6180.642933473684	6168.739305263158	12.04565108122831	12.046910857734876	N	N	-12.428174235403155	-13.799130124356108	-1.8410746860862304			4.817850627827539			45523.87058234242			-62.06344118138132	3년				2.0	-0.8657210942839115	-0.9795344431604551	0.013193584376807618	4071.338190526316	3.392781825438597	3년	-0.9795344431604551	불리(<1)	3년	-13.799130124356108		판정불가	Y	통과	보류	배당감안점수 또는 린치PER배수 미산출	4750000.0	단기위험부채 존재; 1년 점수 과열 가능; 배당감안점수<1; fs=2025:CFS,2024:CFS,2022:CFS,2020:CFS
"=""268280"""	미원에스씨	직접추가	메인	115700.0	3200.0	12662.0	58959811112.0			34836825379.0						판정불가	일반	일반	11791.9622224	4824.5971466	8.206289510156372	8.756547374301057	N	N	13.418129702615555	-0.7008484463701614	13.343223272870098	35.33625940523111	7.098303107259677	35.186446545740196	447427.71658903634	89878.71394412204	445530.7861621624	286.7136703448888	-22.317446893585103	285.0741453432691	3년	7.098303107259677	89878.71394412204	-22.317446893585103	2.765773552290406	1.9721340850668543	0.2516271334766615	1.963006155854419	6279.6343486	5.427514562316335	3년	0.2516271334766615	불리(<1)	3년	-0.7008484463701614		판정불가	Y	통과	보류	배당감안점수 또는 린치PER배수 미산출	5000000.0	단기위험부채 존재; 1년 점수 과열 가능; 배당감안점수<1; fs=2025:CFS,2024:CFS,2022:CFS,2020:CFS
"=""035420"""	NAVER	직접추가	메인	226500.0	2630.0	13009.0	5984018799741.0	5235312755210.0	1256361590806.0	132159574017.0						판정불가	일반	일반	63518.0261625246	62675.45458896267	12.52840140191217	12.593169760245779	N	N	2.416942213824602		10.610774201816863	13.333884427649204		29.721548403633726	173460.5025192885		386647.62318287115	-23.41699668022582		70.70535239861861	5년	29.721548403633726	386647.62318287115	70.70535239861861	1.161147902869757	0.2855982979718583		0.939618848969024	11325.425174978569	5.000187715222326	5년	0.939618848969024	불리(<1)	5년	10.610774201816863	1.1807245318411315	보통	Y	통과	제외	배당감안점수<1	156852638.0	단기위험부채 존재; 배당감안점수<1; fs=2025:CFS,2024:CFS,2022:CFS,2020:CFS
"=""036570"""	NC	직접추가	메인	240500.0	1150.0	17876.0	503522487163.0	1499844872739.0	177813001472.0							판정불가	일반	일반	84736.00511687186	84736.00511687186	8.713582170682935	8.713582170682935	N	N	278.087986463621	-5.903415055311056	-8.909537463398499	564.675972927242			10094147.692047378			4097.150807504107			3년				0.4781704781704782	31.96918919052996	-0.6226193167023717	-0.9676120360229764	2177.512866910366	0.9054107554720856	3년	-0.6226193167023717	불리(<1)	3년	-5.903415055311056		판정불가	Y	통과	보류	배당감안점수 또는 린치PER배수 미산출	21544022.0	1년 점수 과열 가능; 배당감안점수<1; fs=2025:CFS,2024:CFS,2022:CFS,2020:CFS
"=""251270"""	넷마블	직접추가	메인	39300.0	876.0		688942929318.0	236601481356.0	377828444422.0	732523334222.0						판정불가	일반	일반	6372.235610039484	-2150.0853795346234			N	Y													판정불가				2.2290076335877864				3193.167304922608	8.125107646113507	판정불가		판정불가	판정불가			판정불가	N	순현금차감PER<=0	제외	하드필터 미통과	85953502.0	주당순현금 음수(보수형); 단기위험부채 존재; EPS 미추출; fs=2025:CFS,2024:CFS,2022:CFS,2020:CFS
"=""005940"""	NH투자증권	직접추가	메인	27850.0	1300.0	2932.0	2630830000000.0	68236691000000.0	4707188000000.0							판정불가	일반	일반	185664.03388290948	185664.03388290948	-53.824704598536655	-53.824704598536655	N	N	45.43650793650793			99.37301587301586			291361.6825396825			946.1819839844973			1년	99.37301587301586	291361.6825396825	946.1819839844973	4.66786355475763	-0.930880566182016			-15292.555387622808	-54.910432271536116	1년	-0.930880566182016	불리(<1)	1년	45.43650793650793		판정불가	N	주당FCF<=0 / 순현금차감PER<=0	제외	하드필터 미통과	356344369.0	주당FCF 음수; 배당감안점수<1; fs=2025:CFS,2024:CFS,2022:NA,2020:NA
"=""004370"""	농심	필수소비재	메인	376500.0	6000.0	29342.0	253539960716.0	745596630000.0	125972160319.0	27652497602.0						판정불가	일반	일반	143550.1925638563	139004.05987973648	7.939125057465193	8.094061076963516	N	N	7.867068597897209	13.475331168715332	2.7004092516118794	24.234137195794418	35.450662337430664	13.900818503223759	711078.0535989997	1040193.3343048906	407877.8165215915	88.86535288154043	176.27977006770004	8.334081413437321	3년	35.450662337430664	1040193.3343048906	176.27977006770004	1.593625498007968	1.1916544993845697	1.8980626401084206	0.540870022645902	33019.471789396775	8.770112029056248	3년	1.8980626401084206	양호(>=1.5)	3년	13.475331168715332	0.5891599217907806	헐값	Y	통과	양호	배당감안점수>=1.5 & 린치PER배수<1	6082642.0	단기위험부채 존재; fs=2025:CFS,2024:CFS,2022:CFS,2020:CFS
"=""010060"""	OCI홀딩스	직접추가	메인	225000.0	1000.0	-4809.0	1034744959000.0									판정불가	일반	일반	55422.18002432964	55422.18002432964			N	N	-194.72129210163482												1년				0.4444444444444444				9707.740268037376	4.314551230238834	판정불가		판정불가	1년	-194.72129210163482		판정불가	N	순현금차감PER<=0	제외	하드필터 미통과	18670232.0	fs=2025:CFS,2024:CFS,2022:CFS,2020:CFS
"=""271560"""	오리온	필수소비재	메인	132700.0	3500.0	9682.0	311390944459.0	31192701875.0	22097727513.0							판정불가	일반	일반	8106.152590268567	8106.152590268567	12.868606425297607	12.868606425297607	N	N	-27.04393037450079	-0.8262042047842644	7.4207333275822185		6.847591590431471	23.34146665516444		66298.38177855751	225992.0801553021		-50.03889843364166	70.30299936345297	3년	6.847591590431471	66298.38177855751	-50.03889843364166	2.637528259231349	-1.896584704563688	0.1407552608716289	0.7816123404816117	9890.016867456836	7.452913992054889	3년	0.1407552608716289	불리(<1)	3년	-0.8262042047842644		판정불가	Y	통과	보류	배당감안점수 또는 린치PER배수 미산출	39536132.0	배당감안점수<1; fs=2025:CFS,2024:CFS,2022:CFS,2020:CFS
"=""001800"""	오리온홀딩스	직접추가	메인	25400.0	1100.0	2011.0	353427526408.0	40225597539.0	23781543774.0							판정불가	일반	일반	5904.20765579646	5904.20765579646	9.694576004079334	9.694576004079334	N	N	-24.681647940074903	5.512222260013111	9.302936730683564		19.524444520026222	27.10587346136713		39263.65792977273	54509.911530809295		54.5813304321761	114.60595090869803	3년	19.524444520026222	39263.65792977273	54.5813304321761	4.330708661417323	-2.099208801921219	1.015302878360918	1.4063168297782236	5198.228152968624	20.465465169167814	3년	1.015302878360918	보통(1~1.5)	3년	5.512222260013111	1.7587418552415692	보통	Y	통과	보류	중간구간(보류)	62645422.0	fs=2025:CFS,2024:CFS,2022:CFS,2020:CFS
"=""007310"""	오뚜기	직접추가	메인	322500.0	9000.0	20279.0	412685029869.0	273077178893.0	186473980697.0	509239504017.0						판정불가	일반	일반	124578.19519914767	-2482.958596547259	9.759939089740733	16.025590936266447	N	Y	-49.363264083100276	-36.84393156790511	-8.312202484315046										3년				2.7906976744186047	-4.771809125083264	-3.4890826244276396	-0.5657314824536591	8412.798855490377	2.608619800152055	3년	-3.4890826244276396	불리(<1)	3년	-36.84393156790511		판정불가	Y	통과	보류	배당감안점수 또는 린치PER배수 미산출	4007830.0	주당순현금 음수(보수형); 단기위험부채 존재; 1년 점수 과열 가능; 배당감안점수<1; fs=2025:CFS,2024:CFS,2022:CFS,2020:CFS
"=""028670"""	팬오션	직접추가	메인	5640.0	150.0	564.0	839667000000.0									판정불가	일반	일반	1570.7349206252525	1570.7349206252525	7.215009005983595	7.215009005983595	N	N	12.350597609561742	-23.645583428215545	26.662075505745552	33.201195219123484		61.824151011491104	18725.474103585646		34868.82117048098	232.01195219123485		518.241510114911	3년				2.6595744680851063	2.080409333543246	-2.9086601198593365	4.063979677573992	898.78863125288	15.935968639235462	3년	-2.9086601198593365	불리(<1)	3년	-23.645583428215545		판정불가	Y	통과	보류	배당감안점수 또는 린치PER배수 미산출	534569512.0	1년 점수 과열 가능; 배당감안점수<1; fs=2025:CFS,2024:CFS,2022:CFS,2020:CFS
"=""034230"""	파라다이스	직접추가	메인	10010.0	150.0	1087.0	341761126505.0	5000000000.0	796472209722.0	137240950000.0						판정불가	일반	일반	-4866.710272452332	-6351.912585875921	13.68602600961576	15.05235748470646	Y	Y	24.22857142857142	54.2810589168254		56.95714285714284	117.0621178336508		61912.414285714265	127246.52208517843		518.5056372199227	1171.1940268249593		3년	117.0621178336508	127246.52208517843	1171.1940268249593	1.4985014985014986	1.8798059355577108	4.075657928469254		1428.3554813839717	14.269285528311404	3년	4.075657928469254	안심(>=2)	3년	54.2810589168254	0.252132627526423	매우 유망	N	주당순현금<=0	제외	하드필터 미통과	92405559.0	주당순현금 음수(린치식); 주당순현금 음수(보수형); 단기위험부채 존재; fs=2025:CFS,2024:CFS,2022:CFS,2020:CFS
"=""103140"""	풍산	직접추가	메인	70500.0	1700.0	5388.0	239069532140.0	18564061989.0	421550501295.0	535368466545.0						판정불가	일반	일반	-5849.103665257674	-24952.841736404414	14.170212261554877	17.715820663772163	Y	Y	-37.65332099051145	-5.551366378147627	15.984603902585516			40.46920780517103			218048.09165426152			209.28807326845606	3년				2.4113475177304964	-2.4870462645359064	-0.22159293046980658	1.2982128341313535			3년	-0.22159293046980658	불리(<1)	3년	-5.551366378147627		판정불가	N	주당순현금<=0 / 주당FCF<=0	제외	하드필터 미통과	28024278.0	주당순현금 음수(린치식); 주당순현금 음수(보수형); 단기위험부채 존재; 배당감안점수<1; fs=2025:CFS,2024:CFS,2022:CFS,2020:CFS
"=""005490"""	POSCO홀딩스	철강	watchlist	313000.0	10000.0	8697.0	7049800440769.0		16374578210992.0							판정불가	일반	일반	-115216.08368150219	-115216.08368150219	49.23721785460529	49.23721785460529	Y	Y	-39.817313680714136	-40.58072367872994	-15.48101970257214										3년				3.1948881789137378	-0.7437955899527943	-0.7593003246083979	-0.24952936130426076	-20625.34356158169	-6.589566633093192	3년	-0.7593003246083979	불리(<1)	3년	-40.58072367872994		판정불가	N	주당순현금<=0 / 주당FCF<=0	제외	하드필터 미통과	80932952.0	린치식 단독판정 비중 낮춤; 주당순현금 음수(린치식); 주당순현금 음수(보수형); 주당FCF 음수; 1년 점수 과열 가능; 배당감안점수<1; fs=2025:CFS,2024:CFS,2022:CFS,2020:CFS
"=""022100"""	포스코DX	직접추가	메인	20300.0	125.0	343.0	246949912811.0	5459116668.0	1166279518.0							판정불가	일반	일반	1652.5352570003922	1652.5352570003922	54.36578642273938	54.36578642273938	N	N	-40.86206896551724		43.180492810132876			94.86098562026575			32537.318067751152			60.28235501355248	5년	94.86098562026575	32537.318067751152	60.28235501355248	0.6157635467980296	-0.7402873768029506		0.8055848951834973	902.5027073978604	4.445826144817047	5년	0.8055848951834973	불리(<1)	5년	43.180492810132876	1.259035802620153	보통	Y	통과	제외	배당감안점수<1	152034729.0	배당감안점수<1; fs=2025:CFS,2024:CFS,2022:CFS,2020:CFS
"=""003670"""	포스코퓨처엠	2차전지	메인	142800.0	250.0	51.0	319841457995.0	455490703002.0	75416813902.0	2985898850806.0						판정불가	일반	일반	7868.972364368042	-25700.738083203534	2645.7064242280776	3303.936040847128	N	Y	-101.85319767441861	-67.79595834778358	-36.26680545246004										3년				0.1750700280112045	-0.0384313719448572	-0.025558727038092192	-0.013641625198449261	-17346.109652439416	-12.147135610951972	3년	-0.025558727038092192	불리(<1)	3년	-67.79595834778358		판정불가	N	주당FCF<=0	제외	하드필터 미통과	88946220.0	주당순현금 음수(보수형); 단기위험부채 존재; 주당FCF 음수; 1년 점수 과열 가능; 배당감안점수<1; fs=2025:CFS,2024:CFS,2022:CFS,2020:CFS
"=""047050"""	포스코인터내셔널	에너지/상사	watchlist	54000.0	1850.0	3603.0	1171465925000.0	32399478000.0	3152207468000.0	2325933168000.0						판정불가	일반	일반	-11074.984015146463	-24296.313636184528	18.06133333753718	21.730866954256044	Y	Y	19.344153693275913	-8.992163844445855	13.250872999134566	47.18830738655183		35.00174599826913	170019.47151374622		126111.29083176368	214.85087317360413		133.53942746622903	3년				3.425925925925926	1.260708674917061	-0.30818532688013245	0.9233426244562362	5016.375456714567	9.28958417910105	3년	-0.30818532688013245	불리(<1)	3년	-8.992163844445855		판정불가	N	주당순현금<=0	제외	하드필터 미통과	175922788.0	린치식 단독판정 비중 낮춤; 주당순현금 음수(린치식); 주당순현금 음수(보수형); 단기위험부채 존재; 1년 점수 과열 가능; 배당감안점수<1; fs=2025:CFS,2024:CFS,2022:CFS,2020:CFS
"=""012750"""	에스원	직접추가	메인	72300.0	3200.0	5281.0	217937111676.0	27694386215.0	36737106943.0							판정불가	일반	일반	5497.339730559434	5497.339730559434	12.649623228449263	12.649623228449263	N	N	1.033097378993686	5.738563246263584	4.672200779142521	10.566194757987372	19.97712649252717	17.844401558285043	55800.07451693131	105499.20500703598	94236.2846293033	-22.82147369719044	45.918679124531096	30.34064264080678	3년	19.97712649252717	105499.20500703598	45.918679124531096	4.426002766251729	0.43156227238197786	0.8035469380348811	0.7192469989882547	4591.768535203577	6.350993824624587	3년	0.8035469380348811	불리(<1)	3년	5.738563246263584	2.2043188661701194	매우 불리	Y	통과	제외	배당감안점수<1	37999178.0	배당감안점수<1; PER>연성장률의 2배; fs=2025:CFS,2024:CFS,2022:CFS,2020:CFS
"=""062040"""	산일전기	직접추가	메인	152900.0	1250.0	4901.0	108606384509.0	126933410833.0	741366607.0	520000000.0						판정불가	일반	일반	7712.165751415659	7695.085883324793	29.62412451511617	29.62760949126203	N	N	60.1110748121529			128.7221496243058			630867.2553087228			312.60121341316085			1년	128.7221496243058	630867.2553087228	312.60121341316085	0.8175277959450621	2.056722472152998			3251.520036754562	2.1265664072953316	1년	2.056722472152998	안심(>=2)	1년	60.1110748121529	0.4928230714172314	매우 유망	Y	통과	매우 유망	배당감안점수>=2 & 린치PER배수<=0.5	30445200.0	단기위험부채 존재; fs=2025:CFS,2024:OFS,2022:NA,2020:NA
"=""207940"""	삼성바이오로직스	헬스케어	메인	1476000.0		24091.0	148851266520.0	1307174500000.0	918724421281.0							판정불가	일반	일반	11607.049188490424	11607.049188490424	60.78589310578679	60.78589310578679	N	N	58.274751987385855	28.169383318294948	45.91602063406175	125.04950397477171	64.8387666365899	100.3320412681235	3012567.600256225	1562030.7270420871	2417099.2061903635	104.10349595231878	5.8286400435018315	63.76010882048533	3년	64.8387666365899	1562030.7270420871	5.8286400435018315		0.9586887517794507	0.4634197488761292	0.7553729704053747	16692.97982791496	1.1309606929481681	3년	0.4634197488761292	불리(<1)	3년	28.169383318294948	2.157870920316124	매우 불리	Y	통과	제외	배당감안점수<1	46290951.0	배당감안점수<1; PER>연성장률의 2배; fs=2025:CFS,2024:CFS,2022:CFS,2020:CFS
"=""028260"""	삼성물산	직접추가	메인	322500.0	2800.0	14955.0	3458217651048.0	2068618122746.0	1611322967337.0	981336899188.0						판정불가	일반	일반	23035.606644979205	17262.240061011005	20.024365988299618	20.410415241657574	N	N	9.328167263688858	6.272963576271873	18.957826688295864	27.156334527377716	21.045927152543747	46.41565337659173	406122.9828569337	314741.84056629176	694146.0962469293	25.929607087421314	-2.4056308321575903	115.23909961145091	3년	21.045927152543747	314741.84056629176	-2.4056308321575903	0.8682170542635658	0.509198859225318	0.35662455603878207	0.9900959538066739	6578.623290328812	2.0398831907996318	3년	0.35662455603878207	불리(<1)	3년	6.272963576271873	3.192169975933518	매우 불리	Y	통과	제외	배당감안점수<1	169976544.0	단기위험부채 존재; 배당감안점수<1; PER>연성장률의 2배; fs=2025:CFS,2024:CFS,2022:CFS,2020:CFS
"=""029780"""	삼성카드	직접추가	메인	46550.0	2800.0	6053.0		29504306000000.0	18053189000000.0							판정불가	일반	일반	98836.75651616586	98836.75651616586	-8.638155710584149	-8.638155710584149	N	N	-2.8098908156711677			2.8802183686576646			17433.961785484844			-62.54788016007553			1년	2.8802183686576646	17433.961785484844	-62.54788016007553	6.015037593984962	-0.37104526541314786					1년	-0.37104526541314786	불리(<1)	1년	-2.8098908156711677		판정불가	N	주당FCF<=0 / 순현금차감PER<=0	제외	하드필터 미통과	115858891.0	배당감안점수<1; fs=2025:CFS,2024:CFS,2022:NA,2020:NA
"=""028050"""	삼성E&A	직접추가	메인	47750.0	790.0	3150.0	861796626374.0	2074000285556.0		0.0						판정불가	일반	일반	14978.555673112245	14978.555673112245	10.403633119646905	10.403633119646905	N	N	-18.4360435007768												1년				1.6544502617801045	-1.613051233737302			805.8218167704082	1.6875849565872423	1년	-1.613051233737302	불리(<1)	1년	-18.4360435007768		판정불가	Y	통과	보류	배당감안점수 또는 린치PER배수 미산출	196000000.0	배당감안점수<1; fs=2025:CFS,2024:CFS,2022:CFS,2020:CFS
"=""009150"""	삼성전기	직접추가	메인	1185000.0	2350.0	9395.0	2701205916236.0		249136193271.0	2003354614634.0						판정불가	일반	일반	32828.335646491505	6007.402663954398	122.63668593438089	125.49149519276698	N	N	4.528259902091669	-10.207342192334501	3.285033400534343	17.55651980418334		15.070066801068686	164943.50356030246		141583.2775960403	-86.08071699913059		-88.05204408472234	3년				0.19831223628691982	0.03854125788190029	-0.08161530034661164	0.028403781546127996			3년	-0.08161530034661164	불리(<1)	3년	-10.207342192334501		판정불가	N	주당FCF<=0	제외	하드필터 미통과	74693696.0	단기위험부채 존재; 1년 점수 과열 가능; 배당감안점수<1; fs=2025:CFS,2024:CFS,2022:CFS,2020:CFS
"=""005930"""	삼성전자	반도체	메인	240000.0	1668.0	6605.0	57856378000000.0	67965021000000.0	6486651000000.0	17574980000000.0						판정불가	일반	일반	20159.129590764183	17190.201384077154	33.2840076319812	33.73350471096485	N	N	33.43434343434344	-6.409201466872028	11.451444833603809	75.36868686868688		31.402889667207617	497810.17676767684		207416.08625190632	107.42090698653199		-13.576630728372363	3년				0.695	1.0253976567878802	-0.1716800912334094	0.36493336283016603	5602.031650745953	2.33417985447748	3년	-0.1716800912334094	불리(<1)	3년	-6.409201466872028		판정불가	Y	통과	보류	배당감안점수 또는 린치PER배수 미산출	5919637922.0	단기위험부채 존재; 1년 점수 과열 가능; 배당감안점수<1; fs=2025:CFS,2024:CFS,2022:CFS,2020:CFS
"=""000810"""	삼성화재해상보험	직접추가	메인	620000.0	19500.0	47478.0		11734007737216.0								판정불가	일반	일반	255025.28109142228	255025.28109142228	7.687238698103915	7.687238698103915	N	N	-2.667131347506102			3.165737304987796			150302.87576621058			-75.75760068286927			1년	3.165737304987796	150302.87576621058	-75.75760068286927	3.1451612903225805	0.062184870483387784			72732.0784920961	11.730980401950983	1년	0.062184870483387784	불리(<1)	1년	-2.667131347506102		판정불가	Y	통과	보류	배당감안점수 또는 린치PER배수 미산출	46011155.0	배당감안점수<1; fs=2025:CFS,2024:CFS,2022:NA,2020:NA
"=""010140"""	삼성중공업	직접추가	메인	21650.0		639.0	772614649370.0	311797002761.0	592438711867.0	1454489650793.0						판정불가	일반	일반	559.0601593909091	-1093.7689892375	33.00616563475601	35.59275272181142	N	Y	752.0			1512.5			966487.5			4364.145496535796			1년	1512.5	966487.5	4364.145496535796		22.783621954806293			1530.2205002727273	7.067993072853245	1년	22.783621954806293	안심(>=2)	1년	752.0	0.04389117770579257	매우 유망	Y	통과	매우 유망	배당감안점수>=2 & 린치PER배수<=0.5	880000000.0	주당순현금 음수(보수형); 단기위험부채 존재; fs=2025:CFS,2024:CFS,2022:CFS,2020:CFS
"=""032830"""	삼성생명	직접추가	메인	278000.0	5300.0	12824.0	4537833000000.0	132160246000000.0								판정불가	일반	일반	683490.395	683490.395	-31.619650265127888	-31.619650265127888	N	N	9.307875894988072			27.115751789976144			347732.4009546541			25.0835974657029			1년	27.115751789976144	347732.4009546541	25.0835974657029	1.9064748201438848	-0.3546639706986209					1년	-0.3546639706986209	불리(<1)	1년	9.307875894988072		판정불가	N	주당FCF<=0 / 순현금차감PER<=0	제외	하드필터 미통과	200000000.0	배당감안점수<1; fs=2025:CFS,2024:CFS,2022:NA,2020:NA
"=""006400"""	삼성SDI	2차전지	메인	419500.0	1000.0		1803994237947.0		5493341323030.0	5390568184387.0						판정불가	일반	일반	-45781.75616742857	-112674.26384699586			Y	Y													판정불가				0.23837902264600713				-28996.751032548895	-6.912217171048604	판정불가		판정불가	판정불가			판정불가	N	주당순현금<=0 / 주당FCF<=0 / 순현금차감PER<=0	제외	하드필터 미통과	80585530.0	주당순현금 음수(린치식); 주당순현금 음수(보수형); 단기위험부채 존재; 주당FCF 음수; EPS 미추출; fs=2025:CFS,2024:CFS,2022:CFS,2020:CFS
"=""018260"""	삼성에스디에스	직접추가	메인	219500.0	3190.0	9819.0	1558981444019.0	4845117385939.0								판정불가	일반	일반	82764.03348192893	82764.03348192893	13.925650933707209	13.925650933707209	N	N	0.3269643404516298	-11.608687356751402	11.36201067352738	9.15392868090326		31.22402134705476	89882.42571778911		306588.6656067307	-59.05128668893435		39.675929661380714	3년				1.4533029612756263	0.127840867920802	-0.7292574288857508	0.9202667577846133	10905.769354957107	4.96845984280506	3년	-0.7292574288857508	불리(<1)	3년	-11.608687356751402		판정불가	Y	통과	보류	배당감안점수 또는 린치PER배수 미산출	77377800.0	1년 점수 과열 가능; 배당감안점수<1; fs=2025:CFS,2024:CFS,2022:CFS,2020:CFS
"=""016360"""	삼성증권	직접추가	메인	98600.0	4000.0	11279.0	3379830380886.0	70613319064436.0	4076142290150.0							판정불가	일반	일반	782945.2089045016	782945.2089045016	-60.67428042419555	-60.67428042419555	N	N	12.028208184346445			32.556416368692894			367203.82022248715			272.4176675684454			1년	32.556416368692894	367203.82022248715	272.4176675684454	4.056795131845842	-0.265104146332454					1년	-0.265104146332454	불리(<1)	1년	12.028208184346445		판정불가	N	주당FCF<=0 / 순현금차감PER<=0	제외	하드필터 미통과	89300000.0	배당감안점수<1; fs=2025:CFS,2024:CFS,2022:NA,2020:NA
"=""003230"""	삼양식품	직접추가	메인	1219000.0	4800.0	52156.0	332840576772.0	3879418399.0	340183053989.0	92341086958.0						판정불가	일반	일반	-459.7174993014085	-12717.901899305922	23.381005397256335	23.61603462495793	Y	Y	43.018536799385764	69.73880446754251	42.35358590359803	94.53707359877153	147.97760893508502	93.20717180719606	4930675.610617528	7717920.171618294	4861313.252776118	304.485283889871	533.1353709284901	298.79518070353714	3년	147.97760893508502	7717920.171618294	533.1353709284901	0.39376538146021334	1.8567337650048288	2.999553212422272	1.8282939744787223	-20189.147647522273	-1.6562057134964951	3년	2.999553212422272	안심(>=2)	3년	69.73880446754251	0.33526536016455816	매우 유망	N	주당순현금<=0 / 주당FCF<=0	제외	하드필터 미통과	7533015.0	주당순현금 음수(린치식); 주당순현금 음수(보수형); 단기위험부채 존재; 주당FCF 음수; fs=2025:CFS,2024:CFS,2022:CFS,2020:CFS
"=""137310"""	에스디바이오센서	직접추가	메인	6580.0	200.0	-4279.0	366780003956.0	488796710916.0	899239816964.0							판정불가	일반	일반	-358.6318204794644	-358.6318204794644			Y	Y	431.55279503105584			871.6055900621117									1년	871.6055900621117			3.0395136778115504				2464.3043924052927	37.45143453503484	판정불가		판정불가	1년	431.55279503105584		판정불가	N	주당순현금<=0 / 순현금차감PER<=0	제외	하드필터 미통과	121749102.0	주당순현금 음수(린치식); 주당순현금 음수(보수형); fs=2025:CFS,2024:CFS,2022:CFS,2020:NA
"=""001430"""	세아베스틸지주	철강	watchlist	37850.0	1200.0	1567.0	232872225511.0	13022996803.0	1004860666577.0	664568218048.0						판정불가	일반	일반	-21163.42997643279	-39694.63327894818	37.66013399899987	49.48604548752277	Y	Y	177.83687943262413	-15.225348963483798		364.17375886524826			570660.2801418441			1407.6889832017016			3년				3.1704095112285335	4.806336826859396	-0.32009815611849407		-2464.44276371399	-6.511077314964307	3년	-0.32009815611849407	불리(<1)	3년	-15.225348963483798		판정불가	N	주당순현금<=0 / 주당FCF<=0	제외	하드필터 미통과	35862119.0	린치식 단독판정 비중 낮춤; 주당순현금 음수(린치식); 주당순현금 음수(보수형); 단기위험부채 존재; 주당FCF 음수; 1년 점수 과열 가능; 배당감안점수<1; fs=2025:CFS,2024:CFS,2022:CFS,2020:CFS
"=""003030"""	세아제강지주	직접추가	메인	106700.0	1800.0	15656.0	657858846224.0	16603582224.0	0.0							판정불가	일반	일반	162848.45134399107	162848.45134399107	-3.5863854971890055	-3.5863854971890055	N	N	47.712048306444	-38.977007618002915	29.936065767104946	103.924096612888		68.3721315342099	1627035.6565713745		1070434.0912995902	1424.8694063461803		903.2184548262326	3년				1.6869728209934396	-13.774041068969353	10.397664954377396	-8.817523552023172	-147158.44666591173	-137.91794439166983	3년	10.397664954377396	안심(>=2)	3년	-38.977007618002915		판정불가	N	주당FCF<=0 / 순현금차감PER<=0	제외	하드필터 미통과	4141657.0	주당FCF 음수; fs=2025:CFS,2024:CFS,2022:CFS,2020:CFS
"=""004490"""	세방전지	직접추가	메인	52100.0	2650.0	10646.0	227178088991.0	123000000000.0	162095437595.0	251228623014.0						판정불가	일반	일반	13434.475099714286	-4510.426544142857	3.6319298234346906	5.317530203282252	N	Y	-17.389617443935744	48.94307252053962	16.711840434713388		106.38614504107925	41.923680869426775		1132586.9001073297	446319.50653591746		2073.8712094190587	756.6593215660603	3년	106.38614504107925	1132586.9001073297	2073.8712094190587	5.08637236084453	-3.38752279950611	14.876235915342903	6.001826537205363	11070.1328675	21.24785579174664	3년	14.876235915342903	안심(>=2)	3년	48.94307252053962	0.07420722967301455	매우 유망	Y	통과	매우 유망	배당감안점수>=2 & 린치PER배수<=0.5	14000000.0	주당순현금 음수(보수형); 단기위험부채 존재; fs=2025:CFS,2024:CFS,2022:CFS,2020:CFS
"=""055550"""	신한지주	직접추가	메인	102300.0	2590.0	9812.0		78053377000000.0	92991422000000.0							판정불가	일반	일반	-30768.6938706553	-30768.6938706553	13.561831825382724	13.561831825382724	Y	Y	16.242151403862092			40.984302807724184			402137.9791493897			293.0967538117202			1년	40.984302807724184	402137.9791493897	293.0967538117202	2.5317693059628543	1.38432041862421					1년	1.38432041862421	보통(1~1.5)	1년	16.242151403862092	0.8349775524292898	헐값	N	주당순현금<=0 / 주당FCF<=0	제외	하드필터 미통과	485494934.0	주당순현금 음수(린치식); 주당순현금 음수(보수형); fs=2025:CFS,2024:CFS,2022:NA,2020:NA
"=""004170"""	신세계	직접추가	메인	425500.0	5200.0	1590.0	845128179533.0	3188808721.0	2404267280398.0	2154639015848.0						판정불가	일반	일반	-161318.93140667863	-384709.14210858254	369.0685103186658	509.56549818149847	Y	Y	-86.49796195652173	-66.22887992742359											3년				1.2220916568742655	-0.2310570203510928	-0.1761374553857774		50780.68871201069	11.93435692409182	3년	-0.1761374553857774	불리(<1)	3년	-66.22887992742359		판정불가	N	주당순현금<=0	제외	하드필터 미통과	9645181.0	주당순현금 음수(린치식); 주당순현금 음수(보수형); 단기위험부채 존재; 1년 점수 과열 가능; 배당감안점수<1; fs=2025:CFS,2024:CFS,2022:CFS,2020:CFS
"=""034730"""	SK	직접추가	메인	518000.0	8000.0	29050.0	25214132000000.0	3449044000000.0	45546013000000.0	11714166000000.0						판정불가	일반	일반	-231053.85910201556	-391370.70990508975	25.784986543959228	31.303638895183813	Y	Y	-223.85418887230867	14.11831256779157	52.31072476454839		36.73662513558314	113.12144952909678		1067198.96018869	3286178.1088202614		106.0229652873919	534.3973183050697	3년	36.73662513558314	1067198.96018869	106.0229652873919	1.5444015444015444	-8.621675522261953	0.6074354192696871	2.0886234017278102	-54497.63687223273	-10.520779318963848	3년	0.6074354192696871	불리(<1)	3년	14.11831256779157	1.8263504523042724	보통	N	주당순현금<=0 / 주당FCF<=0	제외	하드필터 미통과	73068838.0	주당순현금 음수(린치식); 주당순현금 음수(보수형); 단기위험부채 존재; 주당FCF 음수; 배당감안점수<1; fs=2025:CFS,2024:CFS,2022:CFS,2020:CFS
"=""326030"""	에스케이바이오팜	직접추가	메인	79800.0		3409.0	307770519305.0	1711367837.0	0.0	0.0						판정불가	일반	일반	3951.8457878072995	3951.8457878072995	22.249385219182372	22.249385219182372	N	N	10.897852960312292			30.295705920624584			103278.06148340921			29.421129678457667			1년	30.295705920624584	103278.06148340921	29.421129678457667		0.48980467788011856			1874.8221177897738	2.3494011501124983	1년	0.48980467788011856	불리(<1)	1년	10.897852960312292	2.041630154142288	매우 불리	Y	통과	제외	배당감안점수<1	78313250.0	배당감안점수<1; PER>연성장률의 2배; fs=2025:CFS,2024:CFS,2022:CFS,2020:CFS
"=""302440"""	SK바이오사이언스	헬스케어	메인	34650.0		-733.0	105552891515.0	800748039267.0	1496569133.0							판정불가	일반	일반	11535.766059068677	11535.766059068677			N	N	5.014326647564471			18.52865329512894									1년	18.52865329512894							-2012.819504379828	-5.809002898643082	판정불가		판정불가	1년	5.014326647564471		판정불가	N	주당FCF<=0 / 순현금차감PER<=0	제외	하드필터 미통과	78434701.0	주당FCF 음수; fs=2025:CFS,2024:CFS,2022:CFS,2020:OFS
"=""285130"""	SK케미칼	직접추가	메인	42400.0	1150.0	2306.0	567555999965.0	950748039267.0	341978345417.0	477883213809.0						판정불가	일반	일반	68000.55528903044	40375.277635757375	-11.101715216405221	0.8780235751268973	N	N	92.16666666666666	-38.59552986089414	-34.69934418185778	192.83333333333331			444673.6666666666			948.758647798742			3년				2.7122641509433962	-8.546330811783534	3.2322271838612235	2.8812736957660787	-13324.604357906223	-31.425953674307127	3년	3.2322271838612235	안심(>=2)	3년	-38.59552986089414		판정불가	N	주당FCF<=0 / 순현금차감PER<=0	제외	하드필터 미통과	17298766.0	단기위험부채 존재; 주당FCF 음수; fs=2025:CFS,2024:CFS,2022:CFS,2020:CFS
"=""000660"""	SK하이닉스	반도체	메인	1577000.0	3000.0	62044.0	14923766000000.0	20018487000000.0								판정불가	일반	일반	47997.4443489617	47997.4443489617	24.643842364306597	24.643842364306597	N	N	115.94041486843936	167.48263503477668	54.92375157287208	240.38082973687872	343.46527006955336	118.34750314574416	14914188.200194903	21309959.216195367	7342752.485174551	845.7316550535766	1251.2973504245635	365.615249535482	3년	343.46527006955336	21309959.216195367	1251.2973504245635	0.19023462270133165	4.71235969514806	6.803844432162509	2.236420172667508	34057.28359137954	2.1596248314127804	3년	6.803844432162509	안심(>=2)	3년	167.48263503477668	0.14714267159212932	매우 유망	Y	통과	매우 유망	배당감안점수>=2 & 린치PER배수<=0.5	728002365.0	fs=2025:CFS,2024:CFS,2022:CFS,2020:CFS
"=""361610"""	SK아이이테크놀로지	직접추가	메인	14170.0		-2800.0	408979015000.0	44693499000.0	1097240539000.0	169179804000.0						판정불가	일반	일반	-7868.820694217059	-9937.359669189884			Y	Y	-19.075144508670515												1년								-1892.9730116363094	-13.359019136459487	판정불가		판정불가	1년	-19.075144508670515		판정불가	N	주당순현금<=0 / 주당FCF<=0 / 순현금차감PER<=0	제외	하드필터 미통과	81787100.0	주당순현금 음수(린치식); 주당순현금 음수(보수형); 단기위험부채 존재; 주당FCF 음수; fs=2025:CFS,2024:CFS,2022:CFS,2020:NA
"=""096770"""	SK이노베이션	에너지	메인	111300.0	2000.0		16091551855000.0	253291655000.0	22764517807000.0	7201712771000.0						판정불가	일반	일반	-37974.37695614934	-80574.75554913652			Y	Y													판정불가				1.7969451931716083				-19919.883669709132	-17.89746960441072	판정불가		판정불가	판정불가			판정불가	N	주당순현금<=0 / 주당FCF<=0 / 순현금차감PER<=0	제외	하드필터 미통과	169052788.0	주당순현금 음수(린치식); 주당순현금 음수(보수형); 단기위험부채 존재; 주당FCF 음수; EPS 미추출; fs=2025:CFS,2024:CFS,2022:CFS,2020:CFS
"=""402340"""	SK스퀘어	직접추가	메인	1060000.0		66713.0	1310718000000.0	317762000000.0	86661000000.0	0.0						판정불가	일반	일반	11672.743401201547	11672.743401201547	15.713987627580808	15.713987627580808	N	N	140.21676508713813			288.93353017427626			19275622.59851649			1718.454962124197			1년	288.93353017427626	19275622.59851649	1718.454962124197		8.923054313790669			2638.92507607574	0.24895519585620188	1년	8.923054313790669	안심(>=2)	1년	140.21676508713813	0.11206924947822967	매우 유망	Y	통과	매우 유망	배당감안점수>=2 & 린치PER배수<=0.5	132087115.0	fs=2025:CFS,2024:CFS,2022:NA,2020:NA
"=""017670"""	SK텔레콤	통신	보정필요	91400.0	1660.0	1825.0	1490024000000.0	186643000000.0	8712284000000.0	130000000000.0						판정불가	통신보정	보정주의	-32755.78594880276	-33361.02812917505	68.0305676431796	68.36220719406852	Y	Y	-68.42560553633218	-23.75836950489595	-38.33216341204368										3년				1.8161925601750548	-0.979110057195518	-0.32253408585104915	-0.5367582855312178	7451.904674561442	8.153068571730243	3년	-0.32253408585104915	불리(<1)	3년	-23.75836950489595		판정불가	N	주당순현금<=0	제외	하드필터 미통과	214790053.0	린치식 단독판정 비중 낮춤; 주당순현금 음수(린치식); 주당순현금 음수(보수형); 단기위험부채 존재; 배당감안점수<1; fs=2025:CFS,2024:CFS,2022:CFS,2020:CFS
"=""011790"""	SKC	석유화학	watchlist	78100.0		-25549.0	783286752410.0	262260000000.0	1840079753358.0	1176505206999.0						판정불가	일반	일반	-20981.481685498515	-52049.822993021764			Y	Y	53.32773210106223			115.15546420212446									1년	115.15546420212446							-22628.561644175294	-28.973830530314075	판정불가		판정불가	1년	53.32773210106223		판정불가	N	주당순현금<=0 / 주당FCF<=0 / 순현금차감PER<=0	제외	하드필터 미통과	37868298.0	린치식 단독판정 비중 낮춤; 주당순현금 음수(린치식); 주당순현금 음수(보수형); 단기위험부채 존재; 주당FCF 음수; fs=2025:CFS,2024:CFS,2022:CFS,2020:CFS
"=""005850"""	에스엘	직접추가	메인	54100.0	2770.0	6749.0	477732627030.0	395471183250.0	5459184760.0							판정불가	일반	일반	18681.85736639187	18681.85736639187	5.247909710121223	5.247909710121223	N	N	-15.61640410102526	26.173083545484687	36.58097754545193		60.846167090969374	81.66195509090386		410650.7816969523	551136.5349085102		659.0587462050875	918.7366634168395	3년	60.846167090969374	410650.7816969523	659.0587462050875	5.12014787430684	-2.0000832343733226	5.9629896755728815	7.946235305712891	6628.339203100551	12.252013314418763	3년	5.9629896755728815	안심(>=2)	3년	26.173083545484687	0.20050788822804103	매우 유망	Y	통과	매우 유망	배당감안점수>=2 & 린치PER배수<=0.5	46448520.0	fs=2025:CFS,2024:CFS,2022:CFS,2020:CFS
"=""010950"""	S-Oil	에너지	메인	125800.0	330.0	1519.0	1834658000000.0									판정불가	일반	일반	16296.078356273132	16296.078356273132	72.08948100311183	72.08948100311183	N	N	-191.56118143459918	-56.19807916164843											3년				0.26232114467408585	-2.653630704896703	-0.7759212195543455		299.21979550835795	0.2378535735360556	3년	-0.7759212195543455	불리(<1)	3년	-56.19807916164843		판정불가	Y	통과	보류	배당감안점수 또는 린치PER배수 미산출	112582792.0	배당감안점수<1; fs=2025:CFS,2024:CFS,2022:CFS,2020:CFS
"=""003240"""	태광산업	직접추가	메인	880000.0	1750.0	165122.0	426476897621.0	483945901661.0	4773639440.0	862776693.0						판정불가	일반	일반	813408.6220962816	812633.7193721933	0.4032859213413015	0.40797883157790404	N	N	-35.9373969451137	-25.915466865090508	-1.6741276308672282			5.151744738265544			850666.3946718831			-3.3333642418314713	3년				0.19886363636363635	-88.61835094536933	-63.767669208970155	-3.6581093374074762	-250604.9826773846	-28.47783894061189	3년	-63.767669208970155	불리(<1)	3년	-25.915466865090508		판정불가	N	주당FCF<=0	제외	하드필터 미통과	1113400.0	단기위험부채 존재; 주당FCF 음수; 1년 점수 과열 가능; 배당감안점수<1; fs=2025:CFS,2024:CFS,2022:CFS,2020:CFS
"=""001440"""	대한전선	직접추가	메인	25500.0		453.0	438856642626.0	245247440000.0	6781981976.0	210000000000.0						판정불가	일반	일반	3632.780419185475	2506.4567877893646	48.27200790466783	50.75837353688882	N	N	10.757946210268955	193.05011690585698	172.76923736437072	30.01589242053791	394.60023381171396	354.03847472874145	13597.199266503672	178753.90591670643	160379.42905211987	-46.67764993527972	600.9957094772801	528.9389374592936	3년	394.60023381171396	178753.90591670643	600.9957094772801		0.22286096388438562	3.999214561099484	3.579077085535201	-1780.5372383992687	-6.98249897411478	3년	3.999214561099484	안심(>=2)	3년	193.05011690585698	0.2500490995724608	매우 유망	N	주당FCF<=0	제외	하드필터 미통과	186447300.0	단기위험부채 존재; 주당FCF 음수; fs=2025:CFS,2024:CFS,2022:CFS,2020:CFS
"=""069260"""	티케이지휴켐스	직접추가	메인	15020.0	1000.0	1561.0	171952696150.0	96497220778.0	5482000000.0	34682173632.0						판정불가	일반	일반	6432.901178680633	5584.482108237203	5.501024228904143	6.044534203563611	N	N	-22.875494071146242	-9.82716016983225	3.8551596973951163			16.210319394790233			25304.308575267554			68.47076281802633	3년				6.657789613848203	-2.948124527807936	-0.5761419008720522	1.9110894396728733	2212.3194254165533	14.729157293052953	3년	-0.5761419008720522	불리(<1)	3년	-9.82716016983225		판정불가	Y	통과	보류	배당감안점수 또는 린치PER배수 미산출	40878588.0	단기위험부채 존재; 배당감안점수<1; fs=2025:CFS,2024:CFS,2022:OFS,2020:CFS
"=""316140"""	우리금융지주	금융/은행	보정필요	33200.0	1360.0	4052.0	38499679000000.0	34245475000000.0	55583392000000.0							판정불가	금융보정	보정양호	23378.716262091115	23378.716262091115	2.423811386453328	2.423811386453328	N	N	2.5822784810126675			13.664556962025335			55368.78481012666			66.77344822327306			1년	13.664556962025335	55368.78481012666	66.77344822327306	4.096385542168675	2.755438835095985			17894.539902880944	53.8992165749426	1년	2.755438835095985	안심(>=2)	1년	2.5822784810126675	0.9386328408324129	헐값	Y	통과	양호	배당감안점수>=1.5 & 린치PER배수<1	734076320.0	린치식 단독판정 비중 낮춤; fs=2025:CFS,2024:CFS,2022:NA,2020:NA
"=""008730"""	율촌화학	직접추가	메인	13790.0	250.0	168.0	23775188232.0	161779800.0	131712944797.0	113904302896.0						판정불가	일반	일반	-4345.805514717742	-8938.72095407258	107.95122330189133	135.29000567900346	Y	Y	-82.87461773700306		-27.064834063200415										5년				1.8129079042784626	-0.7509105256364833		-0.23391977771575223	-316.2289210887097	-2.293175642412688	5년	-0.23391977771575223	불리(<1)	5년	-27.064834063200415		판정불가	N	주당순현금<=0 / 주당FCF<=0	제외	하드필터 미통과	24800000.0	주당순현금 음수(린치식); 주당순현금 음수(보수형); 단기위험부채 존재; 주당FCF 음수; 배당감안점수<1; fs=2025:CFS,2024:CFS,2022:CFS,2020:CFS
"=""000670"""	영풍	직접추가	메인	35000.0	5.0	-464.0	137031350994.0	333746815114.0	234811309711.0	423217185895.0						판정불가	일반	일반	13052.744166069715	-10357.940446676752			N	Y	-99.68345363005008												1년				0.014285714285714287				-6139.559379575671	-17.541598227359064	판정불가		판정불가	1년	-99.68345363005008		판정불가	N	주당FCF<=0 / 순현금차감PER<=0	제외	하드필터 미통과	18077950.0	주당순현금 음수(보수형); 단기위험부채 존재; 주당FCF 음수; fs=2025:CFS,2024:CFS,2022:CFS,2020:CFS
"=""111770"""	영원무역	직접추가	메인	89200.0	2100.0	11558.0	1090560747187.0	439263571966.0	252626536541.0	76448105310.0						판정불가	일반	일반	28823.18822323828	27097.94397472907	5.223811366738339	5.373079773773224	N	N	17.387771683932552	-9.077711442871605	27.98342129695397	43.275543367865104		64.46684259390794	500178.73024578486		745107.7667003879	460.7384868226288		735.3226084085068	3년				2.3542600896860986	3.7792390244644776	-1.2870777448044641	5.8075759740885164	3279.956119440683	3.6770808513909	3년	-1.2870777448044641	불리(<1)	3년	-9.077711442871605		판정불가	Y	통과	보류	배당감안점수 또는 린치PER배수 미산출	44311468.0	단기위험부채 존재; 1년 점수 과열 가능; 배당감안점수<1; fs=2025:CFS,2024:CFS,2022:CFS,2020:CFS
"=""009970"""	영원무역홀딩스	직접추가	메인	190900.0	6576.0	31684.0	1464189666693.0	805803639244.0	195931585244.0	78827842676.0						판정불가	일반	일반	153642.88520106729	147803.45570768186	1.1758968185498269	1.3601989740032236	N	N	10.101817423636938	-5.869320927784449	28.52060357499411	28.703634847273875		65.54120714998822	909445.9665010255		2076607.6073402269	376.39914431693325		987.7986418754463	3년				3.4447354635935046	11.520188398788857	-2.0619032435014675	27.18379583508766	20832.48592605641	10.912774188609959	3년	-2.0619032435014675	불리(<1)	3년	-5.869320927784449		판정불가	Y	통과	보류	배당감안점수 또는 린치PER배수 미산출	13499237.0	단기위험부채 존재; 1년 점수 과열 가능; 배당감안점수<1; fs=2025:CFS,2024:CFS,2022:CFS,2020:CFS
"=""000100"""	유한양행	헬스케어	메인	74800.0	600.0	2599.0	348564938250.0	29513907780.0	105262499518.0	199841800000.0						판정불가	일반	일반	3411.5503159327723	912.5418633854255	27.467660517147834	28.42918743232573	N	N	175.60975609756096	25.052899606383704	-2.455406441809782	359.7195121951219	58.60579921276741	3.589187116380436	934911.0121951218	152316.4721539825	9328.297315472753	1149.8810323464197	103.6316472646825	-87.52901428412734	3년	58.60579921276741	152316.4721539825	103.6316472646825	0.8021390374331552	6.422530780328438	0.9412901629418264	-0.06018959653824561	-353.25969258346265	-0.4722723162880517	3년	0.9412901629418264	불리(<1)	3년	25.052899606383704	1.0963864841476803	보통	N	주당FCF<=0	제외	하드필터 미통과	79968437.0	단기위험부채 존재; 주당FCF 음수; 1년 점수 과열 가능; 배당감안점수<1; fs=2025:CFS,2024:CFS,2022:CFS,2020:CFS
"=""000990"""	DB하이텍	직접추가	메인	85000.0	810.0	6285.0	323054472680.0	132808839381.0	102572732928.0	231678525383.0						판정불가	일반	일반	8120.7660013468	2795.384563807385	12.232177247200191	13.079493307270106	N	N	13.858695652173903	-21.22701789143928	10.459461040450746	36.21739130434781		29.418922080901492	227626.30434782596		184897.92527846587	167.79565217391288		117.52697091584218	3년				0.9529411764705882	1.2108749349617796	-1.6574381081347724	0.932982083752384	4658.664548185125	5.480781821394264	3년	-1.6574381081347724	불리(<1)	3년	-21.22701789143928		판정불가	Y	통과	보류	배당감안점수 또는 린치PER배수 미산출	43504588.0	단기위험부채 존재; 1년 점수 과열 가능; 배당감안점수<1; fs=2025:CFS,2024:CFS,2022:CFS,2020:CFS
