종목코드	종목명	그룹	판정구분	현재가	현금배당금(FY2025 DPS)	EPS(FY2025)	현금및현금성자산	유가증권성자산	장기부채	단기위험부채	주주지분	총부채	주주지분비중	부채비중	주주대부채배수	주주대부채판정	업종보정유형	업종보정판정	주당순현금(린치식)	주당순현금(보수형)	순현금차감PER(린치식)	순현금차감PER(보수형)	현금보다부채많음(린치형)	현금보다부채많음(보수형)	연간이익증가율(1년,%)	연간이익증가율(3년CAGR,%)	연간이익증가율(5년CAGR,%)	그레이엄적정PER(1년)	그레이엄적정PER(3년)	그레이엄적정PER(5년)	그레이엄내재가치(1년)	그레이엄내재가치(3년)	그레이엄내재가치(5년)	그레이엄괴리율(1년,%)	그레이엄괴리율(3년,%)	그레이엄괴리율(5년,%)	그레이엄사용기준	그레이엄적정PER(선택)	그레이엄내재가치(선택)	그레이엄괴리율(선택,%)	배당수익률(%)	배당감안이익성장률(1년)	배당감안이익성장률(3년)	배당감안이익성장률(5년)	주당잉여현금흐름	잉여현금흐름수익률(%)	배당감안점수기준	배당감안점수	배당감안점수판정	사용연성장률기준	사용연성장률(%)	린치PER배수	린치PER판정	하드필터통과	하드필터사유	종합판정	종합판정사유	발행주식수	비고
"=""090430"""	아모레퍼시픽	직접추가	메인	132700.0	1240.0	3421.0	524558265446.0	595819964751.0		256253631834.0						판정불가	일반	일반	19154.135475076495	14773.189248313625	33.19084025867392	34.47144424194281	N	N	-60.24866372298396	20.627708642947496	46.209846998093965		49.75541728589499	100.91969399618793		170213.28253504678	345246.2731609589		28.269240795061634	160.17051481609565	3년	49.75541728589499	170213.28253504678	28.269240795061634	0.9344385832705351	-1.787066090446823	0.6496414992260731	1.4204004844090699	8421.099814611242	6.345968209955721	3년	0.6496414992260731	불리(<1)	3년	20.627708642947496	1.609041548588175	보통	Y	통과	제외	배당감안점수<1	58492759.0	단기위험부채 존재; 배당감안점수<1; fs=2025:CFS,2024:CFS,2022:CFS,2020:CFS
"=""002790"""	아모레퍼시픽홀딩스	직접추가	메인	25300.0	400.0	1366.0	596631422270.0	1336881950600.0		256253631834.0						판정불가	일반	일반	24333.723385937104	21108.710783911738	0.7073767306463364	3.068293716023618	N	N	-50.96913137114143												1년				1.5810276679841897	-69.81867166881626			6579.082341427906	26.004278029359313	1년	-69.81867166881626	불리(<1)	1년	-50.96913137114143		판정불가	Y	통과	보류	배당감안점수 또는 린치PER배수 미산출	79458180.0	단기위험부채 존재; 배당감안점수<1; fs=2025:CFS,2024:CFS,2022:CFS,2020:CFS
"=""278470"""	에이피알	직접추가	메인	366000.0	5090.0		154350192148.0	117891913354.0	78219359846.0	0.0						판정불가	일반	일반	5183.525259069071	5183.525259069071			N	N													판정불가				1.3907103825136613						판정불가		판정불가	판정불가			판정불가	N	주당FCF<=0 / 순현금차감PER<=0	제외	하드필터 미통과	37430655.0	EPS 미추출; fs=2025:CFS,2024:CFS,2022:CFS,2020:CFS
"=""002030"""	아세아	직접추가	메인	201000.0	5600.0	18725.0	163716811000.0	12160000.0	658028958000.0	265707008000.0						판정불가	일반	일반	-238487.41512057534	-366684.4193364424	23.470622970391208	30.316924931185174	Y	Y	-50.09727367214776	-25.894534715298978	-3.336896679607082			1.826206640785836			34195.71934871478			-82.987204304122	3년				2.7860696517412937	-2.01576260161866	-0.9845697360785696	-0.02346878600370645	-24122.07535681443	-12.001032515828074	3년	-0.9845697360785696	불리(<1)	3년	-25.894534715298978		판정불가	N	주당순현금<=0 / 주당FCF<=0	제외	하드필터 미통과	2072646.0	주당순현금 음수(린치식); 주당순현금 음수(보수형); 단기위험부채 존재; 주당FCF 음수; 1년 점수 과열 가능; 배당감안점수<1; fs=2025:CFS,2024:CFS,2022:CFS,2020:CFS
"=""282330"""	BGF리테일	필수소비재	메인	127900.0	4100.0	11303.0	414042445266.0	56154402761.0		0.0						판정불가	일반	일반	27204.316433276137	27204.316433276137	8.90875728273236	8.90875728273236	N	N	0.017697548889472614	0.2966584171548048	9.736317603940137	8.535395097778945	9.09331683430961	27.972635207880273	96475.57079019542	102781.76017820151	316174.6957546707	-24.569530265679894	-19.638967804377238	147.20460965963306	3년	9.09331683430961	102781.76017820151	-19.638967804377238	3.205629397967162	0.3618155534559613	0.3931286602577411	1.4527219219444196	30299.629909466068	23.690093752514517	3년	0.3931286602577411	불리(<1)	3년	0.2966584171548048	30.030353994923114	매우 불리	Y	통과	제외	배당감안점수<1	17283906.0	배당감안점수<1; PER>연성장률의 2배; fs=2025:CFS,2024:CFS,2022:CFS,2020:CFS
"=""138930"""	BNK금융지주	직접추가	메인	15940.0	735.0	2512.0		18192691866568.0	16445000245415.0							판정불가	일반	일반	5631.773694536628	5631.773694536628	4.103593274467904	4.103593274467904	N	N	15.547378104875808			39.594756209751615			99462.02759889606			523.9775884497872			1년	39.594756209751615	99462.02759889606	523.9775884497872	4.611041405269762	4.912382432140386					1년	4.912382432140386	안심(>=2)	1년	15.547378104875808	0.2639411768844148	매우 유망	N	주당FCF<=0	제외	하드필터 미통과	310327033.0	fs=2025:CFS,2024:CFS,2022:NA,2020:NA
"=""068270"""	셀트리온	헬스케어	메인	182600.0	750.0	4668.0	1119206211717.0									판정불가	일반	일반	4845.86731932615	4845.86731932615	38.079291491146925	38.079291491146925	N	N	127.9296875	6.22945826601542	3.8046169226709114	264.359375	20.95891653203084	16.109233845341823	1234029.5625	97836.22237151997	75197.90359005563	575.8102751916758	-46.420469676056975	-58.81823461661795	3년	20.95891653203084	97836.22237151997	-46.420469676056975	0.41073384446878425	3.3703468819609395	0.17437803726017292	0.11069929618096294	1360.9075488767974	0.7452943860223424	3년	0.17437803726017292	불리(<1)	3년	6.22945826601542	6.112777366033111	매우 불리	Y	통과	제외	배당감안점수<1	230960969.0	1년 점수 과열 가능; 배당감안점수<1; PER>연성장률의 2배; fs=2025:CFS,2024:CFS,2022:CFS,2020:CFS
"=""030000"""	제일기획	직접추가	메인	18700.0	1230.0	2049.0	622369326472.0	216919787330.0	234763824456.0	4043255307.0						판정불가	일반	일반	5254.857894167939	5219.71175149604	6.56180678664327	6.578959613715939	N	N	0.0	2.315711686466715		8.5	13.13142337293343		17416.5	26906.286491140596		-6.863636363636361	43.88388497936147		3년	13.13142337293343	26906.286491140596	43.88388497936147	6.577540106951872	1.0023977116090383	1.3553053423519013		1492.008099731205	7.978652939739065	3년	1.3553053423519013	보통(1~1.5)	3년	2.315711686466715	2.8336026565790653	매우 불리	Y	통과	제외	린치PER배수>=2	115041225.0	단기위험부채 존재; PER>연성장률의 2배; fs=2025:CFS,2024:CFS,2022:CFS,2020:CFS
"=""185750"""	종근당	직접추가	메인	65200.0	500.0	5882.0	216235970816.0	108445557936.0		162832228224.0						판정불가	일반	일반	23522.90833817535	11725.848019601848	7.085530714353052	9.091151305746031	N	N	-28.564488705367985	-5.359713960632673	-7.035300955800583										3년				0.7668711656441718	-3.9231525005479972	-0.6482002520551988	-0.8846803496961135	-8097.876847707491	-12.42005651488879	3년	-0.6482002520551988	불리(<1)	3년	-5.359713960632673		판정불가	N	주당FCF<=0	제외	하드필터 미통과	13802780.0	단기위험부채 존재; 주당FCF 음수; 배당감안점수<1; fs=2025:CFS,2024:CFS,2022:CFS,2020:CFS
"=""001040"""	CJ	직접추가	메인	131500.0	3300.0	4321.0	2587324564000.0	1114436500000.0	6845375033000.0	4564809586000.0						판정불가	일반	일반	-107742.88598847626	-264195.22512220073	55.36748113595841	91.57491902851208	Y	Y	44.370197126628796	-10.479231651272991	10.856012353166022	97.24039425325759		30.212024706332045	420175.74356832606		130546.15875606076	219.52528028009587		-0.7253545581286991	3년				2.5095057034220534	0.8467010213980066	-0.14394236082874645	0.24139653425389151	55371.62013720534	42.107695921829155	3년	-0.14394236082874645	불리(<1)	3년	-10.479231651272991		판정불가	N	주당순현금<=0	제외	하드필터 미통과	29176998.0	주당순현금 음수(린치식); 주당순현금 음수(보수형); 단기위험부채 존재; 1년 점수 과열 가능; 배당감안점수<1; fs=2025:CFS,2024:CFS,2022:CFS,2020:CFS
"=""097950"""	CJ제일제당	필수소비재	메인	179300.0	6000.0	-35668.0	1038957402000.0	243275982000.0	2029479364000.0	4904408060000.0						판정불가	일반	일반	-49637.08964403655	-375420.76602481195			Y	Y	-483.77447815795136												1년				3.3463469046291134				48486.635145865745	27.04218357270817	판정불가		판정불가	1년	-483.77447815795136		판정불가	N	주당순현금<=0 / 순현금차감PER<=0	제외	하드필터 미통과	15054186.0	주당순현금 음수(린치식); 주당순현금 음수(보수형); 단기위험부채 존재; fs=2025:CFS,2024:CFS,2022:CFS,2020:CFS
"=""000120"""	CJ대한통운	직접추가	메인	70700.0	800.0	11347.0	307146405592.0	86460297519.0	237118568377.0							판정불가	일반	일반	6859.800761114246	6859.800761114246	5.62617425212706	5.62617425212706	N	N	-6.130046326935801	11.480536742818348			31.461073485636696			356988.8008415196			404.9346546556147		3년	31.461073485636696	356988.8008415196	404.9346546556147	1.1315417256011315	-0.8884375736220593	2.2416793194151947		12818.247147684604	18.130476870841026	3년	2.2416793194151947	안심(>=2)	3년	11.480536742818348	0.4900619525168555	매우 유망	Y	통과	매우 유망	배당감안점수>=2 & 린치PER배수<=0.5	22812344.0	fs=2025:CFS,2024:CFS,2022:CFS,2020:CFS
"=""192820"""	코스맥스	직접추가	메인	270000.0	3300.0	10847.0	192279928597.0									판정불가	일반	일반	16941.695768248654	16941.695768248654	23.32979664716063	23.32979664716063	N	N	43.4408886537953	80.71243772559032	38.50568621710888	95.3817773075906	169.92487545118064	85.51137243421776	1034606.1384554352	1843175.1240189564	927541.8567939601	283.1874586871982	582.6574533403542	243.53402103480005	3년	169.92487545118064	1843175.1240189564	582.6574533403542	1.2222222222222223	1.914423496762595	3.512017750818435	1.7028827571956662	-9341.661092827891	-3.459874478825145	3년	3.512017750818435	안심(>=2)	3년	80.71243772559032	0.2890483462595727	매우 유망	N	주당FCF<=0	제외	하드필터 미통과	11349509.0	주당FCF 음수; fs=2025:CFS,2024:CFS,2022:CFS,2020:CFS
"=""005420"""	코스모화학	직접추가	메인	11190.0		-791.0	42470783114.0	0.0	359006489619.0	388905499282.0						판정불가	일반	일반	-8241.35147565256	-18366.929236803113			Y	Y	-53.084223013048636												1년								1735.2172172327241	15.506856275538198	판정불가		판정불가	1년	-53.084223013048636		판정불가	N	주당순현금<=0 / 순현금차감PER<=0	제외	하드필터 미통과	38408228.0	주당순현금 음수(린치식); 주당순현금 음수(보수형); 단기위험부채 존재; fs=2025:CFS,2024:CFS,2022:CFS,2020:CFS
"=""021240"""	코웨이	직접추가	메인	101600.0	1940.0	8630.0	182190550994.0	2827952531.0	904957690609.0	910394928000.0						판정불가	일반	일반	-10011.790673154132	-22672.142564755995	12.933000078001637	14.400016519670451	Y	Y	10.06249202907792	10.977619808999673	9.097067548815364	28.62498405815584	30.455239617999347	26.694135097630728	247033.6124218849	262828.71790333436	230370.38589255317	143.14331931287882	158.6896829757228	126.74250579975705	3년	30.455239617999347	262828.71790333436	158.6896829757228	1.909448818897638	0.9256893818735227	0.9964485077068503	0.8510412357017236	-2804.5647658552634	-2.7603983915898263	3년	0.9964485077068503	불리(<1)	3년	10.977619808999673	1.1781242476077467	보통	N	주당순현금<=0 / 주당FCF<=0	제외	하드필터 미통과	71909133.0	주당순현금 음수(린치식); 주당순현금 음수(보수형); 단기위험부채 존재; 주당FCF 음수; 배당감안점수<1; fs=2025:CFS,2024:CFS,2022:CFS,2020:CFS
"=""112610"""	씨에스윈드	직접추가	메인	55400.0	1000.0	837.0	478878903508.0	28665354936.0	782993106603.0	242475043746.0						판정불가	일반	일반	-6531.6500890188545	-12281.40054778353	73.99241348747772	80.86188834860637	Y	Y	-75.62609202096681	371.20709785870895	-15.050492534791582		750.9141957174179			628515.1818154788			1034.5039382950881		3년	750.9141957174179	628515.1818154788	1034.5039382950881	1.8050541516245486	-0.9976838758183707	5.041221585148876	-0.1790107628454187	10303.466412416965	18.598314823857336	3년	5.041221585148876	안심(>=2)	3년	371.20709785870895	0.19932919902205412	매우 유망	N	주당순현금<=0	제외	하드필터 미통과	42171403.0	주당순현금 음수(린치식); 주당순현금 음수(보수형); 단기위험부채 존재; fs=2025:CFS,2024:CFS,2022:CFS,2020:CFS
"=""001680"""	대상	직접추가	메인	17830.0	850.0	-8438.0	595682138976.0	95932724888.0	719633177987.0	369419425431.0						판정불가	일반	일반	-808.6554463926876	-11470.718447992345			Y	Y	-419.37925813777446												1년				4.767246214245653						판정불가		판정불가	1년	-419.37925813777446		판정불가	N	주당순현금<=0 / 주당FCF<=0 / 순현금차감PER<=0	제외	하드필터 미통과	34648025.0	주당순현금 음수(린치식); 주당순현금 음수(보수형); 단기위험부채 존재; fs=2025:CFS,2024:CFS,2022:CFS,2020:CFS
"=""047040"""	대우건설	직접추가	메인	17610.0		-2220.0	1828879779729.0	434603860342.0	3056914611252.0	366055916900.0						판정불가	일반	일반	-1909.0176969162108	-2789.758742835851			Y	Y	-489.47368421052636												1년								846.7375999427635	4.808277114950389	판정불가		판정불가	1년	-489.47368421052636		판정불가	N	주당순현금<=0 / 순현금차감PER<=0	제외	하드필터 미통과	415622638.0	주당순현금 음수(린치식); 주당순현금 음수(보수형); 단기위험부채 존재; fs=2025:CFS,2024:CFS,2022:CFS,2020:CFS
"=""003090"""	대웅	직접추가	메인	15340.0	200.0	4280.0	255917494906.0	69412115604.0	668965344648.0	118388808025.0						판정불가	일반	일반	-5910.286064182885	-7946.487927707312	4.965020108453945	5.440768207408251	Y	Y	202.2598870056497	20.159526008317698	12.806544500421424	413.0197740112994	48.819052016635396	34.11308900084285	1767724.6327683614	208945.5426311995	146004.0209236074	11423.628636038862	1262.0961058096445	851.7863163207784	3년	48.819052016635396	208945.5426311995	1262.0961058096445	1.303780964797914	40.99956566617716	4.322904339615868	2.841947294673323	-1554.3945053642824	-10.132949839402102	3년	4.322904339615868	안심(>=2)	3년	20.159526008317698	0.2462865499122057	매우 유망	N	주당순현금<=0 / 주당FCF<=0	제외	하드필터 미통과	58141980.0	주당순현금 음수(린치식); 주당순현금 음수(보수형); 단기위험부채 존재; 주당FCF 음수; 1년 점수 과열 가능; fs=2025:CFS,2024:CFS,2022:CFS,2020:CFS
"=""069620"""	대웅제약	직접추가	메인	109000.0	600.0	17022.0	168941641596.0	50139032546.0	550560567693.0	70828808025.0						판정불가	일반	일반	-28608.962834228405	-34721.96931155238	8.084182988733899	8.4433068565123	Y	Y	691.7209302325581	64.61424206621207	70.08103158930474	1391.9418604651162	137.72848413242414	148.6620631786095	23693634.348837208	2344414.256902124	2530525.6394262905	21637.279219116703	2050.8387678001136	2221.583155436964	3년	137.72848413242414	2344414.256902124	2050.8387678001136	0.5504587155963303	85.63282027545671	8.060765184635455	8.736997962976961	-7954.179962240783	-7.2974128093952135	3년	8.060765184635455	안심(>=2)	3년	64.61424206621207	0.12511456809243082	매우 유망	N	주당순현금<=0 / 주당FCF<=0	제외	하드필터 미통과	11586575.0	주당순현금 음수(린치식); 주당순현금 음수(보수형); 단기위험부채 존재; 주당FCF 음수; 1년 점수 과열 가능; fs=2025:CFS,2024:CFS,2022:CFS,2020:CFS
"=""005830"""	DB손해보험	직접추가	메인	182800.0	7600.0	29597.0	1713419000000.0	38577437000000.0								판정불가	일반	일반	580693.762250663	580693.762250663	-13.4437193719182	-13.4437193719182	N	N	-4.024255788313125			0.4514884233737497			13362.70286659287			-92.68998749092295			1년	0.4514884233737497	13362.70286659287	-92.68998749092295	4.157549234135667	-0.009914923254123449					1년	-0.009914923254123449	불리(<1)	1년	-4.024255788313125		판정불가	N	주당FCF<=0 / 순현금차감PER<=0	제외	하드필터 미통과	69384000.0	배당감안점수<1; fs=2025:CFS,2024:CFS,2022:NA,2020:NA
"=""000210"""	DL	직접추가	메인	48850.0	1000.0	-3845.0	1148320161495.0	191085453910.0	4026838230267.0	1422974217066.0						판정불가	일반	일반	-128242.38838418842	-196145.71410721686			Y	Y	-196.17308654327164												1년				2.047082906857728				13042.307430075487	26.698684606091067	판정불가		판정불가	1년	-196.17308654327164		판정불가	N	주당순현금<=0 / 순현금차감PER<=0	제외	하드필터 미통과	20955884.0	주당순현금 음수(린치식); 주당순현금 음수(보수형); 단기위험부채 존재; fs=2025:CFS,2024:CFS,2022:CFS,2020:CFS
"=""375500"""	DL이앤씨	직접추가	메인	75000.0	890.0	8796.0	1844315983193.0	467317685812.0	444336959874.0	519274372386.0						판정불가	일반	일반	48258.513014689786	34838.3591979743	3.040187242531857	4.5658982266968735	N	N	61.010433827567276	-4.5977556239353845		130.52086765513457			1148061.5518945637			1430.7487358594183			3년				1.1866666666666665	20.45831244342583	-1.121999628689967		5614.431755408378	7.485909007211171	3년	-1.121999628689967	불리(<1)	3년	-4.5977556239353845		판정불가	Y	통과	보류	배당감안점수 또는 린치PER배수 미산출	38693623.0	단기위험부채 존재; 1년 점수 과열 가능; 배당감안점수<1; fs=2025:CFS,2024:CFS,2022:CFS,2020:NA
"=""007340"""	DN오토모티브	직접추가	메인	50000.0	1000.0	5440.0	387784364000.0	182678434000.0	166472358000.0	641674039000.0						판정불가	일반	일반	6904.537131693404	-4062.213043680007	7.921960086085772	9.937906809500001	N	Y	-12.568306010928964	-36.239823236398784	0.45844418153007105			9.416888363060142			51227.872695047176			2.455745390094344	3년				2.0	-1.3340519134262323	-4.32214033702821	0.3103328159716574	1407.8963795869365	2.815792759173873	3년	-4.32214033702821	불리(<1)	3년	-36.239823236398784		판정불가	Y	통과	보류	배당감안점수 또는 린치PER배수 미산출	58510865.0	주당순현금 음수(보수형); 단기위험부채 존재; 1년 점수 과열 가능; 배당감안점수<1; fs=2025:CFS,2024:CFS,2022:CFS,2020:CFS
"=""026960"""	동서	직접추가	메인	27700.0	1140.0	1468.0	38923278454.0	723123250000.0	100000000.0	1896791452.0						판정불가	일반	일반	7642.392461925778	7623.367472437312	13.66322039378353	13.67618019588739	N	N	-7.90464240903388	-4.791896569068244	4.358606974752632			17.217213949505265			25274.87007787373			-8.75498166832589	3년				4.115523465703971	-0.2773225370099333	-0.04950319791899191	0.6202147221684392	1043.7561603209629	3.768072780942104	3년	-0.04950319791899191	불리(<1)	3년	-4.791896569068244		판정불가	Y	통과	보류	배당감안점수 또는 린치PER배수 미산출	99700000.0	단기위험부채 존재; 배당감안점수<1; fs=2025:CFS,2024:CFS,2022:CFS,2020:CFS
"=""006040"""	동원산업	직접추가	메인	35350.0	1150.0	8793.0	462412200801.0	2315664040.0	920658109908.0	869187931428.0						판정불가	일반	일반	-10327.316971310991	-30015.370950217297	5.194736377949618	7.433796309589139	Y	Y	362.7894736842105	15.223245686790676	-33.98325939665047	734.078947368421	38.94649137358135		6454756.184210526	342456.4986479008		18159.564877540386	868.7595435584182		3년	38.94649137358135	342456.4986479008	868.7595435584182	3.253182461103253	70.46414476374106	3.556759535733485	-5.915618175734355	2047.1984446583815	5.791226151791744	3년	3.556759535733485	안심(>=2)	3년	15.223245686790676	0.34123711098331216	매우 유망	N	주당순현금<=0	제외	하드필터 미통과	44147986.0	주당순현금 음수(린치식); 주당순현금 음수(보수형); 단기위험부채 존재; 1년 점수 과열 가능; fs=2025:CFS,2024:CFS,2022:CFS,2020:CFS
"=""014820"""	동원시스템즈	직접추가	메인	21300.0	600.0	1884.0	158748112816.0	38387113087.0	134729679435.0	120000000000.0						판정불가	일반	일반	2152.5625002716333	-1986.6128559613196	10.163183386267711	12.360197906561211	N	Y	-25.386138613861387	-8.631888523856201	-1.217505302346611			6.064989395306778			11426.44002075797			-46.3547416865823	3년				2.8169014084507045	-2.2206858173892425	-0.5721619786239999	0.15737156807237832	2395.320646013515	11.245636835744204	3년	-0.5721619786239999	불리(<1)	3년	-8.631888523856201		판정불가	Y	통과	보류	배당감안점수 또는 린치PER배수 미산출	28991282.0	주당순현금 음수(보수형); 단기위험부채 존재; 배당감안점수<1; fs=2025:CFS,2024:CFS,2022:CFS,2020:CFS
"=""000150"""	두산	직접추가	메인	1341000.0	4000.0	4194.0	4927903000000.0	175670000000.0	4309343000000.0	3985915000000.0						판정불가	일반	일반	49045.20763611584	-197092.59727544463	308.04835297183695	366.7364323498914	N	Y	-133.60576923076923												1년				0.2982848620432513	-0.43274857041976617			5159.062075166259	0.38471752984088436	1년	-0.43274857041976617	불리(<1)	1년	-133.60576923076923		판정불가	Y	통과	보류	배당감안점수 또는 린치PER배수 미산출	16193835.0	주당순현금 음수(보수형); 단기위험부채 존재; 배당감안점수<1; fs=2025:CFS,2024:CFS,2022:CFS,2020:CFS
"=""241560"""	두산밥캣	직접추가	메인	55200.0	1700.0	2.95	1389744000.0	5896000.0	976095000.0	54294000.0						판정불가	일반	일반	4.376822687223808	3.810410953130613	18710.380738072126	18710.572742049782	N	N	-28.743961352657	-92.28374718011123	-73.96450801980052										3년				3.0797101449275366	-0.0013716584160955907	-0.004767622758935641	-0.003788527816039343	6.059063659665145	0.010976564600842655	3년	-0.004767622758935641	불리(<1)	3년	-92.28374718011123		판정불가	Y	통과	보류	배당감안점수 또는 린치PER배수 미산출	95856065.0	단기위험부채 존재; 1년 점수 과열 가능; 배당감안점수<1; fs=2025:CFS,2024:CFS,2022:CFS,2020:CFS
"=""034020"""	두산에너빌리티	전력/에너지설비	메인	81100.0		132.0	3080997000000.0	107870000000.0	3096393000000.0	1883572000000.0						판정불가	일반	일반	144.364047956165	-2796.1389965416356	613.3002723639685	635.5768105798609	N	Y	-24.13793103448276												1년					-0.039357443852817815			83.81713492188614	0.10335035132168452	1년	-0.039357443852817815	불리(<1)	1년	-24.13793103448276		판정불가	Y	통과	보류	배당감안점수 또는 린치PER배수 미산출	640561146.0	주당순현금 음수(보수형); 단기위험부채 존재; 배당감안점수<1; fs=2025:CFS,2024:CFS,2022:CFS,2020:CFS
"=""454910"""	두산로보틱스	직접추가	메인	73100.0		-856.0	156738581281.0	40399292507.0	16815636710.0							판정불가	일반	일반	2781.8928219046043	2781.8928219046043			N	N													판정불가								-504.36322470324734	-0.6899633716870688	판정불가		판정불가	판정불가			판정불가	N	주당FCF<=0 / 순현금차감PER<=0	제외	하드필터 미통과	64819980.0	주당FCF 음수; fs=2025:CFS,2024:CFS,2022:NA,2020:NA
"=""192080"""	더블유게임즈	직접추가	메인	58500.0	1200.0	6651.0	569919505893.0	290204328298.0	53240025218.0							판정불가	일반	일반	37536.62715928326	37536.62715928326	3.151912921472972	3.151912921472972	N	N	-29.55195424213537		0.05119867759955099			8.602397355199102			57214.54480942923			-2.1973593001209712	5년	8.602397355199102	57214.54480942923	-2.1973593001209712	2.051282051282051	-8.725073590548792		0.6670491162868349	10978.50357230814	18.766672773176307	5년	0.6670491162868349	불리(<1)	5년	0.05119867759955099	61.562389289144726	매우 불리	Y	통과	제외	배당감안점수<1	21495906.0	배당감안점수<1; PER>연성장률의 2배; fs=2025:CFS,2024:CFS,2022:CFS,2020:CFS
"=""450080"""	에코프로머티	직접추가	메인	38000.0		345.0	45037598354.0	777438041.0								판정불가	일반	일반	649.3175374808915	649.3175374808915	108.26284771744669	108.26284771744669	N	N	-155.8252427184466	5.476875138059767			19.453750276119536			6711.54384526124			-82.33804251247042		3년	19.453750276119536	6711.54384526124	-82.33804251247042		-1.4393233320920225	0.050588685348031556		-2943.2049268330334	-7.745276123244825	3년	0.050588685348031556	불리(<1)	3년	5.476875138059767	19.767266002671697	매우 불리	N	주당FCF<=0	제외	하드필터 미통과	70558754.0	주당FCF 음수; 배당감안점수<1; PER>연성장률의 2배; fs=2025:OFS,2024:OFS,2022:OFS,2020:NA
"=""139480"""	이마트	직접추가	메인	71900.0	2500.0	5084.0	1303365061491.0	1225715519294.0	5485558368112.0	3111389126654.0						판정불가	일반	일반	-107134.98980867355	-219883.5596791311	35.215379584711556	57.39251763948292	Y	Y	-122.85971223021583	-48.64098247110502	-16.302783941696873										3년				3.477051460361613	-3.3900716725962297	-1.2825058694057332	-0.36420827015317586	20093.231814609306	27.946080409748685	3년	-1.2825058694057332	불리(<1)	3년	-48.64098247110502		판정불가	N	주당순현금<=0	제외	하드필터 미통과	27595819.0	주당순현금 음수(린치식); 주당순현금 음수(보수형); 단기위험부채 존재; 1년 점수 과열 가능; 배당감안점수<1; fs=2025:CFS,2024:CFS,2022:CFS,2020:CFS
"=""383220"""	F&F	직접추가	메인	69700.0	2700.0	10611.0	325383761882.0	16380800000.0	136145710441.0	186267116479.0						판정불가	일반	일반	5367.64687570116	505.17391270411537	6.062798334209673	6.521046657930061	N	N	11.64772727272727	-2.8457492223840752		31.79545454545454	2.8085015552318495		337381.5681818181	29801.010002565155		384.0481609495239	-57.243888088141816		3년	2.8085015552318495	29801.010002565155	-57.243888088141816	3.873744619799139	2.560116803645876	0.16955790721498076		8579.832305807739	12.309658975333914	3년	0.16955790721498076	불리(<1)	3년	-2.8457492223840752		판정불가	Y	통과	보류	배당감안점수 또는 린치PER배수 미산출	38307075.0	단기위험부채 존재; 1년 점수 과열 가능; 배당감안점수<1; fs=2025:CFS,2024:CFS,2022:CFS,2020:NA
"=""093370"""	후성	직접추가	메인	16390.0		50.0	67697035372.0	6532556311.0	163041804446.0	95387151720.0						판정불가	일반	일반	-828.0447485733343	-1717.3912427755338	344.3608949714667	362.1478248555107	Y	Y	-107.48502994011977	-63.71940165586019	-5.111991994525078										3년					-0.3121290236774006	-0.18503669431205277	-0.014844867896363934	3.33571650938	0.020352144657596095	3년	-0.18503669431205277	불리(<1)	3년	-63.71940165586019		판정불가	N	주당순현금<=0	제외	하드필터 미통과	107255330.0	주당순현금 음수(린치식); 주당순현금 음수(보수형); 단기위험부채 존재; 1년 점수 과열 가능; 배당감안점수<1; fs=2025:CFS,2024:CFS,2022:CFS,2020:CFS
"=""114090"""	GKL	직접추가	메인	8500.0	414.0	761.0	213092869283.0		30375090489.0							판정불가	일반	일반	2953.9374287595624	2953.9374287595624	7.287861460237107	7.287861460237107	N	N	42.509363295880156			93.51872659176031			71167.7509363296			737.2676580744658			1년	93.51872659176031	71167.7509363296	737.2676580744658	4.870588235294117	6.501214627868734			1553.3159719230266	18.274305552035607	1년	6.501214627868734	안심(>=2)	1년	42.509363295880156	0.17144132245667904	매우 유망	Y	통과	매우 유망	배당감안점수>=2 & 린치PER배수<=0.5	61855670.0	fs=2025:CFS,2024:CFS,2022:CFS,2020:CFS
"=""006280"""	녹십자	직접추가	메인	125800.0	1500.0		49372311054.0		105096001522.0							판정불가	일반	일반	-4768.194863868153	-4768.194863868153			Y	Y													판정불가				1.192368839427663				-497.6412769975163	-0.3955813012698857	판정불가		판정불가	판정불가			판정불가	N	주당순현금<=0 / 주당FCF<=0 / 순현금차감PER<=0	제외	하드필터 미통과	11686538.0	주당순현금 음수(린치식); 주당순현금 음수(보수형); 주당FCF 음수; EPS 미추출; fs=2025:CFS,2024:CFS,2022:CFS,2020:CFS
"=""005250"""	녹십자홀딩스	직접추가	메인	9680.0	300.0	0.0	79656808438.0		2117348227.0							판정불가	일반	일반	1648.7861266886407	1648.7861266886407			N	N	-100.0												1년				3.0991735537190084				-2674.1633975649934	-27.625654933522657	판정불가		판정불가	1년	-100.0		판정불가	N	주당FCF<=0 / 순현금차감PER<=0	제외	하드필터 미통과	47028210.0	주당FCF 음수; fs=2025:CFS,2024:CFS,2022:CFS,2020:CFS
"=""078930"""	GS	직접추가	메인	106400.0	3000.0	8550.0	1610917000000.0	857643000000.0	104176000000.0							판정불가	일반	일반	25446.638122701283	25446.638122701283	9.468229459333182	9.468229459333182	N	N	41.60317986088109	-27.687155007765817		91.70635972176218			784089.3756210667			636.9261049070176			3년				2.819548872180451	4.691767233130627	-2.626426222811114		3039.077126716312	2.8562754950341276	3년	-2.626426222811114	불리(<1)	3년	-27.687155007765817		판정불가	Y	통과	보류	배당감안점수 또는 린치PER배수 미산출	92915378.0	1년 점수 과열 가능; 배당감안점수<1; fs=2025:CFS,2024:CFS,2022:CFS,2020:CFS
"=""006360"""	GS건설	직접추가	메인	33050.0	500.0	1073.0	3015810000000.0	301590000000.0								판정불가	일반	일반	38763.054954990854	38763.054954990854	-5.324375540532016	-5.324375540532016	N	N	-62.91047355686139	-35.490770024369326	-22.823533314849886										3년				1.5128593040847202	11.53142068687397	6.381576667841409	4.002473876708513	3464.721168093708	10.48327131041969	3년	6.381576667841409	안심(>=2)	3년	-35.490770024369326		판정불가	N	순현금차감PER<=0	제외	하드필터 미통과	85581490.0	fs=2025:CFS,2024:CFS,2022:CFS,2020:CFS
"=""007070"""	GS리테일	직접추가	메인	22150.0	600.0	585.0	294440001357.0	139922954133.0	2214168472527.0							판정불가	일반	일반	-21287.651544267934	-21287.651544267934	74.25239580216741	74.25239580216741	Y	Y	-345.7983193277311	17.566734386037865	-23.182279339928648		43.63346877207573			25525.579231664302			15.239635357400916		3년	43.63346877207573	25525.579231664302	15.239635357400916	2.708803611738149	-4.620585127382223	0.27306240800359705	-0.27572815000796086	8424.851248528614	38.03544581728494	3년	0.27306240800359705	불리(<1)	3년	17.566734386037865	4.2268753070680924	매우 불리	N	주당순현금<=0	제외	하드필터 미통과	83607415.0	주당순현금 음수(린치식); 주당순현금 음수(보수형); 배당감안점수<1; PER>연성장률의 2배; fs=2025:CFS,2024:CFS,2022:CFS,2020:CFS
"=""086790"""	하나금융지주	직접추가	메인	129100.0	4105.0	13954.0		73098647000000.0	72812888000000.0							판정불가	일반	일반	1026.7067789838566	1026.7067789838566	9.178249478358616	9.178249478358616	N	N	10.491725393934592			29.483450787869184			411412.0722939266			218.6770505762406			1년	29.483450787869184	411412.0722939266	218.6770505762406	3.1797056545313707	1.489546681063945			-14044.963863826157	-10.879135448354885	1년	1.489546681063945	보통(1~1.5)	1년	10.491725393934592	0.8748083974504981	헐값	N	주당FCF<=0	제외	하드필터 미통과	278325814.0	주당FCF 음수; fs=2025:CFS,2024:CFS,2022:NA,2020:NA
"=""009420"""	한올바이오파마	직접추가	메인	46100.0		-109.0	24743015950.0	0.0	15000000000.0	15739600000.0						판정불가	일반	일반	186.5026217711966	-114.78772617593224			N	Y	202.77777777777777			414.05555555555554									1년	414.05555555555554							-315.0056843677905	-0.6833095105591985	판정불가		판정불가	1년	202.77777777777777		판정불가	N	주당FCF<=0 / 순현금차감PER<=0	제외	하드필터 미통과	52240638.0	주당순현금 음수(보수형); 단기위험부채 존재; 주당FCF 음수; fs=2025:CFS,2024:CFS,2022:CFS,2020:CFS
"=""300720"""	한일시멘트	직접추가	메인	16050.0	1000.0	1061.0	129285266021.0		337958155586.0	209542035372.0						판정불가	일반	일반	-2837.341716779947	-5686.501277561126	17.801453078963196	20.48680610514715	Y	Y	-60.067745577719236	-2.308290966967641	-43.43181980026135		3.883418066064718			4120.306568094666			-74.32830798694911		3년	3.883418066064718	4120.306568094666	-74.32830798694911	6.230529595015576	-3.024315809720365	0.2203324981758386	-2.089789526744211	83.57535581957487	0.5207187278478185	3년	0.2203324981758386	불리(<1)	3년	-2.308290966967641		판정불가	N	주당순현금<=0	제외	하드필터 미통과	73545209.0	주당순현금 음수(린치식); 주당순현금 음수(보수형); 단기위험부채 존재; 배당감안점수<1; fs=2025:CFS,2024:CFS,2022:CFS,2020:CFS
"=""180640"""	한진칼	직접추가	메인	132300.0	360.0		110930322000.0	30600000000.0	366131984000.0	0.0						판정불가	일반	일반	-3364.2000447588075	-3364.2000447588075			Y	Y													판정불가				0.27210884353741494				1732.6632753204844	1.3096472224644629	판정불가		판정불가	판정불가			판정불가	N	주당순현금<=0 / 순현금차감PER<=0	제외	하드필터 미통과	66762279.0	주당순현금 음수(린치식); 주당순현금 음수(보수형); EPS 미추출; fs=2025:CFS,2024:CFS,2022:CFS,2020:CFS
"=""161390"""	한국타이어앤테크놀로지	직접추가	메인	59900.0	2300.0	8931.0	2603079747970.0	489388296676.0								판정불가	일반	일반	24964.41026923666	24964.41026923666	3.9117220614447814	3.9117220614447814	N	N	-2.2545693334792616	16.43379388057411	24.1178312692236	3.990861333041477	41.36758776114822	56.7356625384472	35642.38256539343	369453.9262948148	506706.20213087194	-40.4968571529325	516.7845180213936	745.920203891272	3년	41.36758776114822	369453.9262948148	516.7845180213936	3.8397328881469113	0.4052341985877634	5.18276259158174	7.147124391308231	-5650.2614211339005	-9.432823741458932	3년	5.18276259158174	안심(>=2)	3년	16.43379388057411	0.23802915442846764	매우 유망	N	주당FCF<=0	제외	하드필터 미통과	123875069.0	주당FCF 음수; fs=2025:CFS,2024:CFS,2022:CFS,2020:CFS
"=""000240"""	한국앤컴퍼니	직접추가	메인	25450.0	1100.0	3666.0	87970654737.0	34240766097.0	15178888600.0	83728229501.0						판정불가	일반	일반	1127.4267830786544	245.4757867889732	6.6346353564979115	6.875211187455271	N	N	-0.9991898460707582	28.543628944993937	19.90708834889714	6.5016203078584835	65.58725788998788	48.31417669779428	23834.9400486092	240442.88742469557	177119.77177411385	-6.346011596820422	844.7657659123598	595.9519519611546	3년	65.58725788998788	240442.88742469557	844.7657659123598	4.322200392927308	0.5008580529752881	4.953675307224338	3.6519397736146066	2176.2560889928754	8.55110447541405	3년	4.953675307224338	안심(>=2)	3년	28.543628944993937	0.23243839699862384	매우 유망	Y	통과	매우 유망	배당감안점수>=2 & 린치PER배수<=0.5	94935240.0	단기위험부채 존재; fs=2025:CFS,2024:CFS,2022:CFS,2020:CFS
"=""128940"""	한미약품	헬스케어	메인	506000.0	2000.0	13372.0	108273819495.0		91812500000.0	319500000000.0						판정불가	일반	일반	1284.9372460725326	-23654.585387266292	37.744171608878816	39.60922714532353	N	Y	39.77213337514372	26.231706206675454	68.07388619564503	88.04426675028743	60.96341241335091	144.64777239129006	1177327.9349848435	815202.7507913284	1934230.0124163306	132.67350493771613	61.10726300223881	282.25889573445266	3년	60.96341241335091	815202.7507913284	61.10726300223881	0.3952569169960474	1.064201135697754	0.705458935477282	1.8140322119703012	7534.569419649112	1.4890453398516033	3년	0.705458935477282	불리(<1)	3년	26.231706206675454	1.4388759660350903	보통	Y	통과	제외	배당감안점수<1	12810991.0	주당순현금 음수(보수형); 단기위험부채 존재; 배당감안점수<1; fs=2025:CFS,2024:CFS,2022:CFS,2020:CFS
"=""008930"""	한미사이언스	직접추가	메인	55300.0	300.0	1748.0	127389343692.0	0.0	0.0	199600000000.0						판정불가	일반	일반	1862.6474131965133	-1055.8417861270873	30.570567841420758	32.24018408817339	N	Y	99.08883826879271	20.062307210120522	38.49990058066466	206.67767653758543	48.624614420241045	85.49980116132932	361272.57858769933	84995.82600658135	149453.65243000365	553.2958021477384	53.69950453269683	170.25976931284566	3년	48.624614420241045	84995.82600658135	53.69950453269683	0.5424954792043399	3.2590606188545928	0.6740078495175006	1.2771236786439266	667.8946648379807	1.2077661208643413	3년	0.6740078495175006	불리(<1)	3년	20.062307210120522	1.5237812641010349	보통	Y	통과	제외	배당감안점수<1	68391550.0	주당순현금 음수(보수형); 단기위험부채 존재; 1년 점수 과열 가능; 배당감안점수<1; fs=2025:CFS,2024:CFS,2022:CFS,2020:CFS
"=""042700"""	한미반도체	반도체소부장	메인	272000.0	800.0	2256.0	276235377529.0	1620849416.0	1700783956.0							판정불가	일반	일반	2897.3777017947336	2897.3777017947336	119.28307725984276	119.28307725984276	N	N	41.97608558842039	33.93410123050573	17.576648487156234	92.45217117684078	76.36820246101146	43.65329697431247	208572.0981749528	172286.66475204186	98481.83797404893	-23.319081553326182	-36.659314429396375	-63.793441921305536	3년	76.36820246101146	172286.66475204186	-36.659314429396375	0.29411764705882354	0.3543688191695377	0.2869494958031877	0.14981811791530078	1415.2619637779844	0.5203168984477884	3년	0.2869494958031877	불리(<1)	3년	33.93410123050573	3.515138840707261	매우 불리	Y	통과	제외	배당감안점수<1	95312200.0	배당감안점수<1; PER>연성장률의 2배; fs=2025:CFS,2024:CFS,2022:CFS,2020:CFS
"=""018880"""	한온시스템	직접추가	메인	3830.0	316.0	-292.0	924789114632.0	12500000000.0	551438792860.0							판정불가	일반	일반	375.9762265709175	375.9762265709175			N	N	-55.69044006069803												1년				8.25065274151436				-358.42775774108145	-9.358427095067402	판정불가		판정불가	1년	-55.69044006069803		판정불가	N	주당FCF<=0 / 순현금차감PER<=0	제외	하드필터 미통과	1026262552.0	주당FCF 음수; fs=2025:CFS,2024:CFS,2022:CFS,2020:CFS
"=""014680"""	한솔케미칼	직접추가	메인	274000.0	2600.0	13428.0	112551479633.0	97254225348.0	138153315888.0	52809626645.0						판정불가	일반	일반	6321.231270657452	1662.3236254868134	19.9343736021256	20.281328297178522	N	N	22.295081967213104	-1.612254890420728	3.943248256290177	53.09016393442621	5.275490219158544	16.386496512580354	712894.7213114752	70839.28266286093	220037.875170929	160.1805552231661	-74.14624720333542	-19.694206141996716	3년	5.275490219158544	70839.28266286093	-74.14624720333542	0.948905109489051	1.1660254563616512	-0.03327668048024062	0.24541294667305613	10281.03332708436	3.7522019441913725	3년	-0.03327668048024062	불리(<1)	3년	-1.612254890420728		판정불가	Y	통과	보류	배당감안점수 또는 린치PER배수 미산출	11335195.0	단기위험부채 존재; 1년 점수 과열 가능; 배당감안점수<1; fs=2025:CFS,2024:CFS,2022:CFS,2020:CFS
"=""009240"""	한샘	직접추가	메인	39750.0	8530.0	2808.0	98241927402.0	251054722982.0	161476119968.0	96981921492.0						판정불가	일반	일반	7980.840700116019	3859.9000100620688	11.313803169474353	12.781374640291286	N	N	-69.38174681059863		-5.701809832138416										5년				21.459119496855347	-4.235766399316791		1.3927509104305045	2308.508445254018	5.807568415733379	5년	1.3927509104305045	보통(1~1.5)	5년	-5.701809832138416		판정불가	Y	통과	보류	배당감안점수 또는 린치PER배수 미산출	23533928.0	단기위험부채 존재; fs=2025:CFS,2024:CFS,2022:CFS,2020:CFS
"=""000880"""	한화	직접추가	메인	128900.0	1100.0	4122.0	14684582000000.0	103264989000000.0	60168760000000.0							판정불가	일반	일반	770834.9267100092	770834.9267100092	-155.7338492746262	-155.7338492746262	N	N	-50.52808449351897	-33.7392629586393	7.803689278908865			24.107378557817732			99370.61441532469			-22.908755302308236	3년				0.8533747090768037	0.31897182286199155	0.21116724721528227	-0.05558883973078657	29660.332448246358	23.01034324922138	3년	0.21116724721528227	불리(<1)	3년	-33.7392629586393		판정불가	N	순현금차감PER<=0	제외	하드필터 미통과	74958735.0	배당감안점수<1; fs=2025:CFS,2024:CFS,2022:CFS,2020:CFS
"=""012450"""	한화에어로스페이스	우주항공/방산	메인	1072000.0	7000.0	28530.0	7713355500000.0		12463889065000.0							판정불가	일반	일반	-92129.95017531911	-92129.95017531911	40.8037136409155	40.8037136409155	Y	Y	-37.89049744203766	93.07351740567623	64.20288154253949		194.64703481135246	136.90576308507897		5553279.903167886	3905921.420817303		418.0298417134222	264.35834149415143	3년	194.64703481135246	5553279.903167886	418.0298417134222	0.6529850746268656	-0.9126010611463383	2.297009122873557	1.5894599003393852	39867.85493454941	3.7190163185214002	3년	2.297009122873557	안심(>=2)	3년	93.07351740567623	0.43840304716395107	매우 유망	N	주당순현금<=0	제외	하드필터 미통과	51563401.0	주당순현금 음수(린치식); 주당순현금 음수(보수형); fs=2025:CFS,2024:CFS,2022:CFS,2020:CFS
"=""082740"""	한화엔진	직접추가	메인	48600.0		2071.0	276708027934.0	133988650000.0	53947006810.0	30000000000.0						판정불가	일반	일반	4275.157453852644	3915.6484367553294	21.40262797979109	21.576219972595208	N	N	113.94628099173553		62.28278611303117	236.39256198347107		133.06557222606233	489568.9958677686		275578.8000801751	907.3436128966431		467.0345680662039	5년	133.06557222606233	275578.8000801751	467.0345680662039		5.323938775150721		2.9100532033655013	3492.7128128726085	7.186651878338701	5년	2.9100532033655013	안심(>=2)	5년	62.28278611303117	0.343636329000271	매우 유망	Y	통과	매우 유망	배당감안점수>=2 & 린치PER배수<=0.5	83447142.0	단기위험부채 존재; fs=2025:CFS,2024:OFS,2022:CFS,2020:CFS
"=""088350"""	한화생명	직접추가	메인	5330.0	150.0	693.0	3103115000000.0	104518986000000.0								판정불가	일반	일반	123912.9344985205	123912.9344985205	-171.11534559671068	-171.11534559671068	N	N	-25.96153846153846												1년				2.8142589118198873	0.13527296145766327					1년	0.13527296145766327	불리(<1)	1년	-25.96153846153846		판정불가	N	주당FCF<=0 / 순현금차감PER<=0	제외	하드필터 미통과	868530000.0	배당감안점수<1; fs=2025:CFS,2024:CFS,2022:NA,2020:NA
"=""042660"""	한화오션	직접추가	메인	78800.0		4007.0	778471159631.0		5646344947762.0							판정불가	일반	일반	-15886.622071524067	-15886.622071524067	23.630302488526095	23.630302488526095	Y	Y	143.14320388349512		47.03819321855338	294.78640776699024		102.57638643710676	1181209.13592233		411023.5804534868	1398.9963653836676		421.6035284942726	5년	102.57638643710676	411023.5804534868	421.6035284942726		6.057611998534491		1.9905878581703809	1951.772804089628	2.476869040722878	5년	1.9905878581703809	양호(>=1.5)	5년	47.03819321855338	0.5023641613684587	헐값	N	주당순현금<=0	제외	하드필터 미통과	306413394.0	주당순현금 음수(린치식); 주당순현금 음수(보수형); fs=2025:CFS,2024:CFS,2022:CFS,2020:CFS
"=""009830"""	한화솔루션	석유화학	watchlist	36100.0	300.0	-12.0	2470461000000.0		8369710000000.0							판정불가	일반	일반	-34319.40174528579	-34319.40174528579			Y	Y	-99.19893190921229												1년				0.8310249307479225				-15547.574445000917	-43.068073254850184	판정불가		판정불가	1년	-99.19893190921229		판정불가	N	주당순현금<=0 / 주당FCF<=0 / 순현금차감PER<=0	제외	하드필터 미통과	171892536.0	린치식 단독판정 비중 낮춤; 주당순현금 음수(린치식); 주당순현금 음수(보수형); 주당FCF 음수; fs=2025:CFS,2024:CFS,2022:CFS,2020:CFS
"=""272210"""	한화시스템	우주항공/방산	메인	82900.0	500.0	1243.0	325483658125.0	164123075536.0	1615285782454.0	1474436243190.0						판정불가	일반	일반	-5958.515188681878	-13763.093908709392	71.48714013570546	77.76596452832614	Y	Y	-52.02624469316866		7.897266078384502			24.294532156769			30198.10347086387			-63.5728546792957	5년	24.294532156769	30198.10347086387	-63.5728546792957	0.6031363088057901	-0.7193336911610306		0.11890813328178759	-1268.1431386537038	-1.5297263433699684	5년	0.11890813328178759	불리(<1)	5년	7.897266078384502	9.052137717807422	매우 불리	N	주당순현금<=0 / 주당FCF<=0	제외	하드필터 미통과	188919389.0	주당순현금 음수(린치식); 주당순현금 음수(보수형); 단기위험부채 존재; 주당FCF 음수; 배당감안점수<1; PER>연성장률의 2배; fs=2025:CFS,2024:CFS,2022:CFS,2020:CFS
"=""267250"""	HD현대	직접추가	메인	201000.0	4000.0	13623.0	6367475266000.0		1596736136000.0							판정불가	일반	일반	60394.38933167378	60394.38933167378	10.321192884704265	10.321192884704265	N	N	89.12952936276552	-11.915391188425783		186.75905872553105			2544218.6570179095			1165.7804263770695			3년				1.9900497512437811	8.828396110012257	-0.9616467348353789		64511.54397881789	32.0952955118497	3년	-0.9616467348353789	불리(<1)	3년	-11.915391188425783		판정불가	Y	통과	보류	배당감안점수 또는 린치PER배수 미산출	78993085.0	1년 점수 과열 가능; 배당감안점수<1; fs=2025:CFS,2024:CFS,2022:CFS,2020:CFS
"=""267260"""	HD현대일렉트릭	전력설비	메인	678000.0	7100.0	20354.0	950781542257.0		55346966947.0							판정불가	일반	일반	24840.658635145344	24840.658635145344	32.089974519251975	32.089974519251975	N	N	46.06386795837818	65.20736528007924		100.62773591675636	138.9147305601585		2048176.936849659	2827470.425821466		202.09099363564295	317.0310362568534		3년	138.9147305601585	2827470.425821466	317.0310362568534	1.047197640117994	1.4680929575133346	2.064649907417304		19908.873951397247	2.9364120872267323	3년	2.064649907417304	안심(>=2)	3년	65.20736528007924	0.49212193103369284	매우 유망	Y	통과	매우 유망	배당감안점수>=2 & 린치PER배수<=0.5	36047135.0	fs=2025:CFS,2024:CFS,2022:CFS,2020:CFS
"=""329180"""	HD현대중공업	직접추가	메인	426000.0	5661.0	15702.0	1869917695000.0		20593805000.0							판정불가	일반	일반	17619.114963644908	17619.114963644908	26.008208192354804	26.008208192354804	N	N	124.2822453935152			257.0644907870304			4036426.634337952			847.5179892812093			1년	257.0644907870304	4036426.634337952	847.5179892812093	1.3288732394366196	4.8296721444222985					1년	4.8296721444222985	안심(>=2)	1년	124.2822453935152	0.2092672860069831	매우 유망	N	주당FCF<=0	제외	하드필터 미통과	104961225.0	fs=2025:CFS,2024:CFS,2022:CFS,2020:CFS
"=""071970"""	HD현대마린엔진	직접추가	메인	49100.0		4867.0	94276230277.0	247003276789.0								판정불가	일반	일반	10060.862797055377	10060.862797055377	8.02119112450064	8.02119112450064	N	N	97.52435064935065	113.65854515790357	162.5665198099373	203.5487012987013	235.81709031580715	333.6330396198746	990671.5292207792	1147721.7785670334	1623792.0038299295	1917.660955643135	2237.5188972852006	3207.112024093543	3년	235.81709031580715	1147721.7785670334	2237.5188972852006		12.158337725112121	14.169783937791331	20.2671295679989			3년	14.169783937791331	안심(>=2)	3년	113.65854515790357	0.07057270628756472	매우 유망	N	주당FCF<=0	제외	하드필터 미통과	33921495.0	fs=2025:CFS,2024:CFS,2022:CFS,2020:CFS
"=""443060"""	HD현대마린솔루션	직접추가	메인	233500.0	3950.0	6013.0	377924043510.0		9931501625.0							판정불가	일반	일반	8208.377954504365	8208.377954504365	37.46742425503004	37.46742425503004	N	N	13.36726998491704			35.23453996983408			211865.28883861232			-9.265400925647826			1년	35.23453996983408	211865.28883861232	-9.265400925647826	1.6916488222698072	0.40192031095292524			6828.081523113242	2.9242319156801893	1년	0.40192031095292524	불리(<1)	1년	13.36726998491704	2.802922683338214	매우 불리	Y	통과	제외	배당감안점수<1	44831335.0	배당감안점수<1; PER>연성장률의 2배; fs=2025:CFS,2024:CFS,2022:NA,2020:NA
"=""009540"""	HD한국조선해양	직접추가	메인	326000.0	12300.0	30664.0	3742015549000.0		398797408000.0							판정불가	일반	일반	47238.53250999998	47238.53250999998	9.090838360618315	9.090838360618315	N	N	84.96802991916998			178.43605983833996			5471563.338882856			1578.393662234005			1년	178.43605983833996	5471563.338882856	1578.393662234005	3.7730061349693247	9.761589914365562					1년	9.761589914365562	안심(>=2)	1년	84.96802991916998	0.1069912809472742	매우 유망	N	주당FCF<=0	제외	하드필터 미통과	70773116.0	fs=2025:CFS,2024:CFS,2022:CFS,2020:CFS
"=""017960"""	한국카본	조선/LNG사이클	watchlist	20550.0	320.0	2043.0	57866929673.0	27093215744.0	98920898088.0	81871440000.0						판정불가	일반	일반	-268.94950885840325	-1846.1770478341368	10.19038155108096	10.96239698866086	Y	Y	394.6731234866828	63.08567663703022	8.209872487827186	797.8462469733656	134.67135327406044	24.91974497565437	1629999.882566586	275133.5747389055	50911.03898526188	7831.872907866598	1238.8495121114622	147.74228216672446	3년	134.67135327406044	275133.5747389055	1238.8495121114622	1.5571776155717763	38.882773830997905	6.343516572816148	0.9584577431610406	2529.43380973873	12.308680339361217	3년	6.343516572816148	안심(>=2)	3년	63.08567663703022	0.1615324126538635	매우 유망	N	주당순현금<=0	제외	하드필터 미통과	51908452.0	린치식 단독판정 비중 낮춤; 주당순현금 음수(린치식); 주당순현금 음수(보수형); 단기위험부채 존재; 1년 점수 과열 가능; fs=2025:CFS,2024:CFS,2022:CFS,2020:CFS
"=""000080"""	하이트진로	직접추가	메인	14770.0	700.0	596.0	243639082453.0	11534336304.0								판정불가	일반	일반	3638.389855001192	3638.389855001192	18.677198229863773	18.677198229863773	N	N	-56.748911465892604	-21.8770293860485	-13.71294563046288										3년				4.739336492890995	-2.7846561530755327	-0.9175730043789604	-0.48045799092197866	1956.0991773402343	13.24373173554661	3년	-0.9175730043789604	불리(<1)	3년	-21.8770293860485		판정불가	Y	통과	보류	배당감안점수 또는 린치PER배수 미산출	70133611.0	배당감안점수<1; fs=2025:CFS,2024:CFS,2022:CFS,2020:CFS
"=""204320"""	HL만도	직접추가	메인	47150.0	750.0	2130.0	799652317531.0		965892545521.0	659326263869.0						판정불가	일반	일반	-3540.256046154449	-17581.28462433386	23.79824227518988	30.390274471518243	Y	Y	-23.021322732200943	0.5378148348890388	76.60035963530261		9.575629669778078	161.70071927060522		20396.091196627305	344422.5320463891		-56.74211835285832	630.4825706180045	3년	9.575629669778078	20396.091196627305	-56.74211835285832	1.5906680805938493	-0.9005141809968443	0.08943866067377051	3.2855799521552096	6770.8428804833	14.360218198267868	3년	0.08943866067377051	불리(<1)	3년	0.5378148348890388	44.24988068635165	매우 불리	N	주당순현금<=0	제외	하드필터 미통과	46957120.0	주당순현금 음수(린치식); 주당순현금 음수(보수형); 단기위험부채 존재; 배당감안점수<1; PER>연성장률의 2배; fs=2025:CFS,2024:CFS,2022:CFS,2020:CFS
"=""011200"""	HMM	직접추가	메인	21500.0	700.0	1951.0	1760767000000.0	10915294000000.0	151318000000.0							판정불가	일반	일반	13278.45506473833	13278.45506473833	4.214015856105418	4.214015856105418	N	N	-60.97219443888777	-54.38515324967628	80.08768235294812			168.67536470589624			329085.6365412036			1430.6308676335052	3년				3.255813953488372	-13.696289348740304	-12.133162532388168	19.777689299788804	1809.1182228382938	8.414503362038577	3년	-12.133162532388168	불리(<1)	3년	-54.38515324967628		판정불가	Y	통과	보류	배당감안점수 또는 린치PER배수 미산출	943237970.0	1년 점수 과열 가능; 배당감안점수<1; fs=2025:CFS,2024:CFS,2022:CFS,2020:CFS
"=""008770"""	호텔신라	직접추가	메인	39300.0	200.0	-4566.0	338290693972.0		739494888568.0	24083900000.0						판정불가	일반	일반	-10222.252285555276	-10835.884209488653			Y	Y													판정불가				0.5089058524173028				1275.405833262693	3.2453074637727557	판정불가		판정불가	판정불가			판정불가	N	주당순현금<=0 / 순현금차감PER<=0	제외	하드필터 미통과	39248121.0	주당순현금 음수(린치식); 주당순현금 음수(보수형); 단기위험부채 존재; fs=2025:CFS,2024:CFS,2022:CFS,2020:CFS
"=""298050"""	HS효성첨단소재	직접추가	메인	162800.0	2500.0	-4843.0	31544586945.0		554202076606.0							판정불가	일반	일반	-116665.97238650985	-116665.97238650985			Y	Y	-143.41940111170882												1년				1.5356265356265357				-3354.717829760524	-2.0606374875678894	판정불가		판정불가	1년	-143.41940111170882		판정불가	N	주당순현금<=0 / 주당FCF<=0 / 순현금차감PER<=0	제외	하드필터 미통과	4479948.0	주당순현금 음수(린치식); 주당순현금 음수(보수형); 주당FCF 음수; fs=2025:CFS,2024:CFS,2022:CFS,2020:CFS
"=""352820"""	하이브	직접추가	메인	155300.0	500.0	-5690.0	534914956000.0	57033836000.0	1161573182000.0	0.0						판정불가	일반	일반	-13368.578698363612	-13368.578698363612			Y	Y	-2628.8888888888887												1년				0.3219575016097875				1088.4641428108619	0.7008783920224481	판정불가		판정불가	1년	-2628.8888888888887		판정불가	N	주당순현금<=0 / 순현금차감PER<=0	제외	하드필터 미통과	42609196.0	주당순현금 음수(린치식); 주당순현금 음수(보수형); fs=2025:CFS,2024:CFS,2022:CFS,2020:CFS
"=""298040"""	효성중공업	전력설비	메인	2785000.0	7500.0	55832.0	216772513676.0		637432979185.0							판정불가	일반	일반	-45113.22859928438	-45113.22859928438	50.68980564191296	50.68980564191296	Y	Y	133.51875862645866	270.5887113046113		275.5375172529173	549.6774226092226		15383810.66326488	30689589.85911812		452.38099329496873	1001.9601385679755		3년	549.6774226092226	30689589.85911812	1001.9601385679755	0.26929982046678635	2.639348420312398	5.343441500614448		33728.061849754005	1.2110614667775226	3년	5.343441500614448	안심(>=2)	3년	270.5887113046113	0.18733156086785027	매우 유망	N	주당순현금<=0	제외	하드필터 미통과	9324548.0	주당순현금 음수(린치식); 주당순현금 음수(보수형); fs=2025:CFS,2024:CFS,2022:CFS,2020:CFS
"=""298020"""	효성티앤씨	직접추가	메인	273500.0	10100.0	2517.0	78332153321.0		1022720440533.0							판정불가	일반	일반	-218220.35149809992	-218220.35149809992	195.35969467544692	195.35969467544692	Y	Y	-91.92622293504411	-2.1428862261368864	-39.74816600029081		4.214227547726227			10607.210737626914			-96.12167797527353		3년	4.214227547726227	10607.210737626914	-96.12167797527353	3.692870201096892	-0.4516456318204745	0.007934000805718959	-0.18455851837346976	-681.4700322251034	-0.24916637375689338	3년	0.007934000805718959	불리(<1)	3년	-2.1428862261368864		판정불가	N	주당순현금<=0 / 주당FCF<=0	제외	하드필터 미통과	4327682.0	주당순현금 음수(린치식); 주당순현금 음수(보수형); 주당FCF 음수; 배당감안점수<1; fs=2025:CFS,2024:CFS,2022:CFS,2020:CFS
"=""307950"""	현대오토에버	직접추가	메인	382500.0	1900.0	6654.0	301124937000.0	503550000000.0	137177596000.0							판정불가	일반	일반	24339.913182556786	24339.913182556786	53.82628296024094	53.82628296024094	N	N	6.840077071290951	17.005273141647017	18.824559086735636	22.1801541425819	42.51054628329403	46.14911817347127	147586.74566473998	282865.1749690385	307076.2323262778	-61.415229891571244	-26.04832026953241	-19.71863207156135	3년	42.51054628329403	282865.1749690385	-26.04832026953241	0.49673202614379086	0.13630532695066672	0.3251572318437584	0.3589564437721104	6801.802196340414	1.7782489402197164	3년	0.3251572318437584	불리(<1)	3년	17.005273141647017	3.1652701201497835	매우 불리	Y	통과	제외	배당감안점수<1	27423982.0	배당감안점수<1; PER>연성장률의 2배; fs=2025:CFS,2024:CFS,2022:CFS,2020:CFS
"=""069960"""	현대백화점	직접추가	메인	88800.0	2150.0	9572.0	279878097000.0	1384271000.0	850398528000.0	925684884000.0						판정불가	일반	일반	-25150.950692818045	-66058.30557705347	11.904612483578985	16.178260089537552	Y	Y	-681.8844984802432	13.23304981191371	24.719368231601415		34.96609962382742	57.93873646320283		334695.50559927605	554589.5854257775		276.90935315233787	524.537821425425	3년	34.96609962382742	334695.50559927605	276.90935315233787	2.421171171171171	-57.07563587192039	1.3149710672798498	2.2798339248933783	17816.28700542092	20.0633862673659	3년	1.3149710672798498	보통(1~1.5)	3년	13.23304981191371	0.8996121568938149	헐값	N	주당순현금<=0	제외	하드필터 미통과	22628813.0	주당순현금 음수(린치식); 주당순현금 음수(보수형); 단기위험부채 존재; fs=2025:CFS,2024:CFS,2022:CFS,2020:CFS
"=""000720"""	현대건설	직접추가	메인	114400.0	800.0	3319.0	4812659000000.0	700784000000.0	579678000000.0	1194728000000.0						판정불가	일반	일반	44306.32756193628	33577.399427860786	21.11891305756665	24.35149158545924	N	N	-321.1192538307795	-3.003815607902416	24.7843511038494		2.4923687841951683	58.0687022076988		8272.171994743763	192730.0226273523		-92.76908042417503	68.47029949943384	3년	2.4923687841951683	8272.171994743763	-92.76908042417503	0.6993006993006993	-15.17218013342198	-0.10912090514885836	1.2066744028769802	-7760.002367187725	-6.783218852436823	3년	-0.10912090514885836	불리(<1)	3년	-3.003815607902416		판정불가	N	주당FCF<=0	제외	하드필터 미통과	111355765.0	단기위험부채 존재; 주당FCF 음수; 배당감안점수<1; fs=2025:CFS,2024:CFS,2022:CFS,2020:CFS
"=""017800"""	현대엘리베이터	직접추가	메인	72800.0	14010.0		546026985679.0	858153283222.0	939270698991.0							판정불가	일반	일반	11892.58649504245	11892.58649504245			N	N													판정불가				19.244505494505496				5302.308441375475	7.283390716175103	판정불가		판정불가	판정불가			판정불가	N	순현금차감PER<=0	제외	하드필터 미통과	39092385.0	EPS 미추출; fs=2025:CFS,2024:CFS,2022:CFS,2020:CFS
"=""086280"""	현대글로비스	직접추가	메인	201500.0	5800.0	23117.0	2644639919844.0	1773253190103.0	2551475394576.0	800732226936.0						판정불가	일반	일반	24885.56953828	14209.1398458	7.6400238119877155	8.101867030938271	N	N	58.49845731916352	-10.017436249066701	7.416538424274255	125.49691463832704		23.333076848548508	2901112.1756942063		539390.7375078959	1339.7579035703257		167.68771092203272	3년				2.8784119106699753	8.033596588210763	-0.9344243570543738	1.3475023885122916	25034.3648264	12.424002395235732	3년	-0.9344243570543738	불리(<1)	3년	-10.017436249066701		판정불가	Y	통과	보류	배당감안점수 또는 린치PER배수 미산출	75000000.0	단기위험부채 존재; 1년 점수 과열 가능; 배당감안점수<1; fs=2025:CFS,2024:CFS,2022:CFS,2020:CFS
"=""001450"""	현대해상	직접추가	메인	47750.0	2063.0	13006.0	1509674177483.0	19831696034080.0								판정불가	일반	일반	238717.78760137584	238717.78760137584	-14.683053021788085	-14.683053021788085	N	N	19.90412095510279			48.30824191020558			628296.9942841338			1215.8052236316937			1년	48.30824191020558	628296.9942841338	1215.8052236316937	4.320418848167539	-1.6498298935053695					1년	-1.6498298935053695	불리(<1)	1년	19.90412095510279		판정불가	N	주당FCF<=0 / 순현금차감PER<=0	제외	하드필터 미통과	89400000.0	배당감안점수<1; fs=2025:CFS,2024:CFS,2022:NA,2020:NA
"=""012330"""	현대모비스	직접추가	메인	383500.0	6500.0	40861.0	4922378000000.0			2945574000000.0						판정불가	일반	일반	54251.49199158146	21787.145638739283	8.057769217797375	8.852276115642317	N	N	-9.074523242617772	14.580422448898144	20.046998821740058		37.66084489779629	48.593997643480115		1538859.783368854	1985599.337710241		301.26721860987067	417.75732404439145	3년	37.66084489779629	1538859.783368854	301.26721860987067	1.694915254237288	-0.9158375958548154	2.019831700712863	2.6982547511978243	32588.711819214936	8.497708427435446	3년	2.019831700712863	안심(>=2)	3년	14.580422448898144	0.5526430558537286	헐값	Y	통과	양호	배당감안점수>=1.5 & 린치PER배수<1	90732583.0	단기위험부채 존재; fs=2025:CFS,2024:CFS,2022:CFS,2020:CFS
"=""005380"""	현대자동차	직접추가	메인	346500.0	10000.0	36088.0	18360566000000.0	5857507000000.0	131240462000000.0	10388351000000.0						판정불가	일반	일반	-522678.0458231802	-573412.8785132379	24.084960258899915	25.49082460965523	Y	Y	-24.20875774440827	8.159836431248424	45.92494426173537		24.819672862496848	100.34988852347074		895692.3542617862	3621426.777035012		158.49707193702343	945.1448129971175	3년	24.819672862496848	895692.3542617862	158.49707193702343	2.886002886002886	-0.8853140976442411	0.45861978589603997	2.02661522473144	-83323.46231986141	-24.047175272687277	3년	0.45861978589603997	불리(<1)	3년	8.159836431248424	2.9516474333560887	매우 불리	N	주당순현금<=0 / 주당FCF<=0	제외	하드필터 미통과	204757766.0	주당순현금 음수(린치식); 주당순현금 음수(보수형); 단기위험부채 존재; 주당FCF 음수; 배당감안점수<1; PER>연성장률의 2배; fs=2025:CFS,2024:CFS,2022:CFS,2020:CFS
"=""064350"""	현대로템	방산	메인	116500.0	600.0	7055.0	908414081000.0		60775088000.0	49136977000.0						판정불가	일반	일반	7766.386844661084	7316.175404518884	15.412276846965119	15.476091367183715	N	N	89.24356223175967	57.31843168250532	84.95065921728904	186.98712446351934	123.13686336501064	178.4013184345781	1319194.163090129	868730.57104015	1258621.3015559483	1032.355504798394	645.6914772876825	980.3616322368655	3년	123.13686336501064	868730.57104015	645.6914772876825	0.5150214592274678	5.823836710321084	3.7524276079378214	5.545298824121877	6852.009336460757	5.881553078507088	3년	3.7524276079378214	안심(>=2)	3년	57.31843168250532	0.2688886697447662	매우 유망	Y	통과	매우 유망	배당감안점수>=2 & 린치PER배수<=0.5	109142000.0	단기위험부채 존재; fs=2025:CFS,2024:CFS,2022:CFS,2020:CFS
"=""004020"""	현대제철	철강	watchlist	30000.0	500.0	-53.0	1342926134232.0	805366237672.0	5816297925103.0	1215935236760.0						판정불가	일반	일반	-27486.85957521251	-36598.68904783317			Y	Y													판정불가				1.6666666666666667				3999.7338333915905	13.332446111305302	판정불가		판정불가	판정불가			판정불가	N	주당순현금<=0 / 순현금차감PER<=0	제외	하드필터 미통과	133445785.0	린치식 단독판정 비중 낮춤; 주당순현금 음수(린치식); 주당순현금 음수(보수형); 단기위험부채 존재; fs=2025:CFS,2024:CFS,2022:CFS,2020:CFS
"=""011210"""	현대위아	직접추가	메인	53200.0	1200.0	5351.0	1116473000000.0	572468000000.0	739686000000.0	71245000000.0						판정불가	일반	일반	34905.39080171221	32285.615748994038	3.41891407181607	3.9085001403487127	N	N	46.32212195788898	29.51602682110046	18.44874189552963	101.14424391577796	67.53205364220092	45.39748379105926	541222.8491933278	361364.01903941715	242921.9357659581	917.3361826942253	579.2556748861225	356.6201800111994	3년	67.53205364220092	361364.01903941715	579.2556748861225	2.2556390977443606	14.20853523523323	9.29291150683066	6.055835437325329	5543.207939464645	10.419563795986175	3년	9.29291150683066	안심(>=2)	3년	29.51602682110046	0.1158324625647769	매우 유망	Y	통과	매우 유망	배당감안점수>=2 & 린치PER배수<=0.5	27195083.0	단기위험부채 존재; fs=2025:CFS,2024:CFS,2022:CFS,2020:CFS
"=""139130"""	iM금융지주	직접추가	메인	18640.0	700.0	2511.0		10012037000000.0	9824584000000.0							판정불가	일반	일반	1167.025597818984	1167.025597818984	6.958572043879337	6.958572043879337	N	N	123.9964317573595			256.49286351471903			644053.5802854595			3355.223070200963			1년	256.49286351471903	644053.5802854595	3355.223070200963	3.755364806866953	18.35890981061196					1년	18.35890981061196	안심(>=2)	1년	123.9964317573595	0.056119131375458535	매우 유망	N	주당FCF<=0	제외	하드필터 미통과	160624583.0	fs=2025:CFS,2024:CFS,2022:NA,2020:NA
"=""024110"""	IBK기업은행	금융/은행	보정필요	20200.0	1048.0	3183.0			203390126000000.0							판정불가	금융보정	보정보류	-255058.34950533815	-255058.34950533815	86.47764671861079	86.47764671861079	Y	Y	2.4790727623953623			13.458145524790725			42837.27720540888			112.06572873964791			1년	13.458145524790725	42837.27720540888	112.06572873964791	5.188118811881188	0.08866096459845617					1년	0.08866096459845617	불리(<1)	1년	2.4790727623953623	34.88306113090977	매우 불리	N	주당순현금<=0 / 주당FCF<=0	제외	하드필터 미통과	797425869.0	린치식 단독판정 비중 낮춤; 주당순현금 음수(린치식); 주당순현금 음수(보수형); 배당감안점수<1; PER>연성장률의 2배; fs=2025:CFS,2024:CFS,2022:NA,2020:NA
"=""007660"""	이수페타시스	직접추가	메인	121200.0	230.0	2278.0	162780032068.0	175712986992.0	105628209085.0							판정불가	일반	일반	3172.1466751335415	3172.1466751335415	51.81205150345323	51.81205150345323	N	N	94.53458582408199	12.033069515911986		197.56917164816397	32.56613903182397		450062.57301451755	74185.66471449501		271.33875661263824	-38.79070568110973		3년	32.56613903182397	74185.66471449501	-38.79070568110973	0.18976897689768976	1.8282301521040212	0.23590724818134315		185.87558603504556	0.15336269474838743	3년	0.23590724818134315	불리(<1)	3년	12.033069515911986	4.305805051233131	매우 불리	Y	통과	제외	배당감안점수<1	73409219.0	1년 점수 과열 가능; 배당감안점수<1; PER>연성장률의 2배; fs=2025:CFS,2024:CFS,2022:CFS,2020:CFS
"=""457190"""	이수스페셜티케미컬	직접추가	메인	81100.0		26.0	26339571000.0	550236000.0	1431768000.0							판정불가	일반	일반	842.7503651316791	842.7503651316791	3086.8172936487817	3086.8172936487817	N	N	-92.73743016759776												1년					-0.030043057734064075			-1474.6892904859199	-1.818359174458594	1년	-0.030043057734064075	불리(<1)	1년	-92.73743016759776		판정불가	N	주당FCF<=0	제외	하드필터 미통과	30208280.0	주당FCF 음수; 배당감안점수<1; fs=2025:CFS,2024:OFS,2022:NA,2020:NA
"=""175330"""	JB금융지주	직접추가	메인	29000.0	1140.0	3619.0		3918901000000.0	14183144000000.0							판정불가	일반	일반	-54055.16269326126	-54055.16269326126	22.949754819911924	22.949754819911924	Y	Y	5.2340796743239215			18.968159348647845			68645.76868275655			136.70954718191913			1년	18.968159348647845	68645.76868275655	136.70954718191913	3.9310344827586206	0.3993556458010873					1년	0.3993556458010873	불리(<1)	1년	5.2340796743239215	4.38467815698207	매우 불리	N	주당순현금<=0 / 주당FCF<=0	제외	하드필터 미통과	189884601.0	주당순현금 음수(린치식); 주당순현금 음수(보수형); 배당감안점수<1; PER>연성장률의 2배; fs=2025:CFS,2024:CFS,2022:NA,2020:NA
"=""035720"""	카카오	직접추가	메인	33450.0	75.0	1138.0	6373784263399.0	3754429416501.0	2787664614576.0	1144217904147.0						판정불가	일반	일반	16588.990645648104	14003.159539614913	14.816352683964759	17.088612003853328	N	N	803.1746031746031	-28.535770270641315	-8.670866917633225	1614.8492063492063			1837698.3968253967			5393.866657176074			3년				0.2242152466367713	54.22379147944632	-1.9108316080141092	-0.5700898089539932	1786.2097378837223	5.339939425661352	3년	-1.9108316080141092	불리(<1)	3년	-28.535770270641315		판정불가	Y	통과	보류	배당감안점수 또는 린치PER배수 미산출	442495220.0	단기위험부채 존재; 1년 점수 과열 가능; 배당감안점수<1; fs=2025:CFS,2024:CFS,2022:CFS,2020:CFS
"=""323410"""	카카오뱅크	직접추가	메인	19700.0	460.0	1008.0		5031536000000.0								판정불가	일반	일반	10548.040591320245	10548.040591320245	9.07932481019817	9.07932481019817	N	N	9.090909090909083			26.681818181818166			26895.27272727271			36.52422704199345			1년	26.681818181818166	26895.27272727271	36.52422704199345	2.33502538071066	1.258456406228114			12444.320071931525	63.16913742097221	1년	1.258456406228114	보통(1~1.5)	1년	9.090909090909083	0.9987257291217996	헐값	Y	통과	보류	중간구간(보류)	477011437.0	fs=2025:OFS,2024:OFS,2022:NA,2020:NA
"=""377300"""	카카오페이	직접추가	메인	40150.0		335.0	1631491473258.0	2303511051026.0	95911725899.0	38914909706.0						판정불가	일반	일반	28407.16665292835	28119.217661003742	35.053233871855674	35.91278310148137	N	N	-428.4313725490196	-6.283340638970736											3년					-12.222306624126004	-0.17925138268100407		721.2173895844579	1.796307321505499	3년	-0.17925138268100407	불리(<1)	3년	-6.283340638970736		판정불가	Y	통과	보류	배당감안점수 또는 린치PER배수 미산출	135145150.0	단기위험부채 존재; 배당감안점수<1; fs=2025:CFS,2024:CFS,2022:CFS,2020:NA
"=""035250"""	강원랜드	직접추가	메인	14290.0	950.0		200357737326.0	3009244892731.0	0.0							판정불가	일반	일반	15002.314335326879	15002.314335326879			N	N													판정불가				6.648005598320504				808.0316694922186	5.6545253288468755	판정불가		판정불가	판정불가			판정불가	N	순현금차감PER<=0	제외	하드필터 미통과	213940500.0	EPS 미추출; fs=2025:CFS,2024:CFS,2022:CFS,2020:CFS
"=""105560"""	KB금융	금융/은행	보정필요	167400.0	4367.0	15410.0		89862530000000.0	80049270000000.0							판정불가	금융보정	보정양호	25725.386408830236	25725.386408830236	9.193680310913027	9.193680310913027	N	N	19.64285714285714			47.78571428571428			736377.857142857			339.89119303635425			1년	47.78571428571428	736377.857142857	339.89119303635425	2.608721624850657	2.4203124336719495					1년	2.4203124336719495	안심(>=2)	1년	19.64285714285714	0.4680419067373906	매우 유망	N	주당FCF<=0	제외	하드필터 미통과	381462103.0	린치식 단독판정 비중 낮춤; fs=2025:CFS,2024:CFS,2022:NA,2020:NA
"=""002380"""	케이씨씨	직접추가	메인	472000.0	15000.0		1193612441434.0	36838546215.0	2949860953111.0	758686269704.0						판정불가	일반	일반	-193486.25179354099	-278861.68031899276			Y	Y													판정불가				3.1779661016949152				51624.29856328795	10.937351390527109	판정불가		판정불가	판정불가			판정불가	N	주당순현금<=0 / 순현금차감PER<=0	제외	하드필터 미통과	8886471.0	주당순현금 음수(린치식); 주당순현금 음수(보수형); 단기위험부채 존재; EPS 미추출; fs=2025:CFS,2024:CFS,2022:CFS,2020:CFS
"=""015760"""	한국전력	유틸리티	메인	30050.0	1542.0	13311.0	2240811000000.0	4250164000000.0	83995702000000.0							판정불가	일반	일반	-120730.62929345189	-120730.62929345189	11.327520794339412	11.327520794339412	Y	Y	144.73248758963044			297.9649751792609			3966211.7846111413			13098.70810186736			1년	297.9649751792609	3966211.7846111413	13098.70810186736	5.13144758735441	13.230073720268503			7699.067871674695	25.6208581420123	1년	13.230073720268503	안심(>=2)	1년	144.73248758963044	0.07826522561027956	매우 유망	N	주당순현금<=0	제외	하드필터 미통과	641964077.0	주당순현금 음수(린치식); 주당순현금 음수(보수형); fs=2025:CFS,2024:CFS,2022:CFS,2020:CFS
"=""052690"""	한전기술	원전/유틸리티	메인	127100.0	1347.0	2244.0	27327763423.0	143766317133.0	10000000.0							판정불가	일반	일반	4476.297241130298	4476.297241130298	54.64514383193837	54.64514383193837	N	N	45.90377113133941	68.14874025084036	33.4594702358408	100.30754226267882	144.79748050168072	75.4189404716816	225090.12483745127	324925.5462457715	169240.1024184535	77.09687241341562	155.64559106669674	33.155076647091654	3년	144.79748050168072	324925.5462457715	155.64559106669674	1.059795436664044	0.8594279980750043	1.2665084366939519	0.631698688151854	565.6546605965464	0.44504693988713323	3년	1.2665084366939519	보통(1~1.5)	3년	68.14874025084036	0.8018511219840857	헐값	Y	통과	보류	중간구간(보류)	38220000.0	fs=2025:CFS,2024:CFS,2022:CFS,2020:CFS
"=""051600"""	한전KPS	원전/유틸리티	메인	44950.0	1651.0	2761.0	145552915316.0	253105895590.0								판정불가	일반	일반	8859.0846868	8859.0846868	13.071682474900397	13.071682474900397	N	N	-27.94885177453027	7.4435664015639835	7.368549852889328		23.38713280312797	23.237099705778654		64571.873669436325	64157.632287654866		43.6526666728283	42.73110631291406	3년	23.38713280312797	64571.873669436325	43.6526666728283	3.6729699666295885	-1.857135212281513	0.8504288862232539	0.8446900267597763	1565.3651230222222	3.4824585606723515	3년	0.8504288862232539	불리(<1)	3년	7.4435664015639835	1.7561047715183784	보통	Y	통과	제외	배당감안점수<1	45000000.0	배당감안점수<1; fs=2025:CFS,2024:CFS,2022:CFS,2020:CFS
"=""000270"""	기아	직접추가	메인	112900.0	6800.0	19382.0	13998106000000.0	7661873000000.0	978970000000.0	211292000000.0						판정불가	일반	일반	52972.13234688462	52430.93110337479	3.091934147823516	3.1198570269644623	N	N	-22.138753866548832	12.82583771622907	39.189006811542605		34.15167543245814	86.87801362308521		661927.7732319037	1683869.6600426375		486.2956361664337	1391.4700266099535	3년	34.15167543245814	661927.7732319037	486.2956361664337	6.023029229406554	-5.212182364390429	6.096141135122098	14.622574052159216	10401.987179740363	9.213451886395362	3년	6.096141135122098	안심(>=2)	3년	12.82583771622907	0.24107073676062202	매우 유망	Y	통과	매우 유망	배당감안점수>=2 & 린치PER배수<=0.5	390412998.0	단기위험부채 존재; fs=2025:CFS,2024:CFS,2022:CFS,2020:CFS
"=""039490"""	키움증권	직접추가	메인	259500.0	11500.0	42059.0		62457765152889.0								판정불가	일반	일반	2288251.0791779323	2288251.0791779323	-48.235837256661654	-48.235837256661654	N	N	43.20394960844398			94.90789921688796			3991731.3331630905			1438.2394347449288			1년	94.90789921688796	3991731.3331630905	1438.2394347449288	4.431599229287091	-0.987555136324545			-250622.40952773768	-96.57896320914746	1년	-0.987555136324545	불리(<1)	1년	43.20394960844398		판정불가	N	주당FCF<=0 / 순현금차감PER<=0	제외	하드필터 미통과	27294979.0	주당FCF 음수; 배당감안점수<1; fs=2025:CFS,2024:CFS,2022:NA,2020:NA
"=""161890"""	한국콜마	직접추가	메인	136600.0	864.0	5299.0	225316644282.0	284826044.0	476529423888.0	829915405830.0						판정불가	일반	일반	-10630.253549352963	-45788.59706291151	27.784535487705785	34.41943707546924	Y	Y	38.35509138381201		-5.429179724160593	85.21018276762402			451528.7584856397			230.54813944775967			5년				0.6325036603221084	1.403212051588392		-0.1726383392646941	4731.724715873624	3.4639273176234435	5년	-0.1726383392646941	불리(<1)	5년	-5.429179724160593		판정불가	N	주당순현금<=0	제외	하드필터 미통과	23605077.0	주당순현금 음수(린치식); 주당순현금 음수(보수형); 단기위험부채 존재; 배당감안점수<1; fs=2025:CFS,2024:CFS,2022:CFS,2020:CFS
"=""120110"""	코오롱인더	직접추가	메인	56200.0	1300.0		263843934948.0	219536778414.0	1102334698976.0	1502712536405.0						판정불가	일반	일반	-22491.80343980112	-77097.98706719637			Y	Y													판정불가				2.3131672597864767				6217.225588737651	11.062678983518953	판정불가		판정불가	판정불가			판정불가	N	주당순현금<=0 / 순현금차감PER<=0	제외	하드필터 미통과	27519091.0	주당순현금 음수(린치식); 주당순현금 음수(보수형); 단기위험부채 존재; EPS 미추출; fs=2025:CFS,2024:CFS,2022:CFS,2020:CFS
"=""047810"""	한국항공우주	우주항공/방산	메인	133500.0	500.0	1907.0	60938581663.0	200000.0	1487227060504.0	492840000000.0						판정불가	일반	일반	-14632.333554052933	-19688.393661788952	77.67820322708596	80.32951948704192	Y	Y	8.045325779036826	16.21391673368946	20.01192023737235	24.590651558073652	40.92783346737892	48.5238404747447	46894.372521246456	78049.3784222916	92534.96378533814	-64.8731291975682	-41.53604612562427	-30.685420385514494	3년	40.92783346737892	78049.3784222916	-41.53604612562427	0.37453183520599254	0.1083940830818144	0.21355345360397254	0.2624475235733787	-11214.27678311756	-8.400207328177949	3년	0.21355345360397254	불리(<1)	3년	16.21391673368946	4.790835212918376	매우 불리	N	주당순현금<=0 / 주당FCF<=0	제외	하드필터 미통과	97475107.0	주당순현금 음수(린치식); 주당순현금 음수(보수형); 단기위험부채 존재; 주당FCF 음수; 배당감안점수<1; PER>연성장률의 2배; fs=2025:CFS,2024:CFS,2022:CFS,2020:CFS
"=""071320"""	지역난방공사	유틸리티	메인	79500.0	6157.0	28102.0	13136000000.0	14472000000.0	3000419000000.0							판정불가	일반	일반	-256747.27759763927	-256747.27759763927	11.965243669405709	11.965243669405709	Y	Y	66.77744807121661		65.27173293436219	142.05489614243322		139.04346586872438	3992026.6913946583		3907399.4778428925	4921.417221880073		4814.967896657727	5년	139.04346586872438	3907399.4778428925	4814.967896657727	7.744654088050315	6.228214336312659		6.102373594706667	29663.925551856057	37.313113901705734	5년	6.102373594706667	안심(>=2)	5년	65.27173293436219	0.18331432507603343	매우 유망	N	주당순현금<=0	제외	하드필터 미통과	11578744.0	주당순현금 음수(린치식); 주당순현금 음수(보수형); fs=2025:CFS,2024:CFS,2022:CFS,2020:CFS
"=""036460"""	한국가스공사	유틸리티	메인	36000.0	1154.0		1147352000000.0	151248000000.0	21802116000000.0							판정불가	일반	일반	-222108.6520858384	-222108.6520858384			Y	Y													판정불가				3.2055555555555553				46549.424241439454	129.30395622622072	판정불가		판정불가	판정불가			판정불가	N	주당순현금<=0 / 순현금차감PER<=0	제외	하드필터 미통과	92313000.0	주당순현금 음수(린치식); 주당순현금 음수(보수형); EPS 미추출; fs=2025:CFS,2024:CFS,2022:CFS,2020:CFS
"=""071050"""	한국금융지주	직접추가	메인	181200.0	8690.0	34592.0		111427682000000.0								판정불가	일반	일반	1999563.901886215	1999563.901886215	-52.5660239906977	-52.5660239906977	N	N													판정불가				4.795805739514349						판정불가		판정불가	판정불가			판정불가	N	주당FCF<=0 / 순현금차감PER<=0	제외	하드필터 미통과	55725992.0	fs=2025:CFS,2024:CFS,2022:NA,2020:NA
"=""006650"""	대한유화	직접추가	메인	91500.0	1300.0	5134.0	151455436829.0	90052666000.0								판정불가	일반	일반	37155.09274292308	37155.09274292308	10.585295531179767	10.585295531179767	N	N	-471.7595944967415		-24.26352631533887										5년				1.4207650273224044	-44.4332260808403		-2.1579710477361194	19148.828141846156	20.92768102934006	5년	-2.1579710477361194	불리(<1)	5년	-24.26352631533887		판정불가	Y	통과	보류	배당감안점수 또는 린치PER배수 미산출	6500000.0	배당감안점수<1; fs=2025:CFS,2024:CFS,2022:CFS,2020:CFS
"=""010130"""	고려아연	소재	메인	1080000.0	20000.0	42566.0	3451069963536.0	1038402532013.0	2668945939951.0	3128688084125.0						판정불가	일반	일반	87219.33882994796	-62672.518151442666	23.323325216606023	26.84472391466059	N	Y	184.74145427787812	8.708371766163726	5.597910450753152	377.98290855575624	25.91674353232745	19.695820901506302	16089220.48558432	1103172.1051970504	838372.3124935173	1389.7426375541038	2.1455652960231886	-22.372934028378033	3년	25.91674353232745	1103172.1051970504	2.1455652960231886	1.8518518518518516	8.000287454589753	0.4527752162241764	0.3194125294493099	-75274.78704653852	-6.969887689494307	3년	0.4527752162241764	불리(<1)	3년	8.708371766163726	2.6782647598060207	매우 불리	N	주당FCF<=0	제외	하드필터 미통과	20872969.0	주당순현금 음수(보수형); 단기위험부채 존재; 주당FCF 음수; 1년 점수 과열 가능; 배당감안점수<1; PER>연성장률의 2배; fs=2025:CFS,2024:CFS,2022:CFS,2020:CFS
"=""003490"""	대한항공	직접추가	메인	30600.0	750.0	2133.0	1869988073408.0	3532702331766.0	5900725093281.0	2027009390000.0						판정불가	일반	일반	-1352.5441151358968	-6857.420958534969	14.980095693922127	17.56090996649553	Y	Y	-40.1850813236119	-23.620676172572395	-13.307685693628002										3년				2.450980392156863	-2.518949257898592	-1.4131882875090518	-0.7247420526075831	-599.9903851348527	-1.9607528925975577	3년	-1.4131882875090518	불리(<1)	3년	-23.620676172572395		판정불가	N	주당순현금<=0 / 주당FCF<=0	제외	하드필터 미통과	368220661.0	주당순현금 음수(린치식); 주당순현금 음수(보수형); 단기위험부채 존재; 주당FCF 음수; 1년 점수 과열 가능; 배당감안점수<1; fs=2025:CFS,2024:CFS,2022:CFS,2020:CFS
"=""259960"""	크래프톤	직접추가	메인	199100.0	2240.0	16454.0	596725775511.0	2771628277288.0	232600090556.0	253882981026.0						판정불가	일반	일반	66149.80047167496	60794.052303852826	8.080114229264924	8.405612476975032	N	N	-42.45444689259609	15.546458229987593			39.592916459975186			651461.8474324316			227.20333874054828		3년	39.592916459975186	651461.8474324316	227.20333874054828	1.1250627825213462	-5.114950474386378	2.0632778868555186		19894.79976593031	9.992365527840438	3년	2.0632778868555186	안심(>=2)	3년	15.546458229987593	0.5197398732065659	헐값	Y	통과	양호	배당감안점수>=1.5 & 린치PER배수<1	47403831.0	단기위험부채 존재; fs=2025:CFS,2024:CFS,2022:CFS,2020:NA
"=""030200"""	KT	통신	보정필요	51900.0	2400.0	7119.0	3506971000000.0									판정불가	통신보정	보정양호	13915.354148989203	13915.354148989203	5.335671562159123	5.335671562159123	N	N	273.1132075471698	10.974077918572789	21.542256858726816	554.7264150943396	30.448155837145578	51.58451371745363	3949097.3490566034	216760.42140463938	367230.1531545524	7509.05076889519	317.65013758119335	607.5725494307368	3년	30.448155837145578	216760.42140463938	317.65013758119335	4.624277456647398	52.05295748965261	2.923409957585205	4.904075149780342	17845.761962904104	34.38489780906379	3년	2.923409957585205	안심(>=2)	3년	10.974077918572789	0.4862068231836505	매우 유망	Y	통과	매우 유망	배당감안점수>=2 & 린치PER배수<=0.5	252021685.0	린치식 단독판정 비중 낮춤; 1년 점수 과열 가능; fs=2025:CFS,2024:CFS,2022:CFS,2020:CFS
"=""033780"""	KT&G	필수소비재	메인	176900.0	6000.0	10228.0	913503000000.0		1062456000000.0	332978000000.0						판정불가	일반	일반	-1262.563450588038	-4084.9695293504915	17.41910084577513	17.695049817105055	Y	Y	-10.146710006149517	6.408926515670932	1.8767217197089403		21.317853031341862	12.25344343941788		218039.00080456457	125328.21949836609		23.255512043281268	-29.153069814377563	3년	21.317853031341862	218039.00080456457	23.255512043281268	3.3917467495760314	-0.38779058209608164	0.5626394468933821	0.3024535259271318	-776.4757168675206	-0.4389348314683554	3년	0.5626394468933821	불리(<1)	3년	6.408926515670932	2.7179436061846585	매우 불리	N	주당순현금<=0 / 주당FCF<=0	제외	하드필터 미통과	117976645.0	주당순현금 음수(린치식); 주당순현금 음수(보수형); 단기위험부채 존재; 주당FCF 음수; 배당감안점수<1; PER>연성장률의 2배; fs=2025:CFS,2024:CFS,2022:CFS,2020:CFS
"=""011780"""	금호석유	석유화학	watchlist	117400.0	1700.0	11391.0	650436032913.0	82275660739.0								판정불가	일반	일반	28146.856005717942	28146.856005717942	7.835409006608907	7.835409006608907	N	N	-15.138195634358931	-32.65223990875862	-11.416304781151009										3년				1.4480408858603067	-1.7472163529627407	-3.982459498486755	-1.2722072181404702	19963.595148223274	17.004765884346913	3년	-3.982459498486755	불리(<1)	3년	-32.65223990875862		판정불가	Y	통과	보류	배당감안점수 또는 린치PER배수 미산출	26031742.0	린치식 단독판정 비중 낮춤; 1년 점수 과열 가능; 배당감안점수<1; fs=2025:CFS,2024:CFS,2022:CFS,2020:CFS
"=""073240"""	금호타이어	직접추가	메인	6870.0		1209.0	574762190002.0	23370402051.0	732635884134.0	995816495352.0						판정불가	일반	일반	-468.2279387996295	-3934.8278846250682	6.069667443175872	8.936995768920653	Y	Y	6.896551724137923			22.293103448275843			26952.362068965496			292.3196807709679			1년	22.293103448275843	26952.362068965496	292.3196807709679		1.1362322217326284			2095.5020502990724	30.502213250350398	1년	1.1362322217326284	보통(1~1.5)	1년	6.896551724137923	0.8801017792605025	헐값	N	주당순현금<=0	제외	하드필터 미통과	287260287.0	주당순현금 음수(린치식); 주당순현금 음수(보수형); 단기위험부채 존재; fs=2025:CFS,2024:CFS,2022:CFS,2020:CFS
"=""066970"""	엘앤에프	2차전지	메인	114100.0		-15508.0	382883140911.0	62183142824.0	390410933286.0	781033333338.0						판정불가	일반	일반	1358.2710122097233	-18051.629894608985			N	Y	37.65311556896857			83.80623113793715									1년	83.80623113793715							-4189.943890632833	-3.6721681775923165	판정불가		판정불가	1년	37.65311556896857		판정불가	N	주당FCF<=0 / 순현금차감PER<=0	제외	하드필터 미통과	40238914.0	주당순현금 음수(보수형); 단기위험부채 존재; 주당FCF 음수; fs=2025:CFS,2024:CFS,2022:CFS,2020:CFS
"=""003550"""	LG	직접추가	메인	111100.0	3100.0	4780.0	1511450000000.0	1839426000000.0	159829000000.0	0.0						판정불가	일반	일반	20691.31243852798	20691.31243852798	18.913951372692893	18.913951372692893	N	N	28.77155172413792	-27.26466268691552	-10.530872700659177	66.04310344827584			315686.03448275855			184.14584561904462			3년				2.7902790279027903	1.6687063496212777	-1.293985755633682	-0.4092531232755471	5491.624275551311	4.942956143610541	3년	-1.293985755633682	불리(<1)	3년	-27.26466268691552		판정불가	Y	통과	보류	배당감안점수 또는 린치PER배수 미산출	154221585.0	1년 점수 과열 가능; 배당감안점수<1; fs=2025:CFS,2024:CFS,2022:CFS,2020:CFS
"=""051910"""	LG화학	석유화학	watchlist	262500.0	2000.0	-23244.0	9899926000000.0	245464000000.0	2407851000000.0							판정불가	일반	일반	109608.75742571683	109608.75742571683			N	N	163.35825968728756			335.2165193745751									1년	335.2165193745751			0.7619047619047619				-79651.86819199358	-30.343568835045172	판정불가		판정불가	1년	163.35825968728756		판정불가	N	주당FCF<=0 / 순현금차감PER<=0	제외	하드필터 미통과	70592343.0	린치식 단독판정 비중 낮춤; 주당FCF 음수; fs=2025:CFS,2024:CFS,2022:CFS,2020:CFS
"=""064400"""	LG씨엔에스	직접추가	메인	71900.0	1850.0	4549.0	1140987852000.0	602021775000.0	159828598000.0	0.0						판정불가	일반	일반	16340.667162589976	16340.667162589976	12.213526673424933	12.213526673424933	N	N	8.827751196172251			26.155502392344502			118981.38038277514			65.48175296630757			1년	26.155502392344502	118981.38038277514	65.48175296630757	2.5730180806675937	0.933454323364803			3767.269821212876	5.239596413369786	1년	0.933454323364803	불리(<1)	1년	8.827751196172251	1.3835377098893282	보통	Y	통과	제외	배당감안점수<1	96885948.0	배당감안점수<1; fs=2025:CFS,2024:CFS,2022:NA,2020:NA
"=""034220"""	LG디스플레이	직접추가	메인	8570.0		453.0	1572058000000.0	611000000.0	8934975000000.0							판정불가	일반	일반	-14724.612	-14724.612	51.42298454746137	51.42298454746137	Y	Y	-108.33026848105922												1년					-2.1066507406055885			490.0	5.717619603267211	1년	-2.1066507406055885	불리(<1)	1년	-108.33026848105922		판정불가	N	주당순현금<=0	제외	하드필터 미통과	500000000.0	주당순현금 음수(린치식); 주당순현금 음수(보수형); 배당감안점수<1; fs=2025:CFS,2024:CFS,2022:CFS,2020:CFS
"=""066570"""	LG전자	직접추가	메인	216000.0	1350.0	5380.0	8769841000000.0	226864000000.0								판정불가	일반	일반	55233.007286238106	55233.007286238106	29.882340653115595	29.882340653115595	N	N	157.90987535953977	-6.773782148657093	-13.211093618974335	324.31975071907954			1744840.258868648			707.7964161428926			3년				0.625	5.305303128689506	-0.2057664163605607	-0.4211883454873232	2290.6763841474362	1.0604983259941834	3년	-0.2057664163605607	불리(<1)	3년	-6.773782148657093		판정불가	Y	통과	보류	배당감안점수 또는 린치PER배수 미산출	162886387.0	1년 점수 과열 가능; 배당감안점수<1; fs=2025:CFS,2024:CFS,2022:CFS,2020:CFS
"=""373220"""	LG에너지솔루션	2차전지	메인	371000.0		-4585.0	3779307000000.0	46724000000.0	2407851000000.0							판정불가	일반	일반	6060.598290598291	6060.598290598291			N	N													판정불가								-28061.529914529914	-7.563754693943372	판정불가		판정불가	판정불가			판정불가	N	주당FCF<=0 / 순현금차감PER<=0	제외	하드필터 미통과	234000000.0	주당FCF 음수; fs=2025:CFS,2024:CFS,2022:CFS,2020:CFS
"=""051900"""	LG생활건강	직접추가	메인	271000.0	2000.0	-5930.0	1086333734803.0	100697817600.0	120239309804.0	55803511595.0						판정불가	일반	일반	69713.77885077163	66067.07660540048			N	N	-152.33430412143676												1년				0.7380073800738007				22989.9067608023	8.483360428340331	판정불가		판정불가	1년	-152.33430412143676		판정불가	N	순현금차감PER<=0	제외	하드필터 미통과	15302459.0	단기위험부채 존재; fs=2025:CFS,2024:CFS,2022:CFS,2020:CFS
"=""011070"""	LG이노텍	직접추가	메인	574000.0	1880.0	14421.0	1406403000000.0	72896000000.0								판정불가	일반	일반	62504.42861478592	62504.42861478592	35.4688004566406	35.4688004566406	N	N	-24.040031603897816	-29.57093933979966	0.6187699510769251			9.73753990215385			140425.0629289607			-75.53570332248071	3년				0.32752613240418116	-0.6685454587188919	-0.824482723715017	0.026679675413266962	24374.504243378797	4.24642931069317	3년	-0.824482723715017	불리(<1)	3년	-29.57093933979966		판정불가	Y	통과	보류	배당감안점수 또는 린치PER배수 미산출	23667107.0	1년 점수 과열 가능; 배당감안점수<1; fs=2025:CFS,2024:CFS,2022:CFS,2020:CFS
"=""032640"""	LG유플러스	통신	보정필요	14550.0	660.0	1221.0	794318000000.0	96103000000.0	6032435000000.0	0.0						판정불가	통신보정	보정주의	-11962.94739559469	-11962.94739559469	21.714125631117682	21.714125631117682	Y	Y	40.18369690011481	-7.505357255026945	16.093370483592317	88.86739380022962		40.68674096718463	108507.08783008037		49678.510720932434	645.7531809627517		241.43306337410607	3년				4.536082474226804	2.059478706812648	-0.136743925647413	0.9500476007311959	2279.814694868141	15.668829517994096	3년	-0.136743925647413	불리(<1)	3년	-7.505357255026945		판정불가	N	주당순현금<=0	제외	하드필터 미통과	429828355.0	린치식 단독판정 비중 낮춤; 주당순현금 음수(린치식); 주당순현금 음수(보수형); 1년 점수 과열 가능; 배당감안점수<1; fs=2025:CFS,2024:CFS,2022:CFS,2020:CFS
"=""079550"""	LIG넥스원	우주항공/방산	메인	762000.0	2950.0	11604.0	125190009682.0	74459447021.0	923361958512.0	603656788627.0						판정불가	일반	일반	-32896.0228095	-60334.96774709091	68.5018978636246	70.86650876827738	Y	Y	14.066647006782663	27.179527397785485	34.219216690902975	36.633294013565326	62.85905479557097	76.93843338180595	425092.74373341206	729416.4718478055	892793.5809624762	-44.21355069115327	-4.276053563280113	17.16451193733284	3년	62.85905479557097	729416.4718478055	-4.276053563280113	0.38713910761154857	0.21099833092462916	0.4024219381523923	0.5051882776650914	-39377.47379822727	-5.167647480082319	3년	0.4024219381523923	불리(<1)	3년	27.179527397785485	2.520349116490008	매우 불리	N	주당순현금<=0 / 주당FCF<=0	제외	하드필터 미통과	22000000.0	주당순현금 음수(린치식); 주당순현금 음수(보수형); 단기위험부채 존재; 주당FCF 음수; 배당감안점수<1; PER>연성장률의 2배; fs=2025:CFS,2024:CFS,2022:CFS,2020:CFS
"=""004990"""	롯데지주	직접추가	메인	23800.0	1250.0	-8978.0	1391291862106.0	1039362449959.0	5672138060606.0	3773429305995.0						판정불가	일반	일반	-30897.982305800204	-66866.49579327319			Y	Y	-37.605115018416846												1년				5.2521008403361344				-1991.5043153635747	-8.367665190603255	판정불가		판정불가	1년	-37.605115018416846		판정불가	N	주당순현금<=0 / 주당FCF<=0 / 순현금차감PER<=0	제외	하드필터 미통과	104909237.0	주당순현금 음수(린치식); 주당순현금 음수(보수형); 단기위험부채 존재; 주당FCF 음수; fs=2025:CFS,2024:CFS,2022:CFS,2020:CFS
"=""011170"""	롯데케미칼	석유화학	watchlist	61000.0	1000.0		1870312010924.0	824440281077.0	9399387662619.0							판정불가	일반	일반	-156740.37864171478	-156740.37864171478			Y	Y													판정불가				1.639344262295082				-26783.67225319289	-43.907659431463756	판정불가		판정불가	판정불가			판정불가	N	주당순현금<=0 / 주당FCF<=0 / 순현금차감PER<=0	제외	하드필터 미통과	42775419.0	린치식 단독판정 비중 낮춤; 주당순현금 음수(린치식); 주당순현금 음수(보수형); 주당FCF 음수; EPS 미추출; fs=2025:CFS,2024:CFS,2022:CFS,2020:CFS
"=""005300"""	롯데칠성음료	직접추가	메인	95500.0	3400.0	4697.0	213358325740.0	11845742299.0	168590223949.0	1587240348429.0						판정불가	일반	일반	5630.868480357551	-152237.61390908112	19.13330456028155	52.74379687227616	N	Y	-20.09186798230691	-28.321091651421646											3년				3.56020942408377	-0.8640252657944348	-1.2941247106230935		12123.245426933277	12.694497829249505	3년	-1.2941247106230935	불리(<1)	3년	-28.321091651421646		판정불가	Y	통과	보류	배당감안점수 또는 린치PER배수 미산출	10054194.0	주당순현금 음수(보수형); 단기위험부채 존재; 1년 점수 과열 가능; 배당감안점수<1; fs=2025:CFS,2024:CFS,2022:CFS,2020:CFS
"=""004000"""	롯데정밀화학	직접추가	메인	42850.0	1500.0	4165.0	172038879703.0	562065025.0	45301437028.0	842860000.0						판정불가	일반	일반	4934.089445736434	4901.420453488372	9.103459916990053	9.111303612607832	N	N		-10.129293888244783	-11.804095268565707										3년				3.5005834305717616		-0.7281528691417277	-0.912127027933287	1136.2980498449613	2.651804083652185	3년	-0.7281528691417277	불리(<1)	3년	-10.129293888244783		판정불가	Y	통과	보류	배당감안점수 또는 린치PER배수 미산출	25800000.0	단기위험부채 존재; 배당감안점수<1; fs=2025:CFS,2024:CFS,2022:CFS,2020:CFS
"=""023530"""	롯데쇼핑	직접추가	메인	102100.0	4000.0	1824.0	571525104252.0		9833740433980.0							판정불가	일반	일반	-327416.85979916755	-327416.85979916755	235.4807345390173	235.4807345390173	Y	Y	-105.26042567918326												1년				3.9177277179236047	-0.43036513436927454			36267.714863697605	35.5217579468145	1년	-0.43036513436927454	불리(<1)	1년	-105.26042567918326		판정불가	N	주당순현금<=0	제외	하드필터 미통과	28288755.0	주당순현금 음수(린치식); 주당순현금 음수(보수형); 배당감안점수<1; fs=2025:CFS,2024:CFS,2022:CFS,2020:CFS
"=""280360"""	롯데웰푸드	직접추가	메인	119400.0	3300.0	8176.0	465769787384.0	60447985569.0	1114724963974.0							판정불가	일반	일반	-63249.23537832038	-63249.23537832038	22.33968143081218	22.33968143081218	Y	Y	-14.575279490126425		5.046315298946524			18.59263059789305			152013.34776837355			27.31436161505323	5년	18.59263059789305	152013.34776837355	27.31436161505323	2.763819095477387	-0.528721075599493		0.3496081364728739	-12931.762180407184	-10.830621591630807	5년	0.3496081364728739	불리(<1)	5년	5.046315298946524	4.4269293746817295	매우 불리	N	주당순현금<=0 / 주당FCF<=0	제외	하드필터 미통과	9304574.0	주당순현금 음수(린치식); 주당순현금 음수(보수형); 주당FCF 음수; 배당감안점수<1; PER>연성장률의 2배; fs=2025:CFS,2024:CFS,2022:CFS,2020:CFS
"=""006260"""	LS	직접추가	메인	298500.0	2500.0	9903.0	2086611000000.0	856757000000.0	2796384000000.0	5804770000000.0						판정불가	일반	일반	4636.719242902208	-178479.05362776027	29.674167500464286	48.16510689970315	N	Y	14.129307364296405	-15.509731147342876	16.589235636822398	36.75861472859281		41.678471273644796	364020.5616572546		412741.90102290444	21.949936903602875		38.271993642514055	3년				0.8375209380234505	0.5043723063868829	-0.4944438697088928	0.587270277239393	-31030.6309148265	-10.395521244497989	3년	-0.4944438697088928	불리(<1)	3년	-15.509731147342876		판정불가	N	주당FCF<=0	제외	하드필터 미통과	31700000.0	주당순현금 음수(보수형); 단기위험부채 존재; 주당FCF 음수; 1년 점수 과열 가능; 배당감안점수<1; fs=2025:CFS,2024:CFS,2022:CFS,2020:CFS
"=""010120"""	LS ELECTRIC	전력설비	메인	209500.0	3000.0	9647.0	762716704001.0	205184236697.0	773010797653.0	302192853551.0						판정불가	일반	일반	6496.3381015	-3576.7570168666666	21.043190826008086	22.087359491745275	N	Y	19.423124535776193	45.94979891928113	27.235637161019888	47.346249071552386	100.39959783856226	62.971274322039775	456749.26479326584	968554.9203486101	607483.8833847177	118.01874214475698	362.31738441461107	189.96844075642852	3년	100.39959783856226	968554.9203486101	362.31738441461107	1.431980906921241	0.9910619361452451	2.251644259559791	1.362322772481335	3012.7272868333334	1.4380559841686558	3년	2.251644259559791	안심(>=2)	3년	45.94979891928113	0.4579604551256935	매우 유망	Y	통과	매우 유망	배당감안점수>=2 & 린치PER배수<=0.5	30000000.0	주당순현금 음수(보수형); 단기위험부채 존재; fs=2025:CFS,2024:CFS,2022:CFS,2020:CFS
"=""138040"""	메리츠금융지주	직접추가	메인	128800.0	1350.0	12903.0		57255930460341.0								판정불가	일반	일반	326762.6475868441	326762.6475868441	-15.34237367951981	-15.34237367951981	N	N	5.253283302063783			19.006566604127563			245241.72889305794			90.40506901634933			1년	19.006566604127563	245241.72889305794	90.40506901634933	1.048136645962733	-0.4107200150155474					1년	-0.4107200150155474	불리(<1)	1년	5.253283302063783		판정불가	N	주당FCF<=0 / 순현금차감PER<=0	제외	하드필터 미통과	175221773.0	배당감안점수<1; fs=2025:CFS,2024:CFS,2022:NA,2020:NA
"=""006800"""	미래에셋증권	금융/증권	보정필요	31650.0	0.0	2680.0	1698057000000.0	128930885000000.0	9756730000000.0							판정불가	금융보정	보정주의	213146.27533903014	213146.27533903014	-67.72249079814557	-67.72249079814557	N	N	73.46278317152104			155.42556634304208			416540.51779935276			1216.0837845161225			1년	155.42556634304208	416540.51779935276	1216.0837845161225	0.0	-1.0847619794505943			-12193.31326010751	-38.5254763352528	1년	-1.0847619794505943	불리(<1)	1년	73.46278317152104		판정불가	N	주당FCF<=0 / 순현금차감PER<=0	제외	하드필터 미통과	567085734.0	린치식 단독판정 비중 낮춤; 주당FCF 음수; 배당감안점수<1; fs=2025:CFS,2024:CFS,2022:NA,2020:NA
"=""081660"""	미스토홀딩스	직접추가	메인	38950.0	1980.0	4061.0	625567094487.0	7474935386.0	1662319967352.0							판정불가	일반	일반	-19386.744506858304	-19386.744506858304	14.365118076054742	14.365118076054742	Y	Y	186.591390261115	-10.790250426997183	11.983680556282028	381.68278052223		32.467361112564056	1550013.7717007762		131849.95347812262	3879.496204623302		238.51079198491044	3년				5.083440308087291	13.343073795453561	-0.39726858412828436	1.1880947148508687	5893.732083819284	15.131532949471845	3년	-0.39726858412828436	불리(<1)	3년	-10.790250426997183		판정불가	N	주당순현금<=0	제외	하드필터 미통과	53091840.0	주당순현금 음수(린치식); 주당순현금 음수(보수형); 1년 점수 과열 가능; 배당감안점수<1; fs=2025:CFS,2024:CFS,2022:CFS,2020:CFS
"=""002840"""	미원상사	직접추가	메인	134300.0	2400.0	9449.0	26488253934.0	2869800000.0		56542234.0						판정불가	일반	일반	6180.642933473684	6168.739305263158	13.55903874129816	13.560298517804725	N	N	-12.428174235403155	-13.799130124356108	-1.8410746860862304			4.817850627827539			45523.87058234242			-66.1028513906609	3년				1.7870439314966493	-0.7847997566004233	-0.8859098658869534	-0.003984851405801655	4071.338190526316	3.0315250860210843	3년	-0.8859098658869534	불리(<1)	3년	-13.799130124356108		판정불가	Y	통과	보류	배당감안점수 또는 린치PER배수 미산출	4750000.0	단기위험부채 존재; 1년 점수 과열 가능; 배당감안점수<1; fs=2025:CFS,2024:CFS,2022:CFS,2020:CFS
"=""268280"""	미원에스씨	직접추가	메인	127600.0	3200.0	12662.0	58959811112.0			34836825379.0						판정불가	일반	일반	11791.9622224	4824.5971466	9.146109443816142	9.696367307960827	N	N	13.418129702615555	-0.7008484463701614	13.343223272870098	35.33625940523111	7.098303107259677	35.186446545740196	447427.71658903634	89878.71394412204	445530.7861621624	250.6486807124109	-29.562136407427875	249.16205812081688	3년	7.098303107259677	89878.71394412204	-29.562136407427875	2.507836990595611	1.7412831970843092	0.19756909266455244	1.733093219673083	6279.6343486	4.9213435333855795	3년	0.19756909266455244	불리(<1)	3년	-0.7008484463701614		판정불가	Y	통과	보류	배당감안점수 또는 린치PER배수 미산출	5000000.0	단기위험부채 존재; 1년 점수 과열 가능; 배당감안점수<1; fs=2025:CFS,2024:CFS,2022:CFS,2020:CFS
"=""035420"""	NAVER	직접추가	메인	192200.0	2630.0	13009.0	5984018799741.0	5235312755210.0	1256361590806.0	132159574017.0						판정불가	일반	일반	63518.0261625246	62675.45458896267	9.89176522695637	9.956533585289979	N	N	2.416942213824602		10.610774201816863	13.333884427649204		29.721548403633726	173460.5025192885		386647.62318287115	-9.74999868923595		101.16941892969362	5년	29.721548403633726	386647.62318287115	101.16941892969362	1.368366285119667	0.38267269916888064		1.2110215125498314	11325.425174978569	5.892520902694365	5년	1.2110215125498314	보통(1~1.5)	5년	10.610774201816863	0.932237840407783	헐값	Y	통과	보류	중간구간(보류)	156852638.0	단기위험부채 존재; fs=2025:CFS,2024:CFS,2022:CFS,2020:CFS
"=""036570"""	NC	직접추가	메인	241000.0	1150.0	17876.0	503522487163.0	1499844872739.0	177813001472.0							판정불가	일반	일반	84736.00511687186	84736.00511687186	8.741552633873805	8.741552633873805	N	N	278.087986463621	-5.903415055311056	-8.909537463398499	564.675972927242			10094147.692047378			4088.4430257458			3년				0.47717842323651455	31.866783459886555	-0.6207406005939603	-0.9646294420840428	2177.512866910366	0.9035323099213137	3년	-0.6207406005939603	불리(<1)	3년	-5.903415055311056		판정불가	Y	통과	보류	배당감안점수 또는 린치PER배수 미산출	21544022.0	1년 점수 과열 가능; 배당감안점수<1; fs=2025:CFS,2024:CFS,2022:CFS,2020:CFS
"=""251270"""	넷마블	직접추가	메인	35350.0	876.0		688942929318.0	236601481356.0	377828444422.0	732523334222.0						판정불가	일반	일반	6372.235610039484	-2150.0853795346234			N	Y													판정불가				2.478076379066478				3193.167304922608	9.033005105863106	판정불가		판정불가	판정불가			판정불가	N	순현금차감PER<=0	제외	하드필터 미통과	85953502.0	주당순현금 음수(보수형); 단기위험부채 존재; EPS 미추출; fs=2025:CFS,2024:CFS,2022:CFS,2020:CFS
"=""005940"""	NH투자증권	직접추가	메인	26950.0	1300.0	2932.0	2630830000000.0	68236691000000.0	4707188000000.0							판정불가	일반	일반	185664.03388290948	185664.03388290948	-54.131662306585774	-54.131662306585774	N	N	45.43650793650793			99.37301587301586			291361.6825396825			981.1194157316604			1년	99.37301587301586	291361.6825396825	981.1194157316604	4.823747680890538	-0.9284816588993555			-15292.555387622808	-56.7441758353351	1년	-0.9284816588993555	불리(<1)	1년	45.43650793650793		판정불가	N	주당FCF<=0 / 순현금차감PER<=0	제외	하드필터 미통과	356344369.0	주당FCF 음수; 배당감안점수<1; fs=2025:CFS,2024:CFS,2022:NA,2020:NA
"=""004370"""	농심	필수소비재	메인	404000.0	6000.0	29342.0	253539960716.0	745596630000.0	125972160319.0	27652497602.0						판정불가	일반	일반	143550.1925638563	139004.05987973648	8.876348150642208	9.031284170140532	N	N	7.867068597897209	13.475331168715332	2.7004092516118794	24.234137195794418	35.450662337430664	13.900818503223759	711078.0535989997	1040193.3343048906	407877.8165215915	76.00941920767322	157.47359760022044	0.9598555746513693	3년	35.450662337430664	1040193.3343048906	157.47359760022044	1.4851485148514851	1.0536108942585871	1.6854318273314255	0.471540513669525	33019.471789396775	8.173136581533855	3년	1.6854318273314255	양호(>=1.5)	3년	13.475331168715332	0.6587109466556014	헐값	Y	통과	양호	배당감안점수>=1.5 & 린치PER배수<1	6082642.0	단기위험부채 존재; fs=2025:CFS,2024:CFS,2022:CFS,2020:CFS
"=""010060"""	OCI홀딩스	직접추가	메인	236500.0	1000.0	-4809.0	1034744959000.0									판정불가	일반	일반	55422.18002432964	55422.18002432964			N	N	-194.72129210163482												1년				0.42283298097251587				9707.740268037376	4.104752756041174	판정불가		판정불가	1년	-194.72129210163482		판정불가	N	순현금차감PER<=0	제외	하드필터 미통과	18670232.0	fs=2025:CFS,2024:CFS,2022:CFS,2020:CFS
"=""271560"""	오리온	필수소비재	메인	105300.0	3500.0	9682.0	311390944459.0	31192701875.0	22097727513.0							판정불가	일반	일반	8106.152590268567	8106.152590268567	10.03861262236433	10.03861262236433	N	N	-27.04393037450079	-0.8262042047842644	7.4207333275822185		6.847591590431471	23.34146665516444		66298.38177855751	225992.0801553021		-37.038573809537034	114.61736007151195	3년	6.847591590431471	66298.38177855751	-37.038573809537034	3.323836657169991	-2.3628856506014033	0.2488025533350519	1.0703241960761716	9890.016867456836	9.392228744023585	3년	0.2488025533350519	불리(<1)	3년	-0.8262042047842644		판정불가	Y	통과	보류	배당감안점수 또는 린치PER배수 미산출	39536132.0	배당감안점수<1; fs=2025:CFS,2024:CFS,2022:CFS,2020:CFS
"=""001800"""	오리온홀딩스	직접추가	메인	22900.0	1100.0	2011.0	353427526408.0	40225597539.0	23781543774.0							판정불가	일반	일반	5904.20765579646	5904.20765579646	8.451413398410512	8.451413398410512	N	N	-24.681647940074903	5.512222260013111	9.302936730683564		19.524444520026222	27.10587346136713		39263.65792977273	54509.911530809295		71.45702152739184	138.0345481694729	3년	19.524444520026222	39263.65792977273	71.45702152739184	4.8034934497816595	-2.3520509000342833	1.2205905951464737	1.6691208340510562	5198.228152968624	22.699686257504908	3년	1.2205905951464737	보통(1~1.5)	3년	5.512222260013111	1.5332134663217318	보통	Y	통과	보류	중간구간(보류)	62645422.0	fs=2025:CFS,2024:CFS,2022:CFS,2020:CFS
"=""007310"""	오뚜기	직접추가	메인	316000.0	9000.0	20279.0	412685029869.0	273077178893.0	186473980697.0	509239504017.0						판정불가	일반	일반	124578.19519914767	-2482.958596547259	9.439410464068855	15.705062310594569	N	Y	-49.363264083100276	-36.84393156790511	-8.312202484315046										3년				2.848101265822785	-4.92776143111242	-3.6014781253011043	-0.578860431940255	8412.798855490377	2.6622781188260687	3년	-3.6014781253011043	불리(<1)	3년	-36.84393156790511		판정불가	Y	통과	보류	배당감안점수 또는 린치PER배수 미산출	4007830.0	주당순현금 음수(보수형); 단기위험부채 존재; 1년 점수 과열 가능; 배당감안점수<1; fs=2025:CFS,2024:CFS,2022:CFS,2020:CFS
"=""028670"""	팬오션	직접추가	메인	6240.0	150.0	564.0	839667000000.0									판정불가	일반	일반	1570.7349206252525	1570.7349206252525	8.278838793217636	8.278838793217636	N	N	12.350597609561742	-23.645583428215545	26.662075505745552	33.201195219123484		61.824151011491104	18725.474103585646		34868.82117048098	200.08772601900074		458.7952110654003	3년				2.403846153846154	1.7821875907881357	-2.565787039091943	3.510869384653763	898.78863125288	14.403663962385899	3년	-2.565787039091943	불리(<1)	3년	-23.645583428215545		판정불가	Y	통과	보류	배당감안점수 또는 린치PER배수 미산출	534569512.0	1년 점수 과열 가능; 배당감안점수<1; fs=2025:CFS,2024:CFS,2022:CFS,2020:CFS
"=""034230"""	파라다이스	직접추가	메인	9330.0	150.0	1087.0	341761126505.0	5000000000.0	796472209722.0	137240950000.0						판정불가	일반	일반	-4866.710272452332	-6351.912585875921	13.060451032614841	14.42678250770554	Y	Y	24.22857142857142	54.2810589168254		56.95714285714284	117.0621178336508		61912.414285714265	127246.52208517843		563.5842903077627	1263.842680441355		3년	117.0621178336508	127246.52208517843	1263.842680441355	1.607717041800643	1.9782079811679647	4.279237816447486		1428.3554813839717	15.309276327802483	3년	4.279237816447486	안심(>=2)	3년	54.2810589168254	0.24060788962550098	매우 유망	N	주당순현금<=0	제외	하드필터 미통과	92405559.0	주당순현금 음수(린치식); 주당순현금 음수(보수형); 단기위험부채 존재; fs=2025:CFS,2024:CFS,2022:CFS,2020:CFS
"=""103140"""	풍산	직접추가	메인	79800.0	1700.0	5388.0	239069532140.0	18564061989.0	421550501295.0	535368466545.0						판정불가	일반	일반	-5849.103665257674	-24952.841736404414	15.896270168013674	19.441878570230962	Y	Y	-37.65332099051145	-5.551366378147627	15.984603902585516			40.46920780517103			218048.09165426152			173.24322262438784	3년				2.1303258145363406	-2.234674851428617	-0.21521026803476656	1.1395710770928233			3년	-0.21521026803476656	불리(<1)	3년	-5.551366378147627		판정불가	N	주당순현금<=0 / 주당FCF<=0	제외	하드필터 미통과	28024278.0	주당순현금 음수(린치식); 주당순현금 음수(보수형); 단기위험부채 존재; 배당감안점수<1; fs=2025:CFS,2024:CFS,2022:CFS,2020:CFS
"=""005490"""	POSCO홀딩스	철강	watchlist	311000.0	10000.0	8697.0	7049800440769.0		16374578210992.0							판정불가	일반	일반	-115216.08368150219	-115216.08368150219	49.0072534990804	49.0072534990804	Y	Y	-39.817313680714136	-40.58072367872994	-15.48101970257214										3년				3.215434083601286	-0.7468665755325314	-0.7624440654653254	-0.25028102460793916	-20625.34356158169	-6.631943267389611	3년	-0.7624440654653254	불리(<1)	3년	-40.58072367872994		판정불가	N	주당순현금<=0 / 주당FCF<=0	제외	하드필터 미통과	80932952.0	린치식 단독판정 비중 낮춤; 주당순현금 음수(린치식); 주당순현금 음수(보수형); 주당FCF 음수; 1년 점수 과열 가능; 배당감안점수<1; fs=2025:CFS,2024:CFS,2022:CFS,2020:CFS
"=""022100"""	포스코DX	직접추가	메인	20850.0	125.0	343.0	246949912811.0	5459116668.0	1166279518.0							판정불가	일반	일반	1652.5352570003922	1652.5352570003922	55.969284965013436	55.969284965013436	N	N	-40.86206896551724		43.180492810132876			94.86098562026575			32537.318067751152			56.05428329856667	5년	94.86098562026575	32537.318067751152	56.05428329856667	0.5995203836930456	-0.7193686431226061		0.7822149813275788	902.5027073978604	4.328550155385422	5년	0.7822149813275788	불리(<1)	5년	43.180492810132876	1.296170592844172	보통	Y	통과	제외	배당감안점수<1	152034729.0	배당감안점수<1; fs=2025:CFS,2024:CFS,2022:CFS,2020:CFS
"=""003670"""	포스코퓨처엠	2차전지	메인	186900.0	250.0	51.0	319841457995.0	455490703002.0	75416813902.0	2985898850806.0						판정불가	일반	일반	7868.972364368042	-25700.738083203534	3510.412306581019	4168.641923200069	N	Y	-101.85319767441861	-67.79595834778358	-36.26680545246004										3년				0.13376136971642588	-0.02897649262282021	-0.019274715067292777	-0.010293105460861249	-17346.109652439416	-9.28095754544645	3년	-0.019274715067292777	불리(<1)	3년	-67.79595834778358		판정불가	N	주당FCF<=0	제외	하드필터 미통과	88946220.0	주당순현금 음수(보수형); 단기위험부채 존재; 주당FCF 음수; 1년 점수 과열 가능; 배당감안점수<1; fs=2025:CFS,2024:CFS,2022:CFS,2020:CFS
"=""047050"""	포스코인터내셔널	에너지/상사	watchlist	56600.0	1850.0	3603.0	1171465925000.0	32399478000.0	3152207468000.0	2325933168000.0						판정불가	일반	일반	-11074.984015146463	-24296.313636184528	18.782954209033157	22.45248782575202	Y	Y	19.344153693275913	-8.992163844445855	13.250872999134566	47.18830738655183		35.00174599826913	170019.47151374622		126111.29083176368	200.38775885820885		122.81146790064254	3년				3.2685512367491167	1.203895014510021	-0.3047237694347421	0.8794902043651424	5016.375456714567	8.862854163806656	3년	-0.3047237694347421	불리(<1)	3년	-8.992163844445855		판정불가	N	주당순현금<=0	제외	하드필터 미통과	175922788.0	린치식 단독판정 비중 낮춤; 주당순현금 음수(린치식); 주당순현금 음수(보수형); 단기위험부채 존재; 1년 점수 과열 가능; 배당감안점수<1; fs=2025:CFS,2024:CFS,2022:CFS,2020:CFS
"=""012750"""	에스원	직접추가	메인	83100.0	3200.0	5281.0	217937111676.0	27694386215.0	36737106943.0							판정불가	일반	일반	5497.339730559434	5497.339730559434	14.694690450566286	14.694690450566286	N	N	1.033097378993686	5.738563246263584	4.672200779142521	10.566194757987372	19.97712649252717	17.844401558285043	55800.07451693131	105499.20500703598	94236.2846293033	-32.8518958881693	26.954518660693118	13.401064535864382	3년	19.97712649252717	105499.20500703598	26.954518660693118	3.850782190132371	0.3323567505933987	0.6525721292772393	0.5800042537776932	4591.768535203577	5.525593905178793	3년	0.6525721292772393	불리(<1)	3년	5.738563246263584	2.560691556398563	매우 불리	Y	통과	제외	배당감안점수<1	37999178.0	배당감안점수<1; PER>연성장률의 2배; fs=2025:CFS,2024:CFS,2022:CFS,2020:CFS
"=""062040"""	산일전기	직접추가	메인	227000.0	1250.0	4901.0	108606384509.0	126933410833.0	741366607.0	520000000.0						판정불가	일반	일반	7712.165751415659	7695.085883324793	44.743487910341635	44.74697288648749	N	N	60.1110748121529			128.7221496243058			630867.2553087228			177.9150904443713			1년	128.7221496243058	630867.2553087228	177.9150904443713	0.5506607929515419	1.3557668040243147			3251.520036754562	1.432387681389675	1년	1.3557668040243147	보통(1~1.5)	1년	60.1110748121529	0.7443468287693246	헐값	Y	통과	보류	중간구간(보류)	30445200.0	단기위험부채 존재; fs=2025:CFS,2024:OFS,2022:NA,2020:NA
"=""207940"""	삼성바이오로직스	헬스케어	메인	1354000.0		24091.0	148851266520.0	1307174500000.0	918724421281.0							판정불가	일반	일반	11607.049188490424	11607.049188490424	55.721761272322006	55.721761272322006	N	N	58.274751987385855	28.169383318294948	45.91602063406175	125.04950397477171	64.8387666365899	100.3320412681235	3012567.600256225	1562030.7270420871	2417099.2061903635	122.49391434684087	15.364160047421493	78.51545097417751	3년	64.8387666365899	1562030.7270420871	15.364160047421493		1.0458167627291417	0.5055364847608861	0.824023138997027	16692.97982791496	1.2328640936421684	3년	0.5055364847608861	불리(<1)	3년	28.169383318294948	1.9780965966739084	보통	Y	통과	제외	배당감안점수<1	46290951.0	배당감안점수<1; fs=2025:CFS,2024:CFS,2022:CFS,2020:CFS
"=""028260"""	삼성물산	직접추가	메인	346000.0	2800.0	14955.0	3458217651048.0	2068618122746.0	1611322967337.0	981336899188.0						판정불가	일반	일반	23035.606644979205	17262.240061011005	21.595746797393566	21.981796050751523	N	N	9.328167263688858	6.272963576271873	18.957826688295864	27.156334527377716	21.045927152543747	46.41565337659173	406122.9828569337	314741.84056629176	694146.0962469293	17.376584640732283	-9.034150125349205	100.62025903090439	3년	21.045927152543747	314741.84056629176	-9.034150125349205	0.8092485549132947	0.4694172382047773	0.3279447660518012	0.9153226062825893	6578.623290328812	1.9013362110776915	3년	0.3279447660518012	불리(<1)	3년	6.272963576271873	3.4426705232406722	매우 불리	Y	통과	제외	배당감안점수<1	169976544.0	단기위험부채 존재; 배당감안점수<1; PER>연성장률의 2배; fs=2025:CFS,2024:CFS,2022:CFS,2020:CFS
"=""029780"""	삼성카드	직접추가	메인	41950.0	2800.0	6053.0		29504306000000.0	18053189000000.0							판정불가	일반	일반	98836.75651616586	98836.75651616586	-9.398109452530292	-9.398109452530292	N	N	-2.8098908156711677			2.8802183686576646			17433.961785484844			-58.44109228728285			1년	2.8802183686576646	17433.961785484844	-58.44109228728285	6.6746126340882	-0.41122332506741743					1년	-0.41122332506741743	불리(<1)	1년	-2.8098908156711677		판정불가	N	주당FCF<=0 / 순현금차감PER<=0	제외	하드필터 미통과	115858891.0	배당감안점수<1; fs=2025:CFS,2024:CFS,2022:NA,2020:NA
"=""028050"""	삼성E&A	직접추가	메인	47750.0	790.0	3150.0	861796626374.0	2074000285556.0		0.0						판정불가	일반	일반	14978.555673112245	14978.555673112245	10.403633119646905	10.403633119646905	N	N	-18.4360435007768												1년				1.6544502617801045	-1.613051233737302			805.8218167704082	1.6875849565872423	1년	-1.613051233737302	불리(<1)	1년	-18.4360435007768		판정불가	Y	통과	보류	배당감안점수 또는 린치PER배수 미산출	196000000.0	배당감안점수<1; fs=2025:CFS,2024:CFS,2022:CFS,2020:CFS
"=""009150"""	삼성전기	직접추가	메인	1581000.0	2350.0	9395.0	2701205916236.0		249136193271.0	2003354614634.0						판정불가	일반	일반	32828.335646491505	6007.402663954398	164.78676576407753	167.64157502246363	N	N	4.528259902091669	-10.207342192334501	3.285033400534343	17.55651980418334		15.070066801068686	164943.50356030246		141583.2775960403	-89.56714082477531		-91.04470097431751	3년				0.148640101201771	0.028381526766471526	-0.061040715524046434	0.02083707077940984			3년	-0.061040715524046434	불리(<1)	3년	-10.207342192334501		판정불가	N	주당FCF<=0	제외	하드필터 미통과	74693696.0	단기위험부채 존재; 1년 점수 과열 가능; 배당감안점수<1; fs=2025:CFS,2024:CFS,2022:CFS,2020:CFS
"=""005930"""	삼성전자	반도체	메인	276000.0	1668.0	6605.0	57856378000000.0	67965021000000.0	6486651000000.0	17574980000000.0						판정불가	일반	일반	20159.129590764183	17190.201384077154	38.73442398323025	39.183921062213905	N	N	33.43434343434344	-6.409201466872028	11.451444833603809	75.36868686868688		31.402889667207617	497810.17676767684		207416.08625190632	80.36600607524522		-24.849244111628146	3년				0.6043478260869565	0.8787710713128758	-0.14986291375594574	0.3112423374337571	5602.031650745953	2.0297216125891135	3년	-0.14986291375594574	불리(<1)	3년	-6.409201466872028		판정불가	Y	통과	보류	배당감안점수 또는 린치PER배수 미산출	5919637922.0	단기위험부채 존재; 1년 점수 과열 가능; 배당감안점수<1; fs=2025:CFS,2024:CFS,2022:CFS,2020:CFS
"=""000810"""	삼성화재해상보험	직접추가	메인	626000.0	19500.0	47478.0		11734007737216.0								판정불가	일반	일반	255025.28109142228	255025.28109142228	7.8136130188419415	7.8136130188419415	N	N	-2.667131347506102			3.165737304987796			150302.87576621058			-75.98995594788968			1년	3.165737304987796	150302.87576621058	-75.98995594788968	3.1150159744408943	0.05732106592107289			72732.0784920961	11.618542890111199	1년	0.05732106592107289	불리(<1)	1년	-2.667131347506102		판정불가	Y	통과	보류	배당감안점수 또는 린치PER배수 미산출	46011155.0	배당감안점수<1; fs=2025:CFS,2024:CFS,2022:NA,2020:NA
"=""010140"""	삼성중공업	직접추가	메인	19960.0		639.0	772614649370.0	311797002761.0	592438711867.0	1454489650793.0						판정불가	일반	일반	559.0601593909091	-1093.7689892375	30.361408201266183	32.94799528832159	N	Y	752.0			1512.5			966487.5			4742.121743486974			1년	1512.5	966487.5	4742.121743486974		24.76828462681908			1530.2205002727273	7.666435372107852	1년	24.76828462681908	안심(>=2)	1년	752.0	0.04037421303359865	매우 유망	Y	통과	매우 유망	배당감안점수>=2 & 린치PER배수<=0.5	880000000.0	주당순현금 음수(보수형); 단기위험부채 존재; fs=2025:CFS,2024:CFS,2022:CFS,2020:CFS
"=""032830"""	삼성생명	직접추가	메인	289000.0	5300.0	12824.0	4537833000000.0	132160246000000.0								판정불가	일반	일반	683490.395	683490.395	-30.761883577666875	-30.761883577666875	N	N	9.307875894988072			27.115751789976144			347732.4009546541			20.322630088115613			1년	27.115751789976144	347732.4009546541	20.322630088115613	1.833910034602076	-0.36219452887075754					1년	-0.36219452887075754	불리(<1)	1년	9.307875894988072		판정불가	N	주당FCF<=0 / 순현금차감PER<=0	제외	하드필터 미통과	200000000.0	배당감안점수<1; fs=2025:CFS,2024:CFS,2022:NA,2020:NA
"=""006400"""	삼성SDI	2차전지	메인	529000.0	1000.0		1803994237947.0		5493341323030.0	5390568184387.0						판정불가	일반	일반	-45781.75616742857	-112674.26384699586			Y	Y													판정불가				0.1890359168241966				-28996.751032548895	-5.48142741636085	판정불가		판정불가	판정불가			판정불가	N	주당순현금<=0 / 주당FCF<=0 / 순현금차감PER<=0	제외	하드필터 미통과	80585530.0	주당순현금 음수(린치식); 주당순현금 음수(보수형); 단기위험부채 존재; 주당FCF 음수; EPS 미추출; fs=2025:CFS,2024:CFS,2022:CFS,2020:CFS
"=""018260"""	삼성에스디에스	직접추가	메인	219500.0	3190.0	9819.0	1558981444019.0	4845117385939.0								판정불가	일반	일반	82764.03348192893	82764.03348192893	13.925650933707209	13.925650933707209	N	N	0.3269643404516298	-11.608687356751402	11.36201067352738	9.15392868090326		31.22402134705476	89882.42571778911		306588.6656067307	-59.05128668893435		39.675929661380714	3년				1.4533029612756263	0.127840867920802	-0.7292574288857508	0.9202667577846133	10905.769354957107	4.96845984280506	3년	-0.7292574288857508	불리(<1)	3년	-11.608687356751402		판정불가	Y	통과	보류	배당감안점수 또는 린치PER배수 미산출	77377800.0	1년 점수 과열 가능; 배당감안점수<1; fs=2025:CFS,2024:CFS,2022:CFS,2020:CFS
"=""016360"""	삼성증권	직접추가	메인	90400.0	4000.0	11279.0	3379830380886.0	70613319064436.0	4076142290150.0							판정불가	일반	일반	782945.2089045016	782945.2089045016	-61.401295230472705	-61.401295230472705	N	N	12.028208184346445			32.556416368692894			367203.82022248715			306.19891617531766			1년	32.556416368692894	367203.82022248715	306.19891617531766	4.424778761061947	-0.2679583041962114					1년	-0.2679583041962114	불리(<1)	1년	12.028208184346445		판정불가	N	주당FCF<=0 / 순현금차감PER<=0	제외	하드필터 미통과	89300000.0	배당감안점수<1; fs=2025:CFS,2024:CFS,2022:NA,2020:NA
"=""003230"""	삼양식품	직접추가	메인	1211000.0	4800.0	52156.0	332840576772.0	3879418399.0	340183053989.0	92341086958.0						판정불가	일반	일반	-459.7174993014085	-12717.901899305922	23.227619401397757	23.462648629099352	Y	Y	43.018536799385764	69.73880446754251	42.35358590359803	94.53707359877153	147.97760893508502	93.20717180719606	4930675.610617528	7717920.171618294	4861313.252776118	307.1573584324961	537.3179332467625	301.42966579488996	3년	147.97760893508502	7717920.171618294	537.3179332467625	0.39636663914120557	1.8691068890131037	3.019473063281863	1.8404792933780676	-20189.147647522273	-1.6671467917029128	3년	3.019473063281863	안심(>=2)	3년	69.73880446754251	0.3330659247565427	매우 유망	N	주당순현금<=0 / 주당FCF<=0	제외	하드필터 미통과	7533015.0	주당순현금 음수(린치식); 주당순현금 음수(보수형); 단기위험부채 존재; 주당FCF 음수; fs=2025:CFS,2024:CFS,2022:CFS,2020:CFS
"=""137310"""	에스디바이오센서	직접추가	메인	6340.0	200.0	-4279.0	366780003956.0	488796710916.0	899239816964.0							판정불가	일반	일반	-358.6318204794644	-358.6318204794644			Y	Y	431.55279503105584			871.6055900621117									1년	871.6055900621117			3.1545741324921135				2464.3043924052927	38.86915445434215	판정불가		판정불가	1년	431.55279503105584		판정불가	N	주당순현금<=0 / 순현금차감PER<=0	제외	하드필터 미통과	121749102.0	주당순현금 음수(린치식); 주당순현금 음수(보수형); fs=2025:CFS,2024:CFS,2022:CFS,2020:NA
"=""001430"""	세아베스틸지주	철강	watchlist	46650.0	1200.0	1567.0	232872225511.0	13022996803.0	1004860666577.0	664568218048.0						판정불가	일반	일반	-21163.42997643279	-39694.63327894818	43.27596041891052	55.10187190743343	Y	Y	177.83687943262413	-15.225348963483798		364.17375886524826			570660.2801418441			1123.2803432836959			3년				2.572347266881029	4.168809310137709	-0.2923794544158452		-2464.44276371399	-5.282835506353677	3년	-0.2923794544158452	불리(<1)	3년	-15.225348963483798		판정불가	N	주당순현금<=0 / 주당FCF<=0	제외	하드필터 미통과	35862119.0	린치식 단독판정 비중 낮춤; 주당순현금 음수(린치식); 주당순현금 음수(보수형); 단기위험부채 존재; 주당FCF 음수; 1년 점수 과열 가능; 배당감안점수<1; fs=2025:CFS,2024:CFS,2022:CFS,2020:CFS
"=""003030"""	세아제강지주	직접추가	메인	115300.0	1800.0	15656.0	657858846224.0	16603582224.0	0.0							판정불가	일반	일반	162848.45134399107	162848.45134399107	-3.0370753285635583	-3.0370753285635583	N	N	47.712048306444	-38.977007618002915	29.936065767104946	103.924096612888		68.3721315342099	1627035.6565713745		1070434.0912995902	1311.1323994547915		828.3903653942673	3년				1.5611448395490026	-16.223895628330588	12.319701927232225	-10.370902002470627	-147158.44666591173	-127.63091644918623	3년	12.319701927232225	안심(>=2)	3년	-38.977007618002915		판정불가	N	주당FCF<=0 / 순현금차감PER<=0	제외	하드필터 미통과	4141657.0	주당FCF 음수; fs=2025:CFS,2024:CFS,2022:CFS,2020:CFS
"=""004490"""	세방전지	직접추가	메인	62200.0	2650.0	10646.0	227178088991.0	123000000000.0	162095437595.0	251228623014.0						판정불가	일반	일반	13434.475099714286	-4510.426544142857	4.580642955127345	6.266243334974907	N	Y	-17.389617443935744	48.94307252053962	16.711840434713388		106.38614504107925	41.923680869426775		1132586.9001073297	446319.50653591746		1720.8792606227166	617.555476745848	3년	106.38614504107925	1132586.9001073297	1720.8792606227166	4.260450160771704	-2.866228040862233	11.614859137134435	4.578460011167154	11070.1328675	17.79764126607717	3년	11.614859137134435	안심(>=2)	3년	48.94307252053962	0.09359124221727225	매우 유망	Y	통과	매우 유망	배당감안점수>=2 & 린치PER배수<=0.5	14000000.0	주당순현금 음수(보수형); 단기위험부채 존재; fs=2025:CFS,2024:CFS,2022:CFS,2020:CFS
"=""055550"""	신한지주	직접추가	메인	104800.0	2590.0	9812.0		78053377000000.0	92991422000000.0							판정불가	일반	일반	-30768.6938706553	-30768.6938706553	13.816621878379054	13.816621878379054	Y	Y	16.242151403862092			40.984302807724184			402137.9791493897			283.7194457532345			1년	40.984302807724184	402137.9791493897	283.7194457532345	2.4713740458015265	1.3544211902438674					1년	1.3544211902438674	보통(1~1.5)	1년	16.242151403862092	0.8506645169613251	헐값	N	주당순현금<=0 / 주당FCF<=0	제외	하드필터 미통과	485494934.0	주당순현금 음수(린치식); 주당순현금 음수(보수형); fs=2025:CFS,2024:CFS,2022:NA,2020:NA
"=""004170"""	신세계	직접추가	메인	332000.0	5200.0	1590.0	845128179533.0	3188808721.0	2404267280398.0	2154639015848.0						판정불가	일반	일반	-161318.93140667863	-384709.14210858254	310.26347887212495	450.76046673495756	Y	Y	-86.49796195652173	-66.22887992742359											3년				1.566265060240964	-0.2737405549793547	-0.20841194426828855		50780.68871201069	15.295388166268282	3년	-0.20841194426828855	불리(<1)	3년	-66.22887992742359		판정불가	N	주당순현금<=0	제외	하드필터 미통과	9645181.0	주당순현금 음수(린치식); 주당순현금 음수(보수형); 단기위험부채 존재; 1년 점수 과열 가능; 배당감안점수<1; fs=2025:CFS,2024:CFS,2022:CFS,2020:CFS
"=""034730"""	SK	직접추가	메인	584000.0	8000.0	29050.0	25214132000000.0	3449044000000.0	45546013000000.0	11714166000000.0						판정불가	일반	일반	-231053.85910201556	-391370.70990508975	28.056931466506562	33.57558381773114	Y	Y	-223.85418887230867	14.11831256779157	52.31072476454839		36.73662513558314	113.12144952909678		1067198.96018869	3286178.1088202614		82.73954797751544	462.7017309623735	3년	36.73662513558314	1067198.96018869	82.73954797751544	1.36986301369863	-7.929745493522857	0.5520267104041464	1.913273653689789	-54497.63687223273	-9.33178713565629	3년	0.5520267104041464	불리(<1)	3년	14.11831256779157	1.9872722984270432	보통	N	주당순현금<=0 / 주당FCF<=0	제외	하드필터 미통과	73068838.0	주당순현금 음수(린치식); 주당순현금 음수(보수형); 단기위험부채 존재; 주당FCF 음수; 배당감안점수<1; fs=2025:CFS,2024:CFS,2022:CFS,2020:CFS
"=""326030"""	에스케이바이오팜	직접추가	메인	75800.0		3409.0	307770519305.0	1711367837.0	0.0	0.0						판정불가	일반	일반	3951.8457878072995	3951.8457878072995	21.07602059612576	21.07602059612576	N	N	10.897852960312292			30.295705920624584			103278.06148340921			36.25074074328391			1년	30.295705920624584	103278.06148340921	36.25074074328391		0.517073558104017			1874.8221177897738	2.4733801026250313	1년	0.517073558104017	불리(<1)	1년	10.897852960312292	1.933960815298227	보통	Y	통과	제외	배당감안점수<1	78313250.0	배당감안점수<1; fs=2025:CFS,2024:CFS,2022:CFS,2020:CFS
"=""302440"""	SK바이오사이언스	헬스케어	메인	36500.0		-733.0	105552891515.0	800748039267.0	1496569133.0							판정불가	일반	일반	11535.766059068677	11535.766059068677			N	N	5.014326647564471			18.52865329512894									1년	18.52865329512894							-2012.819504379828	-5.5145739846022686	판정불가		판정불가	1년	5.014326647564471		판정불가	N	주당FCF<=0 / 순현금차감PER<=0	제외	하드필터 미통과	78434701.0	주당FCF 음수; fs=2025:CFS,2024:CFS,2022:CFS,2020:OFS
"=""285130"""	SK케미칼	직접추가	메인	51800.0	1150.0	2306.0	567555999965.0	950748039267.0	341978345417.0	477883213809.0						판정불가	일반	일반	68000.55528903044	40375.277635757375	-7.025392579805048	4.954346211727071	N	N	92.16666666666666	-38.59552986089414	-34.69934418185778	192.83333333333331			444673.6666666666			758.4433719433719			3년				2.2200772200772203	-13.435084632574807	5.177711028616471	4.623124842182392	-13324.604357906223	-25.7231744361124	3년	5.177711028616471	안심(>=2)	3년	-38.59552986089414		판정불가	N	주당FCF<=0 / 순현금차감PER<=0	제외	하드필터 미통과	17298766.0	단기위험부채 존재; 주당FCF 음수; fs=2025:CFS,2024:CFS,2022:CFS,2020:CFS
"=""000660"""	SK하이닉스	반도체	메인	1841000.0	3000.0	62044.0	14923766000000.0	20018487000000.0								판정불가	일반	일반	47997.4443489617	47997.4443489617	28.89888717121782	28.89888717121782	N	N	115.94041486843936	167.48263503477668	54.92375157287208	240.38082973687872	343.46527006955336	118.34750314574416	14914188.200194903	21309959.216195367	7342752.485174551	710.1134274956494	1057.520869972589	298.84587100350626	3년	343.46527006955336	21309959.216195367	1057.520869972589	0.16295491580662683	4.01757234098206	5.801108843995622	1.9061878113958295	34057.28359137954	1.8499339267452224	3년	5.801108843995622	안심(>=2)	3년	167.48263503477668	0.17254855803538768	매우 유망	Y	통과	매우 유망	배당감안점수>=2 & 린치PER배수<=0.5	728002365.0	fs=2025:CFS,2024:CFS,2022:CFS,2020:CFS
"=""361610"""	SK아이이테크놀로지	직접추가	메인	17680.0		-2800.0	408979015000.0	44693499000.0	1097240539000.0	169179804000.0						판정불가	일반	일반	-7868.820694217059	-9937.359669189884			Y	Y	-19.075144508670515												1년								-1892.9730116363094	-10.706860925544737	판정불가		판정불가	1년	-19.075144508670515		판정불가	N	주당순현금<=0 / 주당FCF<=0 / 순현금차감PER<=0	제외	하드필터 미통과	81787100.0	주당순현금 음수(린치식); 주당순현금 음수(보수형); 단기위험부채 존재; 주당FCF 음수; fs=2025:CFS,2024:CFS,2022:CFS,2020:NA
"=""096770"""	SK이노베이션	에너지	메인	154000.0	2000.0		16091551855000.0	253291655000.0	22764517807000.0	7201712771000.0						판정불가	일반	일반	-37974.37695614934	-80574.75554913652			Y	Y													판정불가				1.2987012987012987				-19919.883669709132	-12.93498939591502	판정불가		판정불가	판정불가			판정불가	N	주당순현금<=0 / 주당FCF<=0 / 순현금차감PER<=0	제외	하드필터 미통과	169052788.0	주당순현금 음수(린치식); 주당순현금 음수(보수형); 단기위험부채 존재; 주당FCF 음수; EPS 미추출; fs=2025:CFS,2024:CFS,2022:CFS,2020:CFS
"=""402340"""	SK스퀘어	직접추가	메인	1160000.0		66713.0	1310718000000.0	317762000000.0	86661000000.0	0.0						판정불가	일반	일반	11672.743401201547	11672.743401201547	17.212945851615107	17.212945851615107	N	N	140.21676508713813			288.93353017427626			19275622.59851649			1561.6916033203872			1년	288.93353017427626	19275622.59851649	1561.6916033203872		8.14600628479764			2638.92507607574	0.22749354104101208	1년	8.14600628479764	안심(>=2)	1년	140.21676508713813	0.12275954192009829	매우 유망	Y	통과	매우 유망	배당감안점수>=2 & 린치PER배수<=0.5	132087115.0	fs=2025:CFS,2024:CFS,2022:NA,2020:NA
"=""017670"""	SK텔레콤	통신	보정필요	88400.0	1660.0	1825.0	1490024000000.0	186643000000.0	8712284000000.0	130000000000.0						판정불가	통신보정	보정주의	-32755.78594880276	-33361.02812917505	66.38673202674124	66.71837157763017	Y	Y	-68.42560553633218	-23.75836950489595	-38.33216341204368										3년				1.8778280542986425	-1.0024258680970684	-0.3295920853851279	-0.549120799364862	7451.904674561442	8.429756419187152	3년	-0.3295920853851279	불리(<1)	3년	-23.75836950489595		판정불가	N	주당순현금<=0	제외	하드필터 미통과	214790053.0	린치식 단독판정 비중 낮춤; 주당순현금 음수(린치식); 주당순현금 음수(보수형); 단기위험부채 존재; 배당감안점수<1; fs=2025:CFS,2024:CFS,2022:CFS,2020:CFS
"=""011790"""	SKC	석유화학	watchlist	106500.0		-25549.0	783286752410.0	262260000000.0	1840079753358.0	1176505206999.0						판정불가	일반	일반	-20981.481685498515	-52049.822993021764			Y	Y	53.32773210106223			115.15546420212446									1년	115.15546420212446							-22628.561644175294	-21.247475722230323	판정불가		판정불가	1년	53.32773210106223		판정불가	N	주당순현금<=0 / 주당FCF<=0 / 순현금차감PER<=0	제외	하드필터 미통과	37868298.0	린치식 단독판정 비중 낮춤; 주당순현금 음수(린치식); 주당순현금 음수(보수형); 단기위험부채 존재; 주당FCF 음수; fs=2025:CFS,2024:CFS,2022:CFS,2020:CFS
"=""005850"""	에스엘	직접추가	메인	52100.0	2770.0	6749.0	477732627030.0	395471183250.0	5459184760.0							판정불가	일반	일반	18681.85736639187	18681.85736639187	4.9515695115732905	4.9515695115732905	N	N	-15.61640410102526	26.173083545484687	36.58097754545193		60.846167090969374	81.66195509090386		410650.7816969523	551136.5349085102		688.197277729275	957.8436370604802	3년	60.846167090969374	410650.7816969523	688.197277729275	5.316698656429943	-2.0800890345014533	6.359555718305811	8.461494098781111	6628.339203100551	12.7223401211143	3년	6.359555718305811	안심(>=2)	3년	26.173083545484687	0.1891855616847073	매우 유망	Y	통과	매우 유망	배당감안점수>=2 & 린치PER배수<=0.5	46448520.0	fs=2025:CFS,2024:CFS,2022:CFS,2020:CFS
"=""010950"""	S-Oil	에너지	메인	166200.0	330.0	1519.0	1834658000000.0									판정불가	일반	일반	16296.078356273132	16296.078356273132	98.68592603273659	98.68592603273659	N	N	-191.56118143459918	-56.19807916164843											3년				0.19855595667870035	-1.9391075624546577	-0.5674519706730348		299.21979550835795	0.1800359780435367	3년	-0.5674519706730348	불리(<1)	3년	-56.19807916164843		판정불가	Y	통과	보류	배당감안점수 또는 린치PER배수 미산출	112582792.0	배당감안점수<1; fs=2025:CFS,2024:CFS,2022:CFS,2020:CFS
"=""003240"""	태광산업	직접추가	메인	889000.0	1750.0	165122.0	426476897621.0	483945901661.0	4773639440.0	862776693.0						판정불가	일반	일반	813408.6220962816	812633.7193721933	0.4577910751063964	0.46248398534299895	N	N	-35.9373969451137	-25.915466865090508	-1.6741276308672282			5.151744738265544			850666.3946718831			-4.311991600463094	3년				0.19685039370078738	-78.07174166317323	-56.17981186158422	-3.2269681902887752	-250604.9826773846	-28.18953685909838	3년	-56.17981186158422	불리(<1)	3년	-25.915466865090508		판정불가	N	주당FCF<=0	제외	하드필터 미통과	1113400.0	단기위험부채 존재; 주당FCF 음수; 1년 점수 과열 가능; 배당감안점수<1; fs=2025:CFS,2024:CFS,2022:CFS,2020:CFS
"=""001440"""	대한전선	직접추가	메인	31500.0		453.0	438856642626.0	245247440000.0	6781981976.0	210000000000.0						판정불가	일반	일반	3632.780419185475	2506.4567877893646	61.51704101725061	64.0034066494716	N	N	10.757946210268955	193.05011690585698	172.76923736437072	30.01589242053791	394.60023381171396	354.03847472874145	13597.199266503672	178753.90591670643	160379.42905211987	-56.83428804284548	467.4727171958934	409.1410446099044	3년	394.60023381171396	178753.90591670643	467.4727171958934		0.1748774978831022	3.138156740206699	2.8084776918305088	-1780.5372383992687	-5.652499169521488	3년	3.138156740206699	안심(>=2)	3년	193.05011690585698	0.3186583981570448	매우 유망	N	주당FCF<=0	제외	하드필터 미통과	186447300.0	단기위험부채 존재; 주당FCF 음수; fs=2025:CFS,2024:CFS,2022:CFS,2020:CFS
"=""069260"""	티케이지휴켐스	직접추가	메인	15990.0	1000.0	1561.0	171952696150.0	96497220778.0	5482000000.0	34682173632.0						판정불가	일반	일반	6432.901178680633	5584.482108237203	6.1224207695831945	6.6659307442426625	N	N	-22.875494071146242	-9.82716016983225	3.8551596973951163			16.210319394790233			25304.308575267554			58.25083536752691	3년				6.2539086929330825	-2.7148714542441903	-0.5836337637314055	1.6511554450081367	2212.3194254165533	13.835643686157306	3년	-0.5836337637314055	불리(<1)	3년	-9.82716016983225		판정불가	Y	통과	보류	배당감안점수 또는 린치PER배수 미산출	40878588.0	단기위험부채 존재; 배당감안점수<1; fs=2025:CFS,2024:CFS,2022:OFS,2020:CFS
"=""316140"""	우리금융지주	금융/은행	보정필요	33500.0	1360.0	4052.0	38499679000000.0	34245475000000.0	55583392000000.0							판정불가	금융보정	보정양호	23378.716262091115	23378.716262091115	2.4978488987929133	2.4978488987929133	N	N	2.5822784810126675			13.664556962025335			55368.78481012666			65.2799546570945			1년	13.664556962025335	55368.78481012666	65.2799546570945	4.059701492537314	2.6590799694728218			17894.539902880944	53.4165370235252	1년	2.6590799694728218	안심(>=2)	1년	2.5822784810126675	0.9673042304148992	헐값	Y	통과	양호	배당감안점수>=1.5 & 린치PER배수<1	734076320.0	린치식 단독판정 비중 낮춤; fs=2025:CFS,2024:CFS,2022:NA,2020:NA
"=""008730"""	율촌화학	직접추가	메인	14930.0	250.0	168.0	23775188232.0	161779800.0	131712944797.0	113904302896.0						판정불가	일반	일반	-4345.805514717742	-8938.72095407258	114.73693758760562	142.07571996471773	Y	Y	-82.87461773700306		-27.064834063200415										5년				1.6744809109176158	-0.707707025595714		-0.22129188460251856	-316.2289210887097	-2.1180771673724696	5년	-0.22129188460251856	불리(<1)	5년	-27.064834063200415		판정불가	N	주당순현금<=0 / 주당FCF<=0	제외	하드필터 미통과	24800000.0	주당순현금 음수(린치식); 주당순현금 음수(보수형); 단기위험부채 존재; 주당FCF 음수; 배당감안점수<1; fs=2025:CFS,2024:CFS,2022:CFS,2020:CFS
"=""000670"""	영풍	직접추가	메인	40550.0	5.0	-464.0	137031350994.0	333746815114.0	234811309711.0	423217185895.0						판정불가	일반	일반	13052.744166069715	-10357.940446676752			N	Y	-99.68345363005008												1년				0.012330456226880395				-6139.559379575671	-15.140713636438152	판정불가		판정불가	1년	-99.68345363005008		판정불가	N	주당FCF<=0 / 순현금차감PER<=0	제외	하드필터 미통과	18077950.0	주당순현금 음수(보수형); 단기위험부채 존재; 주당FCF 음수; fs=2025:CFS,2024:CFS,2022:CFS,2020:CFS
"=""111770"""	영원무역	직접추가	메인	66800.0	2100.0	11558.0	1090560747187.0	439263571966.0	252626536541.0	76448105310.0						판정불가	일반	일반	28823.18822323828	27097.94397472907	3.2857598007234574	3.435028207758343	N	N	17.387771683932552	-9.077711442871605	27.98342129695397	43.275543367865104		64.46684259390794	500178.73024578486		745107.7667003879	648.770554260157		1015.4307884736346	3년				3.143712574850299	6.248626042068636	-1.805974638412327	9.473344297702683	3279.956119440683	4.9101139512585075	3년	-1.805974638412327	불리(<1)	3년	-9.077711442871605		판정불가	Y	통과	보류	배당감안점수 또는 린치PER배수 미산출	44311468.0	단기위험부채 존재; 1년 점수 과열 가능; 배당감안점수<1; fs=2025:CFS,2024:CFS,2022:CFS,2020:CFS
"=""009970"""	영원무역홀딩스	직접추가	메인	160900.0	6576.0	31684.0	1464189666693.0	805803639244.0	195931585244.0	78827842676.0						판정불가	일반	일반	153642.88520106729	147803.45570768186	0.22904667336613793	0.4133488288195348	N	N	10.101817423636938	-5.869320927784449	28.52060357499411	28.703634847273875		65.54120714998822	909445.9665010255		2076607.6073402269	465.22434213861123		1190.6200169920614	3년				4.087010565568676	61.94732183044785	-7.781428719406448	142.36231271710523	20832.48592605641	12.94747416162611	3년	-7.781428719406448	불리(<1)	3년	-5.869320927784449		판정불가	Y	통과	보류	배당감안점수 또는 린치PER배수 미산출	13499237.0	단기위험부채 존재; 1년 점수 과열 가능; 배당감안점수<1; fs=2025:CFS,2024:CFS,2022:CFS,2020:CFS
"=""000100"""	유한양행	헬스케어	메인	74100.0	600.0	2599.0	348564938250.0	29513907780.0	105262499518.0	199841800000.0						판정불가	일반	일반	3411.5503159327723	912.5418633854255	27.198326157778848	28.159853072956743	N	N	175.60975609756096	25.052899606383704	-2.455406441809782	359.7195121951219	58.60579921276741	3.589187116380436	934911.0121951218	152316.4721539825	9328.297315472753	1161.688275566966	105.55529305530702	-87.41120470246592	3년	58.60579921276741	152316.4721539825	105.55529305530702	0.8097165991902834	6.48640918832038	0.9508899943159612	-0.06050702653805862	-353.25969258346265	-0.47673372818281057	3년	0.9508899943159612	불리(<1)	3년	25.052899606383704	1.0856358579287353	보통	N	주당FCF<=0	제외	하드필터 미통과	79968437.0	단기위험부채 존재; 주당FCF 음수; 1년 점수 과열 가능; 배당감안점수<1; fs=2025:CFS,2024:CFS,2022:CFS,2020:CFS
"=""000990"""	DB하이텍	직접추가	메인	140800.0	810.0	6285.0	323054472680.0	132808839381.0	102572732928.0	231678525383.0						판정불가	일반	일반	8120.7660013468	2795.384563807385	21.110458870111884	21.9577749301818	N	N	13.858695652173903	-21.22701789143928	10.459461040450746	36.21739130434781		29.418922080901492	227626.30434782596		184897.92527846587	61.666409337944586		31.31954920345588	3년				0.5752840909090908	0.6837359543860305	-0.9782702464023104	0.5227146031857598	4658.664548185125	3.308710616608753	3년	-0.9782702464023104	불리(<1)	3년	-21.22701789143928		판정불가	Y	통과	보류	배당감안점수 또는 린치PER배수 미산출	43504588.0	단기위험부채 존재; 1년 점수 과열 가능; 배당감안점수<1; fs=2025:CFS,2024:CFS,2022:CFS,2020:CFS
