순위	종목코드	종목명	그룹	판정구분	현재가	현금배당금(FY2025 DPS)	EPS(FY2025)	현금및현금성자산	유가증권성자산	장기부채	단기위험부채	주주지분	총부채	주주지분비중	부채비중	주주대부채배수	주주대부채판정	업종보정유형	업종보정판정	주당순현금(린치식)	주당순현금(보수형)	순현금차감PER(린치식)	순현금차감PER(보수형)	현금보다부채많음(린치형)	현금보다부채많음(보수형)	연간이익증가율(1년,%)	연간이익증가율(3년CAGR,%)	연간이익증가율(5년CAGR,%)	그레이엄적정PER(1년)	그레이엄적정PER(3년)	그레이엄적정PER(5년)	그레이엄내재가치(1년)	그레이엄내재가치(3년)	그레이엄내재가치(5년)	그레이엄괴리율(1년,%)	그레이엄괴리율(3년,%)	그레이엄괴리율(5년,%)	그레이엄사용기준	그레이엄적정PER(선택)	그레이엄내재가치(선택)	그레이엄괴리율(선택,%)	배당수익률(%)	배당감안이익성장률(1년)	배당감안이익성장률(3년)	배당감안이익성장률(5년)	주당잉여현금흐름	잉여현금흐름수익률(%)	배당감안점수기준	배당감안점수	배당감안점수판정	사용연성장률기준	사용연성장률(%)	린치PER배수	린치PER판정	하드필터통과	하드필터사유	종합판정	종합판정사유	발행주식수	비고
1	010140	삼성중공업	직접추가	메인	20600.0		639.0	772614649370.0	311797002761.0	592438711867.0	1454489650793.0						판정불가	일반	일반	559.0601593909091	-1093.7689892375	31.3629731464931	33.94956023354851	N	Y	752.0			1512.5			966487.5			4591.686893203884			1년	1512.5	966487.5	4591.686893203884		23.97731861987345			1530.2205002727273	7.428254855692851	1년	23.97731861987345	안심(>=2)	1년	752.0	0.04170608131182593	매우 유망	Y	통과	매우 유망	배당감안점수>=2 & 린치PER배수<=0.5	880000000.0	주당순현금 음수(보수형); 단기위험부채 존재; fs=2025:CFS,2024:CFS,2022:CFS,2020:CFS
2	139130	iM금융지주	직접추가	메인	18100.0	700.0	2511.0		10012037000000.0	9824584000000.0							판정불가	일반	일반	1167.025597818984	1167.025597818984	6.743518280438477	6.743518280438477	N	N	123.9964317573595			256.49286351471903			644053.5802854595			3458.3070734003286			1년	256.49286351471903	644053.5802854595	3458.3070734003286	3.867403314917127	18.960997769247935					1년	18.960997769247935	안심(>=2)	1년	123.9964317573595	0.0543847769235362	매우 유망	N	주당FCF<=0	제외	하드필터 미통과	160624583.0	fs=2025:CFS,2024:CFS,2022:NA,2020:NA
3	071970	HD현대마린엔진	직접추가	메인	50100.0		4867.0	94276230277.0	247003276789.0								판정불가	일반	일반	10060.862797055377	10060.862797055377	8.226656503584266	8.226656503584266	N	N	97.52435064935065	113.65854515790357	162.5665198099373	203.5487012987013	235.81709031580715	333.6330396198746	990671.5292207792	1147721.7785670334	1623792.0038299295	1877.3882818778027	2190.8618334671323	3141.1018040517556	3년	235.81709031580715	1147721.7785670334	2190.8618334671323		11.854676393363492	13.815885604119215	19.760946593443983			3년	13.815885604119215	안심(>=2)	3년	113.65854515790357	0.07238044875688963	매우 유망	N	주당FCF<=0	제외	하드필터 미통과	33921495.0	fs=2025:CFS,2024:CFS,2022:CFS,2020:CFS
4	015760	한국전력	유틸리티	메인	30850.0	1542.0	13311.0	2240811000000.0	4250164000000.0	83995702000000.0							판정불가	일반	일반	-120730.62929345189	-120730.62929345189	11.38762146295935	11.38762146295935	Y	Y	144.73248758963044			297.9649751792609			3966211.7846111413			12756.440144606617			1년	297.9649751792609	3966211.7846111413	12756.440144606617	4.998379254457051	13.14856375680548			7699.067871674695	24.956459875768864	1년	13.14856375680548	안심(>=2)	1년	144.73248758963044	0.0786804790866818	매우 유망	N	주당순현금<=0	제외	하드필터 미통과	641964077.0	주당순현금 음수(린치식); 주당순현금 음수(보수형); fs=2025:CFS,2024:CFS,2022:CFS,2020:CFS
5	004490	세방전지	직접추가	메인	59300.0	2650.0	10646.0	227178088991.0	123000000000.0	162095437595.0	251228623014.0						판정불가	일반	일반	13434.475099714286	-4510.426544142857	4.308240174740345	5.993840554587907	N	Y	-17.389617443935744	48.94307252053962	16.711840434713388		106.38614504107925	41.923680869426775		1132586.9001073297	446319.50653591746		1809.9273188993757	652.6467226575337	3년	106.38614504107925	1132586.9001073297	1809.9273188993757	4.4688026981450255	-2.9990934167381806	12.39760854834509	4.916309739889317	11070.1328675	18.668014953625633	3년	12.39760854834509	안심(>=2)	3년	48.94307252053962	0.08802553564515865	매우 유망	Y	통과	매우 유망	배당감안점수>=2 & 린치PER배수<=0.5	14000000.0	주당순현금 음수(보수형); 단기위험부채 존재; fs=2025:CFS,2024:CFS,2022:CFS,2020:CFS
6	009540	HD한국조선해양	직접추가	메인	339500.0	12300.0	30664.0	3742015549000.0		398797408000.0							판정불가	일반	일반	47238.53250999998	47238.53250999998	9.531094035024784	9.531094035024784	N	N	84.96802991916998			178.43605983833996			5471563.338882856			1511.6534135148324			1년	178.43605983833996	5471563.338882856	1511.6534135148324	3.622974963181149	9.294946053076137					1년	9.294946053076137	안심(>=2)	1년	84.96802991916998	0.11217270830089514	매우 유망	N	주당FCF<=0	제외	하드필터 미통과	70773116.0	fs=2025:CFS,2024:CFS,2022:CFS,2020:CFS
7	011210	현대위아	직접추가	메인	53400.0	1200.0	5351.0	1116473000000.0	572468000000.0	739686000000.0	71245000000.0						판정불가	일반	일반	34905.39080171221	32285.615748994038	3.45629026318217	3.9458763317148127	N	N	46.32212195788898	29.51602682110046	18.44874189552963	101.14424391577796	67.53205364220092	45.39748379105926	541222.8491933278	361364.01903941715	242921.9357659581	913.525934818966	576.7116461412306	354.90999207108257	3년	67.53205364220092	361364.01903941715	576.7116461412306	2.247191011235955	14.052440411763243	9.18997405128016	5.98790359919339	5543.207939464645	10.38053921248061	3년	9.18997405128016	안심(>=2)	3년	29.51602682110046	0.11709876414366625	매우 유망	Y	통과	매우 유망	배당감안점수>=2 & 린치PER배수<=0.5	27195083.0	단기위험부채 존재; fs=2025:CFS,2024:CFS,2022:CFS,2020:CFS
8	402340	SK스퀘어	직접추가	메인	1133000.0		66713.0	1310718000000.0	317762000000.0	86661000000.0	0.0						판정불가	일반	일반	11672.743401201547	11672.743401201547	16.808227131125847	16.808227131125847	N	N	140.21676508713813			288.93353017427626			19275622.59851649			1601.2906088717114			1년	288.93353017427626	19275622.59851649	1601.2906088717114		8.342150780880491			2638.92507607574	0.23291483460509618	1년	8.342150780880491	안심(>=2)	1년	140.21676508713813	0.11987316296079377	매우 유망	Y	통과	매우 유망	배당감안점수>=2 & 린치PER배수<=0.5	132087115.0	fs=2025:CFS,2024:CFS,2022:NA,2020:NA
9	069620	대웅제약	직접추가	메인	108800.0	600.0	17022.0	168941641596.0	50139032546.0	550560567693.0	70828808025.0						판정불가	일반	일반	-28608.962834228405	-34721.96931155238	8.072433488087675	8.431557355866078	Y	Y	691.7209302325581	64.61424206621207	70.08103158930474	1391.9418604651162	137.72848413242414	148.6620631786095	23693634.348837208	2344414.256902124	2530525.6394262905	21677.237452975376	2054.7925155350404	2225.850771531517	3년	137.72848413242414	2344414.256902124	2054.7925155350404	0.5514705882352942	85.75758497637243	8.072623051104857	8.749840092429498	-7954.179962240783	-7.31082717117719	3년	8.072623051104857	안심(>=2)	3년	64.61424206621207	0.12493272736706593	매우 유망	N	주당순현금<=0 / 주당FCF<=0	제외	하드필터 미통과	11586575.0	주당순현금 음수(린치식); 주당순현금 음수(보수형); 단기위험부채 존재; 주당FCF 음수; 1년 점수 과열 가능; fs=2025:CFS,2024:CFS,2022:CFS,2020:CFS
10	017960	한국카본	조선/LNG사이클	watchlist	20550.0	320.0	2043.0	57866929673.0	27093215744.0	98920898088.0	81871440000.0						판정불가	일반	일반	-268.94950885840325	-1846.1770478341368	10.19038155108096	10.96239698866086	Y	Y	394.6731234866828	63.08567663703022	8.209872487827186	797.8462469733656	134.67135327406044	24.91974497565437	1629999.882566586	275133.5747389055	50911.03898526188	7831.872907866598	1238.8495121114622	147.74228216672446	3년	134.67135327406044	275133.5747389055	1238.8495121114622	1.5571776155717763	38.882773830997905	6.343516572816148	0.9584577431610406	2529.43380973873	12.308680339361217	3년	6.343516572816148	안심(>=2)	3년	63.08567663703022	0.1615324126538635	매우 유망	N	주당순현금<=0	제외	하드필터 미통과	51908452.0	린치식 단독판정 비중 낮춤; 주당순현금 음수(린치식); 주당순현금 음수(보수형); 단기위험부채 존재; 1년 점수 과열 가능; fs=2025:CFS,2024:CFS,2022:CFS,2020:CFS
11	000660	SK하이닉스	반도체	메인	1840000.0	3000.0	62044.0	14923766000000.0	20018487000000.0								판정불가	일반	일반	47997.4443489617	47997.4443489617	28.882769577252247	28.882769577252247	N	N	115.94041486843936	167.48263503477668	54.92375157287208	240.38082973687872	343.46527006955336	118.34750314574416	14914188.200194903	21309959.216195367	7342752.485174551	710.5537065323316	1058.1499574019222	299.06263506383425	3년	343.46527006955336	21309959.216195367	1058.1499574019222	0.16304347826086957	4.019817352908637	5.8043491315692055	1.9072545970286279	34057.28359137954	1.8509393256184534	3년	5.8043491315692055	안심(>=2)	3년	167.48263503477668	0.17245232361704202	매우 유망	Y	통과	매우 유망	배당감안점수>=2 & 린치PER배수<=0.5	728002365.0	fs=2025:CFS,2024:CFS,2022:CFS,2020:CFS
12	005850	에스엘	직접추가	메인	49200.0	2770.0	6749.0	477732627030.0	395471183250.0	5459184760.0							판정불가	일반	일반	18681.85736639187	18681.85736639187	4.521876223678786	4.521876223678786	N	N	-15.61640410102526	26.173083545484687	36.58097754545193		60.846167090969374	81.66195509090386		410650.7816969523	551136.5349085102		734.6560603596591	1020.1962091636385	3년	60.846167090969374	410650.7816969523	734.6560603596591	5.630081300813008	-2.208446738970632	7.033178988792429	9.334854993426601	6628.339203100551	13.472234152643395	3년	7.033178988792429	안심(>=2)	3년	26.173083545484687	0.1727681881968733	매우 유망	Y	통과	매우 유망	배당감안점수>=2 & 린치PER배수<=0.5	46448520.0	fs=2025:CFS,2024:CFS,2022:CFS,2020:CFS
13	071320	지역난방공사	유틸리티	메인	77900.0	6157.0	28102.0	13136000000.0	14472000000.0	3000419000000.0							판정불가	일반	일반	-256747.27759763927	-256747.27759763927	11.908308219971506	11.908308219971506	Y	Y	66.77744807121661		65.27173293436219	142.05489614243322		139.04346586872438	3992026.6913946583		3907399.4778428925	5024.552877271705		4915.917173097423	5년	139.04346586872438	3907399.4778428925	4915.917173097423	7.903722721437741	6.271350171085264		6.144907765578059	29663.925551856057	38.07949364808223	5년	6.144907765578059	안심(>=2)	5년	65.27173293436219	0.18244204167134037	매우 유망	N	주당순현금<=0	제외	하드필터 미통과	11578744.0	주당순현금 음수(린치식); 주당순현금 음수(보수형); fs=2025:CFS,2024:CFS,2022:CFS,2020:CFS
14	114090	GKL	직접추가	메인	8880.0	414.0	761.0	213092869283.0		30375090489.0							판정불가	일반	일반	2953.9374287595624	2953.9374287595624	7.787204430013716	7.787204430013716	N	N	42.509363295880156			93.51872659176031			71167.7509363296			701.4386366703784			1년	93.51872659176031	71167.7509363296	701.4386366703784	4.662162162162162	6.057568654064374			1553.3159719230266	17.492296981115167	1년	6.057568654064374	안심(>=2)	1년	42.509363295880156	0.1831879808646398	매우 유망	Y	통과	매우 유망	배당감안점수>=2 & 린치PER배수<=0.5	61855670.0	fs=2025:CFS,2024:CFS,2022:CFS,2020:CFS
15	112610	씨에스윈드	직접추가	메인	50400.0	1000.0	837.0	478878903508.0	28665354936.0	782993106603.0	242475043746.0						판정불가	일반	일반	-6531.6500890188545	-12281.40054778353	68.01869783634272	74.88817269747136	Y	Y	-75.62609202096681	371.20709785870895	-15.050492534791582		750.9141957174179			628515.1818154788			1147.0539321735691		3년	750.9141957174179	628515.1818154788	1147.0539321735691	1.984126984126984	-1.0826723736174284	5.486597607921833	-0.19209961328726252	10303.466412416965	20.443385738922547	3년	5.486597607921833	안심(>=2)	3년	371.20709785870895	0.18323652276237565	매우 유망	N	주당순현금<=0	제외	하드필터 미통과	42171403.0	주당순현금 음수(린치식); 주당순현금 음수(보수형); 단기위험부채 존재; fs=2025:CFS,2024:CFS,2022:CFS,2020:CFS
16	298040	효성중공업	전력설비	메인	2901000.0	7500.0	55832.0	216772513676.0		637432979185.0							판정불가	일반	일반	-45113.22859928438	-45113.22859928438	52.76746719800982	52.76746719800982	Y	Y	133.51875862645866	270.5887113046113		275.5375172529173	549.6774226092226		15383810.66326488	30689589.85911812		430.29336998500105	957.8969272360606		3년	549.6774226092226	30689589.85911812	957.8969272360606	0.25853154084798347	2.5352228801376357	5.132845240214118		33728.061849754005	1.1626357066443986	3년	5.132845240214118	안심(>=2)	3년	270.5887113046113	0.19500986180686455	매우 유망	N	주당순현금<=0	제외	하드필터 미통과	9324548.0	주당순현금 음수(린치식); 주당순현금 음수(보수형); fs=2025:CFS,2024:CFS,2022:CFS,2020:CFS
17	161390	한국타이어앤테크놀로지	직접추가	메인	57500.0	2300.0	8931.0	2603079747970.0	489388296676.0								판정불가	일반	일반	24964.41026923666	24964.41026923666	3.6429951551632893	3.6429951551632893	N	N	-2.2545693334792616	16.43379388057411	24.1178312692236	3.990861333041477	41.36758776114822	56.7356625384472	35642.38256539343	369453.9262948148	506706.20213087194	-38.013247712359245	542.5285674692432	781.2281776189078	3년	41.36758776114822	369453.9262948148	542.5285674692432	4.0	0.4791196782260072	5.60906424803033	7.718327933917683	-5650.2614211339005	-9.826541601972002	3년	5.60906424803033	안심(>=2)	3년	16.43379388057411	0.22167706262091819	매우 유망	N	주당FCF<=0	제외	하드필터 미통과	123875069.0	주당FCF 음수; fs=2025:CFS,2024:CFS,2022:CFS,2020:CFS
18	000240	한국앤컴퍼니	직접추가	메인	24600.0	1100.0	3666.0	87970654737.0	34240766097.0	15178888600.0	83728229501.0						판정불가	일반	일반	1127.4267830786544	245.4757867889732	6.402775018254594	6.643350849211955	N	N	-0.9991898460707582	28.543628944993937	19.90708834889714	6.5016203078584835	65.58725788998788	48.31417669779428	23834.9400486092	240442.88742469557	177119.77177411385	-3.1099998024016196	877.4101114825022	619.9990722524954	3년	65.58725788998788	240442.88742469557	877.4101114825022	4.471544715447155	0.5423203001005906	5.156385093387379	3.8075104926910184	2176.2560889928754	8.846569467450713	3년	5.156385093387379	안심(>=2)	3년	28.543628944993937	0.22431538157230463	매우 유망	Y	통과	매우 유망	배당감안점수>=2 & 린치PER배수<=0.5	94935240.0	단기위험부채 존재; fs=2025:CFS,2024:CFS,2022:CFS,2020:CFS
19	329180	HD현대중공업	직접추가	메인	455500.0	5661.0	15702.0	1869917695000.0		20593805000.0							판정불가	일반	일반	17619.114963644908	17619.114963644908	27.886949753939316	27.886949753939316	N	N	124.2822453935152			257.0644907870304			4036426.634337952			786.1529383837435			1년	257.0644907870304	4036426.634337952	786.1529383837435	1.2428100987925357	4.501211376643156					1년	4.501211376643156	안심(>=2)	1년	124.2822453935152	0.22438401933953472	매우 유망	N	주당FCF<=0	제외	하드필터 미통과	104961225.0	fs=2025:CFS,2024:CFS,2022:CFS,2020:CFS
20	034230	파라다이스	직접추가	메인	9550.0	150.0	1087.0	341761126505.0	5000000000.0	796472209722.0	137240950000.0						판정불가	일반	일반	-4866.710272452332	-6351.912585875921	13.262842936938668	14.629174412029366	Y	Y	24.22857142857142	54.2810589168254		56.95714285714284	117.0621178336508		61912.414285714265	127246.52208517843		548.2975317875839	1232.4243150280463		3년	117.0621178336508	127246.52208517843	1232.4243150280463	1.5706806282722512	1.945227895671564	4.211143855857903		1428.3554813839717	14.956601899308602	3년	4.211143855857903	안심(>=2)	3년	54.2810589168254	0.2443364812993287	매우 유망	N	주당순현금<=0	제외	하드필터 미통과	92405559.0	주당순현금 음수(린치식); 주당순현금 음수(보수형); 단기위험부채 존재; fs=2025:CFS,2024:CFS,2022:CFS,2020:CFS
21	003090	대웅	직접추가	메인	16100.0	200.0	4280.0	255917494906.0	69412115604.0	668965344648.0	118388808025.0						판정불가	일반	일반	-5910.286064182885	-7946.487927707312	5.142590201911889	5.618338300866195	Y	Y	202.2598870056497	20.159526008317698	12.806544500421424	413.0197740112994	48.819052016635396	34.11308900084285	1767724.6327683614	208945.5426311995	146004.0209236074	10879.656104151312	1197.7984014360218	806.8572728174372	3년	48.819052016635396	208945.5426311995	1197.7984014360218	1.2422360248447204	39.57191124325584	4.161669740903284	2.7318491214880685	-1554.3945053642824	-9.654624256921009	3년	4.161669740903284	안심(>=2)	3년	20.159526008317698	0.25509479735734303	매우 유망	N	주당순현금<=0 / 주당FCF<=0	제외	하드필터 미통과	58141980.0	주당순현금 음수(린치식); 주당순현금 음수(보수형); 단기위험부채 존재; 주당FCF 음수; 1년 점수 과열 가능; fs=2025:CFS,2024:CFS,2022:CFS,2020:CFS
22	138930	BNK금융지주	직접추가	메인	15630.0	735.0	2512.0		18192691866568.0	16445000245415.0							판정불가	일반	일반	5631.773694536628	5631.773694536628	3.9801856311558015	3.9801856311558015	N	N	15.547378104875808			39.594756209751615			99462.02759889606			536.3533435629947			1년	39.594756209751615	99462.02759889606	536.3533435629947	4.702495201535509	5.08767057192028					1년	5.08767057192028	안심(>=2)	1년	15.547378104875808	0.25600365568439976	매우 유망	N	주당FCF<=0	제외	하드필터 미통과	310327033.0	fs=2025:CFS,2024:CFS,2022:NA,2020:NA
23	000270	기아	직접추가	메인	118500.0	6800.0	19382.0	13998106000000.0	7661873000000.0	978970000000.0	211292000000.0						판정불가	일반	일반	52972.13234688462	52430.93110337479	3.380862019044236	3.4087848981851834	N	N	-22.138753866548832	12.82583771622907	39.189006811542605		34.15167543245814	86.87801362308521		661927.7732319037	1683869.6600426375		458.5888381703828	1320.9870548883018	3년	34.15167543245814	661927.7732319037	458.5888381703828	5.738396624472574	-4.850939538405832	5.490976631441979	13.288742096820643	10401.987179740363	8.778048252945455	3년	5.490976631441979	안심(>=2)	3년	12.82583771622907	0.26359775430234	매우 유망	Y	통과	매우 유망	배당감안점수>=2 & 린치PER배수<=0.5	390412998.0	단기위험부채 존재; fs=2025:CFS,2024:CFS,2022:CFS,2020:CFS
24	064350	현대로템	방산	메인	117100.0	600.0	7055.0	908414081000.0		60775088000.0	49136977000.0						판정불가	일반	일반	7766.386844661084	7316.175404518884	15.497322913584538	15.561137433803134	N	N	89.24356223175967	57.31843168250532	84.95065921728904	186.98712446351934	123.13686336501064	178.4013184345781	1319194.163090129	868730.57104015	1258621.3015559483	1026.5535124595465	641.8706840650299	974.8260474431668	3년	123.13686336501064	868730.57104015	641.8706840650299	0.5123825789923143	5.791706432862306	3.7316647903622564	5.514697104321595	6852.009336460757	5.851417025158631	3년	3.7316647903622564	안심(>=2)	3년	57.31843168250532	0.2703724170163333	매우 유망	Y	통과	매우 유망	배당감안점수>=2 & 린치PER배수<=0.5	109142000.0	단기위험부채 존재; fs=2025:CFS,2024:CFS,2022:CFS,2020:CFS
25	192820	코스맥스	직접추가	메인	270000.0	3300.0	10847.0	192279928597.0									판정불가	일반	일반	16941.695768248654	16941.695768248654	23.32979664716063	23.32979664716063	N	N	43.4408886537953	80.71243772559032	38.50568621710888	95.3817773075906	169.92487545118064	85.51137243421776	1034606.1384554352	1843175.1240189564	927541.8567939601	283.1874586871982	582.6574533403542	243.53402103480005	3년	169.92487545118064	1843175.1240189564	582.6574533403542	1.2222222222222223	1.914423496762595	3.512017750818435	1.7028827571956662	-9341.661092827891	-3.459874478825145	3년	3.512017750818435	안심(>=2)	3년	80.71243772559032	0.2890483462595727	매우 유망	N	주당FCF<=0	제외	하드필터 미통과	11349509.0	주당FCF 음수; fs=2025:CFS,2024:CFS,2022:CFS,2020:CFS
26	001440	대한전선	직접추가	메인	31600.0		453.0	438856642626.0	245247440000.0	6781981976.0	210000000000.0						판정불가	일반	일반	3632.780419185475	2506.4567877893646	61.73779156912699	64.22415720134798	N	N	10.757946210268955	193.05011690585698	172.76923736437072	30.01589242053791	394.60023381171396	354.03847472874145	13597.199266503672	178753.90591670643	160379.42905211987	-56.970888397140286	465.6769174579317	407.52983877253126	3년	394.60023381171396	178753.90591670643	465.6769174579317		0.17425220334004698	3.1269359009983586	2.798435657856716	-1780.5372383992687	-5.634611513921736	3년	3.1269359009983586	안심(>=2)	3년	193.05011690585698	0.3198018864667878	매우 유망	N	주당FCF<=0	제외	하드필터 미통과	186447300.0	단기위험부채 존재; 주당FCF 음수; fs=2025:CFS,2024:CFS,2022:CFS,2020:CFS
27	006040	동원산업	직접추가	메인	35200.0	1150.0	8793.0	462412200801.0	2315664040.0	920658109908.0	869187931428.0						판정불가	일반	일반	-10327.316971310991	-30015.370950217297	5.177677353725803	7.416737285365325	Y	Y	362.7894736842105	15.223245686790676	-33.98325939665047	734.078947368421	38.94649137358135		6454756.184210526	342456.4986479008		18237.375523325358	872.8877802497183		3년	38.94649137358135	342456.4986479008	872.8877802497183	3.2670454545454546	70.69898221358761	3.5711555352190314	-5.932431058107926	2047.1984446583815	5.8159046723249475	3년	3.5711555352190314	안심(>=2)	3년	15.223245686790676	0.3401165205011775	매우 유망	N	주당순현금<=0	제외	하드필터 미통과	44147986.0	주당순현금 음수(린치식); 주당순현금 음수(보수형); 단기위험부채 존재; 1년 점수 과열 가능; fs=2025:CFS,2024:CFS,2022:CFS,2020:CFS
28	003230	삼양식품	직접추가	메인	1252000.0	4800.0	52156.0	332840576772.0	3879418399.0	340183053989.0	92341086958.0						판정불가	일반	일반	-459.7174993014085	-12717.901899305922	24.013722630172968	24.248751857874566	Y	Y	43.018536799385764	69.73880446754251	42.35358590359803	94.53707359877153	147.97760893508502	93.20717180719606	4930675.610617528	7717920.171618294	4861313.252776118	293.8239305605054	516.4472980525794	288.2838061322778	3년	147.97760893508502	7717920.171618294	516.4472980525794	0.38338658146964855	1.8073800571978538	2.9200883232033514	1.779689602617845	-20189.147647522273	-1.6125517290353255	3년	2.9200883232033514	안심(>=2)	3년	69.73880446754251	0.3443380312226218	매우 유망	N	주당순현금<=0 / 주당FCF<=0	제외	하드필터 미통과	7533015.0	주당순현금 음수(린치식); 주당순현금 음수(보수형); 단기위험부채 존재; 주당FCF 음수; fs=2025:CFS,2024:CFS,2022:CFS,2020:CFS
29	082740	한화엔진	직접추가	메인	49250.0		2071.0	276708027934.0	133988650000.0	53947006810.0	30000000000.0						판정불가	일반	일반	4275.157453852644	3915.6484367553294	21.716486019385492	21.890078012189605	N	N	113.94628099173553		62.28278611303117	236.39256198347107		133.06557222606233	489568.9958677686		275578.8000801751	894.0487225741495		459.5508631069546	5년	133.06557222606233	275578.8000801751	459.5508631069546		5.246994421197792		2.867995589039298	3492.7128128726085	7.091802665731185	5년	2.867995589039298	안심(>=2)	5년	62.28278611303117	0.3486755711276995	매우 유망	Y	통과	매우 유망	배당감안점수>=2 & 린치PER배수<=0.5	83447142.0	단기위험부채 존재; fs=2025:CFS,2024:OFS,2022:CFS,2020:CFS
30	012450	한화에어로스페이스	우주항공/방산	메인	1057000.0	7000.0	28530.0	7713355500000.0		12463889065000.0							판정불가	일반	일반	-92129.95017531911	-92129.95017531911	40.277951285500144	40.277951285500144	Y	Y	-37.89049744203766	93.07351740567623	64.20288154253949		194.64703481135246	136.90576308507897		5553279.903167886	3905921.420817303		425.3812585778511	269.5289896705112	3년	194.64703481135246	5553279.903167886	425.3812585778511	0.6622516556291391	-0.9242834999855243	2.327222861880012	1.6104377488911592	39867.85493454941	3.7717932766839555	3년	2.327222861880012	안심(>=2)	3년	93.07351740567623	0.4327541540086217	매우 유망	N	주당순현금<=0	제외	하드필터 미통과	51563401.0	주당순현금 음수(린치식); 주당순현금 음수(보수형); fs=2025:CFS,2024:CFS,2022:CFS,2020:CFS
31	010120	LS ELECTRIC	전력설비	메인	212000.0	3000.0	9647.0	762716704001.0	205184236697.0	773010797653.0	302192853551.0						판정불가	일반	일반	6496.3381015	-3576.7570168666666	21.302338747641752	22.346507413378944	N	Y	19.423124535776193	45.94979891928113	27.235637161019888	47.346249071552386	100.39959783856226	62.971274322039775	456749.26479326584	968554.9203486101	607483.8833847177	115.44776641191783	356.86552846632554	186.54900159656495	3년	100.39959783856226	968554.9203486101	356.86552846632554	1.4150943396226416	0.9782127268868871	2.22345977218803	1.3449570885175353	3012.7272868333334	1.421097776808176	3년	2.22345977218803	안심(>=2)	3년	45.94979891928113	0.4636002604725875	매우 유망	Y	통과	매우 유망	배당감안점수>=2 & 린치PER배수<=0.5	30000000.0	주당순현금 음수(보수형); 단기위험부채 존재; fs=2025:CFS,2024:CFS,2022:CFS,2020:CFS
32	000120	CJ대한통운	직접추가	메인	71300.0	800.0	11347.0	307146405592.0	86460297519.0	237118568377.0							판정불가	일반	일반	6859.800761114246	6859.800761114246	5.679051664659007	5.679051664659007	N	N	-6.130046326935801	11.480536742818348			31.461073485636696			356988.8008415196			400.6855551774469		3년	31.461073485636696	356988.8008415196	400.6855551774469	1.1220196353436185	-0.8818420728160227	2.2191304327425367		12818.247147684604	17.977906237986822	3년	2.2191304327425367	안심(>=2)	3년	11.480536742818348	0.4946677835608635	매우 유망	Y	통과	매우 유망	배당감안점수>=2 & 린치PER배수<=0.5	22812344.0	fs=2025:CFS,2024:CFS,2022:CFS,2020:CFS
33	105560	KB금융	금융/은행	보정필요	175700.0	4367.0	15410.0		89862530000000.0	80049270000000.0							판정불가	금융보정	보정양호	25725.386408830236	25725.386408830236	9.732291602282269	9.732291602282269	N	N	19.64285714285714			47.78571428571428			736377.857142857			319.1109033254736			1년	47.78571428571428	736377.857142857	319.1109033254736	2.4854866249288556	2.2737033241581863					1년	2.2737033241581863	안심(>=2)	1년	19.64285714285714	0.4954621179343701	매우 유망	N	주당FCF<=0	제외	하드필터 미통과	381462103.0	린치식 단독판정 비중 낮춤; fs=2025:CFS,2024:CFS,2022:NA,2020:NA
34	030200	KT	통신	보정필요	53100.0	2400.0	7119.0	3506971000000.0									판정불가	통신보정	보정양호	13915.354148989203	13915.354148989203	5.504234562580531	5.504234562580531	N	N	273.1132075471698	10.974077918572789	21.542256858726816	554.7264150943396	30.448155837145578	51.58451371745363	3949097.3490566034	216760.42140463938	367230.1531545524	7337.094819315636	308.2117163929178	591.5822093306072	3년	30.448155837145578	216760.42140463938	308.2117163929178	4.519774011299435	50.439889216550306	2.8148967406302354	4.7349055665621345	17845.761962904104	33.60783797157082	3년	2.8148967406302354	안심(>=2)	3년	10.974077918572789	0.5015669292146208	헐값	Y	통과	양호	배당감안점수>=1.5 & 린치PER배수<1	252021685.0	린치식 단독판정 비중 낮춤; 1년 점수 과열 가능; fs=2025:CFS,2024:CFS,2022:CFS,2020:CFS
35	042660	한화오션	직접추가	메인	81600.0		4007.0	778471159631.0		5646344947762.0							판정불가	일반	일반	-15886.622071524067	-15886.622071524067	24.329079628531087	24.329079628531087	Y	Y	143.14320388349512		47.03819321855338	294.78640776699024		102.57638643710676	1181209.13592233		411023.5804534868	1347.5602155910906		403.70536820280245	5년	102.57638643710676	411023.5804534868	403.70536820280245		5.883625935262626		1.933414413399797	1951.772804089628	2.391878436384348	5년	1.933414413399797	양호(>=1.5)	5년	47.03819321855338	0.5172196881689519	헐값	N	주당순현금<=0	제외	하드필터 미통과	306413394.0	주당순현금 음수(린치식); 주당순현금 음수(보수형); fs=2025:CFS,2024:CFS,2022:CFS,2020:CFS
36	267260	HD현대일렉트릭	전력설비	메인	714000.0	7100.0	20354.0	950781542257.0		55346966947.0							판정불가	일반	일반	24840.658635145344	24840.658635145344	33.85866863343101	33.85866863343101	N	N	46.06386795837818	65.20736528007924		100.62773591675636	138.9147305601585		2048176.936849659	2827470.425821466		186.85951496493826	296.00426131953304		3년	138.9147305601585	2827470.425821466	296.00426131953304	0.9943977591036414	1.389843948885159	1.955238221440795		19908.873951397247	2.788357696274124	3년	1.955238221440795	양호(>=1.5)	3년	65.20736528007924	0.5192460773104535	헐값	Y	통과	양호	배당감안점수>=1.5 & 린치PER배수<1	36047135.0	fs=2025:CFS,2024:CFS,2022:CFS,2020:CFS
37	259960	크래프톤	직접추가	메인	202000.0	2240.0	16454.0	596725775511.0	2771628277288.0	232600090556.0	253882981026.0						판정불가	일반	일반	66149.80047167496	60794.052303852826	8.256363165693756	8.581861413403864	N	N	-42.45444689259609	15.546458229987593			39.592916459975186			651461.8474324316			222.50586506556022		3년	39.592916459975186	651461.8474324316	222.50586506556022	1.1089108910891088	-5.007717704727787	2.0172767097118367		19894.79976593031	9.848910775213024	3년	2.0172767097118367	안심(>=2)	3년	15.546458229987593	0.5310767921254271	헐값	Y	통과	양호	배당감안점수>=1.5 & 린치PER배수<1	47403831.0	단기위험부채 존재; fs=2025:CFS,2024:CFS,2022:CFS,2020:NA
38	012330	현대모비스	직접추가	메인	372500.0	6500.0	40861.0	4922378000000.0			2945574000000.0						판정불가	일반	일반	54251.49199158146	21787.145638739283	7.788563863058137	8.583070760903079	N	N	-9.074523242617772	14.580422448898144	20.046998821740058		37.66084489779629	48.593997643480115		1538859.783368854	1985599.337710241		313.1167203674776	433.04680206986336	3년	37.66084489779629	1538859.783368854	313.1167203674776	1.74496644295302	-0.9410665340281157	2.0960717763750982	2.7979439660313172	32588.711819214936	8.74864746824562	3년	2.0960717763750982	안심(>=2)	3년	14.580422448898144	0.534179574724649	헐값	Y	통과	양호	배당감안점수>=1.5 & 린치PER배수<1	90732583.0	단기위험부채 존재; fs=2025:CFS,2024:CFS,2022:CFS,2020:CFS
39	004370	농심	필수소비재	메인	392500.0	6000.0	29342.0	253539960716.0	745596630000.0	125972160319.0	27652497602.0						판정불가	일반	일반	143550.1925638563	139004.05987973648	8.484418493495456	8.639354512993782	N	N	7.867068597897209	13.475331168715332	2.7004092516118794	24.234137195794418	35.450662337430664	13.900818503223759	711078.0535989997	1040193.3343048906	407877.8165215915	81.16638308254771	165.01741001398486	3.917915037348152	3년	35.450662337430664	1040193.3343048906	165.01741001398486	1.5286624203821657	1.1074101337036324	1.7684174349250037	0.49845156450453804	33019.471789396775	8.412604277553319	3년	1.7684174349250037	양호(>=1.5)	3년	13.475331168715332	0.6296259726212218	헐값	Y	통과	양호	배당감안점수>=1.5 & 린치PER배수<1	6082642.0	단기위험부채 존재; fs=2025:CFS,2024:CFS,2022:CFS,2020:CFS
40	062040	산일전기	직접추가	메인	205000.0	1250.0	4901.0	108606384509.0	126933410833.0	741366607.0	520000000.0						판정불가	일반	일반	7712.165751415659	7695.085883324793	40.25460808989683	40.25809306604269	N	N	60.1110748121529			128.7221496243058			630867.2553087228			207.74012454084044			1년	128.7221496243058	630867.2553087228	207.74012454084044	0.6097560975609756	1.5084193783258741			3251.520036754562	1.5861073350022254	1년	1.5084193783258741	양호(>=1.5)	1년	60.1110748121529	0.6696704095824683	헐값	Y	통과	양호	배당감안점수>=1.5 & 린치PER배수<1	30445200.0	단기위험부채 존재; fs=2025:CFS,2024:OFS,2022:NA,2020:NA
41	073240	금호타이어	직접추가	메인	6720.0		1209.0	574762190002.0	23370402051.0	732635884134.0	995816495352.0						판정불가	일반	일반	-468.2279387996295	-3934.8278846250682	5.945597964267684	8.812926290012463	Y	Y	6.896551724137923			22.293103448275843			26952.362068965496			301.07681650246275			1년	22.293103448275843	26952.362068965496	301.07681650246275		1.1599424928468682			2095.5020502990724	31.183066224688577	1년	1.1599424928468682	보통(1~1.5)	1년	6.896551724137923	0.8621117048188152	헐값	N	주당순현금<=0	제외	하드필터 미통과	287260287.0	주당순현금 음수(린치식); 주당순현금 음수(보수형); 단기위험부채 존재; fs=2025:CFS,2024:CFS,2022:CFS,2020:CFS
42	052690	한전기술	원전/유틸리티	메인	138100.0	1347.0	2244.0	27327763423.0	143766317133.0	10000000.0							판정불가	일반	일반	4476.297241130298	4476.297241130298	59.5471046162521	59.5471046162521	N	N	45.90377113133941	68.14874025084036	33.4594702358408	100.30754226267882	144.79748050168072	75.4189404716816	225090.12483745127	324925.5462457715	169240.1024184535	62.990676927915466	135.28279959867598	22.548951787439165	3년	144.79748050168072	324925.5462457715	135.28279959867598	0.9753801593048516	0.7872616408934451	1.1608309229409497	0.5782791727164414	565.6546605965464	0.4095978715398598	3년	1.1608309229409497	보통(1~1.5)	3년	68.14874025084036	0.8737814433116804	헐값	Y	통과	보류	중간구간(보류)	38220000.0	fs=2025:CFS,2024:CFS,2022:CFS,2020:CFS
43	055550	신한지주	직접추가	메인	113200.0	2590.0	9812.0		78053377000000.0	92991422000000.0							판정불가	일반	일반	-30768.6938706553	-30768.6938706553	14.672716456446727	14.672716456446727	Y	Y	16.242151403862092			40.984302807724184			402137.9791493897			255.24556461960222			1년	40.984302807724184	402137.9791493897	255.24556461960222	2.287985865724382	1.2628975230721453					1년	1.2628975230721453	보통(1~1.5)	1년	16.242151403862092	0.9033727177889636	헐값	N	주당순현금<=0 / 주당FCF<=0	제외	하드필터 미통과	485494934.0	주당순현금 음수(린치식); 주당순현금 음수(보수형); fs=2025:CFS,2024:CFS,2022:NA,2020:NA
44	086790	하나금융지주	직접추가	메인	136000.0	4105.0	13954.0		73098647000000.0	72812888000000.0							판정불가	일반	일반	1026.7067789838566	1026.7067789838566	9.672731347356754	9.672731347356754	N	N	10.491725393934592			29.483450787869184			411412.0722939266			202.50887668671075			1년	29.483450787869184	411412.0722939266	202.50887668671075	3.0183823529411766	1.3967210771927048			-14044.963863826157	-10.32717931163688	1년	1.3967210771927048	보통(1~1.5)	1년	10.491725393934592	0.92193905045863	헐값	N	주당FCF<=0	제외	하드필터 미통과	278325814.0	주당FCF 음수; fs=2025:CFS,2024:CFS,2022:NA,2020:NA
45	069960	현대백화점	직접추가	메인	98900.0	2150.0	9572.0	279878097000.0	1384271000.0	850398528000.0	925684884000.0						판정불가	일반	일반	-25150.950692818045	-66058.30557705347	12.959773369496244	17.233420975454813	Y	Y	-681.8844984802432	13.23304981191371	24.719368231601415		34.96609962382742	57.93873646320283		334695.50559927605	554589.5854257775		238.418104751543	460.7579225740925	3년	34.96609962382742	334695.50559927605	238.418104751543	2.1739130434782608	-52.44772158104381	1.1888296512696541	2.075135151543552	17816.28700542092	18.01444591043571	3년	1.1888296512696541	보통(1~1.5)	3년	13.23304981191371	0.9793489447782902	헐값	N	주당순현금<=0	제외	하드필터 미통과	22628813.0	주당순현금 음수(린치식); 주당순현금 음수(보수형); 단기위험부채 존재; fs=2025:CFS,2024:CFS,2022:CFS,2020:CFS
46	035420	NAVER	직접추가	메인	201000.0	2630.0	13009.0	5984018799741.0	5235312755210.0	1256361590806.0	132159574017.0						판정불가	일반	일반	63518.0261625246	62675.45458896267	10.568219989044154	10.632988347377765	N	N	2.416942213824602		10.610774201816863	13.333884427649204		29.721548403633726	173460.5025192885		386647.62318287115	-13.701242527717161		92.362001583518	5년	29.721548403633726	386647.62318287115	92.362001583518	1.3084577114427862	0.35250968745251615		1.1278372257216505	11325.425174978569	5.634539888049039	5년	1.1278372257216505	보통(1~1.5)	5년	10.610774201816863	0.9959895280058432	헐값	Y	통과	보류	중간구간(보류)	156852638.0	단기위험부채 존재; fs=2025:CFS,2024:CFS,2022:CFS,2020:CFS
47	323410	카카오뱅크	직접추가	메인	20200.0	460.0	1008.0		5031536000000.0								판정불가	일반	일반	10548.040591320245	10548.040591320245	9.575356556229917	9.575356556229917	N	N	9.090909090909083			26.681818181818166			26895.27272727271			33.14491449144905			1년	26.681818181818166	26895.27272727271	33.14491449144905	2.277227722772277	1.187228563962459			12444.320071931525	61.6055449105521	1년	1.187228563962459	보통(1~1.5)	1년	9.090909090909083	1.0532892211852918	보통	Y	통과	보류	중간구간(보류)	477011437.0	fs=2025:OFS,2024:OFS,2022:NA,2020:NA
48	000100	유한양행	헬스케어	메인	75100.0	600.0	2599.0	348564938250.0	29513907780.0	105262499518.0	199841800000.0						판정불가	일반	일반	3411.5503159327723	912.5418633854255	27.583089528305972	28.544616443483868	N	N	175.60975609756096	25.052899606383704	-2.455406441809782	359.7195121951219	58.60579921276741	3.589187116380436	934911.0121951218	152316.4721539825	9328.297315472753	1144.8881653729984	102.8182052649567	-87.57883180363149	3년	58.60579921276741	152316.4721539825	102.8182052649567	0.7989347536617843	6.395537768537163	0.9372349074064434	-0.06005388506055908	-353.25969258346265	-0.47038574245467735	3년	0.9372349074064434	불리(<1)	3년	25.052899606383704	1.1009938953843712	보통	N	주당FCF<=0	제외	하드필터 미통과	79968437.0	단기위험부채 존재; 주당FCF 음수; 1년 점수 과열 가능; 배당감안점수<1; fs=2025:CFS,2024:CFS,2022:CFS,2020:CFS
49	021240	코웨이	직접추가	메인	99800.0	1940.0	8630.0	182190550994.0	2827952531.0	904957690609.0	910394928000.0						판정불가	일반	일반	-10011.790673154132	-22672.142564755995	12.724425338720062	14.191441780388875	Y	Y	10.06249202907792	10.977619808999673	9.097067548815364	28.62498405815584	30.455239617999347	26.694135097630728	247033.6124218849	262828.71790333436	230370.38589255317	147.52866976140774	163.35542876085606	130.83204999253826	3년	30.455239617999347	262828.71790333436	163.35542876085606	1.9438877755511021	0.9435695117872201	1.0154884987403712	0.8676977569092378	-2804.5647658552634	-2.8101851361275183	3년	1.0154884987403712	보통(1~1.5)	3년	10.977619808999673	1.1591242509863862	보통	N	주당순현금<=0 / 주당FCF<=0	제외	하드필터 미통과	71909133.0	주당순현금 음수(린치식); 주당순현금 음수(보수형); 단기위험부채 존재; 주당FCF 음수; fs=2025:CFS,2024:CFS,2022:CFS,2020:CFS
50	316140	우리금융지주	금융/은행	보정필요	35750.0	1360.0	4052.0	38499679000000.0	34245475000000.0	55583392000000.0							판정불가	금융보정	보정양호	23378.716262091115	23378.716262091115	3.053130241339804	3.053130241339804	N	N	2.5822784810126675			13.664556962025335			55368.78481012666			54.877719748606026			1년	13.664556962025335	55368.78481012666	54.877719748606026	3.804195804195804	2.09177918410906			17894.539902880944	50.054657070995646	1년	2.09177918410906	안심(>=2)	1년	2.5822784810126675	1.1823396522835472	보통	Y	통과	보류	중간구간(보류)	734076320.0	린치식 단독판정 비중 낮춤; fs=2025:CFS,2024:CFS,2022:NA,2020:NA
51	022100	포스코DX	직접추가	메인	20300.0	125.0	343.0	246949912811.0	5459116668.0	1166279518.0							판정불가	일반	일반	1652.5352570003922	1652.5352570003922	54.36578642273938	54.36578642273938	N	N	-40.86206896551724		43.180492810132876			94.86098562026575			32537.318067751152			60.28235501355248	5년	94.86098562026575	32537.318067751152	60.28235501355248	0.6157635467980296	-0.7402873768029506		0.8055848951834973	902.5027073978604	4.445826144817047	5년	0.8055848951834973	불리(<1)	5년	43.180492810132876	1.259035802620153	보통	Y	통과	제외	배당감안점수<1	152034729.0	배당감안점수<1; fs=2025:CFS,2024:CFS,2022:CFS,2020:CFS
52	064400	LG씨엔에스	직접추가	메인	71600.0	1850.0	4549.0	1140987852000.0	602021775000.0	159828598000.0	0.0						판정불가	일반	일반	16340.667162589976	16340.667162589976	12.14757811330183	12.14757811330183	N	N	8.827751196172251			26.155502392344502			118981.38038277514			66.17511226644572			1년	26.155502392344502	118981.38038277514	66.17511226644572	2.583798882681564	0.9394094833074544			3767.269821212876	5.261550029626922	1년	0.9394094833074544	불리(<1)	1년	8.827751196172251	1.3760671141897463	보통	Y	통과	제외	배당감안점수<1	96885948.0	배당감안점수<1; fs=2025:CFS,2024:CFS,2022:NA,2020:NA
53	008930	한미사이언스	직접추가	메인	50700.0	300.0	1748.0	127389343692.0	0.0	0.0	199600000000.0						판정불가	일반	일반	1862.6474131965133	-1055.8417861270873	27.938988894052336	29.60860514080497	N	Y	99.08883826879271	20.062307210120522	38.49990058066466	206.67767653758543	48.624614420241045	85.49980116132932	361272.57858769933	84995.82600658135	149453.65243000365	612.569188535896	67.64462723191589	194.7803795463583	3년	48.624614420241045	84995.82600658135	67.64462723191589	0.591715976331361	3.567793903463132	0.7392544971750471	1.3991779267759348	667.8946648379807	1.3173464789703762	3년	0.7392544971750471	불리(<1)	3년	20.062307210120522	1.3926109595190719	보통	Y	통과	제외	배당감안점수<1	68391550.0	주당순현금 음수(보수형); 단기위험부채 존재; 1년 점수 과열 가능; 배당감안점수<1; fs=2025:CFS,2024:CFS,2022:CFS,2020:CFS
54	128940	한미약품	헬스케어	메인	502000.0	2000.0	13372.0	108273819495.0		91812500000.0	319500000000.0						판정불가	일반	일반	1284.9372460725326	-23654.585387266292	37.44503909317436	39.31009462961907	N	Y	39.77213337514372	26.231706206675454	68.07388619564503	88.04426675028743	60.96341241335091	144.64777239129006	1177327.9349848435	815202.7507913284	1934230.0124163306	134.52747708861423	62.390986213412035	285.3047833498667	3년	60.96341241335091	815202.7507913284	62.390986213412035	0.398406374501992	1.0727866954468788	0.71117865613423	1.8286078537604848	7534.569419649112	1.5009102429579904	3년	0.71117865613423	불리(<1)	3년	26.231706206675454	1.4274724944748478	보통	Y	통과	제외	배당감안점수<1	12810991.0	주당순현금 음수(보수형); 단기위험부채 존재; 배당감안점수<1; fs=2025:CFS,2024:CFS,2022:CFS,2020:CFS
55	001800	오리온홀딩스	직접추가	메인	23850.0	1100.0	2011.0	353427526408.0	40225597539.0	23781543774.0							판정불가	일반	일반	5904.20765579646	5904.20765579646	8.923815188564664	8.923815188564664	N	N	-24.681647940074903	5.512222260013111	9.302936730683564		19.524444520026222	27.10587346136713		39263.65792977273	54509.911530809295		64.62749656089196	128.5530881794939	3년	19.524444520026222	39263.65792977273	64.62749656089196	4.612159329140461	-2.248980753955135	1.1345351035650495	1.5593214074687909	5198.228152968624	21.795505882468028	3년	1.1345351035650495	보통(1~1.5)	3년	5.512222260013111	1.6189142541112698	보통	Y	통과	보류	중간구간(보류)	62645422.0	fs=2025:CFS,2024:CFS,2022:CFS,2020:CFS
56	090430	아모레퍼시픽	직접추가	메인	142000.0	1240.0	3421.0	524558265446.0	595819964751.0		256253631834.0						판정불가	일반	일반	19154.135475076495	14773.189248313625	35.9093436202641	37.18994760353299	N	N	-60.24866372298396	20.627708642947496	46.209846998093965		49.75541728589499	100.91969399618793		170213.28253504678	345246.2731609589		19.868508827497735	143.13117828236543	3년	49.75541728589499	170213.28253504678	19.868508827497735	0.8732394366197183	-1.6534811918104215	0.5987563656672898	1.3111653315808338	8421.099814611242	5.930351982120593	3년	0.5987563656672898	불리(<1)	3년	20.627708642947496	1.7408304645868322	보통	Y	통과	제외	배당감안점수<1	58492759.0	단기위험부채 존재; 배당감안점수<1; fs=2025:CFS,2024:CFS,2022:CFS,2020:CFS
57	051600	한전KPS	원전/유틸리티	메인	46850.0	1651.0	2761.0	145552915316.0	253105895590.0								판정불가	일반	일반	8859.0846868	8859.0846868	13.759838939949294	13.759838939949294	N	N	-27.94885177453027	7.4435664015639835	7.368549852889328		23.38713280312797	23.237099705778654		64571.873669436325	64157.632287654866		37.82683814180645	36.94265162786523	3년	23.38713280312797	64571.873669436325	37.82683814180645	3.5240128068303096	-1.7750817487250303	0.7970717721522044	0.7916199242779638	1565.3651230222222	3.341227583825448	3년	0.7970717721522044	불리(<1)	3년	7.4435664015639835	1.8485546037526024	보통	Y	통과	제외	배당감안점수<1	45000000.0	배당감안점수<1; fs=2025:CFS,2024:CFS,2022:CFS,2020:CFS
58	326030	에스케이바이오팜	직접추가	메인	76900.0		3409.0	307770519305.0	1711367837.0	0.0	0.0						판정불가	일반	일반	3951.8457878072995	3951.8457878072995	21.398695867466326	21.398695867466326	N	N	10.897852960312292			30.295705920624584			103278.06148340921			34.30177045956984			1년	30.295705920624584	103278.06148340921	34.30177045956984		0.509276501138601			1874.8221177897738	2.438000153172658	1년	0.509276501138601	불리(<1)	1년	10.897852960312292	1.9635698834803437	보통	Y	통과	제외	배당감안점수<1	78313250.0	배당감안점수<1; fs=2025:CFS,2024:CFS,2022:CFS,2020:CFS
59	034730	SK	직접추가	메인	588000.0	8000.0	29050.0	25214132000000.0	3449044000000.0	45546013000000.0	11714166000000.0						판정불가	일반	일반	-231053.85910201556	-391370.70990508975	28.194625098176097	33.713277449400685	Y	Y	-223.85418887230867	14.11831256779157	52.31072476454839		36.73662513558314	113.12144952909678		1067198.96018869	3286178.1088202614		81.49642180079763	458.87382803065674	3년	36.73662513558314	1067198.96018869	81.49642180079763	1.3605442176870748	-7.891349641283744	0.5490002697882997	1.9035993135339633	-54497.63687223273	-9.268305590515771	3년	0.5490002697882997	불리(<1)	3년	14.11831256779157	1.9970251375859989	보통	N	주당순현금<=0 / 주당FCF<=0	제외	하드필터 미통과	73068838.0	주당순현금 음수(린치식); 주당순현금 음수(보수형); 단기위험부채 존재; 주당FCF 음수; 배당감안점수<1; fs=2025:CFS,2024:CFS,2022:CFS,2020:CFS
60	207940	삼성바이오로직스	헬스케어	메인	1391000.0		24091.0	148851266520.0	1307174500000.0	918724421281.0							판정불가	일반	일반	11607.049188490424	11607.049188490424	57.25760453329084	57.25760453329084	N	N	58.274751987385855	28.169383318294948	45.91602063406175	125.04950397477171	64.8387666365899	100.3320412681235	3012567.600256225	1562030.7270420871	2417099.2061903635	116.57567219670919	12.295523151839483	73.76701697989674	3년	64.8387666365899	1562030.7270420871	12.295523151839483		1.0177644081058896	0.4919762806688262	0.8019200420332842	16692.97982791496	1.2000704405402562	3년	0.4919762806688262	불리(<1)	3년	28.169383318294948	2.032618317778515	매우 불리	Y	통과	제외	배당감안점수<1	46290951.0	배당감안점수<1; PER>연성장률의 2배; fs=2025:CFS,2024:CFS,2022:CFS,2020:CFS
61	079550	LIG넥스원	우주항공/방산	메인	704000.0	2950.0	11604.0	125190009682.0	74459447021.0	923361958512.0	603656788627.0						판정불가	일반	일반	-32896.0228095	-60334.96774709091	63.50362140723026	65.86823231188305	Y	Y	14.066647006782663	27.179527397785485	34.219216690902975	36.633294013565326	62.85905479557097	76.93843338180595	425092.74373341206	729416.4718478055	892793.5809624762	-39.61750799241306	3.6102942965632767	26.81727002307901	3년	62.85905479557097	729416.4718478055	3.6102942965632767	0.41903409090909094	0.2281079531637935	0.4345982304176485	0.5454531570678	-39377.47379822727	-5.593391164520919	3년	0.4345982304176485	불리(<1)	3년	27.179527397785485	2.3364505378560914	매우 불리	N	주당순현금<=0 / 주당FCF<=0	제외	하드필터 미통과	22000000.0	주당순현금 음수(린치식); 주당순현금 음수(보수형); 단기위험부채 존재; 주당FCF 음수; 배당감안점수<1; PER>연성장률의 2배; fs=2025:CFS,2024:CFS,2022:CFS,2020:CFS
62	012750	에스원	직접추가	메인	83400.0	3200.0	5281.0	217937111676.0	27694386215.0	36737106943.0							판정불가	일반	일반	5497.339730559434	5497.339730559434	14.75149787340287	14.75149787340287	N	N	1.033097378993686	5.738563246263584	4.672200779142521	10.566194757987372	19.97712649252717	17.844401558285043	55800.07451693131	105499.20500703598	94236.2846293033	-33.093435831017615	26.497847730258982	12.993147037533937	3년	19.97712649252717	105499.20500703598	26.497847730258982	3.8369304556354913	0.33013785287593717	0.6491200950626043	0.5768316755222586	4591.768535203577	5.505717668109805	3년	0.6491200950626043	불리(<1)	3년	5.738563246263584	2.5705907977937974	매우 불리	Y	통과	제외	배당감안점수<1	37999178.0	배당감안점수<1; PER>연성장률의 2배; fs=2025:CFS,2024:CFS,2022:CFS,2020:CFS
63	030000	제일기획	직접추가	메인	17630.0	1230.0	2049.0	622369326472.0	216919787330.0	234763824456.0	4043255307.0						판정불가	일반	일반	5254.857894167939	5219.71175149604	6.039600832519308	6.056753659591976	N	N	0.0	2.315711686466715		8.5	13.13142337293343		17416.5	26906.286491140596		-1.2110039705048203	52.61648605298126		3년	13.13142337293343	26906.286491140596	52.61648605298126	6.976744186046512	1.1551664388946532	1.5385877527666096		1492.008099731205	8.462893362060154	3년	1.5385877527666096	양호(>=1.5)	3년	2.315711686466715	2.608097056216207	매우 불리	Y	통과	제외	린치PER배수>=2	115041225.0	단기위험부채 존재; PER>연성장률의 2배; fs=2025:CFS,2024:CFS,2022:CFS,2020:CFS
64	033780	KT&G	필수소비재	메인	177300.0	6000.0	10228.0	913503000000.0		1062456000000.0	332978000000.0						판정불가	일반	일반	-1262.563450588038	-4084.9695293504915	17.458209175849436	17.73415814717936	Y	Y	-10.146710006149517	6.408926515670932	1.8767217197089403		21.317853031341862	12.25344343941788		218039.00080456457	125328.21949836609		22.97743982208944	-29.31290496426052	3년	21.317853031341862	218039.00080456457	22.97743982208944	3.3840947546531304	-0.3873601916083898	0.5609407684191972	0.3013376928510827	-776.4757168675206	-0.43794456676115096	3년	0.5609407684191972	불리(<1)	3년	6.408926515670932	2.7240457716531936	매우 불리	N	주당순현금<=0 / 주당FCF<=0	제외	하드필터 미통과	117976645.0	주당순현금 음수(린치식); 주당순현금 음수(보수형); 단기위험부채 존재; 주당FCF 음수; 배당감안점수<1; PER>연성장률의 2배; fs=2025:CFS,2024:CFS,2022:CFS,2020:CFS
65	010130	고려아연	소재	메인	1110000.0	20000.0	42566.0	3451069963536.0	1038402532013.0	2668945939951.0	3128688084125.0						판정불가	일반	일반	87219.33882994796	-62672.518151442666	24.02811307546051	27.549511773515075	N	Y	184.74145427787812	8.708371766163726	5.597910450753152	377.98290855575624	25.91674353232745	19.695820901506302	16089220.48558432	1103172.1051970504	838372.3124935173	1349.4793230256143	-0.6151256579233877	-24.470962838421862	3년	25.91674353232745	1103172.1051970504	-0.6151256579233877	1.8018018018018018	7.763541627003299	0.4374115243655725	0.3079606055338632	-75274.78704653852	-6.781512346535001	3년	0.4374115243655725	불리(<1)	3년	8.708371766163726	2.759196979718006	매우 불리	N	주당FCF<=0	제외	하드필터 미통과	20872969.0	주당순현금 음수(보수형); 단기위험부채 존재; 주당FCF 음수; 1년 점수 과열 가능; 배당감안점수<1; PER>연성장률의 2배; fs=2025:CFS,2024:CFS,2022:CFS,2020:CFS
66	443060	HD현대마린솔루션	직접추가	메인	243000.0	3950.0	6013.0	377924043510.0		9931501625.0							판정불가	일반	일반	8208.377954504365	8208.377954504365	39.04733444960846	39.04733444960846	N	N	13.36726998491704			35.23453996983408			211865.28883861232			-12.812638338019621			1년	35.23453996983408	211865.28883861232	-12.812638338019621	1.625514403292181	0.3839643499240077			6828.081523113242	2.809910091816149	1년	0.3839643499240077	불리(<1)	1년	13.36726998491704	2.9211151187690167	매우 불리	Y	통과	제외	배당감안점수<1	44831335.0	배당감안점수<1; PER>연성장률의 2배; fs=2025:CFS,2024:CFS,2022:NA,2020:NA
67	005380	현대자동차	직접추가	메인	360500.0	10000.0	36088.0	18360566000000.0	5857507000000.0	131240462000000.0	10388351000000.0						판정불가	일반	일반	-522678.0458231802	-573412.8785132379	24.472900848569612	25.878765199324928	Y	Y	-24.20875774440827	8.159836431248424	45.92494426173537		24.819672862496848	100.34988852347074		895692.3542617862	3621426.777035012		148.4583506967507	904.5566649195595	3년	24.819672862496848	895692.3542617862	148.4583506967507	2.7739251040221915	-0.8758599061475337	0.4467701480476382	1.989909968870891	-83323.46231986141	-23.11330438831107	3년	0.4467701480476382	불리(<1)	3년	8.159836431248424	2.9991901252884983	매우 불리	N	주당순현금<=0 / 주당FCF<=0	제외	하드필터 미통과	204757766.0	주당순현금 음수(린치식); 주당순현금 음수(보수형); 단기위험부채 존재; 주당FCF 음수; 배당감안점수<1; PER>연성장률의 2배; fs=2025:CFS,2024:CFS,2022:CFS,2020:CFS
68	042700	한미반도체	반도체소부장	메인	240000.0	800.0	2256.0	276235377529.0	1620849416.0	1700783956.0							판정불가	일반	일반	2897.3777017947336	2897.3777017947336	105.09868009672219	105.09868009672219	N	N	41.97608558842039	33.93410123050573	17.576648487156234	92.45217117684078	76.36820246101146	43.65329697431247	208572.0981749528	172286.66475204186	98481.83797404893	-13.094959093769676	-28.213889686649217	-58.965900844146276	3년	76.36820246101146	172286.66475204186	-28.213889686649217	0.33333333333333337	0.40256850878447203	0.3260500943713355	0.17041110130029255	1415.2619637779844	0.5896924849074935	3년	0.3260500943713355	불리(<1)	3년	33.93410123050573	3.0971405248900963	매우 불리	Y	통과	제외	배당감안점수<1	95312200.0	배당감안점수<1; PER>연성장률의 2배; fs=2025:CFS,2024:CFS,2022:CFS,2020:CFS
69	307950	현대오토에버	직접추가	메인	385000.0	1900.0	6654.0	301124937000.0	503550000000.0	137177596000.0							판정불가	일반	일반	24339.913182556786	24339.913182556786	54.201996816567956	54.201996816567956	N	N	6.840077071290951	17.005273141647017	18.824559086735636	22.1801541425819	42.51054628329403	46.14911817347127	147586.74566473998	282865.1749690385	307076.2323262778	-61.66578034682079	-26.52852598206792	-20.239939655512252	3년	42.51054628329403	282865.1749690385	-26.52852598206792	0.49350649350649356	0.1353009851208246	0.32284381873187096	0.35640874349369295	6801.802196340414	1.7667018691793286	3년	0.32284381873187096	불리(<1)	3년	17.005273141647017	3.1873640820166393	매우 불리	Y	통과	제외	배당감안점수<1	27423982.0	배당감안점수<1; PER>연성장률의 2배; fs=2025:CFS,2024:CFS,2022:CFS,2020:CFS
70	028260	삼성물산	직접추가	메인	367000.0	2800.0	14955.0	3458217651048.0	2068618122746.0	1611322967337.0	981336899188.0						판정불가	일반	일반	23035.606644979205	17262.240061011005	22.999959435307307	23.386008688665264	N	N	9.328167263688858	6.272963576271873	18.957826688295864	27.156334527377716	21.045927152543747	46.41565337659173	406122.9828569337	314741.84056629176	694146.0962469293	10.66021331251601	-14.239280499648022	89.14062568036218	3년	21.045927152543747	314741.84056629176	-14.239280499648022	0.7629427792915531	0.43874468871842953	0.3059095115082066	0.8574262716878537	6578.623290328812	1.7925404060841448	3년	0.3059095115082066	불리(<1)	3년	6.272963576271873	3.6665220761534485	매우 불리	Y	통과	제외	배당감안점수<1	169976544.0	단기위험부채 존재; 배당감안점수<1; PER>연성장률의 2배; fs=2025:CFS,2024:CFS,2022:CFS,2020:CFS
71	007660	이수페타시스	직접추가	메인	112900.0	230.0	2278.0	162780032068.0	175712986992.0	105628209085.0							판정불가	일반	일반	3172.1466751335415	3172.1466751335415	48.16850453242601	48.16850453242601	N	N	94.53458582408199	12.033069515911986		197.56917164816397	32.56613903182397		450062.57301451755	74185.66471449501		298.63824004828837	-34.29081956200619		3년	32.56613903182397	74185.66471449501	-34.29081956200619	0.2037201062887511	1.9668101978668433	0.2540413023195103		185.87558603504556	0.16463736584149297	3년	0.2540413023195103	불리(<1)	3년	12.033069515911986	4.003010575874274	매우 불리	Y	통과	제외	배당감안점수<1	73409219.0	1년 점수 과열 가능; 배당감안점수<1; PER>연성장률의 2배; fs=2025:CFS,2024:CFS,2022:CFS,2020:CFS
72	007070	GS리테일	직접추가	메인	23250.0	600.0	585.0	294440001357.0	139922954133.0	2214168472527.0							판정불가	일반	일반	-21287.651544267934	-21287.651544267934	76.1327376825093	76.1327376825093	Y	Y	-345.7983193277311	17.566734386037865	-23.182279339928648		43.63346877207573			25525.579231664302			9.787437555545386		3년	43.63346877207573	25525.579231664302	9.787437555545386	2.5806451612903225	-4.508148329011049	0.26463490162861747	-0.2706015152712856	8424.851248528614	36.235919348510166	3년	0.26463490162861747	불리(<1)	3년	17.566734386037865	4.3339152291742975	매우 불리	N	주당순현금<=0	제외	하드필터 미통과	83607415.0	주당순현금 음수(린치식); 주당순현금 음수(보수형); 배당감안점수<1; PER>연성장률의 2배; fs=2025:CFS,2024:CFS,2022:CFS,2020:CFS
73	175330	JB금융지주	직접추가	메인	30800.0	1140.0	3619.0		3918901000000.0	14183144000000.0							판정불가	일반	일반	-54055.16269326126	-54055.16269326126	23.447129785371995	23.447129785371995	Y	Y	5.2340796743239215			18.968159348647845			68645.76868275655			122.87587234661217			1년	18.968159348647845	68645.76868275655	122.87587234661217	3.7012987012987013	0.3810862334714057					1년	0.3810862334714057	불리(<1)	1년	5.2340796743239215	4.479704407327469	매우 불리	N	주당순현금<=0 / 주당FCF<=0	제외	하드필터 미통과	189884601.0	주당순현금 음수(린치식); 주당순현금 음수(보수형); 배당감안점수<1; PER>연성장률의 2배; fs=2025:CFS,2024:CFS,2022:NA,2020:NA
74	280360	롯데웰푸드	직접추가	메인	123900.0	3300.0	8176.0	465769787384.0	60447985569.0	1114724963974.0							판정불가	일반	일반	-63249.23537832038	-63249.23537832038	22.890072820244665	22.890072820244665	Y	Y	-14.575279490126425		5.046315298946524			18.59263059789305			152013.34776837355			22.690353323949598	5년	18.59263059789305	152013.34776837355	22.690353323949598	2.663438256658596	-0.5203933306377532		0.33681647132141856	-12931.762180407184	-10.437257611305235	5년	0.33681647132141856	불리(<1)	5년	5.046315298946524	4.535997349397337	매우 불리	N	주당순현금<=0 / 주당FCF<=0	제외	하드필터 미통과	9304574.0	주당순현금 음수(린치식); 주당순현금 음수(보수형); 주당FCF 음수; 배당감안점수<1; PER>연성장률의 2배; fs=2025:CFS,2024:CFS,2022:CFS,2020:CFS
75	047810	한국항공우주	우주항공/방산	메인	130300.0	500.0	1907.0	60938581663.0	200000.0	1487227060504.0	492840000000.0						판정불가	일반	일반	-14632.333554052933	-19688.393661788952	76.00017491035811	78.65149117031409	Y	Y	8.045325779036826	16.21391673368946	20.01192023737235	24.590651558073652	40.92783346737892	48.5238404747447	46894.372521246456	78049.3784222916	92534.96378533814	-64.01045854086995	-40.100246797934304	-28.983143679709787	3년	40.92783346737892	78049.3784222916	-40.100246797934304	0.38372985418265537	0.11090837150258559	0.2183895840693652	0.2683631993691013	-11214.27678311756	-8.606505589499278	3년	0.2183895840693652	불리(<1)	3년	16.21391673368946	4.687342124586349	매우 불리	N	주당순현금<=0 / 주당FCF<=0	제외	하드필터 미통과	97475107.0	주당순현금 음수(린치식); 주당순현금 음수(보수형); 단기위험부채 존재; 주당FCF 음수; 배당감안점수<1; PER>연성장률의 2배; fs=2025:CFS,2024:CFS,2022:CFS,2020:CFS
76	068270	셀트리온	헬스케어	메인	178500.0	750.0	4668.0	1119206211717.0									판정불가	일반	일반	4845.86731932615	4845.86731932615	37.20097101128403	37.20097101128403	N	N	127.9296875	6.22945826601542	3.8046169226709114	264.359375	20.95891653203084	16.109233845341823	1234029.5625	97836.22237151997	75197.90359005563	591.3330882352941	-45.18979138850422	-57.872322918736344	3년	20.95891653203084	97836.22237151997	-45.18979138850422	0.42016806722689076	3.4501748765723077	0.17874873027441418	0.11356652461077735	1360.9075488767974	0.7624131926480657	3년	0.17874873027441418	불리(<1)	3년	6.22945826601542	5.971782685218804	매우 불리	Y	통과	제외	배당감안점수<1	230960969.0	1년 점수 과열 가능; 배당감안점수<1; PER>연성장률의 2배; fs=2025:CFS,2024:CFS,2022:CFS,2020:CFS
77	272210	한화시스템	우주항공/방산	메인	77400.0	500.0	1243.0	325483658125.0	164123075536.0	1615285782454.0	1474436243190.0						판정불가	일반	일반	-5958.515188681878	-13763.093908709392	67.0623613746435	73.3411857672642	Y	Y	-52.02624469316866		7.897266078384502			24.294532156769			30198.10347086387			-60.984362440744356	5년	24.294532156769	30198.10347086387	-60.984362440744356	0.6459948320413437	-0.7661562880867233		0.12739278390003247	-1268.1431386537038	-1.6384278277179636	5년	0.12739278390003247	불리(<1)	5년	7.897266078384502	8.491845242266683	매우 불리	N	주당순현금<=0 / 주당FCF<=0	제외	하드필터 미통과	188919389.0	주당순현금 음수(린치식); 주당순현금 음수(보수형); 단기위험부채 존재; 주당FCF 음수; 배당감안점수<1; PER>연성장률의 2배; fs=2025:CFS,2024:CFS,2022:CFS,2020:CFS
78	450080	에코프로머티	직접추가	메인	35400.0		345.0	45037598354.0	777438041.0								판정불가	일반	일반	649.3175374808915	649.3175374808915	100.72661583338872	100.72661583338872	N	N	-155.8252427184466	5.476875138059767			19.453750276119536			6711.54384526124			-81.04083659530723		3년	19.453750276119536	6711.54384526124	-81.04083659530723		-1.5470115959836888	0.0543736637307366		-2943.2049268330334	-8.314138211392748	3년	0.0543736637307366	불리(<1)	3년	5.476875138059767	18.391256564061827	매우 불리	N	주당FCF<=0	제외	하드필터 미통과	70558754.0	주당FCF 음수; 배당감안점수<1; PER>연성장률의 2배; fs=2025:OFS,2024:OFS,2022:OFS,2020:NA
79	282330	BGF리테일	필수소비재	메인	134000.0	4100.0	11303.0	414042445266.0	56154402761.0		0.0						판정불가	일반	일반	27204.316433276137	27204.316433276137	9.448437013777216	9.448437013777216	N	N	0.017697548889472614	0.2966584171548048	9.736317603940137	8.535395097778945	9.09331683430961	27.972635207880273	96475.57079019542	102781.76017820151	316174.6957546707	-28.00330538045118	-23.297193896864542	135.95126548856024	3년	9.09331683430961	102781.76017820151	-23.297193896864542	3.0597014925373136	0.32570456224023975	0.35522911406384466	1.3543000898263877	30299.629909466068	22.61166411154184	3년	0.35522911406384466	불리(<1)	3년	0.2966584171548048	31.84954974274926	매우 불리	Y	통과	제외	배당감안점수<1	17283906.0	배당감안점수<1; PER>연성장률의 2배; fs=2025:CFS,2024:CFS,2022:CFS,2020:CFS
80	024110	IBK기업은행	금융/은행	보정필요	20000.0	1048.0	3183.0			203390126000000.0							판정불가	금융보정	보정보류	-255058.34950533815	-255058.34950533815	86.41481291402391	86.41481291402391	Y	Y	2.4790727623953623			13.458145524790725			42837.27720540888			114.1863860270444			1년	13.458145524790725	42837.27720540888	114.1863860270444	5.24	0.08932580540416428					1년	0.08932580540416428	불리(<1)	1년	2.4790727623953623	34.857715442981615	매우 불리	N	주당순현금<=0 / 주당FCF<=0	제외	하드필터 미통과	797425869.0	린치식 단독판정 비중 낮춤; 주당순현금 음수(린치식); 주당순현금 음수(보수형); 배당감안점수<1; PER>연성장률의 2배; fs=2025:CFS,2024:CFS,2022:NA,2020:NA
81	204320	HL만도	직접추가	메인	45800.0	750.0	2130.0	799652317531.0		965892545521.0	659326263869.0						판정불가	일반	일반	-3540.256046154449	-17581.28462433386	23.164439458288474	29.756471654616835	Y	Y	-23.021322732200943	0.5378148348890388	76.60035963530261		9.575629669778078	161.70071927060522		20396.091196627305	344422.5320463891		-55.46704978902335	652.01426211002	3년	9.575629669778078	20396.091196627305	-55.46704978902335	1.6375545851528384	-0.9231290999099386	0.0939098666280702	3.377500861237595	6770.8428804833	14.783499739046507	3년	0.0939098666280702	불리(<1)	3년	0.5378148348890388	43.07140293567344	매우 불리	N	주당순현금<=0	제외	하드필터 미통과	46957120.0	주당순현금 음수(린치식); 주당순현금 음수(보수형); 단기위험부채 존재; 배당감안점수<1; PER>연성장률의 2배; fs=2025:CFS,2024:CFS,2022:CFS,2020:CFS
82	192080	더블유게임즈	직접추가	메인	58600.0	1200.0	6651.0	569919505893.0	290204328298.0	53240025218.0							판정불가	일반	일반	37536.62715928326	37536.62715928326	3.1669482545055985	3.1669482545055985	N	N	-29.55195424213537		0.05119867759955099			8.602397355199102			57214.54480942923			-2.3642580043869765	5년	8.602397355199102	57214.54480942923	-2.3642580043869765	2.04778156996587	-8.684755942266968		0.6627769318867823	10978.50357230814	18.734647734314233	5년	0.6627769318867823	불리(<1)	5년	0.05119867759955099	61.85605572229413	매우 불리	Y	통과	제외	배당감안점수<1	21495906.0	배당감안점수<1; PER>연성장률의 2배; fs=2025:CFS,2024:CFS,2022:CFS,2020:CFS
83	006360	GS건설	직접추가	메인	37450.0	500.0	1073.0	3015810000000.0	301590000000.0								판정불가	일반	일반	38763.054954990854	38763.054954990854	-1.223723164017571	-1.223723164017571	N	N	-62.91047355686139	-35.490770024369326	-22.823533314849886										3년				1.335113484646195	50.318047318855086	27.911260932241948	17.55987012589977	3464.721168093708	9.25159190412205	3년	27.911260932241948	안심(>=2)	3년	-35.490770024369326		판정불가	N	순현금차감PER<=0	제외	하드필터 미통과	85581490.0	fs=2025:CFS,2024:CFS,2022:CFS,2020:CFS
84	003030	세아제강지주	직접추가	메인	107500.0	1800.0	15656.0	657858846224.0	16603582224.0	0.0							판정불가	일반	일반	162848.45134399107	162848.45134399107	-3.5352868768517545	-3.5352868768517545	N	N	47.712048306444	-38.977007618002915	29.936065767104946	103.924096612888		68.3721315342099	1627035.6565713745		1070434.0912995902	1413.5215409966274		895.7526430693863	3년				1.6744186046511629	-13.969578320352555	10.55150269631597	-8.941419882707198	-147158.44666591173	-136.89157829387136	3년	10.55150269631597	안심(>=2)	3년	-38.977007618002915		판정불가	N	주당FCF<=0 / 순현금차감PER<=0	제외	하드필터 미통과	4141657.0	주당FCF 음수; fs=2025:CFS,2024:CFS,2022:CFS,2020:CFS
85	285130	SK케미칼	직접추가	메인	49800.0	1150.0	2306.0	567555999965.0	950748039267.0	341978345417.0	477883213809.0						판정불가	일반	일반	68000.55528903044	40375.277635757375	-7.892695268443382	4.087043523088736	N	N	92.16666666666666	-38.59552986089414	-34.69934418185778	192.83333333333331			444673.6666666666			792.9190093708165			3년				2.3092369477911645	-11.970043236331687	4.597452667174803	4.103808158357377	-13324.604357906223	-26.756233650414103	3년	4.597452667174803	안심(>=2)	3년	-38.59552986089414		판정불가	N	주당FCF<=0 / 순현금차감PER<=0	제외	하드필터 미통과	17298766.0	단기위험부채 존재; 주당FCF 음수; fs=2025:CFS,2024:CFS,2022:CFS,2020:CFS
86	009240	한샘	직접추가	메인	39650.0	8530.0	2808.0	98241927402.0	251054722982.0	161476119968.0	96981921492.0						판정불가	일반	일반	7980.840700116019	3859.9000100620688	11.278190633861817	12.74576210467875	N	N	-69.38174681059863		-5.701809832138416										5년				21.513240857503153	-4.244342688212267		1.4019474877372837	2308.508445254018	5.822215498749101	5년	1.4019474877372837	보통(1~1.5)	5년	-5.701809832138416		판정불가	Y	통과	보류	배당감안점수 또는 린치PER배수 미산출	23533928.0	단기위험부채 존재; fs=2025:CFS,2024:CFS,2022:CFS,2020:CFS
87	271560	오리온	필수소비재	메인	110900.0	3500.0	9682.0	311390944459.0	31192701875.0	22097727513.0							판정불가	일반	일반	8106.152590268567	8106.152590268567	10.617005516394489	10.617005516394489	N	N	-27.04393037450079	-0.8262042047842644	7.4207333275822185		6.847591590431471	23.34146665516444		66298.38177855751	225992.0801553021		-40.21787035296889	103.78005424283327	3년	6.847591590431471	66298.38177855751	-40.21787035296889	3.1559963931469794	-2.2499690656152262	0.21943967013722596	0.9962064825526277	9890.016867456836	8.917959303387589	3년	0.21943967013722596	불리(<1)	3년	-0.8262042047842644		판정불가	Y	통과	보류	배당감안점수 또는 린치PER배수 미산출	39536132.0	배당감안점수<1; fs=2025:CFS,2024:CFS,2022:CFS,2020:CFS
88	300720	한일시멘트	직접추가	메인	16260.0	1000.0	1061.0	129285266021.0		337958155586.0	209542035372.0						판정불가	일반	일반	-2837.341716779947	-5686.501277561126	17.99937956341183	20.684732589595782	Y	Y	-60.067745577719236	-2.308290966967641	-43.43181980026135		3.883418066064718			4120.306568094666			-74.65986120482985		3년	3.883418066064718	4120.306568094666	-74.65986120482985	6.150061500615006	-2.9955301452004046	0.21343905328029805	-2.071280188758878	83.57535581957487	0.5139935782261678	3년	0.21343905328029805	불리(<1)	3년	-2.308290966967641		판정불가	N	주당순현금<=0	제외	하드필터 미통과	73545209.0	주당순현금 음수(린치식); 주당순현금 음수(보수형); 단기위험부채 존재; 배당감안점수<1; fs=2025:CFS,2024:CFS,2022:CFS,2020:CFS
89	000880	한화	직접추가	메인	132300.0	1100.0	4122.0	14684582000000.0	103264989000000.0	60168760000000.0							판정불가	일반	일반	770834.9267100092	770834.9267100092	-154.90900696506773	-154.90900696506773	N	N	-50.52808449351897	-33.7392629586393	7.803689278908865			24.107378557817732			99370.61441532469			-24.889936194010065	3년				0.8314436885865457	0.32081182223406224	0.21243322073243637	-0.05574325945709954	29660.332448246358	22.418996559521055	3년	0.21243322073243637	불리(<1)	3년	-33.7392629586393		판정불가	N	순현금차감PER<=0	제외	하드필터 미통과	74958735.0	배당감안점수<1; fs=2025:CFS,2024:CFS,2022:CFS,2020:CFS
90	383220	F&F	직접추가	메인	68500.0	2700.0	10611.0	325383761882.0	16380800000.0	136145710441.0	186267116479.0						판정불가	일반	일반	5367.64687570116	505.17391270411537	5.949708144783606	6.407956468503993	N	N	11.64772727272727	-2.8457492223840752		31.79545454545454	2.8085015552318495		337381.5681818181	29801.010002565155		392.5278367617783	-56.494875908664		3년	2.8085015552318495	29801.010002565155	-56.494875908664	3.9416058394160585	2.6201845086823705	0.18418661728689553		8579.832305807739	12.525302636215677	3년	0.18418661728689553	불리(<1)	3년	-2.8457492223840752		판정불가	Y	통과	보류	배당감안점수 또는 린치PER배수 미산출	38307075.0	단기위험부채 존재; 1년 점수 과열 가능; 배당감안점수<1; fs=2025:CFS,2024:CFS,2022:CFS,2020:NA
91	268280	미원에스씨	직접추가	메인	134600.0	3200.0	12662.0	58959811112.0			34836825379.0						판정불가	일반	일반	11791.9622224	4824.5971466	9.698944698910124	10.249202563054808	N	N	13.418129702615555	-0.7008484463701614	13.343223272870098	35.33625940523111	7.098303107259677	35.186446545740196	447427.71658903634	89878.71394412204	445530.7861621624	232.4128652221667	-33.22532396424812	231.003555841131	3년	7.098303107259677	89878.71394412204	-33.22532396424812	2.37741456166419	1.6285838052107566	0.17286067374757025	1.620860652633768	6279.6343486	4.665404419465082	3년	0.17286067374757025	불리(<1)	3년	-0.7008484463701614		판정불가	Y	통과	보류	배당감안점수 또는 린치PER배수 미산출	5000000.0	단기위험부채 존재; 1년 점수 과열 가능; 배당감안점수<1; fs=2025:CFS,2024:CFS,2022:CFS,2020:CFS
92	088350	한화생명	직접추가	메인	5650.0	150.0	693.0	3103115000000.0	104518986000000.0								판정불가	일반	일반	123912.9344985205	123912.9344985205	-170.65358513495022	-170.65358513495022	N	N	-25.96153846153846												1년				2.6548672566371683	0.13657299485663155					1년	0.13657299485663155	불리(<1)	1년	-25.96153846153846		판정불가	N	주당FCF<=0 / 순현금차감PER<=0	제외	하드필터 미통과	868530000.0	배당감안점수<1; fs=2025:CFS,2024:CFS,2022:NA,2020:NA
93	000810	삼성화재해상보험	직접추가	메인	655000.0	19500.0	47478.0		11734007737216.0								판정불가	일반	일반	255025.28109142228	255025.28109142228	8.4244222357424	8.4244222357424	N	N	-2.667131347506102			3.165737304987796			150302.87576621058			-77.0529960662274			1년	3.165737304987796	150302.87576621058	-77.0529960662274	2.9770992366412212	0.03679396407981721			72732.0784920961	11.104134120930704	1년	0.03679396407981721	불리(<1)	1년	-2.667131347506102		판정불가	Y	통과	보류	배당감안점수 또는 린치PER배수 미산출	46011155.0	배당감안점수<1; fs=2025:CFS,2024:CFS,2022:NA,2020:NA
94	298020	효성티앤씨	직접추가	메인	313000.0	10100.0	2517.0	78332153321.0		1022720440533.0							판정불가	일반	일반	-218220.35149809992	-218220.35149809992	211.05298033297575	211.05298033297575	Y	Y	-91.92622293504411	-2.1428862261368864	-39.74816600029081		4.214227547726227			10607.210737626914			-96.61111478031088		3년	4.214227547726227	10607.210737626914	-96.61111478031088	3.2268370607028753	-0.4202707099155922	0.005135918160718947	-0.17304341725934724	-681.4700322251034	-0.2177220550239947	3년	0.005135918160718947	불리(<1)	3년	-2.1428862261368864		판정불가	N	주당순현금<=0 / 주당FCF<=0	제외	하드필터 미통과	4327682.0	주당순현금 음수(린치식); 주당순현금 음수(보수형); 주당FCF 음수; 배당감안점수<1; fs=2025:CFS,2024:CFS,2022:CFS,2020:CFS
95	241560	두산밥캣	직접추가	메인	58300.0	1700.0	2.95	1389744000.0	5896000.0	976095000.0	54294000.0						판정불가	일반	일반	4.376822687223808	3.810410953130613	19761.228195699245	19761.420199676904	N	N	-28.743961352657	-92.28374718011123	-73.96450801980052										3년				2.9159519725557463	-0.0013070042572415797	-0.004522380609268261	-0.0035953512273446393	6.059063659665145	0.010392905076612597	3년	-0.004522380609268261	불리(<1)	3년	-92.28374718011123		판정불가	Y	통과	보류	배당감안점수 또는 린치PER배수 미산출	95856065.0	단기위험부채 존재; 1년 점수 과열 가능; 배당감안점수<1; fs=2025:CFS,2024:CFS,2022:CFS,2020:CFS
96	005830	DB손해보험	직접추가	메인	185900.0	7600.0	29597.0	1713419000000.0	38577437000000.0								판정불가	일반	일반	580693.762250663	580693.762250663	-13.338979026612934	-13.338979026612934	N	N	-4.024255788313125			0.4514884233737497			13362.70286659287			-92.8118865698801			1년	0.4514884233737497	13362.70286659287	-92.8118865698801	4.088219472834857	-0.004795245902562437					1년	-0.004795245902562437	불리(<1)	1년	-4.024255788313125		판정불가	N	주당FCF<=0 / 순현금차감PER<=0	제외	하드필터 미통과	69384000.0	배당감안점수<1; fs=2025:CFS,2024:CFS,2022:NA,2020:NA
97	003670	포스코퓨처엠	2차전지	메인	184200.0	250.0	51.0	319841457995.0	455490703002.0	75416813902.0	2985898850806.0						판정불가	일반	일반	7868.972364368042	-25700.738083203534	3457.4711301104307	4115.700746729481	N	Y	-101.85319767441861	-67.79595834778358	-36.26680545246004										3년				0.13572204125950055	-0.029419616767677906	-0.0195692845320629	-0.01045014753602484	-17346.109652439416	-9.416997639760812	3년	-0.0195692845320629	불리(<1)	3년	-67.79595834778358		판정불가	N	주당FCF<=0	제외	하드필터 미통과	88946220.0	주당순현금 음수(보수형); 단기위험부채 존재; 주당FCF 음수; 1년 점수 과열 가능; 배당감안점수<1; fs=2025:CFS,2024:CFS,2022:CFS,2020:CFS
98	026960	동서	직접추가	메인	25500.0	1140.0	1468.0	38923278454.0	723123250000.0	100000000.0	1896791452.0						판정불가	일반	일반	7642.392461925778	7623.367472437312	12.164582791603694	12.177542593707553	N	N	-7.90464240903388	-4.791896569068244	4.358606974752632			17.217213949505265			25274.87007787373			-0.8828624397108631	3년				4.470588235294118	-0.28229937948303774	-0.02641342816918481	0.7258115926623383	1043.7561603209629	4.093161413023384	3년	-0.02641342816918481	불리(<1)	3년	-4.791896569068244		판정불가	Y	통과	보류	배당감안점수 또는 린치PER배수 미산출	99700000.0	단기위험부채 존재; 배당감안점수<1; fs=2025:CFS,2024:CFS,2022:CFS,2020:CFS
99	014680	한솔케미칼	직접추가	메인	225000.0	2600.0	13428.0	112551479633.0	97254225348.0	138153315888.0	52809626645.0						판정불가	일반	일반	6321.231270657452	1662.3236254868134	16.28528215142557	16.63223684647849	N	N	22.295081967213104	-1.612254890420728	3.943248256290177	53.09016393442621	5.275490219158544	16.386496512580354	712894.7213114752	70839.28266286093	220037.875170929	216.84209836065565	-68.51587437206182	-2.205388812920439	3년	5.275490219158544	70839.28266286093	-68.51587437206182	1.1555555555555554	1.439989636330363	-0.02804368574143459	0.313092752365939	10281.03332708436	4.569348145370826	3년	-0.02804368574143459	불리(<1)	3년	-1.612254890420728		판정불가	Y	통과	보류	배당감안점수 또는 린치PER배수 미산출	11335195.0	단기위험부채 존재; 1년 점수 과열 가능; 배당감안점수<1; fs=2025:CFS,2024:CFS,2022:CFS,2020:CFS
100	034020	두산에너빌리티	전력/에너지설비	메인	86500.0		132.0	3080997000000.0	107870000000.0	3096393000000.0	1883572000000.0						판정불가	일반	일반	144.364047956165	-2796.1389965416356	654.2093632730594	676.4859014889518	N	Y	-24.13793103448276												1년					-0.03689633990213599			83.81713492188614	0.09689842187501288	1년	-0.03689633990213599	불리(<1)	1년	-24.13793103448276		판정불가	Y	통과	보류	배당감안점수 또는 린치PER배수 미산출	640561146.0	주당순현금 음수(보수형); 단기위험부채 존재; 배당감안점수<1; fs=2025:CFS,2024:CFS,2022:CFS,2020:CFS
101	457190	이수스페셜티케미컬	직접추가	메인	64100.0		26.0	26339571000.0	550236000.0	1431768000.0							판정불가	일반	일반	842.7503651316791	842.7503651316791	2432.9711398026275	2432.9711398026275	N	N	-92.73743016759776												1년					-0.03811694625161933			-1474.6892904859199	-2.300607317450733	1년	-0.03811694625161933	불리(<1)	1년	-92.73743016759776		판정불가	N	주당FCF<=0	제외	하드필터 미통과	30208280.0	주당FCF 음수; 배당감안점수<1; fs=2025:CFS,2024:OFS,2022:NA,2020:NA
102	009150	삼성전기	직접추가	메인	1486000.0	2350.0	9395.0	2701205916236.0		249136193271.0	2003354614634.0						판정불가	일반	일반	32828.335646491505	6007.402663954398	154.67500418877154	157.5298134471576	N	N	4.528259902091669	-10.207342192334501	3.285033400534343	17.55651980418334		15.070066801068686	164943.50356030246		141583.2775960403	-88.90016799728787		-90.4721885870767	3년				0.15814266487213996	0.030298383320192687	-0.06496977052089113	0.022260714221182715			3년	-0.06496977052089113	불리(<1)	3년	-10.207342192334501		판정불가	N	주당FCF<=0	제외	하드필터 미통과	74693696.0	단기위험부채 존재; 1년 점수 과열 가능; 배당감안점수<1; fs=2025:CFS,2024:CFS,2022:CFS,2020:CFS
103	000720	현대건설	직접추가	메인	131300.0	800.0	3319.0	4812659000000.0	700784000000.0	579678000000.0	1194728000000.0						판정불가	일반	일반	44306.32756193628	33577.399427860786	26.21080820670796	29.443386734600548	N	N	-321.1192538307795	-3.003815607902416	24.7843511038494		2.4923687841951683	58.0687022076988		8272.171994743763	192730.0226273523		-93.69979284482577	46.786003524259165	3년	2.4923687841951683	8272.171994743763	-93.69979284482577	0.6092916984006093	-12.228160215614903	-0.0913563553865917	0.9688233419582682	-7760.002367187725	-5.910131277370697	3년	-0.0913563553865917	불리(<1)	3년	-3.003815607902416		판정불가	N	주당FCF<=0	제외	하드필터 미통과	111355765.0	단기위험부채 존재; 주당FCF 음수; 배당감안점수<1; fs=2025:CFS,2024:CFS,2022:CFS,2020:CFS
104	032640	LG유플러스	통신	보정필요	14570.0	660.0	1221.0	794318000000.0	96103000000.0	6032435000000.0	0.0						판정불가	통신보정	보정주의	-11962.94739559469	-11962.94739559469	21.730505647497697	21.730505647497697	Y	Y	40.18369690011481	-7.505357255026945	16.093370483592317	88.86739380022962		40.68674096718463	108507.08783008037		49678.510720932434	644.7294978042579		240.96438380873323	3년				4.529855868222374	2.0576397757907685	-0.1369273883945358	0.9490449364757183	2279.814694868141	15.647321172739472	3년	-0.1369273883945358	불리(<1)	3년	-7.505357255026945		판정불가	N	주당순현금<=0	제외	하드필터 미통과	429828355.0	린치식 단독판정 비중 낮춤; 주당순현금 음수(린치식); 주당순현금 음수(보수형); 1년 점수 과열 가능; 배당감안점수<1; fs=2025:CFS,2024:CFS,2022:CFS,2020:CFS
105	001040	CJ	직접추가	메인	129400.0	3300.0	4321.0	2587324564000.0	1114436500000.0	6845375033000.0	4564809586000.0						판정불가	일반	일반	-107742.88598847626	-264195.22512220073	54.88148252452587	91.08892041707955	Y	Y	44.370197126628796	-10.479231651272991	10.856012353166022	97.24039425325759		30.212024706332045	420175.74356832606		130546.15875606076	224.7107755551206		0.8857486522880764	3년				2.5502318392581143	0.8549409893385941	-0.1444749567118837	0.24427627636394567	55371.62013720534	42.79105111066873	3년	-0.1444749567118837	불리(<1)	3년	-10.479231651272991		판정불가	N	주당순현금<=0	제외	하드필터 미통과	29176998.0	주당순현금 음수(린치식); 주당순현금 음수(보수형); 단기위험부채 존재; 1년 점수 과열 가능; 배당감안점수<1; fs=2025:CFS,2024:CFS,2022:CFS,2020:CFS
106	005930	삼성전자	반도체	메인	276500.0	1668.0	6605.0	57856378000000.0	67965021000000.0	6486651000000.0	17574980000000.0						판정불가	일반	일반	20159.129590764183	17190.201384077154	38.81012421033093	39.25962128931459	N	N	33.43434343434344	-6.409201466872028	11.451444833603809	75.36868686868688		31.402889667207617	497810.17676767684		207416.08625190632	80.03984693225202		-24.985140596055576	3년				0.6032549728752261	0.87702884491563	-0.14959876094525115	0.3106070916225043	5602.031650745953	2.0260512299262037	3년	-0.14959876094525115	불리(<1)	3년	-6.409201466872028		판정불가	Y	통과	보류	배당감안점수 또는 린치PER배수 미산출	5919637922.0	단기위험부채 존재; 1년 점수 과열 가능; 배당감안점수<1; fs=2025:CFS,2024:CFS,2022:CFS,2020:CFS
107	161890	한국콜마	직접추가	메인	146100.0	864.0	5299.0	225316644282.0	284826044.0	476529423888.0	829915405830.0						판정불가	일반	일반	-10630.253549352963	-45788.59706291151	29.57732658036478	36.212228168128235	Y	Y	38.35509138381201		-5.429179724160593	85.21018276762402			451528.7584856397			209.05459170817227			5년				0.5913757700205339	1.3167676614724053		-0.16356461227133648	4731.724715873624	3.2386890594617546	5년	-0.16356461227133648	불리(<1)	5년	-5.429179724160593		판정불가	N	주당순현금<=0	제외	하드필터 미통과	23605077.0	주당순현금 음수(린치식); 주당순현금 음수(보수형); 단기위험부채 존재; 배당감안점수<1; fs=2025:CFS,2024:CFS,2022:CFS,2020:CFS
108	377300	카카오페이	직접추가	메인	40950.0		335.0	1631491473258.0	2303511051026.0	95911725899.0	38914909706.0						판정불가	일반	일반	28407.16665292835	28119.217661003742	37.44129357334821	38.300842802973904	N	N	-428.4313725490196	-6.283340638970736											3년					-11.442750280775272	-0.1678184709794161		721.2173895844579	1.761214626579873	3년	-0.1678184709794161	불리(<1)	3년	-6.283340638970736		판정불가	Y	통과	보류	배당감안점수 또는 린치PER배수 미산출	135145150.0	단기위험부채 존재; 배당감안점수<1; fs=2025:CFS,2024:CFS,2022:CFS,2020:NA
109	004170	신세계	직접추가	메인	357500.0	5200.0	1590.0	845128179533.0	3188808721.0	2404267280398.0	2154639015848.0						판정불가	일반	일반	-161318.93140667863	-384709.14210858254	326.3012147211815	466.7982025840142	Y	Y	-86.49796195652173	-66.22887992742359											3년				1.4545454545454546	-0.26062856239945154	-0.1985108591404621		50780.68871201069	14.20438845091208	3년	-0.1985108591404621	불리(<1)	3년	-66.22887992742359		판정불가	N	주당순현금<=0	제외	하드필터 미통과	9645181.0	주당순현금 음수(린치식); 주당순현금 음수(보수형); 단기위험부채 존재; 1년 점수 과열 가능; 배당감안점수<1; fs=2025:CFS,2024:CFS,2022:CFS,2020:CFS
110	066570	LG전자	직접추가	메인	216500.0	1350.0	5380.0	8769841000000.0	226864000000.0								판정불가	일반	일반	55233.007286238106	55233.007286238106	29.97527745608957	29.97527745608957	N	N	157.90987535953977	-6.773782148657093	-13.211093618974335	324.31975071907954			1744840.258868648			705.9308355051492			3년				0.6235565819861432	5.288806156131821	-0.20517660180728406	-0.4199306263445776	2290.6763841474362	1.0580491381743355	3년	-0.20517660180728406	불리(<1)	3년	-6.773782148657093		판정불가	Y	통과	보류	배당감안점수 또는 린치PER배수 미산출	162886387.0	1년 점수 과열 가능; 배당감안점수<1; fs=2025:CFS,2024:CFS,2022:CFS,2020:CFS
111	103140	풍산	직접추가	메인	79000.0	1700.0	5388.0	239069532140.0	18564061989.0	421550501295.0	535368466545.0						판정불가	일반	일반	-5849.103665257674	-24952.841736404414	15.747792068533347	19.293400470750633	Y	Y	-37.65332099051145	-5.551366378147627	15.984603902585516			40.46920780517103			218048.09165426152			176.01024260033103	3년				2.151898734177215	-2.2543745879952186	-0.215869477395698	1.1516854272544288			3년	-0.215869477395698	불리(<1)	3년	-5.551366378147627		판정불가	N	주당순현금<=0 / 주당FCF<=0	제외	하드필터 미통과	28024278.0	주당순현금 음수(린치식); 주당순현금 음수(보수형); 단기위험부채 존재; 배당감안점수<1; fs=2025:CFS,2024:CFS,2022:CFS,2020:CFS
112	093370	후성	직접추가	메인	13600.0		50.0	67697035372.0	6532556311.0	163041804446.0	95387151720.0						판정불가	일반	일반	-828.0447485733343	-1717.3912427755338	288.5608949714667	306.3478248555107	Y	Y	-107.48502994011977	-63.71940165586019	-5.111991994525078										3년					-0.3724864727452	-0.2208178681389273	-0.01771547040367531	3.33571650938	0.024527327274852944	3년	-0.2208178681389273	불리(<1)	3년	-63.71940165586019		판정불가	N	주당순현금<=0	제외	하드필터 미통과	107255330.0	주당순현금 음수(린치식); 주당순현금 음수(보수형); 단기위험부채 존재; 1년 점수 과열 가능; 배당감안점수<1; fs=2025:CFS,2024:CFS,2022:CFS,2020:CFS
113	008730	율촌화학	직접추가	메인	14570.0	250.0	168.0	23775188232.0	161779800.0	131712944797.0	113904302896.0						판정불가	일반	일반	-4345.805514717742	-8938.72095407258	112.59408044474847	139.9328628218606	Y	Y	-82.87461773700306		-27.064834063200415										5년				1.7158544955387784	-0.720808437893767		-0.22513598821121636	-316.2289210887097	-2.17041126347776	5년	-0.22513598821121636	불리(<1)	5년	-27.064834063200415		판정불가	N	주당순현금<=0 / 주당FCF<=0	제외	하드필터 미통과	24800000.0	주당순현금 음수(린치식); 주당순현금 음수(보수형); 단기위험부채 존재; 주당FCF 음수; 배당감안점수<1; fs=2025:CFS,2024:CFS,2022:CFS,2020:CFS
114	016360	삼성증권	직접추가	메인	90700.0	4000.0	11279.0	3379830380886.0	70613319064436.0	4076142290150.0							판정불가	일반	일반	782945.2089045016	782945.2089045016	-61.374697127804026	-61.374697127804026	N	N	12.028208184346445			32.556416368692894			367203.82022248715			304.8553695948039			1년	32.556416368692894	367203.82022248715	304.8553695948039	4.410143329658213	-0.26783596959792966					1년	-0.26783596959792966	불리(<1)	1년	12.028208184346445		판정불가	N	주당FCF<=0 / 순현금차감PER<=0	제외	하드필터 미통과	89300000.0	배당감안점수<1; fs=2025:CFS,2024:CFS,2022:NA,2020:NA
115	001430	세아베스틸지주	철강	watchlist	45600.0	1200.0	1567.0	232872225511.0	13022996803.0	1004860666577.0	664568218048.0						판정불가	일반	일반	-21163.42997643279	-39694.63327894818	42.60589022108027	54.43180170960318	Y	Y	177.83687943262413	-15.225348963483798		364.17375886524826			570660.2801418441			1151.447982767202			3년				2.631578947368421	4.235763117342435	-0.2955875338073399		-2464.44276371399	-5.40447974498682	3년	-0.2955875338073399	불리(<1)	3년	-15.225348963483798		판정불가	N	주당순현금<=0 / 주당FCF<=0	제외	하드필터 미통과	35862119.0	린치식 단독판정 비중 낮춤; 주당순현금 음수(린치식); 주당순현금 음수(보수형); 단기위험부채 존재; 주당FCF 음수; 1년 점수 과열 가능; 배당감안점수<1; fs=2025:CFS,2024:CFS,2022:CFS,2020:CFS
116	047050	포스코인터내셔널	에너지/상사	watchlist	56700.0	1850.0	3603.0	1171465925000.0	32399478000.0	3152207468000.0	2325933168000.0						판정불가	일반	일반	-11074.984015146463	-24296.313636184528	18.81070885793685	22.48024247465571	Y	Y	19.344153693275913	-8.992163844445855	13.250872999134566	47.18830738655183		35.00174599826913	170019.47151374622		126111.29083176368	199.85797445105155		122.41850234878954	3년				3.262786596119929	1.201812247487805	-0.3045806137129445	0.877886087120361	5016.375456714567	8.847223027715286	3년	-0.3045806137129445	불리(<1)	3년	-8.992163844445855		판정불가	N	주당순현금<=0	제외	하드필터 미통과	175922788.0	린치식 단독판정 비중 낮춤; 주당순현금 음수(린치식); 주당순현금 음수(보수형); 단기위험부채 존재; 1년 점수 과열 가능; 배당감안점수<1; fs=2025:CFS,2024:CFS,2022:CFS,2020:CFS
117	017670	SK텔레콤	통신	보정필요	87300.0	1660.0	1825.0	1490024000000.0	186643000000.0	8712284000000.0	130000000000.0						판정불가	통신보정	보정주의	-32755.78594880276	-33361.02812917505	65.78399230071385	66.11563185160276	Y	Y	-68.42560553633218	-23.75836950489595	-38.33216341204368										3년				1.9014891179839633	-1.0112508239732716	-0.3322522641526396	-0.5537923896063752	7451.904674561442	8.535973281284583	3년	-0.3322522641526396	불리(<1)	3년	-23.75836950489595		판정불가	N	주당순현금<=0	제외	하드필터 미통과	214790053.0	린치식 단독판정 비중 낮춤; 주당순현금 음수(린치식); 주당순현금 음수(보수형); 단기위험부채 존재; 배당감안점수<1; fs=2025:CFS,2024:CFS,2022:CFS,2020:CFS
118	032830	삼성생명	직접추가	메인	291000.0	5300.0	12824.0	4537833000000.0	132160246000000.0								판정불가	일반	일반	683490.395	683490.395	-30.60592599812851	-30.60592599812851	N	N	9.307875894988072			27.115751789976144			347732.4009546541			19.49567043115261			1년	27.115751789976144	347732.4009546541	19.49567043115261	1.8213058419243988	-0.36362832928476					1년	-0.36362832928476	불리(<1)	1년	9.307875894988072		판정불가	N	주당FCF<=0 / 순현금차감PER<=0	제외	하드필터 미통과	200000000.0	배당감안점수<1; fs=2025:CFS,2024:CFS,2022:NA,2020:NA
119	000150	두산	직접추가	메인	1473000.0	4000.0	4194.0	4927903000000.0	175670000000.0	4309343000000.0	3985915000000.0						판정불가	일반	일반	49045.20763611584	-197092.59727544463	339.5218865912933	398.20996596934776	N	Y	-133.60576923076923												1년				0.2715546503733876	-0.39271169207686374			5159.062075166259	0.3502418245190943	1년	-0.39271169207686374	불리(<1)	1년	-133.60576923076923		판정불가	Y	통과	보류	배당감안점수 또는 린치PER배수 미산출	16193835.0	주당순현금 음수(보수형); 단기위험부채 존재; 배당감안점수<1; fs=2025:CFS,2024:CFS,2022:CFS,2020:CFS
120	081660	미스토홀딩스	직접추가	메인	37750.0	1980.0	4061.0	625567094487.0	7474935386.0	1662319967352.0							판정불가	일반	일반	-19386.744506858304	-19386.744506858304	14.069624355296307	14.069624355296307	Y	Y	186.591390261115	-10.790250426997183	11.983680556282028	381.68278052223		32.467361112564056	1550013.7717007762		131849.95347812262	4005.996746227222		249.2713999420467	3년				5.245033112582782	13.63479354738307	-0.39412689169110504	1.2245325982977868	5893.732083819284	15.612535321375587	3년	-0.39412689169110504	불리(<1)	3년	-10.790250426997183		판정불가	N	주당순현금<=0	제외	하드필터 미통과	53091840.0	주당순현금 음수(린치식); 주당순현금 음수(보수형); 1년 점수 과열 가능; 배당감안점수<1; fs=2025:CFS,2024:CFS,2022:CFS,2020:CFS
121	029780	삼성카드	직접추가	메인	42850.0	2800.0	6053.0		29504306000000.0	18053189000000.0							판정불가	일반	일반	98836.75651616586	98836.75651616586	-9.249422850845177	-9.249422850845177	N	N	-2.8098908156711677			2.8802183686576646			17433.961785484844			-59.31397482967364			1년	2.8802183686576646	17433.961785484844	-59.31397482967364	6.534422403733956	-0.40267718841748645					1년	-0.40267718841748645	불리(<1)	1년	-2.8098908156711677		판정불가	N	주당FCF<=0 / 순현금차감PER<=0	제외	하드필터 미통과	115858891.0	배당감안점수<1; fs=2025:CFS,2024:CFS,2022:NA,2020:NA
122	138040	메리츠금융지주	직접추가	메인	128900.0	1350.0	12903.0		57255930460341.0								판정불가	일반	일반	326762.6475868441	326762.6475868441	-15.334623543892436	-15.334623543892436	N	N	5.253283302063783			19.006566604127563			245241.72889305794			90.25735367964154			1년	19.006566604127563	245241.72889305794	90.25735367964154	1.047323506594259	-0.4108745669969502					1년	-0.4108745669969502	불리(<1)	1년	5.253283302063783		판정불가	N	주당FCF<=0 / 순현금차감PER<=0	제외	하드필터 미통과	175221773.0	배당감안점수<1; fs=2025:CFS,2024:CFS,2022:NA,2020:NA
123	023530	롯데쇼핑	직접추가	메인	110700.0	4000.0	1824.0	571525104252.0		9833740433980.0							판정불가	일반	일반	-327416.85979916755	-327416.85979916755	240.19564681971906	240.19564681971906	Y	Y	-105.26042567918326												1년				3.6133694670280034	-0.4231844230234836			36267.714863697605	32.76216338184065	1년	-0.4231844230234836	불리(<1)	1년	-105.26042567918326		판정불가	N	주당순현금<=0	제외	하드필터 미통과	28288755.0	주당순현금 음수(린치식); 주당순현금 음수(보수형); 배당감안점수<1; fs=2025:CFS,2024:CFS,2022:CFS,2020:CFS
124	006260	LS	직접추가	메인	326500.0	2500.0	9903.0	2086611000000.0	856757000000.0	2796384000000.0	5804770000000.0						판정불가	일반	일반	4636.719242902208	-178479.05362776027	32.50159353297968	50.992532932218545	N	Y	14.129307364296405	-15.509731147342876	16.589235636822398	36.75861472859281		41.678471273644796	364020.5616572546		412741.90102290444	11.491749359036628		26.41405850624945	3년				0.7656967840735069	0.4582853494015857	-0.45364035299710626	0.5339717390559847	-31030.6309148265	-9.504021719701838	3년	-0.45364035299710626	불리(<1)	3년	-15.509731147342876		판정불가	N	주당FCF<=0	제외	하드필터 미통과	31700000.0	주당순현금 음수(보수형); 단기위험부채 존재; 주당FCF 음수; 1년 점수 과열 가능; 배당감안점수<1; fs=2025:CFS,2024:CFS,2022:CFS,2020:CFS
125	014820	동원시스템즈	직접추가	메인	21000.0	600.0	1884.0	158748112816.0	38387113087.0	134729679435.0	120000000000.0						판정불가	일반	일반	2152.5625002716333	-1986.6128559613196	10.003947717477901	12.200962237771401	N	Y	-25.386138613861387	-8.631888523856201	-1.217505302346611			6.064989395306778			11426.44002075797			-45.58838085353349	3년				2.857142857142857	-2.2520105455327513	-0.5772466859882007	0.1638990527641038	2395.320646013515	11.406288790540549	3년	-0.5772466859882007	불리(<1)	3년	-8.631888523856201		판정불가	Y	통과	보류	배당감안점수 또는 린치PER배수 미산출	28991282.0	주당순현금 음수(보수형); 단기위험부채 존재; 배당감안점수<1; fs=2025:CFS,2024:CFS,2022:CFS,2020:CFS
126	069260	티케이지휴켐스	직접추가	메인	16150.0	1000.0	1561.0	171952696150.0	96497220778.0	5482000000.0	34682173632.0						판정불가	일반	일반	6432.901178680633	5584.482108237203	6.2249191680457185	6.768429142705187	N	N	-22.875494071146242	-9.82716016983225	3.8551596973951163			16.210319394790233			25304.308575267554			56.68302523385482	3년				6.191950464396285	-2.6801221279131355	-0.5839770135645345	1.6140145583521914	2212.3194254165533	13.69857229360095	3년	-0.5839770135645345	불리(<1)	3년	-9.82716016983225		판정불가	Y	통과	보류	배당감안점수 또는 린치PER배수 미산출	40878588.0	단기위험부채 존재; 배당감안점수<1; fs=2025:CFS,2024:CFS,2022:OFS,2020:CFS
127	010950	S-Oil	에너지	메인	154300.0	330.0	1519.0	1834658000000.0									판정불가	일반	일반	16296.078356273132	16296.078356273132	90.8518246502481	90.8518246502481	N	N	-191.56118143459918	-56.19807916164843											3년				0.2138690861957226	-2.1061471586842906	-0.6162144821083659		299.21979550835795	0.19392080071831364	3년	-0.6162144821083659	불리(<1)	3년	-56.19807916164843		판정불가	Y	통과	보류	배당감안점수 또는 린치PER배수 미산출	112582792.0	배당감안점수<1; fs=2025:CFS,2024:CFS,2022:CFS,2020:CFS
128	185750	종근당	직접추가	메인	64600.0	500.0	5882.0	216235970816.0	108445557936.0		162832228224.0						판정불가	일반	일반	23522.90833817535	11725.848019601848	6.9835245939858295	8.989145185378808	N	N	-28.564488705367985	-5.359713960632673	-7.035300955800583										3년				0.7739938080495357	-3.979436819231862	-0.6566483859070723	-0.8965826730449619	-8097.876847707491	-12.53541307694658	3년	-0.6566483859070723	불리(<1)	3년	-5.359713960632673		판정불가	N	주당FCF<=0	제외	하드필터 미통과	13802780.0	단기위험부채 존재; 주당FCF 음수; 배당감안점수<1; fs=2025:CFS,2024:CFS,2022:CFS,2020:CFS
129	036570	NC	직접추가	메인	223000.0	1150.0	17876.0	503522487163.0	1499844872739.0	177813001472.0							판정불가	일반	일반	84736.00511687186	84736.00511687186	7.73461595900247	7.73461595900247	N	N	278.087986463621	-5.903415055311056	-8.909537463398499	564.675972927242			10094147.692047378			4426.523628720797			3년				0.515695067264574	36.0203639078697	-0.6965723982424247	-1.0852306618228624	2177.512866910366	0.9764631690181014	3년	-0.6965723982424247	불리(<1)	3년	-5.903415055311056		판정불가	Y	통과	보류	배당감안점수 또는 린치PER배수 미산출	21544022.0	1년 점수 과열 가능; 배당감안점수<1; fs=2025:CFS,2024:CFS,2022:CFS,2020:CFS
130	018260	삼성에스디에스	직접추가	메인	226000.0	3190.0	9819.0	1558981444019.0	4845117385939.0								판정불가	일반	일반	82764.03348192893	82764.03348192893	14.587632805588255	14.587632805588255	N	N	0.3269643404516298	-11.608687356751402	11.36201067352738	9.15392868090326		31.22402134705476	89882.42571778911		306588.6656067307	-60.22901516911986		35.65870159589852	3년				1.411504424778761	0.11917415172147842	-0.6990293125603139	0.8756400211426243	10905.769354957107	4.8255616614854455	3년	-0.6990293125603139	불리(<1)	3년	-11.608687356751402		판정불가	Y	통과	보류	배당감안점수 또는 린치PER배수 미산출	77377800.0	1년 점수 과열 가능; 배당감안점수<1; fs=2025:CFS,2024:CFS,2022:CFS,2020:CFS
131	004000	롯데정밀화학	직접추가	메인	43700.0	1500.0	4165.0	172038879703.0	562065025.0	45301437028.0	842860000.0						판정불가	일반	일반	4934.089445736434	4901.420453488372	9.307541549643114	9.315385245260893	N	N		-10.129293888244783	-11.804095268565707										3년				3.4324942791762014		-0.7195025209772351	-0.8994427738773302	1136.2980498449613	2.6002243703546024	3년	-0.7195025209772351	불리(<1)	3년	-10.129293888244783		판정불가	Y	통과	보류	배당감안점수 또는 린치PER배수 미산출	25800000.0	단기위험부채 존재; 배당감안점수<1; fs=2025:CFS,2024:CFS,2022:CFS,2020:CFS
132	005490	POSCO홀딩스	철강	watchlist	317500.0	10000.0	8697.0	7049800440769.0		16374578210992.0							판정불가	일반	일반	-115216.08368150219	-115216.08368150219	49.7546376545363	49.7546376545363	Y	Y	-39.817313680714136	-40.58072367872994	-15.48101970257214										3년				3.149606299212598	-0.7369706445477131	-0.7523141388228884	-0.24784450223476293	-20625.34356158169	-6.49617120049817	3년	-0.7523141388228884	불리(<1)	3년	-40.58072367872994		판정불가	N	주당순현금<=0 / 주당FCF<=0	제외	하드필터 미통과	80932952.0	린치식 단독판정 비중 낮춤; 주당순현금 음수(린치식); 주당순현금 음수(보수형); 주당FCF 음수; 1년 점수 과열 가능; 배당감안점수<1; fs=2025:CFS,2024:CFS,2022:CFS,2020:CFS
133	375500	DL이앤씨	직접추가	메인	85200.0	890.0	8796.0	1844315983193.0	467317685812.0	444336959874.0	519274372386.0						판정불가	일반	일반	48258.513014689786	34838.3591979743	4.199805250717396	5.725516234882413	N	N	61.010433827567276	-4.5977556239353845		130.52086765513457			1148061.5518945637			1247.4900843832907			3년				1.0446009389671362	14.77569341005381	-0.8460284400952428		5614.431755408378	6.589708633108425	3년	-0.8460284400952428	불리(<1)	3년	-4.5977556239353845		판정불가	Y	통과	보류	배당감안점수 또는 린치PER배수 미산출	38693623.0	단기위험부채 존재; 1년 점수 과열 가능; 배당감안점수<1; fs=2025:CFS,2024:CFS,2022:CFS,2020:NA
134	002840	미원상사	직접추가	메인	136200.0	2400.0	9449.0	26488253934.0	2869800000.0		56542234.0						판정불가	일반	일반	6180.642933473684	6168.739305263158	13.76011822060814	13.761377997114705	N	N	-12.428174235403155	-13.799130124356108	-1.8410746860862304			4.817850627827539			45523.87058234242			-66.57571910253861	3년				1.762114537444934	-0.775143027621955	-0.8747755937796868	-0.005738333593896011	4071.338190526316	2.9892350884921552	3년	-0.8747755937796868	불리(<1)	3년	-13.799130124356108		판정불가	Y	통과	보류	배당감안점수 또는 린치PER배수 미산출	4750000.0	단기위험부채 존재; 1년 점수 과열 가능; 배당감안점수<1; fs=2025:CFS,2024:CFS,2022:CFS,2020:CFS
135	011070	LG이노텍	직접추가	메인	542000.0	1880.0	14421.0	1406403000000.0	72896000000.0								판정불가	일반	일반	62504.42861478592	62504.42861478592	33.249814255961034	33.249814255961034	N	N	-24.040031603897816	-29.57093933979966	0.6187699510769251			9.73753990215385			140425.0629289607			-74.09131680277478	3년				0.34686346863468637	-0.7125804659499838	-0.8789244849969553	0.029041768843520454	24374.504243378797	4.4971410043134314	3년	-0.8789244849969553	불리(<1)	3년	-29.57093933979966		판정불가	Y	통과	보류	배당감안점수 또는 린치PER배수 미산출	23667107.0	1년 점수 과열 가능; 배당감안점수<1; fs=2025:CFS,2024:CFS,2022:CFS,2020:CFS
136	000080	하이트진로	직접추가	메인	15080.0	700.0	596.0	243639082453.0	11534336304.0								판정불가	일반	일반	3638.389855001192	3638.389855001192	19.197332458051694	19.197332458051694	N	N	-56.748911465892604	-21.8770293860485	-13.71294563046288										3년				4.641909814323608	-2.7142834435684535	-0.8977872112901907	-0.47251543077458774	1956.0991773402343	12.971479955837099	3년	-0.8977872112901907	불리(<1)	3년	-21.8770293860485		판정불가	Y	통과	보류	배당감안점수 또는 린치PER배수 미산출	70133611.0	배당감안점수<1; fs=2025:CFS,2024:CFS,2022:CFS,2020:CFS
137	005940	NH투자증권	직접추가	메인	26100.0	1300.0	2932.0	2630830000000.0	68236691000000.0	4707188000000.0							판정불가	일반	일반	185664.03388290948	185664.03388290948	-54.42156680863216	-54.42156680863216	N	N	45.43650793650793			99.37301587301586			291361.6825396825			1016.3282855926532			1년	99.37301587301586	291361.6825396825	1016.3282855926532	4.980842911877394	-0.9264222587650361			-15292.555387622808	-58.59216623610271	1년	-0.9264222587650361	불리(<1)	1년	45.43650793650793		판정불가	N	주당FCF<=0 / 순현금차감PER<=0	제외	하드필터 미통과	356344369.0	주당FCF 음수; 배당감안점수<1; fs=2025:CFS,2024:CFS,2022:NA,2020:NA
138	267250	HD현대	직접추가	메인	207000.0	4000.0	13623.0	6367475266000.0		1596736136000.0							판정불가	일반	일반	60394.38933167378	60394.38933167378	10.761624507694796	10.761624507694796	N	N	89.12952936276552	-11.915391188425783		186.75905872553105			2544218.6570179095			1129.0911386559949			3년				1.932367149758454	8.461724012709487	-0.9276502847250664		64511.54397881789	31.164997091216375	3년	-0.9276502847250664	불리(<1)	3년	-11.915391188425783		판정불가	Y	통과	보류	배당감안점수 또는 린치PER배수 미산출	78993085.0	1년 점수 과열 가능; 배당감안점수<1; fs=2025:CFS,2024:CFS,2022:CFS,2020:CFS
139	086280	현대글로비스	직접추가	메인	203000.0	5800.0	23117.0	2644639919844.0	1773253190103.0	2551475394576.0	800732226936.0						판정불가	일반	일반	24885.56953828	14209.1398458	7.704911124355237	8.166754343305792	N	N	58.49845731916352	-10.017436249066701	7.416538424274255	125.49691463832704		23.333076848548508	2901112.1756942063		539390.7375078959	1329.1192983715302		165.70972291029355	3년				2.857142857142857	7.963180779900396	-0.9293155075196318	1.3333938725058083	25034.3648264	12.332199421871922	3년	-0.9293155075196318	불리(<1)	3년	-10.017436249066701		판정불가	Y	통과	보류	배당감안점수 또는 린치PER배수 미산출	75000000.0	단기위험부채 존재; 1년 점수 과열 가능; 배당감안점수<1; fs=2025:CFS,2024:CFS,2022:CFS,2020:CFS
140	002030	아세아	직접추가	메인	212000.0	5600.0	18725.0	163716811000.0	12160000.0	658028958000.0	265707008000.0						판정불가	일반	일반	-238487.41512057534	-366684.4193364424	24.058072903635534	30.9043748644295	Y	Y	-50.09727367214776	-25.894534715298978	-3.336896679607082			1.826206640785836			34195.71934871478			-83.86994370343642	3년				2.6415094339622645	-1.9725505209111833	-0.9665373188649218	-0.028904528156938714	-24122.07535681443	-11.378337432459636	3년	-0.9665373188649218	불리(<1)	3년	-25.894534715298978		판정불가	N	주당순현금<=0 / 주당FCF<=0	제외	하드필터 미통과	2072646.0	주당순현금 음수(린치식); 주당순현금 음수(보수형); 단기위험부채 존재; 주당FCF 음수; 1년 점수 과열 가능; 배당감안점수<1; fs=2025:CFS,2024:CFS,2022:CFS,2020:CFS
141	039490	키움증권	직접추가	메인	262000.0	11500.0	42059.0		62457765152889.0								판정불가	일반	일반	2288251.0791779323	2288251.0791779323	-48.17639694662099	-48.17639694662099	N	N	43.20394960844398			94.90789921688796			3991731.3331630905			1423.5615775431643			1년	94.90789921688796	3991731.3331630905	1423.5615775431643	4.3893129770992365	-0.9878958494608079			-250622.40952773768	-95.65740821669377	1년	-0.9878958494608079	불리(<1)	1년	43.20394960844398		판정불가	N	주당FCF<=0 / 순현금차감PER<=0	제외	하드필터 미통과	27294979.0	주당FCF 음수; 배당감안점수<1; fs=2025:CFS,2024:CFS,2022:NA,2020:NA
142	000990	DB하이텍	직접추가	메인	130700.0	810.0	6285.0	323054472680.0	132808839381.0	102572732928.0	231678525383.0						판정불가	일반	일반	8120.7660013468	2795.384563807385	19.503458074566936	20.350774134636854	N	N	13.858695652173903	-21.22701789143928	10.459461040450746	36.21739130434781		29.418922080901492	227626.30434782596		184897.92527846587	74.15937593559751		41.46742561474053	3년				0.6197398622800306	0.742352225902658	-1.056596114923421	0.568063410107686	4658.664548185125	3.564395216668037	3년	-1.056596114923421	불리(<1)	3년	-21.22701789143928		판정불가	Y	통과	보류	배당감안점수 또는 린치PER배수 미산출	43504588.0	단기위험부채 존재; 1년 점수 과열 가능; 배당감안점수<1; fs=2025:CFS,2024:CFS,2022:CFS,2020:CFS
143	006800	미래에셋증권	금융/증권	보정필요	32850.0	0.0	2680.0	1698057000000.0	128930885000000.0	9756730000000.0							판정불가	금융보정	보정주의	213146.27533903014	213146.27533903014	-67.27472960411572	-67.27472960411572	N	N	73.46278317152104			155.42556634304208			416540.51779935276			1168.0076645337983			1년	155.42556634304208	416540.51779935276	1168.0076645337983	0.0	-1.0919818422730123			-12193.31326010751	-37.1181529988052	1년	-1.0919818422730123	불리(<1)	1년	73.46278317152104		판정불가	N	주당FCF<=0 / 순현금차감PER<=0	제외	하드필터 미통과	567085734.0	린치식 단독판정 비중 낮춤; 주당FCF 음수; 배당감안점수<1; fs=2025:CFS,2024:CFS,2022:NA,2020:NA
144	003550	LG	직접추가	메인	116500.0	3100.0	4780.0	1511450000000.0	1839426000000.0	159829000000.0	0.0						판정불가	일반	일반	20691.31243852798	20691.31243852798	20.043658485663602	20.043658485663602	N	N	28.77155172413792	-27.26466268691552	-10.530872700659177	66.04310344827584			315686.03448275855			170.97513689507173			3년				2.6609442060085837	1.568201531303722	-1.2275063705812468	-0.3926393228202141	5491.624275551311	4.71384057987237	3년	-1.2275063705812468	불리(<1)	3년	-27.26466268691552		판정불가	Y	통과	보류	배당감안점수 또는 린치PER배수 미산출	154221585.0	1년 점수 과열 가능; 배당감안점수<1; fs=2025:CFS,2024:CFS,2022:CFS,2020:CFS
145	139480	이마트	직접추가	메인	72700.0	2500.0	5084.0	1303365061491.0	1225715519294.0	5485558368112.0	3111389126654.0						판정불가	일반	일반	-107134.98980867355	-219883.5596791311	35.372735996985355	57.54987405175672	Y	Y	-122.85971223021583	-48.64098247110502	-16.302783941696873										3년				3.43878954607978	-3.376072540566659	-1.2778822912900376	-0.36366975957736003	20093.231814609306	27.638558204414448	3년	-1.2778822912900376	불리(<1)	3년	-48.64098247110502		판정불가	N	주당순현금<=0	제외	하드필터 미통과	27595819.0	주당순현금 음수(린치식); 주당순현금 음수(보수형); 단기위험부채 존재; 1년 점수 과열 가능; 배당감안점수<1; fs=2025:CFS,2024:CFS,2022:CFS,2020:CFS
146	005300	롯데칠성음료	직접추가	메인	94900.0	3400.0	4697.0	213358325740.0	11845742299.0	168590223949.0	1587240348429.0						판정불가	일반	일반	5630.868480357551	-152237.61390908112	19.005563448933884	52.61605576092849	N	Y	-20.09186798230691	-28.321091651421646											3년				3.5827186512118017	-0.868648244786512	-1.301638494784933		12123.245426933277	12.77475808949766	3년	-1.301638494784933	불리(<1)	3년	-28.321091651421646		판정불가	Y	통과	보류	배당감안점수 또는 린치PER배수 미산출	10054194.0	주당순현금 음수(보수형); 단기위험부채 존재; 1년 점수 과열 가능; 배당감안점수<1; fs=2025:CFS,2024:CFS,2022:CFS,2020:CFS
147	003490	대한항공	직접추가	메인	31400.0	750.0	2133.0	1869988073408.0	3532702331766.0	5900725093281.0	2027009390000.0						판정불가	일반	일반	-1352.5441151358968	-6857.420958534969	15.35515429682883	17.935968569402235	Y	Y	-40.1850813236119	-23.620676172572395	-13.307685693628002										3년				2.388535031847134	-2.461489188654429	-1.38273707514031	-0.7111065412111103	-599.9903851348527	-1.9107974048880656	3년	-1.38273707514031	불리(<1)	3년	-23.620676172572395		판정불가	N	주당순현금<=0 / 주당FCF<=0	제외	하드필터 미통과	368220661.0	주당순현금 음수(린치식); 주당순현금 음수(보수형); 단기위험부채 존재; 주당FCF 음수; 1년 점수 과열 가능; 배당감안점수<1; fs=2025:CFS,2024:CFS,2022:CFS,2020:CFS
148	028050	삼성E&A	직접추가	메인	51200.0	790.0	3150.0	861796626374.0	2074000285556.0		0.0						판정불가	일반	일반	14978.555673112245	14978.555673112245	11.498871214885	11.498871214885	N	N	-18.4360435007768												1년				1.54296875	-1.4691072223601513			805.8218167704082	1.5738707358797035	1년	-1.4691072223601513	불리(<1)	1년	-18.4360435007768		판정불가	Y	통과	보류	배당감안점수 또는 린치PER배수 미산출	196000000.0	배당감안점수<1; fs=2025:CFS,2024:CFS,2022:CFS,2020:CFS
149	111770	영원무역	직접추가	메인	72100.0	2100.0	11558.0	1090560747187.0	439263571966.0	252626536541.0	76448105310.0						판정불가	일반	일반	28823.18822323828	27097.94397472907	3.74431664446805	3.893585051502935	N	N	17.387771683932552	-9.077711442871605	27.98342129695397	43.275543367865104		64.46684259390794	500178.73024578486		745107.7667003879	593.7291681633632		933.4365696260581	3년				2.912621359223301	5.421654996285685	-1.6465194237129401	8.251450288485586	3279.956119440683	4.549176309903859	3년	-1.6465194237129401	불리(<1)	3년	-9.077711442871605		판정불가	Y	통과	보류	배당감안점수 또는 린치PER배수 미산출	44311468.0	단기위험부채 존재; 1년 점수 과열 가능; 배당감안점수<1; fs=2025:CFS,2024:CFS,2022:CFS,2020:CFS
150	001450	현대해상	직접추가	메인	47800.0	2063.0	13006.0	1509674177483.0	19831696034080.0								판정불가	일반	일반	238717.78760137584	238717.78760137584	-14.67920864227094	-14.67920864227094	N	N	19.90412095510279			48.30824191020558			628296.9942841338			1214.4288583350078			1년	48.30824191020558	628296.9942841338	1214.4288583350078	4.315899581589958	-1.649954103584824					1년	-1.649954103584824	불리(<1)	1년	19.90412095510279		판정불가	N	주당FCF<=0 / 순현금차감PER<=0	제외	하드필터 미통과	89400000.0	배당감안점수<1; fs=2025:CFS,2024:CFS,2022:NA,2020:NA
151	035720	카카오	직접추가	메인	34150.0	75.0	1138.0	6373784263399.0	3754429416501.0	2787664614576.0	1144217904147.0						판정불가	일반	일반	16588.990645648104	14003.159539614913	15.431466919465638	17.703726239354207	N	N	803.1746031746031	-28.535770270641315	-8.670866917633225	1614.8492063492063			1837698.3968253967			5281.254456296916			3년				0.21961932650073207	52.06207722790646	-1.8349617111528056	-0.5476632672213344	1786.2097378837223	5.230482394974296	3년	-1.8349617111528056	불리(<1)	3년	-28.535770270641315		판정불가	Y	통과	보류	배당감안점수 또는 린치PER배수 미산출	442495220.0	단기위험부채 존재; 1년 점수 과열 가능; 배당감안점수<1; fs=2025:CFS,2024:CFS,2022:CFS,2020:CFS
152	006650	대한유화	직접추가	메인	96800.0	1300.0	5134.0	151455436829.0	90052666000.0								판정불가	일반	일반	37155.09274292308	37155.09274292308	11.617628994366365	11.617628994366365	N	N	-471.7595944967415		-24.26352631533887										5년				1.3429752066115703	-40.49162006449379		-1.9729112644104887	19148.828141846156	19.7818472539733	5년	-1.9729112644104887	불리(<1)	5년	-24.26352631533887		판정불가	Y	통과	보류	배당감안점수 또는 린치PER배수 미산출	6500000.0	배당감안점수<1; fs=2025:CFS,2024:CFS,2022:CFS,2020:CFS
153	034220	LG디스플레이	직접추가	메인	8470.0		453.0	1572058000000.0	611000000.0	8934975000000.0							판정불가	일반	일반	-14724.612	-14724.612	51.20223399558499	51.20223399558499	Y	Y	-108.33026848105922												1년					-2.1157332410613217			490.0	5.785123966942149	1년	-2.1157332410613217	불리(<1)	1년	-108.33026848105922		판정불가	N	주당순현금<=0	제외	하드필터 미통과	500000000.0	주당순현금 음수(린치식); 주당순현금 음수(보수형); 배당감안점수<1; fs=2025:CFS,2024:CFS,2022:CFS,2020:CFS
154	078930	GS	직접추가	메인	110600.0	3000.0	8550.0	1610917000000.0	857643000000.0	104176000000.0							판정불가	일반	일반	25446.638122701283	25446.638122701283	9.95945752950862	9.95945752950862	N	N	41.60317986088109	-27.687155007765817		91.70635972176218			784089.3756210667			608.9415692776371			3년				2.7124773960216997	4.449605525762931	-2.507634330258178		3039.077126716312	2.747809336994857	3년	-2.507634330258178	불리(<1)	3년	-27.687155007765817		판정불가	Y	통과	보류	배당감안점수 또는 린치PER배수 미산출	92915378.0	1년 점수 과열 가능; 배당감안점수<1; fs=2025:CFS,2024:CFS,2022:CFS,2020:CFS
155	028670	팬오션	직접추가	메인	5790.0	150.0	564.0	839667000000.0									판정불가	일반	일반	1570.7349206252525	1570.7349206252525	7.480966452792105	7.480966452792105	N	N	12.350597609561742	-23.645583428215545	26.662075505745552	33.201195219123484		61.824151011491104	18725.474103585646		34868.82117048098	223.41060627954485		502.2248906818822	3년				2.5906735751295336	1.9972380947002881	-2.8144638778894318	3.910290102952827	898.78863125288	15.523119710757857	3년	-2.8144638778894318	불리(<1)	3년	-23.645583428215545		판정불가	Y	통과	보류	배당감안점수 또는 린치PER배수 미산출	534569512.0	1년 점수 과열 가능; 배당감안점수<1; fs=2025:CFS,2024:CFS,2022:CFS,2020:CFS
156	007310	오뚜기	직접추가	메인	312500.0	9000.0	20279.0	412685029869.0	273077178893.0	186473980697.0	509239504017.0						판정불가	일반	일반	124578.19519914767	-2482.958596547259	9.266818127168614	15.532469973694326	N	Y	-49.363264083100276	-36.84393156790511	-8.312202484315046										3년				2.88	-5.0160975909109355	-3.6651125663434656	-0.5861993199573889	8412.798855490377	2.6920956337569204	3년	-3.6651125663434656	불리(<1)	3년	-36.84393156790511		판정불가	Y	통과	보류	배당감안점수 또는 린치PER배수 미산출	4007830.0	주당순현금 음수(보수형); 단기위험부채 존재; 1년 점수 과열 가능; 배당감안점수<1; fs=2025:CFS,2024:CFS,2022:CFS,2020:CFS
157	011780	금호석유	석유화학	watchlist	117200.0	1700.0	11391.0	650436032913.0	82275660739.0								판정불가	일반	일반	28146.856005717942	28146.856005717942	7.817851285601094	7.817851285601094	N	N	-15.138195634358931	-32.65223990875862	-11.416304781151009										3년				1.4505119453924915	-1.7508242596244308	-3.9910874258804867	-1.2747483255550662	19963.595148223274	17.033784256163205	3년	-3.9910874258804867	불리(<1)	3년	-32.65223990875862		판정불가	Y	통과	보류	배당감안점수 또는 린치PER배수 미산출	26031742.0	린치식 단독판정 비중 낮춤; 1년 점수 과열 가능; 배당감안점수<1; fs=2025:CFS,2024:CFS,2022:CFS,2020:CFS
158	007340	DN오토모티브	직접추가	메인	49600.0	1000.0	5440.0	387784364000.0	182678434000.0	166472358000.0	641674039000.0						판정불가	일반	일반	6904.537131693404	-4062.213043680007	7.848430674321065	9.864377397735295	N	Y	-12.568306010928964	-36.239823236398784	0.45844418153007105			9.416888363060142			51227.872695047176			3.2820014013047905	3년				2.0161290322580645	-1.3444951502465459	-4.360578009068197	0.31529528850711297	1407.8963795869365	2.838500765296243	3년	-4.360578009068197	불리(<1)	3년	-36.239823236398784		판정불가	Y	통과	보류	배당감안점수 또는 린치PER배수 미산출	58510865.0	주당순현금 음수(보수형); 단기위험부채 존재; 1년 점수 과열 가능; 배당감안점수<1; fs=2025:CFS,2024:CFS,2022:CFS,2020:CFS
159	009970	영원무역홀딩스	직접추가	메인	166200.0	6576.0	31684.0	1464189666693.0	805803639244.0	195931585244.0	78827842676.0						판정불가	일반	일반	153642.88520106729	147803.45570768186	0.39632353234858964	0.5806256878019865	N	N	10.101817423636938	-5.869320927784449	28.52060357499411	28.703634847273875		65.54120714998822	909445.9665010255		2076607.6073402269	447.1997391702921		1149.4630609748658	3년				3.956678700361011	35.47227196096113	-4.825961799667142	81.94638880738846	20832.48592605641	12.534588403162703	3년	-4.825961799667142	불리(<1)	3년	-5.869320927784449		판정불가	Y	통과	보류	배당감안점수 또는 린치PER배수 미산출	13499237.0	단기위험부채 존재; 1년 점수 과열 가능; 배당감안점수<1; fs=2025:CFS,2024:CFS,2022:CFS,2020:CFS
160	011200	HMM	직접추가	메인	21200.0	700.0	1951.0	1760767000000.0	10915294000000.0	151318000000.0							판정불가	일반	일반	13278.45506473833	13278.45506473833	4.060248557284301	4.060248557284301	N	N	-60.97219443888777	-54.38515324967628	80.08768235294812			168.67536470589624			329085.6365412036			1452.2907384019038	3년				3.30188679245283	-14.203639711409132	-12.581315093524843	20.53804538537318	1809.1182228382938	8.533576522822141	3년	-12.581315093524843	불리(<1)	3년	-54.38515324967628		판정불가	Y	통과	보류	배당감안점수 또는 린치PER배수 미산출	943237970.0	1년 점수 과열 가능; 배당감안점수<1; fs=2025:CFS,2024:CFS,2022:CFS,2020:CFS
161	002790	아모레퍼시픽홀딩스	직접추가	메인	26200.0	400.0	1366.0	596631422270.0	1336881950600.0		256253631834.0						판정불가	일반	일반	24333.723385937104	21108.710783911738	1.3662347101485326	3.727151695525814	N	N	-50.96913137114143												1년				1.5267175572519083	-36.18881400584114			6579.082341427906	25.111001303159945	1년	-36.18881400584114	불리(<1)	1년	-50.96913137114143		판정불가	Y	통과	보류	배당감안점수 또는 린치PER배수 미산출	79458180.0	단기위험부채 존재; 배당감안점수<1; fs=2025:CFS,2024:CFS,2022:CFS,2020:CFS
162	003240	태광산업	직접추가	메인	902000.0	1750.0	165122.0	426476897621.0	483945901661.0	4773639440.0	862776693.0						판정불가	일반	일반	813408.6220962816	812633.7193721933	0.536520741655978	0.5412136518925804	N	N	-35.9373969451137	-25.915466865090508	-1.6741276308672282			5.151744738265544			850666.3946718831			-5.691087065201428	3년				0.19401330376940135	-66.62069304351942	-47.941210030261864	-2.7587271323927487	-250604.9826773846	-27.783257503035983	3년	-47.941210030261864	불리(<1)	3년	-25.915466865090508		판정불가	N	주당FCF<=0	제외	하드필터 미통과	1113400.0	단기위험부채 존재; 주당FCF 음수; 1년 점수 과열 가능; 배당감안점수<1; fs=2025:CFS,2024:CFS,2022:CFS,2020:CFS
163	278470	에이피알	직접추가	메인	361500.0	5090.0		154350192148.0	117891913354.0	78219359846.0	0.0						판정불가	일반	일반	5183.525259069071	5183.525259069071			N	N													판정불가				1.4080221300138311						판정불가		판정불가	판정불가			판정불가	N	주당FCF<=0 / 순현금차감PER<=0	제외	하드필터 미통과	37430655.0	EPS 미추출; fs=2025:CFS,2024:CFS,2022:CFS,2020:CFS
164	097950	CJ제일제당	필수소비재	메인	174200.0	6000.0	-35668.0	1038957402000.0	243275982000.0	2029479364000.0	4904408060000.0						판정불가	일반	일반	-49637.08964403655	-375420.76602481195			Y	Y	-483.77447815795136												1년				3.4443168771526977				48486.635145865745	27.83388929154176	판정불가		판정불가	1년	-483.77447815795136		판정불가	N	주당순현금<=0 / 순현금차감PER<=0	제외	하드필터 미통과	15054186.0	주당순현금 음수(린치식); 주당순현금 음수(보수형); 단기위험부채 존재; fs=2025:CFS,2024:CFS,2022:CFS,2020:CFS
165	005420	코스모화학	직접추가	메인	10120.0		-791.0	42470783114.0	0.0	359006489619.0	388905499282.0						판정불가	일반	일반	-8241.35147565256	-18366.929236803113			Y	Y	-53.084223013048636												1년								1735.2172172327241	17.14641519004668	판정불가		판정불가	1년	-53.084223013048636		판정불가	N	주당순현금<=0 / 순현금차감PER<=0	제외	하드필터 미통과	38408228.0	주당순현금 음수(린치식); 주당순현금 음수(보수형); 단기위험부채 존재; fs=2025:CFS,2024:CFS,2022:CFS,2020:CFS
166	001680	대상	직접추가	메인	17820.0	850.0	-8438.0	595682138976.0	95932724888.0	719633177987.0	369419425431.0						판정불가	일반	일반	-808.6554463926876	-11470.718447992345			Y	Y	-419.37925813777446												1년				4.769921436588103						판정불가		판정불가	1년	-419.37925813777446		판정불가	N	주당순현금<=0 / 주당FCF<=0 / 순현금차감PER<=0	제외	하드필터 미통과	34648025.0	주당순현금 음수(린치식); 주당순현금 음수(보수형); 단기위험부채 존재; fs=2025:CFS,2024:CFS,2022:CFS,2020:CFS
167	047040	대우건설	직접추가	메인	18800.0		-2220.0	1828879779729.0	434603860342.0	3056914611252.0	366055916900.0						판정불가	일반	일반	-1909.0176969162108	-2789.758742835851			Y	Y	-489.47368421052636												1년								846.7375999427635	4.5039234039508695	판정불가		판정불가	1년	-489.47368421052636		판정불가	N	주당순현금<=0 / 순현금차감PER<=0	제외	하드필터 미통과	415622638.0	주당순현금 음수(린치식); 주당순현금 음수(보수형); 단기위험부채 존재; fs=2025:CFS,2024:CFS,2022:CFS,2020:CFS
168	000210	DL	직접추가	메인	51600.0	1000.0	-3845.0	1148320161495.0	191085453910.0	4026838230267.0	1422974217066.0						판정불가	일반	일반	-128242.38838418842	-196145.71410721686			Y	Y	-196.17308654327164												1년				1.937984496124031				13042.307430075487	25.275789593169552	판정불가		판정불가	1년	-196.17308654327164		판정불가	N	주당순현금<=0 / 순현금차감PER<=0	제외	하드필터 미통과	20955884.0	주당순현금 음수(린치식); 주당순현금 음수(보수형); 단기위험부채 존재; fs=2025:CFS,2024:CFS,2022:CFS,2020:CFS
169	454910	두산로보틱스	직접추가	메인	71000.0		-856.0	156738581281.0	40399292507.0	16815636710.0							판정불가	일반	일반	2781.8928219046043	2781.8928219046043			N	N													판정불가								-504.36322470324734	-0.7103707390186582	판정불가		판정불가	판정불가			판정불가	N	주당FCF<=0 / 순현금차감PER<=0	제외	하드필터 미통과	64819980.0	주당FCF 음수; fs=2025:CFS,2024:CFS,2022:NA,2020:NA
170	006280	녹십자	직접추가	메인	123300.0	1500.0		49372311054.0		105096001522.0							판정불가	일반	일반	-4768.194863868153	-4768.194863868153			Y	Y													판정불가				1.2165450121654502				-497.6412769975163	-0.40360200891931575	판정불가		판정불가	판정불가			판정불가	N	주당순현금<=0 / 주당FCF<=0 / 순현금차감PER<=0	제외	하드필터 미통과	11686538.0	주당순현금 음수(린치식); 주당순현금 음수(보수형); 주당FCF 음수; EPS 미추출; fs=2025:CFS,2024:CFS,2022:CFS,2020:CFS
171	005250	녹십자홀딩스	직접추가	메인	9520.0	300.0	0.0	79656808438.0		2117348227.0							판정불가	일반	일반	1648.7861266886407	1648.7861266886407			N	N	-100.0												1년				3.1512605042016806				-2674.1633975649934	-28.08995165509447	판정불가		판정불가	1년	-100.0		판정불가	N	주당FCF<=0 / 순현금차감PER<=0	제외	하드필터 미통과	47028210.0	주당FCF 음수; fs=2025:CFS,2024:CFS,2022:CFS,2020:CFS
172	009420	한올바이오파마	직접추가	메인	45950.0		-109.0	24743015950.0	0.0	15000000000.0	15739600000.0						판정불가	일반	일반	186.5026217711966	-114.78772617593224			N	Y	202.77777777777777			414.05555555555554									1년	414.05555555555554							-315.0056843677905	-0.6855401183194569	판정불가		판정불가	1년	202.77777777777777		판정불가	N	주당FCF<=0 / 순현금차감PER<=0	제외	하드필터 미통과	52240638.0	주당순현금 음수(보수형); 단기위험부채 존재; 주당FCF 음수; fs=2025:CFS,2024:CFS,2022:CFS,2020:CFS
173	180640	한진칼	직접추가	메인	143500.0	360.0		110930322000.0	30600000000.0	366131984000.0	0.0						판정불가	일반	일반	-3364.2000447588075	-3364.2000447588075			Y	Y													판정불가				0.2508710801393728				1732.6632753204844	1.2074308538818708	판정불가		판정불가	판정불가			판정불가	N	주당순현금<=0 / 순현금차감PER<=0	제외	하드필터 미통과	66762279.0	주당순현금 음수(린치식); 주당순현금 음수(보수형); EPS 미추출; fs=2025:CFS,2024:CFS,2022:CFS,2020:CFS
174	018880	한온시스템	직접추가	메인	3320.0	316.0	-292.0	924789114632.0	12500000000.0	551438792860.0							판정불가	일반	일반	375.9762265709175	375.9762265709175			N	N	-55.69044006069803												1년				9.518072289156626				-358.42775774108145	-10.796016799430163	판정불가		판정불가	1년	-55.69044006069803		판정불가	N	주당FCF<=0 / 순현금차감PER<=0	제외	하드필터 미통과	1026262552.0	주당FCF 음수; fs=2025:CFS,2024:CFS,2022:CFS,2020:CFS
175	009830	한화솔루션	석유화학	watchlist	27450.0	300.0	-12.0	2470461000000.0		8369710000000.0							판정불가	일반	일반	-34319.40174528579	-34319.40174528579			Y	Y	-99.19893190921229												1년				1.092896174863388				-15547.574445000917	-56.639615464484216	판정불가		판정불가	1년	-99.19893190921229		판정불가	N	주당순현금<=0 / 주당FCF<=0 / 순현금차감PER<=0	제외	하드필터 미통과	171892536.0	린치식 단독판정 비중 낮춤; 주당순현금 음수(린치식); 주당순현금 음수(보수형); 주당FCF 음수; fs=2025:CFS,2024:CFS,2022:CFS,2020:CFS
176	008770	호텔신라	직접추가	메인	40500.0	200.0	-4566.0	338290693972.0		739494888568.0	24083900000.0						판정불가	일반	일반	-10222.252285555276	-10835.884209488653			Y	Y													판정불가				0.49382716049382713				1275.405833262693	3.1491502055868965	판정불가		판정불가	판정불가			판정불가	N	주당순현금<=0 / 순현금차감PER<=0	제외	하드필터 미통과	39248121.0	주당순현금 음수(린치식); 주당순현금 음수(보수형); 단기위험부채 존재; fs=2025:CFS,2024:CFS,2022:CFS,2020:CFS
177	298050	HS효성첨단소재	직접추가	메인	159400.0	2500.0	-4843.0	31544586945.0		554202076606.0							판정불가	일반	일반	-116665.97238650985	-116665.97238650985			Y	Y	-143.41940111170882												1년				1.5683814303638646				-3354.717829760524	-2.104590859322788	판정불가		판정불가	1년	-143.41940111170882		판정불가	N	주당순현금<=0 / 주당FCF<=0 / 순현금차감PER<=0	제외	하드필터 미통과	4479948.0	주당순현금 음수(린치식); 주당순현금 음수(보수형); 주당FCF 음수; fs=2025:CFS,2024:CFS,2022:CFS,2020:CFS
178	352820	하이브	직접추가	메인	156300.0	500.0	-5690.0	534914956000.0	57033836000.0	1161573182000.0	0.0						판정불가	일반	일반	-13368.578698363612	-13368.578698363612			Y	Y	-2628.8888888888887												1년				0.3198976327575176				1088.4641428108619	0.6963942052532706	판정불가		판정불가	1년	-2628.8888888888887		판정불가	N	주당순현금<=0 / 순현금차감PER<=0	제외	하드필터 미통과	42609196.0	주당순현금 음수(린치식); 주당순현금 음수(보수형); fs=2025:CFS,2024:CFS,2022:CFS,2020:CFS
179	017800	현대엘리베이터	직접추가	메인	74100.0	14010.0		546026985679.0	858153283222.0	939270698991.0							판정불가	일반	일반	11892.58649504245	11892.58649504245			N	N													판정불가				18.90688259109312				5302.308441375475	7.155611931680802	판정불가		판정불가	판정불가			판정불가	N	순현금차감PER<=0	제외	하드필터 미통과	39092385.0	EPS 미추출; fs=2025:CFS,2024:CFS,2022:CFS,2020:CFS
180	004020	현대제철	철강	watchlist	35600.0	500.0	-53.0	1342926134232.0	805366237672.0	5816297925103.0	1215935236760.0						판정불가	일반	일반	-27486.85957521251	-36598.68904783317			Y	Y													판정불가				1.4044943820224718				3999.7338333915905	11.23520739716739	판정불가		판정불가	판정불가			판정불가	N	주당순현금<=0 / 순현금차감PER<=0	제외	하드필터 미통과	133445785.0	린치식 단독판정 비중 낮춤; 주당순현금 음수(린치식); 주당순현금 음수(보수형); 단기위험부채 존재; fs=2025:CFS,2024:CFS,2022:CFS,2020:CFS
181	035250	강원랜드	직접추가	메인	14370.0	950.0		200357737326.0	3009244892731.0	0.0							판정불가	일반	일반	15002.314335326879	15002.314335326879			N	N													판정불가				6.610995128740431				808.0316694922186	5.6230457167169	판정불가		판정불가	판정불가			판정불가	N	순현금차감PER<=0	제외	하드필터 미통과	213940500.0	EPS 미추출; fs=2025:CFS,2024:CFS,2022:CFS,2020:CFS
182	002380	케이씨씨	직접추가	메인	467500.0	15000.0		1193612441434.0	36838546215.0	2949860953111.0	758686269704.0						판정불가	일반	일반	-193486.25179354099	-278861.68031899276			Y	Y													판정불가				3.2085561497326207				51624.29856328795	11.042630708724694	판정불가		판정불가	판정불가			판정불가	N	주당순현금<=0 / 순현금차감PER<=0	제외	하드필터 미통과	8886471.0	주당순현금 음수(린치식); 주당순현금 음수(보수형); 단기위험부채 존재; EPS 미추출; fs=2025:CFS,2024:CFS,2022:CFS,2020:CFS
183	120110	코오롱인더	직접추가	메인	55200.0	1300.0		263843934948.0	219536778414.0	1102334698976.0	1502712536405.0						판정불가	일반	일반	-22491.80343980112	-77097.98706719637			Y	Y													판정불가				2.355072463768116				6217.225588737651	11.263089834669659	판정불가		판정불가	판정불가			판정불가	N	주당순현금<=0 / 순현금차감PER<=0	제외	하드필터 미통과	27519091.0	주당순현금 음수(린치식); 주당순현금 음수(보수형); 단기위험부채 존재; EPS 미추출; fs=2025:CFS,2024:CFS,2022:CFS,2020:CFS
184	036460	한국가스공사	유틸리티	메인	35800.0	1154.0		1147352000000.0	151248000000.0	21802116000000.0							판정불가	일반	일반	-222108.6520858384	-222108.6520858384			Y	Y													판정불가				3.2234636871508378				46549.424241439454	130.02632469675825	판정불가		판정불가	판정불가			판정불가	N	주당순현금<=0 / 순현금차감PER<=0	제외	하드필터 미통과	92313000.0	주당순현금 음수(린치식); 주당순현금 음수(보수형); EPS 미추출; fs=2025:CFS,2024:CFS,2022:CFS,2020:CFS
185	071050	한국금융지주	직접추가	메인	186300.0	8690.0	34592.0		111427682000000.0								판정불가	일반	일반	1999563.901886215	1999563.901886215	-52.41859105822777	-52.41859105822777	N	N													판정불가				4.664519592055824						판정불가		판정불가	판정불가			판정불가	N	주당FCF<=0 / 순현금차감PER<=0	제외	하드필터 미통과	55725992.0	fs=2025:CFS,2024:CFS,2022:NA,2020:NA
186	066970	엘앤에프	2차전지	메인	109300.0		-15508.0	382883140911.0	62183142824.0	390410933286.0	781033333338.0						판정불가	일반	일반	1358.2710122097233	-18051.629894608985			N	Y	37.65311556896857			83.80623113793715									1년	83.80623113793715							-4189.943890632833	-3.8334344836530954	판정불가		판정불가	1년	37.65311556896857		판정불가	N	주당FCF<=0 / 순현금차감PER<=0	제외	하드필터 미통과	40238914.0	주당순현금 음수(보수형); 단기위험부채 존재; 주당FCF 음수; fs=2025:CFS,2024:CFS,2022:CFS,2020:CFS
187	051910	LG화학	석유화학	watchlist	254000.0	2000.0	-23244.0	9899926000000.0	245464000000.0	2407851000000.0							판정불가	일반	일반	109608.75742571683	109608.75742571683			N	N	163.35825968728756			335.2165193745751									1년	335.2165193745751			0.7874015748031495				-79651.86819199358	-31.35900322519432	판정불가		판정불가	1년	163.35825968728756		판정불가	N	주당FCF<=0 / 순현금차감PER<=0	제외	하드필터 미통과	70592343.0	린치식 단독판정 비중 낮춤; 주당FCF 음수; fs=2025:CFS,2024:CFS,2022:CFS,2020:CFS
188	373220	LG에너지솔루션	2차전지	메인	350500.0		-4585.0	3779307000000.0	46724000000.0	2407851000000.0							판정불가	일반	일반	6060.598290598291	6060.598290598291			N	N													판정불가								-28061.529914529914	-8.006142628967165	판정불가		판정불가	판정불가			판정불가	N	주당FCF<=0 / 순현금차감PER<=0	제외	하드필터 미통과	234000000.0	주당FCF 음수; fs=2025:CFS,2024:CFS,2022:CFS,2020:CFS
189	051900	LG생활건강	직접추가	메인	296500.0	2000.0	-5930.0	1086333734803.0	100697817600.0	120239309804.0	55803511595.0						판정불가	일반	일반	69713.77885077163	66067.07660540048			N	N	-152.33430412143676												1년				0.6745362563237773				22989.9067608023	7.753762819832141	판정불가		판정불가	1년	-152.33430412143676		판정불가	N	순현금차감PER<=0	제외	하드필터 미통과	15302459.0	단기위험부채 존재; fs=2025:CFS,2024:CFS,2022:CFS,2020:CFS
190	004990	롯데지주	직접추가	메인	24500.0	1250.0	-8978.0	1391291862106.0	1039362449959.0	5672138060606.0	3773429305995.0						판정불가	일반	일반	-30897.982305800204	-66866.49579327319			Y	Y	-37.605115018416846												1년				5.1020408163265305				-1991.5043153635747	-8.128589042300305	판정불가		판정불가	1년	-37.605115018416846		판정불가	N	주당순현금<=0 / 주당FCF<=0 / 순현금차감PER<=0	제외	하드필터 미통과	104909237.0	주당순현금 음수(린치식); 주당순현금 음수(보수형); 단기위험부채 존재; 주당FCF 음수; fs=2025:CFS,2024:CFS,2022:CFS,2020:CFS
191	011170	롯데케미칼	석유화학	watchlist	62500.0	1000.0		1870312010924.0	824440281077.0	9399387662619.0							판정불가	일반	일반	-156740.37864171478	-156740.37864171478			Y	Y													판정불가				1.6				-26783.67225319289	-42.85387560510862	판정불가		판정불가	판정불가			판정불가	N	주당순현금<=0 / 주당FCF<=0 / 순현금차감PER<=0	제외	하드필터 미통과	42775419.0	린치식 단독판정 비중 낮춤; 주당순현금 음수(린치식); 주당순현금 음수(보수형); 주당FCF 음수; EPS 미추출; fs=2025:CFS,2024:CFS,2022:CFS,2020:CFS
192	251270	넷마블	직접추가	메인	34700.0	876.0		688942929318.0	236601481356.0	377828444422.0	732523334222.0						판정불가	일반	일반	6372.235610039484	-2150.0853795346234			N	Y													판정불가				2.5244956772334293				3193.167304922608	9.202211253379273	판정불가		판정불가	판정불가			판정불가	N	순현금차감PER<=0	제외	하드필터 미통과	85953502.0	주당순현금 음수(보수형); 단기위험부채 존재; EPS 미추출; fs=2025:CFS,2024:CFS,2022:CFS,2020:CFS
193	010060	OCI홀딩스	직접추가	메인	188000.0	1000.0	-4809.0	1034744959000.0									판정불가	일반	일반	55422.18002432964	55422.18002432964			N	N	-194.72129210163482												1년				0.5319148936170213				9707.740268037376	5.163691631934775	판정불가		판정불가	1년	-194.72129210163482		판정불가	N	순현금차감PER<=0	제외	하드필터 미통과	18670232.0	fs=2025:CFS,2024:CFS,2022:CFS,2020:CFS
194	006400	삼성SDI	2차전지	메인	529000.0	1000.0		1803994237947.0		5493341323030.0	5390568184387.0						판정불가	일반	일반	-45781.75616742857	-112674.26384699586			Y	Y													판정불가				0.1890359168241966				-28996.751032548895	-5.48142741636085	판정불가		판정불가	판정불가			판정불가	N	주당순현금<=0 / 주당FCF<=0 / 순현금차감PER<=0	제외	하드필터 미통과	80585530.0	주당순현금 음수(린치식); 주당순현금 음수(보수형); 단기위험부채 존재; 주당FCF 음수; EPS 미추출; fs=2025:CFS,2024:CFS,2022:CFS,2020:CFS
195	137310	에스디바이오센서	직접추가	메인	6110.0	200.0	-4279.0	366780003956.0	488796710916.0	899239816964.0							판정불가	일반	일반	-358.6318204794644	-358.6318204794644			Y	Y	431.55279503105584			871.6055900621117									1년	871.6055900621117			3.273322422258593				2464.3043924052927	40.33231411465291	판정불가		판정불가	1년	431.55279503105584		판정불가	N	주당순현금<=0 / 순현금차감PER<=0	제외	하드필터 미통과	121749102.0	주당순현금 음수(린치식); 주당순현금 음수(보수형); fs=2025:CFS,2024:CFS,2022:CFS,2020:NA
196	302440	SK바이오사이언스	헬스케어	메인	35750.0		-733.0	105552891515.0	800748039267.0	1496569133.0							판정불가	일반	일반	11535.766059068677	11535.766059068677			N	N	5.014326647564471			18.52865329512894									1년	18.52865329512894							-2012.819504379828	-5.6302643479156025	판정불가		판정불가	1년	5.014326647564471		판정불가	N	주당FCF<=0 / 순현금차감PER<=0	제외	하드필터 미통과	78434701.0	주당FCF 음수; fs=2025:CFS,2024:CFS,2022:CFS,2020:OFS
197	361610	SK아이이테크놀로지	직접추가	메인	16170.0		-2800.0	408979015000.0	44693499000.0	1097240539000.0	169179804000.0						판정불가	일반	일반	-7868.820694217059	-9937.359669189884			Y	Y	-19.075144508670515												1년								-1892.9730116363094	-11.706697660088492	판정불가		판정불가	1년	-19.075144508670515		판정불가	N	주당순현금<=0 / 주당FCF<=0 / 순현금차감PER<=0	제외	하드필터 미통과	81787100.0	주당순현금 음수(린치식); 주당순현금 음수(보수형); 단기위험부채 존재; 주당FCF 음수; fs=2025:CFS,2024:CFS,2022:CFS,2020:NA
198	096770	SK이노베이션	에너지	메인	141000.0	2000.0		16091551855000.0	253291655000.0	22764517807000.0	7201712771000.0						판정불가	일반	일반	-37974.37695614934	-80574.75554913652			Y	Y													판정불가				1.4184397163120568				-19919.883669709132	-14.127577070715697	판정불가		판정불가	판정불가			판정불가	N	주당순현금<=0 / 주당FCF<=0 / 순현금차감PER<=0	제외	하드필터 미통과	169052788.0	주당순현금 음수(린치식); 주당순현금 음수(보수형); 단기위험부채 존재; 주당FCF 음수; EPS 미추출; fs=2025:CFS,2024:CFS,2022:CFS,2020:CFS
199	011790	SKC	석유화학	watchlist	88400.0		-25549.0	783286752410.0	262260000000.0	1840079753358.0	1176505206999.0						판정불가	일반	일반	-20981.481685498515	-52049.822993021764			Y	Y	53.32773210106223			115.15546420212446									1년	115.15546420212446							-22628.561644175294	-25.597920411963003	판정불가		판정불가	1년	53.32773210106223		판정불가	N	주당순현금<=0 / 주당FCF<=0 / 순현금차감PER<=0	제외	하드필터 미통과	37868298.0	린치식 단독판정 비중 낮춤; 주당순현금 음수(린치식); 주당순현금 음수(보수형); 단기위험부채 존재; 주당FCF 음수; fs=2025:CFS,2024:CFS,2022:CFS,2020:CFS
200	000670	영풍	직접추가	메인	43800.0	5.0	-464.0	137031350994.0	333746815114.0	234811309711.0	423217185895.0						판정불가	일반	일반	13052.744166069715	-10357.940446676752			N	Y	-99.68345363005008												1년				0.01141552511415525				-6139.559379575671	-14.017258857478701	판정불가		판정불가	1년	-99.68345363005008		판정불가	N	주당FCF<=0 / 순현금차감PER<=0	제외	하드필터 미통과	18077950.0	주당순현금 음수(보수형); 단기위험부채 존재; 주당FCF 음수; fs=2025:CFS,2024:CFS,2022:CFS,2020:CFS
