순위	종목코드	종목명	그룹	판정구분	현재가	현금배당금(FY2025 DPS)	EPS(FY2025)	현금및현금성자산	유가증권성자산	장기부채	단기위험부채	주주지분	총부채	주주지분비중	부채비중	주주대부채배수	주주대부채판정	업종보정유형	업종보정판정	주당순현금(린치식)	주당순현금(보수형)	순현금차감PER(린치식)	순현금차감PER(보수형)	현금보다부채많음(린치형)	현금보다부채많음(보수형)	연간이익증가율(1년,%)	연간이익증가율(3년CAGR,%)	연간이익증가율(5년CAGR,%)	그레이엄적정PER(1년)	그레이엄적정PER(3년)	그레이엄적정PER(5년)	그레이엄내재가치(1년)	그레이엄내재가치(3년)	그레이엄내재가치(5년)	그레이엄괴리율(1년,%)	그레이엄괴리율(3년,%)	그레이엄괴리율(5년,%)	그레이엄사용기준	그레이엄적정PER(선택)	그레이엄내재가치(선택)	그레이엄괴리율(선택,%)	배당수익률(%)	배당감안이익성장률(1년)	배당감안이익성장률(3년)	배당감안이익성장률(5년)	주당잉여현금흐름	잉여현금흐름수익률(%)	배당감안점수기준	배당감안점수	배당감안점수판정	사용연성장률기준	사용연성장률(%)	린치PER배수	린치PER판정	하드필터통과	하드필터사유	종합판정	종합판정사유	발행주식수	비고
1	010140	삼성중공업	직접추가	메인	21400.0		639.0	772614649370.0	311797002761.0	592438711867.0	1454489650793.0						판정불가	일반	일반	559.0601593909091	-1093.7689892375	32.61492932802675	35.20151641508216	N	Y	752.0			1512.5			966487.5			4416.296728971963			1년	1512.5	966487.5	4416.296728971963		23.056925631716435			1530.2205002727273	7.150563085386577	1년	23.056925631716435	안심(>=2)	1년	752.0	0.043370916659610036	매우 유망	Y	통과	매우 유망	배당감안점수>=2 & 린치PER배수<=0.5	880000000.0	주당순현금 음수(보수형); 단기위험부채 존재; fs=2025:CFS,2024:CFS,2022:CFS,2020:CFS
2	139130	iM금융지주	직접추가	메인	18120.0	700.0	2511.0		10012037000000.0	9824584000000.0							판정불가	일반	일반	1167.025597818984	1167.025597818984	6.75148323463999	6.75148323463999	N	N	123.9964317573595			256.49286351471903			644053.5802854595			3454.3795821493354			1년	256.49286351471903	644053.5802854595	3454.3795821493354	3.863134657836645	18.937996581134072					1년	18.937996581134072	안심(>=2)	1년	123.9964317573595	0.0544490122736074	매우 유망	N	주당FCF<=0	제외	하드필터 미통과	160624583.0	fs=2025:CFS,2024:CFS,2022:NA,2020:NA
3	071970	HD현대마린엔진	직접추가	메인	50200.0		4867.0	94276230277.0	247003276789.0								판정불가	일반	일반	10060.862797055377	10060.862797055377	8.247203041492629	8.247203041492629	N	N	97.52435064935065	113.65854515790357	162.5665198099373	203.5487012987013	235.81709031580715	333.6330396198746	990671.5292207792	1147721.7785670334	1623792.0038299295	1873.4492613959744	2186.298363679349	3134.6454259560346	3년	235.81709031580715	1147721.7785670334	2186.298363679349		11.825142434191859	13.781465617625072	19.71171547396692			3년	13.781465617625072	안심(>=2)	3년	113.65854515790357	0.07256122300382213	매우 유망	N	주당FCF<=0	제외	하드필터 미통과	33921495.0	fs=2025:CFS,2024:CFS,2022:CFS,2020:CFS
4	015760	한국전력	유틸리티	메인	32150.0	1542.0	13311.0	2240811000000.0	4250164000000.0	83995702000000.0							판정불가	일반	일반	-120730.62929345189	-120730.62929345189	11.48528504946675	11.48528504946675	Y	Y	144.73248758963044			297.9649751792609			3966211.7846111413			12236.584088992662			1년	297.9649751792609	3966211.7846111413	12236.584088992662	4.796267496111975	13.019159249572553			7699.067871674695	23.947333970994386	1년	13.019159249572553	안심(>=2)	1년	144.73248758963044	0.07935526598583544	매우 유망	N	주당순현금<=0	제외	하드필터 미통과	641964077.0	주당순현금 음수(린치식); 주당순현금 음수(보수형); fs=2025:CFS,2024:CFS,2022:CFS,2020:CFS
5	004490	세방전지	직접추가	메인	64400.0	2650.0	10646.0	227178088991.0	123000000000.0	162095437595.0	251228623014.0						판정불가	일반	일반	13434.475099714286	-4510.426544142857	4.787293340248517	6.472893720096079	N	Y	-17.389617443935744	48.94307252053962	16.711840434713388		106.38614504107925	41.923680869426775		1132586.9001073297	446319.50653591746		1658.6753107256673	593.0427120122941	3년	106.38614504107925	1132586.9001073297	1658.6753107256673	4.114906832298137	-2.7729052030366064	11.08308507163328	4.350422208706845	11070.1328675	17.18964730978261	3년	11.08308507163328	안심(>=2)	3년	48.94307252053962	0.0978135023754274	매우 유망	Y	통과	매우 유망	배당감안점수>=2 & 린치PER배수<=0.5	14000000.0	주당순현금 음수(보수형); 단기위험부채 존재; fs=2025:CFS,2024:CFS,2022:CFS,2020:CFS
6	402340	SK스퀘어	직접추가	메인	1041000.0		66713.0	1310718000000.0	317762000000.0	86661000000.0	0.0						판정불가	일반	일반	11672.743401201547	11672.743401201547	15.429185565014292	15.429185565014292	N	N	140.21676508713813			288.93353017427626			19275622.59851649			1751.644822143755			1년	288.93353017427626	19275622.59851649	1751.644822143755		9.08776192342128			2638.92507607574	0.25349904669315465	1년	9.08776192342128	안심(>=2)	1년	140.21676508713813	0.11003809391427465	매우 유망	Y	통과	매우 유망	배당감안점수>=2 & 린치PER배수<=0.5	132087115.0	fs=2025:CFS,2024:CFS,2022:NA,2020:NA
7	009540	HD한국조선해양	직접추가	메인	348500.0	12300.0	30664.0	3742015549000.0		398797408000.0							판정불가	일반	일반	47238.53250999998	47238.53250999998	9.824597817962433	9.824597817962433	N	N	84.96802991916998			178.43605983833996			5471563.338882856			1470.032521917606			1년	178.43605983833996	5471563.338882856	1470.032521917606	3.5294117647058822	9.007741927315834					1년	9.007741927315834	안심(>=2)	1년	84.96802991916998	0.11562699320330912	매우 유망	N	주당FCF<=0	제외	하드필터 미통과	70773116.0	fs=2025:CFS,2024:CFS,2022:CFS,2020:CFS
8	069620	대웅제약	직접추가	메인	116100.0	600.0	17022.0	168941641596.0	50139032546.0	550560567693.0	70828808025.0						판정불가	일반	일반	-28608.962834228405	-34721.96931155238	8.501290261674798	8.8604141294532	Y	Y	691.7209302325581	64.61424206621207	70.08103158930474	1391.9418604651162	137.72848413242414	148.6620631786095	23693634.348837208	2344414.256902124	2530525.6394262905	20307.953788834806	1919.3059921637587	2079.6086472233337	3년	137.72848413242414	2344414.256902124	1919.3059921637587	0.516795865633075	81.42737217418768	7.661312098172495	8.304366194059309	-7954.179962240783	-6.851145531645808	3년	7.661312098172495	안심(>=2)	3년	64.61424206621207	0.13156991384288438	매우 유망	N	주당순현금<=0 / 주당FCF<=0	제외	하드필터 미통과	11586575.0	주당순현금 음수(린치식); 주당순현금 음수(보수형); 단기위험부채 존재; 주당FCF 음수; 1년 점수 과열 가능; fs=2025:CFS,2024:CFS,2022:CFS,2020:CFS
9	011210	현대위아	직접추가	메인	57600.0	1200.0	5351.0	1116473000000.0	572468000000.0	739686000000.0	71245000000.0						판정불가	일반	일반	34905.39080171221	32285.615748994038	4.241190281870265	4.730776350402908	N	N	46.32212195788898	29.51602682110046	18.44874189552963	101.14424391577796	67.53205364220092	45.39748379105926	541222.8491933278	361364.01903941715	242921.9357659581	839.6230020717496	527.3680886100992	321.7394718158995	3년	67.53205364220092	361364.01903941715	527.3680886100992	2.083333333333333	11.413176979618243	7.450587701643798	4.841111542821134	5543.207939464645	9.623624894903898	3년	7.450587701643798	안심(>=2)	3년	29.51602682110046	0.14369109730034252	매우 유망	Y	통과	매우 유망	배당감안점수>=2 & 린치PER배수<=0.5	27195083.0	단기위험부채 존재; fs=2025:CFS,2024:CFS,2022:CFS,2020:CFS
10	000660	SK하이닉스	반도체	메인	1647000.0	3000.0	62044.0	14923766000000.0	20018487000000.0								판정불가	일반	일반	47997.4443489617	47997.4443489617	25.772073941896693	25.772073941896693	N	N	115.94041486843936	167.48263503477668	54.92375157287208	240.38082973687872	343.46527006955336	118.34750314574416	14914188.200194903	21309959.216195367	7342752.485174551	805.5366241769825	1193.8651618819288	345.82589466755013	3년	343.46527006955336	21309959.216195367	1193.8651618819288	0.18214936247723132	4.5057516322790185	6.505676833585657	2.1382020344806523	34057.28359137954	2.0678374979586853	3년	6.505676833585657	안심(>=2)	3년	167.48263503477668	0.1538790808763266	매우 유망	Y	통과	매우 유망	배당감안점수>=2 & 린치PER배수<=0.5	728002365.0	fs=2025:CFS,2024:CFS,2022:CFS,2020:CFS
11	112610	씨에스윈드	직접추가	메인	46950.0	1000.0	837.0	478878903508.0	28665354936.0	782993106603.0	242475043746.0						판정불가	일반	일반	-6531.6500890188545	-12281.40054778353	63.89683403705956	70.76630889818821	Y	Y	-75.62609202096681	371.20709785870895	-15.050492534791582		750.9141957174179			628515.1818154788			1238.6904831000613		3년	750.9141957174179	628515.1818154788	1238.6904831000613	2.1299254526091587	-1.1502317395840076	5.842809412040449	-0.2022098164470655	10303.466412416965	21.945615361910466	3년	5.842809412040449	안심(>=2)	3년	371.20709785870895	0.17213257614319744	매우 유망	N	주당순현금<=0	제외	하드필터 미통과	42171403.0	주당순현금 음수(린치식); 주당순현금 음수(보수형); 단기위험부채 존재; fs=2025:CFS,2024:CFS,2022:CFS,2020:CFS
12	017960	한국카본	조선/LNG사이클	watchlist	22550.0	320.0	2043.0	57866929673.0	27093215744.0	98920898088.0	81871440000.0						판정불가	일반	일반	-268.94950885840325	-1846.1770478341368	11.169334071883702	11.9413495094636	Y	Y	394.6731234866828	63.08567663703022	8.209872487827186	797.8462469733656	134.67135327406044	24.91974497565437	1629999.882566586	275133.5747389055	50911.03898526188	7128.380853953817	1120.1045442966984	125.76957421402165	3년	134.67135327406044	275133.5747389055	1120.1045442966984	1.4190687361419068	35.46247159173958	5.775164835972485	0.8620873153223877	2529.43380973873	11.217001373564212	3년	5.775164835972485	안심(>=2)	3년	63.08567663703022	0.17705023814118043	매우 유망	N	주당순현금<=0	제외	하드필터 미통과	51908452.0	린치식 단독판정 비중 낮춤; 주당순현금 음수(린치식); 주당순현금 음수(보수형); 단기위험부채 존재; 1년 점수 과열 가능; fs=2025:CFS,2024:CFS,2022:CFS,2020:CFS
13	071320	지역난방공사	유틸리티	메인	75600.0	6157.0	28102.0	13136000000.0	14472000000.0	3000419000000.0							판정불가	일반	일반	-256747.27759763927	-256747.27759763927	11.826463511409838	11.826463511409838	Y	Y	66.77744807121661		65.27173293436219	142.05489614243322		139.04346586872438	3992026.6913946583		3907399.4778428925	5180.45858650087		5068.517827834514	5년	139.04346586872438	3907399.4778428925	5068.517827834514	8.144179894179894	6.335083002041501		6.207765555418363	29663.925551856057	39.23799676171436	5년	6.207765555418363	안심(>=2)	5년	65.27173293436219	0.18118813427709404	매우 유망	N	주당순현금<=0	제외	하드필터 미통과	11578744.0	주당순현금 음수(린치식); 주당순현금 음수(보수형); fs=2025:CFS,2024:CFS,2022:CFS,2020:CFS
14	298040	효성중공업	전력설비	메인	2732000.0	7500.0	55832.0	216772513676.0		637432979185.0							판정불가	일반	일반	-45113.22859928438	-45113.22859928438	49.740529241282495	49.740529241282495	Y	Y	133.51875862645866	270.5887113046113		275.5375172529173	549.6774226092226		15383810.66326488	30689589.85911812		463.0970228135022	1023.3378425738696		3년	549.6774226092226	30689589.85911812	1023.3378425738696	0.2745241581259151	2.689824270577763	5.445523793058729		33728.061849754005	1.2345557046030016	3년	5.445523793058729	안심(>=2)	3년	270.5887113046113	0.18382337164571444	매우 유망	N	주당순현금<=0	제외	하드필터 미통과	9324548.0	주당순현금 음수(린치식); 주당순현금 음수(보수형); fs=2025:CFS,2024:CFS,2022:CFS,2020:CFS
15	005850	에스엘	직접추가	메인	51400.0	2770.0	6749.0	477732627030.0	395471183250.0	5459184760.0							판정불가	일반	일반	18681.85736639187	18681.85736639187	4.847850442081513	4.847850442081513	N	N	-15.61640410102526	26.173083545484687	36.58097754545193		60.846167090969374	81.66195509090386		410650.7816969523	551136.5349085102		698.9314819006854	972.2500679153894	3년	60.846167090969374	410650.7816969523	698.9314819006854	5.389105058365759	-2.109656468335319	6.510553281486679	8.657462334130313	6628.339203100551	12.895601562452432	3년	6.510553281486679	안심(>=2)	3년	26.173083545484687	0.18522274739454045	매우 유망	Y	통과	매우 유망	배당감안점수>=2 & 린치PER배수<=0.5	46448520.0	fs=2025:CFS,2024:CFS,2022:CFS,2020:CFS
16	114090	GKL	직접추가	메인	9580.0	414.0	761.0	213092869283.0		30375090489.0							판정불가	일반	일반	2953.9374287595624	2953.9374287595624	8.707046742760102	8.707046742760102	N	N	42.509363295880156			93.51872659176031			71167.7509363296			642.8784022581378			1년	93.51872659176031	71167.7509363296	642.8784022581378	4.3215031315240084	5.378501782633012			1553.3159719230266	16.21415419543869	1년	5.378501782633012	안심(>=2)	1년	42.509363295880156	0.20482656214246228	매우 유망	Y	통과	매우 유망	배당감안점수>=2 & 린치PER배수<=0.5	61855670.0	fs=2025:CFS,2024:CFS,2022:CFS,2020:CFS
17	329180	HD현대중공업	직접추가	메인	436500.0	5661.0	15702.0	1869917695000.0		20593805000.0							판정불가	일반	일반	17619.114963644908	17619.114963644908	26.67691281596963	26.67691281596963	N	N	124.2822453935152			257.0644907870304			4036426.634337952			824.7254603294276			1년	257.0644907870304	4036426.634337952	824.7254603294276	1.2969072164948454	4.70740949210714					1년	4.70740949210714	안심(>=2)	1년	124.2822453935152	0.2146478182100947	매우 유망	N	주당FCF<=0	제외	하드필터 미통과	104961225.0	fs=2025:CFS,2024:CFS,2022:CFS,2020:CFS
18	000240	한국앤컴퍼니	직접추가	메인	24550.0	1100.0	3666.0	87970654737.0	34240766097.0	15178888600.0	83728229501.0						판정불가	일반	일반	1127.4267830786544	245.4757867889732	6.389136174828518	6.629712005785877	N	N	-0.9991898460707582	28.543628944993937	19.90708834889714	6.5016203078584835	65.58725788998788	48.31417669779428	23834.9400486092	240442.88742469557	177119.77177411385	-2.912667826439097	879.4007634407151	621.4654654750054	3년	65.58725788998788	240442.88742469557	879.4007634407151	4.480651731160896	0.5449033781446331	5.168817782638855	3.817063748952353	2176.2560889928754	8.864586920541244	3년	5.168817782638855	안심(>=2)	3년	28.543628944993937	0.22383755713546236	매우 유망	Y	통과	매우 유망	배당감안점수>=2 & 린치PER배수<=0.5	94935240.0	단기위험부채 존재; fs=2025:CFS,2024:CFS,2022:CFS,2020:CFS
19	138930	BNK금융지주	직접추가	메인	15390.0	735.0	2512.0		18192691866568.0	16445000245415.0							판정불가	일반	일반	5631.773694536628	5631.773694536628	3.884644229881916	3.884644229881916	N	N	15.547378104875808			39.594756209751615			99462.02759889606			546.2769824489673			1년	39.594756209751615	99462.02759889606	546.2769824489673	4.775828460038986	5.231677693566438					1년	5.231677693566438	안심(>=2)	1년	15.547378104875808	0.24985847798116223	매우 유망	N	주당FCF<=0	제외	하드필터 미통과	310327033.0	fs=2025:CFS,2024:CFS,2022:NA,2020:NA
20	034230	파라다이스	직접추가	메인	10090.0	150.0	1087.0	341761126505.0	5000000000.0	796472209722.0	137240950000.0						판정불가	일반	일반	-4866.710272452332	-6351.912585875921	13.759623065733516	15.125954540824216	Y	Y	24.22857142857142	54.2810589168254		56.95714285714284	117.0621178336508		61912.414285714265	127246.52208517843		513.6017273113406	1161.1151841940377		3년	117.0621178336508	127246.52208517843	1161.1151841940377	1.4866204162537164	1.8688878119681456	4.052994698085953		1428.3554813839717	14.156149468622118	3년	4.052994698085953	안심(>=2)	3년	54.2810589168254	0.25348847904417854	매우 유망	N	주당순현금<=0	제외	하드필터 미통과	92405559.0	주당순현금 음수(린치식); 주당순현금 음수(보수형); 단기위험부채 존재; fs=2025:CFS,2024:CFS,2022:CFS,2020:CFS
21	003090	대웅	직접추가	메인	16860.0	200.0	4280.0	255917494906.0	69412115604.0	668965344648.0	118388808025.0						판정불가	일반	일반	-5910.286064182885	-7946.487927707312	5.320160295369833	5.7959083943241385	Y	Y	202.2598870056497	20.159526008317698	12.806544500421424	413.0197740112994	48.819052016635396	34.11308900084285	1767724.6327683614	208945.5426311995	146004.0209236074	10384.72498676371	1139.2974058790007	765.9787717888933	3년	48.819052016635396	208945.5426311995	1139.2974058790007	1.1862396204033214	38.240600908794676	4.012241068619373	2.6301433310200726	-1554.3945053642824	-9.219421740001675	3년	4.012241068619373	안심(>=2)	3년	20.159526008317698	0.26390304480248034	매우 유망	N	주당순현금<=0 / 주당FCF<=0	제외	하드필터 미통과	58141980.0	주당순현금 음수(린치식); 주당순현금 음수(보수형); 단기위험부채 존재; 주당FCF 음수; 1년 점수 과열 가능; fs=2025:CFS,2024:CFS,2022:CFS,2020:CFS
22	001440	대한전선	직접추가	메인	27400.0		453.0	438856642626.0	245247440000.0	6781981976.0	210000000000.0						판정불가	일반	일반	3632.780419185475	2506.4567877893646	52.466268390319044	54.95263402254003	N	N	10.757946210268955	193.05011690585698	172.76923736437072	30.01589242053791	394.60023381171396	354.03847472874145	13597.199266503672	178753.90591670643	160379.42905211987	-50.37518515874573	552.3865179441841	485.3263834018973	3년	394.60023381171396	178753.90591670643	552.3865179441841		0.20504500396780623	3.679509193786653	3.292958364773846	-1780.5372383992687	-6.498311089048427	3년	3.679509193786653	안심(>=2)	3년	193.05011690585698	0.27177537745757907	매우 유망	N	주당FCF<=0	제외	하드필터 미통과	186447300.0	단기위험부채 존재; 주당FCF 음수; fs=2025:CFS,2024:CFS,2022:CFS,2020:CFS
23	161390	한국타이어앤테크놀로지	직접추가	메인	65400.0	2300.0	8931.0	2603079747970.0	489388296676.0								판정불가	일반	일반	24964.41026923666	24964.41026923666	4.527554555006533	4.527554555006533	N	N	-2.2545693334792616	16.43379388057411	24.1178312692236	3.990861333041477	41.36758776114822	56.7356625384472	35642.38256539343	369453.9262948148	506706.20213087194	-45.50094408961248	464.91426038962504	674.780125582373	3년	41.36758776114822	369453.9262948148	464.91426038962504	3.5168195718654434	0.27879293845071307	4.4064876988347566	6.103659382862847	-5650.2614211339005	-8.639543457391285	3년	4.4064876988347566	안심(>=2)	3년	16.43379388057411	0.27550269815410167	매우 유망	N	주당FCF<=0	제외	하드필터 미통과	123875069.0	주당FCF 음수; fs=2025:CFS,2024:CFS,2022:CFS,2020:CFS
24	064350	현대로템	방산	메인	126800.0	600.0	7055.0	908414081000.0		60775088000.0	49136977000.0						판정불가	일반	일반	7766.386844661084	7316.175404518884	16.87223432393181	16.936048844150406	N	N	89.24356223175967	57.31843168250532	84.95065921728904	186.98712446351934	123.13686336501064	178.4013184345781	1319194.163090129	868730.57104015	1258621.3015559483	940.3739456546757	585.1187468770898	892.6035501229876	3년	123.13686336501064	868730.57104015	585.1187468770898	0.47318611987381703	5.317419532538024	3.4252498331182317	5.062983579833081	6852.009336460757	5.403792852098389	3년	3.4252498331182317	안심(>=2)	3년	57.31843168250532	0.29435966457333373	매우 유망	Y	통과	매우 유망	배당감안점수>=2 & 린치PER배수<=0.5	109142000.0	단기위험부채 존재; fs=2025:CFS,2024:CFS,2022:CFS,2020:CFS
25	192820	코스맥스	직접추가	메인	275500.0	3300.0	10847.0	192279928597.0									판정불가	일반	일반	16941.695768248654	16941.695768248654	23.836849288443936	23.836849288443936	N	N	43.4408886537953	80.71243772559032	38.50568621710888	95.3817773075906	169.92487545118064	85.51137243421776	1034606.1384554352	1843175.1240189564	927541.8567939601	275.53761831413254	569.0290831284779	236.67581008855177	3년	169.92487545118064	1843175.1240189564	569.0290831284779	1.1978221415607986	1.8726766383926783	3.436287190306693	1.6656357506911734	-9341.661092827891	-3.39080257452918	3년	3.436287190306693	안심(>=2)	3년	80.71243772559032	0.2953305582156433	매우 유망	N	주당FCF<=0	제외	하드필터 미통과	11349509.0	주당FCF 음수; fs=2025:CFS,2024:CFS,2022:CFS,2020:CFS
26	000270	기아	직접추가	메인	126500.0	6800.0	19382.0	13998106000000.0	7661873000000.0	978970000000.0	211292000000.0						판정불가	일반	일반	52972.13234688462	52430.93110337479	3.7936161207881227	3.821538999929069	N	N	-22.138753866548832	12.82583771622907	39.189006811542605		34.15167543245814	86.87801362308521		661927.7732319037	1683869.6600426375		423.26306184340206	1231.1222609032707	3년	34.15167543245814	661927.7732319037	423.26306184340206	5.375494071146245	-4.418807613017003	4.797884447937762	11.747235214044426	10401.987179740363	8.222914766593172	3년	4.797884447937762	안심(>=2)	3년	12.82583771622907	0.2957792079333657	매우 유망	Y	통과	매우 유망	배당감안점수>=2 & 린치PER배수<=0.5	390412998.0	단기위험부채 존재; fs=2025:CFS,2024:CFS,2022:CFS,2020:CFS
27	082740	한화엔진	직접추가	메인	45600.0		2071.0	276708027934.0	133988650000.0	53947006810.0	30000000000.0						판정불가	일반	일반	4275.157453852644	3915.6484367553294	19.95405241243233	20.127644405236442	N	N	113.94628099173553		62.28278611303117	236.39256198347107		133.06557222606233	489568.9958677686		275578.8000801751	973.6162190082645		504.33947386003314	5년	133.06557222606233	275578.8000801751	504.33947386003314		5.710433080788219		3.1213101391988936	3492.7128128726085	7.659457922966246	5년	3.1213101391988936	안심(>=2)	5년	62.28278611303117	0.32037828841214	매우 유망	Y	통과	매우 유망	배당감안점수>=2 & 린치PER배수<=0.5	83447142.0	단기위험부채 존재; fs=2025:CFS,2024:OFS,2022:CFS,2020:CFS
28	006040	동원산업	직접추가	메인	38100.0	1150.0	8793.0	462412200801.0	2315664040.0	920658109908.0	869187931428.0						판정불가	일반	일반	-10327.316971310991	-30015.370950217297	5.507485155386215	7.746545087025736	Y	Y	362.7894736842105	15.223245686790676	-33.98325939665047	734.078947368421	38.94649137358135		6454756.184210526	342456.4986479008		16841.617281392457	798.8359544564325		3년	38.94649137358135	342456.4986479008	798.8359544564325	3.0183727034120733	66.42012389808613	3.3121502601532744	-5.622327762963706	2047.1984446583815	5.373224264195227	3년	3.3121502601532744	안심(>=2)	3년	15.223245686790676	0.3617812698224467	매우 유망	N	주당순현금<=0	제외	하드필터 미통과	44147986.0	주당순현금 음수(린치식); 주당순현금 음수(보수형); 단기위험부채 존재; 1년 점수 과열 가능; fs=2025:CFS,2024:CFS,2022:CFS,2020:CFS
29	003230	삼양식품	직접추가	메인	1417000.0	4800.0	52156.0	332840576772.0	3879418399.0	340183053989.0	92341086958.0						판정불가	일반	일반	-459.7174993014085	-12717.901899305922	27.17730879475614	27.41233802245774	Y	Y	43.018536799385764	69.73880446754251	42.35358590359803	94.53707359877153	147.97760893508502	93.20717180719606	4930675.610617528	7717920.171618294	4861313.252776118	247.96581585162508	444.66620830051477	243.070801183918	3년	147.97760893508502	7717920.171618294	444.66620830051477	0.3387438249823571	1.5953485664016118	2.5785315544578986	1.5708814309391028	-20189.147647522273	-1.4247810619281773	3년	2.5785315544578986	안심(>=2)	3년	69.73880446754251	0.3897013865129402	매우 유망	N	주당순현금<=0 / 주당FCF<=0	제외	하드필터 미통과	7533015.0	주당순현금 음수(린치식); 주당순현금 음수(보수형); 단기위험부채 존재; 주당FCF 음수; fs=2025:CFS,2024:CFS,2022:CFS,2020:CFS
30	010120	LS ELECTRIC	전력설비	메인	195300.0	3000.0	9647.0	762716704001.0	205184236697.0	773010797653.0	302192853551.0						판정불가	일반	일반	6496.3381015	-3576.7570168666666	19.57123063112885	20.615399296866038	N	Y	19.423124535776193	45.94979891928113	27.235637161019888	47.346249071552386	100.39959783856226	62.971274322039775	456749.26479326584	968554.9203486101	607483.8833847177	133.8705912919948	395.9318588574552	211.05165559893382	3년	100.39959783856226	968554.9203486101	395.9318588574552	1.5360983102918586	1.0709200275189412	2.426311258835441	1.4701035419586297	3012.7272868333334	1.5426150982249531	3년	2.426311258835441	안심(>=2)	3년	45.94979891928113	0.42592636075533524	매우 유망	Y	통과	매우 유망	배당감안점수>=2 & 린치PER배수<=0.5	30000000.0	주당순현금 음수(보수형); 단기위험부채 존재; fs=2025:CFS,2024:CFS,2022:CFS,2020:CFS
31	012450	한화에어로스페이스	우주항공/방산	메인	1055000.0	7000.0	28530.0	7713355500000.0		12463889065000.0							판정불가	일반	일반	-92129.95017531911	-92129.95017531911	40.20784963811143	40.20784963811143	Y	Y	-37.89049744203766	93.07351740567623	64.20288154253949		194.64703481135246	136.90576308507897		5553279.903167886	3905921.420817303		426.37724200643464	270.2295185608818	3년	194.64703481135246	5553279.903167886	426.37724200643464	0.6635071090047393	-0.925863747205892	2.3313115562845557	1.6132767416156455	39867.85493454941	3.7789435956918873	3년	2.3313115562845557	안심(>=2)	3년	93.07351740567623	0.43200096825457784	매우 유망	N	주당순현금<=0	제외	하드필터 미통과	51563401.0	주당순현금 음수(린치식); 주당순현금 음수(보수형); fs=2025:CFS,2024:CFS,2022:CFS,2020:CFS
32	105560	KB금융	금융/은행	보정필요	172000.0	4367.0	15410.0		89862530000000.0	80049270000000.0							판정불가	금융보정	보정양호	25725.386408830236	25725.386408830236	9.492187773599595	9.492187773599595	N	N	19.64285714285714			47.78571428571428			736377.857142857			328.12666112956805			1년	47.78571428571428	736377.857142857	328.12666112956805	2.5389534883720932	2.3368491184848867					1년	2.3368491184848867	안심(>=2)	1년	19.64285714285714	0.4832386502923431	매우 유망	N	주당FCF<=0	제외	하드필터 미통과	381462103.0	린치식 단독판정 비중 낮춤; fs=2025:CFS,2024:CFS,2022:NA,2020:NA
33	000120	CJ대한통운	직접추가	메인	73400.0	800.0	11347.0	307146405592.0	86460297519.0	237118568377.0							판정불가	일반	일반	6859.800761114246	6859.800761114246	5.8641226085208205	5.8641226085208205	N	N	-6.130046326935801	11.480536742818348			31.461073485636696			356988.8008415196			386.36076408926374		3년	31.461073485636696	356988.8008415196	386.36076408926374	1.08991825613079	-0.8594854520063222	2.143620766162653		12818.247147684604	17.46355197232235	3년	2.143620766162653	안심(>=2)	3년	11.480536742818348	0.5107881922148914	헐값	Y	통과	양호	배당감안점수>=1.5 & 린치PER배수<1	22812344.0	fs=2025:CFS,2024:CFS,2022:CFS,2020:CFS
34	030200	KT	통신	보정필요	54300.0	2400.0	7119.0	3506971000000.0									판정불가	통신보정	보정양호	13915.354148989203	13915.354148989203	5.6727975630019385	5.6727975630019385	N	N	273.1132075471698	10.974077918572789	21.542256858726816	554.7264150943396	30.448155837145578	51.58451371745363	3949097.3490566034	216760.42140463938	367230.1531545524	7172.739132700927	299.19046299196935	576.2986245940192	3년	30.448155837145578	216760.42140463938	299.19046299196935	4.41988950276243	48.923497439782935	2.713646529841798	4.576603707986111	17845.761962904104	32.86512332026538	3년	2.713646529841798	안심(>=2)	3년	10.974077918572789	0.516927035245591	헐값	Y	통과	양호	배당감안점수>=1.5 & 린치PER배수<1	252021685.0	린치식 단독판정 비중 낮춤; 1년 점수 과열 가능; fs=2025:CFS,2024:CFS,2022:CFS,2020:CFS
35	267260	HD현대일렉트릭	전력설비	메인	714000.0	7100.0	20354.0	950781542257.0		55346966947.0							판정불가	일반	일반	24840.658635145344	24840.658635145344	33.85866863343101	33.85866863343101	N	N	46.06386795837818	65.20736528007924		100.62773591675636	138.9147305601585		2048176.936849659	2827470.425821466		186.85951496493826	296.00426131953304		3년	138.9147305601585	2827470.425821466	296.00426131953304	0.9943977591036414	1.389843948885159	1.955238221440795		19908.873951397247	2.788357696274124	3년	1.955238221440795	양호(>=1.5)	3년	65.20736528007924	0.5192460773104535	헐값	Y	통과	양호	배당감안점수>=1.5 & 린치PER배수<1	36047135.0	fs=2025:CFS,2024:CFS,2022:CFS,2020:CFS
36	042660	한화오션	직접추가	메인	86800.0		4007.0	778471159631.0		5646344947762.0							판정불가	일반	일반	-15886.622071524067	-15886.622071524067	25.62680860282607	25.62680860282607	Y	Y	143.14320388349512		47.03819321855338	294.78640776699024		102.57638643710676	1181209.13592233		411023.5804534868	1260.8400183436981		373.5294705685332	5년	102.57638643710676	411023.5804534868	373.5294705685332		5.585682013784174		1.835507259119503	1951.772804089628	2.2485861798267606	5년	1.835507259119503	양호(>=1.5)	5년	47.03819321855338	0.5448085236555819	헐값	N	주당순현금<=0	제외	하드필터 미통과	306413394.0	주당순현금 음수(린치식); 주당순현금 음수(보수형); fs=2025:CFS,2024:CFS,2022:CFS,2020:CFS
37	259960	크래프톤	직접추가	메인	216500.0	2240.0	16454.0	596725775511.0	2771628277288.0	232600090556.0	253882981026.0						판정불가	일반	일반	66149.80047167496	60794.052303852826	9.137607847837915	9.463106095548023	N	N	-42.45444689259609	15.546458229987593			39.592916459975186			651461.8474324316			200.90616509581142		3년	39.592916459975186	651461.8474324316	200.90616509581142	1.0346420323325636	-4.532893679614849	1.8145996784315357		19894.79976593031	9.189283956549797	3년	1.8145996784315357	양호(>=1.5)	3년	15.546458229987593	0.5877613867197331	헐값	Y	통과	양호	배당감안점수>=1.5 & 린치PER배수<1	47403831.0	단기위험부채 존재; fs=2025:CFS,2024:CFS,2022:CFS,2020:NA
38	012330	현대모비스	직접추가	메인	422000.0	6500.0	40861.0	4922378000000.0			2945574000000.0						판정불가	일반	일반	54251.49199158146	21787.145638739283	8.999987959384708	9.79449485722965	N	N	-9.074523242617772	14.580422448898144	20.046998821740058		37.66084489779629	48.593997643480115		1538859.783368854	1985599.337710241		264.6587164381171	370.5211700735169	3년	37.66084489779629	1538859.783368854	264.6587164381171	1.5402843601895735	-0.837138773566013	1.7911920417935565	2.3985902291590917	32588.711819214936	7.722443559055672	3년	1.7911920417935565	양호(>=1.5)	3년	14.580422448898144	0.6172652398055068	헐값	Y	통과	양호	배당감안점수>=1.5 & 린치PER배수<1	90732583.0	단기위험부채 존재; fs=2025:CFS,2024:CFS,2022:CFS,2020:CFS
39	062040	산일전기	직접추가	메인	191700.0	1250.0	4901.0	108606384509.0	126933410833.0	741366607.0	520000000.0						판정불가	일반	일반	7712.165751415659	7695.085883324793	37.5408761984461	37.54436117459196	N	N	60.1110748121529			128.7221496243058			630867.2553087228			229.0909000045503			1년	128.7221496243058	630867.2553087228	229.0909000045503	0.6520605112154407	1.6185859648604435			3251.520036754562	1.6961502539147428	1년	1.6185859648604435	양호(>=1.5)	1년	60.1110748121529	0.6245251198013233	헐값	Y	통과	양호	배당감안점수>=1.5 & 린치PER배수<1	30445200.0	단기위험부채 존재; fs=2025:CFS,2024:OFS,2022:NA,2020:NA
40	052690	한전기술	원전/유틸리티	메인	107600.0	1347.0	2244.0	27327763423.0	143766317133.0	10000000.0							판정불가	일반	일반	4476.297241130298	4476.297241130298	45.95530425974586	45.95530425974586	N	N	45.90377113133941	68.14874025084036	33.4594702358408	100.30754226267882	144.79748050168072	75.4189404716816	225090.12483745127	324925.5462457715	169240.1024184535	109.19156583406253	201.97541472655348	57.28634053759618	3년	144.79748050168072	324925.5462457715	201.97541472655348	1.2518587360594795	1.026119413786679	1.5101760309242622	0.755328019932301	565.6546605965464	0.5257013574317345	3년	1.5101760309242622	양호(>=1.5)	3년	68.14874025084036	0.6743382796306227	헐값	Y	통과	양호	배당감안점수>=1.5 & 린치PER배수<1	38220000.0	fs=2025:CFS,2024:CFS,2022:CFS,2020:CFS
41	004370	농심	필수소비재	메인	430000.0	6000.0	29342.0	253539960716.0	745596630000.0	125972160319.0	27652497602.0						판정불가	일반	일반	143550.1925638563	139004.05987973648	9.762449984191388	9.91738600368971	N	N	7.867068597897209	13.475331168715332	2.7004092516118794	24.234137195794418	35.450662337430664	13.900818503223759	711078.0535989997	1040193.3343048906	407877.8165215915	65.36698920906971	141.9054265825327	-5.144693832188018	3년	35.450662337430664	1040193.3343048906	141.9054265825327	1.3953488372093024	0.9487800142490264	1.5232528750472625	0.41954203047939387	33019.471789396775	7.678946927766692	3년	1.5232528750472625	양호(>=1.5)	3년	13.475331168715332	0.7244682792550685	헐값	Y	통과	양호	배당감안점수>=1.5 & 린치PER배수<1	6082642.0	단기위험부채 존재; fs=2025:CFS,2024:CFS,2022:CFS,2020:CFS
42	055550	신한지주	직접추가	메인	110300.0	2590.0	9812.0		78053377000000.0	92991422000000.0							판정불가	일반	일반	-30768.6938706553	-30768.6938706553	14.377159994970983	14.377159994970983	Y	Y	16.242151403862092			40.984302807724184			402137.9791493897			264.5856565270986			1년	40.984302807724184	402137.9791493897	264.5856565270986	2.3481414324569356	1.2930434691428463					1년	1.2930434691428463	보통(1~1.5)	1년	16.242151403862092	0.8851758389318026	헐값	N	주당순현금<=0 / 주당FCF<=0	제외	하드필터 미통과	485494934.0	주당순현금 음수(린치식); 주당순현금 음수(보수형); fs=2025:CFS,2024:CFS,2022:NA,2020:NA
43	086790	하나금융지주	직접추가	메인	134300.0	4105.0	13954.0		73098647000000.0	72812888000000.0							판정불가	일반	일반	1026.7067789838566	1026.7067789838566	9.55090248108185	9.55090248108185	N	N	10.491725393934592			29.483450787869184			411412.0722939266			206.3381029738843			1년	29.483450787869184	411412.0722939266	206.3381029738843	3.056589724497394	1.418537687435098			-14044.963863826157	-10.457903100391777	1년	1.418537687435098	보통(1~1.5)	1년	10.491725393934592	0.9103271504421337	헐값	N	주당FCF<=0	제외	하드필터 미통과	278325814.0	주당FCF 음수; fs=2025:CFS,2024:CFS,2022:NA,2020:NA
44	073240	금호타이어	직접추가	메인	7180.0		1209.0	574762190002.0	23370402051.0	732635884134.0	995816495352.0						판정불가	일반	일반	-468.2279387996295	-3934.8278846250682	6.326077699586128	9.193406025330908	Y	Y	6.896551724137923			22.293103448275843			26952.362068965496			275.38108731149714			1년	22.293103448275843	26952.362068965496	275.38108731149714		1.0901781564569017			2095.5020502990724	29.185265324499614	1년	1.0901781564569017	보통(1~1.5)	1년	6.896551724137923	0.9172812664399898	헐값	N	주당순현금<=0	제외	하드필터 미통과	287260287.0	주당순현금 음수(린치식); 주당순현금 음수(보수형); 단기위험부채 존재; fs=2025:CFS,2024:CFS,2022:CFS,2020:CFS
45	316140	우리금융지주	금융/은행	보정필요	33200.0	1360.0	4052.0	38499679000000.0	34245475000000.0	55583392000000.0							판정불가	금융보정	보정양호	23378.716262091115	23378.716262091115	2.423811386453328	2.423811386453328	N	N	2.5822784810126675			13.664556962025335			55368.78481012666			66.77344822327306			1년	13.664556962025335	55368.78481012666	66.77344822327306	4.096385542168675	2.755438835095985			17894.539902880944	53.8992165749426	1년	2.755438835095985	안심(>=2)	1년	2.5822784810126675	0.9386328408324129	헐값	Y	통과	양호	배당감안점수>=1.5 & 린치PER배수<1	734076320.0	린치식 단독판정 비중 낮춤; fs=2025:CFS,2024:CFS,2022:NA,2020:NA
46	069960	현대백화점	직접추가	메인	96200.0	2150.0	9572.0	279878097000.0	1384271000.0	850398528000.0	925684884000.0						판정불가	일반	일반	-25150.950692818045	-66058.30557705347	12.677700657419352	16.95134826337792	Y	Y	-681.8844984802432	13.23304981191371	24.719368231601415		34.96609962382742	57.93873646320283		334695.50559927605	554589.5854257775		247.91632598677342	476.4964505465462	3년	34.96609962382742	334695.50559927605	247.91632598677342	2.234927234927235	-53.60984531903785	1.2200932538810692	2.1261186231553926	17816.28700542092	18.52004886218391	3년	1.2200932538810692	보통(1~1.5)	3년	13.23304981191371	0.958033169799272	헐값	N	주당순현금<=0	제외	하드필터 미통과	22628813.0	주당순현금 음수(린치식); 주당순현금 음수(보수형); 단기위험부채 존재; fs=2025:CFS,2024:CFS,2022:CFS,2020:CFS
47	035420	NAVER	직접추가	메인	213500.0	2630.0	13009.0	5984018799741.0	5235312755210.0	1256361590806.0	132159574017.0						판정불가	일반	일반	63518.0261625246	62675.45458896267	11.529093230646122	11.593861588979733	N	N	2.416942213824602		10.610774201816863	13.333884427649204		29.721548403633726	173460.5025192885		386647.62318287115	-18.75386298862365		81.09958931282021	5년	29.721548403633726	386647.62318287115	81.09958931282021	1.2318501170960188	0.3164856296956263		1.0271947742978906	11325.425174978569	5.304648793900969	5년	1.0271947742978906	보통(1~1.5)	5년	10.610774201816863	1.086545902434906	보통	Y	통과	보류	중간구간(보류)	156852638.0	단기위험부채 존재; fs=2025:CFS,2024:CFS,2022:CFS,2020:CFS
48	021240	코웨이	직접추가	메인	99400.0	1940.0	8630.0	182190550994.0	2827952531.0	904957690609.0	910394928000.0						판정불가	일반	일반	-10011.790673154132	-22672.142564755995	12.678075396657489	14.145091838326303	Y	Y	10.06249202907792	10.977619808999673	9.097067548815364	28.62498405815584	30.455239617999347	26.694135097630728	247033.6124218849	262828.71790333436	230370.38589255317	148.52476098781176	164.41520915828406	131.76095160216613	3년	30.455239617999347	262828.71790333436	164.41520915828406	1.9517102615694164	0.9476361288886814	1.0198180454091512	0.8714869934673	-2804.5647658552634	-2.821493728224611	3년	1.0198180454091512	보통(1~1.5)	3년	10.977619808999673	1.1549020295149726	보통	N	주당순현금<=0 / 주당FCF<=0	제외	하드필터 미통과	71909133.0	주당순현금 음수(린치식); 주당순현금 음수(보수형); 단기위험부채 존재; 주당FCF 음수; fs=2025:CFS,2024:CFS,2022:CFS,2020:CFS
49	000100	유한양행	헬스케어	메인	81400.0	600.0	2599.0	348564938250.0	29513907780.0	105262499518.0	199841800000.0						판정불가	일반	일반	3411.5503159327723	912.5418633854255	30.007098762626864	30.96862567780476	N	N	175.60975609756096	25.052899606383704	-2.455406441809782	359.7195121951219	58.60579921276741	3.589187116380436	934911.0121951218	152316.4721539825	9328.297315472753	1048.539327021034	87.12097316214067	-88.54017528811701	3년	58.60579921276741	152316.4721539825	87.12097316214067	0.7371007371007371	5.8768379519014875	0.859463307249326	-0.05726330686954496	-353.25969258346265	-0.43397996631875013	3년	0.859463307249326	불리(<1)	3년	25.052899606383704	1.197749531354877	보통	N	주당FCF<=0	제외	하드필터 미통과	79968437.0	단기위험부채 존재; 주당FCF 음수; 1년 점수 과열 가능; 배당감안점수<1; fs=2025:CFS,2024:CFS,2022:CFS,2020:CFS
50	323410	카카오뱅크	직접추가	메인	21950.0	460.0	1008.0		5031536000000.0								판정불가	일반	일반	10548.040591320245	10548.040591320245	11.311467667341027	11.311467667341027	N	N	9.090909090909083			26.681818181818166			26895.27272727271			22.529716297369973			1년	26.681818181818166	26895.27272727271	22.529716297369973	2.0956719817767655	0.9889592934950646			12444.320071931525	56.69394110219373	1년	0.9889592934950646	불리(<1)	1년	9.090909090909083	1.244261443407514	보통	Y	통과	제외	배당감안점수<1	477011437.0	배당감안점수<1; fs=2025:OFS,2024:OFS,2022:NA,2020:NA
51	128940	한미약품	헬스케어	메인	473500.0	2000.0	13372.0	108273819495.0		91812500000.0	319500000000.0						판정불가	일반	일반	1284.9372460725326	-23654.585387266292	35.3137199187801	37.17877545522482	N	Y	39.77213337514372	26.231706206675454	68.07388619564503	88.04426675028743	60.96341241335091	144.64777239129006	1177327.9349848435	815202.7507913284	1934230.0124163306	148.6437032702943	72.16531167715488	308.4963067405133	3년	60.96341241335091	815202.7507913284	72.16531167715488	0.42238648363252373	1.1382125686906321	0.7547800897671256	1.9396504485173403	7534.569419649112	1.5912501414253668	3년	0.7547800897671256	불리(<1)	3년	26.231706206675454	1.3462227596081209	보통	Y	통과	제외	배당감안점수<1	12810991.0	주당순현금 음수(보수형); 단기위험부채 존재; 배당감안점수<1; fs=2025:CFS,2024:CFS,2022:CFS,2020:CFS
52	022100	포스코DX	직접추가	메인	21650.0	125.0	343.0	246949912811.0	5459116668.0	1166279518.0							판정불가	일반	일반	1652.5352570003922	1652.5352570003922	58.301646481048415	58.301646481048415	N	N	-40.86206896551724		43.180492810132876			94.86098562026575			32537.318067751152			50.28784326905844	5년	94.86098562026575	32537.318067751152	50.28784326905844	0.5773672055427251	-0.6909702245385041		0.750542440167613	902.5027073978604	4.168603729320371	5년	0.750542440167613	불리(<1)	5년	43.180492810132876	1.350184833170018	보통	Y	통과	제외	배당감안점수<1	152034729.0	배당감안점수<1; fs=2025:CFS,2024:CFS,2022:CFS,2020:CFS
53	064400	LG씨엔에스	직접추가	메인	74100.0	1850.0	4549.0	1140987852000.0	602021775000.0	159828598000.0	0.0						판정불가	일반	일반	16340.667162589976	16340.667162589976	12.69714944766103	12.69714944766103	N	N	8.827751196172251			26.155502392344502			118981.38038277514			60.56866448417697			1년	26.155502392344502	118981.38038277514	60.56866448417697	2.496626180836707	0.8918834438933887			3767.269821212876	5.084034846441129	1년	0.8918834438933887	불리(<1)	1년	8.827751196172251	1.4383220783529294	보통	Y	통과	제외	배당감안점수<1	96885948.0	배당감안점수<1; fs=2025:CFS,2024:CFS,2022:NA,2020:NA
54	008930	한미사이언스	직접추가	메인	52800.0	300.0	1748.0	127389343692.0	0.0	0.0	199600000000.0						판정불가	일반	일반	1862.6474131965133	-1055.8417861270873	29.14036189176401	30.80997813851664	N	Y	99.08883826879271	20.062307210120522	38.49990058066466	206.67767653758543	48.624614420241045	85.49980116132932	361272.57858769933	84995.82600658135	149453.65243000365	584.2283685373094	60.97694319428286	183.05615990530995	3년	48.624614420241045	84995.82600658135	60.97694319428286	0.5681818181818182	3.4198964466237727	0.7079695545625042	1.3406862462435087	667.8946648379807	1.2649520167386	3년	0.7079695545625042	불리(<1)	3년	20.062307210120522	1.4524930550890987	보통	Y	통과	제외	배당감안점수<1	68391550.0	주당순현금 음수(보수형); 단기위험부채 존재; 1년 점수 과열 가능; 배당감안점수<1; fs=2025:CFS,2024:CFS,2022:CFS,2020:CFS
55	090430	아모레퍼시픽	직접추가	메인	143300.0	1240.0	3421.0	524558265446.0	595819964751.0		256253631834.0						판정불가	일반	일반	19154.135475076495	14773.189248313625	36.28934946650789	37.56995344977678	N	N	-60.24866372298396	20.627708642947496	46.209846998093965		49.75541728589499	100.91969399618793		170213.28253504678	345246.2731609589		18.78107643757625	140.92552209417929	3년	49.75541728589499	170213.28253504678	18.78107643757625	0.8653175157013259	-1.6363849746628447	0.5922681578650267	1.2972170955349263	8421.099814611242	5.876552557300238	3년	0.5922681578650267	불리(<1)	3년	20.627708642947496	1.759252571124279	보통	Y	통과	제외	배당감안점수<1	58492759.0	단기위험부채 존재; 배당감안점수<1; fs=2025:CFS,2024:CFS,2022:CFS,2020:CFS
56	001800	오리온홀딩스	직접추가	메인	25550.0	1100.0	2011.0	353427526408.0	40225597539.0	23781543774.0							판정불가	일반	일반	5904.20765579646	5904.20765579646	9.769165760419462	9.769165760419462	N	N	-24.681647940074903	5.512222260013111	9.302936730683564		19.524444520026222	27.10587346136713		39263.65792977273	54509.911530809295		53.673807944315975	113.34603338868607	3년	19.524444520026222	39263.65792977273	53.673807944315975	4.305283757338552	-2.0857834417441032	1.0049482482043712	1.3929767210171502	5198.228152968624	20.345315667196182	3년	1.0049482482043712	보통(1~1.5)	3년	5.512222260013111	1.772273558576759	보통	Y	통과	보류	중간구간(보류)	62645422.0	fs=2025:CFS,2024:CFS,2022:CFS,2020:CFS
57	051600	한전KPS	원전/유틸리티	메인	45800.0	1651.0	2761.0	145552915316.0	253105895590.0								판정불가	일반	일반	8859.0846868	8859.0846868	13.379541946106484	13.379541946106484	N	N	-27.94885177453027	7.4435664015639835	7.368549852889328		23.38713280312797	23.237099705778654		64571.873669436325	64157.632287654866		40.986623732393724	40.08216656693202	3년	23.38713280312797	64571.873669436325	40.986623732393724	3.604803493449782	-1.8194978855882828	0.8257659297692848	0.8201591198368651	1565.3651230222222	3.4178277795245022	3년	0.8257659297692848	불리(<1)	3년	7.4435664015639835	1.7974639069915839	보통	Y	통과	제외	배당감안점수<1	45000000.0	배당감안점수<1; fs=2025:CFS,2024:CFS,2022:CFS,2020:CFS
58	034730	SK	직접추가	메인	573000.0	8000.0	29050.0	25214132000000.0	3449044000000.0	45546013000000.0	11714166000000.0						판정불가	일반	일반	-231053.85910201556	-391370.70990508975	27.67827397941534	33.196926330639926	Y	Y	-223.85418887230867	14.11831256779157	52.31072476454839		36.73662513558314	113.12144952909678		1067198.96018869	3286178.1088202614		86.24763703118501	473.50403295292523	3년	36.73662513558314	1067198.96018869	86.24763703118501	1.3961605584642234	-8.03727965404523	0.5605289237975638	1.9403986449066535	-54497.63687223273	-9.510931391314612	3년	0.5605289237975638	불리(<1)	3년	14.11831256779157	1.9604519907399147	보통	N	주당순현금<=0 / 주당FCF<=0	제외	하드필터 미통과	73068838.0	주당순현금 음수(린치식); 주당순현금 음수(보수형); 단기위험부채 존재; 주당FCF 음수; 배당감안점수<1; fs=2025:CFS,2024:CFS,2022:CFS,2020:CFS
59	207940	삼성바이오로직스	헬스케어	메인	1447000.0		24091.0	148851266520.0	1307174500000.0	918724421281.0							판정불가	일반	일반	11607.049188490424	11607.049188490424	59.582124063405814	59.582124063405814	N	N	58.274751987385855	28.169383318294948	45.91602063406175	125.04950397477171	64.8387666365899	100.3320412681235	3012567.600256225	1562030.7270420871	2417099.2061903635	108.19402904327747	7.9496010395360805	67.04210132621724	3년	64.8387666365899	1562030.7270420871	7.9496010395360805		0.9780576457021122	0.4727824622082588	0.7706341684831354	16692.97982791496	1.153626802205595	3년	0.4727824622082588	불리(<1)	3년	28.169383318294948	2.1151376794503514	매우 불리	Y	통과	제외	배당감안점수<1	46290951.0	배당감안점수<1; PER>연성장률의 2배; fs=2025:CFS,2024:CFS,2022:CFS,2020:CFS
60	079550	LIG넥스원	우주항공/방산	메인	652000.0	2950.0	11604.0	125190009682.0	74459447021.0	923361958512.0	603656788627.0						판정불가	일반	일반	-32896.0228095	-60334.96774709091	59.022408032531885	61.38701893718466	Y	Y	14.066647006782663	27.179527397785485	34.219216690902975	36.633294013565326	62.85905479557097	76.93843338180595	425092.74373341206	729416.4718478055	892793.5809624762	-34.80172642125582	11.873692001197167	36.931530822465675	3년	62.85905479557097	729416.4718478055	11.873692001197167	0.45245398773006135	0.24599303007952686	0.4681608613848047	0.5874323300994896	-39377.47379822727	-6.0394898463538755	3년	0.4681608613848047	불리(<1)	3년	27.179527397785485	2.171575950115338	매우 불리	N	주당순현금<=0 / 주당FCF<=0	제외	하드필터 미통과	22000000.0	주당순현금 음수(린치식); 주당순현금 음수(보수형); 단기위험부채 존재; 주당FCF 음수; 배당감안점수<1; PER>연성장률의 2배; fs=2025:CFS,2024:CFS,2022:CFS,2020:CFS
61	326030	에스케이바이오팜	직접추가	메인	86600.0		3409.0	307770519305.0	1711367837.0	0.0	0.0						판정불가	일반	일반	3951.8457878072995	3951.8457878072995	24.244105078378617	24.244105078378617	N	N	10.897852960312292			30.295705920624584			103278.06148340921			19.258731505091475			1년	30.295705920624584	103278.06148340921	19.258731505091475		0.44950526839743893			1874.8221177897738	2.164921614075951	1년	0.44950526839743893	불리(<1)	1년	10.897852960312292	2.224668030177191	매우 불리	Y	통과	제외	배당감안점수<1	78313250.0	배당감안점수<1; PER>연성장률의 2배; fs=2025:CFS,2024:CFS,2022:CFS,2020:CFS
62	012750	에스원	직접추가	메인	79200.0	3200.0	5281.0	217937111676.0	27694386215.0	36737106943.0							판정불가	일반	일반	5497.339730559434	5497.339730559434	13.956193953690695	13.956193953690695	N	N	1.033097378993686	5.738563246263584	4.672200779142521	10.566194757987372	19.97712649252717	17.844401558285043	55800.07451693131	105499.20500703598	94236.2846293033	-29.545360458420067	33.20606692807573	18.98520786528195	3년	19.97712649252717	105499.20500703598	33.20606692807573	4.040404040404041	0.36353044649799	0.7006901250524389	0.6242822970543862	4591.768535203577	5.797687544448961	3년	0.7006901250524389	불리(<1)	3년	5.738563246263584	2.432001418260514	매우 불리	Y	통과	제외	배당감안점수<1	37999178.0	배당감안점수<1; PER>연성장률의 2배; fs=2025:CFS,2024:CFS,2022:CFS,2020:CFS
63	443060	HD현대마린솔루션	직접추가	메인	210500.0	3950.0	6013.0	377924043510.0		9931501625.0							판정불가	일반	일반	8208.377954504365	8208.377954504365	33.64237852078757	33.64237852078757	N	N	13.36726998491704			35.23453996983408			211865.28883861232			0.6485932724999088			1년	35.23453996983408	211865.28883861232	0.6485932724999088	1.8764845605700713	0.45311167687112325			6828.081523113242	3.243744191502728	1년	0.45311167687112325	불리(<1)	1년	13.36726998491704	2.5167725765057445	매우 불리	Y	통과	제외	배당감안점수<1	44831335.0	배당감안점수<1; PER>연성장률의 2배; fs=2025:CFS,2024:CFS,2022:NA,2020:NA
64	033780	KT&G	필수소비재	메인	172500.0	6000.0	10228.0	913503000000.0		1062456000000.0	332978000000.0						판정불가	일반	일반	-1262.563450588038	-4084.9695293504915	16.988909214957765	17.26485818628769	Y	Y	-10.146710006149517	6.408926515670932	1.8767217197089403		21.317853031341862	12.25344343941788		218039.00080456457	125328.21949836609		26.399420756269308	-27.345959711092128	3년	21.317853031341862	218039.00080456457	26.399420756269308	3.4782608695652173	-0.39251779217897703	0.5819789405037873	0.3152046150531784	-776.4757168675206	-0.45013085035798295	3년	0.5819789405037873	불리(<1)	3년	6.408926515670932	2.6508197860307727	매우 불리	N	주당순현금<=0 / 주당FCF<=0	제외	하드필터 미통과	117976645.0	주당순현금 음수(린치식); 주당순현금 음수(보수형); 단기위험부채 존재; 주당FCF 음수; 배당감안점수<1; PER>연성장률의 2배; fs=2025:CFS,2024:CFS,2022:CFS,2020:CFS
65	030000	제일기획	직접추가	메인	18930.0	1230.0	2049.0	622369326472.0	216919787330.0	234763824456.0	4043255307.0						판정불가	일반	일반	5254.857894167939	5219.71175149604	6.674056664632533	6.691209491705202	N	N	0.0	2.315711686466715		8.5	13.13142337293343		17416.5	26906.286491140596		-7.9952456418383555	42.13569197644267		3년	13.13142337293343	26906.286491140596	42.13569197644267	6.497622820919176	0.973564227488759	1.3205363619535802		1492.008099731205	7.881712095780269	3년	1.3205363619535802	보통(1~1.5)	3년	2.315711686466715	2.8820758230122028	매우 불리	Y	통과	제외	린치PER배수>=2	115041225.0	단기위험부채 존재; PER>연성장률의 2배; fs=2025:CFS,2024:CFS,2022:CFS,2020:CFS
66	042700	한미반도체	반도체소부장	메인	230000.0	800.0	2256.0	276235377529.0	1620849416.0	1700783956.0							판정불가	일반	일반	2897.3777017947336	2897.3777017947336	100.66605598324702	100.66605598324702	N	N	41.97608558842039	33.93410123050573	17.576648487156234	92.45217117684078	76.36820246101146	43.65329697431247	208572.0981749528	172286.66475204186	98481.83797404893	-9.316479054368354	-25.09275445563397	-57.18180957650046	3년	76.36820246101146	172286.66475204186	-25.09275445563397	0.34782608695652173	0.42043875924194857	0.3405510127780063	0.17805877461908087	1415.2619637779844	0.6153312885991237	3년	0.3405510127780063	불리(<1)	3년	33.93410123050573	2.9665160511972326	매우 불리	Y	통과	제외	배당감안점수<1	95312200.0	배당감안점수<1; PER>연성장률의 2배; fs=2025:CFS,2024:CFS,2022:CFS,2020:CFS
67	010130	고려아연	소재	메인	1222000.0	20000.0	42566.0	3451069963536.0	1038402532013.0	2668945939951.0	3128688084125.0						판정불가	일반	일반	87219.33882994796	-62672.518151442666	26.65932108185059	30.180719779905154	N	Y	184.74145427787812	8.708371766163726	5.597910450753152	377.98290855575624	25.91674353232745	19.695820901506302	16089220.48558432	1103172.1051970504	838372.3124935173	1216.630154303136	-9.72405031120701	-31.393427782854555	3년	25.91674353232745	1103172.1051970504	-9.72405031120701	1.6366612111292964	6.991105096666992	0.3880456274760809	0.27137118907381613	-75274.78704653852	-6.15996620675438	3년	0.3880456274760809	불리(<1)	3년	8.708371766163726	3.061343934056084	매우 불리	N	주당FCF<=0	제외	하드필터 미통과	20872969.0	주당순현금 음수(보수형); 단기위험부채 존재; 주당FCF 음수; 1년 점수 과열 가능; 배당감안점수<1; PER>연성장률의 2배; fs=2025:CFS,2024:CFS,2022:CFS,2020:CFS
68	005380	현대자동차	직접추가	메인	383500.0	10000.0	36088.0	18360566000000.0	5857507000000.0	131240462000000.0	10388351000000.0						판정불가	일반	일반	-522678.0458231802	-573412.8785132379	25.110231817312684	26.516096168068	Y	Y	-24.20875774440827	8.159836431248424	45.92494426173537		24.819672862496848	100.34988852347074		895692.3542617862	3621426.777035012		133.55732836030933	844.3094594615415	3년	24.819672862496848	895692.3542617862	133.55732836030933	2.607561929595828	-0.860254734881385	0.4288052153075099	1.9327781019476538	-83323.46231986141	-21.72710881873831	3년	0.4288052153075099	불리(<1)	3년	8.159836431248424	3.077295976320314	매우 불리	N	주당순현금<=0 / 주당FCF<=0	제외	하드필터 미통과	204757766.0	주당순현금 음수(린치식); 주당순현금 음수(보수형); 단기위험부채 존재; 주당FCF 음수; 배당감안점수<1; PER>연성장률의 2배; fs=2025:CFS,2024:CFS,2022:CFS,2020:CFS
69	307950	현대오토에버	직접추가	메인	395000.0	1900.0	6654.0	301124937000.0	503550000000.0	137177596000.0							판정불가	일반	일반	24339.913182556786	24339.913182556786	55.70485224187605	55.70485224187605	N	N	6.840077071290951	17.005273141647017	18.824559086735636	22.1801541425819	42.51054628329403	46.14911817347127	147586.74566473998	282865.1749690385	307076.2323262778	-62.636266920318995	-28.388563298977587	-22.259181689549923	3년	42.51054628329403	282865.1749690385	-28.388563298977587	0.4810126582278481	0.13142642758892698	0.31390956256283853	0.34656894270425054	6801.802196340414	1.7219752395798518	3년	0.31390956256283853	불리(<1)	3년	17.005273141647017	3.275739929484064	매우 불리	Y	통과	제외	배당감안점수<1	27423982.0	배당감안점수<1; PER>연성장률의 2배; fs=2025:CFS,2024:CFS,2022:CFS,2020:CFS
70	028260	삼성물산	직접추가	메인	367000.0	2800.0	14955.0	3458217651048.0	2068618122746.0	1611322967337.0	981336899188.0						판정불가	일반	일반	23035.606644979205	17262.240061011005	22.999959435307307	23.386008688665264	N	N	9.328167263688858	6.272963576271873	18.957826688295864	27.156334527377716	21.045927152543747	46.41565337659173	406122.9828569337	314741.84056629176	694146.0962469293	10.66021331251601	-14.239280499648022	89.14062568036218	3년	21.045927152543747	314741.84056629176	-14.239280499648022	0.7629427792915531	0.43874468871842953	0.3059095115082066	0.8574262716878537	6578.623290328812	1.7925404060841448	3년	0.3059095115082066	불리(<1)	3년	6.272963576271873	3.6665220761534485	매우 불리	Y	통과	제외	배당감안점수<1	169976544.0	단기위험부채 존재; 배당감안점수<1; PER>연성장률의 2배; fs=2025:CFS,2024:CFS,2022:CFS,2020:CFS
71	007660	이수페타시스	직접추가	메인	111100.0	230.0	2278.0	162780032068.0	175712986992.0	105628209085.0							판정불가	일반	일반	3172.1466751335415	3172.1466751335415	47.37833771943216	47.37833771943216	N	N	94.53458582408199	12.033069515911986		197.56917164816397	32.56613903182397		450062.57301451755	74185.66471449501		305.0968253956054	-33.226224379392434		3년	32.56613903182397	74185.66471449501	-33.226224379392434	0.20702070207020704	1.999681945094795	0.25834781900678494		185.87558603504556	0.16730475790733174	3년	0.25834781900678494	불리(<1)	3년	12.033069515911986	3.937344304109703	매우 불리	Y	통과	제외	배당감안점수<1	73409219.0	1년 점수 과열 가능; 배당감안점수<1; PER>연성장률의 2배; fs=2025:CFS,2024:CFS,2022:CFS,2020:CFS
72	175330	JB금융지주	직접추가	메인	31000.0	1140.0	3619.0		3918901000000.0	14183144000000.0							판정불가	일반	일반	-54055.16269326126	-54055.16269326126	23.502393670423118	23.502393670423118	Y	Y	5.2340796743239215			18.968159348647845			68645.76868275655			121.43796349276306			1년	18.968159348647845	68645.76868275655	121.43796349276306	3.6774193548387095	0.3791741026097022					1년	0.3791741026097022	불리(<1)	1년	5.2340796743239215	4.4902628795880695	매우 불리	N	주당순현금<=0 / 주당FCF<=0	제외	하드필터 미통과	189884601.0	주당순현금 음수(린치식); 주당순현금 음수(보수형); 배당감안점수<1; PER>연성장률의 2배; fs=2025:CFS,2024:CFS,2022:NA,2020:NA
73	007070	GS리테일	직접추가	메인	25400.0	600.0	585.0	294440001357.0	139922954133.0	2214168472527.0							판정불가	일반	일반	-21287.651544267934	-21287.651544267934	79.80795135772297	79.80795135772297	Y	Y	-345.7983193277311	17.566734386037865	-23.182279339928648		43.63346877207573			25525.579231664302			0.4944064238751933		3년	43.63346877207573	25525.579231664302	0.4944064238751933	2.3622047244094486	-4.30328192568105	0.2497111975863142	-0.26087719658655856	8424.851248528614	33.16870570286856	3년	0.2497111975863142	불리(<1)	3년	17.566734386037865	4.543129622381879	매우 불리	N	주당순현금<=0	제외	하드필터 미통과	83607415.0	주당순현금 음수(린치식); 주당순현금 음수(보수형); 배당감안점수<1; PER>연성장률의 2배; fs=2025:CFS,2024:CFS,2022:CFS,2020:CFS
74	047810	한국항공우주	우주항공/방산	메인	126500.0	500.0	1907.0	60938581663.0	200000.0	1487227060504.0	492840000000.0						판정불가	일반	일반	-14632.333554052933	-19688.393661788952	74.00751628424379	76.65883254419977	Y	Y	8.045325779036826	16.21391673368946	20.01192023737235	24.590651558073652	40.92783346737892	48.5238404747447	46894.372521246456	78049.3784222916	92534.96378533814	-62.929349785575916	-38.300886622694385	-26.849830999732692	3년	40.92783346737892	78049.3784222916	-38.300886622694385	0.3952569169960474	0.11405034407065859	0.22442549736291584	0.27574465647502194	-11214.27678311756	-8.865040935270798	3년	0.22442549736291584	불리(<1)	3년	16.21391673368946	4.564444082192068	매우 불리	N	주당순현금<=0 / 주당FCF<=0	제외	하드필터 미통과	97475107.0	주당순현금 음수(린치식); 주당순현금 음수(보수형); 단기위험부채 존재; 주당FCF 음수; 배당감안점수<1; PER>연성장률의 2배; fs=2025:CFS,2024:CFS,2022:CFS,2020:CFS
75	280360	롯데웰푸드	직접추가	메인	145500.0	3300.0	8176.0	465769787384.0	60447985569.0	1114724963974.0							판정불가	일반	일반	-63249.23537832038	-63249.23537832038	25.531951489520594	25.531951489520594	Y	Y	-14.575279490126425		5.046315298946524			18.59263059789305			152013.34776837355			4.476527675858111	5년	18.59263059789305	152013.34776837355	4.476527675858111	2.268041237113402	-0.4820328073263197		0.28647855370797065	-12931.762180407184	-8.887809058699096	5년	0.28647855370797065	불리(<1)	5년	5.046315298946524	5.059523628032255	매우 불리	N	주당순현금<=0 / 주당FCF<=0	제외	하드필터 미통과	9304574.0	주당순현금 음수(린치식); 주당순현금 음수(보수형); 주당FCF 음수; 배당감안점수<1; PER>연성장률의 2배; fs=2025:CFS,2024:CFS,2022:CFS,2020:CFS
76	068270	셀트리온	헬스케어	메인	188100.0	750.0	4668.0	1119206211717.0									판정불가	일반	일반	4845.86731932615	4845.86731932615	39.25752628120691	39.25752628120691	N	N	127.9296875	6.22945826601542	3.8046169226709114	264.359375	20.95891653203084	16.109233845341823	1234029.5625	97836.22237151997	75197.90359005563	556.0497408293461	-47.987122609505604	-60.022379803266546	3년	20.95891653203084	97836.22237151997	-47.987122609505604	0.3987240829346092	3.268886854044268	0.16883851268343994	0.10707095947657086	1360.9075488767974	0.7235021525129173	3년	0.16883851268343994	불리(<1)	3년	6.22945826601542	6.301916572003524	매우 불리	Y	통과	제외	배당감안점수<1	230960969.0	1년 점수 과열 가능; 배당감안점수<1; PER>연성장률의 2배; fs=2025:CFS,2024:CFS,2022:CFS,2020:CFS
77	272210	한화시스템	우주항공/방산	메인	68800.0	500.0	1243.0	325483658125.0	164123075536.0	1615285782454.0	1474436243190.0						판정불가	일반	일반	-5958.515188681878	-13763.093908709392	60.143616402801186	66.42244079542188	Y	Y	-52.02624469316866		7.897266078384502			24.294532156769			30198.10347086387			-56.1074077458374	5년	24.294532156769	30198.10347086387	-56.1074077458374	0.7267441860465116	-0.8529500481572784		0.14339028445967128	-1268.1431386537038	-1.843231306182709	5년	0.14339028445967128	불리(<1)	5년	7.897266078384502	7.615751553239348	매우 불리	N	주당순현금<=0 / 주당FCF<=0	제외	하드필터 미통과	188919389.0	주당순현금 음수(린치식); 주당순현금 음수(보수형); 단기위험부채 존재; 주당FCF 음수; 배당감안점수<1; PER>연성장률의 2배; fs=2025:CFS,2024:CFS,2022:CFS,2020:CFS
78	450080	에코프로머티	직접추가	메인	35850.0		345.0	45037598354.0	777438041.0								판정불가	일반	일반	649.3175374808915	649.3175374808915	102.03096365947567	102.03096365947567	N	N	-155.8252427184466	5.476875138059767			19.453750276119536			6711.54384526124			-81.27881772591007		3년	19.453750276119536	6711.54384526124	-81.27881772591007		-1.5272348425376752	0.05367855934732345		-2943.2049268330334	-8.209776643885727	3년	0.05367855934732345	불리(<1)	3년	5.476875138059767	18.62941204382123	매우 불리	N	주당FCF<=0	제외	하드필터 미통과	70558754.0	주당FCF 음수; 배당감안점수<1; PER>연성장률의 2배; fs=2025:OFS,2024:OFS,2022:OFS,2020:NA
79	024110	IBK기업은행	금융/은행	보정필요	20700.0	1048.0	3183.0			203390126000000.0							판정불가	금융보정	보정보류	-255058.34950533815	-255058.34950533815	86.63473123007795	86.63473123007795	Y	Y	2.4790727623953623			13.458145524790725			42837.27720540888			106.94336814207186			1년	13.458145524790725	42837.27720540888	106.94336814207186	5.062801932367149	0.08705370914966393					1년	0.08705370914966393	불리(<1)	1년	2.4790727623953623	34.946425350730166	매우 불리	N	주당순현금<=0 / 주당FCF<=0	제외	하드필터 미통과	797425869.0	린치식 단독판정 비중 낮춤; 주당순현금 음수(린치식); 주당순현금 음수(보수형); 배당감안점수<1; PER>연성장률의 2배; fs=2025:CFS,2024:CFS,2022:NA,2020:NA
80	282330	BGF리테일	필수소비재	메인	147600.0	4100.0	11303.0	414042445266.0	56154402761.0		0.0						판정불가	일반	일반	27204.316433276137	27204.316433276137	10.651657397746073	10.651657397746073	N	N	0.017697548889472614	0.2966584171548048	9.736317603940137	8.535395097778945	9.09331683430961	27.972635207880273	96475.57079019542	102781.76017820151	316174.6957546707	-34.637147161114214	-30.36466112587973	114.21049847877418	3년	9.09331683430961	102781.76017820151	-30.36466112587973	2.7777777777777777	0.2624451033562892	0.28863453640399134	1.174849595178112	30299.629909466068	20.528204545708718	3년	0.28863453640399134	불리(<1)	3년	0.2966584171548048	35.9054615739682	매우 불리	Y	통과	제외	배당감안점수<1	17283906.0	배당감안점수<1; PER>연성장률의 2배; fs=2025:CFS,2024:CFS,2022:CFS,2020:CFS
81	204320	HL만도	직접추가	메인	48500.0	750.0	2130.0	799652317531.0		965892545521.0	659326263869.0						판정불가	일반	일반	-3540.256046154449	-17581.28462433386	24.43204509209129	31.02407728841965	Y	Y	-23.021322732200943	0.5378148348890388	76.60035963530261		9.575629669778078	161.70071927060522		20396.091196627305	344422.5320463891		-57.94620371829422	610.1495506111115	3년	9.575629669778078	20396.091196627305	-57.94620371829422	1.5463917525773196	-0.8789657557801048	0.08530626804307187	3.198535001606403	6770.8428804833	13.96050078450165	3년	0.08530626804307187	불리(<1)	3년	0.5378148348890388	45.428358437029864	매우 불리	N	주당순현금<=0	제외	하드필터 미통과	46957120.0	주당순현금 음수(린치식); 주당순현금 음수(보수형); 단기위험부채 존재; 배당감안점수<1; PER>연성장률의 2배; fs=2025:CFS,2024:CFS,2022:CFS,2020:CFS
82	192080	더블유게임즈	직접추가	메인	57200.0	1200.0	6651.0	569919505893.0	290204328298.0	53240025218.0							판정불가	일반	일반	37536.62715928326	37536.62715928326	2.9564535920488253	2.9564535920488253	N	N	-29.55195424213537		0.05119867759955099			8.602397355199102			57214.54480942923			0.0254279885126385	5년	8.602397355199102	57214.54480942923	0.0254279885126385	2.097902097902098	-9.286143444994037		0.7269184881783718	10978.50357230814	19.19318806347577	5년	0.7269184881783718	불리(<1)	5년	0.05119867759955099	57.74472565820241	매우 불리	Y	통과	제외	배당감안점수<1	21495906.0	배당감안점수<1; PER>연성장률의 2배; fs=2025:CFS,2024:CFS,2022:CFS,2020:CFS
83	003030	세아제강지주	직접추가	메인	103000.0	1800.0	15656.0	657858846224.0	16603582224.0	0.0							판정불가	일반	일반	162848.45134399107	162848.45134399107	-3.8227166162487904	-3.8227166162487904	N	N	47.712048306444	-38.977007618002915	29.936065767104946	103.924096612888		68.3721315342099	1627035.6565713745		1070434.0912995902	1479.6462685158976		939.2563993199906	3년				1.7475728155339807	-12.938343614524168	9.738999392270403	-8.288251984979702	-147158.44666591173	-142.87227831641914	3년	9.738999392270403	안심(>=2)	3년	-38.977007618002915		판정불가	N	주당FCF<=0 / 순현금차감PER<=0	제외	하드필터 미통과	4141657.0	주당FCF 음수; fs=2025:CFS,2024:CFS,2022:CFS,2020:CFS
84	006360	GS건설	직접추가	메인	34250.0	500.0	1073.0	3015810000000.0	301590000000.0								판정불가	일반	일반	38763.054954990854	38763.054954990854	-4.206015801482622	-4.206015801482622	N	N	-62.91047355686139	-35.490770024369326	-22.823533314849886										3년				1.4598540145985401	14.610173247709026	8.09101002373193	5.0793150355547025	3464.721168093708	10.115974213412287	3년	8.09101002373193	안심(>=2)	3년	-35.490770024369326		판정불가	N	순현금차감PER<=0	제외	하드필터 미통과	85581490.0	fs=2025:CFS,2024:CFS,2022:CFS,2020:CFS
85	285130	SK케미칼	직접추가	메인	55200.0	1150.0	2306.0	567555999965.0	950748039267.0	341978345417.0	477883213809.0						판정불가	일반	일반	68000.55528903044	40375.277635757375	-5.550978009119878	6.4287607824122395	N	N	92.16666666666666	-38.59552986089414	-34.69934418185778	192.83333333333331			444673.6666666666			705.5682367149759			3년				2.083333333333333	-16.978989980712168	6.577615055864706	5.875723304062557	-13324.604357906223	-24.13877601069968	3년	6.577615055864706	안심(>=2)	3년	-38.59552986089414		판정불가	N	주당FCF<=0 / 순현금차감PER<=0	제외	하드필터 미통과	17298766.0	단기위험부채 존재; 주당FCF 음수; fs=2025:CFS,2024:CFS,2022:CFS,2020:CFS
86	009240	한샘	직접추가	메인	37400.0	8530.0	2808.0	98241927402.0	251054722982.0	161476119968.0	96981921492.0						판정불가	일반	일반	7980.840700116019	3859.9000100620688	10.476908582579766	11.944480053396699	N	N	-69.38174681059863		-5.701809832138416										5년				22.807486631016044	-4.445420117249361		1.6327026874434785	2308.508445254018	6.172482473941225	5년	1.6327026874434785	양호(>=1.5)	5년	-5.701809832138416		판정불가	Y	통과	보류	배당감안점수 또는 린치PER배수 미산출	23533928.0	단기위험부채 존재; fs=2025:CFS,2024:CFS,2022:CFS,2020:CFS
87	000880	한화	직접추가	메인	137400.0	1100.0	4122.0	14684582000000.0	103264989000000.0	60168760000000.0							판정불가	일반	일반	770834.9267100092	770834.9267100092	-153.67174350073003	-153.67174350073003	N	N	-50.52808449351897	-33.7392629586393	7.803689278908865			24.107378557817732			99370.61441532469			-27.677864326546807	3년				0.8005822416302766	0.32359561438601403	0.21434441990861222	-0.05599124031867489	29660.332448246358	21.586850399014818	3년	0.21434441990861222	불리(<1)	3년	-33.7392629586393		판정불가	N	순현금차감PER<=0	제외	하드필터 미통과	74958735.0	배당감안점수<1; fs=2025:CFS,2024:CFS,2022:CFS,2020:CFS
88	383220	F&F	직접추가	메인	66900.0	2700.0	10611.0	325383761882.0	16380800000.0	136145710441.0	186267116479.0						판정불가	일반	일반	5367.64687570116	505.17391270411537	5.798921225548849	6.257169549269237	N	N	11.64772727272727	-2.8457492223840752		31.79545454545454	2.8085015552318495		337381.5681818181	29801.010002565155		404.3072768039135	-55.45439461499977		3년	2.8085015552318495	29801.010002565155	-55.45439461499977	4.0358744394618835	2.704572299256359	0.20523217522499917		8579.832305807739	12.824861443658802	3년	0.20523217522499917	불리(<1)	3년	-2.8457492223840752		판정불가	Y	통과	보류	배당감안점수 또는 린치PER배수 미산출	38307075.0	단기위험부채 존재; 1년 점수 과열 가능; 배당감안점수<1; fs=2025:CFS,2024:CFS,2022:CFS,2020:NA
89	300720	한일시멘트	직접추가	메인	16670.0	1000.0	1061.0	129285266021.0		337958155586.0	209542035372.0						판정불가	일반	일반	-2837.341716779947	-5686.501277561126	18.385807461621063	21.07116048780502	Y	Y	-60.067745577719236	-2.308290966967641	-43.43181980026135		3.883418066064718			4120.306568094666			-75.28310397063788		3년	3.883418066064718	4120.306568094666	-75.28310397063788	5.9988002399520095	-2.9407979742326753	0.2007259828369256	-2.0359736518751133	83.57535581957487	0.5013518645445403	3년	0.2007259828369256	불리(<1)	3년	-2.308290966967641		판정불가	N	주당순현금<=0	제외	하드필터 미통과	73545209.0	주당순현금 음수(린치식); 주당순현금 음수(보수형); 단기위험부채 존재; 배당감안점수<1; fs=2025:CFS,2024:CFS,2022:CFS,2020:CFS
90	268280	미원에스씨	직접추가	메인	130700.0	3200.0	12662.0	58959811112.0			34836825379.0						판정불가	일반	일반	11791.9622224	4824.5971466	9.390936485357763	9.941194349502448	N	N	13.418129702615555	-0.7008484463701614	13.343223272870098	35.33625940523111	7.098303107259677	35.186446545740196	447427.71658903634	89878.71394412204	445530.7861621624	242.33184130760242	-31.23281259057228	240.88047908352132	3년	7.098303107259677	89878.71394412204	-31.23281259057228	2.448355011476664	1.6895529789633925	0.18608437697680036	1.6815765189093552	6279.6343486	4.804616946136189	3년	0.18608437697680036	불리(<1)	3년	-0.7008484463701614		판정불가	Y	통과	보류	배당감안점수 또는 린치PER배수 미산출	5000000.0	단기위험부채 존재; 1년 점수 과열 가능; 배당감안점수<1; fs=2025:CFS,2024:CFS,2022:CFS,2020:CFS
91	271560	오리온	필수소비재	메인	126300.0	3500.0	9682.0	311390944459.0	31192701875.0	22097727513.0							판정불가	일반	일반	8106.152590268567	8106.152590268567	12.207585974977425	12.207585974977425	N	N	-27.04393037450079	-0.8262042047842644	7.4207333275822185		6.847591590431471	23.34146665516444		66298.38177855751	225992.0801553021		-47.50721949441211	78.93276338503729	3년	6.847591590431471	66298.38177855751	-47.50721949441211	2.771179730799683	-1.9883333767588716	0.15932515486699372	0.8348835780696395	9890.016867456836	7.8305755086752455	3년	0.15932515486699372	불리(<1)	3년	-0.8262042047842644		판정불가	Y	통과	보류	배당감안점수 또는 린치PER배수 미산출	39536132.0	배당감안점수<1; fs=2025:CFS,2024:CFS,2022:CFS,2020:CFS
92	088350	한화생명	직접추가	메인	5740.0	150.0	693.0	3103115000000.0	104518986000000.0								판정불가	일반	일반	123912.9344985205	123912.9344985205	-170.52371500508008	-170.52371500508008	N	N	-25.96153846153846												1년				2.6132404181184667	0.13692111999040382					1년	0.13692111999040382	불리(<1)	1년	-25.96153846153846		판정불가	N	주당FCF<=0 / 순현금차감PER<=0	제외	하드필터 미통과	868530000.0	배당감안점수<1; fs=2025:CFS,2024:CFS,2022:NA,2020:NA
93	000810	삼성화재해상보험	직접추가	메인	663000.0	19500.0	47478.0		11734007737216.0								판정불가	일반	일반	255025.28109142228	255025.28109142228	8.592921330059768	8.592921330059768	N	N	-2.667131347506102			3.165737304987796			150302.87576621058			-77.32988299152179			1년	3.165737304987796	150302.87576621058	-77.32988299152179	2.941176470588235	0.031891962297323495			72732.0784920961	10.970147585534857	1년	0.031891962297323495	불리(<1)	1년	-2.667131347506102		판정불가	Y	통과	보류	배당감안점수 또는 린치PER배수 미산출	46011155.0	배당감안점수<1; fs=2025:CFS,2024:CFS,2022:NA,2020:NA
94	005830	DB손해보험	직접추가	메인	195700.0	7600.0	29597.0	1713419000000.0	38577437000000.0								판정불가	일반	일반	580693.762250663	580693.762250663	-13.007864386615637	-13.007864386615637	N	N	-4.024255788313125			0.4514884233737497			13362.70286659287			-93.17184319540476			1년	0.4514884233737497	13362.70286659287	-93.17184319540476	3.8834951456310676	0.010821195432118156					1년	0.010821195432118156	불리(<1)	1년	-4.024255788313125		판정불가	N	주당FCF<=0 / 순현금차감PER<=0	제외	하드필터 미통과	69384000.0	배당감안점수<1; fs=2025:CFS,2024:CFS,2022:NA,2020:NA
95	298020	효성티앤씨	직접추가	메인	347000.0	10100.0	2517.0	78332153321.0		1022720440533.0							판정불가	일반	일반	-218220.35149809992	-218220.35149809992	224.56112494958282	224.56112494958282	Y	Y	-91.92622293504411	-2.1428862261368864	-39.74816600029081		4.214227547726227			10607.210737626914			-96.94316693440148		3년	4.214227547726227	10607.210737626914	-96.94316693440148	2.910662824207493	-0.3963979078338777	0.0034190094044237763	-0.16404220981861337	-681.4700322251034	-0.1963890582781278	3년	0.0034190094044237763	불리(<1)	3년	-2.1428862261368864		판정불가	N	주당순현금<=0 / 주당FCF<=0	제외	하드필터 미통과	4327682.0	주당순현금 음수(린치식); 주당순현금 음수(보수형); 주당FCF 음수; 배당감안점수<1; fs=2025:CFS,2024:CFS,2022:CFS,2020:CFS
96	241560	두산밥캣	직접추가	메인	62800.0	1700.0	2.95	1389744000.0	5896000.0	976095000.0	54294000.0						판정불가	일반	일반	4.376822687223808	3.810410953130613	21286.651924512804	21286.843928490463	N	N	-28.743961352657	-92.28374718011123	-73.96450801980052										3년				2.7070063694267517	-0.001223158769897825	-0.004208117891359501	-0.0033475204040103955	6.059063659665145	0.009648190540868065	3년	-0.004208117891359501	불리(<1)	3년	-92.28374718011123		판정불가	Y	통과	보류	배당감안점수 또는 린치PER배수 미산출	95856065.0	단기위험부채 존재; 1년 점수 과열 가능; 배당감안점수<1; fs=2025:CFS,2024:CFS,2022:CFS,2020:CFS
97	014680	한솔케미칼	직접추가	메인	193100.0	2600.0	13428.0	112551479633.0	97254225348.0	138153315888.0	52809626645.0						판정불가	일반	일반	6321.231270657452	1662.3236254868134	13.909649145765755	14.256603840818677	N	N	22.295081967213104	-1.612254890420728	3.943248256290177	53.09016393442621	5.275490219158544	16.386496512580354	712894.7213114752	70839.28266286093	220037.875170929	269.1842161115873	-63.31471638381101	13.95022018173433	3년	5.275490219158544	70839.28266286093	-63.31471638381101	1.3464526152252718	1.6996499577155122	-0.019109200556389958	0.3802900286040421	10281.03332708436	5.32420161941189	3년	-0.019109200556389958	불리(<1)	3년	-1.612254890420728		판정불가	Y	통과	보류	배당감안점수 또는 린치PER배수 미산출	11335195.0	단기위험부채 존재; 1년 점수 과열 가능; 배당감안점수<1; fs=2025:CFS,2024:CFS,2022:CFS,2020:CFS
98	003670	포스코퓨처엠	2차전지	메인	183600.0	250.0	51.0	319841457995.0	455490703002.0	75416813902.0	2985898850806.0						판정불가	일반	일반	7868.972364368042	-25700.738083203534	3445.7064242280776	4103.936040847128	N	Y	-101.85319767441861	-67.79595834778358	-36.26680545246004										3년				0.13616557734204793	-0.029519935703710937	-0.019635971391729633	-0.010485698845690877	-17346.109652439416	-9.447772141851534	3년	-0.019635971391729633	불리(<1)	3년	-67.79595834778358		판정불가	N	주당FCF<=0	제외	하드필터 미통과	88946220.0	주당순현금 음수(보수형); 단기위험부채 존재; 주당FCF 음수; 1년 점수 과열 가능; 배당감안점수<1; fs=2025:CFS,2024:CFS,2022:CFS,2020:CFS
99	026960	동서	직접추가	메인	25450.0	1140.0	1468.0	38923278454.0	723123250000.0	100000000.0	1896791452.0						판정불가	일반	일반	7642.392461925778	7623.367472437312	12.130522846099607	12.143482648203467	N	N	-7.90464240903388	-4.791896569068244	4.358606974752632			17.217213949505265			25274.87007787373			-0.688133289297721	3년				4.479371316306483	-0.28236796848610224	-0.025763543478445262	0.7285735662993982	1043.7561603209629	4.101202987508695	3년	-0.025763543478445262	불리(<1)	3년	-4.791896569068244		판정불가	Y	통과	보류	배당감안점수 또는 린치PER배수 미산출	99700000.0	단기위험부채 존재; 배당감안점수<1; fs=2025:CFS,2024:CFS,2022:CFS,2020:CFS
100	457190	이수스페셜티케미컬	직접추가	메인	63300.0		26.0	26339571000.0	550236000.0	1431768000.0							판정불가	일반	일반	842.7503651316791	842.7503651316791	2402.201909033397	2402.201909033397	N	N	-92.73743016759776												1년					-0.03860517711640386			-1474.6892904859199	-2.3296829233584835	1년	-0.03860517711640386	불리(<1)	1년	-92.73743016759776		판정불가	N	주당FCF<=0	제외	하드필터 미통과	30208280.0	주당FCF 음수; 배당감안점수<1; fs=2025:CFS,2024:OFS,2022:NA,2020:NA
101	034020	두산에너빌리티	전력/에너지설비	메인	79200.0		132.0	3080997000000.0	107870000000.0	3096393000000.0	1883572000000.0						판정불가	일반	일반	144.364047956165	-2796.1389965416356	598.9063329700291	621.1828711859215	N	Y	-24.13793103448276												1년					-0.04030334913104131			83.81713492188614	0.10582971581046229	1년	-0.04030334913104131	불리(<1)	1년	-24.13793103448276		판정불가	Y	통과	보류	배당감안점수 또는 린치PER배수 미산출	640561146.0	주당순현금 음수(보수형); 단기위험부채 존재; 배당감안점수<1; fs=2025:CFS,2024:CFS,2022:CFS,2020:CFS
102	009150	삼성전기	직접추가	메인	1401000.0	2350.0	9395.0	2701205916236.0		249136193271.0	2003354614634.0						판정불가	일반	일반	32828.335646491505	6007.402663954398	145.6276385687609	148.48244782714696	N	N	4.528259902091669	-10.207342192334501	3.285033400534343	17.55651980418334		15.070066801068686	164943.50356030246		141583.2775960403	-88.22673065236955		-89.89412722369448	3년				0.16773733047822983	0.03224660702269503	-0.06894024349035831	0.023709584011295224			3년	-0.06894024349035831	불리(<1)	3년	-10.207342192334501		판정불가	N	주당FCF<=0	제외	하드필터 미통과	74693696.0	단기위험부채 존재; 1년 점수 과열 가능; 배당감안점수<1; fs=2025:CFS,2024:CFS,2022:CFS,2020:CFS
103	000720	현대건설	직접추가	메인	119700.0	800.0	3319.0	4812659000000.0	700784000000.0	579678000000.0	1194728000000.0						판정불가	일반	일반	44306.32756193628	33577.399427860786	22.71577958362872	25.948358111521305	N	N	-321.1192538307795	-3.003815607902416	24.7843511038494		2.4923687841951683	58.0687022076988		8272.171994743763	192730.0226273523		-93.08924645384815	61.01087938793008	3년	2.4923687841951683	8272.171994743763	-93.08924645384815	0.6683375104427736	-14.106974191248357	-0.1028130286641284	1.120484926374085	-7760.002367187725	-6.482875828895343	3년	-0.1028130286641284	불리(<1)	3년	-3.003815607902416		판정불가	N	주당FCF<=0	제외	하드필터 미통과	111355765.0	단기위험부채 존재; 주당FCF 음수; 배당감안점수<1; fs=2025:CFS,2024:CFS,2022:CFS,2020:CFS
104	377300	카카오페이	직접추가	메인	47300.0		335.0	1631491473258.0	2303511051026.0	95911725899.0	38914909706.0						판정불가	일반	일반	28407.16665292835	28119.217661003742	56.39651745394522	57.25606668357092	N	N	-428.4313725490196	-6.283340638970736											3년					-7.5967700115328425	-0.11141362840536857		721.2173895844579	1.5247724938360634	3년	-0.11141362840536857	불리(<1)	3년	-6.283340638970736		판정불가	Y	통과	보류	배당감안점수 또는 린치PER배수 미산출	135145150.0	단기위험부채 존재; 배당감안점수<1; fs=2025:CFS,2024:CFS,2022:CFS,2020:NA
105	032640	LG유플러스	통신	보정필요	14760.0	660.0	1221.0	794318000000.0	96103000000.0	6032435000000.0	0.0						판정불가	통신보정	보정주의	-11962.94739559469	-11962.94739559469	21.886115803107852	21.886115803107852	Y	Y	40.18369690011481	-7.505357255026945	16.093370483592317	88.86739380022962		40.68674096718463	108507.08783008037		49678.510720932434	635.1428714775093		236.5752758870761	3년				4.471544715447155	2.040345670163221	-0.13861813429448208	0.9396329336847989	2279.814694868141	15.445899016721823	3년	-0.13861813429448208	불리(<1)	3년	-7.505357255026945		판정불가	N	주당순현금<=0	제외	하드필터 미통과	429828355.0	린치식 단독판정 비중 낮춤; 주당순현금 음수(린치식); 주당순현금 음수(보수형); 1년 점수 과열 가능; 배당감안점수<1; fs=2025:CFS,2024:CFS,2022:CFS,2020:CFS
106	001040	CJ	직접추가	메인	131400.0	3300.0	4321.0	2587324564000.0	1114436500000.0	6845375033000.0	4564809586000.0						판정불가	일반	일반	-107742.88598847626	-264195.22512220073	55.34433834493781	91.5517762374915	Y	Y	44.370197126628796	-10.479231651272991	10.856012353166022	97.24039425325759		30.212024706332045	420175.74356832606		130546.15875606076	219.76845020420552		-0.6498030775793362	3년				2.5114155251141552	0.8470895859220454	-0.14396804378613787	0.2415319846262623	55371.62013720534	42.13974135251548	3년	-0.14396804378613787	불리(<1)	3년	-10.479231651272991		판정불가	N	주당순현금<=0	제외	하드필터 미통과	29176998.0	주당순현금 음수(린치식); 주당순현금 음수(보수형); 단기위험부채 존재; 1년 점수 과열 가능; 배당감안점수<1; fs=2025:CFS,2024:CFS,2022:CFS,2020:CFS
107	005930	삼성전자	반도체	메인	255500.0	1668.0	6605.0	57856378000000.0	67965021000000.0	6486651000000.0	17574980000000.0						판정불가	일반	일반	20159.129590764183	17190.201384077154	35.63071467210232	36.080211751085976	N	N	33.43434343434344	-6.409201466872028	11.451444833603809	75.36868686868688		31.402889667207617	497810.17676767684		207416.08625190632	94.83764257051932		-18.819535713539604	3년				0.6528375733855186	0.9566796883369308	-0.16155622884526513	0.3397148364376363	5602.031650745953	2.192575988550275	3년	-0.16155622884526513	불리(<1)	3년	-6.409201466872028		판정불가	Y	통과	보류	배당감안점수 또는 린치PER배수 미산출	5919637922.0	단기위험부채 존재; 1년 점수 과열 가능; 배당감안점수<1; fs=2025:CFS,2024:CFS,2022:CFS,2020:CFS
108	161890	한국콜마	직접추가	메인	145800.0	864.0	5299.0	225316644282.0	284826044.0	476529423888.0	829915405830.0						판정불가	일반	일반	-10630.253549352963	-45788.59706291151	29.520712124807126	36.155613712570585	Y	Y	38.35509138381201		-5.429179724160593	85.21018276762402			451528.7584856397			209.69050650592573			5년				0.5925925925925926	1.319334161443745		-0.16383707517352447	4731.724715873624	3.2453530287199066	5년	-0.16383707517352447	불리(<1)	5년	-5.429179724160593		판정불가	N	주당순현금<=0	제외	하드필터 미통과	23605077.0	주당순현금 음수(린치식); 주당순현금 음수(보수형); 단기위험부채 존재; 배당감안점수<1; fs=2025:CFS,2024:CFS,2022:CFS,2020:CFS
109	004170	신세계	직접추가	메인	382500.0	5200.0	1590.0	845128179533.0	3188808721.0	2404267280398.0	2154639015848.0						판정불가	일반	일반	-161318.93140667863	-384709.14210858254	342.0244851614331	482.52147302426573	Y	Y	-86.49796195652173	-66.22887992742359											3년				1.3594771241830066	-0.2489251165516819	-0.18966303764077797		50780.68871201069	13.275997048891682	3년	-0.18966303764077797	불리(<1)	3년	-66.22887992742359		판정불가	N	주당순현금<=0	제외	하드필터 미통과	9645181.0	주당순현금 음수(린치식); 주당순현금 음수(보수형); 단기위험부채 존재; 1년 점수 과열 가능; 배당감안점수<1; fs=2025:CFS,2024:CFS,2022:CFS,2020:CFS
110	008730	율촌화학	직접추가	메인	16260.0	250.0	168.0	23775188232.0	161779800.0	131712944797.0	113904302896.0						판정불가	일반	일반	-4345.805514717742	-8938.72095407258	122.65360425427228	149.99238663138442	Y	Y	-82.87461773700306		-27.064834063200415										5년				1.5375153751537516	-0.6631448203774752		-0.20812530412988245	-316.2289210887097	-1.9448273129686944	5년	-0.20812530412988245	불리(<1)	5년	-27.064834063200415		판정불가	N	주당순현금<=0 / 주당FCF<=0	제외	하드필터 미통과	24800000.0	주당순현금 음수(린치식); 주당순현금 음수(보수형); 단기위험부채 존재; 주당FCF 음수; 배당감안점수<1; fs=2025:CFS,2024:CFS,2022:CFS,2020:CFS
111	103140	풍산	직접추가	메인	78400.0	1700.0	5388.0	239069532140.0	18564061989.0	421550501295.0	535368466545.0						판정불가	일반	일반	-5849.103665257674	-24952.841736404414	15.636433493923102	19.18204189614039	Y	Y	-37.65332099051145	-5.551366378147627	15.984603902585516			40.46920780517103			218048.09165426152			178.12256588553765	3년				2.1683673469387754	-2.269376431483781	-0.21635362261628333	1.1609406490667586			3년	-0.21635362261628333	불리(<1)	3년	-5.551366378147627		판정불가	N	주당순현금<=0 / 주당FCF<=0	제외	하드필터 미통과	28024278.0	주당순현금 음수(린치식); 주당순현금 음수(보수형); 단기위험부채 존재; 배당감안점수<1; fs=2025:CFS,2024:CFS,2022:CFS,2020:CFS
112	066570	LG전자	직접추가	메인	201500.0	1350.0	5380.0	8769841000000.0	226864000000.0								판정불가	일반	일반	55233.007286238106	55233.007286238106	27.18717336687024	27.18717336687024	N	N	157.90987535953977	-6.773782148657093	-13.211093618974335	324.31975071907954			1744840.258868648			765.9256867834481			3년				0.6699751861042184	5.832892165939041	-0.22451053959110198	-0.4612880590283239	2290.6763841474362	1.1368121013138641	3년	-0.22451053959110198	불리(<1)	3년	-6.773782148657093		판정불가	Y	통과	보류	배당감안점수 또는 린치PER배수 미산출	162886387.0	1년 점수 과열 가능; 배당감안점수<1; fs=2025:CFS,2024:CFS,2022:CFS,2020:CFS
113	093370	후성	직접추가	메인	12500.0		50.0	67697035372.0	6532556311.0	163041804446.0	95387151720.0						판정불가	일반	일반	-828.0447485733343	-1717.3912427755338	266.5608949714667	284.3478248555107	Y	Y	-107.48502994011977	-63.71940165586019	-5.111991994525078										3년					-0.4032288005021337	-0.2390425709768151	-0.019177576647438393	3.33571650938	0.02668573207504	3년	-0.2390425709768151	불리(<1)	3년	-63.71940165586019		판정불가	N	주당순현금<=0	제외	하드필터 미통과	107255330.0	주당순현금 음수(린치식); 주당순현금 음수(보수형); 단기위험부채 존재; 1년 점수 과열 가능; 배당감안점수<1; fs=2025:CFS,2024:CFS,2022:CFS,2020:CFS
114	016360	삼성증권	직접추가	메인	86800.0	4000.0	11279.0	3379830380886.0	70613319064436.0	4076142290150.0							판정불가	일반	일반	782945.2089045016	782945.2089045016	-61.72047246249682	-61.72047246249682	N	N	12.028208184346445			32.556416368692894			367203.82022248715			323.0458758323585			1년	32.556416368692894	367203.82022248715	323.0458758323585	4.6082949308755765	-0.26954594563952583					1년	-0.26954594563952583	불리(<1)	1년	12.028208184346445		판정불가	N	주당FCF<=0 / 순현금차감PER<=0	제외	하드필터 미통과	89300000.0	배당감안점수<1; fs=2025:CFS,2024:CFS,2022:NA,2020:NA
115	001430	세아베스틸지주	철강	watchlist	42350.0	1200.0	1567.0	232872225511.0	13022996803.0	1004860666577.0	664568218048.0						판정불가	일반	일반	-21163.42997643279	-39694.63327894818	40.53186341827236	52.357774906795264	Y	Y	177.83687943262413	-15.225348963483798		364.17375886524826			570660.2801418441			1247.485903522654			3년				2.833530106257379	4.457490830718447	-0.30573030233887555		-2464.44276371399	-5.819227305109776	3년	-0.30573030233887555	불리(<1)	3년	-15.225348963483798		판정불가	N	주당순현금<=0 / 주당FCF<=0	제외	하드필터 미통과	35862119.0	린치식 단독판정 비중 낮춤; 주당순현금 음수(린치식); 주당순현금 음수(보수형); 단기위험부채 존재; 주당FCF 음수; 1년 점수 과열 가능; 배당감안점수<1; fs=2025:CFS,2024:CFS,2022:CFS,2020:CFS
116	047050	포스코인터내셔널	에너지/상사	watchlist	54700.0	1850.0	3603.0	1171465925000.0	32399478000.0	3152207468000.0	2325933168000.0						판정불가	일반	일반	-11074.984015146463	-24296.313636184528	18.25561587986302	21.925149496581884	Y	Y	19.344153693275913	-8.992163844445855	13.250872999134566	47.18830738655183		35.00174599826913	170019.47151374622		126111.29083176368	210.8217029501759		130.55080590816027	3년				3.3820840950639854	1.2448902265416435	-0.30730706574353955	0.9111145416104887	5016.375456714567	9.17070467406685	3년	-0.30730706574353955	불리(<1)	3년	-8.992163844445855		판정불가	N	주당순현금<=0	제외	하드필터 미통과	175922788.0	린치식 단독판정 비중 낮춤; 주당순현금 음수(린치식); 주당순현금 음수(보수형); 단기위험부채 존재; 1년 점수 과열 가능; 배당감안점수<1; fs=2025:CFS,2024:CFS,2022:CFS,2020:CFS
117	017670	SK텔레콤	통신	보정필요	92500.0	1660.0	1825.0	1490024000000.0	186643000000.0	8712284000000.0	130000000000.0						판정불가	통신보정	보정주의	-32755.78594880276	-33361.02812917505	68.63330736920699	68.96494692009591	Y	Y	-68.42560553633218	-23.75836950489595	-38.33216341204368										3년				1.7945945945945945	-0.9708261702048216	-0.3200162683716976	-0.5323591448230576	7451.904674561442	8.056113161688046	3년	-0.3200162683716976	불리(<1)	3년	-23.75836950489595		판정불가	N	주당순현금<=0	제외	하드필터 미통과	214790053.0	린치식 단독판정 비중 낮춤; 주당순현금 음수(린치식); 주당순현금 음수(보수형); 단기위험부채 존재; 배당감안점수<1; fs=2025:CFS,2024:CFS,2022:CFS,2020:CFS
118	032830	삼성생명	직접추가	메인	297500.0	5300.0	12824.0	4537833000000.0	132160246000000.0								판정불가	일반	일반	683490.395	683490.395	-30.09906386462882	-30.09906386462882	N	N	9.307875894988072			27.115751789976144			347732.4009546541			16.88484065702658			1년	27.115751789976144	347732.4009546541	16.88484065702658	1.781512605042017	-0.36842968106599094					1년	-0.36842968106599094	불리(<1)	1년	9.307875894988072		판정불가	N	주당FCF<=0 / 순현금차감PER<=0	제외	하드필터 미통과	200000000.0	배당감안점수<1; fs=2025:CFS,2024:CFS,2022:NA,2020:NA
119	029780	삼성카드	직접추가	메인	46150.0	2800.0	6053.0		29504306000000.0	18053189000000.0							판정불가	일반	일반	98836.75651616586	98836.75651616586	-8.704238644666423	-8.704238644666423	N	N	-2.8098908156711677			2.8802183686576646			17433.961785484844			-62.223268070455376			1년	2.8802183686576646	17433.961785484844	-62.223268070455376	6.067172264355363	-0.374217847379462					1년	-0.374217847379462	불리(<1)	1년	-2.8098908156711677		판정불가	N	주당FCF<=0 / 순현금차감PER<=0	제외	하드필터 미통과	115858891.0	배당감안점수<1; fs=2025:CFS,2024:CFS,2022:NA,2020:NA
120	081660	미스토홀딩스	직접추가	메인	41400.0	1980.0	4061.0	625567094487.0	7474935386.0	1662319967352.0							판정불가	일반	일반	-19386.744506858304	-19386.744506858304	14.968417755936544	14.968417755936544	Y	Y	186.591390261115	-10.790250426997183	11.983680556282028	381.68278052223		32.467361112564056	1550013.7717007762		131849.95347812262	3643.994617634725		218.47814849788074	3년				4.782608695652174	12.785185587225302	-0.4013544937949337	1.1201109913761336	5893.732083819284	14.23606783531228	3년	-0.4013544937949337	불리(<1)	3년	-10.790250426997183		판정불가	N	주당순현금<=0	제외	하드필터 미통과	53091840.0	주당순현금 음수(린치식); 주당순현금 음수(보수형); 1년 점수 과열 가능; 배당감안점수<1; fs=2025:CFS,2024:CFS,2022:CFS,2020:CFS
121	138040	메리츠금융지주	직접추가	메인	135500.0	1350.0	12903.0		57255930460341.0								판정불가	일반	일반	326762.6475868441	326762.6475868441	-14.823114592485787	-14.823114592485787	N	N	5.253283302063783			19.006566604127563			245241.72889305794			80.990205825135			1년	19.006566604127563	245241.72889305794	80.990205825135	0.996309963099631	-0.4216113439702808					1년	-0.4216113439702808	불리(<1)	1년	5.253283302063783		판정불가	N	주당FCF<=0 / 순현금차감PER<=0	제외	하드필터 미통과	175221773.0	배당감안점수<1; fs=2025:CFS,2024:CFS,2022:NA,2020:NA
122	023530	롯데쇼핑	직접추가	메인	107500.0	4000.0	1824.0	571525104252.0		9833740433980.0							판정불가	일반	일반	-327416.85979916755	-327416.85979916755	238.44126085480676	238.44126085480676	Y	Y	-105.26042567918326												1년				3.7209302325581395	-0.4258469993096338			36267.714863697605	33.737409175532655	1년	-0.4258469993096338	불리(<1)	1년	-105.26042567918326		판정불가	N	주당순현금<=0	제외	하드필터 미통과	28288755.0	주당순현금 음수(린치식); 주당순현금 음수(보수형); 배당감안점수<1; fs=2025:CFS,2024:CFS,2022:CFS,2020:CFS
123	006260	LS	직접추가	메인	299500.0	2500.0	9903.0	2086611000000.0	856757000000.0	2796384000000.0	5804770000000.0						판정불가	일반	일반	4636.719242902208	-178479.05362776027	29.775147001625548	48.26608640086441	N	Y	14.129307364296405	-15.509731147342876	16.589235636822398	36.75861472859281		41.678471273644796	364020.5616572546		412741.90102290444	21.542758483223558		37.810317536862925	3년				0.8347245409015025	0.5025678598456947	-0.4928609288021384	0.5851846903315927	-31030.6309148265	-10.360811657705007	3년	-0.4928609288021384	불리(<1)	3년	-15.509731147342876		판정불가	N	주당FCF<=0	제외	하드필터 미통과	31700000.0	주당순현금 음수(보수형); 단기위험부채 존재; 주당FCF 음수; 1년 점수 과열 가능; 배당감안점수<1; fs=2025:CFS,2024:CFS,2022:CFS,2020:CFS
124	000150	두산	직접추가	메인	1142000.0	4000.0	4194.0	4927903000000.0	175670000000.0	4309343000000.0	3985915000000.0						판정불가	일반	일반	49045.20763611584	-197092.59727544463	260.59961668189896	319.2876960599534	N	Y	-133.60576923076923												1년				0.3502626970227671	-0.5113419130481871			5159.062075166259	0.4517567491389018	1년	-0.5113419130481871	불리(<1)	1년	-133.60576923076923		판정불가	Y	통과	보류	배당감안점수 또는 린치PER배수 미산출	16193835.0	주당순현금 음수(보수형); 단기위험부채 존재; 배당감안점수<1; fs=2025:CFS,2024:CFS,2022:CFS,2020:CFS
125	014820	동원시스템즈	직접추가	메인	21700.0	600.0	1884.0	158748112816.0	38387113087.0	134729679435.0	120000000000.0						판정불가	일반	일반	2152.5625002716333	-1986.6128559613196	10.375497611320789	12.572512131614289	N	Y	-25.386138613861387	-8.631888523856201	-1.217505302346611			6.064989395306778			11426.44002075797			-47.343594374387244	3년				2.7649769585253456	-2.1802483603922678	-0.5654583312639793	0.14914674111536355	2395.320646013515	11.038343990845693	3년	-0.5654583312639793	불리(<1)	3년	-8.631888523856201		판정불가	Y	통과	보류	배당감안점수 또는 린치PER배수 미산출	28991282.0	주당순현금 음수(보수형); 단기위험부채 존재; 배당감안점수<1; fs=2025:CFS,2024:CFS,2022:CFS,2020:CFS
126	069260	티케이지휴켐스	직접추가	메인	16320.0	1000.0	1561.0	171952696150.0	96497220778.0	5482000000.0	34682173632.0						판정불가	일반	일반	6432.901178680633	5584.482108237203	6.333823716412151	6.877333691071619	N	N	-22.875494071146242	-9.82716016983225	3.8551596973951163			16.210319394790233			25304.308575267554			55.05091038766883	3년				6.127450980392156	-2.644223117128552	-0.5841193811336174	1.576079651841338	2212.3194254165533	13.555878832209272	3년	-0.5841193811336174	불리(<1)	3년	-9.82716016983225		판정불가	Y	통과	보류	배당감안점수 또는 린치PER배수 미산출	40878588.0	단기위험부채 존재; 배당감안점수<1; fs=2025:CFS,2024:CFS,2022:OFS,2020:CFS
127	010950	S-Oil	에너지	메인	157300.0	330.0	1519.0	1834658000000.0									판정불가	일반	일반	16296.078356273132	16296.078356273132	92.82680819205193	92.82680819205193	N	N	-191.56118143459918	-56.19807916164843											3년				0.2097902097902098	-2.0613807040409795	-0.6031478410420243		299.21979550835795	0.19022237476691542	3년	-0.6031478410420243	불리(<1)	3년	-56.19807916164843		판정불가	Y	통과	보류	배당감안점수 또는 린치PER배수 미산출	112582792.0	배당감안점수<1; fs=2025:CFS,2024:CFS,2022:CFS,2020:CFS
128	185750	종근당	직접추가	메인	68000.0	500.0	5882.0	216235970816.0	108445557936.0		162832228224.0						판정불가	일반	일반	23522.90833817535	11725.848019601848	7.561559276066754	9.567179867459734	N	N	-28.564488705367985	-5.359713960632673	-7.035300955800583										3년				0.7352941176470588	-3.680351310053692	-0.6115696080863189	-0.8331623952342481	-8097.876847707491	-11.908642423099252	3년	-0.6115696080863189	불리(<1)	3년	-5.359713960632673		판정불가	N	주당FCF<=0	제외	하드필터 미통과	13802780.0	단기위험부채 존재; 주당FCF 음수; 배당감안점수<1; fs=2025:CFS,2024:CFS,2022:CFS,2020:CFS
129	018260	삼성에스디에스	직접추가	메인	238000.0	3190.0	9819.0	1558981444019.0	4845117385939.0								판정불가	일반	일반	82764.03348192893	82764.03348192893	15.809753184445572	15.809753184445572	N	N	0.3269643404516298	-11.608687356751402	11.36201067352738	9.15392868090326		31.22402134705476	89882.42571778911		306588.6656067307	-62.23427490849197		28.818767061651542	3년				1.3403361344537816	0.10546024694084315	-0.6494947202844468	0.8034500387063833	10905.769354957107	4.582256031494582	3년	-0.6494947202844468	불리(<1)	3년	-11.608687356751402		판정불가	Y	통과	보류	배당감안점수 또는 린치PER배수 미산출	77377800.0	1년 점수 과열 가능; 배당감안점수<1; fs=2025:CFS,2024:CFS,2022:CFS,2020:CFS
130	004000	롯데정밀화학	직접추가	메인	45700.0	1500.0	4165.0	172038879703.0	562065025.0	45301437028.0	842860000.0						판정불가	일반	일반	4934.089445736434	4901.420453488372	9.787733626473845	9.795577322091626	N	N		-10.129293888244783	-11.804095268565707										3년				3.282275711159737		-0.6995509316442003	-0.8706632079111927	1136.2980498449613	2.4864289930961956	3년	-0.6995509316442003	불리(<1)	3년	-10.129293888244783		판정불가	Y	통과	보류	배당감안점수 또는 린치PER배수 미산출	25800000.0	단기위험부채 존재; 배당감안점수<1; fs=2025:CFS,2024:CFS,2022:CFS,2020:CFS
131	036570	NC	직접추가	메인	222000.0	1150.0	17876.0	503522487163.0	1499844872739.0	177813001472.0							판정불가	일반	일반	84736.00511687186	84736.00511687186	7.678675032620729	7.678675032620729	N	N	278.087986463621	-5.903415055311056	-8.909537463398499	564.675972927242			10094147.692047378			4446.913374796116			3년				0.5180180180180181	36.283083122811995	-0.701344569787713	-1.0928342988512247	2177.512866910366	0.9808616517614261	3년	-0.701344569787713	불리(<1)	3년	-5.903415055311056		판정불가	Y	통과	보류	배당감안점수 또는 린치PER배수 미산출	21544022.0	1년 점수 과열 가능; 배당감안점수<1; fs=2025:CFS,2024:CFS,2022:CFS,2020:CFS
132	005490	POSCO홀딩스	철강	watchlist	337000.0	10000.0	8697.0	7049800440769.0		16374578210992.0							판정불가	일반	일반	-115216.08368150219	-115216.08368150219	51.996790120904016	51.996790120904016	Y	Y	-39.817313680714136	-40.58072367872994	-15.48101970257214										3년				2.967359050445104	-0.7086967204049471	-0.7233785881941069	-0.2406621759348993	-20625.34356158169	-6.120279988599908	3년	-0.7233785881941069	불리(<1)	3년	-40.58072367872994		판정불가	N	주당순현금<=0 / 주당FCF<=0	제외	하드필터 미통과	80932952.0	린치식 단독판정 비중 낮춤; 주당순현금 음수(린치식); 주당순현금 음수(보수형); 주당FCF 음수; 1년 점수 과열 가능; 배당감안점수<1; fs=2025:CFS,2024:CFS,2022:CFS,2020:CFS
133	267250	HD현대	직접추가	메인	240500.0	4000.0	13623.0	6367475266000.0		1596736136000.0							판정불가	일반	일반	60394.38933167378	60394.38933167378	13.220701069391925	13.220701069391925	N	N	89.12952936276552	-11.915391188425783		186.75905872553105			2544218.6570179095			957.8871754752223			3년				1.6632016632016633	6.867467205363801	-0.7754648918701904		64511.54397881789	26.823926810319286	3년	-0.7754648918701904	불리(<1)	3년	-11.915391188425783		판정불가	Y	통과	보류	배당감안점수 또는 린치PER배수 미산출	78993085.0	1년 점수 과열 가능; 배당감안점수<1; fs=2025:CFS,2024:CFS,2022:CFS,2020:CFS
134	011070	LG이노텍	직접추가	메인	562000.0	1880.0	14421.0	1406403000000.0	72896000000.0								판정불가	일반	일반	62504.42861478592	62504.42861478592	34.636680631385765	34.636680631385765	N	N	-24.040031603897816	-29.57093933979966	0.6187699510769251			9.73753990215385			140425.0629289607			-75.01333399840557	3년				0.3345195729537367	-0.6844048447720914	-0.8440883835835459	0.027522542768340385	24374.504243378797	4.337100399177722	3년	-0.8440883835835459	불리(<1)	3년	-29.57093933979966		판정불가	Y	통과	보류	배당감안점수 또는 린치PER배수 미산출	23667107.0	1년 점수 과열 가능; 배당감안점수<1; fs=2025:CFS,2024:CFS,2022:CFS,2020:CFS
135	000080	하이트진로	직접추가	메인	15540.0	700.0	596.0	243639082453.0	11534336304.0								판정불가	일반	일반	3638.389855001192	3638.389855001192	19.969144538588605	19.969144538588605	N	N	-56.748911465892604	-21.8770293860485	-13.71294563046288										3년				4.504504504504505	-2.616256638356761	-0.8699684079091685	-0.46113348061374776	1956.0991773402343	12.5875107936952	3년	-0.8699684079091685	불리(<1)	3년	-21.8770293860485		판정불가	Y	통과	보류	배당감안점수 또는 린치PER배수 미산출	70133611.0	배당감안점수<1; fs=2025:CFS,2024:CFS,2022:CFS,2020:CFS
136	002840	미원상사	직접추가	메인	130000.0	2400.0	9449.0	26488253934.0	2869800000.0		56542234.0						판정불가	일반	일반	6180.642933473684	6168.739305263158	13.103964130228205	13.105223906734771	N	N	-12.428174235403155	-13.799130124356108	-1.8410746860862304			4.817850627827539			45523.87058234242			-64.98163801358275	3년				1.8461538461538463	-0.8075434489963781	-0.9121649112751425	0.0003876048512601836	4071.338190526316	3.131798608097166	3년	-0.9121649112751425	불리(<1)	3년	-13.799130124356108		판정불가	Y	통과	보류	배당감안점수 또는 린치PER배수 미산출	4750000.0	단기위험부채 존재; 1년 점수 과열 가능; 배당감안점수<1; fs=2025:CFS,2024:CFS,2022:CFS,2020:CFS
137	086280	현대글로비스	직접추가	메인	206000.0	5800.0	23117.0	2644639919844.0	1773253190103.0	2551475394576.0	800732226936.0						판정불가	일반	일반	24885.56953828	14209.1398458	7.83468574909028	8.296528968040835	N	N	58.49845731916352	-10.017436249066701	7.416538424274255	125.49691463832704		23.333076848548508	2901112.1756942063		539390.7375078959	1308.3068814049545		161.84016383878443	3년				2.815533980582524	7.82596689431551	-0.9192330744497853	1.3059965303707135	25034.3648264	12.152604284660194	3년	-0.9192330744497853	불리(<1)	3년	-10.017436249066701		판정불가	Y	통과	보류	배당감안점수 또는 린치PER배수 미산출	75000000.0	단기위험부채 존재; 1년 점수 과열 가능; 배당감안점수<1; fs=2025:CFS,2024:CFS,2022:CFS,2020:CFS
138	005940	NH투자증권	직접추가	메인	26650.0	1300.0	2932.0	2630830000000.0	68236691000000.0	4707188000000.0							판정불가	일반	일반	185664.03388290948	185664.03388290948	-54.233981542602145	-54.233981542602145	N	N	45.43650793650793			99.37301587301586			291361.6825396825			993.2896155335177			1년	99.37301587301586	291361.6825396825	993.2896155335177	4.878048780487805	-0.9277311988881435			-15292.555387622808	-57.38294704548896	1년	-0.9277311988881435	불리(<1)	1년	45.43650793650793		판정불가	N	주당FCF<=0 / 순현금차감PER<=0	제외	하드필터 미통과	356344369.0	주당FCF 음수; 배당감안점수<1; fs=2025:CFS,2024:CFS,2022:NA,2020:NA
139	002030	아세아	직접추가	메인	206500.0	5600.0	18725.0	163716811000.0	12160000.0	658028958000.0	265707008000.0						판정불가	일반	일반	-238487.41512057534	-366684.4193364424	23.76434793701337	30.610649897807335	Y	Y	-50.09727367214776	-25.894534715298978	-3.336896679607082			1.826206640785836			34195.71934871478			-83.44032961321318	3년				2.711864406779661	-1.9939705221856532	-0.9755230974552397	-0.026301259116557663	-24122.07535681443	-11.681392424607472	3년	-0.9755230974552397	불리(<1)	3년	-25.894534715298978		판정불가	N	주당순현금<=0 / 주당FCF<=0	제외	하드필터 미통과	2072646.0	주당순현금 음수(린치식); 주당순현금 음수(보수형); 단기위험부채 존재; 주당FCF 음수; 1년 점수 과열 가능; 배당감안점수<1; fs=2025:CFS,2024:CFS,2022:CFS,2020:CFS
140	039490	키움증권	직접추가	메인	270500.0	11500.0	42059.0		62457765152889.0								판정불가	일반	일반	2288251.0791779323	2288251.0791779323	-47.97429989248276	-47.97429989248276	N	N	43.20394960844398			94.90789921688796			3991731.3331630905			1375.6862599493863			1년	94.90789921688796	3991731.3331630905	1375.6862599493863	4.251386321626617	-0.9891824588670343			-250622.40952773768	-92.65153771820248	1년	-0.9891824588670343	불리(<1)	1년	43.20394960844398		판정불가	N	주당FCF<=0 / 순현금차감PER<=0	제외	하드필터 미통과	27294979.0	주당FCF 음수; 배당감안점수<1; fs=2025:CFS,2024:CFS,2022:NA,2020:NA
141	006800	미래에셋증권	금융/증권	보정필요	34450.0	0.0	2680.0	1698057000000.0	128930885000000.0	9756730000000.0							판정불가	금융보정	보정주의	213146.27533903014	213146.27533903014	-66.67771467874259	-66.67771467874259	N	N	73.46278317152104			155.42556634304208			416540.51779935276			1109.1161619719965			1년	155.42556634304208	416540.51779935276	1109.1161619719965	0.0	-1.1017591638446118			-12193.31326010751	-35.39423297563864	1년	-1.1017591638446118	불리(<1)	1년	73.46278317152104		판정불가	N	주당FCF<=0 / 순현금차감PER<=0	제외	하드필터 미통과	567085734.0	린치식 단독판정 비중 낮춤; 주당FCF 음수; 배당감안점수<1; fs=2025:CFS,2024:CFS,2022:NA,2020:NA
142	003550	LG	직접추가	메인	121100.0	3100.0	4780.0	1511450000000.0	1839426000000.0	159829000000.0	0.0						판정불가	일반	일반	20691.31243852798	20691.31243852798	21.006001581897912	21.006001581897912	N	N	28.77155172413792	-27.26466268691552	-10.530872700659177	66.04310344827584			315686.03448275855			160.6821093994703			3년				2.559867877786953	1.4915460936137876	-1.176082688216977	-0.3794632115871733	5491.624275551311	4.534784703180274	3년	-1.176082688216977	불리(<1)	3년	-27.26466268691552		판정불가	Y	통과	보류	배당감안점수 또는 린치PER배수 미산출	154221585.0	1년 점수 과열 가능; 배당감안점수<1; fs=2025:CFS,2024:CFS,2022:CFS,2020:CFS
143	375500	DL이앤씨	직접추가	메인	73400.0	890.0	8796.0	1844315983193.0	467317685812.0	444336959874.0	519274372386.0						판정불가	일반	일반	48258.513014689786	34838.3591979743	2.858286378502753	4.3839973626677695	N	N	61.010433827567276	-4.5977556239353845		130.52086765513457			1148061.5518945637			1464.1165557146644			3년				1.2125340599455041	21.769325969396686	-1.1843535306504698		5614.431755408378	7.649089585025039	3년	-1.1843535306504698	불리(<1)	3년	-4.5977556239353845		판정불가	Y	통과	보류	배당감안점수 또는 린치PER배수 미산출	38693623.0	단기위험부채 존재; 1년 점수 과열 가능; 배당감안점수<1; fs=2025:CFS,2024:CFS,2022:CFS,2020:NA
144	005300	롯데칠성음료	직접추가	메인	98300.0	3400.0	4697.0	213358325740.0	11845742299.0	168590223949.0	1587240348429.0						판정불가	일반	일반	5630.868480357551	-152237.61390908112	19.729429746570673	53.33992205856528	N	Y	-20.09186798230691	-28.321091651421646											3년				3.458799593082401	-0.8430587504494716	-1.2601627303830591		12123.245426933277	12.332904808680851	3년	-1.2601627303830591	불리(<1)	3년	-28.321091651421646		판정불가	Y	통과	보류	배당감안점수 또는 린치PER배수 미산출	10054194.0	주당순현금 음수(보수형); 단기위험부채 존재; 1년 점수 과열 가능; 배당감안점수<1; fs=2025:CFS,2024:CFS,2022:CFS,2020:CFS
145	139480	이마트	직접추가	메인	73500.0	2500.0	5084.0	1303365061491.0	1225715519294.0	5485558368112.0	3111389126654.0						판정불가	일반	일반	-107134.98980867355	-219883.5596791311	35.53009240925916	57.707230464030516	Y	Y	-122.85971223021583	-48.64098247110502	-16.302783941696873										3년				3.4013605442176873	-3.3621739653811664	-1.2732762247220573	-0.36311257648508305	20093.231814609306	27.337730360012664	3년	-1.2732762247220573	불리(<1)	3년	-48.64098247110502		판정불가	N	주당순현금<=0	제외	하드필터 미통과	27595819.0	주당순현금 음수(린치식); 주당순현금 음수(보수형); 단기위험부채 존재; 1년 점수 과열 가능; 배당감안점수<1; fs=2025:CFS,2024:CFS,2022:CFS,2020:CFS
146	003490	대한항공	직접추가	메인	30200.0	750.0	2133.0	1869988073408.0	3532702331766.0	5900725093281.0	2027009390000.0						판정불가	일반	일반	-1352.5441151358968	-6857.420958534969	14.792566392468775	17.37338066504218	Y	Y	-40.1850813236119	-23.620676172572395	-13.307685693628002										3년				2.4834437086092715	-2.548688078506605	-1.4289090819781318	-0.7317352309150084	-599.9903851348527	-1.9867231295856047	3년	-1.4289090819781318	불리(<1)	3년	-23.620676172572395		판정불가	N	주당순현금<=0 / 주당FCF<=0	제외	하드필터 미통과	368220661.0	주당순현금 음수(린치식); 주당순현금 음수(보수형); 단기위험부채 존재; 주당FCF 음수; 1년 점수 과열 가능; 배당감안점수<1; fs=2025:CFS,2024:CFS,2022:CFS,2020:CFS
147	000990	DB하이텍	직접추가	메인	89900.0	810.0	6285.0	323054472680.0	132808839381.0	102572732928.0	231678525383.0						판정불가	일반	일반	8120.7660013468	2795.384563807385	13.011811296523978	13.859127356593893	N	N	13.858695652173903	-21.22701789143928	10.459461040450746	36.21739130434781		29.418922080901492	227626.30434782596		184897.92527846587	153.19944866276523		105.67066215624679	3년				0.9010011123470522	1.1343306806535007	-1.562120470077997	0.8730884497097396	4658.664548185125	5.182051777736513	3년	-1.562120470077997	불리(<1)	3년	-21.22701789143928		판정불가	Y	통과	보류	배당감안점수 또는 린치PER배수 미산출	43504588.0	단기위험부채 존재; 1년 점수 과열 가능; 배당감안점수<1; fs=2025:CFS,2024:CFS,2022:CFS,2020:CFS
148	111770	영원무역	직접추가	메인	75000.0	2100.0	11558.0	1090560747187.0	439263571966.0	252626536541.0	76448105310.0						판정불가	일반	일반	28823.18822323828	27097.94397472907	3.9952251061396193	4.144493513174504	N	N	17.387771683932552	-9.077711442871605	27.98342129695397	43.275543367865104		64.46684259390794	500178.73024578486		745107.7667003879	566.9049736610465		893.4770222671839	3년				2.8000000000000003	5.0529747755412355	-1.5713035626514258	7.70505302683643	3279.956119440683	4.373274825920911	3년	-1.5713035626514258	불리(<1)	3년	-9.077711442871605		판정불가	Y	통과	보류	배당감안점수 또는 린치PER배수 미산출	44311468.0	단기위험부채 존재; 1년 점수 과열 가능; 배당감안점수<1; fs=2025:CFS,2024:CFS,2022:CFS,2020:CFS
149	035720	카카오	직접추가	메인	36200.0	75.0	1138.0	6373784263399.0	3754429416501.0	2787664614576.0	1144217904147.0						판정불가	일반	일반	16588.990645648104	14003.159539614913	17.232872894861067	19.505132214749636	N	N	803.1746031746031	-28.535770270641315	-8.670866917633225	1614.8492063492063			1837698.3968253967			4976.514908357449			3년				0.20718232044198895	46.61914414366846	-1.6438691402782328	-0.4911360194454374	1786.2097378837223	4.934281043877686	3년	-1.6438691402782328	불리(<1)	3년	-28.535770270641315		판정불가	Y	통과	보류	배당감안점수 또는 린치PER배수 미산출	442495220.0	단기위험부채 존재; 1년 점수 과열 가능; 배당감안점수<1; fs=2025:CFS,2024:CFS,2022:CFS,2020:CFS
150	001450	현대해상	직접추가	메인	51100.0	2063.0	13006.0	1509674177483.0	19831696034080.0								판정불가	일반	일반	238717.78760137584	238717.78760137584	-14.425479594139308	-14.425479594139308	N	N	19.90412095510279			48.30824191020558			628296.9942841338			1129.5440201255064			1년	48.30824191020558	628296.9942841338	1129.5440201255064	4.0371819960861055	-1.6596538641887244					1년	-1.6596538641887244	불리(<1)	1년	19.90412095510279		판정불가	N	주당FCF<=0 / 순현금차감PER<=0	제외	하드필터 미통과	89400000.0	배당감안점수<1; fs=2025:CFS,2024:CFS,2022:NA,2020:NA
151	028050	삼성E&A	직접추가	메인	45850.0	790.0	3150.0	861796626374.0	2074000285556.0		0.0						판정불가	일반	일반	14978.555673112245	14978.555673112245	9.800458516472304	9.800458516472304	N	N	-18.4360435007768												1년				1.723009814612868	-1.7053318125956238			805.8218167704082	1.7575175938285892	1년	-1.7053318125956238	불리(<1)	1년	-18.4360435007768		판정불가	Y	통과	보류	배당감안점수 또는 린치PER배수 미산출	196000000.0	배당감안점수<1; fs=2025:CFS,2024:CFS,2022:CFS,2020:CFS
152	006650	대한유화	직접추가	메인	96700.0	1300.0	5134.0	151455436829.0	90052666000.0								판정불가	일반	일반	37155.09274292308	37155.09274292308	11.59815100449492	11.59815100449492	N	N	-471.7595944967415		-24.26352631533887										5년				1.344364012409514	-40.559502139782474		-1.9761048372319796	19148.828141846156	19.802304179778858	5년	-1.9761048372319796	불리(<1)	5년	-24.26352631533887		판정불가	Y	통과	보류	배당감안점수 또는 린치PER배수 미산출	6500000.0	배당감안점수<1; fs=2025:CFS,2024:CFS,2022:CFS,2020:CFS
153	034220	LG디스플레이	직접추가	메인	9130.0		453.0	1572058000000.0	611000000.0	8934975000000.0							판정불가	일반	일반	-14724.612	-14724.612	52.6591876379691	52.6591876379691	Y	Y	-108.33026848105922												1년					-2.0571959678874605			490.0	5.3669222343921135	1년	-2.0571959678874605	불리(<1)	1년	-108.33026848105922		판정불가	N	주당순현금<=0	제외	하드필터 미통과	500000000.0	주당순현금 음수(린치식); 주당순현금 음수(보수형); 배당감안점수<1; fs=2025:CFS,2024:CFS,2022:CFS,2020:CFS
154	078930	GS	직접추가	메인	123900.0	3000.0	8550.0	1610917000000.0	857643000000.0	104176000000.0							판정불가	일반	일반	25446.638122701283	25446.638122701283	11.515013085064176	11.515013085064176	N	N	41.60317986088109	-27.687155007765817		91.70635972176218			784089.3756210667			532.8404968693033			3년				2.4213075060532687	3.8232251272069657	-2.194165765602492		3039.077126716312	2.4528467527976687	3년	-2.194165765602492	불리(<1)	3년	-27.687155007765817		판정불가	Y	통과	보류	배당감안점수 또는 린치PER배수 미산출	92915378.0	1년 점수 과열 가능; 배당감안점수<1; fs=2025:CFS,2024:CFS,2022:CFS,2020:CFS
155	028670	팬오션	직접추가	메인	5960.0	150.0	564.0	839667000000.0									판정불가	일반	일반	1570.7349206252525	1570.7349206252525	7.782384892508417	7.782384892508417	N	N	12.350597609561742	-23.645583428215545	26.662075505745552	33.201195219123484		61.824151011491104	18725.474103585646		34868.82117048098	214.18580710714173		485.04733507518426	3년				2.5167785234899327	1.9103881828516998	-2.7149524466548685	3.7493460465215516	898.78863125288	15.080346161961074	3년	-2.7149524466548685	불리(<1)	3년	-23.645583428215545		판정불가	Y	통과	보류	배당감안점수 또는 린치PER배수 미산출	534569512.0	1년 점수 과열 가능; 배당감안점수<1; fs=2025:CFS,2024:CFS,2022:CFS,2020:CFS
156	007310	오뚜기	직접추가	메인	334000.0	9000.0	20279.0	412685029869.0	273077178893.0	186473980697.0	509239504017.0						판정불가	일반	일반	124578.19519914767	-2482.958596547259	10.32702819669867	16.592680043224384	N	Y	-49.363264083100276	-36.84393156790511	-8.312202484315046										3년				2.694610778443114	-4.519078714201258	-3.3067906990298335	-0.5439698235420483	8412.798855490377	2.518802052542029	3년	-3.3067906990298335	불리(<1)	3년	-36.84393156790511		판정불가	Y	통과	보류	배당감안점수 또는 린치PER배수 미산출	4007830.0	주당순현금 음수(보수형); 단기위험부채 존재; 1년 점수 과열 가능; 배당감안점수<1; fs=2025:CFS,2024:CFS,2022:CFS,2020:CFS
157	011780	금호석유	석유화학	watchlist	125900.0	1700.0	11391.0	650436032913.0	82275660739.0								판정불가	일반	일반	28146.856005717942	28146.856005717942	8.581612149440968	8.581612149440968	N	N	-15.138195634358931	-32.65223990875862	-11.416304781151009										3년				1.3502779984114377	-1.6066815180928073	-3.6475619458502657	-1.1729761969486472	19963.595148223274	15.85670782225836	3년	-3.6475619458502657	불리(<1)	3년	-32.65223990875862		판정불가	Y	통과	보류	배당감안점수 또는 린치PER배수 미산출	26031742.0	린치식 단독판정 비중 낮춤; 1년 점수 과열 가능; 배당감안점수<1; fs=2025:CFS,2024:CFS,2022:CFS,2020:CFS
158	009970	영원무역홀딩스	직접추가	메인	170900.0	6576.0	31684.0	1464189666693.0	805803639244.0	195931585244.0	78827842676.0						판정불가	일반	일반	153642.88520106729	147803.45570768186	0.5446633884273676	0.7289655438807644	N	N	10.101817423636938	-5.869320927784449	28.52060357499411	28.703634847273875		65.54120714998822	909445.9665010255		2076607.6073402269	432.1509458753806		1115.1009990288046	3년				3.847864248098303	25.61156480888649	-3.7113871110793655	59.428389186487124	20832.48592605641	12.189868885931194	3년	-3.7113871110793655	불리(<1)	3년	-5.869320927784449		판정불가	Y	통과	보류	배당감안점수 또는 린치PER배수 미산출	13499237.0	단기위험부채 존재; 1년 점수 과열 가능; 배당감안점수<1; fs=2025:CFS,2024:CFS,2022:CFS,2020:CFS
159	007340	DN오토모티브	직접추가	메인	45100.0	1000.0	5440.0	387784364000.0	182678434000.0	166472358000.0	641674039000.0						판정불가	일반	일반	6904.537131693404	-4062.213043680007	7.021224791968124	9.037171515382354	N	Y	-12.568306010928964	-36.239823236398784	0.45844418153007105			9.416888363060142			51227.872695047176			13.587300875936092	3년				2.2172949002217295	-1.474245792920374	-4.845668575530706	0.3810929233903309	1407.8963795869365	3.121721462498751	3년	-4.845668575530706	불리(<1)	3년	-36.239823236398784		판정불가	Y	통과	보류	배당감안점수 또는 린치PER배수 미산출	58510865.0	주당순현금 음수(보수형); 단기위험부채 존재; 1년 점수 과열 가능; 배당감안점수<1; fs=2025:CFS,2024:CFS,2022:CFS,2020:CFS
160	011200	HMM	직접추가	메인	21050.0	700.0	1951.0	1760767000000.0	10915294000000.0	151318000000.0							판정불가	일반	일반	13278.45506473833	13278.45506473833	3.983364907873742	3.983364907873742	N	N	-60.97219443888777	-54.38515324967628	80.08768235294812			168.67536470589624			329085.6365412036			1463.3521925947914	3년				3.32541567695962	-14.47187995455307	-12.818242554627401	20.940360714889252	1809.1182228382938	8.594385856713984	3년	-12.818242554627401	불리(<1)	3년	-54.38515324967628		판정불가	Y	통과	보류	배당감안점수 또는 린치PER배수 미산출	943237970.0	1년 점수 과열 가능; 배당감안점수<1; fs=2025:CFS,2024:CFS,2022:CFS,2020:CFS
161	002790	아모레퍼시픽홀딩스	직접추가	메인	26400.0	400.0	1366.0	596631422270.0	1336881950600.0		256253631834.0						판정불가	일반	일반	24333.723385937104	21108.710783911738	1.512647594482354	3.8735645798596354	N	N	-50.96913137114143												1년				1.5151515151515151	-32.69365583654906			6579.082341427906	24.920766444802673	1년	-32.69365583654906	불리(<1)	1년	-50.96913137114143		판정불가	Y	통과	보류	배당감안점수 또는 린치PER배수 미산출	79458180.0	단기위험부채 존재; 배당감안점수<1; fs=2025:CFS,2024:CFS,2022:CFS,2020:CFS
162	003240	태광산업	직접추가	메인	901000.0	1750.0	165122.0	426476897621.0	483945901661.0	4773639440.0	862776693.0						판정불가	일반	일반	813408.6220962816	812633.7193721933	0.5304646134598563	0.5351575236964589	N	N	-35.9373969451137	-25.915466865090508	-1.6741276308672282			5.151744738265544			850666.3946718831			-5.586415685695556	3년				0.1942286348501665	-67.38087217003108	-48.488132059325075	-2.7898166220074456	-250604.9826773846	-27.81409352690173	3년	-48.488132059325075	불리(<1)	3년	-25.915466865090508		판정불가	N	주당FCF<=0	제외	하드필터 미통과	1113400.0	단기위험부채 존재; 주당FCF 음수; 1년 점수 과열 가능; 배당감안점수<1; fs=2025:CFS,2024:CFS,2022:CFS,2020:CFS
163	278470	에이피알	직접추가	메인	394000.0	5090.0		154350192148.0	117891913354.0	78219359846.0	0.0						판정불가	일반	일반	5183.525259069071	5183.525259069071			N	N													판정불가				1.2918781725888324						판정불가		판정불가	판정불가			판정불가	N	주당FCF<=0 / 순현금차감PER<=0	제외	하드필터 미통과	37430655.0	EPS 미추출; fs=2025:CFS,2024:CFS,2022:CFS,2020:CFS
164	097950	CJ제일제당	필수소비재	메인	183400.0	6000.0	-35668.0	1038957402000.0	243275982000.0	2029479364000.0	4904408060000.0						판정불가	일반	일반	-49637.08964403655	-375420.76602481195			Y	Y	-483.77447815795136												1년				3.271537622682661				48486.635145865745	26.437641846164528	판정불가		판정불가	1년	-483.77447815795136		판정불가	N	주당순현금<=0 / 순현금차감PER<=0	제외	하드필터 미통과	15054186.0	주당순현금 음수(린치식); 주당순현금 음수(보수형); 단기위험부채 존재; fs=2025:CFS,2024:CFS,2022:CFS,2020:CFS
165	005420	코스모화학	직접추가	메인	10310.0		-791.0	42470783114.0	0.0	359006489619.0	388905499282.0						판정불가	일반	일반	-8241.35147565256	-18366.929236803113			Y	Y	-53.084223013048636												1년								1735.2172172327241	16.830428877136026	판정불가		판정불가	1년	-53.084223013048636		판정불가	N	주당순현금<=0 / 순현금차감PER<=0	제외	하드필터 미통과	38408228.0	주당순현금 음수(린치식); 주당순현금 음수(보수형); 단기위험부채 존재; fs=2025:CFS,2024:CFS,2022:CFS,2020:CFS
166	001680	대상	직접추가	메인	19210.0	850.0	-8438.0	595682138976.0	95932724888.0	719633177987.0	369419425431.0						판정불가	일반	일반	-808.6554463926876	-11470.718447992345			Y	Y	-419.37925813777446												1년				4.424778761061947						판정불가		판정불가	1년	-419.37925813777446		판정불가	N	주당순현금<=0 / 주당FCF<=0 / 순현금차감PER<=0	제외	하드필터 미통과	34648025.0	주당순현금 음수(린치식); 주당순현금 음수(보수형); 단기위험부채 존재; fs=2025:CFS,2024:CFS,2022:CFS,2020:CFS
167	047040	대우건설	직접추가	메인	16850.0		-2220.0	1828879779729.0	434603860342.0	3056914611252.0	366055916900.0						판정불가	일반	일반	-1909.0176969162108	-2789.758742835851			Y	Y	-489.47368421052636												1년								846.7375999427635	5.02514896108465	판정불가		판정불가	1년	-489.47368421052636		판정불가	N	주당순현금<=0 / 순현금차감PER<=0	제외	하드필터 미통과	415622638.0	주당순현금 음수(린치식); 주당순현금 음수(보수형); 단기위험부채 존재; fs=2025:CFS,2024:CFS,2022:CFS,2020:CFS
168	000210	DL	직접추가	메인	53600.0	1000.0	-3845.0	1148320161495.0	191085453910.0	4026838230267.0	1422974217066.0						판정불가	일반	일반	-128242.38838418842	-196145.71410721686			Y	Y	-196.17308654327164												1년				1.8656716417910446				13042.307430075487	24.332663115812476	판정불가		판정불가	1년	-196.17308654327164		판정불가	N	주당순현금<=0 / 순현금차감PER<=0	제외	하드필터 미통과	20955884.0	주당순현금 음수(린치식); 주당순현금 음수(보수형); 단기위험부채 존재; fs=2025:CFS,2024:CFS,2022:CFS,2020:CFS
169	454910	두산로보틱스	직접추가	메인	68400.0		-856.0	156738581281.0	40399292507.0	16815636710.0							판정불가	일반	일반	2781.8928219046043	2781.8928219046043			N	N													판정불가								-504.36322470324734	-0.7373731355310634	판정불가		판정불가	판정불가			판정불가	N	주당FCF<=0 / 순현금차감PER<=0	제외	하드필터 미통과	64819980.0	주당FCF 음수; fs=2025:CFS,2024:CFS,2022:NA,2020:NA
170	006280	녹십자	직접추가	메인	127600.0	1500.0		49372311054.0		105096001522.0							판정불가	일반	일반	-4768.194863868153	-4768.194863868153			Y	Y													판정불가				1.1755485893416928				-497.6412769975163	-0.3900010007817526	판정불가		판정불가	판정불가			판정불가	N	주당순현금<=0 / 주당FCF<=0 / 순현금차감PER<=0	제외	하드필터 미통과	11686538.0	주당순현금 음수(린치식); 주당순현금 음수(보수형); 주당FCF 음수; EPS 미추출; fs=2025:CFS,2024:CFS,2022:CFS,2020:CFS
171	005250	녹십자홀딩스	직접추가	메인	9900.0	300.0	0.0	79656808438.0		2117348227.0							판정불가	일반	일반	1648.7861266886407	1648.7861266886407			N	N	-100.0												1년				3.0303030303030303				-2674.1633975649934	-27.01175149055549	판정불가		판정불가	1년	-100.0		판정불가	N	주당FCF<=0 / 순현금차감PER<=0	제외	하드필터 미통과	47028210.0	주당FCF 음수; fs=2025:CFS,2024:CFS,2022:CFS,2020:CFS
172	009420	한올바이오파마	직접추가	메인	54700.0		-109.0	24743015950.0	0.0	15000000000.0	15739600000.0						판정불가	일반	일반	186.5026217711966	-114.78772617593224			N	Y	202.77777777777777			414.05555555555554									1년	414.05555555555554							-315.0056843677905	-0.5758787648405675	판정불가		판정불가	1년	202.77777777777777		판정불가	N	주당FCF<=0 / 순현금차감PER<=0	제외	하드필터 미통과	52240638.0	주당순현금 음수(보수형); 단기위험부채 존재; 주당FCF 음수; fs=2025:CFS,2024:CFS,2022:CFS,2020:CFS
173	180640	한진칼	직접추가	메인	146000.0	360.0		110930322000.0	30600000000.0	366131984000.0	0.0						판정불가	일반	일반	-3364.2000447588075	-3364.2000447588075			Y	Y													판정불가				0.2465753424657534				1732.6632753204844	1.1867556680277291	판정불가		판정불가	판정불가			판정불가	N	주당순현금<=0 / 순현금차감PER<=0	제외	하드필터 미통과	66762279.0	주당순현금 음수(린치식); 주당순현금 음수(보수형); EPS 미추출; fs=2025:CFS,2024:CFS,2022:CFS,2020:CFS
174	018880	한온시스템	직접추가	메인	3525.0	316.0	-292.0	924789114632.0	12500000000.0	551438792860.0							판정불가	일반	일반	375.9762265709175	375.9762265709175			N	N	-55.69044006069803												1년				8.964539007092199				-358.42775774108145	-10.168163340172523	판정불가		판정불가	1년	-55.69044006069803		판정불가	N	주당FCF<=0 / 순현금차감PER<=0	제외	하드필터 미통과	1026262552.0	주당FCF 음수; fs=2025:CFS,2024:CFS,2022:CFS,2020:CFS
175	009830	한화솔루션	석유화학	watchlist	30050.0	300.0	-12.0	2470461000000.0		8369710000000.0							판정불가	일반	일반	-34319.40174528579	-34319.40174528579			Y	Y	-99.19893190921229												1년				0.9983361064891847				-15547.574445000917	-51.73901645590987	판정불가		판정불가	1년	-99.19893190921229		판정불가	N	주당순현금<=0 / 주당FCF<=0 / 순현금차감PER<=0	제외	하드필터 미통과	171892536.0	린치식 단독판정 비중 낮춤; 주당순현금 음수(린치식); 주당순현금 음수(보수형); 주당FCF 음수; fs=2025:CFS,2024:CFS,2022:CFS,2020:CFS
176	008770	호텔신라	직접추가	메인	42200.0	200.0	-4566.0	338290693972.0		739494888568.0	24083900000.0						판정불가	일반	일반	-10222.252285555276	-10835.884209488653			Y	Y													판정불가				0.47393364928909953				1275.405833262693	3.0222887044139646	판정불가		판정불가	판정불가			판정불가	N	주당순현금<=0 / 순현금차감PER<=0	제외	하드필터 미통과	39248121.0	주당순현금 음수(린치식); 주당순현금 음수(보수형); 단기위험부채 존재; fs=2025:CFS,2024:CFS,2022:CFS,2020:CFS
177	298050	HS효성첨단소재	직접추가	메인	172800.0	2500.0	-4843.0	31544586945.0		554202076606.0							판정불가	일반	일반	-116665.97238650985	-116665.97238650985			Y	Y	-143.41940111170882												1년				1.4467592592592593				-3354.717829760524	-1.9413876329632662	판정불가		판정불가	1년	-143.41940111170882		판정불가	N	주당순현금<=0 / 주당FCF<=0 / 순현금차감PER<=0	제외	하드필터 미통과	4479948.0	주당순현금 음수(린치식); 주당순현금 음수(보수형); 주당FCF 음수; fs=2025:CFS,2024:CFS,2022:CFS,2020:CFS
178	352820	하이브	직접추가	메인	178500.0	500.0	-5690.0	534914956000.0	57033836000.0	1161573182000.0	0.0						판정불가	일반	일반	-13368.578698363612	-13368.578698363612			Y	Y	-2628.8888888888887												1년				0.2801120448179272				1088.4641428108619	0.6097838335074857	판정불가		판정불가	1년	-2628.8888888888887		판정불가	N	주당순현금<=0 / 순현금차감PER<=0	제외	하드필터 미통과	42609196.0	주당순현금 음수(린치식); 주당순현금 음수(보수형); fs=2025:CFS,2024:CFS,2022:CFS,2020:CFS
179	017800	현대엘리베이터	직접추가	메인	74900.0	14010.0		546026985679.0	858153283222.0	939270698991.0							판정불가	일반	일반	11892.58649504245	11892.58649504245			N	N													판정불가				18.70493991989319				5302.308441375475	7.0791834998337455	판정불가		판정불가	판정불가			판정불가	N	순현금차감PER<=0	제외	하드필터 미통과	39092385.0	EPS 미추출; fs=2025:CFS,2024:CFS,2022:CFS,2020:CFS
180	004020	현대제철	철강	watchlist	31500.0	500.0	-53.0	1342926134232.0	805366237672.0	5816297925103.0	1215935236760.0						판정불가	일반	일반	-27486.85957521251	-36598.68904783317			Y	Y													판정불가				1.5873015873015872				3999.7338333915905	12.69756772505267	판정불가		판정불가	판정불가			판정불가	N	주당순현금<=0 / 순현금차감PER<=0	제외	하드필터 미통과	133445785.0	린치식 단독판정 비중 낮춤; 주당순현금 음수(린치식); 주당순현금 음수(보수형); 단기위험부채 존재; fs=2025:CFS,2024:CFS,2022:CFS,2020:CFS
181	035250	강원랜드	직접추가	메인	14750.0	950.0		200357737326.0	3009244892731.0	0.0							판정불가	일반	일반	15002.314335326879	15002.314335326879			N	N													판정불가				6.440677966101695				808.0316694922186	5.478180810116736	판정불가		판정불가	판정불가			판정불가	N	순현금차감PER<=0	제외	하드필터 미통과	213940500.0	EPS 미추출; fs=2025:CFS,2024:CFS,2022:CFS,2020:CFS
182	002380	케이씨씨	직접추가	메인	482000.0	15000.0		1193612441434.0	36838546215.0	2949860953111.0	758686269704.0						판정불가	일반	일반	-193486.25179354099	-278861.68031899276			Y	Y													판정불가				3.112033195020747				51624.29856328795	10.710435386574263	판정불가		판정불가	판정불가			판정불가	N	주당순현금<=0 / 순현금차감PER<=0	제외	하드필터 미통과	8886471.0	주당순현금 음수(린치식); 주당순현금 음수(보수형); 단기위험부채 존재; EPS 미추출; fs=2025:CFS,2024:CFS,2022:CFS,2020:CFS
183	120110	코오롱인더	직접추가	메인	55800.0	1300.0		263843934948.0	219536778414.0	1102334698976.0	1502712536405.0						판정불가	일반	일반	-22491.80343980112	-77097.98706719637			Y	Y													판정불가				2.3297491039426523				6217.225588737651	11.141981341823747	판정불가		판정불가	판정불가			판정불가	N	주당순현금<=0 / 순현금차감PER<=0	제외	하드필터 미통과	27519091.0	주당순현금 음수(린치식); 주당순현금 음수(보수형); 단기위험부채 존재; EPS 미추출; fs=2025:CFS,2024:CFS,2022:CFS,2020:CFS
184	036460	한국가스공사	유틸리티	메인	35100.0	1154.0		1147352000000.0	151248000000.0	21802116000000.0							판정불가	일반	일반	-222108.6520858384	-222108.6520858384			Y	Y													판정불가				3.2877492877492878				46549.424241439454	132.6194422833033	판정불가		판정불가	판정불가			판정불가	N	주당순현금<=0 / 순현금차감PER<=0	제외	하드필터 미통과	92313000.0	주당순현금 음수(린치식); 주당순현금 음수(보수형); EPS 미추출; fs=2025:CFS,2024:CFS,2022:CFS,2020:CFS
185	071050	한국금융지주	직접추가	메인	188800.0	8690.0	34592.0		111427682000000.0								판정불가	일반	일반	1999563.901886215	1999563.901886215	-52.34632001289937	-52.34632001289937	N	N													판정불가				4.602754237288136						판정불가		판정불가	판정불가			판정불가	N	주당FCF<=0 / 순현금차감PER<=0	제외	하드필터 미통과	55725992.0	fs=2025:CFS,2024:CFS,2022:NA,2020:NA
186	066970	엘앤에프	2차전지	메인	121300.0		-15508.0	382883140911.0	62183142824.0	390410933286.0	781033333338.0						판정불가	일반	일반	1358.2710122097233	-18051.629894608985			N	Y	37.65311556896857			83.80623113793715									1년	83.80623113793715							-4189.943890632833	-3.45419941519607	판정불가		판정불가	1년	37.65311556896857		판정불가	N	주당FCF<=0 / 순현금차감PER<=0	제외	하드필터 미통과	40238914.0	주당순현금 음수(보수형); 단기위험부채 존재; 주당FCF 음수; fs=2025:CFS,2024:CFS,2022:CFS,2020:CFS
187	051910	LG화학	석유화학	watchlist	282000.0	2000.0	-23244.0	9899926000000.0	245464000000.0	2407851000000.0							판정불가	일반	일반	109608.75742571683	109608.75742571683			N	N	163.35825968728756			335.2165193745751									1년	335.2165193745751			0.7092198581560284				-79651.86819199358	-28.245343330494176	판정불가		판정불가	1년	163.35825968728756		판정불가	N	주당FCF<=0 / 순현금차감PER<=0	제외	하드필터 미통과	70592343.0	린치식 단독판정 비중 낮춤; 주당FCF 음수; fs=2025:CFS,2024:CFS,2022:CFS,2020:CFS
188	373220	LG에너지솔루션	2차전지	메인	358500.0		-4585.0	3779307000000.0	46724000000.0	2407851000000.0							판정불가	일반	일반	6060.598290598291	6060.598290598291			N	N													판정불가								-28061.529914529914	-7.827483937107369	판정불가		판정불가	판정불가			판정불가	N	주당FCF<=0 / 순현금차감PER<=0	제외	하드필터 미통과	234000000.0	주당FCF 음수; fs=2025:CFS,2024:CFS,2022:CFS,2020:CFS
189	051900	LG생활건강	직접추가	메인	294000.0	2000.0	-5930.0	1086333734803.0	100697817600.0	120239309804.0	55803511595.0						판정불가	일반	일반	69713.77885077163	66067.07660540048			N	N	-152.33430412143676												1년				0.6802721088435374				22989.9067608023	7.81969617714364	판정불가		판정불가	1년	-152.33430412143676		판정불가	N	순현금차감PER<=0	제외	하드필터 미통과	15302459.0	단기위험부채 존재; fs=2025:CFS,2024:CFS,2022:CFS,2020:CFS
190	004990	롯데지주	직접추가	메인	24750.0	1250.0	-8978.0	1391291862106.0	1039362449959.0	5672138060606.0	3773429305995.0						판정불가	일반	일반	-30897.982305800204	-66866.49579327319			Y	Y	-37.605115018416846												1년				5.05050505050505				-1991.5043153635747	-8.04648208227707	판정불가		판정불가	1년	-37.605115018416846		판정불가	N	주당순현금<=0 / 주당FCF<=0 / 순현금차감PER<=0	제외	하드필터 미통과	104909237.0	주당순현금 음수(린치식); 주당순현금 음수(보수형); 단기위험부채 존재; 주당FCF 음수; fs=2025:CFS,2024:CFS,2022:CFS,2020:CFS
191	011170	롯데케미칼	석유화학	watchlist	60000.0	1000.0		1870312010924.0	824440281077.0	9399387662619.0							판정불가	일반	일반	-156740.37864171478	-156740.37864171478			Y	Y													판정불가				1.6666666666666667				-26783.67225319289	-44.63945375532148	판정불가		판정불가	판정불가			판정불가	N	주당순현금<=0 / 주당FCF<=0 / 순현금차감PER<=0	제외	하드필터 미통과	42775419.0	린치식 단독판정 비중 낮춤; 주당순현금 음수(린치식); 주당순현금 음수(보수형); 주당FCF 음수; EPS 미추출; fs=2025:CFS,2024:CFS,2022:CFS,2020:CFS
192	251270	넷마블	직접추가	메인	36300.0	876.0		688942929318.0	236601481356.0	377828444422.0	732523334222.0						판정불가	일반	일반	6372.235610039484	-2150.0853795346234			N	Y													판정불가				2.4132231404958677				3193.167304922608	8.796604145792308	판정불가		판정불가	판정불가			판정불가	N	순현금차감PER<=0	제외	하드필터 미통과	85953502.0	주당순현금 음수(보수형); 단기위험부채 존재; EPS 미추출; fs=2025:CFS,2024:CFS,2022:CFS,2020:CFS
193	010060	OCI홀딩스	직접추가	메인	227500.0	1000.0	-4809.0	1034744959000.0									판정불가	일반	일반	55422.18002432964	55422.18002432964			N	N	-194.72129210163482												1년				0.43956043956043955				9707.740268037376	4.267138579357088	판정불가		판정불가	1년	-194.72129210163482		판정불가	N	순현금차감PER<=0	제외	하드필터 미통과	18670232.0	fs=2025:CFS,2024:CFS,2022:CFS,2020:CFS
194	006400	삼성SDI	2차전지	메인	548000.0	1000.0		1803994237947.0		5493341323030.0	5390568184387.0						판정불가	일반	일반	-45781.75616742857	-112674.26384699586			Y	Y													판정불가				0.18248175182481752				-28996.751032548895	-5.291377925647608	판정불가		판정불가	판정불가			판정불가	N	주당순현금<=0 / 주당FCF<=0 / 순현금차감PER<=0	제외	하드필터 미통과	80585530.0	주당순현금 음수(린치식); 주당순현금 음수(보수형); 단기위험부채 존재; 주당FCF 음수; EPS 미추출; fs=2025:CFS,2024:CFS,2022:CFS,2020:CFS
195	137310	에스디바이오센서	직접추가	메인	6160.0	200.0	-4279.0	366780003956.0	488796710916.0	899239816964.0							판정불가	일반	일반	-358.6318204794644	-358.6318204794644			Y	Y	431.55279503105584			871.6055900621117									1년	871.6055900621117			3.2467532467532463				2464.3043924052927	40.004941435150855	판정불가		판정불가	1년	431.55279503105584		판정불가	N	주당순현금<=0 / 순현금차감PER<=0	제외	하드필터 미통과	121749102.0	주당순현금 음수(린치식); 주당순현금 음수(보수형); fs=2025:CFS,2024:CFS,2022:CFS,2020:NA
196	302440	SK바이오사이언스	헬스케어	메인	37900.0		-733.0	105552891515.0	800748039267.0	1496569133.0							판정불가	일반	일반	11535.766059068677	11535.766059068677			N	N	5.014326647564471			18.52865329512894									1년	18.52865329512894							-2012.819504379828	-5.310869404696116	판정불가		판정불가	1년	5.014326647564471		판정불가	N	주당FCF<=0 / 순현금차감PER<=0	제외	하드필터 미통과	78434701.0	주당FCF 음수; fs=2025:CFS,2024:CFS,2022:CFS,2020:OFS
197	361610	SK아이이테크놀로지	직접추가	메인	16280.0		-2800.0	408979015000.0	44693499000.0	1097240539000.0	169179804000.0						판정불가	일반	일반	-7868.820694217059	-9937.359669189884			Y	Y	-19.075144508670515												1년								-1892.9730116363094	-11.627598351574383	판정불가		판정불가	1년	-19.075144508670515		판정불가	N	주당순현금<=0 / 주당FCF<=0 / 순현금차감PER<=0	제외	하드필터 미통과	81787100.0	주당순현금 음수(린치식); 주당순현금 음수(보수형); 단기위험부채 존재; 주당FCF 음수; fs=2025:CFS,2024:CFS,2022:CFS,2020:NA
198	096770	SK이노베이션	에너지	메인	138300.0	2000.0		16091551855000.0	253291655000.0	22764517807000.0	7201712771000.0						판정불가	일반	일반	-37974.37695614934	-80574.75554913652			Y	Y													판정불가				1.4461315979754157				-19919.883669709132	-14.403386601380427	판정불가		판정불가	판정불가			판정불가	N	주당순현금<=0 / 주당FCF<=0 / 순현금차감PER<=0	제외	하드필터 미통과	169052788.0	주당순현금 음수(린치식); 주당순현금 음수(보수형); 단기위험부채 존재; 주당FCF 음수; EPS 미추출; fs=2025:CFS,2024:CFS,2022:CFS,2020:CFS
199	011790	SKC	석유화학	watchlist	84300.0		-25549.0	783286752410.0	262260000000.0	1840079753358.0	1176505206999.0						판정불가	일반	일반	-20981.481685498515	-52049.822993021764			Y	Y	53.32773210106223			115.15546420212446									1년	115.15546420212446							-22628.561644175294	-26.84289637505966	판정불가		판정불가	1년	53.32773210106223		판정불가	N	주당순현금<=0 / 주당FCF<=0 / 순현금차감PER<=0	제외	하드필터 미통과	37868298.0	린치식 단독판정 비중 낮춤; 주당순현금 음수(린치식); 주당순현금 음수(보수형); 단기위험부채 존재; 주당FCF 음수; fs=2025:CFS,2024:CFS,2022:CFS,2020:CFS
200	000670	영풍	직접추가	메인	39300.0	5.0	-464.0	137031350994.0	333746815114.0	234811309711.0	423217185895.0						판정불가	일반	일반	13052.744166069715	-10357.940446676752			N	Y	-99.68345363005008												1년				0.01272264631043257				-6139.559379575671	-15.622288497648018	판정불가		판정불가	1년	-99.68345363005008		판정불가	N	주당FCF<=0 / 순현금차감PER<=0	제외	하드필터 미통과	18077950.0	주당순현금 음수(보수형); 단기위험부채 존재; 주당FCF 음수; fs=2025:CFS,2024:CFS,2022:CFS,2020:CFS
