종목코드	종목명	그룹	판정구분	현재가	현금배당금(FY2025 DPS)	EPS(FY2025)	현금및현금성자산	유가증권성자산	장기부채	단기위험부채	주주지분	총부채	주주지분비중	부채비중	주주대부채배수	주주대부채판정	업종보정유형	업종보정판정	주당순현금(린치식)	주당순현금(보수형)	순현금차감PER(린치식)	순현금차감PER(보수형)	현금보다부채많음(린치형)	현금보다부채많음(보수형)	연간이익증가율(1년,%)	연간이익증가율(3년CAGR,%)	연간이익증가율(5년CAGR,%)	그레이엄적정PER(1년)	그레이엄적정PER(3년)	그레이엄적정PER(5년)	그레이엄내재가치(1년)	그레이엄내재가치(3년)	그레이엄내재가치(5년)	그레이엄괴리율(1년,%)	그레이엄괴리율(3년,%)	그레이엄괴리율(5년,%)	그레이엄사용기준	그레이엄적정PER(선택)	그레이엄내재가치(선택)	그레이엄괴리율(선택,%)	배당수익률(%)	배당감안이익성장률(1년)	배당감안이익성장률(3년)	배당감안이익성장률(5년)	주당잉여현금흐름	잉여현금흐름수익률(%)	배당감안점수기준	배당감안점수	배당감안점수판정	사용연성장률기준	사용연성장률(%)	린치PER배수	린치PER판정	하드필터통과	하드필터사유	종합판정	종합판정사유	발행주식수	비고
"=""090430"""	아모레퍼시픽	직접추가	메인	140500.0	1240.0	3421.0	524558265446.0	595819964751.0		256253631834.0						판정불가	일반	일반	19154.135475076495	14773.189248313625	35.47087533613666	36.75147931940555	N	N	-60.24866372298396	20.627708642947496	46.209846998093965		49.75541728589499	100.91969399618793		170213.28253504678	345246.2731609589		21.148243797186318	145.72688481207038	3년	49.75541728589499	170213.28253504678	21.148243797186318	0.8825622775800712	-1.673657638353331	0.6064206399387486	1.3276359500408976	8421.099814611242	5.9936653484777525	3년	0.6064206399387486	불리(<1)	3년	20.627708642947496	1.7195741878128554	보통	Y	통과	제외	배당감안점수<1	58492759.0	단기위험부채 존재; 배당감안점수<1; fs=2025:CFS,2024:CFS,2022:CFS,2020:CFS
"=""002790"""	아모레퍼시픽홀딩스	직접추가	메인	25800.0	400.0	1366.0	596631422270.0	1336881950600.0		256253631834.0						판정불가	일반	일반	24333.723385937104	21108.710783911738	1.0734089414808898	3.4343259268581714	N	N	-50.96913137114143												1년				1.550387596899225	-46.039064763205175			6579.082341427906	25.500319152821337	1년	-46.039064763205175	불리(<1)	1년	-50.96913137114143		판정불가	Y	통과	보류	배당감안점수 또는 린치PER배수 미산출	79458180.0	단기위험부채 존재; 배당감안점수<1; fs=2025:CFS,2024:CFS,2022:CFS,2020:CFS
"=""278470"""	에이피알	직접추가	메인	372000.0	5090.0		154350192148.0	117891913354.0	78219359846.0	0.0						판정불가	일반	일반	5183.525259069071	5183.525259069071			N	N													판정불가				1.3682795698924732						판정불가		판정불가	판정불가			판정불가	N	주당FCF<=0 / 순현금차감PER<=0	제외	하드필터 미통과	37430655.0	EPS 미추출; fs=2025:CFS,2024:CFS,2022:CFS,2020:CFS
"=""002030"""	아세아	직접추가	메인	221000.0	5600.0	18725.0	163716811000.0	12160000.0	658028958000.0	265707008000.0						판정불가	일반	일반	-238487.41512057534	-366684.4193364424	24.538713758108162	31.385015718902128	Y	Y	-50.09727367214776	-25.894534715298978	-3.336896679607082			1.826206640785836			34195.71934871478			-84.52682382411096	3년				2.5339366515837103	-1.938297886736138	-0.9519895090669281	-0.03272217264273092	-24122.07535681443	-10.914966224802908	3년	-0.9519895090669281	불리(<1)	3년	-25.894534715298978		판정불가	N	주당순현금<=0 / 주당FCF<=0	제외	하드필터 미통과	2072646.0	주당순현금 음수(린치식); 주당순현금 음수(보수형); 단기위험부채 존재; 주당FCF 음수; 1년 점수 과열 가능; 배당감안점수<1; fs=2025:CFS,2024:CFS,2022:CFS,2020:CFS
"=""282330"""	BGF리테일	필수소비재	메인	145000.0	4100.0	11303.0	414042445266.0	56154402761.0		0.0						판정불가	일반	일반	27204.316433276137	27204.316433276137	10.421629971399085	10.421629971399085	N	N	0.017697548889472614	0.2966584171548048	9.736317603940137	8.535395097778945	9.09331683430961	27.972635207880273	96475.57079019542	102781.76017820151	316174.6957546707	-33.46512359296868	-29.1160274633093	118.051514313566	3년	9.09331683430961	102781.76017820151	-29.1160274633093	2.8275862068965516	0.2730171540914967	0.2997846433451842	1.2055603437578206	30299.629909466068	20.896296489286943	3년	0.2997846433451842	불리(<1)	3년	0.2966584171548048	35.1300666650587	매우 불리	Y	통과	제외	배당감안점수<1	17283906.0	배당감안점수<1; PER>연성장률의 2배; fs=2025:CFS,2024:CFS,2022:CFS,2020:CFS
"=""138930"""	BNK금융지주	직접추가	메인	15930.0	735.0	2512.0		18192691866568.0	16445000245415.0							판정불가	일반	일반	5631.773694536628	5631.773694536628	4.099612382748158	4.099612382748158	N	N	15.547378104875808			39.594756209751615			99462.02759889606			524.3692881286634			1년	39.594756209751615	99462.02759889606	524.3692881286634	4.613935969868174	4.9178586150208					1년	4.9178586150208	안심(>=2)	1년	15.547378104875808	0.26368512781344655	매우 유망	N	주당FCF<=0	제외	하드필터 미통과	310327033.0	fs=2025:CFS,2024:CFS,2022:NA,2020:NA
"=""068270"""	셀트리온	헬스케어	메인	178200.0	750.0	4668.0	1119206211717.0									판정불가	일반	일반	4845.86731932615	4845.86731932615	37.13670365909894	37.13670365909894	N	N	127.9296875	6.22945826601542	3.8046169226709114	264.359375	20.95891653203084	16.109233845341823	1234029.5625	97836.22237151997	75197.90359005563	592.4969486531986	-45.09751831003369	-57.80140090344802	3년	20.95891653203084	97836.22237151997	-45.09751831003369	0.42087542087542085	3.4561646639153984	0.17907711324996473	0.11378210576616525	1360.9075488767974	0.7636967165414127	3년	0.17907711324996473	불리(<1)	3년	6.22945826601542	5.96146600125678	매우 불리	Y	통과	제외	배당감안점수<1	230960969.0	1년 점수 과열 가능; 배당감안점수<1; PER>연성장률의 2배; fs=2025:CFS,2024:CFS,2022:CFS,2020:CFS
"=""030000"""	제일기획	직접추가	메인	18910.0	1230.0	2049.0	622369326472.0	216919787330.0	234763824456.0	4043255307.0						판정불가	일반	일반	5254.857894167939	5219.71175149604	6.664295805676946	6.681448632749614	N	N	0.0	2.315711686466715		8.5	13.13142337293343		17416.5	26906.286491140596		-7.897937599153881	42.28602057715809		3년	13.13142337293343	26906.286491140596	42.28602057715809	6.504494976203066	0.9760213480713515	1.3235016751741924		1492.008099731205	7.890048121264965	3년	1.3235016751741924	보통(1~1.5)	3년	2.315711686466715	2.877860765061495	매우 불리	Y	통과	제외	린치PER배수>=2	115041225.0	단기위험부채 존재; PER>연성장률의 2배; fs=2025:CFS,2024:CFS,2022:CFS,2020:CFS
"=""185750"""	종근당	직접추가	메인	66800.0	500.0	5882.0	216235970816.0	108445557936.0		162832228224.0						판정불가	일반	일반	23522.90833817535	11725.848019601848	7.35754703533231	9.36316762672529	N	N	-28.564488705367985	-5.359713960632673	-7.035300955800583										3년				0.7485029940119761	-3.7806058972886576	-0.6267321084699566	-0.8544692859723809	-8097.876847707491	-12.12257013129864	3년	-0.6267321084699566	불리(<1)	3년	-5.359713960632673		판정불가	N	주당FCF<=0	제외	하드필터 미통과	13802780.0	단기위험부채 존재; 주당FCF 음수; 배당감안점수<1; fs=2025:CFS,2024:CFS,2022:CFS,2020:CFS
"=""001040"""	CJ	직접추가	메인	128300.0	3300.0	4321.0	2587324564000.0	1114436500000.0	6845375033000.0	4564809586000.0						판정불가	일반	일반	-107742.88598847626	-264195.22512220073	54.6269118232993	90.83434971585298	Y	Y	44.370197126628796	-10.479231651272991	10.856012353166022	97.24039425325759		30.212024706332045	420175.74356832606		130546.15875606076	227.49473388022295		1.7507083055812611	3년				2.5720966484801244	0.8593254168742381	-0.14474797748717583	0.24581490246202847	55371.62013720534	43.1579268411577	3년	-0.14474797748717583	불리(<1)	3년	-10.479231651272991		판정불가	N	주당순현금<=0	제외	하드필터 미통과	29176998.0	주당순현금 음수(린치식); 주당순현금 음수(보수형); 단기위험부채 존재; 1년 점수 과열 가능; 배당감안점수<1; fs=2025:CFS,2024:CFS,2022:CFS,2020:CFS
"=""097950"""	CJ제일제당	필수소비재	메인	179700.0	6000.0	-35668.0	1038957402000.0	243275982000.0	2029479364000.0	4904408060000.0						판정불가	일반	일반	-49637.08964403655	-375420.76602481195			Y	Y	-483.77447815795136												1년				3.33889816360601				48486.635145865745	26.981989507994292	판정불가		판정불가	1년	-483.77447815795136		판정불가	N	주당순현금<=0 / 순현금차감PER<=0	제외	하드필터 미통과	15054186.0	주당순현금 음수(린치식); 주당순현금 음수(보수형); 단기위험부채 존재; fs=2025:CFS,2024:CFS,2022:CFS,2020:CFS
"=""000120"""	CJ대한통운	직접추가	메인	72200.0	800.0	11347.0	307146405592.0	86460297519.0	237118568377.0							판정불가	일반	일반	6859.800761114246	6859.800761114246	5.758367783456928	5.758367783456928	N	N	-6.130046326935801	11.480536742818348			31.461073485636696			356988.8008415196			394.44432249517956		3년	31.461073485636696	356988.8008415196	394.44432249517956	1.10803324099723	-0.8721244065664212	2.186135109324029		12818.247147684604	17.753804913690587	3년	2.186135109324029	안심(>=2)	3년	11.480536742818348	0.5015765301268754	헐값	Y	통과	양호	배당감안점수>=1.5 & 린치PER배수<1	22812344.0	fs=2025:CFS,2024:CFS,2022:CFS,2020:CFS
"=""192820"""	코스맥스	직접추가	메인	270500.0	3300.0	10847.0	192279928597.0									판정불가	일반	일반	16941.695768248654	16941.695768248654	23.375892341822748	23.375892341822748	N	N	43.4408886537953	80.71243772559032	38.50568621710888	95.3817773075906	169.92487545118064	85.51137243421776	1034606.1384554352	1843175.1240189564	927541.8567939601	282.47916393916273	581.3956096188379	242.89902284434754	3년	169.92487545118064	1843175.1240189564	581.3956096188379	1.21996303142329	1.9105517356149893	3.504995640762131	1.6994281402236533	-9341.661092827891	-3.4534791470713095	3년	3.504995640762131	안심(>=2)	3년	80.71243772559032	0.2896194564373973	매우 유망	N	주당FCF<=0	제외	하드필터 미통과	11349509.0	주당FCF 음수; fs=2025:CFS,2024:CFS,2022:CFS,2020:CFS
"=""005420"""	코스모화학	직접추가	메인	10590.0		-791.0	42470783114.0	0.0	359006489619.0	388905499282.0						판정불가	일반	일반	-8241.35147565256	-18366.929236803113			Y	Y	-53.084223013048636												1년								1735.2172172327241	16.385431701914296	판정불가		판정불가	1년	-53.084223013048636		판정불가	N	주당순현금<=0 / 순현금차감PER<=0	제외	하드필터 미통과	38408228.0	주당순현금 음수(린치식); 주당순현금 음수(보수형); 단기위험부채 존재; fs=2025:CFS,2024:CFS,2022:CFS,2020:CFS
"=""021240"""	코웨이	직접추가	메인	95200.0	1940.0	8630.0	182190550994.0	2827952531.0	904957690609.0	910394928000.0						판정불가	일반	일반	-10011.790673154132	-22672.142564755995	12.191401005000479	13.658417446669292	Y	Y	10.06249202907792	10.977619808999673	9.097067548815364	28.62498405815584	30.455239617999347	26.694135097630728	247033.6124218849	262828.71790333436	230370.38589255317	159.48908867845054	176.08058603291425	141.98569946696762	3년	30.455239617999347	262828.71790333436	176.08058603291425	2.03781512605042	0.9925280244793214	1.0675914055908442	0.9133390551503188	-2804.5647658552634	-2.9459713927051085	3년	1.0675914055908442	보통(1~1.5)	3년	10.977619808999673	1.110568704065131	보통	N	주당순현금<=0 / 주당FCF<=0	제외	하드필터 미통과	71909133.0	주당순현금 음수(린치식); 주당순현금 음수(보수형); 단기위험부채 존재; 주당FCF 음수; fs=2025:CFS,2024:CFS,2022:CFS,2020:CFS
"=""112610"""	씨에스윈드	직접추가	메인	52800.0	1000.0	837.0	478878903508.0	28665354936.0	782993106603.0	242475043746.0						판정불가	일반	일반	-6531.6500890188545	-12281.40054778353	70.88608134888752	77.75555621001617	Y	Y	-75.62609202096681	371.20709785870895	-15.050492534791582		750.9141957174179			628515.1818154788			1090.369662529316		3년	750.9141957174179	628515.1818154788	1090.369662529316	1.893939393939394	-1.040149931044038	5.263389231749425	-0.18560136052800252	10303.466412416965	19.514140932607887	3년	5.263389231749425	안심(>=2)	3년	371.20709785870895	0.1909610073670213	매우 유망	N	주당순현금<=0	제외	하드필터 미통과	42171403.0	주당순현금 음수(린치식); 주당순현금 음수(보수형); 단기위험부채 존재; fs=2025:CFS,2024:CFS,2022:CFS,2020:CFS
"=""001680"""	대상	직접추가	메인	18760.0	850.0	-8438.0	595682138976.0	95932724888.0	719633177987.0	369419425431.0						판정불가	일반	일반	-808.6554463926876	-11470.718447992345			Y	Y	-419.37925813777446												1년				4.5309168443496795						판정불가		판정불가	1년	-419.37925813777446		판정불가	N	주당순현금<=0 / 주당FCF<=0 / 순현금차감PER<=0	제외	하드필터 미통과	34648025.0	주당순현금 음수(린치식); 주당순현금 음수(보수형); 단기위험부채 존재; fs=2025:CFS,2024:CFS,2022:CFS,2020:CFS
"=""047040"""	대우건설	직접추가	메인	19890.0		-2220.0	1828879779729.0	434603860342.0	3056914611252.0	366055916900.0						판정불가	일반	일반	-1909.0176969162108	-2789.758742835851			Y	Y	-489.47368421052636												1년								846.7375999427635	4.257102061049591	판정불가		판정불가	1년	-489.47368421052636		판정불가	N	주당순현금<=0 / 순현금차감PER<=0	제외	하드필터 미통과	415622638.0	주당순현금 음수(린치식); 주당순현금 음수(보수형); 단기위험부채 존재; fs=2025:CFS,2024:CFS,2022:CFS,2020:CFS
"=""003090"""	대웅	직접추가	메인	16590.0	200.0	4280.0	255917494906.0	69412115604.0	668965344648.0	118388808025.0						판정불가	일반	일반	-5910.286064182885	-7946.487927707312	5.2570761832203	5.732824282174605	Y	Y	202.2598870056497	20.159526008317698	12.806544500421424	413.0197740112994	48.819052016635396	34.11308900084285	1767724.6327683614	208945.5426311995	146004.0209236074	10555.362463944311	1159.4668030813714	780.0724588523653	3년	48.819052016635396	208945.5426311995	1159.4668030813714	1.2055455093429777	38.70315464790485	4.064059711718537	2.665377012128648	-1554.3945053642824	-9.369466578446549	3년	4.064059711718537	안심(>=2)	3년	20.159526008317698	0.26077379899960257	매우 유망	N	주당순현금<=0 / 주당FCF<=0	제외	하드필터 미통과	58141980.0	주당순현금 음수(린치식); 주당순현금 음수(보수형); 단기위험부채 존재; 주당FCF 음수; 1년 점수 과열 가능; fs=2025:CFS,2024:CFS,2022:CFS,2020:CFS
"=""069620"""	대웅제약	직접추가	메인	111900.0	600.0	17022.0	168941641596.0	50139032546.0	550560567693.0	70828808025.0						판정불가	일반	일반	-28608.962834228405	-34721.96931155238	8.254550748104124	8.613674615882527	Y	Y	691.7209302325581	64.61424206621207	70.08103158930474	1391.9418604651162	137.72848413242414	148.6620631786095	23693634.348837208	2344414.256902124	2530525.6394262905	21073.935968576596	1995.0976379822375	2161.4170146794377	3년	137.72848413242414	2344414.256902124	1995.0976379822375	0.5361930294906166	83.86369463184218	7.89266879371554	8.554944632815356	-7954.179962240783	-7.1082930851124075	3년	7.89266879371554	안심(>=2)	3년	64.61424206621207	0.1277512586102217	매우 유망	N	주당순현금<=0 / 주당FCF<=0	제외	하드필터 미통과	11586575.0	주당순현금 음수(린치식); 주당순현금 음수(보수형); 단기위험부채 존재; 주당FCF 음수; 1년 점수 과열 가능; fs=2025:CFS,2024:CFS,2022:CFS,2020:CFS
"=""005830"""	DB손해보험	직접추가	메인	191700.0	7600.0	29597.0	1713419000000.0	38577437000000.0								판정불가	일반	일반	580693.762250663	580693.762250663	-13.143013219267596	-13.143013219267596	N	N	-4.024255788313125			0.4514884233737497			13362.70286659287			-93.02936731007154			1년	0.4514884233737497	13362.70286659287	-93.02936731007154	3.96452790818988	0.0045444586509039075					1년	0.0045444586509039075	불리(<1)	1년	-4.024255788313125		판정불가	N	주당FCF<=0 / 순현금차감PER<=0	제외	하드필터 미통과	69384000.0	배당감안점수<1; fs=2025:CFS,2024:CFS,2022:NA,2020:NA
"=""000210"""	DL	직접추가	메인	55000.0	1000.0	-3845.0	1148320161495.0	191085453910.0	4026838230267.0	1422974217066.0						판정불가	일반	일반	-128242.38838418842	-196145.71410721686			Y	Y	-196.17308654327164												1년				1.8181818181818181				13042.307430075487	23.713286236500885	판정불가		판정불가	1년	-196.17308654327164		판정불가	N	주당순현금<=0 / 순현금차감PER<=0	제외	하드필터 미통과	20955884.0	주당순현금 음수(린치식); 주당순현금 음수(보수형); 단기위험부채 존재; fs=2025:CFS,2024:CFS,2022:CFS,2020:CFS
"=""375500"""	DL이앤씨	직접추가	메인	85800.0	890.0	8796.0	1844315983193.0	467317685812.0	444336959874.0	519274372386.0						판정불가	일반	일반	48258.513014689786	34838.3591979743	4.26801807472831	5.793729058893327	N	N	61.010433827567276	-4.5977556239353845		130.52086765513457			1148061.5518945637			1238.0670768001908			3년				1.0372960372960374	14.537832028467474	-0.8342184883708572		5614.431755408378	6.543626754555219	3년	-0.8342184883708572	불리(<1)	3년	-4.5977556239353845		판정불가	Y	통과	보류	배당감안점수 또는 린치PER배수 미산출	38693623.0	단기위험부채 존재; 1년 점수 과열 가능; 배당감안점수<1; fs=2025:CFS,2024:CFS,2022:CFS,2020:NA
"=""007340"""	DN오토모티브	직접추가	메인	46800.0	1000.0	5440.0	387784364000.0	182678434000.0	166472358000.0	641674039000.0						판정불가	일반	일반	6904.537131693404	-4062.213043680007	7.333724791968124	9.349671515382354	N	Y	-12.568306010928964	-36.239823236398784	0.45844418153007105			9.416888363060142			51227.872695047176			9.461266442408501	3년				2.1367521367521367	-1.4224086900017625	-4.650170556849398	0.353871517121076	1407.8963795869365	3.008325597407984	3년	-4.650170556849398	불리(<1)	3년	-36.239823236398784		판정불가	Y	통과	보류	배당감안점수 또는 린치PER배수 미산출	58510865.0	주당순현금 음수(보수형); 단기위험부채 존재; 1년 점수 과열 가능; 배당감안점수<1; fs=2025:CFS,2024:CFS,2022:CFS,2020:CFS
"=""026960"""	동서	직접추가	메인	25900.0	1140.0	1468.0	38923278454.0	723123250000.0	100000000.0	1896791452.0						판정불가	일반	일반	7642.392461925778	7623.367472437312	12.43706235563639	12.45002215774025	N	N	-7.90464240903388	-4.791896569068244	4.358606974752632			17.217213949505265			25274.87007787373			-2.413629042958576	3년				4.401544401544402	-0.2816660323249001	-0.031386203297994804	0.7043585636062196	1043.7561603209629	4.029946564945803	3년	-0.031386203297994804	불리(<1)	3년	-4.791896569068244		판정불가	Y	통과	보류	배당감안점수 또는 린치PER배수 미산출	99700000.0	단기위험부채 존재; 배당감안점수<1; fs=2025:CFS,2024:CFS,2022:CFS,2020:CFS
"=""006040"""	동원산업	직접추가	메인	38200.0	1150.0	8793.0	462412200801.0	2315664040.0	920658109908.0	869187931428.0						판정불가	일반	일반	-10327.316971310991	-30015.370950217297	5.518857838202091	7.757917769841613	Y	Y	362.7894736842105	15.223245686790676	-33.98325939665047	734.078947368421	38.94649137358135		6454756.184210526	342456.4986479008		16797.267497933313	796.482980753667		3년	38.94649137358135	342456.4986479008	796.482980753667	3.0104712041884816	66.2818205528497	3.3038932013728504	-5.61217358745232	2047.1984446583815	5.359158232090004	3년	3.3038932013728504	안심(>=2)	3년	15.223245686790676	0.36252833014386976	매우 유망	N	주당순현금<=0	제외	하드필터 미통과	44147986.0	주당순현금 음수(린치식); 주당순현금 음수(보수형); 단기위험부채 존재; 1년 점수 과열 가능; fs=2025:CFS,2024:CFS,2022:CFS,2020:CFS
"=""014820"""	동원시스템즈	직접추가	메인	21400.0	600.0	1884.0	158748112816.0	38387113087.0	134729679435.0	120000000000.0						판정불가	일반	일반	2152.5625002716333	-1986.6128559613196	10.21626194253098	12.41327646282448	N	Y	-25.386138613861387	-8.631888523856201	-1.217505302346611			6.064989395306778			11426.44002075797			-46.605420463747805	3년				2.803738317757009	-2.2104366962335154	-0.5704777578026081	0.15526549968406783	2395.320646013515	11.193087130904276	3년	-0.5704777578026081	불리(<1)	3년	-8.631888523856201		판정불가	Y	통과	보류	배당감안점수 또는 린치PER배수 미산출	28991282.0	주당순현금 음수(보수형); 단기위험부채 존재; 배당감안점수<1; fs=2025:CFS,2024:CFS,2022:CFS,2020:CFS
"=""000150"""	두산	직접추가	메인	1356000.0	4000.0	4194.0	4927903000000.0	175670000000.0	4309343000000.0	3985915000000.0						판정불가	일반	일반	49045.20763611584	-197092.59727544463	311.6248908831388	370.31297026119324	N	Y	-133.60576923076923												1년				0.2949852507374631	-0.42779247704582146			5159.062075166259	0.3804618049532639	1년	-0.42779247704582146	불리(<1)	1년	-133.60576923076923		판정불가	Y	통과	보류	배당감안점수 또는 린치PER배수 미산출	16193835.0	주당순현금 음수(보수형); 단기위험부채 존재; 배당감안점수<1; fs=2025:CFS,2024:CFS,2022:CFS,2020:CFS
"=""241560"""	두산밥캣	직접추가	메인	61600.0	1700.0	2.95	1389744000.0	5896000.0	976095000.0	54294000.0						판정불가	일반	일반	4.376822687223808	3.810410953130613	20879.872263495854	20880.064267473514	N	N	-28.743961352657	-92.28374718011123	-73.96450801980052										3년				2.75974025974026	-0.0012444626463709162	-0.004287574454029837	-0.003410210889294907	6.059063659665145	0.00983614230465121	3년	-0.004287574454029837	불리(<1)	3년	-92.28374718011123		판정불가	Y	통과	보류	배당감안점수 또는 린치PER배수 미산출	95856065.0	단기위험부채 존재; 1년 점수 과열 가능; 배당감안점수<1; fs=2025:CFS,2024:CFS,2022:CFS,2020:CFS
"=""034020"""	두산에너빌리티	전력/에너지설비	메인	90800.0		132.0	3080997000000.0	107870000000.0	3096393000000.0	1883572000000.0						판정불가	일반	일반	144.364047956165	-2796.1389965416356	686.785120848817	709.0616590647094	N	Y	-24.13793103448276												1년					-0.035146263804681756			83.81713492188614	0.09230961995802438	1년	-0.035146263804681756	불리(<1)	1년	-24.13793103448276		판정불가	Y	통과	보류	배당감안점수 또는 린치PER배수 미산출	640561146.0	주당순현금 음수(보수형); 단기위험부채 존재; 배당감안점수<1; fs=2025:CFS,2024:CFS,2022:CFS,2020:CFS
"=""454910"""	두산로보틱스	직접추가	메인	71500.0		-856.0	156738581281.0	40399292507.0	16815636710.0							판정불가	일반	일반	2781.8928219046043	2781.8928219046043			N	N													판정불가								-504.36322470324734	-0.7054031114730732	판정불가		판정불가	판정불가			판정불가	N	주당FCF<=0 / 순현금차감PER<=0	제외	하드필터 미통과	64819980.0	주당FCF 음수; fs=2025:CFS,2024:CFS,2022:NA,2020:NA
"=""192080"""	더블유게임즈	직접추가	메인	58100.0	1200.0	6651.0	569919505893.0	290204328298.0	53240025218.0							판정불가	일반	일반	37536.62715928326	37536.62715928326	3.091771589342465	3.091771589342465	N	N	-29.55195424213537		0.05119867759955099			8.602397355199102			57214.54480942923			-1.524019260879128	5년	8.602397355199102	57214.54480942923	-1.524019260879128	2.0654044750430294	-8.890226516680677		0.6845923417947972	10978.50357230814	18.895875339600927	5년	0.6845923417947972	불리(<1)	5년	0.05119867759955099	60.38772355654709	매우 불리	Y	통과	제외	배당감안점수<1	21495906.0	배당감안점수<1; PER>연성장률의 2배; fs=2025:CFS,2024:CFS,2022:CFS,2020:CFS
"=""450080"""	에코프로머티	직접추가	메인	36300.0		345.0	45037598354.0	777438041.0								판정불가	일반	일반	649.3175374808915	649.3175374808915	103.33531148556263	103.33531148556263	N	N	-155.8252427184466	5.476875138059767			19.453750276119536			6711.54384526124			-81.51089849790291		3년	19.453750276119536	6711.54384526124	-81.51089849790291		-1.5079573524120797	0.0530010028452371		-2943.2049268330334	-8.108002553259047	3년	0.0530010028452371	불리(<1)	3년	5.476875138059767	18.86756752358063	매우 불리	N	주당FCF<=0	제외	하드필터 미통과	70558754.0	주당FCF 음수; 배당감안점수<1; PER>연성장률의 2배; fs=2025:OFS,2024:OFS,2022:OFS,2020:NA
"=""139480"""	이마트	직접추가	메인	73700.0	2500.0	5084.0	1303365061491.0	1225715519294.0	5485558368112.0	3111389126654.0						판정불가	일반	일반	-107134.98980867355	-219883.5596791311	35.56943151232761	57.746569567098966	Y	Y	-122.85971223021583	-48.64098247110502	-16.302783941696873										3년				3.3921302578018993	-3.3587149665579843	-1.2721275063848243	-0.3629704815332912	20093.231814609306	27.2635438461456	3년	-1.2721275063848243	불리(<1)	3년	-48.64098247110502		판정불가	N	주당순현금<=0	제외	하드필터 미통과	27595819.0	주당순현금 음수(린치식); 주당순현금 음수(보수형); 단기위험부채 존재; 1년 점수 과열 가능; 배당감안점수<1; fs=2025:CFS,2024:CFS,2022:CFS,2020:CFS
"=""383220"""	F&F	직접추가	메인	64800.0	2700.0	10611.0	325383761882.0	16380800000.0	136145710441.0	186267116479.0						판정불가	일반	일반	5367.64687570116	505.17391270411537	5.601013394053232	6.05926171777362	N	N	11.64772727272727	-2.8457492223840752		31.79545454545454	2.8085015552318495		337381.5681818181	29801.010002565155		420.6505681818181	-54.010787033078465		3년	2.8085015552318495	29801.010002565155	-54.010787033078465	4.166666666666666	2.823487970263482	0.2358354375094067		8579.832305807739	13.240481953407004	3년	0.2358354375094067	불리(<1)	3년	-2.8457492223840752		판정불가	Y	통과	보류	배당감안점수 또는 린치PER배수 미산출	38307075.0	단기위험부채 존재; 1년 점수 과열 가능; 배당감안점수<1; fs=2025:CFS,2024:CFS,2022:CFS,2020:NA
"=""093370"""	후성	직접추가	메인	13310.0		50.0	67697035372.0	6532556311.0	163041804446.0	95387151720.0						판정불가	일반	일반	-828.0447485733343	-1717.3912427755338	282.7608949714667	300.54782485551067	Y	Y	-107.48502994011977	-63.71940165586019	-5.111991994525078										3년					-0.3801269265008022	-0.22534729090559036	-0.018078850666535508	3.33571650938	0.025061731851089404	3년	-0.22534729090559036	불리(<1)	3년	-63.71940165586019		판정불가	N	주당순현금<=0	제외	하드필터 미통과	107255330.0	주당순현금 음수(린치식); 주당순현금 음수(보수형); 단기위험부채 존재; 1년 점수 과열 가능; 배당감안점수<1; fs=2025:CFS,2024:CFS,2022:CFS,2020:CFS
"=""114090"""	GKL	직접추가	메인	9220.0	414.0	761.0	213092869283.0		30375090489.0							판정불가	일반	일반	2953.9374287595624	2953.9374287595624	8.233984981919104	8.233984981919104	N	N	42.509363295880156			93.51872659176031			71167.7509363296			671.8845003940303			1년	93.51872659176031	71167.7509363296	671.8845003940303	4.490238611713666	5.708001898327433			1553.3159719230266	16.84724481478337	1년	5.708001898327433	안심(>=2)	1년	42.509363295880156	0.19369814891386788	매우 유망	Y	통과	매우 유망	배당감안점수>=2 & 린치PER배수<=0.5	61855670.0	fs=2025:CFS,2024:CFS,2022:CFS,2020:CFS
"=""006280"""	녹십자	직접추가	메인	128300.0	1500.0		49372311054.0		105096001522.0							판정불가	일반	일반	-4768.194863868153	-4768.194863868153			Y	Y													판정불가				1.1691348402182384				-497.6412769975163	-0.38787316991232756	판정불가		판정불가	판정불가			판정불가	N	주당순현금<=0 / 주당FCF<=0 / 순현금차감PER<=0	제외	하드필터 미통과	11686538.0	주당순현금 음수(린치식); 주당순현금 음수(보수형); 주당FCF 음수; EPS 미추출; fs=2025:CFS,2024:CFS,2022:CFS,2020:CFS
"=""005250"""	녹십자홀딩스	직접추가	메인	9820.0	300.0	0.0	79656808438.0		2117348227.0							판정불가	일반	일반	1648.7861266886407	1648.7861266886407			N	N	-100.0												1년				3.054989816700611				-2674.1633975649934	-27.231806492515208	판정불가		판정불가	1년	-100.0		판정불가	N	주당FCF<=0 / 순현금차감PER<=0	제외	하드필터 미통과	47028210.0	주당FCF 음수; fs=2025:CFS,2024:CFS,2022:CFS,2020:CFS
"=""078930"""	GS	직접추가	메인	119000.0	3000.0	8550.0	1610917000000.0	857643000000.0	104176000000.0							판정불가	일반	일반	25446.638122701283	25446.638122701283	10.941913669859499	10.941913669859499	N	N	41.60317986088109	-27.687155007765817		91.70635972176218			784089.3756210667			558.8986349756863			3년				2.5210084033613445	4.032584207439558	-2.299976710081978		3039.077126716312	2.5538463249716905	3년	-2.299976710081978	불리(<1)	3년	-27.687155007765817		판정불가	Y	통과	보류	배당감안점수 또는 린치PER배수 미산출	92915378.0	1년 점수 과열 가능; 배당감안점수<1; fs=2025:CFS,2024:CFS,2022:CFS,2020:CFS
"=""006360"""	GS건설	직접추가	메인	38500.0	500.0	1073.0	3015810000000.0	301590000000.0								판정불가	일반	일반	38763.054954990854	38763.054954990854	-0.2451583923493511	-0.2451583923493511	N	N	-62.91047355686139	-35.490770024369326	-22.823533314849886										3년				1.2987012987012987	251.3141470203607	139.46929737140826	87.7996947600948	3464.721168093708	8.999275761282359	3년	139.46929737140826	안심(>=2)	3년	-35.490770024369326		판정불가	N	순현금차감PER<=0	제외	하드필터 미통과	85581490.0	fs=2025:CFS,2024:CFS,2022:CFS,2020:CFS
"=""007070"""	GS리테일	직접추가	메인	25050.0	600.0	585.0	294440001357.0	139922954133.0	2214168472527.0							판정불가	일반	일반	-21287.651544267934	-21287.651544267934	79.20966075943237	79.20966075943237	Y	Y	-345.7983193277311	17.566734386037865	-23.182279339928648		43.63346877207573			25525.579231664302			1.8985198868834319		3년	43.63346877207573	25525.579231664302	1.8985198868834319	2.3952095808383236	-4.335369025122356	0.2520140065679943	-0.26243099086388877	8424.851248528614	33.63214071268908	3년	0.2520140065679943	불리(<1)	3년	17.566734386037865	4.509071465348086	매우 불리	N	주당순현금<=0	제외	하드필터 미통과	83607415.0	주당순현금 음수(린치식); 주당순현금 음수(보수형); 배당감안점수<1; PER>연성장률의 2배; fs=2025:CFS,2024:CFS,2022:CFS,2020:CFS
"=""086790"""	하나금융지주	직접추가	메인	137800.0	4105.0	13954.0		73098647000000.0	72812888000000.0							판정불가	일반	일반	1026.7067789838566	1026.7067789838566	9.801726617530182	9.801726617530182	N	N	10.491725393934592			29.483450787869184			411412.0722939266			198.55738192592645			1년	29.483450787869184	411412.0722939266	198.55738192592645	2.978955007256894	1.3743170899195922			-14044.963863826157	-10.192281468669199	1년	1.3743170899195922	보통(1~1.5)	1년	10.491725393934592	0.9342340034172733	헐값	N	주당FCF<=0	제외	하드필터 미통과	278325814.0	주당FCF 음수; fs=2025:CFS,2024:CFS,2022:NA,2020:NA
"=""009420"""	한올바이오파마	직접추가	메인	50100.0		-109.0	24743015950.0	0.0	15000000000.0	15739600000.0						판정불가	일반	일반	186.5026217711966	-114.78772617593224			N	Y	202.77777777777777			414.05555555555554									1년	414.05555555555554							-315.0056843677905	-0.6287538610135538	판정불가		판정불가	1년	202.77777777777777		판정불가	N	주당FCF<=0 / 순현금차감PER<=0	제외	하드필터 미통과	52240638.0	주당순현금 음수(보수형); 단기위험부채 존재; 주당FCF 음수; fs=2025:CFS,2024:CFS,2022:CFS,2020:CFS
"=""300720"""	한일시멘트	직접추가	메인	16600.0	1000.0	1061.0	129285266021.0		337958155586.0	209542035372.0						판정불가	일반	일반	-2837.341716779947	-5686.501277561126	18.319831966804852	21.00518499298881	Y	Y	-60.067745577719236	-2.308290966967641	-43.43181980026135		3.883418066064718			4120.306568094666			-75.17887609581526		3년	3.883418066064718	4120.306568094666	-75.17887609581526	6.024096385542169	-2.9500079089209454	0.2028296670683164	-2.04192502870666	83.57535581957487	0.5034659989131016	3년	0.2028296670683164	불리(<1)	3년	-2.308290966967641		판정불가	N	주당순현금<=0	제외	하드필터 미통과	73545209.0	주당순현금 음수(린치식); 주당순현금 음수(보수형); 단기위험부채 존재; 배당감안점수<1; fs=2025:CFS,2024:CFS,2022:CFS,2020:CFS
"=""180640"""	한진칼	직접추가	메인	139500.0	360.0		110930322000.0	30600000000.0	366131984000.0	0.0						판정불가	일반	일반	-3364.2000447588075	-3364.2000447588075			Y	Y													판정불가				0.25806451612903225				1732.6632753204844	1.2420525271114584	판정불가		판정불가	판정불가			판정불가	N	주당순현금<=0 / 순현금차감PER<=0	제외	하드필터 미통과	66762279.0	주당순현금 음수(린치식); 주당순현금 음수(보수형); EPS 미추출; fs=2025:CFS,2024:CFS,2022:CFS,2020:CFS
"=""161390"""	한국타이어앤테크놀로지	직접추가	메인	62300.0	2300.0	8931.0	2603079747970.0	489388296676.0								판정불가	일반	일반	24964.41026923666	24964.41026923666	4.180448967726273	4.180448967726273	N	N	-2.2545693334792616	16.43379388057411	24.1178312692236	3.990861333041477	41.36758776114822	56.7356625384472	35642.38256539343	369453.9262948148	506706.20213087194	-42.78911305715339	493.02395873967055	713.332587690003	3년	41.36758776114822	369453.9262948148	493.02395873967055	3.6918138041733553	0.3438014629026328	4.8142215920156755	6.652310622158486	-5650.2614211339005	-9.069440483360996	3년	4.8142215920156755	안심(>=2)	3년	16.43379388057411	0.25438124623601704	매우 유망	N	주당FCF<=0	제외	하드필터 미통과	123875069.0	주당FCF 음수; fs=2025:CFS,2024:CFS,2022:CFS,2020:CFS
"=""000240"""	한국앤컴퍼니	직접추가	메인	24500.0	1100.0	3666.0	87970654737.0	34240766097.0	15178888600.0	83728229501.0						판정불가	일반	일반	1127.4267830786544	245.4757867889732	6.37549733140244	6.6160731623597995	N	N	-0.9991898460707582	28.543628944993937	19.90708834889714	6.5016203078584835	65.58725788998788	48.31417669779428	23834.9400486092	240442.88742469557	177119.77177411385	-2.7145304138399884	881.3995405089615	622.9378439759749	3년	65.58725788998788	240442.88742469557	881.3995405089615	4.489795918367347	0.5475033383048641	5.1813094957558095	3.8266637093702336	2176.2560889928754	8.882677914256634	3년	5.1813094957558095	안심(>=2)	3년	28.543628944993937	0.22335973269862006	매우 유망	Y	통과	매우 유망	배당감안점수>=2 & 린치PER배수<=0.5	94935240.0	단기위험부채 존재; fs=2025:CFS,2024:CFS,2022:CFS,2020:CFS
"=""128940"""	한미약품	헬스케어	메인	464000.0	2000.0	13372.0	108273819495.0		91812500000.0	319500000000.0						판정불가	일반	일반	1284.9372460725326	-23654.585387266292	34.603280193982016	36.46833573042674	N	Y	39.77213337514372	26.231706206675454	68.07388619564503	88.04426675028743	60.96341241335091	144.64777239129006	1177327.9349848435	815202.7507913284	1934230.0124163306	153.7344687467335	75.6902480153725	316.85991646903676	3년	60.96341241335091	815202.7507913284	75.6902480153725	0.43103448275862066	1.161831122151657	0.770526393450731	1.9797233179736988	7534.569419649112	1.6238296163036878	3년	0.770526393450731	불리(<1)	3년	26.231706206675454	1.319139514652545	보통	Y	통과	제외	배당감안점수<1	12810991.0	주당순현금 음수(보수형); 단기위험부채 존재; 배당감안점수<1; fs=2025:CFS,2024:CFS,2022:CFS,2020:CFS
"=""008930"""	한미사이언스	직접추가	메인	50300.0	300.0	1748.0	127389343692.0	0.0	0.0	199600000000.0						판정불가	일반	일반	1862.6474131965133	-1055.8417861270873	27.710155942107257	29.37977218885989	N	Y	99.08883826879271	20.062307210120522	38.49990058066466	206.67767653758543	48.624614420241045	85.49980116132932	361272.57858769933	84995.82600658135	149453.65243000365	618.2357427190841	68.97778530135457	197.12455751491783	3년	48.624614420241045	84995.82600658135	68.97778530135457	0.5964214711729622	3.5974268765657826	0.7455291382861292	1.4109022747298363	667.8946648379807	1.3278223953041366	3년	0.7455291382861292	불리(<1)	3년	20.062307210120522	1.3812048460771622	보통	Y	통과	제외	배당감안점수<1	68391550.0	주당순현금 음수(보수형); 단기위험부채 존재; 1년 점수 과열 가능; 배당감안점수<1; fs=2025:CFS,2024:CFS,2022:CFS,2020:CFS
"=""042700"""	한미반도체	반도체소부장	메인	231000.0	800.0	2256.0	276235377529.0	1620849416.0	1700783956.0							판정불가	일반	일반	2897.3777017947336	2897.3777017947336	101.10931839459454	101.10931839459454	N	N	41.97608558842039	33.93410123050573	17.576648487156234	92.45217117684078	76.36820246101146	43.65329697431247	208572.0981749528	172286.66475204186	98481.83797404893	-9.709048409111354	-25.41702824586932	-57.367169708203924	3년	76.36820246101146	172286.66475204186	-25.41702824586932	0.3463203463203463	0.41858066701202645	0.3390431477644969	0.1772632742269062	1415.2619637779844	0.6126675167870063	3년	0.3390431477644969	불리(<1)	3년	33.93410123050573	2.9795784985665192	매우 불리	Y	통과	제외	배당감안점수<1	95312200.0	배당감안점수<1; PER>연성장률의 2배; fs=2025:CFS,2024:CFS,2022:CFS,2020:CFS
"=""018880"""	한온시스템	직접추가	메인	3520.0	316.0	-292.0	924789114632.0	12500000000.0	551438792860.0							판정불가	일반	일반	375.9762265709175	375.9762265709175			N	N	-55.69044006069803												1년				8.977272727272727				-358.42775774108145	-10.182606754007995	판정불가		판정불가	1년	-55.69044006069803		판정불가	N	주당FCF<=0 / 순현금차감PER<=0	제외	하드필터 미통과	1026262552.0	주당FCF 음수; fs=2025:CFS,2024:CFS,2022:CFS,2020:CFS
"=""014680"""	한솔케미칼	직접추가	메인	200000.0	2600.0	13428.0	112551479633.0	97254225348.0	138153315888.0	52809626645.0						판정불가	일반	일반	6321.231270657452	1662.3236254868134	14.423500799027595	14.770455494080517	N	N	22.295081967213104	-1.612254890420728	3.943248256290177	53.09016393442621	5.275490219158544	16.386496512580354	712894.7213114752	70839.28266286093	220037.875170929	256.4473606557376	-64.58035866856953	10.018937585464505	3년	5.275490219158544	70839.28266286093	-64.58035866856953	1.3	1.635877606690592	-0.021649036164769337	0.3635211956755788	10281.03332708436	5.14051666354218	3년	-0.021649036164769337	불리(<1)	3년	-1.612254890420728		판정불가	Y	통과	보류	배당감안점수 또는 린치PER배수 미산출	11335195.0	단기위험부채 존재; 1년 점수 과열 가능; 배당감안점수<1; fs=2025:CFS,2024:CFS,2022:CFS,2020:CFS
"=""009240"""	한샘	직접추가	메인	39350.0	8530.0	2808.0	98241927402.0	251054722982.0	161476119968.0	96981921492.0						판정불가	일반	일반	7980.840700116019	3859.9000100620688	11.17135302702421	12.638924497841144	N	N	-69.38174681059863		-5.701809832138416										5년				21.67725540025413	-4.270251892939407		1.4300367672089584	2308.508445254018	5.8666034186887375	5년	1.4300367672089584	보통(1~1.5)	5년	-5.701809832138416		판정불가	Y	통과	보류	배당감안점수 또는 린치PER배수 미산출	23533928.0	단기위험부채 존재; fs=2025:CFS,2024:CFS,2022:CFS,2020:CFS
"=""000880"""	한화	직접추가	메인	137300.0	1100.0	4122.0	14684582000000.0	103264989000000.0	60168760000000.0							판정불가	일반	일반	770834.9267100092	770834.9267100092	-153.69600356865823	-153.69600356865823	N	N	-50.52808449351897	-33.7392629586393	7.803689278908865			24.107378557817732			99370.61441532469			-27.625189792188863	3년				0.8011653313911145	0.32354074281387624	0.2143067930359963	-0.05598619619576553	29660.332448246358	21.602572795518103	3년	0.2143067930359963	불리(<1)	3년	-33.7392629586393		판정불가	N	순현금차감PER<=0	제외	하드필터 미통과	74958735.0	배당감안점수<1; fs=2025:CFS,2024:CFS,2022:CFS,2020:CFS
"=""012450"""	한화에어로스페이스	우주항공/방산	메인	1081000.0	7000.0	28530.0	7713355500000.0		12463889065000.0							판정불가	일반	일반	-92129.95017531911	-92129.95017531911	41.11917105416471	41.11917105416471	Y	Y	-37.89049744203766	93.07351740567623	64.20288154253949		194.64703481135246	136.90576308507897		5553279.903167886	3905921.420817303		413.7169198120153	261.3248307879096	3년	194.64703481135246	5553279.903167886	413.7169198120153	0.6475485661424607	-0.905731996076392	2.2792547507429934	1.5771336932657751	39867.85493454941	3.688053185434728	3년	2.2792547507429934	안심(>=2)	3년	93.07351740567623	0.4417923830571487	매우 유망	N	주당순현금<=0	제외	하드필터 미통과	51563401.0	주당순현금 음수(린치식); 주당순현금 음수(보수형); fs=2025:CFS,2024:CFS,2022:CFS,2020:CFS
"=""082740"""	한화엔진	직접추가	메인	50300.0		2071.0	276708027934.0	133988650000.0	53947006810.0	30000000000.0						판정불가	일반	일반	4275.157453852644	3915.6484367553294	22.223487467961057	22.397079460765173	N	N	113.94628099173553		62.28278611303117	236.39256198347107		133.06557222606233	489568.9958677686		275578.8000801751	873.2982025204146		447.8703778929923	5년	133.06557222606233	275578.8000801751	447.8703778929923		5.127290716905189		2.802565808036314	3492.7128128726085	6.943763047460455	5년	2.802565808036314	안심(>=2)	5년	62.28278611303117	0.3568158853335453	매우 유망	Y	통과	매우 유망	배당감안점수>=2 & 린치PER배수<=0.5	83447142.0	단기위험부채 존재; fs=2025:CFS,2024:OFS,2022:CFS,2020:CFS
"=""088350"""	한화생명	직접추가	메인	5990.0	150.0	693.0	3103115000000.0	104518986000000.0								판정불가	일반	일반	123912.9344985205	123912.9344985205	-170.16296464432972	-170.16296464432972	N	N	-25.96153846153846												1년				2.5041736227045077	0.13785235164340218					1년	0.13785235164340218	불리(<1)	1년	-25.96153846153846		판정불가	N	주당FCF<=0 / 순현금차감PER<=0	제외	하드필터 미통과	868530000.0	배당감안점수<1; fs=2025:CFS,2024:CFS,2022:NA,2020:NA
"=""042660"""	한화오션	직접추가	메인	85600.0		4007.0	778471159631.0		5646344947762.0							판정불가	일반	일반	-15886.622071524067	-15886.622071524067	25.327332685681075	25.327332685681075	Y	Y	143.14320388349512		47.03819321855338	294.78640776699024		102.57638643710676	1181209.13592233		411023.5804534868	1279.917214862535		380.1677341746341	5년	102.57638643710676	411023.5804534868	380.1677341746341		5.651728338705867		1.8572106981145569	1951.772804089628	2.2801084159925558	5년	1.8572106981145569	양호(>=1.5)	5년	47.03819321855338	0.5384418693125134	헐값	N	주당순현금<=0	제외	하드필터 미통과	306413394.0	주당순현금 음수(린치식); 주당순현금 음수(보수형); fs=2025:CFS,2024:CFS,2022:CFS,2020:CFS
"=""009830"""	한화솔루션	석유화학	watchlist	29800.0	300.0	-12.0	2470461000000.0		8369710000000.0							판정불가	일반	일반	-34319.40174528579	-34319.40174528579			Y	Y	-99.19893190921229												1년				1.006711409395973				-15547.574445000917	-52.17306860738563	판정불가		판정불가	1년	-99.19893190921229		판정불가	N	주당순현금<=0 / 주당FCF<=0 / 순현금차감PER<=0	제외	하드필터 미통과	171892536.0	린치식 단독판정 비중 낮춤; 주당순현금 음수(린치식); 주당순현금 음수(보수형); 주당FCF 음수; fs=2025:CFS,2024:CFS,2022:CFS,2020:CFS
"=""272210"""	한화시스템	우주항공/방산	메인	70900.0	500.0	1243.0	325483658125.0	164123075536.0	1615285782454.0	1474436243190.0						판정불가	일반	일반	-5958.515188681878	-13763.093908709392	61.83307738429757	68.11190177691824	Y	Y	-52.02624469316866		7.897266078384502			24.294532156769			30198.10347086387			-57.40747042191274	5년	24.294532156769	30198.10347086387	-57.40747042191274	0.7052186177715092	-0.8299930756548446		0.1391243175993146	-1268.1431386537038	-1.7886363027555765	5년	0.1391243175993146	불리(<1)	5년	7.897266078384502	7.829681407536722	매우 불리	N	주당순현금<=0 / 주당FCF<=0	제외	하드필터 미통과	188919389.0	주당순현금 음수(린치식); 주당순현금 음수(보수형); 단기위험부채 존재; 주당FCF 음수; 배당감안점수<1; PER>연성장률의 2배; fs=2025:CFS,2024:CFS,2022:CFS,2020:CFS
"=""267250"""	HD현대	직접추가	메인	247500.0	4000.0	13623.0	6367475266000.0		1596736136000.0							판정불가	일반	일반	60394.38933167378	60394.38933167378	13.734537962880879	13.734537962880879	N	N	89.12952936276552	-11.915391188425783		186.75905872553105			2544218.6570179095			927.9671341486503			3년				1.6161616161616161	6.607116396938689	-0.7498781247755829		64511.54397881789	26.065270294471876	3년	-0.7498781247755829	불리(<1)	3년	-11.915391188425783		판정불가	Y	통과	보류	배당감안점수 또는 린치PER배수 미산출	78993085.0	1년 점수 과열 가능; 배당감안점수<1; fs=2025:CFS,2024:CFS,2022:CFS,2020:CFS
"=""267260"""	HD현대일렉트릭	전력설비	메인	747000.0	7100.0	20354.0	950781542257.0		55346966947.0							판정불가	일반	일반	24840.658635145344	24840.658635145344	35.47997157142845	35.47997157142845	N	N	46.06386795837818	65.20736528007924		100.62773591675636	138.9147305601585		2048176.936849659	2827470.425821466		174.18700627170804	278.51009716485487		3년	138.9147305601585	2827470.425821466	278.51009716485487	0.9504685408299867	1.3250951006135583	1.8646529546316		19908.873951397247	2.665177235796151	3년	1.8646529546316	양호(>=1.5)	3년	65.20736528007924	0.5441098780641507	헐값	Y	통과	양호	배당감안점수>=1.5 & 린치PER배수<1	36047135.0	fs=2025:CFS,2024:CFS,2022:CFS,2020:CFS
"=""329180"""	HD현대중공업	직접추가	메인	479000.0	5661.0	15702.0	1869917695000.0		20593805000.0							판정불가	일반	일반	17619.114963644908	17619.114963644908	29.383574387743927	29.383574387743927	N	N	124.2822453935152			257.0644907870304			4036426.634337952			742.6777942250421			1년	257.0644907870304	4036426.634337952	742.6777942250421	1.1818371607515656	4.2698713539289015					1년	4.2698713539289015	안심(>=2)	1년	124.2822453935152	0.23642616284173687	매우 유망	N	주당FCF<=0	제외	하드필터 미통과	104961225.0	fs=2025:CFS,2024:CFS,2022:CFS,2020:CFS
"=""071970"""	HD현대마린엔진	직접추가	메인	52500.0		4867.0	94276230277.0	247003276789.0								판정불가	일반	일반	10060.862797055377	10060.862797055377	8.719773413384964	8.719773413384964	N	N	97.52435064935065	113.65854515790357	162.5665198099373	203.5487012987013	235.81709031580715	333.6330396198746	990671.5292207792	1147721.7785670334	1623792.0038299295	1786.9933889919605	2086.1367210800636	2992.937150152247	3년	235.81709031580715	1147721.7785670334	2086.1367210800636		11.184275786300768	13.03457552961597	18.64343396359309			3년	13.03457552961597	안심(>=2)	3년	113.65854515790357	0.07671903068326939	매우 유망	N	주당FCF<=0	제외	하드필터 미통과	33921495.0	fs=2025:CFS,2024:CFS,2022:CFS,2020:CFS
"=""443060"""	HD현대마린솔루션	직접추가	메인	247000.0	3950.0	6013.0	377924043510.0		9931501625.0							판정불가	일반	일반	8208.377954504365	8208.377954504365	39.7125597946941	39.7125597946941	N	N	13.36726998491704			35.23453996983408			211865.28883861232			-14.224579417565863			1년	35.23453996983408	211865.28883861232	-14.224579417565863	1.5991902834008098	0.37686969426527583			6828.081523113242	2.764405474944632	1년	0.37686969426527583	불리(<1)	1년	13.36726998491704	2.9708803547398808	매우 불리	Y	통과	제외	배당감안점수<1	44831335.0	배당감안점수<1; PER>연성장률의 2배; fs=2025:CFS,2024:CFS,2022:NA,2020:NA
"=""009540"""	HD한국조선해양	직접추가	메인	365500.0	12300.0	30664.0	3742015549000.0		398797408000.0							판정불가	일반	일반	47238.53250999998	47238.53250999998	10.378993852400209	10.378993852400209	N	N	84.96802991916998			178.43605983833996			5471563.338882856			1397.0077534563218			1년	178.43605983833996	5471563.338882856	1397.0077534563218	3.365253077975376	8.510775153481541					1년	8.510775153481541	안심(>=2)	1년	84.96802991916998	0.12215175357453548	매우 유망	N	주당FCF<=0	제외	하드필터 미통과	70773116.0	fs=2025:CFS,2024:CFS,2022:CFS,2020:CFS
"=""017960"""	한국카본	조선/LNG사이클	watchlist	21700.0	320.0	2043.0	57866929673.0	27093215744.0	98920898088.0	81871440000.0						판정불가	일반	일반	-268.94950885840325	-1846.1770478341368	10.753279250542537	11.525294688122434	Y	Y	394.6731234866828	63.08567663703022	8.209872487827186	797.8462469733656	134.67135327406044	24.91974497565437	1629999.882566586	275133.5747389055	50911.03898526188	7411.520196159383	1167.8966577829747	134.61308288139116	3년	134.67135327406044	275133.5747389055	1167.8966577829747	1.4746543778801844	36.83971825102339	6.003780754754707	0.9006114916264967	2529.43380973873	11.656377003404286	3년	6.003780754754707	안심(>=2)	3년	63.08567663703022	0.17045516230907073	매우 유망	N	주당순현금<=0	제외	하드필터 미통과	51908452.0	린치식 단독판정 비중 낮춤; 주당순현금 음수(린치식); 주당순현금 음수(보수형); 단기위험부채 존재; 1년 점수 과열 가능; fs=2025:CFS,2024:CFS,2022:CFS,2020:CFS
"=""000080"""	하이트진로	직접추가	메인	15320.0	700.0	596.0	243639082453.0	11534336304.0								판정불가	일반	일반	3638.389855001192	3638.389855001192	19.600017021810082	19.600017021810082	N	N	-56.748911465892604	-21.8770293860485	-13.71294563046288										3년				4.569190600522193	-2.6622283443584256	-0.8830522323662712	-0.46651770862065567	1956.0991773402343	12.768271392560276	3년	-0.8830522323662712	불리(<1)	3년	-21.8770293860485		판정불가	Y	통과	보류	배당감안점수 또는 린치PER배수 미산출	70133611.0	배당감안점수<1; fs=2025:CFS,2024:CFS,2022:CFS,2020:CFS
"=""204320"""	HL만도	직접추가	메인	49750.0	750.0	2130.0	799652317531.0		965892545521.0	659326263869.0						판정불가	일반	일반	-3540.256046154449	-17581.28462433386	25.018899552185186	31.610931748513547	Y	Y	-23.021322732200943	0.5378148348890388	76.60035963530261		9.575629669778078	161.70071927060522		20396.091196627305	344422.5320463891		-59.00283176557326	592.306597078169	3년	9.575629669778078	20396.091196627305	-59.00283176557326	1.507537688442211	-0.859901331746611	0.08175229766061416	3.1219557503248687	6770.8428804833	13.609734433132262	3년	0.08175229766061416	불리(<1)	3년	0.5378148348890388	46.51954153950969	매우 불리	N	주당순현금<=0	제외	하드필터 미통과	46957120.0	주당순현금 음수(린치식); 주당순현금 음수(보수형); 단기위험부채 존재; 배당감안점수<1; PER>연성장률의 2배; fs=2025:CFS,2024:CFS,2022:CFS,2020:CFS
"=""011200"""	HMM	직접추가	메인	20850.0	700.0	1951.0	1760767000000.0	10915294000000.0	151318000000.0							판정불가	일반	일반	13278.45506473833	13278.45506473833	3.8808533753263306	3.8808533753263306	N	N	-60.97219443888777	-54.38515324967628	80.08768235294812			168.67536470589624			329085.6365412036			1478.34837669642	3년				3.357314148681055	-14.845930705991188	-13.148612989457359	21.501713265477985	1809.1182228382938	8.676826008816757	3년	-13.148612989457359	불리(<1)	3년	-54.38515324967628		판정불가	Y	통과	보류	배당감안점수 또는 린치PER배수 미산출	943237970.0	1년 점수 과열 가능; 배당감안점수<1; fs=2025:CFS,2024:CFS,2022:CFS,2020:CFS
"=""008770"""	호텔신라	직접추가	메인	41100.0	200.0	-4566.0	338290693972.0		739494888568.0	24083900000.0						판정불가	일반	일반	-10222.252285555276	-10835.884209488653			Y	Y													판정불가				0.48661800486618007				1275.405833262693	3.103177209884898	판정불가		판정불가	판정불가			판정불가	N	주당순현금<=0 / 순현금차감PER<=0	제외	하드필터 미통과	39248121.0	주당순현금 음수(린치식); 주당순현금 음수(보수형); 단기위험부채 존재; fs=2025:CFS,2024:CFS,2022:CFS,2020:CFS
"=""298050"""	HS효성첨단소재	직접추가	메인	172100.0	2500.0	-4843.0	31544586945.0		554202076606.0							판정불가	일반	일반	-116665.97238650985	-116665.97238650985			Y	Y	-143.41940111170882												1년				1.4526438117373621				-3354.717829760524	-1.9492840382106473	판정불가		판정불가	1년	-143.41940111170882		판정불가	N	주당순현금<=0 / 주당FCF<=0 / 순현금차감PER<=0	제외	하드필터 미통과	4479948.0	주당순현금 음수(린치식); 주당순현금 음수(보수형); 주당FCF 음수; fs=2025:CFS,2024:CFS,2022:CFS,2020:CFS
"=""352820"""	하이브	직접추가	메인	173000.0	500.0	-5690.0	534914956000.0	57033836000.0	1161573182000.0	0.0						판정불가	일반	일반	-13368.578698363612	-13368.578698363612			Y	Y	-2628.8888888888887												1년				0.2890173410404624				1088.4641428108619	0.6291700247461629	판정불가		판정불가	1년	-2628.8888888888887		판정불가	N	주당순현금<=0 / 순현금차감PER<=0	제외	하드필터 미통과	42609196.0	주당순현금 음수(린치식); 주당순현금 음수(보수형); fs=2025:CFS,2024:CFS,2022:CFS,2020:CFS
"=""298040"""	효성중공업	전력설비	메인	2854000.0	7500.0	55832.0	216772513676.0		637432979185.0							판정불가	일반	일반	-45113.22859928438	-45113.22859928438	51.92565605028092	51.92565605028092	Y	Y	133.51875862645866	270.5887113046113		275.5375172529173	549.6774226092226		15383810.66326488	30689589.85911812		439.02630214663213	975.3184954140897		3년	549.6774226092226	30689589.85911812	975.3184954140897	0.26278906797477225	2.5764055357314968	5.21614016990587		33728.061849754005	1.181782125078977	3년	5.21614016990587	안심(>=2)	3년	270.5887113046113	0.1918988260815743	매우 유망	N	주당순현금<=0	제외	하드필터 미통과	9324548.0	주당순현금 음수(린치식); 주당순현금 음수(보수형); fs=2025:CFS,2024:CFS,2022:CFS,2020:CFS
"=""298020"""	효성티앤씨	직접추가	메인	341000.0	10100.0	2517.0	78332153321.0		1022720440533.0							판정불가	일반	일반	-218220.35149809992	-218220.35149809992	222.17733472312275	222.17733472312275	Y	Y	-91.92622293504411	-2.1428862261368864	-39.74816600029081		4.214227547726227			10607.210737626914			-96.88938101535868		3년	4.214227547726227	10607.210737626914	-96.88938101535868	2.961876832844575	-0.40042043988450415	0.0036862023199995355	-0.16557174571064723	-681.4700322251034	-0.1998445842302356	3년	0.0036862023199995355	불리(<1)	3년	-2.1428862261368864		판정불가	N	주당순현금<=0 / 주당FCF<=0	제외	하드필터 미통과	4327682.0	주당순현금 음수(린치식); 주당순현금 음수(보수형); 주당FCF 음수; 배당감안점수<1; fs=2025:CFS,2024:CFS,2022:CFS,2020:CFS
"=""307950"""	현대오토에버	직접추가	메인	390000.0	1900.0	6654.0	301124937000.0	503550000000.0	137177596000.0							판정불가	일반	일반	24339.913182556786	24339.913182556786	54.953424529222	54.953424529222	N	N	6.840077071290951	17.005273141647017	18.824559086735636	22.1801541425819	42.51054628329403	46.14911817347127	147586.74566473998	282865.1749690385	307076.2323262778	-62.15724470134872	-27.470467956656787	-21.262504531723636	3년	42.51054628329403	282865.1749690385	-27.470467956656787	0.4871794871794872	0.13333575880378667	0.3183141501859403	0.3514201114735975	6801.802196340414	1.744051845215491	3년	0.3183141501859403	불리(<1)	3년	17.005273141647017	3.2315520057503515	매우 불리	Y	통과	제외	배당감안점수<1	27423982.0	배당감안점수<1; PER>연성장률의 2배; fs=2025:CFS,2024:CFS,2022:CFS,2020:CFS
"=""069960"""	현대백화점	직접추가	메인	99000.0	2150.0	9572.0	279878097000.0	1384271000.0	850398528000.0	925684884000.0						판정불가	일반	일반	-25150.950692818045	-66058.30557705347	12.970220506980574	17.24386811293914	Y	Y	-681.8844984802432	13.23304981191371	24.719368231601415		34.96609962382742	57.93873646320283		334695.50559927605	554589.5854257775		238.07626828209703	460.1915004300783	3년	34.96609962382742	334695.50559927605	238.07626828209703	2.1717171717171717	-52.405645759276375	1.187702782334351	2.0732943891621427	17816.28700542092	17.996249500425172	3년	1.187702782334351	보통(1~1.5)	3년	13.23304981191371	0.9801384179256613	헐값	N	주당순현금<=0	제외	하드필터 미통과	22628813.0	주당순현금 음수(린치식); 주당순현금 음수(보수형); 단기위험부채 존재; fs=2025:CFS,2024:CFS,2022:CFS,2020:CFS
"=""000720"""	현대건설	직접추가	메인	134900.0	800.0	3319.0	4812659000000.0	700784000000.0	579678000000.0	1194728000000.0						판정불가	일반	일반	44306.32756193628	33577.399427860786	27.295472262146344	30.528050790038932	N	N	-321.1192538307795	-3.003815607902416	24.7843511038494		2.4923687841951683	58.0687022076988		8272.171994743763	192730.0226273523		-93.8679229097526	42.8688084709802	3년	2.4923687841951683	8272.171994743763	-93.8679229097526	0.5930318754633062	-11.742834814396138	-0.08832174469398761	0.929728664724601	-7760.002367187725	-5.75241094676629	3년	-0.08832174469398761	불리(<1)	3년	-3.003815607902416		판정불가	N	주당FCF<=0	제외	하드필터 미통과	111355765.0	단기위험부채 존재; 주당FCF 음수; 배당감안점수<1; fs=2025:CFS,2024:CFS,2022:CFS,2020:CFS
"=""017800"""	현대엘리베이터	직접추가	메인	74300.0	14010.0		546026985679.0	858153283222.0	939270698991.0							판정불가	일반	일반	11892.58649504245	11892.58649504245			N	N													판정불가				18.85598923283984				5302.308441375475	7.136350526750303	판정불가		판정불가	판정불가			판정불가	N	순현금차감PER<=0	제외	하드필터 미통과	39092385.0	EPS 미추출; fs=2025:CFS,2024:CFS,2022:CFS,2020:CFS
"=""086280"""	현대글로비스	직접추가	메인	208500.0	5800.0	23117.0	2644639919844.0	1773253190103.0	2551475394576.0	800732226936.0						판정불가	일반	일반	24885.56953828	14209.1398458	7.9428312697028165	8.404674488653372	N	N	58.49845731916352	-10.017436249066701	7.416538424274255	125.49691463832704		23.333076848548508	2901112.1756942063		539390.7375078959	1291.4207077670055		158.7005935289669	3년				2.7817745803357314	7.715162241107517	-0.9109675659774772	1.283964452765161	25034.3648264	12.00688960498801	3년	-0.9109675659774772	불리(<1)	3년	-10.017436249066701		판정불가	Y	통과	보류	배당감안점수 또는 린치PER배수 미산출	75000000.0	단기위험부채 존재; 1년 점수 과열 가능; 배당감안점수<1; fs=2025:CFS,2024:CFS,2022:CFS,2020:CFS
"=""001450"""	현대해상	직접추가	메인	51300.0	2063.0	13006.0	1509674177483.0	19831696034080.0								판정불가	일반	일반	238717.78760137584	238717.78760137584	-14.410102076070723	-14.410102076070723	N	N	19.90412095510279			48.30824191020558			628296.9942841338			1124.7504761873954			1년	48.30824191020558	628296.9942841338	1124.7504761873954	4.021442495126705	-1.6603326835526069					1년	-1.6603326835526069	불리(<1)	1년	19.90412095510279		판정불가	N	주당FCF<=0 / 순현금차감PER<=0	제외	하드필터 미통과	89400000.0	배당감안점수<1; fs=2025:CFS,2024:CFS,2022:NA,2020:NA
"=""012330"""	현대모비스	직접추가	메인	415500.0	6500.0	40861.0	4922378000000.0			2945574000000.0						판정불가	일반	일반	54251.49199158146	21787.145638739283	8.840912067947885	9.635418965792827	N	N	-9.074523242617772	14.580422448898144	20.046998821740058		37.66084489779629	48.593997643480115		1538859.783368854	1985599.337710241		270.3633654317338	377.8819103995767	3년	37.66084489779629	1538859.783368854	270.3633654317338	1.5643802647412757	-0.8494760404985816	1.8261467357164747	2.4444739321446134	32588.711819214936	7.8432519420493225	3년	1.8261467357164747	양호(>=1.5)	3년	14.580422448898144	0.6063550009565053	헐값	Y	통과	양호	배당감안점수>=1.5 & 린치PER배수<1	90732583.0	단기위험부채 존재; fs=2025:CFS,2024:CFS,2022:CFS,2020:CFS
"=""005380"""	현대자동차	직접추가	메인	382500.0	10000.0	36088.0	18360566000000.0	5857507000000.0	131240462000000.0	10388351000000.0						판정불가	일반	일반	-522678.0458231802	-573412.8785132379	25.08252177519342	26.488386125948736	Y	Y	-24.20875774440827	8.159836431248424	45.92494426173537		24.819672862496848	100.34988852347074		895692.3542617862	3621426.777035012		134.16793575471533	846.7782423620946	3년	24.819672862496848	895692.3542617862	134.16793575471533	2.6143790849673203	-0.860933316553432	0.4295507291005894	1.9351851373536137	-83323.46231986141	-21.783911717610827	3년	0.4295507291005894	불리(<1)	3년	8.159836431248424	3.073900069753713	매우 불리	N	주당순현금<=0 / 주당FCF<=0	제외	하드필터 미통과	204757766.0	주당순현금 음수(린치식); 주당순현금 음수(보수형); 단기위험부채 존재; 주당FCF 음수; 배당감안점수<1; PER>연성장률의 2배; fs=2025:CFS,2024:CFS,2022:CFS,2020:CFS
"=""064350"""	현대로템	방산	메인	124100.0	600.0	7055.0	908414081000.0		60775088000.0	49136977000.0						판정불가	일반	일반	7766.386844661084	7316.175404518884	16.489527024144426	16.553341544363022	N	N	89.24356223175967	57.31843168250532	84.95065921728904	186.98712446351934	123.13686336501064	178.4013184345781	1319194.163090129	868730.57104015	1258621.3015559483	963.0089952378155	600.0246341983482	914.1992760321905	3년	123.13686336501064	868730.57104015	600.0246341983482	0.4834810636583401	5.441456456818754	3.505371176597636	5.181115271278086	6852.009336460757	5.521361270314873	3년	3.505371176597636	안심(>=2)	3년	57.31843168250532	0.2876828018512821	매우 유망	Y	통과	매우 유망	배당감안점수>=2 & 린치PER배수<=0.5	109142000.0	단기위험부채 존재; fs=2025:CFS,2024:CFS,2022:CFS,2020:CFS
"=""004020"""	현대제철	철강	watchlist	33600.0	500.0	-53.0	1342926134232.0	805366237672.0	5816297925103.0	1215935236760.0						판정불가	일반	일반	-27486.85957521251	-36598.68904783317			Y	Y													판정불가				1.488095238095238				3999.7338333915905	11.903969742236876	판정불가		판정불가	판정불가			판정불가	N	주당순현금<=0 / 순현금차감PER<=0	제외	하드필터 미통과	133445785.0	린치식 단독판정 비중 낮춤; 주당순현금 음수(린치식); 주당순현금 음수(보수형); 단기위험부채 존재; fs=2025:CFS,2024:CFS,2022:CFS,2020:CFS
"=""011210"""	현대위아	직접추가	메인	57400.0	1200.0	5351.0	1116473000000.0	572468000000.0	739686000000.0	71245000000.0						판정불가	일반	일반	34905.39080171221	32285.615748994038	4.203814090504165	4.693400159036808	N	N	46.32212195788898	29.51602682110046	18.44874189552963	101.14424391577796	67.53205364220092	45.39748379105926	541222.8491933278	361364.01903941715	242921.9357659581	842.8969498141599	529.5540401383574	323.2089473274532	3년	67.53205364220092	361364.01903941715	529.5540401383574	2.0905923344947737	11.516378519626112	7.518557784700854	4.885880723512469	5543.207939464645	9.657156688962797	3년	7.518557784700854	안심(>=2)	3년	29.51602682110046	0.14242479572145317	매우 유망	Y	통과	매우 유망	배당감안점수>=2 & 린치PER배수<=0.5	27195083.0	단기위험부채 존재; fs=2025:CFS,2024:CFS,2022:CFS,2020:CFS
"=""139130"""	iM금융지주	직접추가	메인	18450.0	700.0	2511.0		10012037000000.0	9824584000000.0							판정불가	일반	일반	1167.025597818984	1167.025597818984	6.88290497896496	6.88290497896496	N	N	123.9964317573595			256.49286351471903			644053.5802854595			3390.8053132003224			1년	256.49286351471903	644053.5802854595	3390.8053132003224	3.7940379403794036	18.566356805488812					1년	18.566356805488812	안심(>=2)	1년	123.9964317573595	0.05550889554978215	매우 유망	N	주당FCF<=0	제외	하드필터 미통과	160624583.0	fs=2025:CFS,2024:CFS,2022:NA,2020:NA
"=""024110"""	IBK기업은행	금융/은행	보정필요	20850.0	1048.0	3183.0			203390126000000.0							판정불가	금융보정	보정보류	-255058.34950533815	-255058.34950533815	86.6818565835181	86.6818565835181	Y	Y	2.4790727623953623			13.458145524790725			42837.27720540888			105.45456693241668			1년	13.458145524790725	42837.27720540888	105.45456693241668	5.026378896882494	0.0865861894876045					1년	0.0865861894876045	불리(<1)	1년	2.4790727623953623	34.96543461667628	매우 불리	N	주당순현금<=0 / 주당FCF<=0	제외	하드필터 미통과	797425869.0	린치식 단독판정 비중 낮춤; 주당순현금 음수(린치식); 주당순현금 음수(보수형); 배당감안점수<1; PER>연성장률의 2배; fs=2025:CFS,2024:CFS,2022:NA,2020:NA
"=""007660"""	이수페타시스	직접추가	메인	109900.0	230.0	2278.0	162780032068.0	175712986992.0	105628209085.0							판정불가	일반	일반	3172.1466751335415	3172.1466751335415	46.85155984410292	46.85155984410292	N	N	94.53458582408199	12.033069515911986		197.56917164816397	32.56613903182397		450062.57301451755	74185.66471449501		309.5200846355938	-32.497120368976326		3년	32.56613903182397	74185.66471449501	-32.497120368976326	0.20928116469517744	2.0222137171960632	0.2613008130645638		185.87558603504556	0.16913156145136082	3년	0.2613008130645638	불리(<1)	3년	12.033069515911986	3.893566789599989	매우 불리	Y	통과	제외	배당감안점수<1	73409219.0	1년 점수 과열 가능; 배당감안점수<1; PER>연성장률의 2배; fs=2025:CFS,2024:CFS,2022:CFS,2020:CFS
"=""457190"""	이수스페셜티케미컬	직접추가	메인	64100.0		26.0	26339571000.0	550236000.0	1431768000.0							판정불가	일반	일반	842.7503651316791	842.7503651316791	2432.9711398026275	2432.9711398026275	N	N	-92.73743016759776												1년					-0.03811694625161933			-1474.6892904859199	-2.300607317450733	1년	-0.03811694625161933	불리(<1)	1년	-92.73743016759776		판정불가	N	주당FCF<=0	제외	하드필터 미통과	30208280.0	주당FCF 음수; 배당감안점수<1; fs=2025:CFS,2024:OFS,2022:NA,2020:NA
"=""175330"""	JB금융지주	직접추가	메인	31750.0	1140.0	3619.0		3918901000000.0	14183144000000.0							판정불가	일반	일반	-54055.16269326126	-54055.16269326126	23.709633239364813	23.709633239364813	Y	Y	5.2340796743239215			18.968159348647845			68645.76868275655			116.20714545750093			1년	18.968159348647845	68645.76868275655	116.20714545750093	3.5905511811023625	0.37219600853103274					1년	0.37219600853103274	불리(<1)	1년	5.2340796743239215	4.529857150565319	매우 불리	N	주당순현금<=0 / 주당FCF<=0	제외	하드필터 미통과	189884601.0	주당순현금 음수(린치식); 주당순현금 음수(보수형); 배당감안점수<1; PER>연성장률의 2배; fs=2025:CFS,2024:CFS,2022:NA,2020:NA
"=""035720"""	카카오	직접추가	메인	34500.0	75.0	1138.0	6373784263399.0	3754429416501.0	2787664614576.0	1144217904147.0						판정불가	일반	일반	16588.990645648104	14003.159539614913	15.739024037216078	18.011283357104645	N	N	803.1746031746031	-28.535770270641315	-8.670866917633225	1614.8492063492063			1837698.3968253967			5226.662019783758			3년				0.21739130434782608	51.044587807939784	-1.7992461857439574	-0.537102910148465	1786.2097378837223	5.177419530097746	3년	-1.7992461857439574	불리(<1)	3년	-28.535770270641315		판정불가	Y	통과	보류	배당감안점수 또는 린치PER배수 미산출	442495220.0	단기위험부채 존재; 1년 점수 과열 가능; 배당감안점수<1; fs=2025:CFS,2024:CFS,2022:CFS,2020:CFS
"=""323410"""	카카오뱅크	직접추가	메인	21350.0	460.0	1008.0		5031536000000.0								판정불가	일반	일반	10548.040591320245	10548.040591320245	10.716229572102932	10.716229572102932	N	N	9.090909090909083			26.681818181818166			26895.27272727271			25.973174366616902			1년	26.681818181818166	26895.27272727271	25.973174366616902	2.1545667447306793	1.0493873577433048			12444.320071931525	58.287213451669906	1년	1.0493873577433048	보통(1~1.5)	1년	9.090909090909083	1.1787852529313236	보통	Y	통과	보류	중간구간(보류)	477011437.0	fs=2025:OFS,2024:OFS,2022:NA,2020:NA
"=""377300"""	카카오페이	직접추가	메인	46250.0		335.0	1631491473258.0	2303511051026.0	95911725899.0	38914909706.0						판정불가	일반	일반	28407.16665292835	28119.217661003742	53.26218909573627	54.12173832536196	N	N	-428.4313725490196	-6.283340638970736											3년					-8.043818322580291	-0.11797000359254345		721.2173895844579	1.559388950452882	3년	-0.11797000359254345	불리(<1)	3년	-6.283340638970736		판정불가	Y	통과	보류	배당감안점수 또는 린치PER배수 미산출	135145150.0	단기위험부채 존재; 배당감안점수<1; fs=2025:CFS,2024:CFS,2022:CFS,2020:NA
"=""035250"""	강원랜드	직접추가	메인	14800.0	950.0		200357737326.0	3009244892731.0	0.0							판정불가	일반	일반	15002.314335326879	15002.314335326879			N	N													판정불가				6.418918918918918				808.0316694922186	5.459673442514991	판정불가		판정불가	판정불가			판정불가	N	순현금차감PER<=0	제외	하드필터 미통과	213940500.0	EPS 미추출; fs=2025:CFS,2024:CFS,2022:CFS,2020:CFS
"=""105560"""	KB금융	금융/은행	보정필요	177900.0	4367.0	15410.0		89862530000000.0	80049270000000.0							판정불가	금융보정	보정양호	25725.386408830236	25725.386408830236	9.875056040958453	9.875056040958453	N	N	19.64285714285714			47.78571428571428			736377.857142857			313.92796916405683			1년	47.78571428571428	736377.857142857	313.92796916405683	2.454749859471613	2.2377196555315955					1년	2.2377196555315955	안심(>=2)	1년	19.64285714285714	0.5027301257215213	헐값	N	주당FCF<=0	제외	하드필터 미통과	381462103.0	린치식 단독판정 비중 낮춤; fs=2025:CFS,2024:CFS,2022:NA,2020:NA
"=""002380"""	케이씨씨	직접추가	메인	485500.0	15000.0		1193612441434.0	36838546215.0	2949860953111.0	758686269704.0						판정불가	일반	일반	-193486.25179354099	-278861.68031899276			Y	Y													판정불가				3.089598352214212				51624.29856328795	10.633223185023265	판정불가		판정불가	판정불가			판정불가	N	주당순현금<=0 / 순현금차감PER<=0	제외	하드필터 미통과	8886471.0	주당순현금 음수(린치식); 주당순현금 음수(보수형); 단기위험부채 존재; EPS 미추출; fs=2025:CFS,2024:CFS,2022:CFS,2020:CFS
"=""015760"""	한국전력	유틸리티	메인	33100.0	1542.0	13311.0	2240811000000.0	4250164000000.0	83995702000000.0							판정불가	일반	일반	-120730.62929345189	-120730.62929345189	11.556654593452926	11.556654593452926	Y	Y	144.73248758963044			297.9649751792609			3966211.7846111413			11882.512944444536			1년	297.9649751792609	3966211.7846111413	11882.512944444536	4.658610271903323	12.926846316421603			7699.067871674695	23.26002378149455	1년	12.926846316421603	안심(>=2)	1년	144.73248758963044	0.07984837948906309	매우 유망	N	주당순현금<=0	제외	하드필터 미통과	641964077.0	주당순현금 음수(린치식); 주당순현금 음수(보수형); fs=2025:CFS,2024:CFS,2022:CFS,2020:CFS
"=""052690"""	한전기술	원전/유틸리티	메인	152000.0	1347.0	2244.0	27327763423.0	143766317133.0	10000000.0							판정불가	일반	일반	4476.297241130298	4476.297241130298	65.74140051643035	65.74140051643035	N	N	45.90377113133941	68.14874025084036	33.4594702358408	100.30754226267882	144.79748050168072	75.4189404716816	225090.12483745127	324925.5462457715	169240.1024184535	48.08560844569163	113.76680674063917	11.342172643719394	3년	144.79748050168072	324925.5462457715	113.76680674063917	0.8861842105263158	0.7117273890472078	1.0500981713055109	0.5224356976968161	565.6546605965464	0.3721412240766752	3년	1.0500981713055109	보통(1~1.5)	3년	68.14874025084036	0.964675212989277	헐값	Y	통과	보류	중간구간(보류)	38220000.0	fs=2025:CFS,2024:CFS,2022:CFS,2020:CFS
"=""051600"""	한전KPS	원전/유틸리티	메인	49300.0	1651.0	2761.0	145552915316.0	253105895590.0								판정불가	일반	일반	8859.0846868	8859.0846868	14.647198592249184	14.647198592249184	N	N	-27.94885177453027	7.4435664015639835	7.368549852889328		23.38713280312797	23.237099705778654		64571.873669436325	64157.632287654866		30.977431378166997	30.13718516765693	3년	23.38713280312797	64571.873669436325	30.977431378166997	3.3488843813387423	-1.679499819590691	0.7368269580651235	0.7317053951804398	1565.3651230222222	3.175182805318909	3년	0.7368269580651235	불리(<1)	3년	7.4435664015639835	1.9677662295283118	보통	Y	통과	제외	배당감안점수<1	45000000.0	배당감안점수<1; fs=2025:CFS,2024:CFS,2022:CFS,2020:CFS
"=""000270"""	기아	직접추가	메인	126600.0	6800.0	19382.0	13998106000000.0	7661873000000.0	978970000000.0	211292000000.0						판정불가	일반	일반	52972.13234688462	52430.93110337479	3.798775547059921	3.826698426200868	N	N	-22.138753866548832	12.82583771622907	39.189006811542605		34.15167543245814	86.87801362308521		661927.7732319037	1683869.6600426375		422.8497418893394	1230.070821518671	3년	34.15167543245814	661927.7732319037	422.8497418893394	5.371248025276461	-4.413923811384343	4.790250309889787	11.730162597078596	10401.987179740363	8.216419573254631	3년	4.790250309889787	안심(>=2)	3년	12.82583771622907	0.2961814761037535	매우 유망	Y	통과	매우 유망	배당감안점수>=2 & 린치PER배수<=0.5	390412998.0	단기위험부채 존재; fs=2025:CFS,2024:CFS,2022:CFS,2020:CFS
"=""039490"""	키움증권	직접추가	메인	278000.0	11500.0	42059.0		62457765152889.0								판정불가	일반	일반	2288251.0791779323	2288251.0791779323	-47.795978962360785	-47.795978962360785	N	N	43.20394960844398			94.90789921688796			3991731.3331630905			1335.874580274493			1년	94.90789921688796	3991731.3331630905	1335.874580274493	4.136690647482014	-0.990473284231852			-250622.40952773768	-90.15194587328693	1년	-0.990473284231852	불리(<1)	1년	43.20394960844398		판정불가	N	주당FCF<=0 / 순현금차감PER<=0	제외	하드필터 미통과	27294979.0	주당FCF 음수; 배당감안점수<1; fs=2025:CFS,2024:CFS,2022:NA,2020:NA
"=""161890"""	한국콜마	직접추가	메인	141300.0	864.0	5299.0	225316644282.0	284826044.0	476529423888.0	829915405830.0						판정불가	일반	일반	-10630.253549352963	-45788.59706291151	28.67149529144234	35.3063968792058	Y	Y	38.35509138381201		-5.429179724160593	85.21018276762402			451528.7584856397			219.55326149019086			5년				0.6114649681528662	1.3590695551757752		-0.16803151377478676	4731.724715873624	3.3487082207173557	5년	-0.16803151377478676	불리(<1)	5년	-5.429179724160593		판정불가	N	주당순현금<=0	제외	하드필터 미통과	23605077.0	주당순현금 음수(린치식); 주당순현금 음수(보수형); 단기위험부채 존재; 배당감안점수<1; fs=2025:CFS,2024:CFS,2022:CFS,2020:CFS
"=""120110"""	코오롱인더	직접추가	메인	57400.0	1300.0		263843934948.0	219536778414.0	1102334698976.0	1502712536405.0						판정불가	일반	일반	-22491.80343980112	-77097.98706719637			Y	Y													판정불가				2.264808362369338				6217.225588737651	10.831403464699742	판정불가		판정불가	판정불가			판정불가	N	주당순현금<=0 / 순현금차감PER<=0	제외	하드필터 미통과	27519091.0	주당순현금 음수(린치식); 주당순현금 음수(보수형); 단기위험부채 존재; EPS 미추출; fs=2025:CFS,2024:CFS,2022:CFS,2020:CFS
"=""047810"""	한국항공우주	우주항공/방산	메인	130500.0	500.0	1907.0	60938581663.0	200000.0	1487227060504.0	492840000000.0						판정불가	일반	일반	-14632.333554052933	-19688.393661788952	76.10505168015361	78.75636794010957	Y	Y	8.045325779036826	16.21391673368946	20.01192023737235	24.590651558073652	40.92783346737892	48.5238404747447	46894.372521246456	78049.3784222916	92534.96378533814	-64.06561492624793	-40.19204718598345	-29.091981773687248	3년	40.92783346737892	78049.3784222916	-40.19204718598345	0.38314176245210724	0.11074780655706298	0.21808090435171054	0.2679856533773698	-11214.27678311756	-8.593315542618821	3년	0.21808090435171054	불리(<1)	3년	16.21391673368946	4.693810442607101	매우 불리	N	주당순현금<=0 / 주당FCF<=0	제외	하드필터 미통과	97475107.0	주당순현금 음수(린치식); 주당순현금 음수(보수형); 단기위험부채 존재; 주당FCF 음수; 배당감안점수<1; PER>연성장률의 2배; fs=2025:CFS,2024:CFS,2022:CFS,2020:CFS
"=""071320"""	지역난방공사	유틸리티	메인	74700.0	6157.0	28102.0	13136000000.0	14472000000.0	3000419000000.0							판정불가	일반	일반	-256747.27759763927	-256747.27759763927	11.794437321103098	11.794437321103098	Y	Y	66.77744807121661		65.27173293436219	142.05489614243322		139.04346586872438	3992026.6913946583		3907399.4778428925	5244.078569470761		5130.789126965051	5년	139.04346586872438	3907399.4778428925	5130.789126965051	8.242302543507362	6.36060445889144		6.232941299059276	29663.925551856057	39.710743710650675	5년	6.232941299059276	안심(>=2)	5년	65.27173293436219	0.18069747486195417	매우 유망	N	주당순현금<=0	제외	하드필터 미통과	11578744.0	주당순현금 음수(린치식); 주당순현금 음수(보수형); fs=2025:CFS,2024:CFS,2022:CFS,2020:CFS
"=""036460"""	한국가스공사	유틸리티	메인	37000.0	1154.0		1147352000000.0	151248000000.0	21802116000000.0							판정불가	일반	일반	-222108.6520858384	-222108.6520858384			Y	Y													판정불가				3.1189189189189186				46549.424241439454	125.80925470659312	판정불가		판정불가	판정불가			판정불가	N	주당순현금<=0 / 순현금차감PER<=0	제외	하드필터 미통과	92313000.0	주당순현금 음수(린치식); 주당순현금 음수(보수형); EPS 미추출; fs=2025:CFS,2024:CFS,2022:CFS,2020:CFS
"=""071050"""	한국금융지주	직접추가	메인	193600.0	8690.0	34592.0		111427682000000.0								판정불가	일반	일반	1999563.901886215	1999563.901886215	-52.207559605868845	-52.207559605868845	N	N													판정불가				4.488636363636363						판정불가		판정불가	판정불가			판정불가	N	주당FCF<=0 / 순현금차감PER<=0	제외	하드필터 미통과	55725992.0	fs=2025:CFS,2024:CFS,2022:NA,2020:NA
"=""006650"""	대한유화	직접추가	메인	102200.0	1300.0	5134.0	151455436829.0	90052666000.0								판정불가	일반	일반	37155.09274292308	37155.09274292308	12.66944044742441	12.66944044742441	N	N	-471.7595944967415		-24.26352631533887										5년				1.2720156555772992	-37.13562416537585		-1.8147218699335335	19148.828141846156	18.736622447990367	5년	-1.8147218699335335	불리(<1)	5년	-24.26352631533887		판정불가	Y	통과	보류	배당감안점수 또는 린치PER배수 미산출	6500000.0	배당감안점수<1; fs=2025:CFS,2024:CFS,2022:CFS,2020:CFS
"=""010130"""	고려아연	소재	메인	1179000.0	20000.0	42566.0	3451069963536.0	1038402532013.0	2668945939951.0	3128688084125.0						판정불가	일반	일반	87219.33882994796	-62672.518151442666	25.649125150825828	29.170523848880393	N	Y	184.74145427787812	8.708371766163726	5.597910450753152	377.98290855575624	25.91674353232745	19.695820901506302	16089220.48558432	1103172.1051970504	838372.3124935173	1264.6497443243697	-6.43154324028411	-28.891237277903535	3년	25.91674353232745	1103172.1051970504	-6.43154324028411	1.6963528413910092	7.26877840951493	0.40565612068136103	0.28438643615528175	-75274.78704653852	-6.384629944574938	3년	0.40565612068136103	불리(<1)	3년	8.708371766163726	2.945341085515572	매우 불리	N	주당FCF<=0	제외	하드필터 미통과	20872969.0	주당순현금 음수(보수형); 단기위험부채 존재; 주당FCF 음수; 1년 점수 과열 가능; 배당감안점수<1; PER>연성장률의 2배; fs=2025:CFS,2024:CFS,2022:CFS,2020:CFS
"=""003490"""	대한항공	직접추가	메인	28950.0	750.0	2133.0	1869988073408.0	3532702331766.0	5900725093281.0	2027009390000.0						판정불가	일반	일반	-1352.5441151358968	-6857.420958534969	14.20653732542705	16.787351598000452	Y	Y	-40.1850813236119	-23.620676172572395	-13.307685693628002										3년				2.5906735751295336	-2.6462752243782437	-1.4803046031352822	-0.754371869302523	-599.9903851348527	-2.0725056481342063	3년	-1.4803046031352822	불리(<1)	3년	-23.620676172572395		판정불가	N	주당순현금<=0 / 주당FCF<=0	제외	하드필터 미통과	368220661.0	주당순현금 음수(린치식); 주당순현금 음수(보수형); 단기위험부채 존재; 주당FCF 음수; 1년 점수 과열 가능; 배당감안점수<1; fs=2025:CFS,2024:CFS,2022:CFS,2020:CFS
"=""259960"""	크래프톤	직접추가	메인	212500.0	2240.0	16454.0	596725775511.0	2771628277288.0	232600090556.0	253882981026.0						판정불가	일반	일반	66149.80047167496	60794.052303852826	8.894505866556768	9.220004114266874	N	N	-42.45444689259609	15.546458229987593			39.592916459975186			651461.8474324316			206.57028114467374		3년	39.592916459975186	651461.8474324316	206.57028114467374	1.0541176470588236	-4.6545957545772145	1.8663853985935719		19894.79976593031	9.362258713378969	3년	1.8663853985935719	양호(>=1.5)	3년	15.546458229987593	0.5721242571764763	헐값	Y	통과	양호	배당감안점수>=1.5 & 린치PER배수<1	47403831.0	단기위험부채 존재; fs=2025:CFS,2024:CFS,2022:CFS,2020:NA
"=""030200"""	KT	통신	보정필요	52700.0	2400.0	7119.0	3506971000000.0									판정불가	통신보정	보정양호	13915.354148989203	13915.354148989203	5.448046895773395	5.448046895773395	N	N	273.1132075471698	10.974077918572789	21.542256858726816	554.7264150943396	30.448155837145578	51.58451371745363	3949097.3490566034	216760.42140463938	367230.1531545524	7393.543356843649	311.3100975420102	596.831410160441	3년	30.448155837145578	216760.42140463938	311.3100975420102	4.554079696394687	50.96639081043507	2.8502246606970747	4.79003522810479	17845.761962904104	33.86292592581424	3년	2.8502246606970747	안심(>=2)	3년	10.974077918572789	0.49644689387096397	매우 유망	Y	통과	매우 유망	배당감안점수>=2 & 린치PER배수<=0.5	252021685.0	린치식 단독판정 비중 낮춤; 1년 점수 과열 가능; fs=2025:CFS,2024:CFS,2022:CFS,2020:CFS
"=""033780"""	KT&G	필수소비재	메인	171800.0	6000.0	10228.0	913503000000.0		1062456000000.0	332978000000.0						판정불가	일반	일반	-1262.563450588038	-4084.9695293504915	16.92046963732773	17.196418608657655	Y	Y	-10.146710006149517	6.408926515670932	1.8767217197089403		21.317853031341862	12.25344343941788		218039.00080456457	125328.21949836609		26.914435858302998	-27.04993044332591	3년	21.317853031341862	218039.00080456457	26.914435858302998	3.4924330616996504	-0.393267863544997	0.5851704940581257	0.31731712514432003	-776.4757168675206	-0.4519649108658444	3년	0.5851704940581257	불리(<1)	3년	6.408926515670932	2.6401409964608367	매우 불리	N	주당순현금<=0 / 주당FCF<=0	제외	하드필터 미통과	117976645.0	주당순현금 음수(린치식); 주당순현금 음수(보수형); 단기위험부채 존재; 주당FCF 음수; 배당감안점수<1; PER>연성장률의 2배; fs=2025:CFS,2024:CFS,2022:CFS,2020:CFS
"=""011780"""	금호석유	석유화학	watchlist	124900.0	1700.0	11391.0	650436032913.0	82275660739.0								판정불가	일반	일반	28146.856005717942	28146.856005717942	8.493823544401902	8.493823544401902	N	N	-15.138195634358931	-32.65223990875862	-11.416304781151009										3년				1.3610888710968776	-1.6220147135434961	-3.6839888271854986	-1.183826795728681	19963.595148223274	15.983663049017832	3년	-3.6839888271854986	불리(<1)	3년	-32.65223990875862		판정불가	Y	통과	보류	배당감안점수 또는 린치PER배수 미산출	26031742.0	린치식 단독판정 비중 낮춤; 1년 점수 과열 가능; 배당감안점수<1; fs=2025:CFS,2024:CFS,2022:CFS,2020:CFS
"=""073240"""	금호타이어	직접추가	메인	7370.0		1209.0	574762190002.0	23370402051.0	732635884134.0	995816495352.0						판정불가	일반	일반	-468.2279387996295	-3934.8278846250682	6.483232372869834	9.350560698614615	Y	Y	6.896551724137923			22.293103448275843			26952.362068965496			265.7036915734803			1년	22.293103448275843	26952.362068965496	265.7036915734803		1.0637520495174124			2095.5020502990724	28.43286364042161	1년	1.0637520495174124	보통(1~1.5)	1년	6.896551724137923	0.940068694066127	헐값	N	주당순현금<=0	제외	하드필터 미통과	287260287.0	주당순현금 음수(린치식); 주당순현금 음수(보수형); 단기위험부채 존재; fs=2025:CFS,2024:CFS,2022:CFS,2020:CFS
"=""066970"""	엘앤에프	2차전지	메인	120000.0		-15508.0	382883140911.0	62183142824.0	390410933286.0	781033333338.0						판정불가	일반	일반	1358.2710122097233	-18051.629894608985			N	Y	37.65311556896857			83.80623113793715									1년	83.80623113793715							-4189.943890632833	-3.4916199088606943	판정불가		판정불가	1년	37.65311556896857		판정불가	N	주당FCF<=0 / 순현금차감PER<=0	제외	하드필터 미통과	40238914.0	주당순현금 음수(보수형); 단기위험부채 존재; 주당FCF 음수; fs=2025:CFS,2024:CFS,2022:CFS,2020:CFS
"=""003550"""	LG	직접추가	메인	112500.0	3100.0	4780.0	1511450000000.0	1839426000000.0	159829000000.0	0.0						판정불가	일반	일반	20691.31243852798	20691.31243852798	19.206838401981592	19.206838401981592	N	N	28.77155172413792	-27.26466268691552	-10.530872700659177	66.04310344827584			315686.03448275855			180.6098084291187			3년				2.7555555555555555	1.6414522067536523	-1.2760615057203444	-0.4048202511195925	5491.624275551311	4.881443800490055	3년	-1.2760615057203444	불리(<1)	3년	-27.26466268691552		판정불가	Y	통과	보류	배당감안점수 또는 린치PER배수 미산출	154221585.0	1년 점수 과열 가능; 배당감안점수<1; fs=2025:CFS,2024:CFS,2022:CFS,2020:CFS
"=""051910"""	LG화학	석유화학	watchlist	273000.0	2000.0	-23244.0	9899926000000.0	245464000000.0	2407851000000.0							판정불가	일반	일반	109608.75742571683	109608.75742571683			N	N	163.35825968728756			335.2165193745751									1년	335.2165193745751			0.7326007326007326				-79651.86819199358	-29.176508495235744	판정불가		판정불가	1년	163.35825968728756		판정불가	N	주당FCF<=0 / 순현금차감PER<=0	제외	하드필터 미통과	70592343.0	린치식 단독판정 비중 낮춤; 주당FCF 음수; fs=2025:CFS,2024:CFS,2022:CFS,2020:CFS
"=""064400"""	LG씨엔에스	직접추가	메인	71900.0	1850.0	4549.0	1140987852000.0	602021775000.0	159828598000.0	0.0						판정불가	일반	일반	16340.667162589976	16340.667162589976	12.213526673424933	12.213526673424933	N	N	8.827751196172251			26.155502392344502			118981.38038277514			65.48175296630757			1년	26.155502392344502	118981.38038277514	65.48175296630757	2.5730180806675937	0.933454323364803			3767.269821212876	5.239596413369786	1년	0.933454323364803	불리(<1)	1년	8.827751196172251	1.3835377098893282	보통	Y	통과	제외	배당감안점수<1	96885948.0	배당감안점수<1; fs=2025:CFS,2024:CFS,2022:NA,2020:NA
"=""034220"""	LG디스플레이	직접추가	메인	8900.0		453.0	1572058000000.0	611000000.0	8934975000000.0							판정불가	일반	일반	-14724.612	-14724.612	52.15146136865342	52.15146136865342	Y	Y	-108.33026848105922												1년					-2.0772240247551927			490.0	5.50561797752809	1년	-2.0772240247551927	불리(<1)	1년	-108.33026848105922		판정불가	N	주당순현금<=0	제외	하드필터 미통과	500000000.0	주당순현금 음수(린치식); 주당순현금 음수(보수형); 배당감안점수<1; fs=2025:CFS,2024:CFS,2022:CFS,2020:CFS
"=""066570"""	LG전자	직접추가	메인	199500.0	1350.0	5380.0	8769841000000.0	226864000000.0								판정불가	일반	일반	55233.007286238106	55233.007286238106	26.81542615497433	26.81542615497433	N	N	157.90987535953977	-6.773782148657093	-13.211093618974335	324.31975071907954			1744840.258868648			774.6066460494476			3년				0.6766917293233082	5.914005101852347	-0.22737249761002806	-0.46743250758764704	2290.6763841474362	1.1482087138583639	3년	-0.22737249761002806	불리(<1)	3년	-6.773782148657093		판정불가	Y	통과	보류	배당감안점수 또는 린치PER배수 미산출	162886387.0	1년 점수 과열 가능; 배당감안점수<1; fs=2025:CFS,2024:CFS,2022:CFS,2020:CFS
"=""373220"""	LG에너지솔루션	2차전지	메인	360000.0		-4585.0	3779307000000.0	46724000000.0	2407851000000.0							판정불가	일반	일반	6060.598290598291	6060.598290598291			N	N													판정불가								-28061.529914529914	-7.794869420702753	판정불가		판정불가	판정불가			판정불가	N	주당FCF<=0 / 순현금차감PER<=0	제외	하드필터 미통과	234000000.0	주당FCF 음수; fs=2025:CFS,2024:CFS,2022:CFS,2020:CFS
"=""051900"""	LG생활건강	직접추가	메인	291000.0	2000.0	-5930.0	1086333734803.0	100697817600.0	120239309804.0	55803511595.0						판정불가	일반	일반	69713.77885077163	66067.07660540048			N	N	-152.33430412143676												1년				0.6872852233676976				22989.9067608023	7.900311601650274	판정불가		판정불가	1년	-152.33430412143676		판정불가	N	순현금차감PER<=0	제외	하드필터 미통과	15302459.0	단기위험부채 존재; fs=2025:CFS,2024:CFS,2022:CFS,2020:CFS
"=""011070"""	LG이노텍	직접추가	메인	543000.0	1880.0	14421.0	1406403000000.0	72896000000.0								판정불가	일반	일반	62504.42861478592	62504.42861478592	33.31915757473227	33.31915757473227	N	N	-24.040031603897816	-29.57093933979966	0.6187699510769251			9.73753990215385			140425.0629289607			-74.13903076814721	3년				0.3462246777163904	-0.7111166263143978	-0.8771144527449266	0.028962155679623888	24374.504243378797	4.488858976681178	3년	-0.8771144527449266	불리(<1)	3년	-29.57093933979966		판정불가	Y	통과	보류	배당감안점수 또는 린치PER배수 미산출	23667107.0	1년 점수 과열 가능; 배당감안점수<1; fs=2025:CFS,2024:CFS,2022:CFS,2020:CFS
"=""032640"""	LG유플러스	통신	보정필요	14890.0	660.0	1221.0	794318000000.0	96103000000.0	6032435000000.0	0.0						판정불가	통신보정	보정주의	-11962.94739559469	-11962.94739559469	21.992585909577958	21.992585909577958	Y	Y	40.18369690011481	-7.505357255026945	16.093370483592317	88.86739380022962		40.68674096718463	108507.08783008037		49678.510720932434	628.7245656822054		233.63674090619497	3년				4.432505036937542	2.0286928567877784	-0.13972218777379655	0.9333088707677011	2279.814694868141	15.311045633768577	3년	-0.13972218777379655	불리(<1)	3년	-7.505357255026945		판정불가	N	주당순현금<=0	제외	하드필터 미통과	429828355.0	린치식 단독판정 비중 낮춤; 주당순현금 음수(린치식); 주당순현금 음수(보수형); 1년 점수 과열 가능; 배당감안점수<1; fs=2025:CFS,2024:CFS,2022:CFS,2020:CFS
"=""079550"""	LIG넥스원	우주항공/방산	메인	678000.0	2950.0	11604.0	125190009682.0	74459447021.0	923361958512.0	603656788627.0						판정불가	일반	일반	-32896.0228095	-60334.96774709091	61.26301471988108	63.627625624533856	Y	Y	14.066647006782663	27.179527397785485	34.219216690902975	36.633294013565326	62.85905479557097	76.93843338180595	425092.74373341206	729416.4718478055	892793.5809624762	-37.30195520156164	7.583550420030316	31.680469168506818	3년	62.85905479557097	729416.4718478055	7.583550420030316	0.4351032448377581	0.23671297140580175	0.45075533368523146	0.5656646199047516	-39377.47379822727	-5.807886990888978	3년	0.45075533368523146	불리(<1)	3년	27.179527397785485	2.254013243985715	매우 불리	N	주당순현금<=0 / 주당FCF<=0	제외	하드필터 미통과	22000000.0	주당순현금 음수(린치식); 주당순현금 음수(보수형); 단기위험부채 존재; 주당FCF 음수; 배당감안점수<1; PER>연성장률의 2배; fs=2025:CFS,2024:CFS,2022:CFS,2020:CFS
"=""004990"""	롯데지주	직접추가	메인	25050.0	1250.0	-8978.0	1391291862106.0	1039362449959.0	5672138060606.0	3773429305995.0						판정불가	일반	일반	-30897.982305800204	-66866.49579327319			Y	Y	-37.605115018416846												1년				4.990019960079841				-1991.5043153635747	-7.9501170273995	판정불가		판정불가	1년	-37.605115018416846		판정불가	N	주당순현금<=0 / 주당FCF<=0 / 순현금차감PER<=0	제외	하드필터 미통과	104909237.0	주당순현금 음수(린치식); 주당순현금 음수(보수형); 단기위험부채 존재; 주당FCF 음수; fs=2025:CFS,2024:CFS,2022:CFS,2020:CFS
"=""011170"""	롯데케미칼	석유화학	watchlist	65500.0	1000.0		1870312010924.0	824440281077.0	9399387662619.0							판정불가	일반	일반	-156740.37864171478	-156740.37864171478			Y	Y													판정불가				1.5267175572519083				-26783.67225319289	-40.89110267663037	판정불가		판정불가	판정불가			판정불가	N	주당순현금<=0 / 주당FCF<=0 / 순현금차감PER<=0	제외	하드필터 미통과	42775419.0	린치식 단독판정 비중 낮춤; 주당순현금 음수(린치식); 주당순현금 음수(보수형); 주당FCF 음수; EPS 미추출; fs=2025:CFS,2024:CFS,2022:CFS,2020:CFS
"=""005300"""	롯데칠성음료	직접추가	메인	97600.0	3400.0	4697.0	213358325740.0	11845742299.0	168590223949.0	1587240348429.0						판정불가	일반	일반	5630.868480357551	-152237.61390908112	19.580398449998395	53.190890761992996	N	Y	-20.09186798230691	-28.321091651421646											3년				3.483606557377049	-0.8482085524123347	-1.2684872147760933		12123.245426933277	12.42135801939885	3년	-1.2684872147760933	불리(<1)	3년	-28.321091651421646		판정불가	Y	통과	보류	배당감안점수 또는 린치PER배수 미산출	10054194.0	주당순현금 음수(보수형); 단기위험부채 존재; 1년 점수 과열 가능; 배당감안점수<1; fs=2025:CFS,2024:CFS,2022:CFS,2020:CFS
"=""004000"""	롯데정밀화학	직접추가	메인	46150.0	1500.0	4165.0	172038879703.0	562065025.0	45301437028.0	842860000.0						판정불가	일반	일반	4934.089445736434	4901.420453488372	9.89577684376076	9.903620539378542	N	N		-10.129293888244783	-11.804095268565707										3년				3.2502708559046587		-0.6951473483031618	-0.8643914012727755	1136.2980498449613	2.4621842900215842	3년	-0.6951473483031618	불리(<1)	3년	-10.129293888244783		판정불가	Y	통과	보류	배당감안점수 또는 린치PER배수 미산출	25800000.0	단기위험부채 존재; 배당감안점수<1; fs=2025:CFS,2024:CFS,2022:CFS,2020:CFS
"=""023530"""	롯데쇼핑	직접추가	메인	112000.0	4000.0	1824.0	571525104252.0		9833740433980.0							판정불가	일반	일반	-327416.85979916755	-327416.85979916755	240.90836611796468	240.90836611796468	Y	Y	-105.26042567918326												1년				3.571428571428571	-0.4221065409491052			36267.714863697605	32.38188827115857	1년	-0.4221065409491052	불리(<1)	1년	-105.26042567918326		판정불가	N	주당순현금<=0	제외	하드필터 미통과	28288755.0	주당순현금 음수(린치식); 주당순현금 음수(보수형); 배당감안점수<1; fs=2025:CFS,2024:CFS,2022:CFS,2020:CFS
"=""280360"""	롯데웰푸드	직접추가	메인	142900.0	3300.0	8176.0	465769787384.0	60447985569.0	1114724963974.0							판정불가	일반	일반	-63249.23537832038	-63249.23537832038	25.21394757562627	25.21394757562627	Y	Y	-14.575279490126425		5.046315298946524			18.59263059789305			152013.34776837355			6.37743020879884	5년	18.59263059789305	152013.34776837355	6.37743020879884	2.309307207837649	-0.48647567960147586		0.29172831761951784	-12931.762180407184	-9.049518670683824	5년	0.29172831761951784	불리(<1)	5년	5.046315298946524	4.996506575974349	매우 불리	N	주당순현금<=0 / 주당FCF<=0	제외	하드필터 미통과	9304574.0	주당순현금 음수(린치식); 주당순현금 음수(보수형); 주당FCF 음수; 배당감안점수<1; PER>연성장률의 2배; fs=2025:CFS,2024:CFS,2022:CFS,2020:CFS
"=""006260"""	LS	직접추가	메인	319500.0	2500.0	9903.0	2086611000000.0	856757000000.0	2796384000000.0	5804770000000.0						판정불가	일반	일반	4636.719242902208	-178479.05362776027	31.794737024850836	50.285676424089694	N	Y	14.129307364296405	-15.509731147342876	16.589235636822398	36.75861472859281		41.678471273644796	364020.5616572546		412741.90102290444	13.934448093037432		29.183693590893412	3년				0.7824726134585289	0.4690015195313568	-0.4631979979068073	0.5463705592753657	-31030.6309148265	-9.712247547676526	3년	-0.4631979979068073	불리(<1)	3년	-15.509731147342876		판정불가	N	주당FCF<=0	제외	하드필터 미통과	31700000.0	주당순현금 음수(보수형); 단기위험부채 존재; 주당FCF 음수; 1년 점수 과열 가능; 배당감안점수<1; fs=2025:CFS,2024:CFS,2022:CFS,2020:CFS
"=""010120"""	LS ELECTRIC	전력설비	메인	204500.0	3000.0	9647.0	762716704001.0	205184236697.0	773010797653.0	302192853551.0						판정불가	일반	일반	6496.3381015	-3576.7570168666666	20.524894982740747	21.56906364847794	N	Y	19.423124535776193	45.94979891928113	27.235637161019888	47.346249071552386	100.39959783856226	62.971274322039775	456749.26479326584	968554.9203486101	607483.8833847177	123.3492737375383	373.62098794553066	197.05813368445857	3년	100.39959783856226	968554.9203486101	373.62098794553066	1.466992665036675	1.0177941089773777	2.3102087306264067	1.3984300455711183	3012.7272868333334	1.4732162771801143	3년	2.3102087306264067	안심(>=2)	3년	45.94979891928113	0.44668084443190537	매우 유망	Y	통과	매우 유망	배당감안점수>=2 & 린치PER배수<=0.5	30000000.0	주당순현금 음수(보수형); 단기위험부채 존재; fs=2025:CFS,2024:CFS,2022:CFS,2020:CFS
"=""138040"""	메리츠금융지주	직접추가	메인	128400.0	1350.0	12903.0		57255930460341.0								판정불가	일반	일반	326762.6475868441	326762.6475868441	-15.373374222029303	-15.373374222029303	N	N	5.253283302063783			19.006566604127563			245241.72889305794			90.998231225123			1년	19.006566604127563	245241.72889305794	90.998231225123	1.0514018691588785	-0.41010418924092484					1년	-0.41010418924092484	불리(<1)	1년	5.253283302063783		판정불가	N	주당FCF<=0 / 순현금차감PER<=0	제외	하드필터 미통과	175221773.0	배당감안점수<1; fs=2025:CFS,2024:CFS,2022:NA,2020:NA
"=""006800"""	미래에셋증권	금융/증권	보정필요	33450.0	0.0	2680.0	1698057000000.0	128930885000000.0	9756730000000.0							판정불가	금융보정	보정주의	213146.27533903014	213146.27533903014	-67.0508490071008	-67.0508490071008	N	N	73.46278317152104			155.42556634304208			416540.51779935276			1145.2631324345373			1년	155.42556634304208	416540.51779935276	1145.2631324345373	0.0	-1.095627934013799			-12193.31326010751	-36.45235653245892	1년	-1.095627934013799	불리(<1)	1년	73.46278317152104		판정불가	N	주당FCF<=0 / 순현금차감PER<=0	제외	하드필터 미통과	567085734.0	린치식 단독판정 비중 낮춤; 주당FCF 음수; 배당감안점수<1; fs=2025:CFS,2024:CFS,2022:NA,2020:NA
"=""081660"""	미스토홀딩스	직접추가	메인	39950.0	1980.0	4061.0	625567094487.0	7474935386.0	1662319967352.0							판정불가	일반	일반	-19386.744506858304	-19386.744506858304	14.611362843353437	14.611362843353437	Y	Y	186.591390261115	-10.790250426997183	11.983680556282028	381.68278052223		32.467361112564056	1550013.7717007762		131849.95347812262	3779.8842846077		230.03743048341084	3년				4.956195244055069	13.109494819800684	-0.399282068722013	1.1593631601615368	5893.732083819284	14.752771173515104	3년	-0.399282068722013	불리(<1)	3년	-10.790250426997183		판정불가	N	주당순현금<=0	제외	하드필터 미통과	53091840.0	주당순현금 음수(린치식); 주당순현금 음수(보수형); 1년 점수 과열 가능; 배당감안점수<1; fs=2025:CFS,2024:CFS,2022:CFS,2020:CFS
"=""002840"""	미원상사	직접추가	메인	135500.0	2400.0	9449.0	26488253934.0	2869800000.0		56542234.0						판정불가	일반	일반	6180.642933473684	6168.739305263158	13.686036307178147	13.687296083684712	N	N	-12.428174235403155	-13.799130124356108	-1.8410746860862304			4.817850627827539			45523.87058234242			-66.40304754070671	3년				1.7712177121771218	-0.7786736995310028	-0.8788455723934111	-0.005104251686989135	4071.338190526316	3.0046776313847348	3년	-0.8788455723934111	불리(<1)	3년	-13.799130124356108		판정불가	Y	통과	보류	배당감안점수 또는 린치PER배수 미산출	4750000.0	단기위험부채 존재; 1년 점수 과열 가능; 배당감안점수<1; fs=2025:CFS,2024:CFS,2022:CFS,2020:CFS
"=""268280"""	미원에스씨	직접추가	메인	135000.0	3200.0	12662.0	58959811112.0			34836825379.0						판정불가	일반	일반	11791.9622224	4824.5971466	9.730535284915495	10.28079314906018	N	N	13.418129702615555	-0.7008484463701614	13.343223272870098	35.33625940523111	7.098303107259677	35.186446545740196	447427.71658903634	89878.71394412204	445530.7861621624	231.427938214101	-33.4231748562059	230.02280456456475	3년	7.098303107259677	89878.71394412204	-33.4231748562059	2.3703703703703702	1.6225726140124717	0.1715755480161858	1.6148745349703475	6279.6343486	4.651580998962963	3년	0.1715755480161858	불리(<1)	3년	-0.7008484463701614		판정불가	Y	통과	보류	배당감안점수 또는 린치PER배수 미산출	5000000.0	단기위험부채 존재; 1년 점수 과열 가능; 배당감안점수<1; fs=2025:CFS,2024:CFS,2022:CFS,2020:CFS
"=""035420"""	NAVER	직접추가	메인	206500.0	2630.0	13009.0	5984018799741.0	5235312755210.0	1256361590806.0	132159574017.0						판정불가	일반	일반	63518.0261625246	62675.45458896267	10.99100421534902	11.05577257368263	N	N	2.416942213824602		10.610774201816863	13.333884427649204		29.721548403633726	173460.5025192885		386647.62318287115	-15.999756649254959		87.23855844206835	5년	29.721548403633726	386647.62318287115	87.23855844206835	1.2736077481840193	0.33577914171434314		1.0812826305174421	11325.425174978569	5.484467397084053	5년	1.0812826305174421	보통(1~1.5)	5년	10.610774201816863	1.0358343327546309	보통	Y	통과	보류	중간구간(보류)	156852638.0	단기위험부채 존재; fs=2025:CFS,2024:CFS,2022:CFS,2020:CFS
"=""036570"""	NC	직접추가	메인	205500.0	1150.0	17876.0	503522487163.0	1499844872739.0	177813001472.0							판정불가	일반	일반	84736.00511687186	84736.00511687186	6.755649747322003	6.755649747322003	N	N	278.087986463621	-5.903415055311056	-8.909537463398499	564.675972927242			10094147.692047378			4811.994010728651			3년				0.559610705596107	41.246602116942995	-0.791012641209423	-1.2359916618105273	2177.512866910366	1.0596169668663582	3년	-0.791012641209423	불리(<1)	3년	-5.903415055311056		판정불가	Y	통과	보류	배당감안점수 또는 린치PER배수 미산출	21544022.0	1년 점수 과열 가능; 배당감안점수<1; fs=2025:CFS,2024:CFS,2022:CFS,2020:CFS
"=""251270"""	넷마블	직접추가	메인	35200.0	876.0		688942929318.0	236601481356.0	377828444422.0	732523334222.0						판정불가	일반	일반	6372.235610039484	-2150.0853795346234			N	Y													판정불가				2.4886363636363638				3193.167304922608	9.071498025348317	판정불가		판정불가	판정불가			판정불가	N	순현금차감PER<=0	제외	하드필터 미통과	85953502.0	주당순현금 음수(보수형); 단기위험부채 존재; EPS 미추출; fs=2025:CFS,2024:CFS,2022:CFS,2020:CFS
"=""005940"""	NH투자증권	직접추가	메인	26300.0	1300.0	2932.0	2630830000000.0	68236691000000.0	4707188000000.0							판정불가	일반	일반	185664.03388290948	185664.03388290948	-54.35335398462124	-54.35335398462124	N	N	45.43650793650793			99.37301587301586			291361.6825396825			1007.8390971090588			1년	99.37301587301586	291361.6825396825	1007.8390971090588	4.942965779467681	-0.9268880395169357			-15292.555387622808	-58.14659843202589	1년	-0.9268880395169357	불리(<1)	1년	45.43650793650793		판정불가	N	주당FCF<=0 / 순현금차감PER<=0	제외	하드필터 미통과	356344369.0	주당FCF 음수; 배당감안점수<1; fs=2025:CFS,2024:CFS,2022:NA,2020:NA
"=""004370"""	농심	필수소비재	메인	414500.0	6000.0	29342.0	253539960716.0	745596630000.0	125972160319.0	27652497602.0						판정불가	일반	일반	143550.1925638563	139004.05987973648	9.23419696803707	9.389132987535392	N	N	7.867068597897209	13.475331168715332	2.7004092516118794	24.234137195794418	35.450662337430664	13.900818503223759	711078.0535989997	1040193.3343048906	407877.8165215915	71.5507970082026	150.95134723881557	-1.5976317197607948	3년	35.450662337430664	1040193.3343048906	150.95134723881557	1.4475271411338964	1.0087066337519468	1.6160428851044324	0.44919297336880504	33019.471789396775	7.966096933509475	3년	1.6160428851044324	양호(>=1.5)	3년	13.475331168715332	0.6852667925130785	헐값	Y	통과	양호	배당감안점수>=1.5 & 린치PER배수<1	6082642.0	단기위험부채 존재; fs=2025:CFS,2024:CFS,2022:CFS,2020:CFS
"=""010060"""	OCI홀딩스	직접추가	메인	218500.0	1000.0	-4809.0	1034744959000.0									판정불가	일반	일반	55422.18002432964	55422.18002432964			N	N	-194.72129210163482												1년				0.4576659038901602				9707.740268037376	4.4429017245022315	판정불가		판정불가	1년	-194.72129210163482		판정불가	N	순현금차감PER<=0	제외	하드필터 미통과	18670232.0	fs=2025:CFS,2024:CFS,2022:CFS,2020:CFS
"=""271560"""	오리온	필수소비재	메인	119300.0	3500.0	9682.0	311390944459.0	31192701875.0	22097727513.0							판정불가	일반	일반	8106.152590268567	8106.152590268567	11.484594857439726	11.484594857439726	N	N	-27.04393037450079	-0.8262042047842644	7.4207333275822185		6.847591590431471	23.34146665516444		66298.38177855751	225992.0801553021		-44.42717369777242	89.43175201617946	3년	6.847591590431471	66298.38177855751	-44.42717369777242	2.933780385582565	-2.0993470199168285	0.18351332432358394	0.9016002603223852	9890.016867456836	8.29003928537874	3년	0.18351332432358394	불리(<1)	3년	-0.8262042047842644		판정불가	Y	통과	보류	배당감안점수 또는 린치PER배수 미산출	39536132.0	배당감안점수<1; fs=2025:CFS,2024:CFS,2022:CFS,2020:CFS
"=""001800"""	오리온홀딩스	직접추가	메인	25450.0	1100.0	2011.0	353427526408.0	40225597539.0	23781543774.0							판정불가	일반	일반	5904.20765579646	5904.20765579646	9.71943925619271	9.71943925619271	N	N	-24.681647940074903	5.512222260013111	9.302936730683564		19.524444520026222	27.10587346136713		39263.65792977273	54509.911530809295		54.27763430166102	114.1843282153607	3년	19.524444520026222	39263.65792977273	54.27763430166102	4.322200392927308	-2.0947142124660783	1.0118302500501197	1.4018439505066778	5198.228152968624	20.42525796844253	3년	1.0118302500501197	보통(1~1.5)	3년	5.512222260013111	1.7632524230199658	보통	Y	통과	보류	중간구간(보류)	62645422.0	fs=2025:CFS,2024:CFS,2022:CFS,2020:CFS
"=""007310"""	오뚜기	직접추가	메인	332500.0	9000.0	20279.0	412685029869.0	273077178893.0	186473980697.0	509239504017.0						판정불가	일반	일반	124578.19519914767	-2482.958596547259	10.253060052312852	16.518711898838564	N	Y	-49.363264083100276	-36.84393156790511	-8.312202484315046										3년				2.706766917293233	-4.55049486960553	-3.3294611049226543	-0.5467085473431277	8412.798855490377	2.530165069320414	3년	-3.3294611049226543	불리(<1)	3년	-36.84393156790511		판정불가	Y	통과	보류	배당감안점수 또는 린치PER배수 미산출	4007830.0	주당순현금 음수(보수형); 단기위험부채 존재; 1년 점수 과열 가능; 배당감안점수<1; fs=2025:CFS,2024:CFS,2022:CFS,2020:CFS
"=""028670"""	팬오션	직접추가	메인	6030.0	150.0	564.0	839667000000.0									판정불가	일반	일반	1570.7349206252525	1570.7349206252525	7.906498367685722	7.906498367685722	N	N	12.350597609561742	-23.645583428215545	26.662075505745552	33.201195219123484		61.824151011491104	18725.474103585646		34868.82117048098	210.53854234802066		478.25574080399633	3년				2.4875621890547266	1.8767043397189347	-2.676029293275361	3.6867948792522864	898.78863125288	14.905284100379438	3년	-2.676029293275361	불리(<1)	3년	-23.645583428215545		판정불가	Y	통과	보류	배당감안점수 또는 린치PER배수 미산출	534569512.0	1년 점수 과열 가능; 배당감안점수<1; fs=2025:CFS,2024:CFS,2022:CFS,2020:CFS
"=""034230"""	파라다이스	직접추가	메인	9930.0	150.0	1087.0	341761126505.0	5000000000.0	796472209722.0	137240950000.0						판정불가	일반	일반	-4866.710272452332	-6351.912585875921	13.612428953498005	14.978760428588703	Y	Y	24.22857142857142	54.2810589168254		56.95714285714284	117.0621178336508		61912.414285714265	127246.52208517843		523.4885627967196	1181.4352677258653		3년	117.0621178336508	127246.52208517843	1181.4352677258653	1.5105740181268883	1.8908561825833503	4.098580284646072		1428.3554813839717	14.384244525518344	3년	4.098580284646072	안심(>=2)	3년	54.2810589168254	0.2507767760086675	매우 유망	N	주당순현금<=0	제외	하드필터 미통과	92405559.0	주당순현금 음수(린치식); 주당순현금 음수(보수형); 단기위험부채 존재; fs=2025:CFS,2024:CFS,2022:CFS,2020:CFS
"=""103140"""	풍산	직접추가	메인	77500.0	1700.0	5388.0	239069532140.0	18564061989.0	421550501295.0	535368466545.0						판정불가	일반	일반	-5849.103665257674	-24952.841736404414	15.469395632007734	19.015004034225022	Y	Y	-37.65332099051145	-5.551366378147627	15.984603902585516			40.46920780517103			218048.09165426152			181.35237632807937	3년				2.193548387096774	-2.2922532623087646	-0.21706200235148101	1.17510423303609			3년	-0.21706200235148101	불리(<1)	3년	-5.551366378147627		판정불가	N	주당순현금<=0 / 주당FCF<=0	제외	하드필터 미통과	28024278.0	주당순현금 음수(린치식); 주당순현금 음수(보수형); 단기위험부채 존재; 배당감안점수<1; fs=2025:CFS,2024:CFS,2022:CFS,2020:CFS
"=""005490"""	POSCO홀딩스	철강	watchlist	334000.0	10000.0	8697.0	7049800440769.0		16374578210992.0							판정불가	일반	일반	-115216.08368150219	-115216.08368150219	51.651843587616675	51.651843587616675	Y	Y	-39.817313680714136	-40.58072367872994	-15.48101970257214										3년				2.9940119760479043	-0.7129135989541809	-0.7276935166684603	-0.24175337914788286	-20625.34356158169	-6.1752525633478115	3년	-0.7276935166684603	불리(<1)	3년	-40.58072367872994		판정불가	N	주당순현금<=0 / 주당FCF<=0	제외	하드필터 미통과	80932952.0	린치식 단독판정 비중 낮춤; 주당순현금 음수(린치식); 주당순현금 음수(보수형); 주당FCF 음수; 1년 점수 과열 가능; 배당감안점수<1; fs=2025:CFS,2024:CFS,2022:CFS,2020:CFS
"=""022100"""	포스코DX	직접추가	메인	22150.0	125.0	343.0	246949912811.0	5459116668.0	1166279518.0							판정불가	일반	일반	1652.5352570003922	1652.5352570003922	59.75937242857029	59.75937242857029	N	N	-40.86206896551724		43.180492810132876			94.86098562026575			32537.318067751152			46.895341163662074	5년	94.86098562026575	32537.318067751152	46.895341163662074	0.5643340857787811	-0.6743333010718259		0.7320161694836966	902.5027073978604	4.07450432233797	5년	0.7320161694836966	불리(<1)	5년	43.180492810132876	1.383943733373672	보통	Y	통과	제외	배당감안점수<1	152034729.0	배당감안점수<1; fs=2025:CFS,2024:CFS,2022:CFS,2020:CFS
"=""003670"""	포스코퓨처엠	2차전지	메인	185300.0	250.0	51.0	319841457995.0	455490703002.0	75416813902.0	2985898850806.0						판정불가	일반	일반	7868.972364368042	-25700.738083203534	3479.039757561411	4137.269374180461	N	Y	-101.85319767441861	-67.79595834778358	-36.26680545246004										3년				0.13491635186184567	-0.029237458727363008	-0.019448194533812368	-0.0103855924675964	-17346.109652439416	-9.361095333210693	3년	-0.019448194533812368	불리(<1)	3년	-67.79595834778358		판정불가	N	주당FCF<=0	제외	하드필터 미통과	88946220.0	주당순현금 음수(보수형); 단기위험부채 존재; 주당FCF 음수; 1년 점수 과열 가능; 배당감안점수<1; fs=2025:CFS,2024:CFS,2022:CFS,2020:CFS
"=""047050"""	포스코인터내셔널	에너지/상사	watchlist	57700.0	1850.0	3603.0	1171465925000.0	32399478000.0	3152207468000.0	2325933168000.0						판정불가	일반	일반	-11074.984015146463	-24296.313636184528	19.08825534697376	22.757788963692626	Y	Y	19.344153693275913	-8.992163844445855	13.250872999134566	47.18830738655183		35.00174599826913	170019.47151374622		126111.29083176368	194.66112913994147		118.56376227342058	3년				3.2062391681109186	1.181375272463649	-0.30311437955759707	0.8621590537269601	5016.375456714567	8.693891606091105	3년	-0.30311437955759707	불리(<1)	3년	-8.992163844445855		판정불가	N	주당순현금<=0	제외	하드필터 미통과	175922788.0	린치식 단독판정 비중 낮춤; 주당순현금 음수(린치식); 주당순현금 음수(보수형); 단기위험부채 존재; 1년 점수 과열 가능; 배당감안점수<1; fs=2025:CFS,2024:CFS,2022:CFS,2020:CFS
"=""012750"""	에스원	직접추가	메인	81400.0	3200.0	5281.0	217937111676.0	27694386215.0	36737106943.0							판정불가	일반	일반	5497.339730559434	5497.339730559434	14.372781721158978	14.372781721158978	N	N	1.033097378993686	5.738563246263584	4.672200779142521	10.566194757987372	19.97712649252717	17.844401558285043	55800.07451693131	105499.20500703598	94236.2846293033	-31.4495399054898	29.60590295704666	15.769391436490544	3년	19.97712649252717	105499.20500703598	29.60590295704666	3.9312039312039313	0.3453959996407231	0.6727832764086377	0.598590090440245	4591.768535203577	5.640993286490881	3년	0.6727832764086377	불리(<1)	3년	5.738563246263584	2.5045958551589007	매우 불리	Y	통과	제외	배당감안점수<1	37999178.0	배당감안점수<1; PER>연성장률의 2배; fs=2025:CFS,2024:CFS,2022:CFS,2020:CFS
"=""062040"""	산일전기	직접추가	메인	198600.0	1250.0	4901.0	108606384509.0	126933410833.0	741366607.0	520000000.0						판정불가	일반	일반	7712.165751415659	7695.085883324793	38.94875214213106	38.952237118276926	N	N	60.1110748121529			128.7221496243058			630867.2553087228			217.6572282521263			1년	128.7221496243058	630867.2553087228	217.6572282521263	0.6294058408862034	1.5594974758468787			3251.520036754562	1.6372205623134752	1년	1.5594974758468787	양호(>=1.5)	1년	60.1110748121529	0.6479463603644737	헐값	Y	통과	양호	배당감안점수>=1.5 & 린치PER배수<1	30445200.0	단기위험부채 존재; fs=2025:CFS,2024:OFS,2022:NA,2020:NA
"=""207940"""	삼성바이오로직스	헬스케어	메인	1415000.0		24091.0	148851266520.0	1307174500000.0	918724421281.0							판정불가	일반	일반	11607.049188490424	11607.049188490424	58.2538271890544	58.2538271890544	N	N	58.274751987385855	28.169383318294948	45.91602063406175	125.04950397477171	64.8387666365899	100.3320412681235	3012567.600256225	1562030.7270420871	2417099.2061903635	112.90230390503359	10.390864101914277	70.81973188624477	3년	64.8387666365899	1562030.7270420871	10.390864101914277		1.000359200405212	0.48356279196687413	0.7882060776032436	16692.97982791496	1.179715888898584	3년	0.48356279196687413	불리(<1)	3년	28.169383318294948	2.067983758495016	매우 불리	Y	통과	제외	배당감안점수<1	46290951.0	배당감안점수<1; PER>연성장률의 2배; fs=2025:CFS,2024:CFS,2022:CFS,2020:CFS
"=""028260"""	삼성물산	직접추가	메인	367000.0	2800.0	14955.0	3458217651048.0	2068618122746.0	1611322967337.0	981336899188.0						판정불가	일반	일반	23035.606644979205	17262.240061011005	22.999959435307307	23.386008688665264	N	N	9.328167263688858	6.272963576271873	18.957826688295864	27.156334527377716	21.045927152543747	46.41565337659173	406122.9828569337	314741.84056629176	694146.0962469293	10.66021331251601	-14.239280499648022	89.14062568036218	3년	21.045927152543747	314741.84056629176	-14.239280499648022	0.7629427792915531	0.43874468871842953	0.3059095115082066	0.8574262716878537	6578.623290328812	1.7925404060841448	3년	0.3059095115082066	불리(<1)	3년	6.272963576271873	3.6665220761534485	매우 불리	Y	통과	제외	배당감안점수<1	169976544.0	단기위험부채 존재; 배당감안점수<1; PER>연성장률의 2배; fs=2025:CFS,2024:CFS,2022:CFS,2020:CFS
"=""029780"""	삼성카드	직접추가	메인	45500.0	2800.0	6053.0		29504306000000.0	18053189000000.0							판정불가	일반	일반	98836.75651616586	98836.75651616586	-8.811623412550118	-8.811623412550118	N	N	-2.8098908156711677			2.8802183686576646			17433.961785484844			-61.68360047146189			1년	2.8802183686576646	17433.961785484844	-61.68360047146189	6.153846153846154	-0.3794936734827201					1년	-0.3794936734827201	불리(<1)	1년	-2.8098908156711677		판정불가	N	주당FCF<=0 / 순현금차감PER<=0	제외	하드필터 미통과	115858891.0	배당감안점수<1; fs=2025:CFS,2024:CFS,2022:NA,2020:NA
"=""028050"""	삼성E&A	직접추가	메인	51000.0	790.0	3150.0	861796626374.0	2074000285556.0		0.0						판정불가	일반	일반	14978.555673112245	14978.555673112245	11.435379151392937	11.435379151392937	N	N	-18.4360435007768												1년				1.5490196078431373	-1.476734935446077			805.8218167704082	1.5800427779811925	1년	-1.476734935446077	불리(<1)	1년	-18.4360435007768		판정불가	Y	통과	보류	배당감안점수 또는 린치PER배수 미산출	196000000.0	배당감안점수<1; fs=2025:CFS,2024:CFS,2022:CFS,2020:CFS
"=""009150"""	삼성전기	직접추가	메인	1400000.0	2350.0	9395.0	2701205916236.0		249136193271.0	2003354614634.0						판정불가	일반	일반	32828.335646491505	6007.402663954398	145.52119897323135	148.37600823161742	N	N	4.528259902091669	-10.207342192334501	3.285033400534343	17.55651980418334		15.070066801068686	164943.50356030246		141583.2775960403	-88.21832117426412		-89.88690874313998	3년				0.16785714285714287	0.032271016718414085	-0.06898984560540986	0.02372774941214335			3년	-0.06898984560540986	불리(<1)	3년	-10.207342192334501		판정불가	N	주당FCF<=0	제외	하드필터 미통과	74693696.0	단기위험부채 존재; 1년 점수 과열 가능; 배당감안점수<1; fs=2025:CFS,2024:CFS,2022:CFS,2020:CFS
"=""005930"""	삼성전자	반도체	메인	259500.0	1668.0	6605.0	57856378000000.0	67965021000000.0	6486651000000.0	17574980000000.0						판정불가	일반	일반	20159.129590764183	17190.201384077154	36.23631648890777	36.68581356789142	N	N	33.43434343434344	-6.409201466872028	11.451444833603809	75.36868686868688		31.402889667207617	497810.17676767684		207416.08625190632	91.8343648430354		-20.070872349939762	3년				0.6427745664739885	0.9404134112596326	-0.1591339147885848	0.3337596249271069	5602.031650745953	2.1587790561641436	3년	-0.1591339147885848	불리(<1)	3년	-6.409201466872028		판정불가	Y	통과	보류	배당감안점수 또는 린치PER배수 미산출	5919637922.0	단기위험부채 존재; 1년 점수 과열 가능; 배당감안점수<1; fs=2025:CFS,2024:CFS,2022:CFS,2020:CFS
"=""000810"""	삼성화재해상보험	직접추가	메인	686000.0	19500.0	47478.0		11734007737216.0								판정불가	일반	일반	255025.28109142228	255025.28109142228	9.077356226222202	9.077356226222202	N	N	-2.667131347506102			3.165737304987796			150302.87576621058			-78.08995980084394			1년	3.165737304987796	150302.87576621058	-78.08995980084394	2.8425655976676385	0.019326579875178964			72732.0784920961	10.602343803512552	1년	0.019326579875178964	불리(<1)	1년	-2.667131347506102		판정불가	Y	통과	보류	배당감안점수 또는 린치PER배수 미산출	46011155.0	배당감안점수<1; fs=2025:CFS,2024:CFS,2022:NA,2020:NA
"=""010140"""	삼성중공업	직접추가	메인	21400.0		639.0	772614649370.0	311797002761.0	592438711867.0	1454489650793.0						판정불가	일반	일반	559.0601593909091	-1093.7689892375	32.61492932802675	35.20151641508216	N	Y	752.0			1512.5			966487.5			4416.296728971963			1년	1512.5	966487.5	4416.296728971963		23.056925631716435			1530.2205002727273	7.150563085386577	1년	23.056925631716435	안심(>=2)	1년	752.0	0.043370916659610036	매우 유망	Y	통과	매우 유망	배당감안점수>=2 & 린치PER배수<=0.5	880000000.0	주당순현금 음수(보수형); 단기위험부채 존재; fs=2025:CFS,2024:CFS,2022:CFS,2020:CFS
"=""032830"""	삼성생명	직접추가	메인	307500.0	5300.0	12824.0	4537833000000.0	132160246000000.0								판정불가	일반	일반	683490.395	683490.395	-29.319275966936996	-29.319275966936996	N	N	9.307875894988072			27.115751789976144			347732.4009546541			13.083707627529794			1년	27.115751789976144	347732.4009546541	13.083707627529794	1.7235772357723576	-0.37625257674167906					1년	-0.37625257674167906	불리(<1)	1년	9.307875894988072		판정불가	N	주당FCF<=0 / 순현금차감PER<=0	제외	하드필터 미통과	200000000.0	배당감안점수<1; fs=2025:CFS,2024:CFS,2022:NA,2020:NA
"=""006400"""	삼성SDI	2차전지	메인	545000.0	1000.0		1803994237947.0		5493341323030.0	5390568184387.0						판정불가	일반	일반	-45781.75616742857	-112674.26384699586			Y	Y													판정불가				0.1834862385321101				-28996.751032548895	-5.320504776614476	판정불가		판정불가	판정불가			판정불가	N	주당순현금<=0 / 주당FCF<=0 / 순현금차감PER<=0	제외	하드필터 미통과	80585530.0	주당순현금 음수(린치식); 주당순현금 음수(보수형); 단기위험부채 존재; 주당FCF 음수; EPS 미추출; fs=2025:CFS,2024:CFS,2022:CFS,2020:CFS
"=""018260"""	삼성에스디에스	직접추가	메인	222500.0	3190.0	9819.0	1558981444019.0	4845117385939.0								판정불가	일반	일반	82764.03348192893	82764.03348192893	14.231181028421537	14.231181028421537	N	N	0.3269643404516298	-11.608687356751402	11.36201067352738	9.15392868090326		31.22402134705476	89882.42571778911		306588.6656067307	-59.60340417178017		37.79265869965425	3년				1.4337078651685393	0.12371933166361075	-0.7149778694587675	0.8991325816979764	10905.769354957107	4.90146937301443	3년	-0.7149778694587675	불리(<1)	3년	-11.608687356751402		판정불가	Y	통과	보류	배당감안점수 또는 린치PER배수 미산출	77377800.0	1년 점수 과열 가능; 배당감안점수<1; fs=2025:CFS,2024:CFS,2022:CFS,2020:CFS
"=""016360"""	삼성증권	직접추가	메인	87400.0	4000.0	11279.0	3379830380886.0	70613319064436.0	4076142290150.0							판정불가	일반	일반	782945.2089045016	782945.2089045016	-61.667276257159465	-61.667276257159465	N	N	12.028208184346445			32.556416368692894			367203.82022248715			320.1416707351112			1년	32.556416368692894	367203.82022248715	320.1416707351112	4.576659038901601	-0.2692654553770769					1년	-0.2692654553770769	불리(<1)	1년	12.028208184346445		판정불가	N	주당FCF<=0 / 순현금차감PER<=0	제외	하드필터 미통과	89300000.0	배당감안점수<1; fs=2025:CFS,2024:CFS,2022:NA,2020:NA
"=""003230"""	삼양식품	직접추가	메인	1278000.0	4800.0	52156.0	332840576772.0	3879418399.0	340183053989.0	92341086958.0						판정불가	일반	일반	-459.7174993014085	-12717.901899305922	24.512227116713348	24.747256344414946	Y	Y	43.018536799385764	69.73880446754251	42.35358590359803	94.53707359877153	147.97760893508502	93.20717180719606	4930675.610617528	7717920.171618294	4861313.252776118	285.8118631156125	503.90611671504644	280.3844485740311	3년	147.97760893508502	7717920.171618294	503.90611671504644	0.3755868544600939	1.7703052214402066	2.860384370141382	1.7431779068709667	-20189.147647522273	-1.5797455123256865	3년	2.860384370141382	안심(>=2)	3년	69.73880446754251	0.35148619629867195	매우 유망	N	주당순현금<=0 / 주당FCF<=0	제외	하드필터 미통과	7533015.0	주당순현금 음수(린치식); 주당순현금 음수(보수형); 단기위험부채 존재; 주당FCF 음수; fs=2025:CFS,2024:CFS,2022:CFS,2020:CFS
"=""137310"""	에스디바이오센서	직접추가	메인	6160.0	200.0	-4279.0	366780003956.0	488796710916.0	899239816964.0							판정불가	일반	일반	-358.6318204794644	-358.6318204794644			Y	Y	431.55279503105584			871.6055900621117									1년	871.6055900621117			3.2467532467532463				2464.3043924052927	40.004941435150855	판정불가		판정불가	1년	431.55279503105584		판정불가	N	주당순현금<=0 / 순현금차감PER<=0	제외	하드필터 미통과	121749102.0	주당순현금 음수(린치식); 주당순현금 음수(보수형); fs=2025:CFS,2024:CFS,2022:CFS,2020:NA
"=""001430"""	세아베스틸지주	철강	watchlist	41450.0	1200.0	1567.0	232872225511.0	13022996803.0	1004860666577.0	664568218048.0						판정불가	일반	일반	-21163.42997643279	-39694.63327894818	39.95751753441786	51.783429022940766	Y	Y	177.83687943262413	-15.225348963483798		364.17375886524826			570660.2801418441			1276.7437397873198			3년				2.8950542822677927	4.523102156164141	-0.30858510343129214		-2464.44276371399	-5.945579647078384	3년	-0.30858510343129214	불리(<1)	3년	-15.225348963483798		판정불가	N	주당순현금<=0 / 주당FCF<=0	제외	하드필터 미통과	35862119.0	린치식 단독판정 비중 낮춤; 주당순현금 음수(린치식); 주당순현금 음수(보수형); 단기위험부채 존재; 주당FCF 음수; 1년 점수 과열 가능; 배당감안점수<1; fs=2025:CFS,2024:CFS,2022:CFS,2020:CFS
"=""003030"""	세아제강지주	직접추가	메인	107100.0	1800.0	15656.0	657858846224.0	16603582224.0	0.0							판정불가	일반	일반	162848.45134399107	162848.45134399107	-3.5608361870203797	-3.5608361870203797	N	N	47.712048306444	-38.977007618002915	29.936065767104946	103.924096612888		68.3721315342099	1627035.6565713745		1070434.0912995902	1419.1742825129547		899.4716071891598	3년				1.680672268907563	-13.87110161242272	10.474038509562556	-8.879020650053722	-147158.44666591173	-137.40284469272802	3년	10.474038509562556	안심(>=2)	3년	-38.977007618002915		판정불가	N	주당FCF<=0 / 순현금차감PER<=0	제외	하드필터 미통과	4141657.0	주당FCF 음수; fs=2025:CFS,2024:CFS,2022:CFS,2020:CFS
"=""004490"""	세방전지	직접추가	메인	61600.0	2650.0	10646.0	227178088991.0	123000000000.0	162095437595.0	251228623014.0						판정불가	일반	일반	13434.475099714286	-4510.426544142857	4.524283759185208	6.209884139032769	N	Y	-17.389617443935744	48.94307252053962	16.711840434713388		106.38614504107925	41.923680869426775		1132586.9001073297	446319.50653591746		1738.6150975768337	624.5446534673985	3년	106.38614504107925	1132586.9001073297	1738.6150975768337	4.301948051948052	-2.8927605094214273	11.768718189788506	4.644666339506053	11070.1328675	17.970994914772728	3년	11.768718189788506	안심(>=2)	3년	48.94307252053962	0.09243971671959358	매우 유망	Y	통과	매우 유망	배당감안점수>=2 & 린치PER배수<=0.5	14000000.0	주당순현금 음수(보수형); 단기위험부채 존재; fs=2025:CFS,2024:CFS,2022:CFS,2020:CFS
"=""055550"""	신한지주	직접추가	메인	112900.0	2590.0	9812.0		78053377000000.0	92991422000000.0							판정불가	일반	일반	-30768.6938706553	-30768.6938706553	14.642141650087169	14.642141650087169	Y	Y	16.242151403862092			40.984302807724184			402137.9791493897			256.1895298045967			1년	40.984302807724184	402137.9791493897	256.1895298045967	2.2940655447298495	1.265949844740205					1년	1.265949844740205	보통(1~1.5)	1년	16.242151403862092	0.9014902820451194	헐값	N	주당순현금<=0 / 주당FCF<=0	제외	하드필터 미통과	485494934.0	주당순현금 음수(린치식); 주당순현금 음수(보수형); fs=2025:CFS,2024:CFS,2022:NA,2020:NA
"=""004170"""	신세계	직접추가	메인	381000.0	5200.0	1590.0	845128179533.0	3188808721.0	2404267280398.0	2154639015848.0						판정불가	일반	일반	-161318.93140667863	-384709.14210858254	341.081088935018	481.57807679785066	Y	Y	-86.49796195652173	-66.22887992742359											3년				1.3648293963254594	-0.24959792648139353	-0.1901719345790405		50780.68871201069	13.32826475380858	3년	-0.1901719345790405	불리(<1)	3년	-66.22887992742359		판정불가	N	주당순현금<=0	제외	하드필터 미통과	9645181.0	주당순현금 음수(린치식); 주당순현금 음수(보수형); 단기위험부채 존재; 1년 점수 과열 가능; 배당감안점수<1; fs=2025:CFS,2024:CFS,2022:CFS,2020:CFS
"=""034730"""	SK	직접추가	메인	585000.0	8000.0	29050.0	25214132000000.0	3449044000000.0	45546013000000.0	11714166000000.0						판정불가	일반	일반	-231053.85910201556	-391370.70990508975	28.091354874423946	33.61000722564853	Y	Y	-223.85418887230867	14.11831256779157	52.31072476454839		36.73662513558314	113.12144952909678		1067198.96018869	3286178.1088202614		82.42717268182737	461.73984766158316	3년	36.73662513558314	1067198.96018869	82.42717268182737	1.3675213675213675	-7.920111667784045	0.5512668934816017	1.9108457520837363	-54497.63687223273	-9.315835362774825	3년	0.5512668934816017	불리(<1)	3년	14.11831256779157	1.989710508216782	보통	N	주당순현금<=0 / 주당FCF<=0	제외	하드필터 미통과	73068838.0	주당순현금 음수(린치식); 주당순현금 음수(보수형); 단기위험부채 존재; 주당FCF 음수; 배당감안점수<1; fs=2025:CFS,2024:CFS,2022:CFS,2020:CFS
"=""326030"""	에스케이바이오팜	직접추가	메인	79400.0		3409.0	307770519305.0	1711367837.0	0.0	0.0						판정불가	일반	일반	3951.8457878072995	3951.8457878072995	22.13204875687671	22.13204875687671	N	N	10.897852960312292			30.295705920624584			103278.06148340921			30.073125293966264			1년	30.295705920624584	103278.06148340921	30.073125293966264		0.4924014527541735			1874.8221177897738	2.3612369241684807	1년	0.4924014527541735	불리(<1)	1년	10.897852960312292	2.030863220257882	매우 불리	Y	통과	제외	배당감안점수<1	78313250.0	배당감안점수<1; PER>연성장률의 2배; fs=2025:CFS,2024:CFS,2022:CFS,2020:CFS
"=""302440"""	SK바이오사이언스	헬스케어	메인	37250.0		-733.0	105552891515.0	800748039267.0	1496569133.0							판정불가	일반	일반	11535.766059068677	11535.766059068677			N	N	5.014326647564471			18.52865329512894									1년	18.52865329512894							-2012.819504379828	-5.4035422936371225	판정불가		판정불가	1년	5.014326647564471		판정불가	N	주당FCF<=0 / 순현금차감PER<=0	제외	하드필터 미통과	78434701.0	주당FCF 음수; fs=2025:CFS,2024:CFS,2022:CFS,2020:OFS
"=""285130"""	SK케미칼	직접추가	메인	54100.0	1150.0	2306.0	567555999965.0	950748039267.0	341978345417.0	477883213809.0						판정불가	일반	일반	68000.55528903044	40375.277635757375	-6.027994487870962	5.9517443036611555	N	N	92.16666666666666	-38.59552986089414	-34.69934418185778	192.83333333333331			444673.6666666666			721.9476278496611			3년				2.1256931608133085	-15.642409762850207	6.0500779775864855	5.403729397328832	-13324.604357906223	-24.62958291664736	3년	6.0500779775864855	안심(>=2)	3년	-38.59552986089414		판정불가	N	주당FCF<=0 / 순현금차감PER<=0	제외	하드필터 미통과	17298766.0	단기위험부채 존재; 주당FCF 음수; fs=2025:CFS,2024:CFS,2022:CFS,2020:CFS
"=""000660"""	SK하이닉스	반도체	메인	1812000.0	3000.0	62044.0	14923766000000.0	20018487000000.0								판정불가	일반	일반	47997.4443489617	47997.4443489617	28.431476946216208	28.431476946216208	N	N	115.94041486843936	167.48263503477668	54.92375157287208	240.38082973687872	343.46527006955336	118.34750314574416	14914188.200194903	21309959.216195367	7342752.485174551	723.0788189953037	1076.0463143595678	305.2291658484851	3년	343.46527006955336	21309959.216195367	1076.0463143595678	0.16556291390728478	4.083712499423937	5.896570138295097	1.9376170499686582	34057.28359137954	1.879541037051851	3년	5.896570138295097	안심(>=2)	3년	167.48263503477668	0.1697577599033631	매우 유망	Y	통과	매우 유망	배당감안점수>=2 & 린치PER배수<=0.5	728002365.0	fs=2025:CFS,2024:CFS,2022:CFS,2020:CFS
"=""361610"""	SK아이이테크놀로지	직접추가	메인	16690.0		-2800.0	408979015000.0	44693499000.0	1097240539000.0	169179804000.0						판정불가	일반	일반	-7868.820694217059	-9937.359669189884			Y	Y	-19.075144508670515												1년								-1892.9730116363094	-11.34195932676039	판정불가		판정불가	1년	-19.075144508670515		판정불가	N	주당순현금<=0 / 주당FCF<=0 / 순현금차감PER<=0	제외	하드필터 미통과	81787100.0	주당순현금 음수(린치식); 주당순현금 음수(보수형); 단기위험부채 존재; 주당FCF 음수; fs=2025:CFS,2024:CFS,2022:CFS,2020:NA
"=""096770"""	SK이노베이션	에너지	메인	144800.0	2000.0		16091551855000.0	253291655000.0	22764517807000.0	7201712771000.0						판정불가	일반	일반	-37974.37695614934	-80574.75554913652			Y	Y													판정불가				1.3812154696132597				-19919.883669709132	-13.7568257387494	판정불가		판정불가	판정불가			판정불가	N	주당순현금<=0 / 주당FCF<=0 / 순현금차감PER<=0	제외	하드필터 미통과	169052788.0	주당순현금 음수(린치식); 주당순현금 음수(보수형); 단기위험부채 존재; 주당FCF 음수; EPS 미추출; fs=2025:CFS,2024:CFS,2022:CFS,2020:CFS
"=""402340"""	SK스퀘어	직접추가	메인	1089000.0		66713.0	1310718000000.0	317762000000.0	86661000000.0	0.0						판정불가	일반	일반	11672.743401201547	11672.743401201547	16.148685512550756	16.148685512550756	N	N	140.21676508713813			288.93353017427626			19275622.59851649			1670.0296233715785			1년	288.93353017427626	19275622.59851649	1670.0296233715785		8.682859355838076			2638.92507607574	0.24232553499318088	1년	8.682859355838076	안심(>=2)	1년	140.21676508713813	0.11516943428637158	매우 유망	Y	통과	매우 유망	배당감안점수>=2 & 린치PER배수<=0.5	132087115.0	fs=2025:CFS,2024:CFS,2022:NA,2020:NA
"=""017670"""	SK텔레콤	통신	보정필요	90900.0	1660.0	1825.0	1490024000000.0	186643000000.0	8712284000000.0	130000000000.0						판정불가	통신보정	보정주의	-32755.78594880276	-33361.02812917505	67.75659504043986	68.08823459132878	Y	Y	-68.42560553633218	-23.75836950489595	-38.33216341204368										3년				1.8261826182618264	-0.9829216311463281	-0.32369080638636155	-0.5387812178577394	7451.904674561442	8.197914933510937	3년	-0.32369080638636155	불리(<1)	3년	-23.75836950489595		판정불가	N	주당순현금<=0	제외	하드필터 미통과	214790053.0	린치식 단독판정 비중 낮춤; 주당순현금 음수(린치식); 주당순현금 음수(보수형); 단기위험부채 존재; 배당감안점수<1; fs=2025:CFS,2024:CFS,2022:CFS,2020:CFS
"=""011790"""	SKC	석유화학	watchlist	89600.0		-25549.0	783286752410.0	262260000000.0	1840079753358.0	1176505206999.0						판정불가	일반	일반	-20981.481685498515	-52049.822993021764			Y	Y	53.32773210106223			115.15546420212446									1년	115.15546420212446							-22628.561644175294	-25.255091120731354	판정불가		판정불가	1년	53.32773210106223		판정불가	N	주당순현금<=0 / 주당FCF<=0 / 순현금차감PER<=0	제외	하드필터 미통과	37868298.0	린치식 단독판정 비중 낮춤; 주당순현금 음수(린치식); 주당순현금 음수(보수형); 단기위험부채 존재; 주당FCF 음수; fs=2025:CFS,2024:CFS,2022:CFS,2020:CFS
"=""005850"""	에스엘	직접추가	메인	52200.0	2770.0	6749.0	477732627030.0	395471183250.0	5459184760.0							판정불가	일반	일반	18681.85736639187	18681.85736639187	4.966386521500687	4.966386521500687	N	N	-15.61640410102526	26.173083545484687	36.58097754545193		60.846167090969374	81.66195509090386		410650.7816969523	551136.5349085102		686.6873212585293	955.8171166829696	3년	60.846167090969374	410650.7816969523	686.6873212585293	5.306513409961686	-2.075934010860727	6.3385314089355695	8.434198742702073	6628.339203100551	12.697967822031705	3년	6.3385314089355695	안심(>=2)	3년	26.173083545484687	0.18975167801187398	매우 유망	Y	통과	매우 유망	배당감안점수>=2 & 린치PER배수<=0.5	46448520.0	fs=2025:CFS,2024:CFS,2022:CFS,2020:CFS
"=""010950"""	S-Oil	에너지	메인	150000.0	330.0	1519.0	1834658000000.0									판정불가	일반	일반	16296.078356273132	16296.078356273132	88.02101490699597	88.02101490699597	N	N	-191.56118143459918	-56.19807916164843											3년				0.22	-2.1738124882651317	-0.6359626643795862		299.21979550835795	0.19947986367223866	3년	-0.6359626643795862	불리(<1)	3년	-56.19807916164843		판정불가	Y	통과	보류	배당감안점수 또는 린치PER배수 미산출	112582792.0	배당감안점수<1; fs=2025:CFS,2024:CFS,2022:CFS,2020:CFS
"=""003240"""	태광산업	직접추가	메인	908000.0	1750.0	165122.0	426476897621.0	483945901661.0	4773639440.0	862776693.0						판정불가	일반	일반	813408.6220962816	812633.7193721933	0.5728575108327079	0.5775504210693104	N	N	-35.9373969451137	-25.915466865090508	-1.6741276308672282			5.151744738265544			850666.3946718831			-6.314273714550323	3년				0.19273127753303965	-62.39713190741284	-44.902502107665136	-2.5859770105498403	-250604.9826773846	-27.599667695747204	3년	-44.902502107665136	불리(<1)	3년	-25.915466865090508		판정불가	N	주당FCF<=0	제외	하드필터 미통과	1113400.0	단기위험부채 존재; 주당FCF 음수; 1년 점수 과열 가능; 배당감안점수<1; fs=2025:CFS,2024:CFS,2022:CFS,2020:CFS
"=""001440"""	대한전선	직접추가	메인	29500.0		453.0	438856642626.0	245247440000.0	6781981976.0	210000000000.0						판정불가	일반	일반	3632.780419185475	2506.4567877893646	57.102029979723014	59.58839561194401	N	N	10.757946210268955	193.05011690585698	172.76923736437072	30.01589242053791	394.60023381171396	354.03847472874145	13597.199266503672	178753.90591670643	160379.42905211987	-53.90779909659772	505.94544378544555	443.6590815326097	3년	394.60023381171396	178753.90591670643	505.94544378544555		0.1883986648826515	3.3807925388013222	3.0256233872197056	-1780.5372383992687	-6.035719452200912	3년	3.3807925388013222	안심(>=2)	3년	193.05011690585698	0.2957886319621834	매우 유망	N	주당FCF<=0	제외	하드필터 미통과	186447300.0	단기위험부채 존재; 주당FCF 음수; fs=2025:CFS,2024:CFS,2022:CFS,2020:CFS
"=""069260"""	티케이지휴켐스	직접추가	메인	16430.0	1000.0	1561.0	171952696150.0	96497220778.0	5482000000.0	34682173632.0						판정불가	일반	일반	6432.901178680633	5584.482108237203	6.404291365355136	6.947801340014603	N	N	-22.875494071146242	-9.82716016983225	3.8551596973951163			16.210319394790233			25304.308575267554			54.01283369000338	3년				6.086427267194157	-2.6215338819177982	-0.5840978633286557	1.5523320844472517	2212.3194254165533	13.465121274598621	3년	-0.5840978633286557	불리(<1)	3년	-9.82716016983225		판정불가	Y	통과	보류	배당감안점수 또는 린치PER배수 미산출	40878588.0	단기위험부채 존재; 배당감안점수<1; fs=2025:CFS,2024:CFS,2022:OFS,2020:CFS
"=""316140"""	우리금융지주	금융/은행	보정필요	35100.0	1360.0	4052.0	38499679000000.0	34245475000000.0	55583392000000.0							판정불가	금융보정	보정양호	23378.716262091115	23378.716262091115	2.8927156312707023	2.8927156312707023	N	N	2.5822784810126675			13.664556962025335			55368.78481012666			57.74582566987652			1년	13.664556962025335	55368.78481012666	57.74582566987652	3.8746438746438745	2.232131733190852			17894.539902880944	50.98159516490297	1년	2.232131733190852	안심(>=2)	1년	2.5822784810126675	1.12021830818816	보통	Y	통과	보류	중간구간(보류)	734076320.0	린치식 단독판정 비중 낮춤; fs=2025:CFS,2024:CFS,2022:NA,2020:NA
"=""008730"""	율촌화학	직접추가	메인	15560.0	250.0	168.0	23775188232.0	161779800.0	131712944797.0	113904302896.0						판정불가	일반	일반	-4345.805514717742	-8938.72095407258	118.48693758760562	145.82571996471773	Y	Y	-82.87461773700306		-27.064834063200415										5년				1.6066838046272494	-0.6858809552089975		-0.21486039538957774	-316.2289210887097	-2.032319544271913	5년	-0.21486039538957774	불리(<1)	5년	-27.064834063200415		판정불가	N	주당순현금<=0 / 주당FCF<=0	제외	하드필터 미통과	24800000.0	주당순현금 음수(린치식); 주당순현금 음수(보수형); 단기위험부채 존재; 주당FCF 음수; 배당감안점수<1; fs=2025:CFS,2024:CFS,2022:CFS,2020:CFS
"=""000670"""	영풍	직접추가	메인	38450.0	5.0	-464.0	137031350994.0	333746815114.0	234811309711.0	423217185895.0						판정불가	일반	일반	13052.744166069715	-10357.940446676752			N	Y	-99.68345363005008												1년				0.013003901170351105				-6139.559379575671	-15.967644680300836	판정불가		판정불가	1년	-99.68345363005008		판정불가	N	주당FCF<=0 / 순현금차감PER<=0	제외	하드필터 미통과	18077950.0	주당순현금 음수(보수형); 단기위험부채 존재; 주당FCF 음수; fs=2025:CFS,2024:CFS,2022:CFS,2020:CFS
"=""111770"""	영원무역	직접추가	메인	72900.0	2100.0	11558.0	1090560747187.0	439263571966.0	252626536541.0	76448105310.0						판정불가	일반	일반	28823.18822323828	27097.94397472907	3.8135327718257246	3.9628011788606097	N	N	17.387771683932552	-9.077711442871605	27.98342129695397	43.275543367865104		64.46684259390794	500178.73024578486		745107.7667003879	586.1162280463441		922.0957019209711	3년				2.880658436213992	5.31486978947425	-1.6250163240870175	8.093303920498844	3279.956119440683	4.499253936132623	3년	-1.6250163240870175	불리(<1)	3년	-9.077711442871605		판정불가	Y	통과	보류	배당감안점수 또는 린치PER배수 미산출	44311468.0	단기위험부채 존재; 1년 점수 과열 가능; 배당감안점수<1; fs=2025:CFS,2024:CFS,2022:CFS,2020:CFS
"=""009970"""	영원무역홀딩스	직접추가	메인	171000.0	6576.0	31684.0	1464189666693.0	805803639244.0	195931585244.0	78827842676.0						판정불가	일반	일반	153642.88520106729	147803.45570768186	0.5478195555779799	0.7321217110313767	N	N	10.101817423636938	-5.869320927784449	28.52060357499411	28.703634847273875		65.54120714998822	909445.9665010255		2076607.6073402269	431.8397464918277		1114.3904136492556	3년				3.8456140350877197	25.459900649237223	-3.6941121799889145	59.08189527103259	20832.48592605641	12.182740307635328	3년	-3.6941121799889145	불리(<1)	3년	-5.869320927784449		판정불가	Y	통과	보류	배당감안점수 또는 린치PER배수 미산출	13499237.0	단기위험부채 존재; 1년 점수 과열 가능; 배당감안점수<1; fs=2025:CFS,2024:CFS,2022:CFS,2020:CFS
"=""000100"""	유한양행	헬스케어	메인	79400.0	600.0	2599.0	348564938250.0	29513907780.0	105262499518.0	199841800000.0						판정불가	일반	일반	3411.5503159327723	912.5418633854255	29.237572021572614	30.19909893675051	N	N	175.60975609756096	25.052899606383704	-2.455406441809782	359.7195121951219	58.60579921276741	3.589187116380436	934911.0121951218	152316.4721539825	9328.297315472753	1077.4697886588435	91.83434780098551	-88.25151471602928	3년	58.60579921276741	152316.4721539825	91.83434780098551	0.7556675062972292	6.03215012086944	0.8827192317350555	-0.05813543389507239	-353.25969258346265	-0.4449114516164517	3년	0.8827192317350555	불리(<1)	3년	25.052899606383704	1.1670334564436053	보통	N	주당FCF<=0	제외	하드필터 미통과	79968437.0	단기위험부채 존재; 주당FCF 음수; 1년 점수 과열 가능; 배당감안점수<1; fs=2025:CFS,2024:CFS,2022:CFS,2020:CFS
"=""000990"""	DB하이텍	직접추가	메인	105800.0	810.0	6285.0	323054472680.0	132808839381.0	102572732928.0	231678525383.0						판정불가	일반	일반	8120.7660013468	2795.384563807385	15.541644232084836	16.388960292154753	N	N	13.858695652173903	-21.22701789143928	10.459461040450746	36.21739130434781		29.418922080901492	227626.30434782596		184897.92527846587	115.14773567847443		74.76174411953296	3년				0.7655954631379963	0.9409745131805866	-1.316554550004423	0.7222566889296858	4658.664548185125	4.403274620212783	3년	-1.316554550004423	불리(<1)	3년	-21.22701789143928		판정불가	Y	통과	보류	배당감안점수 또는 린치PER배수 미산출	43504588.0	단기위험부채 존재; 1년 점수 과열 가능; 배당감안점수<1; fs=2025:CFS,2024:CFS,2022:CFS,2020:CFS
