종목코드	종목명	그룹	판정구분	현재가	현금배당금(FY2025 DPS)	EPS(FY2025)	현금및현금성자산	유가증권성자산	장기부채	단기위험부채	주주지분	총부채	주주지분비중	부채비중	주주대부채배수	주주대부채판정	업종보정유형	업종보정판정	주당순현금(린치식)	주당순현금(보수형)	순현금차감PER(린치식)	순현금차감PER(보수형)	현금보다부채많음(린치형)	현금보다부채많음(보수형)	연간이익증가율(1년,%)	연간이익증가율(3년CAGR,%)	연간이익증가율(5년CAGR,%)	그레이엄적정PER(1년)	그레이엄적정PER(3년)	그레이엄적정PER(5년)	그레이엄내재가치(1년)	그레이엄내재가치(3년)	그레이엄내재가치(5년)	그레이엄괴리율(1년,%)	그레이엄괴리율(3년,%)	그레이엄괴리율(5년,%)	그레이엄사용기준	그레이엄적정PER(선택)	그레이엄내재가치(선택)	그레이엄괴리율(선택,%)	배당수익률(%)	배당감안이익성장률(1년)	배당감안이익성장률(3년)	배당감안이익성장률(5년)	주당잉여현금흐름	잉여현금흐름수익률(%)	배당감안점수기준	배당감안점수	배당감안점수판정	사용연성장률기준	사용연성장률(%)	린치PER배수	린치PER판정	하드필터통과	하드필터사유	종합판정	종합판정사유	발행주식수	비고
"=""090430"""	아모레퍼시픽	직접추가	메인	130000.0	1240.0	3421.0	524558265446.0	595819964751.0		256253631834.0						판정불가	일반	일반	19154.135475076495	14773.189248313625	32.40159734724452	33.68220133051341	N	N	-60.24866372298396	20.627708642947496	46.209846998093965		49.75541728589499	100.91969399618793		170213.28253504678	345246.2731609589		30.933294257728285	165.57405627766067	3년	49.75541728589499	170213.28253504678	30.933294257728285	0.9538461538461539	-1.8299967416322558	0.6660645327298649	1.4555977795320325	8421.099814611242	6.477769088162494	3년	0.6660645327298649	불리(<1)	3년	20.627708642947496	1.5707802503950168	보통	Y	통과	제외	배당감안점수<1	58492759.0	단기위험부채 존재; 배당감안점수<1; fs=2025:CFS,2024:CFS,2022:CFS,2020:CFS
"=""002790"""	아모레퍼시픽홀딩스	직접추가	메인	25500.0	400.0	1366.0	596631422270.0	1336881950600.0		256253631834.0						판정불가	일반	일반	24333.723385937104	21108.710783911738	0.8537896149801578	3.2147066003574394	N	N	-50.96913137114143												1년				1.5686274509803921	-57.86027734866406			6579.082341427906	25.800322907560414	1년	-57.86027734866406	불리(<1)	1년	-50.96913137114143		판정불가	Y	통과	보류	배당감안점수 또는 린치PER배수 미산출	79458180.0	단기위험부채 존재; 배당감안점수<1; fs=2025:CFS,2024:CFS,2022:CFS,2020:CFS
"=""278470"""	에이피알	직접추가	메인	320000.0	5090.0		154350192148.0	117891913354.0	78219359846.0	0.0						판정불가	일반	일반	5183.525259069071	5183.525259069071			N	N													판정불가				1.590625						판정불가		판정불가	판정불가			판정불가	N	주당FCF<=0 / 순현금차감PER<=0	제외	하드필터 미통과	37430655.0	EPS 미추출; fs=2025:CFS,2024:CFS,2022:CFS,2020:CFS
"=""002030"""	아세아	직접추가	메인	193000.0	5600.0	18725.0	163716811000.0	12160000.0	658028958000.0	265707008000.0						판정불가	일반	일반	-238487.41512057534	-366684.4193364424	23.043386655304424	29.88968861609839	Y	Y	-50.09727367214776	-25.894534715298978	-3.336896679607082			1.826206640785836			34195.71934871478			-82.28201070014778	3년				2.901554404145078	-2.0481242611592667	-0.9978125461806231	-0.01889228705719745	-24122.07535681443	-12.498484640836491	3년	-0.9978125461806231	불리(<1)	3년	-25.894534715298978		판정불가	N	주당순현금<=0 / 주당FCF<=0	제외	하드필터 미통과	2072646.0	주당순현금 음수(린치식); 주당순현금 음수(보수형); 단기위험부채 존재; 주당FCF 음수; 1년 점수 과열 가능; 배당감안점수<1; fs=2025:CFS,2024:CFS,2022:CFS,2020:CFS
"=""282330"""	BGF리테일	필수소비재	메인	125000.0	4100.0	11303.0	414042445266.0	56154402761.0		0.0						판정불가	일반	일반	27204.316433276137	27204.316433276137	8.652188230268413	8.652188230268413	N	N	0.017697548889472614	0.2966584171548048	9.736317603940137	8.535395097778945	9.09331683430961	27.972635207880273	96475.57079019542	102781.76017820151	316174.6957546707	-22.819543367843664	-17.774591857438793	152.93975660373658	3년	9.09331683430961	102781.76017820151	-17.774591857438793	3.2800000000000002	0.3811402920423022	0.4133819470827495	1.5043960276319992	30299.629909466068	24.239703927572855	3년	0.4133819470827495	불리(<1)	3년	0.2966584171548048	29.1654904426779	매우 불리	Y	통과	제외	배당감안점수<1	17283906.0	배당감안점수<1; PER>연성장률의 2배; fs=2025:CFS,2024:CFS,2022:CFS,2020:CFS
"=""138930"""	BNK금융지주	직접추가	메인	15170.0	735.0	2512.0		18192691866568.0	16445000245415.0							판정불가	일반	일반	5631.773694536628	5631.773694536628	3.7970646120475213	3.7970646120475213	N	N	15.547378104875808			39.594756209751615			99462.02759889606			555.6494897751884			1년	39.594756209751615	99462.02759889606	555.6494897751884	4.845088991430455	5.370587329908476					1년	5.370587329908476	안심(>=2)	1년	15.547378104875808	0.24422539841986124	매우 유망	N	주당FCF<=0	제외	하드필터 미통과	310327033.0	fs=2025:CFS,2024:CFS,2022:NA,2020:NA
"=""068270"""	셀트리온	헬스케어	메인	186700.0	750.0	4668.0	1119206211717.0									판정불가	일반	일반	4845.86731932615	4845.86731932615	38.957611971009825	38.957611971009825	N	N	127.9296875	6.22945826601542	3.8046169226709114	264.359375	20.95891653203084	16.109233845341823	1234029.5625	97836.22237151997	75197.90359005563	560.9692354043921	-47.597095676743464	-59.722601183687395	3년	20.95891653203084	97836.22237151997	-47.597095676743464	0.4017139796464917	3.294129054294803	0.1702150596550034	0.10797199031212515	1360.9075488767974	0.7289274498536675	3년	0.1702150596550034	불리(<1)	3년	6.22945826601542	6.253772046847419	매우 불리	Y	통과	제외	배당감안점수<1	230960969.0	1년 점수 과열 가능; 배당감안점수<1; PER>연성장률의 2배; fs=2025:CFS,2024:CFS,2022:CFS,2020:CFS
"=""030000"""	제일기획	직접추가	메인	18930.0	1230.0	2049.0	622369326472.0	216919787330.0	234763824456.0	4043255307.0						판정불가	일반	일반	5254.857894167939	5219.71175149604	6.674056664632533	6.691209491705202	N	N	0.0	2.315711686466715		8.5	13.13142337293343		17416.5	26906.286491140596		-7.9952456418383555	42.13569197644267		3년	13.13142337293343	26906.286491140596	42.13569197644267	6.497622820919176	0.973564227488759	1.3205363619535802		1492.008099731205	7.881712095780269	3년	1.3205363619535802	보통(1~1.5)	3년	2.315711686466715	2.8820758230122028	매우 불리	Y	통과	제외	린치PER배수>=2	115041225.0	단기위험부채 존재; PER>연성장률의 2배; fs=2025:CFS,2024:CFS,2022:CFS,2020:CFS
"=""185750"""	종근당	직접추가	메인	66900.0	500.0											판정불가	일반	일반	0.0	0.0			N	N													판정불가				0.7473841554559043						판정불가		판정불가	판정불가			판정불가	N	주당순현금<=0 / 주당FCF<=0 / 순현금차감PER<=0	제외	하드필터 미통과	13802780.0	EPS 미추출; fs=2025:NA,2024:CFS,2022:CFS,2020:CFS
"=""001040"""	CJ	직접추가	메인	129400.0	3300.0	4321.0	2587324564000.0	1114436500000.0	6845375033000.0	4564809586000.0						판정불가	일반	일반	-107742.88598847626	-264195.22512220073	54.88148252452587	91.08892041707955	Y	Y	44.370197126628796	-10.479231651272991	10.856012353166022	97.24039425325759		30.212024706332045	420175.74356832606		130546.15875606076	224.7107755551206		0.8857486522880764	3년				2.5502318392581143	0.8549409893385941	-0.1444749567118837	0.24427627636394567	55371.62013720534	42.79105111066873	3년	-0.1444749567118837	불리(<1)	3년	-10.479231651272991		판정불가	N	주당순현금<=0	제외	하드필터 미통과	29176998.0	주당순현금 음수(린치식); 주당순현금 음수(보수형); 단기위험부채 존재; 1년 점수 과열 가능; 배당감안점수<1; fs=2025:CFS,2024:CFS,2022:CFS,2020:CFS
"=""097950"""	CJ제일제당	필수소비재	메인	191400.0	6000.0	-35668.0	1038957402000.0	243275982000.0	2029479364000.0	4904408060000.0						판정불가	일반	일반	-49637.08964403655	-375420.76602481195			Y	Y	-483.77447815795136												1년				3.1347962382445136				48486.635145865745	25.332620243399028	판정불가		판정불가	1년	-483.77447815795136		판정불가	N	주당순현금<=0 / 순현금차감PER<=0	제외	하드필터 미통과	15054186.0	주당순현금 음수(린치식); 주당순현금 음수(보수형); 단기위험부채 존재; fs=2025:CFS,2024:CFS,2022:CFS,2020:CFS
"=""000120"""	CJ대한통운	직접추가	메인	74500.0	800.0	11347.0	307146405592.0	86460297519.0	237118568377.0							판정불가	일반	일반	6859.800761114246	6859.800761114246	5.9610645314960555	5.9610645314960555	N	N	-6.130046326935801	11.480536742818348			31.461073485636696			356988.8008415196			379.17959844499273		3년	31.461073485636696	356988.8008415196	379.17959844499273	1.0738255033557047	-0.8482076979480594	2.106060449411587		12818.247147684604	17.205700869375306	3년	2.106060449411587	안심(>=2)	3년	11.480536742818348	0.5192322157955725	헐값	Y	통과	양호	배당감안점수>=1.5 & 린치PER배수<1	22812344.0	fs=2025:CFS,2024:CFS,2022:CFS,2020:CFS
"=""192820"""	코스맥스	직접추가	메인	184700.0	3300.0	10847.0	192279928597.0									판정불가	일반	일반	16941.695768248654	16941.695768248654	15.465871137803205	15.465871137803205	N	N	43.4408886537953	80.71243772559032	38.50568621710888	95.3817773075906	169.92487545118064	85.51137243421776	1034606.1384554352	1843175.1240189564	927541.8567939601	460.1549206580591	897.9291413204962	402.1883361093449	3년	169.92487545118064	1843175.1240189564	897.9291413204962	1.7866811044937738	2.924346734516583	5.3342691203750965	2.6052439570064747	-9341.661092827891	-5.0577482906485605	3년	5.3342691203750965	안심(>=2)	3년	80.71243772559032	0.19161694992269657	매우 유망	N	주당FCF<=0	제외	하드필터 미통과	11349509.0	주당FCF 음수; fs=2025:CFS,2024:CFS,2022:CFS,2020:CFS
"=""005420"""	코스모화학	직접추가	메인	8880.0		-791.0	42470783114.0	0.0	359006489619.0	388905499282.0						판정불가	일반	일반	-8241.35147565256	-18366.929236803113			Y	Y	-53.084223013048636												1년								1735.2172172327241	19.540734428296442	판정불가		판정불가	1년	-53.084223013048636		판정불가	N	주당순현금<=0 / 순현금차감PER<=0	제외	하드필터 미통과	38408228.0	주당순현금 음수(린치식); 주당순현금 음수(보수형); 단기위험부채 존재; fs=2025:CFS,2024:CFS,2022:CFS,2020:CFS
"=""021240"""	코웨이	직접추가	메인	91500.0	1940.0	8630.0	182190550994.0	2827952531.0	904957690609.0	910394928000.0						판정불가	일반	일반	-10011.790673154132	-22672.142564755995	11.762664040921683	13.229680482590497	Y	Y	10.06249202907792	10.977619808999673	9.097067548815364	28.62498405815584	30.455239617999347	26.694135097630728	247033.6124218849	262828.71790333436	230370.38589255317	169.98209007856272	187.2445004408026	151.77091354377396	3년	30.455239617999347	262828.71790333436	187.2445004408026	2.1202185792349724	1.0357101559587087	1.1135095198390401	0.9536348304283786	-2804.5647658552634	-3.0650981047598505	3년	1.1135095198390401	보통(1~1.5)	3년	10.977619808999673	1.0715131554545563	보통	N	주당순현금<=0 / 주당FCF<=0	제외	하드필터 미통과	71909133.0	주당순현금 음수(린치식); 주당순현금 음수(보수형); 단기위험부채 존재; 주당FCF 음수; fs=2025:CFS,2024:CFS,2022:CFS,2020:CFS
"=""112610"""	씨에스윈드	직접추가	메인	37300.0	1000.0	837.0	478878903508.0	28665354936.0	782993106603.0	242475043746.0						판정불가	일반	일반	-6531.6500890188545	-12281.40054778353	52.367562830369	59.23703769149765	Y	Y	-75.62609202096681	371.20709785870895	-15.050492534791582		750.9141957174179			628515.1818154788			1585.0272970924366		3년	750.9141957174179	628515.1818154788	1585.0272970924366	2.680965147453083	-1.392944848508615	7.139688058756419	-0.2362059014929975	10303.466412416965	27.62323434964334	3년	7.139688058756419	안심(>=2)	3년	371.20709785870895	0.1410737109620179	매우 유망	N	주당순현금<=0	제외	하드필터 미통과	42171403.0	주당순현금 음수(린치식); 주당순현금 음수(보수형); 단기위험부채 존재; fs=2025:CFS,2024:CFS,2022:CFS,2020:CFS
"=""001680"""	대상	직접추가	메인	17720.0	850.0	-8438.0	595682138976.0	95932724888.0	719633177987.0	369419425431.0						판정불가	일반	일반	-808.6554463926876	-11470.718447992345			Y	Y	-419.37925813777446												1년				4.796839729119639						판정불가		판정불가	1년	-419.37925813777446		판정불가	N	주당순현금<=0 / 주당FCF<=0 / 순현금차감PER<=0	제외	하드필터 미통과	34648025.0	주당순현금 음수(린치식); 주당순현금 음수(보수형); 단기위험부채 존재; fs=2025:CFS,2024:CFS,2022:CFS,2020:CFS
"=""047040"""	대우건설	직접추가	메인	12780.0		-2220.0	1828879779729.0	434603860342.0	3056914611252.0	366055916900.0						판정불가	일반	일반	-1909.0176969162108	-2789.758742835851			Y	Y	-489.47368421052636												1년								846.7375999427635	6.625489827408165	판정불가		판정불가	1년	-489.47368421052636		판정불가	N	주당순현금<=0 / 순현금차감PER<=0	제외	하드필터 미통과	415622638.0	주당순현금 음수(린치식); 주당순현금 음수(보수형); 단기위험부채 존재; fs=2025:CFS,2024:CFS,2022:CFS,2020:CFS
"=""003090"""	대웅	직접추가	메인	16330.0	200.0	4280.0	255917494906.0	69412115604.0	668965344648.0	118388808025.0						판정불가	일반	일반	-5910.286064182885	-7946.487927707312	5.196328519668898	5.672076618623204	Y	Y	202.2598870056497	20.159526008317698	12.806544500421424	413.0197740112994	48.819052016635396	34.11308900084285	1767724.6327683614	208945.5426311995	146004.0209236074	10725.013060430872	1179.5195507115707	794.0846351721212	3년	48.819052016635396	208945.5426311995	1179.5195507115707	1.224739742804654	39.159307572304925	4.115264396810101	2.700230401160266	-1554.3945053642824	-9.518643633584093	3년	4.115264396810101	안심(>=2)	3년	20.159526008317698	0.25776045118942403	매우 유망	N	주당순현금<=0 / 주당FCF<=0	제외	하드필터 미통과	58141980.0	주당순현금 음수(린치식); 주당순현금 음수(보수형); 단기위험부채 존재; 주당FCF 음수; 1년 점수 과열 가능; fs=2025:CFS,2024:CFS,2022:CFS,2020:CFS
"=""069620"""	대웅제약	직접추가	메인	113800.0	600.0	17022.0	168941641596.0	50139032546.0	550560567693.0	70828808025.0						판정불가	일반	일반	-28608.962834228405	-34721.96931155238	8.366171004243238	8.725294872021642	Y	Y	691.7209302325581	64.61424206621207	70.08103158930474	1391.9418604651162	137.72848413242414	148.6620631786095	23693634.348837208	2344414.256902124	2530525.6394262905	20720.416826746226	1960.1179761881579	2123.66049158725	3년	137.72848413242414	2344414.256902124	1960.1179761881579	0.5272407732864675	82.74372716679389	7.786295882125698	8.439735731767783	-7954.179962240783	-6.989613323585926	3년	7.786295882125698	안심(>=2)	3년	64.61424206621207	0.12947874550118815	매우 유망	N	주당순현금<=0 / 주당FCF<=0	제외	하드필터 미통과	11586575.0	주당순현금 음수(린치식); 주당순현금 음수(보수형); 단기위험부채 존재; 주당FCF 음수; 1년 점수 과열 가능; fs=2025:CFS,2024:CFS,2022:CFS,2020:CFS
"=""005830"""	DB손해보험	직접추가	메인	157000.0	7600.0	29597.0	1713419000000.0	38577437000000.0								판정불가	일반	일반	580693.762250663	580693.762250663	-14.31542934252333	-14.31542934252333	N	N	-4.024255788313125			0.4514884233737497			13362.70286659287			-91.48872428879436			1년	0.4514884233737497	13362.70286659287	-91.48872428879436	4.840764331210192	-0.057036958051384826					1년	-0.057036958051384826	불리(<1)	1년	-4.024255788313125		판정불가	N	주당FCF<=0 / 순현금차감PER<=0	제외	하드필터 미통과	69384000.0	배당감안점수<1; fs=2025:CFS,2024:CFS,2022:NA,2020:NA
"=""000210"""	DL	직접추가	메인	42950.0	1000.0	-3845.0	1148320161495.0	191085453910.0	4026838230267.0	1422974217066.0						판정불가	일반	일반	-128242.38838418842	-196145.71410721686			Y	Y	-196.17308654327164												1년				2.3282887077997674				13042.307430075487	30.366257113097756	판정불가		판정불가	1년	-196.17308654327164		판정불가	N	주당순현금<=0 / 순현금차감PER<=0	제외	하드필터 미통과	20955884.0	주당순현금 음수(린치식); 주당순현금 음수(보수형); 단기위험부채 존재; fs=2025:CFS,2024:CFS,2022:CFS,2020:CFS
"=""375500"""	DL이앤씨	직접추가	메인	58500.0	890.0	8796.0	1844315983193.0	467317685812.0	444336959874.0	519274372386.0						판정불가	일반	일반	48258.513014689786	34838.3591979743	1.1643345822317206	2.690045566396737	N	N	61.010433827567276	-4.5977556239353845		130.52086765513457			1148061.5518945637			1862.4983793069464			3년				1.5213675213675215	53.70604146196355	-2.6421856307585085		5614.431755408378	9.597319240014322	3년	-2.6421856307585085	불리(<1)	3년	-4.5977556239353845		판정불가	Y	통과	보류	배당감안점수 또는 린치PER배수 미산출	38693623.0	단기위험부채 존재; 1년 점수 과열 가능; 배당감안점수<1; fs=2025:CFS,2024:CFS,2022:CFS,2020:NA
"=""007340"""	DN오토모티브	직접추가	메인	40350.0	1000.0	5440.0	387784364000.0	182678434000.0	166472358000.0	641674039000.0						판정불가	일반	일반	6904.537131693404	-4062.213043680007	6.148063027262242	8.164009750676472	N	Y	-12.568306010928964	-36.239823236398784	0.45844418153007105			9.416888363060142			51227.872695047176			26.95879230494962	3년				2.478314745972739	-1.6411658794346065	-5.491405722537003	0.4776722220446333	1407.8963795869365	3.4892103583319365	3년	-5.491405722537003	불리(<1)	3년	-36.239823236398784		판정불가	Y	통과	보류	배당감안점수 또는 린치PER배수 미산출	58510865.0	주당순현금 음수(보수형); 단기위험부채 존재; 1년 점수 과열 가능; 배당감안점수<1; fs=2025:CFS,2024:CFS,2022:CFS,2020:CFS
"=""026960"""	동서	직접추가	메인	25500.0	1140.0	1468.0	38923278454.0	723123250000.0	100000000.0	1896791452.0						판정불가	일반	일반	7642.392461925778	7623.367472437312	12.164582791603694	12.177542593707553	N	N	-7.90464240903388	-4.791896569068244	4.358606974752632			17.217213949505265			25274.87007787373			-0.8828624397108631	3년				4.470588235294118	-0.28229937948303774	-0.02641342816918481	0.7258115926623383	1043.7561603209629	4.093161413023384	3년	-0.02641342816918481	불리(<1)	3년	-4.791896569068244		판정불가	Y	통과	보류	배당감안점수 또는 린치PER배수 미산출	99700000.0	단기위험부채 존재; 배당감안점수<1; fs=2025:CFS,2024:CFS,2022:CFS,2020:CFS
"=""006040"""	동원산업	직접추가	메인	35400.0	1150.0	8793.0	462412200801.0	2315664040.0	920658109908.0	869187931428.0						판정불가	일반	일반	-10327.316971310991	-30015.370950217297	5.200422719357556	7.4394826509970775	Y	Y	362.7894736842105	15.223245686790676	-33.98325939665047	734.078947368421	38.94649137358135		6454756.184210526	342456.4986479008		18133.77453166815	867.391239118364		3년	38.94649137358135	342456.4986479008	867.391239118364	3.248587570621469	70.38621300770933	3.551986877654072	-5.910033373176606	2047.1984446583815	5.783046453837236	3년	3.551986877654072	안심(>=2)	3년	15.223245686790676	0.3416106411440237	매우 유망	N	주당순현금<=0	제외	하드필터 미통과	44147986.0	주당순현금 음수(린치식); 주당순현금 음수(보수형); 단기위험부채 존재; 1년 점수 과열 가능; fs=2025:CFS,2024:CFS,2022:CFS,2020:CFS
"=""014820"""	동원시스템즈	직접추가	메인	20600.0	600.0	1884.0	158748112816.0	38387113087.0	134729679435.0	120000000000.0						판정불가	일반	일반	2152.5625002716333	-1986.6128559613196	9.791633492424824	11.988648012718324	N	Y	-25.386138613861387	-8.631888523856201	-1.217505302346611			6.064989395306778			11426.44002075797			-44.531844559427334	3년				2.912621359223301	-2.295175495694814	-0.5840973489313648	0.17311882212381577	2395.320646013515	11.6277701262792	3년	-0.5840973489313648	불리(<1)	3년	-8.631888523856201		판정불가	Y	통과	보류	배당감안점수 또는 린치PER배수 미산출	28991282.0	주당순현금 음수(보수형); 단기위험부채 존재; 배당감안점수<1; fs=2025:CFS,2024:CFS,2022:CFS,2020:CFS
"=""000150"""	두산	직접추가	메인	1170000.0	4000.0	4194.0	4927903000000.0	175670000000.0	4309343000000.0	3985915000000.0						판정불가	일반	일반	49045.20763611584	-197092.59727544463	267.27582078299577	325.9639001610502	N	Y	-133.60576923076923												1년				0.3418803418803419	-0.49860061601714184			5159.062075166259	0.4409454765099367	1년	-0.49860061601714184	불리(<1)	1년	-133.60576923076923		판정불가	Y	통과	보류	배당감안점수 또는 린치PER배수 미산출	16193835.0	주당순현금 음수(보수형); 단기위험부채 존재; 배당감안점수<1; fs=2025:CFS,2024:CFS,2022:CFS,2020:CFS
"=""241560"""	두산밥캣	직접추가	메인	59800.0	1700.0	2.95	1389744000.0	5896000.0	976095000.0	54294000.0						판정불가	일반	일반	4.376822687223808	3.810410953130613	20269.70277197043	20269.89477594809	N	N	-28.743961352657	-92.28374718011123	-73.96450801980052										3년				2.842809364548495	-0.0012778259395063954	-0.004412543135030298	-0.0035087687005258554	6.059063659665145	0.010132213477700911	3년	-0.004412543135030298	불리(<1)	3년	-92.28374718011123		판정불가	Y	통과	보류	배당감안점수 또는 린치PER배수 미산출	95856065.0	단기위험부채 존재; 1년 점수 과열 가능; 배당감안점수<1; fs=2025:CFS,2024:CFS,2022:CFS,2020:CFS
"=""034020"""	두산에너빌리티	전력/에너지설비	메인	67100.0		132.0	3080997000000.0	107870000000.0	3096393000000.0	1883572000000.0						판정불가	일반	일반	144.364047956165	-2796.1389965416356	507.2396663033624	529.5162045192548	N	Y	-24.13793103448276												1년					-0.047586836436499635			83.81713492188614	0.12491376292382435	1년	-0.047586836436499635	불리(<1)	1년	-24.13793103448276		판정불가	Y	통과	보류	배당감안점수 또는 린치PER배수 미산출	640561146.0	주당순현금 음수(보수형); 단기위험부채 존재; 배당감안점수<1; fs=2025:CFS,2024:CFS,2022:CFS,2020:CFS
"=""454910"""	두산로보틱스	직접추가	메인	61600.0		-856.0	156738581281.0	40399292507.0	16815636710.0							판정불가	일반	일반	2781.8928219046043	2781.8928219046043			N	N													판정불가								-504.36322470324734	-0.8187714686741029	판정불가		판정불가	판정불가			판정불가	N	주당FCF<=0 / 순현금차감PER<=0	제외	하드필터 미통과	64819980.0	주당FCF 음수; fs=2025:CFS,2024:CFS,2022:NA,2020:NA
"=""192080"""	더블유게임즈	직접추가	메인	60100.0	1200.0											판정불가	일반	일반	0.0	0.0			N	N													판정불가				1.9966722129783694						판정불가		판정불가	판정불가			판정불가	N	주당순현금<=0 / 주당FCF<=0 / 순현금차감PER<=0	제외	하드필터 미통과	21495906.0	EPS 미추출; fs=2025:NA,2024:CFS,2022:CFS,2020:CFS
"=""450080"""	에코프로머티	직접추가	메인	32200.0		345.0	45037598354.0	777438041.0								판정불가	일반	일반	649.3175374808915	649.3175374808915	91.45125351454814	91.45125351454814	N	N	-155.8252427184466	5.476875138059767			19.453750276119536			6711.54384526124			-79.15669613272907		3년	19.453750276119536	6711.54384526124	-79.15669613272907		-1.7039158757256156	0.059888464373957444		-2943.2049268330334	-9.14038797153116	3년	0.059888464373957444	불리(<1)	3년	5.476875138059767	16.69770648577276	매우 불리	N	주당FCF<=0	제외	하드필터 미통과	70558754.0	주당FCF 음수; 배당감안점수<1; PER>연성장률의 2배; fs=2025:OFS,2024:OFS,2022:OFS,2020:NA
"=""139480"""	이마트	직접추가	메인	79800.0	2500.0	5084.0	1303365061491.0	1225715519294.0	5485558368112.0	3111389126654.0						판정불가	일반	일반	-107134.98980867355	-219883.5596791311	36.76927415591533	58.94641221068669	Y	Y	-122.85971223021583	-48.64098247110502	-16.302783941696873										3년				3.132832080200501	-3.2561665384616796	-1.2376679016815266	-0.35817818447138505	20093.231814609306	25.179488489485347	3년	-1.2376679016815266	불리(<1)	3년	-48.64098247110502		판정불가	N	주당순현금<=0	제외	하드필터 미통과	27595819.0	주당순현금 음수(린치식); 주당순현금 음수(보수형); 단기위험부채 존재; 1년 점수 과열 가능; 배당감안점수<1; fs=2025:CFS,2024:CFS,2022:CFS,2020:CFS
"=""383220"""	F&F	직접추가	메인	80500.0	2700.0	10611.0	325383761882.0	16380800000.0	136145710441.0	186267116479.0						판정불가	일반	일반	5367.64687570116	505.17391270411537	7.080610039044278	7.538858362764667	N	N	11.64772727272727	-2.8457492223840752		31.79545454545454	2.8085015552318495		337381.5681818181	29801.010002565155		319.10753811405976	-62.98011179805572		3년	2.8085015552318495	29801.010002565155	-62.98011179805572	3.354037267080745	2.1187107406119647	0.0717859113683483		8579.832305807739	10.658176777400916	3년	0.0717859113683483	불리(<1)	3년	-2.8457492223840752		판정불가	Y	통과	보류	배당감안점수 또는 린치PER배수 미산출	38307075.0	단기위험부채 존재; 1년 점수 과열 가능; 배당감안점수<1; fs=2025:CFS,2024:CFS,2022:CFS,2020:NA
"=""093370"""	후성	직접추가	메인	9000.0		50.0	67697035372.0	6532556311.0	163041804446.0	95387151720.0						판정불가	일반	일반	-828.0447485733343	-1717.3912427755338	196.5608949714667	214.34782485551065	Y	Y	-107.48502994011977	-63.71940165586019	-5.111991994525078										3년					-0.5468281468484492	-0.3241713040892995	-0.026007166864330508	3.33571650938	0.03706351677088889	3년	-0.3241713040892995	불리(<1)	3년	-63.71940165586019		판정불가	N	주당순현금<=0	제외	하드필터 미통과	107255330.0	주당순현금 음수(린치식); 주당순현금 음수(보수형); 단기위험부채 존재; 1년 점수 과열 가능; 배당감안점수<1; fs=2025:CFS,2024:CFS,2022:CFS,2020:CFS
"=""114090"""	GKL	직접추가	메인	9380.0	414.0	761.0	213092869283.0		30375090489.0							판정불가	일반	일반	2953.9374287595624	2953.9374287595624	8.444234653403992	8.444234653403992	N	N	42.509363295880156			93.51872659176031			71167.7509363296			658.7180270397612			1년	93.51872659176031	71167.7509363296	658.7180270397612	4.4136460554371	5.55681021161603			1553.3159719230266	16.559871768902205	1년	5.55681021161603	안심(>=2)	1년	42.509363295880156	0.19864411034879872	매우 유망	Y	통과	매우 유망	배당감안점수>=2 & 린치PER배수<=0.5	61855670.0	fs=2025:CFS,2024:CFS,2022:CFS,2020:CFS
"=""006280"""	녹십자	직접추가	메인	115900.0	1500.0		49372311054.0		105096001522.0							판정불가	일반	일반	-4768.194863868153	-4768.194863868153			Y	Y													판정불가				1.2942191544434858				-497.6412769975163	-0.4293712484879347	판정불가		판정불가	판정불가			판정불가	N	주당순현금<=0 / 주당FCF<=0 / 순현금차감PER<=0	제외	하드필터 미통과	11686538.0	주당순현금 음수(린치식); 주당순현금 음수(보수형); 주당FCF 음수; EPS 미추출; fs=2025:CFS,2024:CFS,2022:CFS,2020:CFS
"=""005250"""	녹십자홀딩스	직접추가	메인	9300.0	300.0	0.0	79656808438.0		2117348227.0							판정불가	일반	일반	1648.7861266886407	1648.7861266886407			N	N	-100.0												1년				3.225806451612903				-2674.1633975649934	-28.754445135107453	판정불가		판정불가	1년	-100.0		판정불가	N	주당FCF<=0 / 순현금차감PER<=0	제외	하드필터 미통과	47028210.0	주당FCF 음수; fs=2025:CFS,2024:CFS,2022:CFS,2020:CFS
"=""078930"""	GS	직접추가	메인	89000.0	3000.0	8550.0	1610917000000.0	857643000000.0	104176000000.0							판정불가	일반	일반	25446.638122701283	25446.638122701283	7.433141740034937	7.433141740034937	N	N	41.60317986088109	-27.687155007765817		91.70635972176218			784089.3756210667			780.9992984506367			3년				3.3707865168539324	6.050465328207725	-3.271344653626582		3039.077126716312	3.4146934008048446	3년	-3.271344653626582	불리(<1)	3년	-27.687155007765817		판정불가	Y	통과	보류	배당감안점수 또는 린치PER배수 미산출	92915378.0	1년 점수 과열 가능; 배당감안점수<1; fs=2025:CFS,2024:CFS,2022:CFS,2020:CFS
"=""006360"""	GS건설	직접추가	메인	23450.0	500.0	1073.0	3015810000000.0	301590000000.0								판정불가	일반	일반	38763.054954990854	38763.054954990854	-14.271253452927171	-14.271253452927171	N	N	-62.91047355686139	-35.490770024369326	-22.823533314849886										3년				2.1321961620469083	4.258790413560224	2.3374662900041376	1.449861234757833	3464.721168093708	14.774930354344171	3년	2.3374662900041376	안심(>=2)	3년	-35.490770024369326		판정불가	N	순현금차감PER<=0	제외	하드필터 미통과	85581490.0	fs=2025:CFS,2024:CFS,2022:CFS,2020:CFS
"=""007070"""	GS리테일	직접추가	메인	24750.0	600.0	585.0	294440001357.0	139922954133.0	2214168472527.0							판정불가	일반	일반	-21287.651544267934	-21287.651544267934	78.69684024661186	78.69684024661186	Y	Y	-345.7983193277311	17.566734386037865	-23.182279339928648		43.63346877207573			25525.579231664302			3.133653461269903		3년	43.63346877207573	25525.579231664302	3.133653461269903	2.4242424242424243	-4.363251127077774	0.25402515205991344	-0.263772177518651	8424.851248528614	34.03980302435804	3년	0.25402515205991344	불리(<1)	3년	17.566734386037865	4.479878759319122	매우 불리	N	주당순현금<=0	제외	하드필터 미통과	83607415.0	주당순현금 음수(린치식); 주당순현금 음수(보수형); 배당감안점수<1; PER>연성장률의 2배; fs=2025:CFS,2024:CFS,2022:CFS,2020:CFS
"=""086790"""	하나금융지주	직접추가	메인	125400.0	4105.0	13954.0		73098647000000.0	72812888000000.0							판정불가	일반	일반	1026.7067789838566	1026.7067789838566	8.91309253411324	8.91309253411324	N	N	10.491725393934592			29.483450787869184			411412.0722939266			228.07980246724608			1년	29.483450787869184	411412.0722939266	228.07980246724608	3.273524720893142	1.5443854152914653			-14044.963863826157	-11.20013067290762	1년	1.5443854152914653	양호(>=1.5)	1년	10.491725393934592	0.8495354385910652	헐값	N	주당FCF<=0	제외	하드필터 미통과	278325814.0	주당FCF 음수; fs=2025:CFS,2024:CFS,2022:NA,2020:NA
"=""009420"""	한올바이오파마	직접추가	메인	43400.0		-109.0	24743015950.0	0.0	15000000000.0	15739600000.0						판정불가	일반	일반	186.5026217711966	-114.78772617593224			N	Y	202.77777777777777			414.05555555555554									1년	414.05555555555554							-315.0056843677905	-0.7258195492345403	판정불가		판정불가	1년	202.77777777777777		판정불가	N	주당FCF<=0 / 순현금차감PER<=0	제외	하드필터 미통과	52240638.0	주당순현금 음수(보수형); 단기위험부채 존재; 주당FCF 음수; fs=2025:CFS,2024:CFS,2022:CFS,2020:CFS
"=""300720"""	한일시멘트	직접추가	메인	13900.0	1000.0	1061.0	129285266021.0		337958155586.0	209542035372.0						판정불가	일반	일반	-2837.341716779947	-5686.501277561126	15.77506288103671	18.460415907220664	Y	Y	-60.067745577719236	-2.308290966967641	-43.43181980026135		3.883418066064718			4120.306568094666			-70.35750670435492		3년	3.883418066064718	4120.306568094666	-70.35750670435492	7.194244604316546	-3.351714118170788	0.3097264127689999	-2.2971429951956766	83.57535581957487	0.601261552658812	3년	0.3097264127689999	불리(<1)	3년	-2.308290966967641		판정불가	N	주당순현금<=0	제외	하드필터 미통과	73545209.0	주당순현금 음수(린치식); 주당순현금 음수(보수형); 단기위험부채 존재; 배당감안점수<1; fs=2025:CFS,2024:CFS,2022:CFS,2020:CFS
"=""180640"""	한진칼	직접추가	메인	111700.0	360.0		110930322000.0	30600000000.0	366131984000.0	0.0						판정불가	일반	일반	-3364.2000447588075	-3364.2000447588075			Y	Y													판정불가				0.32229185317815573				1732.6632753204844	1.5511757164910334	판정불가		판정불가	판정불가			판정불가	N	주당순현금<=0 / 순현금차감PER<=0	제외	하드필터 미통과	66762279.0	주당순현금 음수(린치식); 주당순현금 음수(보수형); EPS 미추출; fs=2025:CFS,2024:CFS,2022:CFS,2020:CFS
"=""161390"""	한국타이어앤테크놀로지	직접추가	메인	67600.0	2300.0	8931.0	2603079747970.0	489388296676.0								판정불가	일반	일반	24964.41026923666	24964.41026923666	4.773887552431233	4.773887552431233	N	N	-2.2545693334792616	16.43379388057411	24.1178312692236	3.990861333041477	41.36758776114822	56.7356625384472	35642.38256539343	369453.9262948148	506706.20213087194	-47.27458200385587	446.52947676747755	649.565387767562	3년	41.36758776114822	369453.9262948148	446.52947676747755	3.4023668639053253	0.24043246050936334	4.155137825644285	5.764735308671757	-5650.2614211339005	-8.358374883334173	3년	4.155137825644285	안심(>=2)	3년	16.43379388057411	0.29049211564435534	매우 유망	N	주당FCF<=0	제외	하드필터 미통과	123875069.0	주당FCF 음수; fs=2025:CFS,2024:CFS,2022:CFS,2020:CFS
"=""000240"""	한국앤컴퍼니	직접추가	메인	24950.0	1100.0	3666.0	87970654737.0	34240766097.0	15178888600.0	83728229501.0						판정불가	일반	일반	1127.4267830786544	245.4757867889732	6.498246922237137	6.738822753194497	N	N	-0.9991898460707582	28.543628944993937	19.90708834889714	6.5016203078584835	65.58725788998788	48.31417669779428	23834.9400486092	240442.88742469557	177119.77177411385	-4.469178161886966	863.6989475939702	609.8988848661878	3년	65.58725788998788	240442.88742469557	863.6989475939702	4.408817635270541	0.5246996351480527	5.070974829765319	3.741917824168568	2176.2560889928754	8.722469294560623	3년	5.070974829765319	안심(>=2)	3년	28.543628944993937	0.2276601526302008	매우 유망	Y	통과	매우 유망	배당감안점수>=2 & 린치PER배수<=0.5	94935240.0	단기위험부채 존재; fs=2025:CFS,2024:CFS,2022:CFS,2020:CFS
"=""128940"""	한미약품	헬스케어	메인	333500.0	2000.0	13372.0	108273819495.0		91812500000.0	319500000000.0						판정불가	일반	일반	1284.9372460725326	-23654.585387266292	24.8440818691241	26.70913740556882	N	Y	39.77213337514372	26.231706206675454	68.07388619564503	88.04426675028743	60.96341241335091	144.64777239129006	1177327.9349848435	815202.7507913284	1934230.0124163306	253.02186956067268	144.4386059344313	479.9790142177903	3년	60.96341241335091	815202.7507913284	144.4386059344313	0.5997001499250375	1.6250080698390523	1.079991866793283	2.7641829030887517	7534.569419649112	2.2592412052920876	3년	1.079991866793283	보통(1~1.5)	3년	26.231706206675454	0.9471012549996374	헐값	Y	통과	보류	중간구간(보류)	12810991.0	주당순현금 음수(보수형); 단기위험부채 존재; fs=2025:CFS,2024:CFS,2022:CFS,2020:CFS
"=""008930"""	한미사이언스	직접추가	메인	35850.0	300.0	1748.0	127389343692.0	0.0	0.0	199600000000.0						판정불가	일반	일반	1862.6474131965133	-1055.8417861270873	19.44356555309124	21.113181799843872	N	Y	99.08883826879271	20.062307210120522	38.49990058066466	206.67767653758543	48.624614420241045	85.49980116132932	361272.57858769933	84995.82600658135	149453.65243000365	907.7338314859115	137.0873807714961	316.8860597768582	3년	48.624614420241045	84995.82600658135	137.0873807714961	0.8368200836820083	5.139266153608746	1.074860844670533	2.0231227938587995	667.8946648379807	1.86302556440162	3년	1.074860844670533	보통(1~1.5)	3년	20.062307210120522	0.9691589979881698	헐값	Y	통과	보류	중간구간(보류)	68391550.0	주당순현금 음수(보수형); 단기위험부채 존재; 1년 점수 과열 가능; fs=2025:CFS,2024:CFS,2022:CFS,2020:CFS
"=""042700"""	한미반도체	반도체소부장	메인	214500.0	800.0	2256.0	276235377529.0	1620849416.0	1700783956.0							판정불가	일반	일반	2897.3777017947336	2897.3777017947336	93.7954886073605	93.7954886073605	N	N	41.97608558842039	33.93410123050573	17.576648487156234	92.45217117684078	76.36820246101146	43.65329697431247	208572.0981749528	172286.66475204186	98481.83797404893	-2.7635905944276007	-19.679876572474654	-54.08772122421961	3년	76.36820246101146	172286.66475204186	-19.679876572474654	0.372960372960373	0.45150408180780527	0.3657645171728856	0.1913696396983003	1415.2619637779844	0.6597957873090836	3년	0.3657645171728856	불리(<1)	3년	33.93410123050573	2.7640481169732936	매우 불리	Y	통과	제외	배당감안점수<1	95312200.0	배당감안점수<1; PER>연성장률의 2배; fs=2025:CFS,2024:CFS,2022:CFS,2020:CFS
"=""018880"""	한온시스템	직접추가	메인	3305.0	316.0	-292.0	924789114632.0	12500000000.0	551438792860.0							판정불가	일반	일반	375.9762265709175	375.9762265709175			N	N	-55.69044006069803												1년				9.561270801815432				-358.42775774108145	-10.845015362816383	판정불가		판정불가	1년	-55.69044006069803		판정불가	N	주당FCF<=0 / 순현금차감PER<=0	제외	하드필터 미통과	1026262552.0	주당FCF 음수; fs=2025:CFS,2024:CFS,2022:CFS,2020:CFS
"=""014680"""	한솔케미칼	직접추가	메인	208000.0	2600.0	13428.0	112551479633.0	97254225348.0	138153315888.0	52809626645.0						판정불가	일반	일반	6321.231270657452	1662.3236254868134	15.019270831794948	15.36622552684787	N	N	22.295081967213104	-1.612254890420728	3.943248256290177	53.09016393442621	5.275490219158544	16.386496512580354	712894.7213114752	70839.28266286093	220037.875170929	242.73784678436306	-65.94265256593224	5.787439986023557	3년	5.275490219158544	70839.28266286093	-65.94265256593224	1.25	1.5676581260768996	-0.024119339379236358	0.3457723290598345	10281.03332708436	4.9428044841751735	3년	-0.024119339379236358	불리(<1)	3년	-1.612254890420728		판정불가	Y	통과	보류	배당감안점수 또는 린치PER배수 미산출	11335195.0	단기위험부채 존재; 1년 점수 과열 가능; 배당감안점수<1; fs=2025:CFS,2024:CFS,2022:CFS,2020:CFS
"=""009240"""	한샘	직접추가	메인	38900.0	8530.0	2808.0	98241927402.0	251054722982.0	161476119968.0	96981921492.0						판정불가	일반	일반	7980.840700116019	3859.9000100620688	11.0110966167678	12.478668087584733	N	N	-69.38174681059863		-5.701809832138416										5년				21.9280205655527	-4.309627632617714		1.4736234998342364	2308.508445254018	5.934469010935779	5년	1.4736234998342364	보통(1~1.5)	5년	-5.701809832138416		판정불가	Y	통과	보류	배당감안점수 또는 린치PER배수 미산출	23533928.0	단기위험부채 존재; fs=2025:CFS,2024:CFS,2022:CFS,2020:CFS
"=""000880"""	한화	직접추가	메인	83800.0	1100.0	4122.0	14684582000000.0	103264989000000.0	60168760000000.0							판정불가	일반	일반	770834.9267100092	770834.9267100092	-166.67513991023998	-166.67513991023998	N	N	-50.52808449351897	-33.7392629586393	7.803689278908865			24.107378557817732			99370.61441532469			18.58068545981466	3년				1.3126491646778042	0.2952776002188766	0.19454979195712263	-0.054695249984467495	29660.332448246358	35.39419146568778	3년	0.19454979195712263	불리(<1)	3년	-33.7392629586393		판정불가	N	순현금차감PER<=0	제외	하드필터 미통과	74958735.0	배당감안점수<1; fs=2025:CFS,2024:CFS,2022:CFS,2020:CFS
"=""012450"""	한화에어로스페이스	우주항공/방산	메인	917000.0	7000.0	28530.0	7713355500000.0		12463889065000.0							판정불가	일반	일반	-92129.95017531911	-92129.95017531911	35.37083596829019	35.37083596829019	Y	Y	-37.89049744203766	93.07351740567623	64.20288154253949		194.64703481135246	136.90576308507897		5553279.903167886	3905921.420817303		505.59213775004207	325.945629314864	3년	194.64703481135246	5553279.903167886	505.59213775004207	0.7633587786259541	-1.049653977550772	2.652944823481881	1.8367176953184656	39867.85493454941	4.347639578467765	3년	2.652944823481881	안심(>=2)	3년	93.07351740567623	0.3800311512255477	매우 유망	N	주당순현금<=0	제외	하드필터 미통과	51563401.0	주당순현금 음수(린치식); 주당순현금 음수(보수형); fs=2025:CFS,2024:CFS,2022:CFS,2020:CFS
"=""082740"""	한화엔진	직접추가	메인	39050.0		2071.0	276708027934.0	133988650000.0	53947006810.0	30000000000.0						판정불가	일반	일반	4275.157453852644	3915.6484367553294	16.791329090365693	16.96492108316981	N	N	113.94628099173553		62.28278611303117	236.39256198347107		133.06557222606233	489568.9958677686		275578.8000801751	1153.6978127215584		605.7075546227276	5년	133.06557222606233	275578.8000801751	605.7075546227276		6.786019163731007		3.7092231221152687	3492.7128128726085	8.944206947176975	5년	3.7092231221152687	안심(>=2)	5년	62.28278611303117	0.26959823312805387	매우 유망	Y	통과	매우 유망	배당감안점수>=2 & 린치PER배수<=0.5	83447142.0	단기위험부채 존재; fs=2025:CFS,2024:OFS,2022:CFS,2020:CFS
"=""088350"""	한화생명	직접추가	메인	4420.0	150.0	693.0	3103115000000.0	104518986000000.0								판정불가	일반	일반	123912.9344985205	123912.9344985205	-172.42847690984198	-172.42847690984198	N	N	-25.96153846153846												1년				3.3936651583710407	0.13088251840771944					1년	0.13088251840771944	불리(<1)	1년	-25.96153846153846		판정불가	N	주당FCF<=0 / 순현금차감PER<=0	제외	하드필터 미통과	868530000.0	배당감안점수<1; fs=2025:CFS,2024:CFS,2022:NA,2020:NA
"=""042660"""	한화오션	직접추가	메인	85200.0		4007.0	778471159631.0		5646344947762.0							판정불가	일반	일반	-15886.622071524067	-15886.622071524067	25.227507379966074	25.227507379966074	Y	Y	143.14320388349512		47.03819321855338	294.78640776699024		102.57638643710676	1181209.13592233		411023.5804534868	1286.3956994393543		382.4220427857827	5년	102.57638643710676	411023.5804534868	382.4220427857827		5.674092240962715		1.8645596851914048	1951.772804089628	2.290813150339939	5년	1.8645596851914048	양호(>=1.5)	5년	47.03819321855338	0.5363196511981572	헐값	N	주당순현금<=0	제외	하드필터 미통과	306413394.0	주당순현금 음수(린치식); 주당순현금 음수(보수형); fs=2025:CFS,2024:CFS,2022:CFS,2020:CFS
"=""009830"""	한화솔루션	석유화학	watchlist	25500.0	300.0	-12.0	2470461000000.0		8369710000000.0							판정불가	일반	일반	-34319.40174528579	-34319.40174528579			Y	Y	-99.19893190921229												1년				1.1764705882352942				-15547.574445000917	-60.97088017647418	판정불가		판정불가	1년	-99.19893190921229		판정불가	N	주당순현금<=0 / 주당FCF<=0 / 순현금차감PER<=0	제외	하드필터 미통과	171892536.0	린치식 단독판정 비중 낮춤; 주당순현금 음수(린치식); 주당순현금 음수(보수형); 주당FCF 음수; fs=2025:CFS,2024:CFS,2022:CFS,2020:CFS
"=""272210"""	한화시스템	우주항공/방산	메인	62500.0	500.0	1243.0	325483658125.0	164123075536.0	1615285782454.0	1474436243190.0						판정불가	일반	일반	-5958.515188681878	-13763.093908709392	55.07523345831205	61.35405785093273	Y	Y	-52.02624469316866		7.897266078384502			24.294532156769			30198.10347086387			-51.68303444661782	5년	24.294532156769	30198.10347086387	-51.68303444661782	0.8	-0.930113981848905		0.1579161000736874	-1268.1431386537038	-2.029029021845926	5년	0.1579161000736874	불리(<1)	5년	7.897266078384502	6.973961990347231	매우 불리	N	주당순현금<=0 / 주당FCF<=0	제외	하드필터 미통과	188919389.0	주당순현금 음수(린치식); 주당순현금 음수(보수형); 단기위험부채 존재; 주당FCF 음수; 배당감안점수<1; PER>연성장률의 2배; fs=2025:CFS,2024:CFS,2022:CFS,2020:CFS
"=""267250"""	HD현대	직접추가	메인	199600.0	4000.0	13623.0	6367475266000.0		1596736136000.0							판정불가	일반	일반	60394.38933167378	60394.38933167378	10.218425506006474	10.218425506006474	N	N	89.12952936276552	-11.915391188425783		186.75905872553105			2544218.6570179095			1174.6586458005559			3년				2.004008016032064	8.918549861250987	-0.9699520896411807		64511.54397881789	32.32041281503902	3년	-0.9699520896411807	불리(<1)	3년	-11.915391188425783		판정불가	Y	통과	보류	배당감안점수 또는 린치PER배수 미산출	78993085.0	1년 점수 과열 가능; 배당감안점수<1; fs=2025:CFS,2024:CFS,2022:CFS,2020:CFS
"=""267260"""	HD현대일렉트릭	전력설비	메인	684000.0	7100.0	20354.0	950781542257.0		55346966947.0							판정불가	일반	일반	24840.658635145344	24840.658635145344	32.384756871615146	32.384756871615146	N	N	46.06386795837818	65.20736528007924		100.62773591675636	138.9147305601585		2048176.936849659	2827470.425821466		199.44107263883905	313.37286927214416		3년	138.9147305601585	2827470.425821466	313.37286927214416	1.0380116959064327	1.4544459864563273	2.04557277482756		19908.873951397247	2.910654086461586	3년	2.04557277482756	안심(>=2)	3년	65.20736528007924	0.4966426220798196	매우 유망	Y	통과	매우 유망	배당감안점수>=2 & 린치PER배수<=0.5	36047135.0	fs=2025:CFS,2024:CFS,2022:CFS,2020:CFS
"=""329180"""	HD현대중공업	직접추가	메인	481000.0	5661.0	15702.0	1869917695000.0		20593805000.0							판정불가	일반	일반	17619.114963644908	17619.114963644908	29.51094669700389	29.51094669700389	N	N	124.2822453935152			257.0644907870304			4036426.634337952			739.1739364527966			1년	257.0644907870304	4036426.634337952	739.1739364527966	1.176923076923077	4.2512756286187035					1년	4.2512756286187035	안심(>=2)	1년	124.2822453935152	0.23745102611852	매우 유망	N	주당FCF<=0	제외	하드필터 미통과	104961225.0	fs=2025:CFS,2024:CFS,2022:CFS,2020:CFS
"=""071970"""	HD현대마린엔진	직접추가	메인	49450.0		4867.0	94276230277.0	247003276789.0								판정불가	일반	일반	10060.862797055377	10060.862797055377	8.09310400717991	8.09310400717991	N	N	97.52435064935065	113.65854515790357	162.5665198099373	203.5487012987013	235.81709031580715	333.6330396198746	990671.5292207792	1147721.7785670334	1623792.0038299295	1903.3802410935878	2220.9742741497134	3183.70476002008	3년	235.81709031580715	1147721.7785670334	2220.9742741497134		12.050302401010855	14.043875508960445	20.087041963839106			3년	14.043875508960445	안심(>=2)	3년	113.65854515790357	0.07120541615182845	매우 유망	N	주당FCF<=0	제외	하드필터 미통과	33921495.0	fs=2025:CFS,2024:CFS,2022:CFS,2020:CFS
"=""443060"""	HD현대마린솔루션	직접추가	메인	184000.0	3950.0	6013.0	377924043510.0		9931501625.0							판정불가	일반	일반	8208.377954504365	8208.377954504365	29.235260609595148	29.235260609595148	N	N	13.36726998491704			35.23453996983408			211865.28883861232			15.144178716637136			1년	35.23453996983408	211865.28883861232	15.144178716637136	2.1467391304347827	0.530660879768592			6828.081523113242	3.7109138712571967	1년	0.530660879768592	불리(<1)	1년	13.36726998491704	2.1870778881987687	매우 불리	Y	통과	제외	배당감안점수<1	44831335.0	배당감안점수<1; PER>연성장률의 2배; fs=2025:CFS,2024:CFS,2022:NA,2020:NA
"=""009540"""	HD한국조선해양	직접추가	메인	384500.0	12300.0	30664.0	3742015549000.0		398797408000.0							판정불가	일반	일반	47238.53250999998	47238.53250999998	10.998612949713019	10.998612949713019	N	N	84.96802991916998			178.43605983833996			5471563.338882856			1323.0333781229795			1년	178.43605983833996	5471563.338882856	1323.0333781229795	3.198959687906372	8.01619167891319					1년	8.01619167891319	안심(>=2)	1년	84.96802991916998	0.12944413281296496	매우 유망	N	주당FCF<=0	제외	하드필터 미통과	70773116.0	fs=2025:CFS,2024:CFS,2022:CFS,2020:CFS
"=""017960"""	한국카본	조선/LNG사이클	watchlist	21350.0	320.0	2043.0	57866929673.0	27093215744.0	98920898088.0	81871440000.0						판정불가	일반	일반	-268.94950885840325	-1846.1770478341368	10.581962559402058	11.353977996981955	Y	Y	394.6731234866828	63.08567663703022	8.209872487827186	797.8462469733656	134.67135327406044	24.91974497565437	1629999.882566586	275133.5747389055	50911.03898526188	7534.659871506257	1188.6818488941708	138.45919899420088	3년	134.67135327406044	275133.5747389055	1188.6818488941708	1.4988290398126463	37.43841941441167	6.10326348390447	0.9174764579953711	2529.43380973873	11.847465151001076	3년	6.10326348390447	안심(>=2)	3년	63.08567663703022	0.16773954284879028	매우 유망	N	주당순현금<=0	제외	하드필터 미통과	51908452.0	린치식 단독판정 비중 낮춤; 주당순현금 음수(린치식); 주당순현금 음수(보수형); 단기위험부채 존재; 1년 점수 과열 가능; fs=2025:CFS,2024:CFS,2022:CFS,2020:CFS
"=""000080"""	하이트진로	직접추가	메인	15400.0	700.0	596.0	243639082453.0	11534336304.0								판정불가	일반	일반	3638.389855001192	3638.389855001192	19.734245209729547	19.734245209729547	N	N	-56.748911465892604	-21.8770293860485	-13.71294563046288										3년				4.545454545454546	-2.645323211789233	-0.8782486817407635	-0.46454733827308975	1956.0991773402343	12.701942710001521	3년	-0.8782486817407635	불리(<1)	3년	-21.8770293860485		판정불가	Y	통과	보류	배당감안점수 또는 린치PER배수 미산출	70133611.0	배당감안점수<1; fs=2025:CFS,2024:CFS,2022:CFS,2020:CFS
"=""204320"""	HL만도	직접추가	메인	44700.0	750.0	2130.0	799652317531.0		965892545521.0	659326263869.0						판정불가	일반	일반	-3540.256046154449	-17581.28462433386	22.648007533405845	29.240039729734207	Y	Y	-23.021322732200943	0.5378148348890388	76.60035963530261		9.575629669778078	161.70071927060522		20396.091196627305	344422.5320463891		-54.37116063394338	670.5202059203336	3년	9.575629669778078	20396.091196627305	-54.37116063394338	1.6778523489932886	-0.9423994738489028	0.09783055664451784	3.4562957411964566	6770.8428804833	15.147299508911185	3년	0.09783055664451784	불리(<1)	3년	0.5378148348890388	42.1111618054912	매우 불리	N	주당순현금<=0	제외	하드필터 미통과	46957120.0	주당순현금 음수(린치식); 주당순현금 음수(보수형); 단기위험부채 존재; 배당감안점수<1; PER>연성장률의 2배; fs=2025:CFS,2024:CFS,2022:CFS,2020:CFS
"=""011200"""	HMM	직접추가	메인	20950.0	700.0	1951.0	1760767000000.0	10915294000000.0	151318000000.0							판정불가	일반	일반	13278.45506473833	13278.45506473833	3.932109141600036	3.932109141600036	N	N	-60.97219443888777	-54.38515324967628	80.08768235294812			168.67536470589624			329085.6365412036			1470.8144942300887	3년				3.341288782816229	-14.656486781193625	-12.98129391344654	21.217358962171588	1809.1182228382938	8.635409178225746	3년	-12.98129391344654	불리(<1)	3년	-54.38515324967628		판정불가	Y	통과	보류	배당감안점수 또는 린치PER배수 미산출	943237970.0	1년 점수 과열 가능; 배당감안점수<1; fs=2025:CFS,2024:CFS,2022:CFS,2020:CFS
"=""008770"""	호텔신라	직접추가	메인	43550.0	200.0	-4566.0	338290693972.0		739494888568.0	24083900000.0						판정불가	일반	일반	-10222.252285555276	-10835.884209488653			Y	Y													판정불가				0.4592422502870264				1275.405833262693	2.9286012244837956	판정불가		판정불가	판정불가			판정불가	N	주당순현금<=0 / 순현금차감PER<=0	제외	하드필터 미통과	39248121.0	주당순현금 음수(린치식); 주당순현금 음수(보수형); 단기위험부채 존재; fs=2025:CFS,2024:CFS,2022:CFS,2020:CFS
"=""298050"""	HS효성첨단소재	직접추가	메인	160800.0	2500.0	-4843.0	31544586945.0		554202076606.0							판정불가	일반	일반	-116665.97238650985	-116665.97238650985			Y	Y	-143.41940111170882												1년				1.554726368159204				-3354.717829760524	-2.0862673070650026	판정불가		판정불가	1년	-143.41940111170882		판정불가	N	주당순현금<=0 / 주당FCF<=0 / 순현금차감PER<=0	제외	하드필터 미통과	4479948.0	주당순현금 음수(린치식); 주당순현금 음수(보수형); 주당FCF 음수; fs=2025:CFS,2024:CFS,2022:CFS,2020:CFS
"=""352820"""	하이브	직접추가	메인	168800.0	500.0	-5690.0	534914956000.0	57033836000.0	1161573182000.0	0.0						판정불가	일반	일반	-13368.578698363612	-13368.578698363612			Y	Y	-2628.8888888888887												1년				0.2962085308056872				1088.4641428108619	0.6448247291533542	판정불가		판정불가	1년	-2628.8888888888887		판정불가	N	주당순현금<=0 / 순현금차감PER<=0	제외	하드필터 미통과	42609196.0	주당순현금 음수(린치식); 주당순현금 음수(보수형); fs=2025:CFS,2024:CFS,2022:CFS,2020:CFS
"=""298040"""	효성중공업	전력설비	메인	2417000.0	7500.0	55832.0	216772513676.0		637432979185.0							판정불가	일반	일반	-45113.22859928438	-45113.22859928438	44.0986034639505	44.0986034639505	Y	Y	133.51875862645866	270.5887113046113		275.5375172529173	549.6774226092226		15383810.66326488	30689589.85911812		536.4836848682202	1169.738926732235		3년	549.6774226092226	30689589.85911812	1169.738926732235	0.3103020273065784	3.0347686806718754	6.143029303714143		33728.061849754005	1.395451462546711	3년	6.143029303714143	안심(>=2)	3년	270.5887113046113	0.1629728130613222	매우 유망	N	주당순현금<=0	제외	하드필터 미통과	9324548.0	주당순현금 음수(린치식); 주당순현금 음수(보수형); fs=2025:CFS,2024:CFS,2022:CFS,2020:CFS
"=""298020"""	효성티앤씨	직접추가	메인	308000.0	10100.0	2517.0	78332153321.0		1022720440533.0							판정불가	일반	일반	-218220.35149809992	-218220.35149809992	209.06648847759237	209.06648847759237	Y	Y	-91.92622293504411	-2.1428862261368864	-39.74816600029081		4.214227547726227			10607.210737626914			-96.55610040986139		3년	4.214227547726227	10607.210737626914	-96.55610040986139	3.279220779220779	-0.42401344568105886	0.005435278323937049	-0.17443706777989315	-681.4700322251034	-0.2212565039691894	3년	0.005435278323937049	불리(<1)	3년	-2.1428862261368864		판정불가	N	주당순현금<=0 / 주당FCF<=0	제외	하드필터 미통과	4327682.0	주당순현금 음수(린치식); 주당순현금 음수(보수형); 주당FCF 음수; 배당감안점수<1; fs=2025:CFS,2024:CFS,2022:CFS,2020:CFS
"=""307950"""	현대오토에버	직접추가	메인	364500.0	1900.0	6654.0	301124937000.0	503550000000.0	137177596000.0							판정불가	일반	일반	24339.913182556786	24339.913182556786	51.12114319468638	51.12114319468638	N	N	6.840077071290951	17.005273141647017	18.824559086735636	22.1801541425819	42.51054628329403	46.14911817347127	147586.74566473998	282865.1749690385	307076.2323262778	-59.509809145476	-22.396385468027844	-15.754120075095246	3년	42.51054628329403	282865.1749690385	-22.396385468027844	0.5212620027434842	0.1439979353748017	0.34284317699319833	0.37843091684792285	6801.802196340414	1.8660637026997025	3년	0.34284317699319833	불리(<1)	3년	17.005273141647017	3.0061935947084195	매우 불리	Y	통과	제외	배당감안점수<1	27423982.0	배당감안점수<1; PER>연성장률의 2배; fs=2025:CFS,2024:CFS,2022:CFS,2020:CFS
"=""069960"""	현대백화점	직접추가	메인	118800.0	2150.0	9572.0	279878097000.0	1384271000.0	850398528000.0	925684884000.0						판정불가	일반	일반	-25150.950692818045	-66058.30557705347	15.038753728877772	19.31240133483634	Y	Y	-681.8844984802432	13.23304981191371	24.719368231601415		34.96609962382742	57.93873646320283		334695.50559927605	554589.5854257775		181.73022356841417	366.82625035839857	3년	34.96609962382742	334695.50559927605	181.73022356841417	1.80976430976431	-45.221482207304405	1.0002699952983771	1.7640512651273659	17816.28700542092	14.996874583687642	3년	1.0002699952983771	보통(1~1.5)	3년	13.23304981191371	1.1364541011051275	보통	N	주당순현금<=0	제외	하드필터 미통과	22628813.0	주당순현금 음수(린치식); 주당순현금 음수(보수형); 단기위험부채 존재; fs=2025:CFS,2024:CFS,2022:CFS,2020:CFS
"=""000720"""	현대건설	직접추가	메인	94600.0	800.0	3319.0	4812659000000.0	700784000000.0	579678000000.0	1194728000000.0						판정불가	일반	일반	44306.32756193628	33577.399427860786	15.153260752655534	18.385839280548122	N	N	-321.1192538307795	-3.003815607902416	24.7843511038494		2.4923687841951683	58.0687022076988		8272.171994743763	192730.0226273523		-91.25563214086283	103.73152497605953	3년	2.4923687841951683	8272.171994743763	-91.25563214086283	0.8456659619450317	-21.135621771222283	-0.1424214683020735	1.691386262280407	-7760.002367187725	-8.202962333179412	3년	-0.1424214683020735	불리(<1)	3년	-3.003815607902416		판정불가	N	주당FCF<=0	제외	하드필터 미통과	111355765.0	단기위험부채 존재; 주당FCF 음수; 배당감안점수<1; fs=2025:CFS,2024:CFS,2022:CFS,2020:CFS
"=""017800"""	현대엘리베이터	직접추가	메인	67900.0	14010.0		546026985679.0	858153283222.0	939270698991.0							판정불가	일반	일반	11892.58649504245	11892.58649504245			N	N													판정불가				20.633284241531662				5302.308441375475	7.808996231775368	판정불가		판정불가	판정불가			판정불가	N	순현금차감PER<=0	제외	하드필터 미통과	39092385.0	EPS 미추출; fs=2025:CFS,2024:CFS,2022:CFS,2020:CFS
"=""086280"""	현대글로비스	직접추가	메인	200000.0	5800.0	23117.0	2644639919844.0	1773253190103.0	2551475394576.0	800732226936.0						판정불가	일반	일반	24885.56953828	14209.1398458	7.575136499620194	8.036979718570748	N	N	58.49845731916352	-10.017436249066701	7.416538424274255	125.49691463832704		23.333076848548508	2901112.1756942063		539390.7375078959	1350.5560878471033		169.69536875394797	3년				2.9000000000000004	8.105260852031108	-0.9395786134577983	1.3618947229256546	25034.3648264	12.5171824132	3년	-0.9395786134577983	불리(<1)	3년	-10.017436249066701		판정불가	Y	통과	보류	배당감안점수 또는 린치PER배수 미산출	75000000.0	단기위험부채 존재; 1년 점수 과열 가능; 배당감안점수<1; fs=2025:CFS,2024:CFS,2022:CFS,2020:CFS
"=""001450"""	현대해상	직접추가	메인	38450.0	2063.0	13006.0	1509674177483.0	19831696034080.0								판정불가	일반	일반	238717.78760137584	238717.78760137584	-15.39810761197723	-15.39810761197723	N	N	19.90412095510279			48.30824191020558			628296.9942841338			1534.0624038599055			1년	48.30824191020558	628296.9942841338	1534.0624038599055	5.365409622886866	-1.6410802687425083					1년	-1.6410802687425083	불리(<1)	1년	19.90412095510279		판정불가	N	주당FCF<=0 / 순현금차감PER<=0	제외	하드필터 미통과	89400000.0	배당감안점수<1; fs=2025:CFS,2024:CFS,2022:NA,2020:NA
"=""012330"""	현대모비스	직접추가	메인	476000.0	6500.0	40861.0	4922378000000.0			2945574000000.0						판정불가	일반	일반	54251.49199158146	21787.145638739283	10.321541519013694	11.116048416858636	N	N	-9.074523242617772	14.580422448898144	20.046998821740058		37.66084489779629	48.593997643480115		1538859.783368854	1985599.337710241		223.2898704556416	317.14271800635316	3년	37.66084489779629	1538859.783368854	223.2898704556416	1.365546218487395	-0.7468823343809047	1.5449212346829084	2.074549135977665	32588.711819214936	6.846368029246835	3년	1.5449212346829084	양호(>=1.5)	3년	14.580422448898144	0.7079041471664426	헐값	Y	통과	양호	배당감안점수>=1.5 & 린치PER배수<1	90732583.0	단기위험부채 존재; fs=2025:CFS,2024:CFS,2022:CFS,2020:CFS
"=""005380"""	현대자동차	직접추가	메인	388000.0	10000.0	36088.0	18360566000000.0	5857507000000.0	131240462000000.0	10388351000000.0						판정불가	일반	일반	-522678.0458231802	-573412.8785132379	25.23492700684937	26.640791357604687	Y	Y	-24.20875774440827	8.159836431248424	45.92494426173537		24.819672862496848	100.34988852347074		895692.3542617862	3621426.777035012		130.8485449128315	833.357416761601	3년	24.819672862496848	895692.3542617862	130.8485449128315	2.5773195876288657	-0.8572023271915193	0.42548789683294763	1.9220290923052616	-83323.46231986141	-21.475119154603455	3년	0.42548789683294763	불리(<1)	3년	8.159836431248424	3.092577555870017	매우 불리	N	주당순현금<=0 / 주당FCF<=0	제외	하드필터 미통과	204757766.0	주당순현금 음수(린치식); 주당순현금 음수(보수형); 단기위험부채 존재; 주당FCF 음수; 배당감안점수<1; PER>연성장률의 2배; fs=2025:CFS,2024:CFS,2022:CFS,2020:CFS
"=""064350"""	현대로템	방산	메인	133700.0	600.0	7055.0	908414081000.0		60775088000.0	49136977000.0						판정불가	일반	일반	7766.386844661084	7316.175404518884	17.850264090055127	17.914078610273723	N	N	89.24356223175967	57.31843168250532	84.95065921728904	186.98712446351934	123.13686336501064	178.4013184345781	1319194.163090129	868730.57104015	1258621.3015559483	886.6822461407096	549.7610852955497	841.3771888974932	3년	123.13686336501064	868730.57104015	549.7610852955497	0.44876589379207177	5.024705946816876	3.2362096877032247	4.784210736616467	6852.009336460757	5.124913490247388	3년	3.2362096877032247	안심(>=2)	3년	57.31843168250532	0.3114227581963546	매우 유망	Y	통과	매우 유망	배당감안점수>=2 & 린치PER배수<=0.5	109142000.0	단기위험부채 존재; fs=2025:CFS,2024:CFS,2022:CFS,2020:CFS
"=""004020"""	현대제철	철강	watchlist	26350.0	500.0	-53.0	1342926134232.0	805366237672.0	5816297925103.0	1215935236760.0						판정불가	일반	일반	-27486.85957521251	-36598.68904783317			Y	Y													판정불가				1.8975332068311195				3999.7338333915905	15.179255534692942	판정불가		판정불가	판정불가			판정불가	N	주당순현금<=0 / 순현금차감PER<=0	제외	하드필터 미통과	133445785.0	린치식 단독판정 비중 낮춤; 주당순현금 음수(린치식); 주당순현금 음수(보수형); 단기위험부채 존재; fs=2025:CFS,2024:CFS,2022:CFS,2020:CFS
"=""011210"""	현대위아	직접추가	메인	58200.0	1200.0	5351.0	1116473000000.0	572468000000.0	739686000000.0	71245000000.0						판정불가	일반	일반	34905.39080171221	32285.615748994038	4.353318855968565	4.842904924501208	N	N	46.32212195788898	29.51602682110046	18.44874189552963	101.14424391577796	67.53205364220092	45.39748379105926	541222.8491933278	361364.01903941715	242921.9357659581	829.936166998845	520.9003763563868	317.39164220955	3년	67.53205364220092	361364.01903941715	520.9003763563868	2.0618556701030926	11.114273782554616	7.253749044343278	4.711485247057406	5543.207939464645	9.524412267121383	3년	7.253749044343278	안심(>=2)	3년	29.51602682110046	0.14749000203701057	매우 유망	Y	통과	매우 유망	배당감안점수>=2 & 린치PER배수<=0.5	27195083.0	단기위험부채 존재; fs=2025:CFS,2024:CFS,2022:CFS,2020:CFS
"=""139130"""	iM금융지주	직접추가	메인	16950.0	700.0	2511.0		10012037000000.0	9824584000000.0							판정불가	일반	일반	1167.025597818984	1167.025597818984	6.28553341385146	6.28553341385146	N	N	123.9964317573595			256.49286351471903			644053.5802854595			3699.7261373773426			1년	256.49286351471903	644053.5802854595	3699.7261373773426	4.129793510324483	20.384304215984535					1년	20.384304215984535	안심(>=2)	1년	123.9964317573595	0.05069124429444235	매우 유망	N	주당FCF<=0	제외	하드필터 미통과	160624583.0	fs=2025:CFS,2024:CFS,2022:NA,2020:NA
"=""024110"""	IBK기업은행	금융/은행	보정필요	20650.0	1048.0	3183.0			203390126000000.0							판정불가	금융보정	보정보류	-255058.34950533815	-255058.34950533815	86.61902277893124	86.61902277893124	Y	Y	2.4790727623953623			13.458145524790725			42837.27720540888			107.44444167268222			1년	13.458145524790725	42837.27720540888	107.44444167268222	5.075060532687652	0.08721101962051277					1년	0.08721101962051277	불리(<1)	1년	2.4790727623953623	34.940088928748125	매우 불리	N	주당순현금<=0 / 주당FCF<=0	제외	하드필터 미통과	797425869.0	린치식 단독판정 비중 낮춤; 주당순현금 음수(린치식); 주당순현금 음수(보수형); 배당감안점수<1; PER>연성장률의 2배; fs=2025:CFS,2024:CFS,2022:NA,2020:NA
"=""007660"""	이수페타시스	직접추가	메인	74500.0	230.0	2278.0	162780032068.0	175712986992.0	105628209085.0							판정불가	일반	일반	3172.1466751335415	3172.1466751335415	31.311612521890456	31.311612521890456	N	N	94.53458582408199	12.033069515911986		197.56917164816397	32.56613903182397		450062.57301451755	74185.66471449501		504.11083626109735	-0.4219265577248166		3년	32.56613903182397	74185.66471449501	-0.4219265577248166	0.3087248322147651	3.0290139350054313	0.3941602924313911		185.87558603504556	0.24949743091952423	3년	0.3941602924313911	불리(<1)	3년	12.033069515911986	2.602130111563421	매우 불리	Y	통과	제외	배당감안점수<1	73409219.0	1년 점수 과열 가능; 배당감안점수<1; PER>연성장률의 2배; fs=2025:CFS,2024:CFS,2022:CFS,2020:CFS
"=""457190"""	이수스페셜티케미컬	직접추가	메인	52400.0		26.0	26339571000.0	550236000.0	1431768000.0							판정불가	일반	일반	842.7503651316791	842.7503651316791	1982.9711398026277	1982.9711398026277	N	N	-92.73743016759776												1년					-0.04676690865850335			-1474.6892904859199	-2.8142925390952667	1년	-0.04676690865850335	불리(<1)	1년	-92.73743016759776		판정불가	N	주당FCF<=0	제외	하드필터 미통과	30208280.0	주당FCF 음수; 배당감안점수<1; fs=2025:CFS,2024:OFS,2022:NA,2020:NA
"=""175330"""	JB금융지주	직접추가	메인	26450.0	1140.0	3619.0		3918901000000.0	14183144000000.0							판정불가	일반	일반	-54055.16269326126	-54055.16269326126	22.245140285510157	22.245140285510157	Y	Y	5.2340796743239215			18.968159348647845			68645.76868275655			159.5303163809321			1년	18.968159348647845	68645.76868275655	159.5303163809321	4.310018903591682	0.4290419595210354					1년	0.4290419595210354	불리(<1)	1년	5.2340796743239215	4.250057635659421	매우 불리	N	주당순현금<=0 / 주당FCF<=0	제외	하드필터 미통과	189884601.0	주당순현금 음수(린치식); 주당순현금 음수(보수형); 배당감안점수<1; PER>연성장률의 2배; fs=2025:CFS,2024:CFS,2022:NA,2020:NA
"=""035720"""	카카오	직접추가	메인	37400.0	75.0	1138.0	6373784263399.0	3754429416501.0	2787664614576.0	1144217904147.0						판정불가	일반	일반	16588.990645648104	14003.159539614913	18.287354441434005	20.559613761322574	N	N	803.1746031746031	-28.535770270641315	-8.670866917633225	1614.8492063492063			1837698.3968253967			4813.632077073253			3년				0.2005347593582888	43.9306374526071	-1.5494442130504864	-0.46317974452792054	1786.2097378837223	4.775961865999257	3년	-1.5494442130504864	불리(<1)	3년	-28.535770270641315		판정불가	Y	통과	보류	배당감안점수 또는 린치PER배수 미산출	442495220.0	단기위험부채 존재; 1년 점수 과열 가능; 배당감안점수<1; fs=2025:CFS,2024:CFS,2022:CFS,2020:CFS
"=""323410"""	카카오뱅크	직접추가	메인	22100.0	460.0	1008.0		5031536000000.0								판정불가	일반	일반	10548.040591320245	10548.040591320245	11.460277191150551	11.460277191150551	N	N	9.090909090909083			26.681818181818166			26895.27272727271			21.69806663924303			1년	26.681818181818166	26895.27272727271	21.69806663924303	2.0814479638009047	0.9748766865200355			12444.320071931525	56.309140596975226	1년	0.9748766865200355	불리(<1)	1년	9.090909090909083	1.2606304910265618	보통	Y	통과	제외	배당감안점수<1	477011437.0	배당감안점수<1; fs=2025:OFS,2024:OFS,2022:NA,2020:NA
"=""377300"""	카카오페이	직접추가	메인	42600.0		335.0	1631491473258.0	2303511051026.0	95911725899.0	38914909706.0						판정불가	일반	일반	28407.16665292835	28119.217661003742	42.366666707676565	43.226215937302264	N	N	-428.4313725490196	-6.283340638970736											3년					-10.112463543689422	-0.1483085908628312		721.2173895844579	1.6929985670996666	3년	-0.1483085908628312	불리(<1)	3년	-6.283340638970736		판정불가	Y	통과	보류	배당감안점수 또는 린치PER배수 미산출	135145150.0	단기위험부채 존재; 배당감안점수<1; fs=2025:CFS,2024:CFS,2022:CFS,2020:NA
"=""035250"""	강원랜드	직접추가	메인	14700.0	950.0		200357737326.0	3009244892731.0	0.0							판정불가	일반	일반	15002.314335326879	15002.314335326879			N	N													판정불가				6.462585034013606				808.0316694922186	5.4968140781783585	판정불가		판정불가	판정불가			판정불가	N	순현금차감PER<=0	제외	하드필터 미통과	213940500.0	EPS 미추출; fs=2025:CFS,2024:CFS,2022:CFS,2020:CFS
"=""105560"""	KB금융	금융/은행	보정필요	168500.0	4367.0	15410.0		89862530000000.0	80049270000000.0							판정불가	금융보정	보정양호	25725.386408830236	25725.386408830236	9.26506253025112	9.26506253025112	N	N	19.64285714285714			47.78571428571428			736377.857142857			337.0194997880457			1년	47.78571428571428	736377.857142857	337.0194997880457	2.5916913946587536	2.3998271425495976					1년	2.3998271425495976	안심(>=2)	1년	19.64285714285714	0.4716759106309662	매우 유망	N	주당FCF<=0	제외	하드필터 미통과	381462103.0	린치식 단독판정 비중 낮춤; fs=2025:CFS,2024:CFS,2022:NA,2020:NA
"=""002380"""	케이씨씨	직접추가	메인	388000.0	15000.0											판정불가	일반	일반	0.0	0.0			N	N													판정불가				3.865979381443299						판정불가		판정불가	판정불가			판정불가	N	주당순현금<=0 / 주당FCF<=0 / 순현금차감PER<=0	제외	하드필터 미통과	8886471.0	EPS 미추출; fs=2025:NA,2024:CFS,2022:CFS,2020:CFS
"=""015760"""	한국전력	유틸리티	메인	34800.0	1542.0	13311.0	2240811000000.0	4250164000000.0	83995702000000.0							판정불가	일반	일반	-120730.62929345189	-120730.62929345189	11.684368514270295	11.684368514270295	Y	Y	144.73248758963044			297.9649751792609			3966211.7846111413			11297.160300606729			1년	297.9649751792609	3966211.7846111413	11297.160300606729	4.431034482758621	12.766074768201072			7699.067871674695	22.12375825193878	1년	12.766074768201072	안심(>=2)	1년	144.73248758963044	0.08073079312641786	매우 유망	N	주당순현금<=0	제외	하드필터 미통과	641964077.0	주당순현금 음수(린치식); 주당순현금 음수(보수형); fs=2025:CFS,2024:CFS,2022:CFS,2020:CFS
"=""052690"""	한전기술	원전/유틸리티	메인	89000.0	1347.0	2244.0	27327763423.0	143766317133.0	10000000.0							판정불가	일반	일반	4476.297241130298	4476.297241130298	37.66653420626992	37.66653420626992	N	N	45.90377113133941	68.14874025084036	33.4594702358408	100.30754226267882	144.79748050168072	75.4189404716816	225090.12483745127	324925.5462457715	169240.1024184535	152.91025262634972	265.08488342221517	90.15741844770055	3년	144.79748050168072	324925.5462457715	265.08488342221517	1.5134831460674156	1.2588695848080924	1.849446063060187	0.9284887531831018	565.6546605965464	0.635567034378142	3년	1.849446063060187	양호(>=1.5)	3년	68.14874025084036	0.552710645385781	헐값	Y	통과	양호	배당감안점수>=1.5 & 린치PER배수<1	38220000.0	fs=2025:CFS,2024:CFS,2022:CFS,2020:CFS
"=""051600"""	한전KPS	원전/유틸리티	메인	44950.0	1651.0	2761.0	145552915316.0	253105895590.0								판정불가	일반	일반	8859.0846868	8859.0846868	13.071682474900397	13.071682474900397	N	N	-27.94885177453027	7.4435664015639835	7.368549852889328		23.38713280312797	23.237099705778654		64571.873669436325	64157.632287654866		43.6526666728283	42.73110631291406	3년	23.38713280312797	64571.873669436325	43.6526666728283	3.6729699666295885	-1.857135212281513	0.8504288862232539	0.8446900267597763	1565.3651230222222	3.4824585606723515	3년	0.8504288862232539	불리(<1)	3년	7.4435664015639835	1.7561047715183784	보통	Y	통과	제외	배당감안점수<1	45000000.0	배당감안점수<1; fs=2025:CFS,2024:CFS,2022:CFS,2020:CFS
"=""000270"""	기아	직접추가	메인	131900.0	6800.0	19382.0	13998106000000.0	7661873000000.0	978970000000.0	211292000000.0						판정불가	일반	일반	52972.13234688462	52430.93110337479	4.072225139465246	4.100148018606192	N	N	-22.138753866548832	12.82583771622907	39.189006811542605		34.15167543245814	86.87801362308521		661927.7732319037	1683869.6600426375		401.8406165518603	1176.6259742552218	3년	34.15167543245814	661927.7732319037	401.8406165518603	5.155420773313116	-4.170529013399765	4.415585551810487	10.889483283991247	10401.987179740363	7.886267763260321	3년	4.415585551810487	안심(>=2)	3년	12.82583771622907	0.31750168913430804	매우 유망	Y	통과	매우 유망	배당감안점수>=2 & 린치PER배수<=0.5	390412998.0	단기위험부채 존재; fs=2025:CFS,2024:CFS,2022:CFS,2020:CFS
"=""039490"""	키움증권	직접추가	메인	293500.0	11500.0	42059.0		62457765152889.0								판정불가	일반	일반	2288251.0791779323	2288251.0791779323	-47.42744904010871	-47.42744904010871	N	N	43.20394960844398			94.90789921688796			3991731.3331630905			1260.0447472446647			1년	94.90789921688796	3991731.3331630905	1260.0447472446647	3.9182282793867125	-0.9935634077215525			-250622.40952773768	-85.39094021387996	1년	-0.9935634077215525	불리(<1)	1년	43.20394960844398		판정불가	N	주당FCF<=0 / 순현금차감PER<=0	제외	하드필터 미통과	27294979.0	주당FCF 음수; 배당감안점수<1; fs=2025:CFS,2024:CFS,2022:NA,2020:NA
"=""161890"""	한국콜마	직접추가	메인	95200.0	864.0	5299.0	225316644282.0	284826044.0	476529423888.0	829915405830.0						판정불가	일반	일반	-10630.253549352963	-45788.59706291151	19.971740620749756	26.606642208513215	Y	Y	38.35509138381201		-5.429179724160593	85.21018276762402			451528.7584856397			374.29491437567196			5년				0.9075630252100839	1.965910490957905		-0.22640073215515075	4731.724715873624	4.970299071295823	5년	-0.22640073215515075	불리(<1)	5년	-5.429179724160593		판정불가	N	주당순현금<=0	제외	하드필터 미통과	23605077.0	주당순현금 음수(린치식); 주당순현금 음수(보수형); 단기위험부채 존재; 배당감안점수<1; fs=2025:CFS,2024:CFS,2022:CFS,2020:CFS
"=""120110"""	코오롱인더	직접추가	메인	48050.0	1300.0		263843934948.0	219536778414.0	1102334698976.0	1502712536405.0						판정불가	일반	일반	-22491.80343980112	-77097.98706719637			Y	Y													판정불가				2.705515088449532				6217.225588737651	12.939075106634029	판정불가		판정불가	판정불가			판정불가	N	주당순현금<=0 / 순현금차감PER<=0	제외	하드필터 미통과	27519091.0	주당순현금 음수(린치식); 주당순현금 음수(보수형); 단기위험부채 존재; EPS 미추출; fs=2025:CFS,2024:CFS,2022:CFS,2020:CFS
"=""047810"""	한국항공우주	우주항공/방산	메인	127300.0	500.0	1907.0	60938581663.0	200000.0	1487227060504.0	492840000000.0						판정불가	일반	일반	-14632.333554052933	-19688.393661788952	74.42702336342576	77.07833962338172	Y	Y	8.045325779036826	16.21391673368946	20.01192023737235	24.590651558073652	40.92783346737892	48.5238404747447	46894.372521246456	78049.3784222916	92534.96378533814	-63.16231538001065	-38.688626533942184	-27.30953355432981	3년	40.92783346737892	78049.3784222916	-38.688626533942184	0.3927729772191673	0.11337412642519526	0.22312715140868217	0.2741570506582775	-11214.27678311756	-8.809329758929742	3년	0.22312715140868217	불리(<1)	3년	16.21391673368946	4.590317354275075	매우 불리	N	주당순현금<=0 / 주당FCF<=0	제외	하드필터 미통과	97475107.0	주당순현금 음수(린치식); 주당순현금 음수(보수형); 단기위험부채 존재; 주당FCF 음수; 배당감안점수<1; PER>연성장률의 2배; fs=2025:CFS,2024:CFS,2022:CFS,2020:CFS
"=""071320"""	지역난방공사	유틸리티	메인	67100.0	6157.0	28102.0	13136000000.0	14472000000.0	3000419000000.0							판정불가	일반	일반	-256747.27759763927	-256747.27759763927	11.523993936290628	11.523993936290628	Y	Y	66.77744807121661		65.27173293436219	142.05489614243322		139.04346586872438	3992026.6913946583		3907399.4778428925	5849.369137696957		5723.248104087768	5년	139.04346586872438	3907399.4778428925	5723.248104087768	9.175856929955291	6.590883804787903		6.46022466480756	29663.925551856057	44.208532864167	5년	6.46022466480756	안심(>=2)	5년	65.27173293436219	0.17655412868966194	매우 유망	N	주당순현금<=0	제외	하드필터 미통과	11578744.0	주당순현금 음수(린치식); 주당순현금 음수(보수형); fs=2025:CFS,2024:CFS,2022:CFS,2020:CFS
"=""036460"""	한국가스공사	유틸리티	메인	34450.0	1154.0		1147352000000.0	151248000000.0	21802116000000.0							판정불가	일반	일반	-222108.6520858384	-222108.6520858384			Y	Y													판정불가				3.3497822931785195				46549.424241439454	135.12169591129015	판정불가		판정불가	판정불가			판정불가	N	주당순현금<=0 / 순현금차감PER<=0	제외	하드필터 미통과	92313000.0	주당순현금 음수(린치식); 주당순현금 음수(보수형); EPS 미추출; fs=2025:CFS,2024:CFS,2022:CFS,2020:CFS
"=""071050"""	한국금융지주	직접추가	메인	206500.0	8690.0	34592.0		111427682000000.0								판정불가	일반	일반	1999563.901886215	1999563.901886215	-51.8346410119743	-51.8346410119743	N	N													판정불가				4.208232445520581						판정불가		판정불가	판정불가			판정불가	N	주당FCF<=0 / 순현금차감PER<=0	제외	하드필터 미통과	55725992.0	fs=2025:CFS,2024:CFS,2022:NA,2020:NA
"=""006650"""	대한유화	직접추가	메인	85500.0	1300.0	5134.0	151455436829.0	90052666000.0								판정불가	일반	일반	37155.09274292308	37155.09274292308	9.416616138893051	9.416616138893051	N	N	-471.7595944967415		-24.26352631533887										5년				1.5204678362573099	-49.93716635833497		-2.4152050103377225	19148.828141846156	22.396290224381467	5년	-2.4152050103377225	불리(<1)	5년	-24.26352631533887		판정불가	Y	통과	보류	배당감안점수 또는 린치PER배수 미산출	6500000.0	배당감안점수<1; fs=2025:CFS,2024:CFS,2022:CFS,2020:CFS
"=""010130"""	고려아연	소재	메인	999000.0	20000.0	42566.0	3451069963536.0	1038402532013.0	2668945939951.0	3128688084125.0						판정불가	일반	일반	87219.33882994796	-62672.518151442666	21.420397997698917	24.94179669575348	N	Y	348.6298482293424	-0.31206428596768365	5.597910450753152	705.7596964586847	7.875871428064633	19.695820901506302	30041367.239460375	335244.3432069992	838372.3124935173	2907.143867813851	-66.44200768698707	-16.078847598246515	3년	7.875871428064633	335244.3432069992	-66.44200768698707	2.002002002002002	16.36906327646251	0.07889385230918024	0.3547979105510352	-75274.78704653852	-7.535013718372224	3년	0.07889385230918024	불리(<1)	3년	-0.31206428596768365		판정불가	N	주당FCF<=0	제외	하드필터 미통과	20872969.0	주당순현금 음수(보수형); 단기위험부채 존재; 주당FCF 음수; 1년 점수 과열 가능; 배당감안점수<1; fs=2025:CFS,2024:CFS,2022:CFS,2020:CFS
"=""003490"""	대한항공	직접추가	메인	25900.0	750.0	2133.0	1869988073408.0	3532702331766.0	5900725093281.0	2027009390000.0						판정불가	일반	일반	-1352.5441151358968	-6857.420958534969	12.77662640184524	15.357440674418644	Y	Y	-40.1850813236119	-23.620676172572395	-13.307685693628002										3년				2.8957528957528957	-2.918558252785224	-1.622096680687661	-0.81492034519937	-599.9903851348527	-2.3165651935708595	3년	-1.622096680687661	불리(<1)	3년	-23.620676172572395		판정불가	N	주당순현금<=0 / 주당FCF<=0	제외	하드필터 미통과	368220661.0	주당순현금 음수(린치식); 주당순현금 음수(보수형); 단기위험부채 존재; 주당FCF 음수; 1년 점수 과열 가능; 배당감안점수<1; fs=2025:CFS,2024:CFS,2022:CFS,2020:CFS
"=""259960"""	크래프톤	직접추가	메인	243000.0	2240.0	16454.0	596725775511.0	2771628277288.0	232600090556.0	253882981026.0						판정불가	일반	일반	66149.80047167496	60794.052303852826	10.748158473825518	11.073656721535624	N	N	-42.45444689259609	15.546458229987593			39.592916459975186			651461.8474324316			168.0912952396838		3년	39.592916459975186	651461.8474324316	168.0912952396838	0.9218106995884774	-3.8641629907253487	1.532194465654788		19894.79976593031	8.187160397502186	3년	1.532194465654788	양호(>=1.5)	3년	15.546458229987593	0.6913573699438097	헐값	Y	통과	양호	배당감안점수>=1.5 & 린치PER배수<1	47403831.0	단기위험부채 존재; fs=2025:CFS,2024:CFS,2022:CFS,2020:NA
"=""030200"""	KT	통신	보정필요	51900.0	2400.0	7119.0	3506971000000.0									판정불가	통신보정	보정양호	13915.354148989203	13915.354148989203	5.335671562159123	5.335671562159123	N	N	273.1132075471698	10.974077918572789	21.542256858726816	554.7264150943396	30.448155837145578	51.58451371745363	3949097.3490566034	216760.42140463938	367230.1531545524	7509.05076889519	317.65013758119335	607.5725494307368	3년	30.448155837145578	216760.42140463938	317.65013758119335	4.624277456647398	52.05295748965261	2.923409957585205	4.904075149780342	17845.761962904104	34.38489780906379	3년	2.923409957585205	안심(>=2)	3년	10.974077918572789	0.4862068231836505	매우 유망	Y	통과	매우 유망	배당감안점수>=2 & 린치PER배수<=0.5	252021685.0	린치식 단독판정 비중 낮춤; 1년 점수 과열 가능; fs=2025:CFS,2024:CFS,2022:CFS,2020:CFS
"=""033780"""	KT&G	필수소비재	메인	179100.0	6000.0	10228.0	913503000000.0		1062456000000.0	332978000000.0						판정불가	일반	일반	-1262.563450588038	-4084.9695293504915	17.63419666118381	17.910145632513736	Y	Y	-10.146710006149517	6.408926515670932	1.8767217197089403		21.317853031341862	12.25344343941788		218039.00080456457	125328.21949836609		21.741485653023208	-30.02332802994635	3년	21.317853031341862	218039.00080456457	21.741485653023208	3.350083752093802	-0.38542307226369826	0.5534139408372457	0.29640167750357044	-776.4757168675206	-0.43354311382887806	3년	0.5534139408372457	불리(<1)	3년	6.408926515670932	2.751505516261601	매우 불리	N	주당순현금<=0 / 주당FCF<=0	제외	하드필터 미통과	117976645.0	주당순현금 음수(린치식); 주당순현금 음수(보수형); 단기위험부채 존재; 주당FCF 음수; 배당감안점수<1; PER>연성장률의 2배; fs=2025:CFS,2024:CFS,2022:CFS,2020:CFS
"=""011780"""	금호석유	석유화학	watchlist	114400.0	1700.0	11391.0	650436032913.0	82275660739.0								판정불가	일반	일반	28146.856005717942	28146.856005717942	7.5720431914917095	7.5720431914917095	N	N	-15.138195634358931	-32.65223990875862	-11.416304781151009										3년				1.486013986013986	-1.8029719724373936	-4.115959871671679	-1.3114413829935818	19963.595148223274	17.45069505963573	3년	-4.115959871671679	불리(<1)	3년	-32.65223990875862		판정불가	Y	통과	보류	배당감안점수 또는 린치PER배수 미산출	26031742.0	린치식 단독판정 비중 낮춤; 1년 점수 과열 가능; 배당감안점수<1; fs=2025:CFS,2024:CFS,2022:CFS,2020:CFS
"=""073240"""	금호타이어	직접추가	메인	7290.0		1209.0	574762190002.0	23370402051.0	732635884134.0	995816495352.0						판정불가	일반	일반	-468.2279387996295	-3934.8278846250682	6.4170619841188	9.28439030986358	Y	Y	6.896551724137923			22.293103448275843			26952.362068965496			269.7169008088546			1년	22.293103448275843	26952.362068965496	269.7169008088546		1.074721070359891			2095.5020502990724	28.744884091893997	1년	1.074721070359891	보통(1~1.5)	1년	6.896551724137923	0.9304739876972271	헐값	N	주당순현금<=0	제외	하드필터 미통과	287260287.0	주당순현금 음수(린치식); 주당순현금 음수(보수형); 단기위험부채 존재; fs=2025:CFS,2024:CFS,2022:CFS,2020:CFS
"=""066970"""	엘앤에프	2차전지	메인	73300.0		-15508.0	382883140911.0	62183142824.0	390410933286.0	781033333338.0						판정불가	일반	일반	1358.2710122097233	-18051.629894608985			N	Y	37.65311556896857			83.80623113793715									1년	83.80623113793715							-4189.943890632833	-5.71615810454684	판정불가		판정불가	1년	37.65311556896857		판정불가	N	주당FCF<=0 / 순현금차감PER<=0	제외	하드필터 미통과	40238914.0	주당순현금 음수(보수형); 단기위험부채 존재; 주당FCF 음수; fs=2025:CFS,2024:CFS,2022:CFS,2020:CFS
"=""003550"""	LG	직접추가	메인	101100.0	3100.0	4780.0	1511450000000.0	1839426000000.0	159829000000.0	0.0						판정불가	일반	일반	20691.31243852798	20691.31243852798	16.82190116348787	16.82190116348787	N	N	28.77155172413792	-27.26466268691552	-10.530872700659177	66.04310344827584			315686.03448275855			212.25127050717956			3년				3.066271018793274	1.892641172570646	-1.4385051625820473	-0.44374304719301927	5491.624275551311	5.43187366523374	3년	-1.4385051625820473	불리(<1)	3년	-27.26466268691552		판정불가	Y	통과	보류	배당감안점수 또는 린치PER배수 미산출	154221585.0	1년 점수 과열 가능; 배당감안점수<1; fs=2025:CFS,2024:CFS,2022:CFS,2020:CFS
"=""051910"""	LG화학	석유화학	watchlist	258000.0	2000.0	-23244.0	9899926000000.0	245464000000.0	2407851000000.0							판정불가	일반	일반	109608.75742571683	109608.75742571683			N	N	163.35825968728756			335.2165193745751									1년	335.2165193745751			0.7751937984496124				-79651.86819199358	-30.87281712867968	판정불가		판정불가	1년	163.35825968728756		판정불가	N	주당FCF<=0 / 순현금차감PER<=0	제외	하드필터 미통과	70592343.0	린치식 단독판정 비중 낮춤; 주당FCF 음수; fs=2025:CFS,2024:CFS,2022:CFS,2020:CFS
"=""064400"""	LG씨엔에스	직접추가	메인	62500.0	1850.0	4549.0	1140987852000.0	602021775000.0	159828598000.0	0.0						판정불가	일반	일반	16340.667162589976	16340.667162589976	10.147138456234343	10.147138456234343	N	N	8.827751196172251			26.155502392344502			118981.38038277514			90.37020861244022			1년	26.155502392344502	118981.38038277514	90.37020861244022	2.96	1.161682305510469			3767.269821212876	6.027631713940602	1년	1.161682305510469	보통(1~1.5)	1년	8.827751196172251	1.14945904463576	보통	Y	통과	보류	중간구간(보류)	96885948.0	fs=2025:CFS,2024:CFS,2022:NA,2020:NA
"=""034220"""	LG디스플레이	직접추가	메인	9210.0		453.0	1572058000000.0	611000000.0	8934975000000.0							판정불가	일반	일반	-14724.612	-14724.612	52.8357880794702	52.8357880794702	Y	Y	-108.33026848105922												1년					-2.050319914186193			490.0	5.320304017372422	1년	-2.050319914186193	불리(<1)	1년	-108.33026848105922		판정불가	N	주당순현금<=0	제외	하드필터 미통과	500000000.0	주당순현금 음수(린치식); 주당순현금 음수(보수형); 배당감안점수<1; fs=2025:CFS,2024:CFS,2022:CFS,2020:CFS
"=""066570"""	LG전자	직접추가	메인	162100.0	1350.0	5380.0	8769841000000.0	226864000000.0								판정불가	일반	일반	55233.007286238106	55233.007286238106	19.863753292520798	19.863753292520798	N	N	157.90987535953977	-6.773782148657093	-13.211093618974335	324.31975071907954			1744840.258868648			976.39744532304			3년				0.8328192473781616	7.991576026404261	-0.29908561658968313	-0.6231588859018353	2290.6763841474362	1.4131254683204417	3년	-0.29908561658968313	불리(<1)	3년	-6.773782148657093		판정불가	Y	통과	보류	배당감안점수 또는 린치PER배수 미산출	162886387.0	1년 점수 과열 가능; 배당감안점수<1; fs=2025:CFS,2024:CFS,2022:CFS,2020:CFS
"=""373220"""	LG에너지솔루션	2차전지	메인	328000.0		-4585.0	3779307000000.0	46724000000.0	2407851000000.0							판정불가	일반	일반	6060.598290598291	6060.598290598291			N	N													판정불가								-28061.529914529914	-8.55534448613717	판정불가		판정불가	판정불가			판정불가	N	주당FCF<=0 / 순현금차감PER<=0	제외	하드필터 미통과	234000000.0	주당FCF 음수; fs=2025:CFS,2024:CFS,2022:CFS,2020:CFS
"=""051900"""	LG생활건강	직접추가	메인	287000.0	2000.0	-5930.0	1086333734803.0	100697817600.0	120239309804.0	55803511595.0						판정불가	일반	일반	69713.77885077163	66067.07660540048			N	N	-152.33430412143676												1년				0.6968641114982579				22989.9067608023	8.010420474147143	판정불가		판정불가	1년	-152.33430412143676		판정불가	N	순현금차감PER<=0	제외	하드필터 미통과	15302459.0	단기위험부채 존재; fs=2025:CFS,2024:CFS,2022:CFS,2020:CFS
"=""011070"""	LG이노텍	직접추가	메인	514000.0	1880.0	14421.0	1406403000000.0	72896000000.0								판정불가	일반	일반	62504.42861478592	62504.42861478592	31.30820133036642	31.30820133036642	N	N	-24.040031603897816	-29.57093933979966	0.6187699510769251			9.73753990215385			140425.0629289607			-72.67994884650571	3년				0.3657587548638132	-0.7561684109291796	-0.9328284393204406	0.031446351566221255	24374.504243378797	4.74212144812817	3년	-0.9328284393204406	불리(<1)	3년	-29.57093933979966		판정불가	Y	통과	보류	배당감안점수 또는 린치PER배수 미산출	23667107.0	1년 점수 과열 가능; 배당감안점수<1; fs=2025:CFS,2024:CFS,2022:CFS,2020:CFS
"=""032640"""	LG유플러스	통신	보정필요	14780.0	660.0	1221.0	794318000000.0	96103000000.0	6032435000000.0	0.0						판정불가	통신보정	보정주의	-11962.94739559469	-11962.94739559469	21.902495819487868	21.902495819487868	Y	Y	40.18369690011481	-7.505357255026945	16.093370483592317	88.86739380022962		40.68674096718463	108507.08783008037		49678.510720932434	634.148090866579		236.11982896436018	3년				4.465493910690121	2.0385435148024578	-0.13879072820696942	0.9386539581480058	2279.814694868141	15.424997935508397	3년	-0.13879072820696942	불리(<1)	3년	-7.505357255026945		판정불가	N	주당순현금<=0	제외	하드필터 미통과	429828355.0	린치식 단독판정 비중 낮춤; 주당순현금 음수(린치식); 주당순현금 음수(보수형); 1년 점수 과열 가능; 배당감안점수<1; fs=2025:CFS,2024:CFS,2022:CFS,2020:CFS
"=""079550"""	LIG넥스원	우주항공/방산	메인	699000.0	2950.0	11604.0	125190009682.0	74459447021.0	923361958512.0	603656788627.0						판정불가	일반	일반	-32896.0228095	-60334.96774709091	63.07273550581696	65.43734641046974	Y	Y	14.066647006782663	27.179527397785485	34.219216690902975	36.633294013565326	62.85905479557097	76.93843338180595	425092.74373341206	729416.4718478055	892793.5809624762	-39.18558744872502	4.351426587668894	27.7244035711697	3년	62.85905479557097	729416.4718478055	4.351426587668894	0.4220314735336195	0.22971381158789358	0.43761474193193217	0.5492269819380478	-39377.47379822727	-5.633401115626219	3년	0.43761474193193217	불리(<1)	3년	27.179527397785485	2.320597212111788	매우 불리	N	주당순현금<=0 / 주당FCF<=0	제외	하드필터 미통과	22000000.0	주당순현금 음수(린치식); 주당순현금 음수(보수형); 단기위험부채 존재; 주당FCF 음수; 배당감안점수<1; PER>연성장률의 2배; fs=2025:CFS,2024:CFS,2022:CFS,2020:CFS
"=""004990"""	롯데지주	직접추가	메인	22600.0	1250.0	-8978.0	1391291862106.0	1039362449959.0	5672138060606.0	3773429305995.0						판정불가	일반	일반	-30897.982305800204	-66866.49579327319			Y	Y	-37.605115018416846												1년				5.530973451327434				-1991.5043153635747	-8.81196599718396	판정불가		판정불가	1년	-37.605115018416846		판정불가	N	주당순현금<=0 / 주당FCF<=0 / 순현금차감PER<=0	제외	하드필터 미통과	104909237.0	주당순현금 음수(린치식); 주당순현금 음수(보수형); 단기위험부채 존재; 주당FCF 음수; fs=2025:CFS,2024:CFS,2022:CFS,2020:CFS
"=""011170"""	롯데케미칼	석유화학	watchlist	56500.0	1000.0		1870312010924.0	824440281077.0	9399387662619.0							판정불가	일반	일반	-156740.37864171478	-156740.37864171478			Y	Y													판정불가				1.7699115044247788				-26783.67225319289	-47.40472965166883	판정불가		판정불가	판정불가			판정불가	N	주당순현금<=0 / 주당FCF<=0 / 순현금차감PER<=0	제외	하드필터 미통과	42775419.0	린치식 단독판정 비중 낮춤; 주당순현금 음수(린치식); 주당순현금 음수(보수형); 주당FCF 음수; EPS 미추출; fs=2025:CFS,2024:CFS,2022:CFS,2020:CFS
"=""005300"""	롯데칠성음료	직접추가	메인	101000.0	3400.0	4697.0	213358325740.0	11845742299.0	168590223949.0	1587240348429.0						판정불가	일반	일반	5630.868480357551	-152237.61390908112	20.304264747635184	53.91475705962979	N	Y	-20.09186798230691	-28.321091651421646											3년				3.3663366336633667	-0.8237447431132194	-1.2290400725130781		12123.245426933277	12.003213293993344	3년	-1.2290400725130781	불리(<1)	3년	-28.321091651421646		판정불가	Y	통과	보류	배당감안점수 또는 린치PER배수 미산출	10054194.0	주당순현금 음수(보수형); 단기위험부채 존재; 1년 점수 과열 가능; 배당감안점수<1; fs=2025:CFS,2024:CFS,2022:CFS,2020:CFS
"=""004000"""	롯데정밀화학	직접추가	메인	44650.0	1500.0	4165.0	172038879703.0	562065025.0	45301437028.0	842860000.0						판정불가	일반	일반	4934.089445736434	4901.420453488372	9.535632786137711	9.543476481755492	N	N		-10.129293888244783	-11.804095268565707										3년				3.3594624860022395		-0.709950933941593	-0.8855870367449269	1136.2980498449613	2.5449004475811003	3년	-0.709950933941593	불리(<1)	3년	-10.129293888244783		판정불가	Y	통과	보류	배당감안점수 또는 린치PER배수 미산출	25800000.0	단기위험부채 존재; 배당감안점수<1; fs=2025:CFS,2024:CFS,2022:CFS,2020:CFS
"=""023530"""	롯데쇼핑	직접추가	메인	117300.0	4000.0	1824.0	571525104252.0		9833740433980.0							판정불가	일반	일반	-327416.85979916755	-327416.85979916755	243.81406787235062	243.81406787235062	Y	Y	-105.26042567918326												1년				3.410059676044331	-0.41773785611281017			36267.714863697605	30.9187679997422	1년	-0.41773785611281017	불리(<1)	1년	-105.26042567918326		판정불가	N	주당순현금<=0	제외	하드필터 미통과	28288755.0	주당순현금 음수(린치식); 주당순현금 음수(보수형); 배당감안점수<1; fs=2025:CFS,2024:CFS,2022:CFS,2020:CFS
"=""280360"""	롯데웰푸드	직접추가	메인	103000.0	3300.0	8176.0	465769787384.0	60447985569.0	1114724963974.0							판정불가	일반	일반	-63249.23537832038	-63249.23537832038	20.3338105893249	20.3338105893249	Y	Y	-14.575279490126425		5.046315298946524			18.59263059789305			152013.34776837355			47.585774532401516	5년	18.59263059789305	152013.34776837355	47.585774532401516	3.203883495145631	-0.5592358571959303		0.4057379583551077	-12931.762180407184	-12.555108913016683	5년	0.4057379583551077	불리(<1)	5년	5.046315298946524	4.029437200162625	매우 불리	N	주당순현금<=0 / 주당FCF<=0	제외	하드필터 미통과	9304574.0	주당순현금 음수(린치식); 주당순현금 음수(보수형); 주당FCF 음수; 배당감안점수<1; PER>연성장률의 2배; fs=2025:CFS,2024:CFS,2022:CFS,2020:CFS
"=""006260"""	LS	직접추가	메인	267000.0	2500.0	9903.0	2086611000000.0	856757000000.0	2796384000000.0	5804770000000.0						판정불가	일반	일반	4636.719242902208	-178479.05362776027	26.493313213884463	44.984252613123324	N	Y	14.129307364296405	-15.509731147342876	16.589235636822398	36.75861472859281		41.678471273644796	364020.5616572546		412741.90102290444	36.33728901020772		54.58498165651851	3년				0.9363295880149813	0.5686580923527479	-0.5500784836413118	0.6615090035493439	-31030.6309148265	-11.621959144129775	3년	-0.5500784836413118	불리(<1)	3년	-15.509731147342876		판정불가	N	주당FCF<=0	제외	하드필터 미통과	31700000.0	주당순현금 음수(보수형); 단기위험부채 존재; 주당FCF 음수; 1년 점수 과열 가능; 배당감안점수<1; fs=2025:CFS,2024:CFS,2022:CFS,2020:CFS
"=""010120"""	LS ELECTRIC	전력설비	메인	184800.0	3000.0	9647.0	762716704001.0	205184236697.0	773010797653.0	302192853551.0						판정불가	일반	일반	6496.3381015	-3576.7570168666666	18.48280936026744	19.52697802600463	N	Y	19.423124535776193	45.94979891928113	27.235637161019888	47.346249071552386	100.39959783856226	62.971274322039775	456749.26479326584	968554.9203486101	607483.8833847177	147.15869306994907	424.109805383447	228.72504512160052	3년	100.39959783856226	968554.9203486101	424.109805383447	1.6233766233766231	1.138706824753414	2.573914745067164	1.5613975787920442	3012.7272868333334	1.6302636833513708	3년	2.573914745067164	안심(>=2)	3년	45.94979891928113	0.4022391782983802	매우 유망	Y	통과	매우 유망	배당감안점수>=2 & 린치PER배수<=0.5	30000000.0	주당순현금 음수(보수형); 단기위험부채 존재; fs=2025:CFS,2024:CFS,2022:CFS,2020:CFS
"=""138040"""	메리츠금융지주	직접추가	메인	124000.0	1350.0	12903.0		57255930460341.0								판정불가	일반	일반	326762.6475868441	326762.6475868441	-15.714380189633737	-15.714380189633737	N	N	5.253283302063783			19.006566604127563			245241.72889305794			97.77558781698221			1년	19.006566604127563	245241.72889305794	97.77558781698221	1.0887096774193548	-0.4035789450777539					1년	-0.4035789450777539	불리(<1)	1년	5.253283302063783		판정불가	N	주당FCF<=0 / 순현금차감PER<=0	제외	하드필터 미통과	175221773.0	배당감안점수<1; fs=2025:CFS,2024:CFS,2022:NA,2020:NA
"=""006800"""	미래에셋증권	금융/증권	보정필요	34550.0	0.0	2680.0	1698057000000.0	128930885000000.0	9756730000000.0							판정불가	금융보정	보정주의	213146.27533903014	213146.27533903014	-66.64040124590677	-66.64040124590677	N	N	73.46278317152104			155.42556634304208			416540.51779935276			1105.6165493468966			1년	155.42556634304208	416540.51779935276	1105.6165493468966	0.0	-1.1023760631398256			-12193.31326010751	-35.29178946485531	1년	-1.1023760631398256	불리(<1)	1년	73.46278317152104		판정불가	N	주당FCF<=0 / 순현금차감PER<=0	제외	하드필터 미통과	567085734.0	린치식 단독판정 비중 낮춤; 주당FCF 음수; 배당감안점수<1; fs=2025:CFS,2024:CFS,2022:NA,2020:NA
"=""081660"""	미스토홀딩스	직접추가	메인	45150.0	1980.0	4061.0	625567094487.0	7474935386.0	1662319967352.0							판정불가	일반	일반	-19386.744506858304	-19386.744506858304	15.89183563330665	15.89183563330665	Y	Y	186.591390261115	-10.790250426997183	11.983680556282028	381.68278052223		32.467361112564056	1550013.7717007762		131849.95347812262	3333.0316095255284		192.0264750346016	3년				4.385382059800665	12.017288419511466	-0.4030288580239892	1.0300296953597894	5893.732083819284	13.053670174572057	3년	-0.4030288580239892	불리(<1)	3년	-10.790250426997183		판정불가	N	주당순현금<=0	제외	하드필터 미통과	53091840.0	주당순현금 음수(린치식); 주당순현금 음수(보수형); 1년 점수 과열 가능; 배당감안점수<1; fs=2025:CFS,2024:CFS,2022:CFS,2020:CFS
"=""002840"""	미원상사	직접추가	메인	123200.0	2400.0	9449.0	26488253934.0	2869800000.0		56542234.0						판정불가	일반	일반	6180.642933473684	6168.739305263158	12.384311256908276	12.385571033414843	N	N	-12.428174235403155	-13.799130124356108	-1.8410746860862304			4.817850627827539			45523.87058234242			-63.04880634550128	3년				1.948051948051948	-0.8462418353305788	-0.9569428553964464	0.008638127688049111	4071.338190526316	3.3046576221804513	3년	-0.9569428553964464	불리(<1)	3년	-13.799130124356108		판정불가	Y	통과	보류	배당감안점수 또는 린치PER배수 미산출	4750000.0	단기위험부채 존재; 1년 점수 과열 가능; 배당감안점수<1; fs=2025:CFS,2024:CFS,2022:CFS,2020:CFS
"=""268280"""	미원에스씨	직접추가	메인	123100.0	3200.0	12662.0	58959811112.0			34836825379.0						판정불가	일반	일반	11791.9622224	4824.5971466	8.790715351255725	9.34097321540041	N	N	13.418129702615555	-0.7008484463701614	13.343223272870098	35.33625940523111	7.098303107259677	35.186446545740196	447427.71658903634	89878.71394412204	445530.7861621624	263.466869690525	-26.98723481387324	261.92590265001	3년	7.098303107259677	89878.71394412204	-26.98723481387324	2.5995125913891144	1.8221090837296423	0.2159851694831337	1.8135879990678851	6279.6343486	5.1012464245329	3년	0.2159851694831337	불리(<1)	3년	-0.7008484463701614		판정불가	Y	통과	보류	배당감안점수 또는 린치PER배수 미산출	5000000.0	단기위험부채 존재; 1년 점수 과열 가능; 배당감안점수<1; fs=2025:CFS,2024:CFS,2022:CFS,2020:CFS
"=""035420"""	NAVER	직접추가	메인	208000.0	2630.0	13009.0	5984018799741.0	5235312755210.0	1256361590806.0	132159574017.0						판정불가	일반	일반	63518.0261625246	62675.45458896267	11.106309004341258	11.171077362674867	N	N	2.416942213824602		10.610774201816863	13.333884427649204		29.721548403633726	173460.5025192885		386647.62318287115	-16.60552763495745		85.88828037638037	5년	29.721548403633726	386647.62318287115	85.88828037638037	1.2644230769230769	0.3314661323855386		1.0692298651242405	11325.425174978569	5.444915949508927	5년	1.0692298651242405	보통(1~1.5)	5년	10.610774201816863	1.0467010976861184	보통	Y	통과	보류	중간구간(보류)	156852638.0	단기위험부채 존재; fs=2025:CFS,2024:CFS,2022:CFS,2020:CFS
"=""036570"""	NC	직접추가	메인	234500.0	1150.0	17876.0	503522487163.0	1499844872739.0	177813001472.0							판정불가	일반	일반	84736.00511687186	84736.00511687186	8.37793661239249	8.37793661239249	N	N	278.087986463621	-5.903415055311056	-8.909537463398499	564.675972927242			10094147.692047378			4204.540593623615			3년				0.49040511727078895	33.25143224034707	-0.6461029951018539	-1.0049171694226335	2177.512866910366	0.9285769155268085	3년	-0.6461029951018539	불리(<1)	3년	-5.903415055311056		판정불가	Y	통과	보류	배당감안점수 또는 린치PER배수 미산출	21544022.0	1년 점수 과열 가능; 배당감안점수<1; fs=2025:CFS,2024:CFS,2022:CFS,2020:CFS
"=""251270"""	넷마블	직접추가	메인	38300.0	876.0		688942929318.0	236601481356.0	377828444422.0	732523334222.0						판정불가	일반	일반	6372.235610039484	-2150.0853795346234			N	Y													판정불가				2.287206266318538				3193.167304922608	8.337251448884093	판정불가		판정불가	판정불가			판정불가	N	순현금차감PER<=0	제외	하드필터 미통과	85953502.0	주당순현금 음수(보수형); 단기위험부채 존재; EPS 미추출; fs=2025:CFS,2024:CFS,2022:CFS,2020:CFS
"=""005940"""	NH투자증권	직접추가	메인	28500.0	1300.0	2932.0	2630830000000.0	68236691000000.0	4707188000000.0							판정불가	일반	일반	185664.03388290948	185664.03388290948	-53.603012920501186	-53.603012920501186	N	N	45.43650793650793			99.37301587301586			291361.6825396825			922.321693121693			1년	99.37301587301586	291361.6825396825	922.321693121693	4.56140350877193	-0.9327444246358304			-15292.555387622808	-53.65808907937827	1년	-0.9327444246358304	불리(<1)	1년	45.43650793650793		판정불가	N	주당FCF<=0 / 순현금차감PER<=0	제외	하드필터 미통과	356344369.0	주당FCF 음수; 배당감안점수<1; fs=2025:CFS,2024:CFS,2022:NA,2020:NA
"=""004370"""	농심	필수소비재	메인	383000.0	6000.0	29342.0	253539960716.0	745596630000.0	125972160319.0	27652497602.0						판정불가	일반	일반	143550.1925638563	139004.05987973648	8.160650515852488	8.315586535350812	N	N	7.867068597897209	13.475331168715332	2.7004092516118794	24.234137195794418	35.450662337430664	13.900818503223759	711078.0535989997	1040193.3343048906	407877.8165215915	85.66006621383806	171.5909489046712	6.495513452112656	3년	35.450662337430664	1040193.3343048906	171.5909489046712	1.5665796344647518	1.1559921864116847	1.843224479955414	0.5228736211393666	33019.471789396775	8.6212720076754	3년	1.843224479955414	양호(>=1.5)	3년	13.475331168715332	0.6055992549406474	헐값	Y	통과	양호	배당감안점수>=1.5 & 린치PER배수<1	6082642.0	단기위험부채 존재; fs=2025:CFS,2024:CFS,2022:CFS,2020:CFS
"=""010060"""	OCI홀딩스	직접추가	메인	190300.0	1000.0	-4809.0	1034744959000.0									판정불가	일반	일반	55422.18002432964	55422.18002432964			N	N	-194.72129210163482												1년				0.5254860746190226				9707.740268037376	5.101282326871979	판정불가		판정불가	1년	-194.72129210163482		판정불가	N	순현금차감PER<=0	제외	하드필터 미통과	18670232.0	fs=2025:CFS,2024:CFS,2022:CFS,2020:CFS
"=""271560"""	오리온	필수소비재	메인	131800.0	3500.0	9682.0	311390944459.0	31192701875.0	22097727513.0							판정불가	일반	일반	8106.152590268567	8106.152590268567	12.775650424471332	12.775650424471332	N	N	-27.04393037450079	-0.8262042047842644	7.4207333275822185		6.847591590431471	23.34146665516444		66298.38177855751	225992.0801553021		-49.69773764904589	71.46591817549476	3년	6.847591590431471	66298.38177855751	-49.69773764904589	2.6555386949924125	-1.908974562484367	0.14318914727849152	0.7887091214764196	9890.016867456836	7.503806424474078	3년	0.14318914727849152	불리(<1)	3년	-0.8262042047842644		판정불가	Y	통과	보류	배당감안점수 또는 린치PER배수 미산출	39536132.0	배당감안점수<1; fs=2025:CFS,2024:CFS,2022:CFS,2020:CFS
"=""001800"""	오리온홀딩스	직접추가	메인	25500.0	1100.0	2011.0	353427526408.0	40225597539.0	23781543774.0							판정불가	일반	일반	5904.20765579646	5904.20765579646	9.744302508306086	9.744302508306086	N	N	-24.681647940074903	5.512222260013111	9.302936730683564		19.524444520026222	27.10587346136713		39263.65792977273	54509.911530809295		53.97512913636364	113.76435894435018	3년	19.524444520026222	39263.65792977273	53.97512913636364	4.313725490196078	-2.090239135383689	1.0083787671650697	1.3973973210779058	5198.228152968624	20.385208443014214	3년	1.0083787671650697	보통(1~1.5)	3년	5.512222260013111	1.7677629907983625	보통	Y	통과	보류	중간구간(보류)	62645422.0	fs=2025:CFS,2024:CFS,2022:CFS,2020:CFS
"=""007310"""	오뚜기	직접추가	메인	323500.0	9000.0	20279.0	412685029869.0	273077178893.0	186473980697.0	509239504017.0						판정불가	일반	일반	124578.19519914767	-2482.958596547259	9.809251185997944	16.074903032523657	N	Y	-49.363264083100276	-36.84393156790511	-8.312202484315046										3년				2.7820710973724885	-4.748700191531373	-3.4724220865251847	-0.5637669259439959	8412.798855490377	2.600556060429792	3년	-3.4724220865251847	불리(<1)	3년	-36.84393156790511		판정불가	Y	통과	보류	배당감안점수 또는 린치PER배수 미산출	4007830.0	주당순현금 음수(보수형); 단기위험부채 존재; 1년 점수 과열 가능; 배당감안점수<1; fs=2025:CFS,2024:CFS,2022:CFS,2020:CFS
"=""028670"""	팬오션	직접추가	메인	5470.0	150.0	564.0	839667000000.0									판정불가	일반	일반	1570.7349206252525	1570.7349206252525	6.913590566267283	6.913590566267283	N	N	12.350597609561742	-23.645583428215545	26.662075505745552	33.201195219123484		61.824151011491104	18725.474103585646		34868.82117048098	242.33042236902463		537.4555972665627	3년				2.742230347349177	2.183066499562714	-3.023516200519276	4.2531164626039475	898.78863125288	16.43123640316051	3년	-3.023516200519276	불리(<1)	3년	-23.645583428215545		판정불가	Y	통과	보류	배당감안점수 또는 린치PER배수 미산출	534569512.0	1년 점수 과열 가능; 배당감안점수<1; fs=2025:CFS,2024:CFS,2022:CFS,2020:CFS
"=""034230"""	파라다이스	직접추가	메인	9700.0	150.0	1087.0	341761126505.0	5000000000.0	796472209722.0	137240950000.0						판정불가	일반	일반	-4866.710272452332	-6351.912585875921	13.400837417159458	14.767168892250158	Y	Y	24.22857142857142	54.2810589168254		56.95714285714284	117.0621178336508		61912.414285714265	127246.52208517843		538.2723122238584	1211.8198153111177		3년	117.0621178336508	127246.52208517843	1211.8198153111177	1.5463917525773196	1.9233845153695026	4.165967314693109		1428.3554813839717	14.725314241071874	3년	4.165967314693109	안심(>=2)	3년	54.2810589168254	0.2468787028951203	매우 유망	N	주당순현금<=0	제외	하드필터 미통과	92405559.0	주당순현금 음수(린치식); 주당순현금 음수(보수형); 단기위험부채 존재; fs=2025:CFS,2024:CFS,2022:CFS,2020:CFS
"=""103140"""	풍산	직접추가	메인	71200.0	1700.0											판정불가	일반	일반	0.0	0.0			N	N													판정불가				2.387640449438202						판정불가		판정불가	판정불가			판정불가	N	주당순현금<=0 / 주당FCF<=0 / 순현금차감PER<=0	제외	하드필터 미통과	28024278.0	EPS 미추출; fs=2025:NA,2024:CFS,2022:CFS,2020:CFS
"=""005490"""	POSCO홀딩스	철강	watchlist	312500.0	10000.0	8697.0	7049800440769.0		16374578210992.0							판정불가	일반	일반	-115216.08368150219	-115216.08368150219	49.17972676572407	49.17972676572407	Y	Y	-39.817313680714136	-40.58072367872994	-15.48101970257214										3년				3.2	-0.7445611451878716	-0.7600840048745965	-0.2497171194357149	-20625.34356158169	-6.60010993970614	3년	-0.7600840048745965	불리(<1)	3년	-40.58072367872994		판정불가	N	주당순현금<=0 / 주당FCF<=0	제외	하드필터 미통과	80932952.0	린치식 단독판정 비중 낮춤; 주당순현금 음수(린치식); 주당순현금 음수(보수형); 주당FCF 음수; 1년 점수 과열 가능; 배당감안점수<1; fs=2025:CFS,2024:CFS,2022:CFS,2020:CFS
"=""022100"""	포스코DX	직접추가	메인	19260.0	125.0	343.0	246949912811.0	5459116668.0	1166279518.0							판정불가	일반	일반	1652.5352570003922	1652.5352570003922	51.3337164518939	51.3337164518939	N	N	-40.86206896551724		43.180492810132876			94.86098562026575			32537.318067751152			68.93726930296549	5년	94.86098562026575	32537.318067751152	68.93726930296549	0.6490134994807892	-0.7833653638485556		0.8538151791656734	902.5027073978604	4.685891523353377	5년	0.8538151791656734	불리(<1)	5년	43.180492810132876	1.1888172901965528	보통	Y	통과	제외	배당감안점수<1	152034729.0	배당감안점수<1; fs=2025:CFS,2024:CFS,2022:CFS,2020:CFS
"=""003670"""	포스코퓨처엠	2차전지	메인	137700.0	250.0	51.0	319841457995.0	455490703002.0	75416813902.0	2985898850806.0						판정불가	일반	일반	7868.972364368042	-25700.738083203534	2545.7064242280776	3203.936040847128	N	Y	-101.85319767441861	-67.79595834778358	-36.26680545246004										3년				0.18155410312273057	-0.03993847939560638	-0.026560173475291143	-0.014174946099795962	-17346.109652439416	-12.597029522468711	3년	-0.026560173475291143	불리(<1)	3년	-67.79595834778358		판정불가	N	주당FCF<=0	제외	하드필터 미통과	88946220.0	주당순현금 음수(보수형); 단기위험부채 존재; 주당FCF 음수; 1년 점수 과열 가능; 배당감안점수<1; fs=2025:CFS,2024:CFS,2022:CFS,2020:CFS
"=""047050"""	포스코인터내셔널	에너지/상사	watchlist	52200.0	1850.0	3603.0	1171465925000.0	32399478000.0	3152207468000.0	2325933168000.0						판정불가	일반	일반	-11074.984015146463	-24296.313636184528	17.561749657270735	21.2312832739896	Y	Y	19.344153693275913	-8.992163844445855	13.250872999134566	47.18830738655183		35.00174599826913	170019.47151374622		126111.29083176368	225.70779983476288		141.59251117196106	3년				3.5440613026819925	1.303299240829456	-0.3102254984888875	0.9563360501989217	5016.375456714567	9.609914668035568	3년	-0.3102254984888875	불리(<1)	3년	-8.992163844445855		판정불가	N	주당순현금<=0	제외	하드필터 미통과	175922788.0	린치식 단독판정 비중 낮춤; 주당순현금 음수(린치식); 주당순현금 음수(보수형); 단기위험부채 존재; 1년 점수 과열 가능; 배당감안점수<1; fs=2025:CFS,2024:CFS,2022:CFS,2020:CFS
"=""012750"""	에스원	직접추가	메인	71200.0	3200.0	5281.0	217937111676.0	27694386215.0	36737106943.0							판정불가	일반	일반	5497.339730559434	5497.339730559434	12.441329344715122	12.441329344715122	N	N	1.033097378993686	5.738563246263584	4.672200779142521	10.566194757987372	19.97712649252717	17.844401558285043	55800.07451693131	105499.20500703598	94236.2846293033	-21.629108824534683	48.173040740219086	32.354332344527116	3년	19.97712649252717	105499.20500703598	48.173040740219086	4.49438202247191	0.44428366521890855	0.8224961324637136	0.7367848360600027	4591.768535203577	6.449113111240978	3년	0.8224961324637136	불리(<1)	3년	5.738563246263584	2.168021647720926	매우 불리	Y	통과	제외	배당감안점수<1	37999178.0	배당감안점수<1; PER>연성장률의 2배; fs=2025:CFS,2024:CFS,2022:CFS,2020:CFS
"=""062040"""	산일전기	직접추가	메인	143200.0	1250.0	4901.0	108606384509.0	126933410833.0	741366607.0	520000000.0						판정불가	일반	일반	7712.165751415659	7695.085883324793	27.644936594283685	27.648421570429548	N	N	60.1110748121529			128.7221496243058			630867.2553087228			340.54975929380083			1년	128.7221496243058	630867.2553087228	340.54975929380083	0.8729050279329609	2.205972859879733			3251.520036754562	2.2706145508062585	1년	2.205972859879733	안심(>=2)	1년	60.1110748121529	0.4598975593212084	매우 유망	Y	통과	매우 유망	배당감안점수>=2 & 린치PER배수<=0.5	30445200.0	단기위험부채 존재; fs=2025:CFS,2024:OFS,2022:NA,2020:NA
"=""207940"""	삼성바이오로직스	헬스케어	메인	1485000.0		24091.0	148851266520.0	1307174500000.0	918724421281.0							판정불가	일반	일반	11607.049188490424	11607.049188490424	61.159476601698124	61.159476601698124	N	N	58.274751987385855	28.169383318294948	45.91602063406175	125.04950397477171	64.8387666365899	100.3320412681235	3012567.600256225	1562030.7270420871	2417099.2061903635	102.86650506775925	5.1872543462684995	62.7676233124824	3년	64.8387666365899	1562030.7270420871	5.1872543462684995		0.9528327452326142	0.46058901879995506	0.7507588878350027	16692.97982791496	1.1241063857181792	3년	0.46058901879995506	불리(<1)	3년	28.169383318294948	2.1711329605848118	매우 불리	Y	통과	제외	배당감안점수<1	46290951.0	배당감안점수<1; PER>연성장률의 2배; fs=2025:CFS,2024:CFS,2022:CFS,2020:CFS
"=""028260"""	삼성물산	직접추가	메인	351500.0	2800.0	14955.0	3458217651048.0	2068618122746.0	1611322967337.0	981336899188.0						판정불가	일반	일반	23035.606644979205	17262.240061011005	21.963516773990023	22.34956602734798	N	N	9.328167263688858	6.272963576271873	18.957826688295864	27.156334527377716	21.045927152543747	46.41565337659173	406122.9828569337	314741.84056629176	694146.0962469293	15.539966673380867	-10.457513352406323	97.48110846285327	3년	21.045927152543747	314741.84056629176	-10.457513352406323	0.7965860597439544	0.4609805172650177	0.3218769429669769	0.8994193849426562	6578.623290328812	1.8715855733510134	3년	0.3218769429669769	불리(<1)	3년	6.272963576271873	3.5012983109083042	매우 불리	Y	통과	제외	배당감안점수<1	169976544.0	단기위험부채 존재; 배당감안점수<1; PER>연성장률의 2배; fs=2025:CFS,2024:CFS,2022:CFS,2020:CFS
"=""029780"""	삼성카드	직접추가	메인	47000.0	2800.0	6053.0		29504306000000.0	18053189000000.0							판정불가	일반	일반	98836.75651616586	98836.75651616586	-8.563812409741592	-8.563812409741592	N	N	-2.8098908156711677			2.8802183686576646			17433.961785484844			-62.90646428620246			1년	2.8802183686576646	17433.961785484844	-62.90646428620246	5.957446808510639	-0.36754144559017105					1년	-0.36754144559017105	불리(<1)	1년	-2.8098908156711677		판정불가	N	주당FCF<=0 / 순현금차감PER<=0	제외	하드필터 미통과	115858891.0	배당감안점수<1; fs=2025:CFS,2024:CFS,2022:NA,2020:NA
"=""028050"""	삼성E&A	직접추가	메인	43800.0	790.0	3150.0	861796626374.0	2074000285556.0		0.0						판정불가	일반	일반	14978.555673112245	14978.555673112245	9.149664865678652	9.149664865678652	N	N	-18.4360435007768												1년				1.8036529680365299	-1.817814179744452			805.8218167704082	1.8397758373753612	1년	-1.817814179744452	불리(<1)	1년	-18.4360435007768		판정불가	Y	통과	보류	배당감안점수 또는 린치PER배수 미산출	196000000.0	배당감안점수<1; fs=2025:CFS,2024:CFS,2022:CFS,2020:CFS
"=""009150"""	삼성전기	직접추가	메인	1142000.0	2350.0	9395.0	2701205916236.0		249136193271.0	2003354614634.0						판정불가	일반	일반	32828.335646491505	6007.402663954398	118.0597833266108	120.91459258499688	N	N	4.528259902091669	-10.207342192334501	3.285033400534343	17.55651980418334		15.070066801068686	164943.50356030246		141583.2775960403	-85.556610896646		-87.60216483397195	3년				0.20577933450087565	0.04009866106136998	-0.08471608685037509	0.029568178398040358			3년	-0.08471608685037509	불리(<1)	3년	-10.207342192334501		판정불가	N	주당FCF<=0	제외	하드필터 미통과	74693696.0	단기위험부채 존재; 1년 점수 과열 가능; 배당감안점수<1; fs=2025:CFS,2024:CFS,2022:CFS,2020:CFS
"=""005930"""	삼성전자	반도체	메인	262500.0	1668.0	6605.0	57856378000000.0	67965021000000.0	6486651000000.0	17574980000000.0						판정불가	일반	일반	20159.129590764183	17190.201384077154	36.690517851511856	37.14001493049551	N	N	33.43434343434344	-6.409201466872028	11.451444833603809	75.36868686868688		31.402889667207617	497810.17676767684		207416.08625190632	89.64197210197213		-20.984348094511873	3년				0.6354285714285715	0.9285715765488478	-0.15736417018724483	0.3294277135566331	5602.031650745953	2.1341072955222677	3년	-0.15736417018724483	불리(<1)	3년	-6.409201466872028		판정불가	Y	통과	보류	배당감안점수 또는 린치PER배수 미산출	5919637922.0	단기위험부채 존재; 1년 점수 과열 가능; 배당감안점수<1; fs=2025:CFS,2024:CFS,2022:CFS,2020:CFS
"=""000810"""	삼성화재해상보험	직접추가	메인	632000.0	19500.0	47478.0		11734007737216.0								판정불가	일반	일반	255025.28109142228	255025.28109142228	7.939987339579967	7.939987339579967	N	N	-2.667131347506102			3.165737304987796			150302.87576621058			-76.2178994040806			1년	3.165737304987796	150302.87576621058	-76.2178994040806	3.0854430379746836	0.05268417600407794			72732.0784920961	11.508240267736724	1년	0.05268417600407794	불리(<1)	1년	-2.667131347506102		판정불가	Y	통과	보류	배당감안점수 또는 린치PER배수 미산출	46011155.0	배당감안점수<1; fs=2025:CFS,2024:CFS,2022:NA,2020:NA
"=""010140"""	삼성중공업	직접추가	메인	21350.0		639.0	772614649370.0	311797002761.0	592438711867.0	1454489650793.0						판정불가	일반	일반	559.0601593909091	-1093.7689892375	32.536682066680896	35.1232691537363	N	Y	752.0			1512.5			966487.5			4426.873536299766			1년	1512.5	966487.5	4426.873536299766		23.112375086643627			1530.2205002727273	7.167309134766872	1년	23.112375086643627	안심(>=2)	1년	752.0	0.04326686445037353	매우 유망	Y	통과	매우 유망	배당감안점수>=2 & 린치PER배수<=0.5	880000000.0	주당순현금 음수(보수형); 단기위험부채 존재; fs=2025:CFS,2024:CFS,2022:CFS,2020:CFS
"=""032830"""	삼성생명	직접추가	메인	311500.0	5300.0	12824.0	4537833000000.0	132160246000000.0								판정불가	일반	일반	683490.395	683490.395	-29.007360807860262	-29.007360807860262	N	N	9.307875894988072			27.115751789976144			347732.4009546541			11.631589391542253			1년	27.115751789976144	347732.4009546541	11.631589391542253	1.7014446227929372	-0.37953540795058344					1년	-0.37953540795058344	불리(<1)	1년	9.307875894988072		판정불가	N	주당FCF<=0 / 순현금차감PER<=0	제외	하드필터 미통과	200000000.0	배당감안점수<1; fs=2025:CFS,2024:CFS,2022:NA,2020:NA
"=""006400"""	삼성SDI	2차전지	메인	397000.0	1000.0		1803994237947.0		5493341323030.0	5390568184387.0						판정불가	일반	일반	-45781.75616742857	-112674.26384699586			Y	Y													판정불가				0.2518891687657431				-28996.751032548895	-7.303967514495943	판정불가		판정불가	판정불가			판정불가	N	주당순현금<=0 / 주당FCF<=0 / 순현금차감PER<=0	제외	하드필터 미통과	80585530.0	주당순현금 음수(린치식); 주당순현금 음수(보수형); 단기위험부채 존재; 주당FCF 음수; EPS 미추출; fs=2025:CFS,2024:CFS,2022:CFS,2020:CFS
"=""018260"""	삼성에스디에스	직접추가	메인	206000.0	3190.0	9819.0	1558981444019.0	4845117385939.0								판정불가	일반	일반	82764.03348192893	82764.03348192893	12.550765507492725	12.550765507492725	N	N	0.3269643404516298	-11.608687356751402	11.36201067352738	9.15392868090326		31.22402134705476	89882.42571778911		306588.6656067307	-56.367754505927614		48.82944932365567	3년				1.5485436893203883	0.14943375594519331	-0.8015561808899364	1.0286666861188865	10905.769354957107	5.294062793668498	3년	-0.8015561808899364	불리(<1)	3년	-11.608687356751402		판정불가	Y	통과	보류	배당감안점수 또는 린치PER배수 미산출	77377800.0	1년 점수 과열 가능; 배당감안점수<1; fs=2025:CFS,2024:CFS,2022:CFS,2020:CFS
"=""016360"""	삼성증권	직접추가	메인	99800.0	4000.0											판정불가	일반	일반	0.0	0.0			N	N													판정불가				4.008016032064128						판정불가		판정불가	판정불가			판정불가	N	주당순현금<=0 / 주당FCF<=0 / 순현금차감PER<=0	제외	하드필터 미통과	89300000.0	EPS 미추출; fs=2025:NA,2024:CFS,2022:NA,2020:NA
"=""003230"""	삼양식품	직접추가	메인	1168000.0	4800.0	52156.0	332840576772.0	3879418399.0	340183053989.0	92341086958.0						판정불가	일반	일반	-459.7174993014085	-12717.901899305922	22.403169673657896	22.638198901359495	Y	Y	43.018536799385764	69.73880446754251	42.35358590359803	94.53707359877153	147.97760893508502	93.20717180719606	4930675.610617528	7717920.171618294	4861313.252776118	322.1468844706788	560.7808366111553	316.20832643631144	3년	147.97760893508502	7717920.171618294	560.7808366111553	0.410958904109589	1.9385424623445424	3.131242783655548	1.90886135447124	-20189.147647522273	-1.728522915027592	3년	3.131242783655548	안심(>=2)	3년	69.73880446754251	0.3212439594384597	매우 유망	N	주당순현금<=0 / 주당FCF<=0	제외	하드필터 미통과	7533015.0	주당순현금 음수(린치식); 주당순현금 음수(보수형); 단기위험부채 존재; 주당FCF 음수; fs=2025:CFS,2024:CFS,2022:CFS,2020:CFS
"=""137310"""	에스디바이오센서	직접추가	메인	6350.0	200.0	-4279.0	366780003956.0	488796710916.0	899239816964.0							판정불가	일반	일반	-358.6318204794644	-358.6318204794644			Y	Y	431.55279503105584			871.6055900621117									1년	871.6055900621117			3.149606299212598				2464.3043924052927	38.80794318748492	판정불가		판정불가	1년	431.55279503105584		판정불가	N	주당순현금<=0 / 순현금차감PER<=0	제외	하드필터 미통과	121749102.0	주당순현금 음수(린치식); 주당순현금 음수(보수형); fs=2025:CFS,2024:CFS,2022:CFS,2020:NA
"=""001430"""	세아베스틸지주	철강	watchlist	33300.0	1200.0	1567.0	232872225511.0	13022996803.0	1004860666577.0	664568218048.0						판정불가	일반	일반	-21163.42997643279	-39694.63327894818	34.756496475068786	46.58240796359169	Y	Y	177.83687943262413	-15.225348963483798		364.17375886524826			570660.2801418441			1613.6945349604925			3년				3.6036036036036037	5.22033292873397	-0.3343762041210511		-2464.44276371399	-7.400729020162132	3년	-0.3343762041210511	불리(<1)	3년	-15.225348963483798		판정불가	N	주당순현금<=0 / 주당FCF<=0	제외	하드필터 미통과	35862119.0	린치식 단독판정 비중 낮춤; 주당순현금 음수(린치식); 주당순현금 음수(보수형); 단기위험부채 존재; 주당FCF 음수; 1년 점수 과열 가능; 배당감안점수<1; fs=2025:CFS,2024:CFS,2022:CFS,2020:CFS
"=""003030"""	세아제강지주	직접추가	메인	104600.0	1800.0	15656.0	657858846224.0	16603582224.0	0.0							판정불가	일반	일반	162848.45134399107	162848.45134399107	-3.720519375574289	-3.720519375574289	N	N	47.712048306444	-38.977007618002915	29.936065767104946	103.924096612888		68.3721315342099	1627035.6565713745		1070434.0912995902	1455.4834192842968		923.3595519116541	3년				1.7208413001912046	-13.286556154274798	10.013700388822986	-8.508733290069125	-147158.44666591173	-140.68685149704754	3년	10.013700388822986	안심(>=2)	3년	-38.977007618002915		판정불가	N	주당FCF<=0 / 순현금차감PER<=0	제외	하드필터 미통과	4141657.0	주당FCF 음수; fs=2025:CFS,2024:CFS,2022:CFS,2020:CFS
"=""004490"""	세방전지	직접추가	메인	51500.0	2650.0	10646.0	227178088991.0	123000000000.0	162095437595.0	251228623014.0						판정불가	일반	일반	13434.475099714286	-4510.426544142857	3.575570627492553	5.261171007340114	N	Y	-17.389617443935744	48.94307252053962	16.711840434713388		106.38614504107925	41.923680869426775		1132586.9001073297	446319.50653591746		2099.197864286077	766.6398185163447	3년	106.38614504107925	1132586.9001073297	2099.197864286077	5.145631067961165	-3.42434471349289	15.127292738287112	6.1130023092293335	11070.1328675	21.495403626213594	3년	15.127292738287112	안심(>=2)	3년	48.94307252053962	0.07305570417533587	매우 유망	Y	통과	매우 유망	배당감안점수>=2 & 린치PER배수<=0.5	14000000.0	주당순현금 음수(보수형); 단기위험부채 존재; fs=2025:CFS,2024:CFS,2022:CFS,2020:CFS
"=""055550"""	신한지주	직접추가	메인	100700.0	2590.0	9812.0		78053377000000.0	92991422000000.0							판정불가	일반	일반	-30768.6938706553	-30768.6938706553	13.398766191465072	13.398766191465072	Y	Y	16.242151403862092			40.984302807724184			402137.9791493897			299.342581081817			1년	40.984302807724184	402137.9791493897	299.342581081817	2.5719960278053624	1.4041701424457982					1년	1.4041701424457982	보통(1~1.5)	1년	16.242151403862092	0.8249378951287872	헐값	N	주당순현금<=0 / 주당FCF<=0	제외	하드필터 미통과	485494934.0	주당순현금 음수(린치식); 주당순현금 음수(보수형); fs=2025:CFS,2024:CFS,2022:NA,2020:NA
"=""004170"""	신세계	직접추가	메인	423000.0	5200.0	1590.0	845128179533.0	3188808721.0	2404267280398.0	2154639015848.0						판정불가	일반	일반	-161318.93140667863	-384709.14210858254	367.49618327464066	507.9931711374733	Y	Y	-86.49796195652173	-66.22887992742359											3년				1.2293144208037825	-0.23202594044900376	-0.17687140292840464		50780.68871201069	12.004890948465885	3년	-0.17687140292840464	불리(<1)	3년	-66.22887992742359		판정불가	N	주당순현금<=0	제외	하드필터 미통과	9645181.0	주당순현금 음수(린치식); 주당순현금 음수(보수형); 단기위험부채 존재; 1년 점수 과열 가능; 배당감안점수<1; fs=2025:CFS,2024:CFS,2022:CFS,2020:CFS
"=""034730"""	SK	직접추가	메인	557000.0	8000.0	29050.0	25214132000000.0	3449044000000.0	45546013000000.0	11714166000000.0						판정불가	일반	일반	-231053.85910201556	-391370.70990508975	27.127499452737197	32.646151803961786	Y	Y	-223.85418887230867	14.11831256779157	52.31072476454839		36.73662513558314	113.12144952909678		1067198.96018869	3286178.1088202614		91.59765892077021	489.9781164847866	3년	36.73662513558314	1067198.96018869	91.59765892077021	1.436265709156194	-8.198983601516955	0.5733878385675643	1.9812733041371953	-54497.63687223273	-9.784135883704261	3년	0.5733878385675643	불리(<1)	3년	14.11831256779157	1.9214406341040915	보통	N	주당순현금<=0 / 주당FCF<=0	제외	하드필터 미통과	73068838.0	주당순현금 음수(린치식); 주당순현금 음수(보수형); 단기위험부채 존재; 주당FCF 음수; 배당감안점수<1; fs=2025:CFS,2024:CFS,2022:CFS,2020:CFS
"=""326030"""	에스케이바이오팜	직접추가	메인	79000.0		3409.0	307770519305.0	1711367837.0	0.0	0.0						판정불가	일반	일반	3951.8457878072995	3951.8457878072995	22.014712294571048	22.014712294571048	N	N	10.897852960312292			30.295705920624584			103278.06148340921			30.731723396720522			1년	30.295705920624584	103278.06148340921	30.731723396720522		0.49502590878735964			1874.8221177897738	2.373192554164271	1년	0.49502590878735964	불리(<1)	1년	10.897852960312292	2.0200962863734753	매우 불리	Y	통과	제외	배당감안점수<1	78313250.0	배당감안점수<1; PER>연성장률의 2배; fs=2025:CFS,2024:CFS,2022:CFS,2020:CFS
"=""302440"""	SK바이오사이언스	헬스케어	메인	33850.0		-733.0	105552891515.0	800748039267.0	1496569133.0							판정불가	일반	일반	11535.766059068677	11535.766059068677			N	N	5.014326647564471			18.52865329512894									1년	18.52865329512894							-2012.819504379828	-5.946291002599197	판정불가		판정불가	1년	5.014326647564471		판정불가	N	주당FCF<=0 / 순현금차감PER<=0	제외	하드필터 미통과	78434701.0	주당FCF 음수; fs=2025:CFS,2024:CFS,2022:CFS,2020:OFS
"=""285130"""	SK케미칼	직접추가	메인	39350.0	1150.0	2306.0	567555999965.0	950748039267.0	341978345417.0	477883213809.0						판정불가	일반	일반	68000.55528903044	40375.277635757375	-12.424351816578682	-0.44461302504656325	N	N	92.16666666666666	-38.59552986089414	-34.69934418185778	192.83333333333331			444673.6666666666			1030.0474375264716			3년				2.9224904701397714	-7.653450138937817	2.8712193535242085	2.557626681926049	-13324.604357906223	-33.861764569012	3년	2.8712193535242085	안심(>=2)	3년	-38.59552986089414		판정불가	N	주당FCF<=0 / 순현금차감PER<=0	제외	하드필터 미통과	17298766.0	단기위험부채 존재; 주당FCF 음수; fs=2025:CFS,2024:CFS,2022:CFS,2020:CFS
"=""000660"""	SK하이닉스	반도체	메인	1718000.0	3000.0	62044.0	14923766000000.0	20018487000000.0								판정불가	일반	일반	47997.4443489617	47997.4443489617	26.916423113452364	26.916423113452364	N	N	115.94041486843936	167.48263503477668	54.92375157287208	240.38082973687872	343.46527006955336	118.34750314574416	14914188.200194903	21309959.216195367	7342752.485174551	768.1133993128581	1140.3934351685314	327.40119238501455	3년	343.46527006955336	21309959.216195367	1140.3934351685314	0.17462165308498254	4.313910359935308	6.228808931305195	2.0470169083655043	34057.28359137954	1.982379720103582	3년	6.228808931305195	안심(>=2)	3년	167.48263503477668	0.1607117245788696	매우 유망	Y	통과	매우 유망	배당감안점수>=2 & 린치PER배수<=0.5	728002365.0	fs=2025:CFS,2024:CFS,2022:CFS,2020:CFS
"=""361610"""	SK아이이테크놀로지	직접추가	메인	13260.0		-2800.0	408979015000.0	44693499000.0	1097240539000.0	169179804000.0						판정불가	일반	일반	-7868.820694217059	-9937.359669189884			Y	Y	-19.075144508670515												1년								-1892.9730116363094	-14.275814567392981	판정불가		판정불가	1년	-19.075144508670515		판정불가	N	주당순현금<=0 / 주당FCF<=0 / 순현금차감PER<=0	제외	하드필터 미통과	81787100.0	주당순현금 음수(린치식); 주당순현금 음수(보수형); 단기위험부채 존재; 주당FCF 음수; fs=2025:CFS,2024:CFS,2022:CFS,2020:NA
"=""096770"""	SK이노베이션	에너지	메인	110500.0	2000.0		16091551855000.0	253291655000.0	22764517807000.0	7201712771000.0						판정불가	일반	일반	-37974.37695614934	-80574.75554913652			Y	Y													판정불가				1.809954751131222				-19919.883669709132	-18.02704404498564	판정불가		판정불가	판정불가			판정불가	N	주당순현금<=0 / 주당FCF<=0 / 순현금차감PER<=0	제외	하드필터 미통과	169052788.0	주당순현금 음수(린치식); 주당순현금 음수(보수형); 단기위험부채 존재; 주당FCF 음수; EPS 미추출; fs=2025:CFS,2024:CFS,2022:CFS,2020:CFS
"=""402340"""	SK스퀘어	직접추가	메인	1038000.0		66713.0	1310718000000.0	317762000000.0	86661000000.0	0.0						판정불가	일반	일반	11672.743401201547	11672.743401201547	15.384216818293263	15.384216818293263	N	N	140.21676508713813			288.93353017427626			19275622.59851649			1756.9963967742283			1년	288.93353017427626	19275622.59851649	1756.9963967742283		9.114325853780699			2638.92507607574	0.2542317028974701	1년	9.114325853780699	안심(>=2)	1년	140.21676508713813	0.10971738514101859	매우 유망	Y	통과	매우 유망	배당감안점수>=2 & 린치PER배수<=0.5	132087115.0	fs=2025:CFS,2024:CFS,2022:NA,2020:NA
"=""017670"""	SK텔레콤	통신	보정필요	81400.0	1660.0	1825.0	1490024000000.0	186643000000.0	8712284000000.0	130000000000.0						판정불가	통신보정	보정주의	-32755.78594880276	-33361.02812917505	62.55111558838507	62.882755139273996	Y	Y	-68.42560553633218	-23.75836950489595	-38.33216341204368										3년				2.0393120393120396	-1.0613127019807655	-0.3472209450028874	-0.5802110966582145	7451.904674561442	9.15467404737278	3년	-0.3472209450028874	불리(<1)	3년	-23.75836950489595		판정불가	N	주당순현금<=0	제외	하드필터 미통과	214790053.0	린치식 단독판정 비중 낮춤; 주당순현금 음수(린치식); 주당순현금 음수(보수형); 단기위험부채 존재; 배당감안점수<1; fs=2025:CFS,2024:CFS,2022:CFS,2020:CFS
"=""011790"""	SKC	석유화학	watchlist	72200.0												판정불가	일반	일반	0.0	0.0			N	N													판정불가										판정불가		판정불가	판정불가			판정불가	N	주당순현금<=0 / 주당FCF<=0 / 순현금차감PER<=0	제외	하드필터 미통과	37868298.0	린치식 단독판정 비중 낮춤; EPS 미추출; fs=2025:NA,2024:CFS,2022:CFS,2020:CFS
"=""005850"""	에스엘	직접추가	메인	52900.0	2770.0	6749.0	477732627030.0	395471183250.0	5459184760.0							판정불가	일반	일반	18681.85736639187	18681.85736639187	5.070105590992464	5.070105590992464	N	N	-15.61640410102526	26.173083545484687	36.58097754545193		60.846167090969374	81.66195509090386		410650.7816969523	551136.5349085102		676.2774701265639	941.8460017174106	3년	60.846167090969374	410650.7816969523	676.2774701265639	5.236294896030246	-2.047316178865444	6.195014655575764	8.247810956003487	6628.339203100551	12.529941782798772	3년	6.195014655575764	안심(>=2)	3년	26.173083545484687	0.1937144923020408	매우 유망	Y	통과	매우 유망	배당감안점수>=2 & 린치PER배수<=0.5	46448520.0	fs=2025:CFS,2024:CFS,2022:CFS,2020:CFS
"=""010950"""	S-Oil	에너지	메인	127300.0	330.0	1519.0	1834658000000.0									판정불가	일반	일반	16296.078356273132	16296.078356273132	73.07697277401374	73.07697277401374	N	N	-191.56118143459918	-56.19807916164843											3년				0.2592301649646504	-2.6178143949835553	-0.7654784656949515		299.21979550835795	0.23505089984945637	3년	-0.7654784656949515	불리(<1)	3년	-56.19807916164843		판정불가	Y	통과	보류	배당감안점수 또는 린치PER배수 미산출	112582792.0	배당감안점수<1; fs=2025:CFS,2024:CFS,2022:CFS,2020:CFS
"=""003240"""	태광산업	직접추가	메인	857000.0	1750.0											판정불가	일반	일반	0.0	0.0			N	N													판정불가				0.20420070011668612						판정불가		판정불가	판정불가			판정불가	N	주당순현금<=0 / 주당FCF<=0 / 순현금차감PER<=0	제외	하드필터 미통과	1113400.0	EPS 미추출; fs=2025:NA,2024:CFS,2022:CFS,2020:CFS
"=""001440"""	대한전선	직접추가	메인	23200.0		453.0	438856642626.0	245247440000.0	6781981976.0	210000000000.0						판정불가	일반	일반	3632.780419185475	2506.4567877893646	43.1947452115111	45.681110843732085	N	N	10.757946210268955	193.05011690585698	172.76923736437072	30.01589242053791	394.60023381171396	354.03847472874145	13597.199266503672	178753.90591670643	160379.42905211987	-41.39138247196693	670.490973778907	591.2906424660339	3년	394.60023381171396	178753.90591670643	670.490973778907		0.2490568275745272	4.469296345204751	3.999774429004594	-1780.5372383992687	-7.674729475858917	3년	4.469296345204751	안심(>=2)	3년	193.05011690585698	0.22374886844837027	매우 유망	N	주당FCF<=0	제외	하드필터 미통과	186447300.0	단기위험부채 존재; 주당FCF 음수; fs=2025:CFS,2024:CFS,2022:CFS,2020:CFS
"=""069260"""	티케이지휴켐스	직접추가	메인	14890.0	1000.0											판정불가	일반	일반	0.0	0.0			N	N													판정불가				6.715916722632639						판정불가		판정불가	판정불가			판정불가	N	주당순현금<=0 / 주당FCF<=0 / 순현금차감PER<=0	제외	하드필터 미통과	40878588.0	EPS 미추출; fs=2025:NA,2024:CFS,2022:OFS,2020:CFS
"=""316140"""	우리금융지주	금융/은행	보정필요	33600.0	1360.0	4052.0	38499679000000.0	34245475000000.0	55583392000000.0							판정불가	금융보정	보정양호	23378.716262091115	23378.716262091115	2.522528069572775	2.522528069572775	N	N	2.5822784810126675			13.664556962025335			55368.78481012666			64.78805003013886			1년	13.664556962025335	55368.78481012666	64.78805003013886	4.0476190476190474	2.6282750263923047			17894.539902880944	53.25755923476472	1년	2.6282750263923047	안심(>=2)	1년	2.5822784810126675	0.976861360275728	헐값	Y	통과	양호	배당감안점수>=1.5 & 린치PER배수<1	734076320.0	린치식 단독판정 비중 낮춤; fs=2025:CFS,2024:CFS,2022:NA,2020:NA
"=""008730"""	율촌화학	직접추가	메인	13560.0	250.0	168.0	23775188232.0	161779800.0	131712944797.0	113904302896.0						판정불가	일반	일반	-4345.805514717742	-8938.72095407258	106.58217568284371	133.92095805995584	Y	Y	-82.87461773700306		-27.064834063200415										5년				1.8436578171091444	-0.7602674593641016		-0.23663596736045112	-316.2289210887097	-2.3320716894447617	5년	-0.23663596736045112	불리(<1)	5년	-27.064834063200415		판정불가	N	주당순현금<=0 / 주당FCF<=0	제외	하드필터 미통과	24800000.0	주당순현금 음수(린치식); 주당순현금 음수(보수형); 단기위험부채 존재; 주당FCF 음수; 배당감안점수<1; fs=2025:CFS,2024:CFS,2022:CFS,2020:CFS
"=""000670"""	영풍	직접추가	메인	33650.0	5.0	-464.0	137031350994.0	333746815114.0	234811309711.0	423217185895.0						판정불가	일반	일반	13052.744166069715	-10357.940446676752			N	Y	-99.68345363005008												1년				0.014858841010401188				-6139.559379575671	-18.24534733900645	판정불가		판정불가	1년	-99.68345363005008		판정불가	N	주당FCF<=0 / 순현금차감PER<=0	제외	하드필터 미통과	18077950.0	주당순현금 음수(보수형); 단기위험부채 존재; 주당FCF 음수; fs=2025:CFS,2024:CFS,2022:CFS,2020:CFS
"=""111770"""	영원무역	직접추가	메인	89400.0	2100.0	11558.0	1090560747187.0	439263571966.0	252626536541.0	76448105310.0						판정불가	일반	일반	28823.18822323828	27097.94397472907	5.241115398577757	5.390383805612643	N	N	17.387771683932552	-9.077711442871605	27.98342129695397	43.275543367865104		64.46684259390794	500178.73024578486		745107.7667003879	459.48403830624704		733.453877740926	3년				2.348993288590604	3.765756613158904	-1.2838332382658324	5.787396818962555	3279.956119440683	3.6688547197323076	3년	-1.2838332382658324	불리(<1)	3년	-9.077711442871605		판정불가	Y	통과	보류	배당감안점수 또는 린치PER배수 미산출	44311468.0	단기위험부채 존재; 1년 점수 과열 가능; 배당감안점수<1; fs=2025:CFS,2024:CFS,2022:CFS,2020:CFS
"=""009970"""	영원무역홀딩스	직접추가	메인	192000.0	6576.0	31684.0	1464189666693.0	805803639244.0	195931585244.0	78827842676.0						판정불가	일반	일반	153642.88520106729	147803.45570768186	1.2106146572065621	1.394916812659959	N	N	10.101817423636938	-5.869320927784449	28.52060357499411	28.703634847273875		65.54120714998822	909445.9665010255		2076607.6073402269	373.6697742192841		981.5664621563682	3년				3.4250000000000003	11.173512019794515	-2.0190742886135276	26.387920701957405	20832.48592605641	10.850253086487713	3년	-2.0190742886135276	불리(<1)	3년	-5.869320927784449		판정불가	Y	통과	보류	배당감안점수 또는 린치PER배수 미산출	13499237.0	단기위험부채 존재; 1년 점수 과열 가능; 배당감안점수<1; fs=2025:CFS,2024:CFS,2022:CFS,2020:CFS
"=""000100"""	유한양행	헬스케어	메인	73500.0	600.0	2599.0	348564938250.0	29513907780.0	105262499518.0	199841800000.0						판정불가	일반	일반	3411.5503159327723	912.5418633854255	26.96746813546257	27.928995050640467	N	N	175.60975609756096	25.052899606383704	-2.455406441809782	359.7195121951219	58.60579921276741	3.589187116380436	934911.0121951218	152316.4721539825	9328.297315472753	1171.9877716940432	107.23329544759524	-87.30843902656768	3년	58.60579921276741	152316.4721539825	107.23329544759524	0.8163265306122449	6.542181926087849	0.9592753018952335	-0.06077989609421753	-353.25969258346265	-0.4806254320863438	3년	0.9592753018952335	불리(<1)	3년	25.052899606383704	1.0764210354553538	보통	N	주당FCF<=0	제외	하드필터 미통과	79968437.0	단기위험부채 존재; 주당FCF 음수; 1년 점수 과열 가능; 배당감안점수<1; fs=2025:CFS,2024:CFS,2022:CFS,2020:CFS
"=""000990"""	DB하이텍	직접추가	메인	83100.0	810.0	6285.0	323054472680.0	132808839381.0	102572732928.0	231678525383.0						판정불가	일반	일반	8120.7660013468	2795.384563807385	11.92987016685015	12.777186226920067	N	N	13.858695652173903	-21.22701789143928	10.459461040450746	36.21739130434781		29.418922080901492	227626.30434782596		184897.92527846587	173.9185371213309		122.50051176710697	3년				0.9747292418772563	1.2433852746586627	-1.6976118236255078	0.9584505214566788	4658.664548185125	5.606094522485107	3년	-1.6976118236255078	불리(<1)	3년	-21.22701789143928		판정불가	Y	통과	보류	배당감안점수 또는 린치PER배수 미산출	43504588.0	단기위험부채 존재; 1년 점수 과열 가능; 배당감안점수<1; fs=2025:CFS,2024:CFS,2022:CFS,2020:CFS
